year,gid,name,pixels,area_km2,sum_of_lights,mean_dn,density_sol_per_km2
1992,SVN.1.1_1,Bled,187,187.7102,877.0,4.689839572192513,4.672096668496865
1992,SVN.1.2_1,Bohinj,331,330.4201,247.0,0.7462235649546828,0.7475331338317391
1992,SVN.1.3_1,Cerklje na Gorenjskem,74,77.1957,684.0,9.243243243243244,8.860595789696502
1992,SVN.1.4_1,Gorenja Vas-Poljane,152,151.5701,52.0,0.34210526315789475,0.3430755107807032
1992,SVN.1.5_1,Jesenice,75,74.7956,986.0,13.146666666666667,13.182585807037597
1992,SVN.1.6_1,Jezersko,73,70.5865,0.0,0.0,0.0
1992,SVN.1.7_1,Kranj,146,145.7396,2074.0,14.205479452054794,14.230860155770808
1992,SVN.1.8_1,Kranjska Gora,244,249.6461,1028.0,4.213114754098361,4.117829963066417
1992,SVN.1.9_1,Naklo,28,27.6347,352.0,12.571428571428571,12.737604906121941
1992,SVN.1.10_1,Preddvor,88,86.0439,226.0,2.5681818181818183,2.6265670219878854
1992,SVN.1.11_1,Radovljica,117,116.9011,762.0,6.512820512820513,6.51833266882137
1992,SVN.1.12_1,Šenčur,46,42.6248,739.0,16.065217391304348,17.3373173578544
1992,SVN.1.13_1,Škofja Loka,145,144.4252,670.0,4.620689655172414,4.6390802556776825
1992,SVN.1.14_1,Tržič,157,156.9897,670.0,4.267515923566879,4.267796854894795
1992,SVN.1.15_1,Železniki,163,163.136,145.0,0.8895705521472392,0.888828857323499
1992,SVN.1.16_1,Žiri,51,49.568,58.0,1.1372549019607843,1.1701097413153219
1992,SVN.1.17_1,Žirovnica,42,42.0999,238.0,5.666666666666667,5.653226407465623
1992,SVN.2.1_1,Ajdovščina,241,240.3435,726.0,3.012448132780083,3.020677053809953
1992,SVN.2.2_1,Bovec,383,382.1081,111.0,0.2898172323759791,0.2904936950599056
1992,SVN.2.3_1,Brda,62,61.2313,555.0,8.951612903225806,9.063996484211902
1992,SVN.2.4_1,Cerkno,130,131.479,88.0,0.676923076923077,0.6693081851625862
1992,SVN.2.5_1,Idrija,292,295.2119,343.0,1.1746575342465753,1.161877175803879
1992,SVN.2.6_1,Kanal,129,132.6271,501.0,3.883720930232558,3.777509104474508
1992,SVN.2.7_1,Kobarid,188,190.1235,79.0,0.42021276595744683,0.41551940668381654
1992,SVN.2.8_1,Miren-Kostanjevica,49,46.6248,455.0,9.285714285714286,9.75876231560985
1992,SVN.2.9_1,Nova Gorica,295,297.6162,1498.0,5.077966101694916,5.03332863794636
1992,SVN.2.10_1,Šempeter-Vrtojba,7,7.7338,173.0,24.714285714285715,22.36930186068564
1992,SVN.2.11_1,Tolmin,385,384.2645,264.0,0.6857142857142857,0.6870267663694233
1992,SVN.2.12_1,Vipava,112,108.4008,335.0,2.9910714285714284,3.0903818658412083
1992,SVN.3.1_1,Crnomelj,335,330.8646,218.0,0.6507462686567164,0.6588797733506301
1992,SVN.3.2_1,Dolenjske Toplice,112,111.0355,74.0,0.6607142857142857,0.6664532398908548
1992,SVN.3.3_1,Kocevje,543,545.407,818.0,1.5064456721915285,1.4997973106528089
1992,SVN.3.4_1,Kostel,37,35.6858,0.0,0.0,0.0
1992,SVN.3.5_1,Loški Potok,124,123.4977,30.0,0.24193548387096775,0.24291952819730048
1992,SVN.3.6_1,Metlika,111,113.0004,238.0,2.144144144144144,2.106186867744116
1992,SVN.3.7_1,Mirna Pec,50,48.1712,18.0,0.36,0.37366729466536625
1992,SVN.3.8_1,Novo Mesto,296,300.285,1944.0,6.5675675675675675,6.473849874012471
1992,SVN.3.9_1,Osilnica,32,31.0875,0.0,0.0,0.0
1992,SVN.3.10_1,Ribnica,160,155.756,496.0,3.1,3.1844675621285825
1992,SVN.3.11_1,Semic,149,148.9731,0.0,0.0,0.0
1992,SVN.3.12_1,Šentjernej,100,100.1929,125.0,1.25,1.2475929474778011
1992,SVN.3.13_1,Škocjan,63,61.2852,205.0,3.253968253968254,3.345018175580922
1992,SVN.3.14_1,Sodražica,50,49.9829,48.0,0.96,0.960327807300696
1992,SVN.3.15_1,Trebnje,311,317.9015,501.0,1.6109324758842443,1.575959743634997
1992,SVN.3.16_1,Žužemberk,168,162.6138,46.0,0.27380952380952384,0.2828787997164944
1992,SVN.4.1_1,Črna na Koroškem,155,152.0071,136.0,0.8774193548387097,0.894694935330912
1992,SVN.4.2_1,Dravograd,100,101.2156,357.0,3.57,3.527124150326662
1992,SVN.4.3_1,Mežica,26,25.1048,166.0,6.384615384615385,6.612271502292575
1992,SVN.4.4_1,Mislinja,113,113.4849,278.0,2.4601769911504423,2.4496652208907
1992,SVN.4.5_1,Muta,38,37.5131,115.0,3.026315789473684,3.065596757751286
1992,SVN.4.6_1,Podvelka,109,106.5864,59.0,0.5412844036697247,0.5535416027932788
1992,SVN.4.7_1,Prevalje,49,53.1459,237.0,4.836734693877551,4.459419534287602
1992,SVN.4.8_1,Radlje ob Dravi,92,93.2679,220.0,2.391304347826087,2.358796576087972
1992,SVN.4.9_1,Ravne na Koroškem,65,64.9398,396.0,6.092307692307692,6.097951061264539
1992,SVN.4.10_1,Ribnica na Pohorju,60,59.5312,0.0,0.0,0.0
1992,SVN.4.11_1,Slovenj Gradec,181,175.7583,986.0,5.447513812154696,5.609976140837531
1992,SVN.4.12_1,Vuzenica,49,49.955,52.0,1.0612244897959184,1.0409364734575144
1992,SVN.5.1_1,Bloke,74,75.5663,0.0,0.0,0.0
1992,SVN.5.2_1,Cerknica,245,243.7275,214.0,0.8734693877551021,0.8780298220958161
1992,SVN.5.3_1,Ilirska Bistrica,474,469.8196,1019.0,2.149789029535865,2.1689175967034653
1992,SVN.5.4_1,Loška Dolina,166,166.6122,45.0,0.2710843373493976,0.2700882596933468
1992,SVN.5.5_1,Pivka,225,224.9807,404.0,1.7955555555555556,1.7957099752091599
1992,SVN.5.6_1,Postojna,272,271.1278,1054.0,3.875,3.8874658864320515
1992,SVN.6.1_1,Divaca,144,147.4596,267.0,1.8541666666666667,1.8106659066208923
1992,SVN.6.2_1,Hrpelje-Kozina,187,185.866,473.0,2.5294117647058822,2.544844239936366
1992,SVN.6.3_1,Izola,26,24.2792,620.0,23.846153846153847,25.536231859756228
1992,SVN.6.4_1,Komen,94,90.9951,566.0,6.0212765957446805,6.220114560904124
1992,SVN.6.5_1,Koper,290,291.0771,3391.0,11.693103448275862,11.64983285882269
1992,SVN.6.6_1,Piran,28,27.7566,502.0,17.928571428571427,18.08575912665178
1992,SVN.6.7_1,Sežana,177,177.7348,1154.0,6.519774011299435,6.4928209360714275
1992,SVN.7.1_1,Borovnica,40,42.2423,79.0,1.975,1.8701631050287806
1992,SVN.7.2_1,Brezovica,88,89.8349,434.0,4.931818181818182,4.831082596757075
1992,SVN.7.3_1,Dobrepolje,93,95.3671,92.0,0.989247311827957,0.9646937611176382
1992,SVN.7.4_1,Dobrova-Polhov Gradec,111,117.3249,603.0,5.4324324324324325,5.139573648748491
1992,SVN.7.5_1,Dol pri Ljubljani,36,33.5133,425.0,11.805555555555555,12.681540857604244
1992,SVN.7.6_1,Domžale,73,71.6483,1402.0,19.205479452054796,19.56781685803805
1992,SVN.7.7_1,Grosuplje,136,134.7405,848.0,6.235294117647059,6.293578646167943
1992,SVN.7.8_1,Horjul,33,32.6953,274.0,8.303030303030303,8.38040981477126
1992,SVN.7.9_1,Ig,103,99.6528,453.0,4.398058252427185,4.545780762023293
1992,SVN.7.10_1,Ivancna Gorica,231,229.5426,391.0,1.6926406926406927,1.703387624727171
1992,SVN.7.11_1,Kamnik,262,264.6744,899.0,3.431297709923664,3.396625630542031
1992,SVN.7.12_1,Komenda,25,24.2478,350.0,14.0,14.434311914926806
1992,SVN.7.13_1,Litija,320,319.2343,498.0,1.55625,1.5599828996025753
1992,SVN.7.14_1,Ljubljana,275,276.4294,7866.0,28.603636363636365,28.455727369546274
1992,SVN.7.15_1,Logatec,173,172.2888,320.0,1.8497109826589595,1.8573467162116613
1992,SVN.7.16_1,Lukovica,75,75.1131,259.0,3.453333333333333,3.4481337360897837
1992,SVN.7.17_1,Medvode,75,76.3493,1008.0,13.44,13.20247090759178
1992,SVN.7.18_1,Mengeš,22,21.4582,523.0,23.772727272727273,24.37295572910343
1992,SVN.7.19_1,Moravce,60,61.357,234.0,3.9,3.8137433148984337
1992,SVN.7.20_1,Škofljica,39,41.8098,480.0,12.307692307692308,11.48056828740141
1992,SVN.7.21_1,Trzin,8,8.5875,223.0,27.875,25.967968465400524
1992,SVN.7.22_1,Velike Lašče,103,102.246,349.0,3.3883495145631066,3.413337077013421
1992,SVN.7.23_1,Vodice,34,32.1413,444.0,13.058823529411764,13.813999409392059
1992,SVN.7.24_1,Vrhnika,128,123.5543,625.0,4.8828125,5.0585059012971705
1992,SVN.8.1_1,Benedikt,24,23.6001,128.0,5.333333333333333,5.423707382118427
1992,SVN.8.2_1,Cerkvenjak,21,23.3141,101.0,4.809523809523809,4.332145374844945
1992,SVN.8.3_1,Destrnik,35,34.9829,266.0,7.6,7.603714565078827
1992,SVN.8.4_1,Dornava,25,27.7855,63.0,2.52,2.2673672909530134
1992,SVN.8.5_1,Duplek,35,36.6236,395.0,11.285714285714286,10.785402986576802
1992,SVN.8.6_1,Gorišnica,62,58.8136,283.0,4.564516129032258,4.811815135178539
1992,SVN.8.7_1,Hajdina,23,22.2098,350.0,15.217391304347826,15.75884397265565
1992,SVN.8.8_1,Hoce-Slivnica,54,53.0168,1018.0,18.85185185185185,19.201463550206785
1992,SVN.8.9_1,Juršinci,39,36.4549,15.0,0.38461538461538464,0.41146685654930104
1992,SVN.8.10_1,Kidricevo,72,72.2552,579.0,8.041666666666666,8.013262224836042
1992,SVN.8.11_1,Kungota,49,49.2311,448.0,9.142857142857142,9.099943689179362
1992,SVN.8.12_1,Lenart,119,118.6381,856.0,7.19327731092437,7.21522018322324
1992,SVN.8.13_1,Lovrenc na Pohorju,88,84.3319,265.0,3.0113636363636362,3.142344549882507
1992,SVN.8.14_1,Majšperk,76,73.049,99.0,1.3026315789473684,1.3552540112878706
1992,SVN.8.15_1,Maribor,148,148.2768,3960.0,26.756756756756758,26.706809960767984
1992,SVN.8.16_1,Markovci,32,30.1473,214.0,6.6875,7.098472093838141
1992,SVN.8.17_1,Miklavž na Dravskem Polju,15,12.6428,255.0,17.0,20.169543715608352
1992,SVN.8.18_1,Oplotnica,33,33.4925,283.0,8.575757575757576,8.449650609864625
1992,SVN.8.19_1,Ormož,202,203.3344,414.0,2.0495049504950495,2.0360553912743815
1992,SVN.8.20_1,Pesnica,75,74.2044,590.0,7.866666666666666,7.951014292027981
1992,SVN.8.21_1,Podlehnik,50,50.6164,157.0,3.14,3.1017602461780895
1992,SVN.8.22_1,Ptuj,69,65.9821,1228.0,17.797101449275363,18.611104765396796
1992,SVN.8.23_1,Race-Fram,49,50.2968,503.0,10.26530612244898,10.000635323132904
1992,SVN.8.24_1,Ruše,58,59.7856,362.0,6.241379310344827,6.0549655761327825
1992,SVN.8.25_1,Selnica ob Dravi,61,61.063,425.0,6.967213114754099,6.960019856125411
1992,SVN.8.26_1,Šentilj,57,59.2267,608.0,10.666666666666666,10.26564632688848
1992,SVN.8.27_1,Slovenska Bistrica,335,335.0452,1573.0,4.695522388059701,4.694889604422636
1992,SVN.8.28_1,Starše,33,34.3011,327.0,9.909090909090908,9.533223572052417
1992,SVN.8.29_1,Sveta Ana,40,38.4319,195.0,4.875,5.073911254441453
1992,SVN.8.30_1,Sveti Andraž v Slovenskih Gorica,17,17.2853,21.0,1.2352941176470589,1.2149070693060866
1992,SVN.8.31_1,Trnovska Vas,22,22.4787,99.0,4.5,4.4041752523927995
1992,SVN.8.32_1,Videm,72,70.8118,274.0,3.8055555555555554,3.8694122413198704
1992,SVN.8.33_1,Zavrc,12,12.6615,30.0,2.5,2.369379443210055
1992,SVN.8.34_1,Žetale,36,36.6322,34.0,0.9444444444444444,0.9281440687272714
1992,SVN.9.1_1,Beltinci,63,62.0632,298.0,4.73015873015873,4.801560673138868
1992,SVN.9.2_1,Cankova,26,26.5785,39.0,1.5,1.4673535591930613
1992,SVN.9.3_1,Črenšovci,32,31.9352,128.0,4.0,4.008112398915648
1992,SVN.9.4_1,Dobrovnik,33,34.006,191.0,5.787878787878788,5.616652775021855
1992,SVN.9.5_1,Gornja Radgona,122,120.5406,411.0,3.3688524590163933,3.409639370244156
1992,SVN.9.6_1,Gornji Petrovci,63,63.9394,85.0,1.3492063492063493,1.3293833966656732
1992,SVN.9.7_1,Grad,40,36.7113,26.0,0.65,0.7082296722206589
1992,SVN.9.8_1,Hodoš,22,23.8037,0.0,0.0,0.0
1992,SVN.9.9_1,Kobilje,19,19.2954,12.0,0.631578947368421,0.6219090879552851
1992,SVN.9.10_1,Križevci,47,47.0896,83.0,1.7659574468085106,1.762597891397655
1992,SVN.9.11_1,Kuzma,17,17.095,30.0,1.7647058823529411,1.7549017994850058
1992,SVN.9.12_1,Lendava,108,110.1086,669.0,6.194444444444445,6.075819503300937
1992,SVN.9.13_1,Ljutomer,111,108.5309,321.0,2.891891891891892,2.9576831901518355
1992,SVN.9.14_1,Moravske Toplice,142,143.39,369.0,2.5985915492957745,2.573400589041554
1992,SVN.9.15_1,Murska Sobota,68,65.8851,927.0,13.632352941176471,14.069944271450046
1992,SVN.9.16_1,Odranci,8,7.8191,68.0,8.5,8.69662253536958
1992,SVN.9.17_1,Puconci,108,106.0635,281.0,2.6018518518518516,2.649356868152937
1992,SVN.9.18_1,Radenci,35,33.8123,288.0,8.228571428571428,8.517613509248948
1992,SVN.9.19_1,Razkrižje,6,6.9318,21.0,3.5,3.0295145646049257
1992,SVN.9.20_1,Rogašovci,31,31.9244,13.0,0.41935483870967744,0.4072123540159925
1992,SVN.9.21_1,Šalovci,53,50.5578,0.0,0.0,0.0
1992,SVN.9.22_1,Sveti Jurij,48,51.1951,85.0,1.7708333333333333,1.6603152004044077
1992,SVN.9.23_1,Tišina,33,35.3877,259.0,7.848484848484849,7.318930104549584
1992,SVN.9.24_1,Turnišče,20,22.9794,127.0,6.35,5.526677738446465
1992,SVN.9.25_1,Velika Polana,24,24.1079,98.0,4.083333333333333,4.065060511817367
1992,SVN.9.26_1,Veržej,12,11.769,57.0,4.75,4.843222971820441
1992,SVN.10.1_1,Bistrica ob Sotli,61,56.0788,267.0,4.377049180327869,4.761161584116087
1992,SVN.10.2_1,Braslovce,58,55.9005,271.0,4.672413793103448,4.847899991000937
1992,SVN.10.3_1,Celje,96,96.8336,2323.0,24.197916666666668,23.989614141893814
1992,SVN.10.4_1,Dobje,17,17.4869,90.0,5.294117647058823,5.14671182411451
1992,SVN.10.5_1,Dobrna,33,32.2669,269.0,8.151515151515152,8.336714988568762
1992,SVN.10.6_1,Gornji Grad,90,91.0047,105.0,1.1666666666666667,1.1537863914948716
1992,SVN.10.7_1,Kozje,87,88.5434,358.0,4.114942528735632,4.043216123871621
1992,SVN.10.8_1,Laško,205,201.4876,808.0,3.9414634146341463,4.010172917230748
1992,SVN.10.9_1,Ljubno,79,79.362,73.0,0.9240506329113924,0.9198360346915864
1992,SVN.10.10_1,Luce,112,110.3298,14.0,0.125,0.12689222524388558
1992,SVN.10.11_1,Mozirje,83,84.7599,427.0,5.144578313253012,5.037758397660665
1992,SVN.10.12_1,Nazarje,44,43.6766,87.0,1.9772727272727273,1.991914937450833
1992,SVN.10.13_1,Podcetrtek,30,29.5669,123.0,4.1,4.160061212574443
1992,SVN.10.14_1,Polzela,33,34.477,296.0,8.969696969696969,8.585431256606388
1992,SVN.10.15_1,Prebold,42,41.0779,241.0,5.738095238095238,5.8669041121936765
1992,SVN.10.16_1,Radece,53,52.1379,167.0,3.150943396226415,3.2030430729742543
1992,SVN.10.17_1,Rogaška Slatina,68,70.8401,836.0,12.294117647058824,11.80123180906719
1992,SVN.10.18_1,Rogatec,43,46.8711,318.0,7.395348837209302,6.784570631131001
1992,SVN.10.19_1,Šentjur pri Celju,224,223.8178,1061.0,4.736607142857143,4.7404635551751
1992,SVN.10.20_1,Slovenske Konjice,98,98.3364,802.0,8.183673469387756,8.155675988047134
1992,SVN.10.21_1,Šmarje pri Jelšah,112,109.0515,403.0,3.5982142857142856,3.695501787177152
1992,SVN.10.22_1,Šmartno ob Paki,17,17.0321,163.0,9.588235294117647,9.570140421674953
1992,SVN.10.23_1,Solcava,94,98.1425,61.0,0.648936170212766,0.6215455020540753
1992,SVN.10.24_1,Šoštanj,99,96.868,684.0,6.909090909090909,7.061152033645946
1992,SVN.10.25_1,Štore,29,28.5396,260.0,8.96551724137931,9.110148226037259
1992,SVN.10.26_1,Tabor,34,33.8269,23.0,0.6764705882352942,0.6799324765432616
1992,SVN.10.27_1,Velenje,83,84.3401,1321.0,15.91566265060241,15.662783066592128
1992,SVN.10.28_1,Vitanje,59,60.4406,117.0,1.9830508474576272,1.9357862508284192
1992,SVN.10.29_1,Vojnik,80,76.9489,731.0,9.1375,9.499815017126112
1992,SVN.10.30_1,Vransko,52,54.1537,50.0,0.9615384615384616,0.9232979891278634
1992,SVN.10.31_1,Žalec,117,117.1442,1350.0,11.538461538461538,11.524262913752061
1992,SVN.10.32_1,Zrece,62,65.8808,478.0,7.709677419354839,7.255528775229433
1992,SVN.11.1_1,Brežice,248,245.6913,1859.0,7.495967741935484,7.566405672110565
1992,SVN.11.2_1,Krško,340,340.9379,1915.0,5.632352941176471,5.616859327090817
1992,SVN.11.3_1,Sevnica,280,278.6841,476.0,1.7,1.7080270413658813
1992,SVN.12.1_1,Hrastnik,56,58.2381,380.0,6.785714285714286,6.524938644831363
1992,SVN.12.2_1,Trbovlje,60,57.9159,634.0,10.566666666666666,10.946910236232847
1992,SVN.12.3_1,Zagorje ob Savi,145,147.3849,594.0,4.096551724137931,4.0302644578703
1993,SVN.1.1_1,Bled,187,187.7102,1028.0,5.497326203208556,5.476528363984922
1993,SVN.1.2_1,Bohinj,331,330.4201,247.0,0.7462235649546828,0.7475331338317391
1993,SVN.1.3_1,Cerklje na Gorenjskem,74,77.1957,793.0,10.716216216216216,10.272591317586734
1993,SVN.1.4_1,Gorenja Vas-Poljane,152,151.5701,138.0,0.9078947368421053,0.9104696247641738
1993,SVN.1.5_1,Jesenice,75,74.7956,1163.0,15.506666666666666,15.54903376631311
1993,SVN.1.6_1,Jezersko,73,70.5865,0.0,0.0,0.0
1993,SVN.1.7_1,Kranj,146,145.7396,2235.0,15.308219178082192,15.335570129290142
1993,SVN.1.8_1,Kranjska Gora,244,249.6461,1072.0,4.39344262295082,4.294079494559533
1993,SVN.1.9_1,Naklo,28,27.6347,371.0,13.25,13.425146080031933
1993,SVN.1.10_1,Preddvor,88,86.0439,289.0,3.284090909090909,3.358751634311942
1993,SVN.1.11_1,Radovljica,117,116.9011,972.0,8.307692307692308,8.314723561803637
1993,SVN.1.12_1,Šenčur,46,42.6248,786.0,17.08695652173913,18.439961357609683
1993,SVN.1.13_1,Škofja Loka,145,144.4252,883.0,6.089655172413793,6.113892336960289
1993,SVN.1.14_1,Tržič,157,156.9897,777.0,4.949044585987261,4.949370382467546
1993,SVN.1.15_1,Železniki,163,163.136,200.0,1.2269938650306749,1.2259708376875849
1993,SVN.1.16_1,Žiri,51,49.568,107.0,2.0980392156862746,2.1586507296679214
1993,SVN.1.17_1,Žirovnica,42,42.0999,310.0,7.380952380952381,7.363446160984635
1993,SVN.2.1_1,Ajdovščina,241,240.3435,855.0,3.5477178423236513,3.5574089270075895
1993,SVN.2.2_1,Bovec,383,382.1081,119.0,0.31070496083550914,0.3114301775867456
1993,SVN.2.3_1,Brda,62,61.2313,556.0,8.96774193548387,9.08032800940868
1993,SVN.2.4_1,Cerkno,130,131.479,132.0,1.0153846153846153,1.0039622777438793
1993,SVN.2.5_1,Idrija,292,295.2119,425.0,1.4554794520547945,1.4396437309523284
1993,SVN.2.6_1,Kanal,129,132.6271,588.0,4.558139534883721,4.433483739383255
1993,SVN.2.7_1,Kobarid,188,190.1235,80.0,0.425531914893617,0.4207791460089282
1993,SVN.2.8_1,Miren-Kostanjevica,49,46.6248,482.0,9.83673469387755,10.33785370576692
1993,SVN.2.9_1,Nova Gorica,295,297.6162,1657.0,5.6169491525423725,5.567573800452014
1993,SVN.2.10_1,Šempeter-Vrtojba,7,7.7338,211.0,30.142857142857142,27.282790130662832
1993,SVN.2.11_1,Tolmin,385,384.2645,326.0,0.8467532467532467,0.8483739615016362
1993,SVN.2.12_1,Vipava,112,108.4008,430.0,3.8392857142857144,3.966758812870805
1993,SVN.3.1_1,Crnomelj,335,330.8646,401.0,1.1970149253731344,1.2119760968513884
1993,SVN.3.2_1,Dolenjske Toplice,112,111.0355,98.0,0.875,0.8826002366122131
1993,SVN.3.3_1,Kocevje,543,545.407,1018.0,1.8747697974217312,1.8664959196143758
1993,SVN.3.4_1,Kostel,37,35.6858,0.0,0.0,0.0
1993,SVN.3.5_1,Loški Potok,124,123.4977,72.0,0.5806451612903226,0.5830068676735212
1993,SVN.3.6_1,Metlika,111,113.0004,514.0,4.63063063063063,4.548655672354939
1993,SVN.3.7_1,Mirna Pec,50,48.1712,116.0,2.32,2.4080781211768043
1993,SVN.3.8_1,Novo Mesto,296,300.285,2773.0,9.368243243243244,9.23456054559495
1993,SVN.3.9_1,Osilnica,32,31.0875,0.0,0.0,0.0
1993,SVN.3.10_1,Ribnica,160,155.756,629.0,3.93125,4.038367130199352
1993,SVN.3.11_1,Semic,149,148.9731,106.0,0.7114093959731543,0.7115377014926074
1993,SVN.3.12_1,Šentjernej,100,100.1929,355.0,3.55,3.543163970836955
1993,SVN.3.13_1,Škocjan,63,61.2852,358.0,5.682539682539683,5.8415439358925365
1993,SVN.3.14_1,Sodražica,50,49.9829,87.0,1.74,1.7405941507325116
1993,SVN.3.15_1,Trebnje,311,317.9015,1124.0,3.6141479099678455,3.535686131428616
1993,SVN.3.16_1,Žužemberk,168,162.6138,158.0,0.9404761904761905,0.9716271816349155
1993,SVN.4.1_1,Črna na Koroškem,155,152.0071,164.0,1.0580645161290323,1.078896833781394
1993,SVN.4.2_1,Dravograd,100,101.2156,454.0,4.54,4.485474409659116
1993,SVN.4.3_1,Mežica,26,25.1048,188.0,7.230769230769231,7.488596641150627
1993,SVN.4.4_1,Mislinja,113,113.4849,375.0,3.3185840707964602,3.304404524582779
1993,SVN.4.5_1,Muta,38,37.5131,128.0,3.3684210526315788,3.4121424781927354
1993,SVN.4.6_1,Podvelka,109,106.5864,111.0,1.018348623853211,1.0414087781365076
1993,SVN.4.7_1,Prevalje,49,53.1459,324.0,6.612244897959184,6.0964216418109
1993,SVN.4.8_1,Radlje ob Dravi,92,93.2679,320.0,3.4782608695652173,3.4309768379461407
1993,SVN.4.9_1,Ravne na Koroškem,65,64.9398,501.0,7.707692307692308,7.714832024478622
1993,SVN.4.10_1,Ribnica na Pohorju,60,59.5312,0.0,0.0,0.0
1993,SVN.4.11_1,Slovenj Gradec,181,175.7583,1378.0,7.613259668508287,7.84031148283379
1993,SVN.4.12_1,Vuzenica,49,49.955,111.0,2.2653061224489797,2.2219990106496943
1993,SVN.5.1_1,Bloke,74,75.5663,0.0,0.0,0.0
1993,SVN.5.2_1,Cerknica,245,243.7275,375.0,1.530612244897959,1.5386036602146311
1993,SVN.5.3_1,Ilirska Bistrica,474,469.8196,1620.0,3.4177215189873418,3.448131998684606
1993,SVN.5.4_1,Loška Dolina,166,166.6122,78.0,0.46987951807228917,0.46815298346846784
1993,SVN.5.5_1,Pivka,225,224.9807,734.0,3.2622222222222224,3.2625027767413943
1993,SVN.5.6_1,Postojna,272,271.1278,1442.0,5.301470588235294,5.318525434758081
1993,SVN.6.1_1,Divaca,144,147.4596,560.0,3.888888888888889,3.7976513397292124
1993,SVN.6.2_1,Hrpelje-Kozina,187,185.866,772.0,4.128342245989304,4.153530133680496
1993,SVN.6.3_1,Izola,26,24.2792,650.0,25.0,26.7718559820025
1993,SVN.6.4_1,Komen,94,90.9951,631.0,6.712765957446808,6.934438671255304
1993,SVN.6.5_1,Koper,290,291.0771,3889.0,13.410344827586206,13.360719548204495
1993,SVN.6.6_1,Piran,28,27.7566,525.0,18.75,18.91438952488483
1993,SVN.6.7_1,Sežana,177,177.7348,1515.0,8.559322033898304,8.523937364079908
1993,SVN.7.1_1,Borovnica,40,42.2423,166.0,4.15,3.929709815630096
1993,SVN.7.2_1,Brezovica,88,89.8349,777.0,8.829545454545455,8.649196261936053
1993,SVN.7.3_1,Dobrepolje,93,95.3671,112.0,1.2043010752688172,1.1744097961432116
1993,SVN.7.4_1,Dobrova-Polhov Gradec,111,117.3249,902.0,8.126126126126126,7.6880521246619224
1993,SVN.7.5_1,Dol pri Ljubljani,36,33.5133,556.0,15.444444444444445,16.590439333712844
1993,SVN.7.6_1,Domžale,73,71.6483,1747.0,23.931506849315067,24.38300716903885
1993,SVN.7.7_1,Grosuplje,136,134.7405,1154.0,8.485294117647058,8.5646105632993
1993,SVN.7.8_1,Horjul,33,32.6953,307.0,9.303030303030303,9.389729245017433
1993,SVN.7.9_1,Ig,103,99.6528,673.0,6.533980582524272,6.753444708259771
1993,SVN.7.10_1,Ivancna Gorica,231,229.5426,706.0,3.0562770562770565,3.075682002704304
1993,SVN.7.11_1,Kamnik,262,264.6744,1076.0,4.106870229007634,4.0653717224285035
1993,SVN.7.12_1,Komenda,25,24.2478,358.0,14.32,14.764239044410848
1993,SVN.7.13_1,Litija,320,319.2343,1115.0,3.484375,3.492732797302955
1993,SVN.7.14_1,Ljubljana,275,276.4294,9091.0,33.058181818181815,32.88723843332637
1993,SVN.7.15_1,Logatec,173,172.2888,437.0,2.5260115606936417,2.5364391093265497
1993,SVN.7.16_1,Lukovica,75,75.1131,516.0,6.88,6.869640956842966
1993,SVN.7.17_1,Medvode,75,76.3493,1269.0,16.92,16.620967839021795
1993,SVN.7.18_1,Mengeš,22,21.4582,539.0,24.5,25.118591086016732
1993,SVN.7.19_1,Moravce,60,61.357,413.0,6.883333333333334,6.731093970312193
1993,SVN.7.20_1,Škofljica,39,41.8098,632.0,16.205128205128204,15.116081578411857
1993,SVN.7.21_1,Trzin,8,8.5875,279.0,34.875,32.489072654021285
1993,SVN.7.22_1,Velike Lašče,103,102.246,428.0,4.155339805825243,4.185983578686946
1993,SVN.7.23_1,Vodice,34,32.1413,525.0,15.441176470588236,16.334120923267637
1993,SVN.7.24_1,Vrhnika,128,123.5543,1024.0,8.0,8.287856068685285
1993,SVN.8.1_1,Benedikt,24,23.6001,201.0,8.375,8.516915498482842
1993,SVN.8.2_1,Cerkvenjak,21,23.3141,150.0,7.142857142857143,6.4338792695717
1993,SVN.8.3_1,Destrnik,35,34.9829,288.0,8.228571428571428,8.23259321331843
1993,SVN.8.4_1,Dornava,25,27.7855,186.0,7.44,6.694132001861278
1993,SVN.8.5_1,Duplek,35,36.6236,459.0,13.114285714285714,12.53291131857912
1993,SVN.8.6_1,Gorišnica,62,58.8136,448.0,7.225806451612903,7.617290390671326
1993,SVN.8.7_1,Hajdina,23,22.2098,383.0,16.652173913043477,17.244677832934613
1993,SVN.8.8_1,Hoce-Slivnica,54,53.0168,1269.0,23.5,23.93581261808685
1993,SVN.8.9_1,Juršinci,39,36.4549,227.0,5.82051282051282,6.226865095779422
1993,SVN.8.10_1,Kidricevo,72,72.2552,758.0,10.527777777777779,10.490591997281037
1993,SVN.8.11_1,Kungota,49,49.2311,564.0,11.510204081632653,11.456179108699018
1993,SVN.8.12_1,Lenart,119,118.6381,1214.0,10.201680672268907,10.232800586954454
1993,SVN.8.13_1,Lovrenc na Pohorju,88,84.3319,305.0,3.465909090909091,3.6166607083553384
1993,SVN.8.14_1,Majšperk,76,73.049,281.0,3.6973684210526314,3.84673108254436
1993,SVN.8.15_1,Maribor,148,148.2768,4676.0,31.594594594594593,31.53561701428058
1993,SVN.8.16_1,Markovci,32,30.1473,301.0,9.40625,9.98429953385645
1993,SVN.8.17_1,Miklavž na Dravskem Polju,15,12.6428,364.0,24.266666666666666,28.79103495090761
1993,SVN.8.18_1,Oplotnica,33,33.4925,407.0,12.333333333333334,12.151971018427217
1993,SVN.8.19_1,Ormož,202,203.3344,1100.0,5.445544554455446,5.409809010632415
1993,SVN.8.20_1,Pesnica,75,74.2044,867.0,11.56,11.683948120658068
1993,SVN.8.21_1,Podlehnik,50,50.6164,256.0,5.12,5.057647280392299
1993,SVN.8.22_1,Ptuj,69,65.9821,1453.0,21.057971014492754,22.02111988934979
1993,SVN.8.23_1,Race-Fram,49,50.2968,667.0,13.612244897959183,13.26127984200725
1993,SVN.8.24_1,Ruše,58,59.7856,456.0,7.862068965517241,7.627249455018091
1993,SVN.8.25_1,Selnica ob Dravi,61,61.063,500.0,8.19672131147541,8.18825865426519
1993,SVN.8.26_1,Šentilj,57,59.2267,815.0,14.298245614035087,13.760693678312682
1993,SVN.8.27_1,Slovenska Bistrica,335,335.0452,2471.0,7.376119402985075,7.375125373508158
1993,SVN.8.28_1,Starše,33,34.3011,393.0,11.909090909090908,11.457360439806116
1993,SVN.8.29_1,Sveta Ana,40,38.4319,352.0,8.8,9.159060315709699
1993,SVN.8.30_1,Sveti Andraž v Slovenskih Gorica,17,17.2853,110.0,6.470588235294118,6.363798934460454
1993,SVN.8.31_1,Trnovska Vas,22,22.4787,158.0,7.181818181818182,7.028885756344064
1993,SVN.8.32_1,Videm,72,70.8118,478.0,6.638888888888889,6.75028850857992
1993,SVN.8.33_1,Zavrc,12,12.6615,83.0,6.916666666666667,6.555283126214485
1993,SVN.8.34_1,Žetale,36,36.6322,55.0,1.5277777777777777,1.5014095229411741
1993,SVN.9.1_1,Beltinci,63,62.0632,613.0,9.73015873015873,9.87703588132257
1993,SVN.9.2_1,Cankova,26,26.5785,152.0,5.846153846153846,5.718916435829367
1993,SVN.9.3_1,Črenšovci,32,31.9352,283.0,8.84375,8.861686006977564
1993,SVN.9.4_1,Dobrovnik,33,34.006,270.0,8.181818181818182,7.939770938512569
1993,SVN.9.5_1,Gornja Radgona,122,120.5406,948.0,7.770491803278689,7.864569642314988
1993,SVN.9.6_1,Gornji Petrovci,63,63.9394,265.0,4.2063492063492065,4.144548236663569
1993,SVN.9.7_1,Grad,40,36.7113,159.0,3.975,4.331096841657106
1993,SVN.9.8_1,Hodoš,22,23.8037,22.0,1.0,0.9242260004147578
1993,SVN.9.9_1,Kobilje,19,19.2954,6.0,0.3157894736842105,0.31095454397764255
1993,SVN.9.10_1,Križevci,47,47.0896,200.0,4.25531914893617,4.247223834693145
1993,SVN.9.11_1,Kuzma,17,17.095,60.0,3.5294117647058822,3.5098035989700116
1993,SVN.9.12_1,Lendava,108,110.1086,1123.0,10.398148148148149,10.199021378485728
1993,SVN.9.13_1,Ljutomer,111,108.5309,705.0,6.351351351351352,6.4958462587446855
1993,SVN.9.14_1,Moravske Toplice,142,143.39,546.0,3.8450704225352115,3.807795993541162
1993,SVN.9.15_1,Murska Sobota,68,65.8851,1193.0,17.544117647058822,18.1072745586191
1993,SVN.9.16_1,Odranci,8,7.8191,89.0,11.125,11.382344200704303
1993,SVN.9.17_1,Puconci,108,106.0635,589.0,5.453703703703703,5.553278275238719
1993,SVN.9.18_1,Radenci,35,33.8123,372.0,10.628571428571428,11.001917449446557
1993,SVN.9.19_1,Razkrižje,6,6.9318,42.0,7.0,6.0590291292098515
1993,SVN.9.20_1,Rogašovci,31,31.9244,144.0,4.645161290322581,4.510659921407917
1993,SVN.9.21_1,Šalovci,53,50.5578,43.0,0.8113207547169812,0.8505111821954205
1993,SVN.9.22_1,Sveti Jurij,48,51.1951,221.0,4.604166666666667,4.31681952105146
1993,SVN.9.23_1,Tišina,33,35.3877,322.0,9.757575757575758,9.099210400250834
1993,SVN.9.24_1,Turnišče,20,22.9794,173.0,8.65,7.528466525600303
1993,SVN.9.25_1,Velika Polana,24,24.1079,179.0,7.458333333333333,7.4249574654623345
1993,SVN.9.26_1,Veržej,12,11.769,99.0,8.25,8.411913582635503
1993,SVN.10.1_1,Bistrica ob Sotli,61,56.0788,413.0,6.770491803278689,7.364643199400538
1993,SVN.10.2_1,Braslovce,58,55.9005,484.0,8.344827586206897,8.658242050348537
1993,SVN.10.3_1,Celje,96,96.8336,2699.0,28.114583333333332,27.87256503184305
1993,SVN.10.4_1,Dobje,17,17.4869,105.0,6.176470588235294,6.004497128133595
1993,SVN.10.5_1,Dobrna,33,32.2669,308.0,9.333333333333334,9.545383704383564
1993,SVN.10.6_1,Gornji Grad,90,91.0047,210.0,2.3333333333333335,2.307572782989743
1993,SVN.10.7_1,Kozje,87,88.5434,568.0,6.528735632183908,6.414935079215308
1993,SVN.10.8_1,Laško,205,201.4876,1209.0,5.897560975609756,6.000370119965314
1993,SVN.10.9_1,Ljubno,79,79.362,172.0,2.1772151898734178,2.1672849036568884
1993,SVN.10.10_1,Luce,112,110.3298,24.0,0.21428571428571427,0.21752952898951813
1993,SVN.10.11_1,Mozirje,83,84.7599,615.0,7.409638554216867,7.255787856115476
1993,SVN.10.12_1,Nazarje,44,43.6766,248.0,5.636363636363637,5.678102350434558
1993,SVN.10.13_1,Podcetrtek,30,29.5669,190.0,6.333333333333333,6.426110816171905
1993,SVN.10.14_1,Polzela,33,34.477,369.0,11.181818181818182,10.702784235431611
1993,SVN.10.15_1,Prebold,42,41.0779,411.0,9.785714285714286,10.005384191334445
1993,SVN.10.16_1,Radece,53,52.1379,295.0,5.566037735849057,5.658070098966497
1993,SVN.10.17_1,Rogaška Slatina,68,70.8401,1052.0,15.470588235294118,14.850353903275938
1993,SVN.10.18_1,Rogatec,43,46.8711,449.0,10.44186046511628,9.57947236911264
1993,SVN.10.19_1,Šentjur pri Celju,224,223.8178,1676.0,7.482142857142857,7.488234607420799
1993,SVN.10.20_1,Slovenske Konjice,98,98.3364,998.0,10.183673469387756,10.148833710811772
1993,SVN.10.21_1,Šmarje pri Jelšah,112,109.0515,782.0,6.982142857142857,7.170924063455417
1993,SVN.10.22_1,Šmartno ob Paki,17,17.0321,185.0,10.882352941176471,10.86181581601145
1993,SVN.10.23_1,Solcava,94,98.1425,0.0,0.0,0.0
1993,SVN.10.24_1,Šoštanj,99,96.868,821.0,8.292929292929292,8.475447104712458
1993,SVN.10.25_1,Štore,29,28.5396,382.0,13.172413793103448,13.38491008594705
1993,SVN.10.26_1,Tabor,34,33.8269,177.0,5.205882352941177,5.232523841224231
1993,SVN.10.27_1,Velenje,83,84.3401,1631.0,19.650602409638555,19.33837939561829
1993,SVN.10.28_1,Vitanje,59,60.4406,169.0,2.864406779661017,2.79613569564105
1993,SVN.10.29_1,Vojnik,80,76.9489,964.0,12.05,12.527799831066446
1993,SVN.10.30_1,Vransko,52,54.1537,213.0,4.096153846153846,3.9332494336846984
1993,SVN.10.31_1,Žalec,117,117.1442,1636.0,13.982905982905983,13.965699353258055
1993,SVN.10.32_1,Zrece,62,65.8808,550.0,8.870967741935484,8.348411770661482
1993,SVN.11.1_1,Brežice,248,245.6913,2744.0,11.064516129032258,11.168486909236897
1993,SVN.11.2_1,Krško,340,340.9379,2879.0,8.467647058823529,8.44435404840442
1993,SVN.11.3_1,Sevnica,280,278.6841,1099.0,3.925,3.943533021977108
1993,SVN.12.1_1,Hrastnik,56,58.2381,535.0,9.553571428571429,9.186426776275734
1993,SVN.12.2_1,Trbovlje,60,57.9159,792.0,13.2,13.675004585325576
1993,SVN.12.3_1,Zagorje ob Savi,145,147.3849,956.0,6.593103448275862,6.486418891791257
1994,SVN.1.1_1,Bled,187,187.7102,1172.0,6.267379679144385,6.243668523920554
1994,SVN.1.2_1,Bohinj,331,330.4201,377.0,1.1389728096676737,1.1409716253221283
1994,SVN.1.3_1,Cerklje na Gorenjskem,74,77.1957,880.0,11.891891891891891,11.399596922416553
1994,SVN.1.4_1,Gorenja Vas-Poljane,152,151.5701,260.0,1.7105263157894737,1.7153775539035159
1994,SVN.1.5_1,Jesenice,75,74.7956,1264.0,16.85333333333333,16.89937977697315
1994,SVN.1.6_1,Jezersko,73,70.5865,0.0,0.0,0.0
1994,SVN.1.7_1,Kranj,146,145.7396,2567.0,17.58219178082192,17.613605602634358
1994,SVN.1.8_1,Kranjska Gora,244,249.6461,1137.0,4.659836065573771,4.554448120628907
1994,SVN.1.9_1,Naklo,28,27.6347,426.0,15.214285714285714,15.415396846613486
1994,SVN.1.10_1,Preddvor,88,86.0439,310.0,3.522727272727273,3.602813171753294
1994,SVN.1.11_1,Radovljica,117,116.9011,1121.0,9.581196581196581,9.589305671586294
1994,SVN.1.12_1,Šenčur,46,42.6248,968.0,21.043478260869566,22.709774292832282
1994,SVN.1.13_1,Škofja Loka,145,144.4252,1116.0,7.696551724137931,7.727184425875064
1994,SVN.1.14_1,Tržič,157,156.9897,848.0,5.401273885350318,5.401629452165352
1994,SVN.1.15_1,Železniki,163,163.136,249.0,1.5276073619631902,1.5263336929210432
1994,SVN.1.16_1,Žiri,51,49.568,205.0,4.019607843137255,4.135732706373121
1994,SVN.1.17_1,Žirovnica,42,42.0999,334.0,7.9523809523809526,7.933519412157639
1994,SVN.2.1_1,Ajdovščina,241,240.3435,991.0,4.1120331950207465,4.123265785572539
1994,SVN.2.2_1,Bovec,383,382.1081,142.0,0.370757180156658,0.37162256485141076
1994,SVN.2.3_1,Brda,62,61.2313,615.0,9.919354838709678,10.043887996018594
1994,SVN.2.4_1,Cerkno,130,131.479,188.0,1.4461538461538461,1.4298856683018886
1994,SVN.2.5_1,Idrija,292,295.2119,554.0,1.8972602739726028,1.876617945759035
1994,SVN.2.6_1,Kanal,129,132.6271,712.0,5.51937984496124,5.368436092586526
1994,SVN.2.7_1,Kobarid,188,190.1235,258.0,1.372340425531915,1.3570127458787933
1994,SVN.2.8_1,Miren-Kostanjevica,49,46.6248,504.0,10.285714285714286,10.809705949598603
1994,SVN.2.9_1,Nova Gorica,295,297.6162,1879.0,6.3694915254237285,6.313501008478778
1994,SVN.2.10_1,Šempeter-Vrtojba,7,7.7338,221.0,31.571428571428573,28.5758133596042
1994,SVN.2.11_1,Tolmin,385,384.2645,400.0,1.0389610389610389,1.0409496460142775
1994,SVN.2.12_1,Vipava,112,108.4008,462.0,4.125,4.261959468712353
1994,SVN.3.1_1,Crnomelj,335,330.8646,516.0,1.5402985074626865,1.5595502892152528
1994,SVN.3.2_1,Dolenjske Toplice,112,111.0355,109.0,0.9732142857142857,0.9816676101095023
1994,SVN.3.3_1,Kocevje,543,545.407,1053.0,1.9392265193370166,1.9306681761826499
1994,SVN.3.4_1,Kostel,37,35.6858,0.0,0.0,0.0
1994,SVN.3.5_1,Loški Potok,124,123.4977,107.0,0.8629032258064516,0.866412983903705
1994,SVN.3.6_1,Metlika,111,113.0004,543.0,4.891891891891892,4.805291887332164
1994,SVN.3.7_1,Mirna Pec,50,48.1712,147.0,2.94,3.0516162397671573
1994,SVN.3.8_1,Novo Mesto,296,300.285,2900.0,9.797297297297296,9.657492096006258
1994,SVN.3.9_1,Osilnica,32,31.0875,0.0,0.0,0.0
1994,SVN.3.10_1,Ribnica,160,155.756,673.0,4.20625,4.320860220388178
1994,SVN.3.11_1,Semic,149,148.9731,152.0,1.0201342281879195,1.0203182134610975
1994,SVN.3.12_1,Šentjernej,100,100.1929,417.0,4.17,4.1619700727859446
1994,SVN.3.13_1,Škocjan,63,61.2852,361.0,5.73015873015873,5.890495421388843
1994,SVN.3.14_1,Sodražica,50,49.9829,107.0,2.14,2.1407307371078015
1994,SVN.3.15_1,Trebnje,311,317.9015,1335.0,4.292604501607717,4.199413688129184
1994,SVN.3.16_1,Žužemberk,168,162.6138,176.0,1.0476190476190477,1.0823188858718045
1994,SVN.4.1_1,Črna na Koroškem,155,152.0071,167.0,1.0774193548387097,1.098632751472517
1994,SVN.4.2_1,Dravograd,100,101.2156,516.0,5.16,5.098028183665427
1994,SVN.4.3_1,Mežica,26,25.1048,188.0,7.230769230769231,7.488596641150627
1994,SVN.4.4_1,Mislinja,113,113.4849,379.0,3.353982300884956,3.3396515061783285
1994,SVN.4.5_1,Muta,38,37.5131,133.0,3.5,3.545429293747139
1994,SVN.4.6_1,Podvelka,109,106.5864,131.0,1.201834862385321,1.229049999422365
1994,SVN.4.7_1,Prevalje,49,53.1459,331.0,6.755102040816326,6.228134455059901
1994,SVN.4.8_1,Radlje ob Dravi,92,93.2679,350.0,3.8043478260869565,3.7526309165035916
1994,SVN.4.9_1,Ravne na Koroškem,65,64.9398,510.0,7.846153846153846,7.853421821325544
1994,SVN.4.10_1,Ribnica na Pohorju,60,59.5312,4.0,0.06666666666666667,0.06719160739731167
1994,SVN.4.11_1,Slovenj Gradec,181,175.7583,1411.0,7.795580110497237,8.028069304991638
1994,SVN.4.12_1,Vuzenica,49,49.955,142.0,2.8979591836734695,2.8425572929032126
1994,SVN.5.1_1,Bloke,74,75.5663,50.0,0.6756756756756757,0.6616708597705113
1994,SVN.5.2_1,Cerknica,245,243.7275,542.0,2.2122448979591836,2.2237951568968803
1994,SVN.5.3_1,Ilirska Bistrica,474,469.8196,1868.0,3.940928270042194,3.9759941811992863
1994,SVN.5.4_1,Loška Dolina,166,166.6122,96.0,0.5783132530120482,0.5761882873458066
1994,SVN.5.5_1,Pivka,225,224.9807,770.0,3.422222222222222,3.4225165369085473
1994,SVN.5.6_1,Postojna,272,271.1278,1670.0,6.139705882352941,6.159457334289873
1994,SVN.6.1_1,Divaca,144,147.4596,656.0,4.555555555555555,4.448677283682792
1994,SVN.6.2_1,Hrpelje-Kozina,187,185.866,854.0,4.566844919786096,4.5947082048745385
1994,SVN.6.3_1,Izola,26,24.2792,679.0,26.115384615384617,27.966292633507223
1994,SVN.6.4_1,Komen,94,90.9951,674.0,7.170212765957447,7.4069915442568535
1994,SVN.6.5_1,Koper,290,291.0771,4145.0,14.293103448275861,14.240211500979077
1994,SVN.6.6_1,Piran,28,27.7566,601.0,21.464285714285715,21.652472579915777
1994,SVN.6.7_1,Sežana,177,177.7348,1605.0,9.067796610169491,9.030309880757923
1994,SVN.7.1_1,Borovnica,40,42.2423,200.0,5.0,4.734590139313369
1994,SVN.7.2_1,Brezovica,88,89.8349,960.0,10.909090909090908,10.686265651812885
1994,SVN.7.3_1,Dobrepolje,93,95.3671,248.0,2.6666666666666665,2.6004788343171117
1994,SVN.7.4_1,Dobrova-Polhov Gradec,111,117.3249,1031.0,9.288288288288289,8.787562905239957
1994,SVN.7.5_1,Dol pri Ljubljani,36,33.5133,598.0,16.61111111111111,17.843673959640796
1994,SVN.7.6_1,Domžale,73,71.6483,1892.0,25.91780821917808,26.40678280699571
1994,SVN.7.7_1,Grosuplje,136,134.7405,1282.0,9.426470588235293,9.514584698569932
1994,SVN.7.8_1,Horjul,33,32.6953,361.0,10.93939393939394,11.041342858147535
1994,SVN.7.9_1,Ig,103,99.6528,873.0,8.475728155339805,8.760411932111115
1994,SVN.7.10_1,Ivancna Gorica,231,229.5426,749.0,3.242424242424242,3.263011076523404
1994,SVN.7.11_1,Kamnik,262,264.6744,1119.0,4.270992366412214,4.227835462265331
1994,SVN.7.12_1,Komenda,25,24.2478,398.0,15.92,16.413874691831055
1994,SVN.7.13_1,Litija,320,319.2343,1211.0,3.784375,3.7934523924070658
1994,SVN.7.14_1,Ljubljana,275,276.4294,9722.0,35.35272727272727,35.16991882617962
1994,SVN.7.15_1,Logatec,173,172.2888,511.0,2.953757225433526,2.9659505374504964
1994,SVN.7.16_1,Lukovica,75,75.1131,532.0,7.093333333333334,7.082653079535771
1994,SVN.7.17_1,Medvode,75,76.3493,1444.0,19.253333333333334,18.91306348270092
1994,SVN.7.18_1,Mengeš,22,21.4582,642.0,29.181818181818183,29.918618696146087
1994,SVN.7.19_1,Moravce,60,61.357,422.0,7.033333333333333,6.877776405500594
1994,SVN.7.20_1,Škofljica,39,41.8098,737.0,18.897435897435898,17.627455891280913
1994,SVN.7.21_1,Trzin,8,8.5875,316.0,39.5,36.797659350074284
1994,SVN.7.22_1,Velike Lašče,103,102.246,464.0,4.504854368932039,4.5380756553989325
1994,SVN.7.23_1,Vodice,34,32.1413,608.0,17.88235294117647,18.916467659708044
1994,SVN.7.24_1,Vrhnika,128,123.5543,1317.0,10.2890625,10.659283635213397
1994,SVN.8.1_1,Benedikt,24,23.6001,219.0,9.125,9.279624349093245
1994,SVN.8.2_1,Cerkvenjak,21,23.3141,151.0,7.190476190476191,6.476771798035512
1994,SVN.8.3_1,Destrnik,35,34.9829,301.0,8.6,8.60420332364183
1994,SVN.8.4_1,Dornava,25,27.7855,193.0,7.72,6.946061700856057
1994,SVN.8.5_1,Duplek,35,36.6236,466.0,13.314285714285715,12.724045042391873
1994,SVN.8.6_1,Gorišnica,62,58.8136,501.0,8.080645161290322,8.518443048496282
1994,SVN.8.7_1,Hajdina,23,22.2098,425.0,18.47826086956522,19.13573910965329
1994,SVN.8.8_1,Hoce-Slivnica,54,53.0168,1374.0,25.444444444444443,25.916317208235878
1994,SVN.8.9_1,Juršinci,39,36.4549,243.0,6.230769230769231,6.665763076098677
1994,SVN.8.10_1,Kidricevo,72,72.2552,800.0,11.11111111111111,11.071864904782098
1994,SVN.8.11_1,Kungota,49,49.2311,593.0,12.10204081632653,12.045237963578932
1994,SVN.8.12_1,Lenart,119,118.6381,1251.0,10.512605042016807,10.544673421976954
1994,SVN.8.13_1,Lovrenc na Pohorju,88,84.3319,311.0,3.534090909090909,3.6878081321262632
1994,SVN.8.14_1,Majšperk,76,73.049,319.0,4.197368421052632,4.366929591927583
1994,SVN.8.15_1,Maribor,148,148.2768,4780.0,32.2972972972973,32.23700798294721
1994,SVN.8.16_1,Markovci,32,30.1473,340.0,10.625,11.277946317312935
1994,SVN.8.17_1,Miklavž na Dravskem Polju,15,12.6428,366.0,24.4,28.94922745063787
1994,SVN.8.18_1,Oplotnica,33,33.4925,409.0,12.393939393939394,12.211685863726613
1994,SVN.8.19_1,Ormož,202,203.3344,1253.0,6.202970297029703,6.162264263929469
1994,SVN.8.20_1,Pesnica,75,74.2044,908.0,12.106666666666667,12.236476232476962
1994,SVN.8.21_1,Podlehnik,50,50.6164,261.0,5.22,5.156429453837461
1994,SVN.8.22_1,Ptuj,69,65.9821,1473.0,21.347826086956523,22.32423234481228
1994,SVN.8.23_1,Race-Fram,49,50.2968,716.0,14.612244897959183,14.23549680191483
1994,SVN.8.24_1,Ruše,58,59.7856,462.0,7.9655172413793105,7.727608000478855
1994,SVN.8.25_1,Selnica ob Dravi,61,61.063,537.0,8.80327868852459,8.794189794680815
1994,SVN.8.26_1,Šentilj,57,59.2267,854.0,14.982456140350877,14.419180860465067
1994,SVN.8.27_1,Slovenska Bistrica,335,335.0452,2585.0,7.7164179104477615,7.715378021253982
1994,SVN.8.28_1,Starše,33,34.3011,416.0,12.606060606060606,12.127892984629375
1994,SVN.8.29_1,Sveta Ana,40,38.4319,362.0,9.05,9.419260892860542
1994,SVN.8.30_1,Sveti Andraž v Slovenskih Gorica,17,17.2853,114.0,6.705882352941177,6.59520980480447
1994,SVN.8.31_1,Trnovska Vas,22,22.4787,171.0,7.7727272727272725,7.607211799587562
1994,SVN.8.32_1,Videm,72,70.8118,556.0,7.722222222222222,7.8518000225322915
1994,SVN.8.33_1,Zavrc,12,12.6615,91.0,7.583333333333333,7.187117644403833
1994,SVN.8.34_1,Žetale,36,36.6322,56.0,1.5555555555555556,1.528707877903741
1994,SVN.9.1_1,Beltinci,63,62.0632,700.0,11.11111111111111,11.278833795963784
1994,SVN.9.2_1,Cankova,26,26.5785,164.0,6.3076923076923075,6.170409838658001
1994,SVN.9.3_1,Črenšovci,32,31.9352,347.0,10.84375,10.865742206435389
1994,SVN.9.4_1,Dobrovnik,33,34.006,279.0,8.454545454545455,8.20442996979632
1994,SVN.9.5_1,Gornja Radgona,122,120.5406,1075.0,8.811475409836065,8.91815650367997
1994,SVN.9.6_1,Gornji Petrovci,63,63.9394,285.0,4.523809523809524,4.457344329996668
1994,SVN.9.7_1,Grad,40,36.7113,188.0,4.7,5.121045322210918
1994,SVN.9.8_1,Hodoš,22,23.8037,96.0,4.363636363636363,4.032986183628034
1994,SVN.9.9_1,Kobilje,19,19.2954,8.0,0.42105263157894735,0.41460605863685673
1994,SVN.9.10_1,Križevci,47,47.0896,279.0,5.9361702127659575,5.924877249396937
1994,SVN.9.11_1,Kuzma,17,17.095,60.0,3.5294117647058822,3.5098035989700116
1994,SVN.9.12_1,Lendava,108,110.1086,1203.0,11.13888888888889,10.925576774994061
1994,SVN.9.13_1,Ljutomer,111,108.5309,787.0,7.09009009009009,7.2513914973504505
1994,SVN.9.14_1,Moravske Toplice,142,143.39,555.0,3.908450704225352,3.8705618615665656
1994,SVN.9.15_1,Murska Sobota,68,65.8851,1291.0,18.985294117647058,19.594712032839276
1994,SVN.9.16_1,Odranci,8,7.8191,98.0,12.25,12.533367771562041
1994,SVN.9.17_1,Puconci,108,106.0635,632.0,5.851851851851852,5.958695874279916
1994,SVN.9.18_1,Radenci,35,33.8123,428.0,12.228571428571428,12.658120076244963
1994,SVN.9.19_1,Razkrižje,6,6.9318,49.0,8.166666666666666,7.0688673174114935
1994,SVN.9.20_1,Rogašovci,31,31.9244,156.0,5.032258064516129,4.88654824819191
1994,SVN.9.21_1,Šalovci,53,50.5578,105.0,1.9811320754716981,2.076829630942306
1994,SVN.9.22_1,Sveti Jurij,48,51.1951,274.0,5.708333333333333,5.35207488130362
1994,SVN.9.23_1,Tišina,33,35.3877,354.0,10.727272727272727,10.003479756797502
1994,SVN.9.24_1,Turnišče,20,22.9794,196.0,9.8,8.529360919177222
1994,SVN.9.25_1,Velika Polana,24,24.1079,195.0,8.125,8.088640814330477
1994,SVN.9.26_1,Veržej,12,11.769,104.0,8.666666666666666,8.83675770297063
1994,SVN.10.1_1,Bistrica ob Sotli,61,56.0788,455.0,7.459016393442623,8.113589965441271
1994,SVN.10.2_1,Braslovce,58,55.9005,516.0,8.89655172413793,9.230687805743482
1994,SVN.10.3_1,Celje,96,96.8336,2787.0,29.03125,28.781340772043933
1994,SVN.10.4_1,Dobje,17,17.4869,114.0,6.705882352941177,6.519168310545045
1994,SVN.10.5_1,Dobrna,33,32.2669,308.0,9.333333333333334,9.545383704383564
1994,SVN.10.6_1,Gornji Grad,90,91.0047,218.0,2.422222222222222,2.3954803175798287
1994,SVN.10.7_1,Kozje,87,88.5434,573.0,6.586206896551724,6.471404578152063
1994,SVN.10.8_1,Laško,205,201.4876,1341.0,6.541463414634146,6.655497378720833
1994,SVN.10.9_1,Ljubno,79,79.362,172.0,2.1772151898734178,2.1672849036568884
1994,SVN.10.10_1,Luce,112,110.3298,25.0,0.22321428571428573,0.2265932593640814
1994,SVN.10.11_1,Mozirje,83,84.7599,615.0,7.409638554216867,7.255787856115476
1994,SVN.10.12_1,Nazarje,44,43.6766,252.0,5.7272727272727275,5.769684646409309
1994,SVN.10.13_1,Podcetrtek,30,29.5669,201.0,6.7,6.798148810792384
1994,SVN.10.14_1,Polzela,33,34.477,394.0,11.93939393939394,11.427905118590935
1994,SVN.10.15_1,Prebold,42,41.0779,427.0,10.166666666666666,10.394888198782986
1994,SVN.10.16_1,Radece,53,52.1379,323.0,6.09433962264151,6.1951072609023
1994,SVN.10.17_1,Rogaška Slatina,68,70.8401,1134.0,16.676470588235293,16.007890994595925
1994,SVN.10.18_1,Rogatec,43,46.8711,443.0,10.30232558139535,9.451461602487527
1994,SVN.10.19_1,Šentjur pri Celju,224,223.8178,1814.0,8.098214285714286,8.104807624022273
1994,SVN.10.20_1,Slovenske Konjice,98,98.3364,1066.0,10.877551020408163,10.840337410546441
1994,SVN.10.21_1,Šmarje pri Jelšah,112,109.0515,835.0,7.455357142857143,7.656932983357127
1994,SVN.10.22_1,Šmartno ob Paki,17,17.0321,187.0,11.0,10.979240851860222
1994,SVN.10.23_1,Solcava,94,98.1425,0.0,0.0,0.0
1994,SVN.10.24_1,Šoštanj,99,96.868,846.0,8.545454545454545,8.73353014687788
1994,SVN.10.25_1,Štore,29,28.5396,394.0,13.586206896551724,13.805378465610309
1994,SVN.10.26_1,Tabor,34,33.8269,183.0,5.382352941176471,5.409897530757256
1994,SVN.10.27_1,Velenje,83,84.3401,1725.0,20.783132530120483,20.452915056677835
1994,SVN.10.28_1,Vitanje,59,60.4406,196.0,3.3220338983050848,3.242855599678377
1994,SVN.10.29_1,Vojnik,80,76.9489,1013.0,12.6625,13.164586337002396
1994,SVN.10.30_1,Vransko,52,54.1537,207.0,3.980769230769231,3.8224536749893545
1994,SVN.10.31_1,Žalec,117,117.1442,1707.0,14.58974358974359,14.57179021761094
1994,SVN.10.32_1,Zrece,62,65.8808,588.0,9.483870967741936,8.92521112936173
1994,SVN.11.1_1,Brežice,248,245.6913,2909.0,11.72983870967742,11.840061377175704
1994,SVN.11.2_1,Krško,340,340.9379,3052.0,8.976470588235294,8.951777893619413
1994,SVN.11.3_1,Sevnica,280,278.6841,1171.0,4.182142857142857,4.201890053444217
1994,SVN.12.1_1,Hrastnik,56,58.2381,554.0,9.892857142857142,9.512673708517303
1994,SVN.12.2_1,Trbovlje,60,57.9159,831.0,13.85,14.348394962633275
1994,SVN.12.3_1,Zagorje ob Savi,145,147.3849,963.0,6.641379310344828,6.533913590789729
1995,SVN.1.1_1,Bled,187,187.7102,1623.0,8.679144385026738,8.646308885941176
1995,SVN.1.2_1,Bohinj,331,330.4201,676.0,2.0422960725075527,2.045880155750023
1995,SVN.1.3_1,Cerklje na Gorenjskem,74,77.1957,925.0,12.5,11.982530855949218
1995,SVN.1.4_1,Gorenja Vas-Poljane,152,151.5701,442.0,2.9078947368421053,2.916141841635977
1995,SVN.1.5_1,Jesenice,75,74.7956,1465.0,19.533333333333335,19.58670203581144
1995,SVN.1.6_1,Jezersko,73,70.5865,52.0,0.7123287671232876,0.736684978761253
1995,SVN.1.7_1,Kranj,146,145.7396,2737.0,18.746575342465754,18.78006954982869
1995,SVN.1.8_1,Kranjska Gora,244,249.6461,1455.0,5.963114754098361,5.828251552783693
1995,SVN.1.9_1,Naklo,28,27.6347,436.0,15.571428571428571,15.777260622355588
1995,SVN.1.10_1,Preddvor,88,86.0439,333.0,3.784090909090909,3.8701186651414416
1995,SVN.1.11_1,Radovljica,117,116.9011,1365.0,11.666666666666666,11.676540804384738
1995,SVN.1.12_1,Šenčur,46,42.6248,970.0,21.08695652173913,22.756695314098465
1995,SVN.1.13_1,Škofja Loka,145,144.4252,1448.0,9.986206896551725,10.02595255256908
1995,SVN.1.14_1,Tržič,157,156.9897,969.0,6.171974522292993,6.172380824467248
1995,SVN.1.15_1,Železniki,163,163.136,402.0,2.4662576687116564,2.464201383752046
1995,SVN.1.16_1,Žiri,51,49.568,308.0,6.03921568627451,6.213686212502054
1995,SVN.1.17_1,Žirovnica,42,42.0999,405.0,9.642857142857142,9.619986113544442
1995,SVN.2.1_1,Ajdovščina,241,240.3435,1163.0,4.825726141078838,4.8389082831693875
1995,SVN.2.2_1,Bovec,383,382.1081,300.0,0.783289817232376,0.7851180947565015
1995,SVN.2.3_1,Brda,62,61.2313,602.0,9.709677419354838,9.831578168460478
1995,SVN.2.4_1,Cerkno,130,131.479,335.0,2.576923076923077,2.5479345685166632
1995,SVN.2.5_1,Idrija,292,295.2119,892.0,3.0547945205479454,3.021558136492887
1995,SVN.2.6_1,Kanal,129,132.6271,818.0,6.341085271317829,6.167669555808677
1995,SVN.2.7_1,Kobarid,188,190.1235,444.0,2.3617021276595747,2.335324260349551
1995,SVN.2.8_1,Miren-Kostanjevica,49,46.6248,506.0,10.326530612244898,10.852601608128756
1995,SVN.2.9_1,Nova Gorica,295,297.6162,2165.0,7.338983050847458,7.27447029449524
1995,SVN.2.10_1,Šempeter-Vrtojba,7,7.7338,229.0,32.714285714285715,29.61023194275729
1995,SVN.2.11_1,Tolmin,385,384.2645,624.0,1.6207792207792209,1.6238814477822732
1995,SVN.2.12_1,Vipava,112,108.4008,635.0,5.669642857142857,5.857888014355724
1995,SVN.3.1_1,Crnomelj,335,330.8646,705.0,2.1044776119402986,2.1307809184045605
1995,SVN.3.2_1,Dolenjske Toplice,112,111.0355,125.0,1.1160714285714286,1.1257656079237413
1995,SVN.3.3_1,Kocevje,543,545.407,1148.0,2.1141804788213627,2.104850015439394
1995,SVN.3.4_1,Kostel,37,35.6858,20.0,0.5405405405405406,0.5604470098131002
1995,SVN.3.5_1,Loški Potok,124,123.4977,144.0,1.1612903225806452,1.1660137353470423
1995,SVN.3.6_1,Metlika,111,113.0004,669.0,6.027027027027027,5.920331993784931
1995,SVN.3.7_1,Mirna Pec,50,48.1712,218.0,4.36,4.525526124280546
1995,SVN.3.8_1,Novo Mesto,296,300.285,3078.0,10.39864864864865,10.250262300519745
1995,SVN.3.9_1,Osilnica,32,31.0875,0.0,0.0,0.0
1995,SVN.3.10_1,Ribnica,160,155.756,783.0,4.89375,5.027092945860242
1995,SVN.3.11_1,Semic,149,148.9731,225.0,1.5100671140939597,1.5103394607154403
1995,SVN.3.12_1,Šentjernej,100,100.1929,464.0,4.64,4.631065021037598
1995,SVN.3.13_1,Škocjan,63,61.2852,414.0,6.571428571428571,6.755304998490252
1995,SVN.3.14_1,Sodražica,50,49.9829,154.0,3.08,3.0810517150897327
1995,SVN.3.15_1,Trebnje,311,317.9015,1735.0,5.578778135048232,5.457664980452535
1995,SVN.3.16_1,Žužemberk,168,162.6138,254.0,1.5119047619047619,1.5619829375649907
1995,SVN.4.1_1,Črna na Koroškem,155,152.0071,237.0,1.5290322580645161,1.5591374975987218
1995,SVN.4.2_1,Dravograd,100,101.2156,666.0,6.66,6.58001312077747
1995,SVN.4.3_1,Mežica,26,25.1048,206.0,7.923076923076923,8.205589936579942
1995,SVN.4.4_1,Mislinja,113,113.4849,430.0,3.8053097345132745,3.7890505215215864
1995,SVN.4.5_1,Muta,38,37.5131,169.0,4.447368421052632,4.505094365738846
1995,SVN.4.6_1,Podvelka,109,106.5864,291.0,2.669724770642202,2.7301797697092227
1995,SVN.4.7_1,Prevalje,49,53.1459,399.0,8.142857142857142,7.5076303551930526
1995,SVN.4.8_1,Radlje ob Dravi,92,93.2679,405.0,4.4021739130434785,4.342330060525584
1995,SVN.4.9_1,Ravne na Koroškem,65,64.9398,615.0,9.461538461538462,9.470302784539626
1995,SVN.4.10_1,Ribnica na Pohorju,60,59.5312,66.0,1.1,1.1086615220556426
1995,SVN.4.11_1,Slovenj Gradec,181,175.7583,1561.0,8.624309392265193,8.881513951163676
1995,SVN.4.12_1,Vuzenica,49,49.955,212.0,4.326530612244898,4.243817930249866
1995,SVN.5.1_1,Bloke,74,75.5663,127.0,1.7162162162162162,1.6806439838170988
1995,SVN.5.2_1,Cerknica,245,243.7275,682.0,2.783673469387755,2.798207190043676
1995,SVN.5.3_1,Ilirska Bistrica,474,469.8196,2053.0,4.331223628691983,4.3697623415428986
1995,SVN.5.4_1,Loška Dolina,166,166.6122,157.0,0.9457831325301205,0.9423079282634546
1995,SVN.5.5_1,Pivka,225,224.9807,809.0,3.5955555555555554,3.5958647770896297
1995,SVN.5.6_1,Postojna,272,271.1278,1902.0,6.992647058823529,7.015142425041519
1995,SVN.6.1_1,Divaca,144,147.4596,775.0,5.381944444444445,5.25567819337525
1995,SVN.6.2_1,Hrpelje-Kozina,187,185.866,927.0,4.957219251336898,4.9874642926448445
1995,SVN.6.3_1,Izola,26,24.2792,749.0,28.807692307692307,30.849415585415187
1995,SVN.6.4_1,Komen,94,90.9951,735.0,7.819148936170213,8.077357247817192
1995,SVN.6.5_1,Koper,290,291.0771,4482.0,15.455172413793104,15.39798020443624
1995,SVN.6.6_1,Piran,28,27.7566,645.0,23.035714285714285,23.237678559144218
1995,SVN.6.7_1,Sežana,177,177.7348,1706.0,9.638418079096045,9.598572371696582
1995,SVN.7.1_1,Borovnica,40,42.2423,263.0,6.575,6.2259860331970795
1995,SVN.7.2_1,Brezovica,88,89.8349,1010.0,11.477272727272727,11.242841987844805
1995,SVN.7.3_1,Dobrepolje,93,95.3671,388.0,4.172043010752688,4.068491079496126
1995,SVN.7.4_1,Dobrova-Polhov Gradec,111,117.3249,1141.0,10.27927927927928,9.725130237515803
1995,SVN.7.5_1,Dol pri Ljubljani,36,33.5133,607.0,16.86111111111111,18.112224236625355
1995,SVN.7.6_1,Domžale,73,71.6483,2121.0,29.054794520547944,29.60295260763103
1995,SVN.7.7_1,Grosuplje,136,134.7405,1458.0,10.720588235294118,10.820799134567054
1995,SVN.7.8_1,Horjul,33,32.6953,381.0,11.545454545454545,11.653051603751278
1995,SVN.7.9_1,Ig,103,99.6528,943.0,9.155339805825243,9.462850460459086
1995,SVN.7.10_1,Ivancna Gorica,231,229.5426,1032.0,4.467532467532467,4.495897771658416
1995,SVN.7.11_1,Kamnik,262,264.6744,1488.0,5.679389312977099,5.622001043655775
1995,SVN.7.12_1,Komenda,25,24.2478,404.0,16.16,16.661320038944083
1995,SVN.7.13_1,Litija,320,319.2343,1417.0,4.428125,4.43874652356797
1995,SVN.7.14_1,Ljubljana,275,276.4294,10077.0,36.64363636363636,36.45415264466283
1995,SVN.7.15_1,Logatec,173,172.2888,796.0,4.601156069364162,4.620149956576507
1995,SVN.7.16_1,Lukovica,75,75.1131,707.0,9.426666666666666,9.412473171488328
1995,SVN.7.17_1,Medvode,75,76.3493,1586.0,21.14666666666667,20.77293537642913
1995,SVN.7.18_1,Mengeš,22,21.4582,690.0,31.363636363636363,32.15552476688598
1995,SVN.7.19_1,Moravce,60,61.357,503.0,8.383333333333333,8.197918322196205
1995,SVN.7.20_1,Škofljica,39,41.8098,754.0,19.333333333333332,18.034059351459714
1995,SVN.7.21_1,Trzin,8,8.5875,347.0,43.375,40.407556311632206
1995,SVN.7.22_1,Velike Lašče,103,102.246,547.0,5.310679611650485,5.349843498929345
1995,SVN.7.23_1,Vodice,34,32.1413,613.0,18.029411764705884,19.072030716120118
1995,SVN.7.24_1,Vrhnika,128,123.5543,1448.0,11.3125,11.719546472125284
1995,SVN.8.1_1,Benedikt,24,23.6001,222.0,9.25,9.406742490861646
1995,SVN.8.2_1,Cerkvenjak,21,23.3141,156.0,7.428571428571429,6.6912344403545685
1995,SVN.8.3_1,Destrnik,35,34.9829,301.0,8.6,8.60420332364183
1995,SVN.8.4_1,Dornava,25,27.7855,182.0,7.28,6.5501721738642615
1995,SVN.8.5_1,Duplek,35,36.6236,466.0,13.314285714285715,12.724045042391873
1995,SVN.8.6_1,Gorišnica,62,58.8136,538.0,8.67741935483871,9.147549620940119
1995,SVN.8.7_1,Hajdina,23,22.2098,428.0,18.608695652173914,19.270814915133194
1995,SVN.8.8_1,Hoce-Slivnica,54,53.0168,1410.0,26.11111111111111,26.59534735342983
1995,SVN.8.9_1,Juršinci,39,36.4549,241.0,6.17948717948718,6.61090082855877
1995,SVN.8.10_1,Kidricevo,72,72.2552,804.0,11.166666666666666,11.127224229306009
1995,SVN.8.11_1,Kungota,49,49.2311,608.0,12.408163265306122,12.349923578171992
1995,SVN.8.12_1,Lenart,119,118.6381,1274.0,10.705882352941176,10.738540319423374
1995,SVN.8.13_1,Lovrenc na Pohorju,88,84.3319,323.0,3.6704545454545454,3.8301029796681125
1995,SVN.8.14_1,Majšperk,76,73.049,369.0,4.855263157894737,5.051401314800245
1995,SVN.8.15_1,Maribor,148,148.2768,4834.0,32.66216216216216,32.6011917551395
1995,SVN.8.16_1,Markovci,32,30.1473,341.0,10.65625,11.311116747657973
1995,SVN.8.17_1,Miklavž na Dravskem Polju,15,12.6428,370.0,24.666666666666668,29.265612450098395
1995,SVN.8.18_1,Oplotnica,33,33.4925,421.0,12.757575757575758,12.569974935522993
1995,SVN.8.19_1,Ormož,202,203.3344,1465.0,7.252475247524752,7.20488200052408
1995,SVN.8.20_1,Pesnica,75,74.2044,922.0,12.293333333333333,12.425144368219998
1995,SVN.8.21_1,Podlehnik,50,50.6164,308.0,6.16,6.0849818842219845
1995,SVN.8.22_1,Ptuj,69,65.9821,1490.0,21.594202898550726,22.581877931955397
1995,SVN.8.23_1,Race-Fram,49,50.2968,727.0,14.83673469387755,14.454198568424694
1995,SVN.8.24_1,Ruše,58,59.7856,498.0,8.586206896551724,8.329759273243441
1995,SVN.8.25_1,Selnica ob Dravi,61,61.063,623.0,10.21311475409836,10.202570283214428
1995,SVN.8.26_1,Šentilj,57,59.2267,914.0,16.035087719298247,15.432238063776431
1995,SVN.8.27_1,Slovenska Bistrica,335,335.0452,2798.0,8.35223880597015,8.351113231515916
1995,SVN.8.28_1,Starše,33,34.3011,416.0,12.606060606060606,12.127892984629375
1995,SVN.8.29_1,Sveta Ana,40,38.4319,373.0,9.325,9.705481527726471
1995,SVN.8.30_1,Sveti Andraž v Slovenskih Gorica,17,17.2853,121.0,7.117647058823529,7.000178827906499
1995,SVN.8.31_1,Trnovska Vas,22,22.4787,171.0,7.7727272727272725,7.607211799587562
1995,SVN.8.32_1,Videm,72,70.8118,608.0,8.444444444444445,8.586141031833872
1995,SVN.8.33_1,Zavrc,12,12.6615,94.0,7.833333333333333,7.424055588724839
1995,SVN.8.34_1,Žetale,36,36.6322,105.0,2.9166666666666665,2.8663272710695145
1995,SVN.9.1_1,Beltinci,63,62.0632,723.0,11.476190476190476,11.649424049259737
1995,SVN.9.2_1,Cankova,26,26.5785,159.0,6.115384615384615,5.982287587479404
1995,SVN.9.3_1,Črenšovci,32,31.9352,352.0,11.0,11.02230909701803
1995,SVN.9.4_1,Dobrovnik,33,34.006,284.0,8.606060606060606,8.351462764953961
1995,SVN.9.5_1,Gornja Radgona,122,120.5406,1119.0,9.172131147540984,9.283178723365475
1995,SVN.9.6_1,Gornji Petrovci,63,63.9394,328.0,5.2063492063492065,5.129855930662832
1995,SVN.9.7_1,Grad,40,36.7113,231.0,5.775,6.292348241652777
1995,SVN.9.8_1,Hodoš,22,23.8037,119.0,5.409090909090909,4.999222456788917
1995,SVN.9.9_1,Kobilje,19,19.2954,11.0,0.5789473684210527,0.5700833306256781
1995,SVN.9.10_1,Križevci,47,47.0896,295.0,6.276595744680851,6.264655156172388
1995,SVN.9.11_1,Kuzma,17,17.095,85.0,5.0,4.972221765207516
1995,SVN.9.12_1,Lendava,108,110.1086,1275.0,11.805555555555555,11.579476631851561
1995,SVN.9.13_1,Ljutomer,111,108.5309,893.0,8.045045045045045,8.228071927743269
1995,SVN.9.14_1,Moravske Toplice,142,143.39,648.0,4.563380281690141,4.519142497829071
1995,SVN.9.15_1,Murska Sobota,68,65.8851,1333.0,19.602941176470587,20.232185236076496
1995,SVN.9.16_1,Odranci,8,7.8191,100.0,12.5,12.789150787308206
1995,SVN.9.17_1,Puconci,108,106.0635,666.0,6.166666666666667,6.279258627010164
1995,SVN.9.18_1,Radenci,35,33.8123,443.0,12.657142857142857,13.10174577985168
1995,SVN.9.19_1,Razkrižje,6,6.9318,60.0,10.0,8.655755898871217
1995,SVN.9.20_1,Rogašovci,31,31.9244,196.0,6.32258064516129,6.139509337471886
1995,SVN.9.21_1,Šalovci,53,50.5578,204.0,3.849056603773585,4.034983282973623
1995,SVN.9.22_1,Sveti Jurij,48,51.1951,313.0,6.520833333333333,6.113866561489172
1995,SVN.9.23_1,Tišina,33,35.3877,357.0,10.818181818181818,10.088255008973752
1995,SVN.9.24_1,Turnišče,20,22.9794,196.0,9.8,8.529360919177222
1995,SVN.9.25_1,Velika Polana,24,24.1079,195.0,8.125,8.088640814330477
1995,SVN.9.26_1,Veržej,12,11.769,104.0,8.666666666666666,8.83675770297063
1995,SVN.10.1_1,Bistrica ob Sotli,61,56.0788,495.0,8.114754098360656,8.826872599765778
1995,SVN.10.2_1,Braslovce,58,55.9005,549.0,9.46551724137931,9.821022490994519
1995,SVN.10.3_1,Celje,96,96.8336,2824.0,29.416666666666668,29.163439662810216
1995,SVN.10.4_1,Dobje,17,17.4869,139.0,8.176470588235293,7.948810483910187
1995,SVN.10.5_1,Dobrna,33,32.2669,320.0,9.696969696969697,9.917281770788119
1995,SVN.10.6_1,Gornji Grad,90,91.0047,261.0,2.9,2.867983316001538
1995,SVN.10.7_1,Kozje,87,88.5434,621.0,7.137931034482759,7.013511767944906
1995,SVN.10.8_1,Laško,205,201.4876,1513.0,7.380487804878049,7.509148049220447
1995,SVN.10.9_1,Ljubno,79,79.362,206.0,2.607594936708861,2.5957016869379013
1995,SVN.10.10_1,Luce,112,110.3298,98.0,0.875,0.8882455767071991
1995,SVN.10.11_1,Mozirje,83,84.7599,643.0,7.746987951807229,7.586132669076831
1995,SVN.10.12_1,Nazarje,44,43.6766,274.0,6.2272727272727275,6.273387274270439
1995,SVN.10.13_1,Podcetrtek,30,29.5669,252.0,8.4,8.52305224039642
1995,SVN.10.14_1,Polzela,33,34.477,411.0,12.454545454545455,11.920987319139275
1995,SVN.10.15_1,Prebold,42,41.0779,452.0,10.761904761904763,11.003488210421335
1995,SVN.10.16_1,Radece,53,52.1379,360.0,6.7924528301886795,6.904763510603183
1995,SVN.10.17_1,Rogaška Slatina,68,70.8401,1144.0,16.823529411764707,16.149054054512998
1995,SVN.10.18_1,Rogatec,43,46.8711,456.0,10.604651162790697,9.728818263508606
1995,SVN.10.19_1,Šentjur pri Celju,224,223.8178,1999.0,8.924107142857142,8.93137289990106
1995,SVN.10.20_1,Slovenske Konjice,98,98.3364,1169.0,11.928571428571429,11.887762132203367
1995,SVN.10.21_1,Šmarje pri Jelšah,112,109.0515,894.0,7.982142857142857,8.197961780983558
1995,SVN.10.22_1,Šmartno ob Paki,17,17.0321,197.0,11.588235294117647,11.566366031104085
1995,SVN.10.23_1,Solcava,94,98.1425,93.0,0.9893617021276596,0.9476021588693281
1995,SVN.10.24_1,Šoštanj,99,96.868,1012.0,10.222222222222221,10.447201546856283
1995,SVN.10.25_1,Štore,29,28.5396,406.0,14.0,14.225846845273567
1995,SVN.10.26_1,Tabor,34,33.8269,201.0,5.911764705882353,5.94201859935633
1995,SVN.10.27_1,Velenje,83,84.3401,1763.0,21.240963855421686,20.903472026042333
1995,SVN.10.28_1,Vitanje,59,60.4406,222.0,3.76271186440678,3.673030322084693
1995,SVN.10.29_1,Vojnik,80,76.9489,1025.0,12.8125,13.320534052741811
1995,SVN.10.30_1,Vransko,52,54.1537,295.0,5.673076923076923,5.4474581358543945
1995,SVN.10.31_1,Žalec,117,117.1442,1747.0,14.931623931623932,14.91324985949989
1995,SVN.10.32_1,Zrece,62,65.8808,661.0,10.661290322580646,10.033273055285889
1995,SVN.11.1_1,Brežice,248,245.6913,3046.0,12.28225806451613,12.397671692979442
1995,SVN.11.2_1,Krško,340,340.9379,3323.0,9.773529411764706,9.746644148262552
1995,SVN.11.3_1,Sevnica,280,278.6841,1547.0,5.525,5.551087884439114
1995,SVN.12.1_1,Hrastnik,56,58.2381,654.0,11.678571428571429,11.229762825578188
1995,SVN.12.2_1,Trbovlje,60,57.9159,937.0,15.616666666666667,16.178635475315737
1995,SVN.12.3_1,Zagorje ob Savi,145,147.3849,1084.0,7.475862068965517,7.354893387763308
1996,SVN.1.1_1,Bled,187,187.7102,1718.0,9.18716577540107,9.15240829700982
1996,SVN.1.2_1,Bohinj,331,330.4201,862.0,2.604229607250755,2.6087998435747335
1996,SVN.1.3_1,Cerklje na Gorenjskem,74,77.1957,1166.0,15.756756756756756,15.104465922201934
1996,SVN.1.4_1,Gorenja Vas-Poljane,152,151.5701,498.0,3.276315789473684,3.2856077763228884
1996,SVN.1.5_1,Jesenice,75,74.7956,1656.0,22.08,22.140326669831907
1996,SVN.1.6_1,Jezersko,73,70.5865,64.0,0.8767123287671232,0.9066892046292344
1996,SVN.1.7_1,Kranj,146,145.7396,2946.0,20.17808219178082,20.214134049614657
1996,SVN.1.8_1,Kranjska Gora,244,249.6461,1593.0,6.528688524590164,6.381034174284828
1996,SVN.1.9_1,Naklo,28,27.6347,439.0,15.678571428571429,15.885819755078217
1996,SVN.1.10_1,Preddvor,88,86.0439,346.0,3.9318181818181817,4.021204378795612
1996,SVN.1.11_1,Radovljica,117,116.9011,1590.0,13.58974358974359,13.601245332580024
1996,SVN.1.12_1,Šenčur,46,42.6248,1120.0,24.347826086956523,26.275771909062144
1996,SVN.1.13_1,Škofja Loka,145,144.4252,1538.0,10.606896551724137,10.649112586913843
1996,SVN.1.14_1,Tržič,157,156.9897,1014.0,6.45859872611465,6.459023896810928
1996,SVN.1.15_1,Železniki,163,163.136,393.0,2.411042944785276,2.409032696056104
1996,SVN.1.16_1,Žiri,51,49.568,343.0,6.7254901960784315,6.919786918468197
1996,SVN.1.17_1,Žirovnica,42,42.0999,481.0,11.452380952380953,11.425218075592289
1996,SVN.2.1_1,Ajdovščina,241,240.3435,1177.0,4.8838174273858925,4.897158253904014
1996,SVN.2.2_1,Bovec,383,382.1081,245.0,0.639686684073107,0.6411797773844763
1996,SVN.2.3_1,Brda,62,61.2313,612.0,9.870967741935484,9.994893420428259
1996,SVN.2.4_1,Cerkno,130,131.479,344.0,2.646153846153846,2.6163865419992005
1996,SVN.2.5_1,Idrija,292,295.2119,963.0,3.297945205479452,3.262063324487276
1996,SVN.2.6_1,Kanal,129,132.6271,839.0,6.503875968992248,6.326008260786651
1996,SVN.2.7_1,Kobarid,188,190.1235,412.0,2.1914893617021276,2.16701260194598
1996,SVN.2.8_1,Miren-Kostanjevica,49,46.6248,515.0,10.510204081632653,11.045632071514447
1996,SVN.2.9_1,Nova Gorica,295,297.6162,2274.0,7.708474576271186,7.640713833571444
1996,SVN.2.10_1,Šempeter-Vrtojba,7,7.7338,244.0,34.857142857142854,31.549766786169343
1996,SVN.2.11_1,Tolmin,385,384.2645,633.0,1.6441558441558441,1.6473028148175943
1996,SVN.2.12_1,Vipava,112,108.4008,639.0,5.705357142857143,5.894788096335917
1996,SVN.3.1_1,Crnomelj,335,330.8646,1000.0,2.985074626865672,3.022384281424909
1996,SVN.3.2_1,Dolenjske Toplice,112,111.0355,133.0,1.1875,1.1978146068308606
1996,SVN.3.3_1,Kocevje,543,545.407,1340.0,2.467771639042357,2.4568806800424987
1996,SVN.3.4_1,Kostel,37,35.6858,21.0,0.5675675675675675,0.5884693603037553
1996,SVN.3.5_1,Loški Potok,124,123.4977,172.0,1.3870967741935485,1.3927386283311893
1996,SVN.3.6_1,Metlika,111,113.0004,791.0,7.126126126126126,6.99997400162015
1996,SVN.3.7_1,Mirna Pec,50,48.1712,307.0,6.14,6.373103303459302
1996,SVN.3.8_1,Novo Mesto,296,300.285,3585.0,12.111486486486486,11.938658332476702
1996,SVN.3.9_1,Osilnica,32,31.0875,85.0,2.65625,2.7342143339134988
1996,SVN.3.10_1,Ribnica,160,155.756,1085.0,6.78125,6.9660227921562745
1996,SVN.3.11_1,Semic,149,148.9731,276.0,1.8523489932885906,1.8526830718109402
1996,SVN.3.12_1,Šentjernej,100,100.1929,632.0,6.32,6.307829942447762
1996,SVN.3.13_1,Škocjan,63,61.2852,484.0,7.682539682539683,7.897506326737396
1996,SVN.3.14_1,Sodražica,50,49.9829,218.0,4.36,4.361488791490661
1996,SVN.3.15_1,Trebnje,311,317.9015,2016.0,6.482315112540193,6.3415865133096885
1996,SVN.3.16_1,Žužemberk,168,162.6138,665.0,3.9583333333333335,4.089443517640625
1996,SVN.4.1_1,Črna na Koroškem,155,152.0071,267.0,1.7225806451612904,1.7564966745099524
1996,SVN.4.2_1,Dravograd,100,101.2156,801.0,8.01,7.9137995641783085
1996,SVN.4.3_1,Mežica,26,25.1048,256.0,9.846153846153847,10.197237979439151
1996,SVN.4.4_1,Mislinja,113,113.4849,453.0,4.008849557522124,3.991720665695997
1996,SVN.4.5_1,Muta,38,37.5131,195.0,5.131578947368421,5.198185806621745
1996,SVN.4.6_1,Podvelka,109,106.5864,332.0,3.0458715596330275,3.11484427334523
1996,SVN.4.7_1,Prevalje,49,53.1459,428.0,8.73469387755102,8.053297724367486
1996,SVN.4.8_1,Radlje ob Dravi,92,93.2679,446.0,4.8478260869565215,4.781923967887433
1996,SVN.4.9_1,Ravne na Koroškem,65,64.9398,689.0,10.6,10.609818891947645
1996,SVN.4.10_1,Ribnica na Pohorju,60,59.5312,71.0,1.1833333333333333,1.192651031302282
1996,SVN.4.11_1,Slovenj Gradec,181,175.7583,1740.0,9.613259668508288,9.89995789559564
1996,SVN.4.12_1,Vuzenica,49,49.955,241.0,4.918367346938775,4.82434019429348
1996,SVN.5.1_1,Bloke,74,75.5663,162.0,2.189189189189189,2.143813585656457
1996,SVN.5.2_1,Cerknica,245,243.7275,762.0,3.110204081632653,3.1264426375561305
1996,SVN.5.3_1,Ilirska Bistrica,474,469.8196,2126.0,4.485232067510548,4.525141129137946
1996,SVN.5.4_1,Loška Dolina,166,166.6122,225.0,1.355421686746988,1.3504412984667342
1996,SVN.5.5_1,Pivka,225,224.9807,808.0,3.591111111111111,3.5914199504183197
1996,SVN.5.6_1,Postojna,272,271.1278,2006.0,7.375,7.398725396757775
1996,SVN.6.1_1,Divaca,144,147.4596,770.0,5.347222222222222,5.221770592127667
1996,SVN.6.2_1,Hrpelje-Kozina,187,185.866,918.0,4.909090909090909,4.939042309221108
1996,SVN.6.3_1,Izola,26,24.2792,751.0,28.884615384615383,30.931790526898272
1996,SVN.6.4_1,Komen,94,90.9951,745.0,7.925531914893617,8.187253264794297
1996,SVN.6.5_1,Koper,290,291.0771,4465.0,15.39655172413793,15.339576441947305
1996,SVN.6.6_1,Piran,28,27.7566,645.0,23.035714285714285,23.237678559144218
1996,SVN.6.7_1,Sežana,177,177.7348,1786.0,10.090395480225988,10.048681275410372
1996,SVN.7.1_1,Borovnica,40,42.2423,293.0,7.325,6.936174554094085
1996,SVN.7.2_1,Brezovica,88,89.8349,1161.0,13.193181818181818,12.923702522661207
1996,SVN.7.3_1,Dobrepolje,93,95.3671,505.0,5.43010752688172,5.295329884395731
1996,SVN.7.4_1,Dobrova-Polhov Gradec,111,117.3249,1240.0,11.17117117117117,10.568940836564062
1996,SVN.7.5_1,Dol pri Ljubljani,36,33.5133,756.0,21.0,22.558223266703077
1996,SVN.7.6_1,Domžale,73,71.6483,2526.0,34.602739726027394,35.25556732054501
1996,SVN.7.7_1,Grosuplje,136,134.7405,1901.0,13.977941176470589,14.108600243355259
1996,SVN.7.8_1,Horjul,33,32.6953,436.0,13.212121212121213,13.335250654161566
1996,SVN.7.9_1,Ig,103,99.6528,1077.0,10.45631067961165,10.807518500439485
1996,SVN.7.10_1,Ivancna Gorica,231,229.5426,1511.0,6.541125541125541,6.58265652420142
1996,SVN.7.11_1,Kamnik,262,264.6744,1738.0,6.633587786259542,6.5665576706140705
1996,SVN.7.12_1,Komenda,25,24.2478,452.0,18.08,18.640882815848332
1996,SVN.7.13_1,Litija,320,319.2343,1569.0,4.903125,4.914885882482813
1996,SVN.7.14_1,Ljubljana,275,276.4294,11223.0,40.81090909090909,40.59987646432975
1996,SVN.7.15_1,Logatec,173,172.2888,898.0,5.190751445086705,5.212179222368974
1996,SVN.7.16_1,Lukovica,75,75.1131,869.0,11.586666666666666,11.56922091375298
1996,SVN.7.17_1,Medvode,75,76.3493,1783.0,23.773333333333333,23.353180186742204
1996,SVN.7.18_1,Mengeš,22,21.4582,756.0,34.36363636363637,35.23127061415334
1996,SVN.7.19_1,Moravce,60,61.357,611.0,10.183333333333334,9.958107544457022
1996,SVN.7.20_1,Škofljica,39,41.8098,1039.0,26.641025641025642,24.8506467721043
1996,SVN.7.21_1,Trzin,8,8.5875,377.0,47.125,43.90100498410761
1996,SVN.7.22_1,Velike Lašče,103,102.246,583.0,5.660194174757281,5.701935575641331
1996,SVN.7.23_1,Vodice,34,32.1413,721.0,21.205882352941178,22.432192734620887
1996,SVN.7.24_1,Vrhnika,128,123.5543,1644.0,12.84375,13.305893922772077
1996,SVN.8.1_1,Benedikt,24,23.6001,245.0,10.208333333333334,10.38131491108605
1996,SVN.8.2_1,Cerkvenjak,21,23.3141,160.0,7.619047619047619,6.862804554209814
1996,SVN.8.3_1,Destrnik,35,34.9829,312.0,8.914285714285715,8.918642647761631
1996,SVN.8.4_1,Dornava,25,27.7855,190.0,7.6,6.8380918298582944
1996,SVN.8.5_1,Duplek,35,36.6236,492.0,14.057142857142857,13.433970302267815
1996,SVN.8.6_1,Gorišnica,62,58.8136,627.0,10.112903225806452,10.660805970872593
1996,SVN.8.7_1,Hajdina,23,22.2098,477.0,20.73913043478261,21.477053071304987
1996,SVN.8.8_1,Hoce-Slivnica,54,53.0168,1486.0,27.51851851851852,28.028855437728176
1996,SVN.8.9_1,Juršinci,39,36.4549,245.0,6.282051282051282,6.720625323638584
1996,SVN.8.10_1,Kidricevo,72,72.2552,849.0,11.791666666666666,11.750016630200001
1996,SVN.8.11_1,Kungota,49,49.2311,676.0,13.795918367346939,13.731165030993859
1996,SVN.8.12_1,Lenart,119,118.6381,1363.0,11.453781512605042,11.488720922585603
1996,SVN.8.13_1,Lovrenc na Pohorju,88,84.3319,361.0,4.1022727272727275,4.280703330217302
1996,SVN.8.14_1,Majšperk,76,73.049,418.0,5.5,5.722183603215454
1996,SVN.8.15_1,Maribor,148,148.2768,4974.0,33.608108108108105,33.545371905267665
1996,SVN.8.16_1,Markovci,32,30.1473,449.0,14.03125,14.893523224922081
1996,SVN.8.17_1,Miklavž na Dravskem Polju,15,12.6428,398.0,26.533333333333335,31.48030744632206
1996,SVN.8.18_1,Oplotnica,33,33.4925,448.0,13.575757575757576,13.376125347064848
1996,SVN.8.19_1,Ormož,202,203.3344,1553.0,7.688118811881188,7.637666721374672
1996,SVN.8.20_1,Pesnica,75,74.2044,1090.0,14.533333333333333,14.68916199713644
1996,SVN.8.21_1,Podlehnik,50,50.6164,338.0,6.76,6.6776749248929566
1996,SVN.8.22_1,Ptuj,69,65.9821,1564.0,22.666666666666668,23.703394017166605
1996,SVN.8.23_1,Race-Fram,49,50.2968,833.0,17.0,16.561688318428846
1996,SVN.8.24_1,Ruše,58,59.7856,554.0,9.551724137931034,9.266439030877242
1996,SVN.8.25_1,Selnica ob Dravi,61,61.063,628.0,10.295081967213115,10.284452869757079
1996,SVN.8.26_1,Šentilj,57,59.2267,1091.0,19.140350877192983,18.42075681354495
1996,SVN.8.27_1,Slovenska Bistrica,335,335.0452,3027.0,9.035820895522388,9.03460319935621
1996,SVN.8.28_1,Starše,33,34.3011,439.0,13.303030303030303,12.798425529452635
1996,SVN.8.29_1,Sveta Ana,40,38.4319,403.0,10.075,10.486083259179003
1996,SVN.8.30_1,Sveti Andraž v Slovenskih Gorica,17,17.2853,122.0,7.176470588235294,7.058031545492503
1996,SVN.8.31_1,Trnovska Vas,22,22.4787,176.0,8.0,7.8296448931427545
1996,SVN.8.32_1,Videm,72,70.8118,650.0,9.027777777777779,9.179262616269765
1996,SVN.8.33_1,Zavrc,12,12.6615,106.0,8.833333333333334,8.371807366008861
1996,SVN.8.34_1,Žetale,36,36.6322,131.0,3.638888888888889,3.5760845000962513
1996,SVN.9.1_1,Beltinci,63,62.0632,801.0,12.714285714285714,12.906208386524272
1996,SVN.9.2_1,Cankova,26,26.5785,168.0,6.461538461538462,6.32090763960088
1996,SVN.9.3_1,Črenšovci,32,31.9352,404.0,12.625,12.650604759077513
1996,SVN.9.4_1,Dobrovnik,33,34.006,290.0,8.787878787878787,8.52790211914313
1996,SVN.9.5_1,Gornja Radgona,122,120.5406,1197.0,9.811475409836065,9.930263567353418
1996,SVN.9.6_1,Gornji Petrovci,63,63.9394,342.0,5.428571428571429,5.348813195996002
1996,SVN.9.7_1,Grad,40,36.7113,260.0,6.5,7.082296722206589
1996,SVN.9.8_1,Hodoš,22,23.8037,140.0,6.363636363636363,5.88143818445755
1996,SVN.9.9_1,Kobilje,19,19.2954,11.0,0.5789473684210527,0.5700833306256781
1996,SVN.9.10_1,Križevci,47,47.0896,319.0,6.787234042553192,6.7743220163355655
1996,SVN.9.11_1,Kuzma,17,17.095,102.0,6.0,5.9666661182490195
1996,SVN.9.12_1,Lendava,108,110.1086,1447.0,13.398148148148149,13.141570734344478
1996,SVN.9.13_1,Ljutomer,111,108.5309,948.0,8.54054054054054,8.734840075588599
1996,SVN.9.14_1,Moravske Toplice,142,143.39,805.0,5.669014084507042,5.614058195605558
1996,SVN.9.15_1,Murska Sobota,68,65.8851,1429.0,21.014705882352942,21.689266843475853
1996,SVN.9.16_1,Odranci,8,7.8191,118.0,14.75,15.091197929023682
1996,SVN.9.17_1,Puconci,108,106.0635,709.0,6.564814814814815,6.68467622605136
1996,SVN.9.18_1,Radenci,35,33.8123,518.0,14.8,15.319874297885258
1996,SVN.9.19_1,Razkrižje,6,6.9318,60.0,10.0,8.655755898871217
1996,SVN.9.20_1,Rogašovci,31,31.9244,214.0,6.903225806451613,6.7033418276478764
1996,SVN.9.21_1,Šalovci,53,50.5578,284.0,5.3584905660377355,5.6173296684534755
1996,SVN.9.22_1,Sveti Jurij,48,51.1951,318.0,6.625,6.21153216151296
1996,SVN.9.23_1,Tišina,33,35.3877,392.0,11.878787878787879,11.077299617696667
1996,SVN.9.24_1,Turnišče,20,22.9794,206.0,10.3,8.964532394645447
1996,SVN.9.25_1,Velika Polana,24,24.1079,212.0,8.833333333333334,8.793804372502876
1996,SVN.9.26_1,Veržej,12,11.769,116.0,9.666666666666666,9.856383591774932
1996,SVN.10.1_1,Bistrica ob Sotli,61,56.0788,559.0,9.163934426229508,9.96812481468499
1996,SVN.10.2_1,Braslovce,58,55.9005,603.0,10.39655172413793,10.787024703223487
1996,SVN.10.3_1,Celje,96,96.8336,3030.0,31.5625,31.290801054644103
1996,SVN.10.4_1,Dobje,17,17.4869,156.0,9.176470588235293,8.920967161798483
1996,SVN.10.5_1,Dobrna,33,32.2669,325.0,9.848484848484848,10.072239298456683
1996,SVN.10.6_1,Gornji Grad,90,91.0047,255.0,2.8333333333333335,2.802052665058974
1996,SVN.10.7_1,Kozje,87,88.5434,622.0,7.149425287356322,7.024805667732257
1996,SVN.10.8_1,Laško,205,201.4876,1655.0,8.073170731707316,8.21390616091199
1996,SVN.10.9_1,Ljubno,79,79.362,222.0,2.810126582278481,2.7973095849524956
1996,SVN.10.10_1,Luce,112,110.3298,109.0,0.9732142857142857,0.9879466108273949
1996,SVN.10.11_1,Mozirje,83,84.7599,673.0,8.108433734939759,7.940073540106855
1996,SVN.10.12_1,Nazarje,44,43.6766,305.0,6.931818181818182,6.9831500680747585
1996,SVN.10.13_1,Podcetrtek,30,29.5669,305.0,10.166666666666666,10.315598941749636
1996,SVN.10.14_1,Polzela,33,34.477,489.0,14.818181818181818,14.183364474596363
1996,SVN.10.15_1,Prebold,42,41.0779,536.0,12.761904761904763,13.048384249526185
1996,SVN.10.16_1,Radece,53,52.1379,408.0,7.69811320754717,7.825398645350274
1996,SVN.10.17_1,Rogaška Slatina,68,70.8401,1153.0,16.955882352941178,16.27610080843836
1996,SVN.10.18_1,Rogatec,43,46.8711,488.0,11.348837209302326,10.411542352175877
1996,SVN.10.19_1,Šentjur pri Celju,224,223.8178,2223.0,9.924107142857142,9.932187071775916
1996,SVN.10.20_1,Slovenske Konjice,98,98.3364,1288.0,13.142857142857142,13.097893606739039
1996,SVN.10.21_1,Šmarje pri Jelšah,112,109.0515,1028.0,9.178571428571429,9.426739050169013
1996,SVN.10.22_1,Šmartno ob Paki,17,17.0321,226.0,13.294117647058824,13.269029050911284
1996,SVN.10.23_1,Solcava,94,98.1425,132.0,1.4042553191489362,1.3449837093629171
1996,SVN.10.24_1,Šoštanj,99,96.868,1143.0,11.545454545454545,11.799556687803095
1996,SVN.10.25_1,Štore,29,28.5396,461.0,15.89655172413793,16.152993585396832
1996,SVN.10.26_1,Tabor,34,33.8269,240.0,7.0588235294117645,7.094947581320991
1996,SVN.10.27_1,Velenje,83,84.3401,1875.0,22.59036144578313,22.23142940943243
1996,SVN.10.28_1,Vitanje,59,60.4406,240.0,4.067796610169491,3.970843591442911
1996,SVN.10.29_1,Vojnik,80,76.9489,1064.0,13.3,13.827364128894914
1996,SVN.10.30_1,Vransko,52,54.1537,401.0,7.711538461538462,7.404849872805465
1996,SVN.10.31_1,Žalec,117,117.1442,2074.0,17.726495726495727,17.704682431942057
1996,SVN.10.32_1,Zrece,62,65.8808,706.0,11.387096774193548,10.71632492743092
1996,SVN.11.1_1,Brežice,248,245.6913,3676.0,14.82258064516129,14.961865116018524
1996,SVN.11.2_1,Krško,340,340.9379,3869.0,11.379411764705882,11.348109000790796
1996,SVN.11.3_1,Sevnica,280,278.6841,1678.0,5.992857142857143,6.021154150025103
1996,SVN.12.1_1,Hrastnik,56,58.2381,778.0,13.892857142857142,13.358953330733685
1996,SVN.12.2_1,Trbovlje,60,57.9159,1034.0,17.233333333333334,17.853478208619503
1996,SVN.12.3_1,Zagorje ob Savi,145,147.3849,1362.0,9.393103448275863,9.241111433702606
1997,SVN.1.1_1,Bled,187,187.7102,1750.0,9.358288770053475,9.322883888106627
1997,SVN.1.2_1,Bohinj,331,330.4201,924.0,2.7915407854984893,2.7964397395163036
1997,SVN.1.3_1,Cerklje na Gorenjskem,74,77.1957,1194.0,16.135135135135137,15.467180369733368
1997,SVN.1.4_1,Gorenja Vas-Poljane,152,151.5701,536.0,3.526315789473684,3.5363168034318635
1997,SVN.1.5_1,Jesenice,75,74.7956,1679.0,22.386666666666667,22.447831206912905
1997,SVN.1.6_1,Jezersko,73,70.5865,67.0,0.9178082191780822,0.9491902610962298
1997,SVN.1.7_1,Kranj,146,145.7396,3067.0,21.006849315068493,21.044381917911796
1997,SVN.1.8_1,Kranjska Gora,244,249.6461,1623.0,6.651639344262295,6.50120430939377
1997,SVN.1.9_1,Naklo,28,27.6347,450.0,16.071428571428573,16.28386990839453
1997,SVN.1.10_1,Preddvor,88,86.0439,386.0,4.386363636363637,4.486083497731521
1997,SVN.1.11_1,Radovljica,117,116.9011,1709.0,14.606837606837606,14.619200171936642
1997,SVN.1.12_1,Šenčur,46,42.6248,1149.0,24.97826086956522,26.95612671742179
1997,SVN.1.13_1,Škofja Loka,145,144.4252,1570.0,10.827586206896552,10.870680599125315
1997,SVN.1.14_1,Tržič,157,156.9897,1048.0,6.67515923566879,6.6755986625817085
1997,SVN.1.15_1,Železniki,163,163.136,425.0,2.607361963190184,2.6051880300861177
1997,SVN.1.16_1,Žiri,51,49.568,350.0,6.862745098039215,7.061007059661425
1997,SVN.1.17_1,Žirovnica,42,42.0999,489.0,11.642857142857142,11.615242492649957
1997,SVN.2.1_1,Ajdovščina,241,240.3435,1260.0,5.228215767634855,5.242497366116448
1997,SVN.2.2_1,Bovec,383,382.1081,211.0,0.5509138381201044,0.5521997266454061
1997,SVN.2.3_1,Brda,62,61.2313,630.0,10.161290322580646,10.288860873970266
1997,SVN.2.4_1,Cerkno,130,131.479,383.0,2.9461538461538463,2.9130117604235286
1997,SVN.2.5_1,Idrija,292,295.2119,989.0,3.386986301369863,3.3501356468514185
1997,SVN.2.6_1,Kanal,129,132.6271,912.0,7.069767441860465,6.876423759043416
1997,SVN.2.7_1,Kobarid,188,190.1235,401.0,2.132978723404255,2.1091554693697523
1997,SVN.2.8_1,Miren-Kostanjevica,49,46.6248,533.0,10.877551020408163,11.431692998285826
1997,SVN.2.9_1,Nova Gorica,295,297.6162,2445.0,8.288135593220339,8.215279385700166
1997,SVN.2.10_1,Šempeter-Vrtojba,7,7.7338,258.0,36.857142857142854,33.35999930668726
1997,SVN.2.11_1,Tolmin,385,384.2645,613.0,1.5922077922077922,1.5952553325168806
1997,SVN.2.12_1,Vipava,112,108.4008,662.0,5.910714285714286,6.10696356772203
1997,SVN.3.1_1,Crnomelj,335,330.8646,1136.0,3.391044776119403,3.4334285436986964
1997,SVN.3.2_1,Dolenjske Toplice,112,111.0355,160.0,1.4285714285714286,1.4409799781423887
1997,SVN.3.3_1,Kocevje,543,545.407,1390.0,2.559852670349908,2.5485553322828904
1997,SVN.3.4_1,Kostel,37,35.6858,69.0,1.864864864864865,1.9335421838551958
1997,SVN.3.5_1,Loški Potok,124,123.4977,189.0,1.5241935483870968,1.530393027642993
1997,SVN.3.6_1,Metlika,111,113.0004,828.0,7.45945945945946,7.32740641383247
1997,SVN.3.7_1,Mirna Pec,50,48.1712,310.0,6.2,6.4353811859035295
1997,SVN.3.8_1,Novo Mesto,296,300.285,3581.0,12.097972972972974,11.92533765372359
1997,SVN.3.9_1,Osilnica,32,31.0875,88.0,2.75,2.830716016286916
1997,SVN.3.10_1,Ribnica,160,155.756,1105.0,6.90625,7.094428742242104
1997,SVN.3.11_1,Semic,149,148.9731,296.0,1.9865771812080537,1.9869354683189793
1997,SVN.3.12_1,Šentjernej,100,100.1929,641.0,6.41,6.397656634666164
1997,SVN.3.13_1,Škocjan,63,61.2852,484.0,7.682539682539683,7.897506326737396
1997,SVN.3.14_1,Sodražica,50,49.9829,230.0,4.6,4.601570743315835
1997,SVN.3.15_1,Trebnje,311,317.9015,2058.0,6.617363344051447,6.473702899003641
1997,SVN.3.16_1,Žužemberk,168,162.6138,762.0,4.535714285714286,4.6859488126949715
1997,SVN.4.1_1,Črna na Koroškem,155,152.0071,259.0,1.6709677419354838,1.7038675606669575
1997,SVN.4.2_1,Dravograd,100,101.2156,828.0,8.28,8.180556852858476
1997,SVN.4.3_1,Mežica,26,25.1048,258.0,9.923076923076923,10.27690390115352
1997,SVN.4.4_1,Mislinja,113,113.4849,471.0,4.168141592920354,4.150332082875971
1997,SVN.4.5_1,Muta,38,37.5131,228.0,6.0,6.07787878928081
1997,SVN.4.6_1,Podvelka,109,106.5864,383.0,3.5137614678899083,3.593329387624166
1997,SVN.4.7_1,Prevalje,49,53.1459,449.0,9.16326530612245,8.448436164114488
1997,SVN.4.8_1,Radlje ob Dravi,92,93.2679,500.0,5.434782608695652,5.360901309290845
1997,SVN.4.9_1,Ravne na Koroškem,65,64.9398,694.0,10.676923076923076,10.686813223529269
1997,SVN.4.10_1,Ribnica na Pohorju,60,59.5312,87.0,1.45,1.4614174608915287
1997,SVN.4.11_1,Slovenj Gradec,181,175.7583,1783.0,9.850828729281767,10.144612027498292
1997,SVN.4.12_1,Vuzenica,49,49.955,227.0,4.63265306122449,4.544088066824149
1997,SVN.5.1_1,Bloke,74,75.5663,164.0,2.2162162162162162,2.1702804200472774
1997,SVN.5.2_1,Cerknica,245,243.7275,773.0,3.1551020408163266,3.171575011589093
1997,SVN.5.3_1,Ilirska Bistrica,474,469.8196,2237.0,4.719409282700422,4.761402025344113
1997,SVN.5.4_1,Loška Dolina,166,166.6122,223.0,1.3433734939759037,1.3384373758136965
1997,SVN.5.5_1,Pivka,225,224.9807,822.0,3.6533333333333333,3.653647523816657
1997,SVN.5.6_1,Postojna,272,271.1278,2031.0,7.466911764705882,7.490932841881875
1997,SVN.6.1_1,Divaca,144,147.4596,788.0,5.472222222222222,5.343837956618963
1997,SVN.6.2_1,Hrpelje-Kozina,187,185.866,930.0,4.973262032085562,5.00360495378609
1997,SVN.6.3_1,Izola,26,24.2792,760.0,29.23076923076923,31.302477763572153
1997,SVN.6.4_1,Komen,94,90.9951,756.0,8.042553191489361,8.308138883469113
1997,SVN.6.5_1,Koper,290,291.0771,4591.0,15.831034482758621,15.772451387453543
1997,SVN.6.6_1,Piran,28,27.7566,645.0,23.035714285714285,23.237678559144218
1997,SVN.6.7_1,Sežana,177,177.7348,1876.0,10.598870056497175,10.555053792088387
1997,SVN.7.1_1,Borovnica,40,42.2423,293.0,7.325,6.936174554094085
1997,SVN.7.2_1,Brezovica,88,89.8349,1161.0,13.193181818181818,12.923702522661207
1997,SVN.7.3_1,Dobrepolje,93,95.3671,505.0,5.43010752688172,5.295329884395731
1997,SVN.7.4_1,Dobrova-Polhov Gradec,111,117.3249,1244.0,11.207207207207206,10.603034194101365
1997,SVN.7.5_1,Dol pri Ljubljani,36,33.5133,756.0,21.0,22.558223266703077
1997,SVN.7.6_1,Domžale,73,71.6483,2528.0,34.63013698630137,35.28348146727546
1997,SVN.7.7_1,Grosuplje,136,134.7405,1916.0,14.088235294117647,14.219925337332286
1997,SVN.7.8_1,Horjul,33,32.6953,436.0,13.212121212121213,13.335250654161566
1997,SVN.7.9_1,Ig,103,99.6528,1068.0,10.368932038834952,10.717204975366174
1997,SVN.7.10_1,Ivancna Gorica,231,229.5426,1519.0,6.575757575757576,6.617508444911951
1997,SVN.7.11_1,Kamnik,262,264.6744,1828.0,6.977099236641221,6.906598056319057
1997,SVN.7.12_1,Komenda,25,24.2478,454.0,18.16,18.723364598219344
1997,SVN.7.13_1,Litija,320,319.2343,1592.0,4.975,4.986933285476506
1997,SVN.7.14_1,Ljubljana,275,276.4294,11223.0,40.81090909090909,40.59987646432975
1997,SVN.7.15_1,Logatec,173,172.2888,850.0,4.913294797687861,4.933577214937225
1997,SVN.7.16_1,Lukovica,75,75.1131,871.0,11.613333333333333,11.59584742908958
1997,SVN.7.17_1,Medvode,75,76.3493,1783.0,23.773333333333333,23.353180186742204
1997,SVN.7.18_1,Mengeš,22,21.4582,758.0,34.45454545454545,35.3244750337675
1997,SVN.7.19_1,Moravce,60,61.357,612.0,10.2,9.974405592811287
1997,SVN.7.20_1,Škofljica,39,41.8098,1039.0,26.641025641025642,24.8506467721043
1997,SVN.7.21_1,Trzin,8,8.5875,381.0,47.625,44.366798140437666
1997,SVN.7.22_1,Velike Lašče,103,102.246,583.0,5.660194174757281,5.701935575641331
1997,SVN.7.23_1,Vodice,34,32.1413,721.0,21.205882352941178,22.432192734620887
1997,SVN.7.24_1,Vrhnika,128,123.5543,1648.0,12.875,13.33826836054038
1997,SVN.8.1_1,Benedikt,24,23.6001,245.0,10.208333333333334,10.38131491108605
1997,SVN.8.2_1,Cerkvenjak,21,23.3141,163.0,7.761904761904762,6.991482139601247
1997,SVN.8.3_1,Destrnik,35,34.9829,323.0,9.228571428571428,9.233081971881433
1997,SVN.8.4_1,Dornava,25,27.7855,212.0,8.48,7.629870883841887
1997,SVN.8.5_1,Duplek,35,36.6236,512.0,14.628571428571428,13.98006665601854
1997,SVN.8.6_1,Gorišnica,62,58.8136,654.0,10.548387096774194,11.11988373995323
1997,SVN.8.7_1,Hajdina,23,22.2098,487.0,21.17391304347826,21.927305756238006
1997,SVN.8.8_1,Hoce-Slivnica,54,53.0168,1538.0,28.48148148148148,29.009676758563888
1997,SVN.8.9_1,Juršinci,39,36.4549,274.0,7.0256410256410255,7.516127912967232
1997,SVN.8.10_1,Kidricevo,72,72.2552,939.0,13.041666666666666,12.995601431987987
1997,SVN.8.11_1,Kungota,49,49.2311,681.0,13.89795918367347,13.832726902524879
1997,SVN.8.12_1,Lenart,119,118.6381,1378.0,11.579831932773109,11.615155855702833
1997,SVN.8.13_1,Lovrenc na Pohorju,88,84.3319,390.0,4.431818181818182,4.624582545110105
1997,SVN.8.14_1,Majšperk,76,73.049,470.0,6.184210526315789,6.434034195003022
1997,SVN.8.15_1,Maribor,148,148.2768,5017.0,33.898648648648646,33.8353700942356
1997,SVN.8.16_1,Markovci,32,30.1473,453.0,14.15625,15.026204946302233
1997,SVN.8.17_1,Miklavž na Dravskem Polju,15,12.6428,398.0,26.533333333333335,31.48030744632206
1997,SVN.8.18_1,Oplotnica,33,33.4925,449.0,13.606060606060606,13.405982769714546
1997,SVN.8.19_1,Ormož,202,203.3344,1705.0,8.44059405940594,8.385203966480242
1997,SVN.8.20_1,Pesnica,75,74.2044,1097.0,14.626666666666667,14.78349606500796
1997,SVN.8.21_1,Podlehnik,50,50.6164,361.0,7.22,7.1320729227407025
1997,SVN.8.22_1,Ptuj,69,65.9821,1587.0,23.0,24.051973340948464
1997,SVN.8.23_1,Race-Fram,49,50.2968,835.0,17.040816326530614,16.601452275976094
1997,SVN.8.24_1,Ruše,58,59.7856,545.0,9.39655172413793,9.115901212686095
1997,SVN.8.25_1,Selnica ob Dravi,61,61.063,664.0,10.885245901639344,10.874007492864173
1997,SVN.8.26_1,Šentilj,57,59.2267,1097.0,19.24561403508772,18.52206253387609
1997,SVN.8.27_1,Slovenska Bistrica,335,335.0452,3072.0,9.170149253731344,9.16891345504535
1997,SVN.8.28_1,Starše,33,34.3011,441.0,13.363636363636363,12.856732707263353
1997,SVN.8.29_1,Sveta Ana,40,38.4319,403.0,10.075,10.486083259179003
1997,SVN.8.30_1,Sveti Andraž v Slovenskih Gorica,17,17.2853,123.0,7.235294117647059,7.115884263078507
1997,SVN.8.31_1,Trnovska Vas,22,22.4787,176.0,8.0,7.8296448931427545
1997,SVN.8.32_1,Videm,72,70.8118,679.0,9.430555555555555,9.588798948380262
1997,SVN.8.33_1,Zavrc,12,12.6615,124.0,10.333333333333334,9.793435031934893
1997,SVN.8.34_1,Žetale,36,36.6322,163.0,4.527777777777778,4.449631858898389
1997,SVN.9.1_1,Beltinci,63,62.0632,803.0,12.746031746031745,12.938433625941311
1997,SVN.9.2_1,Cankova,26,26.5785,184.0,7.076923076923077,6.9228988433723915
1997,SVN.9.3_1,Črenšovci,32,31.9352,405.0,12.65625,12.68191813719404
1997,SVN.9.4_1,Dobrovnik,33,34.006,304.0,9.212121212121213,8.939593945584523
1997,SVN.9.5_1,Gornja Radgona,122,120.5406,1221.0,10.008196721311476,10.129366596272785
1997,SVN.9.6_1,Gornji Petrovci,63,63.9394,361.0,5.73015873015873,5.645969484662447
1997,SVN.9.7_1,Grad,40,36.7113,265.0,6.625,7.2184947360951774
1997,SVN.9.8_1,Hodoš,22,23.8037,141.0,6.409090909090909,5.9234484572036745
1997,SVN.9.9_1,Kobilje,19,19.2954,62.0,3.263157894736842,3.21319695443564
1997,SVN.9.10_1,Križevci,47,47.0896,344.0,7.319148936170213,7.305224995672209
1997,SVN.9.11_1,Kuzma,17,17.095,102.0,6.0,5.9666661182490195
1997,SVN.9.12_1,Lendava,108,110.1086,1568.0,14.518518518518519,14.240485771563332
1997,SVN.9.13_1,Ljutomer,111,108.5309,1055.0,9.504504504504505,9.720734472305876
1997,SVN.9.14_1,Moravske Toplice,142,143.39,1048.0,7.380281690140845,7.308736632291461
1997,SVN.9.15_1,Murska Sobota,68,65.8851,1477.0,21.720588235294116,22.417807647175533
1997,SVN.9.16_1,Odranci,8,7.8191,118.0,14.75,15.091197929023682
1997,SVN.9.17_1,Puconci,108,106.0635,767.0,7.101851851851852,7.2315185689441375
1997,SVN.9.18_1,Radenci,35,33.8123,518.0,14.8,15.319874297885258
1997,SVN.9.19_1,Razkrižje,6,6.9318,60.0,10.0,8.655755898871217
1997,SVN.9.20_1,Rogašovci,31,31.9244,218.0,7.032258064516129,6.828637936575874
1997,SVN.9.21_1,Šalovci,53,50.5578,321.0,6.056603773584905,6.349164871737907
1997,SVN.9.22_1,Sveti Jurij,48,51.1951,340.0,7.083333333333333,6.641260801617631
1997,SVN.9.23_1,Tišina,33,35.3877,399.0,12.090909090909092,11.27510853944125
1997,SVN.9.24_1,Turnišče,20,22.9794,206.0,10.3,8.964532394645447
1997,SVN.9.25_1,Velika Polana,24,24.1079,216.0,9.0,8.959725209719911
1997,SVN.9.26_1,Veržej,12,11.769,121.0,10.083333333333334,10.28122771211006
1997,SVN.10.1_1,Bistrica ob Sotli,61,56.0788,559.0,9.163934426229508,9.96812481468499
1997,SVN.10.2_1,Braslovce,58,55.9005,654.0,11.275862068965518,11.69936012588418
1997,SVN.10.3_1,Celje,96,96.8336,3087.0,32.15625,31.87943988636513
1997,SVN.10.4_1,Dobje,17,17.4869,156.0,9.176470588235293,8.920967161798483
1997,SVN.10.5_1,Dobrna,33,32.2669,329.0,9.969696969696969,10.196205320591535
1997,SVN.10.6_1,Gornji Grad,90,91.0047,306.0,3.4,3.3624631980707687
1997,SVN.10.7_1,Kozje,87,88.5434,620.0,7.126436781609195,7.002217868157555
1997,SVN.10.8_1,Laško,205,201.4876,1711.0,8.346341463414634,8.491838937353725
1997,SVN.10.9_1,Ljubno,79,79.362,226.0,2.8607594936708862,2.847711559456144
1997,SVN.10.10_1,Luce,112,110.3298,78.0,0.6964285714285714,0.7069709692159339
1997,SVN.10.11_1,Mozirje,83,84.7599,693.0,8.349397590361447,8.176034120793537
1997,SVN.10.12_1,Nazarje,44,43.6766,301.0,6.840909090909091,6.891567772100008
1997,SVN.10.13_1,Podcetrtek,30,29.5669,299.0,9.966666666666667,10.112669126502103
1997,SVN.10.14_1,Polzela,33,34.477,490.0,14.848484848484848,14.212369309922737
1997,SVN.10.15_1,Prebold,42,41.0779,524.0,12.476190476190476,12.756256243939777
1997,SVN.10.16_1,Radece,53,52.1379,435.0,8.20754716981132,8.343255908645514
1997,SVN.10.17_1,Rogaška Slatina,68,70.8401,1153.0,16.955882352941178,16.27610080843836
1997,SVN.10.18_1,Rogatec,43,46.8711,504.0,11.720930232558139,10.75290439650951
1997,SVN.10.19_1,Šentjur pri Celju,224,223.8178,2231.0,9.959821428571429,9.967930435057161
1997,SVN.10.20_1,Slovenske Konjice,98,98.3364,1321.0,13.479591836734693,13.433476284551453
1997,SVN.10.21_1,Šmarje pri Jelšah,112,109.0515,1032.0,9.214285714285714,9.463418968652162
1997,SVN.10.22_1,Šmartno ob Paki,17,17.0321,228.0,13.411764705882353,13.386454086760057
1997,SVN.10.23_1,Solcava,94,98.1425,103.0,1.0957446808510638,1.0494948641240944
1997,SVN.10.24_1,Šoštanj,99,96.868,1160.0,11.717171717171718,11.975053156475582
1997,SVN.10.25_1,Štore,29,28.5396,461.0,15.89655172413793,16.152993585396832
1997,SVN.10.26_1,Tabor,34,33.8269,253.0,7.4411764705882355,7.479257241975878
1997,SVN.10.27_1,Velenje,83,84.3401,1902.0,22.91566265060241,22.551561992928256
1997,SVN.10.28_1,Vitanje,59,60.4406,247.0,4.186440677966102,4.086659862859996
1997,SVN.10.29_1,Vojnik,80,76.9489,1072.0,13.4,13.931329272721191
1997,SVN.10.30_1,Vransko,52,54.1537,441.0,8.48076923076923,8.143488264107756
1997,SVN.10.31_1,Žalec,117,117.1442,2078.0,17.76068376068376,17.738828396130952
1997,SVN.10.32_1,Zrece,62,65.8808,734.0,11.838709677419354,11.141334981210049
1997,SVN.11.1_1,Brežice,248,245.6913,3687.0,14.866935483870968,15.006636747214445
1997,SVN.11.2_1,Krško,340,340.9379,3933.0,11.56764705882353,11.535826492662238
1997,SVN.11.3_1,Sevnica,280,278.6841,1783.0,6.367857142857143,6.397924820914635
1997,SVN.12.1_1,Hrastnik,56,58.2381,789.0,14.089285714285714,13.547833133610382
1997,SVN.12.2_1,Trbovlje,60,57.9159,1037.0,17.283333333333335,17.9052774684124
1997,SVN.12.3_1,Zagorje ob Savi,145,147.3849,1397.0,9.63448275862069,9.478584928694964
1998,SVN.1.1_1,Bled,187,187.7102,1844.0,9.86096256684492,9.823655936953498
1998,SVN.1.2_1,Bohinj,331,330.4201,926.0,2.797583081570997,2.8024926393853864
1998,SVN.1.3_1,Cerklje na Gorenjskem,74,77.1957,1323.0,17.87837837837838,17.138257645860342
1998,SVN.1.4_1,Gorenja Vas-Poljane,152,151.5701,586.0,3.8552631578947367,3.866197102259463
1998,SVN.1.5_1,Jesenice,75,74.7956,1831.0,24.413333333333334,24.480035104143855
1998,SVN.1.6_1,Jezersko,73,70.5865,74.0,1.0136986301369864,1.0483593928525523
1998,SVN.1.7_1,Kranj,146,145.7396,3333.0,22.828767123287673,22.86955491763939
1998,SVN.1.8_1,Kranjska Gora,244,249.6461,1662.0,6.811475409836065,6.657425485035395
1998,SVN.1.9_1,Naklo,28,27.6347,495.0,17.678571428571427,17.91225689923398
1998,SVN.1.10_1,Preddvor,88,86.0439,500.0,5.681818181818182,5.810988986698861
1998,SVN.1.11_1,Radovljica,117,116.9011,1915.0,16.367521367521366,16.38137409552877
1998,SVN.1.12_1,Šenčur,46,42.6248,1248.0,27.130434782608695,29.278717270097818
1998,SVN.1.13_1,Škofja Loka,145,144.4252,1741.0,12.006896551724138,12.054684664380366
1998,SVN.1.14_1,Tržič,157,156.9897,1132.0,7.210191082802548,7.2106657309565785
1998,SVN.1.15_1,Železniki,163,163.136,474.0,2.9079754601226995,2.905550885319576
1998,SVN.1.16_1,Žiri,51,49.568,388.0,7.607843137254902,7.827630683281809
1998,SVN.1.17_1,Žirovnica,42,42.0999,543.0,12.928571428571429,12.897907307789216
1998,SVN.2.1_1,Ajdovščina,241,240.3435,1388.0,5.759336099585062,5.775068527118753
1998,SVN.2.2_1,Bovec,383,382.1081,224.0,0.5848563968668408,0.5862215107515212
1998,SVN.2.3_1,Brda,62,61.2313,666.0,10.741935483870968,10.876795781054282
1998,SVN.2.4_1,Cerkno,130,131.479,526.0,4.046153846153846,4.000637561312731
1998,SVN.2.5_1,Idrija,292,295.2119,1051.0,3.5993150684931505,3.560154261719758
1998,SVN.2.6_1,Kanal,129,132.6271,984.0,7.627906976744186,7.419299318967895
1998,SVN.2.7_1,Kobarid,188,190.1235,448.0,2.382978723404255,2.3563632176499976
1998,SVN.2.8_1,Miren-Kostanjevica,49,46.6248,533.0,10.877551020408163,11.431692998285826
1998,SVN.2.9_1,Nova Gorica,295,297.6162,2672.0,9.057627118644067,8.978006756069876
1998,SVN.2.10_1,Šempeter-Vrtojba,7,7.7338,266.0,38.0,34.39441788984035
1998,SVN.2.11_1,Tolmin,385,384.2645,672.0,1.7454545454545454,1.7487954053039865
1998,SVN.2.12_1,Vipava,112,108.4008,705.0,6.294642857142857,6.5036394490091105
1998,SVN.3.1_1,Crnomelj,335,330.8646,1338.0,3.994029850746269,4.043950168546528
1998,SVN.3.2_1,Dolenjske Toplice,112,111.0355,153.0,1.3660714285714286,1.3779371040986592
1998,SVN.3.3_1,Kocevje,543,545.407,1618.0,2.979742173112339,2.9665917464990765
1998,SVN.3.4_1,Kostel,37,35.6858,109.0,2.945945945945946,3.0544362034813966
1998,SVN.3.5_1,Loški Potok,124,123.4977,322.0,2.596774193548387,2.607336269317692
1998,SVN.3.6_1,Metlika,111,113.0004,1023.0,9.216216216216216,9.053063721437944
1998,SVN.3.7_1,Mirna Pec,50,48.1712,349.0,6.98,7.2449936576784895
1998,SVN.3.8_1,Novo Mesto,296,300.285,3725.0,12.58445945945946,12.404882088835626
1998,SVN.3.9_1,Osilnica,32,31.0875,126.0,3.9375,4.053070659683539
1998,SVN.3.10_1,Ribnica,160,155.756,1158.0,7.2375,7.434704509969554
1998,SVN.3.11_1,Semic,149,148.9731,329.0,2.208053691275168,2.208451922557244
1998,SVN.3.12_1,Šentjernej,100,100.1929,685.0,6.85,6.83680935217835
1998,SVN.3.13_1,Škocjan,63,61.2852,500.0,7.936507936507937,8.15858091605103
1998,SVN.3.14_1,Sodražica,50,49.9829,258.0,5.16,5.161761964241241
1998,SVN.3.15_1,Trebnje,311,317.9015,2242.0,7.209003215434084,7.052498493472382
1998,SVN.3.16_1,Žužemberk,168,162.6138,936.0,5.571428571428571,5.755968620318233
1998,SVN.4.1_1,Črna na Koroškem,155,152.0071,266.0,1.7161290322580645,1.749918035279578
1998,SVN.4.2_1,Dravograd,100,101.2156,877.0,8.77,8.664671932315077
1998,SVN.4.3_1,Mežica,26,25.1048,267.0,10.26923076923077,10.635400548868178
1998,SVN.4.4_1,Mislinja,113,113.4849,544.0,4.814159292035399,4.793589496994751
1998,SVN.4.5_1,Muta,38,37.5131,279.0,7.342105263157895,7.437404307935728
1998,SVN.4.6_1,Podvelka,109,106.5864,439.0,4.027522935779817,4.118724807224567
1998,SVN.4.7_1,Prevalje,49,53.1459,524.0,10.693877551020408,9.85964487749664
1998,SVN.4.8_1,Radlje ob Dravi,92,93.2679,559.0,6.076086956521739,5.993487663787165
1998,SVN.4.9_1,Ravne na Koroškem,65,64.9398,738.0,11.353846153846154,11.36436334144755
1998,SVN.4.10_1,Ribnica na Pohorju,60,59.5312,109.0,1.8166666666666667,1.8309713015767428
1998,SVN.4.11_1,Slovenj Gradec,181,175.7583,1877.0,10.370165745856353,10.679437339099437
1998,SVN.4.12_1,Vuzenica,49,49.955,237.0,4.836734693877551,4.744268157873671
1998,SVN.5.1_1,Bloke,74,75.5663,263.0,3.554054054054054,3.48038872239289
1998,SVN.5.2_1,Cerknica,245,243.7275,910.0,3.7142857142857144,3.7336782154541717
1998,SVN.5.3_1,Ilirska Bistrica,474,469.8196,2435.0,5.137130801687764,5.182840380738899
1998,SVN.5.4_1,Loška Dolina,166,166.6122,246.0,1.4819277108433735,1.4764824863236294
1998,SVN.5.5_1,Pivka,225,224.9807,850.0,3.7777777777777777,3.7781026706133316
1998,SVN.5.6_1,Postojna,272,271.1278,2121.0,7.797794117647059,7.822879644328634
1998,SVN.6.1_1,Divaca,144,147.4596,856.0,5.944444444444445,5.804981333586082
1998,SVN.6.2_1,Hrpelje-Kozina,187,185.866,968.0,5.176470588235294,5.208053328241866
1998,SVN.6.3_1,Izola,26,24.2792,769.0,29.576923076923077,31.673165000246033
1998,SVN.6.4_1,Komen,94,90.9951,768.0,8.170212765957446,8.440014103841637
1998,SVN.6.5_1,Koper,290,291.0771,4704.0,16.220689655172414,16.16066463223295
1998,SVN.6.6_1,Piran,28,27.7566,653.0,23.321428571428573,23.525897828094845
1998,SVN.6.7_1,Sežana,177,177.7348,2101.0,11.870056497175142,11.820985083783423
1998,SVN.7.1_1,Borovnica,40,42.2423,300.0,7.5,7.101885208970053
1998,SVN.7.2_1,Brezovica,88,89.8349,1206.0,13.704545454545455,13.424621225089936
1998,SVN.7.3_1,Dobrepolje,93,95.3671,560.0,6.021505376344086,5.872048980716058
1998,SVN.7.4_1,Dobrova-Polhov Gradec,111,117.3249,1279.0,11.522522522522523,10.90135107255277
1998,SVN.7.5_1,Dol pri Ljubljani,36,33.5133,796.0,22.11111111111111,23.751780053301125
1998,SVN.7.6_1,Domžale,73,71.6483,2714.0,37.178082191780824,37.87949711320632
1998,SVN.7.7_1,Grosuplje,136,134.7405,2013.0,14.801470588235293,14.939827611717062
1998,SVN.7.8_1,Horjul,33,32.6953,438.0,13.272727272727273,13.396421528721941
1998,SVN.7.9_1,Ig,103,99.6528,1080.0,10.485436893203884,10.837623008797255
1998,SVN.7.10_1,Ivancna Gorica,231,229.5426,1663.0,7.199134199134199,7.2448430177014975
1998,SVN.7.11_1,Kamnik,262,264.6744,2217.0,8.461832061068701,8.376328167866165
1998,SVN.7.12_1,Komenda,25,24.2478,491.0,19.64,20.249277572083034
1998,SVN.7.13_1,Litija,320,319.2343,1766.0,5.51875,5.531987551602707
1998,SVN.7.14_1,Ljubljana,275,276.4294,11267.0,40.97090909090909,40.75904910662063
1998,SVN.7.15_1,Logatec,173,172.2888,892.0,5.15606936416185,5.177353971440006
1998,SVN.7.16_1,Lukovica,75,75.1131,996.0,13.28,13.260004637627121
1998,SVN.7.17_1,Medvode,75,76.3493,1825.0,24.333333333333332,23.903283141225195
1998,SVN.7.18_1,Mengeš,22,21.4582,857.0,38.95454545454545,39.93809380466853
1998,SVN.7.19_1,Moravce,60,61.357,630.0,10.5,10.267770463188091
1998,SVN.7.20_1,Škofljica,39,41.8098,1051.0,26.94871794871795,25.137660979289336
1998,SVN.7.21_1,Trzin,8,8.5875,421.0,52.625,49.02472970373821
1998,SVN.7.22_1,Velike Lašče,103,102.246,608.0,5.902912621359223,5.946443962246876
1998,SVN.7.23_1,Vodice,34,32.1413,752.0,22.11764705882353,23.396683684375738
1998,SVN.7.24_1,Vrhnika,128,123.5543,1680.0,13.125,13.597263862686795
1998,SVN.8.1_1,Benedikt,24,23.6001,248.0,10.333333333333334,10.508433052854452
1998,SVN.8.2_1,Cerkvenjak,21,23.3141,174.0,8.285714285714286,7.4632999527031725
1998,SVN.8.3_1,Destrnik,35,34.9829,373.0,10.657142857142857,10.662351626971438
1998,SVN.8.4_1,Dornava,25,27.7855,244.0,9.76,8.78154950781802
1998,SVN.8.5_1,Duplek,35,36.6236,592.0,16.914285714285715,16.164452071021437
1998,SVN.8.6_1,Gorišnica,62,58.8136,778.0,12.548387096774194,13.228240901656902
1998,SVN.8.7_1,Hajdina,23,22.2098,519.0,22.565217391304348,23.368114348023663
1998,SVN.8.8_1,Hoce-Slivnica,54,53.0168,1635.0,30.27777777777778,30.83928576089204
1998,SVN.8.9_1,Juršinci,39,36.4549,293.0,7.512820512820513,8.037319264596347
1998,SVN.8.10_1,Kidricevo,72,72.2552,1048.0,14.555555555555555,14.504143025264547
1998,SVN.8.11_1,Kungota,49,49.2311,701.0,14.306122448979592,14.238974388648957
1998,SVN.8.12_1,Lenart,119,118.6381,1452.0,12.201680672268907,12.238901525747831
1998,SVN.8.13_1,Lovrenc na Pohorju,88,84.3319,412.0,4.681818181818182,4.885456432270162
1998,SVN.8.14_1,Majšperk,76,73.049,505.0,6.644736842105263,6.913164401013885
1998,SVN.8.15_1,Maribor,148,148.2768,5283.0,35.695945945945944,35.6293123794791
1998,SVN.8.16_1,Markovci,32,30.1473,492.0,15.375,16.319851729758717
1998,SVN.8.17_1,Miklavž na Dravskem Polju,15,12.6428,402.0,26.8,31.79669244578258
1998,SVN.8.18_1,Oplotnica,33,33.4925,504.0,15.272727272727273,15.048141015447953
1998,SVN.8.19_1,Ormož,202,203.3344,1910.0,9.455445544554456,9.393395645734465
1998,SVN.8.20_1,Pesnica,75,74.2044,1185.0,15.8,15.969410061107048
1998,SVN.8.21_1,Podlehnik,50,50.6164,380.0,7.6,7.507445181832318
1998,SVN.8.22_1,Ptuj,69,65.9821,1713.0,24.82608695652174,25.961581810362144
1998,SVN.8.23_1,Race-Fram,49,50.2968,848.0,17.306122448979593,16.859918000033204
1998,SVN.8.24_1,Ruše,58,59.7856,540.0,9.310344827586206,9.032269091468791
1998,SVN.8.25_1,Selnica ob Dravi,61,61.063,714.0,11.704918032786885,11.692833358290692
1998,SVN.8.26_1,Šentilj,57,59.2267,1097.0,19.24561403508772,18.52206253387609
1998,SVN.8.27_1,Slovenska Bistrica,335,335.0452,3391.0,10.122388059701493,10.121023934263928
1998,SVN.8.28_1,Starše,33,34.3011,476.0,14.424242424242424,13.87710831895092
1998,SVN.8.29_1,Sveta Ana,40,38.4319,407.0,10.175,10.59016349003934
1998,SVN.8.30_1,Sveti Andraž v Slovenskih Gorica,17,17.2853,123.0,7.235294117647059,7.115884263078507
1998,SVN.8.31_1,Trnovska Vas,22,22.4787,191.0,8.681818181818182,8.49694417380833
1998,SVN.8.32_1,Videm,72,70.8118,696.0,9.666666666666666,9.828871970651933
1998,SVN.8.33_1,Zavrc,12,12.6615,135.0,11.25,10.662207494445246
1998,SVN.8.34_1,Žetale,36,36.6322,165.0,4.583333333333333,4.504228568823523
1998,SVN.9.1_1,Beltinci,63,62.0632,833.0,13.222222222222221,13.421812217196903
1998,SVN.9.2_1,Cankova,26,26.5785,223.0,8.576923076923077,8.390252402565453
1998,SVN.9.3_1,Črenšovci,32,31.9352,435.0,13.59375,13.621319480689897
1998,SVN.9.4_1,Dobrovnik,33,34.006,318.0,9.636363636363637,9.351285772025914
1998,SVN.9.5_1,Gornja Radgona,122,120.5406,1246.0,10.21311475409836,10.33676558473046
1998,SVN.9.6_1,Gornji Petrovci,63,63.9394,370.0,5.873015873015873,5.786727726662342
1998,SVN.9.7_1,Grad,40,36.7113,273.0,6.825,7.436411558316919
1998,SVN.9.8_1,Hodoš,22,23.8037,145.0,6.590909090909091,6.091489548188176
1998,SVN.9.9_1,Kobilje,19,19.2954,85.0,4.473684210526316,4.405189373016603
1998,SVN.9.10_1,Križevci,47,47.0896,379.0,8.063829787234043,8.04848916674351
1998,SVN.9.11_1,Kuzma,17,17.095,104.0,6.117647058823529,6.08365957154802
1998,SVN.9.12_1,Lendava,108,110.1086,1679.0,15.546296296296296,15.248581384218644
1998,SVN.9.13_1,Ljutomer,111,108.5309,1100.0,9.90990990990991,10.1353629569066
1998,SVN.9.14_1,Moravske Toplice,142,143.39,1168.0,8.225352112676056,8.145614872630178
1998,SVN.9.15_1,Murska Sobota,68,65.8851,1607.0,23.63235294117647,24.390938990528827
1998,SVN.9.16_1,Odranci,8,7.8191,120.0,15.0,15.346980944769847
1998,SVN.9.17_1,Puconci,108,106.0635,811.0,7.5092592592592595,7.646364484242106
1998,SVN.9.18_1,Radenci,35,33.8123,519.0,14.82857142857143,15.349449344792374
1998,SVN.9.19_1,Razkrižje,6,6.9318,61.0,10.166666666666666,8.800018497185736
1998,SVN.9.20_1,Rogašovci,31,31.9244,225.0,7.258064516129032,7.0479061271998695
1998,SVN.9.21_1,Šalovci,53,50.5578,338.0,6.377358490566038,6.685413478652375
1998,SVN.9.22_1,Sveti Jurij,48,51.1951,366.0,7.625,7.149121921741332
1998,SVN.9.23_1,Tišina,33,35.3877,422.0,12.787878787878787,11.925052139459167
1998,SVN.9.24_1,Turnišče,20,22.9794,218.0,10.9,9.486738165207319
1998,SVN.9.25_1,Velika Polana,24,24.1079,240.0,10.0,9.955250233022124
1998,SVN.9.26_1,Veržej,12,11.769,127.0,10.583333333333334,10.79104065651221
1998,SVN.10.1_1,Bistrica ob Sotli,61,56.0788,575.0,9.426229508196721,10.253437868414792
1998,SVN.10.2_1,Braslovce,58,55.9005,667.0,11.5,11.931916214013377
1998,SVN.10.3_1,Celje,96,96.8336,3168.0,33.0,32.71592664723185
1998,SVN.10.4_1,Dobje,17,17.4869,156.0,9.176470588235293,8.920967161798483
1998,SVN.10.5_1,Dobrna,33,32.2669,341.0,10.333333333333334,10.56810338699609
1998,SVN.10.6_1,Gornji Grad,90,91.0047,333.0,3.7,3.659151127312307
1998,SVN.10.7_1,Kozje,87,88.5434,636.0,7.310344827586207,7.182920264755169
1998,SVN.10.8_1,Laško,205,201.4876,1871.0,9.126829268292683,9.28593258433011
1998,SVN.10.9_1,Ljubno,79,79.362,285.0,3.607594936708861,3.5911406833849604
1998,SVN.10.10_1,Luce,112,110.3298,81.0,0.7232142857142857,0.7341621603396238
1998,SVN.10.11_1,Mozirje,83,84.7599,774.0,9.325301204819278,9.1316744725746
1998,SVN.10.12_1,Nazarje,44,43.6766,309.0,7.0227272727272725,7.07473236404951
1998,SVN.10.13_1,Podcetrtek,30,29.5669,304.0,10.133333333333333,10.281777305875048
1998,SVN.10.14_1,Polzela,33,34.477,509.0,15.424242424242424,14.763461181123823
1998,SVN.10.15_1,Prebold,42,41.0779,533.0,12.69047619047619,12.975352248129584
1998,SVN.10.16_1,Radece,53,52.1379,448.0,8.452830188679245,8.59259459097285
1998,SVN.10.17_1,Rogaška Slatina,68,70.8401,1234.0,18.147058823529413,17.419521593766643
1998,SVN.10.18_1,Rogatec,43,46.8711,536.0,12.465116279069768,11.435628485176782
1998,SVN.10.19_1,Šentjur pri Celju,224,223.8178,2319.0,10.352678571428571,10.361107431150854
1998,SVN.10.20_1,Slovenske Konjice,98,98.3364,1456.0,14.857142857142858,14.806314511965871
1998,SVN.10.21_1,Šmarje pri Jelšah,112,109.0515,1098.0,9.803571428571429,10.068637623624102
1998,SVN.10.22_1,Šmartno ob Paki,17,17.0321,232.0,13.647058823529411,13.621304158457601
1998,SVN.10.23_1,Solcava,94,98.1425,99.0,1.053191489361702,1.008737782022188
1998,SVN.10.24_1,Šoštanj,99,96.868,1215.0,12.272727272727273,12.54283584923951
1998,SVN.10.25_1,Štore,29,28.5396,461.0,15.89655172413793,16.152993585396832
1998,SVN.10.26_1,Tabor,34,33.8269,250.0,7.352941176470588,7.390570397209365
1998,SVN.10.27_1,Velenje,83,84.3401,2015.0,24.27710843373494,23.89137613867005
1998,SVN.10.28_1,Vitanje,59,60.4406,270.0,4.576271186440678,4.467199040373275
1998,SVN.10.29_1,Vojnik,80,76.9489,1131.0,14.1375,14.698072208439989
1998,SVN.10.30_1,Vransko,52,54.1537,483.0,9.288461538461538,8.91905857497516
1998,SVN.10.31_1,Žalec,117,117.1442,2129.0,18.196581196581196,18.17418943953936
1998,SVN.10.32_1,Zrece,62,65.8808,822.0,13.258064516129032,12.477080864515887
1998,SVN.11.1_1,Brežice,248,245.6913,3935.0,15.866935483870968,16.016033523267925
1998,SVN.11.2_1,Krško,340,340.9379,4169.0,12.261764705882353,12.228034743938181
1998,SVN.11.3_1,Sevnica,280,278.6841,1945.0,6.946428571428571,6.9792281417156286
1998,SVN.12.1_1,Hrastnik,56,58.2381,911.0,16.267857142857142,15.642681856424662
1998,SVN.12.2_1,Trbovlje,60,57.9159,1146.0,19.1,19.787317240887766
1998,SVN.12.3_1,Zagorje ob Savi,145,147.3849,1570.0,10.827586206896552,10.65238248965719
1999,SVN.1.1_1,Bled,187,187.7102,1879.0,10.04812834224599,10.010113614715632
1999,SVN.1.2_1,Bohinj,331,330.4201,1076.0,3.2507552870090635,3.2564601295666047
1999,SVN.1.3_1,Cerklje na Gorenjskem,74,77.1957,1391.0,18.7972972972973,18.019135589865257
1999,SVN.1.4_1,Gorenja Vas-Poljane,152,151.5701,811.0,5.3355263157894735,5.350658446983659
1999,SVN.1.5_1,Jesenice,75,74.7956,2005.0,26.733333333333334,26.80637377597402
1999,SVN.1.6_1,Jezersko,73,70.5865,98.0,1.3424657534246576,1.3883678445885153
1999,SVN.1.7_1,Kranj,146,145.7396,3608.0,24.71232876712329,24.756481891041982
1999,SVN.1.8_1,Kranjska Gora,244,249.6461,1773.0,7.266393442622951,7.102054984938481
1999,SVN.1.9_1,Naklo,28,27.6347,564.0,20.142857142857142,20.409116951854475
1999,SVN.1.10_1,Preddvor,88,86.0439,639.0,7.261363636363637,7.426443925001145
1999,SVN.1.11_1,Radovljica,117,116.9011,2022.0,17.28205128205128,17.296678026714975
1999,SVN.1.12_1,Šenčur,46,42.6248,1357.0,29.5,31.83591292910476
1999,SVN.1.13_1,Škofja Loka,145,144.4252,1907.0,13.151724137931035,13.204068727727373
1999,SVN.1.14_1,Tržič,157,156.9897,1291.0,8.222929936305732,8.223471253237582
1999,SVN.1.15_1,Železniki,163,163.136,603.0,3.6993865030674846,3.6963020756280685
1999,SVN.1.16_1,Žiri,51,49.568,421.0,8.254901960784315,8.493382777478457
1999,SVN.1.17_1,Žirovnica,42,42.0999,666.0,15.857142857142858,15.819532720050862
1999,SVN.2.1_1,Ajdovščina,241,240.3435,1511.0,6.269709543568465,6.286836127144406
1999,SVN.2.2_1,Bovec,383,382.1081,362.0,0.9451697127937336,0.9473758343395119
1999,SVN.2.3_1,Brda,62,61.2313,726.0,11.709677419354838,11.856687292860974
1999,SVN.2.4_1,Cerkno,130,131.479,648.0,4.984615384615385,4.92854209074268
1999,SVN.2.5_1,Idrija,292,295.2119,1144.0,3.9178082191780823,3.8751821840222673
1999,SVN.2.6_1,Kanal,129,132.6271,1158.0,8.976744186046512,8.73124858878539
1999,SVN.2.7_1,Kobarid,188,190.1235,584.0,3.106382978723404,3.0716877658651756
1999,SVN.2.8_1,Miren-Kostanjevica,49,46.6248,533.0,10.877551020408163,11.431692998285826
1999,SVN.2.9_1,Nova Gorica,295,297.6162,2903.0,9.840677966101694,9.75417425631394
1999,SVN.2.10_1,Šempeter-Vrtojba,7,7.7338,267.0,38.142857142857146,34.52372021273448
1999,SVN.2.11_1,Tolmin,385,384.2645,885.0,2.2987012987012987,2.3031010918065893
1999,SVN.2.12_1,Vipava,112,108.4008,710.0,6.339285714285714,6.549764551484352
1999,SVN.3.1_1,Crnomelj,335,330.8646,1430.0,4.268656716417911,4.32200952243762
1999,SVN.3.2_1,Dolenjske Toplice,112,111.0355,181.0,1.6160714285714286,1.6301086002735772
1999,SVN.3.3_1,Kocevje,543,545.407,1704.0,3.138121546961326,3.12427214835255
1999,SVN.3.4_1,Kostel,37,35.6858,114.0,3.081081081081081,3.1945479559346714
1999,SVN.3.5_1,Loški Potok,124,123.4977,400.0,3.225806451612903,3.238927042630673
1999,SVN.3.6_1,Metlika,111,113.0004,1080.0,9.72972972972973,9.557486626738005
1999,SVN.3.7_1,Mirna Pec,50,48.1712,377.0,7.54,7.826253893824615
1999,SVN.3.8_1,Novo Mesto,296,300.285,3864.0,13.054054054054054,12.86777567550627
1999,SVN.3.9_1,Osilnica,32,31.0875,129.0,4.03125,4.149572342056957
1999,SVN.3.10_1,Ribnica,160,155.756,1245.0,7.78125,7.993270392842914
1999,SVN.3.11_1,Semic,149,148.9731,346.0,2.3221476510067114,2.322566459589077
1999,SVN.3.12_1,Šentjernej,100,100.1929,684.0,6.84,6.826828608598528
1999,SVN.3.13_1,Škocjan,63,61.2852,530.0,8.412698412698413,8.648095771014091
1999,SVN.3.14_1,Sodražica,50,49.9829,276.0,5.52,5.521884891979002
1999,SVN.3.15_1,Trebnje,311,317.9015,2508.0,8.064308681672026,7.88923560286741
1999,SVN.3.16_1,Žužemberk,168,162.6138,966.0,5.75,5.940454794046381
1999,SVN.4.1_1,Črna na Koroškem,155,152.0071,289.0,1.864516129032258,1.9012267375781882
1999,SVN.4.2_1,Dravograd,100,101.2156,1023.0,10.23,10.107137271104131
1999,SVN.4.3_1,Mežica,26,25.1048,318.0,12.23076923076923,12.666881552584572
1999,SVN.4.4_1,Mislinja,113,113.4849,615.0,5.442477876106195,5.419223420315757
1999,SVN.4.5_1,Muta,38,37.5131,338.0,8.894736842105264,9.010188731477692
1999,SVN.4.6_1,Podvelka,109,106.5864,505.0,4.63302752293578,4.737940837467895
1999,SVN.4.7_1,Prevalje,49,53.1459,634.0,12.938775510204081,11.929417657123798
1999,SVN.4.8_1,Radlje ob Dravi,92,93.2679,663.0,7.206521739130435,7.10855513611966
1999,SVN.4.9_1,Ravne na Koroškem,65,64.9398,867.0,13.338461538461539,13.350817096253424
1999,SVN.4.10_1,Ribnica na Pohorju,60,59.5312,119.0,1.9833333333333334,1.998950320070022
1999,SVN.4.11_1,Slovenj Gradec,181,175.7583,2063.0,11.397790055248619,11.737708700352764
1999,SVN.4.12_1,Vuzenica,49,49.955,287.0,5.857142857142857,5.745168613121281
1999,SVN.5.1_1,Bloke,74,75.5663,293.0,3.9594594594594597,3.8773912382551967
1999,SVN.5.2_1,Cerknica,245,243.7275,969.0,3.9551020408163264,3.975751857994607
1999,SVN.5.3_1,Ilirska Bistrica,474,469.8196,2503.0,5.280590717299578,5.3275767856219565
1999,SVN.5.4_1,Loška Dolina,166,166.6122,272.0,1.6385542168674698,1.6325334808131187
1999,SVN.5.5_1,Pivka,225,224.9807,936.0,4.16,4.160357764345974
1999,SVN.5.6_1,Postojna,272,271.1278,2157.0,7.930147058823529,7.955658365307339
1999,SVN.6.1_1,Divaca,144,147.4596,888.0,6.166666666666667,6.021989981570608
1999,SVN.6.2_1,Hrpelje-Kozina,187,185.866,1003.0,5.363636363636363,5.396361041556396
1999,SVN.6.3_1,Izola,26,24.2792,777.0,29.884615384615383,32.00266476617837
1999,SVN.6.4_1,Komen,94,90.9951,773.0,8.22340425531915,8.49496211233019
1999,SVN.6.5_1,Koper,290,291.0771,4783.0,16.49310344827586,16.43207035203448
1999,SVN.6.6_1,Piran,28,27.7566,653.0,23.321428571428573,23.525897828094845
1999,SVN.6.7_1,Sežana,177,177.7348,2121.0,11.983050847457626,11.93351230971187
1999,SVN.7.1_1,Borovnica,40,42.2423,310.0,7.75,7.338614715935721
1999,SVN.7.2_1,Brezovica,88,89.8349,1229.0,13.965909090909092,13.680646339664621
1999,SVN.7.3_1,Dobrepolje,93,95.3671,571.0,6.139784946236559,5.987392799980124
1999,SVN.7.4_1,Dobrova-Polhov Gradec,111,117.3249,1358.0,12.234234234234235,11.574694883914512
1999,SVN.7.5_1,Dol pri Ljubljani,36,33.5133,797.0,22.13888888888889,23.781618972966076
1999,SVN.7.6_1,Domžale,73,71.6483,2734.0,37.45205479452055,38.15863858051072
1999,SVN.7.7_1,Grosuplje,136,134.7405,2063.0,15.169117647058824,15.310911258307154
1999,SVN.7.8_1,Horjul,33,32.6953,451.0,13.666666666666666,13.794032213364373
1999,SVN.7.9_1,Ig,103,99.6528,1092.0,10.601941747572816,10.958041042228336
1999,SVN.7.10_1,Ivancna Gorica,231,229.5426,1767.0,7.64935064935065,7.697917986938392
1999,SVN.7.11_1,Kamnik,262,264.6744,2447.0,9.33969465648855,9.245320264667797
1999,SVN.7.12_1,Komenda,25,24.2478,533.0,21.32,21.98139500187425
1999,SVN.7.13_1,Litija,320,319.2343,1899.0,5.934375,5.948609490653194
1999,SVN.7.14_1,Ljubljana,275,276.4294,11277.0,41.00727272727273,40.79522470714128
1999,SVN.7.15_1,Logatec,173,172.2888,1011.0,5.84393063583815,5.868054781531217
1999,SVN.7.16_1,Lukovica,75,75.1131,1023.0,13.64,13.61946259467123
1999,SVN.7.17_1,Medvode,75,76.3493,1874.0,24.986666666666668,24.54506992145535
1999,SVN.7.18_1,Mengeš,22,21.4582,858.0,39.0,39.98469601447561
1999,SVN.7.19_1,Moravce,60,61.357,638.0,10.633333333333333,10.398154850022225
1999,SVN.7.20_1,Škofljica,39,41.8098,1052.0,26.974358974358974,25.16157882988809
1999,SVN.7.21_1,Trzin,8,8.5875,421.0,52.625,49.02472970373821
1999,SVN.7.22_1,Velike Lašče,103,102.246,618.0,6.0,6.044247316889095
1999,SVN.7.23_1,Vodice,34,32.1413,768.0,22.58823529411765,23.894485464894373
1999,SVN.7.24_1,Vrhnika,128,123.5543,1723.0,13.4609375,13.94528906869604
1999,SVN.8.1_1,Benedikt,24,23.6001,270.0,11.25,11.440632759156056
1999,SVN.8.2_1,Cerkvenjak,21,23.3141,175.0,8.333333333333334,7.506192481166984
1999,SVN.8.3_1,Destrnik,35,34.9829,441.0,12.6,12.606158357893845
1999,SVN.8.4_1,Dornava,25,27.7855,281.0,11.24,10.113177916790425
1999,SVN.8.5_1,Duplek,35,36.6236,672.0,19.2,18.348837486024333
1999,SVN.8.6_1,Gorišnica,62,58.8136,832.0,13.419354838709678,14.146396439818178
1999,SVN.8.7_1,Hajdina,23,22.2098,546.0,23.73913043478261,24.583796597342815
1999,SVN.8.8_1,Hoce-Slivnica,54,53.0168,1675.0,31.01851851851852,31.59376369999643
1999,SVN.8.9_1,Juršinci,39,36.4549,329.0,8.435897435897436,9.024839720314668
1999,SVN.8.10_1,Kidricevo,72,72.2552,1133.0,15.73611111111111,15.680528671397646
1999,SVN.8.11_1,Kungota,49,49.2311,763.0,15.571428571428571,15.498341595633603
1999,SVN.8.12_1,Lenart,119,118.6381,1594.0,13.394957983193278,13.43581889259094
1999,SVN.8.13_1,Lovrenc na Pohorju,88,84.3319,462.0,5.25,5.478351630361201
1999,SVN.8.14_1,Majšperk,76,73.049,507.0,6.671052631578948,6.940543269928792
1999,SVN.8.15_1,Maribor,148,148.2768,5493.0,37.11486486486486,37.045582604671345
1999,SVN.8.16_1,Markovci,32,30.1473,521.0,16.28125,17.281794209764822
1999,SVN.8.17_1,Miklavž na Dravskem Polju,15,12.6428,415.0,27.666666666666668,32.82494369402928
1999,SVN.8.18_1,Oplotnica,33,33.4925,521.0,15.787878787878787,15.555717200492825
1999,SVN.8.19_1,Ormož,202,203.3344,2101.0,10.400990099009901,10.332735210307913
1999,SVN.8.20_1,Pesnica,75,74.2044,1323.0,17.64,17.82913882771698
1999,SVN.8.21_1,Podlehnik,50,50.6164,386.0,7.72,7.625983789966512
1999,SVN.8.22_1,Ptuj,69,65.9821,1838.0,26.63768115942029,27.856034657002695
1999,SVN.8.23_1,Race-Fram,49,50.2968,880.0,17.959183673469386,17.496141320789175
1999,SVN.8.24_1,Ruše,58,59.7856,561.0,9.672413793103448,9.383524000581467
1999,SVN.8.25_1,Selnica ob Dravi,61,61.063,776.0,12.721311475409836,12.708177431419575
1999,SVN.8.26_1,Šentilj,57,59.2267,1098.0,19.263157894736842,18.538946820597943
1999,SVN.8.27_1,Slovenska Bistrica,335,335.0452,3529.0,10.534328358208954,10.532908718377293
1999,SVN.8.28_1,Starše,33,34.3011,525.0,15.909090909090908,15.305634175313514
1999,SVN.8.29_1,Sveta Ana,40,38.4319,413.0,10.325,10.746283836329846
1999,SVN.8.30_1,Sveti Andraž v Slovenskih Gorica,17,17.2853,127.0,7.470588235294118,7.347295133422524
1999,SVN.8.31_1,Trnovska Vas,22,22.4787,209.0,9.5,9.297703310607021
1999,SVN.8.32_1,Videm,72,70.8118,703.0,9.76388888888889,9.927725568057916
1999,SVN.8.33_1,Zavrc,12,12.6615,136.0,11.333333333333334,10.741186809218915
1999,SVN.8.34_1,Žetale,36,36.6322,180.0,5.0,4.913703893262025
1999,SVN.9.1_1,Beltinci,63,62.0632,839.0,13.317460317460318,13.51848793544802
1999,SVN.9.2_1,Cankova,26,26.5785,260.0,10.0,9.782357061287076
1999,SVN.9.3_1,Črenšovci,32,31.9352,436.0,13.625,13.652632858806424
1999,SVN.9.4_1,Dobrovnik,33,34.006,320.0,9.696969696969697,9.410098890088971
1999,SVN.9.5_1,Gornja Radgona,122,120.5406,1299.0,10.647540983606557,10.776451440260727
1999,SVN.9.6_1,Gornji Petrovci,63,63.9394,399.0,6.333333333333333,6.240282061995336
1999,SVN.9.7_1,Grad,40,36.7113,290.0,7.25,7.899484805538118
1999,SVN.9.8_1,Hodoš,22,23.8037,152.0,6.909090909090909,6.385561457411054
1999,SVN.9.9_1,Kobilje,19,19.2954,117.0,6.157894736842105,6.06361360756403
1999,SVN.9.10_1,Križevci,47,47.0896,385.0,8.191489361702128,8.175905881784303
1999,SVN.9.11_1,Kuzma,17,17.095,115.0,6.764705882352941,6.727123564692523
1999,SVN.9.12_1,Lendava,108,110.1086,1679.0,15.546296296296296,15.248581384218644
1999,SVN.9.13_1,Ljutomer,111,108.5309,1141.0,10.27927927927928,10.513135576209484
1999,SVN.9.14_1,Moravske Toplice,142,143.39,1216.0,8.56338028169014,8.480366168765665
1999,SVN.9.15_1,Murska Sobota,68,65.8851,1651.0,24.279411764705884,25.058768060586868
1999,SVN.9.16_1,Odranci,8,7.8191,120.0,15.0,15.346980944769847
1999,SVN.9.17_1,Puconci,108,106.0635,907.0,8.398148148148149,8.55148284489222
1999,SVN.9.18_1,Radenci,35,33.8123,523.0,14.942857142857143,15.46774953242083
1999,SVN.9.19_1,Razkrižje,6,6.9318,61.0,10.166666666666666,8.800018497185736
1999,SVN.9.20_1,Rogašovci,31,31.9244,241.0,7.774193548387097,7.549090562911861
1999,SVN.9.21_1,Šalovci,53,50.5578,359.0,6.773584905660377,7.100779404840837
1999,SVN.9.22_1,Sveti Jurij,48,51.1951,389.0,8.104166666666666,7.59838368185076
1999,SVN.9.23_1,Tišina,33,35.3877,432.0,13.090909090909092,12.207636313380002
1999,SVN.9.24_1,Turnišče,20,22.9794,221.0,11.05,9.617289607847786
1999,SVN.9.25_1,Velika Polana,24,24.1079,240.0,10.0,9.955250233022124
1999,SVN.9.26_1,Veržej,12,11.769,130.0,10.833333333333334,11.045947128713287
1999,SVN.10.1_1,Bistrica ob Sotli,61,56.0788,590.0,9.672131147540984,10.520918856286483
1999,SVN.10.2_1,Braslovce,58,55.9005,678.0,11.689655172413794,12.128694442430389
1999,SVN.10.3_1,Celje,96,96.8336,3194.0,33.270833333333336,32.98442857047303
1999,SVN.10.4_1,Dobje,17,17.4869,159.0,9.352941176470589,9.0925242226023
1999,SVN.10.5_1,Dobrna,33,32.2669,361.0,10.93939393939394,11.187933497670347
1999,SVN.10.6_1,Gornji Grad,90,91.0047,361.0,4.011111111111111,3.966827498377606
1999,SVN.10.7_1,Kozje,87,88.5434,680.0,7.816091954022989,7.679851855398609
1999,SVN.10.8_1,Laško,205,201.4876,1959.0,9.55609756097561,9.722684090167123
1999,SVN.10.9_1,Ljubno,79,79.362,369.0,4.670886075949367,4.64958214796158
1999,SVN.10.10_1,Luce,112,110.3298,127.0,1.1339285714285714,1.1510937575695335
1999,SVN.10.11_1,Mozirje,83,84.7599,826.0,9.951807228915662,9.745171982359974
1999,SVN.10.12_1,Nazarje,44,43.6766,316.0,7.181818181818182,7.235001382005324
1999,SVN.10.13_1,Podcetrtek,30,29.5669,310.0,10.333333333333334,10.48470712112258
1999,SVN.10.14_1,Polzela,33,34.477,537.0,16.272727272727273,15.575596570262265
1999,SVN.10.15_1,Prebold,42,41.0779,551.0,13.119047619047619,13.413544256509194
1999,SVN.10.16_1,Radece,53,52.1379,453.0,8.547169811320755,8.688494084175671
1999,SVN.10.17_1,Rogaška Slatina,68,70.8401,1257.0,18.485294117647058,17.744196631575907
1999,SVN.10.18_1,Rogatec,43,46.8711,572.0,13.30232558139535,12.203693084927462
1999,SVN.10.19_1,Šentjur pri Celju,224,223.8178,2449.0,10.933035714285714,10.941937084471084
1999,SVN.10.20_1,Slovenske Konjice,98,98.3364,1491.0,15.214285714285714,15.162235533888127
1999,SVN.10.21_1,Šmarje pri Jelšah,112,109.0515,1146.0,10.232142857142858,10.508796645421876
1999,SVN.10.22_1,Šmartno ob Paki,17,17.0321,242.0,14.235294117647058,14.208429337701464
1999,SVN.10.23_1,Solcava,94,98.1425,110.0,1.1702127659574468,1.120819757802431
1999,SVN.10.24_1,Šoštanj,99,96.868,1301.0,13.141414141414142,13.430641514288562
1999,SVN.10.25_1,Štore,29,28.5396,461.0,15.89655172413793,16.152993585396832
1999,SVN.10.26_1,Tabor,34,33.8269,256.0,7.529411764705882,7.567944086742391
1999,SVN.10.27_1,Velenje,83,84.3401,2058.0,24.795180722891565,24.401216919793036
1999,SVN.10.28_1,Vitanje,59,60.4406,289.0,4.898305084745763,4.781557491362506
1999,SVN.10.29_1,Vojnik,80,76.9489,1158.0,14.475,15.048954568853675
1999,SVN.10.30_1,Vransko,52,54.1537,544.0,10.461538461538462,10.045482121711155
1999,SVN.10.31_1,Žalec,117,117.1442,2210.0,18.88888888888889,18.865645214364488
1999,SVN.10.32_1,Zrece,62,65.8808,847.0,13.661290322580646,12.856554126818681
1999,SVN.11.1_1,Brežice,248,245.6913,3995.0,16.108870967741936,16.26024242070022
1999,SVN.11.2_1,Krško,340,340.9379,4331.0,12.738235294117647,12.70319464523777
1999,SVN.11.3_1,Sevnica,280,278.6841,2080.0,7.428571428571429,7.463647575716456
1999,SVN.12.1_1,Hrastnik,56,58.2381,929.0,16.589285714285715,15.951757897495622
1999,SVN.12.2_1,Trbovlje,60,57.9159,1181.0,19.683333333333334,20.391641938471597
1999,SVN.12.3_1,Zagorje ob Savi,145,147.3849,1641.0,11.317241379310344,11.134114436641688
2000,SVN.1.1_1,Bled,187,187.7102,1922.0,10.27807486631016,10.239190190251966
2000,SVN.1.2_1,Bohinj,331,330.4201,1043.0,3.1510574018126887,3.1565872817267366
2000,SVN.1.3_1,Cerklje na Gorenjskem,74,77.1957,1391.0,18.7972972972973,18.019135589865257
2000,SVN.1.4_1,Gorenja Vas-Poljane,152,151.5701,770.0,5.065789473684211,5.080156601945028
2000,SVN.1.5_1,Jesenice,75,74.7956,2003.0,26.706666666666667,26.779634251010453
2000,SVN.1.6_1,Jezersko,73,70.5865,81.0,1.1095890410958904,1.147528524608875
2000,SVN.1.7_1,Kranj,146,145.7396,3614.0,24.753424657534246,24.79765120682531
2000,SVN.1.8_1,Kranjska Gora,244,249.6461,1861.0,7.627049180327869,7.45455404792471
2000,SVN.1.9_1,Naklo,28,27.6347,564.0,20.142857142857142,20.409116951854475
2000,SVN.1.10_1,Preddvor,88,86.0439,621.0,7.056818181818182,7.217248321479985
2000,SVN.1.11_1,Radovljica,117,116.9011,2033.0,17.376068376068375,17.390774692537853
2000,SVN.1.12_1,Šenčur,46,42.6248,1357.0,29.5,31.83591292910476
2000,SVN.1.13_1,Škofja Loka,145,144.4252,1940.0,13.379310344827585,13.432560740320453
2000,SVN.1.14_1,Tržič,157,156.9897,1288.0,8.203821656050955,8.204361715081337
2000,SVN.1.15_1,Železniki,163,163.136,644.0,3.950920245398773,3.947626097354023
2000,SVN.1.16_1,Žiri,51,49.568,440.0,8.627450980392156,8.876694589288649
2000,SVN.1.17_1,Žirovnica,42,42.0999,669.0,15.928571428571429,15.890791876447487
2000,SVN.2.1_1,Ajdovščina,241,240.3435,1569.0,6.5103734439834025,6.528157434473576
2000,SVN.2.2_1,Bovec,383,382.1081,384.0,1.0026109660574412,1.004951161288322
2000,SVN.2.3_1,Brda,62,61.2313,733.0,11.82258064516129,11.971007969238421
2000,SVN.2.4_1,Cerkno,130,131.479,713.0,5.484615384615385,5.422917454783227
2000,SVN.2.5_1,Idrija,292,295.2119,1159.0,3.969178082191781,3.9259931392323497
2000,SVN.2.6_1,Kanal,129,132.6271,1180.0,9.147286821705427,8.897127232095647
2000,SVN.2.7_1,Kobarid,188,190.1235,547.0,2.9095744680851063,2.8770774108360464
2000,SVN.2.8_1,Miren-Kostanjevica,49,46.6248,543.0,11.081632653061224,11.646171290936591
2000,SVN.2.9_1,Nova Gorica,295,297.6162,3047.0,10.328813559322034,10.23801893179076
2000,SVN.2.10_1,Šempeter-Vrtojba,7,7.7338,268.0,38.285714285714285,34.65302253562862
2000,SVN.2.11_1,Tolmin,385,384.2645,812.0,2.109090909090909,2.1131277814089837
2000,SVN.2.12_1,Vipava,112,108.4008,733.0,6.544642857142857,6.761940022870466
2000,SVN.3.1_1,Crnomelj,335,330.8646,1475.0,4.402985074626866,4.4580168151017405
2000,SVN.3.2_1,Dolenjske Toplice,112,111.0355,192.0,1.7142857142857142,1.7291759737708665
2000,SVN.3.3_1,Kocevje,543,545.407,1743.0,3.2099447513812156,3.195778377100056
2000,SVN.3.4_1,Kostel,37,35.6858,125.0,3.3783783783783785,3.5027938113318764
2000,SVN.3.5_1,Loški Potok,124,123.4977,416.0,3.3548387096774195,3.3684841243359
2000,SVN.3.6_1,Metlika,111,113.0004,1085.0,9.774774774774775,9.60173425000994
2000,SVN.3.7_1,Mirna Pec,50,48.1712,366.0,7.32,7.59790165819578
2000,SVN.3.8_1,Novo Mesto,296,300.285,3890.0,13.141891891891891,12.954360087401499
2000,SVN.3.9_1,Osilnica,32,31.0875,131.0,4.09375,4.2139067969725685
2000,SVN.3.10_1,Ribnica,160,155.756,1252.0,7.825,8.038212475372955
2000,SVN.3.11_1,Semic,149,148.9731,342.0,2.295302013422819,2.2957159802874694
2000,SVN.3.12_1,Šentjernej,100,100.1929,683.0,6.83,6.816847865018706
2000,SVN.3.13_1,Škocjan,63,61.2852,531.0,8.428571428571429,8.664412932846194
2000,SVN.3.14_1,Sodražica,50,49.9829,335.0,6.7,6.702287821786108
2000,SVN.3.15_1,Trebnje,311,317.9015,2555.0,8.215434083601286,8.037080129715404
2000,SVN.3.16_1,Žužemberk,168,162.6138,965.0,5.744047619047619,5.93430525492211
2000,SVN.4.1_1,Črna na Koroškem,155,152.0071,293.0,1.8903225806451613,1.9275412944996855
2000,SVN.4.2_1,Dravograd,100,101.2156,1031.0,10.31,10.186176467750107
2000,SVN.4.3_1,Mežica,26,25.1048,319.0,12.26923076923077,12.706714513441757
2000,SVN.4.4_1,Mislinja,113,113.4849,627.0,5.548672566371682,5.524964365102407
2000,SVN.4.5_1,Muta,38,37.5131,338.0,8.894736842105264,9.010188731477692
2000,SVN.4.6_1,Podvelka,109,106.5864,432.0,3.963302752293578,4.0530503797745165
2000,SVN.4.7_1,Prevalje,49,53.1459,642.0,13.10204081632653,12.079946586551227
2000,SVN.4.8_1,Radlje ob Dravi,92,93.2679,665.0,7.228260869565218,7.1299987413568235
2000,SVN.4.9_1,Ravne na Koroškem,65,64.9398,871.0,13.4,13.412412561518723
2000,SVN.4.10_1,Ribnica na Pohorju,60,59.5312,118.0,1.9666666666666666,1.9821524182206942
2000,SVN.4.11_1,Slovenj Gradec,181,175.7583,2071.0,11.441988950276244,11.783225748148606
2000,SVN.4.12_1,Vuzenica,49,49.955,307.0,6.26530612244898,6.145528795220326
2000,SVN.5.1_1,Bloke,74,75.5663,337.0,4.554054054054054,4.459661594853246
2000,SVN.5.2_1,Cerknica,245,243.7275,999.0,4.077551020408163,4.098840150811777
2000,SVN.5.3_1,Ilirska Bistrica,474,469.8196,2499.0,5.272151898734177,5.319062879452365
2000,SVN.5.4_1,Loška Dolina,166,166.6122,286.0,1.7228915662650603,1.7165609393843821
2000,SVN.5.5_1,Pivka,225,224.9807,913.0,4.057777777777778,4.058126750905849
2000,SVN.5.6_1,Postojna,272,271.1278,2135.0,7.849264705882353,7.874515813598131
2000,SVN.6.1_1,Divaca,144,147.4596,892.0,6.194444444444445,6.049116062568674
2000,SVN.6.2_1,Hrpelje-Kozina,187,185.866,976.0,5.219251336898396,5.251095091285187
2000,SVN.6.3_1,Izola,26,24.2792,777.0,29.884615384615383,32.00266476617837
2000,SVN.6.4_1,Komen,94,90.9951,788.0,8.382978723404255,8.659806137795847
2000,SVN.6.5_1,Koper,290,291.0771,4867.0,16.782758620689656,16.720653649038642
2000,SVN.6.6_1,Piran,28,27.7566,653.0,23.321428571428573,23.525897828094845
2000,SVN.6.7_1,Sežana,177,177.7348,2118.0,11.966101694915254,11.916633225822604
2000,SVN.7.1_1,Borovnica,40,42.2423,310.0,7.75,7.338614715935721
2000,SVN.7.2_1,Brezovica,88,89.8349,1232.0,14.0,13.714040919826536
2000,SVN.7.3_1,Dobrepolje,93,95.3671,579.0,6.225806451612903,6.071279213990353
2000,SVN.7.4_1,Dobrova-Polhov Gradec,111,117.3249,1358.0,12.234234234234235,11.574694883914512
2000,SVN.7.5_1,Dol pri Ljubljani,36,33.5133,797.0,22.13888888888889,23.781618972966076
2000,SVN.7.6_1,Domžale,73,71.6483,2734.0,37.45205479452055,38.15863858051072
2000,SVN.7.7_1,Grosuplje,136,134.7405,2073.0,15.242647058823529,15.385127987625172
2000,SVN.7.8_1,Horjul,33,32.6953,451.0,13.666666666666666,13.794032213364373
2000,SVN.7.9_1,Ig,103,99.6528,1103.0,10.70873786407767,11.06842423954016
2000,SVN.7.10_1,Ivancna Gorica,231,229.5426,1816.0,7.861471861471862,7.91138600129039
2000,SVN.7.11_1,Kamnik,262,264.6744,2443.0,9.32442748091603,9.230207358636465
2000,SVN.7.12_1,Komenda,25,24.2478,533.0,21.32,21.98139500187425
2000,SVN.7.13_1,Litija,320,319.2343,1931.0,6.034375,6.0488493556878975
2000,SVN.7.14_1,Ljubljana,275,276.4294,11277.0,41.00727272727273,40.79522470714128
2000,SVN.7.15_1,Logatec,173,172.2888,1073.0,6.202312138728324,6.2279157077972265
2000,SVN.7.16_1,Lukovica,75,75.1131,1024.0,13.653333333333334,13.632775852339531
2000,SVN.7.17_1,Medvode,75,76.3493,1874.0,24.986666666666668,24.54506992145535
2000,SVN.7.18_1,Mengeš,22,21.4582,858.0,39.0,39.98469601447561
2000,SVN.7.19_1,Moravce,60,61.357,639.0,10.65,10.414452898376492
2000,SVN.7.20_1,Škofljica,39,41.8098,1052.0,26.974358974358974,25.16157882988809
2000,SVN.7.21_1,Trzin,8,8.5875,421.0,52.625,49.02472970373821
2000,SVN.7.22_1,Velike Lašče,103,102.246,646.0,6.271844660194175,6.318096709887306
2000,SVN.7.23_1,Vodice,34,32.1413,768.0,22.58823529411765,23.894485464894373
2000,SVN.7.24_1,Vrhnika,128,123.5543,1738.0,13.578125,14.066693210327172
2000,SVN.8.1_1,Benedikt,24,23.6001,270.0,11.25,11.440632759156056
2000,SVN.8.2_1,Cerkvenjak,21,23.3141,175.0,8.333333333333334,7.506192481166984
2000,SVN.8.3_1,Destrnik,35,34.9829,441.0,12.6,12.606158357893845
2000,SVN.8.4_1,Dornava,25,27.7855,281.0,11.24,10.113177916790425
2000,SVN.8.5_1,Duplek,35,36.6236,672.0,19.2,18.348837486024333
2000,SVN.8.6_1,Gorišnica,62,58.8136,832.0,13.419354838709678,14.146396439818178
2000,SVN.8.7_1,Hajdina,23,22.2098,546.0,23.73913043478261,24.583796597342815
2000,SVN.8.8_1,Hoce-Slivnica,54,53.0168,1710.0,31.666666666666668,32.25393189671277
2000,SVN.8.9_1,Juršinci,39,36.4549,329.0,8.435897435897436,9.024839720314668
2000,SVN.8.10_1,Kidricevo,72,72.2552,1135.0,15.76388888888889,15.7082083336596
2000,SVN.8.11_1,Kungota,49,49.2311,763.0,15.571428571428571,15.498341595633603
2000,SVN.8.12_1,Lenart,119,118.6381,1609.0,13.521008403361344,13.562253825708169
2000,SVN.8.13_1,Lovrenc na Pohorju,88,84.3319,475.0,5.3977272727272725,5.632504381864871
2000,SVN.8.14_1,Majšperk,76,73.049,466.0,6.131578947368421,6.3792764571732095
2000,SVN.8.15_1,Maribor,148,148.2768,5543.0,37.4527027027027,37.38278980114569
2000,SVN.8.16_1,Markovci,32,30.1473,522.0,16.3125,17.31496464010986
2000,SVN.8.17_1,Miklavž na Dravskem Polju,15,12.6428,415.0,27.666666666666668,32.82494369402928
2000,SVN.8.18_1,Oplotnica,33,33.4925,521.0,15.787878787878787,15.555717200492825
2000,SVN.8.19_1,Ormož,202,203.3344,2102.0,10.405940594059405,10.337653218499396
2000,SVN.8.20_1,Pesnica,75,74.2044,1323.0,17.64,17.82913882771698
2000,SVN.8.21_1,Podlehnik,50,50.6164,378.0,7.56,7.467932312454254
2000,SVN.8.22_1,Ptuj,69,65.9821,1838.0,26.63768115942029,27.856034657002695
2000,SVN.8.23_1,Race-Fram,49,50.2968,880.0,17.959183673469386,17.496141320789175
2000,SVN.8.24_1,Ruše,58,59.7856,577.0,9.948275862068966,9.651146788476838
2000,SVN.8.25_1,Selnica ob Dravi,61,61.063,776.0,12.721311475409836,12.708177431419575
2000,SVN.8.26_1,Šentilj,57,59.2267,1098.0,19.263157894736842,18.538946820597943
2000,SVN.8.27_1,Slovenska Bistrica,335,335.0452,3545.0,10.582089552238806,10.580663475955655
2000,SVN.8.28_1,Starše,33,34.3011,525.0,15.909090909090908,15.305634175313514
2000,SVN.8.29_1,Sveta Ana,40,38.4319,413.0,10.325,10.746283836329846
2000,SVN.8.30_1,Sveti Andraž v Slovenskih Gorica,17,17.2853,127.0,7.470588235294118,7.347295133422524
2000,SVN.8.31_1,Trnovska Vas,22,22.4787,209.0,9.5,9.297703310607021
2000,SVN.8.32_1,Videm,72,70.8118,703.0,9.76388888888889,9.927725568057916
2000,SVN.8.33_1,Zavrc,12,12.6615,136.0,11.333333333333334,10.741186809218915
2000,SVN.8.34_1,Žetale,36,36.6322,179.0,4.972222222222222,4.886405538299458
2000,SVN.9.1_1,Beltinci,63,62.0632,839.0,13.317460317460318,13.51848793544802
2000,SVN.9.2_1,Cankova,26,26.5785,260.0,10.0,9.782357061287076
2000,SVN.9.3_1,Črenšovci,32,31.9352,436.0,13.625,13.652632858806424
2000,SVN.9.4_1,Dobrovnik,33,34.006,317.0,9.606060606060606,9.321879212994387
2000,SVN.9.5_1,Gornja Radgona,122,120.5406,1299.0,10.647540983606557,10.776451440260727
2000,SVN.9.6_1,Gornji Petrovci,63,63.9394,400.0,6.349206349206349,6.255921866661991
2000,SVN.9.7_1,Grad,40,36.7113,290.0,7.25,7.899484805538118
2000,SVN.9.8_1,Hodoš,22,23.8037,152.0,6.909090909090909,6.385561457411054
2000,SVN.9.9_1,Kobilje,19,19.2954,114.0,6.0,5.908136335575209
2000,SVN.9.10_1,Križevci,47,47.0896,385.0,8.191489361702128,8.175905881784303
2000,SVN.9.11_1,Kuzma,17,17.095,121.0,7.117647058823529,7.078103924589524
2000,SVN.9.12_1,Lendava,108,110.1086,1679.0,15.546296296296296,15.248581384218644
2000,SVN.9.13_1,Ljutomer,111,108.5309,1135.0,10.225225225225225,10.45785177826272
2000,SVN.9.14_1,Moravske Toplice,142,143.39,1223.0,8.612676056338028,8.529184066118756
2000,SVN.9.15_1,Murska Sobota,68,65.8851,1668.0,24.529411764705884,25.316792928563835
2000,SVN.9.16_1,Odranci,8,7.8191,120.0,15.0,15.346980944769847
2000,SVN.9.17_1,Puconci,108,106.0635,911.0,8.435185185185185,8.589196109919309
2000,SVN.9.18_1,Radenci,35,33.8123,523.0,14.942857142857143,15.46774953242083
2000,SVN.9.19_1,Razkrižje,6,6.9318,61.0,10.166666666666666,8.800018497185736
2000,SVN.9.20_1,Rogašovci,31,31.9244,241.0,7.774193548387097,7.549090562911861
2000,SVN.9.21_1,Šalovci,53,50.5578,354.0,6.679245283018868,7.001882755748346
2000,SVN.9.22_1,Sveti Jurij,48,51.1951,389.0,8.104166666666666,7.59838368185076
2000,SVN.9.23_1,Tišina,33,35.3877,432.0,13.090909090909092,12.207636313380002
2000,SVN.9.24_1,Turnišče,20,22.9794,221.0,11.05,9.617289607847786
2000,SVN.9.25_1,Velika Polana,24,24.1079,240.0,10.0,9.955250233022124
2000,SVN.9.26_1,Veržej,12,11.769,130.0,10.833333333333334,11.045947128713287
2000,SVN.10.1_1,Bistrica ob Sotli,61,56.0788,596.0,9.770491803278688,10.62791125143516
2000,SVN.10.2_1,Braslovce,58,55.9005,687.0,11.844827586206897,12.289694811135217
2000,SVN.10.3_1,Celje,96,96.8336,3195.0,33.28125,32.99475556752076
2000,SVN.10.4_1,Dobje,17,17.4869,159.0,9.352941176470589,9.0925242226023
2000,SVN.10.5_1,Dobrna,33,32.2669,359.0,10.878787878787879,11.125950486602921
2000,SVN.10.6_1,Gornji Grad,90,91.0047,378.0,4.2,4.153631009381538
2000,SVN.10.7_1,Kozje,87,88.5434,694.0,7.977011494252873,7.837966452421521
2000,SVN.10.8_1,Laško,205,201.4876,1965.0,9.585365853658537,9.752462601928737
2000,SVN.10.9_1,Ljubno,79,79.362,377.0,4.772151898734177,4.750386096968878
2000,SVN.10.10_1,Luce,112,110.3298,126.0,1.125,1.1420300271949704
2000,SVN.10.11_1,Mozirje,83,84.7599,811.0,9.771084337349398,9.568201546844962
2000,SVN.10.12_1,Nazarje,44,43.6766,322.0,7.318181818181818,7.372374825967451
2000,SVN.10.13_1,Podcetrtek,30,29.5669,310.0,10.333333333333334,10.48470712112258
2000,SVN.10.14_1,Polzela,33,34.477,537.0,16.272727272727273,15.575596570262265
2000,SVN.10.15_1,Prebold,42,41.0779,551.0,13.119047619047619,13.413544256509194
2000,SVN.10.16_1,Radece,53,52.1379,471.0,8.88679245283019,9.03373225970583
2000,SVN.10.17_1,Rogaška Slatina,68,70.8401,1265.0,18.602941176470587,17.857127079509564
2000,SVN.10.18_1,Rogatec,43,46.8711,571.0,13.279069767441861,12.18235795715661
2000,SVN.10.19_1,Šentjur pri Celju,224,223.8178,2462.0,10.991071428571429,11.000020049803107
2000,SVN.10.20_1,Slovenske Konjice,98,98.3364,1491.0,15.214285714285714,15.162235533888127
2000,SVN.10.21_1,Šmarje pri Jelšah,112,109.0515,1154.0,10.303571428571429,10.582156482388173
2000,SVN.10.22_1,Šmartno ob Paki,17,17.0321,242.0,14.235294117647058,14.208429337701464
2000,SVN.10.23_1,Solcava,94,98.1425,110.0,1.1702127659574468,1.120819757802431
2000,SVN.10.24_1,Šoštanj,99,96.868,1302.0,13.151515151515152,13.440964835975178
2000,SVN.10.25_1,Štore,29,28.5396,461.0,15.89655172413793,16.152993585396832
2000,SVN.10.26_1,Tabor,34,33.8269,258.0,7.588235294117647,7.627068649920066
2000,SVN.10.27_1,Velenje,83,84.3401,2058.0,24.795180722891565,24.401216919793036
2000,SVN.10.28_1,Vitanje,59,60.4406,293.0,4.966101694915254,4.847738217886554
2000,SVN.10.29_1,Vojnik,80,76.9489,1158.0,14.475,15.048954568853675
2000,SVN.10.30_1,Vransko,52,54.1537,552.0,10.615384615384615,10.193209799971612
2000,SVN.10.31_1,Žalec,117,117.1442,2211.0,18.897435897435898,18.87418170541171
2000,SVN.10.32_1,Zrece,62,65.8808,851.0,13.725806451612904,12.917269848787129
2000,SVN.11.1_1,Brežice,248,245.6913,3998.0,16.120967741935484,16.272452865571832
2000,SVN.11.2_1,Krško,340,340.9379,4324.0,12.717647058823529,12.682663044564332
2000,SVN.11.3_1,Sevnica,280,278.6841,2041.0,7.289285714285715,7.323704183671772
2000,SVN.12.1_1,Hrastnik,56,58.2381,934.0,16.678571428571427,16.037612353348667
2000,SVN.12.2_1,Trbovlje,60,57.9159,1186.0,19.766666666666666,20.47797403812643
2000,SVN.12.3_1,Zagorje ob Savi,145,147.3849,1665.0,11.482758620689655,11.296953404636447
2001,SVN.1.1_1,Bled,187,187.7102,1878.0,10.042780748663102,10.004786252493856
2001,SVN.1.2_1,Bohinj,331,330.4201,990.0,2.990936555891239,2.9961854351960393
2001,SVN.1.3_1,Cerklje na Gorenjskem,74,77.1957,1391.0,18.7972972972973,18.019135589865257
2001,SVN.1.4_1,Gorenja Vas-Poljane,152,151.5701,727.0,4.782894736842105,4.796459544953293
2001,SVN.1.5_1,Jesenice,75,74.7956,2005.0,26.733333333333334,26.80637377597402
2001,SVN.1.6_1,Jezersko,73,70.5865,43.0,0.589041095890411,0.6091818093602669
2001,SVN.1.7_1,Kranj,146,145.7396,3618.0,24.78082191780822,24.825097417347532
2001,SVN.1.8_1,Kranjska Gora,244,249.6461,1893.0,7.758196721311475,7.582735525374249
2001,SVN.1.9_1,Naklo,28,27.6347,564.0,20.142857142857142,20.409116951854475
2001,SVN.1.10_1,Preddvor,88,86.0439,595.0,6.761363636363637,6.915076894171645
2001,SVN.1.11_1,Radovljica,117,116.9011,2035.0,17.39316239316239,17.407883177232925
2001,SVN.1.12_1,Šenčur,46,42.6248,1357.0,29.5,31.83591292910476
2001,SVN.1.13_1,Škofja Loka,145,144.4252,1919.0,13.23448275862069,13.287156732306675
2001,SVN.1.14_1,Tržič,157,156.9897,1289.0,8.210191082802547,8.210731561133418
2001,SVN.1.15_1,Železniki,163,163.136,661.0,4.0552147239263805,4.051833618557468
2001,SVN.1.16_1,Žiri,51,49.568,422.0,8.27450980392157,8.513557083363205
2001,SVN.1.17_1,Žirovnica,42,42.0999,663.0,15.785714285714286,15.748273563654235
2001,SVN.2.1_1,Ajdovščina,241,240.3435,1575.0,6.535269709543568,6.553121707645559
2001,SVN.2.2_1,Bovec,383,382.1081,355.0,0.9268929503916449,0.9290564121285269
2001,SVN.2.3_1,Brda,62,61.2313,733.0,11.82258064516129,11.971007969238421
2001,SVN.2.4_1,Cerkno,130,131.479,711.0,5.469230769230769,5.407705905120441
2001,SVN.2.5_1,Idrija,292,295.2119,1125.0,3.8527397260273974,3.8108216407561635
2001,SVN.2.6_1,Kanal,129,132.6271,1166.0,9.03875968992248,8.791568095443665
2001,SVN.2.7_1,Kobarid,188,190.1235,545.0,2.898936170212766,2.866557932185823
2001,SVN.2.8_1,Miren-Kostanjevica,49,46.6248,549.0,11.204081632653061,11.774858266527051
2001,SVN.2.9_1,Nova Gorica,295,297.6162,3031.0,10.27457627118644,10.184258412293335
2001,SVN.2.10_1,Šempeter-Vrtojba,7,7.7338,269.0,38.42857142857143,34.782324858522756
2001,SVN.2.11_1,Tolmin,385,384.2645,797.0,2.07012987012987,2.074092169683448
2001,SVN.2.12_1,Vipava,112,108.4008,731.0,6.526785714285714,6.743489981880368
2001,SVN.3.1_1,Crnomelj,335,330.8646,1475.0,4.402985074626866,4.4580168151017405
2001,SVN.3.2_1,Dolenjske Toplice,112,111.0355,188.0,1.6785714285714286,1.6931514743173068
2001,SVN.3.3_1,Kocevje,543,545.407,1713.0,3.154696132596685,3.140773585755821
2001,SVN.3.4_1,Kostel,37,35.6858,142.0,3.8378378378378377,3.979173769673012
2001,SVN.3.5_1,Loški Potok,124,123.4977,397.0,3.2016129032258065,3.214635089810943
2001,SVN.3.6_1,Metlika,111,113.0004,1108.0,9.981981981981981,9.805273317060841
2001,SVN.3.7_1,Mirna Pec,50,48.1712,346.0,6.92,7.182715775234262
2001,SVN.3.8_1,Novo Mesto,296,300.285,3888.0,13.135135135135135,12.947699748024942
2001,SVN.3.9_1,Osilnica,32,31.0875,131.0,4.09375,4.2139067969725685
2001,SVN.3.10_1,Ribnica,160,155.756,1236.0,7.725,7.935487715304291
2001,SVN.3.11_1,Semic,149,148.9731,371.0,2.48993288590604,2.490381955224126
2001,SVN.3.12_1,Šentjernej,100,100.1929,680.0,6.8,6.786905634279238
2001,SVN.3.13_1,Škocjan,63,61.2852,531.0,8.428571428571429,8.664412932846194
2001,SVN.3.14_1,Sodražica,50,49.9829,347.0,6.94,6.942369773611281
2001,SVN.3.15_1,Trebnje,311,317.9015,2479.0,7.971061093247588,7.798012384173967
2001,SVN.3.16_1,Žužemberk,168,162.6138,814.0,4.845238095238095,5.005724847157096
2001,SVN.4.1_1,Črna na Koroškem,155,152.0071,291.0,1.8774193548387097,1.9143840160389367
2001,SVN.4.2_1,Dravograd,100,101.2156,1035.0,10.35,10.225696066073095
2001,SVN.4.3_1,Mežica,26,25.1048,319.0,12.26923076923077,12.706714513441757
2001,SVN.4.4_1,Mislinja,113,113.4849,593.0,5.247787610619469,5.2253650215402345
2001,SVN.4.5_1,Muta,38,37.5131,338.0,8.894736842105264,9.010188731477692
2001,SVN.4.6_1,Podvelka,109,106.5864,401.0,3.6788990825688073,3.7622064867814378
2001,SVN.4.7_1,Prevalje,49,53.1459,642.0,13.10204081632653,12.079946586551227
2001,SVN.4.8_1,Radlje ob Dravi,92,93.2679,670.0,7.282608695652174,7.183607754449732
2001,SVN.4.9_1,Ravne na Koroškem,65,64.9398,882.0,13.569230769230769,13.581800090998293
2001,SVN.4.10_1,Ribnica na Pohorju,60,59.5312,118.0,1.9666666666666666,1.9821524182206942
2001,SVN.4.11_1,Slovenj Gradec,181,175.7583,2079.0,11.486187845303867,11.828742795944448
2001,SVN.4.12_1,Vuzenica,49,49.955,315.0,6.428571428571429,6.305672868059943
2001,SVN.5.1_1,Bloke,74,75.5663,334.0,4.513513513513513,4.4199613432670155
2001,SVN.5.2_1,Cerknica,245,243.7275,975.0,3.979591836734694,4.000369516558041
2001,SVN.5.3_1,Ilirska Bistrica,474,469.8196,2479.0,5.229957805907173,5.276493348604406
2001,SVN.5.4_1,Loška Dolina,166,166.6122,265.0,1.5963855421686748,1.590519751527487
2001,SVN.5.5_1,Pivka,225,224.9807,896.0,3.982222222222222,3.9825646974935824
2001,SVN.5.6_1,Postojna,272,271.1278,2127.0,7.819852941176471,7.845009431158418
2001,SVN.6.1_1,Divaca,144,147.4596,873.0,6.0625,5.920267177827862
2001,SVN.6.2_1,Hrpelje-Kozina,187,185.866,1174.0,6.278074866310161,6.316378726607387
2001,SVN.6.3_1,Izola,26,24.2792,784.0,30.153846153846153,32.29097706136917
2001,SVN.6.4_1,Komen,94,90.9951,793.0,8.436170212765957,8.714754146284399
2001,SVN.6.5_1,Koper,290,291.0771,4916.0,16.951724137931034,16.8889939056244
2001,SVN.6.6_1,Piran,28,27.7566,653.0,23.321428571428573,23.525897828094845
2001,SVN.6.7_1,Sežana,177,177.7348,2114.0,11.943502824858758,11.894127780636914
2001,SVN.7.1_1,Borovnica,40,42.2423,310.0,7.75,7.338614715935721
2001,SVN.7.2_1,Brezovica,88,89.8349,1214.0,13.795454545454545,13.513673438855044
2001,SVN.7.3_1,Dobrepolje,93,95.3671,565.0,6.075268817204301,5.924477989472452
2001,SVN.7.4_1,Dobrova-Polhov Gradec,111,117.3249,1346.0,12.126126126126126,11.472414811302603
2001,SVN.7.5_1,Dol pri Ljubljani,36,33.5133,797.0,22.13888888888889,23.781618972966076
2001,SVN.7.6_1,Domžale,73,71.6483,2734.0,37.45205479452055,38.15863858051072
2001,SVN.7.7_1,Grosuplje,136,134.7405,2054.0,15.102941176470589,15.244116201920937
2001,SVN.7.8_1,Horjul,33,32.6953,451.0,13.666666666666666,13.794032213364373
2001,SVN.7.9_1,Ig,103,99.6528,1078.0,10.466019417475728,10.817553336558742
2001,SVN.7.10_1,Ivancna Gorica,231,229.5426,1746.0,7.558441558441558,7.606431695073249
2001,SVN.7.11_1,Kamnik,262,264.6744,2438.0,9.305343511450381,9.211316226097297
2001,SVN.7.12_1,Komenda,25,24.2478,533.0,21.32,21.98139500187425
2001,SVN.7.13_1,Litija,320,319.2343,1739.0,5.434375,5.447410165479676
2001,SVN.7.14_1,Ljubljana,275,276.4294,11277.0,41.00727272727273,40.79522470714128
2001,SVN.7.15_1,Logatec,173,172.2888,1172.0,6.77456647398844,6.802532348125209
2001,SVN.7.16_1,Lukovica,75,75.1131,1025.0,13.666666666666666,13.64608911000783
2001,SVN.7.17_1,Medvode,75,76.3493,1874.0,24.986666666666668,24.54506992145535
2001,SVN.7.18_1,Mengeš,22,21.4582,858.0,39.0,39.98469601447561
2001,SVN.7.19_1,Moravce,60,61.357,639.0,10.65,10.414452898376492
2001,SVN.7.20_1,Škofljica,39,41.8098,1052.0,26.974358974358974,25.16157882988809
2001,SVN.7.21_1,Trzin,8,8.5875,421.0,52.625,49.02472970373821
2001,SVN.7.22_1,Velike Lašče,103,102.246,656.0,6.368932038834951,6.4159000645295245
2001,SVN.7.23_1,Vodice,34,32.1413,768.0,22.58823529411765,23.894485464894373
2001,SVN.7.24_1,Vrhnika,128,123.5543,1745.0,13.6328125,14.1233484764217
2001,SVN.8.1_1,Benedikt,24,23.6001,270.0,11.25,11.440632759156056
2001,SVN.8.2_1,Cerkvenjak,21,23.3141,175.0,8.333333333333334,7.506192481166984
2001,SVN.8.3_1,Destrnik,35,34.9829,441.0,12.6,12.606158357893845
2001,SVN.8.4_1,Dornava,25,27.7855,281.0,11.24,10.113177916790425
2001,SVN.8.5_1,Duplek,35,36.6236,672.0,19.2,18.348837486024333
2001,SVN.8.6_1,Gorišnica,62,58.8136,832.0,13.419354838709678,14.146396439818178
2001,SVN.8.7_1,Hajdina,23,22.2098,546.0,23.73913043478261,24.583796597342815
2001,SVN.8.8_1,Hoce-Slivnica,54,53.0168,1726.0,31.962962962962962,32.55572307235453
2001,SVN.8.9_1,Juršinci,39,36.4549,329.0,8.435897435897436,9.024839720314668
2001,SVN.8.10_1,Kidricevo,72,72.2552,1141.0,15.847222222222221,15.791247320445466
2001,SVN.8.11_1,Kungota,49,49.2311,763.0,15.571428571428571,15.498341595633603
2001,SVN.8.12_1,Lenart,119,118.6381,1609.0,13.521008403361344,13.562253825708169
2001,SVN.8.13_1,Lovrenc na Pohorju,88,84.3319,439.0,4.988636363636363,5.205619839239323
2001,SVN.8.14_1,Majšperk,76,73.049,450.0,5.921052631578948,6.160245505853958
2001,SVN.8.15_1,Maribor,148,148.2768,5554.0,37.527027027027025,37.45697538437005
2001,SVN.8.16_1,Markovci,32,30.1473,522.0,16.3125,17.31496464010986
2001,SVN.8.17_1,Miklavž na Dravskem Polju,15,12.6428,415.0,27.666666666666668,32.82494369402928
2001,SVN.8.18_1,Oplotnica,33,33.4925,521.0,15.787878787878787,15.555717200492825
2001,SVN.8.19_1,Ormož,202,203.3344,2096.0,10.376237623762377,10.308145169350492
2001,SVN.8.20_1,Pesnica,75,74.2044,1323.0,17.64,17.82913882771698
2001,SVN.8.21_1,Podlehnik,50,50.6164,374.0,7.48,7.388906573698124
2001,SVN.8.22_1,Ptuj,69,65.9821,1838.0,26.63768115942029,27.856034657002695
2001,SVN.8.23_1,Race-Fram,49,50.2968,880.0,17.959183673469386,17.496141320789175
2001,SVN.8.24_1,Ruše,58,59.7856,574.0,9.89655172413793,9.600967515746456
2001,SVN.8.25_1,Selnica ob Dravi,61,61.063,782.0,12.819672131147541,12.806436535270757
2001,SVN.8.26_1,Šentilj,57,59.2267,1098.0,19.263157894736842,18.538946820597943
2001,SVN.8.27_1,Slovenska Bistrica,335,335.0452,3481.0,10.391044776119402,10.38964444564221
2001,SVN.8.28_1,Starše,33,34.3011,525.0,15.909090909090908,15.305634175313514
2001,SVN.8.29_1,Sveta Ana,40,38.4319,413.0,10.325,10.746283836329846
2001,SVN.8.30_1,Sveti Andraž v Slovenskih Gorica,17,17.2853,127.0,7.470588235294118,7.347295133422524
2001,SVN.8.31_1,Trnovska Vas,22,22.4787,209.0,9.5,9.297703310607021
2001,SVN.8.32_1,Videm,72,70.8118,698.0,9.694444444444445,9.857115855625072
2001,SVN.8.33_1,Zavrc,12,12.6615,136.0,11.333333333333334,10.741186809218915
2001,SVN.8.34_1,Žetale,36,36.6322,183.0,5.083333333333333,4.995598958149725
2001,SVN.9.1_1,Beltinci,63,62.0632,839.0,13.317460317460318,13.51848793544802
2001,SVN.9.2_1,Cankova,26,26.5785,260.0,10.0,9.782357061287076
2001,SVN.9.3_1,Črenšovci,32,31.9352,436.0,13.625,13.652632858806424
2001,SVN.9.4_1,Dobrovnik,33,34.006,317.0,9.606060606060606,9.321879212994387
2001,SVN.9.5_1,Gornja Radgona,122,120.5406,1299.0,10.647540983606557,10.776451440260727
2001,SVN.9.6_1,Gornji Petrovci,63,63.9394,393.0,6.238095238095238,6.146443233995406
2001,SVN.9.7_1,Grad,40,36.7113,290.0,7.25,7.899484805538118
2001,SVN.9.8_1,Hodoš,22,23.8037,194.0,8.818181818181818,8.149992912748319
2001,SVN.9.9_1,Kobilje,19,19.2954,114.0,6.0,5.908136335575209
2001,SVN.9.10_1,Križevci,47,47.0896,391.0,8.319148936170214,8.303322596825097
2001,SVN.9.11_1,Kuzma,17,17.095,116.0,6.823529411764706,6.785620291342022
2001,SVN.9.12_1,Lendava,108,110.1086,1679.0,15.546296296296296,15.248581384218644
2001,SVN.9.13_1,Ljutomer,111,108.5309,1135.0,10.225225225225225,10.45785177826272
2001,SVN.9.14_1,Moravske Toplice,142,143.39,1201.0,8.45774647887324,8.375756388723325
2001,SVN.9.15_1,Murska Sobota,68,65.8851,1668.0,24.529411764705884,25.316792928563835
2001,SVN.9.16_1,Odranci,8,7.8191,120.0,15.0,15.346980944769847
2001,SVN.9.17_1,Puconci,108,106.0635,907.0,8.398148148148149,8.55148284489222
2001,SVN.9.18_1,Radenci,35,33.8123,530.0,15.142857142857142,15.674774860770631
2001,SVN.9.19_1,Razkrižje,6,6.9318,61.0,10.166666666666666,8.800018497185736
2001,SVN.9.20_1,Rogašovci,31,31.9244,241.0,7.774193548387097,7.549090562911861
2001,SVN.9.21_1,Šalovci,53,50.5578,357.0,6.735849056603773,7.0612207452038405
2001,SVN.9.22_1,Sveti Jurij,48,51.1951,389.0,8.104166666666666,7.59838368185076
2001,SVN.9.23_1,Tišina,33,35.3877,432.0,13.090909090909092,12.207636313380002
2001,SVN.9.24_1,Turnišče,20,22.9794,221.0,11.05,9.617289607847786
2001,SVN.9.25_1,Velika Polana,24,24.1079,240.0,10.0,9.955250233022124
2001,SVN.9.26_1,Veržej,12,11.769,130.0,10.833333333333334,11.045947128713287
2001,SVN.10.1_1,Bistrica ob Sotli,61,56.0788,596.0,9.770491803278688,10.62791125143516
2001,SVN.10.2_1,Braslovce,58,55.9005,688.0,11.862068965517242,12.307583740991308
2001,SVN.10.3_1,Celje,96,96.8336,3195.0,33.28125,32.99475556752076
2001,SVN.10.4_1,Dobje,17,17.4869,159.0,9.352941176470589,9.0925242226023
2001,SVN.10.5_1,Dobrna,33,32.2669,359.0,10.878787878787879,11.125950486602921
2001,SVN.10.6_1,Gornji Grad,90,91.0047,361.0,4.011111111111111,3.966827498377606
2001,SVN.10.7_1,Kozje,87,88.5434,683.0,7.850574712643678,7.713733554760661
2001,SVN.10.8_1,Laško,205,201.4876,1933.0,9.429268292682927,9.59364387253346
2001,SVN.10.9_1,Ljubno,79,79.362,368.0,4.658227848101266,4.636981654335669
2001,SVN.10.10_1,Luce,112,110.3298,87.0,0.7767857142857143,0.7885445425870032
2001,SVN.10.11_1,Mozirje,83,84.7599,801.0,9.650602409638553,9.45022125650162
2001,SVN.10.12_1,Nazarje,44,43.6766,326.0,7.409090909090909,7.463957121942201
2001,SVN.10.13_1,Podcetrtek,30,29.5669,310.0,10.333333333333334,10.48470712112258
2001,SVN.10.14_1,Polzela,33,34.477,537.0,16.272727272727273,15.575596570262265
2001,SVN.10.15_1,Prebold,42,41.0779,552.0,13.142857142857142,13.437888256974727
2001,SVN.10.16_1,Radece,53,52.1379,440.0,8.30188679245283,8.439155401848335
2001,SVN.10.17_1,Rogaška Slatina,68,70.8401,1266.0,18.61764705882353,17.871243385501273
2001,SVN.10.18_1,Rogatec,43,46.8711,553.0,12.86046511627907,11.79832565728127
2001,SVN.10.19_1,Šentjur pri Celju,224,223.8178,2441.0,10.897321428571429,10.906193721189839
2001,SVN.10.20_1,Slovenske Konjice,98,98.3364,1493.0,15.23469387755102,15.18257387799797
2001,SVN.10.21_1,Šmarje pri Jelšah,112,109.0515,1154.0,10.303571428571429,10.582156482388173
2001,SVN.10.22_1,Šmartno ob Paki,17,17.0321,242.0,14.235294117647058,14.208429337701464
2001,SVN.10.23_1,Solcava,94,98.1425,86.0,0.9148936170212766,0.8762772651909915
2001,SVN.10.24_1,Šoštanj,99,96.868,1284.0,12.969696969696969,13.255145045616075
2001,SVN.10.25_1,Štore,29,28.5396,461.0,15.89655172413793,16.152993585396832
2001,SVN.10.26_1,Tabor,34,33.8269,239.0,7.029411764705882,7.065385299732154
2001,SVN.10.27_1,Velenje,83,84.3401,2058.0,24.795180722891565,24.401216919793036
2001,SVN.10.28_1,Vitanje,59,60.4406,285.0,4.830508474576271,4.715376764838457
2001,SVN.10.29_1,Vojnik,80,76.9489,1158.0,14.475,15.048954568853675
2001,SVN.10.30_1,Vransko,52,54.1537,553.0,10.634615384615385,10.21167575975417
2001,SVN.10.31_1,Žalec,117,117.1442,2207.0,18.863247863247864,18.840035741222817
2001,SVN.10.32_1,Zrece,62,65.8808,845.0,13.629032258064516,12.826196265834458
2001,SVN.11.1_1,Brežice,248,245.6913,3998.0,16.120967741935484,16.272452865571832
2001,SVN.11.2_1,Krško,340,340.9379,4322.0,12.711764705882352,12.67679687294335
2001,SVN.11.3_1,Sevnica,280,278.6841,2016.0,7.2,7.233996881079027
2001,SVN.12.1_1,Hrastnik,56,58.2381,935.0,16.696428571428573,16.054783244519275
2001,SVN.12.2_1,Trbovlje,60,57.9159,1187.0,19.783333333333335,20.495240458057395
2001,SVN.12.3_1,Zagorje ob Savi,145,147.3849,1656.0,11.420689655172414,11.235888791638413
2002,SVN.1.1_1,Bled,187,187.7102,1873.0,10.016042780748663,9.97814944138498
2002,SVN.1.2_1,Bohinj,331,330.4201,957.0,2.891238670694864,2.8963125873561717
2002,SVN.1.3_1,Cerklje na Gorenjskem,74,77.1957,1391.0,18.7972972972973,18.019135589865257
2002,SVN.1.4_1,Gorenja Vas-Poljane,152,151.5701,761.0,5.006578947368421,5.02077814815606
2002,SVN.1.5_1,Jesenice,75,74.7956,2001.0,26.68,26.75289472604689
2002,SVN.1.6_1,Jezersko,73,70.5865,14.0,0.1917808219178082,0.19833826351264505
2002,SVN.1.7_1,Kranj,146,145.7396,3618.0,24.78082191780822,24.825097417347532
2002,SVN.1.8_1,Kranjska Gora,244,249.6461,1887.0,7.733606557377049,7.558701498352461
2002,SVN.1.9_1,Naklo,28,27.6347,564.0,20.142857142857142,20.409116951854475
2002,SVN.1.10_1,Preddvor,88,86.0439,595.0,6.761363636363637,6.915076894171645
2002,SVN.1.11_1,Radovljica,117,116.9011,2028.0,17.333333333333332,17.34800348080018
2002,SVN.1.12_1,Šenčur,46,42.6248,1357.0,29.5,31.83591292910476
2002,SVN.1.13_1,Škofja Loka,145,144.4252,1937.0,13.358620689655172,13.411788739175627
2002,SVN.1.14_1,Tržič,157,156.9897,1297.0,8.261146496815286,8.261690329550072
2002,SVN.1.15_1,Železniki,163,163.136,636.0,3.901840490797546,3.8985872638465198
2002,SVN.1.16_1,Žiri,51,49.568,424.0,8.313725490196079,8.553905695132698
2002,SVN.1.17_1,Žirovnica,42,42.0999,663.0,15.785714285714286,15.748273563654235
2002,SVN.2.1_1,Ajdovščina,241,240.3435,1589.0,6.593360995850622,6.611371678380187
2002,SVN.2.2_1,Bovec,383,382.1081,356.0,0.9295039164490861,0.9316734724443818
2002,SVN.2.3_1,Brda,62,61.2313,734.0,11.838709677419354,11.9873394944352
2002,SVN.2.4_1,Cerkno,130,131.479,704.0,5.415384615384616,5.354465481300689
2002,SVN.2.5_1,Idrija,292,295.2119,1110.0,3.8013698630136985,3.760010685546081
2002,SVN.2.6_1,Kanal,129,132.6271,1145.0,8.875968992248062,8.633229390465692
2002,SVN.2.7_1,Kobarid,188,190.1235,401.0,2.132978723404255,2.1091554693697523
2002,SVN.2.8_1,Miren-Kostanjevica,49,46.6248,549.0,11.204081632653061,11.774858266527051
2002,SVN.2.9_1,Nova Gorica,295,297.6162,3045.0,10.322033898305085,10.231298866853582
2002,SVN.2.10_1,Šempeter-Vrtojba,7,7.7338,269.0,38.42857142857143,34.782324858522756
2002,SVN.2.11_1,Tolmin,385,384.2645,790.0,2.051948051948052,2.0558755508781985
2002,SVN.2.12_1,Vipava,112,108.4008,735.0,6.5625,6.780390063860562
2002,SVN.3.1_1,Crnomelj,335,330.8646,1480.0,4.417910447761194,4.4731287365088646
2002,SVN.3.2_1,Dolenjske Toplice,112,111.0355,188.0,1.6785714285714286,1.6931514743173068
2002,SVN.3.3_1,Kocevje,543,545.407,1702.0,3.134438305709024,3.1206051622629345
2002,SVN.3.4_1,Kostel,37,35.6858,143.0,3.864864864864865,4.007196120163667
2002,SVN.3.5_1,Loški Potok,124,123.4977,397.0,3.2016129032258065,3.214635089810943
2002,SVN.3.6_1,Metlika,111,113.0004,1113.0,10.027027027027026,9.849520940332777
2002,SVN.3.7_1,Mirna Pec,50,48.1712,351.0,7.02,7.286512245974642
2002,SVN.3.8_1,Novo Mesto,296,300.285,3888.0,13.135135135135135,12.947699748024942
2002,SVN.3.9_1,Osilnica,32,31.0875,123.0,3.84375,3.9565689773101216
2002,SVN.3.10_1,Ribnica,160,155.756,1236.0,7.725,7.935487715304291
2002,SVN.3.11_1,Semic,149,148.9731,388.0,2.6040268456375837,2.6044964922559593
2002,SVN.3.12_1,Šentjernej,100,100.1929,682.0,6.82,6.8068671214388825
2002,SVN.3.13_1,Škocjan,63,61.2852,531.0,8.428571428571429,8.664412932846194
2002,SVN.3.14_1,Sodražica,50,49.9829,347.0,6.94,6.942369773611281
2002,SVN.3.15_1,Trebnje,311,317.9015,2478.0,7.967845659163987,7.7948667559431595
2002,SVN.3.16_1,Žužemberk,168,162.6138,819.0,4.875,5.036472542778454
2002,SVN.4.1_1,Črna na Koroškem,155,152.0071,304.0,1.961290322580645,1.9999063260338035
2002,SVN.4.2_1,Dravograd,100,101.2156,1017.0,10.17,10.04785787361965
2002,SVN.4.3_1,Mežica,26,25.1048,319.0,12.26923076923077,12.706714513441757
2002,SVN.4.4_1,Mislinja,113,113.4849,595.0,5.265486725663717,5.242988512338009
2002,SVN.4.5_1,Muta,38,37.5131,331.0,8.710526315789474,8.823587189701527
2002,SVN.4.6_1,Podvelka,109,106.5864,409.0,3.7522935779816513,3.8372629752957805
2002,SVN.4.7_1,Prevalje,49,53.1459,647.0,13.204081632653061,12.17402716744337
2002,SVN.4.8_1,Radlje ob Dravi,92,93.2679,676.0,7.3478260869565215,7.247938570161223
2002,SVN.4.9_1,Ravne na Koroškem,65,64.9398,881.0,13.553846153846154,13.566401224681968
2002,SVN.4.10_1,Ribnica na Pohorju,60,59.5312,146.0,2.433333333333333,2.452493670001876
2002,SVN.4.11_1,Slovenj Gradec,181,175.7583,2074.0,11.458563535911603,11.800294641072046
2002,SVN.4.12_1,Vuzenica,49,49.955,299.0,6.1020408163265305,5.985384722380708
2002,SVN.5.1_1,Bloke,74,75.5663,328.0,4.4324324324324325,4.340560840094555
2002,SVN.5.2_1,Cerknica,245,243.7275,975.0,3.979591836734694,4.000369516558041
2002,SVN.5.3_1,Ilirska Bistrica,474,469.8196,2481.0,5.234177215189874,5.280750301689202
2002,SVN.5.4_1,Loška Dolina,166,166.6122,247.0,1.4879518072289157,1.4824844476501482
2002,SVN.5.5_1,Pivka,225,224.9807,884.0,3.928888888888889,3.9292267774378646
2002,SVN.5.6_1,Postojna,272,271.1278,2126.0,7.8161764705882355,7.841321133353454
2002,SVN.6.1_1,Divaca,144,147.4596,898.0,6.236111111111111,6.089805184065773
2002,SVN.6.2_1,Hrpelje-Kozina,187,185.866,1190.0,6.363636363636363,6.402462252694029
2002,SVN.6.3_1,Izola,26,24.2792,784.0,30.153846153846153,32.29097706136917
2002,SVN.6.4_1,Komen,94,90.9951,793.0,8.436170212765957,8.714754146284399
2002,SVN.6.5_1,Koper,290,291.0771,4930.0,17.0,16.93709112179176
2002,SVN.6.6_1,Piran,28,27.7566,653.0,23.321428571428573,23.525897828094845
2002,SVN.6.7_1,Sežana,177,177.7348,2127.0,12.016949152542374,11.967270477490406
2002,SVN.7.1_1,Borovnica,40,42.2423,311.0,7.775,7.362287666632288
2002,SVN.7.2_1,Brezovica,88,89.8349,1214.0,13.795454545454545,13.513673438855044
2002,SVN.7.3_1,Dobrepolje,93,95.3671,572.0,6.150537634408602,5.9978786017314025
2002,SVN.7.4_1,Dobrova-Polhov Gradec,111,117.3249,1346.0,12.126126126126126,11.472414811302603
2002,SVN.7.5_1,Dol pri Ljubljani,36,33.5133,797.0,22.13888888888889,23.781618972966076
2002,SVN.7.6_1,Domžale,73,71.6483,2734.0,37.45205479452055,38.15863858051072
2002,SVN.7.7_1,Grosuplje,136,134.7405,2054.0,15.102941176470589,15.244116201920937
2002,SVN.7.8_1,Horjul,33,32.6953,451.0,13.666666666666666,13.794032213364373
2002,SVN.7.9_1,Ig,103,99.6528,1078.0,10.466019417475728,10.817553336558742
2002,SVN.7.10_1,Ivancna Gorica,231,229.5426,1743.0,7.545454545454546,7.593362224806801
2002,SVN.7.11_1,Kamnik,262,264.6744,2427.0,9.263358778625955,9.169755734511133
2002,SVN.7.12_1,Komenda,25,24.2478,533.0,21.32,21.98139500187425
2002,SVN.7.13_1,Litija,320,319.2343,1725.0,5.390625,5.403555224526993
2002,SVN.7.14_1,Ljubljana,275,276.4294,11277.0,41.00727272727273,40.79522470714128
2002,SVN.7.15_1,Logatec,173,172.2888,1177.0,6.803468208092486,6.831553390566016
2002,SVN.7.16_1,Lukovica,75,75.1131,1034.0,13.786666666666667,13.765908429022534
2002,SVN.7.17_1,Medvode,75,76.3493,1874.0,24.986666666666668,24.54506992145535
2002,SVN.7.18_1,Mengeš,22,21.4582,858.0,39.0,39.98469601447561
2002,SVN.7.19_1,Moravce,60,61.357,639.0,10.65,10.414452898376492
2002,SVN.7.20_1,Škofljica,39,41.8098,1052.0,26.974358974358974,25.16157882988809
2002,SVN.7.21_1,Trzin,8,8.5875,421.0,52.625,49.02472970373821
2002,SVN.7.22_1,Velike Lašče,103,102.246,659.0,6.398058252427185,6.44524107092219
2002,SVN.7.23_1,Vodice,34,32.1413,768.0,22.58823529411765,23.894485464894373
2002,SVN.7.24_1,Vrhnika,128,123.5543,1744.0,13.625,14.115254866979624
2002,SVN.8.1_1,Benedikt,24,23.6001,270.0,11.25,11.440632759156056
2002,SVN.8.2_1,Cerkvenjak,21,23.3141,175.0,8.333333333333334,7.506192481166984
2002,SVN.8.3_1,Destrnik,35,34.9829,441.0,12.6,12.606158357893845
2002,SVN.8.4_1,Dornava,25,27.7855,281.0,11.24,10.113177916790425
2002,SVN.8.5_1,Duplek,35,36.6236,672.0,19.2,18.348837486024333
2002,SVN.8.6_1,Gorišnica,62,58.8136,832.0,13.419354838709678,14.146396439818178
2002,SVN.8.7_1,Hajdina,23,22.2098,546.0,23.73913043478261,24.583796597342815
2002,SVN.8.8_1,Hoce-Slivnica,54,53.0168,1739.0,32.2037037037037,32.80092840256346
2002,SVN.8.9_1,Juršinci,39,36.4549,329.0,8.435897435897436,9.024839720314668
2002,SVN.8.10_1,Kidricevo,72,72.2552,1141.0,15.847222222222221,15.791247320445466
2002,SVN.8.11_1,Kungota,49,49.2311,763.0,15.571428571428571,15.498341595633603
2002,SVN.8.12_1,Lenart,119,118.6381,1609.0,13.521008403361344,13.562253825708169
2002,SVN.8.13_1,Lovrenc na Pohorju,88,84.3319,432.0,4.909090909090909,5.122614511506578
2002,SVN.8.14_1,Majšperk,76,73.049,467.0,6.144736842105263,6.392965891630663
2002,SVN.8.15_1,Maribor,148,148.2768,5579.0,37.695945945945944,37.625578982607216
2002,SVN.8.16_1,Markovci,32,30.1473,522.0,16.3125,17.31496464010986
2002,SVN.8.17_1,Miklavž na Dravskem Polju,15,12.6428,415.0,27.666666666666668,32.82494369402928
2002,SVN.8.18_1,Oplotnica,33,33.4925,521.0,15.787878787878787,15.555717200492825
2002,SVN.8.19_1,Ormož,202,203.3344,2096.0,10.376237623762377,10.308145169350492
2002,SVN.8.20_1,Pesnica,75,74.2044,1323.0,17.64,17.82913882771698
2002,SVN.8.21_1,Podlehnik,50,50.6164,385.0,7.7,7.60622735527748
2002,SVN.8.22_1,Ptuj,69,65.9821,1838.0,26.63768115942029,27.856034657002695
2002,SVN.8.23_1,Race-Fram,49,50.2968,880.0,17.959183673469386,17.496141320789175
2002,SVN.8.24_1,Ruše,58,59.7856,572.0,9.862068965517242,9.567514667259536
2002,SVN.8.25_1,Selnica ob Dravi,61,61.063,782.0,12.819672131147541,12.806436535270757
2002,SVN.8.26_1,Šentilj,57,59.2267,1098.0,19.263157894736842,18.538946820597943
2002,SVN.8.27_1,Slovenska Bistrica,335,335.0452,3484.0,10.4,10.398598462688152
2002,SVN.8.28_1,Starše,33,34.3011,525.0,15.909090909090908,15.305634175313514
2002,SVN.8.29_1,Sveta Ana,40,38.4319,413.0,10.325,10.746283836329846
2002,SVN.8.30_1,Sveti Andraž v Slovenskih Gorica,17,17.2853,127.0,7.470588235294118,7.347295133422524
2002,SVN.8.31_1,Trnovska Vas,22,22.4787,209.0,9.5,9.297703310607021
2002,SVN.8.32_1,Videm,72,70.8118,700.0,9.722222222222221,9.88535974059821
2002,SVN.8.33_1,Zavrc,12,12.6615,136.0,11.333333333333334,10.741186809218915
2002,SVN.8.34_1,Žetale,36,36.6322,182.0,5.055555555555555,4.968300603187158
2002,SVN.9.1_1,Beltinci,63,62.0632,839.0,13.317460317460318,13.51848793544802
2002,SVN.9.2_1,Cankova,26,26.5785,260.0,10.0,9.782357061287076
2002,SVN.9.3_1,Črenšovci,32,31.9352,436.0,13.625,13.652632858806424
2002,SVN.9.4_1,Dobrovnik,33,34.006,318.0,9.636363636363637,9.351285772025914
2002,SVN.9.5_1,Gornja Radgona,122,120.5406,1299.0,10.647540983606557,10.776451440260727
2002,SVN.9.6_1,Gornji Petrovci,63,63.9394,395.0,6.26984126984127,6.177722843328716
2002,SVN.9.7_1,Grad,40,36.7113,290.0,7.25,7.899484805538118
2002,SVN.9.8_1,Hodoš,22,23.8037,203.0,9.227272727272727,8.528085367463447
2002,SVN.9.9_1,Kobilje,19,19.2954,108.0,5.684210526315789,5.597181791597566
2002,SVN.9.10_1,Križevci,47,47.0896,392.0,8.340425531914894,8.324558715998563
2002,SVN.9.11_1,Kuzma,17,17.095,116.0,6.823529411764706,6.785620291342022
2002,SVN.9.12_1,Lendava,108,110.1086,1679.0,15.546296296296296,15.248581384218644
2002,SVN.9.13_1,Ljutomer,111,108.5309,1140.0,10.27027027027027,10.503921609885023
2002,SVN.9.14_1,Moravske Toplice,142,143.39,1184.0,8.338028169014084,8.257198638008672
2002,SVN.9.15_1,Murska Sobota,68,65.8851,1668.0,24.529411764705884,25.316792928563835
2002,SVN.9.16_1,Odranci,8,7.8191,120.0,15.0,15.346980944769847
2002,SVN.9.17_1,Puconci,108,106.0635,908.0,8.407407407407407,8.560911161148992
2002,SVN.9.18_1,Radenci,35,33.8123,530.0,15.142857142857142,15.674774860770631
2002,SVN.9.19_1,Razkrižje,6,6.9318,61.0,10.166666666666666,8.800018497185736
2002,SVN.9.20_1,Rogašovci,31,31.9244,241.0,7.774193548387097,7.549090562911861
2002,SVN.9.21_1,Šalovci,53,50.5578,360.0,6.7924528301886795,7.120558734659335
2002,SVN.9.22_1,Sveti Jurij,48,51.1951,389.0,8.104166666666666,7.59838368185076
2002,SVN.9.23_1,Tišina,33,35.3877,433.0,13.121212121212121,12.235894730772085
2002,SVN.9.24_1,Turnišče,20,22.9794,221.0,11.05,9.617289607847786
2002,SVN.9.25_1,Velika Polana,24,24.1079,240.0,10.0,9.955250233022124
2002,SVN.9.26_1,Veržej,12,11.769,131.0,10.916666666666666,11.130915952780311
2002,SVN.10.1_1,Bistrica ob Sotli,61,56.0788,596.0,9.770491803278688,10.62791125143516
2002,SVN.10.2_1,Braslovce,58,55.9005,688.0,11.862068965517242,12.307583740991308
2002,SVN.10.3_1,Celje,96,96.8336,3195.0,33.28125,32.99475556752076
2002,SVN.10.4_1,Dobje,17,17.4869,159.0,9.352941176470589,9.0925242226023
2002,SVN.10.5_1,Dobrna,33,32.2669,359.0,10.878787878787879,11.125950486602921
2002,SVN.10.6_1,Gornji Grad,90,91.0047,331.0,3.6777777777777776,3.6371742436647856
2002,SVN.10.7_1,Kozje,87,88.5434,683.0,7.850574712643678,7.713733554760661
2002,SVN.10.8_1,Laško,205,201.4876,1933.0,9.429268292682927,9.59364387253346
2002,SVN.10.9_1,Ljubno,79,79.362,368.0,4.658227848101266,4.636981654335669
2002,SVN.10.10_1,Luce,112,110.3298,89.0,0.7946428571428571,0.8066720033361298
2002,SVN.10.11_1,Mozirje,83,84.7599,801.0,9.650602409638553,9.45022125650162
2002,SVN.10.12_1,Nazarje,44,43.6766,324.0,7.363636363636363,7.418165973954826
2002,SVN.10.13_1,Podcetrtek,30,29.5669,310.0,10.333333333333334,10.48470712112258
2002,SVN.10.14_1,Polzela,33,34.477,537.0,16.272727272727273,15.575596570262265
2002,SVN.10.15_1,Prebold,42,41.0779,552.0,13.142857142857142,13.437888256974727
2002,SVN.10.16_1,Radece,53,52.1379,440.0,8.30188679245283,8.439155401848335
2002,SVN.10.17_1,Rogaška Slatina,68,70.8401,1266.0,18.61764705882353,17.871243385501273
2002,SVN.10.18_1,Rogatec,43,46.8711,555.0,12.906976744186046,11.840995912822974
2002,SVN.10.19_1,Šentjur pri Celju,224,223.8178,2441.0,10.897321428571429,10.906193721189839
2002,SVN.10.20_1,Slovenske Konjice,98,98.3364,1493.0,15.23469387755102,15.18257387799797
2002,SVN.10.21_1,Šmarje pri Jelšah,112,109.0515,1154.0,10.303571428571429,10.582156482388173
2002,SVN.10.22_1,Šmartno ob Paki,17,17.0321,242.0,14.235294117647058,14.208429337701464
2002,SVN.10.23_1,Solcava,94,98.1425,87.0,0.925531914893617,0.8864665357164682
2002,SVN.10.24_1,Šoštanj,99,96.868,1284.0,12.969696969696969,13.255145045616075
2002,SVN.10.25_1,Štore,29,28.5396,461.0,15.89655172413793,16.152993585396832
2002,SVN.10.26_1,Tabor,34,33.8269,239.0,7.029411764705882,7.065385299732154
2002,SVN.10.27_1,Velenje,83,84.3401,2058.0,24.795180722891565,24.401216919793036
2002,SVN.10.28_1,Vitanje,59,60.4406,277.0,4.694915254237288,4.58301531179036
2002,SVN.10.29_1,Vojnik,80,76.9489,1158.0,14.475,15.048954568853675
2002,SVN.10.30_1,Vransko,52,54.1537,553.0,10.634615384615385,10.21167575975417
2002,SVN.10.31_1,Žalec,117,117.1442,2207.0,18.863247863247864,18.840035741222817
2002,SVN.10.32_1,Zrece,62,65.8808,845.0,13.629032258064516,12.826196265834458
2002,SVN.11.1_1,Brežice,248,245.6913,3998.0,16.120967741935484,16.272452865571832
2002,SVN.11.2_1,Krško,340,340.9379,4335.0,12.75,12.714926988479736
2002,SVN.11.3_1,Sevnica,280,278.6841,1987.0,7.0964285714285715,7.1299364100714415
2002,SVN.12.1_1,Hrastnik,56,58.2381,935.0,16.696428571428573,16.054783244519275
2002,SVN.12.2_1,Trbovlje,60,57.9159,1187.0,19.783333333333335,20.495240458057395
2002,SVN.12.3_1,Zagorje ob Savi,145,147.3849,1659.0,11.441379310344828,11.256243662637758
2003,SVN.1.1_1,Bled,187,187.7102,1900.0,10.16042780748663,10.121988221372911
2003,SVN.1.2_1,Bohinj,331,330.4201,965.0,2.915407854984894,2.920524186832503
2003,SVN.1.3_1,Cerklje na Gorenjskem,74,77.1957,1391.0,18.7972972972973,18.019135589865257
2003,SVN.1.4_1,Gorenja Vas-Poljane,152,151.5701,904.0,5.947368421052632,5.964235802802994
2003,SVN.1.5_1,Jesenice,75,74.7956,1988.0,26.506666666666668,26.579087813783715
2003,SVN.1.6_1,Jezersko,73,70.5865,16.0,0.2191780821917808,0.2266723011573086
2003,SVN.1.7_1,Kranj,146,145.7396,3637.0,24.910958904109588,24.955466917328074
2003,SVN.1.8_1,Kranjska Gora,244,249.6461,1893.0,7.758196721311475,7.582735525374249
2003,SVN.1.9_1,Naklo,28,27.6347,565.0,20.178571428571427,20.445303329428686
2003,SVN.1.10_1,Preddvor,88,86.0439,593.0,6.738636363636363,6.89183293822485
2003,SVN.1.11_1,Radovljica,117,116.9011,2031.0,17.358974358974358,17.373666207842785
2003,SVN.1.12_1,Šenčur,46,42.6248,1361.0,29.58695652173913,31.929754971637124
2003,SVN.1.13_1,Škofja Loka,145,144.4252,2040.0,14.068965517241379,14.1249607784813
2003,SVN.1.14_1,Tržič,157,156.9897,1342.0,8.547770700636942,8.548333401893753
2003,SVN.1.15_1,Železniki,163,163.136,693.0,4.251533742331288,4.247988952587481
2003,SVN.1.16_1,Žiri,51,49.568,444.0,8.705882352941176,8.957391812827636
2003,SVN.1.17_1,Žirovnica,42,42.0999,666.0,15.857142857142858,15.819532720050862
2003,SVN.2.1_1,Ajdovščina,241,240.3435,1589.0,6.593360995850622,6.611371678380187
2003,SVN.2.2_1,Bovec,383,382.1081,384.0,1.0026109660574412,1.004951161288322
2003,SVN.2.3_1,Brda,62,61.2313,737.0,11.887096774193548,12.036334070025534
2003,SVN.2.4_1,Cerkno,130,131.479,733.0,5.638461538461539,5.575032951411087
2003,SVN.2.5_1,Idrija,292,295.2119,1126.0,3.856164383561644,3.8142090377701687
2003,SVN.2.6_1,Kanal,129,132.6271,1136.0,8.806201550387597,8.565369945475132
2003,SVN.2.7_1,Kobarid,188,190.1235,390.0,2.074468085106383,2.0512983367935247
2003,SVN.2.8_1,Miren-Kostanjevica,49,46.6248,549.0,11.204081632653061,11.774858266527051
2003,SVN.2.9_1,Nova Gorica,295,297.6162,3060.0,10.372881355932204,10.281699353882416
2003,SVN.2.10_1,Šempeter-Vrtojba,7,7.7338,269.0,38.42857142857143,34.782324858522756
2003,SVN.2.11_1,Tolmin,385,384.2645,761.0,1.9766233766233767,1.9804067015421631
2003,SVN.2.12_1,Vipava,112,108.4008,766.0,6.839285714285714,7.066365699207062
2003,SVN.3.1_1,Crnomelj,335,330.8646,1579.0,4.713432835820895,4.772344780369931
2003,SVN.3.2_1,Dolenjske Toplice,112,111.0355,231.0,2.0625,2.080414843443074
2003,SVN.3.3_1,Kocevje,543,545.407,1782.0,3.281767955801105,3.2672846058475615
2003,SVN.3.4_1,Kostel,37,35.6858,161.0,4.351351351351352,4.511598428995457
2003,SVN.3.5_1,Loški Potok,124,123.4977,433.0,3.4919354838709675,3.5061385236477034
2003,SVN.3.6_1,Metlika,111,113.0004,1120.0,10.09009009009009,9.911467612913487
2003,SVN.3.7_1,Mirna Pec,50,48.1712,352.0,7.04,7.307271540122717
2003,SVN.3.8_1,Novo Mesto,296,300.285,4018.0,13.574324324324325,13.380621807501084
2003,SVN.3.9_1,Osilnica,32,31.0875,123.0,3.84375,3.9565689773101216
2003,SVN.3.10_1,Ribnica,160,155.756,1352.0,8.45,8.680242225802104
2003,SVN.3.11_1,Semic,149,148.9731,414.0,2.778523489932886,2.7790246077164102
2003,SVN.3.12_1,Šentjernej,100,100.1929,816.0,8.16,8.144286761135085
2003,SVN.3.13_1,Škocjan,63,61.2852,540.0,8.571428571428571,8.81126738933511
2003,SVN.3.14_1,Sodražica,50,49.9829,389.0,7.78,7.78265660499939
2003,SVN.3.15_1,Trebnje,311,317.9015,2584.0,8.308681672025724,8.128303348408847
2003,SVN.3.16_1,Žužemberk,168,162.6138,864.0,5.142857142857143,5.313201803370677
2003,SVN.4.1_1,Črna na Koroškem,155,152.0071,321.0,2.0709677419354837,2.1117431929501675
2003,SVN.4.2_1,Dravograd,100,101.2156,1023.0,10.23,10.107137271104131
2003,SVN.4.3_1,Mežica,26,25.1048,323.0,12.423076923076923,12.866046356870493
2003,SVN.4.4_1,Mislinja,113,113.4849,622.0,5.504424778761062,5.480905638107969
2003,SVN.4.5_1,Muta,38,37.5131,337.0,8.868421052631579,8.983531368366812
2003,SVN.4.6_1,Podvelka,109,106.5864,465.0,4.26605504587156,4.36265839489618
2003,SVN.4.7_1,Prevalje,49,53.1459,652.0,13.306122448979592,12.268107748335515
2003,SVN.4.8_1,Radlje ob Dravi,92,93.2679,680.0,7.391304347826087,7.290825780635549
2003,SVN.4.9_1,Ravne na Koroškem,65,64.9398,894.0,13.753846153846155,13.766586486794187
2003,SVN.4.10_1,Ribnica na Pohorju,60,59.5312,181.0,3.0166666666666666,3.040420234728353
2003,SVN.4.11_1,Slovenj Gradec,181,175.7583,2111.0,11.662983425414364,12.010810987127815
2003,SVN.4.12_1,Vuzenica,49,49.955,294.0,6.0,5.885294676855946
2003,SVN.5.1_1,Bloke,74,75.5663,316.0,4.27027027027027,4.181759833749632
2003,SVN.5.2_1,Cerknica,245,243.7275,1014.0,4.1387755102040815,4.160384297220363
2003,SVN.5.3_1,Ilirska Bistrica,474,469.8196,2473.0,5.217299578059071,5.263722489350019
2003,SVN.5.4_1,Loška Dolina,166,166.6122,253.0,1.5240963855421688,1.5184962156092612
2003,SVN.5.5_1,Pivka,225,224.9807,880.0,3.911111111111111,3.9114474707526257
2003,SVN.5.6_1,Postojna,272,271.1278,2159.0,7.9375,7.963034960917266
2003,SVN.6.1_1,Divaca,144,147.4596,914.0,6.347222222222222,6.198309508058037
2003,SVN.6.2_1,Hrpelje-Kozina,187,185.866,1229.0,6.572192513368984,6.61229084753022
2003,SVN.6.3_1,Izola,26,24.2792,786.0,30.23076923076923,32.37335200285225
2003,SVN.6.4_1,Komen,94,90.9951,793.0,8.436170212765957,8.714754146284399
2003,SVN.6.5_1,Koper,290,291.0771,4958.0,17.09655172413793,17.03328555412648
2003,SVN.6.6_1,Piran,28,27.7566,656.0,23.428571428571427,23.63398005395133
2003,SVN.6.7_1,Sežana,177,177.7348,2137.0,12.073446327683616,12.023534090454628
2003,SVN.7.1_1,Borovnica,40,42.2423,313.0,7.825,7.409633568025422
2003,SVN.7.2_1,Brezovica,88,89.8349,1222.0,13.886363636363637,13.602725652620151
2003,SVN.7.3_1,Dobrepolje,93,95.3671,569.0,6.118279569892473,5.966421196477566
2003,SVN.7.4_1,Dobrova-Polhov Gradec,111,117.3249,1351.0,12.17117117117117,11.515031508224231
2003,SVN.7.5_1,Dol pri Ljubljani,36,33.5133,797.0,22.13888888888889,23.781618972966076
2003,SVN.7.6_1,Domžale,73,71.6483,2734.0,37.45205479452055,38.15863858051072
2003,SVN.7.7_1,Grosuplje,136,134.7405,2169.0,15.948529411764707,16.097608589078146
2003,SVN.7.8_1,Horjul,33,32.6953,451.0,13.666666666666666,13.794032213364373
2003,SVN.7.9_1,Ig,103,99.6528,1116.0,10.83495145631068,11.198877109090498
2003,SVN.7.10_1,Ivancna Gorica,231,229.5426,1838.0,7.956709956709957,8.007228783244349
2003,SVN.7.11_1,Kamnik,262,264.6744,2430.0,9.274809160305344,9.181090414034632
2003,SVN.7.12_1,Komenda,25,24.2478,533.0,21.32,21.98139500187425
2003,SVN.7.13_1,Litija,320,319.2343,1829.0,5.715625,5.72933478588978
2003,SVN.7.14_1,Ljubljana,275,276.4294,11282.0,41.025454545454544,40.81331250740161
2003,SVN.7.15_1,Logatec,173,172.2888,1290.0,7.456647398843931,7.487428949728259
2003,SVN.7.16_1,Lukovica,75,75.1131,1122.0,14.96,14.937475103832963
2003,SVN.7.17_1,Medvode,75,76.3493,1876.0,25.013333333333332,24.571265300240256
2003,SVN.7.18_1,Mengeš,22,21.4582,858.0,39.0,39.98469601447561
2003,SVN.7.19_1,Moravce,60,61.357,650.0,10.833333333333334,10.593731430273426
2003,SVN.7.20_1,Škofljica,39,41.8098,1052.0,26.974358974358974,25.16157882988809
2003,SVN.7.21_1,Trzin,8,8.5875,421.0,52.625,49.02472970373821
2003,SVN.7.22_1,Velike Lašče,103,102.246,704.0,6.834951456310679,6.885356166812173
2003,SVN.7.23_1,Vodice,34,32.1413,768.0,22.58823529411765,23.894485464894373
2003,SVN.7.24_1,Vrhnika,128,123.5543,1765.0,13.7890625,14.285220665263209
2003,SVN.8.1_1,Benedikt,24,23.6001,270.0,11.25,11.440632759156056
2003,SVN.8.2_1,Cerkvenjak,21,23.3141,175.0,8.333333333333334,7.506192481166984
2003,SVN.8.3_1,Destrnik,35,34.9829,441.0,12.6,12.606158357893845
2003,SVN.8.4_1,Dornava,25,27.7855,282.0,11.28,10.149167873789679
2003,SVN.8.5_1,Duplek,35,36.6236,672.0,19.2,18.348837486024333
2003,SVN.8.6_1,Gorišnica,62,58.8136,832.0,13.419354838709678,14.146396439818178
2003,SVN.8.7_1,Hajdina,23,22.2098,582.0,25.304347826086957,26.20470626310168
2003,SVN.8.8_1,Hoce-Slivnica,54,53.0168,1776.0,32.888888888888886,33.49882049623502
2003,SVN.8.9_1,Juršinci,39,36.4549,329.0,8.435897435897436,9.024839720314668
2003,SVN.8.10_1,Kidricevo,72,72.2552,1218.0,16.916666666666668,16.856914317530745
2003,SVN.8.11_1,Kungota,49,49.2311,763.0,15.571428571428571,15.498341595633603
2003,SVN.8.12_1,Lenart,119,118.6381,1623.0,13.638655462184873,13.68025976328425
2003,SVN.8.13_1,Lovrenc na Pohorju,88,84.3319,468.0,5.318181818181818,5.549499054132126
2003,SVN.8.14_1,Majšperk,76,73.049,520.0,6.842105263157895,7.118505917875684
2003,SVN.8.15_1,Maribor,148,148.2768,5605.0,37.87162162162162,37.80092672477387
2003,SVN.8.16_1,Markovci,32,30.1473,544.0,17.0,18.044714107700695
2003,SVN.8.17_1,Miklavž na Dravskem Polju,15,12.6428,416.0,27.733333333333334,32.90403994389441
2003,SVN.8.18_1,Oplotnica,33,33.4925,521.0,15.787878787878787,15.555717200492825
2003,SVN.8.19_1,Ormož,202,203.3344,2111.0,10.450495049504951,10.381915292222752
2003,SVN.8.20_1,Pesnica,75,74.2044,1323.0,17.64,17.82913882771698
2003,SVN.8.21_1,Podlehnik,50,50.6164,397.0,7.94,7.843304571545869
2003,SVN.8.22_1,Ptuj,69,65.9821,1856.0,26.89855072463768,28.128835866918937
2003,SVN.8.23_1,Race-Fram,49,50.2968,883.0,18.020408163265305,17.555787257110048
2003,SVN.8.24_1,Ruše,58,59.7856,577.0,9.948275862068966,9.651146788476838
2003,SVN.8.25_1,Selnica ob Dravi,61,61.063,782.0,12.819672131147541,12.806436535270757
2003,SVN.8.26_1,Šentilj,57,59.2267,1104.0,19.36842105263158,18.64025254092908
2003,SVN.8.27_1,Slovenska Bistrica,335,335.0452,3593.0,10.725373134328358,10.723927748690738
2003,SVN.8.28_1,Starše,33,34.3011,526.0,15.93939393939394,15.334787764218873
2003,SVN.8.29_1,Sveta Ana,40,38.4319,413.0,10.325,10.746283836329846
2003,SVN.8.30_1,Sveti Andraž v Slovenskih Gorica,17,17.2853,127.0,7.470588235294118,7.347295133422524
2003,SVN.8.31_1,Trnovska Vas,22,22.4787,211.0,9.590909090909092,9.386676548029097
2003,SVN.8.32_1,Videm,72,70.8118,774.0,10.75,10.930383484604306
2003,SVN.8.33_1,Zavrc,12,12.6615,136.0,11.333333333333334,10.741186809218915
2003,SVN.8.34_1,Žetale,36,36.6322,187.0,5.194444444444445,5.104792377999992
2003,SVN.9.1_1,Beltinci,63,62.0632,856.0,13.587301587301587,13.792402470492856
2003,SVN.9.2_1,Cankova,26,26.5785,260.0,10.0,9.782357061287076
2003,SVN.9.3_1,Črenšovci,32,31.9352,436.0,13.625,13.652632858806424
2003,SVN.9.4_1,Dobrovnik,33,34.006,320.0,9.696969696969697,9.410098890088971
2003,SVN.9.5_1,Gornja Radgona,122,120.5406,1329.0,10.89344262295082,11.025330226409935
2003,SVN.9.6_1,Gornji Petrovci,63,63.9394,443.0,7.031746031746032,6.928433467328155
2003,SVN.9.7_1,Grad,40,36.7113,274.0,6.85,7.463651161094636
2003,SVN.9.8_1,Hodoš,22,23.8037,258.0,11.727272727272727,10.83865036850034
2003,SVN.9.9_1,Kobilje,19,19.2954,108.0,5.684210526315789,5.597181791597566
2003,SVN.9.10_1,Križevci,47,47.0896,507.0,10.787234042553191,10.766712420947123
2003,SVN.9.11_1,Kuzma,17,17.095,126.0,7.411764705882353,7.370587557837025
2003,SVN.9.12_1,Lendava,108,110.1086,1680.0,15.555555555555555,15.257663326674999
2003,SVN.9.13_1,Ljutomer,111,108.5309,1146.0,10.324324324324325,10.559205407831787
2003,SVN.9.14_1,Moravske Toplice,142,143.39,1173.0,8.26056338028169,8.180484799310957
2003,SVN.9.15_1,Murska Sobota,68,65.8851,1719.0,25.279411764705884,26.090867532494745
2003,SVN.9.16_1,Odranci,8,7.8191,120.0,15.0,15.346980944769847
2003,SVN.9.17_1,Puconci,108,106.0635,919.0,8.50925925925926,8.664622639973484
2003,SVN.9.18_1,Radenci,35,33.8123,579.0,16.542857142857144,17.123952159219236
2003,SVN.9.19_1,Razkrižje,6,6.9318,61.0,10.166666666666666,8.800018497185736
2003,SVN.9.20_1,Rogašovci,31,31.9244,248.0,8.0,7.768358753535857
2003,SVN.9.21_1,Šalovci,53,50.5578,376.0,7.09433962264151,7.437028011755305
2003,SVN.9.22_1,Sveti Jurij,48,51.1951,392.0,8.166666666666666,7.6569830418650335
2003,SVN.9.23_1,Tišina,33,35.3877,452.0,13.696969696969697,12.772804661221668
2003,SVN.9.24_1,Turnišče,20,22.9794,221.0,11.05,9.617289607847786
2003,SVN.9.25_1,Velika Polana,24,24.1079,240.0,10.0,9.955250233022124
2003,SVN.9.26_1,Veržej,12,11.769,161.0,13.416666666666666,13.67998067479107
2003,SVN.10.1_1,Bistrica ob Sotli,61,56.0788,596.0,9.770491803278688,10.62791125143516
2003,SVN.10.2_1,Braslovce,58,55.9005,688.0,11.862068965517242,12.307583740991308
2003,SVN.10.3_1,Celje,96,96.8336,3201.0,33.34375,33.05671754980719
2003,SVN.10.4_1,Dobje,17,17.4869,159.0,9.352941176470589,9.0925242226023
2003,SVN.10.5_1,Dobrna,33,32.2669,353.0,10.696969696969697,10.940001453400644
2003,SVN.10.6_1,Gornji Grad,90,91.0047,352.0,3.911111111111111,3.86793152196376
2003,SVN.10.7_1,Kozje,87,88.5434,697.0,8.011494252873563,7.871848151783574
2003,SVN.10.8_1,Laško,205,201.4876,2018.0,9.84390243902439,10.015506122489665
2003,SVN.10.9_1,Ljubno,79,79.362,378.0,4.784810126582278,4.76298659059479
2003,SVN.10.10_1,Luce,112,110.3298,106.0,0.9464285714285714,0.9607554197037051
2003,SVN.10.11_1,Mozirje,83,84.7599,807.0,9.72289156626506,9.521009430707625
2003,SVN.10.12_1,Nazarje,44,43.6766,319.0,7.25,7.303688103986387
2003,SVN.10.13_1,Podcetrtek,30,29.5669,310.0,10.333333333333334,10.48470712112258
2003,SVN.10.14_1,Polzela,33,34.477,537.0,16.272727272727273,15.575596570262265
2003,SVN.10.15_1,Prebold,42,41.0779,553.0,13.166666666666666,13.462232257440261
2003,SVN.10.16_1,Radece,53,52.1379,461.0,8.69811320754717,8.841933273300187
2003,SVN.10.17_1,Rogaška Slatina,68,70.8401,1269.0,18.66176470588235,17.913592303476392
2003,SVN.10.18_1,Rogatec,43,46.8711,560.0,13.023255813953488,11.947671551677235
2003,SVN.10.19_1,Šentjur pri Celju,224,223.8178,2456.0,10.964285714285714,10.973212527342174
2003,SVN.10.20_1,Slovenske Konjice,98,98.3364,1496.0,15.26530612244898,15.213081394162735
2003,SVN.10.21_1,Šmarje pri Jelšah,112,109.0515,1169.0,10.4375,10.719706176699978
2003,SVN.10.22_1,Šmartno ob Paki,17,17.0321,243.0,14.294117647058824,14.26714185562585
2003,SVN.10.23_1,Solcava,94,98.1425,94.0,1.0,0.9577914293948047
2003,SVN.10.24_1,Šoštanj,99,96.868,1286.0,12.98989898989899,13.275791688989308
2003,SVN.10.25_1,Štore,29,28.5396,462.0,15.931034482758621,16.18803261703544
2003,SVN.10.26_1,Tabor,34,33.8269,251.0,7.382352941176471,7.420132678798203
2003,SVN.10.27_1,Velenje,83,84.3401,2059.0,24.80722891566265,24.41307368214473
2003,SVN.10.28_1,Vitanje,59,60.4406,279.0,4.728813559322034,4.616105675052384
2003,SVN.10.29_1,Vojnik,80,76.9489,1159.0,14.4875,15.06195021183196
2003,SVN.10.30_1,Vransko,52,54.1537,556.0,10.692307692307692,10.267073639101842
2003,SVN.10.31_1,Žalec,117,117.1442,2221.0,18.982905982905983,18.959546615883948
2003,SVN.10.32_1,Zrece,62,65.8808,852.0,13.741935483870968,12.93244877927924
2003,SVN.11.1_1,Brežice,248,245.6913,4090.0,16.491935483870968,16.64690650830135
2003,SVN.11.2_1,Krško,340,340.9379,4444.0,13.070588235294117,13.034633341823286
2003,SVN.11.3_1,Sevnica,280,278.6841,2050.0,7.321428571428571,7.3559988126051605
2003,SVN.12.1_1,Hrastnik,56,58.2381,936.0,16.714285714285715,16.071954135689882
2003,SVN.12.2_1,Trbovlje,60,57.9159,1190.0,19.833333333333332,20.547039717850296
2003,SVN.12.3_1,Zagorje ob Savi,145,147.3849,1679.0,11.579310344827586,11.391942802633391
2004,SVN.1.1_1,Bled,187,187.7102,1904.0,10.181818181818182,10.143297670260012
2004,SVN.1.2_1,Bohinj,331,330.4201,970.0,2.930513595166163,2.9356564365052105
2004,SVN.1.3_1,Cerklje na Gorenjskem,74,77.1957,1391.0,18.7972972972973,18.019135589865257
2004,SVN.1.4_1,Gorenja Vas-Poljane,152,151.5701,924.0,6.078947368421052,6.096187922334034
2004,SVN.1.5_1,Jesenice,75,74.7956,1988.0,26.506666666666668,26.579087813783715
2004,SVN.1.6_1,Jezersko,73,70.5865,41.0,0.5616438356164384,0.5808477717156033
2004,SVN.1.7_1,Kranj,146,145.7396,3637.0,24.910958904109588,24.955466917328074
2004,SVN.1.8_1,Kranjska Gora,244,249.6461,1900.0,7.786885245901639,7.6107752235663355
2004,SVN.1.9_1,Naklo,28,27.6347,565.0,20.178571428571427,20.445303329428686
2004,SVN.1.10_1,Preddvor,88,86.0439,602.0,6.840909090909091,6.996430739985429
2004,SVN.1.11_1,Radovljica,117,116.9011,2038.0,17.418803418803417,17.433545904275526
2004,SVN.1.12_1,Šenčur,46,42.6248,1361.0,29.58695652173913,31.929754971637124
2004,SVN.1.13_1,Škofja Loka,145,144.4252,2045.0,14.10344827586207,14.159580780389343
2004,SVN.1.14_1,Tržič,157,156.9897,1344.0,8.560509554140127,8.561073093997916
2004,SVN.1.15_1,Železniki,163,163.136,709.0,4.3496932515337425,4.346066619602488
2004,SVN.1.16_1,Žiri,51,49.568,444.0,8.705882352941176,8.957391812827636
2004,SVN.1.17_1,Žirovnica,42,42.0999,668.0,15.904761904761905,15.867038824315278
2004,SVN.2.1_1,Ajdovščina,241,240.3435,1619.0,6.717842323651452,6.7361930442401015
2004,SVN.2.2_1,Bovec,383,382.1081,309.0,0.8067885117493473,0.8086716375991966
2004,SVN.2.3_1,Brda,62,61.2313,737.0,11.887096774193548,12.036334070025534
2004,SVN.2.4_1,Cerkno,130,131.479,761.0,5.8538461538461535,5.787994646690092
2004,SVN.2.5_1,Idrija,292,295.2119,1178.0,4.034246575342466,3.990353682498454
2004,SVN.2.6_1,Kanal,129,132.6271,1141.0,8.844961240310077,8.603069637136553
2004,SVN.2.7_1,Kobarid,188,190.1235,502.0,2.6702127659574466,2.640389141206024
2004,SVN.2.8_1,Miren-Kostanjevica,49,46.6248,549.0,11.204081632653061,11.774858266527051
2004,SVN.2.9_1,Nova Gorica,295,297.6162,3095.0,10.491525423728813,10.399300490283032
2004,SVN.2.10_1,Šempeter-Vrtojba,7,7.7338,269.0,38.42857142857143,34.782324858522756
2004,SVN.2.11_1,Tolmin,385,384.2645,787.0,2.0441558441558443,2.048068428533091
2004,SVN.2.12_1,Vipava,112,108.4008,765.0,6.830357142857143,7.057140678712013
2004,SVN.3.1_1,Crnomelj,335,330.8646,1610.0,4.8059701492537314,4.866038693094103
2004,SVN.3.2_1,Dolenjske Toplice,112,111.0355,240.0,2.142857142857143,2.161469967213583
2004,SVN.3.3_1,Kocevje,543,545.407,1814.0,3.3406998158379375,3.325956383281412
2004,SVN.3.4_1,Kostel,37,35.6858,161.0,4.351351351351352,4.511598428995457
2004,SVN.3.5_1,Loški Potok,124,123.4977,433.0,3.4919354838709675,3.5061385236477034
2004,SVN.3.6_1,Metlika,111,113.0004,1128.0,10.162162162162161,9.982263810148583
2004,SVN.3.7_1,Mirna Pec,50,48.1712,359.0,7.18,7.452586599159249
2004,SVN.3.8_1,Novo Mesto,296,300.285,3992.0,13.486486486486486,13.294037395605857
2004,SVN.3.9_1,Osilnica,32,31.0875,128.0,4.0,4.117405114599151
2004,SVN.3.10_1,Ribnica,160,155.756,1354.0,8.4625,8.693082820810687
2004,SVN.3.11_1,Semic,149,148.9731,418.0,2.8053691275167787,2.805875087018018
2004,SVN.3.12_1,Šentjernej,100,100.1929,818.0,8.18,8.164248248294731
2004,SVN.3.13_1,Škocjan,63,61.2852,540.0,8.571428571428571,8.81126738933511
2004,SVN.3.14_1,Sodražica,50,49.9829,389.0,7.78,7.78265660499939
2004,SVN.3.15_1,Trebnje,311,317.9015,2598.0,8.353697749196142,8.172342143640165
2004,SVN.3.16_1,Žužemberk,168,162.6138,855.0,5.089285714285714,5.257855951252232
2004,SVN.4.1_1,Črna na Koroškem,155,152.0071,333.0,2.1483870967741936,2.1906868637146597
2004,SVN.4.2_1,Dravograd,100,101.2156,1049.0,10.49,10.364014660203551
2004,SVN.4.3_1,Mežica,26,25.1048,323.0,12.423076923076923,12.866046356870493
2004,SVN.4.4_1,Mislinja,113,113.4849,625.0,5.530973451327434,5.5073408743046315
2004,SVN.4.5_1,Muta,38,37.5131,341.0,8.973684210526315,9.090160820810334
2004,SVN.4.6_1,Podvelka,109,106.5864,502.0,4.605504587155964,4.709794654275017
2004,SVN.4.7_1,Prevalje,49,53.1459,652.0,13.306122448979592,12.268107748335515
2004,SVN.4.8_1,Radlje ob Dravi,92,93.2679,704.0,7.6521739130434785,7.5481490434815095
2004,SVN.4.9_1,Ravne na Koroškem,65,64.9398,900.0,13.846153846153847,13.858979684692136
2004,SVN.4.10_1,Ribnica na Pohorju,60,59.5312,189.0,3.15,3.1748034495229764
2004,SVN.4.11_1,Slovenj Gradec,181,175.7583,2113.0,11.67403314917127,12.022190249076775
2004,SVN.4.12_1,Vuzenica,49,49.955,306.0,6.244897959183674,6.125510786115373
2004,SVN.5.1_1,Bloke,74,75.5663,320.0,4.324324324324325,4.234693502531273
2004,SVN.5.2_1,Cerknica,245,243.7275,1042.0,4.253061224489796,4.275266703849722
2004,SVN.5.3_1,Ilirska Bistrica,474,469.8196,2500.0,5.274261603375527,5.321191355994762
2004,SVN.5.4_1,Loška Dolina,166,166.6122,269.0,1.6204819277108433,1.6145275968335622
2004,SVN.5.5_1,Pivka,225,224.9807,892.0,3.9644444444444447,3.964785390808343
2004,SVN.5.6_1,Postojna,272,271.1278,2179.0,8.011029411764707,8.036800917016546
2004,SVN.6.1_1,Divaca,144,147.4596,942.0,6.541666666666667,6.388192075044497
2004,SVN.6.2_1,Hrpelje-Kozina,187,185.866,1251.0,6.689839572192513,6.730655695899354
2004,SVN.6.3_1,Izola,26,24.2792,786.0,30.23076923076923,32.37335200285225
2004,SVN.6.4_1,Komen,94,90.9951,793.0,8.436170212765957,8.714754146284399
2004,SVN.6.5_1,Koper,290,291.0771,4968.0,17.131034482758622,17.067640708531737
2004,SVN.6.6_1,Piran,28,27.7566,656.0,23.428571428571427,23.63398005395133
2004,SVN.6.7_1,Sežana,177,177.7348,2156.0,12.180790960451978,12.130434955086654
2004,SVN.7.1_1,Borovnica,40,42.2423,319.0,7.975,7.551671272204823
2004,SVN.7.2_1,Brezovica,88,89.8349,1223.0,13.897727272727273,13.61385717934079
2004,SVN.7.3_1,Dobrepolje,93,95.3671,565.0,6.075268817204301,5.924477989472452
2004,SVN.7.4_1,Dobrova-Polhov Gradec,111,117.3249,1351.0,12.17117117117117,11.515031508224231
2004,SVN.7.5_1,Dol pri Ljubljani,36,33.5133,797.0,22.13888888888889,23.781618972966076
2004,SVN.7.6_1,Domžale,73,71.6483,2734.0,37.45205479452055,38.15863858051072
2004,SVN.7.7_1,Grosuplje,136,134.7405,2172.0,15.970588235294118,16.11987360787355
2004,SVN.7.8_1,Horjul,33,32.6953,451.0,13.666666666666666,13.794032213364373
2004,SVN.7.9_1,Ig,103,99.6528,1131.0,10.980582524271844,11.349399650879349
2004,SVN.7.10_1,Ivancna Gorica,231,229.5426,1853.0,8.021645021645021,8.072576134576593
2004,SVN.7.11_1,Kamnik,262,264.6744,2452.0,9.358778625954198,9.264211397206962
2004,SVN.7.12_1,Komenda,25,24.2478,533.0,21.32,21.98139500187425
2004,SVN.7.13_1,Litija,320,319.2343,1840.0,5.75,5.7637922394954595
2004,SVN.7.14_1,Ljubljana,275,276.4294,11282.0,41.025454545454544,40.81331250740161
2004,SVN.7.15_1,Logatec,173,172.2888,1315.0,7.601156069364162,7.632534161932295
2004,SVN.7.16_1,Lukovica,75,75.1131,1122.0,14.96,14.937475103832963
2004,SVN.7.17_1,Medvode,75,76.3493,1876.0,25.013333333333332,24.571265300240256
2004,SVN.7.18_1,Mengeš,22,21.4582,858.0,39.0,39.98469601447561
2004,SVN.7.19_1,Moravce,60,61.357,650.0,10.833333333333334,10.593731430273426
2004,SVN.7.20_1,Škofljica,39,41.8098,1052.0,26.974358974358974,25.16157882988809
2004,SVN.7.21_1,Trzin,8,8.5875,421.0,52.625,49.02472970373821
2004,SVN.7.22_1,Velike Lašče,103,102.246,717.0,6.961165048543689,7.012500527847057
2004,SVN.7.23_1,Vodice,34,32.1413,768.0,22.58823529411765,23.894485464894373
2004,SVN.7.24_1,Vrhnika,128,123.5543,1769.0,13.8203125,14.317595103031511
2004,SVN.8.1_1,Benedikt,24,23.6001,270.0,11.25,11.440632759156056
2004,SVN.8.2_1,Cerkvenjak,21,23.3141,175.0,8.333333333333334,7.506192481166984
2004,SVN.8.3_1,Destrnik,35,34.9829,441.0,12.6,12.606158357893845
2004,SVN.8.4_1,Dornava,25,27.7855,282.0,11.28,10.149167873789679
2004,SVN.8.5_1,Duplek,35,36.6236,672.0,19.2,18.348837486024333
2004,SVN.8.6_1,Gorišnica,62,58.8136,832.0,13.419354838709678,14.146396439818178
2004,SVN.8.7_1,Hajdina,23,22.2098,582.0,25.304347826086957,26.20470626310168
2004,SVN.8.8_1,Hoce-Slivnica,54,53.0168,1776.0,32.888888888888886,33.49882049623502
2004,SVN.8.9_1,Juršinci,39,36.4549,329.0,8.435897435897436,9.024839720314668
2004,SVN.8.10_1,Kidricevo,72,72.2552,1218.0,16.916666666666668,16.856914317530745
2004,SVN.8.11_1,Kungota,49,49.2311,763.0,15.571428571428571,15.498341595633603
2004,SVN.8.12_1,Lenart,119,118.6381,1623.0,13.638655462184873,13.68025976328425
2004,SVN.8.13_1,Lovrenc na Pohorju,88,84.3319,480.0,5.454545454545454,5.691793901673975
2004,SVN.8.14_1,Majšperk,76,73.049,524.0,6.894736842105263,7.173263655705497
2004,SVN.8.15_1,Maribor,148,148.2768,5605.0,37.87162162162162,37.80092672477387
2004,SVN.8.16_1,Markovci,32,30.1473,544.0,17.0,18.044714107700695
2004,SVN.8.17_1,Miklavž na Dravskem Polju,15,12.6428,416.0,27.733333333333334,32.90403994389441
2004,SVN.8.18_1,Oplotnica,33,33.4925,521.0,15.787878787878787,15.555717200492825
2004,SVN.8.19_1,Ormož,202,203.3344,2111.0,10.450495049504951,10.381915292222752
2004,SVN.8.20_1,Pesnica,75,74.2044,1323.0,17.64,17.82913882771698
2004,SVN.8.21_1,Podlehnik,50,50.6164,400.0,8.0,7.902573875612966
2004,SVN.8.22_1,Ptuj,69,65.9821,1856.0,26.89855072463768,28.128835866918937
2004,SVN.8.23_1,Race-Fram,49,50.2968,883.0,18.020408163265305,17.555787257110048
2004,SVN.8.24_1,Ruše,58,59.7856,580.0,10.0,9.70132606120722
2004,SVN.8.25_1,Selnica ob Dravi,61,61.063,782.0,12.819672131147541,12.806436535270757
2004,SVN.8.26_1,Šentilj,57,59.2267,1104.0,19.36842105263158,18.64025254092908
2004,SVN.8.27_1,Slovenska Bistrica,335,335.0452,3580.0,10.686567164179104,10.68512700815832
2004,SVN.8.28_1,Starše,33,34.3011,526.0,15.93939393939394,15.334787764218873
2004,SVN.8.29_1,Sveta Ana,40,38.4319,413.0,10.325,10.746283836329846
2004,SVN.8.30_1,Sveti Andraž v Slovenskih Gorica,17,17.2853,127.0,7.470588235294118,7.347295133422524
2004,SVN.8.31_1,Trnovska Vas,22,22.4787,211.0,9.590909090909092,9.386676548029097
2004,SVN.8.32_1,Videm,72,70.8118,774.0,10.75,10.930383484604306
2004,SVN.8.33_1,Zavrc,12,12.6615,136.0,11.333333333333334,10.741186809218915
2004,SVN.8.34_1,Žetale,36,36.6322,192.0,5.333333333333333,5.241284152812827
2004,SVN.9.1_1,Beltinci,63,62.0632,856.0,13.587301587301587,13.792402470492856
2004,SVN.9.2_1,Cankova,26,26.5785,260.0,10.0,9.782357061287076
2004,SVN.9.3_1,Črenšovci,32,31.9352,436.0,13.625,13.652632858806424
2004,SVN.9.4_1,Dobrovnik,33,34.006,320.0,9.696969696969697,9.410098890088971
2004,SVN.9.5_1,Gornja Radgona,122,120.5406,1329.0,10.89344262295082,11.025330226409935
2004,SVN.9.6_1,Gornji Petrovci,63,63.9394,455.0,7.222222222222222,7.1161111233280145
2004,SVN.9.7_1,Grad,40,36.7113,275.0,6.875,7.490890763872354
2004,SVN.9.8_1,Hodoš,22,23.8037,252.0,11.454545454545455,10.58658873202359
2004,SVN.9.9_1,Kobilje,19,19.2954,110.0,5.7894736842105265,5.70083330625678
2004,SVN.9.10_1,Križevci,47,47.0896,507.0,10.787234042553191,10.766712420947123
2004,SVN.9.11_1,Kuzma,17,17.095,127.0,7.470588235294118,7.429084284486525
2004,SVN.9.12_1,Lendava,108,110.1086,1680.0,15.555555555555555,15.257663326674999
2004,SVN.9.13_1,Ljutomer,111,108.5309,1146.0,10.324324324324325,10.559205407831787
2004,SVN.9.14_1,Moravske Toplice,142,143.39,1182.0,8.32394366197183,8.24325066733636
2004,SVN.9.15_1,Murska Sobota,68,65.8851,1719.0,25.279411764705884,26.090867532494745
2004,SVN.9.16_1,Odranci,8,7.8191,120.0,15.0,15.346980944769847
2004,SVN.9.17_1,Puconci,108,106.0635,920.0,8.518518518518519,8.674050956230257
2004,SVN.9.18_1,Radenci,35,33.8123,579.0,16.542857142857144,17.123952159219236
2004,SVN.9.19_1,Razkrižje,6,6.9318,61.0,10.166666666666666,8.800018497185736
2004,SVN.9.20_1,Rogašovci,31,31.9244,248.0,8.0,7.768358753535857
2004,SVN.9.21_1,Šalovci,53,50.5578,370.0,6.981132075471698,7.318352032844317
2004,SVN.9.22_1,Sveti Jurij,48,51.1951,392.0,8.166666666666666,7.6569830418650335
2004,SVN.9.23_1,Tišina,33,35.3877,452.0,13.696969696969697,12.772804661221668
2004,SVN.9.24_1,Turnišče,20,22.9794,221.0,11.05,9.617289607847786
2004,SVN.9.25_1,Velika Polana,24,24.1079,240.0,10.0,9.955250233022124
2004,SVN.9.26_1,Veržej,12,11.769,161.0,13.416666666666666,13.67998067479107
2004,SVN.10.1_1,Bistrica ob Sotli,61,56.0788,596.0,9.770491803278688,10.62791125143516
2004,SVN.10.2_1,Braslovce,58,55.9005,688.0,11.862068965517242,12.307583740991308
2004,SVN.10.3_1,Celje,96,96.8336,3201.0,33.34375,33.05671754980719
2004,SVN.10.4_1,Dobje,17,17.4869,159.0,9.352941176470589,9.0925242226023
2004,SVN.10.5_1,Dobrna,33,32.2669,353.0,10.696969696969697,10.940001453400644
2004,SVN.10.6_1,Gornji Grad,90,91.0047,368.0,4.088888888888889,4.043746591143931
2004,SVN.10.7_1,Kozje,87,88.5434,697.0,8.011494252873563,7.871848151783574
2004,SVN.10.8_1,Laško,205,201.4876,2021.0,9.858536585365854,10.030395378370471
2004,SVN.10.9_1,Ljubno,79,79.362,376.0,4.7594936708860756,4.7377856033429655
2004,SVN.10.10_1,Luce,112,110.3298,118.0,1.0535714285714286,1.0695201841984643
2004,SVN.10.11_1,Mozirje,83,84.7599,815.0,9.819277108433734,9.615393662982298
2004,SVN.10.12_1,Nazarje,44,43.6766,318.0,7.2272727272727275,7.280792529992699
2004,SVN.10.13_1,Podcetrtek,30,29.5669,310.0,10.333333333333334,10.48470712112258
2004,SVN.10.14_1,Polzela,33,34.477,537.0,16.272727272727273,15.575596570262265
2004,SVN.10.15_1,Prebold,42,41.0779,553.0,13.166666666666666,13.462232257440261
2004,SVN.10.16_1,Radece,53,52.1379,465.0,8.773584905660377,8.918652867862445
2004,SVN.10.17_1,Rogaška Slatina,68,70.8401,1269.0,18.66176470588235,17.913592303476392
2004,SVN.10.18_1,Rogatec,43,46.8711,560.0,13.023255813953488,11.947671551677235
2004,SVN.10.19_1,Šentjur pri Celju,224,223.8178,2456.0,10.964285714285714,10.973212527342174
2004,SVN.10.20_1,Slovenske Konjice,98,98.3364,1496.0,15.26530612244898,15.213081394162735
2004,SVN.10.21_1,Šmarje pri Jelšah,112,109.0515,1169.0,10.4375,10.719706176699978
2004,SVN.10.22_1,Šmartno ob Paki,17,17.0321,243.0,14.294117647058824,14.26714185562585
2004,SVN.10.23_1,Solcava,94,98.1425,97.0,1.0319148936170213,0.9883592409712346
2004,SVN.10.24_1,Šoštanj,99,96.868,1295.0,13.080808080808081,13.36870158416886
2004,SVN.10.25_1,Štore,29,28.5396,462.0,15.931034482758621,16.18803261703544
2004,SVN.10.26_1,Tabor,34,33.8269,251.0,7.382352941176471,7.420132678798203
2004,SVN.10.27_1,Velenje,83,84.3401,2059.0,24.80722891566265,24.41307368214473
2004,SVN.10.28_1,Vitanje,59,60.4406,289.0,4.898305084745763,4.781557491362506
2004,SVN.10.29_1,Vojnik,80,76.9489,1159.0,14.4875,15.06195021183196
2004,SVN.10.30_1,Vransko,52,54.1537,554.0,10.653846153846153,10.230141719536727
2004,SVN.10.31_1,Žalec,117,117.1442,2221.0,18.982905982905983,18.959546615883948
2004,SVN.10.32_1,Zrece,62,65.8808,852.0,13.741935483870968,12.93244877927924
2004,SVN.11.1_1,Brežice,248,245.6913,4090.0,16.491935483870968,16.64690650830135
2004,SVN.11.2_1,Krško,340,340.9379,4450.0,13.088235294117647,13.052231856686234
2004,SVN.11.3_1,Sevnica,280,278.6841,2082.0,7.435714285714286,7.470824159923875
2004,SVN.12.1_1,Hrastnik,56,58.2381,936.0,16.714285714285715,16.071954135689882
2004,SVN.12.2_1,Trbovlje,60,57.9159,1190.0,19.833333333333332,20.547039717850296
2004,SVN.12.3_1,Zagorje ob Savi,145,147.3849,1680.0,11.586206896551724,11.398727759633172
2005,SVN.1.1_1,Bled,187,187.7102,1912.0,10.224598930481283,10.185916568034212
2005,SVN.1.2_1,Bohinj,331,330.4201,978.0,2.9546827794561934,2.959868035981542
2005,SVN.1.3_1,Cerklje na Gorenjskem,74,77.1957,1391.0,18.7972972972973,18.019135589865257
2005,SVN.1.4_1,Gorenja Vas-Poljane,152,151.5701,988.0,6.5,6.518434704833361
2005,SVN.1.5_1,Jesenice,75,74.7956,1991.0,26.546666666666667,26.619197101229062
2005,SVN.1.6_1,Jezersko,73,70.5865,20.0,0.273972602739726,0.2833403764466358
2005,SVN.1.7_1,Kranj,146,145.7396,3651.0,25.006849315068493,25.05152865415584
2005,SVN.1.8_1,Kranjska Gora,244,249.6461,1974.0,8.09016393442623,7.907194890168393
2005,SVN.1.9_1,Naklo,28,27.6347,594.0,21.214285714285715,21.494708279080776
2005,SVN.1.10_1,Preddvor,88,86.0439,606.0,6.886363636363637,7.042918651879019
2005,SVN.1.11_1,Radovljica,117,116.9011,2052.0,17.53846153846154,17.553305297141012
2005,SVN.1.12_1,Šenčur,46,42.6248,1369.0,29.76086956521739,32.117439056701855
2005,SVN.1.13_1,Škofja Loka,145,144.4252,2089.0,14.406896551724138,14.464236797180117
2005,SVN.1.14_1,Tržič,157,156.9897,1419.0,9.038216560509554,9.03881154790405
2005,SVN.1.15_1,Železniki,163,163.136,752.0,4.613496932515337,4.609650349705319
2005,SVN.1.16_1,Žiri,51,49.568,448.0,8.784313725490197,9.038089036366625
2005,SVN.1.17_1,Žirovnica,42,42.0999,663.0,15.785714285714286,15.748273563654235
2005,SVN.2.1_1,Ajdovščina,241,240.3435,1648.0,6.838174273858921,6.856853697904687
2005,SVN.2.2_1,Bovec,383,382.1081,315.0,0.8224543080939948,0.8243739994943267
2005,SVN.2.3_1,Brda,62,61.2313,737.0,11.887096774193548,12.036334070025534
2005,SVN.2.4_1,Cerkno,130,131.479,763.0,5.869230769230769,5.803206196352878
2005,SVN.2.5_1,Idrija,292,295.2119,1195.0,4.092465753424658,4.047939431736547
2005,SVN.2.6_1,Kanal,129,132.6271,1147.0,8.891472868217054,8.64830926713026
2005,SVN.2.7_1,Kobarid,188,190.1235,582.0,3.095744680851064,3.0611682872149526
2005,SVN.2.8_1,Miren-Kostanjevica,49,46.6248,549.0,11.204081632653061,11.774858266527051
2005,SVN.2.9_1,Nova Gorica,295,297.6162,3109.0,10.538983050847458,10.44634094484328
2005,SVN.2.10_1,Šempeter-Vrtojba,7,7.7338,269.0,38.42857142857143,34.782324858522756
2005,SVN.2.11_1,Tolmin,385,384.2645,793.0,2.0597402597402596,2.0636826732233056
2005,SVN.2.12_1,Vipava,112,108.4008,773.0,6.901785714285714,7.1309408426724
2005,SVN.3.1_1,Crnomelj,335,330.8646,1614.0,4.817910447761194,4.878128230219803
2005,SVN.3.2_1,Dolenjske Toplice,112,111.0355,252.0,2.25,2.2695434655742623
2005,SVN.3.3_1,Kocevje,543,545.407,1996.0,3.6758747697974217,3.6596521174364383
2005,SVN.3.4_1,Kostel,37,35.6858,178.0,4.8108108108108105,4.987978387336592
2005,SVN.3.5_1,Loški Potok,124,123.4977,473.0,3.814516129032258,3.8300312279107707
2005,SVN.3.6_1,Metlika,111,113.0004,1148.0,10.342342342342342,10.159254303236324
2005,SVN.3.7_1,Mirna Pec,50,48.1712,365.0,7.3,7.577142364047704
2005,SVN.3.8_1,Novo Mesto,296,300.285,4014.0,13.56081081081081,13.367301128747973
2005,SVN.3.9_1,Osilnica,32,31.0875,116.0,3.625,3.7313983851054804
2005,SVN.3.10_1,Ribnica,160,155.756,1422.0,8.8875,9.12966305110251
2005,SVN.3.11_1,Semic,149,148.9731,422.0,2.8322147651006713,2.832725566319626
2005,SVN.3.12_1,Šentjernej,100,100.1929,907.0,9.07,9.052534426898925
2005,SVN.3.13_1,Škocjan,63,61.2852,566.0,8.984126984126984,9.235513596969765
2005,SVN.3.14_1,Sodražica,50,49.9829,429.0,8.58,8.582929777749971
2005,SVN.3.15_1,Trebnje,311,317.9015,2646.0,8.508038585209004,8.323332298718967
2005,SVN.3.16_1,Žužemberk,168,162.6138,874.0,5.2023809523809526,5.374697194613393
2005,SVN.4.1_1,Črna na Koroškem,155,152.0071,375.0,2.4193548387096775,2.4669897113903825
2005,SVN.4.2_1,Dravograd,100,101.2156,1060.0,10.6,10.47269355559177
2005,SVN.4.3_1,Mežica,26,25.1048,323.0,12.423076923076923,12.866046356870493
2005,SVN.4.4_1,Mislinja,113,113.4849,655.0,5.79646017699115,5.771693236271254
2005,SVN.4.5_1,Muta,38,37.5131,343.0,9.026315789473685,9.143475547032097
2005,SVN.4.6_1,Podvelka,109,106.5864,503.0,4.614678899082569,4.71917671533931
2005,SVN.4.7_1,Prevalje,49,53.1459,668.0,13.63265306122449,12.569165607190374
2005,SVN.4.8_1,Radlje ob Dravi,92,93.2679,729.0,7.923913043478261,7.816194108946052
2005,SVN.4.9_1,Ravne na Koroškem,65,64.9398,915.0,14.076923076923077,14.089962679437004
2005,SVN.4.10_1,Ribnica na Pohorju,60,59.5312,193.0,3.216666666666667,3.2419950569202878
2005,SVN.4.11_1,Slovenj Gradec,181,175.7583,2130.0,11.767955801104973,12.11891397564294
2005,SVN.4.12_1,Vuzenica,49,49.955,350.0,7.142857142857143,7.00630318673327
2005,SVN.5.1_1,Bloke,74,75.5663,347.0,4.6891891891891895,4.591995766807349
2005,SVN.5.2_1,Cerknica,245,243.7275,1099.0,4.485714285714286,4.509134460202346
2005,SVN.5.3_1,Ilirska Bistrica,474,469.8196,2548.0,5.375527426160337,5.423358230029862
2005,SVN.5.4_1,Loška Dolina,166,166.6122,340.0,2.0481927710843375,2.040666851016398
2005,SVN.5.5_1,Pivka,225,224.9807,944.0,4.195555555555556,4.195916377716453
2005,SVN.5.6_1,Postojna,272,271.1278,2202.0,8.095588235294118,8.121631766530719
2005,SVN.6.1_1,Divaca,144,147.4596,960.0,6.666666666666667,6.510259439535793
2005,SVN.6.2_1,Hrpelje-Kozina,187,185.866,1278.0,6.834224598930481,6.875921646170562
2005,SVN.6.3_1,Izola,26,24.2792,786.0,30.23076923076923,32.37335200285225
2005,SVN.6.4_1,Komen,94,90.9951,793.0,8.436170212765957,8.714754146284399
2005,SVN.6.5_1,Koper,290,291.0771,4968.0,17.131034482758622,17.067640708531737
2005,SVN.6.6_1,Piran,28,27.7566,656.0,23.428571428571427,23.63398005395133
2005,SVN.6.7_1,Sežana,177,177.7348,2168.0,12.248587570621469,12.197951290643722
2005,SVN.7.1_1,Borovnica,40,42.2423,322.0,8.05,7.6226901242945235
2005,SVN.7.2_1,Brezovica,88,89.8349,1226.0,13.931818181818182,13.647251759502705
2005,SVN.7.3_1,Dobrepolje,93,95.3671,587.0,6.311827956989247,6.155165628000582
2005,SVN.7.4_1,Dobrova-Polhov Gradec,111,117.3249,1351.0,12.17117117117117,11.515031508224231
2005,SVN.7.5_1,Dol pri Ljubljani,36,33.5133,797.0,22.13888888888889,23.781618972966076
2005,SVN.7.6_1,Domžale,73,71.6483,2734.0,37.45205479452055,38.15863858051072
2005,SVN.7.7_1,Grosuplje,136,134.7405,2182.0,16.044117647058822,16.19409033719157
2005,SVN.7.8_1,Horjul,33,32.6953,455.0,13.787878787878787,13.916373962485121
2005,SVN.7.9_1,Ig,103,99.6528,1144.0,11.106796116504855,11.479852520429686
2005,SVN.7.10_1,Ivancna Gorica,231,229.5426,1864.0,8.069264069264069,8.120497525553573
2005,SVN.7.11_1,Kamnik,262,264.6744,2451.0,9.354961832061068,9.260433170699129
2005,SVN.7.12_1,Komenda,25,24.2478,533.0,21.32,21.98139500187425
2005,SVN.7.13_1,Litija,320,319.2343,1860.0,5.8125,5.826442155142149
2005,SVN.7.14_1,Ljubljana,275,276.4294,11289.0,41.050909090909094,40.838635427766064
2005,SVN.7.15_1,Logatec,173,172.2888,1409.0,8.144508670520231,8.17812975981947
2005,SVN.7.16_1,Lukovica,75,75.1131,1122.0,14.96,14.937475103832963
2005,SVN.7.17_1,Medvode,75,76.3493,1877.0,25.026666666666667,24.58436298963271
2005,SVN.7.18_1,Mengeš,22,21.4582,858.0,39.0,39.98469601447561
2005,SVN.7.19_1,Moravce,60,61.357,652.0,10.866666666666667,10.62632752698196
2005,SVN.7.20_1,Škofljica,39,41.8098,1052.0,26.974358974358974,25.16157882988809
2005,SVN.7.21_1,Trzin,8,8.5875,421.0,52.625,49.02472970373821
2005,SVN.7.22_1,Velike Lašče,103,102.246,727.0,7.058252427184466,7.1103038824892755
2005,SVN.7.23_1,Vodice,34,32.1413,768.0,22.58823529411765,23.894485464894373
2005,SVN.7.24_1,Vrhnika,128,123.5543,1804.0,14.09375,14.600871433504153
2005,SVN.8.1_1,Benedikt,24,23.6001,270.0,11.25,11.440632759156056
2005,SVN.8.2_1,Cerkvenjak,21,23.3141,175.0,8.333333333333334,7.506192481166984
2005,SVN.8.3_1,Destrnik,35,34.9829,441.0,12.6,12.606158357893845
2005,SVN.8.4_1,Dornava,25,27.7855,282.0,11.28,10.149167873789679
2005,SVN.8.5_1,Duplek,35,36.6236,672.0,19.2,18.348837486024333
2005,SVN.8.6_1,Gorišnica,62,58.8136,835.0,13.46774193548387,14.197405080827137
2005,SVN.8.7_1,Hajdina,23,22.2098,590.0,25.652173913043477,26.564908411048094
2005,SVN.8.8_1,Hoce-Slivnica,54,53.0168,1823.0,33.75925925925926,34.38533207468268
2005,SVN.8.9_1,Juršinci,39,36.4549,329.0,8.435897435897436,9.024839720314668
2005,SVN.8.10_1,Kidricevo,72,72.2552,1288.0,17.88888888888889,17.825702496699176
2005,SVN.8.11_1,Kungota,49,49.2311,763.0,15.571428571428571,15.498341595633603
2005,SVN.8.12_1,Lenart,119,118.6381,1629.0,13.6890756302521,13.730833736531142
2005,SVN.8.13_1,Lovrenc na Pohorju,88,84.3319,462.0,5.25,5.478351630361201
2005,SVN.8.14_1,Majšperk,76,73.049,533.0,7.0131578947368425,7.296468565822576
2005,SVN.8.15_1,Maribor,148,148.2768,5611.0,37.91216216216216,37.841391588350795
2005,SVN.8.16_1,Markovci,32,30.1473,557.0,17.40625,18.47592970218619
2005,SVN.8.17_1,Miklavž na Dravskem Polju,15,12.6428,417.0,27.8,32.98313619375954
2005,SVN.8.18_1,Oplotnica,33,33.4925,521.0,15.787878787878787,15.555717200492825
2005,SVN.8.19_1,Ormož,202,203.3344,2152.0,10.653465346534654,10.583553628073597
2005,SVN.8.20_1,Pesnica,75,74.2044,1324.0,17.653333333333332,17.8426151231272
2005,SVN.8.21_1,Podlehnik,50,50.6164,413.0,8.26,8.159407526570387
2005,SVN.8.22_1,Ptuj,69,65.9821,1863.0,27.0,28.23492522633081
2005,SVN.8.23_1,Race-Fram,49,50.2968,930.0,18.979591836734695,18.49024025947038
2005,SVN.8.24_1,Ruše,58,59.7856,581.0,10.017241379310345,9.718052485450682
2005,SVN.8.25_1,Selnica ob Dravi,61,61.063,782.0,12.819672131147541,12.806436535270757
2005,SVN.8.26_1,Šentilj,57,59.2267,1105.0,19.385964912280702,18.657136827650938
2005,SVN.8.27_1,Slovenska Bistrica,335,335.0452,3723.0,11.113432835820895,11.111935154014922
2005,SVN.8.28_1,Starše,33,34.3011,526.0,15.93939393939394,15.334787764218873
2005,SVN.8.29_1,Sveta Ana,40,38.4319,413.0,10.325,10.746283836329846
2005,SVN.8.30_1,Sveti Andraž v Slovenskih Gorica,17,17.2853,127.0,7.470588235294118,7.347295133422524
2005,SVN.8.31_1,Trnovska Vas,22,22.4787,211.0,9.590909090909092,9.386676548029097
2005,SVN.8.32_1,Videm,72,70.8118,820.0,11.38888888888889,11.579992838986474
2005,SVN.8.33_1,Zavrc,12,12.6615,138.0,11.5,10.899145438766253
2005,SVN.8.34_1,Žetale,36,36.6322,199.0,5.527777777777778,5.432372637550794
2005,SVN.9.1_1,Beltinci,63,62.0632,929.0,14.746031746031745,14.968623709214793
2005,SVN.9.2_1,Cankova,26,26.5785,260.0,10.0,9.782357061287076
2005,SVN.9.3_1,Črenšovci,32,31.9352,436.0,13.625,13.652632858806424
2005,SVN.9.4_1,Dobrovnik,33,34.006,320.0,9.696969696969697,9.410098890088971
2005,SVN.9.5_1,Gornja Radgona,122,120.5406,1382.0,11.327868852459016,11.465016081940204
2005,SVN.9.6_1,Gornji Petrovci,63,63.9394,459.0,7.285714285714286,7.178670341994635
2005,SVN.9.7_1,Grad,40,36.7113,278.0,6.95,7.572609572205507
2005,SVN.9.8_1,Hodoš,22,23.8037,254.0,11.545454545454545,10.67060927751584
2005,SVN.9.9_1,Kobilje,19,19.2954,99.0,5.2105263157894735,5.130749975631103
2005,SVN.9.10_1,Križevci,47,47.0896,548.0,11.659574468085106,11.637393307059217
2005,SVN.9.11_1,Kuzma,17,17.095,127.0,7.470588235294118,7.429084284486525
2005,SVN.9.12_1,Lendava,108,110.1086,1688.0,15.62962962962963,15.33031886632583
2005,SVN.9.13_1,Ljutomer,111,108.5309,1202.0,10.82882882882883,11.075187522001578
2005,SVN.9.14_1,Moravske Toplice,142,143.39,1176.0,8.28169014084507,8.201406755319425
2005,SVN.9.15_1,Murska Sobota,68,65.8851,1893.0,27.83823529411765,28.73182794590608
2005,SVN.9.16_1,Odranci,8,7.8191,120.0,15.0,15.346980944769847
2005,SVN.9.17_1,Puconci,108,106.0635,931.0,8.62037037037037,8.777762435054749
2005,SVN.9.18_1,Radenci,35,33.8123,587.0,16.771428571428572,17.360552534476152
2005,SVN.9.19_1,Razkrižje,6,6.9318,61.0,10.166666666666666,8.800018497185736
2005,SVN.9.20_1,Rogašovci,31,31.9244,248.0,8.0,7.768358753535857
2005,SVN.9.21_1,Šalovci,53,50.5578,364.0,6.867924528301887,7.199676053933327
2005,SVN.9.22_1,Sveti Jurij,48,51.1951,394.0,8.208333333333334,7.696049281874549
2005,SVN.9.23_1,Tišina,33,35.3877,456.0,13.818181818181818,12.885838330790001
2005,SVN.9.24_1,Turnišče,20,22.9794,221.0,11.05,9.617289607847786
2005,SVN.9.25_1,Velika Polana,24,24.1079,240.0,10.0,9.955250233022124
2005,SVN.9.26_1,Veržej,12,11.769,169.0,14.083333333333334,14.359731267327271
2005,SVN.10.1_1,Bistrica ob Sotli,61,56.0788,597.0,9.78688524590164,10.645743317293272
2005,SVN.10.2_1,Braslovce,58,55.9005,688.0,11.862068965517242,12.307583740991308
2005,SVN.10.3_1,Celje,96,96.8336,3237.0,33.71875,33.428489443525734
2005,SVN.10.4_1,Dobje,17,17.4869,159.0,9.352941176470589,9.0925242226023
2005,SVN.10.5_1,Dobrna,33,32.2669,353.0,10.696969696969697,10.940001453400644
2005,SVN.10.6_1,Gornji Grad,90,91.0047,397.0,4.411111111111111,4.362411404032991
2005,SVN.10.7_1,Kozje,87,88.5434,697.0,8.011494252873563,7.871848151783574
2005,SVN.10.8_1,Laško,205,201.4876,1968.0,9.6,9.767351857809544
2005,SVN.10.9_1,Ljubno,79,79.362,377.0,4.772151898734177,4.750386096968878
2005,SVN.10.10_1,Luce,112,110.3298,97.0,0.8660714285714286,0.8791818463326359
2005,SVN.10.11_1,Mozirje,83,84.7599,812.0,9.783132530120483,9.579999575879295
2005,SVN.10.12_1,Nazarje,44,43.6766,320.0,7.2727272727272725,7.326583677980075
2005,SVN.10.13_1,Podcetrtek,30,29.5669,310.0,10.333333333333334,10.48470712112258
2005,SVN.10.14_1,Polzela,33,34.477,537.0,16.272727272727273,15.575596570262265
2005,SVN.10.15_1,Prebold,42,41.0779,553.0,13.166666666666666,13.462232257440261
2005,SVN.10.16_1,Radece,53,52.1379,478.0,9.018867924528301,9.167991550189782
2005,SVN.10.17_1,Rogaška Slatina,68,70.8401,1286.0,18.91176470588235,18.153569505335415
2005,SVN.10.18_1,Rogatec,43,46.8711,571.0,13.279069767441861,12.18235795715661
2005,SVN.10.19_1,Šentjur pri Celju,224,223.8178,2513.0,11.21875,11.227883990721043
2005,SVN.10.20_1,Slovenske Konjice,98,98.3364,1500.0,15.306122448979592,15.253758082382422
2005,SVN.10.21_1,Šmarje pri Jelšah,112,109.0515,1175.0,10.491071428571429,10.774726054424699
2005,SVN.10.22_1,Šmartno ob Paki,17,17.0321,243.0,14.294117647058824,14.26714185562585
2005,SVN.10.23_1,Solcava,94,98.1425,89.0,0.9468085106382979,0.9068450767674214
2005,SVN.10.24_1,Šoštanj,99,96.868,1303.0,13.16161616161616,13.451288157661795
2005,SVN.10.25_1,Štore,29,28.5396,472.0,16.275862068965516,16.538422933421487
2005,SVN.10.26_1,Tabor,34,33.8269,254.0,7.470588235294118,7.508819523564715
2005,SVN.10.27_1,Velenje,83,84.3401,2059.0,24.80722891566265,24.41307368214473
2005,SVN.10.28_1,Vitanje,59,60.4406,286.0,4.8474576271186445,4.731921946469469
2005,SVN.10.29_1,Vojnik,80,76.9489,1159.0,14.4875,15.06195021183196
2005,SVN.10.30_1,Vransko,52,54.1537,554.0,10.653846153846153,10.230141719536727
2005,SVN.10.31_1,Žalec,117,117.1442,2221.0,18.982905982905983,18.959546615883948
2005,SVN.10.32_1,Zrece,62,65.8808,854.0,13.774193548387096,12.962806640263464
2005,SVN.11.1_1,Brežice,248,245.6913,4213.0,16.987903225806452,17.147534748037554
2005,SVN.11.2_1,Krško,340,340.9379,4742.0,13.947058823529412,13.908692913349691
2005,SVN.11.3_1,Sevnica,280,278.6841,2092.0,7.4714285714285715,7.506707080960974
2005,SVN.12.1_1,Hrastnik,56,58.2381,939.0,16.767857142857142,16.12346680920171
2005,SVN.12.2_1,Trbovlje,60,57.9159,1194.0,19.9,20.616105397574163
2005,SVN.12.3_1,Zagorje ob Savi,145,147.3849,1682.0,11.6,11.412297673632736
2006,SVN.1.1_1,Bled,187,187.7102,1915.0,10.240641711229946,10.201898654699539
2006,SVN.1.2_1,Bohinj,331,330.4201,860.0,2.598187311178248,2.6027469437056503
2006,SVN.1.3_1,Cerklje na Gorenjskem,74,77.1957,1391.0,18.7972972972973,18.019135589865257
2006,SVN.1.4_1,Gorenja Vas-Poljane,152,151.5701,970.0,6.381578947368421,6.399677797255425
2006,SVN.1.5_1,Jesenice,75,74.7956,1950.0,26.0,26.07103683947598
2006,SVN.1.6_1,Jezersko,73,70.5865,14.0,0.1917808219178082,0.19833826351264505
2006,SVN.1.7_1,Kranj,146,145.7396,3693.0,25.294520547945204,25.339713864639148
2006,SVN.1.8_1,Kranjska Gora,244,249.6461,1832.0,7.508196721311475,7.338389583986067
2006,SVN.1.9_1,Naklo,28,27.6347,602.0,21.5,21.78419929967446
2006,SVN.1.10_1,Preddvor,88,86.0439,610.0,6.931818181818182,7.089406563772611
2006,SVN.1.11_1,Radovljica,117,116.9011,2046.0,17.487179487179485,17.501979843055803
2006,SVN.1.12_1,Šenčur,46,42.6248,1369.0,29.76086956521739,32.117439056701855
2006,SVN.1.13_1,Škofja Loka,145,144.4252,2092.0,14.427586206896551,14.485008798324941
2006,SVN.1.14_1,Tržič,157,156.9897,1422.0,9.05732484076433,9.057921086060295
2006,SVN.1.15_1,Železniki,163,163.136,737.0,4.521472392638037,4.51770253687875
2006,SVN.1.16_1,Žiri,51,49.568,448.0,8.784313725490197,9.038089036366625
2006,SVN.1.17_1,Žirovnica,42,42.0999,653.0,15.547619047619047,15.510743042332152
2006,SVN.2.1_1,Ajdovščina,241,240.3435,1639.0,6.800829875518672,6.819407288146712
2006,SVN.2.2_1,Bovec,383,382.1081,348.0,0.9086161879895561,0.9107369899175418
2006,SVN.2.3_1,Brda,62,61.2313,737.0,11.887096774193548,12.036334070025534
2006,SVN.2.4_1,Cerkno,130,131.479,785.0,6.038461538461538,5.9705332426435245
2006,SVN.2.5_1,Idrija,292,295.2119,1148.0,3.9315068493150687,3.8887317720782892
2006,SVN.2.6_1,Kanal,129,132.6271,1130.0,8.75968992248062,8.520130315481424
2006,SVN.2.7_1,Kobarid,188,190.1235,564.0,3.0,2.9664929793629438
2006,SVN.2.8_1,Miren-Kostanjevica,49,46.6248,549.0,11.204081632653061,11.774858266527051
2006,SVN.2.9_1,Nova Gorica,295,297.6162,2983.0,10.111864406779661,10.022976853801062
2006,SVN.2.10_1,Šempeter-Vrtojba,7,7.7338,269.0,38.42857142857143,34.782324858522756
2006,SVN.2.11_1,Tolmin,385,384.2645,783.0,2.033766233766234,2.0376589320729486
2006,SVN.2.12_1,Vipava,112,108.4008,775.0,6.919642857142857,7.149390883662497
2006,SVN.3.1_1,Crnomelj,335,330.8646,1619.0,4.832835820895522,4.8932401516269275
2006,SVN.3.2_1,Dolenjske Toplice,112,111.0355,250.0,2.232142857142857,2.2515312158474825
2006,SVN.3.3_1,Kocevje,543,545.407,1897.0,3.4935543278084715,3.4781363060004624
2006,SVN.3.4_1,Kostel,37,35.6858,161.0,4.351351351351352,4.511598428995457
2006,SVN.3.5_1,Loški Potok,124,123.4977,504.0,4.064516129032258,4.081048073714648
2006,SVN.3.6_1,Metlika,111,113.0004,1155.0,10.405405405405405,10.221200975817032
2006,SVN.3.7_1,Mirna Pec,50,48.1712,391.0,7.82,8.116884011897678
2006,SVN.3.8_1,Novo Mesto,296,300.285,4060.0,13.716216216216216,13.520488934408762
2006,SVN.3.9_1,Osilnica,32,31.0875,103.0,3.21875,3.313224428154004
2006,SVN.3.10_1,Ribnica,160,155.756,1383.0,8.64375,8.87927144843514
2006,SVN.3.11_1,Semic,149,148.9731,433.0,2.9060402684563758,2.9065643843990476
2006,SVN.3.12_1,Šentjernej,100,100.1929,907.0,9.07,9.052534426898925
2006,SVN.3.13_1,Škocjan,63,61.2852,568.0,9.015873015873016,9.26814792063397
2006,SVN.3.14_1,Sodražica,50,49.9829,427.0,8.54,8.54291611911244
2006,SVN.3.15_1,Trebnje,311,317.9015,2648.0,8.514469453376206,8.329623555180584
2006,SVN.3.16_1,Žužemberk,168,162.6138,856.0,5.095238095238095,5.264005490376504
2006,SVN.4.1_1,Črna na Koroškem,155,152.0071,347.0,2.238709677419355,2.2827878129399006
2006,SVN.4.2_1,Dravograd,100,101.2156,1070.0,10.7,10.571492551399238
2006,SVN.4.3_1,Mežica,26,25.1048,323.0,12.423076923076923,12.866046356870493
2006,SVN.4.4_1,Mislinja,113,113.4849,666.0,5.893805309734513,5.868622435659016
2006,SVN.4.5_1,Muta,38,37.5131,373.0,9.81578947368421,9.943196440358518
2006,SVN.4.6_1,Podvelka,109,106.5864,497.0,4.559633027522936,4.662884348953552
2006,SVN.4.7_1,Prevalje,49,53.1459,668.0,13.63265306122449,12.569165607190374
2006,SVN.4.8_1,Radlje ob Dravi,92,93.2679,720.0,7.826086956521739,7.7196978853788165
2006,SVN.4.9_1,Ravne na Koroškem,65,64.9398,920.0,14.153846153846153,14.166957011018628
2006,SVN.4.10_1,Ribnica na Pohorju,60,59.5312,162.0,2.7,2.7212600995911225
2006,SVN.4.11_1,Slovenj Gradec,181,175.7583,2162.0,11.94475138121547,12.300982166826309
2006,SVN.4.12_1,Vuzenica,49,49.955,358.0,7.3061224489795915,7.166447259572887
2006,SVN.5.1_1,Bloke,74,75.5663,340.0,4.594594594594595,4.499361846439477
2006,SVN.5.2_1,Cerknica,245,243.7275,1084.0,4.424489795918367,4.447590313793761
2006,SVN.5.3_1,Ilirska Bistrica,474,469.8196,2498.0,5.270042194092827,5.3169344029099666
2006,SVN.5.4_1,Loška Dolina,166,166.6122,359.0,2.1626506024096384,2.154704116220256
2006,SVN.5.5_1,Pivka,225,224.9807,915.0,4.066666666666666,4.067016404248468
2006,SVN.5.6_1,Postojna,272,271.1278,2118.0,7.786764705882353,7.811814750913743
2006,SVN.6.1_1,Divaca,144,147.4596,889.0,6.173611111111111,6.028771501820125
2006,SVN.6.2_1,Hrpelje-Kozina,187,185.866,1175.0,6.283422459893048,6.321758946987802
2006,SVN.6.3_1,Izola,26,24.2792,786.0,30.23076923076923,32.37335200285225
2006,SVN.6.4_1,Komen,94,90.9951,793.0,8.436170212765957,8.714754146284399
2006,SVN.6.5_1,Koper,290,291.0771,4902.0,16.90344827586207,16.84089668945704
2006,SVN.6.6_1,Piran,28,27.7566,675.0,24.107142857142858,24.318500817709065
2006,SVN.6.7_1,Sežana,177,177.7348,2179.0,12.310734463276836,12.259841264904368
2006,SVN.7.1_1,Borovnica,40,42.2423,332.0,8.3,7.859419631260192
2006,SVN.7.2_1,Brezovica,88,89.8349,1202.0,13.659090909090908,13.380095118207382
2006,SVN.7.3_1,Dobrepolje,93,95.3671,541.0,5.817204301075269,5.672818747441763
2006,SVN.7.4_1,Dobrova-Polhov Gradec,111,117.3249,1363.0,12.27927927927928,11.617311580836143
2006,SVN.7.5_1,Dol pri Ljubljani,36,33.5133,797.0,22.13888888888889,23.781618972966076
2006,SVN.7.6_1,Domžale,73,71.6483,2734.0,37.45205479452055,38.15863858051072
2006,SVN.7.7_1,Grosuplje,136,134.7405,2183.0,16.051470588235293,16.201512010123373
2006,SVN.7.8_1,Horjul,33,32.6953,455.0,13.787878787878787,13.916373962485121
2006,SVN.7.9_1,Ig,103,99.6528,1115.0,10.825242718446601,11.188842272971241
2006,SVN.7.10_1,Ivancna Gorica,231,229.5426,1822.0,7.887445887445887,7.937524941823288
2006,SVN.7.11_1,Kamnik,262,264.6744,2461.0,9.393129770992367,9.298215435777461
2006,SVN.7.12_1,Komenda,25,24.2478,536.0,21.44,22.105117675430765
2006,SVN.7.13_1,Litija,320,319.2343,1905.0,5.953125,5.967404465347201
2006,SVN.7.14_1,Ljubljana,275,276.4294,11303.0,41.10181818181818,40.88928126849498
2006,SVN.7.15_1,Logatec,173,172.2888,1444.0,8.346820809248555,8.381277056905121
2006,SVN.7.16_1,Lukovica,75,75.1131,1123.0,14.973333333333333,14.950788361501262
2006,SVN.7.17_1,Medvode,75,76.3493,1877.0,25.026666666666667,24.58436298963271
2006,SVN.7.18_1,Mengeš,22,21.4582,858.0,39.0,39.98469601447561
2006,SVN.7.19_1,Moravce,60,61.357,652.0,10.866666666666667,10.62632752698196
2006,SVN.7.20_1,Škofljica,39,41.8098,1052.0,26.974358974358974,25.16157882988809
2006,SVN.7.21_1,Trzin,8,8.5875,421.0,52.625,49.02472970373821
2006,SVN.7.22_1,Velike Lašče,103,102.246,725.0,7.038834951456311,7.090743211560832
2006,SVN.7.23_1,Vodice,34,32.1413,768.0,22.58823529411765,23.894485464894373
2006,SVN.7.24_1,Vrhnika,128,123.5543,1788.0,13.96875,14.471373682430945
2006,SVN.8.1_1,Benedikt,24,23.6001,270.0,11.25,11.440632759156056
2006,SVN.8.2_1,Cerkvenjak,21,23.3141,175.0,8.333333333333334,7.506192481166984
2006,SVN.8.3_1,Destrnik,35,34.9829,441.0,12.6,12.606158357893845
2006,SVN.8.4_1,Dornava,25,27.7855,282.0,11.28,10.149167873789679
2006,SVN.8.5_1,Duplek,35,36.6236,672.0,19.2,18.348837486024333
2006,SVN.8.6_1,Gorišnica,62,58.8136,835.0,13.46774193548387,14.197405080827137
2006,SVN.8.7_1,Hajdina,23,22.2098,592.0,25.73913043478261,26.6549589480347
2006,SVN.8.8_1,Hoce-Slivnica,54,53.0168,1823.0,33.75925925925926,34.38533207468268
2006,SVN.8.9_1,Juršinci,39,36.4549,329.0,8.435897435897436,9.024839720314668
2006,SVN.8.10_1,Kidricevo,72,72.2552,1288.0,17.88888888888889,17.825702496699176
2006,SVN.8.11_1,Kungota,49,49.2311,763.0,15.571428571428571,15.498341595633603
2006,SVN.8.12_1,Lenart,119,118.6381,1633.0,13.722689075630251,13.764549718695736
2006,SVN.8.13_1,Lovrenc na Pohorju,88,84.3319,450.0,5.113636363636363,5.336056782819352
2006,SVN.8.14_1,Majšperk,76,73.049,536.0,7.052631578947368,7.337536869194936
2006,SVN.8.15_1,Maribor,148,148.2768,5619.0,37.96621621621622,37.895344739786694
2006,SVN.8.16_1,Markovci,32,30.1473,557.0,17.40625,18.47592970218619
2006,SVN.8.17_1,Miklavž na Dravskem Polju,15,12.6428,417.0,27.8,32.98313619375954
2006,SVN.8.18_1,Oplotnica,33,33.4925,521.0,15.787878787878787,15.555717200492825
2006,SVN.8.19_1,Ormož,202,203.3344,2152.0,10.653465346534654,10.583553628073597
2006,SVN.8.20_1,Pesnica,75,74.2044,1328.0,17.706666666666667,17.896520304768067
2006,SVN.8.21_1,Podlehnik,50,50.6164,415.0,8.3,8.198920395948452
2006,SVN.8.22_1,Ptuj,69,65.9821,1863.0,27.0,28.23492522633081
2006,SVN.8.23_1,Race-Fram,49,50.2968,930.0,18.979591836734695,18.49024025947038
2006,SVN.8.24_1,Ruše,58,59.7856,583.0,10.051724137931034,9.751505333937603
2006,SVN.8.25_1,Selnica ob Dravi,61,61.063,782.0,12.819672131147541,12.806436535270757
2006,SVN.8.26_1,Šentilj,57,59.2267,1105.0,19.385964912280702,18.657136827650938
2006,SVN.8.27_1,Slovenska Bistrica,335,335.0452,3733.0,11.143283582089552,11.141781877501398
2006,SVN.8.28_1,Starše,33,34.3011,526.0,15.93939393939394,15.334787764218873
2006,SVN.8.29_1,Sveta Ana,40,38.4319,413.0,10.325,10.746283836329846
2006,SVN.8.30_1,Sveti Andraž v Slovenskih Gorica,17,17.2853,127.0,7.470588235294118,7.347295133422524
2006,SVN.8.31_1,Trnovska Vas,22,22.4787,211.0,9.590909090909092,9.386676548029097
2006,SVN.8.32_1,Videm,72,70.8118,821.0,11.402777777777779,11.594114781473042
2006,SVN.8.33_1,Zavrc,12,12.6615,138.0,11.5,10.899145438766253
2006,SVN.8.34_1,Žetale,36,36.6322,205.0,5.694444444444445,5.596162767326195
2006,SVN.9.1_1,Beltinci,63,62.0632,929.0,14.746031746031745,14.968623709214793
2006,SVN.9.2_1,Cankova,26,26.5785,260.0,10.0,9.782357061287076
2006,SVN.9.3_1,Črenšovci,32,31.9352,436.0,13.625,13.652632858806424
2006,SVN.9.4_1,Dobrovnik,33,34.006,320.0,9.696969696969697,9.410098890088971
2006,SVN.9.5_1,Gornja Radgona,122,120.5406,1389.0,11.385245901639344,11.523087798708353
2006,SVN.9.6_1,Gornji Petrovci,63,63.9394,459.0,7.285714285714286,7.178670341994635
2006,SVN.9.7_1,Grad,40,36.7113,279.0,6.975,7.599849174983224
2006,SVN.9.8_1,Hodoš,22,23.8037,254.0,11.545454545454545,10.67060927751584
2006,SVN.9.9_1,Kobilje,19,19.2954,97.0,5.105263157894737,5.027098460971888
2006,SVN.9.10_1,Križevci,47,47.0896,549.0,11.680851063829786,11.658629426232682
2006,SVN.9.11_1,Kuzma,17,17.095,127.0,7.470588235294118,7.429084284486525
2006,SVN.9.12_1,Lendava,108,110.1086,1689.0,15.63888888888889,15.339400808782186
2006,SVN.9.13_1,Ljutomer,111,108.5309,1216.0,10.954954954954955,11.204183050544025
2006,SVN.9.14_1,Moravske Toplice,142,143.39,1159.0,8.161971830985916,8.082849004604773
2006,SVN.9.15_1,Murska Sobota,68,65.8851,1903.0,27.985294117647058,28.883607280010178
2006,SVN.9.16_1,Odranci,8,7.8191,120.0,15.0,15.346980944769847
2006,SVN.9.17_1,Puconci,108,106.0635,937.0,8.675925925925926,8.83433233259538
2006,SVN.9.18_1,Radenci,35,33.8123,587.0,16.771428571428572,17.360552534476152
2006,SVN.9.19_1,Razkrižje,6,6.9318,61.0,10.166666666666666,8.800018497185736
2006,SVN.9.20_1,Rogašovci,31,31.9244,248.0,8.0,7.768358753535857
2006,SVN.9.21_1,Šalovci,53,50.5578,364.0,6.867924528301887,7.199676053933327
2006,SVN.9.22_1,Sveti Jurij,48,51.1951,394.0,8.208333333333334,7.696049281874549
2006,SVN.9.23_1,Tišina,33,35.3877,457.0,13.848484848484848,12.914096748182084
2006,SVN.9.24_1,Turnišče,20,22.9794,221.0,11.05,9.617289607847786
2006,SVN.9.25_1,Velika Polana,24,24.1079,240.0,10.0,9.955250233022124
2006,SVN.9.26_1,Veržej,12,11.769,169.0,14.083333333333334,14.359731267327271
2006,SVN.10.1_1,Bistrica ob Sotli,61,56.0788,597.0,9.78688524590164,10.645743317293272
2006,SVN.10.2_1,Braslovce,58,55.9005,688.0,11.862068965517242,12.307583740991308
2006,SVN.10.3_1,Celje,96,96.8336,3238.0,33.729166666666664,33.43881644057347
2006,SVN.10.4_1,Dobje,17,17.4869,159.0,9.352941176470589,9.0925242226023
2006,SVN.10.5_1,Dobrna,33,32.2669,355.0,10.757575757575758,11.00198446446807
2006,SVN.10.6_1,Gornji Grad,90,91.0047,408.0,4.533333333333333,4.483284264094358
2006,SVN.10.7_1,Kozje,87,88.5434,697.0,8.011494252873563,7.871848151783574
2006,SVN.10.8_1,Laško,205,201.4876,1957.0,9.546341463414635,9.712757919579918
2006,SVN.10.9_1,Ljubno,79,79.362,377.0,4.772151898734177,4.750386096968878
2006,SVN.10.10_1,Luce,112,110.3298,81.0,0.7232142857142857,0.7341621603396238
2006,SVN.10.11_1,Mozirje,83,84.7599,814.0,9.80722891566265,9.603595633947965
2006,SVN.10.12_1,Nazarje,44,43.6766,326.0,7.409090909090909,7.463957121942201
2006,SVN.10.13_1,Podcetrtek,30,29.5669,310.0,10.333333333333334,10.48470712112258
2006,SVN.10.14_1,Polzela,33,34.477,537.0,16.272727272727273,15.575596570262265
2006,SVN.10.15_1,Prebold,42,41.0779,553.0,13.166666666666666,13.462232257440261
2006,SVN.10.16_1,Radece,53,52.1379,478.0,9.018867924528301,9.167991550189782
2006,SVN.10.17_1,Rogaška Slatina,68,70.8401,1286.0,18.91176470588235,18.153569505335415
2006,SVN.10.18_1,Rogatec,43,46.8711,574.0,13.348837209302326,12.246363340469166
2006,SVN.10.19_1,Šentjur pri Celju,224,223.8178,2516.0,11.232142857142858,11.241287751951509
2006,SVN.10.20_1,Slovenske Konjice,98,98.3364,1500.0,15.306122448979592,15.253758082382422
2006,SVN.10.21_1,Šmarje pri Jelšah,112,109.0515,1175.0,10.491071428571429,10.774726054424699
2006,SVN.10.22_1,Šmartno ob Paki,17,17.0321,244.0,14.352941176470589,14.325854373550236
2006,SVN.10.23_1,Solcava,94,98.1425,72.0,0.7659574468085106,0.7336274778343185
2006,SVN.10.24_1,Šoštanj,99,96.868,1306.0,13.191919191919192,13.482258122721646
2006,SVN.10.25_1,Štore,29,28.5396,472.0,16.275862068965516,16.538422933421487
2006,SVN.10.26_1,Tabor,34,33.8269,254.0,7.470588235294118,7.508819523564715
2006,SVN.10.27_1,Velenje,83,84.3401,2059.0,24.80722891566265,24.41307368214473
2006,SVN.10.28_1,Vitanje,59,60.4406,297.0,5.033898305084746,4.913918944410603
2006,SVN.10.29_1,Vojnik,80,76.9489,1159.0,14.4875,15.06195021183196
2006,SVN.10.30_1,Vransko,52,54.1537,556.0,10.692307692307692,10.267073639101842
2006,SVN.10.31_1,Žalec,117,117.1442,2223.0,19.0,18.976619597978395
2006,SVN.10.32_1,Zrece,62,65.8808,858.0,13.838709677419354,13.02352236223191
2006,SVN.11.1_1,Brežice,248,245.6913,4213.0,16.987903225806452,17.147534748037554
2006,SVN.11.2_1,Krško,340,340.9379,4764.0,14.011764705882353,13.9732208011805
2006,SVN.11.3_1,Sevnica,280,278.6841,2117.0,7.560714285714286,7.59641438355372
2006,SVN.12.1_1,Hrastnik,56,58.2381,939.0,16.767857142857142,16.12346680920171
2006,SVN.12.2_1,Trbovlje,60,57.9159,1194.0,19.9,20.616105397574163
2006,SVN.12.3_1,Zagorje ob Savi,145,147.3849,1684.0,11.613793103448275,11.425867587632299
2007,SVN.1.1_1,Bled,187,187.7102,1846.0,9.871657754010695,9.83431066139705
2007,SVN.1.2_1,Bohinj,331,330.4201,827.0,2.498489425981873,2.5028740958657827
2007,SVN.1.3_1,Cerklje na Gorenjskem,74,77.1957,1391.0,18.7972972972973,18.019135589865257
2007,SVN.1.4_1,Gorenja Vas-Poljane,152,151.5701,955.0,6.282894736842105,6.300713707607145
2007,SVN.1.5_1,Jesenice,75,74.7956,1913.0,25.506666666666668,25.576355627650024
2007,SVN.1.6_1,Jezersko,73,70.5865,13.0,0.1780821917808219,0.18417124469031326
2007,SVN.1.7_1,Kranj,146,145.7396,3700.0,25.34246575342466,25.38774473305303
2007,SVN.1.8_1,Kranjska Gora,244,249.6461,1804.0,7.39344262295082,7.226230791217721
2007,SVN.1.9_1,Naklo,28,27.6347,608.0,21.714285714285715,22.001317565119717
2007,SVN.1.10_1,Preddvor,88,86.0439,615.0,6.988636363636363,7.147516453639599
2007,SVN.1.11_1,Radovljica,117,116.9011,2042.0,17.45299145299145,17.467762873665666
2007,SVN.1.12_1,Šenčur,46,42.6248,1369.0,29.76086956521739,32.117439056701855
2007,SVN.1.13_1,Škofja Loka,145,144.4252,2109.0,14.544827586206896,14.602716804812285
2007,SVN.1.14_1,Tržič,157,156.9897,1396.0,8.89171974522293,8.89230508870617
2007,SVN.1.15_1,Železniki,163,163.136,696.0,4.269938650306749,4.2663785151527955
2007,SVN.1.16_1,Žiri,51,49.568,451.0,8.843137254901961,9.098611954020866
2007,SVN.1.17_1,Žirovnica,42,42.0999,642.0,15.285714285714286,15.249459468877857
2007,SVN.2.1_1,Ajdovščina,241,240.3435,1695.0,7.033195020746888,7.052407171085221
2007,SVN.2.2_1,Bovec,383,382.1081,336.0,0.8772845953002611,0.8793322661272818
2007,SVN.2.3_1,Brda,62,61.2313,740.0,11.935483870967742,12.085328645615869
2007,SVN.2.4_1,Cerkno,130,131.479,763.0,5.869230769230769,5.803206196352878
2007,SVN.2.5_1,Idrija,292,295.2119,1127.0,3.8595890410958904,3.8175964347841744
2007,SVN.2.6_1,Kanal,129,132.6271,1050.0,8.13953488372093,7.916935248898669
2007,SVN.2.7_1,Kobarid,188,190.1235,439.0,2.3351063829787235,2.3090255637239934
2007,SVN.2.8_1,Miren-Kostanjevica,49,46.6248,549.0,11.204081632653061,11.774858266527051
2007,SVN.2.9_1,Nova Gorica,295,297.6162,2779.0,9.420338983050847,9.337530230208902
2007,SVN.2.10_1,Šempeter-Vrtojba,7,7.7338,269.0,38.42857142857143,34.782324858522756
2007,SVN.2.11_1,Tolmin,385,384.2645,753.0,1.955844155844156,1.9595877086218776
2007,SVN.2.12_1,Vipava,112,108.4008,770.0,6.875,7.103265781187256
2007,SVN.3.1_1,Crnomelj,335,330.8646,1610.0,4.8059701492537314,4.866038693094103
2007,SVN.3.2_1,Dolenjske Toplice,112,111.0355,246.0,2.1964285714285716,2.215506716393923
2007,SVN.3.3_1,Kocevje,543,545.407,1872.0,3.447513812154696,3.4322989798802666
2007,SVN.3.4_1,Kostel,37,35.6858,124.0,3.3513513513513513,3.4747714608412217
2007,SVN.3.5_1,Loški Potok,124,123.4977,500.0,4.032258064516129,4.048658803288341
2007,SVN.3.6_1,Metlika,111,113.0004,1195.0,10.765765765765765,10.575181961992515
2007,SVN.3.7_1,Mirna Pec,50,48.1712,393.0,7.86,8.15840260019383
2007,SVN.3.8_1,Novo Mesto,296,300.285,4064.0,13.72972972972973,13.533809613161875
2007,SVN.3.9_1,Osilnica,32,31.0875,93.0,2.90625,2.9915521535759457
2007,SVN.3.10_1,Ribnica,160,155.756,1369.0,8.55625,8.78938728337506
2007,SVN.3.11_1,Semic,149,148.9731,445.0,2.9865771812080535,2.987115822303871
2007,SVN.3.12_1,Šentjernej,100,100.1929,901.0,9.01,8.992649965419991
2007,SVN.3.13_1,Škocjan,63,61.2852,577.0,9.158730158730158,9.415002377122887
2007,SVN.3.14_1,Sodražica,50,49.9829,427.0,8.54,8.54291611911244
2007,SVN.3.15_1,Trebnje,311,317.9015,2673.0,8.594855305466238,8.408264260950792
2007,SVN.3.16_1,Žužemberk,168,162.6138,889.0,5.291666666666667,5.466940281477467
2007,SVN.4.1_1,Črna na Koroškem,155,152.0071,344.0,2.2193548387096773,2.2630518952487777
2007,SVN.4.2_1,Dravograd,100,101.2156,1078.0,10.78,10.650531748045214
2007,SVN.4.3_1,Mežica,26,25.1048,323.0,12.423076923076923,12.866046356870493
2007,SVN.4.4_1,Mislinja,113,113.4849,743.0,6.575221238938053,6.547126831373346
2007,SVN.4.5_1,Muta,38,37.5131,378.0,9.947368421052632,10.076483255912922
2007,SVN.4.6_1,Podvelka,109,106.5864,454.0,4.165137614678899,4.259455723188959
2007,SVN.4.7_1,Prevalje,49,53.1459,669.0,13.653061224489797,12.587981723368802
2007,SVN.4.8_1,Radlje ob Dravi,92,93.2679,737.0,8.01086956521739,7.901968529894705
2007,SVN.4.9_1,Ravne na Koroškem,65,64.9398,932.0,14.338461538461539,14.351743406814522
2007,SVN.4.10_1,Ribnica na Pohorju,60,59.5312,275.0,4.583333333333333,4.619423008565177
2007,SVN.4.11_1,Slovenj Gradec,181,175.7583,2256.0,12.464088397790055,12.835807478427453
2007,SVN.4.12_1,Vuzenica,49,49.955,347.0,7.081632653061225,6.9462491594184135
2007,SVN.5.1_1,Bloke,74,75.5663,339.0,4.581081081081081,4.486128429244067
2007,SVN.5.2_1,Cerknica,245,243.7275,1071.0,4.371428571428571,4.394252053572987
2007,SVN.5.3_1,Ilirska Bistrica,474,469.8196,2426.0,5.118143459915612,5.163684091857317
2007,SVN.5.4_1,Loška Dolina,166,166.6122,356.0,2.144578313253012,2.1366982322406995
2007,SVN.5.5_1,Pivka,225,224.9807,891.0,3.96,3.9603405641370335
2007,SVN.5.6_1,Postojna,272,271.1278,2087.0,7.672794117647059,7.697477518959859
2007,SVN.6.1_1,Divaca,144,147.4596,872.0,6.055555555555555,5.913485657578345
2007,SVN.6.2_1,Hrpelje-Kozina,187,185.866,1127.0,6.026737967914438,6.063508368727875
2007,SVN.6.3_1,Izola,26,24.2792,787.0,30.26923076923077,32.41453947359379
2007,SVN.6.4_1,Komen,94,90.9951,793.0,8.436170212765957,8.714754146284399
2007,SVN.6.5_1,Koper,290,291.0771,4889.0,16.858620689655172,16.796234988730205
2007,SVN.6.6_1,Piran,28,27.7566,697.0,24.892857142857142,25.11110380732329
2007,SVN.6.7_1,Sežana,177,177.7348,2152.0,12.158192090395481,12.107929509900965
2007,SVN.7.1_1,Borovnica,40,42.2423,332.0,8.3,7.859419631260192
2007,SVN.7.2_1,Brezovica,88,89.8349,1191.0,13.534090909090908,13.25764832428036
2007,SVN.7.3_1,Dobrepolje,93,95.3671,535.0,5.752688172043011,5.609903936934091
2007,SVN.7.4_1,Dobrova-Polhov Gradec,111,117.3249,1370.0,12.342342342342342,11.676974956526422
2007,SVN.7.5_1,Dol pri Ljubljani,36,33.5133,797.0,22.13888888888889,23.781618972966076
2007,SVN.7.6_1,Domžale,73,71.6483,2735.0,37.465753424657535,38.17259565387594
2007,SVN.7.7_1,Grosuplje,136,134.7405,2184.0,16.058823529411764,16.208933683055175
2007,SVN.7.8_1,Horjul,33,32.6953,455.0,13.787878787878787,13.916373962485121
2007,SVN.7.9_1,Ig,103,99.6528,1098.0,10.660194174757281,11.018250058943876
2007,SVN.7.10_1,Ivancna Gorica,231,229.5426,1823.0,7.891774891774892,7.941881431912105
2007,SVN.7.11_1,Kamnik,262,264.6744,2475.0,9.446564885496183,9.351110606887126
2007,SVN.7.12_1,Komenda,25,24.2478,536.0,21.44,22.105117675430765
2007,SVN.7.13_1,Litija,320,319.2343,1920.0,6.0,6.0143919020822185
2007,SVN.7.14_1,Ljubljana,275,276.4294,11305.0,41.10909090909091,40.89651638859911
2007,SVN.7.15_1,Logatec,173,172.2888,1450.0,8.38150289017341,8.41610230783409
2007,SVN.7.16_1,Lukovica,75,75.1131,1125.0,15.0,14.977414876837862
2007,SVN.7.17_1,Medvode,75,76.3493,1877.0,25.026666666666667,24.58436298963271
2007,SVN.7.18_1,Mengeš,22,21.4582,858.0,39.0,39.98469601447561
2007,SVN.7.19_1,Moravce,60,61.357,652.0,10.866666666666667,10.62632752698196
2007,SVN.7.20_1,Škofljica,39,41.8098,1052.0,26.974358974358974,25.16157882988809
2007,SVN.7.21_1,Trzin,8,8.5875,421.0,52.625,49.02472970373821
2007,SVN.7.22_1,Velike Lašče,103,102.246,708.0,6.87378640776699,6.92447750866906
2007,SVN.7.23_1,Vodice,34,32.1413,768.0,22.58823529411765,23.894485464894373
2007,SVN.7.24_1,Vrhnika,128,123.5543,1790.0,13.984375,14.487560901315096
2007,SVN.8.1_1,Benedikt,24,23.6001,270.0,11.25,11.440632759156056
2007,SVN.8.2_1,Cerkvenjak,21,23.3141,175.0,8.333333333333334,7.506192481166984
2007,SVN.8.3_1,Destrnik,35,34.9829,441.0,12.6,12.606158357893845
2007,SVN.8.4_1,Dornava,25,27.7855,282.0,11.28,10.149167873789679
2007,SVN.8.5_1,Duplek,35,36.6236,672.0,19.2,18.348837486024333
2007,SVN.8.6_1,Gorišnica,62,58.8136,835.0,13.46774193548387,14.197405080827137
2007,SVN.8.7_1,Hajdina,23,22.2098,602.0,26.17391304347826,27.10521163296772
2007,SVN.8.8_1,Hoce-Slivnica,54,53.0168,1823.0,33.75925925925926,34.38533207468268
2007,SVN.8.9_1,Juršinci,39,36.4549,329.0,8.435897435897436,9.024839720314668
2007,SVN.8.10_1,Kidricevo,72,72.2552,1294.0,17.97222222222222,17.90874148348504
2007,SVN.8.11_1,Kungota,49,49.2311,763.0,15.571428571428571,15.498341595633603
2007,SVN.8.12_1,Lenart,119,118.6381,1635.0,13.739495798319327,13.781407709778033
2007,SVN.8.13_1,Lovrenc na Pohorju,88,84.3319,470.0,5.340909090909091,5.573214862055767
2007,SVN.8.14_1,Majšperk,76,73.049,525.0,6.907894736842105,7.18695309016295
2007,SVN.8.15_1,Maribor,148,148.2768,5620.0,37.972972972972975,37.902088883716175
2007,SVN.8.16_1,Markovci,32,30.1473,557.0,17.40625,18.47592970218619
2007,SVN.8.17_1,Miklavž na Dravskem Polju,15,12.6428,417.0,27.8,32.98313619375954
2007,SVN.8.18_1,Oplotnica,33,33.4925,521.0,15.787878787878787,15.555717200492825
2007,SVN.8.19_1,Ormož,202,203.3344,2153.0,10.658415841584159,10.58847163626508
2007,SVN.8.20_1,Pesnica,75,74.2044,1328.0,17.706666666666667,17.896520304768067
2007,SVN.8.21_1,Podlehnik,50,50.6164,412.0,8.24,8.139651091881355
2007,SVN.8.22_1,Ptuj,69,65.9821,1879.0,27.231884057971016,28.4774151907008
2007,SVN.8.23_1,Race-Fram,49,50.2968,930.0,18.979591836734695,18.49024025947038
2007,SVN.8.24_1,Ruše,58,59.7856,587.0,10.120689655172415,9.818411030911445
2007,SVN.8.25_1,Selnica ob Dravi,61,61.063,782.0,12.819672131147541,12.806436535270757
2007,SVN.8.26_1,Šentilj,57,59.2267,1105.0,19.385964912280702,18.657136827650938
2007,SVN.8.27_1,Slovenska Bistrica,335,335.0452,3794.0,11.325373134328359,11.3238468907689
2007,SVN.8.28_1,Starše,33,34.3011,526.0,15.93939393939394,15.334787764218873
2007,SVN.8.29_1,Sveta Ana,40,38.4319,413.0,10.325,10.746283836329846
2007,SVN.8.30_1,Sveti Andraž v Slovenskih Gorica,17,17.2853,127.0,7.470588235294118,7.347295133422524
2007,SVN.8.31_1,Trnovska Vas,22,22.4787,211.0,9.590909090909092,9.386676548029097
2007,SVN.8.32_1,Videm,72,70.8118,825.0,11.458333333333334,11.650602551419318
2007,SVN.8.33_1,Zavrc,12,12.6615,138.0,11.5,10.899145438766253
2007,SVN.8.34_1,Žetale,36,36.6322,219.0,6.083333333333333,5.9783397368021305
2007,SVN.9.1_1,Beltinci,63,62.0632,929.0,14.746031746031745,14.968623709214793
2007,SVN.9.2_1,Cankova,26,26.5785,260.0,10.0,9.782357061287076
2007,SVN.9.3_1,Črenšovci,32,31.9352,436.0,13.625,13.652632858806424
2007,SVN.9.4_1,Dobrovnik,33,34.006,316.0,9.575757575757576,9.292472653962859
2007,SVN.9.5_1,Gornja Radgona,122,120.5406,1390.0,11.39344262295082,11.53138375824666
2007,SVN.9.6_1,Gornji Petrovci,63,63.9394,445.0,7.063492063492063,6.9597130766614645
2007,SVN.9.7_1,Grad,40,36.7113,282.0,7.05,7.681567983316377
2007,SVN.9.8_1,Hodoš,22,23.8037,242.0,11.0,10.166486004562335
2007,SVN.9.9_1,Kobilje,19,19.2954,85.0,4.473684210526316,4.405189373016603
2007,SVN.9.10_1,Križevci,47,47.0896,550.0,11.702127659574469,11.679865545406148
2007,SVN.9.11_1,Kuzma,17,17.095,127.0,7.470588235294118,7.429084284486525
2007,SVN.9.12_1,Lendava,108,110.1086,1695.0,15.694444444444445,15.393892463520311
2007,SVN.9.13_1,Ljutomer,111,108.5309,1216.0,10.954954954954955,11.204183050544025
2007,SVN.9.14_1,Moravske Toplice,142,143.39,1145.0,8.06338028169014,7.98521320989859
2007,SVN.9.15_1,Murska Sobota,68,65.8851,1927.0,28.33823529411765,29.247877681860018
2007,SVN.9.16_1,Odranci,8,7.8191,120.0,15.0,15.346980944769847
2007,SVN.9.17_1,Puconci,108,106.0635,932.0,8.62962962962963,8.78719075131152
2007,SVN.9.18_1,Radenci,35,33.8123,587.0,16.771428571428572,17.360552534476152
2007,SVN.9.19_1,Razkrižje,6,6.9318,61.0,10.166666666666666,8.800018497185736
2007,SVN.9.20_1,Rogašovci,31,31.9244,248.0,8.0,7.768358753535857
2007,SVN.9.21_1,Šalovci,53,50.5578,331.0,6.245283018867925,6.546958169922888
2007,SVN.9.22_1,Sveti Jurij,48,51.1951,394.0,8.208333333333334,7.696049281874549
2007,SVN.9.23_1,Tišina,33,35.3877,457.0,13.848484848484848,12.914096748182084
2007,SVN.9.24_1,Turnišče,20,22.9794,221.0,11.05,9.617289607847786
2007,SVN.9.25_1,Velika Polana,24,24.1079,240.0,10.0,9.955250233022124
2007,SVN.9.26_1,Veržej,12,11.769,169.0,14.083333333333334,14.359731267327271
2007,SVN.10.1_1,Bistrica ob Sotli,61,56.0788,597.0,9.78688524590164,10.645743317293272
2007,SVN.10.2_1,Braslovce,58,55.9005,688.0,11.862068965517242,12.307583740991308
2007,SVN.10.3_1,Celje,96,96.8336,3242.0,33.770833333333336,33.48012442876442
2007,SVN.10.4_1,Dobje,17,17.4869,159.0,9.352941176470589,9.0925242226023
2007,SVN.10.5_1,Dobrna,33,32.2669,363.0,11.0,11.249916508737773
2007,SVN.10.6_1,Gornji Grad,90,91.0047,431.0,4.788888888888889,4.736018426040854
2007,SVN.10.7_1,Kozje,87,88.5434,697.0,8.011494252873563,7.871848151783574
2007,SVN.10.8_1,Laško,205,201.4876,1920.0,9.365853658536585,9.529123763716628
2007,SVN.10.9_1,Ljubno,79,79.362,391.0,4.949367088607595,4.926793007731647
2007,SVN.10.10_1,Luce,112,110.3298,92.0,0.8214285714285714,0.8338631944598196
2007,SVN.10.11_1,Mozirje,83,84.7599,836.0,10.072289156626505,9.863152272703314
2007,SVN.10.12_1,Nazarje,44,43.6766,325.0,7.386363636363637,7.441061547948514
2007,SVN.10.13_1,Podcetrtek,30,29.5669,310.0,10.333333333333334,10.48470712112258
2007,SVN.10.14_1,Polzela,33,34.477,537.0,16.272727272727273,15.575596570262265
2007,SVN.10.15_1,Prebold,42,41.0779,553.0,13.166666666666666,13.462232257440261
2007,SVN.10.16_1,Radece,53,52.1379,479.0,9.037735849056604,9.187171448830346
2007,SVN.10.17_1,Rogaška Slatina,68,70.8401,1287.0,18.926470588235293,18.16768581132712
2007,SVN.10.18_1,Rogatec,43,46.8711,581.0,13.511627906976743,12.395709234865132
2007,SVN.10.19_1,Šentjur pri Celju,224,223.8178,2511.0,11.209821428571429,11.218948149900731
2007,SVN.10.20_1,Slovenske Konjice,98,98.3364,1501.0,15.316326530612244,15.263927254437343
2007,SVN.10.21_1,Šmarje pri Jelšah,112,109.0515,1175.0,10.491071428571429,10.774726054424699
2007,SVN.10.22_1,Šmartno ob Paki,17,17.0321,244.0,14.352941176470589,14.325854373550236
2007,SVN.10.23_1,Solcava,94,98.1425,78.0,0.8297872340425532,0.7947631009871784
2007,SVN.10.24_1,Šoštanj,99,96.868,1318.0,13.313131313131313,13.606137982961048
2007,SVN.10.25_1,Štore,29,28.5396,472.0,16.275862068965516,16.538422933421487
2007,SVN.10.26_1,Tabor,34,33.8269,258.0,7.588235294117647,7.627068649920066
2007,SVN.10.27_1,Velenje,83,84.3401,2059.0,24.80722891566265,24.41307368214473
2007,SVN.10.28_1,Vitanje,59,60.4406,319.0,5.406779661016949,5.277912940292869
2007,SVN.10.29_1,Vojnik,80,76.9489,1159.0,14.4875,15.06195021183196
2007,SVN.10.30_1,Vransko,52,54.1537,548.0,10.538461538461538,10.119345960841382
2007,SVN.10.31_1,Žalec,117,117.1442,2225.0,19.017094017094017,18.993692580072842
2007,SVN.10.32_1,Zrece,62,65.8808,872.0,14.064516129032258,13.236027389121476
2007,SVN.11.1_1,Brežice,248,245.6913,4224.0,17.032258064516128,17.19230637923347
2007,SVN.11.2_1,Krško,340,340.9379,4807.0,14.138235294117647,14.099343491031624
2007,SVN.11.3_1,Sevnica,280,278.6841,2186.0,7.807142857142857,7.844006538709698
2007,SVN.12.1_1,Hrastnik,56,58.2381,939.0,16.767857142857142,16.12346680920171
2007,SVN.12.2_1,Trbovlje,60,57.9159,1195.0,19.916666666666668,20.63337181750513
2007,SVN.12.3_1,Zagorje ob Savi,145,147.3849,1690.0,11.655172413793103,11.466577329630988
2008,SVN.1.1_1,Bled,187,187.7102,1844.0,9.86096256684492,9.823655936953498
2008,SVN.1.2_1,Bohinj,331,330.4201,785.0,2.3716012084592144,2.3757631986150414
2008,SVN.1.3_1,Cerklje na Gorenjskem,74,77.1957,1394.0,18.83783783783784,18.05799785210077
2008,SVN.1.4_1,Gorenja Vas-Poljane,152,151.5701,930.0,6.118421052631579,6.135773558193345
2008,SVN.1.5_1,Jesenice,75,74.7956,1849.0,24.653333333333332,24.72069082881594
2008,SVN.1.6_1,Jezersko,73,70.5865,0.0,0.0,0.0
2008,SVN.1.7_1,Kranj,146,145.7396,3707.0,25.39041095890411,25.435775601466915
2008,SVN.1.8_1,Kranjska Gora,244,249.6461,1713.0,7.020491803278689,6.861714714720597
2008,SVN.1.9_1,Naklo,28,27.6347,608.0,21.714285714285715,22.001317565119717
2008,SVN.1.10_1,Preddvor,88,86.0439,570.0,6.4772727272727275,6.624527444836702
2008,SVN.1.11_1,Radovljica,117,116.9011,2040.0,17.435897435897434,17.450654388970598
2008,SVN.1.12_1,Šenčur,46,42.6248,1377.0,29.934782608695652,32.305123141766586
2008,SVN.1.13_1,Škofja Loka,145,144.4252,2104.0,14.510344827586207,14.568096802904243
2008,SVN.1.14_1,Tržič,157,156.9897,1344.0,8.560509554140127,8.561073093997916
2008,SVN.1.15_1,Železniki,163,163.136,667.0,4.0920245398773005,4.0886127436880955
2008,SVN.1.16_1,Žiri,51,49.568,444.0,8.705882352941176,8.957391812827636
2008,SVN.1.17_1,Žirovnica,42,42.0999,634.0,15.095238095238095,15.05943505182019
2008,SVN.2.1_1,Ajdovščina,241,240.3435,1676.0,6.954356846473029,6.973353639373941
2008,SVN.2.2_1,Bovec,383,382.1081,251.0,0.6553524804177546,0.6568821392796063
2008,SVN.2.3_1,Brda,62,61.2313,750.0,12.096774193548388,12.248643897583651
2008,SVN.2.4_1,Cerkno,130,131.479,696.0,5.3538461538461535,5.293619282649545
2008,SVN.2.5_1,Idrija,292,295.2119,1139.0,3.9006849315068495,3.85824519895224
2008,SVN.2.6_1,Kanal,129,132.6271,967.0,7.496124031007752,7.29112036731906
2008,SVN.2.7_1,Kobarid,188,190.1235,399.0,2.122340425531915,2.0986359907195293
2008,SVN.2.8_1,Miren-Kostanjevica,49,46.6248,549.0,11.204081632653061,11.774858266527051
2008,SVN.2.9_1,Nova Gorica,295,297.6162,2757.0,9.345762711864406,9.263609515899942
2008,SVN.2.10_1,Šempeter-Vrtojba,7,7.7338,269.0,38.42857142857143,34.782324858522756
2008,SVN.2.11_1,Tolmin,385,384.2645,691.0,1.7948051948051948,1.7982405134896646
2008,SVN.2.12_1,Vipava,112,108.4008,729.0,6.508928571428571,6.725039940890271
2008,SVN.3.1_1,Crnomelj,335,330.8646,1308.0,3.9044776119402984,3.9532786401037807
2008,SVN.3.2_1,Dolenjske Toplice,112,111.0355,209.0,1.8660714285714286,1.8822800964484951
2008,SVN.3.3_1,Kocevje,543,545.407,1698.0,3.1270718232044197,3.113271190083703
2008,SVN.3.4_1,Kostel,37,35.6858,67.0,1.8108108108108107,1.8774974828738857
2008,SVN.3.5_1,Loški Potok,124,123.4977,455.0,3.6693548387096775,3.6842795109923907
2008,SVN.3.6_1,Metlika,111,113.0004,1129.0,10.17117117117117,9.99111333480297
2008,SVN.3.7_1,Mirna Pec,50,48.1712,389.0,7.78,8.075365423601525
2008,SVN.3.8_1,Novo Mesto,296,300.285,4087.0,13.807432432432432,13.61040351599227
2008,SVN.3.9_1,Osilnica,32,31.0875,53.0,1.65625,1.704863055263711
2008,SVN.3.10_1,Ribnica,160,155.756,1374.0,8.5875,8.821488770896517
2008,SVN.3.11_1,Semic,149,148.9731,395.0,2.651006711409396,2.651484831033773
2008,SVN.3.12_1,Šentjernej,100,100.1929,908.0,9.08,9.062515170478747
2008,SVN.3.13_1,Škocjan,63,61.2852,579.0,9.19047619047619,9.447636700787092
2008,SVN.3.14_1,Sodražica,50,49.9829,424.0,8.48,8.482895631156147
2008,SVN.3.15_1,Trebnje,311,317.9015,2575.0,8.279742765273312,8.099992694331572
2008,SVN.3.16_1,Žužemberk,168,162.6138,685.0,4.0773809523809526,4.212434300126057
2008,SVN.4.1_1,Črna na Koroškem,155,152.0071,367.0,2.367741935483871,2.414360597547388
2008,SVN.4.2_1,Dravograd,100,101.2156,1065.0,10.65,10.522093053495503
2008,SVN.4.3_1,Mežica,26,25.1048,323.0,12.423076923076923,12.866046356870493
2008,SVN.4.4_1,Mislinja,113,113.4849,584.0,5.168141592920354,5.146059312950248
2008,SVN.4.5_1,Muta,38,37.5131,365.0,9.605263157894736,9.729937535471473
2008,SVN.4.6_1,Podvelka,109,106.5864,410.0,3.761467889908257,3.8466450363600733
2008,SVN.4.7_1,Prevalje,49,53.1459,643.0,13.122448979591837,12.098762702729656
2008,SVN.4.8_1,Radlje ob Dravi,92,93.2679,651.0,7.076086956521739,6.97989350469668
2008,SVN.4.9_1,Ravne na Koroškem,65,64.9398,956.0,14.707692307692307,14.721316198406313
2008,SVN.4.10_1,Ribnica na Pohorju,60,59.5312,261.0,4.35,4.384252382674586
2008,SVN.4.11_1,Slovenj Gradec,181,175.7583,2140.0,11.823204419889503,12.175810285387744
2008,SVN.4.12_1,Vuzenica,49,49.955,335.0,6.836734693877551,6.706033050158987
2008,SVN.5.1_1,Bloke,74,75.5663,284.0,3.8378378378378377,3.7582904834965047
2008,SVN.5.2_1,Cerknica,245,243.7275,1041.0,4.248979591836735,4.271163760755816
2008,SVN.5.3_1,Ilirska Bistrica,474,469.8196,2222.0,4.687763713080169,4.729474877208145
2008,SVN.5.4_1,Loška Dolina,166,166.6122,356.0,2.144578313253012,2.1366982322406995
2008,SVN.5.5_1,Pivka,225,224.9807,888.0,3.9466666666666668,3.947006084123104
2008,SVN.5.6_1,Postojna,272,271.1278,2052.0,7.544117647058823,7.568387095786119
2008,SVN.6.1_1,Divaca,144,147.4596,893.0,6.201388888888889,6.055897582818191
2008,SVN.6.2_1,Hrpelje-Kozina,187,185.866,1020.0,5.454545454545454,5.487824788023453
2008,SVN.6.3_1,Izola,26,24.2792,787.0,30.26923076923077,32.41453947359379
2008,SVN.6.4_1,Komen,94,90.9951,793.0,8.436170212765957,8.714754146284399
2008,SVN.6.5_1,Koper,290,291.0771,4892.0,16.868965517241378,16.80654153505178
2008,SVN.6.6_1,Piran,28,27.7566,705.0,25.178571428571427,25.399323076273912
2008,SVN.6.7_1,Sežana,177,177.7348,2147.0,12.129943502824858,12.079797703418853
2008,SVN.7.1_1,Borovnica,40,42.2423,310.0,7.75,7.338614715935721
2008,SVN.7.2_1,Brezovica,88,89.8349,1195.0,13.579545454545455,13.302174431162914
2008,SVN.7.3_1,Dobrepolje,93,95.3671,468.0,5.032258064516129,4.90735521959842
2008,SVN.7.4_1,Dobrova-Polhov Gradec,111,117.3249,1370.0,12.342342342342342,11.676974956526422
2008,SVN.7.5_1,Dol pri Ljubljani,36,33.5133,797.0,22.13888888888889,23.781618972966076
2008,SVN.7.6_1,Domžale,73,71.6483,2735.0,37.465753424657535,38.17259565387594
2008,SVN.7.7_1,Grosuplje,136,134.7405,2200.0,16.176470588235293,16.327680449964003
2008,SVN.7.8_1,Horjul,33,32.6953,455.0,13.787878787878787,13.916373962485121
2008,SVN.7.9_1,Ig,103,99.6528,1096.0,10.640776699029127,10.998180386705362
2008,SVN.7.10_1,Ivancna Gorica,231,229.5426,1709.0,7.3982683982683985,7.445241561787046
2008,SVN.7.11_1,Kamnik,262,264.6744,2346.0,8.954198473282442,8.863719387376644
2008,SVN.7.12_1,Komenda,25,24.2478,538.0,21.52,22.187599457801777
2008,SVN.7.13_1,Litija,320,319.2343,1691.0,5.284375,5.29705036792762
2008,SVN.7.14_1,Ljubljana,275,276.4294,11305.0,41.10909090909091,40.89651638859911
2008,SVN.7.15_1,Logatec,173,172.2888,1423.0,8.22543352601156,8.25938867865373
2008,SVN.7.16_1,Lukovica,75,75.1131,1125.0,15.0,14.977414876837862
2008,SVN.7.17_1,Medvode,75,76.3493,1877.0,25.026666666666667,24.58436298963271
2008,SVN.7.18_1,Mengeš,22,21.4582,858.0,39.0,39.98469601447561
2008,SVN.7.19_1,Moravce,60,61.357,640.0,10.666666666666666,10.43075094673076
2008,SVN.7.20_1,Škofljica,39,41.8098,1052.0,26.974358974358974,25.16157882988809
2008,SVN.7.21_1,Trzin,8,8.5875,421.0,52.625,49.02472970373821
2008,SVN.7.22_1,Velike Lašče,103,102.246,691.0,6.70873786407767,6.758211805777289
2008,SVN.7.23_1,Vodice,34,32.1413,768.0,22.58823529411765,23.894485464894373
2008,SVN.7.24_1,Vrhnika,128,123.5543,1816.0,14.1875,14.697994746809059
2008,SVN.8.1_1,Benedikt,24,23.6001,270.0,11.25,11.440632759156056
2008,SVN.8.2_1,Cerkvenjak,21,23.3141,177.0,8.428571428571429,7.591977538094606
2008,SVN.8.3_1,Destrnik,35,34.9829,441.0,12.6,12.606158357893845
2008,SVN.8.4_1,Dornava,25,27.7855,282.0,11.28,10.149167873789679
2008,SVN.8.5_1,Duplek,35,36.6236,672.0,19.2,18.348837486024333
2008,SVN.8.6_1,Gorišnica,62,58.8136,835.0,13.46774193548387,14.197405080827137
2008,SVN.8.7_1,Hajdina,23,22.2098,602.0,26.17391304347826,27.10521163296772
2008,SVN.8.8_1,Hoce-Slivnica,54,53.0168,1823.0,33.75925925925926,34.38533207468268
2008,SVN.8.9_1,Juršinci,39,36.4549,329.0,8.435897435897436,9.024839720314668
2008,SVN.8.10_1,Kidricevo,72,72.2552,1294.0,17.97222222222222,17.90874148348504
2008,SVN.8.11_1,Kungota,49,49.2311,763.0,15.571428571428571,15.498341595633603
2008,SVN.8.12_1,Lenart,119,118.6381,1635.0,13.739495798319327,13.781407709778033
2008,SVN.8.13_1,Lovrenc na Pohorju,88,84.3319,450.0,5.113636363636363,5.336056782819352
2008,SVN.8.14_1,Majšperk,76,73.049,463.0,6.092105263157895,6.338208153800849
2008,SVN.8.15_1,Maribor,148,148.2768,5620.0,37.972972972972975,37.902088883716175
2008,SVN.8.16_1,Markovci,32,30.1473,557.0,17.40625,18.47592970218619
2008,SVN.8.17_1,Miklavž na Dravskem Polju,15,12.6428,417.0,27.8,32.98313619375954
2008,SVN.8.18_1,Oplotnica,33,33.4925,521.0,15.787878787878787,15.555717200492825
2008,SVN.8.19_1,Ormož,202,203.3344,2154.0,10.663366336633663,10.593389644456565
2008,SVN.8.20_1,Pesnica,75,74.2044,1334.0,17.786666666666665,17.977378077229368
2008,SVN.8.21_1,Podlehnik,50,50.6164,414.0,8.28,8.17916396125942
2008,SVN.8.22_1,Ptuj,69,65.9821,1879.0,27.231884057971016,28.4774151907008
2008,SVN.8.23_1,Race-Fram,49,50.2968,930.0,18.979591836734695,18.49024025947038
2008,SVN.8.24_1,Ruše,58,59.7856,591.0,10.189655172413794,9.88531672788529
2008,SVN.8.25_1,Selnica ob Dravi,61,61.063,783.0,12.836065573770492,12.822813052579288
2008,SVN.8.26_1,Šentilj,57,59.2267,1105.0,19.385964912280702,18.657136827650938
2008,SVN.8.27_1,Slovenska Bistrica,335,335.0452,3688.0,11.008955223880598,11.007471621812257
2008,SVN.8.28_1,Starše,33,34.3011,526.0,15.93939393939394,15.334787764218873
2008,SVN.8.29_1,Sveta Ana,40,38.4319,413.0,10.325,10.746283836329846
2008,SVN.8.30_1,Sveti Andraž v Slovenskih Gorica,17,17.2853,127.0,7.470588235294118,7.347295133422524
2008,SVN.8.31_1,Trnovska Vas,22,22.4787,211.0,9.590909090909092,9.386676548029097
2008,SVN.8.32_1,Videm,72,70.8118,825.0,11.458333333333334,11.650602551419318
2008,SVN.8.33_1,Zavrc,12,12.6615,138.0,11.5,10.899145438766253
2008,SVN.8.34_1,Žetale,36,36.6322,189.0,5.25,5.159389087925126
2008,SVN.9.1_1,Beltinci,63,62.0632,929.0,14.746031746031745,14.968623709214793
2008,SVN.9.2_1,Cankova,26,26.5785,260.0,10.0,9.782357061287076
2008,SVN.9.3_1,Črenšovci,32,31.9352,436.0,13.625,13.652632858806424
2008,SVN.9.4_1,Dobrovnik,33,34.006,279.0,8.454545454545455,8.20442996979632
2008,SVN.9.5_1,Gornja Radgona,122,120.5406,1390.0,11.39344262295082,11.53138375824666
2008,SVN.9.6_1,Gornji Petrovci,63,63.9394,372.0,5.904761904761905,5.8180073359956515
2008,SVN.9.7_1,Grad,40,36.7113,268.0,6.7,7.30021354442833
2008,SVN.9.8_1,Hodoš,22,23.8037,235.0,10.681818181818182,9.872414095339458
2008,SVN.9.9_1,Kobilje,19,19.2954,0.0,0.0,0.0
2008,SVN.9.10_1,Križevci,47,47.0896,550.0,11.702127659574469,11.679865545406148
2008,SVN.9.11_1,Kuzma,17,17.095,127.0,7.470588235294118,7.429084284486525
2008,SVN.9.12_1,Lendava,108,110.1086,1682.0,15.574074074074074,15.275827211587707
2008,SVN.9.13_1,Ljutomer,111,108.5309,1204.0,10.846846846846846,11.093615454650498
2008,SVN.9.14_1,Moravske Toplice,142,143.39,939.0,6.612676056338028,6.54857223065046
2008,SVN.9.15_1,Murska Sobota,68,65.8851,1927.0,28.33823529411765,29.247877681860018
2008,SVN.9.16_1,Odranci,8,7.8191,120.0,15.0,15.346980944769847
2008,SVN.9.17_1,Puconci,108,106.0635,871.0,8.064814814814815,8.212063459648428
2008,SVN.9.18_1,Radenci,35,33.8123,587.0,16.771428571428572,17.360552534476152
2008,SVN.9.19_1,Razkrižje,6,6.9318,61.0,10.166666666666666,8.800018497185736
2008,SVN.9.20_1,Rogašovci,31,31.9244,241.0,7.774193548387097,7.549090562911861
2008,SVN.9.21_1,Šalovci,53,50.5578,221.0,4.169811320754717,4.371231889888092
2008,SVN.9.22_1,Sveti Jurij,48,51.1951,396.0,8.25,7.735115521884064
2008,SVN.9.23_1,Tišina,33,35.3877,457.0,13.848484848484848,12.914096748182084
2008,SVN.9.24_1,Turnišče,20,22.9794,221.0,11.05,9.617289607847786
2008,SVN.9.25_1,Velika Polana,24,24.1079,240.0,10.0,9.955250233022124
2008,SVN.9.26_1,Veržej,12,11.769,169.0,14.083333333333334,14.359731267327271
2008,SVN.10.1_1,Bistrica ob Sotli,61,56.0788,597.0,9.78688524590164,10.645743317293272
2008,SVN.10.2_1,Braslovce,58,55.9005,688.0,11.862068965517242,12.307583740991308
2008,SVN.10.3_1,Celje,96,96.8336,3242.0,33.770833333333336,33.48012442876442
2008,SVN.10.4_1,Dobje,17,17.4869,159.0,9.352941176470589,9.0925242226023
2008,SVN.10.5_1,Dobrna,33,32.2669,339.0,10.272727272727273,10.506120375928663
2008,SVN.10.6_1,Gornji Grad,90,91.0047,361.0,4.011111111111111,3.966827498377606
2008,SVN.10.7_1,Kozje,87,88.5434,615.0,7.068965517241379,6.945748369220801
2008,SVN.10.8_1,Laško,205,201.4876,1849.0,9.019512195121951,9.176744707870858
2008,SVN.10.9_1,Ljubno,79,79.362,280.0,3.5443037974683542,3.5281382152554
2008,SVN.10.10_1,Luce,112,110.3298,107.0,0.9553571428571429,0.9698191500782684
2008,SVN.10.11_1,Mozirje,83,84.7599,796.0,9.590361445783133,9.391231111329951
2008,SVN.10.12_1,Nazarje,44,43.6766,320.0,7.2727272727272725,7.326583677980075
2008,SVN.10.13_1,Podcetrtek,30,29.5669,310.0,10.333333333333334,10.48470712112258
2008,SVN.10.14_1,Polzela,33,34.477,537.0,16.272727272727273,15.575596570262265
2008,SVN.10.15_1,Prebold,42,41.0779,553.0,13.166666666666666,13.462232257440261
2008,SVN.10.16_1,Radece,53,52.1379,480.0,9.056603773584905,9.20635134747091
2008,SVN.10.17_1,Rogaška Slatina,68,70.8401,1277.0,18.779411764705884,18.02652275141005
2008,SVN.10.18_1,Rogatec,43,46.8711,582.0,13.534883720930232,12.417044362635984
2008,SVN.10.19_1,Šentjur pri Celju,224,223.8178,2498.0,11.151785714285714,11.160865184568708
2008,SVN.10.20_1,Slovenske Konjice,98,98.3364,1501.0,15.316326530612244,15.263927254437343
2008,SVN.10.21_1,Šmarje pri Jelšah,112,109.0515,1175.0,10.491071428571429,10.774726054424699
2008,SVN.10.22_1,Šmartno ob Paki,17,17.0321,244.0,14.352941176470589,14.325854373550236
2008,SVN.10.23_1,Solcava,94,98.1425,0.0,0.0,0.0
2008,SVN.10.24_1,Šoštanj,99,96.868,1277.0,12.8989898989899,13.182881793809756
2008,SVN.10.25_1,Štore,29,28.5396,472.0,16.275862068965516,16.538422933421487
2008,SVN.10.26_1,Tabor,34,33.8269,227.0,6.676470588235294,6.710637920666104
2008,SVN.10.27_1,Velenje,83,84.3401,2059.0,24.80722891566265,24.41307368214473
2008,SVN.10.28_1,Vitanje,59,60.4406,232.0,3.9322033898305087,3.8384821383948142
2008,SVN.10.29_1,Vojnik,80,76.9489,1159.0,14.4875,15.06195021183196
2008,SVN.10.30_1,Vransko,52,54.1537,511.0,9.826923076923077,9.436105448886764
2008,SVN.10.31_1,Žalec,117,117.1442,2225.0,19.017094017094017,18.993692580072842
2008,SVN.10.32_1,Zrece,62,65.8808,849.0,13.693548387096774,12.886911987802904
2008,SVN.11.1_1,Brežice,248,245.6913,4217.0,17.004032258064516,17.163815341199705
2008,SVN.11.2_1,Krško,340,340.9379,4735.0,13.926470588235293,13.888161312676251
2008,SVN.11.3_1,Sevnica,280,278.6841,1916.0,6.8428571428571425,6.875167670708043
2008,SVN.12.1_1,Hrastnik,56,58.2381,939.0,16.767857142857142,16.12346680920171
2008,SVN.12.2_1,Trbovlje,60,57.9159,1195.0,19.916666666666668,20.63337181750513
2008,SVN.12.3_1,Zagorje ob Savi,145,147.3849,1670.0,11.517241379310345,11.330878189635355
2009,SVN.1.1_1,Bled,187,187.7102,1979.0,10.582887700534759,10.542849836893152
2009,SVN.1.2_1,Bohinj,331,330.4201,827.0,2.498489425981873,2.5028740958657827
2009,SVN.1.3_1,Cerklje na Gorenjskem,74,77.1957,1401.0,18.93243243243243,18.148676463983627
2009,SVN.1.4_1,Gorenja Vas-Poljane,152,151.5701,973.0,6.401315789473684,6.419470615185081
2009,SVN.1.5_1,Jesenice,75,74.7956,1861.0,24.813333333333333,24.88112797859733
2009,SVN.1.6_1,Jezersko,73,70.5865,0.0,0.0,0.0
2009,SVN.1.7_1,Kranj,146,145.7396,3832.0,26.246575342465754,26.293469680286275
2009,SVN.1.8_1,Kranjska Gora,244,249.6461,1781.0,7.299180327868853,7.134100354300865
2009,SVN.1.9_1,Naklo,28,27.6347,614.0,21.928571428571427,22.218435830564978
2009,SVN.1.10_1,Preddvor,88,86.0439,577.0,6.556818181818182,6.705881290650486
2009,SVN.1.11_1,Radovljica,117,116.9011,2070.0,17.692307692307693,17.707281659396635
2009,SVN.1.12_1,Šenčur,46,42.6248,1465.0,31.847826086956523,34.36964807747861
2009,SVN.1.13_1,Škofja Loka,145,144.4252,2230.0,15.379310344827585,15.440520850986912
2009,SVN.1.14_1,Tržič,157,156.9897,1361.0,8.668789808917197,8.669360476883307
2009,SVN.1.15_1,Železniki,163,163.136,676.0,4.147239263803681,4.143781431384037
2009,SVN.1.16_1,Žiri,51,49.568,465.0,9.117647058823529,9.381052236407323
2009,SVN.1.17_1,Žirovnica,42,42.0999,634.0,15.095238095238095,15.05943505182019
2009,SVN.2.1_1,Ajdovščina,241,240.3435,1762.0,7.3112033195020745,7.331174888172365
2009,SVN.2.2_1,Bovec,383,382.1081,293.0,0.7650130548302873,0.7667986725455165
2009,SVN.2.3_1,Brda,62,61.2313,761.0,12.274193548387096,12.428290674748212
2009,SVN.2.4_1,Cerkno,130,131.479,715.0,5.5,5.438129004446012
2009,SVN.2.5_1,Idrija,292,295.2119,1238.0,4.239726027397261,4.193597503338783
2009,SVN.2.6_1,Kanal,129,132.6271,1018.0,7.891472868217054,7.675657222265567
2009,SVN.2.7_1,Kobarid,188,190.1235,409.0,2.175531914893617,2.151233383970645
2009,SVN.2.8_1,Miren-Kostanjevica,49,46.6248,557.0,11.36734693877551,11.946440900647664
2009,SVN.2.9_1,Nova Gorica,295,297.6162,2854.0,9.67457627118644,9.589532665353078
2009,SVN.2.10_1,Šempeter-Vrtojba,7,7.7338,269.0,38.42857142857143,34.782324858522756
2009,SVN.2.11_1,Tolmin,385,384.2645,725.0,1.8831168831168832,1.8867212334008783
2009,SVN.2.12_1,Vipava,112,108.4008,763.0,6.8125,7.038690637721917
2009,SVN.3.1_1,Crnomelj,335,330.8646,1367.0,4.080597014925373,4.13159931270785
2009,SVN.3.2_1,Dolenjske Toplice,112,111.0355,197.0,1.7589285714285714,1.7742065980878161
2009,SVN.3.3_1,Kocevje,543,545.407,1749.0,3.2209944751381214,3.206779335368903
2009,SVN.3.4_1,Kostel,37,35.6858,67.0,1.8108108108108107,1.8774974828738857
2009,SVN.3.5_1,Loški Potok,124,123.4977,516.0,4.161290322580645,4.178215884993568
2009,SVN.3.6_1,Metlika,111,113.0004,1174.0,10.576576576576576,10.389341944250386
2009,SVN.3.7_1,Mirna Pec,50,48.1712,394.0,7.88,8.179161894341904
2009,SVN.3.8_1,Novo Mesto,296,300.285,4406.0,14.885135135135135,14.672727646552957
2009,SVN.3.9_1,Osilnica,32,31.0875,54.0,1.6875,1.7370302827215167
2009,SVN.3.10_1,Ribnica,160,155.756,1417.0,8.85625,9.097561563581051
2009,SVN.3.11_1,Semic,149,148.9731,408.0,2.738255033557047,2.7387488887639986
2009,SVN.3.12_1,Šentjernej,100,100.1929,1026.0,10.26,10.240242912897791
2009,SVN.3.13_1,Škocjan,63,61.2852,606.0,9.619047619047619,9.888200070253847
2009,SVN.3.14_1,Sodražica,50,49.9829,443.0,8.86,8.863025388212673
2009,SVN.3.15_1,Trebnje,311,317.9015,2692.0,8.655948553054662,8.468031197336153
2009,SVN.3.16_1,Žužemberk,168,162.6138,689.0,4.101190476190476,4.237032456623144
2009,SVN.4.1_1,Črna na Koroškem,155,152.0071,388.0,2.503225806451613,2.5525120213852492
2009,SVN.4.2_1,Dravograd,100,101.2156,1084.0,10.84,10.709811145529695
2009,SVN.4.3_1,Mežica,26,25.1048,329.0,12.653846153846153,13.105044122013599
2009,SVN.4.4_1,Mislinja,113,113.4849,599.0,5.300884955752212,5.2782354939335585
2009,SVN.4.5_1,Muta,38,37.5131,358.0,9.421052631578947,9.543335993695306
2009,SVN.4.6_1,Podvelka,109,106.5864,454.0,4.165137614678899,4.259455723188959
2009,SVN.4.7_1,Prevalje,49,53.1459,679.0,13.857142857142858,12.776142885153089
2009,SVN.4.8_1,Radlje ob Dravi,92,93.2679,696.0,7.565217391304348,7.462374622532856
2009,SVN.4.9_1,Ravne na Koroškem,65,64.9398,1018.0,15.661538461538461,15.676045910018438
2009,SVN.4.10_1,Ribnica na Pohorju,60,59.5312,299.0,4.983333333333333,5.022572652949047
2009,SVN.4.11_1,Slovenj Gradec,181,175.7583,2226.0,12.298342541436464,12.665118549193044
2009,SVN.4.12_1,Vuzenica,49,49.955,389.0,7.938775510204081,7.787005541826406
2009,SVN.5.1_1,Bloke,74,75.5663,307.0,4.148648648648648,4.06265907899094
2009,SVN.5.2_1,Cerknica,245,243.7275,1264.0,5.159183673469387,5.186120070696783
2009,SVN.5.3_1,Ilirska Bistrica,474,469.8196,2267.0,4.782700421940929,4.825256321616051
2009,SVN.5.4_1,Loška Dolina,166,166.6122,440.0,2.6506024096385543,2.64086298366828
2009,SVN.5.5_1,Pivka,225,224.9807,920.0,4.088888888888889,4.089240537605018
2009,SVN.5.6_1,Postojna,272,271.1278,2140.0,7.867647058823529,7.892957302622951
2009,SVN.6.1_1,Divaca,144,147.4596,957.0,6.645833333333333,6.489914878787244
2009,SVN.6.2_1,Hrpelje-Kozina,187,185.866,1132.0,6.053475935828877,6.09040947062995
2009,SVN.6.3_1,Izola,26,24.2792,800.0,30.76923076923077,32.94997659323384
2009,SVN.6.4_1,Komen,94,90.9951,793.0,8.436170212765957,8.714754146284399
2009,SVN.6.5_1,Koper,290,291.0771,4985.0,17.189655172413794,17.126044471020673
2009,SVN.6.6_1,Piran,28,27.7566,706.0,25.214285714285715,25.43535048489274
2009,SVN.6.7_1,Sežana,177,177.7348,2195.0,12.401129943502825,12.349863045647126
2009,SVN.7.1_1,Borovnica,40,42.2423,311.0,7.775,7.362287666632288
2009,SVN.7.2_1,Brezovica,88,89.8349,1233.0,14.011363636363637,13.725172446547175
2009,SVN.7.3_1,Dobrepolje,93,95.3671,469.0,5.043010752688172,4.917841021349699
2009,SVN.7.4_1,Dobrova-Polhov Gradec,111,117.3249,1383.0,12.45945945945946,11.787778368522659
2009,SVN.7.5_1,Dol pri Ljubljani,36,33.5133,797.0,22.13888888888889,23.781618972966076
2009,SVN.7.6_1,Domžale,73,71.6483,2740.0,37.534246575342465,38.242381020702034
2009,SVN.7.7_1,Grosuplje,136,134.7405,2280.0,16.764705882352942,16.92141428450815
2009,SVN.7.8_1,Horjul,33,32.6953,456.0,13.818181818181818,13.946959399765309
2009,SVN.7.9_1,Ig,103,99.6528,1223.0,11.87378640776699,12.272604573850966
2009,SVN.7.10_1,Ivancna Gorica,231,229.5426,1799.0,7.787878787878788,7.837325669780514
2009,SVN.7.11_1,Kamnik,262,264.6744,2381.0,9.087786259541986,8.995957315150806
2009,SVN.7.12_1,Komenda,25,24.2478,569.0,22.76,23.466067084552435
2009,SVN.7.13_1,Litija,320,319.2343,1778.0,5.55625,5.569577500990721
2009,SVN.7.14_1,Ljubljana,275,276.4294,11323.0,41.17454545454545,40.96163246953629
2009,SVN.7.15_1,Logatec,173,172.2888,1500.0,8.670520231213873,8.706312732242163
2009,SVN.7.16_1,Lukovica,75,75.1131,1137.0,15.16,15.137173968857468
2009,SVN.7.17_1,Medvode,75,76.3493,1888.0,25.173333333333332,24.72843757294968
2009,SVN.7.18_1,Mengeš,22,21.4582,858.0,39.0,39.98469601447561
2009,SVN.7.19_1,Moravce,60,61.357,654.0,10.9,10.658923623690495
2009,SVN.7.20_1,Škofljica,39,41.8098,1059.0,27.153846153846153,25.32900378407936
2009,SVN.7.21_1,Trzin,8,8.5875,421.0,52.625,49.02472970373821
2009,SVN.7.22_1,Velike Lašče,103,102.246,720.0,6.990291262135922,7.0418415342397225
2009,SVN.7.23_1,Vodice,34,32.1413,771.0,22.676470588235293,23.987823298741613
2009,SVN.7.24_1,Vrhnika,128,123.5543,1863.0,14.5546875,15.078394390586606
2009,SVN.8.1_1,Benedikt,24,23.6001,272.0,11.333333333333334,11.525378187001657
2009,SVN.8.2_1,Cerkvenjak,21,23.3141,217.0,10.333333333333334,9.30767867664706
2009,SVN.8.3_1,Destrnik,35,34.9829,443.0,12.657142857142857,12.663329144097446
2009,SVN.8.4_1,Dornava,25,27.7855,282.0,11.28,10.149167873789679
2009,SVN.8.5_1,Duplek,35,36.6236,675.0,19.285714285714285,18.430751939086942
2009,SVN.8.6_1,Gorišnica,62,58.8136,856.0,13.806451612903226,14.554465567889855
2009,SVN.8.7_1,Hajdina,23,22.2098,675.0,29.347826086956523,30.392056232978753
2009,SVN.8.8_1,Hoce-Slivnica,54,53.0168,1910.0,35.370370370370374,36.02632159223474
2009,SVN.8.9_1,Juršinci,39,36.4549,352.0,9.025641025641026,9.655755567023597
2009,SVN.8.10_1,Kidricevo,72,72.2552,1356.0,18.833333333333332,18.766811013605654
2009,SVN.8.11_1,Kungota,49,49.2311,789.0,16.102040816326532,16.026463327594904
2009,SVN.8.12_1,Lenart,119,118.6381,1759.0,14.781512605042018,14.826603156880466
2009,SVN.8.13_1,Lovrenc na Pohorju,88,84.3319,460.0,5.2272727272727275,5.4546358224375595
2009,SVN.8.14_1,Majšperk,76,73.049,539.0,7.092105263157895,7.378605172567296
2009,SVN.8.15_1,Maribor,148,148.2768,5702.0,38.527027027027025,38.4551086859341
2009,SVN.8.16_1,Markovci,32,30.1473,588.0,18.375,19.50421304288237
2009,SVN.8.17_1,Miklavž na Dravskem Polju,15,12.6428,454.0,30.266666666666666,35.90969743876938
2009,SVN.8.18_1,Oplotnica,33,33.4925,521.0,15.787878787878787,15.555717200492825
2009,SVN.8.19_1,Ormož,202,203.3344,2236.0,11.069306930693068,10.996666316158255
2009,SVN.8.20_1,Pesnica,75,74.2044,1429.0,19.053333333333335,19.257626141199975
2009,SVN.8.21_1,Podlehnik,50,50.6164,459.0,9.18,9.068203522265879
2009,SVN.8.22_1,Ptuj,69,65.9821,1909.0,27.666666666666668,28.93208387389453
2009,SVN.8.23_1,Race-Fram,49,50.2968,995.0,20.306122448979593,19.782568879755942
2009,SVN.8.24_1,Ruše,58,59.7856,656.0,11.310344827586206,10.972534303710235
2009,SVN.8.25_1,Selnica ob Dravi,61,61.063,788.0,12.918032786885245,12.90469563912194
2009,SVN.8.26_1,Šentilj,57,59.2267,1138.0,19.964912280701753,19.214318289472185
2009,SVN.8.27_1,Slovenska Bistrica,335,335.0452,3861.0,11.525373134328358,11.523819938128288
2009,SVN.8.28_1,Starše,33,34.3011,571.0,17.303030303030305,16.64669926496003
2009,SVN.8.29_1,Sveta Ana,40,38.4319,424.0,10.6,11.032504471195773
2009,SVN.8.30_1,Sveti Andraž v Slovenskih Gorica,17,17.2853,137.0,8.058823529411764,7.925822309282565
2009,SVN.8.31_1,Trnovska Vas,22,22.4787,222.0,10.090909090909092,9.87602935385052
2009,SVN.8.32_1,Videm,72,70.8118,999.0,13.875,14.107820544082301
2009,SVN.8.33_1,Zavrc,12,12.6615,146.0,12.166666666666666,11.5309799569556
2009,SVN.8.34_1,Žetale,36,36.6322,211.0,5.861111111111111,5.759952897101596
2009,SVN.9.1_1,Beltinci,63,62.0632,945.0,15.0,15.226425624551108
2009,SVN.9.2_1,Cankova,26,26.5785,274.0,10.538461538461538,10.30909936458715
2009,SVN.9.3_1,Črenšovci,32,31.9352,437.0,13.65625,13.683946236922953
2009,SVN.9.4_1,Dobrovnik,33,34.006,283.0,8.575757575757576,8.322056205922433
2009,SVN.9.5_1,Gornja Radgona,122,120.5406,1552.0,12.721311475409836,12.875329203452385
2009,SVN.9.6_1,Gornji Petrovci,63,63.9394,370.0,5.873015873015873,5.786727726662342
2009,SVN.9.7_1,Grad,40,36.7113,260.0,6.5,7.082296722206589
2009,SVN.9.8_1,Hodoš,22,23.8037,235.0,10.681818181818182,9.872414095339458
2009,SVN.9.9_1,Kobilje,19,19.2954,0.0,0.0,0.0
2009,SVN.9.10_1,Križevci,47,47.0896,567.0,12.063829787234043,12.040879571355065
2009,SVN.9.11_1,Kuzma,17,17.095,127.0,7.470588235294118,7.429084284486525
2009,SVN.9.12_1,Lendava,108,110.1086,1721.0,15.935185185185185,15.63002296738552
2009,SVN.9.13_1,Ljutomer,111,108.5309,1288.0,11.603603603603604,11.867588625905183
2009,SVN.9.14_1,Moravske Toplice,142,143.39,942.0,6.633802816901408,6.569494186658927
2009,SVN.9.15_1,Murska Sobota,68,65.8851,1985.0,29.191176470588236,30.128197819663797
2009,SVN.9.16_1,Odranci,8,7.8191,121.0,15.125,15.474872452642927
2009,SVN.9.17_1,Puconci,108,106.0635,856.0,7.925925925925926,8.070638715796846
2009,SVN.9.18_1,Radenci,35,33.8123,629.0,17.97142857142857,18.60270450457496
2009,SVN.9.19_1,Razkrižje,6,6.9318,62.0,10.333333333333334,8.944281095500257
2009,SVN.9.20_1,Rogašovci,31,31.9244,255.0,8.225806451612904,7.987626944159852
2009,SVN.9.21_1,Šalovci,53,50.5578,200.0,3.7735849056603774,3.9558659636996305
2009,SVN.9.22_1,Sveti Jurij,48,51.1951,502.0,10.458333333333334,9.805626242388385
2009,SVN.9.23_1,Tišina,33,35.3877,494.0,14.969696969696969,13.959658191689169
2009,SVN.9.24_1,Turnišče,20,22.9794,240.0,12.0,10.444115411237414
2009,SVN.9.25_1,Velika Polana,24,24.1079,244.0,10.166666666666666,10.121171070239159
2009,SVN.9.26_1,Veržej,12,11.769,171.0,14.25,14.529668915461324
2009,SVN.10.1_1,Bistrica ob Sotli,61,56.0788,613.0,10.049180327868852,10.931056371023075
2009,SVN.10.2_1,Braslovce,58,55.9005,735.0,12.672413793103448,13.148363444227634
2009,SVN.10.3_1,Celje,96,96.8336,3311.0,34.489583333333336,34.19268722505829
2009,SVN.10.4_1,Dobje,17,17.4869,159.0,9.352941176470589,9.0925242226023
2009,SVN.10.5_1,Dobrna,33,32.2669,333.0,10.090909090909092,10.320171342726386
2009,SVN.10.6_1,Gornji Grad,90,91.0047,378.0,4.2,4.153631009381538
2009,SVN.10.7_1,Kozje,87,88.5434,623.0,7.160919540229885,7.036099567519607
2009,SVN.10.8_1,Laško,205,201.4876,1838.0,8.965853658536586,9.12215076964123
2009,SVN.10.9_1,Ljubno,79,79.362,284.0,3.5949367088607596,3.5785401897590483
2009,SVN.10.10_1,Luce,112,110.3298,111.0,0.9910714285714286,1.0060740715765215
2009,SVN.10.11_1,Mozirje,83,84.7599,808.0,9.734939759036145,9.53280745974196
2009,SVN.10.12_1,Nazarje,44,43.6766,351.0,7.9772727272727275,8.036346471784395
2009,SVN.10.13_1,Podcetrtek,30,29.5669,315.0,10.5,10.653815300495527
2009,SVN.10.14_1,Polzela,33,34.477,560.0,16.96969696969697,16.242707782768843
2009,SVN.10.15_1,Prebold,42,41.0779,593.0,14.119047619047619,14.435992276061619
2009,SVN.10.16_1,Radece,53,52.1379,509.0,9.60377358490566,9.762568408047278
2009,SVN.10.17_1,Rogaška Slatina,68,70.8401,1323.0,19.455882352941178,18.67587282702858
2009,SVN.10.18_1,Rogatec,43,46.8711,581.0,13.511627906976743,12.395709234865132
2009,SVN.10.19_1,Šentjur pri Celju,224,223.8178,2588.0,11.553571428571429,11.562978021482714
2009,SVN.10.20_1,Slovenske Konjice,98,98.3364,1602.0,16.346938775510203,16.291013631984427
2009,SVN.10.21_1,Šmarje pri Jelšah,112,109.0515,1219.0,10.883928571428571,11.178205157739326
2009,SVN.10.22_1,Šmartno ob Paki,17,17.0321,249.0,14.647058823529411,14.619416963172167
2009,SVN.10.23_1,Solcava,94,98.1425,0.0,0.0,0.0
2009,SVN.10.24_1,Šoštanj,99,96.868,1292.0,13.05050505050505,13.33773161910901
2009,SVN.10.25_1,Štore,29,28.5396,543.0,18.724137931034484,19.02619417976243
2009,SVN.10.26_1,Tabor,34,33.8269,238.0,7.0,7.035823018143316
2009,SVN.10.27_1,Velenje,83,84.3401,2076.0,25.012048192771083,24.614638642123587
2009,SVN.10.28_1,Vitanje,59,60.4406,239.0,4.0508474576271185,3.954298409811899
2009,SVN.10.29_1,Vojnik,80,76.9489,1173.0,14.6625,15.243889213527947
2009,SVN.10.30_1,Vransko,52,54.1537,513.0,9.865384615384615,9.473037368451878
2009,SVN.10.31_1,Žalec,117,117.1442,2286.0,19.53846153846154,19.514418533953492
2009,SVN.10.32_1,Zrece,62,65.8808,865.0,13.951612903225806,13.129774875676693
2009,SVN.11.1_1,Brežice,248,245.6913,4355.0,17.56048387096774,17.72549580529398
2009,SVN.11.2_1,Krško,340,340.9379,4952.0,14.564705882352941,14.524640933552861
2009,SVN.11.3_1,Sevnica,280,278.6841,1988.0,7.1,7.133524702175151
2009,SVN.12.1_1,Hrastnik,56,58.2381,957.0,17.089285714285715,16.432542850272668
2009,SVN.12.2_1,Trbovlje,60,57.9159,1236.0,20.6,21.34129503467476
2009,SVN.12.3_1,Zagorje ob Savi,145,147.3849,1721.0,11.86896551724138,11.676910996624219
2010,SVN.1.1_1,Bled,187,187.7102,1886.0,10.085561497326204,10.047405150268057
2010,SVN.1.2_1,Bohinj,331,330.4201,882.0,2.6646525679758306,2.6693288422655623
2010,SVN.1.3_1,Cerklje na Gorenjskem,74,77.1957,1434.0,19.37837837837838,18.576161348574246
2010,SVN.1.4_1,Gorenja Vas-Poljane,152,151.5701,1150.0,7.565789473684211,7.587246873034783
2010,SVN.1.5_1,Jesenice,75,74.7956,1915.0,25.533333333333335,25.60309515261359
2010,SVN.1.6_1,Jezersko,73,70.5865,0.0,0.0,0.0
2010,SVN.1.7_1,Kranj,146,145.7396,3866.0,26.47945205479452,26.52676246972514
2010,SVN.1.8_1,Kranjska Gora,244,249.6461,2003.0,8.209016393442623,8.023359354107036
2010,SVN.1.9_1,Naklo,28,27.6347,637.0,22.75,23.05072251477181
2010,SVN.1.10_1,Preddvor,88,86.0439,625.0,7.1022727272727275,7.263736233373576
2010,SVN.1.11_1,Radovljica,117,116.9011,2100.0,17.94871794871795,17.963908929822672
2010,SVN.1.12_1,Šenčur,46,42.6248,1487.0,32.32608695652174,34.885779311406615
2010,SVN.1.13_1,Škofja Loka,145,144.4252,2363.0,16.29655172413793,16.36141290174084
2010,SVN.1.14_1,Tržič,157,156.9897,1430.0,9.10828025477707,9.10887985447695
2010,SVN.1.15_1,Železniki,163,163.136,761.0,4.668711656441718,4.66481903740126
2010,SVN.1.16_1,Žiri,51,49.568,514.0,10.07843137254902,10.369593224759921
2010,SVN.1.17_1,Žirovnica,42,42.0999,646.0,15.380952380952381,15.344471677406691
2010,SVN.2.1_1,Ajdovščina,241,240.3435,1978.0,8.207468879668049,8.229888722363755
2010,SVN.2.2_1,Bovec,383,382.1081,435.0,1.1357702349869452,1.1384212373969274
2010,SVN.2.3_1,Brda,62,61.2313,761.0,12.274193548387096,12.428290674748212
2010,SVN.2.4_1,Cerkno,130,131.479,771.0,5.930769230769231,5.864052395004022
2010,SVN.2.5_1,Idrija,292,295.2119,1405.0,4.811643835616438,4.759292804677697
2010,SVN.2.6_1,Kanal,129,132.6271,1212.0,9.395348837209303,9.13840525872875
2010,SVN.2.7_1,Kobarid,188,190.1235,552.0,2.9361702127659575,2.9033761074616042
2010,SVN.2.8_1,Miren-Kostanjevica,49,46.6248,557.0,11.36734693877551,11.946440900647664
2010,SVN.2.9_1,Nova Gorica,295,297.6162,3195.0,10.830508474576272,10.735303737141935
2010,SVN.2.10_1,Šempeter-Vrtojba,7,7.7338,269.0,38.42857142857143,34.782324858522756
2010,SVN.2.11_1,Tolmin,385,384.2645,958.0,2.4883116883116885,2.493074402204195
2010,SVN.2.12_1,Vipava,112,108.4008,836.0,7.464285714285714,7.712117133860449
2010,SVN.3.1_1,Crnomelj,335,330.8646,1601.0,4.7791044776119405,4.838837234561279
2010,SVN.3.2_1,Dolenjske Toplice,112,111.0355,234.0,2.0892857142857144,2.1074332180332433
2010,SVN.3.3_1,Kocevje,543,545.407,2265.0,4.171270718232044,4.152861746489745
2010,SVN.3.4_1,Kostel,37,35.6858,120.0,3.2432432432432434,3.3626820588786015
2010,SVN.3.5_1,Loški Potok,124,123.4977,731.0,5.895161290322581,5.919139170407555
2010,SVN.3.6_1,Metlika,111,113.0004,1254.0,11.297297297297296,11.09730391660135
2010,SVN.3.7_1,Mirna Pec,50,48.1712,374.0,7.48,7.763976011380387
2010,SVN.3.8_1,Novo Mesto,296,300.285,4672.0,15.783783783783784,15.55855278363491
2010,SVN.3.9_1,Osilnica,32,31.0875,183.0,5.71875,5.886602624778473
2010,SVN.3.10_1,Ribnica,160,155.756,1743.0,10.89375,11.19057854998008
2010,SVN.3.11_1,Semic,149,148.9731,477.0,3.2013422818791946,3.2019196567167336
2010,SVN.3.12_1,Šentjernej,100,100.1929,1121.0,11.21,11.18841355298092
2010,SVN.3.13_1,Škocjan,63,61.2852,643.0,10.206349206349206,10.491935058041623
2010,SVN.3.14_1,Sodražica,50,49.9829,562.0,11.24,11.243838077145648
2010,SVN.3.15_1,Trebnje,311,317.9015,2969.0,9.546623794212218,9.339370217270073
2010,SVN.3.16_1,Žužemberk,168,162.6138,1064.0,6.333333333333333,6.543109628225
2010,SVN.4.1_1,Črna na Koroškem,155,152.0071,362.0,2.335483870967742,2.3814674013955157
2010,SVN.4.2_1,Dravograd,100,101.2156,1079.0,10.79,10.660411647625962
2010,SVN.4.3_1,Mežica,26,25.1048,329.0,12.653846153846153,13.105044122013599
2010,SVN.4.4_1,Mislinja,113,113.4849,751.0,6.646017699115045,6.617620794564445
2010,SVN.4.5_1,Muta,38,37.5131,342.0,9.0,9.116818183921215
2010,SVN.4.6_1,Podvelka,109,106.5864,513.0,4.706422018348624,4.812997325982238
2010,SVN.4.7_1,Prevalje,49,53.1459,676.0,13.795918367346939,12.719694536617803
2010,SVN.4.8_1,Radlje ob Dravi,92,93.2679,761.0,8.271739130434783,8.159291792740666
2010,SVN.4.9_1,Ravne na Koroškem,65,64.9398,1009.0,15.523076923076923,15.537456113171517
2010,SVN.4.10_1,Ribnica na Pohorju,60,59.5312,553.0,9.216666666666667,9.289239722678339
2010,SVN.4.11_1,Slovenj Gradec,181,175.7583,2237.0,12.359116022099448,12.727704489912327
2010,SVN.4.12_1,Vuzenica,49,49.955,372.0,7.591836734693878,7.4466993870422185
2010,SVN.5.1_1,Bloke,74,75.5663,463.0,6.256756756756757,6.127072161474936
2010,SVN.5.2_1,Cerknica,245,243.7275,1592.0,6.497959183673469,6.531885405497848
2010,SVN.5.3_1,Ilirska Bistrica,474,469.8196,2407.0,5.078059071729958,5.123243037551757
2010,SVN.5.4_1,Loška Dolina,166,166.6122,640.0,3.855421686746988,3.8412552489720437
2010,SVN.5.5_1,Pivka,225,224.9807,1095.0,4.866666666666666,4.867085205084233
2010,SVN.5.6_1,Postojna,272,271.1278,2282.0,8.389705882352942,8.416695590927837
2010,SVN.6.1_1,Divaca,144,147.4596,1077.0,7.479166666666667,7.303697308729218
2010,SVN.6.2_1,Hrpelje-Kozina,187,185.866,1390.0,7.433155080213904,7.478506328777059
2010,SVN.6.3_1,Izola,26,24.2792,801.0,30.807692307692307,32.99116406397538
2010,SVN.6.4_1,Komen,94,90.9951,793.0,8.436170212765957,8.714754146284399
2010,SVN.6.5_1,Koper,290,291.0771,5043.0,17.389655172413793,17.325304366571167
2010,SVN.6.6_1,Piran,28,27.7566,709.0,25.321428571428573,25.543432710749226
2010,SVN.6.7_1,Sežana,177,177.7348,2236.0,12.63276836158192,12.580543858800445
2010,SVN.7.1_1,Borovnica,40,42.2423,342.0,8.55,8.09614913822586
2010,SVN.7.2_1,Brezovica,88,89.8349,1321.0,15.011363636363637,14.704746797963356
2010,SVN.7.3_1,Dobrepolje,93,95.3671,593.0,6.376344086021505,6.218080438508254
2010,SVN.7.4_1,Dobrova-Polhov Gradec,111,117.3249,1433.0,12.90990990990991,12.213945337738952
2010,SVN.7.5_1,Dol pri Ljubljani,36,33.5133,806.0,22.38888888888889,24.050169249950635
2010,SVN.7.6_1,Domžale,73,71.6483,2805.0,38.42465753424658,39.14959078944132
2010,SVN.7.7_1,Grosuplje,136,134.7405,2367.0,17.404411764705884,17.567099829574907
2010,SVN.7.8_1,Horjul,33,32.6953,456.0,13.818181818181818,13.946959399765309
2010,SVN.7.9_1,Ig,103,99.6528,1321.0,12.825242718446601,13.256018513538125
2010,SVN.7.10_1,Ivancna Gorica,231,229.5426,2014.0,8.718614718614718,8.773971038876017
2010,SVN.7.11_1,Kamnik,262,264.6744,2582.0,9.854961832061068,9.755380843225277
2010,SVN.7.12_1,Komenda,25,24.2478,679.0,27.16,28.002565114958003
2010,SVN.7.13_1,Litija,320,319.2343,2094.0,6.54375,6.559446168208419
2010,SVN.7.14_1,Ljubljana,275,276.4294,11365.0,41.32727272727273,41.11356999172303
2010,SVN.7.15_1,Logatec,173,172.2888,1701.0,9.832369942196532,9.872958638362611
2010,SVN.7.16_1,Lukovica,75,75.1131,1209.0,16.12,16.09572852097509
2010,SVN.7.17_1,Medvode,75,76.3493,1904.0,25.386666666666667,24.938000603228915
2010,SVN.7.18_1,Mengeš,22,21.4582,874.0,39.72727272727273,40.73033137138891
2010,SVN.7.19_1,Moravce,60,61.357,690.0,11.5,11.245653364444099
2010,SVN.7.20_1,Škofljica,39,41.8098,1105.0,28.333333333333332,26.429224911621997
2010,SVN.7.21_1,Trzin,8,8.5875,421.0,52.625,49.02472970373821
2010,SVN.7.22_1,Velike Lašče,103,102.246,771.0,7.485436893203883,7.540638642915036
2010,SVN.7.23_1,Vodice,34,32.1413,817.0,24.029411764705884,25.419003417732686
2010,SVN.7.24_1,Vrhnika,128,123.5543,1884.0,14.71875,15.24836018887019
2010,SVN.8.1_1,Benedikt,24,23.6001,274.0,11.416666666666666,11.610123614847257
2010,SVN.8.2_1,Cerkvenjak,21,23.3141,220.0,10.476190476190476,9.436356262038494
2010,SVN.8.3_1,Destrnik,35,34.9829,443.0,12.657142857142857,12.663329144097446
2010,SVN.8.4_1,Dornava,25,27.7855,291.0,11.64,10.473077486782968
2010,SVN.8.5_1,Duplek,35,36.6236,678.0,19.37142857142857,18.51266639214955
2010,SVN.8.6_1,Gorišnica,62,58.8136,879.0,14.17741935483871,14.945531815625213
2010,SVN.8.7_1,Hajdina,23,22.2098,803.0,34.91304347826087,36.15529060012139
2010,SVN.8.8_1,Hoce-Slivnica,54,53.0168,2029.0,37.574074074074076,38.2708934610703
2010,SVN.8.9_1,Juršinci,39,36.4549,360.0,9.23076923076923,9.875204557183224
2010,SVN.8.10_1,Kidricevo,72,72.2552,1441.0,20.01388888888889,19.943196659738753
2010,SVN.8.11_1,Kungota,49,49.2311,803.0,16.387755102040817,16.310836567881758
2010,SVN.8.12_1,Lenart,119,118.6381,1802.0,15.142857142857142,15.189049965149858
2010,SVN.8.13_1,Lovrenc na Pohorju,88,84.3319,492.0,5.590909090909091,5.834088749215825
2010,SVN.8.14_1,Majšperk,76,73.049,605.0,7.9605263157894735,8.28210784675921
2010,SVN.8.15_1,Maribor,148,148.2768,5733.0,38.736486486486484,38.66417714774819
2010,SVN.8.16_1,Markovci,32,30.1473,616.0,19.25,20.432985092543436
2010,SVN.8.17_1,Miklavž na Dravskem Polju,15,12.6428,490.0,32.666666666666664,38.75716243391409
2010,SVN.8.18_1,Oplotnica,33,33.4925,521.0,15.787878787878787,15.555717200492825
2010,SVN.8.19_1,Ormož,202,203.3344,2239.0,11.084158415841584,11.011420340732705
2010,SVN.8.20_1,Pesnica,75,74.2044,1486.0,19.813333333333333,20.02577497958234
2010,SVN.8.21_1,Podlehnik,50,50.6164,417.0,8.34,8.238433265326517
2010,SVN.8.22_1,Ptuj,69,65.9821,1955.0,28.333333333333332,29.629242521458256
2010,SVN.8.23_1,Race-Fram,49,50.2968,1093.0,22.306122448979593,21.7310027995711
2010,SVN.8.24_1,Ruše,58,59.7856,664.0,11.448275862068966,11.106345697657922
2010,SVN.8.25_1,Selnica ob Dravi,61,61.063,773.0,12.672131147540984,12.659047879493984
2010,SVN.8.26_1,Šentilj,57,59.2267,1141.0,20.017543859649123,19.264971149637756
2010,SVN.8.27_1,Slovenska Bistrica,335,335.0452,3909.0,11.66865671641791,11.667084210863372
2010,SVN.8.28_1,Starše,33,34.3011,637.0,19.303030303030305,18.57083613271373
2010,SVN.8.29_1,Sveta Ana,40,38.4319,424.0,10.6,11.032504471195773
2010,SVN.8.30_1,Sveti Andraž v Slovenskih Gorica,17,17.2853,138.0,8.117647058823529,7.9836750268685694
2010,SVN.8.31_1,Trnovska Vas,22,22.4787,243.0,11.045454545454545,10.810248346782325
2010,SVN.8.32_1,Videm,72,70.8118,1026.0,14.25,14.48911299121966
2010,SVN.8.33_1,Zavrc,12,12.6615,147.0,12.25,11.609959271729268
2010,SVN.8.34_1,Žetale,36,36.6322,245.0,6.805555555555555,6.688096965828867
2010,SVN.9.1_1,Beltinci,63,62.0632,1015.0,16.11111111111111,16.354309004147485
2010,SVN.9.2_1,Cankova,26,26.5785,274.0,10.538461538461538,10.30909936458715
2010,SVN.9.3_1,Črenšovci,32,31.9352,443.0,13.84375,13.871826505622124
2010,SVN.9.4_1,Dobrovnik,33,34.006,302.0,9.151515151515152,8.880780827521466
2010,SVN.9.5_1,Gornja Radgona,122,120.5406,1703.0,13.959016393442623,14.128019093736734
2010,SVN.9.6_1,Gornji Petrovci,63,63.9394,391.0,6.2063492063492065,6.115163624662096
2010,SVN.9.7_1,Grad,40,36.7113,264.0,6.6,7.191255133317459
2010,SVN.9.8_1,Hodoš,22,23.8037,237.0,10.772727272727273,9.95643464083171
2010,SVN.9.9_1,Kobilje,19,19.2954,18.0,0.9473684210526315,0.9328636319329278
2010,SVN.9.10_1,Križevci,47,47.0896,593.0,12.617021276595745,12.593018669865174
2010,SVN.9.11_1,Kuzma,17,17.095,135.0,7.9411764705882355,7.897058097682526
2010,SVN.9.12_1,Lendava,108,110.1086,1775.0,16.435185185185187,16.120447860028644
2010,SVN.9.13_1,Ljutomer,111,108.5309,1328.0,11.963963963963964,12.236147278883607
2010,SVN.9.14_1,Moravske Toplice,142,143.39,1096.0,7.71830985915493,7.643487928426947
2010,SVN.9.15_1,Murska Sobota,68,65.8851,2068.0,30.41176470588235,31.387966292727825
2010,SVN.9.16_1,Odranci,8,7.8191,136.0,17.0,17.39324507073916
2010,SVN.9.17_1,Puconci,108,106.0635,952.0,8.814814814814815,8.97575707644696
2010,SVN.9.18_1,Radenci,35,33.8123,645.0,18.428571428571427,19.075905255088788
2010,SVN.9.19_1,Razkrižje,6,6.9318,63.0,10.5,9.088543693814778
2010,SVN.9.20_1,Rogašovci,31,31.9244,267.0,8.612903225806452,8.363515270943847
2010,SVN.9.21_1,Šalovci,53,50.5578,206.0,3.8867924528301887,4.07454194261062
2010,SVN.9.22_1,Sveti Jurij,48,51.1951,547.0,11.395833333333334,10.684616642602483
2010,SVN.9.23_1,Tišina,33,35.3877,501.0,15.181818181818182,14.157467113433752
2010,SVN.9.24_1,Turnišče,20,22.9794,263.0,13.15,11.445009804814333
2010,SVN.9.25_1,Velika Polana,24,24.1079,249.0,10.375,10.328572116760453
2010,SVN.9.26_1,Veržej,12,11.769,173.0,14.416666666666666,14.699606563595374
2010,SVN.10.1_1,Bistrica ob Sotli,61,56.0788,640.0,10.491803278688524,11.412522149192117
2010,SVN.10.2_1,Braslovce,58,55.9005,742.0,12.793103448275861,13.273585953220278
2010,SVN.10.3_1,Celje,96,96.8336,3348.0,34.875,34.57478611582457
2010,SVN.10.4_1,Dobje,17,17.4869,160.0,9.411764705882353,9.149709909536906
2010,SVN.10.5_1,Dobrna,33,32.2669,338.0,10.242424242424242,10.47512887039495
2010,SVN.10.6_1,Gornji Grad,90,91.0047,386.0,4.288888888888889,4.2415385439716236
2010,SVN.10.7_1,Kozje,87,88.5434,684.0,7.862068965517241,7.725027454548012
2010,SVN.10.8_1,Laško,205,201.4876,1846.0,9.004878048780487,9.16185545199005
2010,SVN.10.9_1,Ljubno,79,79.362,361.0,4.569620253164557,4.548778198954284
2010,SVN.10.10_1,Luce,112,110.3298,197.0,1.7589285714285714,1.7855548837889614
2010,SVN.10.11_1,Mozirje,83,84.7599,786.0,9.46987951807229,9.27325082098661
2010,SVN.10.12_1,Nazarje,44,43.6766,354.0,8.045454545454545,8.105033193765458
2010,SVN.10.13_1,Podcetrtek,30,29.5669,315.0,10.5,10.653815300495527
2010,SVN.10.14_1,Polzela,33,34.477,566.0,17.151515151515152,16.41673679472708
2010,SVN.10.15_1,Prebold,42,41.0779,591.0,14.071428571428571,14.38730427513055
2010,SVN.10.16_1,Radece,53,52.1379,510.0,9.622641509433961,9.781748306687842
2010,SVN.10.17_1,Rogaška Slatina,68,70.8401,1357.0,19.955882352941178,19.155827230746624
2010,SVN.10.18_1,Rogatec,43,46.8711,589.0,13.69767441860465,12.56639025703195
2010,SVN.10.19_1,Šentjur pri Celju,224,223.8178,2662.0,11.883928571428571,11.893604131834229
2010,SVN.10.20_1,Slovenske Konjice,98,98.3364,1609.0,16.418367346938776,16.36219783636888
2010,SVN.10.21_1,Šmarje pri Jelšah,112,109.0515,1227.0,10.955357142857142,11.251564994705623
2010,SVN.10.22_1,Šmartno ob Paki,17,17.0321,250.0,14.705882352941176,14.678129481096553
2010,SVN.10.23_1,Solcava,94,98.1425,34.0,0.3617021276595745,0.34643519786620597
2010,SVN.10.24_1,Šoštanj,99,96.868,1270.0,12.828282828282829,13.110618542003438
2010,SVN.10.25_1,Štore,29,28.5396,558.0,19.24137931034483,19.5517796543415
2010,SVN.10.26_1,Tabor,34,33.8269,254.0,7.470588235294118,7.508819523564715
2010,SVN.10.27_1,Velenje,83,84.3401,2061.0,24.83132530120482,24.436787206848127
2010,SVN.10.28_1,Vitanje,59,60.4406,282.0,4.779661016949152,4.665741219945421
2010,SVN.10.29_1,Vojnik,80,76.9489,1173.0,14.6625,15.243889213527947
2010,SVN.10.30_1,Vransko,52,54.1537,538.0,10.346153846153847,9.93468636301581
2010,SVN.10.31_1,Žalec,117,117.1442,2373.0,20.28205128205128,20.257093255061957
2010,SVN.10.32_1,Zrece,62,65.8808,880.0,14.193548387096774,13.35745883305837
2010,SVN.11.1_1,Brežice,248,245.6913,4658.0,18.782258064516128,18.958750737327065
2010,SVN.11.2_1,Krško,340,340.9379,5234.0,15.394117647058824,15.351771132111404
2010,SVN.11.3_1,Sevnica,280,278.6841,2168.0,7.742857142857143,7.779417280842922
2010,SVN.12.1_1,Hrastnik,56,58.2381,961.0,17.160714285714285,16.501226414955106
2010,SVN.12.2_1,Trbovlje,60,57.9159,1243.0,20.716666666666665,21.46215997419153
2010,SVN.12.3_1,Zagorje ob Savi,145,147.3849,1784.0,12.303448275862069,12.104363287610463
2011,SVN.1.1_1,Bled,187,187.7102,1782.0,9.529411764705882,9.493359479203434
2011,SVN.1.2_1,Bohinj,331,330.4201,763.0,2.305135951661631,2.3091813000551293
2011,SVN.1.3_1,Cerklje na Gorenjskem,74,77.1957,1440.0,19.45945945945946,18.65388587304527
2011,SVN.1.4_1,Gorenja Vas-Poljane,152,151.5701,1080.0,7.105263157894737,7.125414454676143
2011,SVN.1.5_1,Jesenice,75,74.7956,1900.0,25.333333333333332,25.40254871538685
2011,SVN.1.6_1,Jezersko,73,70.5865,24.0,0.3287671232876712,0.34000845173596295
2011,SVN.1.7_1,Kranj,146,145.7396,3866.0,26.47945205479452,26.52676246972514
2011,SVN.1.8_1,Kranjska Gora,244,249.6461,1815.0,7.438524590163935,7.270293174090999
2011,SVN.1.9_1,Naklo,28,27.6347,637.0,22.75,23.05072251477181
2011,SVN.1.10_1,Preddvor,88,86.0439,626.0,7.113636363636363,7.275358211346974
2011,SVN.1.11_1,Radovljica,117,116.9011,2069.0,17.683760683760685,17.6987274170491
2011,SVN.1.12_1,Šenčur,46,42.6248,1487.0,32.32608695652174,34.885779311406615
2011,SVN.1.13_1,Škofja Loka,145,144.4252,2287.0,15.772413793103448,15.835188872738595
2011,SVN.1.14_1,Tržič,157,156.9897,1439.0,9.165605095541402,9.166208468945685
2011,SVN.1.15_1,Železniki,163,163.136,701.0,4.300613496932515,4.297027786094985
2011,SVN.1.16_1,Žiri,51,49.568,449.0,8.803921568627452,9.05826334225137
2011,SVN.1.17_1,Žirovnica,42,42.0999,647.0,15.404761904761905,15.3682247295389
2011,SVN.2.1_1,Ajdovščina,241,240.3435,1997.0,8.28630705394191,8.308942254075037
2011,SVN.2.2_1,Bovec,383,382.1081,337.0,0.8798955613577023,0.8819493264431367
2011,SVN.2.3_1,Brda,62,61.2313,761.0,12.274193548387096,12.428290674748212
2011,SVN.2.4_1,Cerkno,130,131.479,748.0,5.753846153846154,5.689119573881983
2011,SVN.2.5_1,Idrija,292,295.2119,1315.0,4.5034246575342465,4.454427073417205
2011,SVN.2.6_1,Kanal,129,132.6271,1164.0,9.023255813953488,8.776488218779097
2011,SVN.2.7_1,Kobarid,188,190.1235,423.0,2.25,2.2248697345222075
2011,SVN.2.8_1,Miren-Kostanjevica,49,46.6248,561.0,11.448979591836734,12.03223221770797
2011,SVN.2.9_1,Nova Gorica,295,297.6162,3263.0,11.061016949152542,10.96378594500599
2011,SVN.2.10_1,Šempeter-Vrtojba,7,7.7338,327.0,46.714285714285715,42.28185958638269
2011,SVN.2.11_1,Tolmin,385,384.2645,764.0,1.9844155844155844,1.9882138238872702
2011,SVN.2.12_1,Vipava,112,108.4008,877.0,7.830357142857143,8.090342974157432
2011,SVN.3.1_1,Crnomelj,335,330.8646,1371.0,4.092537313432836,4.14368884983355
2011,SVN.3.2_1,Dolenjske Toplice,112,111.0355,221.0,1.9732142857142858,1.9903535948091744
2011,SVN.3.3_1,Kocevje,543,545.407,1990.0,3.664825046040516,3.648651159167591
2011,SVN.3.4_1,Kostel,37,35.6858,74.0,2.0,2.073653936308471
2011,SVN.3.5_1,Loški Potok,124,123.4977,721.0,5.814516129032258,5.838165994341788
2011,SVN.3.6_1,Metlika,111,113.0004,1206.0,10.864864864864865,10.672526733190772
2011,SVN.3.7_1,Mirna Pec,50,48.1712,366.0,7.32,7.59790165819578
2011,SVN.3.8_1,Novo Mesto,296,300.285,4536.0,15.324324324324325,15.1056497060291
2011,SVN.3.9_1,Osilnica,32,31.0875,185.0,5.78125,5.950937079694086
2011,SVN.3.10_1,Ribnica,160,155.756,1713.0,10.70625,10.997969624851335
2011,SVN.3.11_1,Semic,149,148.9731,474.0,3.1812080536912752,3.181781797240528
2011,SVN.3.12_1,Šentjernej,100,100.1929,1107.0,11.07,11.048683142863407
2011,SVN.3.13_1,Škocjan,63,61.2852,622.0,9.873015873015873,10.14927465956748
2011,SVN.3.14_1,Sodražica,50,49.9829,544.0,10.88,10.883715149407887
2011,SVN.3.15_1,Trebnje,311,317.9015,2748.0,8.836012861736334,8.644186378261422
2011,SVN.3.16_1,Žužemberk,168,162.6138,847.0,5.041666666666667,5.20865963825806
2011,SVN.4.1_1,Črna na Koroškem,155,152.0071,350.0,2.2580645161290325,2.3025237306310236
2011,SVN.4.2_1,Dravograd,100,101.2156,1080.0,10.8,10.670291547206707
2011,SVN.4.3_1,Mežica,26,25.1048,330.0,12.692307692307692,13.144877082870781
2011,SVN.4.4_1,Mislinja,113,113.4849,706.0,6.247787610619469,6.221092251614512
2011,SVN.4.5_1,Muta,38,37.5131,342.0,9.0,9.116818183921215
2011,SVN.4.6_1,Podvelka,109,106.5864,470.0,4.3119266055045875,4.409568700217645
2011,SVN.4.7_1,Prevalje,49,53.1459,629.0,12.83673469387755,11.835337076231655
2011,SVN.4.8_1,Radlje ob Dravi,92,93.2679,699.0,7.5978260869565215,7.494540030388601
2011,SVN.4.9_1,Ravne na Koroškem,65,64.9398,975.0,15.0,15.013894658416481
2011,SVN.4.10_1,Ribnica na Pohorju,60,59.5312,458.0,7.633333333333334,7.693439046992186
2011,SVN.4.11_1,Slovenj Gradec,181,175.7583,2149.0,11.87292817679558,12.227016964158066
2011,SVN.4.12_1,Vuzenica,49,49.955,334.0,6.816326530612245,6.686015041054035
2011,SVN.5.1_1,Bloke,74,75.5663,454.0,6.135135135135135,6.007971406716243
2011,SVN.5.2_1,Cerknica,245,243.7275,1553.0,6.338775510204082,6.371870624835526
2011,SVN.5.3_1,Ilirska Bistrica,474,469.8196,2316.0,4.886075949367089,4.929551672193548
2011,SVN.5.4_1,Loška Dolina,166,166.6122,564.0,3.397590361445783,3.385106188156614
2011,SVN.5.5_1,Pivka,225,224.9807,1092.0,4.8533333333333335,4.853750725070303
2011,SVN.5.6_1,Postojna,272,271.1278,2236.0,8.220588235294118,8.247033891899495
2011,SVN.6.1_1,Divaca,144,147.4596,1120.0,7.777777777777778,7.595302679458425
2011,SVN.6.2_1,Hrpelje-Kozina,187,185.866,1508.0,8.064171122994653,8.113372333666048
2011,SVN.6.3_1,Izola,26,24.2792,835.0,32.11538461538461,34.391538069187824
2011,SVN.6.4_1,Komen,94,90.9951,795.0,8.457446808510639,8.73673334967982
2011,SVN.6.5_1,Koper,290,291.0771,5336.0,18.4,18.3319103906452
2011,SVN.6.6_1,Piran,28,27.7566,725.0,25.892857142857142,26.11987124865048
2011,SVN.6.7_1,Sežana,177,177.7348,2272.0,12.836158192090396,12.78309286547165
2011,SVN.7.1_1,Borovnica,40,42.2423,342.0,8.55,8.09614913822586
2011,SVN.7.2_1,Brezovica,88,89.8349,1282.0,14.568181818181818,14.270617255858458
2011,SVN.7.3_1,Dobrepolje,93,95.3671,523.0,5.623655913978495,5.484074315918747
2011,SVN.7.4_1,Dobrova-Polhov Gradec,111,117.3249,1412.0,12.72072072072072,12.034955210668109
2011,SVN.7.5_1,Dol pri Ljubljani,36,33.5133,806.0,22.38888888888889,24.050169249950635
2011,SVN.7.6_1,Domžale,73,71.6483,2805.0,38.42465753424658,39.14959078944132
2011,SVN.7.7_1,Grosuplje,136,134.7405,2375.0,17.46323529411765,17.62647321302932
2011,SVN.7.8_1,Horjul,33,32.6953,456.0,13.818181818181818,13.946959399765309
2011,SVN.7.9_1,Ig,103,99.6528,1261.0,12.242718446601941,12.653928346382722
2011,SVN.7.10_1,Ivancna Gorica,231,229.5426,1891.0,8.186147186147187,8.238122757951613
2011,SVN.7.11_1,Kamnik,262,264.6744,2575.0,9.82824427480916,9.728933257670445
2011,SVN.7.12_1,Komenda,25,24.2478,679.0,27.16,28.002565114958003
2011,SVN.7.13_1,Litija,320,319.2343,1949.0,6.090625,6.105234279769919
2011,SVN.7.14_1,Ljubljana,275,276.4294,11365.0,41.32727272727273,41.11356999172303
2011,SVN.7.15_1,Logatec,173,172.2888,1698.0,9.815028901734104,9.855546012898127
2011,SVN.7.16_1,Lukovica,75,75.1131,1209.0,16.12,16.09572852097509
2011,SVN.7.17_1,Medvode,75,76.3493,1897.0,25.293333333333333,24.84631677748175
2011,SVN.7.18_1,Mengeš,22,21.4582,874.0,39.72727272727273,40.73033137138891
2011,SVN.7.19_1,Moravce,60,61.357,690.0,11.5,11.245653364444099
2011,SVN.7.20_1,Škofljica,39,41.8098,1105.0,28.333333333333332,26.429224911621997
2011,SVN.7.21_1,Trzin,8,8.5875,421.0,52.625,49.02472970373821
2011,SVN.7.22_1,Velike Lašče,103,102.246,722.0,7.009708737864078,7.061402205168166
2011,SVN.7.23_1,Vodice,34,32.1413,817.0,24.029411764705884,25.419003417732686
2011,SVN.7.24_1,Vrhnika,128,123.5543,1873.0,14.6328125,15.15933048500736
2011,SVN.8.1_1,Benedikt,24,23.6001,274.0,11.416666666666666,11.610123614847257
2011,SVN.8.2_1,Cerkvenjak,21,23.3141,220.0,10.476190476190476,9.436356262038494
2011,SVN.8.3_1,Destrnik,35,34.9829,443.0,12.657142857142857,12.663329144097446
2011,SVN.8.4_1,Dornava,25,27.7855,291.0,11.64,10.473077486782968
2011,SVN.8.5_1,Duplek,35,36.6236,678.0,19.37142857142857,18.51266639214955
2011,SVN.8.6_1,Gorišnica,62,58.8136,879.0,14.17741935483871,14.945531815625213
2011,SVN.8.7_1,Hajdina,23,22.2098,803.0,34.91304347826087,36.15529060012139
2011,SVN.8.8_1,Hoce-Slivnica,54,53.0168,2029.0,37.574074074074076,38.2708934610703
2011,SVN.8.9_1,Juršinci,39,36.4549,322.0,8.256410256410257,8.832821853924996
2011,SVN.8.10_1,Kidricevo,72,72.2552,1441.0,20.01388888888889,19.943196659738753
2011,SVN.8.11_1,Kungota,49,49.2311,791.0,16.142857142857142,16.067088076207312
2011,SVN.8.12_1,Lenart,119,118.6381,1802.0,15.142857142857142,15.189049965149858
2011,SVN.8.13_1,Lovrenc na Pohorju,88,84.3319,447.0,5.079545454545454,5.30048307093389
2011,SVN.8.14_1,Majšperk,76,73.049,565.0,7.434210526315789,7.73453046846108
2011,SVN.8.15_1,Maribor,148,148.2768,5682.0,38.391891891891895,38.320225807344364
2011,SVN.8.16_1,Markovci,32,30.1473,616.0,19.25,20.432985092543436
2011,SVN.8.17_1,Miklavž na Dravskem Polju,15,12.6428,490.0,32.666666666666664,38.75716243391409
2011,SVN.8.18_1,Oplotnica,33,33.4925,521.0,15.787878787878787,15.555717200492825
2011,SVN.8.19_1,Ormož,202,203.3344,2075.0,10.272277227722773,10.204866997329328
2011,SVN.8.20_1,Pesnica,75,74.2044,1477.0,19.69333333333333,19.904488320890387
2011,SVN.8.21_1,Podlehnik,50,50.6164,392.0,7.84,7.744522398100707
2011,SVN.8.22_1,Ptuj,69,65.9821,1964.0,28.463768115942027,29.765643126416375
2011,SVN.8.23_1,Race-Fram,49,50.2968,1093.0,22.306122448979593,21.7310027995711
2011,SVN.8.24_1,Ruše,58,59.7856,540.0,9.310344827586206,9.032269091468791
2011,SVN.8.25_1,Selnica ob Dravi,61,61.063,701.0,11.491803278688524,11.479938633279797
2011,SVN.8.26_1,Šentilj,57,59.2267,1132.0,19.859649122807017,19.11301256914105
2011,SVN.8.27_1,Slovenska Bistrica,335,335.0452,3900.0,11.64179104477612,11.640222159725544
2011,SVN.8.28_1,Starše,33,34.3011,637.0,19.303030303030305,18.57083613271373
2011,SVN.8.29_1,Sveta Ana,40,38.4319,416.0,10.4,10.824344009475098
2011,SVN.8.30_1,Sveti Andraž v Slovenskih Gorica,17,17.2853,116.0,6.823529411764706,6.710915239976479
2011,SVN.8.31_1,Trnovska Vas,22,22.4787,243.0,11.045454545454545,10.810248346782325
2011,SVN.8.32_1,Videm,72,70.8118,1000.0,13.88888888888889,14.12194248656887
2011,SVN.8.33_1,Zavrc,12,12.6615,147.0,12.25,11.609959271729268
2011,SVN.8.34_1,Žetale,36,36.6322,249.0,6.916666666666667,6.797290385679134
2011,SVN.9.1_1,Beltinci,63,62.0632,1015.0,16.11111111111111,16.354309004147485
2011,SVN.9.2_1,Cankova,26,26.5785,265.0,10.192307692307692,9.970479312465674
2011,SVN.9.3_1,Črenšovci,32,31.9352,443.0,13.84375,13.871826505622124
2011,SVN.9.4_1,Dobrovnik,33,34.006,315.0,9.545454545454545,9.26306609493133
2011,SVN.9.5_1,Gornja Radgona,122,120.5406,1569.0,12.860655737704919,13.016360515603603
2011,SVN.9.6_1,Gornji Petrovci,63,63.9394,328.0,5.2063492063492065,5.129855930662832
2011,SVN.9.7_1,Grad,40,36.7113,264.0,6.6,7.191255133317459
2011,SVN.9.8_1,Hodoš,22,23.8037,239.0,10.863636363636363,10.040455186323959
2011,SVN.9.9_1,Kobilje,19,19.2954,26.0,1.368421052631579,1.3474696905697845
2011,SVN.9.10_1,Križevci,47,47.0896,575.0,12.23404255319149,12.210768524742791
2011,SVN.9.11_1,Kuzma,17,17.095,129.0,7.588235294117647,7.5460777377855255
2011,SVN.9.12_1,Lendava,108,110.1086,1795.0,16.62037037037037,16.302086709155727
2011,SVN.9.13_1,Ljutomer,111,108.5309,1284.0,11.567567567567568,11.830732760607342
2011,SVN.9.14_1,Moravske Toplice,142,143.39,999.0,7.035211267605634,6.967011350819818
2011,SVN.9.15_1,Murska Sobota,68,65.8851,2078.0,30.558823529411764,31.539745626831927
2011,SVN.9.16_1,Odranci,8,7.8191,136.0,17.0,17.39324507073916
2011,SVN.9.17_1,Puconci,108,106.0635,897.0,8.305555555555555,8.4571996823245
2011,SVN.9.18_1,Radenci,35,33.8123,645.0,18.428571428571427,19.075905255088788
2011,SVN.9.19_1,Razkrižje,6,6.9318,63.0,10.5,9.088543693814778
2011,SVN.9.20_1,Rogašovci,31,31.9244,268.0,8.64516129032258,8.394839298175846
2011,SVN.9.21_1,Šalovci,53,50.5578,204.0,3.849056603773585,4.034983282973623
2011,SVN.9.22_1,Sveti Jurij,48,51.1951,515.0,10.729166666666666,10.059556802450235
2011,SVN.9.23_1,Tišina,33,35.3877,501.0,15.181818181818182,14.157467113433752
2011,SVN.9.24_1,Turnišče,20,22.9794,264.0,13.2,11.488526952361156
2011,SVN.9.25_1,Velika Polana,24,24.1079,249.0,10.375,10.328572116760453
2011,SVN.9.26_1,Veržej,12,11.769,173.0,14.416666666666666,14.699606563595374
2011,SVN.10.1_1,Bistrica ob Sotli,61,56.0788,626.0,10.262295081967213,11.16287322717854
2011,SVN.10.2_1,Braslovce,58,55.9005,726.0,12.517241379310345,12.987363075522806
2011,SVN.10.3_1,Celje,96,96.8336,3352.0,34.916666666666664,34.616094104015524
2011,SVN.10.4_1,Dobje,17,17.4869,153.0,9.0,8.749410100994666
2011,SVN.10.5_1,Dobrna,33,32.2669,331.0,10.030303030303031,10.25818833165896
2011,SVN.10.6_1,Gornji Grad,90,91.0047,363.0,4.033333333333333,3.9888043820251275
2011,SVN.10.7_1,Kozje,87,88.5434,579.0,6.655172413793103,6.539167976876168
2011,SVN.10.8_1,Laško,205,201.4876,1771.0,8.639024390243902,8.789624054969869
2011,SVN.10.9_1,Ljubno,79,79.362,364.0,4.6075949367088604,4.5865796798320195
2011,SVN.10.10_1,Luce,112,110.3298,208.0,1.8571428571428572,1.8852559179091573
2011,SVN.10.11_1,Mozirje,83,84.7599,787.0,9.481927710843374,9.285048850020942
2011,SVN.10.12_1,Nazarje,44,43.6766,334.0,7.590909090909091,7.647121713891703
2011,SVN.10.13_1,Podcetrtek,30,29.5669,243.0,8.1,8.21865751752512
2011,SVN.10.14_1,Polzela,33,34.477,566.0,17.151515151515152,16.41673679472708
2011,SVN.10.15_1,Prebold,42,41.0779,564.0,13.428571428571429,13.730016262561135
2011,SVN.10.16_1,Radece,53,52.1379,437.0,8.245283018867925,8.381615705926642
2011,SVN.10.17_1,Rogaška Slatina,68,70.8401,1357.0,19.955882352941178,19.155827230746624
2011,SVN.10.18_1,Rogatec,43,46.8711,551.0,12.813953488372093,11.755655401739565
2011,SVN.10.19_1,Šentjur pri Celju,224,223.8178,2583.0,11.53125,11.540638419431936
2011,SVN.10.20_1,Slovenske Konjice,98,98.3364,1581.0,16.132653061224488,16.077461018831073
2011,SVN.10.21_1,Šmarje pri Jelšah,112,109.0515,1205.0,10.758928571428571,11.04982544304831
2011,SVN.10.22_1,Šmartno ob Paki,17,17.0321,250.0,14.705882352941176,14.678129481096553
2011,SVN.10.23_1,Solcava,94,98.1425,43.0,0.4574468085106383,0.43813863259549574
2011,SVN.10.24_1,Šoštanj,99,96.868,1263.0,12.757575757575758,13.03835529019712
2011,SVN.10.25_1,Štore,29,28.5396,529.0,18.24137931034483,18.53564773682196
2011,SVN.10.26_1,Tabor,34,33.8269,222.0,6.529411764705882,6.562826512721917
2011,SVN.10.27_1,Velenje,83,84.3401,2067.0,24.903614457831324,24.507927780958312
2011,SVN.10.28_1,Vitanje,59,60.4406,237.0,4.016949152542373,3.9212080465498746
2011,SVN.10.29_1,Vojnik,80,76.9489,1150.0,14.375,14.944989425027398
2011,SVN.10.30_1,Vransko,52,54.1537,534.0,10.26923076923077,9.860822523885581
2011,SVN.10.31_1,Žalec,117,117.1442,2350.0,20.085470085470085,20.060753960975813
2011,SVN.10.32_1,Zrece,62,65.8808,894.0,14.419354838709678,13.569963859947935
2011,SVN.11.1_1,Brežice,248,245.6913,4650.0,18.75,18.926189551002757
2011,SVN.11.2_1,Krško,340,340.9379,5117.0,15.05,15.008600092283924
2011,SVN.11.3_1,Sevnica,280,278.6841,1934.0,6.9071428571428575,6.93975692857482
2011,SVN.12.1_1,Hrastnik,56,58.2381,961.0,17.160714285714285,16.501226414955106
2011,SVN.12.2_1,Trbovlje,60,57.9159,1243.0,20.716666666666665,21.46215997419153
2011,SVN.12.3_1,Zagorje ob Savi,145,147.3849,1762.0,12.151724137931035,11.955094233615267
2012,SVN.1.1_1,Bled,187,187.7102,1784.0,9.540106951871659,9.504014203646985
2012,SVN.1.2_1,Bohinj,331,330.4201,761.0,2.299093655589124,2.3031284001860466
2012,SVN.1.3_1,Cerklje na Gorenjskem,74,77.1957,1443.0,19.5,18.69274813528078
2012,SVN.1.4_1,Gorenja Vas-Poljane,152,151.5701,1088.0,7.157894736842105,7.178195302488559
2012,SVN.1.5_1,Jesenice,75,74.7956,1919.0,25.586666666666666,25.65657420254072
2012,SVN.1.6_1,Jezersko,73,70.5865,31.0,0.4246575342465753,0.4391775834922854
2012,SVN.1.7_1,Kranj,146,145.7396,3886.0,26.616438356164384,26.663993522336238
2012,SVN.1.8_1,Kranjska Gora,244,249.6461,1796.0,7.360655737704918,7.1941854218553365
2012,SVN.1.9_1,Naklo,28,27.6347,645.0,23.035714285714285,23.34021353536549
2012,SVN.1.10_1,Preddvor,88,86.0439,645.0,7.329545454545454,7.496175792841531
2012,SVN.1.11_1,Radovljica,117,116.9011,2066.0,17.65811965811966,17.673064690006495
2012,SVN.1.12_1,Šenčur,46,42.6248,1487.0,32.32608695652174,34.885779311406615
2012,SVN.1.13_1,Škofja Loka,145,144.4252,2292.0,15.806896551724138,15.869808874646639
2012,SVN.1.14_1,Tržič,157,156.9897,1405.0,8.949044585987261,8.949633703174905
2012,SVN.1.15_1,Železniki,163,163.136,739.0,4.533742331288344,4.529962245255626
2012,SVN.1.16_1,Žiri,51,49.568,449.0,8.803921568627452,9.05826334225137
2012,SVN.1.17_1,Žirovnica,42,42.0999,647.0,15.404761904761905,15.3682247295389
2012,SVN.2.1_1,Ajdovščina,241,240.3435,2017.0,8.369294605809129,8.392156497981647
2012,SVN.2.2_1,Bovec,383,382.1081,334.0,0.8720626631853786,0.8740981454955717
2012,SVN.2.3_1,Brda,62,61.2313,761.0,12.274193548387096,12.428290674748212
2012,SVN.2.4_1,Cerkno,130,131.479,772.0,5.938461538461539,5.871658169835415
2012,SVN.2.5_1,Idrija,292,295.2119,1289.0,4.414383561643835,4.366354751053062
2012,SVN.2.6_1,Kanal,129,132.6271,1164.0,9.023255813953488,8.776488218779097
2012,SVN.2.7_1,Kobarid,188,190.1235,400.0,2.127659574468085,2.103895730044641
2012,SVN.2.8_1,Miren-Kostanjevica,49,46.6248,561.0,11.448979591836734,12.03223221770797
2012,SVN.2.9_1,Nova Gorica,295,297.6162,3246.0,11.003389830508475,10.906665393039976
2012,SVN.2.10_1,Šempeter-Vrtojba,7,7.7338,327.0,46.714285714285715,42.28185958638269
2012,SVN.2.11_1,Tolmin,385,384.2645,741.0,1.9246753246753248,1.9283592192414494
2012,SVN.2.12_1,Vipava,112,108.4008,857.0,7.651785714285714,7.9058425642564645
2012,SVN.3.1_1,Crnomelj,335,330.8646,1424.0,4.250746268656717,4.30387521674907
2012,SVN.3.2_1,Dolenjske Toplice,112,111.0355,227.0,2.0267857142857144,2.044390343989514
2012,SVN.3.3_1,Kocevje,543,545.407,1957.0,3.604051565377532,3.5881458886889326
2012,SVN.3.4_1,Kostel,37,35.6858,74.0,2.0,2.073653936308471
2012,SVN.3.5_1,Loški Potok,124,123.4977,691.0,5.57258064516129,5.595246466144488
2012,SVN.3.6_1,Metlika,111,113.0004,1240.0,11.17117117117117,10.973410571439931
2012,SVN.3.7_1,Mirna Pec,50,48.1712,375.0,7.5,7.7847353055284625
2012,SVN.3.8_1,Novo Mesto,296,300.285,4566.0,15.425675675675675,15.20555479667744
2012,SVN.3.9_1,Osilnica,32,31.0875,167.0,5.21875,5.371926985453579
2012,SVN.3.10_1,Ribnica,160,155.756,1720.0,10.75,11.042911707381375
2012,SVN.3.11_1,Semic,149,148.9731,509.0,3.4161073825503356,3.4167234911295963
2012,SVN.3.12_1,Šentjernej,100,100.1929,1114.0,11.14,11.118548347922163
2012,SVN.3.13_1,Škocjan,63,61.2852,622.0,9.873015873015873,10.14927465956748
2012,SVN.3.14_1,Sodražica,50,49.9829,442.0,8.84,8.84301855889391
2012,SVN.3.15_1,Trebnje,311,317.9015,2756.0,8.861736334405144,8.669351404107887
2012,SVN.3.16_1,Žužemberk,168,162.6138,848.0,5.0476190476190474,5.214809177382331
2012,SVN.4.1_1,Črna na Koroškem,155,152.0071,340.0,2.193548387096774,2.23673733832728
2012,SVN.4.2_1,Dravograd,100,101.2156,1051.0,10.51,10.383774459365046
2012,SVN.4.3_1,Mežica,26,25.1048,330.0,12.692307692307692,13.144877082870781
2012,SVN.4.4_1,Mislinja,113,113.4849,708.0,6.265486725663717,6.238715742412286
2012,SVN.4.5_1,Muta,38,37.5131,337.0,8.868421052631579,8.983531368366812
2012,SVN.4.6_1,Podvelka,109,106.5864,489.0,4.486238532110092,4.5878278604392095
2012,SVN.4.7_1,Prevalje,49,53.1459,638.0,13.020408163265307,12.004682121837513
2012,SVN.4.8_1,Radlje ob Dravi,92,93.2679,703.0,7.641304347826087,7.537427240862928
2012,SVN.4.9_1,Ravne na Koroškem,65,64.9398,970.0,14.923076923076923,14.936900326834857
2012,SVN.4.10_1,Ribnica na Pohorju,60,59.5312,392.0,6.533333333333333,6.584777524936543
2012,SVN.4.11_1,Slovenj Gradec,181,175.7583,2170.0,11.988950276243093,12.34649921462215
2012,SVN.4.12_1,Vuzenica,49,49.955,291.0,5.938775510204081,5.82524064954109
2012,SVN.5.1_1,Bloke,74,75.5663,418.0,5.648648648648648,5.531568387681475
2012,SVN.5.2_1,Cerknica,245,243.7275,1525.0,6.224489795918367,6.256988218206167
2012,SVN.5.3_1,Ilirska Bistrica,474,469.8196,2351.0,4.959915611814346,5.004048351177475
2012,SVN.5.4_1,Loška Dolina,166,166.6122,552.0,3.325301204819277,3.313082652238388
2012,SVN.5.5_1,Pivka,225,224.9807,1111.0,4.937777777777778,4.938202431825189
2012,SVN.5.6_1,Postojna,272,271.1278,2276.0,8.367647058823529,8.394565804098054
2012,SVN.6.1_1,Divaca,144,147.4596,1101.0,7.645833333333333,7.466453794717613
2012,SVN.6.2_1,Hrpelje-Kozina,187,185.866,1502.0,8.032085561497325,8.081091011383556
2012,SVN.6.3_1,Izola,26,24.2792,835.0,32.11538461538461,34.391538069187824
2012,SVN.6.4_1,Komen,94,90.9951,795.0,8.457446808510639,8.73673334967982
2012,SVN.6.5_1,Koper,290,291.0771,5325.0,18.362068965517242,18.294119720799415
2012,SVN.6.6_1,Piran,28,27.7566,756.0,27.0,27.236720915834155
2012,SVN.6.7_1,Sežana,177,177.7348,2266.0,12.80225988700565,12.749334697693115
2012,SVN.7.1_1,Borovnica,40,42.2423,334.0,8.35,7.906765532653325
2012,SVN.7.2_1,Brezovica,88,89.8349,1275.0,14.488636363636363,14.192696568813988
2012,SVN.7.3_1,Dobrepolje,93,95.3671,505.0,5.43010752688172,5.295329884395731
2012,SVN.7.4_1,Dobrova-Polhov Gradec,111,117.3249,1412.0,12.72072072072072,12.034955210668109
2012,SVN.7.5_1,Dol pri Ljubljani,36,33.5133,806.0,22.38888888888889,24.050169249950635
2012,SVN.7.6_1,Domžale,73,71.6483,2806.0,38.43835616438356,39.16354786280654
2012,SVN.7.7_1,Grosuplje,136,134.7405,2401.0,17.654411764705884,17.81943670925617
2012,SVN.7.8_1,Horjul,33,32.6953,456.0,13.818181818181818,13.946959399765309
2012,SVN.7.9_1,Ig,103,99.6528,1243.0,12.067961165048544,12.4733012962361
2012,SVN.7.10_1,Ivancna Gorica,231,229.5426,1922.0,8.32034632034632,8.373173950704917
2012,SVN.7.11_1,Kamnik,262,264.6744,2633.0,10.049618320610687,9.948070395124768
2012,SVN.7.12_1,Komenda,25,24.2478,679.0,27.16,28.002565114958003
2012,SVN.7.13_1,Litija,320,319.2343,1884.0,5.8875,5.901622053918176
2012,SVN.7.14_1,Ljubljana,275,276.4294,11365.0,41.32727272727273,41.11356999172303
2012,SVN.7.15_1,Logatec,173,172.2888,1653.0,9.554913294797688,9.594356630930863
2012,SVN.7.16_1,Lukovica,75,75.1131,1216.0,16.213333333333335,16.188921324653194
2012,SVN.7.17_1,Medvode,75,76.3493,1890.0,25.2,24.754632951734585
2012,SVN.7.18_1,Mengeš,22,21.4582,874.0,39.72727272727273,40.73033137138891
2012,SVN.7.19_1,Moravce,60,61.357,694.0,11.566666666666666,11.310845557861166
2012,SVN.7.20_1,Škofljica,39,41.8098,1105.0,28.333333333333332,26.429224911621997
2012,SVN.7.21_1,Trzin,8,8.5875,421.0,52.625,49.02472970373821
2012,SVN.7.22_1,Velike Lašče,103,102.246,671.0,6.514563106796117,6.562605096492852
2012,SVN.7.23_1,Vodice,34,32.1413,817.0,24.029411764705884,25.419003417732686
2012,SVN.7.24_1,Vrhnika,128,123.5543,1874.0,14.640625,15.167424094449435
2012,SVN.8.1_1,Benedikt,24,23.6001,274.0,11.416666666666666,11.610123614847257
2012,SVN.8.2_1,Cerkvenjak,21,23.3141,221.0,10.523809523809524,9.479248790502306
2012,SVN.8.3_1,Destrnik,35,34.9829,443.0,12.657142857142857,12.663329144097446
2012,SVN.8.4_1,Dornava,25,27.7855,291.0,11.64,10.473077486782968
2012,SVN.8.5_1,Duplek,35,36.6236,678.0,19.37142857142857,18.51266639214955
2012,SVN.8.6_1,Gorišnica,62,58.8136,880.0,14.193548387096774,14.962534695961534
2012,SVN.8.7_1,Hajdina,23,22.2098,803.0,34.91304347826087,36.15529060012139
2012,SVN.8.8_1,Hoce-Slivnica,54,53.0168,2029.0,37.574074074074076,38.2708934610703
2012,SVN.8.9_1,Juršinci,39,36.4549,322.0,8.256410256410257,8.832821853924996
2012,SVN.8.10_1,Kidricevo,72,72.2552,1441.0,20.01388888888889,19.943196659738753
2012,SVN.8.11_1,Kungota,49,49.2311,791.0,16.142857142857142,16.067088076207312
2012,SVN.8.12_1,Lenart,119,118.6381,1802.0,15.142857142857142,15.189049965149858
2012,SVN.8.13_1,Lovrenc na Pohorju,88,84.3319,478.0,5.431818181818182,5.668078093750334
2012,SVN.8.14_1,Majšperk,76,73.049,563.0,7.407894736842105,7.707151599546173
2012,SVN.8.15_1,Maribor,148,148.2768,5684.0,38.4054054054054,38.333714095203334
2012,SVN.8.16_1,Markovci,32,30.1473,616.0,19.25,20.432985092543436
2012,SVN.8.17_1,Miklavž na Dravskem Polju,15,12.6428,490.0,32.666666666666664,38.75716243391409
2012,SVN.8.18_1,Oplotnica,33,33.4925,521.0,15.787878787878787,15.555717200492825
2012,SVN.8.19_1,Ormož,202,203.3344,2075.0,10.272277227722773,10.204866997329328
2012,SVN.8.20_1,Pesnica,75,74.2044,1479.0,19.72,19.931440911710823
2012,SVN.8.21_1,Podlehnik,50,50.6164,431.0,8.62,8.515023350972971
2012,SVN.8.22_1,Ptuj,69,65.9821,1990.0,28.840579710144926,30.15968931851761
2012,SVN.8.23_1,Race-Fram,49,50.2968,1093.0,22.306122448979593,21.7310027995711
2012,SVN.8.24_1,Ruše,58,59.7856,533.0,9.189655172413794,8.915184121764566
2012,SVN.8.25_1,Selnica ob Dravi,61,61.063,701.0,11.491803278688524,11.479938633279797
2012,SVN.8.26_1,Šentilj,57,59.2267,1132.0,19.859649122807017,19.11301256914105
2012,SVN.8.27_1,Slovenska Bistrica,335,335.0452,3949.0,11.788059701492537,11.786471104809275
2012,SVN.8.28_1,Starše,33,34.3011,637.0,19.303030303030305,18.57083613271373
2012,SVN.8.29_1,Sveta Ana,40,38.4319,416.0,10.4,10.824344009475098
2012,SVN.8.30_1,Sveti Andraž v Slovenskih Gorica,17,17.2853,116.0,6.823529411764706,6.710915239976479
2012,SVN.8.31_1,Trnovska Vas,22,22.4787,243.0,11.045454545454545,10.810248346782325
2012,SVN.8.32_1,Videm,72,70.8118,1000.0,13.88888888888889,14.12194248656887
2012,SVN.8.33_1,Zavrc,12,12.6615,147.0,12.25,11.609959271729268
2012,SVN.8.34_1,Žetale,36,36.6322,249.0,6.916666666666667,6.797290385679134
2012,SVN.9.1_1,Beltinci,63,62.0632,1021.0,16.206349206349206,16.450984722398605
2012,SVN.9.2_1,Cankova,26,26.5785,265.0,10.192307692307692,9.970479312465674
2012,SVN.9.3_1,Črenšovci,32,31.9352,450.0,14.0625,14.091020152437823
2012,SVN.9.4_1,Dobrovnik,33,34.006,311.0,9.424242424242424,9.145439858805219
2012,SVN.9.5_1,Gornja Radgona,122,120.5406,1569.0,12.860655737704919,13.016360515603603
2012,SVN.9.6_1,Gornji Petrovci,63,63.9394,330.0,5.238095238095238,5.161135539996143
2012,SVN.9.7_1,Grad,40,36.7113,264.0,6.6,7.191255133317459
2012,SVN.9.8_1,Hodoš,22,23.8037,255.0,11.590909090909092,10.712619550261966
2012,SVN.9.9_1,Kobilje,19,19.2954,32.0,1.6842105263157894,1.658424234547427
2012,SVN.9.10_1,Križevci,47,47.0896,579.0,12.319148936170214,12.295713001436654
2012,SVN.9.11_1,Kuzma,17,17.095,129.0,7.588235294117647,7.5460777377855255
2012,SVN.9.12_1,Lendava,108,110.1086,1814.0,16.796296296296298,16.474643615826455
2012,SVN.9.13_1,Ljutomer,111,108.5309,1311.0,11.81081081081081,12.079509851367776
2012,SVN.9.14_1,Moravske Toplice,142,143.39,1043.0,7.345070422535211,7.273866705610681
2012,SVN.9.15_1,Murska Sobota,68,65.8851,2106.0,30.970588235294116,31.964727762323403
2012,SVN.9.16_1,Odranci,8,7.8191,137.0,17.125,17.52113657861224
2012,SVN.9.17_1,Puconci,108,106.0635,910.0,8.425925925925926,8.579767793662537
2012,SVN.9.18_1,Radenci,35,33.8123,645.0,18.428571428571427,19.075905255088788
2012,SVN.9.19_1,Razkrižje,6,6.9318,63.0,10.5,9.088543693814778
2012,SVN.9.20_1,Rogašovci,31,31.9244,268.0,8.64516129032258,8.394839298175846
2012,SVN.9.21_1,Šalovci,53,50.5578,197.0,3.7169811320754715,3.896527974244136
2012,SVN.9.22_1,Sveti Jurij,48,51.1951,519.0,10.8125,10.137689282469266
2012,SVN.9.23_1,Tišina,33,35.3877,505.0,15.303030303030303,14.270500783002085
2012,SVN.9.24_1,Turnišče,20,22.9794,274.0,13.7,11.92369842782938
2012,SVN.9.25_1,Velika Polana,24,24.1079,249.0,10.375,10.328572116760453
2012,SVN.9.26_1,Veržej,12,11.769,183.0,15.25,15.549294804265626
2012,SVN.10.1_1,Bistrica ob Sotli,61,56.0788,626.0,10.262295081967213,11.16287322717854
2012,SVN.10.2_1,Braslovce,58,55.9005,726.0,12.517241379310345,12.987363075522806
2012,SVN.10.3_1,Celje,96,96.8336,3373.0,35.135416666666664,34.832961042018006
2012,SVN.10.4_1,Dobje,17,17.4869,153.0,9.0,8.749410100994666
2012,SVN.10.5_1,Dobrna,33,32.2669,337.0,10.212121212121213,10.444137364861238
2012,SVN.10.6_1,Gornji Grad,90,91.0047,412.0,4.5777777777777775,4.527238031389401
2012,SVN.10.7_1,Kozje,87,88.5434,573.0,6.586206896551724,6.471404578152063
2012,SVN.10.8_1,Laško,205,201.4876,1773.0,8.648780487804878,8.799550225557073
2012,SVN.10.9_1,Ljubno,79,79.362,357.0,4.518987341772152,4.4983762244506345
2012,SVN.10.10_1,Luce,112,110.3298,218.0,1.9464285714285714,1.9758932216547898
2012,SVN.10.11_1,Mozirje,83,84.7599,808.0,9.734939759036145,9.53280745974196
2012,SVN.10.12_1,Nazarje,44,43.6766,321.0,7.295454545454546,7.349479251973762
2012,SVN.10.13_1,Podcetrtek,30,29.5669,243.0,8.1,8.21865751752512
2012,SVN.10.14_1,Polzela,33,34.477,566.0,17.151515151515152,16.41673679472708
2012,SVN.10.15_1,Prebold,42,41.0779,566.0,13.476190476190476,13.778704263492202
2012,SVN.10.16_1,Radece,53,52.1379,437.0,8.245283018867925,8.381615705926642
2012,SVN.10.17_1,Rogaška Slatina,68,70.8401,1361.0,20.014705882352942,19.212292454713452
2012,SVN.10.18_1,Rogatec,43,46.8711,556.0,12.930232558139535,11.862331040593826
2012,SVN.10.19_1,Šentjur pri Celju,224,223.8178,2576.0,11.5,11.509362976560846
2012,SVN.10.20_1,Slovenske Konjice,98,98.3364,1581.0,16.132653061224488,16.077461018831073
2012,SVN.10.21_1,Šmarje pri Jelšah,112,109.0515,1205.0,10.758928571428571,11.04982544304831
2012,SVN.10.22_1,Šmartno ob Paki,17,17.0321,250.0,14.705882352941176,14.678129481096553
2012,SVN.10.23_1,Solcava,94,98.1425,51.0,0.5425531914893617,0.5196527967993089
2012,SVN.10.24_1,Šoštanj,99,96.868,1284.0,12.969696969696969,13.255145045616075
2012,SVN.10.25_1,Štore,29,28.5396,529.0,18.24137931034483,18.53564773682196
2012,SVN.10.26_1,Tabor,34,33.8269,226.0,6.647058823529412,6.6810756390772665
2012,SVN.10.27_1,Velenje,83,84.3401,2079.0,25.048192771084338,24.650208929178678
2012,SVN.10.28_1,Vitanje,59,60.4406,239.0,4.0508474576271185,3.954298409811899
2012,SVN.10.29_1,Vojnik,80,76.9489,1150.0,14.375,14.944989425027398
2012,SVN.10.30_1,Vransko,52,54.1537,537.0,10.326923076923077,9.916220403233254
2012,SVN.10.31_1,Žalec,117,117.1442,2355.0,20.128205128205128,20.10343641621193
2012,SVN.10.32_1,Zrece,62,65.8808,882.0,14.225806451612904,13.387816694042593
2012,SVN.11.1_1,Brežice,248,245.6913,4654.0,18.766129032258064,18.94247014416491
2012,SVN.11.2_1,Krško,340,340.9379,5129.0,15.08529411764706,15.043797122009819
2012,SVN.11.3_1,Sevnica,280,278.6841,1965.0,7.017857142857143,7.050993983789825
2012,SVN.12.1_1,Hrastnik,56,58.2381,961.0,17.160714285714285,16.501226414955106
2012,SVN.12.2_1,Trbovlje,60,57.9159,1245.0,20.75,21.49669281405346
2012,SVN.12.3_1,Zagorje ob Savi,145,147.3849,1750.0,12.068965517241379,11.873674749617887
2013,SVN.1.1_1,Bled,187,187.7102,1853.0,9.909090909090908,9.871602196949475
2013,SVN.1.2_1,Bohinj,331,330.4201,776.0,2.3444108761329305,2.3485251492041685
2013,SVN.1.3_1,Cerklje na Gorenjskem,74,77.1957,1443.0,19.5,18.69274813528078
2013,SVN.1.4_1,Gorenja Vas-Poljane,152,151.5701,1071.0,7.046052631578948,7.066036000887175
2013,SVN.1.5_1,Jesenice,75,74.7956,1945.0,25.933333333333334,26.004188027067066
2013,SVN.1.6_1,Jezersko,73,70.5865,34.0,0.4657534246575342,0.4816786399592808
2013,SVN.1.7_1,Kranj,146,145.7396,3886.0,26.616438356164384,26.663993522336238
2013,SVN.1.8_1,Kranjska Gora,244,249.6461,1871.0,7.668032786885246,7.494610759627691
2013,SVN.1.9_1,Naklo,28,27.6347,645.0,23.035714285714285,23.34021353536549
2013,SVN.1.10_1,Preddvor,88,86.0439,662.0,7.5227272727272725,7.6937494183892925
2013,SVN.1.11_1,Radovljica,117,116.9011,2074.0,17.726495726495727,17.741498628786772
2013,SVN.1.12_1,Šenčur,46,42.6248,1487.0,32.32608695652174,34.885779311406615
2013,SVN.1.13_1,Škofja Loka,145,144.4252,2293.0,15.813793103448276,15.876732875028246
2013,SVN.1.14_1,Tržič,157,156.9897,1408.0,8.968152866242038,8.96874324133115
2013,SVN.1.15_1,Železniki,163,163.136,728.0,4.466257668711656,4.462533849182809
2013,SVN.1.16_1,Žiri,51,49.568,509.0,9.980392156862745,10.268721695336186
2013,SVN.1.17_1,Žirovnica,42,42.0999,652.0,15.523809523809524,15.486989990199943
2013,SVN.2.1_1,Ajdovščina,241,240.3435,2052.0,8.514522821576763,8.537781424818215
2013,SVN.2.2_1,Bovec,383,382.1081,408.0,1.0652741514360313,1.067760608868842
2013,SVN.2.3_1,Brda,62,61.2313,761.0,12.274193548387096,12.428290674748212
2013,SVN.2.4_1,Cerkno,130,131.479,773.0,5.946153846153846,5.879263944666808
2013,SVN.2.5_1,Idrija,292,295.2119,1329.0,4.551369863013699,4.501850631613281
2013,SVN.2.6_1,Kanal,129,132.6271,1204.0,9.333333333333334,9.078085752070473
2013,SVN.2.7_1,Kobarid,188,190.1235,456.0,2.425531914893617,2.3984411322508907
2013,SVN.2.8_1,Miren-Kostanjevica,49,46.6248,562.0,11.46938775510204,12.053680046973046
2013,SVN.2.9_1,Nova Gorica,295,297.6162,3361.0,11.39322033898305,11.293069126927714
2013,SVN.2.10_1,Šempeter-Vrtojba,7,7.7338,327.0,46.714285714285715,42.28185958638269
2013,SVN.2.11_1,Tolmin,385,384.2645,887.0,2.303896103896104,2.3083058400366605
2013,SVN.2.12_1,Vipava,112,108.4008,859.0,7.669642857142857,7.924292605246562
2013,SVN.3.1_1,Crnomelj,335,330.8646,1653.0,4.934328358208956,4.996001217195374
2013,SVN.3.2_1,Dolenjske Toplice,112,111.0355,244.0,2.1785714285714284,2.197494466667143
2013,SVN.3.3_1,Kocevje,543,545.407,2210.0,4.069981583793738,4.052019629025315
2013,SVN.3.4_1,Kostel,37,35.6858,64.0,1.7297297297297298,1.7934304314019207
2013,SVN.3.5_1,Loški Potok,124,123.4977,706.0,5.693548387096774,5.716706230243138
2013,SVN.3.6_1,Metlika,111,113.0004,1252.0,11.27927927927928,11.079604867292575
2013,SVN.3.7_1,Mirna Pec,50,48.1712,387.0,7.74,8.033846835305374
2013,SVN.3.8_1,Novo Mesto,296,300.285,4693.0,15.85472972972973,15.62848634708875
2013,SVN.3.9_1,Osilnica,32,31.0875,161.0,5.03125,5.178923620706745
2013,SVN.3.10_1,Ribnica,160,155.756,1738.0,10.8625,11.158477062458623
2013,SVN.3.11_1,Semic,149,148.9731,524.0,3.5167785234899327,3.5174127885106254
2013,SVN.3.12_1,Šentjernej,100,100.1929,1135.0,11.35,11.328143963098434
2013,SVN.3.13_1,Škocjan,63,61.2852,639.0,10.142857142857142,10.426666410713215
2013,SVN.3.14_1,Sodražica,50,49.9829,442.0,8.84,8.84301855889391
2013,SVN.3.15_1,Trebnje,311,317.9015,2901.0,9.327974276527332,9.125467497575103
2013,SVN.3.16_1,Žužemberk,168,162.6138,977.0,5.815476190476191,6.00809972441337
2013,SVN.4.1_1,Črna na Koroškem,155,152.0071,345.0,2.225806451612903,2.269630534479152
2013,SVN.4.2_1,Dravograd,100,101.2156,1047.0,10.47,10.344254861042058
2013,SVN.4.3_1,Mežica,26,25.1048,330.0,12.692307692307692,13.144877082870781
2013,SVN.4.4_1,Mislinja,113,113.4849,735.0,6.504424778761062,6.4766328681822465
2013,SVN.4.5_1,Muta,38,37.5131,337.0,8.868421052631579,8.983531368366812
2013,SVN.4.6_1,Podvelka,109,106.5864,515.0,4.724770642201835,4.831761448110824
2013,SVN.4.7_1,Prevalje,49,53.1459,645.0,13.16326530612245,12.136394935086514
2013,SVN.4.8_1,Radlje ob Dravi,92,93.2679,769.0,8.358695652173912,8.24506621368932
2013,SVN.4.9_1,Ravne na Koroškem,65,64.9398,991.0,15.246153846153845,15.260276519477674
2013,SVN.4.10_1,Ribnica na Pohorju,60,59.5312,458.0,7.633333333333334,7.693439046992186
2013,SVN.4.11_1,Slovenj Gradec,181,175.7583,2164.0,11.955801104972375,12.312361428775269
2013,SVN.4.12_1,Vuzenica,49,49.955,313.0,6.387755102040816,6.265636849850039
2013,SVN.5.1_1,Bloke,74,75.5663,428.0,5.783783783783784,5.663902559635577
2013,SVN.5.2_1,Cerknica,245,243.7275,1531.0,6.248979591836735,6.281605876769601
2013,SVN.5.3_1,Ilirska Bistrica,474,469.8196,2434.0,5.135021097046414,5.1807119041965
2013,SVN.5.4_1,Loška Dolina,166,166.6122,571.0,3.4397590361445785,3.4271199174422455
2013,SVN.5.5_1,Pivka,225,224.9807,1134.0,5.04,5.0404334452653154
2013,SVN.5.6_1,Postojna,272,271.1278,2374.0,8.727941176470589,8.756018988984525
2013,SVN.6.1_1,Divaca,144,147.4596,1116.0,7.75,7.56817659846036
2013,SVN.6.2_1,Hrpelje-Kozina,187,185.866,1533.0,8.197860962566844,8.247877843176425
2013,SVN.6.3_1,Izola,26,24.2792,835.0,32.11538461538461,34.391538069187824
2013,SVN.6.4_1,Komen,94,90.9951,795.0,8.457446808510639,8.73673334967982
2013,SVN.6.5_1,Koper,290,291.0771,5353.0,18.458620689655174,18.39031415313414
2013,SVN.6.6_1,Piran,28,27.7566,756.0,27.0,27.236720915834155
2013,SVN.6.7_1,Sežana,177,177.7348,2288.0,12.926553672316384,12.873114646214407
2013,SVN.7.1_1,Borovnica,40,42.2423,334.0,8.35,7.906765532653325
2013,SVN.7.2_1,Brezovica,88,89.8349,1291.0,14.670454545454545,14.370800996344203
2013,SVN.7.3_1,Dobrepolje,93,95.3671,530.0,5.698924731182796,5.557474928177698
2013,SVN.7.4_1,Dobrova-Polhov Gradec,111,117.3249,1386.0,12.486486486486486,11.813348386675637
2013,SVN.7.5_1,Dol pri Ljubljani,36,33.5133,806.0,22.38888888888889,24.050169249950635
2013,SVN.7.6_1,Domžale,73,71.6483,2806.0,38.43835616438356,39.16354786280654
2013,SVN.7.7_1,Grosuplje,136,134.7405,2401.0,17.654411764705884,17.81943670925617
2013,SVN.7.8_1,Horjul,33,32.6953,456.0,13.818181818181818,13.946959399765309
2013,SVN.7.9_1,Ig,103,99.6528,1258.0,12.21359223300971,12.62382383802495
2013,SVN.7.10_1,Ivancna Gorica,231,229.5426,2015.0,8.722943722943723,8.778327528964832
2013,SVN.7.11_1,Kamnik,262,264.6744,2682.0,10.236641221374045,10.133203494008594
2013,SVN.7.12_1,Komenda,25,24.2478,679.0,27.16,28.002565114958003
2013,SVN.7.13_1,Litija,320,319.2343,1984.0,6.2,6.214871632151626
2013,SVN.7.14_1,Ljubljana,275,276.4294,11365.0,41.32727272727273,41.11356999172303
2013,SVN.7.15_1,Logatec,173,172.2888,1676.0,9.6878612716763,9.727853426158575
2013,SVN.7.16_1,Lukovica,75,75.1131,1216.0,16.213333333333335,16.188921324653194
2013,SVN.7.17_1,Medvode,75,76.3493,1890.0,25.2,24.754632951734585
2013,SVN.7.18_1,Mengeš,22,21.4582,874.0,39.72727272727273,40.73033137138891
2013,SVN.7.19_1,Moravce,60,61.357,694.0,11.566666666666666,11.310845557861166
2013,SVN.7.20_1,Škofljica,39,41.8098,1105.0,28.333333333333332,26.429224911621997
2013,SVN.7.21_1,Trzin,8,8.5875,421.0,52.625,49.02472970373821
2013,SVN.7.22_1,Velike Lašče,103,102.246,658.0,6.388349514563107,6.435460735457968
2013,SVN.7.23_1,Vodice,34,32.1413,817.0,24.029411764705884,25.419003417732686
2013,SVN.7.24_1,Vrhnika,128,123.5543,1885.0,14.7265625,15.256453798312267
2013,SVN.8.1_1,Benedikt,24,23.6001,274.0,11.416666666666666,11.610123614847257
2013,SVN.8.2_1,Cerkvenjak,21,23.3141,221.0,10.523809523809524,9.479248790502306
2013,SVN.8.3_1,Destrnik,35,34.9829,443.0,12.657142857142857,12.663329144097446
2013,SVN.8.4_1,Dornava,25,27.7855,281.0,11.24,10.113177916790425
2013,SVN.8.5_1,Duplek,35,36.6236,678.0,19.37142857142857,18.51266639214955
2013,SVN.8.6_1,Gorišnica,62,58.8136,880.0,14.193548387096774,14.962534695961534
2013,SVN.8.7_1,Hajdina,23,22.2098,803.0,34.91304347826087,36.15529060012139
2013,SVN.8.8_1,Hoce-Slivnica,54,53.0168,2029.0,37.574074074074076,38.2708934610703
2013,SVN.8.9_1,Juršinci,39,36.4549,353.0,9.051282051282051,9.683186690793551
2013,SVN.8.10_1,Kidricevo,72,72.2552,1441.0,20.01388888888889,19.943196659738753
2013,SVN.8.11_1,Kungota,49,49.2311,798.0,16.285714285714285,16.20927469635074
2013,SVN.8.12_1,Lenart,119,118.6381,1803.0,15.15126050420168,15.197478960691006
2013,SVN.8.13_1,Lovrenc na Pohorju,88,84.3319,522.0,5.931818181818182,6.189825868070448
2013,SVN.8.14_1,Majšperk,76,73.049,613.0,8.06578947368421,8.391623322418836
2013,SVN.8.15_1,Maribor,148,148.2768,5724.0,38.67567567567568,38.60347985238281
2013,SVN.8.16_1,Markovci,32,30.1473,616.0,19.25,20.432985092543436
2013,SVN.8.17_1,Miklavž na Dravskem Polju,15,12.6428,490.0,32.666666666666664,38.75716243391409
2013,SVN.8.18_1,Oplotnica,33,33.4925,521.0,15.787878787878787,15.555717200492825
2013,SVN.8.19_1,Ormož,202,203.3344,2175.0,10.767326732673267,10.69666781647773
2013,SVN.8.20_1,Pesnica,75,74.2044,1489.0,19.85333333333333,20.06620386581299
2013,SVN.8.21_1,Podlehnik,50,50.6164,456.0,9.12,9.008934218198782
2013,SVN.8.22_1,Ptuj,69,65.9821,1990.0,28.840579710144926,30.15968931851761
2013,SVN.8.23_1,Race-Fram,49,50.2968,1093.0,22.306122448979593,21.7310027995711
2013,SVN.8.24_1,Ruše,58,59.7856,590.0,10.172413793103448,9.868590303641827
2013,SVN.8.25_1,Selnica ob Dravi,61,61.063,751.0,12.311475409836065,12.298764498706316
2013,SVN.8.26_1,Šentilj,57,59.2267,1138.0,19.964912280701753,19.214318289472185
2013,SVN.8.27_1,Slovenska Bistrica,335,335.0452,4106.0,12.256716417910448,12.255064663546944
2013,SVN.8.28_1,Starše,33,34.3011,637.0,19.303030303030305,18.57083613271373
2013,SVN.8.29_1,Sveta Ana,40,38.4319,422.0,10.55,10.980464355765605
2013,SVN.8.30_1,Sveti Andraž v Slovenskih Gorica,17,17.2853,134.0,7.882352941176471,7.752264156524553
2013,SVN.8.31_1,Trnovska Vas,22,22.4787,243.0,11.045454545454545,10.810248346782325
2013,SVN.8.32_1,Videm,72,70.8118,1016.0,14.11111111111111,14.347893566353973
2013,SVN.8.33_1,Zavrc,12,12.6615,147.0,12.25,11.609959271729268
2013,SVN.8.34_1,Žetale,36,36.6322,263.0,7.305555555555555,7.17946735515507
2013,SVN.9.1_1,Beltinci,63,62.0632,1021.0,16.206349206349206,16.450984722398605
2013,SVN.9.2_1,Cankova,26,26.5785,271.0,10.423076923076923,10.19622601387999
2013,SVN.9.3_1,Črenšovci,32,31.9352,450.0,14.0625,14.091020152437823
2013,SVN.9.4_1,Dobrovnik,33,34.006,305.0,9.242424242424242,8.96900050461605
2013,SVN.9.5_1,Gornja Radgona,122,120.5406,1663.0,13.631147540983607,13.796180712204457
2013,SVN.9.6_1,Gornji Petrovci,63,63.9394,383.0,6.079365079365079,5.990045187328857
2013,SVN.9.7_1,Grad,40,36.7113,292.0,7.3,7.953964011093554
2013,SVN.9.8_1,Hodoš,22,23.8037,265.0,12.045454545454545,11.132722277723218
2013,SVN.9.9_1,Kobilje,19,19.2954,49.0,2.5789473684210527,2.539462109150748
2013,SVN.9.10_1,Križevci,47,47.0896,596.0,12.680851063829786,12.656727027385571
2013,SVN.9.11_1,Kuzma,17,17.095,135.0,7.9411764705882355,7.897058097682526
2013,SVN.9.12_1,Lendava,108,110.1086,1799.0,16.65740740740741,16.338414478981143
2013,SVN.9.13_1,Ljutomer,111,108.5309,1355.0,12.207207207207206,12.484924369644041
2013,SVN.9.14_1,Moravske Toplice,142,143.39,1143.0,8.049295774647888,7.971265239226278
2013,SVN.9.15_1,Murska Sobota,68,65.8851,2106.0,30.970588235294116,31.964727762323403
2013,SVN.9.16_1,Odranci,8,7.8191,137.0,17.125,17.52113657861224
2013,SVN.9.17_1,Puconci,108,106.0635,965.0,8.935185185185185,9.098325187784997
2013,SVN.9.18_1,Radenci,35,33.8123,645.0,18.428571428571427,19.075905255088788
2013,SVN.9.19_1,Razkrižje,6,6.9318,63.0,10.5,9.088543693814778
2013,SVN.9.20_1,Rogašovci,31,31.9244,268.0,8.64516129032258,8.394839298175846
2013,SVN.9.21_1,Šalovci,53,50.5578,238.0,4.490566037735849,4.70748049680256
2013,SVN.9.22_1,Sveti Jurij,48,51.1951,543.0,11.3125,10.606484162583453
2013,SVN.9.23_1,Tišina,33,35.3877,505.0,15.303030303030303,14.270500783002085
2013,SVN.9.24_1,Turnišče,20,22.9794,274.0,13.7,11.92369842782938
2013,SVN.9.25_1,Velika Polana,24,24.1079,249.0,10.375,10.328572116760453
2013,SVN.9.26_1,Veržej,12,11.769,183.0,15.25,15.549294804265626
2013,SVN.10.1_1,Bistrica ob Sotli,61,56.0788,631.0,10.344262295081966,11.252033556469103
2013,SVN.10.2_1,Braslovce,58,55.9005,736.0,12.689655172413794,13.166252374083726
2013,SVN.10.3_1,Celje,96,96.8336,3373.0,35.135416666666664,34.832961042018006
2013,SVN.10.4_1,Dobje,17,17.4869,159.0,9.352941176470589,9.0925242226023
2013,SVN.10.5_1,Dobrna,33,32.2669,345.0,10.454545454545455,10.69206940913094
2013,SVN.10.6_1,Gornji Grad,90,91.0047,432.0,4.8,4.747006867864615
2013,SVN.10.7_1,Kozje,87,88.5434,628.0,7.218390804597701,7.092569066456362
2013,SVN.10.8_1,Laško,205,201.4876,1907.0,9.302439024390244,9.464603654899797
2013,SVN.10.9_1,Ljubno,79,79.362,359.0,4.544303797468355,4.5235772117024595
2013,SVN.10.10_1,Luce,112,110.3298,263.0,2.3482142857142856,2.3837610885101364
2013,SVN.10.11_1,Mozirje,83,84.7599,804.0,9.686746987951807,9.485615343604623
2013,SVN.10.12_1,Nazarje,44,43.6766,335.0,7.613636363636363,7.670017287885391
2013,SVN.10.13_1,Podcetrtek,30,29.5669,269.0,8.966666666666667,9.098020050264433
2013,SVN.10.14_1,Polzela,33,34.477,566.0,17.151515151515152,16.41673679472708
2013,SVN.10.15_1,Prebold,42,41.0779,587.0,13.976190476190476,14.289928273268416
2013,SVN.10.16_1,Radece,53,52.1379,470.0,8.867924528301886,9.014552361065267
2013,SVN.10.17_1,Rogaška Slatina,68,70.8401,1361.0,20.014705882352942,19.212292454713452
2013,SVN.10.18_1,Rogatec,43,46.8711,600.0,13.953488372093023,12.801076662511322
2013,SVN.10.19_1,Šentjur pri Celju,224,223.8178,2636.0,11.767857142857142,11.777438201170183
2013,SVN.10.20_1,Slovenske Konjice,98,98.3364,1599.0,16.316326530612244,16.260506115819663
2013,SVN.10.21_1,Šmarje pri Jelšah,112,109.0515,1223.0,10.919642857142858,11.214885076222474
2013,SVN.10.22_1,Šmartno ob Paki,17,17.0321,250.0,14.705882352941176,14.678129481096553
2013,SVN.10.23_1,Solcava,94,98.1425,61.0,0.648936170212766,0.6215455020540753
2013,SVN.10.24_1,Šoštanj,99,96.868,1294.0,13.070707070707071,13.358378262482244
2013,SVN.10.25_1,Štore,29,28.5396,549.0,18.93103448275862,19.23642836959406
2013,SVN.10.26_1,Tabor,34,33.8269,231.0,6.794117647058823,6.828887047021454
2013,SVN.10.27_1,Velenje,83,84.3401,2079.0,25.048192771084338,24.650208929178678
2013,SVN.10.28_1,Vitanje,59,60.4406,289.0,4.898305084745763,4.781557491362506
2013,SVN.10.29_1,Vojnik,80,76.9489,1168.0,14.6,15.178910998636523
2013,SVN.10.30_1,Vransko,52,54.1537,537.0,10.326923076923077,9.916220403233254
2013,SVN.10.31_1,Žalec,117,117.1442,2371.0,20.264957264957264,20.24002027296751
2013,SVN.10.32_1,Zrece,62,65.8808,893.0,14.403225806451612,13.554784929455824
2013,SVN.11.1_1,Brežice,248,245.6913,4660.0,18.79032258064516,18.96689103390814
2013,SVN.11.2_1,Krško,340,340.9379,5219.0,15.35,15.307774844954036
2013,SVN.11.3_1,Sevnica,280,278.6841,2258.0,8.064285714285715,8.102363570176806
2013,SVN.12.1_1,Hrastnik,56,58.2381,961.0,17.160714285714285,16.501226414955106
2013,SVN.12.2_1,Trbovlje,60,57.9159,1245.0,20.75,21.49669281405346
2013,SVN.12.3_1,Zagorje ob Savi,145,147.3849,1762.0,12.151724137931035,11.955094233615267
2014,SVN.1.1_1,Bled,187,187.7102,1849.333333492279,9.889483066803631,9.852068536316395
2014,SVN.1.2_1,Bohinj,331,330.4201,703.5,2.1253776435045317,2.129107528949913
2014,SVN.1.3_1,Cerklje na Gorenjskem,74,77.1957,1405.7047624588013,18.996010303497314,18.209622368126865
2014,SVN.1.4_1,Gorenja Vas-Poljane,152,151.5701,1035.0,6.809210526315789,6.828522185731304
2014,SVN.1.5_1,Jesenice,75,74.7956,1943.0833339691162,25.907777786254883,25.978562657477248
2014,SVN.1.6_1,Jezersko,73,70.5865,34.0,0.4657534246575342,0.4816786399592808
2014,SVN.1.7_1,Kranj,146,145.7396,3915.7423553466797,26.820153118812875,26.868072258904146
2014,SVN.1.8_1,Kranjska Gora,244,249.6461,1883.3333349227905,7.718579241486847,7.5440140437615435
2014,SVN.1.9_1,Naklo,28,27.6347,645.0,23.035714285714285,23.34021353536549
2014,SVN.1.10_1,Preddvor,88,86.0439,575.3333339691162,6.537878795103594,6.686511334750544
2014,SVN.1.11_1,Radovljica,117,116.9011,2097.1000003814697,17.923931627192047,17.939101630278007
2014,SVN.1.12_1,Šenčur,46,42.6248,1492.6782627105713,32.44952745022981,35.01899425410546
2014,SVN.1.13_1,Škofja Loka,145,144.4252,2141.129430770874,14.766409867385338,14.825180995730681
2014,SVN.1.14_1,Tržič,157,156.9897,1401.0,8.92356687898089,8.924154318966577
2014,SVN.1.15_1,Železniki,163,163.136,702.6666669845581,4.310838447758025,4.3072442116910095
2014,SVN.1.16_1,Žiri,51,49.568,464.0,9.098039215686274,9.360877930522575
2014,SVN.1.17_1,Žirovnica,42,42.0999,650.0,15.476190476190476,15.439483885935525
2014,SVN.2.1_1,Ajdovščina,241,240.3435,1942.0166673660278,8.05816044550219,8.080172431444954
2014,SVN.2.2_1,Bovec,383,382.1081,394.6666669845581,1.0304612715001518,1.0328664721560499
2014,SVN.2.3_1,Brda,62,61.2313,761.6363639831543,12.284457483599263,12.438683469173418
2014,SVN.2.4_1,Cerkno,130,131.479,663.6666669845581,5.105128207573524,5.047699232185648
2014,SVN.2.5_1,Idrija,292,295.2119,1329.100001335144,4.551712333339534,4.502189375837345
2014,SVN.2.6_1,Kanal,129,132.6271,1198.0,9.286821705426357,9.032846122076768
2014,SVN.2.7_1,Kobarid,188,190.1235,491.6666671037674,2.6152482292753585,2.58603850381224
2014,SVN.2.8_1,Miren-Kostanjevica,49,46.6248,562.0,11.46938775510204,12.053680046973046
2014,SVN.2.9_1,Nova Gorica,295,297.6162,3372.501986503601,11.43221012374102,11.331716175033087
2014,SVN.2.10_1,Šempeter-Vrtojba,7,7.7338,327.0,46.714285714285715,42.28185958638269
2014,SVN.2.11_1,Tolmin,385,384.2645,918.2333345413208,2.3850216481592748,2.389586661373244
2014,SVN.2.12_1,Vipava,112,108.4008,850.0,7.589285714285714,7.841267420791126
2014,SVN.3.1_1,Crnomelj,335,330.8646,1631.6673669815063,4.870648856661213,4.931525802478873
2014,SVN.3.2_1,Dolenjske Toplice,112,111.0355,254.83333349227905,2.275297620466777,2.295060820785352
2014,SVN.3.3_1,Kocevje,543,545.407,2258.000001192093,4.15837937604437,4.140027297361785
2014,SVN.3.4_1,Kostel,37,35.6858,64.0,1.7297297297297298,1.7934304314019207
2014,SVN.3.5_1,Loški Potok,124,123.4977,706.6000003814697,5.698387099850562,5.721564623895965
2014,SVN.3.6_1,Metlika,111,113.0004,1218.6000003814697,10.978378381815043,10.784030747211874
2014,SVN.3.7_1,Mirna Pec,50,48.1712,394.8333320617676,7.896666641235352,8.19646127973516
2014,SVN.3.8_1,Novo Mesto,296,300.285,4745.133335113525,16.03085586187002,15.802099199432652
2014,SVN.3.9_1,Osilnica,32,31.0875,124.0,3.875,3.9887362047679273
2014,SVN.3.10_1,Ribnica,160,155.756,1741.5,10.884375,11.180948103723642
2014,SVN.3.11_1,Semic,149,148.9731,532.8333339691162,3.576062644088028,3.5767076012361114
2014,SVN.3.12_1,Šentjernej,100,100.1929,1145.9868693351746,11.459868693351746,11.437801088677825
2014,SVN.3.13_1,Škocjan,63,61.2852,641.2619047164917,10.178760392325264,10.463574276021005
2014,SVN.3.14_1,Sodražica,50,49.9829,433.0,8.66,8.662957095025028
2014,SVN.3.15_1,Trebnje,311,317.9015,3012.128137111664,9.685299476243292,9.475035302910696
2014,SVN.3.16_1,Žužemberk,168,162.6138,1033.7000029087067,6.152976207789921,6.356778610646775
2014,SVN.4.1_1,Črna na Koroškem,155,152.0071,338.0,2.1806451612903226,2.2235800598665314
2014,SVN.4.2_1,Dravograd,100,101.2156,1038.3333339691162,10.383333339691163,10.258629070957056
2014,SVN.4.3_1,Mežica,26,25.1048,330.0,12.692307692307692,13.144877082870781
2014,SVN.4.4_1,Mislinja,113,113.4849,727.5,6.438053097345133,6.410544777690591
2014,SVN.4.5_1,Muta,38,37.5131,323.0,8.5,8.61032828481448
2014,SVN.4.6_1,Podvelka,109,106.5864,518.683335185051,4.758562708119734,4.866318723737231
2014,SVN.4.7_1,Prevalje,49,53.1459,650.3333333730698,13.272108844348363,12.236747555452485
2014,SVN.4.8_1,Radlje ob Dravi,92,93.2679,779.5166673660278,8.473007253978563,8.357823845393149
2014,SVN.4.9_1,Ravne na Koroškem,65,64.9398,997.0,15.338461538461539,15.35266971737562
2014,SVN.4.10_1,Ribnica na Pohorju,60,59.5312,460.0,7.666666666666667,7.727034850690842
2014,SVN.4.11_1,Slovenj Gradec,181,175.7583,2093.0,11.56353591160221,11.90839762958717
2014,SVN.4.12_1,Vuzenica,49,49.955,335.0,6.836734693877551,6.706033050158987
2014,SVN.5.1_1,Bloke,74,75.5663,418.5,5.655405405405405,5.5381850962791805
2014,SVN.5.2_1,Cerknica,245,243.7275,1469.9000005722046,5.999591839070223,6.030916056079686
2014,SVN.5.3_1,Ilirska Bistrica,474,469.8196,2577.150002479553,5.437025321686821,5.485403326518432
2014,SVN.5.4_1,Loška Dolina,166,166.6122,580.8055562973022,3.498828652393387,3.4859724871236564
2014,SVN.5.5_1,Pivka,225,224.9807,1128.0833339691162,5.013703706529405,5.014134890286011
2014,SVN.5.6_1,Postojna,272,271.1278,2384.9666662216187,8.768259802285362,8.796467319937495
2014,SVN.6.1_1,Divaca,144,147.4596,1113.4666681289673,7.732407417562273,7.550996757078206
2014,SVN.6.2_1,Hrpelje-Kozina,187,185.866,1581.078571677208,8.454965623942288,8.50655115437539
2014,SVN.6.3_1,Izola,26,24.2792,835.0,32.11538461538461,34.391538069187824
2014,SVN.6.4_1,Komen,94,90.9951,796.5,8.47340425531915,8.753217752226385
2014,SVN.6.5_1,Koper,290,291.0771,5398.5837388038635,18.61580599587539,18.5469177916317
2014,SVN.6.6_1,Piran,28,27.7566,756.0,27.0,27.236720915834155
2014,SVN.6.7_1,Sežana,177,177.7348,2277.680013656616,12.868248664726645,12.815050674472387
2014,SVN.7.1_1,Borovnica,40,42.2423,335.9000005722046,8.397500014305114,7.951744152522574
2014,SVN.7.2_1,Brezovica,88,89.8349,1292.5,14.6875,14.38749828642516
2014,SVN.7.3_1,Dobrepolje,93,95.3671,492.6666669845581,5.297491042844711,5.166004999463308
2014,SVN.7.4_1,Dobrova-Polhov Gradec,111,117.3249,1334.0,12.018018018018019,11.370134738690693
2014,SVN.7.5_1,Dol pri Ljubljani,36,33.5133,806.8333330154419,22.41203702820672,24.07503500685256
2014,SVN.7.6_1,Domžale,73,71.6483,2806.0,38.43835616438356,39.16354786280654
2014,SVN.7.7_1,Grosuplje,136,134.7405,2341.0,17.21323529411765,17.37413633334806
2014,SVN.7.8_1,Horjul,33,32.6953,456.0,13.818181818181818,13.946959399765309
2014,SVN.7.9_1,Ig,103,99.6528,1259.0,12.223300970873787,12.633858674144207
2014,SVN.7.10_1,Ivancna Gorica,231,229.5426,1985.166669845581,8.593795107556629,8.648358921830722
2014,SVN.7.11_1,Kamnik,262,264.6744,2608.4359617233276,9.955862449325679,9.855261894568416
2014,SVN.7.12_1,Komenda,25,24.2478,685.7831172943115,27.43132469177246,28.282306917191224
2014,SVN.7.13_1,Litija,320,319.2343,2064.534523010254,6.451670384407043,6.467145685813565
2014,SVN.7.14_1,Ljubljana,275,276.4294,11376.841457366943,41.37033257224343,41.15640717485193
2014,SVN.7.15_1,Logatec,173,172.2888,1412.666666984558,8.165703277367388,8.199411859454504
2014,SVN.7.16_1,Lukovica,75,75.1131,1216.0,16.213333333333335,16.188921324653194
2014,SVN.7.17_1,Medvode,75,76.3493,1890.0,25.2,24.754632951734585
2014,SVN.7.18_1,Mengeš,22,21.4582,874.0,39.72727272727273,40.73033137138891
2014,SVN.7.19_1,Moravce,60,61.357,699.1000003814697,11.651666673024495,11.39396561068514
2014,SVN.7.20_1,Škofljica,39,41.8098,1105.0,28.333333333333332,26.429224911621997
2014,SVN.7.21_1,Trzin,8,8.5875,421.0,52.625,49.02472970373821
2014,SVN.7.22_1,Velike Lašče,103,102.246,606.0,5.883495145631068,5.926883291318433
2014,SVN.7.23_1,Vodice,34,32.1413,817.0,24.029411764705884,25.419003417732686
2014,SVN.7.24_1,Vrhnika,128,123.5543,1871.166666984558,14.61848958581686,15.14449220360311
2014,SVN.8.1_1,Benedikt,24,23.6001,277.9464292526245,11.581101218859354,11.777344532585285
2014,SVN.8.2_1,Cerkvenjak,21,23.3141,221.5,10.547619047619047,9.50069505473421
2014,SVN.8.3_1,Destrnik,35,34.9829,443.0,12.657142857142857,12.663329144097446
2014,SVN.8.4_1,Dornava,25,27.7855,254.0,10.16,9.141449077810563
2014,SVN.8.5_1,Duplek,35,36.6236,678.0,19.37142857142857,18.51266639214955
2014,SVN.8.6_1,Gorišnica,62,58.8136,895.1499996185303,14.437903219653714,15.220128326570697
2014,SVN.8.7_1,Hajdina,23,22.2098,803.0,34.91304347826087,36.15529060012139
2014,SVN.8.8_1,Hoce-Slivnica,54,53.0168,2050.04146194458,37.96373077675148,38.66777643216256
2014,SVN.8.9_1,Juršinci,39,36.4549,299.6666669845581,7.683760691911746,8.220193431782821
2014,SVN.8.10_1,Kidricevo,72,72.2552,1441.0,20.01388888888889,19.943196659738753
2014,SVN.8.11_1,Kungota,49,49.2311,798.0,16.285714285714285,16.20927469635074
2014,SVN.8.12_1,Lenart,119,118.6381,1813.6751728057861,15.240967838704085,15.28745994467197
2014,SVN.8.13_1,Lovrenc na Pohorju,88,84.3319,534.3333333730698,6.071969697421247,6.336073350737428
2014,SVN.8.14_1,Majšperk,76,73.049,656.7500009536743,8.6414473809694,8.990536092987677
2014,SVN.8.15_1,Maribor,148,148.2768,5759.348979949951,38.914520134796966,38.84187846092583
2014,SVN.8.16_1,Markovci,32,30.1473,616.0,19.25,20.432985092543436
2014,SVN.8.17_1,Miklavž na Dravskem Polju,15,12.6428,495.93103408813477,33.062068939208984,39.22628498810781
2014,SVN.8.18_1,Oplotnica,33,33.4925,521.0,15.787878787878787,15.555717200492825
2014,SVN.8.19_1,Ormož,202,203.3344,1921.666666984558,9.513201321705733,9.450772409531838
2014,SVN.8.20_1,Pesnica,75,74.2044,1504.6512145996094,20.062016194661457,20.277124257286026
2014,SVN.8.21_1,Podlehnik,50,50.6164,467.5,9.35,9.236133217122655
2014,SVN.8.22_1,Ptuj,69,65.9821,2001.6282348632812,29.00910485309103,30.335922459622793
2014,SVN.8.23_1,Race-Fram,49,50.2968,1094.980770111084,22.346546328797633,21.7703844288751
2014,SVN.8.24_1,Ruše,58,59.7856,601.2000017166138,10.365517270976099,10.055926283881398
2014,SVN.8.25_1,Selnica ob Dravi,61,61.063,751.0,12.311475409836065,12.298764498706316
2014,SVN.8.26_1,Šentilj,57,59.2267,1139.0,19.982456140350877,19.231202576194043
2014,SVN.8.27_1,Slovenska Bistrica,335,335.0452,4113.267512321472,12.278410484541707,12.276755806616297
2014,SVN.8.28_1,Starše,33,34.3011,637.0,19.303030303030305,18.57083613271373
2014,SVN.8.29_1,Sveta Ana,40,38.4319,422.0,10.55,10.980464355765605
2014,SVN.8.30_1,Sveti Andraž v Slovenskih Gorica,17,17.2853,108.5,6.382352941176471,6.277019858081448
2014,SVN.8.31_1,Trnovska Vas,22,22.4787,244.10000038146973,11.095454562794078,10.859183644334765
2014,SVN.8.32_1,Videm,72,70.8118,1016.75,14.121527777777779,14.358485023218899
2014,SVN.8.33_1,Zavrc,12,12.6615,152.0,12.666666666666666,12.00485584559761
2014,SVN.8.34_1,Žetale,36,36.6322,271.0,7.527777777777778,7.397854194855604
2014,SVN.9.1_1,Beltinci,63,62.0632,1021.4000005722046,16.212698421781024,16.457429779501727
2014,SVN.9.2_1,Cankova,26,26.5785,274.0,10.538461538461538,10.30909936458715
2014,SVN.9.3_1,Črenšovci,32,31.9352,451.7333335876465,14.116666674613953,14.145296682469876
2014,SVN.9.4_1,Dobrovnik,33,34.006,220.20000076293945,6.67272729584665,6.475324321177897
2014,SVN.9.5_1,Gornja Radgona,122,120.5406,1672.7166666984558,13.710792349987342,13.87678978598206
2014,SVN.9.6_1,Gornji Petrovci,63,63.9394,379.3333339691162,6.021164031255813,5.9326992468279744
2014,SVN.9.7_1,Grad,40,36.7113,251.0,6.275,6.83714029720713
2014,SVN.9.8_1,Hodoš,22,23.8037,270.8333330154419,12.31060604615645,11.37778218872091
2014,SVN.9.9_1,Kobilje,19,19.2954,49.0,2.5789473684210527,2.539462109150748
2014,SVN.9.10_1,Križevci,47,47.0896,581.0,12.361702127659575,12.338185239783586
2014,SVN.9.11_1,Kuzma,17,17.095,106.0,6.235294117647059,6.20065302484702
2014,SVN.9.12_1,Lendava,108,110.1086,1723.2827081680298,15.956321371926201,15.650754391612216
2014,SVN.9.13_1,Ljutomer,111,108.5309,1135.5744743347168,10.230400669682133,10.463144965437067
2014,SVN.9.14_1,Moravske Toplice,142,143.39,1060.203269958496,7.466220210975324,7.3938420580351645
2014,SVN.9.15_1,Murska Sobota,68,65.8851,2128.6136894226074,31.303142491508932,32.30795683454343
2014,SVN.9.16_1,Odranci,8,7.8191,137.0,17.125,17.52113657861224
2014,SVN.9.17_1,Puconci,108,106.0635,970.6666696071625,8.987654348214468,9.151752340963963
2014,SVN.9.18_1,Radenci,35,33.8123,645.0,18.428571428571427,19.075905255088788
2014,SVN.9.19_1,Razkrižje,6,6.9318,63.0,10.5,9.088543693814778
2014,SVN.9.20_1,Rogašovci,31,31.9244,291.00000190734863,9.387096835720923,9.115291984257672
2014,SVN.9.21_1,Šalovci,53,50.5578,226.0833339691162,4.265723282436155,4.471776829040817
2014,SVN.9.22_1,Sveti Jurij,48,51.1951,522.3500003814697,10.882291674613953,10.2031252419365
2014,SVN.9.23_1,Tišina,33,35.3877,505.0,15.303030303030303,14.270500783002085
2014,SVN.9.24_1,Turnišče,20,22.9794,285.5761909484863,14.278809547424316,12.427461237364852
2014,SVN.9.25_1,Velika Polana,24,24.1079,260.53333282470703,10.855555534362793,10.806977176304981
2014,SVN.9.26_1,Veržej,12,11.769,186.26666736602783,15.52222228050232,15.826859688975137
2014,SVN.10.1_1,Bistrica ob Sotli,61,56.0788,631.0,10.344262295081966,11.252033556469103
2014,SVN.10.2_1,Braslovce,58,55.9005,737.25,12.711206896551724,13.18861353640384
2014,SVN.10.3_1,Celje,96,96.8336,3376.189826965332,35.16864403088888,34.86590237567179
2014,SVN.10.4_1,Dobje,17,17.4869,130.0,7.647058823529412,7.434139301498736
2014,SVN.10.5_1,Dobrna,33,32.2669,337.0,10.212121212121213,10.444137364861238
2014,SVN.10.6_1,Gornji Grad,90,91.0047,458.6666669845581,5.096296299828423,5.040031986658031
2014,SVN.10.7_1,Kozje,87,88.5434,635.5000002384186,7.304597703889868,7.177273317554169
2014,SVN.10.8_1,Laško,205,201.4876,1948.0666675567627,9.502764231984209,9.668421028708025
2014,SVN.10.9_1,Ljubno,79,79.362,350.5,4.436708860759493,4.416473015882206
2014,SVN.10.10_1,Luce,112,110.3298,210.0,1.875,1.9033833786582839
2014,SVN.10.11_1,Mozirje,83,84.7599,803.3547601699829,9.67897301409618,9.478002785355972
2014,SVN.10.12_1,Nazarje,44,43.6766,345.7666664123535,7.858333327553489,7.9165262953947835
2014,SVN.10.13_1,Podcetrtek,30,29.5669,274.3333339691162,9.144444465637207,9.278402129765459
2014,SVN.10.14_1,Polzela,33,34.477,566.0,17.151515151515152,16.41673679472708
2014,SVN.10.15_1,Prebold,42,41.0779,571.5,13.607142857142858,13.912596266052638
2014,SVN.10.16_1,Radece,53,52.1379,483.6785717010498,9.12601078681226,9.276905979839094
2014,SVN.10.17_1,Rogaška Slatina,68,70.8401,1361.6000003814697,20.023529417374554,19.22076224369342
2014,SVN.10.18_1,Rogatec,43,46.8711,602.9230766296387,14.02146689836369,12.863440875888656
2014,SVN.10.19_1,Šentjur pri Celju,224,223.8178,2715.5,12.122767857142858,12.132637873777554
2014,SVN.10.20_1,Slovenske Konjice,98,98.3364,1604.3363618850708,16.370779202908885,16.31477249797627
2014,SVN.10.21_1,Šmarje pri Jelšah,112,109.0515,1319.2500009536743,11.779017865657806,12.097495623468395
2014,SVN.10.22_1,Šmartno ob Paki,17,17.0321,250.0,14.705882352941176,14.678129481096553
2014,SVN.10.23_1,Solcava,94,98.1425,66.83333396911621,0.7109929145650661,0.6809829199308529
2014,SVN.10.24_1,Šoštanj,99,96.868,1245.0,12.575757575757576,12.852535499838016
2014,SVN.10.25_1,Štore,29,28.5396,554.5,19.120689655172413,19.429143043606384
2014,SVN.10.26_1,Tabor,34,33.8269,207.33333349227905,6.098039220361149,6.129246387451099
2014,SVN.10.27_1,Velenje,83,84.3401,2079.0,25.048192771084338,24.650208929178678
2014,SVN.10.28_1,Vitanje,59,60.4406,293.3333339691162,4.97175142320536,4.853253288949368
2014,SVN.10.29_1,Vojnik,80,76.9489,1170.25,14.628125,15.208151195337663
2014,SVN.10.30_1,Vransko,52,54.1537,532.0,10.23076923076923,9.823890604320466
2014,SVN.10.31_1,Žalec,117,117.1442,2374.4055938720703,20.29406490488949,20.26909209456692
2014,SVN.10.32_1,Zrece,62,65.8808,875.0,14.112903225806452,13.281564180597812
2014,SVN.11.1_1,Brežice,248,245.6913,4663.75,18.805443548387096,18.98215408999766
2014,SVN.11.2_1,Krško,340,340.9379,5231.90000128746,15.387941180257236,15.345611655685603
2014,SVN.11.3_1,Sevnica,280,278.6841,2254.804770231247,8.05287417939731,8.090898152428052
2014,SVN.12.1_1,Hrastnik,56,58.2381,962.7000007629395,17.191071442195348,16.53041694304549
2014,SVN.12.2_1,Trbovlje,60,57.9159,1245.0,20.75,21.49669281405346
2014,SVN.12.3_1,Zagorje ob Savi,145,147.3849,1789.3333339691162,12.340229889442181,12.140549729256392
2015,SVN.1.1_1,Bled,187,187.7102,1847.333333492279,9.878787879637857,9.841413811872844
2015,SVN.1.2_1,Bohinj,331,330.4201,641.5,1.9380664652567976,1.9414676330083427
2015,SVN.1.3_1,Cerklje na Gorenjskem,74,77.1957,1405.7047624588013,18.996010303497314,18.209622368126865
2015,SVN.1.4_1,Gorenja Vas-Poljane,152,151.5701,1047.6666679382324,6.892543868014687,6.912091869823586
2015,SVN.1.5_1,Jesenice,75,74.7956,1943.0833339691162,25.907777786254883,25.978562657477248
2015,SVN.1.6_1,Jezersko,73,70.5865,34.0,0.4657534246575342,0.4816786399592808
2015,SVN.1.7_1,Kranj,146,145.7396,3915.7423553466797,26.820153118812875,26.868072258904146
2015,SVN.1.8_1,Kranjska Gora,244,249.6461,1787.0000009536743,7.32377049571178,7.158134385142759
2015,SVN.1.9_1,Naklo,28,27.6347,645.0,23.035714285714285,23.34021353536549
2015,SVN.1.10_1,Preddvor,88,86.0439,575.3333339691162,6.537878795103594,6.686511334750544
2015,SVN.1.11_1,Radovljica,117,116.9011,2089.6000003814697,17.859829063089485,17.874944812671497
2015,SVN.1.12_1,Šenčur,46,42.6248,1492.6782627105713,32.44952745022981,35.01899425410546
2015,SVN.1.13_1,Škofja Loka,145,144.4252,2141.129430770874,14.766409867385338,14.825180995730681
2015,SVN.1.14_1,Tržič,157,156.9897,1400.0,8.9171974522293,8.917784472914496
2015,SVN.1.15_1,Železniki,163,163.136,677.6666669845581,4.157464214629191,4.1539978569800615
2015,SVN.1.16_1,Žiri,51,49.568,438.0,8.588235294117647,8.836345977519155
2015,SVN.1.17_1,Žirovnica,42,42.0999,650.0,15.476190476190476,15.439483885935525
2015,SVN.2.1_1,Ajdovščina,241,240.3435,1942.0166673660278,8.05816044550219,8.080172431444954
2015,SVN.2.2_1,Bovec,383,382.1081,392.1666669845581,1.0239338563565485,1.0263238213664123
2015,SVN.2.3_1,Brda,62,61.2313,761.6363639831543,12.284457483599263,12.438683469173418
2015,SVN.2.4_1,Cerkno,130,131.479,657.6666669845581,5.058974361419677,5.00206458319729
2015,SVN.2.5_1,Idrija,292,295.2119,1302.100001335144,4.459246579914877,4.410729656459196
2015,SVN.2.6_1,Kanal,129,132.6271,1168.0,9.054263565891473,8.806647972108234
2015,SVN.2.7_1,Kobarid,188,190.1235,487.6666671037674,2.5939716335306775,2.564999546511794
2015,SVN.2.8_1,Miren-Kostanjevica,49,46.6248,562.0,11.46938775510204,12.053680046973046
2015,SVN.2.9_1,Nova Gorica,295,297.6162,3363.376986503601,11.40127792035119,11.30105587875721
2015,SVN.2.10_1,Šempeter-Vrtojba,7,7.7338,327.0,46.714285714285715,42.28185958638269
2015,SVN.2.11_1,Tolmin,385,384.2645,889.2333345413208,2.3096969728345993,2.314117812037209
2015,SVN.2.12_1,Vipava,112,108.4008,834.0,7.446428571428571,7.693667092870352
2015,SVN.3.1_1,Crnomelj,335,330.8646,1592.9175996780396,4.754977909486685,4.814409114872002
2015,SVN.3.2_1,Dolenjske Toplice,112,111.0355,253.83333349227905,2.266369049038206,2.286054695921962
2015,SVN.3.3_1,Kocevje,543,545.407,2205.333334207535,4.061387355814981,4.043463329752387
2015,SVN.3.4_1,Kostel,37,35.6858,29.0,0.7837837837837838,0.8126481642289953
2015,SVN.3.5_1,Loški Potok,124,123.4977,688.6000003814697,5.553225809527982,5.5758129069775855
2015,SVN.3.6_1,Metlika,111,113.0004,1192.6000003814697,10.744144147580808,10.553943106197812
2015,SVN.3.7_1,Mirna Pec,50,48.1712,394.5476188659668,7.890952377319336,8.190530075461545
2015,SVN.3.8_1,Novo Mesto,296,300.285,4734.133335113525,15.993693699707856,15.765467332861594
2015,SVN.3.9_1,Osilnica,32,31.0875,87.0,2.71875,2.7985487888291103
2015,SVN.3.10_1,Ribnica,160,155.756,1731.5,10.821875,11.116745128680728
2015,SVN.3.11_1,Semic,149,148.9731,531.8333339691162,3.5693512346920553,3.5699949814107095
2015,SVN.3.12_1,Šentjernej,100,100.1929,1145.3202028274536,11.453202028274536,11.431147261211006
2015,SVN.3.13_1,Škocjan,63,61.2852,635.2619047164917,10.08352229708717,10.365671305028393
2015,SVN.3.14_1,Sodražica,50,49.9829,330.0,6.6,6.6022536751922845
2015,SVN.3.15_1,Trebnje,311,317.9015,2962.128137111664,9.524527772063228,9.317753891370277
2015,SVN.3.16_1,Žužemberk,168,162.6138,1024.7000029087067,6.099404779218492,6.301432758528331
2015,SVN.4.1_1,Črna na Koroškem,155,152.0071,338.0,2.1806451612903226,2.2235800598665314
2015,SVN.4.2_1,Dravograd,100,101.2156,1030.3333339691162,10.303333339691163,10.17958987431108
2015,SVN.4.3_1,Mežica,26,25.1048,330.0,12.692307692307692,13.144877082870781
2015,SVN.4.4_1,Mislinja,113,113.4849,696.5,6.163716814159292,6.137380670325081
2015,SVN.4.5_1,Muta,38,37.5131,323.0,8.5,8.61032828481448
2015,SVN.4.6_1,Podvelka,109,106.5864,458.68333518505096,4.208103992523403,4.303395059879659
2015,SVN.4.7_1,Prevalje,49,53.1459,650.3333333730698,13.272108844348363,12.236747555452485
2015,SVN.4.8_1,Radlje ob Dravi,92,93.2679,771.5166673660278,8.386050732239433,8.272049424444496
2015,SVN.4.9_1,Ravne na Koroškem,65,64.9398,991.0,15.246153846153845,15.260276519477674
2015,SVN.4.10_1,Ribnica na Pohorju,60,59.5312,340.0,5.666666666666667,5.711286628771492
2015,SVN.4.11_1,Slovenj Gradec,181,175.7583,2064.0,11.403314917127071,11.743398331327244
2015,SVN.4.12_1,Vuzenica,49,49.955,335.0,6.836734693877551,6.706033050158987
2015,SVN.5.1_1,Bloke,74,75.5663,405.5,5.47972972972973,5.366150672738847
2015,SVN.5.2_1,Cerknica,245,243.7275,1426.9000005722046,5.82408163498859,5.8544895030417425
2015,SVN.5.3_1,Ilirska Bistrica,474,469.8196,2561.150002479553,5.4032700474252175,5.451347701840065
2015,SVN.5.4_1,Loška Dolina,166,166.6122,577.8055562973022,3.4807563632367606,3.4679666031441
2015,SVN.5.5_1,Pivka,225,224.9807,1128.0833339691162,5.013703706529405,5.014134890286011
2015,SVN.5.6_1,Postojna,272,271.1278,2382.9666662216187,8.760906861108893,8.789090724327567
2015,SVN.6.1_1,Divaca,144,147.4596,1087.383334159851,7.551273153887855,7.374112099591744
2015,SVN.6.2_1,Hrpelje-Kozina,187,185.866,1561.078571677208,8.348013752284535,8.398946746767088
2015,SVN.6.3_1,Izola,26,24.2792,835.0,32.11538461538461,34.391538069187824
2015,SVN.6.4_1,Komen,94,90.9951,789.5,8.398936170212766,8.676290540342412
2015,SVN.6.5_1,Koper,290,291.0771,5404.426836490631,18.63595460858838,18.56699184395509
2015,SVN.6.6_1,Piran,28,27.7566,756.0,27.0,27.236720915834155
2015,SVN.6.7_1,Sežana,177,177.7348,2257.680013656616,12.755254314444159,12.702523448543939
2015,SVN.7.1_1,Borovnica,40,42.2423,335.9000005722046,8.397500014305114,7.951744152522574
2015,SVN.7.2_1,Brezovica,88,89.8349,1292.5,14.6875,14.38749828642516
2015,SVN.7.3_1,Dobrepolje,93,95.3671,499.1666669845581,5.367383515962991,5.234162710846618
2015,SVN.7.4_1,Dobrova-Polhov Gradec,111,117.3249,1310.0,11.801801801801801,11.165574593466872
2015,SVN.7.5_1,Dol pri Ljubljani,36,33.5133,806.8333330154419,22.41203702820672,24.07503500685256
2015,SVN.7.6_1,Domžale,73,71.6483,2806.0,38.43835616438356,39.16354786280654
2015,SVN.7.7_1,Grosuplje,136,134.7405,2333.0,17.154411764705884,17.314762949893645
2015,SVN.7.8_1,Horjul,33,32.6953,456.50000190734863,13.833333391131777,13.962252176742494
2015,SVN.7.9_1,Ig,103,99.6528,1259.0,12.223300970873787,12.633858674144207
2015,SVN.7.10_1,Ivancna Gorica,231,229.5426,1925.166669845581,8.334054847816368,8.386969516501745
2015,SVN.7.11_1,Kamnik,262,264.6744,2590.4359617233276,9.887160159249342,9.787253817427418
2015,SVN.7.12_1,Komenda,25,24.2478,685.7831172943115,27.43132469177246,28.282306917191224
2015,SVN.7.13_1,Litija,320,319.2343,2028.534523010254,6.339170384407043,6.354375837649524
2015,SVN.7.14_1,Ljubljana,275,276.4294,11376.841457366943,41.37033257224343,41.15640717485193
2015,SVN.7.15_1,Logatec,173,172.2888,1360.666666984558,7.865125242685307,7.8975930180701095
2015,SVN.7.16_1,Lukovica,75,75.1131,1216.0,16.213333333333335,16.188921324653194
2015,SVN.7.17_1,Medvode,75,76.3493,1890.0,25.2,24.754632951734585
2015,SVN.7.18_1,Mengeš,22,21.4582,874.0,39.72727272727273,40.73033137138891
2015,SVN.7.19_1,Moravce,60,61.357,699.1000003814697,11.651666673024495,11.39396561068514
2015,SVN.7.20_1,Škofljica,39,41.8098,1105.0,28.333333333333332,26.429224911621997
2015,SVN.7.21_1,Trzin,8,8.5875,421.0,52.625,49.02472970373821
2015,SVN.7.22_1,Velike Lašče,103,102.246,598.0,5.805825242718447,5.848640607604659
2015,SVN.7.23_1,Vodice,34,32.1413,817.0,24.029411764705884,25.419003417732686
2015,SVN.7.24_1,Vrhnika,128,123.5543,1871.2666673660278,14.619270838797092,15.145301567634785
2015,SVN.8.1_1,Benedikt,24,23.6001,277.9464292526245,11.581101218859354,11.777344532585285
2015,SVN.8.2_1,Cerkvenjak,21,23.3141,221.5,10.547619047619047,9.50069505473421
2015,SVN.8.3_1,Destrnik,35,34.9829,443.0,12.657142857142857,12.663329144097446
2015,SVN.8.4_1,Dornava,25,27.7855,254.0,10.16,9.141449077810563
2015,SVN.8.5_1,Duplek,35,36.6236,678.0,19.37142857142857,18.51266639214955
2015,SVN.8.6_1,Gorišnica,62,58.8136,897.3500003814697,14.473387102926932,15.257534676282768
2015,SVN.8.7_1,Hajdina,23,22.2098,803.0,34.91304347826087,36.15529060012139
2015,SVN.8.8_1,Hoce-Slivnica,54,53.0168,2050.04146194458,37.96373077675148,38.66777643216256
2015,SVN.8.9_1,Juršinci,39,36.4549,299.6666669845581,7.683760691911746,8.220193431782821
2015,SVN.8.10_1,Kidricevo,72,72.2552,1441.0,20.01388888888889,19.943196659738753
2015,SVN.8.11_1,Kungota,49,49.2311,798.0,16.285714285714285,16.20927469635074
2015,SVN.8.12_1,Lenart,119,118.6381,1813.6751728057861,15.240967838704085,15.28745994467197
2015,SVN.8.13_1,Lovrenc na Pohorju,88,84.3319,534.3333333730698,6.071969697421247,6.336073350737428
2015,SVN.8.14_1,Majšperk,76,73.049,656.7500009536743,8.6414473809694,8.990536092987677
2015,SVN.8.15_1,Maribor,148,148.2768,5759.348979949951,38.914520134796966,38.84187846092583
2015,SVN.8.16_1,Markovci,32,30.1473,616.0,19.25,20.432985092543436
2015,SVN.8.17_1,Miklavž na Dravskem Polju,15,12.6428,495.93103408813477,33.062068939208984,39.22628498810781
2015,SVN.8.18_1,Oplotnica,33,33.4925,521.0,15.787878787878787,15.555717200492825
2015,SVN.8.19_1,Ormož,202,203.3344,1759.0,8.707920792079207,8.650776408820379
2015,SVN.8.20_1,Pesnica,75,74.2044,1504.6512145996094,20.062016194661457,20.277124257286026
2015,SVN.8.21_1,Podlehnik,50,50.6164,467.5,9.35,9.236133217122655
2015,SVN.8.22_1,Ptuj,69,65.9821,2001.6282348632812,29.00910485309103,30.335922459622793
2015,SVN.8.23_1,Race-Fram,49,50.2968,1094.980770111084,22.346546328797633,21.7703844288751
2015,SVN.8.24_1,Ruše,58,59.7856,601.2000017166138,10.365517270976099,10.055926283881398
2015,SVN.8.25_1,Selnica ob Dravi,61,61.063,751.0,12.311475409836065,12.298764498706316
2015,SVN.8.26_1,Šentilj,57,59.2267,1139.0,19.982456140350877,19.231202576194043
2015,SVN.8.27_1,Slovenska Bistrica,335,335.0452,4084.267512321472,12.191843320362603,12.190200308505517
2015,SVN.8.28_1,Starše,33,34.3011,637.0,19.303030303030305,18.57083613271373
2015,SVN.8.29_1,Sveta Ana,40,38.4319,422.0,10.55,10.980464355765605
2015,SVN.8.30_1,Sveti Andraž v Slovenskih Gorica,17,17.2853,102.5,6.029411764705882,5.929903552565422
2015,SVN.8.31_1,Trnovska Vas,22,22.4787,244.10000038146973,11.095454562794078,10.859183644334765
2015,SVN.8.32_1,Videm,72,70.8118,1016.75,14.121527777777779,14.358485023218899
2015,SVN.8.33_1,Zavrc,12,12.6615,152.0,12.666666666666666,12.00485584559761
2015,SVN.8.34_1,Žetale,36,36.6322,271.0,7.527777777777778,7.397854194855604
2015,SVN.9.1_1,Beltinci,63,62.0632,1021.4000005722046,16.212698421781024,16.457429779501727
2015,SVN.9.2_1,Cankova,26,26.5785,200.3333339691162,7.705128229581392,7.537431554476792
2015,SVN.9.3_1,Črenšovci,32,31.9352,451.7333335876465,14.116666674613953,14.145296682469876
2015,SVN.9.4_1,Dobrovnik,33,34.006,220.20000076293945,6.67272729584665,6.475324321177897
2015,SVN.9.5_1,Gornja Radgona,122,120.5406,1672.7166666984558,13.710792349987342,13.87678978598206
2015,SVN.9.6_1,Gornji Petrovci,63,63.9394,335.0,5.317460317460317,5.239334563329417
2015,SVN.9.7_1,Grad,40,36.7113,251.0,6.275,6.83714029720713
2015,SVN.9.8_1,Hodoš,22,23.8037,270.8333330154419,12.31060604615645,11.37778218872091
2015,SVN.9.9_1,Kobilje,19,19.2954,49.0,2.5789473684210527,2.539462109150748
2015,SVN.9.10_1,Križevci,47,47.0896,581.0,12.361702127659575,12.338185239783586
2015,SVN.9.11_1,Kuzma,17,17.095,97.0,5.705882352941177,5.674182485001519
2015,SVN.9.12_1,Lendava,108,110.1086,1703.2827081680298,15.771136186741016,15.469115542485131
2015,SVN.9.13_1,Ljutomer,111,108.5309,1109.5744743347168,9.996166435447899,10.223581841001094
2015,SVN.9.14_1,Moravske Toplice,142,143.39,1019.7032699584961,7.181008943369691,7.111395651920848
2015,SVN.9.15_1,Murska Sobota,68,65.8851,2128.6136894226074,31.303142491508932,32.30795683454343
2015,SVN.9.16_1,Odranci,8,7.8191,137.0,17.125,17.52113657861224
2015,SVN.9.17_1,Puconci,108,106.0635,933.000002861023,8.638888915379843,8.796619094542923
2015,SVN.9.18_1,Radenci,35,33.8123,645.0,18.428571428571427,19.075905255088788
2015,SVN.9.19_1,Razkrižje,6,6.9318,63.0,10.5,9.088543693814778
2015,SVN.9.20_1,Rogašovci,31,31.9244,271.50000190734863,8.758064577656407,8.504473453233684
2015,SVN.9.21_1,Šalovci,53,50.5578,175.0833339691162,3.3034591314927586,3.4630310082974107
2015,SVN.9.22_1,Sveti Jurij,48,51.1951,505.3500003814697,10.528125007947287,9.871062201855617
2015,SVN.9.23_1,Tišina,33,35.3877,505.0,15.303030303030303,14.270500783002085
2015,SVN.9.24_1,Turnišče,20,22.9794,285.5761909484863,14.278809547424316,12.427461237364852
2015,SVN.9.25_1,Velika Polana,24,24.1079,260.53333282470703,10.855555534362793,10.806977176304981
2015,SVN.9.26_1,Veržej,12,11.769,186.26666736602783,15.52222228050232,15.826859688975137
2015,SVN.10.1_1,Bistrica ob Sotli,61,56.0788,631.0,10.344262295081966,11.252033556469103
2015,SVN.10.2_1,Braslovce,58,55.9005,737.25,12.711206896551724,13.18861353640384
2015,SVN.10.3_1,Celje,96,96.8336,3376.189826965332,35.16864403088888,34.86590237567179
2015,SVN.10.4_1,Dobje,17,17.4869,111.0,6.529411764705882,6.347611249741228
2015,SVN.10.5_1,Dobrna,33,32.2669,337.0,10.212121212121213,10.444137364861238
2015,SVN.10.6_1,Gornji Grad,90,91.0047,491.6666669845581,5.46296296649509,5.402650566842134
2015,SVN.10.7_1,Kozje,87,88.5434,635.5000002384186,7.304597703889868,7.177273317554169
2015,SVN.10.8_1,Laško,205,201.4876,1940.5666675567627,9.46617886613055,9.631197889006007
2015,SVN.10.9_1,Ljubno,79,79.362,350.5,4.436708860759493,4.416473015882206
2015,SVN.10.10_1,Luce,112,110.3298,210.0,1.875,1.9033833786582839
2015,SVN.10.11_1,Mozirje,83,84.7599,788.3547601699829,9.498250122529914,9.30103234984096
2015,SVN.10.12_1,Nazarje,44,43.6766,345.7666664123535,7.858333327553489,7.9165262953947835
2015,SVN.10.13_1,Podcetrtek,30,29.5669,274.3333339691162,9.144444465637207,9.278402129765459
2015,SVN.10.14_1,Polzela,33,34.477,566.0,17.151515151515152,16.41673679472708
2015,SVN.10.15_1,Prebold,42,41.0779,563.5,13.416666666666666,13.717844262328368
2015,SVN.10.16_1,Radece,53,52.1379,466.6785717010498,8.805256069831128,8.950847702949499
2015,SVN.10.17_1,Rogaška Slatina,68,70.8401,1361.6000003814697,20.023529417374554,19.22076224369342
2015,SVN.10.18_1,Rogatec,43,46.8711,602.9230766296387,14.02146689836369,12.863440875888656
2015,SVN.10.19_1,Šentjur pri Celju,224,223.8178,2685.5,11.988839285714286,11.998600261472886
2015,SVN.10.20_1,Slovenske Konjice,98,98.3364,1604.3363618850708,16.370779202908885,16.31477249797627
2015,SVN.10.21_1,Šmarje pri Jelšah,112,109.0515,1319.2500009536743,11.779017865657806,12.097495623468395
2015,SVN.10.22_1,Šmartno ob Paki,17,17.0321,250.0,14.705882352941176,14.678129481096553
2015,SVN.10.23_1,Solcava,94,98.1425,0.0,0.0,0.0
2015,SVN.10.24_1,Šoštanj,99,96.868,1229.0,12.414141414141413,12.687362352852146
2015,SVN.10.25_1,Štore,29,28.5396,554.5,19.120689655172413,19.429143043606384
2015,SVN.10.26_1,Tabor,34,33.8269,207.33333349227905,6.098039220361149,6.129246387451099
2015,SVN.10.27_1,Velenje,83,84.3401,2067.0,24.903614457831324,24.507927780958312
2015,SVN.10.28_1,Vitanje,59,60.4406,293.3333339691162,4.97175142320536,4.853253288949368
2015,SVN.10.29_1,Vojnik,80,76.9489,1170.25,14.628125,15.208151195337663
2015,SVN.10.30_1,Vransko,52,54.1537,524.0,10.076923076923077,9.676162926060009
2015,SVN.10.31_1,Žalec,117,117.1442,2374.4055938720703,20.29406490488949,20.26909209456692
2015,SVN.10.32_1,Zrece,62,65.8808,862.0,13.903225806451612,13.084238084200358
2015,SVN.11.1_1,Brežice,248,245.6913,4663.75,18.805443548387096,18.98215408999766
2015,SVN.11.2_1,Krško,340,340.9379,5226.90000128746,15.373235297904294,15.330946226633149
2015,SVN.11.3_1,Sevnica,280,278.6841,2191.804770231247,7.827874179397311,7.864835749894332
2015,SVN.12.1_1,Hrastnik,56,58.2381,962.7000007629395,17.191071442195348,16.53041694304549
2015,SVN.12.2_1,Trbovlje,60,57.9159,1245.0,20.75,21.49669281405346
2015,SVN.12.3_1,Zagorje ob Savi,145,147.3849,1764.3333339691162,12.167816096338733,11.970925804261851
2016,SVN.1.1_1,Bled,187,187.7102,1847.333333492279,9.878787879637857,9.841413811872844
2016,SVN.1.2_1,Bohinj,331,330.4201,641.5,1.9380664652567976,1.9414676330083427
2016,SVN.1.3_1,Cerklje na Gorenjskem,74,77.1957,1408.038098335266,19.02754186939549,18.239848605031767
2016,SVN.1.4_1,Gorenja Vas-Poljane,152,151.5701,1094.8333358764648,7.2028508939241105,7.223278960106911
2016,SVN.1.5_1,Jesenice,75,74.7956,1944.0833339691162,25.921111119588215,25.99193241995903
2016,SVN.1.6_1,Jezersko,73,70.5865,34.0,0.4657534246575342,0.4816786399592808
2016,SVN.1.7_1,Kranj,146,145.7396,3916.7423553466797,26.82700243388137,26.8749338115347
2016,SVN.1.8_1,Kranjska Gora,244,249.6461,1787.0000009536743,7.32377049571178,7.158134385142759
2016,SVN.1.9_1,Naklo,28,27.6347,645.0,23.035714285714285,23.34021353536549
2016,SVN.1.10_1,Preddvor,88,86.0439,578.3333339691162,6.571969704194502,6.721377268670738
2016,SVN.1.11_1,Radovljica,117,116.9011,2089.6000003814697,17.859829063089485,17.874944812671497
2016,SVN.1.12_1,Šenčur,46,42.6248,1492.6782627105713,32.44952745022981,35.01899425410546
2016,SVN.1.13_1,Škofja Loka,145,144.4252,2167.2226276397705,14.946362949239797,15.005850300808305
2016,SVN.1.14_1,Tržič,157,156.9897,1402.0,8.929936305732484,8.93052416501866
2016,SVN.1.15_1,Železniki,163,163.136,677.6666669845581,4.157464214629191,4.1539978569800615
2016,SVN.1.16_1,Žiri,51,49.568,438.0,8.588235294117647,8.836345977519155
2016,SVN.1.17_1,Žirovnica,42,42.0999,659.0,15.69047619047619,15.653261355125402
2016,SVN.2.1_1,Ajdovščina,241,240.3435,1947.0166673660278,8.078907333468996,8.100975992421606
2016,SVN.2.2_1,Bovec,383,382.1081,392.1666669845581,1.0239338563565485,1.0263238213664123
2016,SVN.2.3_1,Brda,62,61.2313,761.6363639831543,12.284457483599263,12.438683469173418
2016,SVN.2.4_1,Cerkno,130,131.479,660.6666669845581,5.0820512844966,5.024881907691469
2016,SVN.2.5_1,Idrija,292,295.2119,1302.100001335144,4.459246579914877,4.410729656459196
2016,SVN.2.6_1,Kanal,129,132.6271,1168.0,9.054263565891473,8.806647972108234
2016,SVN.2.7_1,Kobarid,188,190.1235,489.6666671037674,2.604609931403018,2.575519025162017
2016,SVN.2.8_1,Miren-Kostanjevica,49,46.6248,562.0,11.46938775510204,12.053680046973046
2016,SVN.2.9_1,Nova Gorica,295,297.6162,3368.376986503601,11.418227072893563,11.317856041100157
2016,SVN.2.10_1,Šempeter-Vrtojba,7,7.7338,327.0,46.714285714285715,42.28185958638269
2016,SVN.2.11_1,Tolmin,385,384.2645,890.2333345413208,2.312294375432002,2.316720186152245
2016,SVN.2.12_1,Vipava,112,108.4008,834.0,7.446428571428571,7.693667092870352
2016,SVN.3.1_1,Crnomelj,335,330.8646,1602.867838859558,4.784680115998681,4.844482561370642
2016,SVN.3.2_1,Dolenjske Toplice,112,111.0355,253.83333349227905,2.266369049038206,2.286054695921962
2016,SVN.3.3_1,Kocevje,543,545.407,2219.333334207535,4.087170044581096,4.069132232379697
2016,SVN.3.4_1,Kostel,37,35.6858,29.0,0.7837837837837838,0.8126481642289953
2016,SVN.3.5_1,Loški Potok,124,123.4977,688.6000003814697,5.553225809527982,5.5758129069775855
2016,SVN.3.6_1,Metlika,111,113.0004,1184.6000003814697,10.672072075508737,10.483146908962715
2016,SVN.3.7_1,Mirna Pec,50,48.1712,394.5476188659668,7.890952377319336,8.190530075461545
2016,SVN.3.8_1,Novo Mesto,296,300.285,4734.133335113525,15.993693699707856,15.765467332861594
2016,SVN.3.9_1,Osilnica,32,31.0875,87.0,2.71875,2.7985487888291103
2016,SVN.3.10_1,Ribnica,160,155.756,1731.5,10.821875,11.116745128680728
2016,SVN.3.11_1,Semic,149,148.9731,531.8333339691162,3.5693512346920553,3.5699949814107095
2016,SVN.3.12_1,Šentjernej,100,100.1929,1145.3202028274536,11.453202028274536,11.431147261211006
2016,SVN.3.13_1,Škocjan,63,61.2852,635.2619047164917,10.08352229708717,10.365671305028393
2016,SVN.3.14_1,Sodražica,50,49.9829,330.0,6.6,6.6022536751922845
2016,SVN.3.15_1,Trebnje,311,317.9015,2965.128137111664,9.534174074314032,9.327190776062702
2016,SVN.3.16_1,Žužemberk,168,162.6138,1027.7000029087067,6.117261922075635,6.319881375901146
2016,SVN.4.1_1,Črna na Koroškem,155,152.0071,339.0,2.1870967741935483,2.2301586990969056
2016,SVN.4.2_1,Dravograd,100,101.2156,1032.3333339691162,10.323333339691162,10.199349673472573
2016,SVN.4.3_1,Mežica,26,25.1048,330.0,12.692307692307692,13.144877082870781
2016,SVN.4.4_1,Mislinja,113,113.4849,696.5,6.163716814159292,6.137380670325081
2016,SVN.4.5_1,Muta,38,37.5131,323.0,8.5,8.61032828481448
2016,SVN.4.6_1,Podvelka,109,106.5864,458.68333518505096,4.208103992523403,4.303395059879659
2016,SVN.4.7_1,Prevalje,49,53.1459,650.3333333730698,13.272108844348363,12.236747555452485
2016,SVN.4.8_1,Radlje ob Dravi,92,93.2679,775.5166673660278,8.429528993108999,8.314936634918823
2016,SVN.4.9_1,Ravne na Koroškem,65,64.9398,991.0,15.246153846153845,15.260276519477674
2016,SVN.4.10_1,Ribnica na Pohorju,60,59.5312,340.0,5.666666666666667,5.711286628771492
2016,SVN.4.11_1,Slovenj Gradec,181,175.7583,2065.0,11.408839779005525,11.749087962301724
2016,SVN.4.12_1,Vuzenica,49,49.955,335.0,6.836734693877551,6.706033050158987
2016,SVN.5.1_1,Bloke,74,75.5663,405.5,5.47972972972973,5.366150672738847
2016,SVN.5.2_1,Cerknica,245,243.7275,1426.9000005722046,5.82408163498859,5.8544895030417425
2016,SVN.5.3_1,Ilirska Bistrica,474,469.8196,2564.150002479553,5.409599161349268,5.457733131467259
2016,SVN.5.4_1,Loška Dolina,166,166.6122,580.8055562973022,3.498828652393387,3.4859724871236564
2016,SVN.5.5_1,Pivka,225,224.9807,1128.0833339691162,5.013703706529405,5.014134890286011
2016,SVN.5.6_1,Postojna,272,271.1278,2384.9666662216187,8.768259802285362,8.796467319937495
2016,SVN.6.1_1,Divaca,144,147.4596,1108.3437929153442,7.696831895245446,7.516255875081275
2016,SVN.6.2_1,Hrpelje-Kozina,187,185.866,1561.078571677208,8.348013752284535,8.398946746767088
2016,SVN.6.3_1,Izola,26,24.2792,835.0,32.11538461538461,34.391538069187824
2016,SVN.6.4_1,Komen,94,90.9951,789.5,8.398936170212766,8.676290540342412
2016,SVN.6.5_1,Koper,290,291.0771,5404.426836490631,18.63595460858838,18.56699184395509
2016,SVN.6.6_1,Piran,28,27.7566,756.0,27.0,27.236720915834155
2016,SVN.6.7_1,Sežana,177,177.7348,2257.680013656616,12.755254314444159,12.702523448543939
2016,SVN.7.1_1,Borovnica,40,42.2423,335.9000005722046,8.397500014305114,7.951744152522574
2016,SVN.7.2_1,Brezovica,88,89.8349,1292.5,14.6875,14.38749828642516
2016,SVN.7.3_1,Dobrepolje,93,95.3671,499.1666669845581,5.367383515962991,5.234162710846618
2016,SVN.7.4_1,Dobrova-Polhov Gradec,111,117.3249,1310.0,11.801801801801801,11.165574593466872
2016,SVN.7.5_1,Dol pri Ljubljani,36,33.5133,806.8333330154419,22.41203702820672,24.07503500685256
2016,SVN.7.6_1,Domžale,73,71.6483,2806.0,38.43835616438356,39.16354786280654
2016,SVN.7.7_1,Grosuplje,136,134.7405,2338.0,17.191176470588236,17.351871314552653
2016,SVN.7.8_1,Horjul,33,32.6953,456.50000190734863,13.833333391131777,13.962252176742494
2016,SVN.7.9_1,Ig,103,99.6528,1259.0,12.223300970873787,12.633858674144207
2016,SVN.7.10_1,Ivancna Gorica,231,229.5426,1925.166669845581,8.334054847816368,8.386969516501745
2016,SVN.7.11_1,Kamnik,262,264.6744,2590.4359617233276,9.887160159249342,9.787253817427418
2016,SVN.7.12_1,Komenda,25,24.2478,685.7831211090088,27.43132484436035,28.28230707451274
2016,SVN.7.13_1,Litija,320,319.2343,2036.5345268249512,6.364170396327973,6.379435815857724
2016,SVN.7.14_1,Ljubljana,275,276.4294,11378.435222625732,41.37612808227539,41.16217271638449
2016,SVN.7.15_1,Logatec,173,172.2888,1363.666666984558,7.882466283147735,7.9150056435345935
2016,SVN.7.16_1,Lukovica,75,75.1131,1216.0,16.213333333333335,16.188921324653194
2016,SVN.7.17_1,Medvode,75,76.3493,1890.0,25.2,24.754632951734585
2016,SVN.7.18_1,Mengeš,22,21.4582,874.0,39.72727272727273,40.73033137138891
2016,SVN.7.19_1,Moravce,60,61.357,699.1000003814697,11.651666673024495,11.39396561068514
2016,SVN.7.20_1,Škofljica,39,41.8098,1105.0,28.333333333333332,26.429224911621997
2016,SVN.7.21_1,Trzin,8,8.5875,421.0,52.625,49.02472970373821
2016,SVN.7.22_1,Velike Lašče,103,102.246,598.0,5.805825242718447,5.848640607604659
2016,SVN.7.23_1,Vodice,34,32.1413,817.0,24.029411764705884,25.419003417732686
2016,SVN.7.24_1,Vrhnika,128,123.5543,1871.2666673660278,14.619270838797092,15.145301567634785
2016,SVN.8.1_1,Benedikt,24,23.6001,277.9464292526245,11.581101218859354,11.777344532585285
2016,SVN.8.2_1,Cerkvenjak,21,23.3141,221.5,10.547619047619047,9.50069505473421
2016,SVN.8.3_1,Destrnik,35,34.9829,443.0,12.657142857142857,12.663329144097446
2016,SVN.8.4_1,Dornava,25,27.7855,254.0,10.16,9.141449077810563
2016,SVN.8.5_1,Duplek,35,36.6236,678.0,19.37142857142857,18.51266639214955
2016,SVN.8.6_1,Gorišnica,62,58.8136,897.3500003814697,14.473387102926932,15.257534676282768
2016,SVN.8.7_1,Hajdina,23,22.2098,803.0,34.91304347826087,36.15529060012139
2016,SVN.8.8_1,Hoce-Slivnica,54,53.0168,2050.04146194458,37.96373077675148,38.66777643216256
2016,SVN.8.9_1,Juršinci,39,36.4549,300.6666669845581,7.709401717552772,8.247624555552775
2016,SVN.8.10_1,Kidricevo,72,72.2552,1441.0,20.01388888888889,19.943196659738753
2016,SVN.8.11_1,Kungota,49,49.2311,798.0,16.285714285714285,16.20927469635074
2016,SVN.8.12_1,Lenart,119,118.6381,1813.6751728057861,15.240967838704085,15.28745994467197
2016,SVN.8.13_1,Lovrenc na Pohorju,88,84.3319,537.8333333730698,6.111742424693975,6.377576014603801
2016,SVN.8.14_1,Majšperk,76,73.049,657.7500009536743,8.65460527570624,9.00422552744513
2016,SVN.8.15_1,Maribor,148,148.2768,5759.519714355469,38.91567374564506,38.84302991833035
2016,SVN.8.16_1,Markovci,32,30.1473,616.0,19.25,20.432985092543436
2016,SVN.8.17_1,Miklavž na Dravskem Polju,15,12.6428,495.93103408813477,33.062068939208984,39.22628498810781
2016,SVN.8.18_1,Oplotnica,33,33.4925,521.0,15.787878787878787,15.555717200492825
2016,SVN.8.19_1,Ormož,202,203.3344,1769.0,8.757425742574258,8.69995649073522
2016,SVN.8.20_1,Pesnica,75,74.2044,1504.6512145996094,20.062016194661457,20.277124257286026
2016,SVN.8.21_1,Podlehnik,50,50.6164,467.5,9.35,9.236133217122655
2016,SVN.8.22_1,Ptuj,69,65.9821,2003.7532348632812,29.03990195454031,30.368128158015683
2016,SVN.8.23_1,Race-Fram,49,50.2968,1094.980770111084,22.346546328797633,21.7703844288751
2016,SVN.8.24_1,Ruše,58,59.7856,601.2000017166138,10.365517270976099,10.055926283881398
2016,SVN.8.25_1,Selnica ob Dravi,61,61.063,753.0,12.344262295081966,12.331517533323376
2016,SVN.8.26_1,Šentilj,57,59.2267,1139.3333358764648,19.988304138183594,19.236830714706954
2016,SVN.8.27_1,Slovenska Bistrica,335,335.0452,4086.0175161361694,12.197067212346774,12.195423496501272
2016,SVN.8.28_1,Starše,33,34.3011,637.0,19.303030303030305,18.57083613271373
2016,SVN.8.29_1,Sveta Ana,40,38.4319,422.0,10.55,10.980464355765605
2016,SVN.8.30_1,Sveti Andraž v Slovenskih Gorica,17,17.2853,102.5,6.029411764705882,5.929903552565422
2016,SVN.8.31_1,Trnovska Vas,22,22.4787,244.10000038146973,11.095454562794078,10.859183644334765
2016,SVN.8.32_1,Videm,72,70.8118,1016.75,14.121527777777779,14.358485023218899
2016,SVN.8.33_1,Zavrc,12,12.6615,152.0,12.666666666666666,12.00485584559761
2016,SVN.8.34_1,Žetale,36,36.6322,268.0,7.444444444444445,7.315959129967903
2016,SVN.9.1_1,Beltinci,63,62.0632,1021.4000005722046,16.212698421781024,16.457429779501727
2016,SVN.9.2_1,Cankova,26,26.5785,200.3333339691162,7.705128229581392,7.537431554476792
2016,SVN.9.3_1,Črenšovci,32,31.9352,451.7333335876465,14.116666674613953,14.145296682469876
2016,SVN.9.4_1,Dobrovnik,33,34.006,234.20000076293945,7.096969720089074,6.887016147619289
2016,SVN.9.5_1,Gornja Radgona,122,120.5406,1672.7166666984558,13.710792349987342,13.87678978598206
2016,SVN.9.6_1,Gornji Petrovci,63,63.9394,335.0,5.317460317460317,5.239334563329417
2016,SVN.9.7_1,Grad,40,36.7113,251.0,6.275,6.83714029720713
2016,SVN.9.8_1,Hodoš,22,23.8037,270.8333330154419,12.31060604615645,11.37778218872091
2016,SVN.9.9_1,Kobilje,19,19.2954,49.0,2.5789473684210527,2.539462109150748
2016,SVN.9.10_1,Križevci,47,47.0896,581.0,12.361702127659575,12.338185239783586
2016,SVN.9.11_1,Kuzma,17,17.095,97.0,5.705882352941177,5.674182485001519
2016,SVN.9.12_1,Lendava,108,110.1086,1706.2827081680298,15.798913964518794,15.496361369854194
2016,SVN.9.13_1,Ljutomer,111,108.5309,1111.6514053344727,10.01487752553579,10.242718613291073
2016,SVN.9.14_1,Moravske Toplice,142,143.39,1021.4679756164551,7.1934364480032045,7.123702683302086
2016,SVN.9.15_1,Murska Sobota,68,65.8851,2148.0101928710938,31.58838518928079,32.602355672279344
2016,SVN.9.16_1,Odranci,8,7.8191,137.0,17.125,17.52113657861224
2016,SVN.9.17_1,Puconci,108,106.0635,933.000002861023,8.638888915379843,8.796619094542923
2016,SVN.9.18_1,Radenci,35,33.8123,645.0,18.428571428571427,19.075905255088788
2016,SVN.9.19_1,Razkrižje,6,6.9318,63.0,10.5,9.088543693814778
2016,SVN.9.20_1,Rogašovci,31,31.9244,271.50000190734863,8.758064577656407,8.504473453233684
2016,SVN.9.21_1,Šalovci,53,50.5578,175.0833339691162,3.3034591314927586,3.4630310082974107
2016,SVN.9.22_1,Sveti Jurij,48,51.1951,505.3500003814697,10.528125007947287,9.871062201855617
2016,SVN.9.23_1,Tišina,33,35.3877,505.0,15.303030303030303,14.270500783002085
2016,SVN.9.24_1,Turnišče,20,22.9794,285.5761909484863,14.278809547424316,12.427461237364852
2016,SVN.9.25_1,Velika Polana,24,24.1079,260.7333335876465,10.86388889948527,10.815273249812721
2016,SVN.9.26_1,Veržej,12,11.769,186.26666736602783,15.52222228050232,15.826859688975137
2016,SVN.10.1_1,Bistrica ob Sotli,61,56.0788,631.0,10.344262295081966,11.252033556469103
2016,SVN.10.2_1,Braslovce,58,55.9005,737.25,12.711206896551724,13.18861353640384
2016,SVN.10.3_1,Celje,96,96.8336,3383.3299865722656,35.2430206934611,34.93963878285296
2016,SVN.10.4_1,Dobje,17,17.4869,111.0,6.529411764705882,6.347611249741228
2016,SVN.10.5_1,Dobrna,33,32.2669,337.0,10.212121212121213,10.444137364861238
2016,SVN.10.6_1,Gornji Grad,90,91.0047,523.0000009536743,5.811111121707492,5.746955084306231
2016,SVN.10.7_1,Kozje,87,88.5434,634.5000002384186,7.2931034510163055,7.165979417766819
2016,SVN.10.8_1,Laško,205,201.4876,1940.5666675567627,9.46617886613055,9.631197889006007
2016,SVN.10.9_1,Ljubno,79,79.362,354.5,4.487341772151899,4.466874990385854
2016,SVN.10.10_1,Luce,112,110.3298,213.5,1.90625,1.9351064349692553
2016,SVN.10.11_1,Mozirje,83,84.7599,780.3547601699829,9.40186458036124,9.206648117566289
2016,SVN.10.12_1,Nazarje,44,43.6766,353.1416654586792,8.02594694224271,8.08538113176331
2016,SVN.10.13_1,Podcetrtek,30,29.5669,274.3333339691162,9.144444465637207,9.278402129765459
2016,SVN.10.14_1,Polzela,33,34.477,566.0,17.151515151515152,16.41673679472708
2016,SVN.10.15_1,Prebold,42,41.0779,563.5,13.416666666666666,13.717844262328368
2016,SVN.10.16_1,Radece,53,52.1379,466.6785717010498,8.805256069831128,8.950847702949499
2016,SVN.10.17_1,Rogaška Slatina,68,70.8401,1361.6000003814697,20.023529417374554,19.22076224369342
2016,SVN.10.18_1,Rogatec,43,46.8711,604.5384616851807,14.05903399267862,12.89790532244777
2016,SVN.10.19_1,Šentjur pri Celju,224,223.8178,2681.5,11.970982142857142,11.980728579832263
2016,SVN.10.20_1,Slovenske Konjice,98,98.3364,1608.790904045105,16.41623371474597,16.360071503627562
2016,SVN.10.21_1,Šmarje pri Jelšah,112,109.0515,1319.2500009536743,11.779017865657806,12.097495623468395
2016,SVN.10.22_1,Šmartno ob Paki,17,17.0321,250.0,14.705882352941176,14.678129481096553
2016,SVN.10.23_1,Solcava,94,98.1425,0.0,0.0,0.0
2016,SVN.10.24_1,Šoštanj,99,96.868,1232.0,12.444444444444445,12.718332317911997
2016,SVN.10.25_1,Štore,29,28.5396,555.5,19.155172413793103,19.46418207524499
2016,SVN.10.26_1,Tabor,34,33.8269,207.33333349227905,6.098039220361149,6.129246387451099
2016,SVN.10.27_1,Velenje,83,84.3401,2067.0,24.903614457831324,24.507927780958312
2016,SVN.10.28_1,Vitanje,59,60.4406,293.3333339691162,4.97175142320536,4.853253288949368
2016,SVN.10.29_1,Vojnik,80,76.9489,1170.25,14.628125,15.208151195337663
2016,SVN.10.30_1,Vransko,52,54.1537,524.0,10.076923076923077,9.676162926060009
2016,SVN.10.31_1,Žalec,117,117.1442,2374.4055938720703,20.29406490488949,20.26909209456692
2016,SVN.10.32_1,Zrece,62,65.8808,862.0,13.903225806451612,13.084238084200358
2016,SVN.11.1_1,Brežice,248,245.6913,4663.75,18.805443548387096,18.98215408999766
2016,SVN.11.2_1,Krško,340,340.9379,5226.90000128746,15.373235297904294,15.330946226633149
2016,SVN.11.3_1,Sevnica,280,278.6841,2191.804770231247,7.827874179397311,7.864835749894332
2016,SVN.12.1_1,Hrastnik,56,58.2381,962.7000007629395,17.191071442195348,16.53041694304549
2016,SVN.12.2_1,Trbovlje,60,57.9159,1245.0,20.75,21.49669281405346
2016,SVN.12.3_1,Zagorje ob Savi,145,147.3849,1764.3333339691162,12.167816096338733,11.970925804261851
2017,SVN.1.1_1,Bled,187,187.7102,1880.6666668653488,10.05704099927994,10.018992552810374
2017,SVN.1.2_1,Bohinj,331,330.4201,717.333333492279,2.167170191819574,2.170973420192111
2017,SVN.1.3_1,Cerklje na Gorenjskem,74,77.1957,1418.0509252548218,19.162850341281377,18.369555640187286
2017,SVN.1.4_1,Gorenja Vas-Poljane,152,151.5701,1237.166672706604,8.139254425701342,8.162338233840023
2017,SVN.1.5_1,Jesenice,75,74.7956,1954.0833339691162,26.05444445292155,26.12563004477686
2017,SVN.1.6_1,Jezersko,73,70.5865,34.0,0.4657534246575342,0.4816786399592808
2017,SVN.1.7_1,Kranj,146,145.7396,3925.7423553466797,26.888646269497805,26.936687785209696
2017,SVN.1.8_1,Kranjska Gora,244,249.6461,1851.0000009536743,7.586065577678993,7.4144973400418355
2017,SVN.1.9_1,Naklo,28,27.6347,645.0,23.035714285714285,23.34021353536549
2017,SVN.1.10_1,Preddvor,88,86.0439,597.3333339691162,6.787878795103594,6.942194850165294
2017,SVN.1.11_1,Radovljica,117,116.9011,2096.6000003814697,17.919658122918545,17.93482450910424
2017,SVN.1.12_1,Šenčur,46,42.6248,1492.6782627105713,32.44952745022981,35.01899425410546
2017,SVN.1.13_1,Škofja Loka,145,144.4252,2259.257429599762,15.581085721377669,15.643099304700547
2017,SVN.1.14_1,Tržič,157,156.9897,1421.0,9.050955414012739,9.051551240008214
2017,SVN.1.15_1,Železniki,163,163.136,696.6666674613953,4.2740286347324865,4.2704650894833245
2017,SVN.1.16_1,Žiri,51,49.568,481.10000228881836,9.433333378212124,9.70585860732707
2017,SVN.1.17_1,Žirovnica,42,42.0999,668.0,15.904761904761905,15.867038824315278
2017,SVN.2.1_1,Ajdovščina,241,240.3435,2059.595245361328,8.546038362495137,8.56938305481962
2017,SVN.2.2_1,Bovec,383,382.1081,489.6666671037674,1.278503047268322,1.2814872024742532
2017,SVN.2.3_1,Brda,62,61.2313,761.6363639831543,12.284457483599263,12.438683469173418
2017,SVN.2.4_1,Cerkno,130,131.479,766.3333339691162,5.8948717997624325,5.828558783959809
2017,SVN.2.5_1,Idrija,292,295.2119,1418.2333364486694,4.856963480988594,4.80411936904925
2017,SVN.2.6_1,Kanal,129,132.6271,1202.1666679382324,9.319121456885522,9.064262541382146
2017,SVN.2.7_1,Kobarid,188,190.1235,676.6666680574417,3.5992907875395836,3.559090283973965
2017,SVN.2.8_1,Miren-Kostanjevica,49,46.6248,562.0,11.46938775510204,12.053680046973046
2017,SVN.2.9_1,Nova Gorica,295,297.6162,3509.892867088318,11.897941922333281,11.793353994685772
2017,SVN.2.10_1,Šempeter-Vrtojba,7,7.7338,327.0,46.714285714285715,42.28185958638269
2017,SVN.2.11_1,Tolmin,385,384.2645,1246.5500042438507,3.237792218815197,3.2439894641418316
2017,SVN.2.12_1,Vipava,112,108.4008,866.0666673183441,7.732738101056644,7.989482756089974
2017,SVN.3.1_1,Crnomelj,335,330.8646,1644.367838859558,4.908560713013606,4.969911509049775
2017,SVN.3.2_1,Dolenjske Toplice,112,111.0355,278.65000104904175,2.4879464379378726,2.509556702631405
2017,SVN.3.3_1,Kocevje,543,545.407,2576.1500039100647,4.744290983259788,4.72335311455078
2017,SVN.3.4_1,Kostel,37,35.6858,55.0,1.4864864864864864,1.5412292769860256
2017,SVN.3.5_1,Loški Potok,124,123.4977,724.6000003814697,5.843548390173143,5.867316340814345
2017,SVN.3.6_1,Metlika,111,113.0004,1204.1000003814697,10.847747751184412,10.655712639723262
2017,SVN.3.7_1,Mirna Pec,50,48.1712,457.84524154663086,9.156904830932618,9.50454404356337
2017,SVN.3.8_1,Novo Mesto,296,300.285,4788.7261967659,16.17812904312804,15.947270825932685
2017,SVN.3.9_1,Osilnica,32,31.0875,121.0,3.78125,3.8922345223945096
2017,SVN.3.10_1,Ribnica,160,155.756,1775.0000002384186,11.093750001490116,11.396028071648125
2017,SVN.3.11_1,Semic,149,148.9731,563.4166679382324,3.78131991904854,3.78200189516409
2017,SVN.3.12_1,Šentjernej,100,100.1929,1168.5026035308838,11.685026035308837,11.662524858196639
2017,SVN.3.13_1,Škocjan,63,61.2852,639.2619047164917,10.147014360579233,10.430939952356802
2017,SVN.3.14_1,Sodražica,50,49.9829,408.0,8.16,8.162786362055916
2017,SVN.3.15_1,Trebnje,311,317.9015,3198.279975414276,10.283858441846547,10.06059978069227
2017,SVN.3.16_1,Žužemberk,168,162.6138,1115.5166729688644,6.639980196243241,6.859913424199338
2017,SVN.4.1_1,Črna na Koroškem,155,152.0071,368.1666667461395,2.3752688177170294,2.4220356771723144
2017,SVN.4.2_1,Dravograd,100,101.2156,1073.2857160568237,10.732857160568237,10.603955096091505
2017,SVN.4.3_1,Mežica,26,25.1048,330.5,12.711538461538462,13.164793563299375
2017,SVN.4.4_1,Mislinja,113,113.4849,720.5,6.376106194690266,6.348862559898379
2017,SVN.4.5_1,Muta,38,37.5131,333.0,8.763157894736842,8.876901915923288
2017,SVN.4.6_1,Podvelka,109,106.5864,502.1166695356369,4.606574949868229,4.710889254982705
2017,SVN.4.7_1,Prevalje,49,53.1459,662.00000166893,13.51020411569245,12.456268941522582
2017,SVN.4.8_1,Radlje ob Dravi,92,93.2679,808.1500005722046,8.784239136654397,8.664824792341857
2017,SVN.4.9_1,Ravne na Koroškem,65,64.9398,1022.230770111084,15.726627232478215,15.741194973374121
2017,SVN.4.10_1,Ribnica na Pohorju,60,59.5312,395.00000381469727,6.5833333969116214,6.635171294563437
2017,SVN.4.11_1,Slovenj Gradec,181,175.7583,2108.0,11.646408839779005,11.993742094204375
2017,SVN.4.12_1,Vuzenica,49,49.955,343.6666667461395,7.013605443798766,6.879522463992795
2017,SVN.5.1_1,Bloke,74,75.5663,433.9000005722046,5.863513521246008,5.74197972866072
2017,SVN.5.2_1,Cerknica,245,243.7275,1500.2333339452744,6.123401363041936,6.155371996757862
2017,SVN.5.3_1,Ilirska Bistrica,474,469.8196,2653.866671681404,5.5988748347708945,5.648692957325471
2017,SVN.5.4_1,Loška Dolina,166,166.6122,612.8055562973022,3.6915997367307365,3.678035249572259
2017,SVN.5.5_1,Pivka,225,224.9807,1160.3166675567627,5.156962966918945,5.157406471121607
2017,SVN.5.6_1,Postojna,272,271.1278,2484.9928572177887,9.136003151535988,9.165393700627577
2017,SVN.6.1_1,Divaca,144,147.4596,1204.1104612350464,8.361878203021156,8.16569947552006
2017,SVN.6.2_1,Hrpelje-Kozina,187,185.866,1664.0785720348358,8.898815893234415,8.953109447873965
2017,SVN.6.3_1,Izola,26,24.2792,835.0,32.11538461538461,34.391538069187824
2017,SVN.6.4_1,Komen,94,90.9951,798.2000007629395,8.491489369818504,8.771900083496895
2017,SVN.6.5_1,Koper,290,291.0771,5473.236359000206,18.873228824138643,18.80338802099194
2017,SVN.6.6_1,Piran,28,27.7566,756.0,27.0,27.236720915834155
2017,SVN.6.7_1,Sežana,177,177.7348,2290.6800146102905,12.941694997798251,12.888193376691593
2017,SVN.7.1_1,Borovnica,40,42.2423,350.9000005722046,8.772500014305114,8.306838412971077
2017,SVN.7.2_1,Brezovica,88,89.8349,1302.3333333730698,14.799242424693974,14.496958299620433
2017,SVN.7.3_1,Dobrepolje,93,95.3671,574.6666669845581,6.179211472952238,6.025840743068159
2017,SVN.7.4_1,Dobrova-Polhov Gradec,111,117.3249,1354.0,12.198198198198199,11.540601526377209
2017,SVN.7.5_1,Dol pri Ljubljani,36,33.5133,806.8333330154419,22.41203702820672,24.07503500685256
2017,SVN.7.6_1,Domžale,73,71.6483,2806.0,38.43835616438356,39.16354786280654
2017,SVN.7.7_1,Grosuplje,136,134.7405,2366.0,17.397058823529413,17.559678156643105
2017,SVN.7.8_1,Horjul,33,32.6953,467.55000495910645,14.168181968457771,14.300221352027908
2017,SVN.7.9_1,Ig,103,99.6528,1274.666666984558,12.375404533830661,12.791071109869218
2017,SVN.7.10_1,Ivancna Gorica,231,229.5426,2079.333341360092,9.001443036190874,9.058595092980509
2017,SVN.7.11_1,Kamnik,262,264.6744,2625.626444220543,10.021474977941004,9.920211431221837
2017,SVN.7.12_1,Komenda,25,24.2478,700.1672477722168,28.00668991088867,28.875521277028625
2017,SVN.7.13_1,Litija,320,319.2343,2493.583335876465,7.792447924613953,7.811139282532591
2017,SVN.7.14_1,Ljubljana,275,276.4294,11378.435222625732,41.37612808227539,41.16217271638449
2017,SVN.7.15_1,Logatec,173,172.2888,1474.166668176651,8.521194613737867,8.556370688395589
2017,SVN.7.16_1,Lukovica,75,75.1131,1217.75,16.236666666666668,16.212219525572717
2017,SVN.7.17_1,Medvode,75,76.3493,1891.0,25.213333333333335,24.767730641127038
2017,SVN.7.18_1,Mengeš,22,21.4582,874.0,39.72727272727273,40.73033137138891
2017,SVN.7.19_1,Moravce,60,61.357,708.9500017166138,11.815833361943563,11.55450140873491
2017,SVN.7.20_1,Škofljica,39,41.8098,1105.0,28.333333333333332,26.429224911621997
2017,SVN.7.21_1,Trzin,8,8.5875,421.0,52.625,49.02472970373821
2017,SVN.7.22_1,Velike Lašče,103,102.246,638.0,6.194174757281553,6.239854026173532
2017,SVN.7.23_1,Vodice,34,32.1413,818.3333339691162,24.06862746967989,25.460486919223435
2017,SVN.7.24_1,Vrhnika,128,123.5543,1881.466667175293,14.698958337306976,15.22785638240022
2017,SVN.8.1_1,Benedikt,24,23.6001,277.9464302062988,11.581101258595785,11.777344572995055
2017,SVN.8.2_1,Cerkvenjak,21,23.3141,221.5,10.547619047619047,9.50069505473421
2017,SVN.8.3_1,Destrnik,35,34.9829,443.0,12.657142857142857,12.663329144097446
2017,SVN.8.4_1,Dornava,25,27.7855,259.0,10.36,9.321398862806834
2017,SVN.8.5_1,Duplek,35,36.6236,678.0,19.37142857142857,18.51266639214955
2017,SVN.8.6_1,Gorišnica,62,58.8136,905.9500036239624,14.612096832644555,15.403759502306835
2017,SVN.8.7_1,Hajdina,23,22.2098,803.0,34.91304347826087,36.15529060012139
2017,SVN.8.8_1,Hoce-Slivnica,54,53.0168,2050.04146194458,37.96373077675148,38.66777643216256
2017,SVN.8.9_1,Juršinci,39,36.4549,319.7500009536743,8.198717973171137,8.771101851602959
2017,SVN.8.10_1,Kidricevo,72,72.2552,1441.0,20.01388888888889,19.943196659738753
2017,SVN.8.11_1,Kungota,49,49.2311,799.1666660308838,16.30952379654865,16.232972453460384
2017,SVN.8.12_1,Lenart,119,118.6381,1813.6751766204834,15.240967870760365,15.287459976826035
2017,SVN.8.13_1,Lovrenc na Pohorju,88,84.3319,534.9333328008652,6.078787872737104,6.3431880863293735
2017,SVN.8.14_1,Majšperk,76,73.049,657.7500009536743,8.65460527570624,9.00422552744513
2017,SVN.8.15_1,Maribor,148,148.2768,5760.40860748291,38.921679780289935,38.84902474151975
2017,SVN.8.16_1,Markovci,32,30.1473,616.0,19.25,20.432985092543436
2017,SVN.8.17_1,Miklavž na Dravskem Polju,15,12.6428,495.93103408813477,33.062068939208984,39.22628498810781
2017,SVN.8.18_1,Oplotnica,33,33.4925,521.1999998092651,15.793939388159549,15.561688679327913
2017,SVN.8.19_1,Ormož,202,203.3344,1920.666666984558,9.508250826656228,9.445854401340354
2017,SVN.8.20_1,Pesnica,75,74.2044,1504.6512145996094,20.062016194661457,20.277124257286026
2017,SVN.8.21_1,Podlehnik,50,50.6164,467.5,9.35,9.236133217122655
2017,SVN.8.22_1,Ptuj,69,65.9821,2003.7532348632812,29.03990195454031,30.368128158015683
2017,SVN.8.23_1,Race-Fram,49,50.2968,1096.3141078948975,22.3737573039775,21.796893822390953
2017,SVN.8.24_1,Ruše,58,59.7856,603.5333350896835,10.405747156718682,10.094954607780789
2017,SVN.8.25_1,Selnica ob Dravi,61,61.063,756.5,12.401639344262295,12.388835343903233
2017,SVN.8.26_1,Šentilj,57,59.2267,1142.8611183166504,20.050195058186848,19.296394804919377
2017,SVN.8.27_1,Slovenska Bistrica,335,335.0452,4158.569900870323,12.413641495135293,12.411968593045742
2017,SVN.8.28_1,Starše,33,34.3011,637.0,19.303030303030305,18.57083613271373
2017,SVN.8.29_1,Sveta Ana,40,38.4319,422.0,10.55,10.980464355765605
2017,SVN.8.30_1,Sveti Andraž v Slovenskih Gorica,17,17.2853,112.5,6.617647058823529,6.508430728425464
2017,SVN.8.31_1,Trnovska Vas,22,22.4787,244.10000038146973,11.095454562794078,10.859183644334765
2017,SVN.8.32_1,Videm,72,70.8118,1016.75,14.121527777777779,14.358485023218899
2017,SVN.8.33_1,Zavrc,12,12.6615,152.0,12.666666666666666,12.00485584559761
2017,SVN.8.34_1,Žetale,36,36.6322,271.0,7.527777777777778,7.397854194855604
2017,SVN.9.1_1,Beltinci,63,62.0632,1023.850001335144,16.251587322780065,16.496905710080554
2017,SVN.9.2_1,Cankova,26,26.5785,238.3333339691162,9.166666691119854,8.967160663434134
2017,SVN.9.3_1,Črenšovci,32,31.9352,455.53333473205566,14.23541671037674,14.264287555148002
2017,SVN.9.4_1,Dobrovnik,33,34.006,239.45000076293945,7.256060629179983,7.041400582534812
2017,SVN.9.5_1,Gornja Radgona,122,120.5406,1680.9666666984558,13.778415300807016,13.945231452173093
2017,SVN.9.6_1,Gornji Petrovci,63,63.9394,367.0,5.825396825396825,5.739808312662377
2017,SVN.9.7_1,Grad,40,36.7113,264.0,6.6,7.191255133317459
2017,SVN.9.8_1,Hodoš,22,23.8037,270.8333330154419,12.31060604615645,11.37778218872091
2017,SVN.9.9_1,Kobilje,19,19.2954,54.0,2.8421052631578947,2.798590895798783
2017,SVN.9.10_1,Križevci,47,47.0896,587.0,12.48936170212766,12.465601954824379
2017,SVN.9.11_1,Kuzma,17,17.095,115.0,6.764705882352941,6.727123564692523
2017,SVN.9.12_1,Lendava,108,110.1086,1734.2827081680298,16.058173223778052,15.75065575863211
2017,SVN.9.13_1,Ljutomer,111,108.5309,1275.9256067276,11.494825285834235,11.756335572904998
2017,SVN.9.14_1,Moravske Toplice,142,143.39,1163.5513095855713,8.194023306940643,8.114589770914854
2017,SVN.9.15_1,Murska Sobota,68,65.8851,2148.0101928710938,31.58838518928079,32.602355672279344
2017,SVN.9.16_1,Odranci,8,7.8191,137.0,17.125,17.52113657861224
2017,SVN.9.17_1,Puconci,108,106.0635,925.0000047683716,8.564814858966404,8.721192582471831
2017,SVN.9.18_1,Radenci,35,33.8123,645.0,18.428571428571427,19.075905255088788
2017,SVN.9.19_1,Razkrižje,6,6.9318,63.0,10.5,9.088543693814778
2017,SVN.9.20_1,Rogašovci,31,31.9244,292.33333587646484,9.43010760891822,9.157057373815618
2017,SVN.9.21_1,Šalovci,53,50.5578,210.0833339691162,3.9638364899833247,4.155307551944846
2017,SVN.9.22_1,Sveti Jurij,48,51.1951,513.3500003814697,10.694791674613953,10.027327161893679
2017,SVN.9.23_1,Tišina,33,35.3877,505.0,15.303030303030303,14.270500783002085
2017,SVN.9.24_1,Turnišče,20,22.9794,287.30952644348145,14.365476322174072,12.5028910538487
2017,SVN.9.25_1,Velika Polana,24,24.1079,261.7333335876465,10.905555566151937,10.856753459116979
2017,SVN.9.26_1,Veržej,12,11.769,187.5999994277954,15.633333285649618,15.94015134635439
2017,SVN.10.1_1,Bistrica ob Sotli,61,56.0788,631.5,10.352459016393443,11.260949589398159
2017,SVN.10.2_1,Braslovce,58,55.9005,737.25,12.711206896551724,13.18861353640384
2017,SVN.10.3_1,Celje,96,96.8336,3383.3299865722656,35.2430206934611,34.93963878285296
2017,SVN.10.4_1,Dobje,17,17.4869,113.0,6.647058823529412,6.46198262361044
2017,SVN.10.5_1,Dobrna,33,32.2669,343.6666669845581,10.414141423774488,10.650747411604591
2017,SVN.10.6_1,Gornji Grad,90,91.0047,578.8666684627533,6.43185187180837,6.360842710117127
2017,SVN.10.7_1,Kozje,87,88.5434,637.2500002384186,7.324712646418605,7.197037642182034
2017,SVN.10.8_1,Laško,205,201.4876,1959.666666984558,9.559349595046625,9.725992815273914
2017,SVN.10.9_1,Ljubno,79,79.362,356.5,4.512658227848101,4.492075977637679
2017,SVN.10.10_1,Luce,112,110.3298,247.75,2.2120535714285716,2.2455392002980465
2017,SVN.10.11_1,Mozirje,83,84.7599,796.6178636550903,9.597805586205908,9.398520684671965
2017,SVN.10.12_1,Nazarje,44,43.6766,383.7055562734604,8.720580824396826,8.785158955448125
2017,SVN.10.13_1,Podcetrtek,30,29.5669,276.3333339691162,9.211111132303873,9.346045401514637
2017,SVN.10.14_1,Polzela,33,34.477,566.0,17.151515151515152,16.41673679472708
2017,SVN.10.15_1,Prebold,42,41.0779,574.5,13.678571428571429,13.985628267449242
2017,SVN.10.16_1,Radece,53,52.1379,492.4285717010498,9.291105126434902,9.444730092944033
2017,SVN.10.17_1,Rogaška Slatina,68,70.8401,1361.6000003814697,20.023529417374554,19.22076224369342
2017,SVN.10.18_1,Rogatec,43,46.8711,604.5384616851807,14.05903399267862,12.89790532244777
2017,SVN.10.19_1,Šentjur pri Celju,224,223.8178,2691.0,12.013392857142858,12.02317382372874
2017,SVN.10.20_1,Slovenske Konjice,98,98.3364,1612.0575704574585,16.44956704548427,16.393290796420818
2017,SVN.10.21_1,Šmarje pri Jelšah,112,109.0515,1326.5166692733765,11.843898832798004,12.164130823871082
2017,SVN.10.22_1,Šmartno ob Paki,17,17.0321,250.0,14.705882352941176,14.678129481096553
2017,SVN.10.23_1,Solcava,94,98.1425,0.0,0.0,0.0
2017,SVN.10.24_1,Šoštanj,99,96.868,1235.0,12.474747474747474,12.749302282971847
2017,SVN.10.25_1,Štore,29,28.5396,555.5,19.155172413793103,19.46418207524499
2017,SVN.10.26_1,Tabor,34,33.8269,234.00000047683716,6.8823529552010925,6.91757390588436
2017,SVN.10.27_1,Velenje,83,84.3401,2074.0,24.987951807228917,24.59092511742019
2017,SVN.10.28_1,Vitanje,59,60.4406,320.916667342186,5.439265548172644,5.309624549595566
2017,SVN.10.29_1,Vojnik,80,76.9489,1172.0,14.65,15.23089357054966
2017,SVN.10.30_1,Vransko,52,54.1537,534.0,10.26923076923077,9.860822523885581
2017,SVN.10.31_1,Žalec,117,117.1442,2378.4055938720703,20.328252939077522,20.303238058755813
2017,SVN.10.32_1,Zrece,62,65.8808,887.0,14.306451612903226,13.463711346503153
2017,SVN.11.1_1,Brežice,248,245.6913,4663.75,18.805443548387096,18.98215408999766
2017,SVN.11.2_1,Krško,340,340.9379,5250.700004696846,15.4432353079319,15.400753678922861
2017,SVN.11.3_1,Sevnica,280,278.6841,2318.5492141246796,8.28053290758814,8.31963183710623
2017,SVN.12.1_1,Hrastnik,56,58.2381,965.3000020980835,17.237500037465775,16.575061283014687
2017,SVN.12.2_1,Trbovlje,60,57.9159,1245.933334350586,20.765555572509765,21.512808156886674
2017,SVN.12.3_1,Zagorje ob Savi,145,147.3849,1813.78333568573,12.508850590936069,12.306441939548204
2018,SVN.1.1_1,Bled,187,187.7102,1905.5333346128464,10.19001783215426,10.15146629914983
2018,SVN.1.2_1,Bohinj,331,330.4201,731.333333492279,2.2094662643271272,2.2133437192756915
2018,SVN.1.3_1,Cerklje na Gorenjskem,74,77.1957,1443.671636581421,19.509076170019203,18.701448574265495
2018,SVN.1.4_1,Gorenja Vas-Poljane,152,151.5701,1223.6666736602783,8.050438642501831,8.07327055944854
2018,SVN.1.5_1,Jesenice,75,74.7956,1956.4166679382324,26.085555572509765,26.156826165734614
2018,SVN.1.6_1,Jezersko,73,70.5865,34.0,0.4657534246575342,0.4816786399592808
2018,SVN.1.7_1,Kranj,146,145.7396,3943.0982513427734,27.00752226947105,27.055776179037327
2018,SVN.1.8_1,Kranjska Gora,244,249.6461,1873.0000009536743,7.676229512105222,7.502622105788394
2018,SVN.1.9_1,Naklo,28,27.6347,645.0,23.035714285714285,23.34021353536549
2018,SVN.1.10_1,Preddvor,88,86.0439,600.3333339691162,6.821969704194502,6.977060784085487
2018,SVN.1.11_1,Radovljica,117,116.9011,2099.2666671276093,17.942450146389824,17.957635822710827
2018,SVN.1.12_1,Šenčur,46,42.6248,1500.671718597412,32.62329823037852,35.206524810933836
2018,SVN.1.13_1,Škofja Loka,145,144.4252,2306.9331574440002,15.909883844441381,15.973206062487515
2018,SVN.1.14_1,Tržič,157,156.9897,1421.0,9.050955414012739,9.051551240008214
2018,SVN.1.15_1,Železniki,163,163.136,701.4166679382324,4.303169741952346,4.299581899801347
2018,SVN.1.16_1,Žiri,51,49.568,480.60000228881836,9.423529456643497,9.695771454384696
2018,SVN.1.17_1,Žirovnica,42,42.0999,670.6666667461395,15.96825397014618,15.930380298555557
2018,SVN.2.1_1,Ajdovščina,241,240.3435,2077.595245361328,8.620727159175635,8.64427587433557
2018,SVN.2.2_1,Bovec,383,382.1081,499.6666671037674,1.3046127078427348,1.3076578056328032
2018,SVN.2.3_1,Brda,62,61.2313,761.6363639831543,12.284457483599263,12.438683469173418
2018,SVN.2.4_1,Cerkno,130,131.479,701.3333339691162,5.3948717997624325,5.334183419919263
2018,SVN.2.5_1,Idrija,292,295.2119,1410.7333364486694,4.831278549481745,4.778713891444209
2018,SVN.2.6_1,Kanal,129,132.6271,1204.1666679382324,9.334625332854515,9.079342418046716
2018,SVN.2.7_1,Kobarid,188,190.1235,681.6666680574417,3.6258865322204348,3.585388980599523
2018,SVN.2.8_1,Miren-Kostanjevica,49,46.6248,562.0,11.46938775510204,12.053680046973046
2018,SVN.2.9_1,Nova Gorica,295,297.6162,3511.892867088318,11.90472158335023,11.80007405962295
2018,SVN.2.10_1,Šempeter-Vrtojba,7,7.7338,327.0,46.714285714285715,42.28185958638269
2018,SVN.2.11_1,Tolmin,385,384.2645,1285.5500042438507,3.339090920113898,3.345482054628224
2018,SVN.2.12_1,Vipava,112,108.4008,866.0666673183441,7.732738101056644,7.989482756089974
2018,SVN.3.1_1,Crnomelj,335,330.8646,1718.2011723518372,5.12895872343832,5.1930642156420435
2018,SVN.3.2_1,Dolenjske Toplice,112,111.0355,281.65000104904175,2.514732152223587,2.5365750772215745
2018,SVN.3.3_1,Kocevje,543,545.407,2611.30702483654,4.809036878152008,4.787813267895636
2018,SVN.3.4_1,Kostel,37,35.6858,54.0,1.4594594594594594,1.5132069264953707
2018,SVN.3.5_1,Loški Potok,124,123.4977,683.9333338737488,5.515591402207652,5.538025426100594
2018,SVN.3.6_1,Metlika,111,113.0004,1230.2666673660278,11.083483489784035,10.887275204326246
2018,SVN.3.7_1,Mirna Pec,50,48.1712,466.26190853118896,9.325238170623779,9.679268109242212
2018,SVN.3.8_1,Novo Mesto,296,300.285,4811.262565135956,16.254265422756607,16.022320756762515
2018,SVN.3.9_1,Osilnica,32,31.0875,94.0,2.9375,3.0237193810337515
2018,SVN.3.10_1,Ribnica,160,155.756,1769.3333337306976,11.05833333581686,11.359646386810953
2018,SVN.3.11_1,Semic,149,148.9731,586.4166679382324,3.9356823351559225,3.9363921511483353
2018,SVN.3.12_1,Šentjernej,100,100.1929,1171.788317680359,11.71788317680359,11.695318728599144
2018,SVN.3.13_1,Škocjan,63,61.2852,639.2619047164917,10.147014360579233,10.430939952356802
2018,SVN.3.14_1,Sodražica,50,49.9829,410.0,8.2,8.202800020693445
2018,SVN.3.15_1,Trebnje,311,317.9015,3227.4355363845825,10.377606226316985,10.15231233636552
2018,SVN.3.16_1,Žužemberk,168,162.6138,1124.4833399057388,6.693353213724636,6.91505429334196
2018,SVN.4.1_1,Črna na Koroškem,155,152.0071,369.1666667461395,2.381720430620255,2.4286143164026885
2018,SVN.4.2_1,Dravograd,100,101.2156,1072.2857160568237,10.722857160568237,10.594075196510758
2018,SVN.4.3_1,Mežica,26,25.1048,330.5,12.711538461538462,13.164793563299375
2018,SVN.4.4_1,Mislinja,113,113.4849,672.5,5.951327433628318,5.925898780751783
2018,SVN.4.5_1,Muta,38,37.5131,332.0,8.736842105263158,8.850244552812407
2018,SVN.4.6_1,Podvelka,109,106.5864,492.1166695356369,4.514831830602174,4.617068644339776
2018,SVN.4.7_1,Prevalje,49,53.1459,669.6666684150696,13.666666702348358,12.60052583371924
2018,SVN.4.8_1,Radlje ob Dravi,92,93.2679,813.1500005722046,8.838586962741354,8.718433805434765
2018,SVN.4.9_1,Ravne na Koroškem,65,64.9398,1028.4807720184326,15.822781107975887,15.837437917222157
2018,SVN.4.10_1,Ribnica na Pohorju,60,59.5312,293.00000381469727,4.883333396911621,4.92178530593199
2018,SVN.4.11_1,Slovenj Gradec,181,175.7583,2095.316666841507,11.576335175919928,11.921578609006161
2018,SVN.4.12_1,Vuzenica,49,49.955,351.6666667461395,7.176870749921215,7.039666536832412
2018,SVN.5.1_1,Bloke,74,75.5663,433.9000005722046,5.863513521246008,5.74197972866072
2018,SVN.5.2_1,Cerknica,245,243.7275,1521.7333339452744,6.211156465082753,6.243585273276834
2018,SVN.5.3_1,Ilirska Bistrica,474,469.8196,2662.366671681404,5.616807324222371,5.666785007935853
2018,SVN.5.4_1,Loška Dolina,166,166.6122,632.6111131906509,3.810910320425608,3.7969074360963058
2018,SVN.5.5_1,Pivka,225,224.9807,1133.3166675567627,5.036962966918946,5.037396150996242
2018,SVN.5.6_1,Postojna,272,271.1278,2478.9928600788116,9.113944338525043,9.143263924350098
2018,SVN.6.1_1,Divaca,144,147.4596,1207.1104612350464,8.382711536354488,8.18604403626861
2018,SVN.6.2_1,Hrpelje-Kozina,187,185.866,1679.5785720348358,8.981703593769176,9.0365028637704
2018,SVN.6.3_1,Izola,26,24.2792,835.0,32.11538461538461,34.391538069187824
2018,SVN.6.4_1,Komen,94,90.9951,798.2000007629395,8.491489369818504,8.771900083496895
2018,SVN.6.5_1,Koper,290,291.0771,5481.071773886681,18.90024749616097,18.830306709817346
2018,SVN.6.6_1,Piran,28,27.7566,756.0,27.0,27.236720915834155
2018,SVN.6.7_1,Sežana,177,177.7348,2290.6800146102905,12.941694997798251,12.888193376691593
2018,SVN.7.1_1,Borovnica,40,42.2423,351.9000005722046,8.797500014305115,8.330511363667643
2018,SVN.7.2_1,Brezovica,88,89.8349,1299.9333328008652,14.771969690918922,14.470242629121389
2018,SVN.7.3_1,Dobrepolje,93,95.3671,565.6666669845581,6.082437279403851,5.9314685273066505
2018,SVN.7.4_1,Dobrova-Polhov Gradec,111,117.3249,1368.0,12.324324324324325,11.659928277757771
2018,SVN.7.5_1,Dol pri Ljubljani,36,33.5133,806.8333330154419,22.41203702820672,24.07503500685256
2018,SVN.7.6_1,Domžale,73,71.6483,2806.0,38.43835616438356,39.16354786280654
2018,SVN.7.7_1,Grosuplje,136,134.7405,2363.0,17.375,17.5374131378477
2018,SVN.7.8_1,Horjul,33,32.6953,469.35000801086426,14.222727515480734,14.355275232471591
2018,SVN.7.9_1,Ig,103,99.6528,1276.166666984558,12.389967640626777,12.806123364048103
2018,SVN.7.10_1,Ivancna Gorica,231,229.5426,2086.7500092983246,9.033549823802272,9.09090573334546
2018,SVN.7.11_1,Kamnik,262,264.6744,2628.422276854515,10.032146094864562,9.930774720190975
2018,SVN.7.12_1,Komenda,25,24.2478,763.7019138336182,30.54807655334473,31.495747526574284
2018,SVN.7.13_1,Litija,320,319.2343,2485.833336830139,7.7682291775941845,7.786862443206879
2018,SVN.7.14_1,Ljubljana,275,276.4294,11391.73473739624,41.424489954168145,41.21028450973013
2018,SVN.7.15_1,Logatec,173,172.2888,1494.7445948123932,8.640142166545626,8.675809264843526
2018,SVN.7.16_1,Lukovica,75,75.1131,1217.75,16.236666666666668,16.212219525572717
2018,SVN.7.17_1,Medvode,75,76.3493,1891.0,25.213333333333335,24.767730641127038
2018,SVN.7.18_1,Mengeš,22,21.4582,874.0,39.72727272727273,40.73033137138891
2018,SVN.7.19_1,Moravce,60,61.357,711.2833337783813,11.85472222963969,11.592530167504158
2018,SVN.7.20_1,Škofljica,39,41.8098,1105.0,28.333333333333332,26.429224911621997
2018,SVN.7.21_1,Trzin,8,8.5875,421.0,52.625,49.02472970373821
2018,SVN.7.22_1,Velike Lašče,103,102.246,629.0,6.106796116504855,6.151831006995535
2018,SVN.7.23_1,Vodice,34,32.1413,824.1439456939697,24.239527814528522,25.641270223131844
2018,SVN.7.24_1,Vrhnika,128,123.5543,1895.6999992132187,14.810156243853271,15.343055412974573
2018,SVN.8.1_1,Benedikt,24,23.6001,277.9464302062988,11.581101258595785,11.777344572995055
2018,SVN.8.2_1,Cerkvenjak,21,23.3141,222.8333330154419,10.611111095973424,9.557885079050791
2018,SVN.8.3_1,Destrnik,35,34.9829,443.0,12.657142857142857,12.663329144097446
2018,SVN.8.4_1,Dornava,25,27.7855,283.5,11.34,10.20315280928856
2018,SVN.8.5_1,Duplek,35,36.6236,678.0,19.37142857142857,18.51266639214955
2018,SVN.8.6_1,Gorišnica,62,58.8136,906.5500049591064,14.621774273533974,15.413961253209921
2018,SVN.8.7_1,Hajdina,23,22.2098,803.0,34.91304347826087,36.15529060012139
2018,SVN.8.8_1,Hoce-Slivnica,54,53.0168,2050.04146194458,37.96373077675148,38.66777643216256
2018,SVN.8.9_1,Juršinci,39,36.4549,347.7500009536743,8.916666691119854,9.539173317161653
2018,SVN.8.10_1,Kidricevo,72,72.2552,1441.0,20.01388888888889,19.943196659738753
2018,SVN.8.11_1,Kungota,49,49.2311,799.1666660308838,16.30952379654865,16.232972453460384
2018,SVN.8.12_1,Lenart,119,118.6381,1829.7994194030762,15.376465709269548,15.423371147344907
2018,SVN.8.13_1,Lovrenc na Pohorju,88,84.3319,535.8333333730698,6.089015151966702,6.353860206680159
2018,SVN.8.14_1,Majšperk,76,73.049,663.5833349227905,8.731359670036717,9.084080570483781
2018,SVN.8.15_1,Maribor,148,148.2768,5767.045068264008,38.96652073151356,38.89378198820987
2018,SVN.8.16_1,Markovci,32,30.1473,616.0,19.25,20.432985092543436
2018,SVN.8.17_1,Miklavž na Dravskem Polju,15,12.6428,495.93103408813477,33.062068939208984,39.22628498810781
2018,SVN.8.18_1,Oplotnica,33,33.4925,521.1999998092651,15.793939388159549,15.561688679327913
2018,SVN.8.19_1,Ormož,202,203.3344,1941.0833349227905,9.609323440211835,9.54626374150339
2018,SVN.8.20_1,Pesnica,75,74.2044,1504.6512145996094,20.062016194661457,20.277124257286026
2018,SVN.8.21_1,Podlehnik,50,50.6164,540.6333327293396,10.812666654586792,10.68098712878113
2018,SVN.8.22_1,Ptuj,69,65.9821,2011.607723236084,29.153735119363535,30.487167820869775
2018,SVN.8.23_1,Race-Fram,49,50.2968,1096.3141078948975,22.3737573039775,21.796893822390953
2018,SVN.8.24_1,Ruše,58,59.7856,611.2833350896835,10.539367846373853,10.224584395667609
2018,SVN.8.25_1,Selnica ob Dravi,61,61.063,763.5000001192093,12.5163934445772,12.50347096701518
2018,SVN.8.26_1,Šentilj,57,59.2267,1153.1071500778198,20.22995000136526,19.469391742936207
2018,SVN.8.27_1,Slovenska Bistrica,335,335.0452,4226.167694449425,12.615425953580372,12.613725858370874
2018,SVN.8.28_1,Starše,33,34.3011,637.0,19.303030303030305,18.57083613271373
2018,SVN.8.29_1,Sveta Ana,40,38.4319,424.0,10.6,11.032504471195773
2018,SVN.8.30_1,Sveti Andraž v Slovenskih Gorica,17,17.2853,122.55000114440918,7.208823596729951,7.089850606371987
2018,SVN.8.31_1,Trnovska Vas,22,22.4787,245.10000038146973,11.140909108248623,10.903670263045804
2018,SVN.8.32_1,Videm,72,70.8118,1045.3134965896606,14.518243008189732,14.761857079273392
2018,SVN.8.33_1,Zavrc,12,12.6615,152.0,12.666666666666666,12.00485584559761
2018,SVN.8.34_1,Žetale,36,36.6322,274.6666667461395,7.629629631837209,7.49794816522116
2018,SVN.9.1_1,Beltinci,63,62.0632,1025.350001335144,16.275396846589587,16.521074639643334
2018,SVN.9.2_1,Cankova,26,26.5785,171.3333339691162,6.589743614196777,6.446322497640926
2018,SVN.9.3_1,Črenšovci,32,31.9352,455.53333473205566,14.23541671037674,14.264287555148002
2018,SVN.9.4_1,Dobrovnik,33,34.006,242.45000076293945,7.346969720089074,7.129620259629396
2018,SVN.9.5_1,Gornja Radgona,122,120.5406,1705.716667175293,13.981284157174532,14.150556454702011
2018,SVN.9.6_1,Gornji Petrovci,63,63.9394,335.0,5.317460317460317,5.239334563329417
2018,SVN.9.7_1,Grad,40,36.7113,243.25,6.08125,6.626033375679818
2018,SVN.9.8_1,Hodoš,22,23.8037,270.8333330154419,12.31060604615645,11.37778218872091
2018,SVN.9.9_1,Kobilje,19,19.2954,54.0,2.8421052631578947,2.798590895798783
2018,SVN.9.10_1,Križevci,47,47.0896,609.0690450668335,12.95891585248582,12.934262825908242
2018,SVN.9.11_1,Kuzma,17,17.095,140.00000095367432,8.235294173745547,8.189541786716854
2018,SVN.9.12_1,Lendava,108,110.1086,1742.2827081680298,16.13224729785213,15.823311298282944
2018,SVN.9.13_1,Ljutomer,111,108.5309,1785.6762790679932,16.087173685297234,16.453161101720504
2018,SVN.9.14_1,Moravske Toplice,142,143.39,1066.5513095855713,7.510924715391347,7.438113193307724
2018,SVN.9.15_1,Murska Sobota,68,65.8851,2148.0101928710938,31.58838518928079,32.602355672279344
2018,SVN.9.16_1,Odranci,8,7.8191,137.0,17.125,17.52113657861224
2018,SVN.9.17_1,Puconci,108,106.0635,895.0000047683716,8.287037081188625,8.43834309476867
2018,SVN.9.18_1,Radenci,35,33.8123,645.0,18.428571428571427,19.075905255088788
2018,SVN.9.19_1,Razkrižje,6,6.9318,63.0,10.5,9.088543693814778
2018,SVN.9.20_1,Rogašovci,31,31.9244,216.41666793823242,6.981182836717175,6.779041599955769
2018,SVN.9.21_1,Šalovci,53,50.5578,175.0833339691162,3.3034591314927586,3.4630310082974107
2018,SVN.9.22_1,Sveti Jurij,48,51.1951,523.3500003814697,10.903125007947287,10.222658361941257
2018,SVN.9.23_1,Tišina,33,35.3877,505.5999994277954,15.321212103872588,14.287455817267738
2018,SVN.9.24_1,Turnišče,20,22.9794,287.30952644348145,14.365476322174072,12.5028910538487
2018,SVN.9.25_1,Velika Polana,24,24.1079,261.7333335876465,10.905555566151937,10.856753459116979
2018,SVN.9.26_1,Veržej,12,11.769,194.076189994812,16.173015832901,16.490425643267752
2018,SVN.10.1_1,Bistrica ob Sotli,61,56.0788,633.9000005722046,10.391803288068928,11.30374655766122
2018,SVN.10.2_1,Braslovce,58,55.9005,742.1833329200745,12.79626436069094,13.276865582967803
2018,SVN.10.3_1,Celje,96,96.8336,3383.6936206817627,35.246808548768364,34.943394031228195
2018,SVN.10.4_1,Dobje,17,17.4869,145.0,8.529411764705882,8.29192460551782
2018,SVN.10.5_1,Dobrna,33,32.2669,351.6666669845581,10.65656566619873,10.898679455874294
2018,SVN.10.6_1,Gornji Grad,90,91.0047,503.3666684627533,5.592962982919481,5.531215352423195
2018,SVN.10.7_1,Kozje,87,88.5434,639.0000002384186,7.34482758894734,7.216801966809897
2018,SVN.10.8_1,Laško,205,201.4876,1978.0000009536743,9.648780492456948,9.816982715478735
2018,SVN.10.9_1,Ljubno,79,79.362,356.83333349227905,4.5168776391427725,4.496276144182444
2018,SVN.10.10_1,Luce,112,110.3298,254.16666674613953,2.269345238804817,2.3036981375884813
2018,SVN.10.11_1,Mozirje,83,84.7599,825.6535873413086,9.947633582425405,9.741084995754871
2018,SVN.10.12_1,Nazarje,44,43.6766,387.9972254037857,8.818118759176947,8.883419183577914
2018,SVN.10.13_1,Podcetrtek,30,29.5669,276.3333339691162,9.211111132303873,9.346045401514637
2018,SVN.10.14_1,Polzela,33,34.477,566.0,17.151515151515152,16.41673679472708
2018,SVN.10.15_1,Prebold,42,41.0779,583.5,13.892857142857142,14.204724271639046
2018,SVN.10.16_1,Radece,53,52.1379,493.4285717010498,9.309973050963205,9.463909991584597
2018,SVN.10.17_1,Rogaška Slatina,68,70.8401,1361.6000003814697,20.023529417374554,19.22076224369342
2018,SVN.10.18_1,Rogatec,43,46.8711,604.5384635925293,14.059034037035564,12.897905363141296
2018,SVN.10.19_1,Šentjur pri Celju,224,223.8178,2745.983332633972,12.258854163544518,12.26883497782244
2018,SVN.10.20_1,Slovenske Konjice,98,98.3364,1622.6282844543457,16.557431474023936,16.500786205798534
2018,SVN.10.21_1,Šmarje pri Jelšah,112,109.0515,1338.350004196167,11.949553608894348,12.272642263959018
2018,SVN.10.22_1,Šmartno ob Paki,17,17.0321,250.0,14.705882352941176,14.678129481096553
2018,SVN.10.23_1,Solcava,94,98.1425,0.0,0.0,0.0
2018,SVN.10.24_1,Šoštanj,99,96.868,1248.0,12.606060606060606,12.883505464897867
2018,SVN.10.25_1,Štore,29,28.5396,556.9375,19.204741379310345,19.514550683225487
2018,SVN.10.26_1,Tabor,34,33.8269,256.40000104904175,7.541176501442404,7.5797690303899925
2018,SVN.10.27_1,Velenje,83,84.3401,2075.0,25.0,24.60278187977189
2018,SVN.10.28_1,Vitanje,59,60.4406,329.666667342186,5.587570632918406,5.454394888866922
2018,SVN.10.29_1,Vojnik,80,76.9489,1175.5,14.69375,15.276378320973658
2018,SVN.10.30_1,Vransko,52,54.1537,540.3333339691162,10.391025653252235,9.977773614248784
2018,SVN.10.31_1,Žalec,117,117.1442,2401.3378353118896,20.524255002665722,20.498998932499603
2018,SVN.10.32_1,Zrece,62,65.8808,887.0,14.306451612903226,13.463711346503153
2018,SVN.11.1_1,Brežice,248,245.6913,4664.25,18.807459677419356,18.98418916414293
2018,SVN.11.2_1,Krško,340,340.9379,5254.157147526741,15.45340337507865,15.410893775502068
2018,SVN.11.3_1,Sevnica,280,278.6841,2327.949214696884,8.314104338203158,8.35336178493434
2018,SVN.12.1_1,Hrastnik,56,58.2381,965.3000020980835,17.237500037465775,16.575061283014687
2018,SVN.12.2_1,Trbovlje,60,57.9159,1245.933334350586,20.765555572509765,21.512808156886674
2018,SVN.12.3_1,Zagorje ob Savi,145,147.3849,1813.78333568573,12.508850590936069,12.306441939548204
2019,SVN.1.1_1,Bled,187,187.7102,1904.5333346128464,10.184670238571371,10.146138936928054
2019,SVN.1.2_1,Bohinj,331,330.4201,731.333333492279,2.2094662643271272,2.2133437192756915
2019,SVN.1.3_1,Cerklje na Gorenjskem,74,77.1957,1443.671636581421,19.509076170019203,18.701448574265495
2019,SVN.1.4_1,Gorenja Vas-Poljane,152,151.5701,1229.6666736602783,8.089912326712357,8.11285619530785
2019,SVN.1.5_1,Jesenice,75,74.7956,1956.4166679382324,26.085555572509765,26.156826165734614
2019,SVN.1.6_1,Jezersko,73,70.5865,34.0,0.4657534246575342,0.4816786399592808
2019,SVN.1.7_1,Kranj,146,145.7396,3943.0982513427734,27.00752226947105,27.055776179037327
2019,SVN.1.8_1,Kranjska Gora,244,249.6461,1862.0000009536743,7.631147544892108,7.458559722915115
2019,SVN.1.9_1,Naklo,28,27.6347,645.0,23.035714285714285,23.34021353536549
2019,SVN.1.10_1,Preddvor,88,86.0439,600.3333339691162,6.821969704194502,6.977060784085487
2019,SVN.1.11_1,Radovljica,117,116.9011,2096.2666671276093,17.9168091207488,17.931973095668226
2019,SVN.1.12_1,Šenčur,46,42.6248,1500.671718597412,32.62329823037852,35.206524810933836
2019,SVN.1.13_1,Škofja Loka,145,144.4252,2323.9331574440002,16.027125223751725,16.090914068974858
2019,SVN.1.14_1,Tržič,157,156.9897,1424.0,9.070063694267516,9.07066077816446
2019,SVN.1.15_1,Železniki,163,163.136,701.4166679382324,4.303169741952346,4.299581899801347
2019,SVN.1.16_1,Žiri,51,49.568,473.60000228881836,9.286274554682713,9.554551313191467
2019,SVN.1.17_1,Žirovnica,42,42.0999,670.6666667461395,15.96825397014618,15.930380298555557
2019,SVN.2.1_1,Ajdovščina,241,240.3435,2084.323815345764,8.648646536704415,8.672271517526946
2019,SVN.2.2_1,Bovec,383,382.1081,512.1666671037674,1.3372497835607504,1.3403710595809908
2019,SVN.2.3_1,Brda,62,61.2313,761.6363639831543,12.284457483599263,12.438683469173418
2019,SVN.2.4_1,Cerkno,130,131.479,700.3333339691162,5.387179492070125,5.32657764508787
2019,SVN.2.5_1,Idrija,292,295.2119,1386.7333364486694,4.749086768659827,4.697416363108077
2019,SVN.2.6_1,Kanal,129,132.6271,1192.1666679382324,9.241602077040561,8.988863158059301
2019,SVN.2.7_1,Kobarid,188,190.1235,690.9166680574417,3.675088659880009,3.634041569356805
2019,SVN.2.8_1,Miren-Kostanjevica,49,46.6248,562.0,11.46938775510204,12.053680046973046
2019,SVN.2.9_1,Nova Gorica,295,297.6162,3342.4761986732483,11.330427792112706,11.230828553028136
2019,SVN.2.10_1,Šempeter-Vrtojba,7,7.7338,327.0,46.714285714285715,42.28185958638269
2019,SVN.2.11_1,Tolmin,385,384.2645,1252.5500042438507,3.253376634399612,3.2596037088320458
2019,SVN.2.12_1,Vipava,112,108.4008,869.5666673183441,7.763988101056644,8.021770327822644
2019,SVN.3.1_1,Crnomelj,335,330.8646,1666.534504890442,4.974729865344603,5.036907692033115
2019,SVN.3.2_1,Dolenjske Toplice,112,111.0355,281.65000104904175,2.514732152223587,2.5365750772215745
2019,SVN.3.3_1,Kocevje,543,545.407,2599.30702483654,4.786937430638195,4.765811351357942
2019,SVN.3.4_1,Kostel,37,35.6858,54.0,1.4594594594594594,1.5132069264953707
2019,SVN.3.5_1,Loški Potok,124,123.4977,683.9333338737488,5.515591402207652,5.538025426100594
2019,SVN.3.6_1,Metlika,111,113.0004,1258.0166673660278,11.333483489784035,11.132849513485485
2019,SVN.3.7_1,Mirna Pec,50,48.1712,488.3571500778198,9.767143001556397,10.13794972778151
2019,SVN.3.8_1,Novo Mesto,296,300.285,4798.462565422058,16.211022180479926,15.979694585705325
2019,SVN.3.9_1,Osilnica,32,31.0875,94.0,2.9375,3.0237193810337515
2019,SVN.3.10_1,Ribnica,160,155.756,1769.3333337306976,11.05833333581686,11.359646386810953
2019,SVN.3.11_1,Semic,149,148.9731,586.4166679382324,3.9356823351559225,3.9363921511483353
2019,SVN.3.12_1,Šentjernej,100,100.1929,1159.9701356887817,11.599701356887817,11.577364484561537
2019,SVN.3.13_1,Škocjan,63,61.2852,639.2619047164917,10.147014360579233,10.430939952356802
2019,SVN.3.14_1,Sodražica,50,49.9829,410.0,8.2,8.202800020693445
2019,SVN.3.15_1,Trebnje,311,317.9015,3266.509355545044,10.503245516222007,10.275224045002169
2019,SVN.3.16_1,Žužemberk,168,162.6138,1124.4833399057388,6.693353213724636,6.91505429334196
2019,SVN.4.1_1,Črna na Koroškem,155,152.0071,359.5000001192093,2.3193548394787697,2.365020804103815
2019,SVN.4.2_1,Dravograd,100,101.2156,1072.2857160568237,10.722857160568237,10.594075196510758
2019,SVN.4.3_1,Mežica,26,25.1048,330.5,12.711538461538462,13.164793563299375
2019,SVN.4.4_1,Mislinja,113,113.4849,672.5,5.951327433628318,5.925898780751783
2019,SVN.4.5_1,Muta,38,37.5131,332.0,8.736842105263158,8.850244552812407
2019,SVN.4.6_1,Podvelka,109,106.5864,492.1166695356369,4.514831830602174,4.617068644339776
2019,SVN.4.7_1,Prevalje,49,53.1459,669.6666684150696,13.666666702348358,12.60052583371924
2019,SVN.4.8_1,Radlje ob Dravi,92,93.2679,809.1500005722046,8.795108701871788,8.675546594960439
2019,SVN.4.9_1,Ravne na Koroškem,65,64.9398,1028.4807720184326,15.822781107975887,15.837437917222157
2019,SVN.4.10_1,Ribnica na Pohorju,60,59.5312,293.00000381469727,4.883333396911621,4.92178530593199
2019,SVN.4.11_1,Slovenj Gradec,181,175.7583,2095.316666841507,11.576335175919928,11.921578609006161
2019,SVN.4.12_1,Vuzenica,49,49.955,345.6666667461395,7.054421770329378,6.9195584822026985
2019,SVN.5.1_1,Bloke,74,75.5663,433.9000005722046,5.863513521246008,5.74197972866072
2019,SVN.5.2_1,Cerknica,245,243.7275,1518.7333339452744,6.198911567123568,6.231276443995117
2019,SVN.5.3_1,Ilirska Bistrica,474,469.8196,2667.616671681404,5.62788327358946,5.6779595097834425
2019,SVN.5.4_1,Loška Dolina,166,166.6122,628.6111131906509,3.7868139348834395,3.7728995907902303
2019,SVN.5.5_1,Pivka,225,224.9807,1133.3166675567627,5.036962966918946,5.037396150996242
2019,SVN.5.6_1,Postojna,272,271.1278,2471.9928600788116,9.088209044407396,9.11744583971535
2019,SVN.6.1_1,Divaca,144,147.4596,1208.1104612350464,8.389655980798933,8.192825556518127
2019,SVN.6.2_1,Hrpelje-Kozina,187,185.866,1687.5785720348358,9.024484342432277,9.079544626813721
2019,SVN.6.3_1,Izola,26,24.2792,835.0,32.11538461538461,34.391538069187824
2019,SVN.6.4_1,Komen,94,90.9951,798.9500007629395,8.49946809322276,8.780142284770177
2019,SVN.6.5_1,Koper,290,291.0771,5486.762895941734,18.9198720549715,18.8498586475114
2019,SVN.6.6_1,Piran,28,27.7566,756.0,27.0,27.236720915834155
2019,SVN.6.7_1,Sežana,177,177.7348,2290.6800146102905,12.941694997798251,12.888193376691593
2019,SVN.7.1_1,Borovnica,40,42.2423,351.9000005722046,8.797500014305115,8.330511363667643
2019,SVN.7.2_1,Brezovica,88,89.8349,1299.9333328008652,14.771969690918922,14.470242629121389
2019,SVN.7.3_1,Dobrepolje,93,95.3671,565.6666669845581,6.082437279403851,5.9314685273066505
2019,SVN.7.4_1,Dobrova-Polhov Gradec,111,117.3249,1388.0,12.504504504504505,11.830395065444288
2019,SVN.7.5_1,Dol pri Ljubljani,36,33.5133,806.8333330154419,22.41203702820672,24.07503500685256
2019,SVN.7.6_1,Domžale,73,71.6483,2806.0,38.43835616438356,39.16354786280654
2019,SVN.7.7_1,Grosuplje,136,134.7405,2363.0,17.375,17.5374131378477
2019,SVN.7.8_1,Horjul,33,32.6953,469.35000801086426,14.222727515480734,14.355275232471591
2019,SVN.7.9_1,Ig,103,99.6528,1276.166666984558,12.389967640626777,12.806123364048103
2019,SVN.7.10_1,Ivancna Gorica,231,229.5426,2086.7500092983246,9.033549823802272,9.09090573334546
2019,SVN.7.11_1,Kamnik,262,264.6744,2628.422276854515,10.032146094864562,9.930774720190975
2019,SVN.7.12_1,Komenda,25,24.2478,763.7019138336182,30.54807655334473,31.495747526574284
2019,SVN.7.13_1,Litija,320,319.2343,2503.2500076293945,7.822656273841858,7.841420091027855
2019,SVN.7.14_1,Ljubljana,275,276.4294,11391.73473739624,41.424489954168145,41.21028450973013
2019,SVN.7.15_1,Logatec,173,172.2888,1492.7445948123932,8.628581472904006,8.664200847867203
2019,SVN.7.16_1,Lukovica,75,75.1131,1217.75,16.236666666666668,16.212219525572717
2019,SVN.7.17_1,Medvode,75,76.3493,1891.0,25.213333333333335,24.767730641127038
2019,SVN.7.18_1,Mengeš,22,21.4582,874.0,39.72727272727273,40.73033137138891
2019,SVN.7.19_1,Moravce,60,61.357,711.2833337783813,11.85472222963969,11.592530167504158
2019,SVN.7.20_1,Škofljica,39,41.8098,1105.0,28.333333333333332,26.429224911621997
2019,SVN.7.21_1,Trzin,8,8.5875,421.0,52.625,49.02472970373821
2019,SVN.7.22_1,Velike Lašče,103,102.246,629.0,6.106796116504855,6.151831006995535
2019,SVN.7.23_1,Vodice,34,32.1413,824.1439456939697,24.239527814528522,25.641270223131844
2019,SVN.7.24_1,Vrhnika,128,123.5543,1893.6999992132187,14.794531243853271,15.326868194090421
2019,SVN.8.1_1,Benedikt,24,23.6001,277.9464302062988,11.581101258595785,11.777344572995055
2019,SVN.8.2_1,Cerkvenjak,21,23.3141,222.8333330154419,10.611111095973424,9.557885079050791
2019,SVN.8.3_1,Destrnik,35,34.9829,443.0,12.657142857142857,12.663329144097446
2019,SVN.8.4_1,Dornava,25,27.7855,231.5,9.26,8.331675045327344
2019,SVN.8.5_1,Duplek,35,36.6236,678.0,19.37142857142857,18.51266639214955
2019,SVN.8.6_1,Gorišnica,62,58.8136,906.5500049591064,14.621774273533974,15.413961253209921
2019,SVN.8.7_1,Hajdina,23,22.2098,803.0,34.91304347826087,36.15529060012139
2019,SVN.8.8_1,Hoce-Slivnica,54,53.0168,2050.04146194458,37.96373077675148,38.66777643216256
2019,SVN.8.9_1,Juršinci,39,36.4549,343.7500009536743,8.814102588555752,9.42944882208184
2019,SVN.8.10_1,Kidricevo,72,72.2552,1441.0,20.01388888888889,19.943196659738753
2019,SVN.8.11_1,Kungota,49,49.2311,799.1666660308838,16.30952379654865,16.232972453460384
2019,SVN.8.12_1,Lenart,119,118.6381,1829.7994194030762,15.376465709269548,15.423371147344907
2019,SVN.8.13_1,Lovrenc na Pohorju,88,84.3319,535.8333333730698,6.089015151966702,6.353860206680159
2019,SVN.8.14_1,Majšperk,76,73.049,663.5833349227905,8.731359670036717,9.084080570483781
2019,SVN.8.15_1,Maribor,148,148.2768,5767.045068264008,38.96652073151356,38.89378198820987
2019,SVN.8.16_1,Markovci,32,30.1473,616.0,19.25,20.432985092543436
2019,SVN.8.17_1,Miklavž na Dravskem Polju,15,12.6428,495.93103408813477,33.062068939208984,39.22628498810781
2019,SVN.8.18_1,Oplotnica,33,33.4925,521.1999998092651,15.793939388159549,15.561688679327913
2019,SVN.8.19_1,Ormož,202,203.3344,1908.0833349227905,9.445957103578172,9.383969471184418
2019,SVN.8.20_1,Pesnica,75,74.2044,1504.6512145996094,20.062016194661457,20.277124257286026
2019,SVN.8.21_1,Podlehnik,50,50.6164,580.338098526001,11.606761970520019,11.465411741086198
2019,SVN.8.22_1,Ptuj,69,65.9821,2011.607723236084,29.153735119363535,30.487167820869775
2019,SVN.8.23_1,Race-Fram,49,50.2968,1096.3141078948975,22.3737573039775,21.796893822390953
2019,SVN.8.24_1,Ruše,58,59.7856,611.2833350896835,10.539367846373853,10.224584395667609
2019,SVN.8.25_1,Selnica ob Dravi,61,61.063,763.5000001192093,12.5163934445772,12.50347096701518
2019,SVN.8.26_1,Šentilj,57,59.2267,1162.4801712036133,20.394388968484442,19.627648519074118
2019,SVN.8.27_1,Slovenska Bistrica,335,335.0452,4245.676444411278,12.673661028093367,12.671953084938695
2019,SVN.8.28_1,Starše,33,34.3011,637.0,19.303030303030305,18.57083613271373
2019,SVN.8.29_1,Sveta Ana,40,38.4319,424.0,10.6,11.032504471195773
2019,SVN.8.30_1,Sveti Andraž v Slovenskih Gorica,17,17.2853,122.55000114440918,7.208823596729951,7.089850606371987
2019,SVN.8.31_1,Trnovska Vas,22,22.4787,245.10000038146973,11.140909108248623,10.903670263045804
2019,SVN.8.32_1,Videm,72,70.8118,1047.0634965896606,14.542548563745287,14.786570478624888
2019,SVN.8.33_1,Zavrc,12,12.6615,152.0,12.666666666666666,12.00485584559761
2019,SVN.8.34_1,Žetale,36,36.6322,274.6666667461395,7.629629631837209,7.49794816522116
2019,SVN.9.1_1,Beltinci,63,62.0632,1025.350001335144,16.275396846589587,16.521074639643334
2019,SVN.9.2_1,Cankova,26,26.5785,157.3333339691162,6.051282075735239,5.919580194340853
2019,SVN.9.3_1,Črenšovci,32,31.9352,455.53333473205566,14.23541671037674,14.264287555148002
2019,SVN.9.4_1,Dobrovnik,33,34.006,244.45000076293945,7.407575780695135,7.188433377692452
2019,SVN.9.5_1,Gornja Radgona,122,120.5406,1709.6333351135254,14.013387992733815,14.183048973442572
2019,SVN.9.6_1,Gornji Petrovci,63,63.9394,338.0,5.365079365079365,5.286253977329382
2019,SVN.9.7_1,Grad,40,36.7113,224.75,5.61875,6.122100724292042
2019,SVN.9.8_1,Hodoš,22,23.8037,270.8333330154419,12.31060604615645,11.37778218872091
2019,SVN.9.9_1,Kobilje,19,19.2954,55.0,2.8947368421052633,2.85041665312839
2019,SVN.9.10_1,Križevci,47,47.0896,609.0690450668335,12.95891585248582,12.934262825908242
2019,SVN.9.11_1,Kuzma,17,17.095,147.50000095367432,8.676470644333783,8.628267236588105
2019,SVN.9.12_1,Lendava,108,110.1086,1745.2827081680298,16.160025075629907,15.850557125652006
2019,SVN.9.13_1,Ljutomer,111,108.5309,1785.6762790679932,16.087173685297234,16.453161101720504
2019,SVN.9.14_1,Moravske Toplice,142,143.39,1066.5513095855713,7.510924715391347,7.438113193307724
2019,SVN.9.15_1,Murska Sobota,68,65.8851,2148.0101928710938,31.58838518928079,32.602355672279344
2019,SVN.9.16_1,Odranci,8,7.8191,137.0,17.125,17.52113657861224
2019,SVN.9.17_1,Puconci,108,106.0635,895.0000047683716,8.287037081188625,8.43834309476867
2019,SVN.9.18_1,Radenci,35,33.8123,645.0,18.428571428571427,19.075905255088788
2019,SVN.9.19_1,Razkrižje,6,6.9318,63.0,10.5,9.088543693814778
2019,SVN.9.20_1,Rogašovci,31,31.9244,216.41666793823242,6.981182836717175,6.779041599955769
2019,SVN.9.21_1,Šalovci,53,50.5578,175.0833339691162,3.3034591314927586,3.4630310082974107
2019,SVN.9.22_1,Sveti Jurij,48,51.1951,523.3500003814697,10.903125007947287,10.222658361941257
2019,SVN.9.23_1,Tišina,33,35.3877,505.5999994277954,15.321212103872588,14.287455817267738
2019,SVN.9.24_1,Turnišče,20,22.9794,287.30952644348145,14.365476322174072,12.5028910538487
2019,SVN.9.25_1,Velika Polana,24,24.1079,261.7333335876465,10.905555566151937,10.856753459116979
2019,SVN.9.26_1,Veržej,12,11.769,194.076189994812,16.173015832901,16.490425643267752
2019,SVN.10.1_1,Bistrica ob Sotli,61,56.0788,633.9000005722046,10.391803288068928,11.30374655766122
2019,SVN.10.2_1,Braslovce,58,55.9005,742.1833329200745,12.79626436069094,13.276865582967803
2019,SVN.10.3_1,Celje,96,96.8336,3385.04656791687,35.260901749134064,34.95736591333089
2019,SVN.10.4_1,Dobje,17,17.4869,145.0,8.529411764705882,8.29192460551782
2019,SVN.10.5_1,Dobrna,33,32.2669,351.6666669845581,10.65656566619873,10.898679455874294
2019,SVN.10.6_1,Gornji Grad,90,91.0047,439.3666684627533,4.88185187180837,4.827955075702512
2019,SVN.10.7_1,Kozje,87,88.5434,639.0000002384186,7.34482758894734,7.216801966809897
2019,SVN.10.8_1,Laško,205,201.4876,1987.3333349227905,9.694308950842881,9.863304848041135
2019,SVN.10.9_1,Ljubno,79,79.362,356.83333349227905,4.5168776391427725,4.496276144182444
2019,SVN.10.10_1,Luce,112,110.3298,254.16666674613953,2.269345238804817,2.3036981375884813
2019,SVN.10.11_1,Mozirje,83,84.7599,825.6535873413086,9.947633582425405,9.741084995754871
2019,SVN.10.12_1,Nazarje,44,43.6766,387.9972254037857,8.818118759176947,8.883419183577914
2019,SVN.10.13_1,Podcetrtek,30,29.5669,276.3333339691162,9.211111132303873,9.346045401514637
2019,SVN.10.14_1,Polzela,33,34.477,566.0,17.151515151515152,16.41673679472708
2019,SVN.10.15_1,Prebold,42,41.0779,583.5,13.892857142857142,14.204724271639046
2019,SVN.10.16_1,Radece,53,52.1379,494.761905670166,9.33513029566351,9.489483201966268
2019,SVN.10.17_1,Rogaška Slatina,68,70.8401,1361.6000003814697,20.023529417374554,19.22076224369342
2019,SVN.10.18_1,Rogatec,43,46.8711,604.5384635925293,14.059034037035564,12.897905363141296
2019,SVN.10.19_1,Šentjur pri Celju,224,223.8178,2747.4833364486694,12.265550609145846,12.275536875481437
2019,SVN.10.20_1,Slovenske Konjice,98,98.3364,1622.6282844543457,16.557431474023936,16.500786205798534
2019,SVN.10.21_1,Šmarje pri Jelšah,112,109.0515,1340.6833381652832,11.970386947904315,12.294038888904304
2019,SVN.10.22_1,Šmartno ob Paki,17,17.0321,250.0,14.705882352941176,14.678129481096553
2019,SVN.10.23_1,Solcava,94,98.1425,0.0,0.0,0.0
2019,SVN.10.24_1,Šoštanj,99,96.868,1248.0,12.606060606060606,12.883505464897867
2019,SVN.10.25_1,Štore,29,28.5396,558.3660697937012,19.25400240667935,19.564606385424934
2019,SVN.10.26_1,Tabor,34,33.8269,256.40000104904175,7.541176501442404,7.5797690303899925
2019,SVN.10.27_1,Velenje,83,84.3401,2075.0,25.0,24.60278187977189
2019,SVN.10.28_1,Vitanje,59,60.4406,331.666667342186,5.621468938003152,5.487485252128946
2019,SVN.10.29_1,Vojnik,80,76.9489,1175.5,14.69375,15.276378320973658
2019,SVN.10.30_1,Vransko,52,54.1537,540.3333339691162,10.391025653252235,9.977773614248784
2019,SVN.10.31_1,Žalec,117,117.1442,2401.3378353118896,20.524255002665722,20.498998932499603
2019,SVN.10.32_1,Zrece,62,65.8808,887.0,14.306451612903226,13.463711346503153
2019,SVN.11.1_1,Brežice,248,245.6913,4664.25,18.807459677419356,18.98418916414293
2019,SVN.11.2_1,Krško,340,340.9379,5253.157147526741,15.450462198608061,15.407960689691576
2019,SVN.11.3_1,Sevnica,280,278.6841,2339.749214887619,8.35624719602721,8.395703632442528
2019,SVN.12.1_1,Hrastnik,56,58.2381,965.3000020980835,17.237500037465775,16.575061283014687
2019,SVN.12.2_1,Trbovlje,60,57.9159,1245.933334350586,20.765555572509765,21.512808156886674
2019,SVN.12.3_1,Zagorje ob Savi,145,147.3849,1813.78333568573,12.508850590936069,12.306441939548204
2020,SVN.1.1_1,Bled,187,187.7102,1929.9333347082138,10.320499116086705,10.281453937869202
2020,SVN.1.2_1,Bohinj,331,330.4201,849.333333492279,2.5659617326050728,2.570464811551583
2020,SVN.1.3_1,Cerklje na Gorenjskem,74,77.1957,1448.3383026123047,19.572139224490606,18.761900973951413
2020,SVN.1.4_1,Gorenja Vas-Poljane,152,151.5701,1331.6666736602783,8.760964958291305,8.785812004916153
2020,SVN.1.5_1,Jesenice,75,74.7956,1970.1666688919067,26.268888918558755,26.340660412609527
2020,SVN.1.6_1,Jezersko,73,70.5865,34.0,0.4657534246575342,0.4816786399592808
2020,SVN.1.7_1,Kranj,146,145.7396,3943.0982513427734,27.00752226947105,27.055776179037327
2020,SVN.1.8_1,Kranjska Gora,244,249.6461,1886.0000009536743,7.729508200629812,7.5546958310022685
2020,SVN.1.9_1,Naklo,28,27.6347,645.0,23.035714285714285,23.34021353536549
2020,SVN.1.10_1,Preddvor,88,86.0439,643.3333339691162,7.310606067830866,7.4768058369415895
2020,SVN.1.11_1,Radovljica,117,116.9011,2105.2666671276093,17.993732197671875,18.008961276796036
2020,SVN.1.12_1,Šenčur,46,42.6248,1500.671718597412,32.62329823037852,35.206524810933836
2020,SVN.1.13_1,Škofja Loka,145,144.4252,2336.9331574440002,16.11678039616552,16.18092607393577
2020,SVN.1.14_1,Tržič,157,156.9897,1445.333333492279,9.20594479931388,9.206550828287996
2020,SVN.1.15_1,Železniki,163,163.136,716.4166679382324,4.395194281829647,4.391529712627916
2020,SVN.1.16_1,Žiri,51,49.568,487.60000228881836,9.560784358604282,9.836991595577924
2020,SVN.1.17_1,Žirovnica,42,42.0999,692.6666667461395,16.492063493955705,16.452947445464144
2020,SVN.2.1_1,Ajdovščina,241,240.3435,2153.9863204956055,8.937702574670562,8.962117152261166
2020,SVN.2.2_1,Bovec,383,382.1081,569.9166671037674,1.4880330733779827,1.4915062928216174
2020,SVN.2.3_1,Brda,62,61.2313,761.6363639831543,12.284457483599263,12.438683469173418
2020,SVN.2.4_1,Cerkno,130,131.479,759.3333339691162,5.841025645916279,5.775318360140059
2020,SVN.2.5_1,Idrija,292,295.2119,1441.2333364486694,4.935730604276265,4.8820295003713765
2020,SVN.2.6_1,Kanal,129,132.6271,1193.6666679382324,9.253229984017306,9.000173065557728
2020,SVN.2.7_1,Kobarid,188,190.1235,721.9166680574417,3.839982276901286,3.797093488435265
2020,SVN.2.8_1,Miren-Kostanjevica,49,46.6248,566.6250009536743,11.563775529666822,12.152876277778269
2020,SVN.2.9_1,Nova Gorica,295,297.6162,3342.4761986732483,11.330427792112706,11.230828553028136
2020,SVN.2.10_1,Šempeter-Vrtojba,7,7.7338,327.0,46.714285714285715,42.28185958638269
2020,SVN.2.11_1,Tolmin,385,384.2645,1379.0000040531158,3.5818181923457555,3.588673915181946
2020,SVN.2.12_1,Vipava,112,108.4008,877.0666673183441,7.83095238677093,8.090957981535507
2020,SVN.3.1_1,Crnomelj,335,330.8646,1725.2011716365814,5.149854243691288,5.21422090345024
2020,SVN.3.2_1,Dolenjske Toplice,112,111.0355,301.15000104904175,2.68883929508073,2.7121945120576783
2020,SVN.3.3_1,Kocevje,543,545.407,2701.5022646188736,4.975142292115789,4.953185612711319
2020,SVN.3.4_1,Kostel,37,35.6858,68.0,1.837837837837838,1.905519833364541
2020,SVN.3.5_1,Loški Potok,124,123.4977,691.9333338737488,5.58010753123991,5.602803966953208
2020,SVN.3.6_1,Metlika,111,113.0004,1304.1166677474976,11.748798808536014,11.540812603428554
2020,SVN.3.7_1,Mirna Pec,50,48.1712,515.4904880523682,10.309809761047363,10.701218672014317
2020,SVN.3.8_1,Novo Mesto,296,300.285,4802.462565422058,16.224535693993438,15.993015264458435
2020,SVN.3.9_1,Osilnica,32,31.0875,110.0,3.4375,3.5383950203586454
2020,SVN.3.10_1,Ribnica,160,155.756,1786.3333337306976,11.164583335816861,11.468791444383909
2020,SVN.3.11_1,Semic,149,148.9731,608.5000019073486,4.083892630250662,4.084629176560397
2020,SVN.3.12_1,Šentjernej,100,100.1929,1159.9701356887817,11.599701356887817,11.577364484561537
2020,SVN.3.13_1,Škocjan,63,61.2852,641.5619058609009,10.183522315252395,10.468469443244146
2020,SVN.3.14_1,Sodražica,50,49.9829,411.0,8.22,8.222806850012208
2020,SVN.3.15_1,Trebnje,311,317.9015,3316.0117387771606,10.662417166486048,10.430940139189412
2020,SVN.3.16_1,Žužemberk,168,162.6138,1141.2500077486038,6.793154808027404,7.018161573225325
2020,SVN.4.1_1,Črna na Koroškem,155,152.0071,365.5000001192093,2.3580645168981245,2.404492639486061
2020,SVN.4.2_1,Dravograd,100,101.2156,1089.11905002594,10.8911905002594,10.760386845734802
2020,SVN.4.3_1,Mežica,26,25.1048,330.5,12.711538461538462,13.164793563299375
2020,SVN.4.4_1,Mislinja,113,113.4849,687.5000004768372,6.084070800679974,6.0580749659368625
2020,SVN.4.5_1,Muta,38,37.5131,333.0,8.763157894736842,8.876901915923288
2020,SVN.4.6_1,Podvelka,109,106.5864,521.3666695356369,4.783180454455384,4.891493930470342
2020,SVN.4.7_1,Prevalje,49,53.1459,672.1666684150696,13.717687110511624,12.647566124165312
2020,SVN.4.8_1,Radlje ob Dravi,92,93.2679,803.1500005722046,8.72989131056744,8.61121577924895
2020,SVN.4.9_1,Ravne na Koroškem,65,64.9398,1055.8141053915024,16.243293929100037,16.258340263813594
2020,SVN.4.10_1,Ribnica na Pohorju,60,59.5312,276.00000381469727,4.600000063578288,4.6362209744934155
2020,SVN.4.11_1,Slovenj Gradec,181,175.7583,2145.316666841507,11.85257826984258,12.206060157730173
2020,SVN.4.12_1,Vuzenica,49,49.955,348.6666667461395,7.115646260125296,6.979612509517556
2020,SVN.5.1_1,Bloke,74,75.5663,452.9000005722046,6.1202702780027645,5.993414655373514
2020,SVN.5.2_1,Cerknica,245,243.7275,1557.7333339452744,6.358095240592957,6.391291224657438
2020,SVN.5.3_1,Ilirska Bistrica,474,469.8196,2722.0166722536087,5.7426512072860945,5.7937486349078124
2020,SVN.5.4_1,Loška Dolina,166,166.6122,636.2777799367905,3.8329986743180147,3.818914628103868
2020,SVN.5.5_1,Pivka,225,224.9807,1179.3166675567627,5.24140741136339,5.241858177876494
2020,SVN.5.6_1,Postojna,272,271.1278,2493.659526824951,9.167865907444673,9.197358959116023
2020,SVN.6.1_1,Divaca,144,147.4596,1229.8437948226929,8.540581908490923,8.340210598332247
2020,SVN.6.2_1,Hrpelje-Kozina,187,185.866,1749.6785724163055,9.356569905969549,9.413656314489893
2020,SVN.6.3_1,Izola,26,24.2792,835.0,32.11538461538461,34.391538069187824
2020,SVN.6.4_1,Komen,94,90.9951,803.2000007629395,8.544680859180207,8.826848091985447
2020,SVN.6.5_1,Koper,290,291.0771,5505.474805235863,18.984395880123664,18.914143700813092
2020,SVN.6.6_1,Piran,28,27.7566,756.142858505249,27.00510208947318,27.241867737577437
2020,SVN.6.7_1,Sežana,177,177.7348,2302.8863649368286,13.01065742902163,12.9568707137394
2020,SVN.7.1_1,Borovnica,40,42.2423,352.9000005722046,8.822500014305115,8.35418431436421
2020,SVN.7.2_1,Brezovica,88,89.8349,1299.9333328008652,14.771969690918922,14.470242629121389
2020,SVN.7.3_1,Dobrepolje,93,95.3671,600.3333342075348,6.4551971420165035,6.294976327184335
2020,SVN.7.4_1,Dobrova-Polhov Gradec,111,117.3249,1406.0,12.666666666666666,11.983815174362153
2020,SVN.7.5_1,Dol pri Ljubljani,36,33.5133,806.8333330154419,22.41203702820672,24.07503500685256
2020,SVN.7.6_1,Domžale,73,71.6483,2806.0,38.43835616438356,39.16354786280654
2020,SVN.7.7_1,Grosuplje,136,134.7405,2369.0,17.419117647058822,17.58194317543851
2020,SVN.7.8_1,Horjul,33,32.6953,470.35000801086426,14.253030545783766,14.385860669751779
2020,SVN.7.9_1,Ig,103,99.6528,1276.166666984558,12.389967640626777,12.806123364048103
2020,SVN.7.10_1,Ivancna Gorica,231,229.5426,2199.1166784763336,9.519985621109669,9.580430013932757
2020,SVN.7.11_1,Kamnik,262,264.6744,2675.588942885399,10.21217153773053,10.108981068074975
2020,SVN.7.12_1,Komenda,25,24.2478,763.7019138336182,30.54807655334473,31.495747526574284
2020,SVN.7.13_1,Litija,320,319.2343,2689.750008583069,8.40546877682209,8.425630557420618
2020,SVN.7.14_1,Ljubljana,275,276.4294,11391.73473739624,41.424489954168145,41.21028450973013
2020,SVN.7.15_1,Logatec,173,172.2888,1493.7445948123932,8.634361819724816,8.670005056355365
2020,SVN.7.16_1,Lukovica,75,75.1131,1217.75,16.236666666666668,16.212219525572717
2020,SVN.7.17_1,Medvode,75,76.3493,1891.5,25.22,24.774279485823264
2020,SVN.7.18_1,Mengeš,22,21.4582,874.0,39.72727272727273,40.73033137138891
2020,SVN.7.19_1,Moravce,60,61.357,711.2833337783813,11.85472222963969,11.592530167504158
2020,SVN.7.20_1,Škofljica,39,41.8098,1105.0,28.333333333333332,26.429224911621997
2020,SVN.7.21_1,Trzin,8,8.5875,421.0,52.625,49.02472970373821
2020,SVN.7.22_1,Velike Lašče,103,102.246,639.0,6.203883495145631,6.249634361637754
2020,SVN.7.23_1,Vodice,34,32.1413,824.1439456939697,24.239527814528522,25.641270223131844
2020,SVN.7.24_1,Vrhnika,128,123.5543,1893.8999990224838,14.796093742363155,15.328486914435103
2020,SVN.8.1_1,Benedikt,24,23.6001,277.9464302062988,11.581101258595785,11.777344572995055
2020,SVN.8.2_1,Cerkvenjak,21,23.3141,222.8333330154419,10.611111095973424,9.557885079050791
2020,SVN.8.3_1,Destrnik,35,34.9829,443.0,12.657142857142857,12.663329144097446
2020,SVN.8.4_1,Dornava,25,27.7855,231.5,9.26,8.331675045327344
2020,SVN.8.5_1,Duplek,35,36.6236,678.0,19.37142857142857,18.51266639214955
2020,SVN.8.6_1,Gorišnica,62,58.8136,914.0000047683716,14.741935560780187,15.540632708472462
2020,SVN.8.7_1,Hajdina,23,22.2098,803.0,34.91304347826087,36.15529060012139
2020,SVN.8.8_1,Hoce-Slivnica,54,53.0168,2050.04146194458,37.96373077675148,38.66777643216256
2020,SVN.8.9_1,Juršinci,39,36.4549,343.7500009536743,8.814102588555752,9.42944882208184
2020,SVN.8.10_1,Kidricevo,72,72.2552,1441.0,20.01388888888889,19.943196659738753
2020,SVN.8.11_1,Kungota,49,49.2311,799.1666660308838,16.30952379654865,16.232972453460384
2020,SVN.8.12_1,Lenart,119,118.6381,1829.7994194030762,15.376465709269548,15.423371147344907
2020,SVN.8.13_1,Lovrenc na Pohorju,88,84.3319,535.8333333730698,6.089015151966702,6.353860206680159
2020,SVN.8.14_1,Majšperk,76,73.049,663.5833349227905,8.731359670036717,9.084080570483781
2020,SVN.8.15_1,Maribor,148,148.2768,5767.045068264008,38.96652073151356,38.89378198820987
2020,SVN.8.16_1,Markovci,32,30.1473,616.0,19.25,20.432985092543436
2020,SVN.8.17_1,Miklavž na Dravskem Polju,15,12.6428,495.93103408813477,33.062068939208984,39.22628498810781
2020,SVN.8.18_1,Oplotnica,33,33.4925,522.6999998092651,15.839393933614096,15.60647481330246
2020,SVN.8.19_1,Ormož,202,203.3344,1900.0833349227905,9.406353143182132,9.344625405652545
2020,SVN.8.20_1,Pesnica,75,74.2044,1504.6512145996094,20.062016194661457,20.277124257286026
2020,SVN.8.21_1,Podlehnik,50,50.6164,591.7881007194519,11.835762014389038,11.691622961610388
2020,SVN.8.22_1,Ptuj,69,65.9821,2011.607723236084,29.153735119363535,30.487167820869775
2020,SVN.8.23_1,Race-Fram,49,50.2968,1096.3141078948975,22.3737573039775,21.796893822390953
2020,SVN.8.24_1,Ruše,58,59.7856,612.2833350896835,10.556609225684198,10.24131081991107
2020,SVN.8.25_1,Selnica ob Dravi,61,61.063,764.0000001192093,12.524590165888677,12.511659225669444
2020,SVN.8.26_1,Šentilj,57,59.2267,1162.4801712036133,20.394388968484442,19.627648519074118
2020,SVN.8.27_1,Slovenska Bistrica,335,335.0452,4296.314545035362,12.824819537418993,12.823091223659434
2020,SVN.8.28_1,Starše,33,34.3011,637.0,19.303030303030305,18.57083613271373
2020,SVN.8.29_1,Sveta Ana,40,38.4319,424.0,10.6,11.032504471195773
2020,SVN.8.30_1,Sveti Andraž v Slovenskih Gorica,17,17.2853,123.55000114440918,7.267647126141717,7.14770332395799
2020,SVN.8.31_1,Trnovska Vas,22,22.4787,245.10000038146973,11.140909108248623,10.903670263045804
2020,SVN.8.32_1,Videm,72,70.8118,1048.313497543335,14.559909688101875,14.804222920200832
2020,SVN.8.33_1,Zavrc,12,12.6615,152.0,12.666666666666666,12.00485584559761
2020,SVN.8.34_1,Žetale,36,36.6322,274.8666670322418,7.635185195340051,7.503407844023796
2020,SVN.9.1_1,Beltinci,63,62.0632,1025.350001335144,16.275396846589587,16.521074639643334
2020,SVN.9.2_1,Cankova,26,26.5785,157.3333339691162,6.051282075735239,5.919580194340853
2020,SVN.9.3_1,Črenšovci,32,31.9352,455.53333473205566,14.23541671037674,14.264287555148002
2020,SVN.9.4_1,Dobrovnik,33,34.006,257.45000076293945,7.801515174634529,7.570718645102317
2020,SVN.9.5_1,Gornja Radgona,122,120.5406,1709.6333351135254,14.013387992733815,14.183048973442572
2020,SVN.9.6_1,Gornji Petrovci,63,63.9394,331.0,5.253968253968254,5.176775344662797
2020,SVN.9.7_1,Grad,40,36.7113,228.0833339691162,5.702083349227905,6.21289941753624
2020,SVN.9.8_1,Hodoš,22,23.8037,271.8333330154419,12.356060591610996,11.419792461467036
2020,SVN.9.9_1,Kobilje,19,19.2954,57.0,3.0,2.9540681677876046
2020,SVN.9.10_1,Križevci,47,47.0896,609.0690450668335,12.95891585248582,12.934262825908242
2020,SVN.9.11_1,Kuzma,17,17.095,147.50000095367432,8.676470644333783,8.628267236588105
2020,SVN.9.12_1,Lendava,108,110.1086,1757.482708454132,16.272988041241963,15.961356826217893
2020,SVN.9.13_1,Ljutomer,111,108.5309,1785.6762790679932,16.087173685297234,16.453161101720504
2020,SVN.9.14_1,Moravske Toplice,142,143.39,1133.0513095855713,7.979234574546276,7.901883218162097
2020,SVN.9.15_1,Murska Sobota,68,65.8851,2148.0101928710938,31.58838518928079,32.602355672279344
2020,SVN.9.16_1,Odranci,8,7.8191,137.0,17.125,17.52113657861224
2020,SVN.9.17_1,Puconci,108,106.0635,911.0000047683716,8.435185229336774,8.589196154877023
2020,SVN.9.18_1,Radenci,35,33.8123,645.0,18.428571428571427,19.075905255088788
2020,SVN.9.19_1,Razkrižje,6,6.9318,63.0,10.5,9.088543693814778
2020,SVN.9.20_1,Rogašovci,31,31.9244,216.41666793823242,6.981182836717175,6.779041599955769
2020,SVN.9.21_1,Šalovci,53,50.5578,193.0833339691162,3.6430817730021925,3.8190589450303776
2020,SVN.9.22_1,Sveti Jurij,48,51.1951,524.3500003814697,10.923958341280619,10.242191481946014
2020,SVN.9.23_1,Tišina,33,35.3877,505.5999994277954,15.321212103872588,14.287455817267738
2020,SVN.9.24_1,Turnišče,20,22.9794,287.30952644348145,14.365476322174072,12.5028910538487
2020,SVN.9.25_1,Velika Polana,24,24.1079,261.7333335876465,10.905555566151937,10.856753459116979
2020,SVN.9.26_1,Veržej,12,11.769,194.076189994812,16.173015832901,16.490425643267752
2020,SVN.10.1_1,Bistrica ob Sotli,61,56.0788,638.5,10.467213114754099,11.38577405040495
2020,SVN.10.2_1,Braslovce,58,55.9005,742.1833329200745,12.79626436069094,13.276865582967803
2020,SVN.10.3_1,Celje,96,96.8336,3385.04656791687,35.260901749134064,34.95736591333089
2020,SVN.10.4_1,Dobje,17,17.4869,150.0,8.823529411764707,8.577853040190849
2020,SVN.10.5_1,Dobrna,33,32.2669,355.6666669845581,10.777777787410852,11.022645478009146
2020,SVN.10.6_1,Gornji Grad,90,91.0047,467.7000024318695,5.196666693687439,5.139294267695328
2020,SVN.10.7_1,Kozje,87,88.5434,642.0000002384186,7.37931034756803,7.25068366617195
2020,SVN.10.8_1,Laško,205,201.4876,2027.3333349227905,9.889430902062394,10.061828259785232
2020,SVN.10.9_1,Ljubno,79,79.362,375.1666684150696,4.748945169811007,4.727285214018779
2020,SVN.10.10_1,Luce,112,110.3298,282.1666667461395,2.519345238804817,2.557482588076253
2020,SVN.10.11_1,Mozirje,83,84.7599,833.6535892486572,10.044019147574183,9.8354692505325
2020,SVN.10.12_1,Nazarje,44,43.6766,394.9972254037857,8.977209668267857,9.043688201533728
2020,SVN.10.13_1,Podcetrtek,30,29.5669,276.3333339691162,9.211111132303873,9.346045401514637
2020,SVN.10.14_1,Polzela,33,34.477,566.0,17.151515151515152,16.41673679472708
2020,SVN.10.15_1,Prebold,42,41.0779,584.0,13.904761904761905,14.216896271871812
2020,SVN.10.16_1,Radece,53,52.1379,495.761905670166,9.353998220191812,9.508663100606832
2020,SVN.10.17_1,Rogaška Slatina,68,70.8401,1362.3142881393433,20.03403364910799,19.230845348249694
2020,SVN.10.18_1,Rogatec,43,46.8711,604.5384635925293,14.059034037035564,12.897905363141296
2020,SVN.10.19_1,Šentjur pri Celju,224,223.8178,2765.9888429641724,12.348164477518626,12.358218005742321
2020,SVN.10.20_1,Slovenske Konjice,98,98.3364,1622.6282844543457,16.557431474023936,16.500786205798534
2020,SVN.10.21_1,Šmarje pri Jelšah,112,109.0515,1349.026195526123,12.044876745768956,12.370542720882337
2020,SVN.10.22_1,Šmartno ob Paki,17,17.0321,250.0,14.705882352941176,14.678129481096553
2020,SVN.10.23_1,Solcava,94,98.1425,0.0,0.0,0.0
2020,SVN.10.24_1,Šoštanj,99,96.868,1256.0,12.686868686868687,12.966092038390801
2020,SVN.10.25_1,Štore,29,28.5396,558.3660697937012,19.25400240667935,19.564606385424934
2020,SVN.10.26_1,Tabor,34,33.8269,262.65000104904175,7.725000030854169,7.764533290320227
2020,SVN.10.27_1,Velenje,83,84.3401,2075.0,25.0,24.60278187977189
2020,SVN.10.28_1,Vitanje,59,60.4406,365.3333343267441,6.192090412317696,6.044506372299259
2020,SVN.10.29_1,Vojnik,80,76.9489,1175.5,14.69375,15.276378320973658
2020,SVN.10.30_1,Vransko,52,54.1537,540.3333339691162,10.391025653252235,9.977773614248784
2020,SVN.10.31_1,Žalec,117,117.1442,2401.3378353118896,20.524255002665722,20.498998932499603
2020,SVN.10.32_1,Zrece,62,65.8808,894.0,14.419354838709678,13.569963859947935
2020,SVN.11.1_1,Brežice,248,245.6913,4664.25,18.807459677419356,18.98418916414293
2020,SVN.11.2_1,Krško,340,340.9379,5266.140481472015,15.488648474917692,15.446041922259331
2020,SVN.11.3_1,Sevnica,280,278.6841,2395.8325498104095,8.556544820751462,8.596947020295692
2020,SVN.12.1_1,Hrastnik,56,58.2381,965.3000020980835,17.237500037465775,16.575061283014687
2020,SVN.12.2_1,Trbovlje,60,57.9159,1245.933334350586,20.765555572509765,21.512808156886674
2020,SVN.12.3_1,Zagorje ob Savi,145,147.3849,1819.200002670288,12.546206914967504,12.343193792120568
2021,SVN.1.1_1,Bled,187,187.7102,1939.5333346128464,10.371836013972441,10.332596614690187
2021,SVN.1.2_1,Bohinj,331,330.4201,913.333333492279,2.759315206925314,2.764157607362236
2021,SVN.1.3_1,Cerklje na Gorenjskem,74,77.1957,1474.1253232955933,19.920612476967477,19.09594829397358
2021,SVN.1.4_1,Gorenja Vas-Poljane,152,151.5701,1380.3333415985107,9.08114040525336,9.106895504164306
2021,SVN.1.5_1,Jesenice,75,74.7956,1978.8190512657166,26.38425401687622,26.456340709848924
2021,SVN.1.6_1,Jezersko,73,70.5865,34.0,0.4657534246575342,0.4816786399592808
2021,SVN.1.7_1,Kranj,146,145.7396,3943.5982513427734,27.010946927005296,27.059206955352604
2021,SVN.1.8_1,Kranjska Gora,244,249.6461,1928.850001335144,7.905122956291574,7.726338842177583
2021,SVN.1.9_1,Naklo,28,27.6347,645.0,23.035714285714285,23.34021353536549
2021,SVN.1.10_1,Preddvor,88,86.0439,625.3333339691162,7.106060613285411,7.26761023342043
2021,SVN.1.11_1,Radovljica,117,116.9011,2105.7666671276093,17.998005701945377,18.013238397969804
2021,SVN.1.12_1,Šenčur,46,42.6248,1506.2472190856934,32.74450476273246,35.33732889942396
2021,SVN.1.13_1,Škofja Loka,145,144.4252,2352.9331574440002,16.227125223751727,16.291710080041504
2021,SVN.1.14_1,Tržič,157,156.9897,1429.333333492279,9.104033971288402,9.104633291454688
2021,SVN.1.15_1,Železniki,163,163.136,737.4166679382324,4.524028637657867,4.520256650585112
2021,SVN.1.16_1,Žiri,51,49.568,487.60000228881836,9.560784358604282,9.836991595577924
2021,SVN.1.17_1,Žirovnica,42,42.0999,694.6666667461395,16.539682541574752,16.50045354972856
2021,SVN.2.1_1,Ajdovščina,241,240.3435,2213.177984237671,9.183311137915647,9.20839662945468
2021,SVN.2.2_1,Bovec,383,382.1081,526.9166671037674,1.3757615329080088,1.378972699239852
2021,SVN.2.3_1,Brda,62,61.2313,763.9363651275635,12.321554276251025,12.476245995815955
2021,SVN.2.4_1,Cerkno,130,131.479,809.3333339691162,6.225641030531663,6.15560710170971
2021,SVN.2.5_1,Idrija,292,295.2119,1437.1500034332275,4.9217465871000945,4.868197630307678
2021,SVN.2.6_1,Kanal,129,132.6271,1198.1666679382324,9.288113704947538,9.034102788053008
2021,SVN.2.7_1,Kobarid,188,190.1235,706.6666680574417,3.75886525562469,3.716882463727313
2021,SVN.2.8_1,Miren-Kostanjevica,49,46.6248,567.7583351135254,11.586904798235212,12.177183835339035
2021,SVN.2.9_1,Nova Gorica,295,297.6162,3352.4761986732483,11.364326097197452,11.264428877714026
2021,SVN.2.10_1,Šempeter-Vrtojba,7,7.7338,327.0,46.714285714285715,42.28185958638269
2021,SVN.2.11_1,Tolmin,385,384.2645,1474.216671705246,3.829134212221418,3.8364633063998057
2021,SVN.2.12_1,Vipava,112,108.4008,881.5666673183441,7.871130958199501,8.132470573763225
2021,SVN.3.1_1,Crnomelj,335,330.8646,1847.567839384079,5.515127878758444,5.584059996620621
2021,SVN.3.2_1,Dolenjske Toplice,112,111.0355,308.15000200271606,2.751339303595679,2.7752373946903175
2021,SVN.3.3_1,Kocevje,543,545.407,2775.4668279886246,5.111356957621776,5.088799125212006
2021,SVN.3.4_1,Kostel,37,35.6858,72.0,1.945945945945946,2.017609235327161
2021,SVN.3.5_1,Loški Potok,124,123.4977,700.1000006198883,5.645967746934583,5.668932061383768
2021,SVN.3.6_1,Metlika,111,113.0004,1359.9333353042603,12.25165166940775,12.03476357909785
2021,SVN.3.7_1,Mirna Pec,50,48.1712,535.1714477539062,10.703428955078126,11.109781503574974
2021,SVN.3.8_1,Novo Mesto,296,300.285,4843.357805252075,16.362695288013768,16.129203352535217
2021,SVN.3.9_1,Osilnica,32,31.0875,120.0,3.75,3.860067294936704
2021,SVN.3.10_1,Ribnica,160,155.756,1774.3333337306976,11.08958333581686,11.39174787433241
2021,SVN.3.11_1,Semic,149,148.9731,622.5000019073486,4.177852361794286,4.178605854116024
2021,SVN.3.12_1,Šentjernej,100,100.1929,1174.9701356887817,11.749701356887817,11.727075638258873
2021,SVN.3.13_1,Škocjan,63,61.2852,641.5619058609009,10.183522315252395,10.468469443244146
2021,SVN.3.14_1,Sodražica,50,49.9829,417.25,8.345,8.347849533254488
2021,SVN.3.15_1,Trebnje,311,317.9015,3366.589524269104,10.825046701829917,10.590039049084638
2021,SVN.3.16_1,Žužemberk,168,162.6138,1175.166675209999,6.995039733392852,7.226733446744085
2021,SVN.4.1_1,Črna na Koroškem,155,152.0071,375.7500001192093,2.424193549156189,2.4719236915973983
2021,SVN.4.2_1,Dravograd,100,101.2156,1090.11905002594,10.9011905002594,10.77026674531555
2021,SVN.4.3_1,Mežica,26,25.1048,330.5,12.711538461538462,13.164793563299375
2021,SVN.4.4_1,Mislinja,113,113.4849,689.5000004768372,6.101769915724223,6.075698456734637
2021,SVN.4.5_1,Muta,38,37.5131,333.0,8.763157894736842,8.876901915923288
2021,SVN.4.6_1,Podvelka,109,106.5864,520.7666701078415,4.777675872549005,4.885864699200225
2021,SVN.4.7_1,Prevalje,49,53.1459,672.3666682243347,13.721768739272138,12.651329343812108
2021,SVN.4.8_1,Radlje ob Dravi,92,93.2679,775.1500005722046,8.425543484480485,8.311005305928662
2021,SVN.4.9_1,Ravne na Koroškem,65,64.9398,1062.0641053915024,16.339447775253884,16.35458317829062
2021,SVN.4.10_1,Ribnica na Pohorju,60,59.5312,276.00000381469727,4.600000063578288,4.6362209744934155
2021,SVN.4.11_1,Slovenj Gradec,181,175.7583,2204.316666841507,12.17854512067131,12.541748385224508
2021,SVN.4.12_1,Vuzenica,49,49.955,348.6666667461395,7.115646260125296,6.979612509517556
2021,SVN.5.1_1,Bloke,74,75.5663,471.6500005722046,6.373648656381143,6.241541227787456
2021,SVN.5.2_1,Cerknica,245,243.7275,1560.6333354711533,6.369931981514911,6.403189765890359
2021,SVN.5.3_1,Ilirska Bistrica,474,469.8196,2727.83334004879,5.754922658330781,5.806129275864777
2021,SVN.5.4_1,Loška Dolina,166,166.6122,640.44444668293,3.858099076403193,3.8439228007746893
2021,SVN.5.5_1,Pivka,225,224.9807,1191.8166675567627,5.2969629669189455,5.297418511267866
2021,SVN.5.6_1,Postojna,272,271.1278,2491.659526824951,9.160512966268202,9.189982363506095
2021,SVN.6.1_1,Divaca,144,147.4596,1247.2604694366455,8.661531037754482,8.458322129906007
2021,SVN.6.2_1,Hrpelje-Kozina,187,185.866,1787.1785724163055,9.557104665327838,9.61541457875546
2021,SVN.6.3_1,Izola,26,24.2792,835.0,32.11538461538461,34.391538069187824
2021,SVN.6.4_1,Komen,94,90.9951,806.100001335144,8.575531929097277,8.858717943197108
2021,SVN.6.5_1,Koper,290,291.0771,5522.974805235863,19.04474070770987,18.974265221022293
2021,SVN.6.6_1,Piran,28,27.7566,756.142858505249,27.00510208947318,27.241867737577437
2021,SVN.6.7_1,Sežana,177,177.7348,2326.872878074646,13.14617445239913,13.091827502894143
2021,SVN.7.1_1,Borovnica,40,42.2423,351.9000005722046,8.797500014305115,8.330511363667643
2021,SVN.7.2_1,Brezovica,88,89.8349,1299.9333328008652,14.771969690918922,14.470242629121389
2021,SVN.7.3_1,Dobrepolje,93,95.3671,611.3333342075348,6.5734767119089765,6.4103201464484
2021,SVN.7.4_1,Dobrova-Polhov Gradec,111,117.3249,1423.0,12.81981981981982,12.128711943895693
2021,SVN.7.5_1,Dol pri Ljubljani,36,33.5133,807.5476179122925,22.431878275341457,24.09634849650757
2021,SVN.7.6_1,Domžale,73,71.6483,2806.0,38.43835616438356,39.16354786280654
2021,SVN.7.7_1,Grosuplje,136,134.7405,2371.0,17.433823529411764,17.596786521302114
2021,SVN.7.8_1,Horjul,33,32.6953,474.3500118255615,14.374242782592773,14.508202535546712
2021,SVN.7.9_1,Ig,103,99.6528,1276.166666984558,12.389967640626777,12.806123364048103
2021,SVN.7.10_1,Ivancna Gorica,231,229.5426,2275.9166915416718,9.852453210137107,9.915008509672864
2021,SVN.7.11_1,Kamnik,262,264.6744,2686.005609869957,10.251929808663958,10.148337595399305
2021,SVN.7.12_1,Komenda,25,24.2478,775.3557662963867,31.01423065185547,31.976362787883254
2021,SVN.7.13_1,Litija,320,319.2343,2782.5833444595337,8.695572951436043,8.716430590513685
2021,SVN.7.14_1,Ljubljana,275,276.4294,11391.73473739624,41.424489954168145,41.21028450973013
2021,SVN.7.15_1,Logatec,173,172.2888,1512.9945948123932,8.745633496025395,8.781736069752473
2021,SVN.7.16_1,Lukovica,75,75.1131,1217.75,16.236666666666668,16.212219525572717
2021,SVN.7.17_1,Medvode,75,76.3493,1891.5,25.22,24.774279485823264
2021,SVN.7.18_1,Mengeš,22,21.4582,874.0,39.72727272727273,40.73033137138891
2021,SVN.7.19_1,Moravce,60,61.357,712.5833339691162,11.87638889948527,11.61371763347331
2021,SVN.7.20_1,Škofljica,39,41.8098,1105.0,28.333333333333332,26.429224911621997
2021,SVN.7.21_1,Trzin,8,8.5875,421.0,52.625,49.02472970373821
2021,SVN.7.22_1,Velike Lašče,103,102.246,702.0,6.815533980582524,6.865795495883729
2021,SVN.7.23_1,Vodice,34,32.1413,825.143949508667,24.26893969143138,25.67238295309945
2021,SVN.7.24_1,Vrhnika,128,123.5543,1889.6999992132187,14.763281243853271,15.29449375632212
2021,SVN.8.1_1,Benedikt,24,23.6001,277.9464302062988,11.581101258595785,11.777344572995055
2021,SVN.8.2_1,Cerkvenjak,21,23.3141,222.8333330154419,10.611111095973424,9.557885079050791
2021,SVN.8.3_1,Destrnik,35,34.9829,443.0,12.657142857142857,12.663329144097446
2021,SVN.8.4_1,Dornava,25,27.7855,239.5,9.58,8.619594701321377
2021,SVN.8.5_1,Duplek,35,36.6236,678.0,19.37142857142857,18.51266639214955
2021,SVN.8.6_1,Gorišnica,62,58.8136,923.6500062942505,14.89758074668146,15.704710529662286
2021,SVN.8.7_1,Hajdina,23,22.2098,803.0,34.91304347826087,36.15529060012139
2021,SVN.8.8_1,Hoce-Slivnica,54,53.0168,2050.04146194458,37.96373077675148,38.66777643216256
2021,SVN.8.9_1,Juršinci,39,36.4549,374.20000076293945,9.594871814434345,10.264726535644849
2021,SVN.8.10_1,Kidricevo,72,72.2552,1441.0,20.01388888888889,19.943196659738753
2021,SVN.8.11_1,Kungota,49,49.2311,799.1666660308838,16.30952379654865,16.232972453460384
2021,SVN.8.12_1,Lenart,119,118.6381,1829.7994194030762,15.376465709269548,15.423371147344907
2021,SVN.8.13_1,Lovrenc na Pohorju,88,84.3319,537.2333339452744,6.104924249378118,6.370461279011856
2021,SVN.8.14_1,Majšperk,76,73.049,663.9166679382324,8.735745630766216,9.088643710951178
2021,SVN.8.15_1,Maribor,148,148.2768,5767.931439876556,38.97250972889565,38.89975980593991
2021,SVN.8.16_1,Markovci,32,30.1473,616.2000007629395,19.256250023841858,20.439619203919474
2021,SVN.8.17_1,Miklavž na Dravskem Polju,15,12.6428,495.93103408813477,33.062068939208984,39.22628498810781
2021,SVN.8.18_1,Oplotnica,33,33.4925,522.6999998092651,15.839393933614096,15.60647481330246
2021,SVN.8.19_1,Ormož,202,203.3344,1934.0833349227905,9.5746699748653,9.511837684163002
2021,SVN.8.20_1,Pesnica,75,74.2044,1504.6512145996094,20.062016194661457,20.277124257286026
2021,SVN.8.21_1,Podlehnik,50,50.6164,594.9214358329773,11.898428716659545,11.753526492139605
2021,SVN.8.22_1,Ptuj,69,65.9821,2011.67915725708,29.154770395030145,30.48825044794516
2021,SVN.8.23_1,Race-Fram,49,50.2968,1096.3141078948975,22.3737573039775,21.796893822390953
2021,SVN.8.24_1,Ruše,58,59.7856,612.2833350896835,10.556609225684198,10.24131081991107
2021,SVN.8.25_1,Selnica ob Dravi,61,61.063,764.0000001192093,12.524590165888677,12.511659225669444
2021,SVN.8.26_1,Šentilj,57,59.2267,1162.4801712036133,20.394388968484442,19.627648519074118
2021,SVN.8.27_1,Slovenska Bistrica,335,335.0452,4314.4645475149155,12.878998649298255,12.87726303418804
2021,SVN.8.28_1,Starše,33,34.3011,637.0,19.303030303030305,18.57083613271373
2021,SVN.8.29_1,Sveta Ana,40,38.4319,424.0,10.6,11.032504471195773
2021,SVN.8.30_1,Sveti Andraž v Slovenskih Gorica,17,17.2853,128.30000114440918,7.547058890847599,7.42250373249151
2021,SVN.8.31_1,Trnovska Vas,22,22.4787,246.10000324249268,11.186363783749668,10.94815700903408
2021,SVN.8.32_1,Videm,72,70.8118,1048.9134979248047,14.568243026733398,14.812696091079868
2021,SVN.8.33_1,Zavrc,12,12.6615,153.0,12.75,12.08383516037128
2021,SVN.8.34_1,Žetale,36,36.6322,274.8666670322418,7.635185195340051,7.503407844023796
2021,SVN.9.1_1,Beltinci,63,62.0632,1025.350001335144,16.275396846589587,16.521074639643334
2021,SVN.9.2_1,Cankova,26,26.5785,165.3333339691162,6.3589743834275465,6.220575796226608
2021,SVN.9.3_1,Črenšovci,32,31.9352,456.28333473205566,14.25885421037674,14.287772588735399
2021,SVN.9.4_1,Dobrovnik,33,34.006,304.45000076293945,9.225757598876953,8.952826919584133
2021,SVN.9.5_1,Gornja Radgona,122,120.5406,1711.1333351135254,14.025683074701028,14.195492912750032
2021,SVN.9.6_1,Gornji Petrovci,63,63.9394,327.0,5.190476190476191,5.114216125996178
2021,SVN.9.7_1,Grad,40,36.7113,239.0833339691162,5.977083349227906,6.512535048091134
2021,SVN.9.8_1,Hodoš,22,23.8037,272.8333330154419,12.401515137065541,11.461802734213162
2021,SVN.9.9_1,Kobilje,19,19.2954,68.0,3.5789473684210527,3.5241514984132825
2021,SVN.9.10_1,Križevci,47,47.0896,610.0690450668335,12.9801924482305,12.955498945081708
2021,SVN.9.11_1,Kuzma,17,17.095,147.50000095367432,8.676470644333783,8.628267236588105
2021,SVN.9.12_1,Lendava,108,110.1086,1764.7327094078064,16.340117679701912,16.027200917687676
2021,SVN.9.13_1,Ljutomer,111,108.5309,1786.6762809753418,16.096182711489565,16.462375085619207
2021,SVN.9.14_1,Moravske Toplice,142,143.39,1193.3013095855713,8.403530349194163,8.322065834665494
2021,SVN.9.15_1,Murska Sobota,68,65.8851,2148.0101928710938,31.58838518928079,32.602355672279344
2021,SVN.9.16_1,Odranci,8,7.8191,137.0,17.125,17.52113657861224
2021,SVN.9.17_1,Puconci,108,106.0635,925.0000047683716,8.564814858966404,8.721192582471831
2021,SVN.9.18_1,Radenci,35,33.8123,645.0,18.428571428571427,19.075905255088788
2021,SVN.9.19_1,Razkrižje,6,6.9318,63.0,10.5,9.088543693814778
2021,SVN.9.20_1,Rogašovci,31,31.9244,232.41666793823242,7.497311868975239,7.280226035667759
2021,SVN.9.21_1,Šalovci,53,50.5578,202.0833339691162,3.8128930937569097,3.997072913396861
2021,SVN.9.22_1,Sveti Jurij,48,51.1951,535.3500003814697,11.153125007947287,10.457055801998349
2021,SVN.9.23_1,Tišina,33,35.3877,505.5999994277954,15.321212103872588,14.287455817267738
2021,SVN.9.24_1,Turnišče,20,22.9794,287.30952644348145,14.365476322174072,12.5028910538487
2021,SVN.9.25_1,Velika Polana,24,24.1079,289.3833341598511,12.057638923327128,12.003681270114903
2021,SVN.9.26_1,Veržej,12,11.769,194.076189994812,16.173015832901,16.490425643267752
2021,SVN.10.1_1,Bistrica ob Sotli,61,56.0788,638.5,10.467213114754099,11.38577405040495
2021,SVN.10.2_1,Braslovce,58,55.9005,742.7547631263733,12.806116605627127,13.287087857845934
2021,SVN.10.3_1,Celje,96,96.8336,3385.04656791687,35.260901749134064,34.95736591333089
2021,SVN.10.4_1,Dobje,17,17.4869,158.0,9.294117647058824,9.035338535667695
2021,SVN.10.5_1,Dobrna,33,32.2669,355.6666669845581,10.777777787410852,11.022645478009146
2021,SVN.10.6_1,Gornji Grad,90,91.0047,473.2833367586136,5.258703741762373,5.200646412127361
2021,SVN.10.7_1,Kozje,87,88.5434,642.0000002384186,7.37931034756803,7.25068366617195
2021,SVN.10.8_1,Laško,205,201.4876,2163.9333362579346,10.555772371989924,10.739785717517755
2021,SVN.10.9_1,Ljubno,79,79.362,379.00000178813934,4.797468377065055,4.77558710675214
2021,SVN.10.10_1,Luce,112,110.3298,235.0,2.0982142857142856,2.1299766380223653
2021,SVN.10.11_1,Mozirje,83,84.7599,828.5535898208618,9.982573371335684,9.77529930920828
2021,SVN.10.12_1,Nazarje,44,43.6766,403.4972254037857,9.170391486449676,9.238300580480074
2021,SVN.10.13_1,Podcetrtek,30,29.5669,276.3333339691162,9.211111132303873,9.346045401514637
2021,SVN.10.14_1,Polzela,33,34.477,566.0,17.151515151515152,16.41673679472708
2021,SVN.10.15_1,Prebold,42,41.0779,584.0,13.904761904761905,14.216896271871812
2021,SVN.10.16_1,Radece,53,52.1379,504.761905670166,9.523809540946528,9.681282188371911
2021,SVN.10.17_1,Rogaška Slatina,68,70.8401,1363.0285758972168,20.044537880841425,19.240928452805967
2021,SVN.10.18_1,Rogatec,43,46.8711,604.5384635925293,14.059034037035564,12.897905363141296
2021,SVN.10.19_1,Šentjur pri Celju,224,223.8178,2789.0721769332886,12.451215075595039,12.461352504717373
2021,SVN.10.20_1,Slovenske Konjice,98,98.3364,1622.62828540802,16.557431483755305,16.50078621549661
2021,SVN.10.21_1,Šmarje pri Jelšah,112,109.0515,1358.6261940002441,12.130591017859322,12.458574511249614
2021,SVN.10.22_1,Šmartno ob Paki,17,17.0321,250.0,14.705882352941176,14.678129481096553
2021,SVN.10.23_1,Solcava,94,98.1425,1.0,0.010638297872340425,0.010189270525476645
2021,SVN.10.24_1,Šoštanj,99,96.868,1259.0,12.717171717171718,12.997062003450653
2021,SVN.10.25_1,Štore,29,28.5396,558.3660697937012,19.25400240667935,19.564606385424934
2021,SVN.10.26_1,Tabor,34,33.8269,273.65000104904175,8.048529442618875,8.08971838779744
2021,SVN.10.27_1,Velenje,83,84.3401,2075.0,25.0,24.60278187977189
2021,SVN.10.28_1,Vitanje,59,60.4406,362.5833343267441,6.145480242826171,5.999007122813976
2021,SVN.10.29_1,Vojnik,80,76.9489,1175.5,14.69375,15.276378320973658
2021,SVN.10.30_1,Vransko,52,54.1537,540.3333339691162,10.391025653252235,9.977773614248784
2021,SVN.10.31_1,Žalec,117,117.1442,2401.3378353118896,20.524255002665722,20.498998932499603
2021,SVN.10.32_1,Zrece,62,65.8808,898.75,14.495967741935484,13.642063779785467
2021,SVN.11.1_1,Brežice,248,245.6913,4665.650001525879,18.813104844862416,18.989887377960233
2021,SVN.11.2_1,Krško,340,340.9379,5293.69048166275,15.569677887243383,15.526848436897808
2021,SVN.11.3_1,Sevnica,280,278.6841,2441.199216604233,8.718568630729402,8.759735872523603
2021,SVN.12.1_1,Hrastnik,56,58.2381,965.3000020980835,17.237500037465775,16.575061283014687
2021,SVN.12.2_1,Trbovlje,60,57.9159,1246.2666664123535,20.77111110687256,21.518563608241607
2021,SVN.12.3_1,Zagorje ob Savi,145,147.3849,1822.9000029563904,12.571724158319933,12.368298134960952
2022,SVN.1.1_1,Bled,187,187.7102,1939.5333346128464,10.371836013972441,10.332596614690187
2022,SVN.1.2_1,Bohinj,331,330.4201,913.333333492279,2.759315206925314,2.764157607362236
2022,SVN.1.3_1,Cerklje na Gorenjskem,74,77.1957,1477.9253244400024,19.97196384378382,19.145173840963338
2022,SVN.1.4_1,Gorenja Vas-Poljane,152,151.5701,1380.3333415985107,9.08114040525336,9.106895504164306
2022,SVN.1.5_1,Jesenice,75,74.7956,1978.8190512657166,26.38425401687622,26.456340709848924
2022,SVN.1.6_1,Jezersko,73,70.5865,34.0,0.4657534246575342,0.4816786399592808
2022,SVN.1.7_1,Kranj,146,145.7396,3943.5982513427734,27.010946927005296,27.059206955352604
2022,SVN.1.8_1,Kranjska Gora,244,249.6461,1928.850001335144,7.905122956291574,7.726338842177583
2022,SVN.1.9_1,Naklo,28,27.6347,645.0,23.035714285714285,23.34021353536549
2022,SVN.1.10_1,Preddvor,88,86.0439,625.3333339691162,7.106060613285411,7.26761023342043
2022,SVN.1.11_1,Radovljica,117,116.9011,2105.7666671276093,17.998005701945377,18.013238397969804
2022,SVN.1.12_1,Šenčur,46,42.6248,1506.2472190856934,32.74450476273246,35.33732889942396
2022,SVN.1.13_1,Škofja Loka,145,144.4252,2352.9331574440002,16.227125223751727,16.291710080041504
2022,SVN.1.14_1,Tržič,157,156.9897,1429.333333492279,9.104033971288402,9.104633291454688
2022,SVN.1.15_1,Železniki,163,163.136,737.4166679382324,4.524028637657867,4.520256650585112
2022,SVN.1.16_1,Žiri,51,49.568,487.60000228881836,9.560784358604282,9.836991595577924
2022,SVN.1.17_1,Žirovnica,42,42.0999,694.6666667461395,16.539682541574752,16.50045354972856
2022,SVN.2.1_1,Ajdovščina,241,240.3435,2222.552985191345,9.222211556810562,9.247403310253869
2022,SVN.2.2_1,Bovec,383,382.1081,526.9166671037674,1.3757615329080088,1.378972699239852
2022,SVN.2.3_1,Brda,62,61.2313,763.9363651275635,12.321554276251025,12.476245995815955
2022,SVN.2.4_1,Cerkno,130,131.479,809.3333339691162,6.225641030531663,6.15560710170971
2022,SVN.2.5_1,Idrija,292,295.2119,1437.1500034332275,4.9217465871000945,4.868197630307678
2022,SVN.2.6_1,Kanal,129,132.6271,1198.1666679382324,9.288113704947538,9.034102788053008
2022,SVN.2.7_1,Kobarid,188,190.1235,706.6666680574417,3.75886525562469,3.716882463727313
2022,SVN.2.8_1,Miren-Kostanjevica,49,46.6248,567.7583351135254,11.586904798235212,12.177183835339035
2022,SVN.2.9_1,Nova Gorica,295,297.6162,3352.4761986732483,11.364326097197452,11.264428877714026
2022,SVN.2.10_1,Šempeter-Vrtojba,7,7.7338,327.0,46.714285714285715,42.28185958638269
2022,SVN.2.11_1,Tolmin,385,384.2645,1476.216671705246,3.8343290174162235,3.8416680546298774
2022,SVN.2.12_1,Vipava,112,108.4008,883.5666673183441,7.888988101056644,8.150920614753321
2022,SVN.3.1_1,Crnomelj,335,330.8646,1885.567839384079,5.62856071457934,5.698910599314767
2022,SVN.3.2_1,Dolenjske Toplice,112,111.0355,314.15000200271606,2.804910732167108,2.8292741438706575
2022,SVN.3.3_1,Kocevje,543,545.407,2795.4668279886246,5.148189370144797,5.125468986108163
2022,SVN.3.4_1,Kostel,37,35.6858,78.0,2.108108108108108,2.185743338271091
2022,SVN.3.5_1,Loški Potok,124,123.4977,700.1000006198883,5.645967746934583,5.668932061383768
2022,SVN.3.6_1,Metlika,111,113.0004,1362.9333353042603,12.278678696434778,12.061312153061012
2022,SVN.3.7_1,Mirna Pec,50,48.1712,536.9214477539062,10.738428955078126,11.146110268334107
2022,SVN.3.8_1,Novo Mesto,296,300.285,4850.357805252075,16.386343936662417,16.152514540353167
2022,SVN.3.9_1,Osilnica,32,31.0875,120.0,3.75,3.860067294936704
2022,SVN.3.10_1,Ribnica,160,155.756,1774.3333337306976,11.08958333581686,11.39174787433241
2022,SVN.3.11_1,Semic,149,148.9731,630.5000019073486,4.231543636962071,4.23230681271924
2022,SVN.3.12_1,Šentjernej,100,100.1929,1174.9701356887817,11.749701356887817,11.727075638258873
2022,SVN.3.13_1,Škocjan,63,61.2852,643.7619066238403,10.21844296228318,10.504367211723777
2022,SVN.3.14_1,Sodražica,50,49.9829,417.25,8.345,8.347849533254488
2022,SVN.3.15_1,Trebnje,311,317.9015,3459.748134613037,11.12459207271073,10.883081403725392
2022,SVN.3.16_1,Žužemberk,168,162.6138,1178.916675209999,7.01736116196428,7.249794218460104
2022,SVN.4.1_1,Črna na Koroškem,155,152.0071,387.4166668653488,2.4994623668732183,2.5486744831412556
2022,SVN.4.2_1,Dravograd,100,101.2156,1095.11905002594,10.951190500259399,10.819666243219284
2022,SVN.4.3_1,Mežica,26,25.1048,330.5,12.711538461538462,13.164793563299375
2022,SVN.4.4_1,Mislinja,113,113.4849,692.5000004768372,6.128318588290594,6.102133692931299
2022,SVN.4.5_1,Muta,38,37.5131,337.0,8.868421052631579,8.983531368366812
2022,SVN.4.6_1,Podvelka,109,106.5864,542.7666701078415,4.979510734934325,5.092270042614668
2022,SVN.4.7_1,Prevalje,49,53.1459,675.3666682243347,13.782993229068055,12.707777692347396
2022,SVN.4.8_1,Radlje ob Dravi,92,93.2679,775.1500005722046,8.425543484480485,8.311005305928662
2022,SVN.4.9_1,Ravne na Koroškem,65,64.9398,1068.3410288095474,16.436015827839192,16.451240682882904
2022,SVN.4.10_1,Ribnica na Pohorju,60,59.5312,291.00000381469727,4.850000063578288,4.888189502233334
2022,SVN.4.11_1,Slovenj Gradec,181,175.7583,2258.566666841507,12.478268877577387,12.850410865590062
2022,SVN.4.12_1,Vuzenica,49,49.955,356.6666667461395,7.2789115662477455,7.139756582357173
2022,SVN.5.1_1,Bloke,74,75.5663,471.6500005722046,6.373648656381143,6.241541227787456
2022,SVN.5.2_1,Cerknica,245,243.7275,1560.6333354711533,6.369931981514911,6.403189765890359
2022,SVN.5.3_1,Ilirska Bistrica,474,469.8196,2728.8333410024643,5.757032364984102,5.808257754437048
2022,SVN.5.4_1,Loška Dolina,166,166.6122,640.44444668293,3.858099076403193,3.8439228007746893
2022,SVN.5.5_1,Pivka,225,224.9807,1193.8166675567627,5.305851855807834,5.306308164610486
2022,SVN.5.6_1,Postojna,272,271.1278,2499.659526824951,9.189924730974084,9.219488745945807
2022,SVN.6.1_1,Divaca,144,147.4596,1253.4271392822266,8.70435513390435,8.500141526335897
2022,SVN.6.2_1,Hrpelje-Kozina,187,185.866,1791.8785722255707,9.582238354147437,9.640701613517217
2022,SVN.6.3_1,Izola,26,24.2792,835.0,32.11538461538461,34.391538069187824
2022,SVN.6.4_1,Komen,94,90.9951,806.600001335144,8.580851078033447,8.864212744045963
2022,SVN.6.5_1,Koper,290,291.0771,5549.1093410253525,19.134859796639148,19.064050822258057
2022,SVN.6.6_1,Piran,28,27.7566,756.142858505249,27.00510208947318,27.241867737577437
2022,SVN.6.7_1,Sežana,177,177.7348,2338.761773109436,13.213343350900768,13.158718721775113
2022,SVN.7.1_1,Borovnica,40,42.2423,351.9000005722046,8.797500014305115,8.330511363667643
2022,SVN.7.2_1,Brezovica,88,89.8349,1299.9333328008652,14.771969690918922,14.470242629121389
2022,SVN.7.3_1,Dobrepolje,93,95.3671,612.3333342075348,6.5842294000810195,6.420805948199678
2022,SVN.7.4_1,Dobrova-Polhov Gradec,111,117.3249,1423.0,12.81981981981982,12.128711943895693
2022,SVN.7.5_1,Dol pri Ljubljani,36,33.5133,807.5476179122925,22.431878275341457,24.09634849650757
2022,SVN.7.6_1,Domžale,73,71.6483,2806.0,38.43835616438356,39.16354786280654
2022,SVN.7.7_1,Grosuplje,136,134.7405,2375.0999994277954,17.46397058402791,17.627215376075785
2022,SVN.7.8_1,Horjul,33,32.6953,474.3500118255615,14.374242782592773,14.508202535546712
2022,SVN.7.9_1,Ig,103,99.6528,1276.166666984558,12.389967640626777,12.806123364048103
2022,SVN.7.10_1,Ivancna Gorica,231,229.5426,2285.8952634334564,9.895650491053924,9.958480059219966
2022,SVN.7.11_1,Kamnik,262,264.6744,2686.0056108236313,10.251929812303937,10.1483375990025
2022,SVN.7.12_1,Komenda,25,24.2478,781.3700504302979,31.254802017211915,32.224397225408595
2022,SVN.7.13_1,Litija,320,319.2343,2811.0833444595337,8.784635451436042,8.805706720310218
2022,SVN.7.14_1,Ljubljana,275,276.4294,11391.73473739624,41.424489954168145,41.21028450973013
2022,SVN.7.15_1,Logatec,173,172.2888,1512.9945948123932,8.745633496025395,8.781736069752473
2022,SVN.7.16_1,Lukovica,75,75.1131,1217.75,16.236666666666668,16.212219525572717
2022,SVN.7.17_1,Medvode,75,76.3493,1891.5,25.22,24.774279485823264
2022,SVN.7.18_1,Mengeš,22,21.4582,874.0,39.72727272727273,40.73033137138891
2022,SVN.7.19_1,Moravce,60,61.357,712.5833339691162,11.87638889948527,11.61371763347331
2022,SVN.7.20_1,Škofljica,39,41.8098,1105.0,28.333333333333332,26.429224911621997
2022,SVN.7.21_1,Trzin,8,8.5875,421.0,52.625,49.02472970373821
2022,SVN.7.22_1,Velike Lašče,103,102.246,702.0,6.815533980582524,6.865795495883729
2022,SVN.7.23_1,Vodice,34,32.1413,825.143949508667,24.26893969143138,25.67238295309945
2022,SVN.7.24_1,Vrhnika,128,123.5543,1889.6999992132187,14.763281243853271,15.29449375632212
2022,SVN.8.1_1,Benedikt,24,23.6001,277.9464302062988,11.581101258595785,11.777344572995055
2022,SVN.8.2_1,Cerkvenjak,21,23.3141,222.8333330154419,10.611111095973424,9.557885079050791
2022,SVN.8.3_1,Destrnik,35,34.9829,443.0,12.657142857142857,12.663329144097446
2022,SVN.8.4_1,Dornava,25,27.7855,267.8166694641113,10.712666778564452,9.638710417696837
2022,SVN.8.5_1,Duplek,35,36.6236,678.0,19.37142857142857,18.51266639214955
2022,SVN.8.6_1,Gorišnica,62,58.8136,924.0500068664551,14.904032368813791,15.71151169152594
2022,SVN.8.7_1,Hajdina,23,22.2098,803.0,34.91304347826087,36.15529060012139
2022,SVN.8.8_1,Hoce-Slivnica,54,53.0168,2050.04146194458,37.96373077675148,38.66777643216256
2022,SVN.8.9_1,Juršinci,39,36.4549,383.30000019073486,9.828205133095766,10.51434974625521
2022,SVN.8.10_1,Kidricevo,72,72.2552,1441.0,20.01388888888889,19.943196659738753
2022,SVN.8.11_1,Kungota,49,49.2311,799.1666660308838,16.30952379654865,16.232972453460384
2022,SVN.8.12_1,Lenart,119,118.6381,1829.7994194030762,15.376465709269548,15.423371147344907
2022,SVN.8.13_1,Lovrenc na Pohorju,88,84.3319,538.2333339452744,6.116287885741754,6.382319182973677
2022,SVN.8.14_1,Majšperk,76,73.049,663.9166679382324,8.735745630766216,9.088643710951178
2022,SVN.8.15_1,Maribor,148,148.2768,5767.931439876556,38.97250972889565,38.89975980593991
2022,SVN.8.16_1,Markovci,32,30.1473,616.8666667938232,19.277083337306976,20.461732803060308
2022,SVN.8.17_1,Miklavž na Dravskem Polju,15,12.6428,495.93103408813477,33.062068939208984,39.22628498810781
2022,SVN.8.18_1,Oplotnica,33,33.4925,522.6999998092651,15.839393933614096,15.60647481330246
2022,SVN.8.19_1,Ormož,202,203.3344,2050.583335876465,10.151402652853786,10.084785643161068
2022,SVN.8.20_1,Pesnica,75,74.2044,1504.6512145996094,20.062016194661457,20.277124257286026
2022,SVN.8.21_1,Podlehnik,50,50.6164,595.9214358329773,11.918428716659546,11.773282926828637
2022,SVN.8.22_1,Ptuj,69,65.9821,2011.67915725708,29.154770395030145,30.48825044794516
2022,SVN.8.23_1,Race-Fram,49,50.2968,1096.3141078948975,22.3737573039775,21.796893822390953
2022,SVN.8.24_1,Ruše,58,59.7856,614.2833350896835,10.591091984304889,10.274763668397991
2022,SVN.8.25_1,Selnica ob Dravi,61,61.063,764.0000001192093,12.524590165888677,12.511659225669444
2022,SVN.8.26_1,Šentilj,57,59.2267,1162.4801712036133,20.394388968484442,19.627648519074118
2022,SVN.8.27_1,Slovenska Bistrica,335,335.0452,4368.814549803734,13.041237462100698,13.039479983168409
2022,SVN.8.28_1,Starše,33,34.3011,637.0,19.303030303030305,18.57083613271373
2022,SVN.8.29_1,Sveta Ana,40,38.4319,424.0,10.6,11.032504471195773
2022,SVN.8.30_1,Sveti Andraž v Slovenskih Gorica,17,17.2853,128.30000114440918,7.547058890847599,7.42250373249151
2022,SVN.8.31_1,Trnovska Vas,22,22.4787,246.10000324249268,11.186363783749668,10.94815700903408
2022,SVN.8.32_1,Videm,72,70.8118,1050.6634979248047,14.592548582288954,14.837409490431362
2022,SVN.8.33_1,Zavrc,12,12.6615,153.0,12.75,12.08383516037128
2022,SVN.8.34_1,Žetale,36,36.6322,275.8666670322418,7.662962973117828,7.530706198986363
2022,SVN.9.1_1,Beltinci,63,62.0632,1025.350001335144,16.275396846589587,16.521074639643334
2022,SVN.9.2_1,Cankova,26,26.5785,174.3333339691162,6.705128229581392,6.559195848348084
2022,SVN.9.3_1,Črenšovci,32,31.9352,456.28333473205566,14.25885421037674,14.287772588735399
2022,SVN.9.4_1,Dobrovnik,33,34.006,304.45000076293945,9.225757598876953,8.952826919584133
2022,SVN.9.5_1,Gornja Radgona,122,120.5406,1711.1333351135254,14.025683074701028,14.195492912750032
2022,SVN.9.6_1,Gornji Petrovci,63,63.9394,331.0,5.253968253968254,5.176775344662797
2022,SVN.9.7_1,Grad,40,36.7113,251.0833339691162,6.2770833492279055,6.8394102814237465
2022,SVN.9.8_1,Hodoš,22,23.8037,272.8333330154419,12.401515137065541,11.461802734213162
2022,SVN.9.9_1,Kobilje,19,19.2954,78.0,4.105263157894737,4.042409071709353
2022,SVN.9.10_1,Križevci,47,47.0896,610.0690450668335,12.9801924482305,12.955498945081708
2022,SVN.9.11_1,Kuzma,17,17.095,147.50000095367432,8.676470644333783,8.628267236588105
2022,SVN.9.12_1,Lendava,108,110.1086,1770.7327094078064,16.395673235257465,16.0816925724258
2022,SVN.9.13_1,Ljutomer,111,108.5309,1788.4035549163818,16.11174373798542,16.47829012954507
2022,SVN.9.14_1,Moravske Toplice,142,143.39,1195.3013095855713,8.417614856236417,8.336013805337807
2022,SVN.9.15_1,Murska Sobota,68,65.8851,2148.0101928710938,31.58838518928079,32.602355672279344
2022,SVN.9.16_1,Odranci,8,7.8191,137.0,17.125,17.52113657861224
2022,SVN.9.17_1,Puconci,108,106.0635,936.666672706604,8.672839562098185,8.831189617456229
2022,SVN.9.18_1,Radenci,35,33.8123,645.0,18.428571428571427,19.075905255088788
2022,SVN.9.19_1,Razkrižje,6,6.9318,63.0,10.5,9.088543693814778
2022,SVN.9.20_1,Rogašovci,31,31.9244,237.41666793823242,7.658602191555884,7.4368461718277565
2022,SVN.9.21_1,Šalovci,53,50.5578,203.0833339691162,3.8317610182852113,4.016852243215359
2022,SVN.9.22_1,Sveti Jurij,48,51.1951,535.3500003814697,11.153125007947287,10.457055801998349
2022,SVN.9.23_1,Tišina,33,35.3877,505.5999994277954,15.321212103872588,14.287455817267738
2022,SVN.9.24_1,Turnišče,20,22.9794,287.30952644348145,14.365476322174072,12.5028910538487
2022,SVN.9.25_1,Velika Polana,24,24.1079,289.3833341598511,12.057638923327128,12.003681270114903
2022,SVN.9.26_1,Veržej,12,11.769,194.076189994812,16.173015832901,16.490425643267752
2022,SVN.10.1_1,Bistrica ob Sotli,61,56.0788,638.5,10.467213114754099,11.38577405040495
2022,SVN.10.2_1,Braslovce,58,55.9005,742.7547631263733,12.806116605627127,13.287087857845934
2022,SVN.10.3_1,Celje,96,96.8336,3385.04656791687,35.260901749134064,34.95736591333089
2022,SVN.10.4_1,Dobje,17,17.4869,158.0,9.294117647058824,9.035338535667695
2022,SVN.10.5_1,Dobrna,33,32.2669,355.6666669845581,10.777777787410852,11.022645478009146
2022,SVN.10.6_1,Gornji Grad,90,91.0047,473.2833367586136,5.258703741762373,5.200646412127361
2022,SVN.10.7_1,Kozje,87,88.5434,642.0000002384186,7.37931034756803,7.25068366617195
2022,SVN.10.8_1,Laško,205,201.4876,2199.6833362579346,10.730162615892365,10.91721601676404
2022,SVN.10.9_1,Ljubno,79,79.362,379.00000178813934,4.797468377065055,4.77558710675214
2022,SVN.10.10_1,Luce,112,110.3298,235.0,2.0982142857142856,2.1299766380223653
2022,SVN.10.11_1,Mozirje,83,84.7599,828.5535898208618,9.982573371335684,9.77529930920828
2022,SVN.10.12_1,Nazarje,44,43.6766,403.4972254037857,9.170391486449676,9.238300580480074
2022,SVN.10.13_1,Podcetrtek,30,29.5669,276.3333339691162,9.211111132303873,9.346045401514637
2022,SVN.10.14_1,Polzela,33,34.477,566.0,17.151515151515152,16.41673679472708
2022,SVN.10.15_1,Prebold,42,41.0779,584.0,13.904761904761905,14.216896271871812
2022,SVN.10.16_1,Radece,53,52.1379,504.761905670166,9.523809540946528,9.681282188371911
2022,SVN.10.17_1,Rogaška Slatina,68,70.8401,1363.0285758972168,20.044537880841425,19.240928452805967
2022,SVN.10.18_1,Rogatec,43,46.8711,604.5384635925293,14.059034037035564,12.897905363141296
2022,SVN.10.19_1,Šentjur pri Celju,224,223.8178,2803.840703010559,12.517145995582853,12.527337103805925
2022,SVN.10.20_1,Slovenske Konjice,98,98.3364,1622.62828540802,16.557431483755305,16.50078621549661
2022,SVN.10.21_1,Šmarje pri Jelšah,112,109.0515,1360.9119110107422,12.150999205453056,12.479534489654768
2022,SVN.10.22_1,Šmartno ob Paki,17,17.0321,250.0,14.705882352941176,14.678129481096553
2022,SVN.10.23_1,Solcava,94,98.1425,1.0,0.010638297872340425,0.010189270525476645
2022,SVN.10.24_1,Šoštanj,99,96.868,1259.0,12.717171717171718,12.997062003450653
2022,SVN.10.25_1,Štore,29,28.5396,558.3660697937012,19.25400240667935,19.564606385424934
2022,SVN.10.26_1,Tabor,34,33.8269,273.65000104904175,8.048529442618875,8.08971838779744
2022,SVN.10.27_1,Velenje,83,84.3401,2075.0,25.0,24.60278187977189
2022,SVN.10.28_1,Vitanje,59,60.4406,362.5833343267441,6.145480242826171,5.999007122813976
2022,SVN.10.29_1,Vojnik,80,76.9489,1175.5,14.69375,15.276378320973658
2022,SVN.10.30_1,Vransko,52,54.1537,540.3333339691162,10.391025653252235,9.977773614248784
2022,SVN.10.31_1,Žalec,117,117.1442,2401.3378353118896,20.524255002665722,20.498998932499603
2022,SVN.10.32_1,Zrece,62,65.8808,898.75,14.495967741935484,13.642063779785467
2022,SVN.11.1_1,Brežice,248,245.6913,4665.650001525879,18.813104844862416,18.989887377960233
2022,SVN.11.2_1,Krško,340,340.9379,5293.69048166275,15.569677887243383,15.526848436897808
2022,SVN.11.3_1,Sevnica,280,278.6841,2490.1325500011444,8.893330535718373,8.93532296635994
2022,SVN.12.1_1,Hrastnik,56,58.2381,965.3000020980835,17.237500037465775,16.575061283014687
2022,SVN.12.2_1,Trbovlje,60,57.9159,1246.2666664123535,20.77111110687256,21.518563608241607
2022,SVN.12.3_1,Zagorje ob Savi,145,147.3849,1822.9000029563904,12.571724158319933,12.368298134960952
