year,gid,name,pixels,area_km2,sum_of_lights,mean_dn,density_sol_per_km2
1992,NAM.1.1_1,Berseba,31769,31765.2657,42.0,0.0013220435015266455,0.0013221989216677147
1992,NAM.1.2_1,Karas,38202,38195.2388,480.0,0.012564787183917072,0.012567011352508857
1992,NAM.1.3_1,Keetmanshoop Rural,37919,37919.1022,3.0,7.911601044331338e-05,7.911579728966593e-05
1992,NAM.1.4_1,Keetmanshoop Urban,523,523.9898,1136.0,2.1720841300191203,2.167981200839893
1992,NAM.1.5_1,Luderitz,48521,48535.4537,551.0,0.01135590775128295,0.011352525990001236
1992,NAM.1.6_1,Oranjemund,4235,4248.4234,2255.0,0.5324675324675324,0.5307851403678322
1992,NAM.2.1_1,Arandis,13523,13523.4512,1514.0,0.11195740590105746,0.11195367040798862
1992,NAM.2.2_1,Daures,17761,17769.6698,52.0,0.0029277630764033558,0.0029263346164790844
1992,NAM.2.3_1,Karibib,14543,14537.4955,610.0,0.0419445781475624,0.041960460196568614
1992,NAM.2.4_1,Omaruru,8425,8425.7831,395.0,0.04688427299703264,0.046879915454560384
1992,NAM.2.5_1,Swakopmund,195,196.7486,781.0,4.005128205128205,3.9695335468190236
1992,NAM.2.6_1,Walvisbay Rural,9130,9138.3767,1001.0,0.10963855421686747,0.10953805440745079
1992,NAM.2.7_1,Walvisbay Urban,24,20.9025,971.0,40.458333333333336,46.45368973467052
1992,NAM.3.1_1,Gibeon,50470,50450.588,97.0,0.0019219338220725184,0.0019226733298437855
1992,NAM.3.2_1,Mariental Rural,41800,41784.703,102.0,0.0024401913875598084,0.002441084722044999
1992,NAM.3.3_1,Mariental Urban,5919,5916.3883,880.0,0.148673762459875,0.14873939276853765
1992,NAM.3.4_1,Rehoboth East,280,282.7018,162.0,0.5785714285714286,0.5730418951141368
1992,NAM.3.5_1,Rehoboth Rural,10934,10933.0921,0.0,0.0,0.0
1992,NAM.3.6_1,Rehoboth West,320,326.0358,567.0,1.771875,1.7390730171720348
1992,NAM.4.1_1,Kahenge,8780,8778.9988,0.0,0.0,0.0
1992,NAM.4.2_1,Kapako,6150,6153.6288,9.0,0.0014634146341463415,0.001462551666392254
1992,NAM.4.3_1,Mashare,9307,9291.9774,0.0,0.0,0.0
1992,NAM.4.4_1,Mpungu,8120,8124.596,0.0,0.0,0.0
1992,NAM.4.5_1,Mukwe,5506,5520.1333,0.0,0.0,0.0
1992,NAM.4.6_1,Ndiyona,8130,8137.2961,0.0,0.0,0.0
1992,NAM.4.7_1,Rundu Rural East,589,579.1941,10.0,0.01697792869269949,0.017265369519101223
1992,NAM.4.8_1,Rundu Rural West,2068,2085.5817,86.0,0.041586073500967116,0.041235498348850416
1992,NAM.4.9_1,Rundu Urban,16,15.466,186.0,11.625,12.026354986205655
1992,NAM.5.1_1,Katutura Central,1,2.0258,62.0,62.0,30.605781743390203
1992,NAM.5.2_1,Katutura East,3,2.5003,186.0,62.0,74.39101959538907
1992,NAM.5.3_1,Khomasdal North,28,25.9498,884.0,31.571428571428573,34.06576598148462
1992,NAM.5.4_1,Moses Garoeb,35,33.6444,703.0,20.085714285714285,20.895003387022992
1992,NAM.5.5_1,Soweto,3,1.8821,185.0,61.666666666666664,98.29287888198174
1992,NAM.5.6_1,Tobias Hainyeko,21,19.7976,817.0,38.904761904761905,41.26772917117713
1992,NAM.5.7_1,Wanaheda,18,19.2191,520.0,28.88888888888889,27.056457325627612
1992,NAM.5.8_1,Windhoek East,168,167.0933,1466.0,8.726190476190476,8.77354253141611
1992,NAM.5.9_1,Windhoek Rural,36601,36593.3945,2869.0,0.07838583645255594,0.0784021280866801
1992,NAM.5.10_1,Windhoek West,211,208.5574,2413.0,11.436018957345972,11.569958169229247
1992,NAM.6.1_1,Epupa,23523,23469.36,0.0,0.0,0.0
1992,NAM.6.2_1,Kamanjab,17123,17116.4228,20.0,0.0011680196227296618,0.001168468451520276
1992,NAM.6.3_1,Khorixas,21355,21306.0888,245.0,0.011472723015687194,0.011499060285972628
1992,NAM.6.4_1,Opuwo,25785,25775.8831,91.0,0.003529183633895676,0.003530431900350739
1992,NAM.6.5_1,Outjo,7459,7466.7658,365.0,0.04893417348169996,0.048883279570120564
1992,NAM.6.6_1,Sesfontein,20078,20197.3792,0.0,0.0,0.0
1992,NAM.7.1_1,Eenhana,1115,1116.8929,0.0,0.0,0.0
1992,NAM.7.2_1,Endola,329,327.714,0.0,0.0,0.0
1992,NAM.7.3_1,Engela,300,295.3584,0.0,0.0,0.0
1992,NAM.7.4_1,Epembe,1811,1810.1363,0.0,0.0,0.0
1992,NAM.7.5_1,Ohangwena,166,170.3454,0.0,0.0,0.0
1992,NAM.7.6_1,Okongo,4639,4650.9389,0.0,0.0,0.0
1992,NAM.7.7_1,Omulonga,596,596.8697,0.0,0.0,0.0
1992,NAM.7.8_1,Omundaungilo,614,615.6942,0.0,0.0,0.0
1992,NAM.7.9_1,Ondobe,492,488.147,0.0,0.0,0.0
1992,NAM.7.10_1,Ongenga,325,317.2369,0.0,0.0,0.0
1992,NAM.7.11_1,Oshikango,263,261.3174,0.0,0.0,0.0
1992,NAM.8.1_1,Aminius,12925,12976.689,0.0,0.0,0.0
1992,NAM.8.2_1,Epukiro,11042,11045.2373,0.0,0.0,0.0
1992,NAM.8.3_1,Gobabis,5664,5663.9481,964.0,0.17019774011299435,0.17019930097119967
1992,NAM.8.4_1,Kalahari,12259,12228.3118,40.0,0.0032629088832694347,0.0032710974843790843
1992,NAM.8.5_1,Otjinene,6417,6416.6813,0.0,0.0,0.0
1992,NAM.8.6_1,Otjombinde,18940,18917.6636,0.0,0.0,0.0
1992,NAM.8.7_1,Steinhausen,17495,17494.913,34.0,0.0019434124035438696,0.0019434220694031646
1992,NAM.9.1_1,Anamulenge,353,354.556,3.0,0.0084985835694051,0.008461286010714861
1992,NAM.9.2_1,Elim,446,444.067,9.0,0.020179372197309416,0.02026720988083686
1992,NAM.9.3_1,Etayi,638,645.5953,0.0,0.0,0.0
1992,NAM.9.4_1,Ogongo,810,806.2305,6.0,0.007407407407407408,0.007442040335907819
1992,NAM.9.5_1,Okahao,9894,9898.584,43.0,0.004346068324236911,0.004344055679357477
1992,NAM.9.6_1,Okalongo,658,658.7623,0.0,0.0,0.0
1992,NAM.9.7_1,Onesi,602,602.7373,0.0,0.0,0.0
1992,NAM.9.8_1,Oshikuku,278,277.047,4.0,0.014388489208633094,0.01443798250665165
1992,NAM.9.9_1,Otamanzi,4183,4182.1269,0.0,0.0,0.0
1992,NAM.9.10_1,Outapi,985,989.2764,54.0,0.05482233502538071,0.054585353372078094
1992,NAM.9.11_1,Ruacana,5383,5383.1524,66.0,0.0122608211034739,0.012260473969828904
1992,NAM.9.12_1,Tsandi,2358,2359.6538,57.0,0.024173027989821884,0.024156085843769378
1992,NAM.10.1_1,Okaku,244,242.0189,0.0,0.0,0.0
1992,NAM.10.2_1,Okatana,427,425.878,302.0,0.7072599531615925,0.7091232737098059
1992,NAM.10.3_1,Okatyali,557,557.7031,0.0,0.0,0.0
1992,NAM.10.4_1,Ompundja,471,465.5087,0.0,0.0,0.0
1992,NAM.10.5_1,Ondangwa,208,209.0277,544.0,2.6153846153846154,2.6025257903642776
1992,NAM.10.6_1,Ongwediva,204,203.8006,330.0,1.6176470588235294,1.6192295471050857
1992,NAM.10.7_1,Oshakati East,183,185.9598,336.0,1.8360655737704918,1.8068418023680264
1992,NAM.10.8_1,Oshakati West,239,240.7417,546.0,2.284518828451883,2.2679907382825815
1992,NAM.10.9_1,Uukwiyu,301,299.5269,11.0,0.036544850498338874,0.03672458315175458
1992,NAM.10.10_1,Uuvudhiya,5829,5822.0336,31.0,0.0053182364041859664,0.005324599989451838
1992,NAM.11.1_1,Engodi,7796,7803.9972,0.0,0.0,0.0
1992,NAM.11.2_1,Guinas,10214,10209.5563,5.0,0.0004895241824946152,0.0004897372465079508
1992,NAM.11.3_1,Okankolo,3551,3549.9347,0.0,0.0,0.0
1992,NAM.11.4_1,Olukonda,243,241.1641,46.0,0.18930041152263374,0.19074150796350603
1992,NAM.11.5_1,Omuntele,1794,1797.7673,0.0,0.0,0.0
1992,NAM.11.6_1,Omuthiyagwipundi,13389,13390.2501,15.0,0.001120322652924042,0.0011202180638842179
1992,NAM.11.7_1,Onayena,444,442.996,29.0,0.06531531531531531,0.06546334093835808
1992,NAM.11.8_1,Oniipa,370,372.1193,291.0,0.7864864864864864,0.7820072858830829
1992,NAM.11.9_1,Onyaanya,561,559.5222,10.0,0.017825311942959002,0.017872391147517024
1992,NAM.11.10_1,Tsumeb,276,271.1363,1696.0,6.144927536231884,6.2551566139113515
1992,NAM.12.1_1,Grootfontein,11270,11265.5385,1515.0,0.1344276841171251,0.13448092167443196
1992,NAM.12.2_1,Okahandja,5877,5877.3088,856.0,0.14565254381487153,0.1456448909386921
1992,NAM.12.3_1,Okakarara,14636,14639.1748,130.0,0.008882208253621208,0.00888028199284094
1992,NAM.12.4_1,Omatako,26149,26150.3971,120.0,0.004589085624689281,0.004588840445439222
1992,NAM.12.5_1,Otavi,12954,12956.7111,373.0,0.028794194843291647,0.028788169947099766
1992,NAM.12.6_1,Otjiwarongo,5911,5915.0302,1119.0,0.18930806970055827,0.18917908425477362
1992,NAM.12.7_1,Tsumkwe,27835,27828.7869,0.0,0.0,0.0
1992,NAM.13.1_1,Kabe,2157,2150.7444,83.0,0.03847936949466852,0.03859129031091331
1992,NAM.13.2_1,Katima Muliro Rural,1917,1914.9799,54.0,0.028169014084507043,0.02819872982867175
1992,NAM.13.3_1,Katima Muliro Urban,36,36.2162,183.0,5.083333333333333,5.052984622214878
1992,NAM.13.4_1,Kongola,4976,4979.563,0.0,0.0,0.0
1992,NAM.13.5_1,Linyandi,3787,3781.7482,0.0,0.0,0.0
1992,NAM.13.6_1,Sibinda,1669,1668.3867,0.0,0.0,0.0
1993,NAM.1.1_1,Berseba,31769,31765.2657,75.0,0.002360791967011867,0.002361069502978062
1993,NAM.1.2_1,Karas,38202,38195.2388,929.0,0.024318098528872834,0.02432240322183485
1993,NAM.1.3_1,Keetmanshoop Rural,37919,37919.1022,3.0,7.911601044331338e-05,7.911579728966593e-05
1993,NAM.1.4_1,Keetmanshoop Urban,523,523.9898,1535.0,2.9349904397705546,2.929446428951792
1993,NAM.1.5_1,Luderitz,48521,48535.4537,985.0,0.020300488448300735,0.020294443012978617
1993,NAM.1.6_1,Oranjemund,4235,4248.4234,3028.0,0.7149940968122787,0.7127349911458075
1993,NAM.2.1_1,Arandis,13523,13523.4512,1982.0,0.1465651112918731,0.1465602211021357
1993,NAM.2.2_1,Daures,17761,17769.6698,23.0,0.001294972129947638,0.0012943403111349797
1993,NAM.2.3_1,Karibib,14543,14537.4955,994.0,0.06834903389947053,0.06837491382850688
1993,NAM.2.4_1,Omaruru,8425,8425.7831,559.0,0.06635014836795253,0.0663439816179728
1993,NAM.2.5_1,Swakopmund,195,196.7486,1140.0,5.846153846153846,5.794197494716628
1993,NAM.2.6_1,Walvisbay Rural,9130,9138.3767,1806.0,0.19780941949616648,0.19762809816169444
1993,NAM.2.7_1,Walvisbay Urban,24,20.9025,1263.0,52.625,60.423285411832
1993,NAM.3.1_1,Gibeon,50470,50450.588,102.0,0.0020210025757875965,0.0020217802025161453
1993,NAM.3.2_1,Mariental Rural,41800,41784.703,282.0,0.006746411483253588,0.006748881290359703
1993,NAM.3.3_1,Mariental Urban,5919,5916.3883,1168.0,0.1973306301740159,0.19741773949278632
1993,NAM.3.4_1,Rehoboth East,280,282.7018,328.0,1.1714285714285715,1.1602329728236844
1993,NAM.3.5_1,Rehoboth Rural,10934,10933.0921,0.0,0.0,0.0
1993,NAM.3.6_1,Rehoboth West,320,326.0358,620.0,1.9375,1.901631870629033
1993,NAM.4.1_1,Kahenge,8780,8778.9988,0.0,0.0,0.0
1993,NAM.4.2_1,Kapako,6150,6153.6288,12.0,0.001951219512195122,0.001950068888523005
1993,NAM.4.3_1,Mashare,9307,9291.9774,0.0,0.0,0.0
1993,NAM.4.4_1,Mpungu,8120,8124.596,1.0,0.0001231527093596059,0.000123083043728048
1993,NAM.4.5_1,Mukwe,5506,5520.1333,1.0,0.00018162005085361425,0.00018115504721935205
1993,NAM.4.6_1,Ndiyona,8130,8137.2961,0.0,0.0,0.0
1993,NAM.4.7_1,Rundu Rural East,589,579.1941,64.0,0.10865874363327674,0.11049836492224784
1993,NAM.4.8_1,Rundu Rural West,2068,2085.5817,247.0,0.11943907156673114,0.11843218711820992
1993,NAM.4.9_1,Rundu Urban,16,15.466,281.0,17.5625,18.16884812432145
1993,NAM.5.1_1,Katutura Central,1,2.0258,62.0,62.0,30.605781743390203
1993,NAM.5.2_1,Katutura East,3,2.5003,186.0,62.0,74.39101959538907
1993,NAM.5.3_1,Khomasdal North,28,25.9498,884.0,31.571428571428573,34.06576598148462
1993,NAM.5.4_1,Moses Garoeb,35,33.6444,703.0,20.085714285714285,20.895003387022992
1993,NAM.5.5_1,Soweto,3,1.8821,186.0,62.0,98.82419174080326
1993,NAM.5.6_1,Tobias Hainyeko,21,19.7976,817.0,38.904761904761905,41.26772917117713
1993,NAM.5.7_1,Wanaheda,18,19.2191,520.0,28.88888888888889,27.056457325627612
1993,NAM.5.8_1,Windhoek East,168,167.0933,2059.0,12.255952380952381,12.322458439417305
1993,NAM.5.9_1,Windhoek Rural,36601,36593.3945,3353.0,0.09160951886560477,0.0916285588967021
1993,NAM.5.10_1,Windhoek West,211,208.5574,2626.0,12.445497630331754,12.591259905675924
1993,NAM.6.1_1,Epupa,23523,23469.36,0.0,0.0,0.0
1993,NAM.6.2_1,Kamanjab,17123,17116.4228,37.0,0.0021608363020498744,0.0021616666353125105
1993,NAM.6.3_1,Khorixas,21355,21306.0888,295.0,0.013814095059704988,0.013845807283109898
1993,NAM.6.4_1,Opuwo,25785,25775.8831,151.0,0.005856117898002715,0.005858189197285292
1993,NAM.6.5_1,Outjo,7459,7466.7658,506.0,0.06783751173079501,0.0677669574314548
1993,NAM.6.6_1,Sesfontein,20078,20197.3792,0.0,0.0,0.0
1993,NAM.7.1_1,Eenhana,1115,1116.8929,0.0,0.0,0.0
1993,NAM.7.2_1,Endola,329,327.714,0.0,0.0,0.0
1993,NAM.7.3_1,Engela,300,295.3584,86.0,0.2866666666666667,0.2911716979661207
1993,NAM.7.4_1,Epembe,1811,1810.1363,0.0,0.0,0.0
1993,NAM.7.5_1,Ohangwena,166,170.3454,30.0,0.18072289156626506,0.17611273766705296
1993,NAM.7.6_1,Okongo,4639,4650.9389,0.0,0.0,0.0
1993,NAM.7.7_1,Omulonga,596,596.8697,0.0,0.0,0.0
1993,NAM.7.8_1,Omundaungilo,614,615.6942,0.0,0.0,0.0
1993,NAM.7.9_1,Ondobe,492,488.147,0.0,0.0,0.0
1993,NAM.7.10_1,Ongenga,325,317.2369,6.0,0.018461538461538463,0.01891330795816529
1993,NAM.7.11_1,Oshikango,263,261.3174,50.0,0.19011406844106463,0.19133819482995962
1993,NAM.8.1_1,Aminius,12925,12976.689,20.0,0.0015473887814313346,0.0015412251884861477
1993,NAM.8.2_1,Epukiro,11042,11045.2373,0.0,0.0,0.0
1993,NAM.8.3_1,Gobabis,5664,5663.9481,1485.0,0.2621822033898305,0.26218460782389164
1993,NAM.8.4_1,Kalahari,12259,12228.3118,67.0,0.005465372379476303,0.005479088286334966
1993,NAM.8.5_1,Otjinene,6417,6416.6813,13.0,0.002025868786037089,0.0020259694003247914
1993,NAM.8.6_1,Otjombinde,18940,18917.6636,0.0,0.0,0.0
1993,NAM.8.7_1,Steinhausen,17495,17494.913,69.0,0.003943983995427265,0.003944003611435834
1993,NAM.9.1_1,Anamulenge,353,354.556,72.0,0.20396600566572237,0.20307086425715667
1993,NAM.9.2_1,Elim,446,444.067,0.0,0.0,0.0
1993,NAM.9.3_1,Etayi,638,645.5953,0.0,0.0,0.0
1993,NAM.9.4_1,Ogongo,810,806.2305,24.0,0.02962962962962963,0.029768161343631278
1993,NAM.9.5_1,Okahao,9894,9898.584,113.0,0.011421063270669092,0.01141577422714872
1993,NAM.9.6_1,Okalongo,658,658.7623,0.0,0.0,0.0
1993,NAM.9.7_1,Onesi,602,602.7373,0.0,0.0,0.0
1993,NAM.9.8_1,Oshikuku,278,277.047,11.0,0.039568345323741004,0.03970445189329204
1993,NAM.9.9_1,Otamanzi,4183,4182.1269,0.0,0.0,0.0
1993,NAM.9.10_1,Outapi,985,989.2764,107.0,0.10862944162436548,0.10815986686689548
1993,NAM.9.11_1,Ruacana,5383,5383.1524,91.0,0.016905071521456438,0.016904592897794397
1993,NAM.9.12_1,Tsandi,2358,2359.6538,144.0,0.061068702290076333,0.061025901078996324
1993,NAM.10.1_1,Okaku,244,242.0189,0.0,0.0,0.0
1993,NAM.10.2_1,Okatana,427,425.878,286.0,0.6697892271662763,0.671553828745048
1993,NAM.10.3_1,Okatyali,557,557.7031,0.0,0.0,0.0
1993,NAM.10.4_1,Ompundja,471,465.5087,0.0,0.0,0.0
1993,NAM.10.5_1,Ondangwa,208,209.0277,643.0,3.0913461538461537,3.0761472117724824
1993,NAM.10.6_1,Ongwediva,204,203.8006,585.0,2.8676470588235294,2.8704523789590155
1993,NAM.10.7_1,Oshakati East,183,185.9598,745.0,4.0710382513661205,4.006241496321963
1993,NAM.10.8_1,Oshakati West,239,240.7417,609.0,2.5481171548117154,2.529681977315187
1993,NAM.10.9_1,Uukwiyu,301,299.5269,31.0,0.10299003322259136,0.10349655251858109
1993,NAM.10.10_1,Uuvudhiya,5829,5822.0336,55.0,0.009435580717104134,0.009446870949027455
1993,NAM.11.1_1,Engodi,7796,7803.9972,0.0,0.0,0.0
1993,NAM.11.2_1,Guinas,10214,10209.5563,37.0,0.0036224789504601526,0.003624055624158836
1993,NAM.11.3_1,Okankolo,3551,3549.9347,0.0,0.0,0.0
1993,NAM.11.4_1,Olukonda,243,241.1641,163.0,0.6707818930041153,0.6758883869141626
1993,NAM.11.5_1,Omuntele,1794,1797.7673,7.0,0.0039018952062430325,0.003893718694397899
1993,NAM.11.6_1,Omuthiyagwipundi,13389,13390.2501,70.0,0.005228172380312196,0.00522768429812635
1993,NAM.11.7_1,Onayena,444,442.996,57.0,0.12837837837837837,0.12866932529263486
1993,NAM.11.8_1,Oniipa,370,372.1193,492.0,1.3297297297297297,1.3221566482971712
1993,NAM.11.9_1,Onyaanya,561,559.5222,28.0,0.049910873440285206,0.05004269521304767
1993,NAM.11.10_1,Tsumeb,276,271.1363,2094.0,7.586956521739131,7.723053036279699
1993,NAM.12.1_1,Grootfontein,11270,11265.5385,1849.0,0.16406388642413486,0.16412886084226053
1993,NAM.12.2_1,Okahandja,5877,5877.3088,1197.0,0.20367534456355282,0.2036646430532879
1993,NAM.12.3_1,Okakarara,14636,14639.1748,210.0,0.014348182563541952,0.014345070911512287
1993,NAM.12.4_1,Omatako,26149,26150.3971,239.0,0.009139928869172817,0.009139440553833119
1993,NAM.12.5_1,Otavi,12954,12956.7111,609.0,0.04701250578971746,0.04700266889486262
1993,NAM.12.6_1,Otjiwarongo,5911,5915.0302,1484.0,0.25105735070208085,0.25088629225566045
1993,NAM.12.7_1,Tsumkwe,27835,27828.7869,0.0,0.0,0.0
1993,NAM.13.1_1,Kabe,2157,2150.7444,132.0,0.061196105702364396,0.06137410025350069
1993,NAM.13.2_1,Katima Muliro Rural,1917,1914.9799,62.0,0.03234220135628586,0.032376319432919416
1993,NAM.13.3_1,Katima Muliro Urban,36,36.2162,352.0,9.777777777777779,9.719402114861404
1993,NAM.13.4_1,Kongola,4976,4979.563,0.0,0.0,0.0
1993,NAM.13.5_1,Linyandi,3787,3781.7482,0.0,0.0,0.0
1993,NAM.13.6_1,Sibinda,1669,1668.3867,0.0,0.0,0.0
1994,NAM.1.1_1,Berseba,31769,31765.2657,56.0,0.001762724668702194,0.001762931895556953
1994,NAM.1.2_1,Karas,38202,38195.2388,1027.0,0.026883409245589237,0.02688816803963874
1994,NAM.1.3_1,Keetmanshoop Rural,37919,37919.1022,0.0,0.0,0.0
1994,NAM.1.4_1,Keetmanshoop Urban,523,523.9898,1566.0,2.994263862332696,2.9886078877775284
1994,NAM.1.5_1,Luderitz,48521,48535.4537,998.0,0.02056841367655242,0.020562288453759046
1994,NAM.1.6_1,Oranjemund,4235,4248.4234,3130.0,0.7390791027154664,0.7367438977167693
1994,NAM.2.1_1,Arandis,13523,13523.4512,2062.0,0.1524809583672262,0.1524758707934429
1994,NAM.2.2_1,Daures,17761,17769.6698,20.0,0.0011260627216935983,0.0011255133140304172
1994,NAM.2.3_1,Karibib,14543,14537.4955,1019.0,0.0700680739874854,0.07009460482016953
1994,NAM.2.4_1,Omaruru,8425,8425.7831,561.0,0.06658753709198813,0.06658134827850222
1994,NAM.2.5_1,Swakopmund,195,196.7486,1152.0,5.907692307692308,5.855189047292593
1994,NAM.2.6_1,Walvisbay Rural,9130,9138.3767,1851.0,0.2027382256297919,0.20255238632186953
1994,NAM.2.7_1,Walvisbay Urban,24,20.9025,1265.0,52.708333333333336,60.518967574004336
1994,NAM.3.1_1,Gibeon,50470,50450.588,103.0,0.0020408163265306124,0.0020416015770506175
1994,NAM.3.2_1,Mariental Rural,41800,41784.703,302.0,0.007224880382775119,0.007227525353505781
1994,NAM.3.3_1,Mariental Urban,5919,5916.3883,1212.0,0.20476431829700964,0.2048547091312132
1994,NAM.3.4_1,Rehoboth East,280,282.7018,331.0,1.1821428571428572,1.1708448597702426
1994,NAM.3.5_1,Rehoboth Rural,10934,10933.0921,3.0,0.0002743735138101335,0.00027439629737165545
1994,NAM.3.6_1,Rehoboth West,320,326.0358,629.0,1.965625,1.9292362042349382
1994,NAM.4.1_1,Kahenge,8780,8778.9988,0.0,0.0,0.0
1994,NAM.4.2_1,Kapako,6150,6153.6288,13.0,0.002113821138211382,0.0021125746292332557
1994,NAM.4.3_1,Mashare,9307,9291.9774,0.0,0.0,0.0
1994,NAM.4.4_1,Mpungu,8120,8124.596,4.0,0.0004926108374384236,0.000492332174912192
1994,NAM.4.5_1,Mukwe,5506,5520.1333,1.0,0.00018162005085361425,0.00018115504721935205
1994,NAM.4.6_1,Ndiyona,8130,8137.2961,0.0,0.0,0.0
1994,NAM.4.7_1,Rundu Rural East,589,579.1941,69.0,0.11714770797962648,0.11913104968179845
1994,NAM.4.8_1,Rundu Rural West,2068,2085.5817,249.0,0.12040618955512572,0.11939115219609017
1994,NAM.4.9_1,Rundu Urban,16,15.466,282.0,17.625,18.23350594682793
1994,NAM.5.1_1,Katutura Central,1,2.0258,62.0,62.0,30.605781743390203
1994,NAM.5.2_1,Katutura East,3,2.5003,186.0,62.0,74.39101959538907
1994,NAM.5.3_1,Khomasdal North,28,25.9498,985.0,35.17857142857143,37.95789535267234
1994,NAM.5.4_1,Moses Garoeb,35,33.6444,708.0,20.228571428571428,21.04361649788375
1994,NAM.5.5_1,Soweto,3,1.8821,186.0,62.0,98.82419174080326
1994,NAM.5.6_1,Tobias Hainyeko,21,19.7976,817.0,38.904761904761905,41.26772917117713
1994,NAM.5.7_1,Wanaheda,18,19.2191,541.0,30.055555555555557,28.14912194839334
1994,NAM.5.8_1,Windhoek East,168,167.0933,2071.0,12.327380952380953,12.394274612935035
1994,NAM.5.9_1,Windhoek Rural,36601,36593.3945,3460.0,0.09453293625857218,0.0945525838898268
1994,NAM.5.10_1,Windhoek West,211,208.5574,2770.0,13.127962085308058,13.281717417639873
1994,NAM.6.1_1,Epupa,23523,23469.36,0.0,0.0,0.0
1994,NAM.6.2_1,Kamanjab,17123,17116.4228,27.0,0.0015768264906850435,0.0015774324095523726
1994,NAM.6.3_1,Khorixas,21355,21306.0888,288.0,0.013486302973542495,0.01351726270351068
1994,NAM.6.4_1,Opuwo,25785,25775.8831,161.0,0.006243940275353888,0.0062461487467743845
1994,NAM.6.5_1,Outjo,7459,7466.7658,512.0,0.06864190910309693,0.06857051819151158
1994,NAM.6.6_1,Sesfontein,20078,20197.3792,0.0,0.0,0.0
1994,NAM.7.1_1,Eenhana,1115,1116.8929,14.0,0.012556053811659192,0.012534774115028739
1994,NAM.7.2_1,Endola,329,327.714,0.0,0.0,0.0
1994,NAM.7.3_1,Engela,300,295.3584,102.0,0.34,0.345343176657492
1994,NAM.7.4_1,Epembe,1811,1810.1363,0.0,0.0,0.0
1994,NAM.7.5_1,Ohangwena,166,170.3454,31.0,0.18674698795180722,0.18198316225595473
1994,NAM.7.6_1,Okongo,4639,4650.9389,0.0,0.0,0.0
1994,NAM.7.7_1,Omulonga,596,596.8697,0.0,0.0,0.0
1994,NAM.7.8_1,Omundaungilo,614,615.6942,2.0,0.003257328990228013,0.0032483656990681155
1994,NAM.7.9_1,Ondobe,492,488.147,3.0,0.006097560975609756,0.006145689807190994
1994,NAM.7.10_1,Ongenga,325,317.2369,6.0,0.018461538461538463,0.01891330795816529
1994,NAM.7.11_1,Oshikango,263,261.3174,46.0,0.17490494296577946,0.17603113924356287
1994,NAM.8.1_1,Aminius,12925,12976.689,20.0,0.0015473887814313346,0.0015412251884861477
1994,NAM.8.2_1,Epukiro,11042,11045.2373,0.0,0.0,0.0
1994,NAM.8.3_1,Gobabis,5664,5663.9481,1548.0,0.2733050847457627,0.27330759118611736
1994,NAM.8.4_1,Kalahari,12259,12228.3118,70.0,0.005710090545721511,0.005724420597663398
1994,NAM.8.5_1,Otjinene,6417,6416.6813,12.0,0.0018700327255726976,0.0018701256002998075
1994,NAM.8.6_1,Otjombinde,18940,18917.6636,0.0,0.0,0.0
1994,NAM.8.7_1,Steinhausen,17495,17494.913,7.0,0.00040011431837667905,0.0004001163084065339
1994,NAM.9.1_1,Anamulenge,353,354.556,75.0,0.21246458923512748,0.21153215026787153
1994,NAM.9.2_1,Elim,446,444.067,15.0,0.033632286995515695,0.0337786831347281
1994,NAM.9.3_1,Etayi,638,645.5953,21.0,0.032915360501567396,0.032528116980877785
1994,NAM.9.4_1,Ogongo,810,806.2305,40.0,0.04938271604938271,0.04961360223938546
1994,NAM.9.5_1,Okahao,9894,9898.584,145.0,0.014655346674752375,0.014648559848996144
1994,NAM.9.6_1,Okalongo,658,658.7623,0.0,0.0,0.0
1994,NAM.9.7_1,Onesi,602,602.7373,7.0,0.011627906976744186,0.011613683607485263
1994,NAM.9.8_1,Oshikuku,278,277.047,60.0,0.2158273381294964,0.21656973759977474
1994,NAM.9.9_1,Otamanzi,4183,4182.1269,0.0,0.0,0.0
1994,NAM.9.10_1,Outapi,985,989.2764,121.0,0.12284263959390863,0.12231162514854536
1994,NAM.9.11_1,Ruacana,5383,5383.1524,70.0,0.013003901170351105,0.013003532998303383
1994,NAM.9.12_1,Tsandi,2358,2359.6538,136.0,0.05767599660729432,0.0576355732412743
1994,NAM.10.1_1,Okaku,244,242.0189,0.0,0.0,0.0
1994,NAM.10.2_1,Okatana,427,425.878,294.0,0.6885245901639344,0.6903385512274269
1994,NAM.10.3_1,Okatyali,557,557.7031,0.0,0.0,0.0
1994,NAM.10.4_1,Ompundja,471,465.5087,0.0,0.0,0.0
1994,NAM.10.5_1,Ondangwa,208,209.0277,677.0,3.2548076923076925,3.23880507367025
1994,NAM.10.6_1,Ongwediva,204,203.8006,591.0,2.8970588235294117,2.899892916179108
1994,NAM.10.7_1,Oshakati East,183,185.9598,746.0,4.076502732240437,4.011619001686154
1994,NAM.10.8_1,Oshakati West,239,240.7417,645.0,2.698744769874477,2.679219828190962
1994,NAM.10.9_1,Uukwiyu,301,299.5269,36.0,0.11960132890365449,0.12018954486028771
1994,NAM.10.10_1,Uuvudhiya,5829,5822.0336,53.0,0.00909246869102762,0.009103348369062821
1994,NAM.11.1_1,Engodi,7796,7803.9972,0.0,0.0,0.0
1994,NAM.11.2_1,Guinas,10214,10209.5563,43.0,0.004209907969453691,0.004211740319968377
1994,NAM.11.3_1,Okankolo,3551,3549.9347,0.0,0.0,0.0
1994,NAM.11.4_1,Olukonda,243,241.1641,163.0,0.6707818930041153,0.6758883869141626
1994,NAM.11.5_1,Omuntele,1794,1797.7673,13.0,0.007246376811594203,0.00723119186102467
1994,NAM.11.6_1,Omuthiyagwipundi,13389,13390.2501,69.0,0.005153484203450594,0.0051530030938674014
1994,NAM.11.7_1,Onayena,444,442.996,55.0,0.12387387387387387,0.12415461212447224
1994,NAM.11.8_1,Oniipa,370,372.1193,498.0,1.345945945945946,1.3382805098617707
1994,NAM.11.9_1,Onyaanya,561,559.5222,28.0,0.049910873440285206,0.05004269521304767
1994,NAM.11.10_1,Tsumeb,276,271.1363,2157.0,7.815217391304348,7.9554085001219255
1994,NAM.12.1_1,Grootfontein,11270,11265.5385,1890.0,0.16770186335403728,0.16776827852453888
1994,NAM.12.2_1,Okahandja,5877,5877.3088,1230.0,0.20929045431342522,0.20927945777405524
1994,NAM.12.3_1,Okakarara,14636,14639.1748,208.0,0.014211533205793932,0.014208451188545504
1994,NAM.12.4_1,Omatako,26149,26150.3971,263.0,0.010057745994110674,0.010057208642920963
1994,NAM.12.5_1,Otavi,12954,12956.7111,637.0,0.04917400030878493,0.04916371114290228
1994,NAM.12.6_1,Otjiwarongo,5911,5915.0302,1545.0,0.2613770935543901,0.2611990037297813
1994,NAM.12.7_1,Tsumkwe,27835,27828.7869,0.0,0.0,0.0
1994,NAM.13.1_1,Kabe,2157,2150.7444,149.0,0.06907742234585072,0.06927834043766365
1994,NAM.13.2_1,Katima Muliro Rural,1917,1914.9799,58.0,0.03025560772039645,0.030287524630795586
1994,NAM.13.3_1,Katima Muliro Urban,36,36.2162,362.0,10.055555555555555,9.995521493124512
1994,NAM.13.4_1,Kongola,4976,4979.563,0.0,0.0,0.0
1994,NAM.13.5_1,Linyandi,3787,3781.7482,0.0,0.0,0.0
1994,NAM.13.6_1,Sibinda,1669,1668.3867,0.0,0.0,0.0
1995,NAM.1.1_1,Berseba,31769,31765.2657,89.0,0.0028014731341874156,0.0028018024768673004
1995,NAM.1.2_1,Karas,38202,38195.2388,1170.0,0.030626668760797865,0.030632090171740338
1995,NAM.1.3_1,Keetmanshoop Rural,37919,37919.1022,0.0,0.0,0.0
1995,NAM.1.4_1,Keetmanshoop Urban,523,523.9898,1714.0,3.2772466539196943,3.2710561428165286
1995,NAM.1.5_1,Luderitz,48521,48535.4537,1035.0,0.0213309700954226,0.021324617785211036
1995,NAM.1.6_1,Oranjemund,4235,4248.4234,3265.0,0.7709563164108618,0.7685203917077481
1995,NAM.2.1_1,Arandis,13523,13523.4512,2269.0,0.16778821267470237,0.16778261436970027
1995,NAM.2.2_1,Daures,17761,17769.6698,47.0,0.0026462473959799563,0.0026449562879714804
1995,NAM.2.3_1,Karibib,14543,14537.4955,1186.0,0.0815512617754246,0.08158214064447603
1995,NAM.2.4_1,Omaruru,8425,8425.7831,603.0,0.0715727002967359,0.07156604814962003
1995,NAM.2.5_1,Swakopmund,195,196.7486,1156.0,5.9282051282051285,5.875519564817915
1995,NAM.2.6_1,Walvisbay Rural,9130,9138.3767,2165.0,0.23713033953997809,0.23691297481731363
1995,NAM.2.7_1,Walvisbay Urban,24,20.9025,1278.0,53.25,61.14090162812454
1995,NAM.3.1_1,Gibeon,50470,50450.588,202.0,0.004002377650089162,0.004003917655963347
1995,NAM.3.2_1,Mariental Rural,41800,41784.703,399.0,0.009545454545454546,0.00954894905976426
1995,NAM.3.3_1,Mariental Urban,5919,5916.3883,1350.0,0.22807906741003547,0.22817975026991572
1995,NAM.3.4_1,Rehoboth East,280,282.7018,345.0,1.2321428571428572,1.2203669988541803
1995,NAM.3.5_1,Rehoboth Rural,10934,10933.0921,37.0,0.0033839400036583134,0.003384221000917084
1995,NAM.3.6_1,Rehoboth West,320,326.0358,806.0,2.51875,2.472121431817743
1995,NAM.4.1_1,Kahenge,8780,8778.9988,0.0,0.0,0.0
1995,NAM.4.2_1,Kapako,6150,6153.6288,47.0,0.007642276422764228,0.00763776981338177
1995,NAM.4.3_1,Mashare,9307,9291.9774,0.0,0.0,0.0
1995,NAM.4.4_1,Mpungu,8120,8124.596,29.0,0.0035714285714285713,0.0035694082681133918
1995,NAM.4.5_1,Mukwe,5506,5520.1333,96.0,0.017435524881946968,0.017390884533057798
1995,NAM.4.6_1,Ndiyona,8130,8137.2961,0.0,0.0,0.0
1995,NAM.4.7_1,Rundu Rural East,589,579.1941,81.0,0.13752122241086587,0.13984949310471992
1995,NAM.4.8_1,Rundu Rural West,2068,2085.5817,361.0,0.17456479690522245,0.17309319655738373
1995,NAM.4.9_1,Rundu Urban,16,15.466,296.0,18.5,19.13871546191868
1995,NAM.5.1_1,Katutura Central,1,2.0258,63.0,63.0,31.099423384412624
1995,NAM.5.2_1,Katutura East,3,2.5003,186.0,62.0,74.39101959538907
1995,NAM.5.3_1,Khomasdal North,28,25.9498,1157.0,41.32142857142857,44.58607606400192
1995,NAM.5.4_1,Moses Garoeb,35,33.6444,709.0,20.257142857142856,21.073339120055905
1995,NAM.5.5_1,Soweto,3,1.8821,187.0,62.333333333333336,99.35550459962478
1995,NAM.5.6_1,Tobias Hainyeko,21,19.7976,817.0,38.904761904761905,41.26772917117713
1995,NAM.5.7_1,Wanaheda,18,19.2191,597.0,33.166666666666664,31.06289427576862
1995,NAM.5.8_1,Windhoek East,168,167.0933,2184.0,13.0,13.070543580227001
1995,NAM.5.9_1,Windhoek Rural,36601,36593.3945,3853.0,0.10527034780470479,0.1052922270888736
1995,NAM.5.10_1,Windhoek West,211,208.5574,3264.0,15.469194312796208,15.650370271182869
1995,NAM.6.1_1,Epupa,23523,23469.36,0.0,0.0,0.0
1995,NAM.6.2_1,Kamanjab,17123,17116.4228,49.0,0.0028616480756876715,0.002862747706224676
1995,NAM.6.3_1,Khorixas,21355,21306.0888,325.0,0.015218918286115664,0.015253855481392261
1995,NAM.6.4_1,Opuwo,25785,25775.8831,195.0,0.0075625363583478765,0.0075652112150372975
1995,NAM.6.5_1,Outjo,7459,7466.7658,552.0,0.07400455825177638,0.07392758992522343
1995,NAM.6.6_1,Sesfontein,20078,20197.3792,6.0,0.0002988345452734336,0.0002970682456643129
1995,NAM.7.1_1,Eenhana,1115,1116.8929,64.0,0.05739910313901345,0.05730182452584566
1995,NAM.7.2_1,Endola,329,327.714,33.0,0.10030395136778116,0.10069755474704654
1995,NAM.7.3_1,Engela,300,295.3584,161.0,0.5366666666666666,0.5451005043319236
1995,NAM.7.4_1,Epembe,1811,1810.1363,0.0,0.0,0.0
1995,NAM.7.5_1,Ohangwena,166,170.3454,61.0,0.3674698795180723,0.35809589992300767
1995,NAM.7.6_1,Okongo,4639,4650.9389,0.0,0.0,0.0
1995,NAM.7.7_1,Omulonga,596,596.8697,7.0,0.01174496644295302,0.011727852265504664
1995,NAM.7.8_1,Omundaungilo,614,615.6942,4.0,0.006514657980456026,0.006496731398136231
1995,NAM.7.9_1,Ondobe,492,488.147,33.0,0.06707317073170732,0.06760258787910094
1995,NAM.7.10_1,Ongenga,325,317.2369,21.0,0.06461538461538462,0.06619657785357852
1995,NAM.7.11_1,Oshikango,263,261.3174,60.0,0.22813688212927757,0.22960583379595156
1995,NAM.8.1_1,Aminius,12925,12976.689,46.0,0.0035589941972920696,0.00354481793351814
1995,NAM.8.2_1,Epukiro,11042,11045.2373,0.0,0.0,0.0
1995,NAM.8.3_1,Gobabis,5664,5663.9481,1703.0,0.3006709039548023,0.30067366136302187
1995,NAM.8.4_1,Kalahari,12259,12228.3118,99.0,0.008075699486091851,0.008095966273838235
1995,NAM.8.5_1,Otjinene,6417,6416.6813,33.0,0.005142589995324918,0.00514284540082447
1995,NAM.8.6_1,Otjombinde,18940,18917.6636,0.0,0.0,0.0
1995,NAM.8.7_1,Steinhausen,17495,17494.913,34.0,0.0019434124035438696,0.0019434220694031646
1995,NAM.9.1_1,Anamulenge,353,354.556,88.0,0.24929178470254956,0.24819772298096926
1995,NAM.9.2_1,Elim,446,444.067,34.0,0.07623318385650224,0.0765650151053837
1995,NAM.9.3_1,Etayi,638,645.5953,23.0,0.03605015673981191,0.03562603288381853
1995,NAM.9.4_1,Ogongo,810,806.2305,93.0,0.11481481481481481,0.1153516252065712
1995,NAM.9.5_1,Okahao,9894,9898.584,195.0,0.019708914493632504,0.019699787383132744
1995,NAM.9.6_1,Okalongo,658,658.7623,14.0,0.02127659574468085,0.021251974621456032
1995,NAM.9.7_1,Onesi,602,602.7373,22.0,0.036544850498338874,0.03650014848066797
1995,NAM.9.8_1,Oshikuku,278,277.047,120.0,0.4316546762589928,0.4331394751995495
1995,NAM.9.9_1,Otamanzi,4183,4182.1269,0.0,0.0,0.0
1995,NAM.9.10_1,Outapi,985,989.2764,174.0,0.1766497461928934,0.17588613864336275
1995,NAM.9.11_1,Ruacana,5383,5383.1524,97.0,0.018019691621772246,0.018019181440506116
1995,NAM.9.12_1,Tsandi,2358,2359.6538,147.0,0.062340966921119595,0.06229727401814208
1995,NAM.10.1_1,Okaku,244,242.0189,0.0,0.0,0.0
1995,NAM.10.2_1,Okatana,427,425.878,310.0,0.7259953161592506,0.7279079961921848
1995,NAM.10.3_1,Okatyali,557,557.7031,0.0,0.0,0.0
1995,NAM.10.4_1,Ompundja,471,465.5087,0.0,0.0,0.0
1995,NAM.10.5_1,Ondangwa,208,209.0277,788.0,3.7884615384615383,3.7698351522188434
1995,NAM.10.6_1,Ongwediva,204,203.8006,624.0,3.0588235294117645,3.0618158708896166
1995,NAM.10.7_1,Oshakati East,183,185.9598,844.0,4.612021857923497,4.538614527376828
1995,NAM.10.8_1,Oshakati West,239,240.7417,724.0,3.0292887029288704,3.0073723342794674
1995,NAM.10.9_1,Uukwiyu,301,299.5269,78.0,0.2591362126245847,0.2604106805306234
1995,NAM.10.10_1,Uuvudhiya,5829,5822.0336,90.0,0.01544004117344313,0.015458516098408563
1995,NAM.11.1_1,Engodi,7796,7803.9972,0.0,0.0,0.0
1995,NAM.11.2_1,Guinas,10214,10209.5563,141.0,0.013804581946348149,0.013810590351524214
1995,NAM.11.3_1,Okankolo,3551,3549.9347,0.0,0.0,0.0
1995,NAM.11.4_1,Olukonda,243,241.1641,210.0,0.8641975308641975,0.8707764493986144
1995,NAM.11.5_1,Omuntele,1794,1797.7673,68.0,0.0379041248606466,0.03782469588843673
1995,NAM.11.6_1,Omuthiyagwipundi,13389,13390.2501,163.0,0.012174172828441257,0.0121730362942085
1995,NAM.11.7_1,Onayena,444,442.996,68.0,0.15315315315315314,0.1535002477175293
1995,NAM.11.8_1,Oniipa,370,372.1193,508.0,1.372972972972973,1.3651536124694368
1995,NAM.11.9_1,Onyaanya,561,559.5222,59.0,0.1051693404634581,0.10544710777035043
1995,NAM.11.10_1,Tsumeb,276,271.1363,2342.0,8.485507246376812,8.637722163785604
1995,NAM.12.1_1,Grootfontein,11270,11265.5385,2145.0,0.19032830523513752,0.19040368118261158
1995,NAM.12.2_1,Okahandja,5877,5877.3088,1426.0,0.24264080313084907,0.2426280542974006
1995,NAM.12.3_1,Okakarara,14636,14639.1748,222.0,0.015168078710030062,0.01516478924931299
1995,NAM.12.4_1,Omatako,26149,26150.3971,392.0,0.01499101304065165,0.014990212121768126
1995,NAM.12.5_1,Otavi,12954,12956.7111,738.0,0.05697081982399259,0.056958899251902485
1995,NAM.12.6_1,Otjiwarongo,5911,5915.0302,1627.0,0.2752495347656911,0.27506199292450106
1995,NAM.12.7_1,Tsumkwe,27835,27828.7869,0.0,0.0,0.0
1995,NAM.13.1_1,Kabe,2157,2150.7444,208.0,0.09643022716736208,0.09671070342975865
1995,NAM.13.2_1,Katima Muliro Rural,1917,1914.9799,85.0,0.04434011476264997,0.04438688954513146
1995,NAM.13.3_1,Katima Muliro Urban,36,36.2162,442.0,12.277777777777779,12.204476519229377
1995,NAM.13.4_1,Kongola,4976,4979.563,0.0,0.0,0.0
1995,NAM.13.5_1,Linyandi,3787,3781.7482,0.0,0.0,0.0
1995,NAM.13.6_1,Sibinda,1669,1668.3867,0.0,0.0,0.0
1996,NAM.1.1_1,Berseba,31769,31765.2657,216.0,0.006799080864994177,0.006799880168576819
1996,NAM.1.2_1,Karas,38202,38195.2388,1210.0,0.03167373435945762,0.03167934111778274
1996,NAM.1.3_1,Keetmanshoop Rural,37919,37919.1022,3.0,7.911601044331338e-05,7.911579728966593e-05
1996,NAM.1.4_1,Keetmanshoop Urban,523,523.9898,1755.0,3.355640535372849,3.349301943198954
1996,NAM.1.5_1,Luderitz,48521,48535.4537,1053.0,0.02170194348838647,0.021695480703214705
1996,NAM.1.6_1,Oranjemund,4235,4248.4234,3412.0,0.8056670602125148,0.8031214629423695
1996,NAM.2.1_1,Arandis,13523,13523.4512,2308.0,0.170672188123937,0.17066649359421251
1996,NAM.2.2_1,Daures,17761,17769.6698,89.0,0.005010979111536512,0.005008534247435356
1996,NAM.2.3_1,Karibib,14543,14537.4955,1292.0,0.08883999174860757,0.08887363044912565
1996,NAM.2.4_1,Omaruru,8425,8425.7831,599.0,0.07109792284866469,0.0710913148285612
1996,NAM.2.5_1,Swakopmund,195,196.7486,1169.0,5.994871794871795,5.94159374677521
1996,NAM.2.6_1,Walvisbay Rural,9130,9138.3767,2372.0,0.259802847754655,0.25956470035411916
1996,NAM.2.7_1,Walvisbay Urban,24,20.9025,1338.0,55.75,64.0113664932947
1996,NAM.3.1_1,Gibeon,50470,50450.588,236.0,0.004676045175351694,0.004677844390135396
1996,NAM.3.2_1,Mariental Rural,41800,41784.703,407.0,0.009736842105263158,0.009740406685022693
1996,NAM.3.3_1,Mariental Urban,5919,5916.3883,1371.0,0.23162696401419158,0.23172921305189217
1996,NAM.3.4_1,Rehoboth East,280,282.7018,348.0,1.2428571428571429,1.2309788858007384
1996,NAM.3.5_1,Rehoboth Rural,10934,10933.0921,125.0,0.011432229742088898,0.01143317905715231
1996,NAM.3.6_1,Rehoboth West,320,326.0358,830.0,2.59375,2.545732988100157
1996,NAM.4.1_1,Kahenge,8780,8778.9988,0.0,0.0,0.0
1996,NAM.4.2_1,Kapako,6150,6153.6288,22.0,0.0035772357723577236,0.0035751262956255094
1996,NAM.4.3_1,Mashare,9307,9291.9774,0.0,0.0,0.0
1996,NAM.4.4_1,Mpungu,8120,8124.596,66.0,0.00812807881773399,0.008123480886051167
1996,NAM.4.5_1,Mukwe,5506,5520.1333,128.0,0.023247366509262624,0.023187846044077063
1996,NAM.4.6_1,Ndiyona,8130,8137.2961,0.0,0.0,0.0
1996,NAM.4.7_1,Rundu Rural East,589,579.1941,75.0,0.1273344651952462,0.1294902713932592
1996,NAM.4.8_1,Rundu Rural West,2068,2085.5817,405.0,0.1958413926499033,0.19419042827074906
1996,NAM.4.9_1,Rundu Urban,16,15.466,313.0,19.5625,20.237898444528874
1996,NAM.5.1_1,Katutura Central,1,2.0258,63.0,63.0,31.099423384412624
1996,NAM.5.2_1,Katutura East,3,2.5003,189.0,63.0,75.5908747501534
1996,NAM.5.3_1,Khomasdal North,28,25.9498,1185.0,42.32142857142857,45.66508222631139
1996,NAM.5.4_1,Moses Garoeb,35,33.6444,709.0,20.257142857142856,21.073339120055905
1996,NAM.5.5_1,Soweto,3,1.8821,188.0,62.666666666666664,99.88681745844632
1996,NAM.5.6_1,Tobias Hainyeko,21,19.7976,817.0,38.904761904761905,41.26772917117713
1996,NAM.5.7_1,Wanaheda,18,19.2191,610.0,33.888888888888886,31.739305708909313
1996,NAM.5.8_1,Windhoek East,168,167.0933,2279.0,13.56547619047619,13.63908828724237
1996,NAM.5.9_1,Windhoek Rural,36601,36593.3945,3904.0,0.10666375235649299,0.1066859212444751
1996,NAM.5.10_1,Windhoek West,211,208.5574,3458.0,16.38862559241706,16.58056997480097
1996,NAM.6.1_1,Epupa,23523,23469.36,0.0,0.0,0.0
1996,NAM.6.2_1,Kamanjab,17123,17116.4228,76.0,0.004438474566372715,0.004440180115777049
1996,NAM.6.3_1,Khorixas,21355,21306.0888,349.0,0.016342776867244207,0.016380294040018152
1996,NAM.6.4_1,Opuwo,25785,25775.8831,187.0,0.007252278456466938,0.007254843575446024
1996,NAM.6.5_1,Outjo,7459,7466.7658,576.0,0.07722214774098404,0.07714183296545053
1996,NAM.6.6_1,Sesfontein,20078,20197.3792,7.0,0.00034864030281900587,0.00034657961994169836
1996,NAM.7.1_1,Eenhana,1115,1116.8929,93.0,0.08340807174887892,0.08326671376411947
1996,NAM.7.2_1,Endola,329,327.714,63.0,0.19148936170212766,0.19224078633527067
1996,NAM.7.3_1,Engela,300,295.3584,203.0,0.6766666666666666,0.6873006358967731
1996,NAM.7.4_1,Epembe,1811,1810.1363,0.0,0.0,0.0
1996,NAM.7.5_1,Ohangwena,166,170.3454,75.0,0.45180722891566266,0.4402818441676324
1996,NAM.7.6_1,Okongo,4639,4650.9389,0.0,0.0,0.0
1996,NAM.7.7_1,Omulonga,596,596.8697,11.0,0.018456375838926176,0.01842948213150733
1996,NAM.7.8_1,Omundaungilo,614,615.6942,9.0,0.014657980456026058,0.014617645645806518
1996,NAM.7.9_1,Ondobe,492,488.147,49.0,0.09959349593495935,0.10037960018411957
1996,NAM.7.10_1,Ongenga,325,317.2369,29.0,0.08923076923076922,0.09141432179779892
1996,NAM.7.11_1,Oshikango,263,261.3174,103.0,0.3916349809885932,0.3941566813497168
1996,NAM.8.1_1,Aminius,12925,12976.689,72.0,0.0055705996131528044,0.005548410678550132
1996,NAM.8.2_1,Epukiro,11042,11045.2373,14.0,0.001267886252490491,0.0012675146396791818
1996,NAM.8.3_1,Gobabis,5664,5663.9481,1805.0,0.3186793785310734,0.31868230109233964
1996,NAM.8.4_1,Kalahari,12259,12228.3118,81.0,0.006607390488620605,0.0066239724058676465
1996,NAM.8.5_1,Otjinene,6417,6416.6813,48.0,0.0074801309022907905,0.00748050240119923
1996,NAM.8.6_1,Otjombinde,18940,18917.6636,0.0,0.0,0.0
1996,NAM.8.7_1,Steinhausen,17495,17494.913,54.0,0.003086596170334381,0.0030866115219932615
1996,NAM.9.1_1,Anamulenge,353,354.556,91.0,0.2577903682719547,0.25665900899168415
1996,NAM.9.2_1,Elim,446,444.067,41.0,0.09192825112107623,0.09232840056825681
1996,NAM.9.3_1,Etayi,638,645.5953,28.0,0.0438871473354232,0.043370822641170384
1996,NAM.9.4_1,Ogongo,810,806.2305,101.0,0.12469135802469136,0.12527434565444828
1996,NAM.9.5_1,Okahao,9894,9898.584,190.0,0.019203557711744493,0.019194664629719086
1996,NAM.9.6_1,Okalongo,658,658.7623,31.0,0.04711246200607903,0.04705794380465264
1996,NAM.9.7_1,Onesi,602,602.7373,37.0,0.061461794019933555,0.06138661335385068
1996,NAM.9.8_1,Oshikuku,278,277.047,126.0,0.45323741007194246,0.454796448959527
1996,NAM.9.9_1,Otamanzi,4183,4182.1269,0.0,0.0,0.0
1996,NAM.9.10_1,Outapi,985,989.2764,175.0,0.17766497461928935,0.17689697852062344
1996,NAM.9.11_1,Ruacana,5383,5383.1524,183.0,0.03399591305963218,0.03399495055270742
1996,NAM.9.12_1,Tsandi,2358,2359.6538,152.0,0.06446140797285835,0.06441622891671833
1996,NAM.10.1_1,Okaku,244,242.0189,0.0,0.0,0.0
1996,NAM.10.2_1,Okatana,427,425.878,324.0,0.7587822014051522,0.7607812605363481
1996,NAM.10.3_1,Okatyali,557,557.7031,0.0,0.0,0.0
1996,NAM.10.4_1,Ompundja,471,465.5087,0.0,0.0,0.0
1996,NAM.10.5_1,Ondangwa,208,209.0277,940.0,4.519230769230769,4.497011475997097
1996,NAM.10.6_1,Ongwediva,204,203.8006,655.0,3.2107843137254903,3.213925313193428
1996,NAM.10.7_1,Oshakati East,183,185.9598,936.0,5.114754098360656,5.033345020882359
1996,NAM.10.8_1,Oshakati West,239,240.7417,796.0,3.3305439330543933,3.3064480360310164
1996,NAM.10.9_1,Uukwiyu,301,299.5269,123.0,0.40863787375415284,0.410647611605983
1996,NAM.10.10_1,Uuvudhiya,5829,5822.0336,93.0,0.0159547092125579,0.015973799968355514
1996,NAM.11.1_1,Engodi,7796,7803.9972,0.0,0.0,0.0
1996,NAM.11.2_1,Guinas,10214,10209.5563,229.0,0.02242020755825338,0.022429965890064147
1996,NAM.11.3_1,Okankolo,3551,3549.9347,0.0,0.0,0.0
1996,NAM.11.4_1,Olukonda,243,241.1641,229.0,0.9423868312757202,0.9495609852965843
1996,NAM.11.5_1,Omuntele,1794,1797.7673,84.0,0.046822742474916385,0.046724624332774786
1996,NAM.11.6_1,Omuthiyagwipundi,13389,13390.2501,297.0,0.022182388527896033,0.022180317664907512
1996,NAM.11.7_1,Onayena,444,442.996,33.0,0.07432432432432433,0.07449276727468333
1996,NAM.11.8_1,Oniipa,370,372.1193,495.0,1.337837837837838,1.330218579079471
1996,NAM.11.9_1,Onyaanya,561,559.5222,72.0,0.12834224598930483,0.12868121626212256
1996,NAM.11.10_1,Tsumeb,276,271.1363,2465.0,8.931159420289855,9.091368545572807
1996,NAM.12.1_1,Grootfontein,11270,11265.5385,2249.0,0.19955634427684116,0.19963537481570792
1996,NAM.12.2_1,Okahandja,5877,5877.3088,1464.0,0.24910668708524758,0.24909359852131452
1996,NAM.12.3_1,Okakarara,14636,14639.1748,242.0,0.01653457228751025,0.016530986478980828
1996,NAM.12.4_1,Omatako,26149,26150.3971,462.0,0.01766797965505373,0.017667035714941007
1996,NAM.12.5_1,Otavi,12954,12956.7111,789.0,0.060907827698008336,0.06089508334654615
1996,NAM.12.6_1,Otjiwarongo,5911,5915.0302,1647.0,0.27863305701234986,0.27844320980126197
1996,NAM.12.7_1,Tsumkwe,27835,27828.7869,0.0,0.0,0.0
1996,NAM.13.1_1,Kabe,2157,2150.7444,273.0,0.12656467315716272,0.12693279825155823
1996,NAM.13.2_1,Katima Muliro Rural,1917,1914.9799,88.0,0.04590505998956703,0.045953485646724336
1996,NAM.13.3_1,Katima Muliro Urban,36,36.2162,458.0,12.722222222222221,12.64626752445035
1996,NAM.13.4_1,Kongola,4976,4979.563,0.0,0.0,0.0
1996,NAM.13.5_1,Linyandi,3787,3781.7482,0.0,0.0,0.0
1996,NAM.13.6_1,Sibinda,1669,1668.3867,0.0,0.0,0.0
1997,NAM.1.1_1,Berseba,31769,31765.2657,209.0,0.006578740281406402,0.006579513681632199
1997,NAM.1.2_1,Karas,38202,38195.2388,1178.0,0.030836081880529814,0.030841540360948817
1997,NAM.1.3_1,Keetmanshoop Rural,37919,37919.1022,3.0,7.911601044331338e-05,7.911579728966593e-05
1997,NAM.1.4_1,Keetmanshoop Urban,523,523.9898,1746.0,3.338432122370937,3.3321260357979336
1997,NAM.1.5_1,Luderitz,48521,48535.4537,1029.0,0.021207312297767976,0.021200996812543144
1997,NAM.1.6_1,Oranjemund,4235,4248.4234,3559.0,0.8403778040141676,0.837722534176991
1997,NAM.2.1_1,Arandis,13523,13523.4512,2277.0,0.16837979738223766,0.16837417933883098
1997,NAM.2.2_1,Daures,17761,17769.6698,65.0,0.0036597038455041947,0.003657918270598856
1997,NAM.2.3_1,Karibib,14543,14537.4955,1275.0,0.08767104448875748,0.08770424057479505
1997,NAM.2.4_1,Omaruru,8425,8425.7831,581.0,0.06896142433234421,0.0689550148837964
1997,NAM.2.5_1,Swakopmund,195,196.7486,1178.0,6.041025641025641,5.987337411207183
1997,NAM.2.6_1,Walvisbay Rural,9130,9138.3767,2439.0,0.26714129244249724,0.26689641828149097
1997,NAM.2.7_1,Walvisbay Urban,24,20.9025,1338.0,55.75,64.0113664932947
1997,NAM.3.1_1,Gibeon,50470,50450.588,259.0,0.005131761442441054,0.005133736004428252
1997,NAM.3.2_1,Mariental Rural,41800,41784.703,449.0,0.010741626794258373,0.010745559217629456
1997,NAM.3.3_1,Mariental Urban,5919,5916.3883,1348.0,0.22774117249535394,0.22784170619544175
1997,NAM.3.4_1,Rehoboth East,280,282.7018,353.0,1.2607142857142857,1.2486653640450018
1997,NAM.3.5_1,Rehoboth Rural,10934,10933.0921,119.0,0.01088348271446863,0.010884386462409
1997,NAM.3.6_1,Rehoboth West,320,326.0358,812.0,2.5375,2.4905243208883463
1997,NAM.4.1_1,Kahenge,8780,8778.9988,0.0,0.0,0.0
1997,NAM.4.2_1,Kapako,6150,6153.6288,12.0,0.001951219512195122,0.001950068888523005
1997,NAM.4.3_1,Mashare,9307,9291.9774,0.0,0.0,0.0
1997,NAM.4.4_1,Mpungu,8120,8124.596,37.0,0.0045566502463054185,0.004554072617937776
1997,NAM.4.5_1,Mukwe,5506,5520.1333,176.0,0.03196512895023611,0.03188328831060597
1997,NAM.4.6_1,Ndiyona,8130,8137.2961,0.0,0.0,0.0
1997,NAM.4.7_1,Rundu Rural East,589,579.1941,75.0,0.1273344651952462,0.1294902713932592
1997,NAM.4.8_1,Rundu Rural West,2068,2085.5817,397.0,0.19197292069632496,0.1903545679592281
1997,NAM.4.9_1,Rundu Urban,16,15.466,314.0,19.625,20.302556267035357
1997,NAM.5.1_1,Katutura Central,1,2.0258,63.0,63.0,31.099423384412624
1997,NAM.5.2_1,Katutura East,3,2.5003,189.0,63.0,75.5908747501534
1997,NAM.5.3_1,Khomasdal North,28,25.9498,1185.0,42.32142857142857,45.66508222631139
1997,NAM.5.4_1,Moses Garoeb,35,33.6444,731.0,20.885714285714286,21.72723680784325
1997,NAM.5.5_1,Soweto,3,1.8821,188.0,62.666666666666664,99.88681745844632
1997,NAM.5.6_1,Tobias Hainyeko,21,19.7976,817.0,38.904761904761905,41.26772917117713
1997,NAM.5.7_1,Wanaheda,18,19.2191,625.0,34.72222222222222,32.51978043945626
1997,NAM.5.8_1,Windhoek East,168,167.0933,2305.0,13.720238095238095,13.794689996530787
1997,NAM.5.9_1,Windhoek Rural,36601,36593.3945,3872.0,0.10578945930439058,0.10581144648017612
1997,NAM.5.10_1,Windhoek West,211,208.5574,3454.0,16.369668246445496,16.561390599468638
1997,NAM.6.1_1,Epupa,23523,23469.36,1.0,4.2511584406750836e-05,4.26087460261935e-05
1997,NAM.6.2_1,Kamanjab,17123,17116.4228,71.0,0.004146469660690299,0.00414806300289698
1997,NAM.6.3_1,Khorixas,21355,21306.0888,341.0,0.015968157340201357,0.01600481452047619
1997,NAM.6.4_1,Opuwo,25785,25775.8831,184.0,0.007135931743261586,0.007138455710599296
1997,NAM.6.5_1,Outjo,7459,7466.7658,569.0,0.07628368413996514,0.07620434541205097
1997,NAM.6.6_1,Sesfontein,20078,20197.3792,9.0,0.0004482518179101504,0.0004456023684964693
1997,NAM.7.1_1,Eenhana,1115,1116.8929,93.0,0.08340807174887892,0.08326671376411947
1997,NAM.7.2_1,Endola,329,327.714,60.0,0.182370820668693,0.18308646317644828
1997,NAM.7.3_1,Engela,300,295.3584,204.0,0.68,0.690686353314984
1997,NAM.7.4_1,Epembe,1811,1810.1363,0.0,0.0,0.0
1997,NAM.7.5_1,Ohangwena,166,170.3454,82.0,0.4939759036144578,0.4813748162899448
1997,NAM.7.6_1,Okongo,4639,4650.9389,0.0,0.0,0.0
1997,NAM.7.7_1,Omulonga,596,596.8697,13.0,0.02181208053691275,0.021780297064508663
1997,NAM.7.8_1,Omundaungilo,614,615.6942,9.0,0.014657980456026058,0.014617645645806518
1997,NAM.7.9_1,Ondobe,492,488.147,48.0,0.0975609756097561,0.0983310369150559
1997,NAM.7.10_1,Ongenga,325,317.2369,30.0,0.09230769230769231,0.09456653979082646
1997,NAM.7.11_1,Oshikango,263,261.3174,101.0,0.3840304182509506,0.38650315355651843
1997,NAM.8.1_1,Aminius,12925,12976.689,70.0,0.005415860735009671,0.005394288159701517
1997,NAM.8.2_1,Epukiro,11042,11045.2373,21.0,0.0019018293787357362,0.0019012719595187725
1997,NAM.8.3_1,Gobabis,5664,5663.9481,1766.0,0.3117937853107345,0.31179664472524754
1997,NAM.8.4_1,Kalahari,12259,12228.3118,74.0,0.006036381434048454,0.006051530346101306
1997,NAM.8.5_1,Otjinene,6417,6416.6813,78.0,0.012155212716222535,0.012155816401948748
1997,NAM.8.6_1,Otjombinde,18940,18917.6636,21.0,0.001108764519535375,0.0011100736558605124
1997,NAM.8.7_1,Steinhausen,17495,17494.913,41.0,0.002343526721920549,0.0023435383778096985
1997,NAM.9.1_1,Anamulenge,353,354.556,92.0,0.26062322946175637,0.2594794376619224
1997,NAM.9.2_1,Elim,446,444.067,32.0,0.07174887892376682,0.07206119068741995
1997,NAM.9.3_1,Etayi,638,645.5953,28.0,0.0438871473354232,0.043370822641170384
1997,NAM.9.4_1,Ogongo,810,806.2305,85.0,0.10493827160493827,0.10542890475869411
1997,NAM.9.5_1,Okahao,9894,9898.584,192.0,0.019405700424499697,0.01939671373108455
1997,NAM.9.6_1,Okalongo,658,658.7623,33.0,0.05015197568389058,0.05009394017914636
1997,NAM.9.7_1,Onesi,602,602.7373,43.0,0.07142857142857142,0.07134119930312376
1997,NAM.9.8_1,Oshikuku,278,277.047,120.0,0.4316546762589928,0.4331394751995495
1997,NAM.9.9_1,Otamanzi,4183,4182.1269,0.0,0.0,0.0
1997,NAM.9.10_1,Outapi,985,989.2764,172.0,0.1746192893401015,0.17386445888884133
1997,NAM.9.11_1,Ruacana,5383,5383.1524,191.0,0.03548207319338659,0.03548106860965637
1997,NAM.9.12_1,Tsandi,2358,2359.6538,151.0,0.0640373197625106,0.06399243793700309
1997,NAM.10.1_1,Okaku,244,242.0189,0.0,0.0,0.0
1997,NAM.10.2_1,Okatana,427,425.878,344.0,0.8056206088992974,0.8077430667422955
1997,NAM.10.3_1,Okatyali,557,557.7031,0.0,0.0,0.0
1997,NAM.10.4_1,Ompundja,471,465.5087,0.0,0.0,0.0
1997,NAM.10.5_1,Ondangwa,208,209.0277,939.0,4.514423076923077,4.492227421235398
1997,NAM.10.6_1,Ongwediva,204,203.8006,674.0,3.303921568627451,3.307153681057054
1997,NAM.10.7_1,Oshakati East,183,185.9598,925.0,5.054644808743169,4.974192461876263
1997,NAM.10.8_1,Oshakati West,239,240.7417,798.0,3.3389121338912133,3.314755694413004
1997,NAM.10.9_1,Uukwiyu,301,299.5269,123.0,0.40863787375415284,0.410647611605983
1997,NAM.10.10_1,Uuvudhiya,5829,5822.0336,82.0,0.014067593069137073,0.014084425778550024
1997,NAM.11.1_1,Engodi,7796,7803.9972,0.0,0.0,0.0
1997,NAM.11.2_1,Guinas,10214,10209.5563,212.0,0.020755825337771684,0.020764859251937114
1997,NAM.11.3_1,Okankolo,3551,3549.9347,0.0,0.0,0.0
1997,NAM.11.4_1,Olukonda,243,241.1641,236.0,0.9711934156378601,0.9785868669432048
1997,NAM.11.5_1,Omuntele,1794,1797.7673,77.0,0.04292084726867335,0.04283090563837689
1997,NAM.11.6_1,Omuthiyagwipundi,13389,13390.2501,266.0,0.019867055045186346,0.01986520033288013
1997,NAM.11.7_1,Onayena,444,442.996,28.0,0.06306306306306306,0.06320598435427677
1997,NAM.11.8_1,Oniipa,370,372.1193,500.0,1.3513513513513513,1.343655130383304
1997,NAM.11.9_1,Onyaanya,561,559.5222,74.0,0.1319073083778966,0.13225569449162597
1997,NAM.11.10_1,Tsumeb,276,271.1363,2403.0,8.706521739130435,8.862701263696332
1997,NAM.12.1_1,Grootfontein,11270,11265.5385,2165.0,0.19210292812777285,0.19217900688128395
1997,NAM.12.2_1,Okahandja,5877,5877.3088,1437.0,0.24451250638080654,0.24449965920432307
1997,NAM.12.3_1,Okakarara,14636,14639.1748,229.0,0.015646351462148128,0.015642958279696733
1997,NAM.12.4_1,Omatako,26149,26150.3971,440.0,0.016826647290527363,0.016825748299943814
1997,NAM.12.5_1,Otavi,12954,12956.7111,793.0,0.06121661262930369,0.06120380366769467
1997,NAM.12.6_1,Otjiwarongo,5911,5915.0302,1638.0,0.2771104720013534,0.27692166220671954
1997,NAM.12.7_1,Tsumkwe,27835,27828.7869,0.0,0.0,0.0
1997,NAM.13.1_1,Kabe,2157,2150.7444,270.0,0.12517385257301808,0.12553793233670593
1997,NAM.13.2_1,Katima Muliro Rural,1917,1914.9799,148.0,0.07720396452790819,0.07728540767858184
1997,NAM.13.3_1,Katima Muliro Urban,36,36.2162,533.0,14.805555555555555,14.717162861423661
1997,NAM.13.4_1,Kongola,4976,4979.563,0.0,0.0,0.0
1997,NAM.13.5_1,Linyandi,3787,3781.7482,0.0,0.0,0.0
1997,NAM.13.6_1,Sibinda,1669,1668.3867,0.0,0.0,0.0
1998,NAM.1.1_1,Berseba,31769,31765.2657,213.0,0.006704649186313702,0.006705437388457696
1998,NAM.1.2_1,Karas,38202,38195.2388,1195.0,0.031281084759960213,0.03128662201301684
1998,NAM.1.3_1,Keetmanshoop Rural,37919,37919.1022,179.0,0.0047205886231176985,0.004720575904950067
1998,NAM.1.4_1,Keetmanshoop Urban,523,523.9898,1736.0,3.3193116634799233,3.3130416942412446
1998,NAM.1.5_1,Luderitz,48521,48535.4537,985.0,0.020300488448300735,0.020294443012978617
1998,NAM.1.6_1,Oranjemund,4235,4248.4234,3661.0,0.8644628099173554,0.8617314407479528
1998,NAM.2.1_1,Arandis,13523,13523.4512,2285.0,0.16897138208977297,0.16896574430796168
1998,NAM.2.2_1,Daures,17761,17769.6698,64.0,0.0036034007094195145,0.003601642604897335
1998,NAM.2.3_1,Karibib,14543,14537.4955,1226.0,0.08430172591624836,0.08433364623113626
1998,NAM.2.4_1,Omaruru,8425,8425.7831,584.0,0.06931750741839762,0.06931106487459054
1998,NAM.2.5_1,Swakopmund,195,196.7486,1201.0,6.158974358974359,6.104237886977781
1998,NAM.2.6_1,Walvisbay Rural,9130,9138.3767,2491.0,0.2728368017524644,0.27258670682213776
1998,NAM.2.7_1,Walvisbay Urban,24,20.9025,1344.0,56.0,64.29841297981172
1998,NAM.3.1_1,Gibeon,50470,50450.588,351.0,0.006954626510798494,0.006957302461599677
1998,NAM.3.2_1,Mariental Rural,41800,41784.703,470.0,0.011244019138755982,0.01124813548393284
1998,NAM.3.3_1,Mariental Urban,5919,5916.3883,1325.0,0.2238553809765163,0.22395419933899133
1998,NAM.3.4_1,Rehoboth East,280,282.7018,356.0,1.2714285714285714,1.25927725099156
1998,NAM.3.5_1,Rehoboth Rural,10934,10933.0921,255.0,0.02332174867386135,0.023323685276590712
1998,NAM.3.6_1,Rehoboth West,320,326.0358,792.0,2.475,2.429181357319668
1998,NAM.4.1_1,Kahenge,8780,8778.9988,0.0,0.0,0.0
1998,NAM.4.2_1,Kapako,6150,6153.6288,19.0,0.003089430894308943,0.0030876090734947583
1998,NAM.4.3_1,Mashare,9307,9291.9774,0.0,0.0,0.0
1998,NAM.4.4_1,Mpungu,8120,8124.596,37.0,0.0045566502463054185,0.004554072617937776
1998,NAM.4.5_1,Mukwe,5506,5520.1333,186.0,0.03378132945877225,0.03369483878279948
1998,NAM.4.6_1,Ndiyona,8130,8137.2961,0.0,0.0,0.0
1998,NAM.4.7_1,Rundu Rural East,589,579.1941,84.0,0.14261460101867574,0.1450291039604503
1998,NAM.4.8_1,Rundu Rural West,2068,2085.5817,398.0,0.19245647969052224,0.1908340504981682
1998,NAM.4.9_1,Rundu Urban,16,15.466,347.0,21.6875,22.43626440974926
1998,NAM.5.1_1,Katutura Central,1,2.0258,63.0,63.0,31.099423384412624
1998,NAM.5.2_1,Katutura East,3,2.5003,189.0,63.0,75.5908747501534
1998,NAM.5.3_1,Khomasdal North,28,25.9498,1185.0,42.32142857142857,45.66508222631139
1998,NAM.5.4_1,Moses Garoeb,35,33.6444,731.0,20.885714285714286,21.72723680784325
1998,NAM.5.5_1,Soweto,3,1.8821,188.0,62.666666666666664,99.88681745844632
1998,NAM.5.6_1,Tobias Hainyeko,21,19.7976,817.0,38.904761904761905,41.26772917117713
1998,NAM.5.7_1,Wanaheda,18,19.2191,625.0,34.72222222222222,32.51978043945626
1998,NAM.5.8_1,Windhoek East,168,167.0933,2322.0,13.821428571428571,13.896429575680905
1998,NAM.5.9_1,Windhoek Rural,36601,36593.3945,3925.0,0.1072375071719352,0.1072597953085463
1998,NAM.5.10_1,Windhoek West,211,208.5574,3454.0,16.369668246445496,16.561390599468638
1998,NAM.6.1_1,Epupa,23523,23469.36,0.0,0.0,0.0
1998,NAM.6.2_1,Kamanjab,17123,17116.4228,55.0,0.00321205396250657,0.003213288241680759
1998,NAM.6.3_1,Khorixas,21355,21306.0888,351.0,0.01643643174900492,0.016474163919903643
1998,NAM.6.4_1,Opuwo,25785,25775.8831,192.0,0.007446189645142525,0.0074488233501905695
1998,NAM.6.5_1,Outjo,7459,7466.7658,571.0,0.07655181659739911,0.07647219899873656
1998,NAM.6.6_1,Sesfontein,20078,20197.3792,10.0,0.0004980575754557227,0.0004951137427738547
1998,NAM.7.1_1,Eenhana,1115,1116.8929,119.0,0.10672645739910314,0.10654557997774428
1998,NAM.7.2_1,Endola,329,327.714,82.0,0.24924012158054712,0.25021816634114596
1998,NAM.7.3_1,Engela,300,295.3584,241.0,0.8033333333333333,0.81595789778878
1998,NAM.7.4_1,Epembe,1811,1810.1363,0.0,0.0,0.0
1998,NAM.7.5_1,Ohangwena,166,170.3454,121.0,0.7289156626506024,0.7103213752571136
1998,NAM.7.6_1,Okongo,4639,4650.9389,0.0,0.0,0.0
1998,NAM.7.7_1,Omulonga,596,596.8697,11.0,0.018456375838926176,0.01842948213150733
1998,NAM.7.8_1,Omundaungilo,614,615.6942,17.0,0.02768729641693811,0.02761110844207898
1998,NAM.7.9_1,Ondobe,492,488.147,68.0,0.13821138211382114,0.1393023022963292
1998,NAM.7.10_1,Ongenga,325,317.2369,43.0,0.13230769230769232,0.1355453737001846
1998,NAM.7.11_1,Oshikango,263,261.3174,149.0,0.5665399239543726,0.5701878205932797
1998,NAM.8.1_1,Aminius,12925,12976.689,104.0,0.00804642166344294,0.008014370980127968
1998,NAM.8.2_1,Epukiro,11042,11045.2373,29.0,0.0026263358087303024,0.002625566039335448
1998,NAM.8.3_1,Gobabis,5664,5663.9481,1765.0,0.3116172316384181,0.31162008943378366
1998,NAM.8.4_1,Kalahari,12259,12228.3118,91.0,0.007423117709437964,0.007441746776962417
1998,NAM.8.5_1,Otjinene,6417,6416.6813,85.0,0.013246065139473275,0.013246723002123637
1998,NAM.8.6_1,Otjombinde,18940,18917.6636,24.0,0.0012671594508975714,0.0012686556066977286
1998,NAM.8.7_1,Steinhausen,17495,17494.913,35.0,0.002000571591883395,0.0020005815420326696
1998,NAM.9.1_1,Anamulenge,353,354.556,98.0,0.2776203966005666,0.27640200968335216
1998,NAM.9.2_1,Elim,446,444.067,33.0,0.07399103139013453,0.07431310289640182
1998,NAM.9.3_1,Etayi,638,645.5953,48.0,0.07523510971786834,0.0743499816705778
1998,NAM.9.4_1,Ogongo,810,806.2305,70.0,0.08641975308641975,0.08682380391892457
1998,NAM.9.5_1,Okahao,9894,9898.584,193.0,0.0195067717808773,0.01949773828176728
1998,NAM.9.6_1,Okalongo,658,658.7623,24.0,0.0364741641337386,0.036431956493924625
1998,NAM.9.7_1,Onesi,602,602.7373,60.0,0.09966777408637874,0.09954585949273083
1998,NAM.9.8_1,Oshikuku,278,277.047,132.0,0.4748201438848921,0.47645342271950447
1998,NAM.9.9_1,Otamanzi,4183,4182.1269,0.0,0.0,0.0
1998,NAM.9.10_1,Outapi,985,989.2764,193.0,0.19593908629441625,0.19509209631131616
1998,NAM.9.11_1,Ruacana,5383,5383.1524,223.0,0.04142671372840424,0.04142554083745221
1998,NAM.9.12_1,Tsandi,2358,2359.6538,149.0,0.0631891433418151,0.06314485597757258
1998,NAM.10.1_1,Okaku,244,242.0189,13.0,0.05327868852459016,0.05371480944108951
1998,NAM.10.2_1,Okatana,427,425.878,373.0,0.8735362997658079,0.8758376857409192
1998,NAM.10.3_1,Okatyali,557,557.7031,0.0,0.0,0.0
1998,NAM.10.4_1,Ompundja,471,465.5087,0.0,0.0,0.0
1998,NAM.10.5_1,Ondangwa,208,209.0277,979.0,4.706730769230769,4.6835896117033595
1998,NAM.10.6_1,Ongwediva,204,203.8006,693.0,3.3970588235294117,3.40038204892068
1998,NAM.10.7_1,Oshakati East,183,185.9598,965.0,5.273224043715847,5.189292676443885
1998,NAM.10.8_1,Oshakati West,239,240.7417,815.0,3.410041841004184,3.3853707906598975
1998,NAM.10.9_1,Uukwiyu,301,299.5269,120.0,0.39867109634551495,0.40063181620095906
1998,NAM.10.10_1,Uuvudhiya,5829,5822.0336,87.0,0.014925373134328358,0.01494323222846161
1998,NAM.11.1_1,Engodi,7796,7803.9972,0.0,0.0,0.0
1998,NAM.11.2_1,Guinas,10214,10209.5563,211.0,0.020657920501272763,0.020666911802635524
1998,NAM.11.3_1,Okankolo,3551,3549.9347,0.0,0.0,0.0
1998,NAM.11.4_1,Olukonda,243,241.1641,255.0,1.0493827160493827,1.0573714028411747
1998,NAM.11.5_1,Omuntele,1794,1797.7673,59.0,0.03288740245261984,0.032818486138496576
1998,NAM.11.6_1,Omuthiyagwipundi,13389,13390.2501,308.0,0.023003958473373665,0.02300181091175594
1998,NAM.11.7_1,Onayena,444,442.996,31.0,0.06981981981981981,0.0699780541065207
1998,NAM.11.8_1,Oniipa,370,372.1193,595.0,1.6081081081081081,1.5989496051561318
1998,NAM.11.9_1,Onyaanya,561,559.5222,77.0,0.13725490196078433,0.13761741183588108
1998,NAM.11.10_1,Tsumeb,276,271.1363,2350.0,8.514492753623188,8.667227619511602
1998,NAM.12.1_1,Grootfontein,11270,11265.5385,2166.0,0.1921916592724046,0.19226777316621757
1998,NAM.12.2_1,Okahandja,5877,5877.3088,1438.0,0.24468266122171176,0.24466980510495237
1998,NAM.12.3_1,Okakarara,14636,14639.1748,233.0,0.015919650177644164,0.0159161977256303
1998,NAM.12.4_1,Omatako,26149,26150.3971,447.0,0.017094343951967572,0.017093430659261104
1998,NAM.12.5_1,Otavi,12954,12956.7111,755.0,0.05828315578199784,0.058270960616783704
1998,NAM.12.6_1,Otjiwarongo,5911,5915.0302,1682.0,0.28455422094400273,0.28436033933559357
1998,NAM.12.7_1,Tsumkwe,27835,27828.7869,0.0,0.0,0.0
1998,NAM.13.1_1,Kabe,2157,2150.7444,320.0,0.1483541956420955,0.1487856975842441
1998,NAM.13.2_1,Katima Muliro Rural,1917,1914.9799,194.0,0.1011997913406364,0.10130654790300593
1998,NAM.13.3_1,Katima Muliro Urban,36,36.2162,550.0,15.277777777777779,15.186565804470945
1998,NAM.13.4_1,Kongola,4976,4979.563,0.0,0.0,0.0
1998,NAM.13.5_1,Linyandi,3787,3781.7482,0.0,0.0,0.0
1998,NAM.13.6_1,Sibinda,1669,1668.3867,0.0,0.0,0.0
1999,NAM.1.1_1,Berseba,31769,31765.2657,231.0,0.00727123925839655,0.007272094069172431
1999,NAM.1.2_1,Karas,38202,38195.2388,1230.0,0.0321972671587875,0.03220296659080394
1999,NAM.1.3_1,Keetmanshoop Rural,37919,37919.1022,267.0,0.0070413249294548905,0.007041305958780268
1999,NAM.1.4_1,Keetmanshoop Urban,523,523.9898,1741.0,3.3288718929254304,3.322583865019589
1999,NAM.1.5_1,Luderitz,48521,48535.4537,1079.0,0.022237793944889842,0.022231171584775562
1999,NAM.1.6_1,Oranjemund,4235,4248.4234,3630.0,0.8571428571428571,0.8544346162018762
1999,NAM.2.1_1,Arandis,13523,13523.4512,2281.0,0.16867558973600533,0.16866996182339633
1999,NAM.2.2_1,Daures,17761,17769.6698,85.0,0.0047857665671977925,0.004783431584629273
1999,NAM.2.3_1,Karibib,14543,14537.4955,1235.0,0.08492058034793372,0.08495273498813481
1999,NAM.2.4_1,Omaruru,8425,8425.7831,609.0,0.07228486646884273,0.07227814813120828
1999,NAM.2.5_1,Swakopmund,195,196.7486,1253.0,6.425641025641026,6.368534614806961
1999,NAM.2.6_1,Walvisbay Rural,9130,9138.3767,2641.0,0.28926615553121576,0.28900100068938817
1999,NAM.2.7_1,Walvisbay Urban,24,20.9025,1360.0,56.666666666666664,65.06387027719043
1999,NAM.3.1_1,Gibeon,50470,50450.588,366.0,0.007251832771943729,0.007254623079616758
1999,NAM.3.2_1,Mariental Rural,41800,41784.703,518.0,0.012392344497607656,0.012396881235483426
1999,NAM.3.3_1,Mariental Urban,5919,5916.3883,1292.0,0.218280114884271,0.21837647211017117
1999,NAM.3.4_1,Rehoboth East,280,282.7018,399.0,1.425,1.411380963892226
1999,NAM.3.5_1,Rehoboth Rural,10934,10933.0921,335.0,0.030638375708798245,0.03064091987316819
1999,NAM.3.6_1,Rehoboth West,320,326.0358,808.0,2.525,2.4782557281746107
1999,NAM.4.1_1,Kahenge,8780,8778.9988,4.0,0.00045558086560364467,0.00045563282329537223
1999,NAM.4.2_1,Kapako,6150,6153.6288,26.0,0.004227642276422764,0.004225149258466511
1999,NAM.4.3_1,Mashare,9307,9291.9774,0.0,0.0,0.0
1999,NAM.4.4_1,Mpungu,8120,8124.596,59.0,0.007266009852216749,0.007261899579954831
1999,NAM.4.5_1,Mukwe,5506,5520.1333,202.0,0.036687250272430076,0.03659331953830912
1999,NAM.4.6_1,Ndiyona,8130,8137.2961,0.0,0.0,0.0
1999,NAM.4.7_1,Rundu Rural East,589,579.1941,172.0,0.2920203735144312,0.2969643557285411
1999,NAM.4.8_1,Rundu Rural West,2068,2085.5817,426.0,0.2059961315280464,0.2042595615884916
1999,NAM.4.9_1,Rundu Urban,16,15.466,384.0,24.0,24.828603842489095
1999,NAM.5.1_1,Katutura Central,1,2.0258,63.0,63.0,31.099423384412624
1999,NAM.5.2_1,Katutura East,3,2.5003,189.0,63.0,75.5908747501534
1999,NAM.5.3_1,Khomasdal North,28,25.9498,1185.0,42.32142857142857,45.66508222631139
1999,NAM.5.4_1,Moses Garoeb,35,33.6444,739.0,21.114285714285714,21.965017785220468
1999,NAM.5.5_1,Soweto,3,1.8821,188.0,62.666666666666664,99.88681745844632
1999,NAM.5.6_1,Tobias Hainyeko,21,19.7976,819.0,39.0,41.36875176400743
1999,NAM.5.7_1,Wanaheda,18,19.2191,668.0,37.111111111111114,34.75714133369085
1999,NAM.5.8_1,Windhoek East,168,167.0933,2365.0,14.077380952380953,14.15377086411944
1999,NAM.5.9_1,Windhoek Rural,36601,36593.3945,4131.0,0.11286576869484441,0.11288922660372096
1999,NAM.5.10_1,Windhoek West,211,208.5574,3501.0,16.592417061611375,16.786748259623536
1999,NAM.6.1_1,Epupa,23523,23469.36,0.0,0.0,0.0
1999,NAM.6.2_1,Kamanjab,17123,17116.4228,53.0,0.003095252000233604,0.0030964413965287314
1999,NAM.6.3_1,Khorixas,21355,21306.0888,352.0,0.016483259189885274,0.016521098859846386
1999,NAM.6.4_1,Opuwo,25785,25775.8831,202.0,0.007834012022493697,0.007836782899679663
1999,NAM.6.5_1,Outjo,7459,7466.7658,581.0,0.07789247888456897,0.07781146693216452
1999,NAM.6.6_1,Sesfontein,20078,20197.3792,0.0,0.0,0.0
1999,NAM.7.1_1,Eenhana,1115,1116.8929,119.0,0.10672645739910314,0.10654557997774428
1999,NAM.7.2_1,Endola,329,327.714,92.0,0.2796352583586626,0.28073257687055403
1999,NAM.7.3_1,Engela,300,295.3584,276.0,0.92,0.9344580074261547
1999,NAM.7.4_1,Epembe,1811,1810.1363,0.0,0.0,0.0
1999,NAM.7.5_1,Ohangwena,166,170.3454,140.0,0.8433734939759037,0.8218594424462472
1999,NAM.7.6_1,Okongo,4639,4650.9389,124.0,0.026729898685061437,0.026661283256160743
1999,NAM.7.7_1,Omulonga,596,596.8697,11.0,0.018456375838926176,0.01842948213150733
1999,NAM.7.8_1,Omundaungilo,614,615.6942,17.0,0.02768729641693811,0.02761110844207898
1999,NAM.7.9_1,Ondobe,492,488.147,68.0,0.13821138211382114,0.1393023022963292
1999,NAM.7.10_1,Ongenga,325,317.2369,49.0,0.15076923076923077,0.1544586816583499
1999,NAM.7.11_1,Oshikango,263,261.3174,190.0,0.7224334600760456,0.7270851403538466
1999,NAM.8.1_1,Aminius,12925,12976.689,132.0,0.010212765957446808,0.010172086244008576
1999,NAM.8.2_1,Epukiro,11042,11045.2373,28.0,0.002535772504980982,0.0025350292793583635
1999,NAM.8.3_1,Gobabis,5664,5663.9481,1768.0,0.3121468926553672,0.31214975530817535
1999,NAM.8.4_1,Kalahari,12259,12228.3118,74.0,0.006036381434048454,0.006051530346101306
1999,NAM.8.5_1,Otjinene,6417,6416.6813,95.0,0.01480442574411719,0.014805161002373475
1999,NAM.8.6_1,Otjombinde,18940,18917.6636,26.0,0.0013727560718057022,0.0013743769072558727
1999,NAM.8.7_1,Steinhausen,17495,17494.913,42.0,0.0024006859102600744,0.0024006978504392032
1999,NAM.9.1_1,Anamulenge,353,354.556,102.0,0.28895184135977336,0.2876837243643053
1999,NAM.9.2_1,Elim,446,444.067,75.0,0.1681614349775785,0.1688934156736405
1999,NAM.9.3_1,Etayi,638,645.5953,53.0,0.08307210031347963,0.08209477142792965
1999,NAM.9.4_1,Ogongo,810,806.2305,78.0,0.0962962962962963,0.09674652436680166
1999,NAM.9.5_1,Okahao,9894,9898.584,197.0,0.01991105720638771,0.019901836484498208
1999,NAM.9.6_1,Okalongo,658,658.7623,26.0,0.03951367781155015,0.039467952868418345
1999,NAM.9.7_1,Onesi,602,602.7373,67.0,0.11129568106312292,0.11115954310021608
1999,NAM.9.8_1,Oshikuku,278,277.047,147.0,0.5287769784172662,0.5305958571194481
1999,NAM.9.9_1,Otamanzi,4183,4182.1269,0.0,0.0,0.0
1999,NAM.9.10_1,Outapi,985,989.2764,207.0,0.2101522842639594,0.20924385459296602
1999,NAM.9.11_1,Ruacana,5383,5383.1524,241.0,0.04477057402935166,0.04476930646558736
1999,NAM.9.12_1,Tsandi,2358,2359.6538,148.0,0.06276505513146735,0.06272106499785733
1999,NAM.10.1_1,Okaku,244,242.0189,14.0,0.05737704918032787,0.05784671785963485
1999,NAM.10.2_1,Okatana,427,425.878,392.0,0.9180327868852459,0.9204514016365692
1999,NAM.10.3_1,Okatyali,557,557.7031,0.0,0.0,0.0
1999,NAM.10.4_1,Ompundja,471,465.5087,0.0,0.0,0.0
1999,NAM.10.5_1,Ondangwa,208,209.0277,1024.0,4.923076923076923,4.898872075979817
1999,NAM.10.6_1,Ongwediva,204,203.8006,726.0,3.5588235294117645,3.5623050036311885
1999,NAM.10.7_1,Oshakati East,183,185.9598,992.0,5.420765027322404,5.33448532127703
1999,NAM.10.8_1,Oshakati West,239,240.7417,847.0,3.5439330543933054,3.518293324771697
1999,NAM.10.9_1,Uukwiyu,301,299.5269,120.0,0.39867109634551495,0.40063181620095906
1999,NAM.10.10_1,Uuvudhiya,5829,5822.0336,99.0,0.016984045290787442,0.01700436770824942
1999,NAM.11.1_1,Engodi,7796,7803.9972,0.0,0.0,0.0
1999,NAM.11.2_1,Guinas,10214,10209.5563,210.0,0.02056001566477384,0.020568964353333934
1999,NAM.11.3_1,Okankolo,3551,3549.9347,0.0,0.0,0.0
1999,NAM.11.4_1,Olukonda,243,241.1641,256.0,1.0534979423868314,1.0615179573621205
1999,NAM.11.5_1,Omuntele,1794,1797.7673,63.0,0.03511705685618729,0.03504346824958109
1999,NAM.11.6_1,Omuthiyagwipundi,13389,13390.2501,369.0,0.027559937261931438,0.02755736437155176
1999,NAM.11.7_1,Onayena,444,442.996,37.0,0.08333333333333333,0.08352219361100859
1999,NAM.11.8_1,Oniipa,370,372.1193,615.0,1.662162162162162,1.652695810371464
1999,NAM.11.9_1,Onyaanya,561,559.5222,91.0,0.1622103386809269,0.1626387594424049
1999,NAM.11.10_1,Tsumeb,276,271.1363,2343.0,8.48913043478261,8.641410345751353
1999,NAM.12.1_1,Grootfontein,11270,11265.5385,2175.0,0.1929902395740905,0.19306666973062014
1999,NAM.12.2_1,Okahandja,5877,5877.3088,1467.0,0.24961715160796324,0.24960403622320246
1999,NAM.12.3_1,Okakarara,14636,14639.1748,259.0,0.017696091828368406,0.01769225412419849
1999,NAM.12.4_1,Omatako,26149,26150.3971,481.0,0.018394584878962866,0.018393602118802217
1999,NAM.12.5_1,Otavi,12954,12956.7111,765.0,0.05905511811023622,0.05904276141965501
1999,NAM.12.6_1,Otjiwarongo,5911,5915.0302,1721.0,0.2911520893249873,0.2909537122452774
1999,NAM.12.7_1,Tsumkwe,27835,27828.7869,3.0,0.00010777797736662475,0.00010780204013654179
1999,NAM.13.1_1,Kabe,2157,2150.7444,382.0,0.1770978210477515,0.17761292649119137
1999,NAM.13.2_1,Katima Muliro Rural,1917,1914.9799,263.0,0.13719353155972874,0.13733825823964205
1999,NAM.13.3_1,Katima Muliro Urban,36,36.2162,622.0,17.27777777777778,17.174625327965323
1999,NAM.13.4_1,Kongola,4976,4979.563,0.0,0.0,0.0
1999,NAM.13.5_1,Linyandi,3787,3781.7482,0.0,0.0,0.0
1999,NAM.13.6_1,Sibinda,1669,1668.3867,0.0,0.0,0.0
2000,NAM.1.1_1,Berseba,31769,31765.2657,267.0,0.008404419402562245,0.008405407430601902
2000,NAM.1.2_1,Karas,38202,38195.2388,1333.0,0.03489346107533637,0.034899637776863134
2000,NAM.1.3_1,Keetmanshoop Rural,37919,37919.1022,290.0,0.007647881009520293,0.007647860404667708
2000,NAM.1.4_1,Keetmanshoop Urban,523,523.9898,1740.0,3.326959847036329,3.32067543086392
2000,NAM.1.5_1,Luderitz,48521,48535.4537,1144.0,0.023577420086148267,0.023570398788677702
2000,NAM.1.6_1,Oranjemund,4235,4248.4234,3629.0,0.8569067296340024,0.854199234764906
2000,NAM.2.1_1,Arandis,13523,13523.4512,2286.0,0.16904533017821488,0.16903968992910304
2000,NAM.2.2_1,Daures,17761,17769.6698,267.0,0.015032937334609538,0.015025602742306068
2000,NAM.2.3_1,Karibib,14543,14537.4955,1284.0,0.08828989892044282,0.08832332933179361
2000,NAM.2.4_1,Omaruru,8425,8425.7831,630.0,0.07477744807121661,0.0747704980667672
2000,NAM.2.5_1,Swakopmund,195,196.7486,1362.0,6.984615384615385,6.922541217371972
2000,NAM.2.6_1,Walvisbay Rural,9130,9138.3767,2805.0,0.3072289156626506,0.30694729531758186
2000,NAM.2.7_1,Walvisbay Urban,24,20.9025,1360.0,56.666666666666664,65.06387027719043
2000,NAM.3.1_1,Gibeon,50470,50450.588,373.0,0.007390529027144838,0.0073933727013580615
2000,NAM.3.2_1,Mariental Rural,41800,41784.703,610.0,0.014593301435406698,0.014598643925955387
2000,NAM.3.3_1,Mariental Urban,5919,5916.3883,1298.0,0.2192937996283156,0.21939060433359303
2000,NAM.3.4_1,Rehoboth East,280,282.7018,428.0,1.5285714285714285,1.513962537708954
2000,NAM.3.5_1,Rehoboth Rural,10934,10933.0921,344.0,0.03146149625022864,0.03146410876528316
2000,NAM.3.6_1,Rehoboth West,320,326.0358,812.0,2.5375,2.4905243208883463
2000,NAM.4.1_1,Kahenge,8780,8778.9988,7.0,0.0007972665148063781,0.0007973574407669014
2000,NAM.4.2_1,Kapako,6150,6153.6288,113.0,0.0183739837398374,0.0183631487002583
2000,NAM.4.3_1,Mashare,9307,9291.9774,0.0,0.0,0.0
2000,NAM.4.4_1,Mpungu,8120,8124.596,58.0,0.007142857142857143,0.0071388165362267835
2000,NAM.4.5_1,Mukwe,5506,5520.1333,258.0,0.046857973120232474,0.04673800218259283
2000,NAM.4.6_1,Ndiyona,8130,8137.2961,0.0,0.0,0.0
2000,NAM.4.7_1,Rundu Rural East,589,579.1941,193.0,0.32767402376910015,0.33322163171865365
2000,NAM.4.8_1,Rundu Rural West,2068,2085.5817,457.0,0.22098646034816247,0.21912352029563537
2000,NAM.4.9_1,Rundu Urban,16,15.466,403.0,25.1875,26.057102470112255
2000,NAM.5.1_1,Katutura Central,1,2.0258,63.0,63.0,31.099423384412624
2000,NAM.5.2_1,Katutura East,3,2.5003,189.0,63.0,75.5908747501534
2000,NAM.5.3_1,Khomasdal North,28,25.9498,1186.0,42.357142857142854,45.70361816067958
2000,NAM.5.4_1,Moses Garoeb,35,33.6444,740.0,21.142857142857142,21.994740407392623
2000,NAM.5.5_1,Soweto,3,1.8821,188.0,62.666666666666664,99.88681745844632
2000,NAM.5.6_1,Tobias Hainyeko,21,19.7976,819.0,39.0,41.36875176400743
2000,NAM.5.7_1,Wanaheda,18,19.2191,699.0,38.833333333333336,36.37012244348789
2000,NAM.5.8_1,Windhoek East,168,167.0933,2374.0,14.130952380952381,14.207632994257738
2000,NAM.5.9_1,Windhoek Rural,36601,36593.3945,4932.0,0.13475041665528265,0.13477842304757973
2000,NAM.5.10_1,Windhoek West,211,208.5574,3537.0,16.76303317535545,16.959362637614525
2000,NAM.6.1_1,Epupa,23523,23469.36,0.0,0.0,0.0
2000,NAM.6.2_1,Kamanjab,17123,17116.4228,52.0,0.0030368510190971207,0.0030380179739527176
2000,NAM.6.3_1,Khorixas,21355,21306.0888,413.0,0.019339733083586982,0.01938413019635386
2000,NAM.6.4_1,Opuwo,25785,25775.8831,223.0,0.008648439014931161,0.008651497953606755
2000,NAM.6.5_1,Outjo,7459,7466.7658,590.0,0.07909907494302185,0.07901680807224969
2000,NAM.6.6_1,Sesfontein,20078,20197.3792,28.0,0.0013945612112760235,0.0013863184797667934
2000,NAM.7.1_1,Eenhana,1115,1116.8929,115.0,0.1031390134529148,0.10296421594487892
2000,NAM.7.2_1,Endola,329,327.714,85.0,0.25835866261398177,0.2593724894999684
2000,NAM.7.3_1,Engela,300,295.3584,352.0,1.1733333333333333,1.1917725312101684
2000,NAM.7.4_1,Epembe,1811,1810.1363,12.0,0.006626173384870237,0.006629335160814442
2000,NAM.7.5_1,Ohangwena,166,170.3454,165.0,0.9939759036144579,0.9686200571687913
2000,NAM.7.6_1,Okongo,4639,4650.9389,140.0,0.030178917870230654,0.03010144883760084
2000,NAM.7.7_1,Omulonga,596,596.8697,15.0,0.025167785234899327,0.025131111997509996
2000,NAM.7.8_1,Omundaungilo,614,615.6942,21.0,0.03420195439739414,0.03410783984021521
2000,NAM.7.9_1,Ondobe,492,488.147,74.0,0.15040650406504066,0.15159368191071118
2000,NAM.7.10_1,Ongenga,325,317.2369,87.0,0.2676923076923077,0.27424296539339676
2000,NAM.7.11_1,Oshikango,263,261.3174,257.0,0.9771863117870723,0.9834783214259925
2000,NAM.8.1_1,Aminius,12925,12976.689,149.0,0.011528046421663442,0.0114821276542218
2000,NAM.8.2_1,Epukiro,11042,11045.2373,31.0,0.002807462416228944,0.0028066395592896165
2000,NAM.8.3_1,Gobabis,5664,5663.9481,1806.0,0.3188559322033898,0.31885885638380357
2000,NAM.8.4_1,Kalahari,12259,12228.3118,97.0,0.00791255404192838,0.00793241139961928
2000,NAM.8.5_1,Otjinene,6417,6416.6813,98.0,0.015271933925510362,0.015272692402448428
2000,NAM.8.6_1,Otjombinde,18940,18917.6636,27.0,0.0014255543822597678,0.0014272375575349447
2000,NAM.8.7_1,Steinhausen,17495,17494.913,60.0,0.003429551300371535,0.0034295683577702904
2000,NAM.9.1_1,Anamulenge,353,354.556,114.0,0.32294617563739375,0.3215288684071647
2000,NAM.9.2_1,Elim,446,444.067,83.0,0.1860986547085202,0.1869087133454955
2000,NAM.9.3_1,Etayi,638,645.5953,56.0,0.0877742946708464,0.08674164528234077
2000,NAM.9.4_1,Ogongo,810,806.2305,93.0,0.11481481481481481,0.1153516252065712
2000,NAM.9.5_1,Okahao,9894,9898.584,248.0,0.025065696381645443,0.025054088569317543
2000,NAM.9.6_1,Okalongo,658,658.7623,57.0,0.08662613981762918,0.08652589667307099
2000,NAM.9.7_1,Onesi,602,602.7373,88.0,0.1461794019933555,0.14600059392267187
2000,NAM.9.8_1,Oshikuku,278,277.047,163.0,0.5863309352517986,0.5883477871460547
2000,NAM.9.9_1,Otamanzi,4183,4182.1269,31.0,0.007410949079607937,0.007412496317039509
2000,NAM.9.10_1,Outapi,985,989.2764,221.0,0.22436548223350253,0.2233956128746159
2000,NAM.9.11_1,Ruacana,5383,5383.1524,279.0,0.05182983466468512,0.051828367236094915
2000,NAM.9.12_1,Tsandi,2358,2359.6538,164.0,0.06955046649703138,0.06950172067330136
2000,NAM.10.1_1,Okaku,244,242.0189,26.0,0.10655737704918032,0.10742961888217901
2000,NAM.10.2_1,Okatana,427,425.878,511.0,1.1967213114754098,1.1998741485619564
2000,NAM.10.3_1,Okatyali,557,557.7031,0.0,0.0,0.0
2000,NAM.10.4_1,Ompundja,471,465.5087,0.0,0.0,0.0
2000,NAM.10.5_1,Ondangwa,208,209.0277,1137.0,5.466346153846154,5.439470264051808
2000,NAM.10.6_1,Ongwediva,204,203.8006,850.0,4.166666666666667,4.170742772846433
2000,NAM.10.7_1,Oshakati East,183,185.9598,1054.0,5.759562841530054,5.667890653856844
2000,NAM.10.8_1,Oshakati West,239,240.7417,882.0,3.690376569037657,3.663677346456478
2000,NAM.10.9_1,Uukwiyu,301,299.5269,141.0,0.4684385382059801,0.4707423840361269
2000,NAM.10.10_1,Uuvudhiya,5829,5822.0336,98.0,0.016812489277749185,0.0168326064182671
2000,NAM.11.1_1,Engodi,7796,7803.9972,0.0,0.0,0.0
2000,NAM.11.2_1,Guinas,10214,10209.5563,231.0,0.022616017231251225,0.022625860788667327
2000,NAM.11.3_1,Okankolo,3551,3549.9347,36.0,0.010137989298789073,0.010141031668704314
2000,NAM.11.4_1,Olukonda,243,241.1641,292.0,1.2016460905349795,1.2107939201161686
2000,NAM.11.5_1,Omuntele,1794,1797.7673,74.0,0.04124860646599777,0.04116216905506351
2000,NAM.11.6_1,Omuthiyagwipundi,13389,13390.2501,385.0,0.02875494809171708,0.028752263639694922
2000,NAM.11.7_1,Onayena,444,442.996,57.0,0.12837837837837837,0.12866932529263486
2000,NAM.11.8_1,Oniipa,370,372.1193,647.0,1.7486486486486486,1.7386897387159954
2000,NAM.11.9_1,Onyaanya,561,559.5222,116.0,0.20677361853832443,0.2073197373111975
2000,NAM.11.10_1,Tsumeb,276,271.1363,2312.0,8.376811594202898,8.527076704813116
2000,NAM.12.1_1,Grootfontein,11270,11265.5385,2226.0,0.19751552795031055,0.1975937502622347
2000,NAM.12.2_1,Okahandja,5877,5877.3088,1513.0,0.25744427428960354,0.25743074765215085
2000,NAM.12.3_1,Okakarara,14636,14639.1748,325.0,0.02220552063405302,0.02220070498210235
2000,NAM.12.4_1,Omatako,26149,26150.3971,568.0,0.021721671956862594,0.021720511441745652
2000,NAM.12.5_1,Otavi,12954,12956.7111,804.0,0.06206577119036591,0.06205278455085311
2000,NAM.12.6_1,Otjiwarongo,5911,5915.0302,1811.0,0.3063779394349518,0.30616918819070155
2000,NAM.12.7_1,Tsumkwe,27835,27828.7869,44.0,0.0015807436680438298,0.0015810965886692797
2000,NAM.13.1_1,Kabe,2157,2150.7444,426.0,0.19749652294853964,0.19807095990902493
2000,NAM.13.2_1,Katima Muliro Rural,1917,1914.9799,378.0,0.19718309859154928,0.19739110880070226
2000,NAM.13.3_1,Katima Muliro Urban,36,36.2162,763.0,21.194444444444443,21.067908561475146
2000,NAM.13.4_1,Kongola,4976,4979.563,0.0,0.0,0.0
2000,NAM.13.5_1,Linyandi,3787,3781.7482,0.0,0.0,0.0
2000,NAM.13.6_1,Sibinda,1669,1668.3867,0.0,0.0,0.0
2001,NAM.1.1_1,Berseba,31769,31765.2657,312.0,0.009820894582769366,0.009822049132388738
2001,NAM.1.2_1,Karas,38202,38195.2388,1465.0,0.038348777550913565,0.03835556589880307
2001,NAM.1.3_1,Keetmanshoop Rural,37919,37919.1022,273.0,0.0071995569503415175,0.0071995375533596
2001,NAM.1.4_1,Keetmanshoop Urban,523,523.9898,1738.0,3.323135755258126,3.3168585625525826
2001,NAM.1.5_1,Luderitz,48521,48535.4537,1340.0,0.027616908142865975,0.027608683895828778
2001,NAM.1.6_1,Oranjemund,4235,4248.4234,4007.0,0.9461629279811098,0.9431734179396468
2001,NAM.2.1_1,Arandis,13523,13523.4512,2291.0,0.16941507062042446,0.16940941803480974
2001,NAM.2.2_1,Daures,17761,17769.6698,169.0,0.009515229998310906,0.009510587503557025
2001,NAM.2.3_1,Karibib,14543,14537.4955,1311.0,0.09014646221549887,0.09018059560278927
2001,NAM.2.4_1,Omaruru,8425,8425.7831,614.0,0.07287833827893175,0.07287156478253183
2001,NAM.2.5_1,Swakopmund,195,196.7486,1485.0,7.615384615384615,7.547704631275608
2001,NAM.2.6_1,Walvisbay Rural,9130,9138.3767,2842.0,0.3112814895947426,0.31099615447150364
2001,NAM.2.7_1,Walvisbay Urban,24,20.9025,1363.0,56.791666666666664,65.20739352044895
2001,NAM.3.1_1,Gibeon,50470,50450.588,371.0,0.007350901525658807,0.007353729952289117
2001,NAM.3.2_1,Mariental Rural,41800,41784.703,623.0,0.014904306220095694,0.014909762567000337
2001,NAM.3.3_1,Mariental Urban,5919,5916.3883,1299.0,0.21946274708565636,0.21955962637083
2001,NAM.3.4_1,Rehoboth East,280,282.7018,468.0,1.6714285714285715,1.655454363663062
2001,NAM.3.5_1,Rehoboth Rural,10934,10933.0921,333.0,0.030455460032924823,0.030457989008253753
2001,NAM.3.6_1,Rehoboth West,320,326.0358,812.0,2.5375,2.4905243208883463
2001,NAM.4.1_1,Kahenge,8780,8778.9988,0.0,0.0,0.0
2001,NAM.4.2_1,Kapako,6150,6153.6288,118.0,0.0191869918699187,0.01917567740380955
2001,NAM.4.3_1,Mashare,9307,9291.9774,0.0,0.0,0.0
2001,NAM.4.4_1,Mpungu,8120,8124.596,46.0,0.005665024630541872,0.005661820011490208
2001,NAM.4.5_1,Mukwe,5506,5520.1333,222.0,0.04031965128950236,0.04021642048269616
2001,NAM.4.6_1,Ndiyona,8130,8137.2961,18.0,0.002214022140221402,0.002212036988953379
2001,NAM.4.7_1,Rundu Rural East,589,579.1941,195.0,0.3310696095076401,0.33667470562247387
2001,NAM.4.8_1,Rundu Rural West,2068,2085.5817,471.0,0.22775628626692457,0.22583627584079707
2001,NAM.4.9_1,Rundu Urban,16,15.466,406.0,25.375,26.2510759376317
2001,NAM.5.1_1,Katutura Central,1,2.0258,63.0,63.0,31.099423384412624
2001,NAM.5.2_1,Katutura East,3,2.5003,189.0,63.0,75.5908747501534
2001,NAM.5.3_1,Khomasdal North,28,25.9498,1186.0,42.357142857142854,45.70361816067958
2001,NAM.5.4_1,Moses Garoeb,35,33.6444,743.0,21.228571428571428,22.083908273909078
2001,NAM.5.5_1,Soweto,3,1.8821,188.0,62.666666666666664,99.88681745844632
2001,NAM.5.6_1,Tobias Hainyeko,21,19.7976,819.0,39.0,41.36875176400743
2001,NAM.5.7_1,Wanaheda,18,19.2191,706.0,39.22222222222222,36.7343439844098
2001,NAM.5.8_1,Windhoek East,168,167.0933,2369.0,14.101190476190476,14.17770958862535
2001,NAM.5.9_1,Windhoek Rural,36601,36593.3945,5291.0,0.14455889183355647,0.14458893680955887
2001,NAM.5.10_1,Windhoek West,211,208.5574,3536.0,16.75829383886256,16.954567793781443
2001,NAM.6.1_1,Epupa,23523,23469.36,0.0,0.0,0.0
2001,NAM.6.2_1,Kamanjab,17123,17116.4228,49.0,0.0028616480756876715,0.002862747706224676
2001,NAM.6.3_1,Khorixas,21355,21306.0888,444.0,0.020791383750878016,0.020839113334578968
2001,NAM.6.4_1,Opuwo,25785,25775.8831,226.0,0.008764785728136514,0.008767885818453483
2001,NAM.6.5_1,Outjo,7459,7466.7658,596.0,0.07990347231532377,0.07982036883230646
2001,NAM.6.6_1,Sesfontein,20078,20197.3792,28.0,0.0013945612112760235,0.0013863184797667934
2001,NAM.7.1_1,Eenhana,1115,1116.8929,113.0,0.10134529147982063,0.10117353392844625
2001,NAM.7.2_1,Endola,329,327.714,88.0,0.2674772036474164,0.2685268126587908
2001,NAM.7.3_1,Engela,300,295.3584,350.0,1.1666666666666667,1.185001096373747
2001,NAM.7.4_1,Epembe,1811,1810.1363,8.0,0.004417448923246825,0.0044195567738762945
2001,NAM.7.5_1,Ohangwena,166,170.3454,169.0,1.0180722891566265,0.9921017555243984
2001,NAM.7.6_1,Okongo,4639,4650.9389,130.0,0.02802328087949989,0.02795134534920078
2001,NAM.7.7_1,Omulonga,596,596.8697,24.0,0.040268456375838924,0.04020977919601599
2001,NAM.7.8_1,Omundaungilo,614,615.6942,14.0,0.02280130293159609,0.02273855989347681
2001,NAM.7.9_1,Ondobe,492,488.147,81.0,0.16463414634146342,0.16593362479415683
2001,NAM.7.10_1,Ongenga,325,317.2369,121.0,0.3723076923076923,0.3814183771563334
2001,NAM.7.11_1,Oshikango,263,261.3174,282.0,1.0722433460076046,1.0791474188409722
2001,NAM.8.1_1,Aminius,12925,12976.689,152.0,0.011760154738878143,0.011713311432494723
2001,NAM.8.2_1,Epukiro,11042,11045.2373,31.0,0.002807462416228944,0.0028066395592896165
2001,NAM.8.3_1,Gobabis,5664,5663.9481,1797.0,0.3172669491525424,0.31726985876062846
2001,NAM.8.4_1,Kalahari,12259,12228.3118,105.0,0.008565135818582266,0.008586630896495097
2001,NAM.8.5_1,Otjinene,6417,6416.6813,103.0,0.01605111422783232,0.016051911402573348
2001,NAM.8.6_1,Otjombinde,18940,18917.6636,21.0,0.001108764519535375,0.0011100736558605124
2001,NAM.8.7_1,Steinhausen,17495,17494.913,76.0,0.004344098313803944,0.004344119919842368
2001,NAM.9.1_1,Anamulenge,353,354.556,110.0,0.311614730878187,0.3102471537262116
2001,NAM.9.2_1,Elim,446,444.067,79.0,0.17713004484304934,0.177901064509568
2001,NAM.9.3_1,Etayi,638,645.5953,51.0,0.07993730407523511,0.0789968555249889
2001,NAM.9.4_1,Ogongo,810,806.2305,99.0,0.12222222222222222,0.12279366554247902
2001,NAM.9.5_1,Okahao,9894,9898.584,247.0,0.02496462502526784,0.02495306401863481
2001,NAM.9.6_1,Okalongo,658,658.7623,50.0,0.07598784194528875,0.07589990936234298
2001,NAM.9.7_1,Onesi,602,602.7373,89.0,0.1478405315614618,0.14765969158088404
2001,NAM.9.8_1,Oshikuku,278,277.047,161.0,0.579136690647482,0.5811287958927289
2001,NAM.9.9_1,Otamanzi,4183,4182.1269,32.0,0.007650011953143677,0.007651609101460139
2001,NAM.9.10_1,Outapi,985,989.2764,221.0,0.22436548223350253,0.2233956128746159
2001,NAM.9.11_1,Ruacana,5383,5383.1524,271.0,0.05034367453093071,0.050342249179145954
2001,NAM.9.12_1,Tsandi,2358,2359.6538,167.0,0.07082273112807463,0.07077309361244712
2001,NAM.10.1_1,Okaku,244,242.0189,29.0,0.11885245901639344,0.11982534413781505
2001,NAM.10.2_1,Okatana,427,425.878,559.0,1.3091334894613582,1.31258248345623
2001,NAM.10.3_1,Okatyali,557,557.7031,0.0,0.0,0.0
2001,NAM.10.4_1,Ompundja,471,465.5087,0.0,0.0,0.0
2001,NAM.10.5_1,Ondangwa,208,209.0277,1168.0,5.615384615384615,5.587775961664478
2001,NAM.10.6_1,Ongwediva,204,203.8006,1096.0,5.372549019607843,5.3778047988702244
2001,NAM.10.7_1,Oshakati East,183,185.9598,1085.0,5.9289617486338795,5.834593320146752
2001,NAM.10.8_1,Oshakati West,239,240.7417,913.0,3.8200836820083683,3.7924460513772837
2001,NAM.10.9_1,Uukwiyu,301,299.5269,144.0,0.47840531561461797,0.48075817944115085
2001,NAM.10.10_1,Uuvudhiya,5829,5822.0336,97.0,0.016640933264710927,0.016660845128284783
2001,NAM.11.1_1,Engodi,7796,7803.9972,0.0,0.0,0.0
2001,NAM.11.2_1,Guinas,10214,10209.5563,198.0,0.019385157626786765,0.01939359496171485
2001,NAM.11.3_1,Okankolo,3551,3549.9347,34.0,0.009574767671078569,0.009577641020442963
2001,NAM.11.4_1,Olukonda,243,241.1641,311.0,1.2798353909465021,1.2895784560141386
2001,NAM.11.5_1,Omuntele,1794,1797.7673,88.0,0.04905239687848383,0.0489496064438593
2001,NAM.11.6_1,Omuthiyagwipundi,13389,13390.2501,364.0,0.027186496377623423,0.02718395835025702
2001,NAM.11.7_1,Onayena,444,442.996,71.0,0.15990990990990991,0.16027231746977325
2001,NAM.11.8_1,Oniipa,370,372.1193,687.0,1.8567567567567567,1.8461821491466597
2001,NAM.11.9_1,Onyaanya,561,559.5222,110.0,0.19607843137254902,0.19659630262268726
2001,NAM.11.10_1,Tsumeb,276,271.1363,2265.0,8.206521739130435,8.353732152422884
2001,NAM.12.1_1,Grootfontein,11270,11265.5385,2197.0,0.19494232475598935,0.19501952799915975
2001,NAM.12.2_1,Okahandja,5877,5877.3088,1493.0,0.25404117747149907,0.2540278296395646
2001,NAM.12.3_1,Okakarara,14636,14639.1748,364.0,0.02487018311013938,0.02486478957995463
2001,NAM.12.4_1,Omatako,26149,26150.3971,577.0,0.022065853378714292,0.022064674475153593
2001,NAM.12.5_1,Otavi,12954,12956.7111,762.0,0.058823529411764705,0.05881122117879362
2001,NAM.12.6_1,Otjiwarongo,5911,5915.0302,1827.0,0.3090847572322788,0.3088741616921103
2001,NAM.12.7_1,Tsumkwe,27835,27828.7869,19.0,0.0006825938566552901,0.000682746254198098
2001,NAM.13.1_1,Kabe,2157,2150.7444,397.0,0.18405192396847472,0.18458725606545281
2001,NAM.13.2_1,Katima Muliro Rural,1917,1914.9799,382.0,0.1992696922274387,0.1994799036028261
2001,NAM.13.3_1,Katima Muliro Urban,36,36.2162,818.0,22.72222222222222,22.58656514192224
2001,NAM.13.4_1,Kongola,4976,4979.563,0.0,0.0,0.0
2001,NAM.13.5_1,Linyandi,3787,3781.7482,0.0,0.0,0.0
2001,NAM.13.6_1,Sibinda,1669,1668.3867,0.0,0.0,0.0
2002,NAM.1.1_1,Berseba,31769,31765.2657,312.0,0.009820894582769366,0.009822049132388738
2002,NAM.1.2_1,Karas,38202,38195.2388,1535.0,0.040181142348568136,0.04018825505437728
2002,NAM.1.3_1,Keetmanshoop Rural,37919,37919.1022,278.0,0.00733141696774704,0.007331397215509044
2002,NAM.1.4_1,Keetmanshoop Urban,523,523.9898,1739.0,3.3250478011472278,3.318766996708251
2002,NAM.1.5_1,Luderitz,48521,48535.4537,1640.0,0.03379979802559716,0.03378973252922328
2002,NAM.1.6_1,Oranjemund,4235,4248.4234,4499.0,1.0623376623376624,1.058981084928992
2002,NAM.2.1_1,Arandis,13523,13523.4512,2304.0,0.17037639577016933,0.17037071110964716
2002,NAM.2.2_1,Daures,17761,17769.6698,187.0,0.010528686447835145,0.0105235494861844
2002,NAM.2.3_1,Karibib,14543,14537.4955,1343.0,0.09234683352815788,0.09238180007211745
2002,NAM.2.4_1,Omaruru,8425,8425.7831,619.0,0.07347181008902078,0.07346498143385538
2002,NAM.2.5_1,Swakopmund,195,196.7486,1507.0,7.728205128205128,7.6595224776648765
2002,NAM.2.6_1,Walvisbay Rural,9130,9138.3767,2924.0,0.32026286966046,0.3199693017856005
2002,NAM.2.7_1,Walvisbay Urban,24,20.9025,1363.0,56.791666666666664,65.20739352044895
2002,NAM.3.1_1,Gibeon,50470,50450.588,428.0,0.0084802853180107,0.008483548300754023
2002,NAM.3.2_1,Mariental Rural,41800,41784.703,686.0,0.016411483253588516,0.016417491365910485
2002,NAM.3.3_1,Mariental Urban,5919,5916.3883,1249.0,0.21101537421861802,0.21110852450898127
2002,NAM.3.4_1,Rehoboth East,280,282.7018,502.0,1.792857142857143,1.7757224157240536
2002,NAM.3.5_1,Rehoboth Rural,10934,10933.0921,341.0,0.03118712273641851,0.031189712467911503
2002,NAM.3.6_1,Rehoboth West,320,326.0358,826.0,2.58125,2.5334643953864213
2002,NAM.4.1_1,Kahenge,8780,8778.9988,0.0,0.0,0.0
2002,NAM.4.2_1,Kapako,6150,6153.6288,139.0,0.022601626016260163,0.022588297958724808
2002,NAM.4.3_1,Mashare,9307,9291.9774,0.0,0.0,0.0
2002,NAM.4.4_1,Mpungu,8120,8124.596,42.0,0.005172413793103448,0.005169487836578016
2002,NAM.4.5_1,Mukwe,5506,5520.1333,209.0,0.03795859062840538,0.03786140486884458
2002,NAM.4.6_1,Ndiyona,8130,8137.2961,19.0,0.0023370233702337023,0.002334927932784122
2002,NAM.4.7_1,Rundu Rural East,589,579.1941,244.0,0.4142614601018676,0.4212750162660699
2002,NAM.4.8_1,Rundu Rural West,2068,2085.5817,549.0,0.26547388781431336,0.2632359138781265
2002,NAM.4.9_1,Rundu Urban,16,15.466,407.0,25.4375,26.315733760138183
2002,NAM.5.1_1,Katutura Central,1,2.0258,63.0,63.0,31.099423384412624
2002,NAM.5.2_1,Katutura East,3,2.5003,189.0,63.0,75.5908747501534
2002,NAM.5.3_1,Khomasdal North,28,25.9498,1186.0,42.357142857142854,45.70361816067958
2002,NAM.5.4_1,Moses Garoeb,35,33.6444,743.0,21.228571428571428,22.083908273909078
2002,NAM.5.5_1,Soweto,3,1.8821,188.0,62.666666666666664,99.88681745844632
2002,NAM.5.6_1,Tobias Hainyeko,21,19.7976,819.0,39.0,41.36875176400743
2002,NAM.5.7_1,Wanaheda,18,19.2191,706.0,39.22222222222222,36.7343439844098
2002,NAM.5.8_1,Windhoek East,168,167.0933,2529.0,15.053571428571429,15.13525856886176
2002,NAM.5.9_1,Windhoek Rural,36601,36593.3945,5467.0,0.14936750362011966,0.1493985480132032
2002,NAM.5.10_1,Windhoek West,211,208.5574,3647.0,17.28436018957346,17.486795459253653
2002,NAM.6.1_1,Epupa,23523,23469.36,5.0,0.0002125579220337542,0.0002130437301309675
2002,NAM.6.2_1,Kamanjab,17123,17116.4228,58.0,0.0033872569059160192,0.0033885585094088006
2002,NAM.6.3_1,Khorixas,21355,21306.0888,474.0,0.02219620697728869,0.02224716153286133
2002,NAM.6.4_1,Opuwo,25785,25775.8831,229.0,0.008881132441341866,0.008884273683300211
2002,NAM.6.5_1,Outjo,7459,7466.7658,589.0,0.07896500871430487,0.07888288127890689
2002,NAM.6.6_1,Sesfontein,20078,20197.3792,27.0,0.0013447554537304512,0.001336807105489408
2002,NAM.7.1_1,Eenhana,1115,1116.8929,127.0,0.11390134529147983,0.11370830804347498
2002,NAM.7.2_1,Endola,329,327.714,114.0,0.3465045592705167,0.3478642800352517
2002,NAM.7.3_1,Engela,300,295.3584,345.0,1.15,1.1680725092826933
2002,NAM.7.4_1,Epembe,1811,1810.1363,0.0,0.0,0.0
2002,NAM.7.5_1,Ohangwena,166,170.3454,191.0,1.1506024096385543,1.1212510964802371
2002,NAM.7.6_1,Okongo,4639,4650.9389,138.0,0.0297477904720845,0.029671428139920828
2002,NAM.7.7_1,Omulonga,596,596.8697,24.0,0.040268456375838924,0.04020977919601599
2002,NAM.7.8_1,Omundaungilo,614,615.6942,14.0,0.02280130293159609,0.02273855989347681
2002,NAM.7.9_1,Ondobe,492,488.147,83.0,0.16869918699186992,0.17003075133228415
2002,NAM.7.10_1,Ongenga,325,317.2369,109.0,0.3353846153846154,0.3435917612400028
2002,NAM.7.11_1,Oshikango,263,261.3174,273.0,1.038022813688213,1.0447065437715797
2002,NAM.8.1_1,Aminius,12925,12976.689,210.0,0.016247582205029015,0.016182864479104553
2002,NAM.8.2_1,Epukiro,11042,11045.2373,79.0,0.007154500996196341,0.007152404038189668
2002,NAM.8.3_1,Gobabis,5664,5663.9481,1807.0,0.3190324858757062,0.31903541167526744
2002,NAM.8.4_1,Kalahari,12259,12228.3118,135.0,0.011012317481034341,0.01103995400977941
2002,NAM.8.5_1,Otjinene,6417,6416.6813,116.0,0.01807698301386941,0.018077880802898138
2002,NAM.8.6_1,Otjombinde,18940,18917.6636,17.0,0.000897571277719113,0.0008986310547442244
2002,NAM.8.7_1,Steinhausen,17495,17494.913,203.0,0.011603315232923692,0.011603372943789483
2002,NAM.9.1_1,Anamulenge,353,354.556,108.0,0.3059490084985836,0.304606296385735
2002,NAM.9.2_1,Elim,446,444.067,95.0,0.21300448430493274,0.21393165985327797
2002,NAM.9.3_1,Etayi,638,645.5953,47.0,0.07366771159874608,0.07280102371910743
2002,NAM.9.4_1,Ogongo,810,806.2305,121.0,0.14938271604938272,0.15008114677414103
2002,NAM.9.5_1,Okahao,9894,9898.584,253.0,0.025571053163533454,0.025559211322731205
2002,NAM.9.6_1,Okalongo,658,658.7623,57.0,0.08662613981762918,0.08652589667307099
2002,NAM.9.7_1,Onesi,602,602.7373,58.0,0.09634551495016612,0.09622766417630646
2002,NAM.9.8_1,Oshikuku,278,277.047,156.0,0.5611510791366906,0.5630813177594144
2002,NAM.9.9_1,Otamanzi,4183,4182.1269,41.0,0.009801577814965335,0.009803624161245804
2002,NAM.9.10_1,Outapi,985,989.2764,223.0,0.2263959390862944,0.22541729262913732
2002,NAM.9.11_1,Ruacana,5383,5383.1524,262.0,0.048671744380456995,0.04867036636507838
2002,NAM.9.12_1,Tsandi,2358,2359.6538,174.0,0.0737913486005089,0.07373963047045388
2002,NAM.10.1_1,Okaku,244,242.0189,31.0,0.12704918032786885,0.12808916097490575
2002,NAM.10.2_1,Okatana,427,425.878,549.0,1.2857142857142858,1.2891015803532564
2002,NAM.10.3_1,Okatyali,557,557.7031,1.0,0.0017953321364452424,0.0017930686679915914
2002,NAM.10.4_1,Ompundja,471,465.5087,0.0,0.0,0.0
2002,NAM.10.5_1,Ondangwa,208,209.0277,1218.0,5.855769230769231,5.82697869974943
2002,NAM.10.6_1,Ongwediva,204,203.8006,1304.0,6.392156862745098,6.398410089166763
2002,NAM.10.7_1,Oshakati East,183,185.9598,1158.0,6.327868852459017,6.227151211732662
2002,NAM.10.8_1,Oshakati West,239,240.7417,930.0,3.8912133891213387,3.8630611476241774
2002,NAM.10.9_1,Uukwiyu,301,299.5269,153.0,0.5083056478405316,0.5108055656562228
2002,NAM.10.10_1,Uuvudhiya,5829,5822.0336,100.0,0.0171556013038257,0.017176128998231736
2002,NAM.11.1_1,Engodi,7796,7803.9972,0.0,0.0,0.0
2002,NAM.11.2_1,Guinas,10214,10209.5563,183.0,0.017916585079302917,0.017924383222191
2002,NAM.11.3_1,Okankolo,3551,3549.9347,29.0,0.008166713601802308,0.008169164399789586
2002,NAM.11.4_1,Olukonda,243,241.1641,357.0,1.4691358024691359,1.4803199639776445
2002,NAM.11.5_1,Omuntele,1794,1797.7673,82.0,0.045707915273132664,0.045612133277232535
2002,NAM.11.6_1,Omuthiyagwipundi,13389,13390.2501,337.0,0.025169915602360145,0.025167565835265426
2002,NAM.11.7_1,Onayena,444,442.996,49.0,0.11036036036036036,0.11061047261998436
2002,NAM.11.8_1,Oniipa,370,372.1193,677.0,1.8297297297297297,1.8193090465389936
2002,NAM.11.9_1,Onyaanya,561,559.5222,106.0,0.1889483065953654,0.18944734616368045
2002,NAM.11.10_1,Tsumeb,276,271.1363,2276.0,8.246376811594203,8.39430215404613
2002,NAM.12.1_1,Grootfontein,11270,11265.5385,2169.0,0.19245785270629992,0.19253407202101844
2002,NAM.12.2_1,Okahandja,5877,5877.3088,1497.0,0.25472179683512,0.2547084132420819
2002,NAM.12.3_1,Okakarara,14636,14639.1748,406.0,0.027739819622847772,0.02773380376225709
2002,NAM.12.4_1,Omatako,26149,26150.3971,555.0,0.02122452101418792,0.021223387060156404
2002,NAM.12.5_1,Otavi,12954,12956.7111,793.0,0.06121661262930369,0.06120380366769467
2002,NAM.12.6_1,Otjiwarongo,5911,5915.0302,1859.0,0.3144983928269328,0.31428410869492773
2002,NAM.12.7_1,Tsumkwe,27835,27828.7869,21.0,0.0007544458415663733,0.0007546142809557925
2002,NAM.13.1_1,Kabe,2157,2150.7444,393.0,0.18219749652294853,0.18272743484564977
2002,NAM.13.2_1,Katima Muliro Rural,1917,1914.9799,434.0,0.22639540949400105,0.22663423603043592
2002,NAM.13.3_1,Katima Muliro Urban,36,36.2162,852.0,23.666666666666668,23.525371028016806
2002,NAM.13.4_1,Kongola,4976,4979.563,0.0,0.0,0.0
2002,NAM.13.5_1,Linyandi,3787,3781.7482,0.0,0.0,0.0
2002,NAM.13.6_1,Sibinda,1669,1668.3867,0.0,0.0,0.0
2003,NAM.1.1_1,Berseba,31769,31765.2657,343.0,0.010796688595800939,0.010797957860286337
2003,NAM.1.2_1,Karas,38202,38195.2388,1534.0,0.04015496570860164,0.04016207378072622
2003,NAM.1.3_1,Keetmanshoop Rural,37919,37919.1022,265.0,0.0069885809224926815,0.006988562093920491
2003,NAM.1.4_1,Keetmanshoop Urban,523,523.9898,1733.0,3.3135755258126194,3.3073163917742376
2003,NAM.1.5_1,Luderitz,48521,48535.4537,1807.0,0.03724160672698419,0.037230516268479556
2003,NAM.1.6_1,Oranjemund,4235,4248.4234,4589.0,1.0835891381345928,1.0801654142563113
2003,NAM.2.1_1,Arandis,13523,13523.4512,2287.0,0.16911927826665682,0.16911363555024436
2003,NAM.2.2_1,Daures,17761,17769.6698,215.0,0.012105174258206182,0.012099268125826984
2003,NAM.2.3_1,Karibib,14543,14537.4955,1385.0,0.09523482087602284,0.0952708809381107
2003,NAM.2.4_1,Omaruru,8425,8425.7831,622.0,0.07382789317507418,0.07382103142464952
2003,NAM.2.5_1,Swakopmund,195,196.7486,1522.0,7.805128205128205,7.735761918384832
2003,NAM.2.6_1,Walvisbay Rural,9130,9138.3767,2948.0,0.3228915662650602,0.32259558880436057
2003,NAM.2.7_1,Walvisbay Urban,24,20.9025,1363.0,56.791666666666664,65.20739352044895
2003,NAM.3.1_1,Gibeon,50470,50450.588,391.0,0.0077471765405191205,0.007750157442978557
2003,NAM.3.2_1,Mariental Rural,41800,41784.703,704.0,0.016842105263157894,0.016848271022741956
2003,NAM.3.3_1,Mariental Urban,5919,5916.3883,1235.0,0.20865010981584728,0.20874221598766363
2003,NAM.3.4_1,Rehoboth East,280,282.7018,502.0,1.792857142857143,1.7757224157240536
2003,NAM.3.5_1,Rehoboth Rural,10934,10933.0921,306.0,0.02798609840863362,0.027988422331908857
2003,NAM.3.6_1,Rehoboth West,320,326.0358,824.0,2.575,2.5273300990295535
2003,NAM.4.1_1,Kahenge,8780,8778.9988,0.0,0.0,0.0
2003,NAM.4.2_1,Kapako,6150,6153.6288,139.0,0.022601626016260163,0.022588297958724808
2003,NAM.4.3_1,Mashare,9307,9291.9774,0.0,0.0,0.0
2003,NAM.4.4_1,Mpungu,8120,8124.596,34.0,0.0041871921182266006,0.004184823486753632
2003,NAM.4.5_1,Mukwe,5506,5520.1333,201.0,0.03650563022157646,0.03641216449108976
2003,NAM.4.6_1,Ndiyona,8130,8137.2961,21.0,0.0025830258302583027,0.0025807098204456086
2003,NAM.4.7_1,Rundu Rural East,589,579.1941,248.0,0.42105263157894735,0.4281811640737104
2003,NAM.4.8_1,Rundu Rural West,2068,2085.5817,544.0,0.26305609284332687,0.2608385011834259
2003,NAM.4.9_1,Rundu Urban,16,15.466,407.0,25.4375,26.315733760138183
2003,NAM.5.1_1,Katutura Central,1,2.0258,63.0,63.0,31.099423384412624
2003,NAM.5.2_1,Katutura East,3,2.5003,189.0,63.0,75.5908747501534
2003,NAM.5.3_1,Khomasdal North,28,25.9498,1186.0,42.357142857142854,45.70361816067958
2003,NAM.5.4_1,Moses Garoeb,35,33.6444,745.0,21.285714285714285,22.14335351825338
2003,NAM.5.5_1,Soweto,3,1.8821,188.0,62.666666666666664,99.88681745844632
2003,NAM.5.6_1,Tobias Hainyeko,21,19.7976,819.0,39.0,41.36875176400743
2003,NAM.5.7_1,Wanaheda,18,19.2191,707.0,39.27777777777778,36.786375633112925
2003,NAM.5.8_1,Windhoek East,168,167.0933,2586.0,15.392857142857142,15.476385393070982
2003,NAM.5.9_1,Windhoek Rural,36601,36593.3945,5428.0,0.14830195896286988,0.14833278189421384
2003,NAM.5.10_1,Windhoek West,211,208.5574,3705.0,17.55924170616114,17.764896401572468
2003,NAM.6.1_1,Epupa,23523,23469.36,1.0,4.2511584406750836e-05,4.26087460261935e-05
2003,NAM.6.2_1,Kamanjab,17123,17116.4228,98.0,0.005723296151375343,0.005725495412449352
2003,NAM.6.3_1,Khorixas,21355,21306.0888,529.0,0.024771716225708264,0.024828583229712327
2003,NAM.6.4_1,Opuwo,25785,25775.8831,237.0,0.009191390343222803,0.009194641322891484
2003,NAM.6.5_1,Outjo,7459,7466.7658,587.0,0.0786968762568709,0.0786150276922213
2003,NAM.6.6_1,Sesfontein,20078,20197.3792,25.0,0.0012451439386393067,0.001237784356934637
2003,NAM.7.1_1,Eenhana,1115,1116.8929,129.0,0.11569506726457399,0.11549899005990766
2003,NAM.7.2_1,Endola,329,327.714,119.0,0.3617021276595745,0.36312148529995575
2003,NAM.7.3_1,Engela,300,295.3584,345.0,1.15,1.1680725092826933
2003,NAM.7.4_1,Epembe,1811,1810.1363,0.0,0.0,0.0
2003,NAM.7.5_1,Ohangwena,166,170.3454,193.0,1.1626506024096386,1.1329919456580406
2003,NAM.7.6_1,Okongo,4639,4650.9389,141.0,0.03039448156930373,0.030316459186440846
2003,NAM.7.7_1,Omulonga,596,596.8697,17.0,0.028523489932885907,0.02848192693051133
2003,NAM.7.8_1,Omundaungilo,614,615.6942,15.0,0.024429967426710098,0.024362742743010864
2003,NAM.7.9_1,Ondobe,492,488.147,84.0,0.17073170731707318,0.17207931460134782
2003,NAM.7.10_1,Ongenga,325,317.2369,103.0,0.3169230769230769,0.32467845328183753
2003,NAM.7.11_1,Oshikango,263,261.3174,271.0,1.0304182509505704,1.0370530159783813
2003,NAM.8.1_1,Aminius,12925,12976.689,254.0,0.01965183752417795,0.019573559893774076
2003,NAM.8.2_1,Epukiro,11042,11045.2373,138.0,0.012497735917406267,0.012494072876837648
2003,NAM.8.3_1,Gobabis,5664,5663.9481,1832.0,0.3234463276836158,0.32344929396186495
2003,NAM.8.4_1,Kalahari,12259,12228.3118,135.0,0.011012317481034341,0.01103995400977941
2003,NAM.8.5_1,Otjinene,6417,6416.6813,118.0,0.018388655134798194,0.018389568402948107
2003,NAM.8.6_1,Otjombinde,18940,18917.6636,21.0,0.001108764519535375,0.0011100736558605124
2003,NAM.8.7_1,Steinhausen,17495,17494.913,179.0,0.01023149471277508,0.010231545600681367
2003,NAM.9.1_1,Anamulenge,353,354.556,109.0,0.3087818696883853,0.3074267250559733
2003,NAM.9.2_1,Elim,446,444.067,89.0,0.19955156950672645,0.20042018659938673
2003,NAM.9.3_1,Etayi,638,645.5953,47.0,0.07366771159874608,0.07280102371910743
2003,NAM.9.4_1,Ogongo,810,806.2305,124.0,0.15308641975308643,0.15380216694209495
2003,NAM.9.5_1,Okahao,9894,9898.584,258.0,0.02607640994542147,0.026064334076144863
2003,NAM.9.6_1,Okalongo,658,658.7623,54.0,0.08206686930091185,0.0819719021113304
2003,NAM.9.7_1,Onesi,602,602.7373,52.0,0.08637873754152824,0.08627307822703338
2003,NAM.9.8_1,Oshikuku,278,277.047,154.0,0.5539568345323741,0.5558623265060886
2003,NAM.9.9_1,Otamanzi,4183,4182.1269,41.0,0.009801577814965335,0.009803624161245804
2003,NAM.9.10_1,Outapi,985,989.2764,226.0,0.22944162436548224,0.22844981226091943
2003,NAM.9.11_1,Ruacana,5383,5383.1524,262.0,0.048671744380456995,0.04867036636507838
2003,NAM.9.12_1,Tsandi,2358,2359.6538,172.0,0.0729431721798134,0.07289204851102338
2003,NAM.10.1_1,Okaku,244,242.0189,34.0,0.13934426229508196,0.14048488623054178
2003,NAM.10.2_1,Okatana,427,425.878,566.0,1.325526932084309,1.3290191156283118
2003,NAM.10.3_1,Okatyali,557,557.7031,2.0,0.003590664272890485,0.0035861373359831828
2003,NAM.10.4_1,Ompundja,471,465.5087,0.0,0.0,0.0
2003,NAM.10.5_1,Ondangwa,208,209.0277,1268.0,6.096153846153846,6.066181437834382
2003,NAM.10.6_1,Ongwediva,204,203.8006,1419.0,6.955882352941177,6.9626870525518685
2003,NAM.10.7_1,Oshakati East,183,185.9598,1175.0,6.420765027322404,6.3185688029239016
2003,NAM.10.8_1,Oshakati West,239,240.7417,945.0,3.9539748953974896,3.9253685854890836
2003,NAM.10.9_1,Uukwiyu,301,299.5269,149.0,0.4950166112956811,0.49745117178285747
2003,NAM.10.10_1,Uuvudhiya,5829,5822.0336,98.0,0.016812489277749185,0.0168326064182671
2003,NAM.11.1_1,Engodi,7796,7803.9972,0.0,0.0,0.0
2003,NAM.11.2_1,Guinas,10214,10209.5563,161.0,0.01576267867632661,0.015769539337556017
2003,NAM.11.3_1,Okankolo,3551,3549.9347,29.0,0.008166713601802308,0.008169164399789586
2003,NAM.11.4_1,Olukonda,243,241.1641,350.0,1.440329218106996,1.451294082331024
2003,NAM.11.5_1,Omuntele,1794,1797.7673,76.0,0.042363433667781496,0.04227466011060576
2003,NAM.11.6_1,Omuthiyagwipundi,13389,13390.2501,343.0,0.025618044663529762,0.025615653060819112
2003,NAM.11.7_1,Onayena,444,442.996,49.0,0.11036036036036036,0.11061047261998436
2003,NAM.11.8_1,Oniipa,370,372.1193,669.0,1.808108108108108,1.7978105644528608
2003,NAM.11.9_1,Onyaanya,561,559.5222,98.0,0.1746880570409982,0.17514943324566684
2003,NAM.11.10_1,Tsumeb,276,271.1363,2265.0,8.206521739130435,8.353732152422884
2003,NAM.12.1_1,Grootfontein,11270,11265.5385,2174.0,0.19290150842945875,0.19297790344568652
2003,NAM.12.2_1,Okahandja,5877,5877.3088,1507.0,0.2564233452441722,0.25640987224837497
2003,NAM.12.3_1,Okakarara,14636,14639.1748,392.0,0.026783274118611644,0.026777465701489603
2003,NAM.12.4_1,Omatako,26149,26150.3971,552.0,0.02110979387357069,0.021108666049020425
2003,NAM.12.5_1,Otavi,12954,12956.7111,825.0,0.06368689207966652,0.06367356623688286
2003,NAM.12.6_1,Otjiwarongo,5911,5915.0302,1868.0,0.31602097783792926,0.31580565628947016
2003,NAM.12.7_1,Tsumkwe,27835,27828.7869,19.0,0.0006825938566552901,0.000682746254198098
2003,NAM.13.1_1,Kabe,2157,2150.7444,400.0,0.1854427445526194,0.18598212198030512
2003,NAM.13.2_1,Katima Muliro Rural,1917,1914.9799,423.0,0.22065727699530516,0.22089005032459538
2003,NAM.13.3_1,Katima Muliro Urban,36,36.2162,852.0,23.666666666666668,23.525371028016806
2003,NAM.13.4_1,Kongola,4976,4979.563,0.0,0.0,0.0
2003,NAM.13.5_1,Linyandi,3787,3781.7482,0.0,0.0,0.0
2003,NAM.13.6_1,Sibinda,1669,1668.3867,0.0,0.0,0.0
2004,NAM.1.1_1,Berseba,31769,31765.2657,314.0,0.009883849035223016,0.009885010985801487
2004,NAM.1.2_1,Karas,38202,38195.2388,1543.0,0.04039055546830009,0.04039770524358576
2004,NAM.1.3_1,Keetmanshoop Rural,37919,37919.1022,266.0,0.007014952925973786,0.00701493402635038
2004,NAM.1.4_1,Keetmanshoop Urban,523,523.9898,1734.0,3.3154875717017207,3.3092248259299066
2004,NAM.1.5_1,Luderitz,48521,48535.4537,1930.0,0.03977659157890398,0.0397647462081713
2004,NAM.1.6_1,Oranjemund,4235,4248.4234,4597.0,1.085478158205431,1.082048465752073
2004,NAM.2.1_1,Arandis,13523,13523.4512,2288.0,0.16919322635509873,0.16918758117138571
2004,NAM.2.2_1,Daures,17761,17769.6698,285.0,0.016046393784133778,0.016038564724933445
2004,NAM.2.3_1,Karibib,14543,14537.4955,1395.0,0.09592243691122877,0.09595875733477577
2004,NAM.2.4_1,Omaruru,8425,8425.7831,679.0,0.08059347181008902,0.08058598124973798
2004,NAM.2.5_1,Swakopmund,195,196.7486,1608.0,8.246153846153845,8.172868045179245
2004,NAM.2.6_1,Walvisbay Rural,9130,9138.3767,2865.0,0.3138006571741512,0.313513012864482
2004,NAM.2.7_1,Walvisbay Urban,24,20.9025,1363.0,56.791666666666664,65.20739352044895
2004,NAM.3.1_1,Gibeon,50470,50450.588,391.0,0.0077471765405191205,0.007750157442978557
2004,NAM.3.2_1,Mariental Rural,41800,41784.703,735.0,0.017583732057416267,0.017590169320618375
2004,NAM.3.3_1,Mariental Urban,5919,5916.3883,1262.0,0.21321169116404798,0.21330581099306195
2004,NAM.3.4_1,Rehoboth East,280,282.7018,505.0,1.8035714285714286,1.7863343026706118
2004,NAM.3.5_1,Rehoboth Rural,10934,10933.0921,186.0,0.017011157856228278,0.017012570437042636
2004,NAM.3.6_1,Rehoboth West,320,326.0358,821.0,2.565625,2.5181286544942516
2004,NAM.4.1_1,Kahenge,8780,8778.9988,0.0,0.0,0.0
2004,NAM.4.2_1,Kapako,6150,6153.6288,106.0,0.017235772357723576,0.017225608515286546
2004,NAM.4.3_1,Mashare,9307,9291.9774,0.0,0.0,0.0
2004,NAM.4.4_1,Mpungu,8120,8124.596,39.0,0.00480295566502463,0.004800238705393872
2004,NAM.4.5_1,Mukwe,5506,5520.1333,164.0,0.029785688339992736,0.02970942774397374
2004,NAM.4.6_1,Ndiyona,8130,8137.2961,0.0,0.0,0.0
2004,NAM.4.7_1,Rundu Rural East,589,579.1941,251.0,0.42614601018675724,0.43336077492944075
2004,NAM.4.8_1,Rundu Rural West,2068,2085.5817,542.0,0.2620889748549323,0.25987953610554565
2004,NAM.4.9_1,Rundu Urban,16,15.466,407.0,25.4375,26.315733760138183
2004,NAM.5.1_1,Katutura Central,1,2.0258,63.0,63.0,31.099423384412624
2004,NAM.5.2_1,Katutura East,3,2.5003,189.0,63.0,75.5908747501534
2004,NAM.5.3_1,Khomasdal North,28,25.9498,1197.0,42.75,46.127513438729736
2004,NAM.5.4_1,Moses Garoeb,35,33.6444,755.0,21.571428571428573,22.440579739974904
2004,NAM.5.5_1,Soweto,3,1.8821,188.0,62.666666666666664,99.88681745844632
2004,NAM.5.6_1,Tobias Hainyeko,21,19.7976,820.0,39.04761904761905,41.41926306042258
2004,NAM.5.7_1,Wanaheda,18,19.2191,719.0,39.94444444444444,37.41075541755048
2004,NAM.5.8_1,Windhoek East,168,167.0933,2593.0,15.43452380952381,15.518278160956324
2004,NAM.5.9_1,Windhoek Rural,36601,36593.3945,5529.0,0.15106144640856808,0.1510928428690325
2004,NAM.5.10_1,Windhoek West,211,208.5574,3707.0,17.56872037914692,17.774486089238632
2004,NAM.6.1_1,Epupa,23523,23469.36,1.0,4.2511584406750836e-05,4.26087460261935e-05
2004,NAM.6.2_1,Kamanjab,17123,17116.4228,130.0,0.007592127547742802,0.007595044934881794
2004,NAM.6.3_1,Khorixas,21355,21306.0888,495.0,0.023179583235776166,0.023232795271658984
2004,NAM.6.4_1,Opuwo,25785,25775.8831,296.0,0.011479542369594725,0.011483602664877128
2004,NAM.6.5_1,Outjo,7459,7466.7658,592.0,0.07936720740045583,0.07928466165893527
2004,NAM.6.6_1,Sesfontein,20078,20197.3792,0.0,0.0,0.0
2004,NAM.7.1_1,Eenhana,1115,1116.8929,136.0,0.12197309417040358,0.12176637711742203
2004,NAM.7.2_1,Endola,329,327.714,147.0,0.44680851063829785,0.4485618347822982
2004,NAM.7.3_1,Engela,300,295.3584,337.0,1.1233333333333333,1.1409867699370078
2004,NAM.7.4_1,Epembe,1811,1810.1363,0.0,0.0,0.0
2004,NAM.7.5_1,Ohangwena,166,170.3454,200.0,1.2048192771084338,1.1740849177803532
2004,NAM.7.6_1,Okongo,4639,4650.9389,141.0,0.03039448156930373,0.030316459186440846
2004,NAM.7.7_1,Omulonga,596,596.8697,14.0,0.02348993288590604,0.023455704531009328
2004,NAM.7.8_1,Omundaungilo,614,615.6942,17.0,0.02768729641693811,0.02761110844207898
2004,NAM.7.9_1,Ondobe,492,488.147,74.0,0.15040650406504066,0.15159368191071118
2004,NAM.7.10_1,Ongenga,325,317.2369,95.0,0.2923076923076923,0.29946070933761715
2004,NAM.7.11_1,Oshikango,263,261.3174,279.0,1.0608365019011408,1.0676671271511746
2004,NAM.8.1_1,Aminius,12925,12976.689,207.0,0.016015473887814314,0.015951680700831628
2004,NAM.8.2_1,Epukiro,11042,11045.2373,163.0,0.014761818511139287,0.014757491876264758
2004,NAM.8.3_1,Gobabis,5664,5663.9481,1837.0,0.3243290960451977,0.32433207041918444
2004,NAM.8.4_1,Kalahari,12259,12228.3118,126.0,0.010278162982298718,0.010303957075794117
2004,NAM.8.5_1,Otjinene,6417,6416.6813,120.0,0.018700327255726974,0.018701256002998073
2004,NAM.8.6_1,Otjombinde,18940,18917.6636,21.0,0.001108764519535375,0.0011100736558605124
2004,NAM.8.7_1,Steinhausen,17495,17494.913,179.0,0.01023149471277508,0.010231545600681367
2004,NAM.9.1_1,Anamulenge,353,354.556,118.0,0.3342776203966006,0.3328105830881179
2004,NAM.9.2_1,Elim,446,444.067,96.0,0.21524663677130046,0.21618357206225985
2004,NAM.9.3_1,Etayi,638,645.5953,48.0,0.07523510971786834,0.0743499816705778
2004,NAM.9.4_1,Ogongo,810,806.2305,119.0,0.1469135802469136,0.14760046666217175
2004,NAM.9.5_1,Okahao,9894,9898.584,243.0,0.024560339599757428,0.02454896581590388
2004,NAM.9.6_1,Okalongo,658,658.7623,46.0,0.06990881458966565,0.06982791661335554
2004,NAM.9.7_1,Onesi,602,602.7373,44.0,0.07308970099667775,0.07300029696133593
2004,NAM.9.8_1,Oshikuku,278,277.047,162.0,0.5827338129496403,0.5847382915193918
2004,NAM.9.9_1,Otamanzi,4183,4182.1269,36.0,0.008606263447286636,0.008608060239142656
2004,NAM.9.10_1,Outapi,985,989.2764,225.0,0.22842639593908629,0.22743897238365873
2004,NAM.9.11_1,Ruacana,5383,5383.1524,278.0,0.051644064647965816,0.05164260247897629
2004,NAM.9.12_1,Tsandi,2358,2359.6538,182.0,0.07718405428329092,0.0771299583081759
2004,NAM.10.1_1,Okaku,244,242.0189,49.0,0.20081967213114754,0.20246351250872197
2004,NAM.10.2_1,Okatana,427,425.878,649.0,1.5199063231850116,1.5239106113829934
2004,NAM.10.3_1,Okatyali,557,557.7031,6.0,0.010771992818671455,0.010758412007949547
2004,NAM.10.4_1,Ompundja,471,465.5087,0.0,0.0,0.0
2004,NAM.10.5_1,Ondangwa,208,209.0277,1363.0,6.552884615384615,6.520666640195791
2004,NAM.10.6_1,Ongwediva,204,203.8006,1497.0,7.338235294117647,7.345414036413071
2004,NAM.10.7_1,Oshakati East,183,185.9598,1216.0,6.644808743169399,6.539046522855714
2004,NAM.10.8_1,Oshakati West,239,240.7417,1010.0,4.2259414225941425,4.195367482903676
2004,NAM.10.9_1,Uukwiyu,301,299.5269,153.0,0.5083056478405316,0.5108055656562228
2004,NAM.10.10_1,Uuvudhiya,5829,5822.0336,93.0,0.0159547092125579,0.015973799968355514
2004,NAM.11.1_1,Engodi,7796,7803.9972,0.0,0.0,0.0
2004,NAM.11.2_1,Guinas,10214,10209.5563,158.0,0.015468964166829842,0.015475696989651245
2004,NAM.11.3_1,Okankolo,3551,3549.9347,26.0,0.007321881160236553,0.0073240784273975595
2004,NAM.11.4_1,Olukonda,243,241.1641,382.0,1.5720164609053497,1.5839838270012891
2004,NAM.11.5_1,Omuntele,1794,1797.7673,94.0,0.05239687848383501,0.05228707961048607
2004,NAM.11.6_1,Omuthiyagwipundi,13389,13390.2501,327.0,0.02442303383374412,0.02442075379267595
2004,NAM.11.7_1,Onayena,444,442.996,51.0,0.11486486486486487,0.11512518578814698
2004,NAM.11.8_1,Oniipa,370,372.1193,676.0,1.827027027027027,1.816621736278227
2004,NAM.11.9_1,Onyaanya,561,559.5222,124.0,0.22103386809269163,0.2216176502292111
2004,NAM.11.10_1,Tsumeb,276,271.1363,2268.0,8.217391304347826,8.364796698320133
2004,NAM.12.1_1,Grootfontein,11270,11265.5385,2227.0,0.19760425909494234,0.1976825165471683
2004,NAM.12.2_1,Okahandja,5877,5877.3088,1542.0,0.262378764675855,0.26236497877040094
2004,NAM.12.3_1,Okakarara,14636,14639.1748,326.0,0.02227384531292703,0.022269014843585743
2004,NAM.12.4_1,Omatako,26149,26150.3971,526.0,0.020115491988221348,0.020114417285841926
2004,NAM.12.5_1,Otavi,12954,12956.7111,849.0,0.06553960166743864,0.065525888163774
2004,NAM.12.6_1,Otjiwarongo,5911,5915.0302,1889.0,0.319573676196921,0.3193559340100691
2004,NAM.12.7_1,Tsumkwe,27835,27828.7869,8.0,0.00028740793964433266,0.0002874721070307781
2004,NAM.13.1_1,Kabe,2157,2150.7444,406.0,0.18822438572090866,0.1887718538100097
2004,NAM.13.2_1,Katima Muliro Rural,1917,1914.9799,414.0,0.215962441314554,0.21619026201981675
2004,NAM.13.3_1,Katima Muliro Urban,36,36.2162,848.0,23.555555555555557,23.414923276711566
2004,NAM.13.4_1,Kongola,4976,4979.563,0.0,0.0,0.0
2004,NAM.13.5_1,Linyandi,3787,3781.7482,0.0,0.0,0.0
2004,NAM.13.6_1,Sibinda,1669,1668.3867,0.0,0.0,0.0
2005,NAM.1.1_1,Berseba,31769,31765.2657,250.0,0.007869306556706222,0.00787023167659354
2005,NAM.1.2_1,Karas,38202,38195.2388,1416.0,0.03706612219255536,0.03707268348990112
2005,NAM.1.3_1,Keetmanshoop Rural,37919,37919.1022,246.0,0.006487512856351697,0.006487495377752606
2005,NAM.1.4_1,Keetmanshoop Urban,523,523.9898,1714.0,3.2772466539196943,3.2710561428165286
2005,NAM.1.5_1,Luderitz,48521,48535.4537,2054.0,0.0423321860637662,0.042319579643307695
2005,NAM.1.6_1,Oranjemund,4235,4248.4234,4554.0,1.0753246753246752,1.0719270639623537
2005,NAM.2.1_1,Arandis,13523,13523.4512,2283.0,0.16882348591288915,0.168817853065679
2005,NAM.2.2_1,Daures,17761,17769.6698,229.0,0.012893418163391701,0.012887127445648277
2005,NAM.2.3_1,Karibib,14543,14537.4955,1348.0,0.09269064154576084,0.09272573827044998
2005,NAM.2.4_1,Omaruru,8425,8425.7831,716.0,0.08498516320474778,0.08497726446953224
2005,NAM.2.5_1,Swakopmund,195,196.7486,1614.0,8.276923076923078,8.203363821467226
2005,NAM.2.6_1,Walvisbay Rural,9130,9138.3767,2630.0,0.28806133625410735,0.2877972858057898
2005,NAM.2.7_1,Walvisbay Urban,24,20.9025,1363.0,56.791666666666664,65.20739352044895
2005,NAM.3.1_1,Gibeon,50470,50450.588,350.0,0.006934812760055479,0.006937481087065205
2005,NAM.3.2_1,Mariental Rural,41800,41784.703,688.0,0.01645933014354067,0.01646535577222509
2005,NAM.3.3_1,Mariental Urban,5919,5916.3883,1257.0,0.21236695387734414,0.21246070080687707
2005,NAM.3.4_1,Rehoboth East,280,282.7018,499.0,1.7821428571428573,1.7651105287774955
2005,NAM.3.5_1,Rehoboth Rural,10934,10933.0921,87.0,0.007956831900493873,0.007957492623778008
2005,NAM.3.6_1,Rehoboth West,320,326.0358,821.0,2.565625,2.5181286544942516
2005,NAM.4.1_1,Kahenge,8780,8778.9988,0.0,0.0,0.0
2005,NAM.4.2_1,Kapako,6150,6153.6288,104.0,0.016910569105691057,0.016900597033866045
2005,NAM.4.3_1,Mashare,9307,9291.9774,0.0,0.0,0.0
2005,NAM.4.4_1,Mpungu,8120,8124.596,62.0,0.007635467980295567,0.007631148711138976
2005,NAM.4.5_1,Mukwe,5506,5520.1333,150.0,0.027243007628042135,0.02717325708290281
2005,NAM.4.6_1,Ndiyona,8130,8137.2961,0.0,0.0,0.0
2005,NAM.4.7_1,Rundu Rural East,589,579.1941,250.0,0.4244482173174873,0.4316342379775306
2005,NAM.4.8_1,Rundu Rural West,2068,2085.5817,545.0,0.2635396518375242,0.26131798372236603
2005,NAM.4.9_1,Rundu Urban,16,15.466,411.0,25.6875,26.57436505016411
2005,NAM.5.1_1,Katutura Central,1,2.0258,63.0,63.0,31.099423384412624
2005,NAM.5.2_1,Katutura East,3,2.5003,189.0,63.0,75.5908747501534
2005,NAM.5.3_1,Khomasdal North,28,25.9498,1197.0,42.75,46.127513438729736
2005,NAM.5.4_1,Moses Garoeb,35,33.6444,762.0,21.771428571428572,22.64863809517997
2005,NAM.5.5_1,Soweto,3,1.8821,188.0,62.666666666666664,99.88681745844632
2005,NAM.5.6_1,Tobias Hainyeko,21,19.7976,823.0,39.19047619047619,41.57079694966803
2005,NAM.5.7_1,Wanaheda,18,19.2191,722.0,40.111111111111114,37.566850363659874
2005,NAM.5.8_1,Windhoek East,168,167.0933,2527.0,15.041666666666666,15.123289206608806
2005,NAM.5.9_1,Windhoek Rural,36601,36593.3945,5425.0,0.14821999398923527,0.14825079988506082
2005,NAM.5.10_1,Windhoek West,211,208.5574,3706.0,17.563981042654028,17.76969124540555
2005,NAM.6.1_1,Epupa,23523,23469.36,2.0,8.502316881350167e-05,8.5217492052387e-05
2005,NAM.6.2_1,Kamanjab,17123,17116.4228,163.0,0.009519359925246744,0.00952301787989025
2005,NAM.6.3_1,Khorixas,21355,21306.0888,490.0,0.022945446031374387,0.022998120571945255
2005,NAM.6.4_1,Opuwo,25785,25775.8831,274.0,0.010626333139422144,0.010630091656001126
2005,NAM.6.5_1,Outjo,7459,7466.7658,586.0,0.0785628100281539,0.0784811008988785
2005,NAM.6.6_1,Sesfontein,20078,20197.3792,1.0,4.980575754557227e-05,4.951137427738548e-05
2005,NAM.7.1_1,Eenhana,1115,1116.8929,145.0,0.13004484304932734,0.12982444619136907
2005,NAM.7.2_1,Endola,329,327.714,162.0,0.49240121580547114,0.4943334505764103
2005,NAM.7.3_1,Engela,300,295.3584,339.0,1.13,1.1477582047734292
2005,NAM.7.4_1,Epembe,1811,1810.1363,0.0,0.0,0.0
2005,NAM.7.5_1,Ohangwena,166,170.3454,199.0,1.1987951807228916,1.1682144931914513
2005,NAM.7.6_1,Okongo,4639,4650.9389,145.0,0.03125673636559603,0.03117650058180087
2005,NAM.7.7_1,Omulonga,596,596.8697,28.0,0.04697986577181208,0.046911409062018655
2005,NAM.7.8_1,Omundaungilo,614,615.6942,30.0,0.048859934853420196,0.04872548548602173
2005,NAM.7.9_1,Ondobe,492,488.147,87.0,0.17682926829268292,0.1782250044085388
2005,NAM.7.10_1,Ongenga,325,317.2369,98.0,0.30153846153846153,0.3089173633166998
2005,NAM.7.11_1,Oshikango,263,261.3174,284.0,1.079847908745247,1.0868009466341706
2005,NAM.8.1_1,Aminius,12925,12976.689,176.0,0.013617021276595745,0.0135627816586781
2005,NAM.8.2_1,Epukiro,11042,11045.2373,129.0,0.01168266618366238,0.011679242037043888
2005,NAM.8.3_1,Gobabis,5664,5663.9481,1804.0,0.3185028248587571,0.31850574580087576
2005,NAM.8.4_1,Kalahari,12259,12228.3118,130.0,0.010604453870625663,0.010631066824232024
2005,NAM.8.5_1,Otjinene,6417,6416.6813,99.0,0.015427769985974754,0.015428536202473411
2005,NAM.8.6_1,Otjombinde,18940,18917.6636,34.0,0.001795142555438226,0.001797262109488449
2005,NAM.8.7_1,Steinhausen,17495,17494.913,195.0,0.011146041726207487,0.011146097162753443
2005,NAM.9.1_1,Anamulenge,353,354.556,146.0,0.41359773371104813,0.4117825858547899
2005,NAM.9.2_1,Elim,446,444.067,71.0,0.1591928251121076,0.15988576683771302
2005,NAM.9.3_1,Etayi,638,645.5953,56.0,0.0877742946708464,0.08674164528234077
2005,NAM.9.4_1,Ogongo,810,806.2305,113.0,0.13950617283950617,0.14015842632626394
2005,NAM.9.5_1,Okahao,9894,9898.584,241.0,0.024358196887002224,0.024346916714538418
2005,NAM.9.6_1,Okalongo,658,658.7623,56.0,0.0851063829787234,0.08500789848582413
2005,NAM.9.7_1,Onesi,602,602.7373,33.0,0.054817275747508304,0.054750222721001954
2005,NAM.9.8_1,Oshikuku,278,277.047,165.0,0.5935251798561151,0.5955667783993805
2005,NAM.9.9_1,Otamanzi,4183,4182.1269,34.0,0.008128137700215157,0.008129834670301397
2005,NAM.9.10_1,Outapi,985,989.2764,264.0,0.26802030456852793,0.26686172759682625
2005,NAM.9.11_1,Ruacana,5383,5383.1524,267.0,0.0496005944640535,0.04959919015067148
2005,NAM.9.12_1,Tsandi,2358,2359.6538,187.0,0.07930449533502969,0.07924891320675216
2005,NAM.10.1_1,Okaku,244,242.0189,57.0,0.2336065573770492,0.23551877985708475
2005,NAM.10.2_1,Okatana,427,425.878,747.0,1.7494145199063231,1.7540234617921358
2005,NAM.10.3_1,Okatyali,557,557.7031,4.0,0.00718132854578097,0.0071722746719663655
2005,NAM.10.4_1,Ompundja,471,465.5087,0.0,0.0,0.0
2005,NAM.10.5_1,Ondangwa,208,209.0277,1510.0,7.259615384615385,7.2239226901655496
2005,NAM.10.6_1,Ongwediva,204,203.8006,1589.0,7.78921568627451,7.796835607121155
2005,NAM.10.7_1,Oshakati East,183,185.9598,1240.0,6.775956284153006,6.668106651596288
2005,NAM.10.8_1,Oshakati West,239,240.7417,1045.0,4.372384937238493,4.340751504588457
2005,NAM.10.9_1,Uukwiyu,301,299.5269,163.0,0.5415282392026578,0.5441915503396361
2005,NAM.10.10_1,Uuvudhiya,5829,5822.0336,96.0,0.016469377251672673,0.016489083838302467
2005,NAM.11.1_1,Engodi,7796,7803.9972,0.0,0.0,0.0
2005,NAM.11.2_1,Guinas,10214,10209.5563,233.0,0.02281182690424907,0.022821755687270507
2005,NAM.11.3_1,Okankolo,3551,3549.9347,23.0,0.006477048718670797,0.0064789924550055335
2005,NAM.11.4_1,Olukonda,243,241.1641,376.0,1.5473251028806585,1.5591044998756145
2005,NAM.11.5_1,Omuntele,1794,1797.7673,84.0,0.046822742474916385,0.046724624332774786
2005,NAM.11.6_1,Omuthiyagwipundi,13389,13390.2501,424.0,0.03166778698931959,0.03166483060579389
2005,NAM.11.7_1,Onayena,444,442.996,69.0,0.1554054054054054,0.15575760430161062
2005,NAM.11.8_1,Oniipa,370,372.1193,740.0,2.0,1.98860959296729
2005,NAM.11.9_1,Onyaanya,561,559.5222,115.0,0.20499108734402852,0.20553249819644578
2005,NAM.11.10_1,Tsumeb,276,271.1363,2299.0,8.329710144927537,8.47913033925837
2005,NAM.12.1_1,Grootfontein,11270,11265.5385,2207.0,0.195829636202307,0.19590719084849592
2005,NAM.12.2_1,Okahandja,5877,5877.3088,1481.0,0.25199931938063636,0.25198607883201285
2005,NAM.12.3_1,Okakarara,14636,14639.1748,284.0,0.01940420880021864,0.019400000661283286
2005,NAM.12.4_1,Omatako,26149,26150.3971,486.0,0.018585796779991587,0.01858480380402885
2005,NAM.12.5_1,Otavi,12954,12956.7111,795.0,0.061371005094951366,0.06135816382826893
2005,NAM.12.6_1,Otjiwarongo,5911,5915.0302,1884.0,0.31872779563525633,0.3185106297908789
2005,NAM.12.7_1,Tsumkwe,27835,27828.7869,17.0,0.0006107418717442069,0.0006108782274404035
2005,NAM.13.1_1,Kabe,2157,2150.7444,446.0,0.2067686601761706,0.2073700660080402
2005,NAM.13.2_1,Katima Muliro Rural,1917,1914.9799,409.0,0.21335419926969224,0.21357926851716197
2005,NAM.13.3_1,Katima Muliro Urban,36,36.2162,848.0,23.555555555555557,23.414923276711566
2005,NAM.13.4_1,Kongola,4976,4979.563,0.0,0.0,0.0
2005,NAM.13.5_1,Linyandi,3787,3781.7482,0.0,0.0,0.0
2005,NAM.13.6_1,Sibinda,1669,1668.3867,0.0,0.0,0.0
2006,NAM.1.1_1,Berseba,31769,31765.2657,225.0,0.0070823759010356,0.007083208508934186
2006,NAM.1.2_1,Karas,38202,38195.2388,1354.0,0.03544317051463274,0.0354494445235354
2006,NAM.1.3_1,Keetmanshoop Rural,37919,37919.1022,208.0,0.005485376724069728,0.005485361945416838
2006,NAM.1.4_1,Keetmanshoop Urban,523,523.9898,1715.0,3.2791586998087956,3.272964576972197
2006,NAM.1.5_1,Luderitz,48521,48535.4537,1846.0,0.03804538241173925,0.03803405259082084
2006,NAM.1.6_1,Oranjemund,4235,4248.4234,4547.0,1.0736717827626918,1.0702793939035622
2006,NAM.2.1_1,Arandis,13523,13523.4512,2447.0,0.18095097241736302,0.18094493493285876
2006,NAM.2.2_1,Daures,17761,17769.6698,207.0,0.011654749169528742,0.011649062800214818
2006,NAM.2.3_1,Karibib,14543,14537.4955,1324.0,0.09104036306126659,0.09107483491845385
2006,NAM.2.4_1,Omaruru,8425,8425.7831,711.0,0.08439169139465875,0.0843838478182087
2006,NAM.2.5_1,Swakopmund,195,196.7486,1571.0,8.056410256410256,7.9848107580700205
2006,NAM.2.6_1,Walvisbay Rural,9130,9138.3767,2555.0,0.27984665936473163,0.2795901388721646
2006,NAM.2.7_1,Walvisbay Urban,24,20.9025,1363.0,56.791666666666664,65.20739352044895
2006,NAM.3.1_1,Gibeon,50470,50450.588,326.0,0.006459282742223103,0.006461768098237877
2006,NAM.3.2_1,Mariental Rural,41800,41784.703,656.0,0.01569377990430622,0.015699525271191367
2006,NAM.3.3_1,Mariental Urban,5919,5916.3883,1247.0,0.2106774793039365,0.21077048043450733
2006,NAM.3.4_1,Rehoboth East,280,282.7018,490.0,1.75,1.7332748679378214
2006,NAM.3.5_1,Rehoboth Rural,10934,10933.0921,81.0,0.0074080848728736055,0.007408700029034697
2006,NAM.3.6_1,Rehoboth West,320,326.0358,819.0,2.559375,2.511994358137384
2006,NAM.4.1_1,Kahenge,8780,8778.9988,0.0,0.0,0.0
2006,NAM.4.2_1,Kapako,6150,6153.6288,106.0,0.017235772357723576,0.017225608515286546
2006,NAM.4.3_1,Mashare,9307,9291.9774,0.0,0.0,0.0
2006,NAM.4.4_1,Mpungu,8120,8124.596,74.0,0.009113300492610837,0.009108145235875552
2006,NAM.4.5_1,Mukwe,5506,5520.1333,182.0,0.033054849255357795,0.032970218593922074
2006,NAM.4.6_1,Ndiyona,8130,8137.2961,8.0,0.0009840098400984009,0.0009831275506459462
2006,NAM.4.7_1,Rundu Rural East,589,579.1941,251.0,0.42614601018675724,0.43336077492944075
2006,NAM.4.8_1,Rundu Rural West,2068,2085.5817,541.0,0.261605415860735,0.25940005356660556
2006,NAM.4.9_1,Rundu Urban,16,15.466,411.0,25.6875,26.57436505016411
2006,NAM.5.1_1,Katutura Central,1,2.0258,63.0,63.0,31.099423384412624
2006,NAM.5.2_1,Katutura East,3,2.5003,189.0,63.0,75.5908747501534
2006,NAM.5.3_1,Khomasdal North,28,25.9498,1208.0,43.142857142857146,46.55140871677988
2006,NAM.5.4_1,Moses Garoeb,35,33.6444,765.0,21.857142857142858,22.737805961696427
2006,NAM.5.5_1,Soweto,3,1.8821,188.0,62.666666666666664,99.88681745844632
2006,NAM.5.6_1,Tobias Hainyeko,21,19.7976,823.0,39.19047619047619,41.57079694966803
2006,NAM.5.7_1,Wanaheda,18,19.2191,756.0,42.0,39.33592641956629
2006,NAM.5.8_1,Windhoek East,168,167.0933,2527.0,15.041666666666666,15.123289206608806
2006,NAM.5.9_1,Windhoek Rural,36601,36593.3945,5506.0,0.15043304827736947,0.1504643141321926
2006,NAM.5.10_1,Windhoek West,211,208.5574,3697.0,17.52132701421801,17.7265376509078
2006,NAM.6.1_1,Epupa,23523,23469.36,0.0,0.0,0.0
2006,NAM.6.2_1,Kamanjab,17123,17116.4228,157.0,0.009168954038427846,0.009172477344434167
2006,NAM.6.3_1,Khorixas,21355,21306.0888,491.0,0.022992273472254743,0.023045055511888003
2006,NAM.6.4_1,Opuwo,25785,25775.8831,266.0,0.010316075237541206,0.010319724016409852
2006,NAM.6.5_1,Outjo,7459,7466.7658,585.0,0.07842874379943693,0.0783471741055357
2006,NAM.6.6_1,Sesfontein,20078,20197.3792,1.0,4.980575754557227e-05,4.951137427738548e-05
2006,NAM.7.1_1,Eenhana,1115,1116.8929,158.0,0.14170403587443947,0.14146387929818147
2006,NAM.7.2_1,Endola,329,327.714,171.0,0.5197568389057751,0.5217964200528775
2006,NAM.7.3_1,Engela,300,295.3584,353.0,1.1766666666666667,1.195158248628379
2006,NAM.7.4_1,Epembe,1811,1810.1363,0.0,0.0,0.0
2006,NAM.7.5_1,Ohangwena,166,170.3454,213.0,1.283132530120482,1.250400437436076
2006,NAM.7.6_1,Okongo,4639,4650.9389,132.0,0.028454408277646046,0.028381366046880793
2006,NAM.7.7_1,Omulonga,596,596.8697,24.0,0.040268456375838924,0.04020977919601599
2006,NAM.7.8_1,Omundaungilo,614,615.6942,34.0,0.05537459283387622,0.05522221688415796
2006,NAM.7.9_1,Ondobe,492,488.147,103.0,0.20934959349593496,0.21100201671355745
2006,NAM.7.10_1,Ongenga,325,317.2369,102.0,0.31384615384615383,0.32152623528880997
2006,NAM.7.11_1,Oshikango,263,261.3174,291.0,1.1064638783269962,1.113588293910365
2006,NAM.8.1_1,Aminius,12925,12976.689,198.0,0.015319148936170212,0.015258129366012863
2006,NAM.8.2_1,Epukiro,11042,11045.2373,92.0,0.00833182394493751,0.008329381917891765
2006,NAM.8.3_1,Gobabis,5664,5663.9481,1783.0,0.314795197740113,0.31479808468013387
2006,NAM.8.4_1,Kalahari,12259,12228.3118,107.0,0.008728281262745738,0.00875018577071405
2006,NAM.8.5_1,Otjinene,6417,6416.6813,95.0,0.01480442574411719,0.014805161002373475
2006,NAM.8.6_1,Otjombinde,18940,18917.6636,27.0,0.0014255543822597678,0.0014272375575349447
2006,NAM.8.7_1,Steinhausen,17495,17494.913,196.0,0.011203200914547013,0.01120325663538295
2006,NAM.9.1_1,Anamulenge,353,354.556,137.0,0.3881019830028329,0.38639872782264534
2006,NAM.9.2_1,Elim,446,444.067,54.0,0.1210762331838565,0.12160325928502116
2006,NAM.9.3_1,Etayi,638,645.5953,55.0,0.08620689655172414,0.08519268733087039
2006,NAM.9.4_1,Ogongo,810,806.2305,99.0,0.12222222222222222,0.12279366554247902
2006,NAM.9.5_1,Okahao,9894,9898.584,238.0,0.024054982817869417,0.024043843062490224
2006,NAM.9.6_1,Okalongo,658,658.7623,55.0,0.08358662613981763,0.08348990029857727
2006,NAM.9.7_1,Onesi,602,602.7373,12.0,0.019933554817275746,0.019909171898546164
2006,NAM.9.8_1,Oshikuku,278,277.047,154.0,0.5539568345323741,0.5558623265060886
2006,NAM.9.9_1,Otamanzi,4183,4182.1269,32.0,0.007650011953143677,0.007651609101460139
2006,NAM.9.10_1,Outapi,985,989.2764,299.0,0.3035532994923858,0.30224112330095093
2006,NAM.9.11_1,Ruacana,5383,5383.1524,257.0,0.04774289429686049,0.04774154257948528
2006,NAM.9.12_1,Tsandi,2358,2359.6538,181.0,0.07675996607294318,0.07670616732846065
2006,NAM.10.1_1,Okaku,244,242.0189,97.0,0.3975409836065574,0.4007951165988986
2006,NAM.10.2_1,Okatana,427,425.878,749.0,1.7540983606557377,1.7587196424127305
2006,NAM.10.3_1,Okatyali,557,557.7031,1.0,0.0017953321364452424,0.0017930686679915914
2006,NAM.10.4_1,Ompundja,471,465.5087,0.0,0.0,0.0
2006,NAM.10.5_1,Ondangwa,208,209.0277,1629.0,7.831730769230769,7.793225206807736
2006,NAM.10.6_1,Ongwediva,204,203.8006,1584.0,7.764705882352941,7.772301826104411
2006,NAM.10.7_1,Oshakati East,183,185.9598,1240.0,6.775956284153006,6.668106651596288
2006,NAM.10.8_1,Oshakati West,239,240.7417,1058.0,4.426778242677824,4.3947512840713765
2006,NAM.10.9_1,Uukwiyu,301,299.5269,156.0,0.5182724252491694,0.5208213610612468
2006,NAM.10.10_1,Uuvudhiya,5829,5822.0336,92.0,0.01578315319951964,0.0158020386783732
2006,NAM.11.1_1,Engodi,7796,7803.9972,0.0,0.0,0.0
2006,NAM.11.2_1,Guinas,10214,10209.5563,229.0,0.02242020755825338,0.022429965890064147
2006,NAM.11.3_1,Okankolo,3551,3549.9347,0.0,0.0,0.0
2006,NAM.11.4_1,Olukonda,243,241.1641,381.0,1.5679012345679013,1.5798372724803433
2006,NAM.11.5_1,Omuntele,1794,1797.7673,95.0,0.052954292084726864,0.0528433251382572
2006,NAM.11.6_1,Omuthiyagwipundi,13389,13390.2501,376.0,0.028082754499962656,0.028080132801364392
2006,NAM.11.7_1,Onayena,444,442.996,80.0,0.18018018018018017,0.18058852672650505
2006,NAM.11.8_1,Oniipa,370,372.1193,764.0,2.0648648648648646,2.0531050392256884
2006,NAM.11.9_1,Onyaanya,561,559.5222,112.0,0.19964349376114082,0.20017078085219067
2006,NAM.11.10_1,Tsumeb,276,271.1363,2288.0,8.289855072463768,8.438560337635124
2006,NAM.12.1_1,Grootfontein,11270,11265.5385,2125.0,0.18855368234250222,0.18862835548393922
2006,NAM.12.2_1,Okahandja,5877,5877.3088,1463.0,0.24893653224434234,0.24892345262068521
2006,NAM.12.3_1,Okakarara,14636,14639.1748,281.0,0.019199234763596612,0.01919507107683311
2006,NAM.12.4_1,Omatako,26149,26150.3971,491.0,0.018777008681020307,0.018776005489255485
2006,NAM.12.5_1,Otavi,12954,12956.7111,694.0,0.05357418557974371,0.05356297571926873
2006,NAM.12.6_1,Otjiwarongo,5911,5915.0302,1888.0,0.31940450008458804,0.31918687316623107
2006,NAM.12.7_1,Tsumkwe,27835,27828.7869,2.0,7.185198491108317e-05,7.186802675769453e-05
2006,NAM.13.1_1,Kabe,2157,2150.7444,430.0,0.19935095039406583,0.19993078112882798
2006,NAM.13.2_1,Katima Muliro Rural,1917,1914.9799,403.0,0.2102243088158581,0.21044607631397622
2006,NAM.13.3_1,Katima Muliro Urban,36,36.2162,848.0,23.555555555555557,23.414923276711566
2006,NAM.13.4_1,Kongola,4976,4979.563,0.0,0.0,0.0
2006,NAM.13.5_1,Linyandi,3787,3781.7482,0.0,0.0,0.0
2006,NAM.13.6_1,Sibinda,1669,1668.3867,0.0,0.0,0.0
2007,NAM.1.1_1,Berseba,31769,31765.2657,197.0,0.006201013566684504,0.006201742561155709
2007,NAM.1.2_1,Karas,38202,38195.2388,1292.0,0.03382021883671012,0.03382620555716967
2007,NAM.1.3_1,Keetmanshoop Rural,37919,37919.1022,224.0,0.005907328779767399,0.005907312864295056
2007,NAM.1.4_1,Keetmanshoop Urban,523,523.9898,1719.0,3.286806883365201,3.280598313594873
2007,NAM.1.5_1,Luderitz,48521,48535.4537,1784.0,0.036767585169308135,0.03675663587325265
2007,NAM.1.6_1,Oranjemund,4235,4248.4234,4540.0,1.0720188902007084,1.0686317238447707
2007,NAM.2.1_1,Arandis,13523,13523.4512,2799.0,0.20698069954891665,0.2069737935746104
2007,NAM.2.2_1,Daures,17761,17769.6698,189.0,0.010641292720004504,0.010636100817587441
2007,NAM.2.3_1,Karibib,14543,14537.4955,1354.0,0.09310321116688441,0.09313846410844902
2007,NAM.2.4_1,Omaruru,8425,8425.7831,734.0,0.08712166172106825,0.08711356441429702
2007,NAM.2.5_1,Swakopmund,195,196.7486,1562.0,8.01025641025641,7.939067093638047
2007,NAM.2.6_1,Walvisbay Rural,9130,9138.3767,2502.0,0.27404162102957286,0.27379042170573614
2007,NAM.2.7_1,Walvisbay Urban,24,20.9025,1363.0,56.791666666666664,65.20739352044895
2007,NAM.3.1_1,Gibeon,50470,50450.588,278.0,0.005508222706558352,0.00551034212058322
2007,NAM.3.2_1,Mariental Rural,41800,41784.703,605.0,0.014473684210526316,0.014478982910168867
2007,NAM.3.3_1,Mariental Urban,5919,5916.3883,1254.0,0.21186011150532186,0.21195363469516615
2007,NAM.3.4_1,Rehoboth East,280,282.7018,488.0,1.7428571428571429,1.7262002766401159
2007,NAM.3.5_1,Rehoboth Rural,10934,10933.0921,74.0,0.006767880007316627,0.006768442001834168
2007,NAM.3.6_1,Rehoboth West,320,326.0358,819.0,2.559375,2.511994358137384
2007,NAM.4.1_1,Kahenge,8780,8778.9988,0.0,0.0,0.0
2007,NAM.4.2_1,Kapako,6150,6153.6288,123.0,0.02,0.019988206107360802
2007,NAM.4.3_1,Mashare,9307,9291.9774,0.0,0.0,0.0
2007,NAM.4.4_1,Mpungu,8120,8124.596,95.0,0.011699507389162561,0.01169288915416456
2007,NAM.4.5_1,Mukwe,5506,5520.1333,193.0,0.03505266981474755,0.03496292411333495
2007,NAM.4.6_1,Ndiyona,8130,8137.2961,19.0,0.0023370233702337023,0.002334927932784122
2007,NAM.4.7_1,Rundu Rural East,589,579.1941,260.0,0.44142614601018676,0.4488996074966318
2007,NAM.4.8_1,Rundu Rural West,2068,2085.5817,575.0,0.27804642166344296,0.2757024598905697
2007,NAM.4.9_1,Rundu Urban,16,15.466,411.0,25.6875,26.57436505016411
2007,NAM.5.1_1,Katutura Central,1,2.0258,63.0,63.0,31.099423384412624
2007,NAM.5.2_1,Katutura East,3,2.5003,189.0,63.0,75.5908747501534
2007,NAM.5.3_1,Khomasdal North,28,25.9498,1223.0,43.67857142857143,47.12944773230281
2007,NAM.5.4_1,Moses Garoeb,35,33.6444,768.0,21.942857142857143,22.826973828212882
2007,NAM.5.5_1,Soweto,3,1.8821,188.0,62.666666666666664,99.88681745844632
2007,NAM.5.6_1,Tobias Hainyeko,21,19.7976,823.0,39.19047619047619,41.57079694966803
2007,NAM.5.7_1,Wanaheda,18,19.2191,764.0,42.44444444444444,39.75217960919134
2007,NAM.5.8_1,Windhoek East,168,167.0933,2524.0,15.023809523809524,15.105335163229373
2007,NAM.5.9_1,Windhoek Rural,36601,36593.3945,5422.0,0.14813802901560066,0.1481688178759078
2007,NAM.5.10_1,Windhoek West,211,208.5574,3673.0,17.407582938388625,17.61146139891381
2007,NAM.6.1_1,Epupa,23523,23469.36,0.0,0.0,0.0
2007,NAM.6.2_1,Kamanjab,17123,17116.4228,149.0,0.00870174618933598,0.008705089963826056
2007,NAM.6.3_1,Khorixas,21355,21306.0888,462.0,0.02163427768672442,0.021683942253548385
2007,NAM.6.4_1,Opuwo,25785,25775.8831,273.0,0.010587550901687027,0.010591295701052217
2007,NAM.6.5_1,Outjo,7459,7466.7658,584.0,0.07829467757071994,0.07821324731219291
2007,NAM.6.6_1,Sesfontein,20078,20197.3792,0.0,0.0,0.0
2007,NAM.7.1_1,Eenhana,1115,1116.8929,158.0,0.14170403587443947,0.14146387929818147
2007,NAM.7.2_1,Endola,329,327.714,141.0,0.42857142857142855,0.43025318846465344
2007,NAM.7.3_1,Engela,300,295.3584,375.0,1.25,1.2696440318290145
2007,NAM.7.4_1,Epembe,1811,1810.1363,0.0,0.0,0.0
2007,NAM.7.5_1,Ohangwena,166,170.3454,225.0,1.355421686746988,1.3208455325028972
2007,NAM.7.6_1,Okongo,4639,4650.9389,129.0,0.027807717180426815,0.027736335000360775
2007,NAM.7.7_1,Omulonga,596,596.8697,39.0,0.06543624161073826,0.06534089119352599
2007,NAM.7.8_1,Omundaungilo,614,615.6942,34.0,0.05537459283387622,0.05522221688415796
2007,NAM.7.9_1,Ondobe,492,488.147,123.0,0.25,0.2519732820948307
2007,NAM.7.10_1,Ongenga,325,317.2369,94.0,0.28923076923076924,0.2963084913445896
2007,NAM.7.11_1,Oshikango,263,261.3174,322.0,1.2243346007604563,1.23221797470494
2007,NAM.8.1_1,Aminius,12925,12976.689,260.0,0.02011605415860735,0.02003592745031992
2007,NAM.8.2_1,Epukiro,11042,11045.2373,99.0,0.008965767071182757,0.008963139237731356
2007,NAM.8.3_1,Gobabis,5664,5663.9481,1756.0,0.3100282485875706,0.31003109181060856
2007,NAM.8.4_1,Kalahari,12259,12228.3118,63.0,0.005139081491149359,0.005151978537897058
2007,NAM.8.5_1,Otjinene,6417,6416.6813,85.0,0.013246065139473275,0.013246723002123637
2007,NAM.8.6_1,Otjombinde,18940,18917.6636,18.0,0.0009503695881731784,0.0009514917050232964
2007,NAM.8.7_1,Steinhausen,17495,17494.913,188.0,0.01074592740783081,0.01074598085434691
2007,NAM.9.1_1,Anamulenge,353,354.556,132.0,0.37393767705382436,0.3722965844714539
2007,NAM.9.2_1,Elim,446,444.067,0.0,0.0,0.0
2007,NAM.9.3_1,Etayi,638,645.5953,52.0,0.08150470219435736,0.08054581347645928
2007,NAM.9.4_1,Ogongo,810,806.2305,91.0,0.11234567901234568,0.11287094509460192
2007,NAM.9.5_1,Okahao,9894,9898.584,235.0,0.023751768748736607,0.023740769410442026
2007,NAM.9.6_1,Okalongo,658,658.7623,49.0,0.07446808510638298,0.07438191117509611
2007,NAM.9.7_1,Onesi,602,602.7373,12.0,0.019933554817275746,0.019909171898546164
2007,NAM.9.8_1,Oshikuku,278,277.047,139.0,0.5,0.5017198921061449
2007,NAM.9.9_1,Otamanzi,4183,4182.1269,0.0,0.0,0.0
2007,NAM.9.10_1,Outapi,985,989.2764,305.0,0.3096446700507614,0.30830616256451515
2007,NAM.9.11_1,Ruacana,5383,5383.1524,267.0,0.0496005944640535,0.04959919015067148
2007,NAM.9.12_1,Tsandi,2358,2359.6538,177.0,0.07506361323155217,0.07501100340959964
2007,NAM.10.1_1,Okaku,244,242.0189,66.0,0.27049180327868855,0.27270595562399286
2007,NAM.10.2_1,Okatana,427,425.878,675.0,1.5807962529274004,1.5849609594507252
2007,NAM.10.3_1,Okatyali,557,557.7031,0.0,0.0,0.0
2007,NAM.10.4_1,Ompundja,471,465.5087,0.0,0.0,0.0
2007,NAM.10.5_1,Ondangwa,208,209.0277,1596.0,7.673076923076923,7.635351399671667
2007,NAM.10.6_1,Ongwediva,204,203.8006,1550.0,7.598039215686274,7.605472115190554
2007,NAM.10.7_1,Oshakati East,183,185.9598,1196.0,6.53551912568306,6.431496415571903
2007,NAM.10.8_1,Oshakati West,239,240.7417,1041.0,4.355648535564853,4.324136187824482
2007,NAM.10.9_1,Uukwiyu,301,299.5269,144.0,0.47840531561461797,0.48075817944115085
2007,NAM.10.10_1,Uuvudhiya,5829,5822.0336,85.0,0.014582261108251844,0.014599709648496976
2007,NAM.11.1_1,Engodi,7796,7803.9972,0.0,0.0,0.0
2007,NAM.11.2_1,Guinas,10214,10209.5563,229.0,0.02242020755825338,0.022429965890064147
2007,NAM.11.3_1,Okankolo,3551,3549.9347,0.0,0.0,0.0
2007,NAM.11.4_1,Olukonda,243,241.1641,328.0,1.3497942386831276,1.360069882870217
2007,NAM.11.5_1,Omuntele,1794,1797.7673,86.0,0.04793756967670011,0.047837115388317045
2007,NAM.11.6_1,Omuthiyagwipundi,13389,13390.2501,367.0,0.02741056090820823,0.027408001963033862
2007,NAM.11.7_1,Onayena,444,442.996,39.0,0.08783783783783784,0.08803690677917121
2007,NAM.11.8_1,Oniipa,370,372.1193,732.0,1.9783783783783784,1.967111110881157
2007,NAM.11.9_1,Onyaanya,561,559.5222,92.0,0.16399286987522282,0.16442599855715662
2007,NAM.11.10_1,Tsumeb,276,271.1363,2256.0,8.173913043478262,8.320538514731137
2007,NAM.12.1_1,Grootfontein,11270,11265.5385,2110.0,0.18722271517302574,0.18729686120993494
2007,NAM.12.2_1,Okahandja,5877,5877.3088,1417.0,0.24110940956270205,0.2410967411917368
2007,NAM.12.3_1,Okakarara,14636,14639.1748,310.0,0.02118065045094288,0.021176057059851473
2007,NAM.12.4_1,Omatako,26149,26150.3971,503.0,0.019235917243489234,0.01923488953379941
2007,NAM.12.5_1,Otavi,12954,12956.7111,589.0,0.0454685811332407,0.045459067289120005
2007,NAM.12.6_1,Otjiwarongo,5911,5915.0302,1883.0,0.31855861952292336,0.31834156894704085
2007,NAM.12.7_1,Tsumkwe,27835,27828.7869,0.0,0.0,0.0
2007,NAM.13.1_1,Kabe,2157,2150.7444,392.0,0.18173388966156698,0.182262479540699
2007,NAM.13.2_1,Katima Muliro Rural,1917,1914.9799,376.0,0.1961398017736046,0.19634671139964036
2007,NAM.13.3_1,Katima Muliro Urban,36,36.2162,853.0,23.694444444444443,23.552982965843118
2007,NAM.13.4_1,Kongola,4976,4979.563,0.0,0.0,0.0
2007,NAM.13.5_1,Linyandi,3787,3781.7482,0.0,0.0,0.0
2007,NAM.13.6_1,Sibinda,1669,1668.3867,0.0,0.0,0.0
2008,NAM.1.1_1,Berseba,31769,31765.2657,168.0,0.005288174006106582,0.005288795686670859
2008,NAM.1.2_1,Karas,38202,38195.2388,1273.0,0.033322862677346736,0.03332876135779953
2008,NAM.1.3_1,Keetmanshoop Rural,37919,37919.1022,216.0,0.005696352751918563,0.0056963374048559475
2008,NAM.1.4_1,Keetmanshoop Urban,523,523.9898,1712.0,3.273422562141491,3.2672392745051906
2008,NAM.1.5_1,Luderitz,48521,48535.4537,1723.0,0.03551039755981946,0.035499822651129095
2008,NAM.1.6_1,Oranjemund,4235,4248.4234,4317.0,1.019362455726092,1.016141663400413
2008,NAM.2.1_1,Arandis,13523,13523.4512,2928.0,0.21652000295792354,0.21651277870184327
2008,NAM.2.2_1,Daures,17761,17769.6698,173.0,0.009740442542649625,0.009735690166363109
2008,NAM.2.3_1,Karibib,14543,14537.4955,1300.0,0.08939008457677233,0.0894239315664577
2008,NAM.2.4_1,Omaruru,8425,8425.7831,688.0,0.08166172106824926,0.08165413122212037
2008,NAM.2.5_1,Swakopmund,195,196.7486,1535.0,7.871794871794871,7.801836100342127
2008,NAM.2.6_1,Walvisbay Rural,9130,9138.3767,2406.0,0.26352683461117193,0.2632852736306959
2008,NAM.2.7_1,Walvisbay Urban,24,20.9025,1363.0,56.791666666666664,65.20739352044895
2008,NAM.3.1_1,Gibeon,50470,50450.588,288.0,0.005706360213988508,0.00570855586592794
2008,NAM.3.2_1,Mariental Rural,41800,41784.703,585.0,0.013995215311004785,0.014000338847022788
2008,NAM.3.3_1,Mariental Urban,5919,5916.3883,1243.0,0.2100016894745734,0.21009439228555943
2008,NAM.3.4_1,Rehoboth East,280,282.7018,492.0,1.7571428571428571,1.7403494592355266
2008,NAM.3.5_1,Rehoboth Rural,10934,10933.0921,70.0,0.006402048655569782,0.006402580272005294
2008,NAM.3.6_1,Rehoboth West,320,326.0358,810.0,2.53125,2.4843900245314785
2008,NAM.4.1_1,Kahenge,8780,8778.9988,0.0,0.0,0.0
2008,NAM.4.2_1,Kapako,6150,6153.6288,136.0,0.022113821138211382,0.022100780736594057
2008,NAM.4.3_1,Mashare,9307,9291.9774,0.0,0.0,0.0
2008,NAM.4.4_1,Mpungu,8120,8124.596,129.0,0.015886699507389163,0.015877712640918192
2008,NAM.4.5_1,Mukwe,5506,5520.1333,175.0,0.031783508899382494,0.03170213326338661
2008,NAM.4.6_1,Ndiyona,8130,8137.2961,0.0,0.0,0.0
2008,NAM.4.7_1,Rundu Rural East,589,579.1941,269.0,0.4567062818336163,0.46443844006382295
2008,NAM.4.8_1,Rundu Rural West,2068,2085.5817,615.0,0.2973887814313346,0.2948817614481745
2008,NAM.4.9_1,Rundu Urban,16,15.466,411.0,25.6875,26.57436505016411
2008,NAM.5.1_1,Katutura Central,1,2.0258,63.0,63.0,31.099423384412624
2008,NAM.5.2_1,Katutura East,3,2.5003,189.0,63.0,75.5908747501534
2008,NAM.5.3_1,Khomasdal North,28,25.9498,1223.0,43.67857142857143,47.12944773230281
2008,NAM.5.4_1,Moses Garoeb,35,33.6444,768.0,21.942857142857143,22.826973828212882
2008,NAM.5.5_1,Soweto,3,1.8821,188.0,62.666666666666664,99.88681745844632
2008,NAM.5.6_1,Tobias Hainyeko,21,19.7976,823.0,39.19047619047619,41.57079694966803
2008,NAM.5.7_1,Wanaheda,18,19.2191,764.0,42.44444444444444,39.75217960919134
2008,NAM.5.8_1,Windhoek East,168,167.0933,2527.0,15.041666666666666,15.123289206608806
2008,NAM.5.9_1,Windhoek Rural,36601,36593.3945,5112.0,0.13966831507335864,0.13969734359676145
2008,NAM.5.10_1,Windhoek West,211,208.5574,3683.0,17.454976303317537,17.65940983724464
2008,NAM.6.1_1,Epupa,23523,23469.36,0.0,0.0,0.0
2008,NAM.6.2_1,Kamanjab,17123,17116.4228,145.0,0.008468142264790049,0.008471396273522001
2008,NAM.6.3_1,Khorixas,21355,21306.0888,447.0,0.020931866073519084,0.020979918154407202
2008,NAM.6.4_1,Opuwo,25785,25775.8831,277.0,0.010742679852627496,0.010746479520847854
2008,NAM.6.5_1,Outjo,7459,7466.7658,589.0,0.07896500871430487,0.07888288127890689
2008,NAM.6.6_1,Sesfontein,20078,20197.3792,82.0,0.004084072118736926,0.00405993269074561
2008,NAM.7.1_1,Eenhana,1115,1116.8929,173.0,0.15515695067264573,0.15489399442142654
2008,NAM.7.2_1,Endola,329,327.714,131.0,0.3981762917933131,0.39973877793524537
2008,NAM.7.3_1,Engela,300,295.3584,406.0,1.3533333333333333,1.3746012717935463
2008,NAM.7.4_1,Epembe,1811,1810.1363,0.0,0.0,0.0
2008,NAM.7.5_1,Ohangwena,166,170.3454,231.0,1.391566265060241,1.3560680800363079
2008,NAM.7.6_1,Okongo,4639,4650.9389,119.0,0.025652080189696055,0.025586231511960714
2008,NAM.7.7_1,Omulonga,596,596.8697,40.0,0.06711409395973154,0.06701629866002665
2008,NAM.7.8_1,Omundaungilo,614,615.6942,34.0,0.05537459283387622,0.05522221688415796
2008,NAM.7.9_1,Ondobe,492,488.147,119.0,0.241869918699187,0.2437790290185761
2008,NAM.7.10_1,Ongenga,325,317.2369,85.0,0.26153846153846155,0.26793852940734164
2008,NAM.7.11_1,Oshikango,263,261.3174,369.0,1.403041825095057,1.4120758778451021
2008,NAM.8.1_1,Aminius,12925,12976.689,248.0,0.019187620889748548,0.01911119233722823
2008,NAM.8.2_1,Epukiro,11042,11045.2373,22.0,0.001992392682485057,0.001991808719495857
2008,NAM.8.3_1,Gobabis,5664,5663.9481,1730.0,0.3054378531073446,0.3054406542325471
2008,NAM.8.4_1,Kalahari,12259,12228.3118,70.0,0.005710090545721511,0.005724420597663398
2008,NAM.8.5_1,Otjinene,6417,6416.6813,82.0,0.0127785569580801,0.012779191602048684
2008,NAM.8.6_1,Otjombinde,18940,18917.6636,0.0,0.0,0.0
2008,NAM.8.7_1,Steinhausen,17495,17494.913,136.0,0.007773649614175478,0.0077736882776126585
2008,NAM.9.1_1,Anamulenge,353,354.556,133.0,0.37677053824362605,0.37511701314169216
2008,NAM.9.2_1,Elim,446,444.067,0.0,0.0,0.0
2008,NAM.9.3_1,Etayi,638,645.5953,52.0,0.08150470219435736,0.08054581347645928
2008,NAM.9.4_1,Ogongo,810,806.2305,83.0,0.10246913580246914,0.10294822464672483
2008,NAM.9.5_1,Okahao,9894,9898.584,236.0,0.02385284010511421,0.02384179396112476
2008,NAM.9.6_1,Okalongo,658,658.7623,54.0,0.08206686930091185,0.0819719021113304
2008,NAM.9.7_1,Onesi,602,602.7373,16.0,0.026578073089700997,0.026545562531394888
2008,NAM.9.8_1,Oshikuku,278,277.047,144.0,0.5179856115107914,0.5197673702394594
2008,NAM.9.9_1,Otamanzi,4183,4182.1269,0.0,0.0,0.0
2008,NAM.9.10_1,Outapi,985,989.2764,312.0,0.31675126903553297,0.3153820417053401
2008,NAM.9.11_1,Ruacana,5383,5383.1524,235.0,0.04365595392903585,0.04365471792287565
2008,NAM.9.12_1,Tsandi,2358,2359.6538,147.0,0.062340966921119595,0.06229727401814208
2008,NAM.10.1_1,Okaku,244,242.0189,63.0,0.2581967213114754,0.2603102303683568
2008,NAM.10.2_1,Okatana,427,425.878,666.0,1.559718969555035,1.5638281466580488
2008,NAM.10.3_1,Okatyali,557,557.7031,0.0,0.0,0.0
2008,NAM.10.4_1,Ompundja,471,465.5087,0.0,0.0,0.0
2008,NAM.10.5_1,Ondangwa,208,209.0277,1600.0,7.6923076923076925,7.654487618718464
2008,NAM.10.6_1,Ongwediva,204,203.8006,1549.0,7.5931372549019605,7.600565358987206
2008,NAM.10.7_1,Oshakati East,183,185.9598,1193.0,6.51912568306011,6.415363899479331
2008,NAM.10.8_1,Oshakati West,239,240.7417,1045.0,4.372384937238493,4.340751504588457
2008,NAM.10.9_1,Uukwiyu,301,299.5269,147.0,0.4883720930232558,0.4907739748461748
2008,NAM.10.10_1,Uuvudhiya,5829,5822.0336,82.0,0.014067593069137073,0.014084425778550024
2008,NAM.11.1_1,Engodi,7796,7803.9972,0.0,0.0,0.0
2008,NAM.11.2_1,Guinas,10214,10209.5563,264.0,0.025846876835715685,0.025858126615619804
2008,NAM.11.3_1,Okankolo,3551,3549.9347,0.0,0.0,0.0
2008,NAM.11.4_1,Olukonda,243,241.1641,319.0,1.3127572016460904,1.3227508921817048
2008,NAM.11.5_1,Omuntele,1794,1797.7673,67.0,0.037346711259754736,0.0372684503606656
2008,NAM.11.6_1,Omuthiyagwipundi,13389,13390.2501,375.0,0.028008066323101054,0.028005451597105446
2008,NAM.11.7_1,Onayena,444,442.996,39.0,0.08783783783783784,0.08803690677917121
2008,NAM.11.8_1,Oniipa,370,372.1193,710.0,1.9189189189189189,1.9079902851442916
2008,NAM.11.9_1,Onyaanya,561,559.5222,67.0,0.11942959001782531,0.11974502068836405
2008,NAM.11.10_1,Tsumeb,276,271.1363,2245.0,8.134057971014492,8.27996851310789
2008,NAM.12.1_1,Grootfontein,11270,11265.5385,2060.0,0.18278615794143743,0.18285854696325402
2008,NAM.12.2_1,Okahandja,5877,5877.3088,1402.0,0.2385570869491237,0.2385445526822971
2008,NAM.12.3_1,Okakarara,14636,14639.1748,304.0,0.020770702377698826,0.020766197890951122
2008,NAM.12.4_1,Omatako,26149,26150.3971,392.0,0.01499101304065165,0.014990212121768126
2008,NAM.12.5_1,Otavi,12954,12956.7111,408.0,0.031496062992125984,0.03148947275714934
2008,NAM.12.6_1,Otjiwarongo,5911,5915.0302,1897.0,0.3209270850955845,0.3207084207607735
2008,NAM.12.7_1,Tsumkwe,27835,27828.7869,0.0,0.0,0.0
2008,NAM.13.1_1,Kabe,2157,2150.7444,371.0,0.17199814557255447,0.17249841813673297
2008,NAM.13.2_1,Katima Muliro Rural,1917,1914.9799,330.0,0.17214397496087636,0.17232557117521627
2008,NAM.13.3_1,Katima Muliro Urban,36,36.2162,853.0,23.694444444444443,23.552982965843118
2008,NAM.13.4_1,Kongola,4976,4979.563,0.0,0.0,0.0
2008,NAM.13.5_1,Linyandi,3787,3781.7482,0.0,0.0,0.0
2008,NAM.13.6_1,Sibinda,1669,1668.3867,0.0,0.0,0.0
2009,NAM.1.1_1,Berseba,31769,31765.2657,216.0,0.006799080864994177,0.006799880168576819
2009,NAM.1.2_1,Karas,38202,38195.2388,1400.0,0.03664729595309146,0.036653783111484164
2009,NAM.1.3_1,Keetmanshoop Rural,37919,37919.1022,250.0,0.006593000870276115,0.0065929831074721616
2009,NAM.1.4_1,Keetmanshoop Urban,523,523.9898,1737.0,3.3212237093690247,3.3149501283969136
2009,NAM.1.5_1,Luderitz,48521,48535.4537,1769.0,0.03645844067517157,0.036447583441582915
2009,NAM.1.6_1,Oranjemund,4235,4248.4234,4366.0,1.0309327036599765,1.0276753538119536
2009,NAM.2.1_1,Arandis,13523,13523.4512,3327.0,0.24602529024624714,0.2460170815372379
2009,NAM.2.2_1,Daures,17761,17769.6698,189.0,0.010641292720004504,0.010636100817587441
2009,NAM.2.3_1,Karibib,14543,14537.4955,1369.0,0.09413463521969333,0.09417027870344662
2009,NAM.2.4_1,Omaruru,8425,8425.7831,740.0,0.08783382789317508,0.08782566439588528
2009,NAM.2.5_1,Swakopmund,195,196.7486,1561.0,8.005128205128205,7.933984464256717
2009,NAM.2.6_1,Walvisbay Rural,9130,9138.3767,2544.0,0.2786418400876232,0.2783864239885662
2009,NAM.2.7_1,Walvisbay Urban,24,20.9025,1363.0,56.791666666666664,65.20739352044895
2009,NAM.3.1_1,Gibeon,50470,50450.588,320.0,0.006340400237765009,0.0063428398510310445
2009,NAM.3.2_1,Mariental Rural,41800,41784.703,642.0,0.015358851674641148,0.015364474426989112
2009,NAM.3.3_1,Mariental Urban,5919,5916.3883,1281.0,0.21642169285352256,0.21651722970056445
2009,NAM.3.4_1,Rehoboth East,280,282.7018,504.0,1.8,1.7827970070217591
2009,NAM.3.5_1,Rehoboth Rural,10934,10933.0921,90.0,0.008231205414304006,0.008231888921149663
2009,NAM.3.6_1,Rehoboth West,320,326.0358,818.0,2.55625,2.5089272099589497
2009,NAM.4.1_1,Kahenge,8780,8778.9988,1.0,0.00011389521640091117,0.00011390820582384306
2009,NAM.4.2_1,Kapako,6150,6153.6288,148.0,0.024065040650406506,0.024050849625117065
2009,NAM.4.3_1,Mashare,9307,9291.9774,0.0,0.0,0.0
2009,NAM.4.4_1,Mpungu,8120,8124.596,168.0,0.020689655172413793,0.020677951346312062
2009,NAM.4.5_1,Mukwe,5506,5520.1333,240.0,0.04358881220486742,0.0434772113326445
2009,NAM.4.6_1,Ndiyona,8130,8137.2961,0.0,0.0,0.0
2009,NAM.4.7_1,Rundu Rural East,589,579.1941,297.0,0.5042444821731749,0.5127814747173064
2009,NAM.4.8_1,Rundu Rural West,2068,2085.5817,642.0,0.3104448742746615,0.3078277899995578
2009,NAM.4.9_1,Rundu Urban,16,15.466,413.0,25.8125,26.703680695177074
2009,NAM.5.1_1,Katutura Central,1,2.0258,63.0,63.0,31.099423384412624
2009,NAM.5.2_1,Katutura East,3,2.5003,189.0,63.0,75.5908747501534
2009,NAM.5.3_1,Khomasdal North,28,25.9498,1225.0,43.75,47.2065196010392
2009,NAM.5.4_1,Moses Garoeb,35,33.6444,768.0,21.942857142857143,22.826973828212882
2009,NAM.5.5_1,Soweto,3,1.8821,188.0,62.666666666666664,99.88681745844632
2009,NAM.5.6_1,Tobias Hainyeko,21,19.7976,823.0,39.19047619047619,41.57079694966803
2009,NAM.5.7_1,Wanaheda,18,19.2191,764.0,42.44444444444444,39.75217960919134
2009,NAM.5.8_1,Windhoek East,168,167.0933,2650.0,15.773809523809524,15.859404985165545
2009,NAM.5.9_1,Windhoek Rural,36601,36593.3945,5175.0,0.14138957951968525,0.14141896578897506
2009,NAM.5.10_1,Windhoek West,211,208.5574,3708.0,17.57345971563981,17.779280933071714
2009,NAM.6.1_1,Epupa,23523,23469.36,0.0,0.0,0.0
2009,NAM.6.2_1,Kamanjab,17123,17116.4228,153.0,0.008935350113881912,0.008938783654130112
2009,NAM.6.3_1,Khorixas,21355,21306.0888,472.0,0.02210255209552798,0.02215329165297584
2009,NAM.6.4_1,Opuwo,25785,25775.8831,293.0,0.011363195656389373,0.0113672148000304
2009,NAM.6.5_1,Outjo,7459,7466.7658,595.0,0.07976940608660678,0.07968644203896366
2009,NAM.6.6_1,Sesfontein,20078,20197.3792,102.0,0.005080187269648371,0.005050160176293319
2009,NAM.7.1_1,Eenhana,1115,1116.8929,212.0,0.19013452914798207,0.18981229374186373
2009,NAM.7.2_1,Endola,329,327.714,184.0,0.5592705167173252,0.5614651537411081
2009,NAM.7.3_1,Engela,300,295.3584,433.0,1.4433333333333334,1.4660156420852355
2009,NAM.7.4_1,Epembe,1811,1810.1363,0.0,0.0,0.0
2009,NAM.7.5_1,Ohangwena,166,170.3454,303.0,1.8253012048192772,1.778738650437235
2009,NAM.7.6_1,Okongo,4639,4650.9389,121.0,0.026083207587842206,0.026016252209640725
2009,NAM.7.7_1,Omulonga,596,596.8697,65.0,0.10906040268456375,0.1089014853225433
2009,NAM.7.8_1,Omundaungilo,614,615.6942,34.0,0.05537459283387622,0.05522221688415796
2009,NAM.7.9_1,Ondobe,492,488.147,134.0,0.27235772357723576,0.2745074780545311
2009,NAM.7.10_1,Ongenga,325,317.2369,78.0,0.24,0.2458730034561488
2009,NAM.7.11_1,Oshikango,263,261.3174,457.0,1.7376425855513309,1.748831100745831
2009,NAM.8.1_1,Aminius,12925,12976.689,273.0,0.021121856866537718,0.021037723822835915
2009,NAM.8.2_1,Epukiro,11042,11045.2373,19.0,0.0017207027712370948,0.0017201984395646037
2009,NAM.8.3_1,Gobabis,5664,5663.9481,1714.0,0.3026129943502825,0.3026157695691247
2009,NAM.8.4_1,Kalahari,12259,12228.3118,89.0,0.007259972265274492,0.007278191902743463
2009,NAM.8.5_1,Otjinene,6417,6416.6813,97.0,0.01511609786504597,0.015116848602423443
2009,NAM.8.6_1,Otjombinde,18940,18917.6636,0.0,0.0,0.0
2009,NAM.8.7_1,Steinhausen,17495,17494.913,137.0,0.007830808802515004,0.007830847750242164
2009,NAM.9.1_1,Anamulenge,353,354.556,151.0,0.42776203966005666,0.42588472920598136
2009,NAM.9.2_1,Elim,446,444.067,44.0,0.09865470852017937,0.09908413719520243
2009,NAM.9.3_1,Etayi,638,645.5953,93.0,0.14576802507836992,0.14405308948674447
2009,NAM.9.4_1,Ogongo,810,806.2305,87.0,0.10740740740740741,0.10790958487066338
2009,NAM.9.5_1,Okahao,9894,9898.584,265.0,0.026783909440064684,0.026771505930923988
2009,NAM.9.6_1,Okalongo,658,658.7623,71.0,0.10790273556231003,0.10777787129452703
2009,NAM.9.7_1,Onesi,602,602.7373,21.0,0.03488372093023256,0.03484105082245579
2009,NAM.9.8_1,Oshikuku,278,277.047,184.0,0.6618705035971223,0.6641471953059759
2009,NAM.9.9_1,Otamanzi,4183,4182.1269,10.0,0.0023906287353573988,0.0023911278442062932
2009,NAM.9.10_1,Outapi,985,989.2764,329.0,0.33401015228426395,0.3325663196187721
2009,NAM.9.11_1,Ruacana,5383,5383.1524,280.0,0.05201560468140442,0.05201413199321353
2009,NAM.9.12_1,Tsandi,2358,2359.6538,151.0,0.0640373197625106,0.06399243793700309
2009,NAM.10.1_1,Okaku,244,242.0189,93.0,0.38114754098360654,0.38426748292471724
2009,NAM.10.2_1,Okatana,427,425.878,756.0,1.7704918032786885,1.7751562745848122
2009,NAM.10.3_1,Okatyali,557,557.7031,0.0,0.0,0.0
2009,NAM.10.4_1,Ompundja,471,465.5087,0.0,0.0,0.0
2009,NAM.10.5_1,Ondangwa,208,209.0277,1698.0,8.163461538461538,8.12332498536497
2009,NAM.10.6_1,Ongwediva,204,203.8006,1625.0,7.965686274509804,7.97347883044171
2009,NAM.10.7_1,Oshakati East,183,185.9598,1243.0,6.7923497267759565,6.684239167688859
2009,NAM.10.8_1,Oshakati West,239,240.7417,1057.0,4.422594142259414,4.390597454880383
2009,NAM.10.9_1,Uukwiyu,301,299.5269,174.0,0.5780730897009967,0.5809161334913906
2009,NAM.10.10_1,Uuvudhiya,5829,5822.0336,90.0,0.01544004117344313,0.015458516098408563
2009,NAM.11.1_1,Engodi,7796,7803.9972,0.0,0.0,0.0
2009,NAM.11.2_1,Guinas,10214,10209.5563,264.0,0.025846876835715685,0.025858126615619804
2009,NAM.11.3_1,Okankolo,3551,3549.9347,0.0,0.0,0.0
2009,NAM.11.4_1,Olukonda,243,241.1641,350.0,1.440329218106996,1.451294082331024
2009,NAM.11.5_1,Omuntele,1794,1797.7673,92.0,0.05128205128205128,0.05117458855494381
2009,NAM.11.6_1,Omuthiyagwipundi,13389,13390.2501,472.0,0.03525281947867653,0.035249528410223385
2009,NAM.11.7_1,Onayena,444,442.996,52.0,0.11711711711711711,0.1173825423722283
2009,NAM.11.8_1,Oniipa,370,372.1193,717.0,1.9378378378378378,1.9268014569696579
2009,NAM.11.9_1,Onyaanya,561,559.5222,84.0,0.1497326203208556,0.150128085639143
2009,NAM.11.10_1,Tsumeb,276,271.1363,2252.0,8.159420289855072,8.305785786868139
2009,NAM.12.1_1,Grootfontein,11270,11265.5385,2070.0,0.1836734693877551,0.1837462098125902
2009,NAM.12.2_1,Okahandja,5877,5877.3088,1401.0,0.23838693210821849,0.2383744067816678
2009,NAM.12.3_1,Okakarara,14636,14639.1748,307.0,0.020975676414320854,0.020971127475401297
2009,NAM.12.4_1,Omatako,26149,26150.3971,423.0,0.016176526827029716,0.01617566257017326
2009,NAM.12.5_1,Otavi,12954,12956.7111,600.0,0.04631773969430292,0.04630804817227844
2009,NAM.12.6_1,Otjiwarongo,5911,5915.0302,2043.0,0.3456267974961935,0.3453913039611282
2009,NAM.12.7_1,Tsumkwe,27835,27828.7869,0.0,0.0,0.0
2009,NAM.13.1_1,Kabe,2157,2150.7444,386.0,0.1789522484932777,0.17947274771099442
2009,NAM.13.2_1,Katima Muliro Rural,1917,1914.9799,567.0,0.29577464788732394,0.2960866632010534
2009,NAM.13.3_1,Katima Muliro Urban,36,36.2162,874.0,24.27777777777778,24.132833660195647
2009,NAM.13.4_1,Kongola,4976,4979.563,0.0,0.0,0.0
2009,NAM.13.5_1,Linyandi,3787,3781.7482,0.0,0.0,0.0
2009,NAM.13.6_1,Sibinda,1669,1668.3867,0.0,0.0,0.0
2010,NAM.1.1_1,Berseba,31769,31765.2657,246.0,0.007743397651798924,0.007744307969768043
2010,NAM.1.2_1,Karas,38202,38195.2388,1451.0,0.03798230459138265,0.03798902806768823
2010,NAM.1.3_1,Keetmanshoop Rural,37919,37919.1022,238.0,0.006276536828502861,0.006276519918313498
2010,NAM.1.4_1,Keetmanshoop Urban,523,523.9898,1732.0,3.311663479923518,3.305407957618569
2010,NAM.1.5_1,Luderitz,48521,48535.4537,1717.0,0.03538673976216484,0.03537620167846121
2010,NAM.1.6_1,Oranjemund,4235,4248.4234,4518.0,1.0668240850059032,1.0634533322314261
2010,NAM.2.1_1,Arandis,13523,13523.4512,3886.0,0.28736227168527695,0.2873526837552469
2010,NAM.2.2_1,Daures,17761,17769.6698,223.0,0.012555599346883621,0.012549473451439152
2010,NAM.2.3_1,Karibib,14543,14537.4955,1428.0,0.09819156982740837,0.09822874944377046
2010,NAM.2.4_1,Omaruru,8425,8425.7831,767.0,0.09103857566765579,0.09103011431303244
2010,NAM.2.5_1,Swakopmund,195,196.7486,1698.0,8.707692307692307,8.630304689498978
2010,NAM.2.6_1,Walvisbay Rural,9130,9138.3767,2939.0,0.32190580503833516,0.3216107311723255
2010,NAM.2.7_1,Walvisbay Urban,24,20.9025,1363.0,56.791666666666664,65.20739352044895
2010,NAM.3.1_1,Gibeon,50470,50450.588,351.0,0.006954626510798494,0.006957302461599677
2010,NAM.3.2_1,Mariental Rural,41800,41784.703,644.0,0.0154066985645933,0.015412338833303719
2010,NAM.3.3_1,Mariental Urban,5919,5916.3883,1126.0,0.19023483696570367,0.1903188139288334
2010,NAM.3.4_1,Rehoboth East,280,282.7018,507.0,1.8107142857142857,1.7934088939683173
2010,NAM.3.5_1,Rehoboth Rural,10934,10933.0921,57.0,0.005213096762392537,0.005213529650061453
2010,NAM.3.6_1,Rehoboth West,320,326.0358,821.0,2.565625,2.5181286544942516
2010,NAM.4.1_1,Kahenge,8780,8778.9988,0.0,0.0,0.0
2010,NAM.4.2_1,Kapako,6150,6153.6288,120.0,0.01951219512195122,0.01950068888523005
2010,NAM.4.3_1,Mashare,9307,9291.9774,0.0,0.0,0.0
2010,NAM.4.4_1,Mpungu,8120,8124.596,262.0,0.03226600985221675,0.03224775745674857
2010,NAM.4.5_1,Mukwe,5506,5520.1333,269.0,0.04885579367962223,0.04873070770200571
2010,NAM.4.6_1,Ndiyona,8130,8137.2961,26.0,0.0031980319803198032,0.003195164539599325
2010,NAM.4.7_1,Rundu Rural East,589,579.1941,288.0,0.48896434634974534,0.49724264215011527
2010,NAM.4.8_1,Rundu Rural West,2068,2085.5817,662.0,0.32011605415860733,0.3174174407783602
2010,NAM.4.9_1,Rundu Urban,16,15.466,436.0,27.25,28.190810612826162
2010,NAM.5.1_1,Katutura Central,1,2.0258,63.0,63.0,31.099423384412624
2010,NAM.5.2_1,Katutura East,3,2.5003,189.0,63.0,75.5908747501534
2010,NAM.5.3_1,Khomasdal North,28,25.9498,1292.0,46.142857142857146,49.78842720370828
2010,NAM.5.4_1,Moses Garoeb,35,33.6444,768.0,21.942857142857143,22.826973828212882
2010,NAM.5.5_1,Soweto,3,1.8821,188.0,62.666666666666664,99.88681745844632
2010,NAM.5.6_1,Tobias Hainyeko,21,19.7976,823.0,39.19047619047619,41.57079694966803
2010,NAM.5.7_1,Wanaheda,18,19.2191,778.0,43.22222222222222,40.48062269103516
2010,NAM.5.8_1,Windhoek East,168,167.0933,2726.0,16.226190476190474,16.31424075077784
2010,NAM.5.9_1,Windhoek Rural,36601,36593.3945,5466.0,0.14934018196224147,0.14937122067681888
2010,NAM.5.10_1,Windhoek West,211,208.5574,3742.0,17.734597156398106,17.942305623396535
2010,NAM.6.1_1,Epupa,23523,23469.36,0.0,0.0,0.0
2010,NAM.6.2_1,Kamanjab,17123,17116.4228,164.0,0.009577760906383227,0.009581441302466263
2010,NAM.6.3_1,Khorixas,21355,21306.0888,482.0,0.022570826504331537,0.022622641052403292
2010,NAM.6.4_1,Opuwo,25785,25775.8831,269.0,0.010432421950746559,0.01043611188125658
2010,NAM.6.5_1,Outjo,7459,7466.7658,575.0,0.07708808151226706,0.07700790617210775
2010,NAM.6.6_1,Sesfontein,20078,20197.3792,91.0,0.004532323936647076,0.004505535059242079
2010,NAM.7.1_1,Eenhana,1115,1116.8929,215.0,0.19282511210762332,0.19249831676651274
2010,NAM.7.2_1,Endola,329,327.714,193.0,0.5866261398176292,0.5889281232175753
2010,NAM.7.3_1,Engela,300,295.3584,465.0,1.55,1.574358599467978
2010,NAM.7.4_1,Epembe,1811,1810.1363,0.0,0.0,0.0
2010,NAM.7.5_1,Ohangwena,166,170.3454,332.0,2.0,1.948980963515386
2010,NAM.7.6_1,Okongo,4639,4650.9389,98.0,0.02112524250916146,0.021071014186320586
2010,NAM.7.7_1,Omulonga,596,596.8697,70.0,0.1174496644295302,0.11727852265504664
2010,NAM.7.8_1,Omundaungilo,614,615.6942,34.0,0.05537459283387622,0.05522221688415796
2010,NAM.7.9_1,Ondobe,492,488.147,132.0,0.2682926829268293,0.27041035151640375
2010,NAM.7.10_1,Ongenga,325,317.2369,95.0,0.2923076923076923,0.29946070933761715
2010,NAM.7.11_1,Oshikango,263,261.3174,459.0,1.7452471482889733,1.7564846285390294
2010,NAM.8.1_1,Aminius,12925,12976.689,343.0,0.026537717601547387,0.026432011982537435
2010,NAM.8.2_1,Epukiro,11042,11045.2373,61.0,0.005524361528708568,0.005522742358602149
2010,NAM.8.3_1,Gobabis,5664,5663.9481,1719.0,0.3034957627118644,0.30349854602644427
2010,NAM.8.4_1,Kalahari,12259,12228.3118,192.0,0.015661962639693286,0.015701267925019604
2010,NAM.8.5_1,Otjinene,6417,6416.6813,130.0,0.02025868786037089,0.020259694003247914
2010,NAM.8.6_1,Otjombinde,18940,18917.6636,26.0,0.0013727560718057022,0.0013743769072558727
2010,NAM.8.7_1,Steinhausen,17495,17494.913,169.0,0.009659902829379823,0.009659950874386319
2010,NAM.9.1_1,Anamulenge,353,354.556,153.0,0.43342776203966005,0.4315255865464579
2010,NAM.9.2_1,Elim,446,444.067,69.0,0.1547085201793722,0.15538194241974926
2010,NAM.9.3_1,Etayi,638,645.5953,104.0,0.16300940438871472,0.16109162695291857
2010,NAM.9.4_1,Ogongo,810,806.2305,143.0,0.1765432098765432,0.17736862800580303
2010,NAM.9.5_1,Okahao,9894,9898.584,300.0,0.030321406913280776,0.03030736520481961
2010,NAM.9.6_1,Okalongo,658,658.7623,79.0,0.12006079027355623,0.11992185679250189
2010,NAM.9.7_1,Onesi,602,602.7373,63.0,0.10465116279069768,0.10452315246736736
2010,NAM.9.8_1,Oshikuku,278,277.047,187.0,0.6726618705035972,0.6749756821859646
2010,NAM.9.9_1,Otamanzi,4183,4182.1269,22.0,0.005259383217786278,0.005260481257253846
2010,NAM.9.10_1,Outapi,985,989.2764,372.0,0.37766497461928933,0.37603243434098244
2010,NAM.9.11_1,Ruacana,5383,5383.1524,339.0,0.06297603566784321,0.0629742526632121
2010,NAM.9.12_1,Tsandi,2358,2359.6538,155.0,0.06573367260390162,0.0656876018558641
2010,NAM.10.1_1,Okaku,244,242.0189,220.0,0.9016393442622951,0.9090198520799763
2010,NAM.10.2_1,Okatana,427,425.878,871.0,2.0398126463700232,2.04518666026901
2010,NAM.10.3_1,Okatyali,557,557.7031,0.0,0.0,0.0
2010,NAM.10.4_1,Ompundja,471,465.5087,0.0,0.0,0.0
2010,NAM.10.5_1,Ondangwa,208,209.0277,1770.0,8.509615384615385,8.4677769282073
2010,NAM.10.6_1,Ongwediva,204,203.8006,1773.0,8.691176470588236,8.699678748537325
2010,NAM.10.7_1,Oshakati East,183,185.9598,1306.0,7.136612021857924,7.023022005632864
2010,NAM.10.8_1,Oshakati West,239,240.7417,1115.0,4.665271966527197,4.631519547958019
2010,NAM.10.9_1,Uukwiyu,301,299.5269,205.0,0.6810631229235881,0.6844126860099717
2010,NAM.10.10_1,Uuvudhiya,5829,5822.0336,53.0,0.00909246869102762,0.009103348369062821
2010,NAM.11.1_1,Engodi,7796,7803.9972,0.0,0.0,0.0
2010,NAM.11.2_1,Guinas,10214,10209.5563,294.0,0.028784021930683374,0.028796550094667507
2010,NAM.11.3_1,Okankolo,3551,3549.9347,21.0,0.005913827090960293,0.005915601806744183
2010,NAM.11.4_1,Olukonda,243,241.1641,395.0,1.625514403292181,1.6378890357735842
2010,NAM.11.5_1,Omuntele,1794,1797.7673,103.0,0.05741360089186176,0.05729328936042623
2010,NAM.11.6_1,Omuthiyagwipundi,13389,13390.2501,561.0,0.041900067219359176,0.04189615558926975
2010,NAM.11.7_1,Onayena,444,442.996,103.0,0.23198198198198197,0.23250772816037527
2010,NAM.11.8_1,Oniipa,370,372.1193,736.0,1.9891891891891893,1.9778603519242235
2010,NAM.11.9_1,Onyaanya,561,559.5222,141.0,0.25133689839572193,0.25200071517999006
2010,NAM.11.10_1,Tsumeb,276,271.1363,2171.0,7.865942028985507,8.00704304764242
2010,NAM.12.1_1,Grootfontein,11270,11265.5385,2096.0,0.185980479148181,0.18605413322086428
2010,NAM.12.2_1,Okahandja,5877,5877.3088,1366.0,0.23243151267653564,0.23241930025964183
2010,NAM.12.3_1,Okakarara,14636,14639.1748,395.0,0.02698824815523367,0.02698239528593978
2010,NAM.12.4_1,Omatako,26149,26150.3971,545.0,0.020842097212130484,0.020840983689703135
2010,NAM.12.5_1,Otavi,12954,12956.7111,736.0,0.05681642735834491,0.056804539091328224
2010,NAM.12.6_1,Otjiwarongo,5911,5915.0302,2225.0,0.37641684994078833,0.37616037753965265
2010,NAM.12.7_1,Tsumkwe,27835,27828.7869,0.0,0.0,0.0
2010,NAM.13.1_1,Kabe,2157,2150.7444,431.0,0.1998145572554474,0.20039573643377875
2010,NAM.13.2_1,Katima Muliro Rural,1917,1914.9799,723.0,0.37715179968701096,0.3775496604838829
2010,NAM.13.3_1,Katima Muliro Urban,36,36.2162,877.0,24.36111111111111,24.215669473674577
2010,NAM.13.4_1,Kongola,4976,4979.563,1.0,0.00020096463022508038,0.00020082083442124005
2010,NAM.13.5_1,Linyandi,3787,3781.7482,0.0,0.0,0.0
2010,NAM.13.6_1,Sibinda,1669,1668.3867,0.0,0.0,0.0
2011,NAM.1.1_1,Berseba,31769,31765.2657,260.0,0.008184078818974472,0.008185040943657282
2011,NAM.1.2_1,Karas,38202,38195.2388,1483.0,0.038819957070310454,0.03882682882452215
2011,NAM.1.3_1,Keetmanshoop Rural,37919,37919.1022,227.0,0.0059864447902107125,0.005986428661584722
2011,NAM.1.4_1,Keetmanshoop Urban,523,523.9898,1739.0,3.3250478011472278,3.318766996708251
2011,NAM.1.5_1,Luderitz,48521,48535.4537,1650.0,0.034005894355021535,0.03399576748366977
2011,NAM.1.6_1,Oranjemund,4235,4248.4234,4417.0,1.0429752066115703,1.0396798070974345
2011,NAM.2.1_1,Arandis,13523,13523.4512,4024.0,0.29756710789026103,0.2975571794727518
2011,NAM.2.2_1,Daures,17761,17769.6698,215.0,0.012105174258206182,0.012099268125826984
2011,NAM.2.3_1,Karibib,14543,14537.4955,1408.0,0.0968163377569965,0.09685299665044034
2011,NAM.2.4_1,Omaruru,8425,8425.7831,768.0,0.0911572700296736,0.09114879764329716
2011,NAM.2.5_1,Swakopmund,195,196.7486,1914.0,9.815384615384616,9.728152635866339
2011,NAM.2.6_1,Walvisbay Rural,9130,9138.3767,2931.0,0.3210295728368018,0.3207353021660722
2011,NAM.2.7_1,Walvisbay Urban,24,20.9025,1364.0,56.833333333333336,65.25523460153511
2011,NAM.3.1_1,Gibeon,50470,50450.588,317.0,0.0062809589855359615,0.0062833757274276284
2011,NAM.3.2_1,Mariental Rural,41800,41784.703,541.0,0.012942583732057417,0.012947321908101416
2011,NAM.3.3_1,Mariental Urban,5919,5916.3883,1094.0,0.18482851833079914,0.18491010873725022
2011,NAM.3.4_1,Rehoboth East,280,282.7018,544.0,1.9428571428571428,1.924288832975867
2011,NAM.3.5_1,Rehoboth Rural,10934,10933.0921,64.0,0.005853301627949515,0.005853787677261983
2011,NAM.3.6_1,Rehoboth West,320,326.0358,817.0,2.553125,2.505860061780516
2011,NAM.4.1_1,Kahenge,8780,8778.9988,0.0,0.0,0.0
2011,NAM.4.2_1,Kapako,6150,6153.6288,123.0,0.02,0.019988206107360802
2011,NAM.4.3_1,Mashare,9307,9291.9774,0.0,0.0,0.0
2011,NAM.4.4_1,Mpungu,8120,8124.596,251.0,0.030911330049261082,0.030893843975740045
2011,NAM.4.5_1,Mukwe,5506,5520.1333,229.0,0.04159099164547766,0.041484505813231626
2011,NAM.4.6_1,Ndiyona,8130,8137.2961,21.0,0.0025830258302583027,0.0025807098204456086
2011,NAM.4.7_1,Rundu Rural East,589,579.1941,310.0,0.5263157894736842,0.535226455092138
2011,NAM.4.8_1,Rundu Rural West,2068,2085.5817,681.0,0.3293036750483559,0.3265276090182225
2011,NAM.4.9_1,Rundu Urban,16,15.466,441.0,27.5625,28.514099725358573
2011,NAM.5.1_1,Katutura Central,1,2.0258,63.0,63.0,31.099423384412624
2011,NAM.5.2_1,Katutura East,3,2.5003,189.0,63.0,75.5908747501534
2011,NAM.5.3_1,Khomasdal North,28,25.9498,1292.0,46.142857142857146,49.78842720370828
2011,NAM.5.4_1,Moses Garoeb,35,33.6444,768.0,21.942857142857143,22.826973828212882
2011,NAM.5.5_1,Soweto,3,1.8821,188.0,62.666666666666664,99.88681745844632
2011,NAM.5.6_1,Tobias Hainyeko,21,19.7976,826.0,39.333333333333336,41.72233083891348
2011,NAM.5.7_1,Wanaheda,18,19.2191,778.0,43.22222222222222,40.48062269103516
2011,NAM.5.8_1,Windhoek East,168,167.0933,2895.0,17.232142857142858,17.32565186115255
2011,NAM.5.9_1,Windhoek Rural,36601,36593.3945,5484.0,0.14983197180404906,0.14986311273173705
2011,NAM.5.10_1,Windhoek West,211,208.5574,3724.0,17.649289099526065,17.855998434401045
2011,NAM.6.1_1,Epupa,23523,23469.36,0.0,0.0,0.0
2011,NAM.6.2_1,Kamanjab,17123,17116.4228,152.0,0.00887694913274543,0.008880360231554097
2011,NAM.6.3_1,Khorixas,21355,21306.0888,489.0,0.02289861859049403,0.022951185632002512
2011,NAM.6.4_1,Opuwo,25785,25775.8831,270.0,0.010471204188481676,0.010474907836205489
2011,NAM.6.5_1,Outjo,7459,7466.7658,564.0,0.07561335299638021,0.07553471144533698
2011,NAM.6.6_1,Sesfontein,20078,20197.3792,45.0,0.002241259089550752,0.0022280118424823467
2011,NAM.7.1_1,Eenhana,1115,1116.8929,258.0,0.23139013452914797,0.23099798011981532
2011,NAM.7.2_1,Endola,329,327.714,149.0,0.45288753799392095,0.45466471688817983
2011,NAM.7.3_1,Engela,300,295.3584,464.0,1.5466666666666666,1.5709728820497673
2011,NAM.7.4_1,Epembe,1811,1810.1363,0.0,0.0,0.0
2011,NAM.7.5_1,Ohangwena,166,170.3454,322.0,1.9397590361445782,1.8902767176263684
2011,NAM.7.6_1,Okongo,4639,4650.9389,83.0,0.017891787023065316,0.017845858953720498
2011,NAM.7.7_1,Omulonga,596,596.8697,46.0,0.07718120805369127,0.07706874345903066
2011,NAM.7.8_1,Omundaungilo,614,615.6942,39.0,0.06351791530944625,0.06334313113182825
2011,NAM.7.9_1,Ondobe,492,488.147,127.0,0.258130081300813,0.26016753517108543
2011,NAM.7.10_1,Ongenga,325,317.2369,48.0,0.1476923076923077,0.15130646366532233
2011,NAM.7.11_1,Oshikango,263,261.3174,526.0,2.0,2.0128778096111755
2011,NAM.8.1_1,Aminius,12925,12976.689,320.0,0.024758220502901353,0.024659603015778363
2011,NAM.8.2_1,Epukiro,11042,11045.2373,99.0,0.008965767071182757,0.008963139237731356
2011,NAM.8.3_1,Gobabis,5664,5663.9481,1717.0,0.3031426553672316,0.30314543544351646
2011,NAM.8.4_1,Kalahari,12259,12228.3118,182.0,0.014846235418875928,0.014883493553924834
2011,NAM.8.5_1,Otjinene,6417,6416.6813,142.0,0.022128720585943586,0.02212981960354772
2011,NAM.8.6_1,Otjombinde,18940,18917.6636,75.0,0.00395987328405491,0.003964548770930402
2011,NAM.8.7_1,Steinhausen,17495,17494.913,190.0,0.010860245784509859,0.01086029979960592
2011,NAM.9.1_1,Anamulenge,353,354.556,174.0,0.49291784702549574,0.49075458862146193
2011,NAM.9.2_1,Elim,446,444.067,28.0,0.06278026905829596,0.06305354185149245
2011,NAM.9.3_1,Etayi,638,645.5953,79.0,0.1238244514106583,0.12236767816615929
2011,NAM.9.4_1,Ogongo,810,806.2305,105.0,0.12962962962962962,0.13023570587838684
2011,NAM.9.5_1,Okahao,9894,9898.584,339.0,0.03426318981200728,0.03424732268144616
2011,NAM.9.6_1,Okalongo,658,658.7623,43.0,0.06534954407294832,0.06527392205161496
2011,NAM.9.7_1,Onesi,602,602.7373,24.0,0.03986710963455149,0.03981834379709233
2011,NAM.9.8_1,Oshikuku,278,277.047,200.0,0.7194244604316546,0.7218991253325825
2011,NAM.9.9_1,Otamanzi,4183,4182.1269,12.0,0.002868754482428879,0.002869353413047552
2011,NAM.9.10_1,Outapi,985,989.2764,322.0,0.3269035532994924,0.3254904404779472
2011,NAM.9.11_1,Ruacana,5383,5383.1524,273.0,0.05071521456436931,0.05071377869338319
2011,NAM.9.12_1,Tsandi,2358,2359.6538,118.0,0.05004240882103478,0.050007335606399764
2011,NAM.10.1_1,Okaku,244,242.0189,221.0,0.9057377049180327,0.9131517604985215
2011,NAM.10.2_1,Okatana,427,425.878,881.0,2.063231850117096,2.0686675633719833
2011,NAM.10.3_1,Okatyali,557,557.7031,0.0,0.0,0.0
2011,NAM.10.4_1,Ompundja,471,465.5087,0.0,0.0,0.0
2011,NAM.10.5_1,Ondangwa,208,209.0277,1749.0,8.408653846153847,8.36731177821162
2011,NAM.10.6_1,Ongwediva,204,203.8006,1845.0,9.044117647058824,9.052965195178434
2011,NAM.10.7_1,Oshakati East,183,185.9598,1272.0,6.950819672131147,6.840186823250385
2011,NAM.10.8_1,Oshakati West,239,240.7417,1090.0,4.560669456066946,4.5276738181831755
2011,NAM.10.9_1,Uukwiyu,301,299.5269,147.0,0.4883720930232558,0.4907739748461748
2011,NAM.10.10_1,Uuvudhiya,5829,5822.0336,29.0,0.004975124378109453,0.004981077409487203
2011,NAM.11.1_1,Engodi,7796,7803.9972,0.0,0.0,0.0
2011,NAM.11.2_1,Guinas,10214,10209.5563,247.0,0.02418249461523399,0.02419301997749277
2011,NAM.11.3_1,Okankolo,3551,3549.9347,39.0,0.01098282174035483,0.01098611764109634
2011,NAM.11.4_1,Olukonda,243,241.1641,324.0,1.3333333333333333,1.3434836647864337
2011,NAM.11.5_1,Omuntele,1794,1797.7673,37.0,0.020624303232998884,0.020581084527531754
2011,NAM.11.6_1,Omuthiyagwipundi,13389,13390.2501,481.0,0.03592501307043095,0.035921659248553915
2011,NAM.11.7_1,Onayena,444,442.996,86.0,0.19369369369369369,0.19413266623099296
2011,NAM.11.8_1,Oniipa,370,372.1193,733.0,1.981081081081081,1.9697984211419237
2011,NAM.11.9_1,Onyaanya,561,559.5222,90.0,0.16042780748663102,0.1608515203276532
2011,NAM.11.10_1,Tsumeb,276,271.1363,2203.0,7.981884057971015,8.125064870546408
2011,NAM.12.1_1,Grootfontein,11270,11265.5385,2086.0,0.18509316770186335,0.1851664703715281
2011,NAM.12.2_1,Okahandja,5877,5877.3088,1344.0,0.22868810617662072,0.22867609044579695
2011,NAM.12.3_1,Okakarara,14636,14639.1748,392.0,0.026783274118611644,0.026777465701489603
2011,NAM.12.4_1,Omatako,26149,26150.3971,598.0,0.022868943363034914,0.022867721553105458
2011,NAM.12.5_1,Otavi,12954,12956.7111,819.0,0.06322371468272349,0.06321048575516007
2011,NAM.12.6_1,Otjiwarongo,5911,5915.0302,2310.0,0.3907968194890881,0.39053054926588654
2011,NAM.12.7_1,Tsumkwe,27835,27828.7869,19.0,0.0006825938566552901,0.000682746254198098
2011,NAM.13.1_1,Kabe,2157,2150.7444,437.0,0.20259619842373666,0.20318546826348333
2011,NAM.13.2_1,Katima Muliro Rural,1917,1914.9799,799.0,0.41679707876890976,0.41723676172423574
2011,NAM.13.3_1,Katima Muliro Urban,36,36.2162,923.0,25.63888888888889,25.485818613684877
2011,NAM.13.4_1,Kongola,4976,4979.563,85.0,0.017081993569131832,0.017069770925805406
2011,NAM.13.5_1,Linyandi,3787,3781.7482,116.0,0.03063110641668867,0.030673644240585548
2011,NAM.13.6_1,Sibinda,1669,1668.3867,0.0,0.0,0.0
2012,NAM.1.1_1,Berseba,31769,31765.2657,317.0,0.009978280713903491,0.00997945376592061
2012,NAM.1.2_1,Karas,38202,38195.2388,1648.0,0.04313910266478195,0.04314673897694707
2012,NAM.1.3_1,Keetmanshoop Rural,37919,37919.1022,319.0,0.008412669110472323,0.008412646445134477
2012,NAM.1.4_1,Keetmanshoop Urban,523,523.9898,1755.0,3.355640535372849,3.349301943198954
2012,NAM.1.5_1,Luderitz,48521,48535.4537,1765.0,0.03637600214340182,0.03636516945980432
2012,NAM.1.6_1,Oranjemund,4235,4248.4234,4450.0,1.050767414403778,1.0474473945174516
2012,NAM.2.1_1,Arandis,13523,13523.4512,4350.0,0.32167418472232495,0.3216634519648286
2012,NAM.2.2_1,Daures,17761,17769.6698,250.0,0.01407578402116998,0.014068916425380214
2012,NAM.2.3_1,Karibib,14543,14537.4955,1660.0,0.1141442618441862,0.11418748184639983
2012,NAM.2.4_1,Omaruru,8425,8425.7831,837.0,0.09934718100890208,0.09933794743156213
2012,NAM.2.5_1,Swakopmund,195,196.7486,2250.0,11.538461538461538,11.435916107993346
2012,NAM.2.6_1,Walvisbay Rural,9130,9138.3767,2945.0,0.32256297918948523,0.32226730292701555
2012,NAM.2.7_1,Walvisbay Urban,24,20.9025,1364.0,56.833333333333336,65.25523460153511
2012,NAM.3.1_1,Gibeon,50470,50450.588,331.0,0.006558351495938181,0.006560874970910237
2012,NAM.3.2_1,Mariental Rural,41800,41784.703,640.0,0.015311004784688996,0.015316610020674503
2012,NAM.3.3_1,Mariental Urban,5919,5916.3883,1121.0,0.18939009967899983,0.18947370374264852
2012,NAM.3.4_1,Rehoboth East,280,282.7018,552.0,1.9714285714285715,1.9525871981666885
2012,NAM.3.5_1,Rehoboth Rural,10934,10933.0921,199.0,0.018200109749405523,0.018201621058986477
2012,NAM.3.6_1,Rehoboth West,320,326.0358,839.0,2.621875,2.573337321706062
2012,NAM.4.1_1,Kahenge,8780,8778.9988,41.0,0.0046697038724373575,0.004670236438777566
2012,NAM.4.2_1,Kapako,6150,6153.6288,181.0,0.02943089430894309,0.029413539068555327
2012,NAM.4.3_1,Mashare,9307,9291.9774,0.0,0.0,0.0
2012,NAM.4.4_1,Mpungu,8120,8124.596,292.0,0.03596059113300493,0.03594024876859001
2012,NAM.4.5_1,Mukwe,5506,5520.1333,251.0,0.04558663276425717,0.04546991685205737
2012,NAM.4.6_1,Ndiyona,8130,8137.2961,13.0,0.0015990159901599016,0.0015975822697996626
2012,NAM.4.7_1,Rundu Rural East,589,579.1941,308.0,0.5229202037351444,0.5317733811883177
2012,NAM.4.8_1,Rundu Rural West,2068,2085.5817,732.0,0.3539651837524178,0.3509812185041687
2012,NAM.4.9_1,Rundu Urban,16,15.466,478.0,29.875,30.906439158098408
2012,NAM.5.1_1,Katutura Central,1,2.0258,63.0,63.0,31.099423384412624
2012,NAM.5.2_1,Katutura East,3,2.5003,189.0,63.0,75.5908747501534
2012,NAM.5.3_1,Khomasdal North,28,25.9498,1296.0,46.285714285714285,49.94257094118107
2012,NAM.5.4_1,Moses Garoeb,35,33.6444,805.0,23.0,23.926710848582513
2012,NAM.5.5_1,Soweto,3,1.8821,188.0,62.666666666666664,99.88681745844632
2012,NAM.5.6_1,Tobias Hainyeko,21,19.7976,882.0,42.0,44.550963438161844
2012,NAM.5.7_1,Wanaheda,18,19.2191,798.0,44.333333333333336,41.521255665097755
2012,NAM.5.8_1,Windhoek East,168,167.0933,2886.0,17.178571428571427,17.271789731014252
2012,NAM.5.9_1,Windhoek Rural,36601,36593.3945,5808.0,0.1586841889565859,0.1587171697202642
2012,NAM.5.10_1,Windhoek West,211,208.5574,3723.0,17.644549763033176,17.85120359056796
2012,NAM.6.1_1,Epupa,23523,23469.36,0.0,0.0,0.0
2012,NAM.6.2_1,Kamanjab,17123,17116.4228,173.0,0.010103369736611575,0.010107252105650388
2012,NAM.6.3_1,Khorixas,21355,21306.0888,567.0,0.026551158979161788,0.026612110947536655
2012,NAM.6.4_1,Opuwo,25785,25775.8831,377.0,0.014620903626139228,0.014626075015738775
2012,NAM.6.5_1,Outjo,7459,7466.7658,603.0,0.08084193591634267,0.08075785638570603
2012,NAM.6.6_1,Sesfontein,20078,20197.3792,43.0,0.0021416475744596075,0.0021289890939275758
2012,NAM.7.1_1,Eenhana,1115,1116.8929,282.0,0.25291479820627805,0.25248616431700743
2012,NAM.7.2_1,Endola,329,327.714,166.0,0.5045592705167173,0.5065392147881735
2012,NAM.7.3_1,Engela,300,295.3584,547.0,1.8233333333333333,1.8519874277612558
2012,NAM.7.4_1,Epembe,1811,1810.1363,0.0,0.0,0.0
2012,NAM.7.5_1,Ohangwena,166,170.3454,321.0,1.9337349397590362,1.8844062930374668
2012,NAM.7.6_1,Okongo,4639,4650.9389,108.0,0.02328087949989222,0.023221117674720647
2012,NAM.7.7_1,Omulonga,596,596.8697,40.0,0.06711409395973154,0.06701629866002665
2012,NAM.7.8_1,Omundaungilo,614,615.6942,60.0,0.09771986970684039,0.09745097097204346
2012,NAM.7.9_1,Ondobe,492,488.147,169.0,0.3434959349593496,0.3462071924717593
2012,NAM.7.10_1,Ongenga,325,317.2369,57.0,0.1753846153846154,0.17967642560257027
2012,NAM.7.11_1,Oshikango,263,261.3174,522.0,1.984790874524715,1.9975707540247785
2012,NAM.8.1_1,Aminius,12925,12976.689,438.0,0.033887814313346226,0.03375283162784663
2012,NAM.8.2_1,Epukiro,11042,11045.2373,34.0,0.003079152327476906,0.00307824983922087
2012,NAM.8.3_1,Gobabis,5664,5663.9481,1746.0,0.3082627118644068,0.3082655388959695
2012,NAM.8.4_1,Kalahari,12259,12228.3118,175.0,0.014275226364303777,0.014311051494158495
2012,NAM.8.5_1,Otjinene,6417,6416.6813,189.0,0.029453015427769985,0.029454478204721968
2012,NAM.8.6_1,Otjombinde,18940,18917.6636,125.0,0.006599788806758183,0.006607581284884003
2012,NAM.8.7_1,Steinhausen,17495,17494.913,185.0,0.010574449842812233,0.010574502436458395
2012,NAM.9.1_1,Anamulenge,353,354.556,180.0,0.509915014164306,0.5076771606428917
2012,NAM.9.2_1,Elim,446,444.067,35.0,0.07847533632286996,0.07881692731436557
2012,NAM.9.3_1,Etayi,638,645.5953,157.0,0.24608150470219436,0.2431863983808482
2012,NAM.9.4_1,Ogongo,810,806.2305,110.0,0.13580246913580246,0.13643740615831002
2012,NAM.9.5_1,Okahao,9894,9898.584,429.0,0.04335961188599151,0.04333953224289204
2012,NAM.9.6_1,Okalongo,658,658.7623,65.0,0.09878419452887538,0.09866988217104586
2012,NAM.9.7_1,Onesi,602,602.7373,27.0,0.044850498338870434,0.04479563677172887
2012,NAM.9.8_1,Oshikuku,278,277.047,276.0,0.9928057553956835,0.9962207929589638
2012,NAM.9.9_1,Otamanzi,4183,4182.1269,12.0,0.002868754482428879,0.002869353413047552
2012,NAM.9.10_1,Outapi,985,989.2764,304.0,0.3086294416243655,0.30729532268725446
2012,NAM.9.11_1,Ruacana,5383,5383.1524,337.0,0.06260449563440461,0.06260272314897486
2012,NAM.9.12_1,Tsandi,2358,2359.6538,127.0,0.05385920271416455,0.05382145442383703
2012,NAM.10.1_1,Okaku,244,242.0189,223.0,0.9139344262295082,0.9214155773356123
2012,NAM.10.2_1,Okatana,427,425.878,968.0,2.2669789227166275,2.2729514203678547
2012,NAM.10.3_1,Okatyali,557,557.7031,0.0,0.0,0.0
2012,NAM.10.4_1,Ompundja,471,465.5087,0.0,0.0,0.0
2012,NAM.10.5_1,Ondangwa,208,209.0277,1936.0,9.307692307692308,9.261930018649341
2012,NAM.10.6_1,Ongwediva,204,203.8006,1919.0,9.406862745098039,9.41606515422624
2012,NAM.10.7_1,Oshakati East,183,185.9598,1323.0,7.229508196721311,7.114439596824104
2012,NAM.10.8_1,Oshakati West,239,240.7417,1119.0,4.682008368200837,4.648134864721994
2012,NAM.10.9_1,Uukwiyu,301,299.5269,149.0,0.4950166112956811,0.49745117178285747
2012,NAM.10.10_1,Uuvudhiya,5829,5822.0336,38.0,0.006519128495453766,0.00652692901932806
2012,NAM.11.1_1,Engodi,7796,7803.9972,0.0,0.0,0.0
2012,NAM.11.2_1,Guinas,10214,10209.5563,226.0,0.022126493048756607,0.022136123542159377
2012,NAM.11.3_1,Okankolo,3551,3549.9347,24.0,0.006758659532526049,0.006760687779136209
2012,NAM.11.4_1,Olukonda,243,241.1641,324.0,1.3333333333333333,1.3434836647864337
2012,NAM.11.5_1,Omuntele,1794,1797.7673,45.0,0.02508361204013378,0.02503104874970078
2012,NAM.11.6_1,Omuthiyagwipundi,13389,13390.2501,540.0,0.04033161550526552,0.04032785029983184
2012,NAM.11.7_1,Onayena,444,442.996,120.0,0.2702702702702703,0.2708827900897576
2012,NAM.11.8_1,Oniipa,370,372.1193,798.0,2.156756756756757,2.144473588091753
2012,NAM.11.9_1,Onyaanya,561,559.5222,121.0,0.21568627450980393,0.21625593288495598
2012,NAM.11.10_1,Tsumeb,276,271.1363,2267.0,8.21376811594203,8.361108516354383
2012,NAM.12.1_1,Grootfontein,11270,11265.5385,2114.0,0.18757763975155278,0.18765192634966943
2012,NAM.12.2_1,Okahandja,5877,5877.3088,1371.0,0.23328228688106176,0.2332700297627884
2012,NAM.12.3_1,Okakarara,14636,14639.1748,467.0,0.03190762503416234,0.03190070531274399
2012,NAM.12.4_1,Omatako,26149,26150.3971,610.0,0.023327851925503844,0.02332660559764938
2012,NAM.12.5_1,Otavi,12954,12956.7111,947.0,0.07310483248417478,0.0730895360319128
2012,NAM.12.6_1,Otjiwarongo,5911,5915.0302,2464.0,0.4168499407883607,0.41656591921694563
2012,NAM.12.7_1,Tsumkwe,27835,27828.7869,54.0,0.0019400035925992455,0.0019404367224577523
2012,NAM.13.1_1,Kabe,2157,2150.7444,550.0,0.25498377375985165,0.2557254177229195
2012,NAM.13.2_1,Katima Muliro Rural,1917,1914.9799,807.0,0.4209702660406886,0.4214143513284834
2012,NAM.13.3_1,Katima Muliro Urban,36,36.2162,946.0,26.27777777777778,26.120893183690026
2012,NAM.13.4_1,Kongola,4976,4979.563,217.0,0.043609324758842445,0.043578121069409094
2012,NAM.13.5_1,Linyandi,3787,3781.7482,155.0,0.04092949564298917,0.04098633497664448
2012,NAM.13.6_1,Sibinda,1669,1668.3867,2.0,0.0011983223487118035,0.0011987628775694094
2013,NAM.1.1_1,Berseba,31769,31765.2657,305.0,0.009600553999181593,0.009601682645444119
2013,NAM.1.2_1,Karas,38202,38195.2388,1595.0,0.04175174074655777,0.04175913147344089
2013,NAM.1.3_1,Keetmanshoop Rural,37919,37919.1022,329.0,0.008676389145283367,0.008676365769433364
2013,NAM.1.4_1,Keetmanshoop Urban,523,523.9898,1769.0,3.382409177820268,3.376020021378319
2013,NAM.1.5_1,Luderitz,48521,48535.4537,1763.0,0.03633478287751695,0.036323962468915026
2013,NAM.1.6_1,Oranjemund,4235,4248.4234,4355.0,1.0283353010625738,1.0250861580052812
2013,NAM.2.1_1,Arandis,13523,13523.4512,4363.0,0.3226355098720698,0.32262474503966604
2013,NAM.2.2_1,Daures,17761,17769.6698,296.0,0.016665728281065256,0.016657597047650175
2013,NAM.2.3_1,Karibib,14543,14537.4955,1698.0,0.11675720277796878,0.11680141215372707
2013,NAM.2.4_1,Omaruru,8425,8425.7831,912.0,0.1082492581602374,0.10823919720141537
2013,NAM.2.5_1,Swakopmund,195,196.7486,2340.0,12.0,11.89335275231308
2013,NAM.2.6_1,Walvisbay Rural,9130,9138.3767,3227.0,0.35345016429353776,0.35312617539744623
2013,NAM.2.7_1,Walvisbay Urban,24,20.9025,1364.0,56.833333333333336,65.25523460153511
2013,NAM.3.1_1,Gibeon,50470,50450.588,383.0,0.007588666534574995,0.0075915864467027815
2013,NAM.3.2_1,Mariental Rural,41800,41784.703,716.0,0.017129186602870813,0.0171354574606296
2013,NAM.3.3_1,Mariental Urban,5919,5916.3883,1109.0,0.18736273019091063,0.18744543929580482
2013,NAM.3.4_1,Rehoboth East,280,282.7018,553.0,1.975,1.9561244938155413
2013,NAM.3.5_1,Rehoboth Rural,10934,10933.0921,278.0,0.025425278946405706,0.02542739022310674
2013,NAM.3.6_1,Rehoboth West,320,326.0358,836.0,2.6125,2.5641358771707603
2013,NAM.4.1_1,Kahenge,8780,8778.9988,88.0,0.010022779043280182,0.010023922112498189
2013,NAM.4.2_1,Kapako,6150,6153.6288,226.0,0.0367479674796748,0.0367262974005166
2013,NAM.4.3_1,Mashare,9307,9291.9774,43.0,0.004620178360373912,0.004627647908366303
2013,NAM.4.4_1,Mpungu,8120,8124.596,280.0,0.034482758620689655,0.03446325224385344
2013,NAM.4.5_1,Mukwe,5506,5520.1333,257.0,0.04667635306937886,0.04655684713537348
2013,NAM.4.6_1,Ndiyona,8130,8137.2961,74.0,0.009102091020910209,0.009093929843475002
2013,NAM.4.7_1,Rundu Rural East,589,579.1941,361.0,0.6129032258064516,0.6232798396395542
2013,NAM.4.8_1,Rundu Rural West,2068,2085.5817,819.0,0.3960348162475822,0.3926961993919592
2013,NAM.4.9_1,Rundu Urban,16,15.466,485.0,30.3125,31.35904391564378
2013,NAM.5.1_1,Katutura Central,1,2.0258,63.0,63.0,31.099423384412624
2013,NAM.5.2_1,Katutura East,3,2.5003,189.0,63.0,75.5908747501534
2013,NAM.5.3_1,Khomasdal North,28,25.9498,1303.0,46.535714285714285,50.21232248175843
2013,NAM.5.4_1,Moses Garoeb,35,33.6444,823.0,23.514285714285716,24.461718047681252
2013,NAM.5.5_1,Soweto,3,1.8821,188.0,62.666666666666664,99.88681745844632
2013,NAM.5.6_1,Tobias Hainyeko,21,19.7976,882.0,42.0,44.550963438161844
2013,NAM.5.7_1,Wanaheda,18,19.2191,798.0,44.333333333333336,41.521255665097755
2013,NAM.5.8_1,Windhoek East,168,167.0933,2912.0,17.333333333333332,17.427391440302667
2013,NAM.5.9_1,Windhoek Rural,36601,36593.3945,5861.0,0.1601322368241305,0.16016551854863437
2013,NAM.5.10_1,Windhoek West,211,208.5574,3731.0,17.682464454976305,17.889562341232626
2013,NAM.6.1_1,Epupa,23523,23469.36,0.0,0.0,0.0
2013,NAM.6.2_1,Kamanjab,17123,17116.4228,170.0,0.009928166793202126,0.009931981837922346
2013,NAM.6.3_1,Khorixas,21355,21306.0888,633.0,0.02964177007726528,0.02970981698375785
2013,NAM.6.4_1,Opuwo,25785,25775.8831,415.0,0.016094628660073686,0.016100321303797325
2013,NAM.6.5_1,Outjo,7459,7466.7658,607.0,0.08137820083121061,0.08129356355907721
2013,NAM.6.6_1,Sesfontein,20078,20197.3792,23.0,0.0011455324235481621,0.001138761608379866
2013,NAM.7.1_1,Eenhana,1115,1116.8929,297.0,0.2663677130044843,0.26591627944025253
2013,NAM.7.2_1,Endola,329,327.714,393.0,1.1945288753799392,1.1992163338057362
2013,NAM.7.3_1,Engela,300,295.3584,650.0,2.1666666666666665,2.2007163218369583
2013,NAM.7.4_1,Epembe,1811,1810.1363,0.0,0.0,0.0
2013,NAM.7.5_1,Ohangwena,166,170.3454,431.0,2.5963855421686746,2.530152997816661
2013,NAM.7.6_1,Okongo,4639,4650.9389,101.0,0.021771933606380686,0.021716045232840604
2013,NAM.7.7_1,Omulonga,596,596.8697,126.0,0.21140939597315436,0.21110134077908396
2013,NAM.7.8_1,Omundaungilo,614,615.6942,57.0,0.09283387622149837,0.09257842242344129
2013,NAM.7.9_1,Ondobe,492,488.147,255.0,0.5182926829268293,0.5223836336112345
2013,NAM.7.10_1,Ongenga,325,317.2369,245.0,0.7538461538461538,0.7722934082917494
2013,NAM.7.11_1,Oshikango,263,261.3174,561.0,2.1330798479087454,2.146814545992147
2013,NAM.8.1_1,Aminius,12925,12976.689,472.0,0.0365183752417795,0.036372914448273085
2013,NAM.8.2_1,Epukiro,11042,11045.2373,34.0,0.003079152327476906,0.00307824983922087
2013,NAM.8.3_1,Gobabis,5664,5663.9481,1771.0,0.3126765536723164,0.31267942118256703
2013,NAM.8.4_1,Kalahari,12259,12228.3118,167.0,0.01362264458764989,0.013656831997282678
2013,NAM.8.5_1,Otjinene,6417,6416.6813,188.0,0.029297179367305595,0.02929863440469698
2013,NAM.8.6_1,Otjombinde,18940,18917.6636,66.0,0.003484688489968321,0.0034888029184187534
2013,NAM.8.7_1,Steinhausen,17495,17494.913,143.0,0.008173763932552158,0.008173804586019193
2013,NAM.9.1_1,Anamulenge,353,354.556,240.0,0.6798866855524079,0.6769028808571889
2013,NAM.9.2_1,Elim,446,444.067,172.0,0.38565022421524664,0.38732889994488223
2013,NAM.9.3_1,Etayi,638,645.5953,261.0,0.4090909090909091,0.4042780253337668
2013,NAM.9.4_1,Ogongo,810,806.2305,129.0,0.15925925925925927,0.16000386722201812
2013,NAM.9.5_1,Okahao,9894,9898.584,569.0,0.05750960177885587,0.05748296933847452
2013,NAM.9.6_1,Okalongo,658,658.7623,86.0,0.13069908814589665,0.13054784410322992
2013,NAM.9.7_1,Onesi,602,602.7373,21.0,0.03488372093023256,0.03484105082245579
2013,NAM.9.8_1,Oshikuku,278,277.047,318.0,1.143884892086331,1.1478196092788062
2013,NAM.9.9_1,Otamanzi,4183,4182.1269,63.0,0.015060961032751613,0.015064105418499648
2013,NAM.9.10_1,Outapi,985,989.2764,324.0,0.32893401015228424,0.32751212023246856
2013,NAM.9.11_1,Ruacana,5383,5383.1524,374.0,0.06947798625301876,0.06947601916236379
2013,NAM.9.12_1,Tsandi,2358,2359.6538,186.0,0.07888040712468193,0.07882512222703691
2013,NAM.10.1_1,Okaku,244,242.0189,348.0,1.4262295081967213,1.4379041296537807
2013,NAM.10.2_1,Okatana,427,425.878,973.0,2.278688524590164,2.2846918719193416
2013,NAM.10.3_1,Okatyali,557,557.7031,21.0,0.03770197486535009,0.03765444202782342
2013,NAM.10.4_1,Ompundja,471,465.5087,1.0,0.0021231422505307855,0.0021481874817808125
2013,NAM.10.5_1,Ondangwa,208,209.0277,2239.0,10.764423076923077,10.71149861144415
2013,NAM.10.6_1,Ongwediva,204,203.8006,1899.0,9.308823529411764,9.317930030159266
2013,NAM.10.7_1,Oshakati East,183,185.9598,1506.0,8.229508196721312,8.098523078470976
2013,NAM.10.8_1,Oshakati West,239,240.7417,1216.0,5.087866108786611,5.051056296248387
2013,NAM.10.9_1,Uukwiyu,301,299.5269,354.0,1.176079734219269,1.181863857792829
2013,NAM.10.10_1,Uuvudhiya,5829,5822.0336,30.0,0.0051466803911477095,0.005152838699469521
2013,NAM.11.1_1,Engodi,7796,7803.9972,0.0,0.0,0.0
2013,NAM.11.2_1,Guinas,10214,10209.5563,234.0,0.022909731740747993,0.022919703136572097
2013,NAM.11.3_1,Okankolo,3551,3549.9347,24.0,0.006758659532526049,0.006760687779136209
2013,NAM.11.4_1,Olukonda,243,241.1641,490.0,2.016460905349794,2.0318117152634336
2013,NAM.11.5_1,Omuntele,1794,1797.7673,101.0,0.05629877369007804,0.05618079830488397
2013,NAM.11.6_1,Omuthiyagwipundi,13389,13390.2501,659.0,0.04921950855179625,0.049214913606646635
2013,NAM.11.7_1,Onayena,444,442.996,254.0,0.5720720720720721,0.5733685723566536
2013,NAM.11.8_1,Oniipa,370,372.1193,1000.0,2.7027027027027026,2.687310260766608
2013,NAM.11.9_1,Onyaanya,561,559.5222,185.0,0.32976827094474154,0.33063923622906494
2013,NAM.11.10_1,Tsumeb,276,271.1363,2242.0,8.123188405797102,8.268903967210642
2013,NAM.12.1_1,Grootfontein,11270,11265.5385,2113.0,0.18748890860692102,0.1875631600647358
2013,NAM.12.2_1,Okahandja,5877,5877.3088,1364.0,0.2320912029947252,0.2320790084583832
2013,NAM.12.3_1,Okakarara,14636,14639.1748,493.0,0.033684066684886584,0.03367676171131218
2013,NAM.12.4_1,Omatako,26149,26150.3971,554.0,0.02118627863398218,0.021185146723111076
2013,NAM.12.5_1,Otavi,12954,12956.7111,1315.0,0.10151304616334723,0.10149180557757692
2013,NAM.12.6_1,Otjiwarongo,5911,5915.0302,2429.0,0.4109287768567078,0.41064878968261403
2013,NAM.12.7_1,Tsumkwe,27835,27828.7869,14.0,0.0005029638943775821,0.0005030761873038617
2013,NAM.13.1_1,Kabe,2157,2150.7444,432.0,0.20027816411682892,0.2008606917387295
2013,NAM.13.2_1,Katima Muliro Rural,1917,1914.9799,767.0,0.4001043296817945,0.4005264033072451
2013,NAM.13.3_1,Katima Muliro Urban,36,36.2162,953.0,26.47222222222222,26.3141767484742
2013,NAM.13.4_1,Kongola,4976,4979.563,197.0,0.039590032154340836,0.03956170438098429
2013,NAM.13.5_1,Linyandi,3787,3781.7482,110.0,0.029046738843411673,0.02908707643503802
2013,NAM.13.6_1,Sibinda,1669,1668.3867,15.0,0.008987417615338526,0.008990721581770571
2014,NAM.1.1_1,Berseba,31769,31765.2657,296.5,0.00933299757625358,0.009334094768439938
2014,NAM.1.2_1,Karas,38202,38195.2388,1649.166666984558,0.04316964208639752,0.04317728380452945
2014,NAM.1.3_1,Keetmanshoop Rural,37919,37919.1022,335.75,0.008854400168780823,0.008854376313335112
2014,NAM.1.4_1,Keetmanshoop Urban,523,523.9898,1825.495113492012,3.490430427326983,3.4838372255948666
2014,NAM.1.5_1,Luderitz,48521,48535.4537,1817.25,0.03745285546464418,0.037441702096787204
2014,NAM.1.6_1,Oranjemund,4235,4248.4234,4586.66666841507,1.083038174360111,1.0796161913149223
2014,NAM.2.1_1,Arandis,13523,13523.4512,4855.811789274216,0.35907799965053727,0.359066018903323
2014,NAM.2.2_1,Daures,17761,17769.6698,311.5,0.017538426890377795,0.017529869866023746
2014,NAM.2.3_1,Karibib,14543,14537.4955,1878.505558848381,0.12916905444876442,0.12921796349359077
2014,NAM.2.4_1,Omaruru,8425,8425.7831,1058.62242269516,0.1256525130795442,0.12564083461835693
2014,NAM.2.5_1,Swakopmund,195,196.7486,2381.480037689209,12.212718141995943,12.104180410610944
2014,NAM.2.6_1,Walvisbay Rural,9130,9138.3767,3295.485086917877,0.3609512691038201,0.3606204043454077
2014,NAM.2.7_1,Walvisbay Urban,24,20.9025,1364.7826080322266,56.86594200134277,65.29267541586354
2014,NAM.3.1_1,Gibeon,50470,50450.588,397.6666669845581,0.007879268218437846,0.007882299946176083
2014,NAM.3.2_1,Mariental Rural,41800,41784.703,817.75,0.019563397129186602,0.019570559131885275
2014,NAM.3.3_1,Mariental Urban,5919,5916.3883,1115.666666984558,0.18848904662688937,0.18857225293111532
2014,NAM.3.4_1,Rehoboth East,280,282.7018,685.7207689285278,2.4490027461733135,2.425597092258807
2014,NAM.3.5_1,Rehoboth Rural,10934,10933.0921,236.6666669845581,0.021645021674095308,0.021646819043951118
2014,NAM.3.6_1,Rehoboth West,320,326.0358,853.5944681167603,2.6674827128648757,2.6181007180055955
2014,NAM.4.1_1,Kahenge,8780,8778.9988,89.0,0.010136674259681093,0.010137830318322032
2014,NAM.4.2_1,Kapako,6150,6153.6288,221.0,0.035934959349593495,0.035913768696965345
2014,NAM.4.3_1,Mashare,9307,9291.9774,43.0,0.004620178360373912,0.004627647908366303
2014,NAM.4.4_1,Mpungu,8120,8124.596,355.75,0.043811576354679804,0.04378679280625307
2014,NAM.4.5_1,Mukwe,5506,5520.1333,315.6666679382324,0.05733139628373273,0.057184610135926024
2014,NAM.4.6_1,Ndiyona,8130,8137.2961,74.0,0.009102091020910209,0.009093929843475002
2014,NAM.4.7_1,Rundu Rural East,589,579.1941,460.7761917114258,0.7823025326170217,0.7955471215501992
2014,NAM.4.8_1,Rundu Rural West,2068,2085.5817,893.1415348052979,0.43188662224627555,0.4282457707413208
2014,NAM.4.9_1,Rundu Urban,16,15.466,497.127140045166,31.070446252822876,32.143158384195374
2014,NAM.5.1_1,Katutura Central,1,2.0258,63.0,63.0,31.099423384412624
2014,NAM.5.2_1,Katutura East,3,2.5003,189.0,63.0,75.5908747501534
2014,NAM.5.3_1,Khomasdal North,28,25.9498,1344.8940505981445,48.03193037850516,51.82674886602638
2014,NAM.5.4_1,Moses Garoeb,35,33.6444,829.3641042709351,23.69611726488386,24.650875914390436
2014,NAM.5.5_1,Soweto,3,1.8821,188.0,62.666666666666664,99.88681745844632
2014,NAM.5.6_1,Tobias Hainyeko,21,19.7976,882.0,42.0,44.550963438161844
2014,NAM.5.7_1,Wanaheda,18,19.2191,799.533332824707,44.418518490261505,41.60103749997789
2014,NAM.5.8_1,Windhoek East,168,167.0933,3112.2974576950073,18.525580105327425,18.626107855051416
2014,NAM.5.9_1,Windhoek Rural,36601,36593.3945,6093.4015917778015,0.1664818336050327,0.1665164350234031
2014,NAM.5.10_1,Windhoek West,211,208.5574,3882.0537219047546,18.398358871586513,18.61384134817187
2014,NAM.6.1_1,Epupa,23523,23469.36,0.0,0.0,0.0
2014,NAM.6.2_1,Kamanjab,17123,17116.4228,186.05000114440918,0.010865502607277299,0.010869677837127669
2014,NAM.6.3_1,Khorixas,21355,21306.0888,658.25,0.030824162959494264,0.030894924217312172
2014,NAM.6.4_1,Opuwo,25785,25775.8831,441.2500009536743,0.01711266243760614,0.017118715158204897
2014,NAM.6.5_1,Outjo,7459,7466.7658,624.6333336830139,0.0837422353778005,0.08365513939518679
2014,NAM.6.6_1,Sesfontein,20078,20197.3792,23.0,0.0011455324235481621,0.001138761608379866
2014,NAM.7.1_1,Eenhana,1115,1116.8929,384.7226165533066,0.3450427054289745,0.34445793538846525
2014,NAM.7.2_1,Endola,329,327.714,455.5,1.384498480243161,1.3899313996145364
2014,NAM.7.3_1,Engela,300,295.3584,772.8318176269531,2.5761060587565106,2.6165901462870145
2014,NAM.7.4_1,Epembe,1811,1810.1363,0.0,0.0,0.0
2014,NAM.7.5_1,Ohangwena,166,170.3454,466.00000286102295,2.8072289328977287,2.735617875223642
2014,NAM.7.6_1,Okongo,4639,4650.9389,98.0,0.02112524250916146,0.021071014186320586
2014,NAM.7.7_1,Omulonga,596,596.8697,128.5,0.2156040268456376,0.21528985944533563
2014,NAM.7.8_1,Omundaungilo,614,615.6942,57.0,0.09283387622149837,0.09257842242344129
2014,NAM.7.9_1,Ondobe,492,488.147,259.9500002861023,0.5283536591180941,0.5325240223791983
2014,NAM.7.10_1,Ongenga,325,317.2369,268.0,0.8246153846153846,0.8447944221313831
2014,NAM.7.11_1,Oshikango,263,261.3174,604.7849006652832,2.2995623599440425,2.3143690230742346
2014,NAM.8.1_1,Aminius,12925,12976.689,529.0000004768372,0.040928433305751424,0.04076540627220428
2014,NAM.8.2_1,Epukiro,11042,11045.2373,34.0,0.003079152327476906,0.00307824983922087
2014,NAM.8.3_1,Gobabis,5664,5663.9481,1814.386111855507,0.3203365310479355,0.32033946880670144
2014,NAM.8.4_1,Kalahari,12259,12228.3118,166.0,0.013541071865568154,0.0135750545601732
2014,NAM.8.5_1,Otjinene,6417,6416.6813,208.66666746139526,0.032517791407417056,0.03251940639573351
2014,NAM.8.6_1,Otjombinde,18940,18917.6636,66.0,0.003484688489968321,0.0034888029184187534
2014,NAM.8.7_1,Steinhausen,17495,17494.913,81.0,0.004629894255501572,0.004629917282989892
2014,NAM.9.1_1,Anamulenge,353,354.556,262.73571491241455,0.7442938099501829,0.7410273430345271
2014,NAM.9.2_1,Elim,446,444.067,172.0,0.38565022421524664,0.38732889994488223
2014,NAM.9.3_1,Etayi,638,645.5953,261.0,0.4090909090909091,0.4042780253337668
2014,NAM.9.4_1,Ogongo,810,806.2305,136.1666669845581,0.16810699627723222,0.16889297135086817
2014,NAM.9.5_1,Okahao,9894,9898.584,633.3230187892914,0.06401081653419156,0.06398117341021961
2014,NAM.9.6_1,Okalongo,658,658.7623,101.0,0.1534954407294833,0.1533178169119328
2014,NAM.9.7_1,Onesi,602,602.7373,21.0,0.03488372093023256,0.03484105082245579
2014,NAM.9.8_1,Oshikuku,278,277.047,342.2785724401474,1.2312178864753505,1.235453010323137
2014,NAM.9.9_1,Otamanzi,4183,4182.1269,63.0,0.015060961032751613,0.015064105418499648
2014,NAM.9.10_1,Outapi,985,989.2764,360.7611126899719,0.3662549367410882,0.36467171887196675
2014,NAM.9.11_1,Ruacana,5383,5383.1524,419.7499997615814,0.07797696447363578,0.07797475675625087
2014,NAM.9.12_1,Tsandi,2358,2359.6538,234.50000095367432,0.09944868573098996,0.09937898514738522
2014,NAM.10.1_1,Okaku,244,242.0189,348.0,1.4262295081967213,1.4379041296537807
2014,NAM.10.2_1,Okatana,427,425.878,954.0,2.234192037470726,2.2400781560236913
2014,NAM.10.3_1,Okatyali,557,557.7031,21.0,0.03770197486535009,0.03765444202782342
2014,NAM.10.4_1,Ompundja,471,465.5087,1.0,0.0021231422505307855,0.0021481874817808125
2014,NAM.10.5_1,Ondangwa,208,209.0277,2355.6209832429886,11.325100880975906,11.269419781641794
2014,NAM.10.6_1,Ongwediva,204,203.8006,2015.2688312530518,9.878768780652214,9.888432839166287
2014,NAM.10.7_1,Oshakati East,183,185.9598,1604.222887992859,8.766245289578464,8.626717185538862
2014,NAM.10.8_1,Oshakati West,239,240.7417,1266.0641193389893,5.297339411460206,5.259014096580074
2014,NAM.10.9_1,Uukwiyu,301,299.5269,421.3380117416382,1.3997940589423195,1.4066784406546127
2014,NAM.10.10_1,Uuvudhiya,5829,5822.0336,24.0,0.004117344312918168,0.004122270959575617
2014,NAM.11.1_1,Engodi,7796,7803.9972,0.0,0.0,0.0
2014,NAM.11.2_1,Guinas,10214,10209.5563,310.75,0.030423927942040338,0.03043716987046914
2014,NAM.11.3_1,Okankolo,3551,3549.9347,24.0,0.006758659532526049,0.006760687779136209
2014,NAM.11.4_1,Olukonda,243,241.1641,588.4280757904053,2.421514715186853,2.439949097920133
2014,NAM.11.5_1,Omuntele,1794,1797.7673,76.0,0.042363433667781496,0.04227466011060576
2014,NAM.11.6_1,Omuthiyagwipundi,13389,13390.2501,718.6808114051819,0.05367695954927044,0.05367194847353677
2014,NAM.11.7_1,Onayena,444,442.996,261.5,0.588963963963964,0.5902987467372635
2014,NAM.11.8_1,Oniipa,370,372.1193,1080.3823776245117,2.9199523719581397,2.9033226489417747
2014,NAM.11.9_1,Onyaanya,561,559.5222,155.0,0.27629233511586454,0.27702206278651387
2014,NAM.11.10_1,Tsumeb,276,271.1363,2263.916666030884,8.202596616053928,8.349736619615106
2014,NAM.12.1_1,Grootfontein,11270,11265.5385,2050.5,0.18194321206743566,0.18201526725638464
2014,NAM.12.2_1,Okahandja,5877,5877.3088,1431.0,0.2434915773353752,0.2434787838005472
2014,NAM.12.3_1,Okakarara,14636,14639.1748,519.8285722732544,0.035517120270104834,0.035509417767095354
2014,NAM.12.4_1,Omatako,26149,26150.3971,577.5000002384186,0.022084974577934856,0.022083794652793465
2014,NAM.12.5_1,Otavi,12954,12956.7111,1502.5357134342194,0.11599009676039983,0.11596582699713431
2014,NAM.12.6_1,Otjiwarongo,5911,5915.0302,2447.833333969116,0.4141149270798708,0.4138327690157166
2014,NAM.12.7_1,Tsumkwe,27835,27828.7869,14.0,0.0005029638943775821,0.0005030761873038617
2014,NAM.13.1_1,Kabe,2157,2150.7444,432.0,0.20027816411682892,0.2008606917387295
2014,NAM.13.2_1,Katima Muliro Rural,1917,1914.9799,770.5,0.4019300991131977,0.40235409875910344
2014,NAM.13.3_1,Katima Muliro Urban,36,36.2162,953.0,26.47222222222222,26.3141767484742
2014,NAM.13.4_1,Kongola,4976,4979.563,197.0,0.039590032154340836,0.03956170438098429
2014,NAM.13.5_1,Linyandi,3787,3781.7482,110.0,0.029046738843411673,0.02908707643503802
2014,NAM.13.6_1,Sibinda,1669,1668.3867,15.0,0.008987417615338526,0.008990721581770571
2015,NAM.1.1_1,Berseba,31769,31765.2657,343.5,0.01081242720891435,0.010813698323639523
2015,NAM.1.2_1,Karas,38202,38195.2388,1602.166666984558,0.04193934000797231,0.04194676394292962
2015,NAM.1.3_1,Keetmanshoop Rural,37919,37919.1022,504.0500017404556,0.013292808400550004,0.01329277258718455
2015,NAM.1.4_1,Keetmanshoop Urban,523,523.9898,1808.495113492012,3.45792564721226,3.451393844948495
2015,NAM.1.5_1,Luderitz,48521,48535.4537,1768.0000038146973,0.03643783112084865,0.036426980024734365
2015,NAM.1.6_1,Oranjemund,4235,4248.4234,4547.863640666008,1.073875712081702,1.0704826788845532
2015,NAM.2.1_1,Arandis,13523,13523.4512,5159.53175675869,0.38153751066765434,0.38152478055199
2015,NAM.2.2_1,Daures,17761,17769.6698,459.6666679382324,0.025880674958517674,0.02586804773902396
2015,NAM.2.3_1,Karibib,14543,14537.4955,1986.364294409752,0.13658559405966803,0.1366373113302713
2015,NAM.2.4_1,Omaruru,8425,8425.7831,1121.0256705284119,0.13305942676895097,0.1330470598905413
2015,NAM.2.5_1,Swakopmund,195,196.7486,2468.6452856063843,12.659719413366073,12.547209060705725
2015,NAM.2.6_1,Walvisbay Rural,9130,9138.3767,3400.0191717147827,0.3724007855109291,0.37205942559207755
2015,NAM.2.7_1,Walvisbay Urban,24,20.9025,1367.523723602295,56.98015515009562,65.42381334811775
2015,NAM.3.1_1,Gibeon,50470,50450.588,393.16666746139526,0.007790106349542208,0.007793103770222526
2015,NAM.3.2_1,Mariental Rural,41800,41784.703,821.75,0.01965909090909091,0.01966628794451449
2015,NAM.3.3_1,Mariental Urban,5919,5916.3883,1129.666666984558,0.1908543110296601,0.19093856145243296
2015,NAM.3.4_1,Rehoboth East,280,282.7018,686.387433052063,2.4513836894716534,2.427955280362234
2015,NAM.3.5_1,Rehoboth Rural,10934,10933.0921,255.3333339691162,0.023352234677987582,0.02335417381222861
2015,NAM.3.6_1,Rehoboth West,320,326.0358,843.4625988006592,2.63582062125206,2.5870247734885856
2015,NAM.4.1_1,Kahenge,8780,8778.9988,90.0,0.010250569476082005,0.010251738524145876
2015,NAM.4.2_1,Kapako,6150,6153.6288,221.0,0.035934959349593495,0.035913768696965345
2015,NAM.4.3_1,Mashare,9307,9291.9774,43.0,0.004620178360373912,0.004627647908366303
2015,NAM.4.4_1,Mpungu,8120,8124.596,481.5166656970978,0.05930008198240121,0.05926653681977975
2015,NAM.4.5_1,Mukwe,5506,5520.1333,318.16667079925537,0.0577854469304859,0.05763749827226315
2015,NAM.4.6_1,Ndiyona,8130,8137.2961,74.0,0.009102091020910209,0.009093929843475002
2015,NAM.4.7_1,Rundu Rural East,589,579.1941,652.8776550292969,1.108451027214426,1.1272173964845107
2015,NAM.4.8_1,Rundu Rural West,2068,2085.5817,1123.0353589057922,0.5430538486004798,0.5384758452076794
2015,NAM.4.9_1,Rundu Urban,16,15.466,515.0394611358643,32.189966320991516,33.301330061956854
2015,NAM.5.1_1,Katutura Central,1,2.0258,63.0,63.0,31.099423384412624
2015,NAM.5.2_1,Katutura East,3,2.5003,189.0,63.0,75.5908747501534
2015,NAM.5.3_1,Khomasdal North,28,25.9498,1349.7951526641846,48.20696973800659,52.01561741357513
2015,NAM.5.4_1,Moses Garoeb,35,33.6444,829.3641052246094,23.696117292131696,24.65087594273614
2015,NAM.5.5_1,Soweto,3,1.8821,188.0,62.666666666666664,99.88681745844632
2015,NAM.5.6_1,Tobias Hainyeko,21,19.7976,882.0,42.0,44.550963438161844
2015,NAM.5.7_1,Wanaheda,18,19.2191,800.6666641235352,44.481481340196396,41.66000659598278
2015,NAM.5.8_1,Windhoek East,168,167.0933,3134.5787439346313,18.65820680913471,18.75945424828334
2015,NAM.5.9_1,Windhoek Rural,36601,36593.3945,5841.70245218277,0.1596049958247799,0.15963816796803998
2015,NAM.5.10_1,Windhoek West,211,208.5574,3944.3610606193542,18.693654315731536,18.91259530696338
2015,NAM.6.1_1,Epupa,23523,23469.36,15.0,0.0006376737661012626,0.0006391311903929025
2015,NAM.6.2_1,Kamanjab,17123,17116.4228,184.05000114440918,0.010748700645004333,0.010752830991975642
2015,NAM.6.3_1,Khorixas,21355,21306.0888,637.25,0.02984078670100679,0.029909290478514518
2015,NAM.6.4_1,Opuwo,25785,25775.8831,464.3833360671997,0.018009824939585018,0.01801619498508725
2015,NAM.6.5_1,Outjo,7459,7466.7658,610.7047629356384,0.08187488442628213,0.08178973057914252
2015,NAM.6.6_1,Sesfontein,20078,20197.3792,23.0,0.0011455324235481621,0.001138761608379866
2015,NAM.7.1_1,Eenhana,1115,1116.8929,439.35118997097015,0.39403694167800013,0.39336913738965645
2015,NAM.7.2_1,Endola,329,327.714,448.5,1.3632218844984803,1.3685713122439507
2015,NAM.7.3_1,Engela,300,295.3584,763.8318176269531,2.5461060587565103,2.586118689523118
2015,NAM.7.4_1,Epembe,1811,1810.1363,0.0,0.0,0.0
2015,NAM.7.5_1,Ohangwena,166,170.3454,470.60000228881836,2.834939772824207,2.762621824973506
2015,NAM.7.6_1,Okongo,4639,4650.9389,98.0,0.02112524250916146,0.021071014186320586
2015,NAM.7.7_1,Omulonga,596,596.8697,128.5,0.2156040268456376,0.21528985944533563
2015,NAM.7.8_1,Omundaungilo,614,615.6942,60.57142877578735,0.09865053546545172,0.09837907578940752
2015,NAM.7.9_1,Ondobe,492,488.147,260.9500002861023,0.5303861794432974,0.5345725856482619
2015,NAM.7.10_1,Ongenga,325,317.2369,325.5,1.0015384615384615,1.026046956730467
2015,NAM.7.11_1,Oshikango,263,261.3174,636.7968082427979,2.4212806397064557,2.4368710352531378
2015,NAM.8.1_1,Aminius,12925,12976.689,401.00000047683716,0.03102514510459088,0.030901565065892932
2015,NAM.8.2_1,Epukiro,11042,11045.2373,34.0,0.003079152327476906,0.00307824983922087
2015,NAM.8.3_1,Gobabis,5664,5663.9481,1777.4083334207535,0.3138079684711782,0.31381084635746603
2015,NAM.8.4_1,Kalahari,12259,12228.3118,163.5,0.013337140060363814,0.013370610967399508
2015,NAM.8.5_1,Otjinene,6417,6416.6813,231.08333444595337,0.03601111647903278,0.03601290496250164
2015,NAM.8.6_1,Otjombinde,18940,18917.6636,103.6666669845581,0.005473424867188918,0.005479887429067748
2015,NAM.8.7_1,Steinhausen,17495,17494.913,4.0,0.00022863675335810233,0.00022863789051801936
2015,NAM.9.1_1,Anamulenge,353,354.556,275.5357151031494,0.78055443371997,0.7771288305515313
2015,NAM.9.2_1,Elim,446,444.067,176.0,0.39461883408071746,0.3963365487808097
2015,NAM.9.3_1,Etayi,638,645.5953,271.5,0.42554858934169276,0.42054208382420566
2015,NAM.9.4_1,Ogongo,810,806.2305,141.6666669845581,0.17489711973402236,0.17571484165878368
2015,NAM.9.5_1,Okahao,9894,9898.584,709.8817512989044,0.07174871147148822,0.07171548496284275
2015,NAM.9.6_1,Okalongo,658,658.7623,106.0,0.16109422492401215,0.1609078078481671
2015,NAM.9.7_1,Onesi,602,602.7373,21.0,0.03488372093023256,0.03484105082245579
2015,NAM.9.8_1,Oshikuku,278,277.047,347.0285733938217,1.2483042208410853,1.252598117992069
2015,NAM.9.9_1,Otamanzi,4183,4182.1269,63.0,0.015060961032751613,0.015064105418499648
2015,NAM.9.10_1,Outapi,985,989.2764,362.8861126899719,0.3684122971471796,0.3668197536111457
2015,NAM.9.11_1,Ruacana,5383,5383.1524,472.9833343029022,0.08786612192140111,0.08786363421793357
2015,NAM.9.12_1,Tsandi,2358,2359.6538,255.16666793823242,0.10821317554632419,0.10813733219621996
2015,NAM.10.1_1,Okaku,244,242.0189,364.0,1.4918032786885247,1.5040146643505061
2015,NAM.10.2_1,Okatana,427,425.878,987.4166669845581,2.31245121073667,2.3185435079725663
2015,NAM.10.3_1,Okatyali,557,557.7031,21.0,0.03770197486535009,0.03765444202782342
2015,NAM.10.4_1,Ompundja,471,465.5087,1.0,0.0021231422505307855,0.0021481874817808125
2015,NAM.10.5_1,Ondangwa,208,209.0277,2430.485791325569,11.68502784291139,11.627577123232948
2015,NAM.10.6_1,Ongwediva,204,203.8006,2081.7777519226074,10.204792901581408,10.214775898239658
2015,NAM.10.7_1,Oshakati East,183,185.9598,1631.3854398727417,8.914674534823725,8.772783953978037
2015,NAM.10.8_1,Oshakati West,239,240.7417,1276.983148574829,5.343025726254515,5.30436987895722
2015,NAM.10.9_1,Uukwiyu,301,299.5269,423.8380117416382,1.4080997067828511,1.415024936825466
2015,NAM.10.10_1,Uuvudhiya,5829,5822.0336,24.0,0.004117344312918168,0.004122270959575617
2015,NAM.11.1_1,Engodi,7796,7803.9972,0.0,0.0,0.0
2015,NAM.11.2_1,Guinas,10214,10209.5563,746.75,0.07311043665557078,0.07314225776596245
2015,NAM.11.3_1,Okankolo,3551,3549.9347,24.0,0.006758659532526049,0.006760687779136209
2015,NAM.11.4_1,Olukonda,243,241.1641,685.6429853439331,2.8215760713742104,2.843056020632649
2015,NAM.11.5_1,Omuntele,1794,1797.7673,76.0,0.042363433667781496,0.04227466011060576
2015,NAM.11.6_1,Omuthiyagwipundi,13389,13390.2501,734.8474793434143,0.054884418503503944,0.054879294704018484
2015,NAM.11.7_1,Onayena,444,442.996,284.5,0.6407657657657657,0.6422179481711336
2015,NAM.11.8_1,Oniipa,370,372.1193,1281.1119680404663,3.462464778487747,3.442745336906048
2015,NAM.11.9_1,Onyaanya,561,559.5222,155.0,0.27629233511586454,0.27702206278651387
2015,NAM.11.10_1,Tsumeb,276,271.1363,2309.1004219055176,8.366305876469266,8.516382533176763
2015,NAM.12.1_1,Grootfontein,11270,11265.5385,2053.9333362579346,0.18224785592350795,0.1823200317609294
2015,NAM.12.2_1,Okahandja,5877,5877.3088,1423.25,0.2421728773183597,0.24216015307067001
2015,NAM.12.3_1,Okakarara,14636,14639.1748,572.4952392578125,0.03911555337918916,0.039107070493602444
2015,NAM.12.4_1,Omatako,26149,26150.3971,607.6666672229767,0.02323861972629839,0.0232373781658171
2015,NAM.12.5_1,Otavi,12954,12956.7111,1873.9023773670197,0.14465820421236836,0.14462793593543175
2015,NAM.12.6_1,Otjiwarongo,5911,5915.0302,2501.2036912441254,0.4231439166374768,0.4228556066525676
2015,NAM.12.7_1,Tsumkwe,27835,27828.7869,17.0,0.0006107418717442069,0.0006108782274404035
2015,NAM.13.1_1,Kabe,2157,2150.7444,473.0,0.2192860454334724,0.2199238592417108
2015,NAM.13.2_1,Katima Muliro Rural,1917,1914.9799,1021.0,0.532603025560772,0.5331648732421085
2015,NAM.13.3_1,Katima Muliro Urban,36,36.2162,989.3154754638672,27.480985429551865,27.316917399115415
2015,NAM.13.4_1,Kongola,4976,4979.563,203.5,0.04089630225080386,0.04086703980472235
2015,NAM.13.5_1,Linyandi,3787,3781.7482,89.00000095367432,0.023501452588770615,0.02353408936779983
2015,NAM.13.6_1,Sibinda,1669,1668.3867,15.0,0.008987417615338526,0.008990721581770571
2016,NAM.1.1_1,Berseba,31769,31765.2657,522.5,0.016446850703516005,0.0164487842040805
2016,NAM.1.2_1,Karas,38202,38195.2388,1625.166667342186,0.042541402736563164,0.04254893324626716
2016,NAM.1.3_1,Keetmanshoop Rural,37919,37919.1022,784.6500016450882,0.020692792574832884,0.02069273682449628
2016,NAM.1.4_1,Keetmanshoop Urban,523,523.9898,1845.595123052597,3.528862567978197,3.522196770369559
2016,NAM.1.5_1,Luderitz,48521,48535.4537,1780.3750038146973,0.03669287532851131,0.03668194828086189
2016,NAM.1.6_1,Oranjemund,4235,4248.4234,4560.613643050194,1.0768863383825724,1.0734837927671164
2016,NAM.2.1_1,Arandis,13523,13523.4512,5731.235954165459,0.4238139432201034,0.42379980253834476
2016,NAM.2.2_1,Daures,17761,17769.6698,512.5000019073486,0.028855357350788167,0.028841278779366753
2016,NAM.2.3_1,Karibib,14543,14537.4955,2059.697629094124,0.14162811174407783,0.14168173833208317
2016,NAM.2.4_1,Omaruru,8425,8425.7831,1150.9767837524414,0.13661445504480016,0.1366017577531045
2016,NAM.2.5_1,Swakopmund,195,196.7486,2556.427586555481,13.109885059258877,12.99337396267039
2016,NAM.2.6_1,Walvisbay Rural,9130,9138.3767,3508.3895552158356,0.3842704879754475,0.3839182477340302
2016,NAM.2.7_1,Walvisbay Urban,24,20.9025,1383.7665100097656,57.65693791707357,66.20088580970288
2016,NAM.3.1_1,Gibeon,50470,50450.588,400.500000834465,0.00793540718911165,0.007938460517596285
2016,NAM.3.2_1,Mariental Rural,41800,41784.703,858.9166679382324,0.020548245644455322,0.020555768192292323
2016,NAM.3.3_1,Mariental Urban,5919,5916.3883,1144.666666984558,0.1933885228897716,0.19347389201098758
2016,NAM.3.4_1,Rehoboth East,280,282.7018,697.9554138183594,2.492697906494141,2.468874648392866
2016,NAM.3.5_1,Rehoboth Rural,10934,10933.0921,246.3333339691162,0.02252911413655718,0.022530984920113642
2016,NAM.3.6_1,Rehoboth West,320,326.0358,871.3833608627319,2.7230730026960375,2.672661887987759
2016,NAM.4.1_1,Kahenge,8780,8778.9988,148.0,0.01685649202733485,0.01685841446192877
2016,NAM.4.2_1,Kapako,6150,6153.6288,222.5,0.036178861788617886,0.03615752730803072
2016,NAM.4.3_1,Mashare,9307,9291.9774,43.0,0.004620178360373912,0.004627647908366303
2016,NAM.4.4_1,Mpungu,8120,8124.596,484.5166656970978,0.05966954011048002,0.059635785950963895
2016,NAM.4.5_1,Mukwe,5506,5520.1333,327.8333377838135,0.059541107479806295,0.05938866378630453
2016,NAM.4.6_1,Ndiyona,8130,8137.2961,74.0,0.009102091020910209,0.009093929843475002
2016,NAM.4.7_1,Rundu Rural East,589,579.1941,696.7300367355347,1.1829032881757804,1.2029301539295976
2016,NAM.4.8_1,Rundu Rural West,2068,2085.5817,1229.7150702476501,0.594639782518206,0.5896269040552727
2016,NAM.4.9_1,Rundu Urban,16,15.466,516.0394611358643,32.252466320991516,33.36598788446334
2016,NAM.5.1_1,Katutura Central,1,2.0258,63.0,63.0,31.099423384412624
2016,NAM.5.2_1,Katutura East,3,2.5003,189.0,63.0,75.5908747501534
2016,NAM.5.3_1,Khomasdal North,28,25.9498,1364.8299188613892,48.74392567362104,52.59499617699176
2016,NAM.5.4_1,Moses Garoeb,35,33.6444,832.6307716369629,23.78945061819894,24.747969834272983
2016,NAM.5.5_1,Soweto,3,1.8821,188.0,62.666666666666664,99.88681745844632
2016,NAM.5.6_1,Tobias Hainyeko,21,19.7976,882.0,42.0,44.550963438161844
2016,NAM.5.7_1,Wanaheda,18,19.2191,801.7999954223633,44.544444190131294,41.718975691987666
2016,NAM.5.8_1,Windhoek East,168,167.0933,3172.2454118728638,18.882413165909902,18.984877244990574
2016,NAM.5.9_1,Windhoek Rural,36601,36593.3945,5974.8193435668945,0.1632419699889865,0.163275898037332
2016,NAM.5.10_1,Windhoek West,211,208.5574,3963.0491552352905,18.782223484527442,19.002201802184675
2016,NAM.6.1_1,Epupa,23523,23469.36,13.0,0.0005526505972877609,0.0005539136983405155
2016,NAM.6.2_1,Kamanjab,17123,17116.4228,190.78571557998657,0.011142072976697224,0.011146354482796736
2016,NAM.6.3_1,Khorixas,21355,21306.0888,637.25,0.02984078670100679,0.029909290478514518
2016,NAM.6.4_1,Opuwo,25785,25775.8831,509.4285774230957,0.019756780198685115,0.01976376813939333
2016,NAM.6.5_1,Outjo,7459,7466.7658,616.2047629356384,0.08261224868422555,0.08252632794252789
2016,NAM.6.6_1,Sesfontein,20078,20197.3792,23.0,0.0011455324235481621,0.001138761608379866
2016,NAM.7.1_1,Eenhana,1115,1116.8929,494.53333604335785,0.4435276556442671,0.4427759756896493
2016,NAM.7.2_1,Endola,329,327.714,463.5,1.4088145896656534,1.4143429280380628
2016,NAM.7.3_1,Engela,300,295.3584,765.8318185806274,2.5527727286020916,2.592890127588411
2016,NAM.7.4_1,Epembe,1811,1810.1363,0.0,0.0,0.0
2016,NAM.7.5_1,Ohangwena,166,170.3454,476.60000228881836,2.87108435113746,2.797844372506917
2016,NAM.7.6_1,Okongo,4639,4650.9389,123.5,0.026622116835524897,0.02655377808174074
2016,NAM.7.7_1,Omulonga,596,596.8697,128.5,0.2156040268456376,0.21528985944533563
2016,NAM.7.8_1,Omundaungilo,614,615.6942,71.61904907226562,0.11664340239782675,0.11632243120311189
2016,NAM.7.9_1,Ondobe,492,488.147,287.00833106040955,0.5833502663829462,0.5879547249256191
2016,NAM.7.10_1,Ongenga,325,317.2369,376.0,1.156923076923077,1.1852339653783583
2016,NAM.7.11_1,Oshikango,263,261.3174,638.1301403045654,2.426350343363367,2.441973382249288
2016,NAM.8.1_1,Aminius,12925,12976.689,391.00000047683716,0.030251450713875215,0.03013095247164986
2016,NAM.8.2_1,Epukiro,11042,11045.2373,46.0,0.004165911972468755,0.004164690958945882
2016,NAM.8.3_1,Gobabis,5664,5663.9481,1802.7797037363052,0.31828737707208776,0.31829029603836684
2016,NAM.8.4_1,Kalahari,12259,12228.3118,179.0,0.01460151725263072,0.014638161242596403
2016,NAM.8.5_1,Otjinene,6417,6416.6813,241.78333508968353,0.037678562426318146,0.03768043372309032
2016,NAM.8.6_1,Otjombinde,18940,18917.6636,104.6666669845581,0.005526223177642983,0.00553274807934682
2016,NAM.8.7_1,Steinhausen,17495,17494.913,4.0,0.00022863675335810233,0.00022863789051801936
2016,NAM.9.1_1,Anamulenge,353,354.556,276.5357151031494,0.7833872949097717,0.7799492592217695
2016,NAM.9.2_1,Elim,446,444.067,176.0,0.39461883408071746,0.3963365487808097
2016,NAM.9.3_1,Etayi,638,645.5953,273.5,0.4286833855799373,0.4236399997271464
2016,NAM.9.4_1,Ogongo,810,806.2305,147.6666669845581,0.18230452714142975,0.1831568819946915
2016,NAM.9.5_1,Okahao,9894,9898.584,746.7638981342316,0.07547644007825263,0.07544148727509621
2016,NAM.9.6_1,Okalongo,658,658.7623,120.0,0.182370820668693,0.18215978246962314
2016,NAM.9.7_1,Onesi,602,602.7373,61.0,0.10132890365448505,0.101204957150943
2016,NAM.9.8_1,Oshikuku,278,277.047,367.71547961235046,1.3227175525624117,1.3272674155170343
2016,NAM.9.9_1,Otamanzi,4183,4182.1269,63.0,0.015060961032751613,0.015064105418499648
2016,NAM.9.10_1,Outapi,985,989.2764,365.8861126899719,0.37145798242636746,0.36985227324292785
2016,NAM.9.11_1,Ruacana,5383,5383.1524,532.1833355426788,0.09886370714149709,0.09886090806966266
2016,NAM.9.12_1,Tsandi,2358,2359.6538,256.1666679382324,0.10863726375667193,0.1085611231759352
2016,NAM.10.1_1,Okaku,244,242.0189,392.8333339691162,1.609972680201296,1.623151359712227
2016,NAM.10.2_1,Okatana,427,425.878,1073.6873054504395,2.5144901766989216,2.52111475821747
2016,NAM.10.3_1,Okatyali,557,557.7031,21.0,0.03770197486535009,0.03765444202782342
2016,NAM.10.4_1,Ompundja,471,465.5087,1.0,0.0021231422505307855,0.0021481874817808125
2016,NAM.10.5_1,Ondangwa,208,209.0277,2555.962582230568,12.28828164533927,12.227864962244722
2016,NAM.10.6_1,Ongwediva,204,203.8006,2123.7777519226074,10.410675254522586,10.420859658780305
2016,NAM.10.7_1,Oshakati East,183,185.9598,1676.6308221817017,9.161917061102194,9.01609124004932
2016,NAM.10.8_1,Oshakati West,239,240.7417,1351.6525330543518,5.655449929097706,5.614533747881796
2016,NAM.10.9_1,Uukwiyu,301,299.5269,433.6072416305542,1.4405556200350638,1.4476404727694752
2016,NAM.10.10_1,Uuvudhiya,5829,5822.0336,25.0,0.004288900325956425,0.004294032249557934
2016,NAM.11.1_1,Engodi,7796,7803.9972,0.0,0.0,0.0
2016,NAM.11.2_1,Guinas,10214,10209.5563,765.75,0.07497062854905032,0.07500325930269267
2016,NAM.11.3_1,Okankolo,3551,3549.9347,24.0,0.006758659532526049,0.006760687779136209
2016,NAM.11.4_1,Olukonda,243,241.1641,787.4839611053467,3.24067473705904,3.2653451790936683
2016,NAM.11.5_1,Omuntele,1794,1797.7673,76.0,0.042363433667781496,0.04227466011060576
2016,NAM.11.6_1,Omuthiyagwipundi,13389,13390.2501,818.3875226974487,0.06112387203655603,0.06111816574554249
2016,NAM.11.7_1,Onayena,444,442.996,333.83333444595337,0.7518768793827778,0.7535808754973919
2016,NAM.11.8_1,Oniipa,370,372.1193,1358.32603931427,3.6711514576061353,3.6502435029157048
2016,NAM.11.9_1,Onyaanya,561,559.5222,155.0,0.27629233511586454,0.27702206278651387
2016,NAM.11.10_1,Tsumeb,276,271.1363,2363.830089569092,8.564601773801057,8.718235506445028
2016,NAM.12.1_1,Grootfontein,11270,11265.5385,2081.600003004074,0.18470275093203853,0.18477589898448069
2016,NAM.12.2_1,Okahandja,5877,5877.3088,1423.0,0.2421303386081334,0.24211761659551267
2016,NAM.12.3_1,Okakarara,14636,14639.1748,618.9952392578125,0.04229265094683059,0.04228347905258017
2016,NAM.12.4_1,Omatako,26149,26150.3971,662.1666656732559,0.02532282938824643,0.02532147647552557
2016,NAM.12.5_1,Otavi,12954,12956.7111,1936.297613143921,0.1494748813605003,0.1494436052422274
2016,NAM.12.6_1,Otjiwarongo,5911,5915.0302,2577.7484226226807,0.4360934567116699,0.43579632353078274
2016,NAM.12.7_1,Tsumkwe,27835,27828.7869,14.0,0.0005029638943775821,0.0005030761873038617
2016,NAM.13.1_1,Kabe,2157,2150.7444,497.0,0.23041261010662958,0.23108278656052908
2016,NAM.13.2_1,Katima Muliro Rural,1917,1914.9799,1100.8750019073486,0.5742696932224041,0.5748754954430337
2016,NAM.13.3_1,Katima Muliro Urban,36,36.2162,1035.3035717010498,28.758432547251385,28.586737853166902
2016,NAM.13.4_1,Kongola,4976,4979.563,203.5,0.04089630225080386,0.04086703980472235
2016,NAM.13.5_1,Linyandi,3787,3781.7482,89.00000095367432,0.023501452588770615,0.02353408936779983
2016,NAM.13.6_1,Sibinda,1669,1668.3867,15.0,0.008987417615338526,0.008990721581770571
2017,NAM.1.1_1,Berseba,31769,31765.2657,726.0833325386047,0.02285508931784459,0.02285777617436771
2017,NAM.1.2_1,Karas,38202,38195.2388,1789.6666707992554,0.04684746010154587,0.046855752852377024
2017,NAM.1.3_1,Keetmanshoop Rural,37919,37919.1022,938.3999997377396,0.02474748805975209,0.02474742138529119
2017,NAM.1.4_1,Keetmanshoop Urban,523,523.9898,2056.630159139633,3.932371241184767,3.924943241280882
2017,NAM.1.5_1,Luderitz,48521,48535.4537,1934.2083413600922,0.039863323949631956,0.039851452750213484
2017,NAM.1.6_1,Oranjemund,4235,4248.4234,4803.092222213745,1.1341422012311086,1.130558749165129
2017,NAM.2.1_1,Arandis,13523,13523.4512,6356.465185403824,0.4700484497081878,0.47003276639798813
2017,NAM.2.2_1,Daures,17761,17769.6698,1015.833339214325,0.05719460273713895,0.05716669740608499
2017,NAM.2.3_1,Karibib,14543,14537.4955,2546.7942295074463,0.17512165505792796,0.17518796376409482
2017,NAM.2.4_1,Omaruru,8425,8425.7831,1457.4837718009949,0.17299510644522195,0.17297902784411245
2017,NAM.2.5_1,Swakopmund,195,196.7486,3031.6425380706787,15.546884810618865,15.408715437689024
2017,NAM.2.6_1,Walvisbay Rural,9130,9138.3767,4288.664365530014,0.4697332273307792,0.4693026479587633
2017,NAM.2.7_1,Walvisbay Urban,24,20.9025,1386.2665100097656,57.761104583740234,66.32048851241831
2017,NAM.3.1_1,Gibeon,50470,50450.588,432.250003695488,0.008564493831889994,0.00856778921577518
2017,NAM.3.2_1,Mariental Rural,41800,41784.703,1037.8166731595993,0.0248281500755885,0.024837239462092806
2017,NAM.3.3_1,Mariental Urban,5919,5916.3883,1321.7000020742416,0.22329785471772962,0.22339642696670187
2017,NAM.3.4_1,Rehoboth East,280,282.7018,781.5261726379395,2.7911649022783553,2.7644891299366847
2017,NAM.3.5_1,Rehoboth Rural,10934,10933.0921,282.5833349227905,0.025844460848983952,0.025846606933916046
2017,NAM.3.6_1,Rehoboth West,320,326.0358,872.567572593689,2.726773664355278,2.6762940408412437
2017,NAM.4.1_1,Kahenge,8780,8778.9988,142.0,0.016173120728929385,0.016174965226985714
2017,NAM.4.2_1,Kapako,6150,6153.6288,337.5,0.054878048780487805,0.05484568748970952
2017,NAM.4.3_1,Mashare,9307,9291.9774,43.0,0.004620178360373912,0.004627647908366303
2017,NAM.4.4_1,Mpungu,8120,8124.596,511.6833345890045,0.06301518898879366,0.06297954224613185
2017,NAM.4.5_1,Mukwe,5506,5520.1333,434.83333921432495,0.07897445318095259,0.07877225409791958
2017,NAM.4.6_1,Ndiyona,8130,8137.2961,128.0,0.015744157441574414,0.01573004081033514
2017,NAM.4.7_1,Rundu Rural East,589,579.1941,784.1415901184082,1.3313100002010325,1.353849430868993
2017,NAM.4.8_1,Rundu Rural West,2068,2085.5817,1294.9081358909607,0.6261644757693233,0.6208858406912172
2017,NAM.4.9_1,Rundu Urban,16,15.466,526.7982120513916,32.924888253211975,34.06162529155095
2017,NAM.5.1_1,Katutura Central,1,2.0258,63.0,63.0,31.099423384412624
2017,NAM.5.2_1,Katutura East,3,2.5003,189.0,63.0,75.5908747501534
2017,NAM.5.3_1,Khomasdal North,28,25.9498,1374.2145385742188,49.07909066336496,52.956641266315835
2017,NAM.5.4_1,Moses Garoeb,35,33.6444,849.3670997619629,24.267631421770368,25.24541739168152
2017,NAM.5.5_1,Soweto,3,1.8821,188.0,62.666666666666664,99.88681745844632
2017,NAM.5.6_1,Tobias Hainyeko,21,19.7976,889.518388748169,42.35801851181757,44.930727000784934
2017,NAM.5.7_1,Wanaheda,18,19.2191,801.7999954223633,44.544444190131294,41.718975691987666
2017,NAM.5.8_1,Windhoek East,168,167.0933,3478.964506149292,20.708122060412453,20.820493219637008
2017,NAM.5.9_1,Windhoek Rural,36601,36593.3945,6958.0384830236435,0.19010514693652206,0.19014465820079085
2017,NAM.5.10_1,Windhoek West,211,208.5574,4034.9150356054306,19.122820073959385,19.34678747548652
2017,NAM.6.1_1,Epupa,23523,23469.36,5.0,0.0002125579220337542,0.0002130437301309675
2017,NAM.6.2_1,Kamanjab,17123,17116.4228,220.9738118648529,0.012905087418376038,0.012910046388812874
2017,NAM.6.3_1,Khorixas,21355,21306.0888,811.5833362340927,0.03800437069698397,0.038091615144680104
2017,NAM.6.4_1,Opuwo,25785,25775.8831,580.4646983146667,0.022511719926882556,0.02251968228524799
2017,NAM.6.5_1,Outjo,7459,7466.7658,734.1417087316513,0.09842361023349662,0.09832124490963105
2017,NAM.6.6_1,Sesfontein,20078,20197.3792,55.0,0.0027393166650064747,0.0027231255852562014
2017,NAM.7.1_1,Eenhana,1115,1116.8929,638.280958533287,0.572449290164383,0.5714791169384841
2017,NAM.7.2_1,Endola,329,327.714,633.1666669845581,1.9245187446339151,1.9320707609903796
2017,NAM.7.3_1,Engela,300,295.3584,798.5461053848267,2.6618203512827554,2.703651458245729
2017,NAM.7.4_1,Epembe,1811,1810.1363,8.0,0.004417448923246825,0.0044195567738762945
2017,NAM.7.5_1,Ohangwena,166,170.3454,572.1833386421204,3.4468875821814478,3.358959140524609
2017,NAM.7.6_1,Okongo,4639,4650.9389,265.6666669845581,0.0572680894556064,0.05712108274351154
2017,NAM.7.7_1,Omulonga,596,596.8697,164.0,0.2751677852348993,0.2747668245061093
2017,NAM.7.8_1,Omundaungilo,614,615.6942,96.75000095367432,0.15757329145549562,0.15713969224136154
2017,NAM.7.9_1,Ondobe,492,488.147,309.04999804496765,0.6281504025304221,0.6331084742991181
2017,NAM.7.10_1,Ongenga,325,317.2369,580.0,1.7846153846153847,1.8282864359559783
2017,NAM.7.11_1,Oshikango,263,261.3174,736.1539525985718,2.7990644585497026,2.817087368143008
2017,NAM.8.1_1,Aminius,12925,12976.689,440.0000009536743,0.03404255326527461,0.033906954220186594
2017,NAM.8.2_1,Epukiro,11042,11045.2373,74.0,0.006701684477449737,0.006699720238304246
2017,NAM.8.3_1,Gobabis,5664,5663.9481,1850.3923135995865,0.3266935581920174,0.3266965542501354
2017,NAM.8.4_1,Kalahari,12259,12228.3118,342.51666736602783,0.027940016915411356,0.028010135224473032
2017,NAM.8.5_1,Otjinene,6417,6416.6813,294.2666710615158,0.04585735874419757,0.0458596362389286
2017,NAM.8.6_1,Otjombinde,18940,18917.6636,132.6666669845581,0.007004575870356817,0.0070128462871608364
2017,NAM.8.7_1,Steinhausen,17495,17494.913,91.0,0.005201486138896828,0.00520151200928494
2017,NAM.9.1_1,Anamulenge,353,354.556,374.5190501213074,1.0609604819300493,1.0563042665125453
2017,NAM.9.2_1,Elim,446,444.067,238.0,0.5336322869955157,0.5359551057376859
2017,NAM.9.3_1,Etayi,638,645.5953,343.9714307785034,0.5391401736340179,0.5327972827830031
2017,NAM.9.4_1,Ogongo,810,806.2305,206.66666793823242,0.25514403449164497,0.2563369464806655
2017,NAM.9.5_1,Okahao,9894,9898.584,902.1464397907257,0.09118116432087384,0.09113893872988443
2017,NAM.9.6_1,Okalongo,658,658.7623,186.1666669845581,0.2829280653260762,0.28260066300834896
2017,NAM.9.7_1,Onesi,602,602.7373,133.0,0.22093023255813954,0.22065998854222
2017,NAM.9.8_1,Oshikuku,278,277.047,493.651193857193,1.7757237189107662,1.7818318253244638
2017,NAM.9.9_1,Otamanzi,4183,4182.1269,63.0,0.015060961032751613,0.015064105418499648
2017,NAM.9.10_1,Outapi,985,989.2764,449.0166733264923,0.45585449068679423,0.45388395895336175
2017,NAM.9.11_1,Ruacana,5383,5383.1524,630.5166721343994,0.11713109272420573,0.11712777645828712
2017,NAM.9.12_1,Tsandi,2358,2359.6538,293.50000190734863,0.12446989054594938,0.12438265335474367
2017,NAM.10.1_1,Okaku,244,242.0189,601.0666694641113,2.4633879896070137,2.4835524316657747
2017,NAM.10.2_1,Okatana,427,425.878,1491.1214389801025,3.4920876791103104,3.5012878023458507
2017,NAM.10.3_1,Okatyali,557,557.7031,23.0,0.04129263913824058,0.0412405793638066
2017,NAM.10.4_1,Ompundja,471,465.5087,1.0,0.0021231422505307855,0.0021481874817808125
2017,NAM.10.5_1,Ondangwa,208,209.0277,2846.6815539598465,13.685969009422339,13.618680443262425
2017,NAM.10.6_1,Ongwediva,204,203.8006,2641.094751358032,12.946542898813883,12.959208054857834
2017,NAM.10.7_1,Oshakati East,183,185.9598,1855.2795805931091,10.1381397846618,9.976775896712647
2017,NAM.10.8_1,Oshakati West,239,240.7417,1483.65489423275,6.207761063735355,6.162849009024725
2017,NAM.10.9_1,Uukwiyu,301,299.5269,466.2739086151123,1.5490827528741273,1.556701357129937
2017,NAM.10.10_1,Uuvudhiya,5829,5822.0336,31.0,0.0053182364041859664,0.005324599989451838
2017,NAM.11.1_1,Engodi,7796,7803.9972,0.0,0.0,0.0
2017,NAM.11.2_1,Guinas,10214,10209.5563,983.0000009536743,0.09624045437181068,0.0962823427568731
2017,NAM.11.3_1,Okankolo,3551,3549.9347,28.0,0.007885102787947058,0.00788746907565891
2017,NAM.11.4_1,Olukonda,243,241.1641,1139.8639507293701,4.6907981511496715,4.726508018159991
2017,NAM.11.5_1,Omuntele,1794,1797.7673,117.0,0.06521739130434782,0.06508072674922202
2017,NAM.11.6_1,Omuthiyagwipundi,13389,13390.2501,1041.5588232278824,0.07779212960100697,0.07778486722519085
2017,NAM.11.7_1,Onayena,444,442.996,472.00000381469727,1.0630630716547236,1.065472316297512
2017,NAM.11.8_1,Oniipa,370,372.1193,2018.143961906433,5.454443140287657,5.423378976535332
2017,NAM.11.9_1,Onyaanya,561,559.5222,160.0,0.28520499108734404,0.2859582583602724
2017,NAM.11.10_1,Tsumeb,276,271.1363,2496.068185567856,9.043725310028464,9.205953667292736
2017,NAM.12.1_1,Grootfontein,11270,11265.5385,2194.900003194809,0.1947559896357417,0.19483311908439047
2017,NAM.12.2_1,Okahandja,5877,5877.3088,1636.207971572876,0.2784087070908416,0.2783940789401287
2017,NAM.12.3_1,Okakarara,14636,14639.1748,866.9107185602188,0.0592313964580636,0.05921855110331624
2017,NAM.12.4_1,Omatako,26149,26150.3971,922.5650779008865,0.03528108447362754,0.03527919952517813
2017,NAM.12.5_1,Otavi,12954,12956.7111,2306.563084602356,0.17805798090183386,0.17802072405694175
2017,NAM.12.6_1,Otjiwarongo,5911,5915.0302,2780.748410463333,0.47043620545818526,0.47011567277423655
2017,NAM.12.7_1,Tsumkwe,27835,27828.7869,14.0,0.0005029638943775821,0.0005030761873038617
2017,NAM.13.1_1,Kabe,2157,2150.7444,533.0000009536743,0.24710245755849528,0.24782117798217249
2017,NAM.13.2_1,Katima Muliro Rural,1917,1914.9799,1211.625002861023,0.6320422550135748,0.6327090020248449
2017,NAM.13.3_1,Katima Muliro Urban,36,36.2162,1117.5277767181396,31.042438242170547,30.85710748991662
2017,NAM.13.4_1,Kongola,4976,4979.563,237.5,0.047729099678456594,0.047694948175044515
2017,NAM.13.5_1,Linyandi,3787,3781.7482,129.00000095367432,0.03406390307728395,0.034111208071450023
2017,NAM.13.6_1,Sibinda,1669,1668.3867,16.0,0.009586578789694428,0.009590103020555275
2018,NAM.1.1_1,Berseba,31769,31765.2657,578.5833325386047,0.018212198449387918,0.018214339485177523
2018,NAM.1.2_1,Karas,38202,38195.2388,1754.1666707992554,0.045918189382735335,0.04592631763776439
2018,NAM.1.3_1,Keetmanshoop Rural,37919,37919.1022,680.8999997377396,0.017956697163367695,0.017956648784594863
2018,NAM.1.4_1,Keetmanshoop Urban,523,523.9898,2065.4138181209564,3.949166000231274,3.941706276092587
2018,NAM.1.5_1,Luderitz,48521,48535.4537,1855.4726302623749,0.038240609844446216,0.038229221885280516
2018,NAM.1.6_1,Oranjemund,4235,4248.4234,4613.558888435364,1.0893881672810777,1.0859461207066183
2018,NAM.2.1_1,Arandis,13523,13523.4512,6431.30682682991,0.47558284602750206,0.4755669780604775
2018,NAM.2.2_1,Daures,17761,17769.6698,1108.5000095367432,0.062412026886816234,0.06238157596682244
2018,NAM.2.3_1,Karibib,14543,14537.4955,2831.6579234600067,0.19470933943890578,0.19478306489777336
2018,NAM.2.4_1,Omaruru,8425,8425.7831,1511.488896369934,0.17940521025162423,0.17938853587931466
2018,NAM.2.5_1,Swakopmund,195,196.7486,3357.420563697815,17.217541352296486,17.06452440253331
2018,NAM.2.6_1,Walvisbay Rural,9130,9138.3767,4449.322363615036,0.4873299412502778,0.4868832319100413
2018,NAM.2.7_1,Walvisbay Urban,24,20.9025,1393.1984596252441,58.049935817718506,66.65212047605766
2018,NAM.3.1_1,Gibeon,50470,50450.588,422.9166706800461,0.008379565497920469,0.008382789726421152
2018,NAM.3.2_1,Mariental Rural,41800,41784.703,1064.466674208641,0.025465709909297633,0.025475032701340834
2018,NAM.3.3_1,Mariental Urban,5919,5916.3883,1320.7000020742416,0.22312890726038886,0.22322740492946488
2018,NAM.3.4_1,Rehoboth East,280,282.7018,779.5261726379395,2.7840220451354982,2.757414538638979
2018,NAM.3.5_1,Rehoboth Rural,10934,10933.0921,344.08333587646484,0.031469117969312684,0.031471731117263216
2018,NAM.3.6_1,Rehoboth West,320,326.0358,872.853289604187,2.7276665300130842,2.6771703772495403
2018,NAM.4.1_1,Kahenge,8780,8778.9988,134.0,0.015261958997722095,0.01526369958039497
2018,NAM.4.2_1,Kapako,6150,6153.6288,370.5,0.06024390243902439,0.06020837693314778
2018,NAM.4.3_1,Mashare,9307,9291.9774,43.0,0.004620178360373912,0.004627647908366303
2018,NAM.4.4_1,Mpungu,8120,8124.596,556.0000030994415,0.06847290678564551,0.06843417269428338
2018,NAM.4.5_1,Mukwe,5506,5520.1333,426.83333921432495,0.07752149277412368,0.07732301372016476
2018,NAM.4.6_1,Ndiyona,8130,8137.2961,194.0,0.023862238622386223,0.023840843103164196
2018,NAM.4.7_1,Rundu Rural East,589,579.1941,891.8840789794922,1.514234429506778,1.5398708191784194
2018,NAM.4.8_1,Rundu Rural West,2068,2085.5817,1293.3104801177979,0.6253919149505792,0.6201197926447488
2018,NAM.4.9_1,Rundu Urban,16,15.466,529.72678565979,33.10792410373688,34.25098048411995
2018,NAM.5.1_1,Katutura Central,1,2.0258,63.0,63.0,31.099423384412624
2018,NAM.5.2_1,Katutura East,3,2.5003,189.0,63.0,75.5908747501534
2018,NAM.5.3_1,Khomasdal North,28,25.9498,1374.2145385742188,49.07909066336496,52.956641266315835
2018,NAM.5.4_1,Moses Garoeb,35,33.6444,881.5967020988464,25.188477202824185,26.203365684699424
2018,NAM.5.5_1,Soweto,3,1.8821,188.0,62.666666666666664,99.88681745844632
2018,NAM.5.6_1,Tobias Hainyeko,21,19.7976,893.3859233856201,42.542186827886674,45.126081189253085
2018,NAM.5.7_1,Wanaheda,18,19.2191,801.7999954223633,44.544444190131294,41.718975691987666
2018,NAM.5.8_1,Windhoek East,168,167.0933,3529.245241165161,21.007412149792625,21.1214073855119
2018,NAM.5.9_1,Windhoek Rural,36601,36593.3945,7075.965465903282,0.19332710761736788,0.19336728853073337
2018,NAM.5.10_1,Windhoek West,211,208.5574,4015.77217900753,19.032095635106778,19.255000467580484
2018,NAM.6.1_1,Epupa,23523,23469.36,0.0,0.0,0.0
2018,NAM.6.2_1,Kamanjab,17123,17116.4228,225.77381300926208,0.013185412194665775,0.013190478884038041
2018,NAM.6.3_1,Khorixas,21355,21306.0888,865.5833362340927,0.04053305250452319,0.04062610190158836
2018,NAM.6.4_1,Opuwo,25785,25775.8831,566.7646975517273,0.02198040324032295,0.021988177672848972
2018,NAM.6.5_1,Outjo,7459,7466.7658,733.1417087316513,0.09828954400477964,0.09818731811628825
2018,NAM.6.6_1,Sesfontein,20078,20197.3792,17.0,0.0008466978782747285,0.0008416933627155531
2018,NAM.7.1_1,Eenhana,1115,1116.8929,641.280958533287,0.5751398731240243,0.5741651399631331
2018,NAM.7.2_1,Endola,329,327.714,702.8333339691162,2.1362715318210217,2.144654488648616
2018,NAM.7.3_1,Engela,300,295.3584,799.2127723693848,2.6640425745646157,2.705908604267494
2018,NAM.7.4_1,Epembe,1811,1810.1363,0.0,0.0,0.0
2018,NAM.7.5_1,Ohangwena,166,170.3454,671.2500070333481,4.043674741164748,3.9405225465890497
2018,NAM.7.6_1,Okongo,4639,4650.9389,271.1666669845581,0.05845368980050832,0.058303639662131576
2018,NAM.7.7_1,Omulonga,596,596.8697,194.0,0.32550335570469796,0.3250290485011293
2018,NAM.7.8_1,Omundaungilo,614,615.6942,96.75000095367432,0.15757329145549562,0.15713969224136154
2018,NAM.7.9_1,Ondobe,492,488.147,319.38333201408386,0.6491531138497639,0.6542769627152174
2018,NAM.7.10_1,Ongenga,325,317.2369,550.0,1.6923076923076923,1.7337198961651519
2018,NAM.7.11_1,Oshikango,263,261.3174,736.1539525985718,2.7990644585497026,2.817087368143008
2018,NAM.8.1_1,Aminius,12925,12976.689,437.0000009536743,0.03381044494805991,0.03367577044191367
2018,NAM.8.2_1,Epukiro,11042,11045.2373,58.0,0.005252671617460605,0.005251132078670896
2018,NAM.8.3_1,Gobabis,5664,5663.9481,1853.0395476818085,0.32716093709071475,0.32716393743509525
2018,NAM.8.4_1,Kalahari,12259,12228.3118,334.11666679382324,0.02725480600324849,0.02732320470596
2018,NAM.8.5_1,Otjinene,6417,6416.6813,290.2666710615158,0.045234014502340006,0.04523626103882866
2018,NAM.8.6_1,Otjombinde,18940,18917.6636,131.6666669845581,0.006951777559902751,0.0069599856368817645
2018,NAM.8.7_1,Steinhausen,17495,17494.913,87.0,0.004972849385538726,0.004972874118766921
2018,NAM.9.1_1,Anamulenge,353,354.556,416.4880986213684,1.1798529705987773,1.1746749741647387
2018,NAM.9.2_1,Elim,446,444.067,205.0,0.45964125560538116,0.46164200284128404
2018,NAM.9.3_1,Etayi,638,645.5953,347.9714307785034,0.545409766110507,0.5389931145888845
2018,NAM.9.4_1,Ogongo,810,806.2305,237.00000190734863,0.29259259494734396,0.2939605956341198
2018,NAM.9.5_1,Okahao,9894,9898.584,1033.0226335525513,0.10440899874191947,0.10436064739973903
2018,NAM.9.6_1,Okalongo,658,658.7623,224.50000095367432,0.34118541178369954,0.3407905944845958
2018,NAM.9.7_1,Onesi,602,602.7373,153.0,0.2541528239202658,0.2538419417064636
2018,NAM.9.8_1,Oshikuku,278,277.047,505.151193857193,1.8170906253855863,1.8233410250310873
2018,NAM.9.9_1,Otamanzi,4183,4182.1269,80.0,0.01912502988285919,0.019129022753650346
2018,NAM.9.10_1,Outapi,985,989.2764,478.46707022190094,0.48575337078365577,0.48365359453639567
2018,NAM.9.11_1,Ruacana,5383,5383.1524,607.4500095844269,0.11284599843663884,0.11284280349215431
2018,NAM.9.12_1,Tsandi,2358,2359.6538,301.50000190734863,0.1278625962287314,0.1277729811924657
2018,NAM.10.1_1,Okaku,244,242.0189,617.5666694641113,2.5310109404266856,2.551728920571773
2018,NAM.10.2_1,Okatana,427,425.878,1491.1214389801025,3.4920876791103104,3.5012878023458507
2018,NAM.10.3_1,Okatyali,557,557.7031,24.0,0.04308797127468582,0.04303364803179819
2018,NAM.10.4_1,Ompundja,471,465.5087,1.0,0.0021231422505307855,0.0021481874817808125
2018,NAM.10.5_1,Ondangwa,208,209.0277,2851.3482209444046,13.70840490838656,13.641006033671164
2018,NAM.10.6_1,Ongwediva,204,203.8006,2722.080364227295,13.343531197192622,13.35658471318609
2018,NAM.10.7_1,Oshakati East,183,185.9598,1881.5089950561523,10.28146991833963,10.117824713687238
2018,NAM.10.8_1,Oshakati West,239,240.7417,1483.65489423275,6.207761063735355,6.162849009024725
2018,NAM.10.9_1,Uukwiyu,301,299.5269,477.2739086151123,1.585627603372466,1.5934259402816917
2018,NAM.10.10_1,Uuvudhiya,5829,5822.0336,31.0,0.0053182364041859664,0.005324599989451838
2018,NAM.11.1_1,Engodi,7796,7803.9972,0.0,0.0,0.0
2018,NAM.11.2_1,Guinas,10214,10209.5563,1021.0500030517578,0.09996573360600723,0.10000924340830053
2018,NAM.11.3_1,Okankolo,3551,3549.9347,31.5,0.008870740636440439,0.008873402710116274
2018,NAM.11.4_1,Olukonda,243,241.1641,1179.8639507293701,4.855407204647614,4.892370198997822
2018,NAM.11.5_1,Omuntele,1794,1797.7673,128.0,0.0713489409141583,0.07119942755470444
2018,NAM.11.6_1,Omuthiyagwipundi,13389,13390.2501,1097.342157959938,0.08195848517140474,0.08195083384056075
2018,NAM.11.7_1,Onayena,444,442.996,578.3333396911621,1.3025525668719868,1.3055045721455796
2018,NAM.11.8_1,Oniipa,370,372.1193,2042.143961906433,5.519308005152522,5.48787442279373
2018,NAM.11.9_1,Onyaanya,561,559.5222,173.0,0.3083778966131907,0.3091923668520445
2018,NAM.11.10_1,Tsumeb,276,271.1363,2500.782474040985,9.060806065365888,9.223340821020672
2018,NAM.12.1_1,Grootfontein,11270,11265.5385,2265.844451189041,0.2010509717115387,0.20113059416950477
2018,NAM.12.2_1,Okahandja,5877,5877.3088,1794.5519345998764,0.30535169892800346,0.3053356551385723
2018,NAM.12.3_1,Okakarara,14636,14639.1748,830.244052529335,0.056726158276122915,0.05671385622568878
2018,NAM.12.4_1,Omatako,26149,26150.3971,966.6150788068771,0.0369656613563378,0.03696368640667016
2018,NAM.12.5_1,Otavi,12954,12956.7111,2343.0464267730713,0.18087435747823616,0.18083651133482043
2018,NAM.12.6_1,Otjiwarongo,5911,5915.0302,2801.248409509659,0.4739043155996716,0.4735814199116875
2018,NAM.12.7_1,Tsumkwe,27835,27828.7869,25.0,0.0008981498113885396,0.0008983503344711816
2018,NAM.13.1_1,Kabe,2157,2150.7444,594.3500022888184,0.27554473912323524,0.2763461865616841
2018,NAM.13.2_1,Katima Muliro Rural,1917,1914.9799,1286.500005722046,0.6711006811278278,0.6718086312211229
2018,NAM.13.3_1,Katima Muliro Urban,36,36.2162,1156.736042022705,32.13155672285292,31.939723673783778
2018,NAM.13.4_1,Kongola,4976,4979.563,213.5,0.042905948553054664,0.04287524814893475
2018,NAM.13.5_1,Linyandi,3787,3781.7482,144.66666793823242,0.03820086293589449,0.03825391298110573
2018,NAM.13.6_1,Sibinda,1669,1668.3867,15.0,0.008987417615338526,0.008990721581770571
2019,NAM.1.1_1,Berseba,31769,31765.2657,560.5833325386047,0.01764560837730507,0.01764768280446279
2019,NAM.1.2_1,Karas,38202,38195.2388,1723.1666707992554,0.045106713543774025,0.04511469815458153
2019,NAM.1.3_1,Keetmanshoop Rural,37919,37919.1022,651.8999997377396,0.017191909062415665,0.017191862744128095
2019,NAM.1.4_1,Keetmanshoop Urban,523,523.9898,2162.5070794820786,4.134812771476249,4.127002372359442
2019,NAM.1.5_1,Luderitz,48521,48535.4537,1769.8059632778168,0.03647505128249246,0.03646418910230597
2019,NAM.1.6_1,Oranjemund,4235,4248.4234,4566.058888435364,1.0781721106104756,1.0747655024505332
2019,NAM.2.1_1,Arandis,13523,13523.4512,6378.219202160835,0.47165711766330215,0.4716413806794044
2019,NAM.2.2_1,Daures,17761,17769.6698,1089.1666779518127,0.06132349968761966,0.06129357986165224
2019,NAM.2.3_1,Karibib,14543,14537.4955,2892.0523854494095,0.1988621594890607,0.19893745738695287
2019,NAM.2.4_1,Omaruru,8425,8425.7831,1474.7257442474365,0.1750416313646809,0.17502536255438852
2019,NAM.2.5_1,Swakopmund,195,196.7486,3568.1712732315063,18.298314221700032,18.13569215094547
2019,NAM.2.6_1,Walvisbay Rural,9130,9138.3767,4586.229292631149,0.5023252237273986,0.5018647690122631
2019,NAM.2.7_1,Walvisbay Urban,24,20.9025,1398.5891151428223,58.27454646428426,66.91001526378172
2019,NAM.3.1_1,Gibeon,50470,50450.588,403.9166706800461,0.008003104233803172,0.008006183610266185
2019,NAM.3.2_1,Mariental Rural,41800,41784.703,1105.7166761159897,0.02645255206019114,0.026462236127226677
2019,NAM.3.3_1,Mariental Urban,5919,5916.3883,1320.3666690587997,0.2230725914949822,0.22317106430411657
2019,NAM.3.4_1,Rehoboth East,280,282.7018,775.5261726379395,2.7697363308497835,2.7432653560435685
2019,NAM.3.5_1,Rehoboth Rural,10934,10933.0921,342.08333587646484,0.03128620229343926,0.03128880025234878
2019,NAM.3.6_1,Rehoboth West,320,326.0358,867.853289604187,2.7120415300130842,2.661834636357371
2019,NAM.4.1_1,Kahenge,8780,8778.9988,134.0,0.015261958997722095,0.01526369958039497
2019,NAM.4.2_1,Kapako,6150,6153.6288,370.5,0.06024390243902439,0.06020837693314778
2019,NAM.4.3_1,Mashare,9307,9291.9774,43.0,0.004620178360373912,0.004627647908366303
2019,NAM.4.4_1,Mpungu,8120,8124.596,569.7500050067902,0.07016625677423524,0.07012656478030631
2019,NAM.4.5_1,Mukwe,5506,5520.1333,353.8333387374878,0.06426322897520664,0.0640986951867706
2019,NAM.4.6_1,Ndiyona,8130,8137.2961,193.0,0.023739237392373925,0.023717952159333453
2019,NAM.4.7_1,Rundu Rural East,589,579.1941,906.2932415008545,1.5386982028876985,1.5647487707176297
2019,NAM.4.8_1,Rundu Rural West,2068,2085.5817,1308.2807884216309,0.632630942176804,0.627297794078987
2019,NAM.4.9_1,Rundu Urban,16,15.466,536.9253616333008,33.5578351020813,34.71642473171463
2019,NAM.5.1_1,Katutura Central,1,2.0258,63.0,63.0,31.099423384412624
2019,NAM.5.2_1,Katutura East,3,2.5003,189.0,63.0,75.5908747501534
2019,NAM.5.3_1,Khomasdal North,28,25.9498,1374.2145385742188,49.07909066336496,52.956641266315835
2019,NAM.5.4_1,Moses Garoeb,35,33.6444,881.5967020988464,25.188477202824185,26.203365684699424
2019,NAM.5.5_1,Soweto,3,1.8821,188.0,62.666666666666664,99.88681745844632
2019,NAM.5.6_1,Tobias Hainyeko,21,19.7976,893.3859233856201,42.542186827886674,45.126081189253085
2019,NAM.5.7_1,Wanaheda,18,19.2191,801.7999954223633,44.544444190131294,41.718975691987666
2019,NAM.5.8_1,Windhoek East,168,167.0933,3566.0785751342773,21.22665818532308,21.341843144142114
2019,NAM.5.9_1,Windhoek Rural,36601,36593.3945,7127.930155873299,0.1947468690984754,0.19478734509365211
2019,NAM.5.10_1,Windhoek West,211,208.5574,4015.77217900753,19.032095635106778,19.255000467580484
2019,NAM.6.1_1,Epupa,23523,23469.36,10.0,0.0004251158440675084,0.000426087460261935
2019,NAM.6.2_1,Kamanjab,17123,17116.4228,262.8309565782547,0.01534958573721046,0.01535548404222931
2019,NAM.6.3_1,Khorixas,21355,21306.0888,873.0833390951157,0.04088425844510024,0.040978114085440887
2019,NAM.6.4_1,Opuwo,25785,25775.8831,561.7646994590759,0.021786492125618614,0.021794197972101838
2019,NAM.6.5_1,Outjo,7459,7466.7658,755.1417087316513,0.10123900103655334,0.10113370756982977
2019,NAM.6.6_1,Sesfontein,20078,20197.3792,26.0,0.001294949696184879,0.0012872957312120225
2019,NAM.7.1_1,Eenhana,1115,1116.8929,769.3940494060516,0.6900395061937683,0.6888700439108656
2019,NAM.7.2_1,Endola,329,327.714,759.8333339691162,2.3095238114562804,2.318586628666242
2019,NAM.7.3_1,Engela,300,295.3584,808.3139657974243,2.6943798859914145,2.736722673383312
2019,NAM.7.4_1,Epembe,1811,1810.1363,0.0,0.0,0.0
2019,NAM.7.5_1,Ohangwena,166,170.3454,711.9333437681198,4.28875508294048,4.179351006915424
2019,NAM.7.6_1,Okongo,4639,4650.9389,299.8333349227905,0.06463318278137326,0.06446726993561154
2019,NAM.7.7_1,Omulonga,596,596.8697,256.5,0.4303691275167785,0.4297420151574209
2019,NAM.7.8_1,Omundaungilo,614,615.6942,97.75000190734863,0.15920195750382513,0.15876387663983707
2019,NAM.7.9_1,Ondobe,492,488.147,353.8083281517029,0.7191226181945181,0.7247987453404022
2019,NAM.7.10_1,Ongenga,325,317.2369,541.0,1.6646153846153846,1.705349934227904
2019,NAM.7.11_1,Oshikango,263,261.3174,789.1122907400131,3.000426960988643,3.0197464245665677
2019,NAM.8.1_1,Aminius,12925,12976.689,473.0000009536743,0.03659574475463631,0.036449975781188734
2019,NAM.8.2_1,Epukiro,11042,11045.2373,83.0,0.007516754211193625,0.007514551078098006
2019,NAM.8.3_1,Gobabis,5664,5663.9481,1861.7895476818085,0.32870578172348314,0.3287087962354044
2019,NAM.8.4_1,Kalahari,12259,12228.3118,287.11666679382324,0.023420888065406903,0.023479665161814576
2019,NAM.8.5_1,Otjinene,6417,6416.6813,263.2666710615158,0.04102644086980144,0.041028478438154097
2019,NAM.8.6_1,Otjombinde,18940,18917.6636,145.6666669845581,0.0076909539062596675,0.007700034740788773
2019,NAM.8.7_1,Steinhausen,17495,17494.913,60.0,0.003429551300371535,0.0034295683577702904
2019,NAM.9.1_1,Anamulenge,353,354.556,484.74762201309204,1.3732227252495526,1.367196090955557
2019,NAM.9.2_1,Elim,446,444.067,248.33333349227905,0.5568011961710293,0.5592248655884303
2019,NAM.9.3_1,Etayi,638,645.5953,374.1714324951172,0.5864755995221272,0.5795758155763708
2019,NAM.9.4_1,Ogongo,810,806.2305,242.33333587646484,0.2991769578721788,0.30057574338795817
2019,NAM.9.5_1,Okahao,9894,9898.584,1135.0774074792862,0.11472381316750416,0.11467068508071522
2019,NAM.9.6_1,Okalongo,658,658.7623,224.50000095367432,0.34118541178369954,0.3407905944845958
2019,NAM.9.7_1,Onesi,602,602.7373,141.0,0.23421926910299004,0.23393276980791744
2019,NAM.9.8_1,Oshikuku,278,277.047,543.0297682285309,1.9533444900306867,1.9600635735686571
2019,NAM.9.9_1,Otamanzi,4183,4182.1269,80.0,0.01912502988285919,0.019129022753650346
2019,NAM.9.10_1,Outapi,985,989.2764,536.6821520328522,0.5448549766830987,0.5424997206888995
2019,NAM.9.11_1,Ruacana,5383,5383.1524,600.4500095844269,0.11154560831960374,0.11154245019232396
2019,NAM.9.12_1,Tsandi,2358,2359.6538,451.7500034570694,0.19158185049069948,0.19144757655144
2019,NAM.10.1_1,Okaku,244,242.0189,687.2333364486694,2.8165300674125797,2.839585208377264
2019,NAM.10.2_1,Okatana,427,425.878,1584.4430222511292,3.7106393963726676,3.7204153077661575
2019,NAM.10.3_1,Okatyali,557,557.7031,22.0,0.03949730700179533,0.03944751069581501
2019,NAM.10.4_1,Ompundja,471,465.5087,1.0,0.0021231422505307855,0.0021481874817808125
2019,NAM.10.5_1,Ondangwa,208,209.0277,2977.2745143175125,14.313819780372656,14.243444317105892
2019,NAM.10.6_1,Ongwediva,204,203.8006,3033.303436279297,14.86913449156518,14.883680452602503
2019,NAM.10.7_1,Oshakati East,183,185.9598,2063.0193915367126,11.273330008397338,11.093897844417807
2019,NAM.10.8_1,Oshakati West,239,240.7417,1497.5797270536423,6.266023962567541,6.220690386075856
2019,NAM.10.9_1,Uukwiyu,301,299.5269,484.00724267959595,1.6079974839853686,1.615905839076207
2019,NAM.10.10_1,Uuvudhiya,5829,5822.0336,36.0,0.006176016469377252,0.006183406439363425
2019,NAM.11.1_1,Engodi,7796,7803.9972,0.0,0.0,0.0
2019,NAM.11.2_1,Guinas,10214,10209.5563,994.0500030517578,0.09732230302053631,0.0973646622771576
2019,NAM.11.3_1,Okankolo,3551,3549.9347,21.5,0.006054632497887919,0.006056449468809521
2019,NAM.11.4_1,Olukonda,243,241.1641,1249.363956451416,5.141415458647803,5.1805557619303295
2019,NAM.11.5_1,Omuntele,1794,1797.7673,142.0,0.07915273132664437,0.07898686494350024
2019,NAM.11.6_1,Omuthiyagwipundi,13389,13390.2501,1124.4409437179565,0.08398244407483431,0.0839746037949248
2019,NAM.11.7_1,Onayena,444,442.996,687.6666746139526,1.5487988166980915,1.5523088955931081
2019,NAM.11.8_1,Oniipa,370,372.1193,2104.699526786804,5.688377099423795,5.655980634164803
2019,NAM.11.9_1,Onyaanya,561,559.5222,177.0,0.3155080213903743,0.3163413233110513
2019,NAM.11.10_1,Tsumeb,276,271.1363,2516.782474040985,9.118777079858642,9.282351732472666
2019,NAM.12.1_1,Grootfontein,11270,11265.5385,2204.844451189041,0.195638371889001,0.19571585078855402
2019,NAM.12.2_1,Okahandja,5877,5877.3088,1914.650340437889,0.3257870240663415,0.32576990656402577
2019,NAM.12.3_1,Okakarara,14636,14639.1748,761.5773876905441,0.052034530451663306,0.05202324586202448
2019,NAM.12.4_1,Omatako,26149,26150.3971,1047.898413181305,0.04007412953387529,0.04007198850931628
2019,NAM.12.5_1,Otavi,12954,12956.7111,2257.7297716140747,0.17428823310283115,0.17425176503981962
2019,NAM.12.6_1,Otjiwarongo,5911,5915.0302,2873.072464942932,0.48605523006985824,0.4857240553311073
2019,NAM.12.7_1,Tsumkwe,27835,27828.7869,42.0,0.0015088916831327466,0.001509228561911585
2019,NAM.13.1_1,Kabe,2157,2150.7444,588.350004196167,0.27276309883920585,0.27355645561881137
2019,NAM.13.2_1,Katima Muliro Rural,1917,1914.9799,1326.666672706604,0.6920535590540449,0.6927836125251189
2019,NAM.13.3_1,Katima Muliro Urban,36,36.2162,1156.736042022705,32.13155672285292,31.939723673783778
2019,NAM.13.4_1,Kongola,4976,4979.563,223.5,0.04491559485530547,0.04488345649314715
2019,NAM.13.5_1,Linyandi,3787,3781.7482,144.66666793823242,0.03820086293589449,0.03825391298110573
2019,NAM.13.6_1,Sibinda,1669,1668.3867,15.0,0.008987417615338526,0.008990721581770571
2020,NAM.1.1_1,Berseba,31769,31765.2657,563.5833325386047,0.017740040055985545,0.01774212558458191
2020,NAM.1.2_1,Karas,38202,38195.2388,1952.1833400726318,0.05110160044166881,0.051110646243482126
2020,NAM.1.3_1,Keetmanshoop Rural,37919,37919.1022,877.8999997377396,0.023151981849145273,0.023151919473282927
2020,NAM.1.4_1,Keetmanshoop Urban,523,523.9898,2290.933051466942,4.380369123263751,4.372094883770335
2020,NAM.1.5_1,Luderitz,48521,48535.4537,1783.3298966884613,0.03675377458602381,0.03674282940272591
2020,NAM.1.6_1,Oranjemund,4235,4248.4234,4669.903333187103,1.1026926406581117,1.0992085570775716
2020,NAM.2.1_1,Arandis,13523,13523.4512,6842.394982814789,0.5059820293436951,0.5059651470986274
2020,NAM.2.2_1,Daures,17761,17769.6698,1235.833348274231,0.06958129318586966,0.06954734437027182
2020,NAM.2.3_1,Karibib,14543,14537.4955,3437.0246192216873,0.23633532415744257,0.23642481103193116
2020,NAM.2.4_1,Omaruru,8425,8425.7831,1658.1365957260132,0.19681146536807279,0.19679317321455206
2020,NAM.2.5_1,Swakopmund,195,196.7486,4159.8652811050415,21.332642467205343,21.143053500120626
2020,NAM.2.6_1,Walvisbay Rural,9130,9138.3767,5413.897773981094,0.5929789456715328,0.5924353935291886
2020,NAM.2.7_1,Walvisbay Urban,24,20.9025,1402.8539009094238,58.45224587122599,67.11404722545684
2020,NAM.3.1_1,Gibeon,50470,50450.588,429.9166706800461,0.008518261753121578,0.008521539348162457
2020,NAM.3.2_1,Mariental Rural,41800,41784.703,1278.8833459615707,0.030595295357932314,0.030606496050044896
2020,NAM.3.3_1,Mariental Urban,5919,5916.3883,1253.2333368062973,0.21173058570810901,0.21182405172029192
2020,NAM.3.4_1,Rehoboth East,280,282.7018,783.5023646354675,2.7982227308409553,2.7714795052908383
2020,NAM.3.5_1,Rehoboth Rural,10934,10933.0921,311.25000262260437,0.02846625229765908,0.028468616092186896
2020,NAM.3.6_1,Rehoboth West,320,326.0358,886.8532900810242,2.7714165315032004,2.7201104532101454
2020,NAM.4.1_1,Kahenge,8780,8778.9988,120.0,0.01366742596810934,0.013668984698861167
2020,NAM.4.2_1,Kapako,6150,6153.6288,317.0,0.05154471544715447,0.05151431980514939
2020,NAM.4.3_1,Mashare,9307,9291.9774,69.0,0.007413774578274417,0.007425760597145927
2020,NAM.4.4_1,Mpungu,8120,8124.596,551.5833377838135,0.06792898248569132,0.06789055608410778
2020,NAM.4.5_1,Mukwe,5506,5520.1333,391.0000057220459,0.07101344092300144,0.07083162449934416
2020,NAM.4.6_1,Ndiyona,8130,8137.2961,231.0,0.02841328413284133,0.028387808024901696
2020,NAM.4.7_1,Rundu Rural East,589,579.1941,1214.1128468513489,2.061312133873258,2.0962106938776492
2020,NAM.4.8_1,Rundu Rural West,2068,2085.5817,1450.0551505088806,0.7011872101106773,0.6952761251691976
2020,NAM.4.9_1,Rundu Urban,16,15.466,558.6379852294922,34.91487407684326,36.120315694347234
2020,NAM.5.1_1,Katutura Central,1,2.0258,63.0,63.0,31.099423384412624
2020,NAM.5.2_1,Katutura East,3,2.5003,189.0,63.0,75.5908747501534
2020,NAM.5.3_1,Khomasdal North,28,25.9498,1389.7151203155518,49.632682868412566,53.55397066696869
2020,NAM.5.4_1,Moses Garoeb,35,33.6444,887.0855956077576,25.345302731650218,26.366509992607966
2020,NAM.5.5_1,Soweto,3,1.8821,188.0,62.666666666666664,99.88681745844632
2020,NAM.5.6_1,Tobias Hainyeko,21,19.7976,894.6716461181641,42.60341171991257,45.19102471130431
2020,NAM.5.7_1,Wanaheda,18,19.2191,801.7999954223633,44.544444190131294,41.718975691987666
2020,NAM.5.8_1,Windhoek East,168,167.0933,3643.9727811813354,21.690314173698425,21.8080151289339
2020,NAM.5.9_1,Windhoek Rural,36601,36593.3945,7955.858733415604,0.2173672504416711,0.2174124278343613
2020,NAM.5.10_1,Windhoek West,211,208.5574,4041.115283370018,19.152205134455063,19.37651669524414
2020,NAM.6.1_1,Epupa,23523,23469.36,14.0,0.0005951621816945117,0.000596522444366709
2020,NAM.6.2_1,Kamanjab,17123,17116.4228,332.1357169151306,0.019397051738312833,0.01940450534191997
2020,NAM.6.3_1,Khorixas,21355,21306.0888,931.6877764463425,0.04362855427049134,0.0437287098328991
2020,NAM.6.4_1,Opuwo,25785,25775.8831,682.0932775735855,0.026453103648384158,0.026462460067698652
2020,NAM.6.5_1,Outjo,7459,7466.7658,864.691717505455,0.11592595756876994,0.11580538895558047
2020,NAM.6.6_1,Sesfontein,20078,20197.3792,42.0,0.002091841816914035,0.0020794777196501903
2020,NAM.7.1_1,Eenhana,1115,1116.8929,874.2702453136444,0.7840988747207573,0.7827700028926639
2020,NAM.7.2_1,Endola,329,327.714,1290.8333377838135,3.9235055859690378,3.9389018394181328
2020,NAM.7.3_1,Engela,300,295.3584,976.3524622917175,3.2545082076390583,3.305653537893979
2020,NAM.7.4_1,Epembe,1811,1810.1363,2.0,0.0011043622308117063,0.0011048891934690736
2020,NAM.7.5_1,Ohangwena,166,170.3454,805.7666815519333,4.854016153927309,4.730192540300248
2020,NAM.7.6_1,Okongo,4639,4650.9389,393.75000286102295,0.08487820712675641,0.08466032547090191
2020,NAM.7.7_1,Omulonga,596,596.8697,381.1666669845581,0.6395413875579834,0.6386094798471017
2020,NAM.7.8_1,Omundaungilo,614,615.6942,192.72619342803955,0.3138863085147224,0.3130225780218053
2020,NAM.7.9_1,Ondobe,492,488.147,583.1416583061218,1.1852472729799224,1.1946025818667954
2020,NAM.7.10_1,Ongenga,325,317.2369,694.8333344459534,2.1379487213721644,2.1902661389958626
2020,NAM.7.11_1,Oshikango,263,261.3174,982.1122939586639,3.734267277409369,3.7583118689272283
2020,NAM.8.1_1,Aminius,12925,12976.689,469.00000286102295,0.03628626714592054,0.0361417308904742
2020,NAM.8.2_1,Epukiro,11042,11045.2373,80.5,0.007290345951820322,0.007288209178155295
2020,NAM.8.3_1,Gobabis,5664,5663.9481,1950.1451054811478,0.344305279922519,0.34430843749512224
2020,NAM.8.4_1,Kalahari,12259,12228.3118,261.9666681289673,0.02136933421396258,0.021422962727695883
2020,NAM.8.5_1,Otjinene,6417,6416.6813,273.4333380460739,0.04261077420072836,0.04261289045461618
2020,NAM.8.6_1,Otjombinde,18940,18917.6636,160.1666669845581,0.008456529407843617,0.008466514169835317
2020,NAM.8.7_1,Steinhausen,17495,17494.913,26.0,0.001486138896827665,0.0014861462883671258
2020,NAM.9.1_1,Anamulenge,353,354.556,574.1738138198853,1.6265547133707798,1.6194162861976649
2020,NAM.9.2_1,Elim,446,444.067,588.333333492279,1.3191330347360517,1.3248750166422674
2020,NAM.9.3_1,Etayi,638,645.5953,741.3738121986389,1.162027918806644,1.148356861416983
2020,NAM.9.4_1,Ogongo,810,806.2305,377.08333683013916,0.46553498374091257,0.46771156711476836
2020,NAM.9.5_1,Okahao,9894,9898.584,1251.3543988466263,0.126476086400508,0.12641751588834066
2020,NAM.9.6_1,Okalongo,658,658.7623,307.33333563804626,0.4670719386596448,0.46653144637908484
2020,NAM.9.7_1,Onesi,602,602.7373,171.0,0.2840531561461794,0.2837056995542829
2020,NAM.9.8_1,Oshikuku,278,277.047,739.4000086784363,2.659712261433224,2.6688610976793354
2020,NAM.9.9_1,Otamanzi,4183,4182.1269,106.0,0.02534066459478843,0.02534595514858671
2020,NAM.9.10_1,Outapi,985,989.2764,640.0678679943085,0.6498150944104655,0.6470061251218882
2020,NAM.9.11_1,Ruacana,5383,5383.1524,758.8833453655243,0.1409777717565529,0.14097378033319224
2020,NAM.9.12_1,Tsandi,2358,2359.6538,662.4166713953018,0.2809231006765487,0.2807262101503313
2020,NAM.10.1_1,Okaku,244,242.0189,996.6000070571899,4.084426258431106,4.1178599590819545
2020,NAM.10.2_1,Okatana,427,425.878,2343.364107131958,5.4879721478500185,5.5024305534552
2020,NAM.10.3_1,Okatyali,557,557.7031,22.0,0.03949730700179533,0.03944751069581501
2020,NAM.10.4_1,Ompundja,471,465.5087,1.0,0.0021231422505307855,0.0021481874817808125
2020,NAM.10.5_1,Ondangwa,208,209.0277,3119.4175020456314,14.997199529065536,14.923464154388727
2020,NAM.10.6_1,Ongwediva,204,203.8006,3478.3723912239075,17.050845055019153,17.067525308194913
2020,NAM.10.7_1,Oshakati East,183,185.9598,2164.230170249939,11.826394372950487,11.638159349862084
2020,NAM.10.8_1,Oshakati West,239,240.7417,1634.1167682409286,6.837308653727735,6.78784193341152
2020,NAM.10.9_1,Uukwiyu,301,299.5269,506.84057664871216,1.683855736374459,1.6921371728926244
2020,NAM.10.10_1,Uuvudhiya,5829,5822.0336,37.0,0.006347572482415509,0.006355167729345743
2020,NAM.11.1_1,Engodi,7796,7803.9972,0.0,0.0,0.0
2020,NAM.11.2_1,Guinas,10214,10209.5563,1147.5666716098785,0.11235232735557847,0.11240122838770314
2020,NAM.11.3_1,Okankolo,3551,3549.9347,21.5,0.006054632497887919,0.006056449468809521
2020,NAM.11.4_1,Olukonda,243,241.1641,1284.697289466858,5.28682012126279,5.327067353685593
2020,NAM.11.5_1,Omuntele,1794,1797.7673,187.0,0.10423634336677814,0.10401791369320101
2020,NAM.11.6_1,Omuthiyagwipundi,13389,13390.2501,1418.747662305832,0.10596367632428351,0.10595378396056661
2020,NAM.11.7_1,Onayena,444,442.996,903.166675567627,2.034159179206367,2.038769241615414
2020,NAM.11.8_1,Oniipa,370,372.1193,2478.5439858436584,6.698767529307185,6.66061668491903
2020,NAM.11.9_1,Onyaanya,561,559.5222,234.0,0.41711229946524064,0.4182139528518984
2020,NAM.11.10_1,Tsumeb,276,271.1363,2690.179780602455,9.747028190588605,9.921872551442238
2020,NAM.12.1_1,Grootfontein,11270,11265.5385,2308.6111204624176,0.20484570722825357,0.20492683251988714
2020,NAM.12.2_1,Okahandja,5877,5877.3088,2362.173308134079,0.4019352234361203,0.401914104954997
2020,NAM.12.3_1,Okakarara,14636,14639.1748,808.6738156080246,0.055252378765238086,0.05524039632943012
2020,NAM.12.4_1,Omatako,26149,26150.3971,1437.4035749435425,0.054969734022086596,0.054966797175998804
2020,NAM.12.5_1,Otavi,12954,12956.7111,2445.20716047287,0.18876078126237994,0.18872128496396307
2020,NAM.12.6_1,Otjiwarongo,5911,5915.0302,2961.564432859421,0.5010259571746609,0.5006845820999581
2020,NAM.12.7_1,Tsumkwe,27835,27828.7869,27.0,0.0009700017962996228,0.0009702183612288761
2020,NAM.13.1_1,Kabe,2157,2150.7444,671.2916717529297,0.3112154250129484,0.31212062395079077
2020,NAM.13.2_1,Katima Muliro Rural,1917,1914.9799,1496.0924410820007,0.780434241565989,0.7812575286072102
2020,NAM.13.3_1,Katima Muliro Urban,36,36.2162,1172.9786262512207,32.58273961808946,32.388212899640166
2020,NAM.13.4_1,Kongola,4976,4979.563,212.5,0.04270498392282958,0.04267442731451351
2020,NAM.13.5_1,Linyandi,3787,3781.7482,138.66666793823242,0.036616495362617484,0.036667345175558204
2020,NAM.13.6_1,Sibinda,1669,1668.3867,15.0,0.008987417615338526,0.008990721581770571
2021,NAM.1.1_1,Berseba,31769,31765.2657,529.5833339691162,0.01666981440930203,0.016671774121599016
2021,NAM.1.2_1,Karas,38202,38195.2388,2064.6166739463806,0.05404472734271453,0.05405429412513175
2021,NAM.1.3_1,Keetmanshoop Rural,37919,37919.1022,710.7333332300186,0.018743461938079027,0.01874341143961158
2021,NAM.1.4_1,Keetmanshoop Urban,523,523.9898,2315.574722647667,4.427485129345444,4.419121890704393
2021,NAM.1.5_1,Luderitz,48521,48535.4537,1667.3298947811127,0.03436305712539133,0.034352823891848655
2021,NAM.1.6_1,Oranjemund,4235,4248.4234,4720.920000076294,1.1147390791207306,1.11121693343938
2021,NAM.2.1_1,Arandis,13523,13523.4512,6851.806870937347,0.5066780204789875,0.5066611150119628
2021,NAM.2.2_1,Daures,17761,17769.6698,1394.1666841506958,0.0784959565424636,0.07845765824946237
2021,NAM.2.3_1,Karibib,14543,14537.4955,3516.5642963647842,0.24180459990131226,0.24189615768244072
2021,NAM.2.4_1,Omaruru,8425,8425.7831,1729.174298286438,0.20524324015269294,0.2052241643287772
2021,NAM.2.5_1,Swakopmund,195,196.7486,4233.7211656570435,21.711390593113045,21.518435588928778
2021,NAM.2.6_1,Walvisbay Rural,9130,9138.3767,5579.7447826862335,0.611144006865962,0.6105838037817926
2021,NAM.2.7_1,Walvisbay Urban,24,20.9025,1406.69437789917,58.612265745798744,67.29777979653286
2021,NAM.3.1_1,Gibeon,50470,50450.588,392.0833373069763,0.0077686415158901585,0.007771630677487301
2021,NAM.3.2_1,Mariental Rural,41800,41784.703,1339.516683459282,0.03204585367127469,0.03205758540114549
2021,NAM.3.3_1,Mariental Urban,5919,5916.3883,1253.5666698217392,0.21178690147351567,0.21188039234564024
2021,NAM.3.4_1,Rehoboth East,280,282.7018,797.1690316200256,2.847032255785806,2.8198225469496343
2021,NAM.3.5_1,Rehoboth Rural,10934,10933.0921,273.25000262260437,0.024990854456064054,0.024992929658812592
2021,NAM.3.6_1,Rehoboth West,320,326.0358,898.8532915115356,2.808916535973549,2.7569162357389434
2021,NAM.4.1_1,Kahenge,8780,8778.9988,120.0,0.01366742596810934,0.013668984698861167
2021,NAM.4.2_1,Kapako,6150,6153.6288,333.0,0.054146341463414634,0.05411441165651339
2021,NAM.4.3_1,Mashare,9307,9291.9774,67.0,0.00719888256151284,0.007210521159547495
2021,NAM.4.4_1,Mpungu,8120,8124.596,556.3833379745483,0.06852011551410694,0.06848135471747864
2021,NAM.4.5_1,Mukwe,5506,5520.1333,513.8333387374878,0.09332243711178492,0.09308350274186693
2021,NAM.4.6_1,Ndiyona,8130,8137.2961,250.0,0.03075030750307503,0.03072273595768582
2021,NAM.4.7_1,Rundu Rural East,589,579.1941,1214.1128468513489,2.061312133873258,2.0962106938776492
2021,NAM.4.8_1,Rundu Rural West,2068,2085.5817,1467.958727836609,0.709844645955807,0.7038605778824075
2021,NAM.4.9_1,Rundu Urban,16,15.466,559.5379858016968,34.97112411260605,36.178507771600565
2021,NAM.5.1_1,Katutura Central,1,2.0258,63.0,63.0,31.099423384412624
2021,NAM.5.2_1,Katutura East,3,2.5003,189.0,63.0,75.5908747501534
2021,NAM.5.3_1,Khomasdal North,28,25.9498,1392.7579803466797,49.74135644095285,53.67123012141984
2021,NAM.5.4_1,Moses Garoeb,35,33.6444,893.823911190033,25.537826034000943,26.566790400736664
2021,NAM.5.5_1,Soweto,3,1.8821,188.0,62.666666666666664,99.88681745844632
2021,NAM.5.6_1,Tobias Hainyeko,21,19.7976,907.9270133972168,43.234619685581755,45.86057049702821
2021,NAM.5.7_1,Wanaheda,18,19.2191,801.7999954223633,44.544444190131294,41.718975691987666
2021,NAM.5.8_1,Windhoek East,168,167.0933,3713.8561277389526,22.106286474636622,22.22624467413236
2021,NAM.5.9_1,Windhoek Rural,36601,36593.3945,8303.320630908012,0.2268604855306689,0.22690763598787847
2021,NAM.5.10_1,Windhoek West,211,208.5574,4069.615286588669,19.287276239756725,19.513169759919933
2021,NAM.6.1_1,Epupa,23523,23469.36,0.0,0.0,0.0
2021,NAM.6.2_1,Kamanjab,17123,17116.4228,349.1357169151306,0.020389868417633045,0.020397703525712206
2021,NAM.6.3_1,Khorixas,21355,21306.0888,980.6711138486862,0.04592231860682211,0.046027739832073346
2021,NAM.6.4_1,Opuwo,25785,25775.8831,720.4266119003296,0.02793975613342368,0.02794963837928049
2021,NAM.6.5_1,Outjo,7459,7466.7658,911.3131455183029,0.12217631659985292,0.1220492473104032
2021,NAM.6.6_1,Sesfontein,20078,20197.3792,29.0,0.0014443669688215957,0.001435829854044179
2021,NAM.7.1_1,Eenhana,1115,1116.8929,919.4369165897369,0.8246071000804815,0.8232095758907765
2021,NAM.7.2_1,Endola,329,327.714,1868.0000085830688,5.677811576240331,5.700091913084151
2021,NAM.7.3_1,Engela,300,295.3584,1308.4397716522217,4.361465905507406,4.430007325562565
2021,NAM.7.4_1,Epembe,1811,1810.1363,10.0,0.005521811154058531,0.005524445967345368
2021,NAM.7.5_1,Ohangwena,166,170.3454,1025.0333511829376,6.174899705921311,6.017380989228696
2021,NAM.7.6_1,Okongo,4639,4650.9389,395.75000286102295,0.08530933452490255,0.08509034616858191
2021,NAM.7.7_1,Omulonga,596,596.8697,473.8333339691162,0.7950223724314031,0.7938639056087611
2021,NAM.7.8_1,Omundaungilo,614,615.6942,192.72619342803955,0.3138863085147224,0.3130225780218053
2021,NAM.7.9_1,Ondobe,492,488.147,601.3916592597961,1.222340770853244,1.2319888634808696
2021,NAM.7.10_1,Ongenga,325,317.2369,1044.333334684372,3.213333337490375,3.2919663283105383
2021,NAM.7.11_1,Oshikango,263,261.3174,1229.778963804245,4.675965641841236,4.70607373948325
2021,NAM.8.1_1,Aminius,12925,12976.689,476.75000286102295,0.03688588029872518,0.03673895565101258
2021,NAM.8.2_1,Epukiro,11042,11045.2373,88.0,0.007969570729940229,0.007967234877983427
2021,NAM.8.3_1,Gobabis,5664,5663.9481,2008.448375582695,0.35459893636700124,0.3546021883411994
2021,NAM.8.4_1,Kalahari,12259,12228.3118,205.816668510437,0.016789025900190636,0.01683115966519436
2021,NAM.8.5_1,Otjinene,6417,6416.6813,277.9333380460739,0.04331203647281812,0.04331418755472861
2021,NAM.8.6_1,Otjombinde,18940,18917.6636,153.1666669845581,0.008086941234665159,0.008096489617881814
2021,NAM.8.7_1,Steinhausen,17495,17494.913,9.0,0.0005144326950557302,0.0005144352536655436
2021,NAM.9.1_1,Anamulenge,353,354.556,628.6738138198853,1.7809456482149724,1.7731296487256514
2021,NAM.9.2_1,Elim,446,444.067,782.333333492279,1.754110613211388,1.7617459851847508
2021,NAM.9.3_1,Etayi,638,645.5953,970.040479183197,1.520439622544196,1.5025519134789418
2021,NAM.9.4_1,Ogongo,810,806.2305,491.4166717529297,0.606687249077691,0.6095237821538126
2021,NAM.9.5_1,Okahao,9894,9898.584,1442.7044010162354,0.1458160906626476,0.14574856388066523
2021,NAM.9.6_1,Okalongo,658,658.7623,316.33333563804626,0.48074975020979677,0.4801934300643066
2021,NAM.9.7_1,Onesi,602,602.7373,161.0,0.26744186046511625,0.26711472297216104
2021,NAM.9.8_1,Oshikuku,278,277.047,761.7166764736176,2.739988044869128,2.7494130124877314
2021,NAM.9.9_1,Otamanzi,4183,4182.1269,136.0,0.03251255080086063,0.03251933868120559
2021,NAM.9.10_1,Outapi,985,989.2764,659.0678679943085,0.6691044345119883,0.6662120827898416
2021,NAM.9.11_1,Ruacana,5383,5383.1524,756.8833453655243,0.14060623172311432,0.14060225081895503
2021,NAM.9.12_1,Tsandi,2358,2359.6538,721.5833394527435,0.3060149870452687,0.3058005103728816
2021,NAM.10.1_1,Okaku,244,242.0189,1307.1000108718872,5.356967257671669,5.400817538802265
2021,NAM.10.2_1,Okatana,427,425.878,2621.3926906585693,6.139092952361989,6.155266776419739
2021,NAM.10.3_1,Okatyali,557,557.7031,27.0,0.04847396768402154,0.048412854035772966
2021,NAM.10.4_1,Ompundja,471,465.5087,38.0,0.08067940552016985,0.08163112430767086
2021,NAM.10.5_1,Ondangwa,208,209.0277,3288.809177994728,15.811582586513115,15.733843208305183
2021,NAM.10.6_1,Ongwediva,204,203.8006,3633.481927871704,17.811185920939725,17.82860998934004
2021,NAM.10.7_1,Oshakati East,183,185.9598,2416.2301712036133,13.20344355848969,12.993290706766492
2021,NAM.10.8_1,Oshakati West,239,240.7417,1783.8501025438309,7.463807960434439,7.40980862830374
2021,NAM.10.9_1,Uukwiyu,301,299.5269,599.5072442293167,1.9917184193665007,2.001513967343526
2021,NAM.10.10_1,Uuvudhiya,5829,5822.0336,39.0,0.0066906845084920225,0.006698690309310377
2021,NAM.11.1_1,Engodi,7796,7803.9972,0.0,0.0,0.0
2021,NAM.11.2_1,Guinas,10214,10209.5563,1184.6000064611435,0.11597806994920144,0.11602854907551623
2021,NAM.11.3_1,Okankolo,3551,3549.9347,31.5,0.008870740636440439,0.008873402710116274
2021,NAM.11.4_1,Olukonda,243,241.1641,1371.3639602661133,5.643473087514869,5.6864354293035655
2021,NAM.11.5_1,Omuntele,1794,1797.7673,235.0,0.13099219620958752,0.1307176990262152
2021,NAM.11.6_1,Omuthiyagwipundi,13389,13390.2501,1566.9905264377594,0.11703566557903947,0.11702473957673454
2021,NAM.11.7_1,Onayena,444,442.996,1128.6666746139526,2.542042059941335,2.5478031491729674
2021,NAM.11.8_1,Oniipa,370,372.1193,2859.0439920425415,7.727145924439301,7.683138255799046
2021,NAM.11.9_1,Onyaanya,561,559.5222,282.0,0.5026737967914439,0.5040014303599801
2021,NAM.11.10_1,Tsumeb,276,271.1363,2851.241253018379,10.330584250066591,10.51589656938373
2021,NAM.12.1_1,Grootfontein,11270,11265.5385,2313.011120080948,0.20523612423078508,0.2053174041397334
2021,NAM.12.2_1,Okahandja,5877,5877.3088,2409.1494977474213,0.4099284495061122,0.4099069110448925
2021,NAM.12.3_1,Okakarara,14636,14639.1748,790.6738156080246,0.054022534545505915,0.05401081882272907
2021,NAM.12.4_1,Omatako,26149,26150.3971,1598.8869128227234,0.06114524122615486,0.061141974443703076
2021,NAM.12.5_1,Otavi,12954,12956.7111,2508.7321623563766,0.1936646720979139,0.19362414970957226
2021,NAM.12.6_1,Otjiwarongo,5911,5915.0302,3080.760470867157,0.521191079490299,0.5208359648676979
2021,NAM.12.7_1,Tsumkwe,27835,27828.7869,9.0,0.00032333393209987426,0.0003234061204096254
2021,NAM.13.1_1,Kabe,2157,2150.7444,774.8750076293945,0.359237370250067,0.36028224547104976
2021,NAM.13.2_1,Katima Muliro Rural,1917,1914.9799,1550.0091128349304,0.8085597876029893,0.8094127445335443
2021,NAM.13.3_1,Katima Muliro Urban,36,36.2162,1172.978630065918,32.582739724053276,32.388213004971355
2021,NAM.13.4_1,Kongola,4976,4979.563,184.5,0.03707797427652733,0.03705144395071879
2021,NAM.13.5_1,Linyandi,3787,3781.7482,96.16666793823242,0.025393891718572068,0.025429156552929877
2021,NAM.13.6_1,Sibinda,1669,1668.3867,15.0,0.008987417615338526,0.008990721581770571
2022,NAM.1.1_1,Berseba,31769,31765.2657,565.0000009536743,0.017784632848175087,0.01778672361912395
2022,NAM.1.2_1,Karas,38202,38195.2388,2099.3500080108643,0.05495392932335648,0.054963657049087684
2022,NAM.1.3_1,Keetmanshoop Rural,37919,37919.1022,829.5666667222977,0.021877335022608656,0.021877276080888387
2022,NAM.1.4_1,Keetmanshoop Urban,523,523.9898,2507.192012190819,4.793866180097168,4.784810870885245
2022,NAM.1.5_1,Luderitz,48521,48535.4537,1697.0760524272919,0.034976114515926957,0.0349656987154075
2022,NAM.1.6_1,Oranjemund,4235,4248.4234,4759.920000076294,1.123948051966067,1.1203968094812184
2022,NAM.2.1_1,Arandis,13523,13523.4512,7161.823543190956,0.5296031607772651,0.5295854904059271
2022,NAM.2.2_1,Daures,17761,17769.6698,1452.833351135254,0.08179907387732976,0.08175916398850781
2022,NAM.2.3_1,Karibib,14543,14537.4955,3612.2197563648224,0.24838202271641494,0.24847607099705724
2022,NAM.2.4_1,Omaruru,8425,8425.7831,1815.8048572540283,0.21552579908059682,0.21550576756974413
2022,NAM.2.5_1,Swakopmund,195,196.7486,4307.985889434814,22.092235330434946,21.89589565599806
2022,NAM.2.6_1,Walvisbay Rural,9130,9138.3767,6143.343497037888,0.6728744246481805,0.6722576365856096
2022,NAM.2.7_1,Walvisbay Urban,24,20.9025,1406.69437789917,58.612265745798744,67.29777979653286
2022,NAM.3.1_1,Gibeon,50470,50450.588,414.0833373069763,0.008204544032236503,0.008207700917245686
2022,NAM.3.2_1,Mariental Rural,41800,41784.703,1371.1833509206772,0.03280342944786309,0.03281543852014639
2022,NAM.3.3_1,Mariental Urban,5919,5916.3883,1294.109532237053,0.21863651499189946,0.21873302954649493
2022,NAM.3.4_1,Rehoboth East,280,282.7018,844.6535551548004,3.016619839838573,2.9877893454370366
2022,NAM.3.5_1,Rehoboth Rural,10934,10933.0921,282.25000262260437,0.025813974997494455,0.02581611855092756
2022,NAM.3.6_1,Rehoboth West,320,326.0358,933.6199593544006,2.917562372982502,2.863550757683404
2022,NAM.4.1_1,Kahenge,8780,8778.9988,122.0,0.013895216400911162,0.013896801110508854
2022,NAM.4.2_1,Kapako,6150,6153.6288,382.00000190734863,0.06211382144834937,0.062077193261270765
2022,NAM.4.3_1,Mashare,9307,9291.9774,67.0,0.00719888256151284,0.007210521159547495
2022,NAM.4.4_1,Mpungu,8120,8124.596,620.383339881897,0.07640188914801686,0.07635866975083598
2022,NAM.4.5_1,Mukwe,5506,5520.1333,555.5000057220459,0.10088993928842098,0.10063162976692756
2022,NAM.4.6_1,Ndiyona,8130,8137.2961,253.0,0.03111931119311193,0.03109140878917805
2022,NAM.4.7_1,Rundu Rural East,589,579.1941,1215.1128468513489,2.0630099267425277,2.0979372308295594
2022,NAM.4.8_1,Rundu Rural West,2068,2085.5817,1483.725399017334,0.7174687616137979,0.7114204214107757
2022,NAM.4.9_1,Rundu Urban,16,15.466,559.5379858016968,34.97112411260605,36.178507771600565
2022,NAM.5.1_1,Katutura Central,1,2.0258,63.0,63.0,31.099423384412624
2022,NAM.5.2_1,Katutura East,3,2.5003,189.0,63.0,75.5908747501534
2022,NAM.5.3_1,Khomasdal North,28,25.9498,1403.1178979873657,50.11135349954878,54.070459227681226
2022,NAM.5.4_1,Moses Garoeb,35,33.6444,916.9616479873657,26.19890422821045,27.25450460948249
2022,NAM.5.5_1,Soweto,3,1.8821,188.0,62.666666666666664,99.88681745844632
2022,NAM.5.6_1,Tobias Hainyeko,21,19.7976,915.5286979675293,43.596604665120445,46.24454143961374
2022,NAM.5.7_1,Wanaheda,18,19.2191,806.0545520782471,44.780808448791504,41.94034728929417
2022,NAM.5.8_1,Windhoek East,168,167.0933,3847.464952468872,22.901577098029,23.025850885824358
2022,NAM.5.9_1,Windhoek Rural,36601,36593.3945,9047.092557907104,0.24718156765954769,0.24723294163021367
2022,NAM.5.10_1,Windhoek West,211,208.5574,4163.832999825478,19.73380568637667,19.964928981200625
2022,NAM.6.1_1,Epupa,23523,23469.36,0.0,0.0,0.0
2022,NAM.6.2_1,Kamanjab,17123,17116.4228,358.1357169151306,0.020915477247861393,0.02092351432889633
2022,NAM.6.3_1,Khorixas,21355,21306.0888,1012.6711138486862,0.0474207967149935,0.0475296579102412
2022,NAM.6.4_1,Opuwo,25785,25775.8831,797.1960661411285,0.030917047358585557,0.030927982667458876
2022,NAM.6.5_1,Outjo,7459,7466.7658,956.560583949089,0.12824247002937245,0.128109091646414
2022,NAM.6.6_1,Sesfontein,20078,20197.3792,29.0,0.0014443669688215957,0.001435829854044179
2022,NAM.7.1_1,Eenhana,1115,1116.8929,932.4369165897369,0.8362662929055936,0.834849008997589
2022,NAM.7.2_1,Endola,329,327.714,2197.3333506584167,6.678824774037741,6.705033193195065
2022,NAM.7.3_1,Engela,300,295.3584,1555.78977060318,5.1859659020106,5.267464525405224
2022,NAM.7.4_1,Epembe,1811,1810.1363,15.0,0.008282716731087797,0.008286668951018051
2022,NAM.7.5_1,Ohangwena,166,170.3454,1225.2833545207977,7.381225027233722,7.19293353275093
2022,NAM.7.6_1,Okongo,4639,4650.9389,429.0833377838135,0.09249479150330103,0.09225735813833186
2022,NAM.7.7_1,Omulonga,596,596.8697,633.3333349227905,1.0626398236959573,1.0610913981134105
2022,NAM.7.8_1,Omundaungilo,614,615.6942,194.72619342803955,0.3171436375049504,0.3162709437208734
2022,NAM.7.9_1,Ondobe,492,488.147,635.3916592597961,1.2914464619101547,1.3016400146290341
2022,NAM.7.10_1,Ongenga,325,317.2369,1308.6666705608368,4.026666678648729,4.125202625817325
2022,NAM.7.11_1,Oshikango,263,261.3174,1282.4456346035004,4.876219142979089,4.907616653851916
2022,NAM.8.1_1,Aminius,12925,12976.689,495.75000286102295,0.03835589964108495,0.03820311958007442
2022,NAM.8.2_1,Epukiro,11042,11045.2373,107.00000047683716,0.00969027354436127,0.009687433360719323
2022,NAM.8.3_1,Gobabis,5664,5663.9481,2008.448375582695,0.35459893636700124,0.3546021883411994
2022,NAM.8.4_1,Kalahari,12259,12228.3118,205.816668510437,0.016789025900190636,0.01683115966519436
2022,NAM.8.5_1,Otjinene,6417,6416.6813,301.2000058889389,0.046937822329583746,0.04694015348527978
2022,NAM.8.6_1,Otjombinde,18940,18917.6636,154.1666669845581,0.008139739545119224,0.008149350268160886
2022,NAM.8.7_1,Steinhausen,17495,17494.913,35.0,0.002000571591883395,0.0020005815420326696
2022,NAM.9.1_1,Anamulenge,353,354.556,658.2571487426758,1.8647511295826509,1.8565673347031515
2022,NAM.9.2_1,Elim,446,444.067,938.0000004768372,2.1031390145220565,2.1122936530987926
2022,NAM.9.3_1,Etayi,638,645.5953,1483.207145690918,2.324776090424636,2.2974255019956202
2022,NAM.9.4_1,Ogongo,810,806.2305,623.9166717529297,0.7702674959912712,0.773868839571777
2022,NAM.9.5_1,Okahao,9894,9898.584,1641.1496522426605,0.1658732213707965,0.1657964062209367
2022,NAM.9.6_1,Okalongo,658,658.7623,377.3333375453949,0.5734549202817552,0.5727913223817168
2022,NAM.9.7_1,Onesi,602,602.7373,164.0,0.2724252491694352,0.2720920159467976
2022,NAM.9.8_1,Oshikuku,278,277.047,907.2238283157349,3.2633950658839384,3.27462044071003
2022,NAM.9.9_1,Otamanzi,4183,4182.1269,285.0,0.06813291895768588,0.06814714355987936
2022,NAM.9.10_1,Outapi,985,989.2764,676.5678699016571,0.6868709339103117,0.683901782569928
2022,NAM.9.11_1,Ruacana,5383,5383.1524,760.8833453655243,0.14134931178999152,0.1413453098474295
2022,NAM.9.12_1,Tsandi,2358,2359.6538,882.5833394527435,0.3742931889112568,0.37403085810703723
2022,NAM.10.1_1,Okaku,244,242.0189,1556.1000180244446,6.377459090264117,6.429662764573768
2022,NAM.10.2_1,Okatana,427,425.878,2764.2585124969482,6.473673331374586,6.490728628351107
2022,NAM.10.3_1,Okatyali,557,557.7031,34.0,0.06104129263913824,0.060964334711714106
2022,NAM.10.4_1,Ompundja,471,465.5087,45.0,0.09554140127388536,0.09666843668013655
2022,NAM.10.5_1,Ondangwa,208,209.0277,3390.424661397934,16.300118564413143,16.21997724554264
2022,NAM.10.6_1,Ongwediva,204,203.8006,3714.4985942840576,18.20832644256891,18.226139019833493
2022,NAM.10.7_1,Oshakati East,183,185.9598,2558.3135108947754,13.979855250791122,13.757344628117826
2022,NAM.10.8_1,Oshakati West,239,240.7417,1920.8440481424332,8.037004385533193,7.978858078520622
2022,NAM.10.9_1,Uukwiyu,301,299.5269,683.3239114284515,2.270179107735719,2.2813441640760317
2022,NAM.10.10_1,Uuvudhiya,5829,5822.0336,44.0,0.007548464573683308,0.007557496759221964
2022,NAM.11.1_1,Engodi,7796,7803.9972,0.0,0.0,0.0
2022,NAM.11.2_1,Guinas,10214,10209.5563,1218.266673207283,0.11927419945244595,0.11932611320978727
2022,NAM.11.3_1,Okankolo,3551,3549.9347,31.5,0.008870740636440439,0.008873402710116274
2022,NAM.11.4_1,Olukonda,243,241.1641,1540.3639698028564,6.338946377789533,6.387203182888028
2022,NAM.11.5_1,Omuntele,1794,1797.7673,321.0,0.17892976588628762,0.17855481441453222
2022,NAM.11.6_1,Omuthiyagwipundi,13389,13390.2501,1860.6889452934265,0.13897146503050464,0.13895849118582462
2022,NAM.11.7_1,Onayena,444,442.996,1263.166672706604,2.8449699835734323,2.851417605426338
2022,NAM.11.8_1,Oniipa,370,372.1193,3148.8273305892944,8.510344136727824,8.461875994874939
2022,NAM.11.9_1,Onyaanya,561,559.5222,378.0,0.6737967914438503,0.6755763853761435
2022,NAM.11.10_1,Tsumeb,276,271.1363,2946.1445056200027,10.674436614565227,10.865917034120017
2022,NAM.12.1_1,Grootfontein,11270,11265.5385,2330.011120080948,0.2067445536895251,0.2068264309836049
2022,NAM.12.2_1,Okahandja,5877,5877.3088,2656.6709339618683,0.4520454201058139,0.4520216687346607
2022,NAM.12.3_1,Okakarara,14636,14639.1748,830.6738165616989,0.05675552176562578,0.0567432133472101
2022,NAM.12.4_1,Omatako,26149,26150.3971,1720.8035819530487,0.06580762484045466,0.06580410896269032
2022,NAM.12.5_1,Otavi,12954,12956.7111,2605.2321642637253,0.20111410871265442,0.2010720276044897
2022,NAM.12.6_1,Otjiwarongo,5911,5915.0302,3132.2688069343567,0.5299050595388862,0.5295440076279123
2022,NAM.12.7_1,Tsumkwe,27835,27828.7869,9.0,0.00032333393209987426,0.0003234061204096254
2022,NAM.13.1_1,Kabe,2157,2150.7444,871.2833466529846,0.40393293771580185,0.4051078141415596
2022,NAM.13.2_1,Katima Muliro Rural,1917,1914.9799,1583.1757798194885,0.8258611266663999,0.8267323349338236
2022,NAM.13.3_1,Katima Muliro Urban,36,36.2162,1172.9786319732666,32.58273977703519,32.388213057636946
2022,NAM.13.4_1,Kongola,4976,4979.563,187.5,0.03768086816720257,0.03765390645398251
2022,NAM.13.5_1,Linyandi,3787,3781.7482,97.16666793823242,0.025657952980784902,0.02569358452052113
2022,NAM.13.6_1,Sibinda,1669,1668.3867,15.0,0.008987417615338526,0.008990721581770571
