year,gid,name,pixels,area_km2,sum_of_lights,mean_dn,density_sol_per_km2
1992,KAZ.1.1_1,Aksuskiy,13392,13387.4372,1213.0,0.09057646356033452,0.09060733465177129
1992,KAZ.1.2_1,Alakolskiy,36371,36368.3054,3099.0,0.08520524593769761,0.08521155907333668
1992,KAZ.1.3_1,Almaty (Alma-Ata),282,282.7159,13059.0,46.308510638297875,46.1912427304992
1992,KAZ.1.4_1,Balkhashskiy,38307,38315.691,1416.0,0.03696452345524317,0.03695613890186592
1992,KAZ.1.5_1,Enbekshikazakhskiy,9627,9630.8366,6275.0,0.651812610366677,0.6515529526141757
1992,KAZ.1.6_1,Iliyskiy,8381,8378.8611,11064.0,1.320128862904188,1.3204658552964998
1992,KAZ.1.7_1,Karasayskiy,2205,2204.1313,10207.0,4.629024943310657,4.630849398113432
1992,KAZ.1.8_1,Karatal`skiy,23995,23985.4486,2333.0,0.0972285892894353,0.09726730737593667
1992,KAZ.1.9_1,Kerbulakskiy,11144,11157.1654,1561.0,0.14007537688442212,0.1399100890547522
1992,KAZ.1.10_1,Koksuskiy,6956,6947.0051,1616.0,0.23231742380678552,0.2326182252297762
1992,KAZ.1.11_1,Panfilovskiy,10411,10410.9861,4123.0,0.3960234367495918,0.39602396372132076
1992,KAZ.1.12_1,Raiymbekskiy,13935,13917.9794,893.0,0.0640832436311446,0.06416161233519362
1992,KAZ.1.13_1,Sarkandskiy,10192,10198.9963,1485.0,0.14570251177394034,0.14560256278800113
1992,KAZ.1.14_1,Taldyqorghan,4387,4397.3056,8039.0,1.8324595395486665,1.8281649590300508
1992,KAZ.1.15_1,Talgarskiy,6069,6058.0912,7708.0,1.2700609655626958,1.272347953067344
1992,KAZ.1.16_1,Uygurskiy,8457,8462.7736,808.0,0.09554215442828426,0.09547697239366747
1992,KAZ.1.17_1,Zhambylskiy,18472,18473.3386,3779.0,0.2045799047206583,0.2045650810863338
1992,KAZ.2.1_1,Akkol`skiy,10514,10522.4756,12084.0,1.1493247099105954,1.148398952883931
1992,KAZ.2.2_1,Arshalynskiy,6017,6024.4332,5839.0,0.9704171514043544,0.9692198132180015
1992,KAZ.2.3_1,Astrakhansiy,7222,7218.1971,4496.0,0.6225422320686791,0.622870215417203
1992,KAZ.2.4_1,Atbasarskiy,10873,10869.0932,6585.0,0.6056286213556517,0.6058463117818086
1992,KAZ.2.5_1,Bulandynskiy,5187,5190.895,5647.0,1.0886832465779834,1.0878663448660366
1992,KAZ.2.6_1,Egindykol`skiy,5259,5276.6597,2332.0,0.44343030994485644,0.44194625742630467
1992,KAZ.2.7_1,Enbekshil`derskiy,10606,10606.0361,4060.0,0.3828021874410711,0.3828008848200579
1992,KAZ.2.8_1,Ereymengauskiy,17508,17501.7015,5558.0,0.31745487777016224,0.3175691235613474
1992,KAZ.2.9_1,Esil`skiy,8678,8679.3199,3473.0,0.4002074210647615,0.4001465581424917
1992,KAZ.2.10_1,Korgalzhynskiy,9193,9172.9782,2161.0,0.23507016207984335,0.23558324775128753
1992,KAZ.2.11_1,Sandyktauskiy,6307,6302.6735,4480.0,0.7103218645948945,0.7108094693406112
1992,KAZ.2.12_1,Shortandinskiy,4586,4588.3371,5372.0,1.1713911905800263,1.170794524812243
1992,KAZ.2.13_1,Shuchinskiy,5898,5909.4278,11820.0,2.004069175991862,2.0001936406990546
1992,KAZ.2.14_1,Tselinogradskiy,8277,8278.398,20488.0,2.4752929805485078,2.4748749831124566
1992,KAZ.2.15_1,Zerendinskiy,8418,8408.3167,16195.0,1.9238536469470182,1.9260692302521298
1992,KAZ.2.16_1,Zhaksynskiy,10057,10056.5071,3154.0,0.3136124092671771,0.3136277797486479
1992,KAZ.2.17_1,Zharkainskiy,12416,12426.2702,2660.0,0.21423969072164947,0.21406262408293694
1992,KAZ.3.1_1,Alginskiy,7474,7465.03,2299.0,0.3075996788868076,0.3079692903197933
1992,KAZ.3.2_1,Aqtobe,2396,2398.9899,11445.0,4.776711185308848,4.770757922267861
1992,KAZ.3.3_1,Aytekebiyskiy,36132,36128.4233,2006.0,0.055518653824864386,0.05552415011887553
1992,KAZ.3.4_1,Bayganinskiy,61863,61859.4222,542.0,0.00876129511986163,0.008761801849005517
1992,KAZ.3.5_1,Irgizskiy,41431,41435.2616,170.0,0.004103207742994376,0.004102785727395416
1992,KAZ.3.6_1,Kargalinskiy,4844,4833.9448,5306.0,1.0953757225433527,1.0976542342855813
1992,KAZ.3.7_1,Khobdinskiy,13618,13617.909,307.0,0.022543692172125127,0.02254384280307805
1992,KAZ.3.8_1,Khromtauskiy,12764,12776.9987,8261.0,0.6472109056722031,0.6465524670228047
1992,KAZ.3.9_1,Martukskiy,6479,6474.1115,1080.0,0.16669239080104956,0.16681825845450168
1992,KAZ.3.10_1,Mugalzharskiy,29413,29418.8846,51054.0,1.7357630979498861,1.7354158938389213
1992,KAZ.3.11_1,Shalkarskiy,61988,61995.1616,2174.0,0.03507130412337872,0.035067252740531865
1992,KAZ.3.12_1,Temirskiy,12513,12509.9697,2602.0,0.20794373851194758,0.20799410917741926
1992,KAZ.3.13_1,Uilskiy,10813,10805.3021,250.0,0.023120318135577547,0.023136789488327984
1992,KAZ.4.1_1,Atyrau,3133,3136.9405,7040.0,2.2470475582508778,2.2442248874233024
1992,KAZ.4.2_1,Inderskiy,11379,11381.1544,497.0,0.043676948765269355,0.04366868105232268
1992,KAZ.4.3_1,Isatayskiy,13984,13973.895,7086.0,0.5067219679633868,0.5070883974297514
1992,KAZ.4.4_1,Kurmangazinskiy,20963,20971.928,1250.0,0.059628869913657394,0.05960348520294683
1992,KAZ.4.5_1,Kzylkoginskiy,23848,23831.6595,2573.0,0.10789164709828916,0.10796562455378894
1992,KAZ.4.6_1,Makatskiy,4648,4645.3358,743.0,0.15985370051635112,0.15994538002609845
1992,KAZ.4.7_1,Makhambetskiy,9233,9238.6483,4468.0,0.48391638687317234,0.48362053202369015
1992,KAZ.4.8_1,Zhylyoyskiy,30176,30180.7623,33601.0,1.1135007953340403,1.113325093781926
1992,KAZ.5.1_1,Abayskiy,19546,19548.8915,673.0,0.03443159725775095,0.03442650449662548
1992,KAZ.5.2_1,Ayagozskiy,46653,46624.2114,4869.0,0.1043662786959038,0.10443072063646298
1992,KAZ.5.3_1,Beskaragayskiy,9766,9771.5976,3146.0,0.32213802989965185,0.32195349452097216
1992,KAZ.5.4_1,Borodulikhinskiy,6225,6218.2645,4366.0,0.7013654618473896,0.7021251668911357
1992,KAZ.5.5_1,Glubokovskiy,7471,7460.8603,13940.0,1.865881408111364,1.8684172385882043
1992,KAZ.5.6_1,Katon-Karagayskiy,13115,13114.1525,1215.0,0.09264201296225696,0.09264800016858638
1992,KAZ.5.7_1,Kokpektinskiy,14505,14517.2114,1193.0,0.08224750086177181,0.08217831675527788
1992,KAZ.5.8_1,Kurchumskiy,23877,23872.8825,1196.0,0.05009004481299996,0.05009868409194831
1992,KAZ.5.9_1,Leninogorsk,3227,3235.8558,4057.0,1.2572048342113418,1.2537641498122252
1992,KAZ.5.10_1,Semipalatinskiy,31307,31325.8457,16263.0,0.5194684894751972,0.5191559762478919
1992,KAZ.5.11_1,Shemonaikhinskiy,4074,4071.623,7835.0,1.9231713303878253,1.9242940807591808
1992,KAZ.5.12_1,Tarbagatayskiy,22626,22609.7774,1513.0,0.06686997259789623,0.0669179520686983
1992,KAZ.5.13_1,Ulanskiy,9852,9854.1714,13817.0,1.402456354039789,1.4021473245186533
1992,KAZ.5.14_1,Urdzharskiy,25124,25114.9445,3687.0,0.14675210953669798,0.14680502299318307
1992,KAZ.5.15_1,Zaysanskiy,9565,9561.1695,1250.0,0.13068478829064298,0.13073714397348615
1992,KAZ.5.16_1,Zharminskiy,22270,22279.605,4069.0,0.18271216883700045,0.1826333991749347
1992,KAZ.5.17_1,Zyryanovsk,11445,11445.8901,10029.0,0.8762778505897771,0.876209706708412
1992,KAZ.6.1_1,Aqtau,1352,1352.7086,13242.0,9.794378698224852,9.789248017728259
1992,KAZ.6.2_1,Beyneuskiy,39572,39560.655,1074.0,0.02714040230465986,0.027148185492350485
1992,KAZ.6.3_1,Karakiyanskiy,65617,65609.5753,15262.0,0.23259216361613605,0.23261848480170783
1992,KAZ.6.4_1,Manghystauskiy,49500,49519.3216,10888.0,0.21995959595959597,0.21987377155183385
1992,KAZ.6.5_1,Tupkaraganskiy,10066,10061.9108,15548.0,1.5446056030200677,1.5452333328337362
1992,KAZ.7.1_1,Akzharskiy,8055,8060.5054,3730.0,0.46306641837368095,0.46275014242878465
1992,KAZ.7.2_1,Ayyrtauskiy,9630,9633.5514,5843.0,0.6067497403946002,0.6065260657336807
1992,KAZ.7.3_1,Bulaevskiy,7907,7908.5235,7886.0,0.9973441254584545,0.9971519994957373
1992,KAZ.7.4_1,Esil`skiy,4926,4923.8679,4968.0,1.0085261875761267,1.008962891546664
1992,KAZ.7.5_1,Kyzylzharskiy,6308,6303.3423,22736.0,3.6043119847812304,3.6069753099860518
1992,KAZ.7.6_1,Mamlyutskiy,4138,4151.6206,5551.0,1.3414693088448526,1.3370682178706375
1992,KAZ.7.7_1,Shal Akyna,4758,4759.1509,2515.0,0.528583438419504,0.5284556129387432
1992,KAZ.7.8_1,Sovetskiy,4636,4635.5038,6577.0,1.4186798964624676,1.4188317533058359
1992,KAZ.7.9_1,Taiynshinskiy,11127,11129.4809,10909.0,0.980408016536353,0.9801894750312214
1992,KAZ.7.10_1,Timiryazevskiy,4768,4775.0033,3019.0,0.6331795302013423,0.6322508671390684
1992,KAZ.7.11_1,Tselinniy,12298,12291.1075,5939.0,0.4829240526914946,0.48319486420828495
1992,KAZ.7.12_1,Ualikhanovskiy,12586,12586.5573,3180.0,0.252661687589385,0.25265050068271483
1992,KAZ.7.13_1,Zhambylskiy,7722,7713.3211,3309.0,0.4285159285159285,0.42899808860813154
1992,KAZ.8.1_1,Aksuskiy,8081,8080.2883,19772.0,2.446726890236357,2.446942388791063
1992,KAZ.8.2_1,Aktogayskiy,9409,9403.9423,2389.0,0.25390583483898393,0.2540423935225269
1992,KAZ.8.3_1,Bayanaul`skiy,18623,18613.3374,6834.0,0.3669655801965312,0.3671560802549279
1992,KAZ.8.4_1,Ekibastuz,19241,19236.1846,42408.0,2.204043448885193,2.204595191471494
1992,KAZ.8.5_1,Irtyshskiy,10103,10102.5432,4871.0,0.4821340195981392,0.4821558222443686
1992,KAZ.8.6_1,Kachirskiy,6831,6833.7305,3743.0,0.5479432001171132,0.5477242629809496
1992,KAZ.8.7_1,Lebyazhinskiy,8094,8100.0565,2664.0,0.3291326908821349,0.3288865928710343
1992,KAZ.8.8_1,Mayskiy,18058,18048.9733,3556.0,0.1969210322294828,0.1970195167131939
1992,KAZ.8.9_1,Pavlodarskiy,6527,6532.3778,33042.0,5.062356365864869,5.058188771305542
1992,KAZ.8.10_1,Sherbaktinskiy,6979,6974.1198,5664.0,0.8115775899125949,0.8121455010171673
1992,KAZ.8.11_1,Uspenskiy,5590,5581.5676,4996.0,0.8937388193202147,0.8950890432796913
1992,KAZ.8.12_1,Zhelezinskiy,7598,7584.3494,2858.0,0.376151618847065,0.37682863177007675
1992,KAZ.9.1_1,Abayskiy,6708,6706.9089,18228.0,2.717352415026834,2.7177945015870657
1992,KAZ.9.2_1,Aktogayskiy,56475,56483.5207,10273.0,0.18190349712262063,0.1818760565363043
1992,KAZ.9.3_1,Bukhar-Zhyrauskiy,15297,15298.2434,66824.0,4.368438255867163,4.368083190221631
1992,KAZ.9.4_1,Karkaralinskiy,35215,35227.1629,5539.0,0.15729092716172086,0.1572366190465508
1992,KAZ.9.5_1,Nurinskiy,47011,47004.3867,4183.0,0.08897917508668184,0.0889916941231659
1992,KAZ.9.6_1,Osakarovskiy,11120,11123.7267,8768.0,0.7884892086330936,0.7882250458207457
1992,KAZ.9.7_1,Shetskiy,66230,66248.7613,9082.0,0.13712818964215612,0.1370893556891044
1992,KAZ.9.8_1,Ulytauskiy,128675,128672.5201,29387.0,0.22838158150378862,0.22838598303675267
1992,KAZ.9.9_1,Zhanaarkinskiy,63004,63031.6413,6106.0,0.09691448162021458,0.09687198162665021
1992,KAZ.10.1_1,Altynsarinskiy,5349,5356.2087,4017.0,0.7509814918676389,0.7499707723200649
1992,KAZ.10.2_1,Amangel`dinskiy,28028,28028.9463,544.0,0.019409162266305124,0.019408506980813933
1992,KAZ.10.3_1,Arkalyk,11294,11285.7064,4496.0,0.3980874800779175,0.3983800259000777
1992,KAZ.10.4_1,Auliekol`skiy,11042,11044.7742,6972.0,0.6314073537402645,0.631248756685154
1992,KAZ.10.5_1,Denisovskiy,6504,6510.3182,6398.0,0.9837023370233703,0.9827476683034138
1992,KAZ.10.6_1,Dzhangil`dinskiy,38581,38583.4343,393.0,0.010186361162230113,0.010185718496876701
1992,KAZ.10.7_1,Fyodorovskiy,6781,6767.2202,11928.0,1.759032591063265,1.7626144376128166
1992,KAZ.10.8_1,Kamystinskiy,12932,12927.5113,3415.0,0.2640736158366842,0.26416530678167244
1992,KAZ.10.9_1,Karabalykskiy,7266,7284.2803,15343.0,2.1116157445637214,2.1063165402769255
1992,KAZ.10.10_1,Karasuskiy,12827,12830.2125,3540.0,0.2759803539409059,0.27591125214127765
1992,KAZ.10.11_1,Mendykarinskiy,6803,6798.9183,4674.0,0.6870498309569307,0.6874622991586514
1992,KAZ.10.12_1,Naurzumskiy,16090,16095.4503,1551.0,0.0963952765692977,0.09636263489062469
1992,KAZ.10.13_1,Qostanay,8151,8150.5045,38813.0,4.76174702490492,4.76203648126672
1992,KAZ.10.14_1,Sarykol`skiy,6387,6385.6753,6045.0,0.9464537341474871,0.9466500674568422
1992,KAZ.10.15_1,Taranovskiy,7750,7745.2217,25956.0,3.3491612903225807,3.351227487610925
1992,KAZ.10.16_1,Uzunkol`skiy,7723,7734.567,3577.0,0.4631619836850965,0.46246932881235403
1992,KAZ.10.17_1,Zhitikarinskiy,7564,7543.3034,10900.0,1.4410364886303544,1.4449902683823628
1992,KAZ.11.1_1,Aral`skiy,55256,55264.9883,2828.0,0.0511799623570291,0.0511716384754219
1992,KAZ.11.2_1,Karmakchinskiy,31362,31363.2928,6400.0,0.204068618072827,0.20406020602718672
1992,KAZ.11.3_1,Kazalinskiy,38288,38287.1923,2647.0,0.0691339323025491,0.06913539079378876
1992,KAZ.11.4_1,Qyzylorda,2322,2316.0783,4431.0,1.9082687338501292,1.913147743531326
1992,KAZ.11.5_1,Shieliyskiy,30904,30911.1087,1993.0,0.0644900336526016,0.0644752027402398
1992,KAZ.11.6_1,Terenozekskiy,30947,30952.9512,662.0,0.02139141112224125,0.021387298246896093
1992,KAZ.11.7_1,Zhalagashskiy,23287,23286.5285,821.0,0.03525572207669515,0.03525643594745109
1992,KAZ.11.8_1,Zhanakorganskiy,16813,16811.4924,1514.0,0.09004936656158925,0.09005744190918927
1992,KAZ.12.1_1,Arysskiy,6341,6343.9785,3902.0,0.6153603532565841,0.6150714381389539
1992,KAZ.12.2_1,Baydibekskiy,6962,6962.3081,811.0,0.11648951450732548,0.11648436010120829
1992,KAZ.12.3_1,Chardarinskiy,12114,12109.0736,2462.0,0.20323592537559848,0.20331860929720805
1992,KAZ.12.4_1,Kazygurtskiy,3943,3948.8778,752.0,0.19071772761856454,0.19043384745294722
1992,KAZ.12.5_1,Maktaaral`skiy,2113,2121.6773,11662.0,5.519167061050639,5.496594510171508
1992,KAZ.12.6_1,Ordabasynskiy,2723,2712.62,4443.0,1.6316562614763128,1.6378999170083892
1992,KAZ.12.7_1,Otrarskiy,18582,18584.8986,1590.0,0.08556667742977074,0.08555333178728866
1992,KAZ.12.8_1,Saryagashskiy,7438,7439.5216,15700.0,2.1107824684054854,2.1103507644245623
1992,KAZ.12.9_1,Sayramskiy,1701,1704.567,11379.0,6.689594356261023,6.675595643463825
1992,KAZ.12.10_1,Shymkent,334,332.2048,10084.0,30.191616766467067,30.35476829543784
1992,KAZ.12.11_1,Suzakskiy,40794,40796.9964,3291.0,0.0806736284747757,0.0806677033075287
1992,KAZ.12.12_1,Tolebiyskiy,2918,2917.8616,2313.0,0.7926662097326936,0.7927038070689271
1992,KAZ.12.13_1,Turkestan,7753,7749.8781,9162.0,1.181736102154005,1.1822121486919221
1992,KAZ.12.14_1,Tyul`kubaskiy,2149,2153.7102,1421.0,0.6612377850162866,0.6597916479102146
1992,KAZ.13.1_1,Akzhaikskiy,26028,26032.0325,877.0,0.03369448286460735,0.033689263413187245
1992,KAZ.13.2_1,Burlinskiy,5354,5358.1927,16237.0,3.0326858423608516,3.0303128050458783
1992,KAZ.13.3_1,Chingirlauskiy,7361,7357.6497,996.0,0.13530770275777748,0.1353693143910163
1992,KAZ.13.4_1,Dzhangalinskiy,21494,21491.9701,182.0,0.008467479296547873,0.008468279033298855
1992,KAZ.13.5_1,Dzhanybekskiy,8009,8003.5822,429.0,0.053564739667873645,0.05360099881078898
1992,KAZ.13.6_1,Karatobinskiy,9925,9939.6014,253.0,0.025491183879093198,0.025453736918757616
1992,KAZ.13.7_1,Kaztalovskiy,19736,19743.3866,846.0,0.04286582894203486,0.04284979159703311
1992,KAZ.13.8_1,Syrymskiy,12624,12614.5173,1398.0,0.11074144486692016,0.1108246925704906
1992,KAZ.13.9_1,Taskalinskiy,8222,8219.7343,592.0,0.0720019459985405,0.07202179285927102
1992,KAZ.13.10_1,Terektinskiy,8682,8680.1014,3216.0,0.3704215618521078,0.37050258268440406
1992,KAZ.13.11_1,Urdinskiy,19364,19368.9902,273.0,0.014098326791985126,0.014094694535391989
1992,KAZ.13.12_1,Zelenovskiy,8122,8118.9478,11859.0,1.4601083476976113,1.4606572521095973
1992,KAZ.14.1_1,Bayzakskiy,4789,4785.8197,6544.0,1.3664648152015035,1.3673728571045942
1992,KAZ.14.2_1,Kordayskiy,8629,8625.2652,4488.0,0.5201066172209989,0.5203318298402787
1992,KAZ.14.3_1,Lugovskoy,8992,8994.9512,1317.0,0.1464635231316726,0.14641546934355626
1992,KAZ.14.4_1,Merkenskiy,6255,6245.7744,2759.0,0.4410871302957634,0.4417386600865502
1992,KAZ.14.5_1,Moyynkumskiy,49602,49586.5382,2312.0,0.04661102374904238,0.04662555775065768
1992,KAZ.14.6_1,Sarysuskiy,30981,30958.0923,4023.0,0.1298537813498596,0.12994986787631146
1992,KAZ.14.7_1,Shuskiy,11620,11617.7944,4812.0,0.41411359724612734,0.4141922152314035
1992,KAZ.14.8_1,Talasskiy,11742,11739.8088,1335.0,0.11369443025038324,0.11371565126657811
1992,KAZ.14.9_1,Zhamb.,950,949.293,0.0,0.0,0.0
1992,KAZ.14.10_1,Zhambylskiy,2909,2908.9839,4882.0,1.6782399449982812,1.678249204634422
1992,KAZ.14.11_1,Zhualy,690,690.1558,0.0,0.0,0.0
1992,KAZ.14.12_1,Zhualynskiy,3181,3177.7961,429.0,0.13486325055014148,0.1349992223650093
1993,KAZ.1.1_1,Aksuskiy,13392,13387.4372,3725.0,0.2781511350059737,0.2782459369974015
1993,KAZ.1.2_1,Alakolskiy,36371,36368.3054,5896.0,0.1621071732974073,0.16211918434862632
1993,KAZ.1.3_1,Almaty (Alma-Ata),282,282.7159,14681.0,52.06028368794326,51.92845045765057
1993,KAZ.1.4_1,Balkhashskiy,38307,38315.691,2203.0,0.05750907144908241,0.05749602683673066
1993,KAZ.1.5_1,Enbekshikazakhskiy,9627,9630.8366,13499.0,1.4022021398151034,1.4016435549543835
1993,KAZ.1.6_1,Iliyskiy,8381,8378.8611,18471.0,2.2039136141271927,2.2044762123266133
1993,KAZ.1.7_1,Karasayskiy,2205,2204.1313,16475.0,7.471655328798186,7.47460016007826
1993,KAZ.1.8_1,Karatal`skiy,23995,23985.4486,5407.0,0.22533861221087725,0.2254283458987096
1993,KAZ.1.9_1,Kerbulakskiy,11144,11157.1654,3792.0,0.3402727925340991,0.33987127334761075
1993,KAZ.1.10_1,Koksuskiy,6956,6947.0051,3823.0,0.5495974698102357,0.5503090810974224
1993,KAZ.1.11_1,Panfilovskiy,10411,10410.9861,5895.0,0.5662280280472577,0.5662287815030769
1993,KAZ.1.12_1,Raiymbekskiy,13935,13917.9794,937.0,0.06724076067456046,0.06732299077052231
1993,KAZ.1.13_1,Sarkandskiy,10192,10198.9963,3600.0,0.3532182103610675,0.3529759097890936
1993,KAZ.1.14_1,Taldyqorghan,4387,4397.3056,13896.0,3.1675404604513333,3.1601169636374657
1993,KAZ.1.15_1,Talgarskiy,6069,6058.0912,14392.0,2.3713956170703576,2.375665768103946
1993,KAZ.1.16_1,Uygurskiy,8457,8462.7736,1185.0,0.14012061014544164,0.14002501520605934
1993,KAZ.1.17_1,Zhambylskiy,18472,18473.3386,10270.0,0.5559766132524903,0.5559363278001186
1993,KAZ.2.1_1,Akkol`skiy,10514,10522.4756,14503.0,1.3793988967091497,1.3782878197348272
1993,KAZ.2.2_1,Arshalynskiy,6017,6024.4332,9459.0,1.5720458700349011,1.570106219083589
1993,KAZ.2.3_1,Astrakhansiy,7222,7218.1971,5195.0,0.7193298255330933,0.7197088009547086
1993,KAZ.2.4_1,Atbasarskiy,10873,10869.0932,8557.0,0.7869953094822036,0.7872781913313495
1993,KAZ.2.5_1,Bulandynskiy,5187,5190.895,6056.0,1.1675342201657992,1.166658152029169
1993,KAZ.2.6_1,Egindykol`skiy,5259,5276.6597,3252.0,0.6183685111237878,0.6162989833406273
1993,KAZ.2.7_1,Enbekshil`derskiy,10606,10606.0361,5287.0,0.4984914199509711,0.4984897236560705
1993,KAZ.2.8_1,Ereymengauskiy,17508,17501.7015,7079.0,0.4043294493945625,0.40447495964209756
1993,KAZ.2.9_1,Esil`skiy,8678,8679.3199,4750.0,0.5473611431205346,0.54727790128904
1993,KAZ.2.10_1,Korgalzhynskiy,9193,9172.9782,2872.0,0.31241161753508107,0.3130935157527523
1993,KAZ.2.11_1,Sandyktauskiy,6307,6302.6735,6300.0,0.9988901220865705,0.9995758162602345
1993,KAZ.2.12_1,Shortandinskiy,4586,4588.3371,6642.0,1.4483209768861753,1.4475832527555694
1993,KAZ.2.13_1,Shuchinskiy,5898,5909.4278,14138.0,2.3970837572058326,2.3924481973099185
1993,KAZ.2.14_1,Tselinogradskiy,8277,8278.398,25221.0,3.0471185212033345,3.0466039608101947
1993,KAZ.2.15_1,Zerendinskiy,8418,8408.3167,20536.0,2.439534331195058,2.4423437920628426
1993,KAZ.2.16_1,Zhaksynskiy,10057,10056.5071,4789.0,0.476185741274734,0.47620907965005543
1993,KAZ.2.17_1,Zharkainskiy,12416,12426.2702,4067.0,0.32756121134020616,0.32729048576891145
1993,KAZ.3.1_1,Alginskiy,7474,7465.03,3921.0,0.5246186780840246,0.5252490593057457
1993,KAZ.3.2_1,Aqtobe,2396,2398.9899,16653.0,6.950333889816361,6.9416716190062635
1993,KAZ.3.3_1,Aytekebiyskiy,36132,36128.4233,2624.0,0.07262260600022141,0.07262979556925692
1993,KAZ.3.4_1,Bayganinskiy,61863,61859.4222,3120.0,0.05043402356820717,0.05043694053302068
1993,KAZ.3.5_1,Irgizskiy,41431,41435.2616,353.0,0.008520190195747146,0.008519313892768129
1993,KAZ.3.6_1,Kargalinskiy,4844,4833.9448,6124.0,1.264244426094137,1.2668742048181116
1993,KAZ.3.7_1,Khobdinskiy,13618,13617.909,713.0,0.05235717432809517,0.052357524164803416
1993,KAZ.3.8_1,Khromtauskiy,12764,12776.9987,9891.0,0.7749138201190849,0.7741254631791019
1993,KAZ.3.9_1,Martukskiy,6479,6474.1115,2847.0,0.4394196635283223,0.43975146464811693
1993,KAZ.3.10_1,Mugalzharskiy,29413,29418.8846,80641.0,2.7416788494883213,2.74113043238658
1993,KAZ.3.11_1,Shalkarskiy,61988,61995.1616,4162.0,0.06714202748919146,0.06713427134594922
1993,KAZ.3.12_1,Temirskiy,12513,12509.9697,5774.0,0.46144010229361465,0.4615518779363639
1993,KAZ.3.13_1,Uilskiy,10813,10805.3021,329.0,0.03042633866642005,0.03044801496663963
1993,KAZ.4.1_1,Atyrau,3133,3136.9405,7625.0,2.4337695499521224,2.430712324801517
1993,KAZ.4.2_1,Inderskiy,11379,11381.1544,994.0,0.08735389753053871,0.08733736210464536
1993,KAZ.4.3_1,Isatayskiy,13984,13973.895,8111.0,0.5800200228832952,0.5804394568942581
1993,KAZ.4.4_1,Kurmangazinskiy,20963,20971.928,1995.0,0.09516767638219721,0.09512716238390315
1993,KAZ.4.5_1,Kzylkoginskiy,23848,23831.6595,3396.0,0.1424018785642402,0.14249951845498143
1993,KAZ.4.6_1,Makatskiy,4648,4645.3358,893.0,0.19212564543889846,0.19223583359798913
1993,KAZ.4.7_1,Makhambetskiy,9233,9238.6483,5111.0,0.5535578901765407,0.5532194581855596
1993,KAZ.4.8_1,Zhylyoyskiy,30176,30180.7623,37130.0,1.2304480381760339,1.2302538832809413
1993,KAZ.5.1_1,Abayskiy,19546,19548.8915,857.0,0.043845288038473346,0.04383880290283512
1993,KAZ.5.2_1,Ayagozskiy,46653,46624.2114,6374.0,0.13662572610550233,0.13671008694533068
1993,KAZ.5.3_1,Beskaragayskiy,9766,9771.5976,4530.0,0.4638541879991808,0.46358847113159696
1993,KAZ.5.4_1,Borodulikhinskiy,6225,6218.2645,6203.0,0.9964658634538153,0.997545215351744
1993,KAZ.5.5_1,Glubokovskiy,7471,7460.8603,18082.0,2.4202917949404363,2.4235810981457613
1993,KAZ.5.6_1,Katon-Karagayskiy,13115,13114.1525,1795.0,0.13686618375905452,0.1368750290556482
1993,KAZ.5.7_1,Kokpektinskiy,14505,14517.2114,2830.0,0.19510513615994485,0.19494101962903304
1993,KAZ.5.8_1,Kurchumskiy,23877,23872.8825,2207.0,0.0924320475771663,0.09244798979174743
1993,KAZ.5.9_1,Leninogorsk,3227,3235.8558,5516.0,1.7093275488069415,1.7046495071146743
1993,KAZ.5.10_1,Semipalatinskiy,31307,31325.8457,18275.0,0.5837352668732232,0.5833840906308937
1993,KAZ.5.11_1,Shemonaikhinskiy,4074,4071.623,11333.0,2.781786941580756,2.7834109530623863
1993,KAZ.5.12_1,Tarbagatayskiy,22626,22609.7774,2879.0,0.1272429947847609,0.12733429213865327
1993,KAZ.5.13_1,Ulanskiy,9852,9854.1714,17877.0,1.8145554202192449,1.8141555851791245
1993,KAZ.5.14_1,Urdzharskiy,25124,25114.9445,6940.0,0.2762298996975004,0.2763294981211528
1993,KAZ.5.15_1,Zaysanskiy,9565,9561.1695,2133.0,0.22300052273915316,0.2230898624763568
1993,KAZ.5.16_1,Zharminskiy,22270,22279.605,5510.0,0.24741805118994162,0.24731138595573612
1993,KAZ.5.17_1,Zyryanovsk,11445,11445.8901,13968.0,1.220445609436435,1.22035070129655
1993,KAZ.6.1_1,Aqtau,1352,1352.7086,14274.0,10.557692307692308,10.55216177352765
1993,KAZ.6.2_1,Beyneuskiy,39572,39560.655,1955.0,0.04940361872030729,0.049417786440917315
1993,KAZ.6.3_1,Karakiyanskiy,65617,65609.5753,18484.0,0.2816952923784995,0.281727170297128
1993,KAZ.6.4_1,Manghystauskiy,49500,49519.3216,13348.0,0.26965656565656565,0.26955135035579336
1993,KAZ.6.5_1,Tupkaraganskiy,10066,10061.9108,19839.0,1.9708921120604013,1.9716930852899723
1993,KAZ.7.1_1,Akzharskiy,8055,8060.5054,4216.0,0.5234016139044072,0.523044128814948
1993,KAZ.7.2_1,Ayyrtauskiy,9630,9633.5514,7661.0,0.7955347871235722,0.7952415179848927
1993,KAZ.7.3_1,Bulaevskiy,7907,7908.5235,10042.0,1.270013911723789,1.2697692593122234
1993,KAZ.7.4_1,Esil`skiy,4926,4923.8679,8426.0,1.7105156313438896,1.711256305187639
1993,KAZ.7.5_1,Kyzylzharskiy,6308,6303.3423,25378.0,4.023145212428662,4.026118025018738
1993,KAZ.7.6_1,Mamlyutskiy,4138,4151.6206,7249.0,1.7518124697921702,1.7460651254448298
1993,KAZ.7.7_1,Shal Akyna,4758,4759.1509,2916.0,0.6128625472887768,0.6127143408864315
1993,KAZ.7.8_1,Sovetskiy,4636,4635.5038,8092.0,1.7454702329594478,1.7456570697507716
1993,KAZ.7.9_1,Taiynshinskiy,11127,11129.4809,13725.0,1.2334861148557563,1.2332111600333224
1993,KAZ.7.10_1,Timiryazevskiy,4768,4775.0033,3713.0,0.77873322147651,0.7775910797242005
1993,KAZ.7.11_1,Tselinniy,12298,12291.1075,8054.0,0.6549032362985852,0.6552704893641231
1993,KAZ.7.12_1,Ualikhanovskiy,12586,12586.5573,3523.0,0.27991419037025267,0.27990179682553595
1993,KAZ.7.13_1,Zhambylskiy,7722,7713.3211,4197.0,0.5435120435120435,0.5441235956144841
1993,KAZ.8.1_1,Aksuskiy,8081,8080.2883,22124.0,2.737779977725529,2.7380211111477584
1993,KAZ.8.2_1,Aktogayskiy,9409,9403.9423,3524.0,0.37453501966202574,0.37473645658157584
1993,KAZ.8.3_1,Bayanaul`skiy,18623,18613.3374,8620.0,0.46286849594587337,0.46310878135754735
1993,KAZ.8.4_1,Ekibastuz,19241,19236.1846,44378.0,2.3064289797827557,2.307006352742925
1993,KAZ.8.5_1,Irtyshskiy,10103,10102.5432,7534.0,0.7457190933386123,0.7457528156003024
1993,KAZ.8.6_1,Kachirskiy,6831,6833.7305,5770.0,0.8446786707656273,0.8443411694897353
1993,KAZ.8.7_1,Lebyazhinskiy,8094,8100.0565,4227.0,0.522238695329874,0.5218482087334316
1993,KAZ.8.8_1,Mayskiy,18058,18048.9733,4955.0,0.27439362055598626,0.2745308507631822
1993,KAZ.8.9_1,Pavlodarskiy,6527,6532.3778,36235.0,5.551555078903018,5.546984750567651
1993,KAZ.8.10_1,Sherbaktinskiy,6979,6974.1198,7000.0,1.0030090270812437,1.0037108946186744
1993,KAZ.8.11_1,Uspenskiy,5590,5581.5676,6591.0,1.1790697674418604,1.180851057697447
1993,KAZ.8.12_1,Zhelezinskiy,7598,7584.3494,3712.0,0.48854961832061067,0.4894289297167687
1993,KAZ.9.1_1,Abayskiy,6708,6706.9089,24023.0,3.5812462731067383,3.581828906716375
1993,KAZ.9.2_1,Aktogayskiy,56475,56483.5207,15504.0,0.2745285524568393,0.2744871391549559
1993,KAZ.9.3_1,Bukhar-Zhyrauskiy,15297,15298.2434,81209.0,5.308818722625351,5.308387223074171
1993,KAZ.9.4_1,Karkaralinskiy,35215,35227.1629,6567.0,0.18648303279852335,0.1864186454736774
1993,KAZ.9.5_1,Nurinskiy,47011,47004.3867,6674.0,0.14196677373380698,0.14198674792684896
1993,KAZ.9.6_1,Osakarovskiy,11120,11123.7267,15708.0,1.412589928057554,1.4121166765228415
1993,KAZ.9.7_1,Shetskiy,66230,66248.7613,14024.0,0.21174694247319945,0.2116869768975997
1993,KAZ.9.8_1,Ulytauskiy,128675,128672.5201,45679.0,0.354995142801632,0.3550019845215852
1993,KAZ.9.9_1,Zhanaarkinskiy,63004,63031.6413,9172.0,0.14557805853596598,0.14551421806086404
1993,KAZ.10.1_1,Altynsarinskiy,5349,5356.2087,4352.0,0.8136100205645915,0.8125150114854176
1993,KAZ.10.2_1,Amangel`dinskiy,28028,28028.9463,1056.0,0.03767660910518053,0.03767533708040351
1993,KAZ.10.3_1,Arkalyk,11294,11285.7064,7077.0,0.6266159022489818,0.6270763886331961
1993,KAZ.10.4_1,Auliekol`skiy,11042,11044.7742,8361.0,0.757199782648071,0.7570095890195887
1993,KAZ.10.5_1,Denisovskiy,6504,6510.3182,6708.0,1.0313653136531364,1.030364388711988
1993,KAZ.10.6_1,Dzhangil`dinskiy,38581,38583.4343,597.0,0.015473937948731241,0.015472961686095141
1993,KAZ.10.7_1,Fyodorovskiy,6781,6767.2202,14092.0,2.0781595634862113,2.082391235315209
1993,KAZ.10.8_1,Kamystinskiy,12932,12927.5113,4273.0,0.3304206619239097,0.33053538971539864
1993,KAZ.10.9_1,Karabalykskiy,7266,7284.2803,16003.0,2.202449766033581,2.196922609271436
1993,KAZ.10.10_1,Karasuskiy,12827,12830.2125,4195.0,0.32704451547516955,0.32696262789058184
1993,KAZ.10.11_1,Mendykarinskiy,6803,6798.9183,4932.0,0.7249742760546818,0.72540951207755
1993,KAZ.10.12_1,Naurzumskiy,16090,16095.4503,1961.0,0.1218769422001243,0.12183567183785624
1993,KAZ.10.13_1,Qostanay,8151,8150.5045,43106.0,5.288430867378236,5.288752339718219
1993,KAZ.10.14_1,Sarykol`skiy,6387,6385.6753,6611.0,1.0350712384531078,1.0352859546662008
1993,KAZ.10.15_1,Taranovskiy,7750,7745.2217,28517.0,3.6796129032258063,3.6818829659500985
1993,KAZ.10.16_1,Uzunkol`skiy,7723,7734.567,3631.0,0.4701540852000518,0.4694509736979752
1993,KAZ.10.17_1,Zhitikarinskiy,7564,7543.3034,10670.0,1.4106292966684295,1.4144996480403496
1993,KAZ.11.1_1,Aral`skiy,55256,55264.9883,4379.0,0.0792493122918778,0.07923642322626327
1993,KAZ.11.2_1,Karmakchinskiy,31362,31363.2928,8085.0,0.25779605892481344,0.25778543214528193
1993,KAZ.11.3_1,Kazalinskiy,38288,38287.1923,3332.0,0.08702465524446301,0.08702649116921199
1993,KAZ.11.4_1,Qyzylorda,2322,2316.0783,7067.0,3.0434969853574505,3.051278515805886
1993,KAZ.11.5_1,Shieliyskiy,30904,30911.1087,2776.0,0.0898265596686513,0.08980590206066517
1993,KAZ.11.6_1,Terenozekskiy,30947,30952.9512,1369.0,0.04423692118783727,0.044228415861028325
1993,KAZ.11.7_1,Zhalagashskiy,23287,23286.5285,987.0,0.04238416283763473,0.04238502104766654
1993,KAZ.11.8_1,Zhanakorganskiy,16813,16811.4924,1926.0,0.1145542140010706,0.11456448686730418
1993,KAZ.12.1_1,Arysskiy,6341,6343.9785,5041.0,0.7949850181359407,0.7946117682364087
1993,KAZ.12.2_1,Baydibekskiy,6962,6962.3081,2069.0,0.29718471703533467,0.2971715672618988
1993,KAZ.12.3_1,Chardarinskiy,12114,12109.0736,2804.0,0.23146772329536075,0.23156189296075197
1993,KAZ.12.4_1,Kazygurtskiy,3943,3948.8778,2565.0,0.6505199086989601,0.6495516206340554
1993,KAZ.12.5_1,Maktaaral`skiy,2113,2121.6773,12548.0,5.9384761003312825,5.9141886394814
1993,KAZ.12.6_1,Ordabasynskiy,2723,2712.62,9594.0,3.5233198677928756,3.536802116538034
1993,KAZ.12.7_1,Otrarskiy,18582,18584.8986,2272.0,0.12226886233989882,0.12224979234007537
1993,KAZ.12.8_1,Saryagashskiy,7438,7439.5216,17650.0,2.3729497176660392,2.3724643944008617
1993,KAZ.12.9_1,Sayramskiy,1701,1704.567,22715.0,13.353909465020577,13.325964939035133
1993,KAZ.12.10_1,Shymkent,334,332.2048,11972.0,35.84431137724551,36.03800932496845
1993,KAZ.12.11_1,Suzakskiy,40794,40796.9964,4302.0,0.10545668480658921,0.10544893941932194
1993,KAZ.12.12_1,Tolebiyskiy,2918,2917.8616,9103.0,3.1196024674434546,3.1197504348242298
1993,KAZ.12.13_1,Turkestan,7753,7749.8781,12851.0,1.657551915387592,1.6582196379436684
1993,KAZ.12.14_1,Tyul`kubaskiy,2149,2153.7102,7232.0,3.365286179618427,3.35792624749238
1993,KAZ.13.1_1,Akzhaikskiy,26028,26032.0325,1159.0,0.04452896880282772,0.044522071032935026
1993,KAZ.13.2_1,Burlinskiy,5354,5358.1927,20647.0,3.8563690698543147,3.853351511103175
1993,KAZ.13.3_1,Chingirlauskiy,7361,7357.6497,1451.0,0.1971199565276457,0.1972097140375147
1993,KAZ.13.4_1,Dzhangalinskiy,21494,21491.9701,460.0,0.021401321298967154,0.021403342611634468
1993,KAZ.13.5_1,Dzhanybekskiy,8009,8003.5822,580.0,0.07241852915470096,0.07246755083976132
1993,KAZ.13.6_1,Karatobinskiy,9925,9939.6014,287.0,0.028916876574307304,0.02887439721614006
1993,KAZ.13.7_1,Kaztalovskiy,19736,19743.3866,894.0,0.045297932711795705,0.045280985446510165
1993,KAZ.13.8_1,Syrymskiy,12624,12614.5173,1673.0,0.13252534854245882,0.13262497186726094
1993,KAZ.13.9_1,Taskalinskiy,8222,8219.7343,718.0,0.08732668450498662,0.08735075552864288
1993,KAZ.13.10_1,Terektinskiy,8682,8680.1014,4074.0,0.4692467173462336,0.46934935381102677
1993,KAZ.13.11_1,Urdinskiy,19364,19368.9902,341.0,0.017609997934311093,0.01760546093981197
1993,KAZ.13.12_1,Zelenovskiy,8122,8118.9478,14566.0,1.793400640236395,1.7940748405623068
1993,KAZ.14.1_1,Bayzakskiy,4789,4785.8197,13506.0,2.820212988097724,2.8220870733579844
1993,KAZ.14.2_1,Kordayskiy,8629,8625.2652,9394.0,1.0886545370263065,1.0891259379499951
1993,KAZ.14.3_1,Lugovskoy,8992,8994.9512,3462.0,0.385008896797153,0.3848825777277083
1993,KAZ.14.4_1,Merkenskiy,6255,6245.7744,4949.0,0.791207034372502,0.7923757262661606
1993,KAZ.14.5_1,Moyynkumskiy,49602,49586.5382,3365.0,0.06784000645135277,0.06786115996148923
1993,KAZ.14.6_1,Sarysuskiy,30981,30958.0923,4887.0,0.1577418417739905,0.15785856433296894
1993,KAZ.14.7_1,Shuskiy,11620,11617.7944,9039.0,0.7778829604130809,0.7780306387108595
1993,KAZ.14.8_1,Talasskiy,11742,11739.8088,3373.0,0.28725941066257876,0.2873130275072419
1993,KAZ.14.9_1,Zhamb.,950,949.293,0.0,0.0,0.0
1993,KAZ.14.10_1,Zhambylskiy,2909,2908.9839,13086.0,4.498453076658645,4.498477896732086
1993,KAZ.14.11_1,Zhualy,690,690.1558,0.0,0.0,0.0
1993,KAZ.14.12_1,Zhualynskiy,3181,3177.7961,2642.0,0.8305564287959761,0.8313938123271668
1994,KAZ.1.1_1,Aksuskiy,13392,13387.4372,2686.0,0.20056750298685783,0.200635862221482
1994,KAZ.1.2_1,Alakolskiy,36371,36368.3054,4839.0,0.13304555827444942,0.1330554160554618
1994,KAZ.1.3_1,Almaty (Alma-Ata),282,282.7159,14687.0,52.08156028368794,51.94967317427381
1994,KAZ.1.4_1,Balkhashskiy,38307,38315.691,1866.0,0.048711723705850106,0.048700674569831785
1994,KAZ.1.5_1,Enbekshikazakhskiy,9627,9630.8366,12165.0,1.2636335306949205,1.2631301463827007
1994,KAZ.1.6_1,Iliyskiy,8381,8378.8611,16907.0,2.017301038062284,2.017815999231555
1994,KAZ.1.7_1,Karasayskiy,2205,2204.1313,15690.0,7.115646258503402,7.1184507746056385
1994,KAZ.1.8_1,Karatal`skiy,23995,23985.4486,4007.0,0.1669931235674099,0.1670596230841741
1994,KAZ.1.9_1,Kerbulakskiy,11144,11157.1654,3087.0,0.2770100502512563,0.276683180597066
1994,KAZ.1.10_1,Koksuskiy,6956,6947.0051,3028.0,0.4353076480736055,0.4358712784627243
1994,KAZ.1.11_1,Panfilovskiy,10411,10410.9861,5071.0,0.4870809720487945,0.4870816201869555
1994,KAZ.1.12_1,Raiymbekskiy,13935,13917.9794,556.0,0.03989953354861859,0.03994832750097162
1994,KAZ.1.13_1,Sarkandskiy,10192,10198.9963,2195.0,0.21536499215070642,0.2152172561075168
1994,KAZ.1.14_1,Taldyqorghan,4387,4397.3056,11971.0,2.7287440164121266,2.722348889731153
1994,KAZ.1.15_1,Talgarskiy,6069,6058.0912,12972.0,2.137419673751854,2.141268506381628
1994,KAZ.1.16_1,Uygurskiy,8457,8462.7736,1049.0,0.12403925741988885,0.12395463371405592
1994,KAZ.1.17_1,Zhambylskiy,18472,18473.3386,8681.0,0.46995452576873104,0.4699204733819698
1994,KAZ.2.1_1,Akkol`skiy,10514,10522.4756,13638.0,1.2971276393380256,1.2960828301415963
1994,KAZ.2.2_1,Arshalynskiy,6017,6024.4332,8442.0,1.4030247631710155,1.4012936569937267
1994,KAZ.2.3_1,Astrakhansiy,7222,7218.1971,5004.0,0.6928828579340903,0.693247899899396
1994,KAZ.2.4_1,Atbasarskiy,10873,10869.0932,7950.0,0.7311689506116067,0.7314317659324796
1994,KAZ.2.5_1,Bulandynskiy,5187,5190.895,5414.0,1.04376325428957,1.0429800586337388
1994,KAZ.2.6_1,Egindykol`skiy,5259,5276.6597,2779.0,0.5284274576915764,0.5266589405607636
1994,KAZ.2.7_1,Enbekshil`derskiy,10606,10606.0361,4370.0,0.4120309258910051,0.41202952380878155
1994,KAZ.2.8_1,Ereymengauskiy,17508,17501.7015,6378.0,0.36429061000685403,0.36442171106050264
1994,KAZ.2.9_1,Esil`skiy,8678,8679.3199,4855.0,0.5594607052316202,0.5593756233175345
1994,KAZ.2.10_1,Korgalzhynskiy,9193,9172.9782,2746.0,0.2987055368214946,0.29935751889173323
1994,KAZ.2.11_1,Sandyktauskiy,6307,6302.6735,5898.0,0.9351514190581893,0.9357933594131528
1994,KAZ.2.12_1,Shortandinskiy,4586,4588.3371,6094.0,1.3288268643698211,1.3281500063674254
1994,KAZ.2.13_1,Shuchinskiy,5898,5909.4278,13920.0,2.360122075279756,2.3555579931075163
1994,KAZ.2.14_1,Tselinogradskiy,8277,8278.398,23908.0,2.8884861664854418,2.8879983939990534
1994,KAZ.2.15_1,Zerendinskiy,8418,8408.3167,19407.0,2.3054169636493227,2.3080719698365595
1994,KAZ.2.16_1,Zhaksynskiy,10057,10056.5071,4632.0,0.4605747240727851,0.4605972973353637
1994,KAZ.2.17_1,Zharkainskiy,12416,12426.2702,3550.0,0.2859213917525773,0.28568508101294215
1994,KAZ.3.1_1,Alginskiy,7474,7465.03,3108.0,0.4158415841584158,0.41634125894472274
1994,KAZ.3.2_1,Aqtobe,2396,2398.9899,14418.0,6.017529215358931,6.0100295083668
1994,KAZ.3.3_1,Aytekebiyskiy,36132,36128.4233,1533.0,0.042427764862172035,0.042431965170606274
1994,KAZ.3.4_1,Bayganinskiy,61863,61859.4222,2801.0,0.045277467953380855,0.045280086677240684
1994,KAZ.3.5_1,Irgizskiy,41431,41435.2616,243.0,0.005865173420868432,0.005864570186806389
1994,KAZ.3.6_1,Kargalinskiy,4844,4833.9448,5418.0,1.1184971098265897,1.1208237168034827
1994,KAZ.3.7_1,Khobdinskiy,13618,13617.909,426.0,0.03128212659715083,0.03128233561599755
1994,KAZ.3.8_1,Khromtauskiy,12764,12776.9987,8994.0,0.7046380445001567,0.7039211824722316
1994,KAZ.3.9_1,Martukskiy,6479,6474.1115,2632.0,0.4062355301744096,0.4065422743076374
1994,KAZ.3.10_1,Mugalzharskiy,29413,29418.8846,76623.0,2.6050725869513482,2.604551495154536
1994,KAZ.3.11_1,Shalkarskiy,61988,61995.1616,3714.0,0.05991482222365619,0.05990790095599602
1994,KAZ.3.12_1,Temirskiy,12513,12509.9697,4699.0,0.3755294493726524,0.3756204146905046
1994,KAZ.3.13_1,Uilskiy,10813,10805.3021,334.0,0.030888745029131602,0.03091075075640619
1994,KAZ.4.1_1,Atyrau,3133,3136.9405,7273.0,2.321417172039579,2.318501080430352
1994,KAZ.4.2_1,Inderskiy,11379,11381.1544,915.0,0.08041128394410757,0.08039606270196228
1994,KAZ.4.3_1,Isatayskiy,13984,13973.895,6319.0,0.45187356979405036,0.4522003363475302
1994,KAZ.4.4_1,Kurmangazinskiy,20963,20971.928,1592.0,0.07594332872203406,0.07591099875447309
1994,KAZ.4.5_1,Kzylkoginskiy,23848,23831.6595,3808.0,0.1596779604159678,0.15978744590004987
1994,KAZ.4.6_1,Makatskiy,4648,4645.3358,940.0,0.20223752151462995,0.20235350905051486
1994,KAZ.4.7_1,Makhambetskiy,9233,9238.6483,4491.0,0.4864074515325463,0.4861100737059965
1994,KAZ.4.8_1,Zhylyoyskiy,30176,30180.7623,36416.0,1.2067868504772004,1.2065964291289728
1994,KAZ.5.1_1,Abayskiy,19546,19548.8915,648.0,0.03315256318428323,0.03314765960447743
1994,KAZ.5.2_1,Ayagozskiy,46653,46624.2114,5811.0,0.12455790624397145,0.12463481569490377
1994,KAZ.5.3_1,Beskaragayskiy,9766,9771.5976,3224.0,0.330124923202949,0.3299358125669467
1994,KAZ.5.4_1,Borodulikhinskiy,6225,6218.2645,5663.0,0.909718875502008,0.910704264797183
1994,KAZ.5.5_1,Glubokovskiy,7471,7460.8603,16584.0,2.2197831615580244,2.2227999630377893
1994,KAZ.5.6_1,Katon-Karagayskiy,13115,13114.1525,1003.0,0.07647731605032405,0.07648225857538447
1994,KAZ.5.7_1,Kokpektinskiy,14505,14517.2114,2140.0,0.14753533264391588,0.1474112303908589
1994,KAZ.5.8_1,Kurchumskiy,23877,23872.8825,1238.0,0.051849059764627045,0.051858002429625426
1994,KAZ.5.9_1,Leninogorsk,3227,3235.8558,5361.0,1.6612953207313295,1.6567487323498493
1994,KAZ.5.10_1,Semipalatinskiy,31307,31325.8457,17417.0,0.556329255438081,0.5559945667041464
1994,KAZ.5.11_1,Shemonaikhinskiy,4074,4071.623,10689.0,2.6237113402061856,2.6252430669093663
1994,KAZ.5.12_1,Tarbagatayskiy,22626,22609.7774,2059.0,0.09100150269601344,0.09106679663545922
1994,KAZ.5.13_1,Ulanskiy,9852,9854.1714,16433.0,1.6679861956963054,1.6676186570033313
1994,KAZ.5.14_1,Urdzharskiy,25124,25114.9445,5558.0,0.22122273523324312,0.2213025000803123
1994,KAZ.5.15_1,Zaysanskiy,9565,9561.1695,1578.0,0.1649764767381077,0.16504257055212893
1994,KAZ.5.16_1,Zharminskiy,22270,22279.605,4668.0,0.20960933991917377,0.20951897452656554
1994,KAZ.5.17_1,Zyryanovsk,11445,11445.8901,11006.0,0.9616426387068588,0.9615678564196612
1994,KAZ.6.1_1,Aqtau,1352,1352.7086,14273.0,10.556952662721894,10.551422516012343
1994,KAZ.6.2_1,Beyneuskiy,39572,39560.655,2004.0,0.05064186798746589,0.05065639080695566
1994,KAZ.6.3_1,Karakiyanskiy,65617,65609.5753,16636.0,0.2535318591218739,0.2535605499384885
1994,KAZ.6.4_1,Manghystauskiy,49500,49519.3216,11413.0,0.23056565656565656,0.23047569385755692
1994,KAZ.6.5_1,Tupkaraganskiy,10066,10061.9108,20475.0,2.034075104311544,2.0349017551949284
1994,KAZ.7.1_1,Akzharskiy,8055,8060.5054,3504.0,0.4350093109869646,0.43471219814221485
1994,KAZ.7.2_1,Ayyrtauskiy,9630,9633.5514,6374.0,0.661889927310488,0.6616459255496288
1994,KAZ.7.3_1,Bulaevskiy,7907,7908.5235,8365.0,1.057923359048944,1.057719563249029
1994,KAZ.7.4_1,Esil`skiy,4926,4923.8679,6975.0,1.4159561510353227,1.4165692770809142
1994,KAZ.7.5_1,Kyzylzharskiy,6308,6303.3423,22373.0,3.5467660114140775,3.5493868143172915
1994,KAZ.7.6_1,Mamlyutskiy,4138,4151.6206,5772.0,1.3948767520541325,1.3903004420013185
1994,KAZ.7.7_1,Shal Akyna,4758,4759.1509,2597.0,0.5458175704077344,0.5456855772572231
1994,KAZ.7.8_1,Sovetskiy,4636,4635.5038,6202.0,1.3377911993097498,1.3379343977501588
1994,KAZ.7.9_1,Taiynshinskiy,11127,11129.4809,11814.0,1.0617417093556214,1.0615050378603768
1994,KAZ.7.10_1,Timiryazevskiy,4768,4775.0033,3174.0,0.6656879194630873,0.6647115774426642
1994,KAZ.7.11_1,Tselinniy,12298,12291.1075,7444.0,0.6053016750691169,0.6056411128416355
1994,KAZ.7.12_1,Ualikhanovskiy,12586,12586.5573,2925.0,0.23240108056570793,0.23239079072230848
1994,KAZ.7.13_1,Zhambylskiy,7722,7713.3211,3324.0,0.43045843045843046,0.4309427762264821
1994,KAZ.8.1_1,Aksuskiy,8081,8080.2883,21699.0,2.685187476797426,2.6854239780688487
1994,KAZ.8.2_1,Aktogayskiy,9409,9403.9423,3187.0,0.3387182484854926,0.33890042199928555
1994,KAZ.8.3_1,Bayanaul`skiy,18623,18613.3374,8020.0,0.43065027117005855,0.43087383137906377
1994,KAZ.8.4_1,Ekibastuz,19241,19236.1846,41667.0,2.165531937009511,2.166074038932342
1994,KAZ.8.5_1,Irtyshskiy,10103,10102.5432,6287.0,0.6222904087894685,0.6223185494662996
1994,KAZ.8.6_1,Kachirskiy,6831,6833.7305,5357.0,0.784219001610306,0.783905657704768
1994,KAZ.8.7_1,Lebyazhinskiy,8094,8100.0565,3631.0,0.44860390412651346,0.4482684754935156
1994,KAZ.8.8_1,Mayskiy,18058,18048.9733,4214.0,0.23335917598848155,0.2334758839790211
1994,KAZ.8.9_1,Pavlodarskiy,6527,6532.3778,35020.0,5.365405239773249,5.360988159648934
1994,KAZ.8.10_1,Sherbaktinskiy,6979,6974.1198,7046.0,1.0096002292592061,1.0103067090690256
1994,KAZ.8.11_1,Uspenskiy,5590,5581.5676,6243.0,1.1168157423971377,1.118502981824482
1994,KAZ.8.12_1,Zhelezinskiy,7598,7584.3494,3470.0,0.45669913135035534,0.45752111694967335
1994,KAZ.9.1_1,Abayskiy,6708,6706.9089,22814.0,3.4010137149672035,3.4015670265090696
1994,KAZ.9.2_1,Aktogayskiy,56475,56483.5207,13691.0,0.24242585214696769,0.24238928161574438
1994,KAZ.9.3_1,Bukhar-Zhyrauskiy,15297,15298.2434,77706.0,5.07981957246519,5.079406685911679
1994,KAZ.9.4_1,Karkaralinskiy,35215,35227.1629,5014.0,0.14238250745420986,0.14233334679534315
1994,KAZ.9.5_1,Nurinskiy,47011,47004.3867,6325.0,0.1345429793027164,0.13456190899570267
1994,KAZ.9.6_1,Osakarovskiy,11120,11123.7267,14282.0,1.2843525179856115,1.283922229061575
1994,KAZ.9.7_1,Shetskiy,66230,66248.7613,12755.0,0.19258644118979315,0.19253190176332602
1994,KAZ.9.8_1,Ulytauskiy,128675,128672.5201,39736.0,0.308809014960171,0.3088149665480792
1994,KAZ.9.9_1,Zhanaarkinskiy,63004,63031.6413,8625.0,0.13689607009078789,0.13683603693577762
1994,KAZ.10.1_1,Altynsarinskiy,5349,5356.2087,3866.0,0.7227519162460273,0.721779189890309
1994,KAZ.10.2_1,Amangel`dinskiy,28028,28028.9463,577.0,0.020586556300842013,0.02058586126457654
1994,KAZ.10.3_1,Arkalyk,11294,11285.7064,6231.0,0.5517088719674164,0.5521143108059129
1994,KAZ.10.4_1,Auliekol`skiy,11042,11044.7742,8031.0,0.7273138924107951,0.7271312055276064
1994,KAZ.10.5_1,Denisovskiy,6504,6510.3182,5435.0,0.8356396063960639,0.8348286303890362
1994,KAZ.10.6_1,Dzhangil`dinskiy,38581,38583.4343,430.0,0.011145382442134729,0.011144679271391811
1994,KAZ.10.7_1,Fyodorovskiy,6781,6767.2202,12483.0,1.8408789264120335,1.8446274333266925
1994,KAZ.10.8_1,Kamystinskiy,12932,12927.5113,2657.0,0.20545932570368078,0.20553066474931295
1994,KAZ.10.9_1,Karabalykskiy,7266,7284.2803,13994.0,1.9259565097715388,1.9211232265290552
1994,KAZ.10.10_1,Karasuskiy,12827,12830.2125,4095.0,0.31924846027909876,0.31916852472274915
1994,KAZ.10.11_1,Mendykarinskiy,6803,6798.9183,4332.0,0.6367778921064237,0.6371601797080184
1994,KAZ.10.12_1,Naurzumskiy,16090,16095.4503,1779.0,0.1105655686761964,0.11052812860762175
1994,KAZ.10.13_1,Qostanay,8151,8150.5045,36082.0,4.426696110906637,4.426965200243882
1994,KAZ.10.14_1,Sarykol`skiy,6387,6385.6753,5926.0,0.9278221387192735,0.9280146070718357
1994,KAZ.10.15_1,Taranovskiy,7750,7745.2217,24979.0,3.2230967741935483,3.2250851985295617
1994,KAZ.10.16_1,Uzunkol`skiy,7723,7734.567,3341.0,0.43260391039751395,0.4319569548677872
1994,KAZ.10.17_1,Zhitikarinskiy,7564,7543.3034,9125.0,1.2063722897937599,1.2096822200907396
1994,KAZ.11.1_1,Aral`skiy,55256,55264.9883,3774.0,0.06830027508324887,0.06828916676316912
1994,KAZ.11.2_1,Karmakchinskiy,31362,31363.2928,7122.0,0.2270901090491678,0.22708074801962871
1994,KAZ.11.3_1,Kazalinskiy,38288,38287.1923,2382.0,0.062212703719180945,0.062214016195997285
1994,KAZ.11.4_1,Qyzylorda,2322,2316.0783,6484.0,2.792420327304048,2.7995599117709586
1994,KAZ.11.5_1,Shieliyskiy,30904,30911.1087,2362.0,0.07643023556821124,0.07641265874181957
1994,KAZ.11.6_1,Terenozekskiy,30947,30952.9512,849.0,0.02743400006462662,0.027428725395188494
1994,KAZ.11.7_1,Zhalagashskiy,23287,23286.5285,735.0,0.03156267445355778,0.031563313546134654
1994,KAZ.11.8_1,Zhanakorganskiy,16813,16811.4924,1630.0,0.09694878962707429,0.09695748369351288
1994,KAZ.12.1_1,Arysskiy,6341,6343.9785,4718.0,0.7440466803343321,0.7436973462684737
1994,KAZ.12.2_1,Baydibekskiy,6962,6962.3081,1703.0,0.24461361677678828,0.24460279315950395
1994,KAZ.12.3_1,Chardarinskiy,12114,12109.0736,2805.0,0.2315502724120852,0.23164447566152258
1994,KAZ.12.4_1,Kazygurtskiy,3943,3948.8778,2440.0,0.6188181587623637,0.6178970582249884
1994,KAZ.12.5_1,Maktaaral`skiy,2113,2121.6773,13034.0,6.1684808329389496,6.143252687838745
1994,KAZ.12.6_1,Ordabasynskiy,2723,2712.62,8261.0,3.033786265148733,3.0453952767063477
1994,KAZ.12.7_1,Otrarskiy,18582,18584.8986,2159.0,0.11618770853514153,0.11616958699921774
1994,KAZ.12.8_1,Saryagashskiy,7438,7439.5216,17882.0,2.4041408980908847,2.403649195505734
1994,KAZ.12.9_1,Sayramskiy,1701,1704.567,21292.0,12.517342739564961,12.491148821568833
1994,KAZ.12.10_1,Shymkent,334,332.2048,11910.0,35.65868263473054,35.85137746912581
1994,KAZ.12.11_1,Suzakskiy,40794,40796.9964,3972.0,0.09736725989116046,0.0973601086409918
1994,KAZ.12.12_1,Tolebiyskiy,2918,2917.8616,8272.0,2.8348183687457165,2.8349528283934995
1994,KAZ.12.13_1,Turkestan,7753,7749.8781,11558.0,1.4907777634464079,1.4913783032723462
1994,KAZ.12.14_1,Tyul`kubaskiy,2149,2153.7102,6129.0,2.8520241973010703,2.845786776947013
1994,KAZ.13.1_1,Akzhaikskiy,26028,26032.0325,586.0,0.022514215460273553,0.022510727890681557
1994,KAZ.13.2_1,Burlinskiy,5354,5358.1927,18066.0,3.3742995890922676,3.3716592434537684
1994,KAZ.13.3_1,Chingirlauskiy,7361,7357.6497,1056.0,0.14345876918896888,0.1435240923663787
1994,KAZ.13.4_1,Dzhangalinskiy,21494,21491.9701,281.0,0.013073415836977761,0.013074650595368012
1994,KAZ.13.5_1,Dzhanybekskiy,8009,8003.5822,374.0,0.04669746535147958,0.04672907588632886
1994,KAZ.13.6_1,Karatobinskiy,9925,9939.6014,210.0,0.02115869017632242,0.021127607719126876
1994,KAZ.13.7_1,Kaztalovskiy,19736,19743.3866,438.0,0.022192946899067693,0.022184643876478137
1994,KAZ.13.8_1,Syrymskiy,12624,12614.5173,1315.0,0.10416666666666667,0.10424497191001084
1994,KAZ.13.9_1,Taskalinskiy,8222,8219.7343,488.0,0.05935295548528339,0.05936931573534502
1994,KAZ.13.10_1,Terektinskiy,8682,8680.1014,2574.0,0.2964754664823773,0.29654031337986814
1994,KAZ.13.11_1,Urdinskiy,19364,19368.9902,247.0,0.012755629002272258,0.012752342674878465
1994,KAZ.13.12_1,Zelenovskiy,8122,8118.9478,13126.0,1.6161044077813347,1.6167119564204886
1994,KAZ.14.1_1,Bayzakskiy,4789,4785.8197,11183.0,2.335143036124452,2.33669478316025
1994,KAZ.14.2_1,Kordayskiy,8629,8625.2652,7682.0,0.890253795341291,0.8906392862818674
1994,KAZ.14.3_1,Lugovskoy,8992,8994.9512,3322.0,0.3694395017793594,0.3693182909334046
1994,KAZ.14.4_1,Merkenskiy,6255,6245.7744,4334.0,0.6928856914468425,0.6939091528869549
1994,KAZ.14.5_1,Moyynkumskiy,49602,49586.5382,3052.0,0.061529777025119956,0.061548962913065414
1994,KAZ.14.6_1,Sarysuskiy,30981,30958.0923,4667.0,0.15064071527710532,0.1507521832907645
1994,KAZ.14.7_1,Shuskiy,11620,11617.7944,7620.0,0.6557659208261618,0.6558904156407511
1994,KAZ.14.8_1,Talasskiy,11742,11739.8088,3248.0,0.27661386475898486,0.2766654946171129
1994,KAZ.14.9_1,Zhamb.,950,949.293,0.0,0.0,0.0
1994,KAZ.14.10_1,Zhambylskiy,2909,2908.9839,11113.0,3.8202131316603642,3.8202342095662294
1994,KAZ.14.11_1,Zhualy,690,690.1558,0.0,0.0,0.0
1994,KAZ.14.12_1,Zhualynskiy,3181,3177.7961,1962.0,0.6167871738447029,0.6174090309560566
1995,KAZ.1.1_1,Aksuskiy,13392,13387.4372,1875.0,0.1400089605734767,0.14005667969667862
1995,KAZ.1.2_1,Alakolskiy,36371,36368.3054,4070.0,0.11190233977619532,0.1119106309869249
1995,KAZ.1.3_1,Almaty (Alma-Ata),282,282.7159,14768.0,52.36879432624114,52.23617984868766
1995,KAZ.1.4_1,Balkhashskiy,38307,38315.691,1494.0,0.03900070483201504,0.03899185841764667
1995,KAZ.1.5_1,Enbekshikazakhskiy,9627,9630.8366,11564.0,1.201204944427132,1.2007264293275421
1995,KAZ.1.6_1,Iliyskiy,8381,8378.8611,16764.0,2.0002386350077557,2.0007492406173646
1995,KAZ.1.7_1,Karasayskiy,2205,2204.1313,15732.0,7.134693877551021,7.137505900962135
1995,KAZ.1.8_1,Karatal`skiy,23995,23985.4486,3593.0,0.14973952906855595,0.14979915790901863
1995,KAZ.1.9_1,Kerbulakskiy,11144,11157.1654,2530.0,0.22702799712849964,0.2267601058991179
1995,KAZ.1.10_1,Koksuskiy,6956,6947.0051,2521.0,0.36242093156986777,0.362890189235313
1995,KAZ.1.11_1,Panfilovskiy,10411,10410.9861,4528.0,0.4349245989818461,0.4349251777177153
1995,KAZ.1.12_1,Raiymbekskiy,13935,13917.9794,420.0,0.030139935414424113,0.030176794155410212
1995,KAZ.1.13_1,Sarkandskiy,10192,10198.9963,1793.0,0.17592229199372056,0.17580161284773468
1995,KAZ.1.14_1,Taldyqorghan,4387,4397.3056,11507.0,2.622976977433326,2.616829728020748
1995,KAZ.1.15_1,Talgarskiy,6069,6058.0912,12837.0,2.115175481957489,2.1189842596685904
1995,KAZ.1.16_1,Uygurskiy,8457,8462.7736,1036.0,0.12250206929171101,0.12241849430673206
1995,KAZ.1.17_1,Zhambylskiy,18472,18473.3386,8140.0,0.44066695539194456,0.44063502515024006
1995,KAZ.2.1_1,Akkol`skiy,10514,10522.4756,12083.0,1.1492295986303975,1.148303918213881
1995,KAZ.2.2_1,Arshalynskiy,6017,6024.4332,7214.0,1.1989363470167858,1.1974570530150135
1995,KAZ.2.3_1,Astrakhansiy,7222,7218.1971,3801.0,0.5263085018000554,0.5265857848756202
1995,KAZ.2.4_1,Atbasarskiy,10873,10869.0932,7354.0,0.6763542720500322,0.6765973844864723
1995,KAZ.2.5_1,Bulandynskiy,5187,5190.895,3802.0,0.7329863119336804,0.7324363101081408
1995,KAZ.2.6_1,Egindykol`skiy,5259,5276.6597,2413.0,0.4588324776573493,0.4572968778600657
1995,KAZ.2.7_1,Enbekshil`derskiy,10606,10606.0361,3521.0,0.33198189703941167,0.3319807673525675
1995,KAZ.2.8_1,Ereymengauskiy,17508,17501.7015,6140.0,0.3506968243088874,0.350823033225382
1995,KAZ.2.9_1,Esil`skiy,8678,8679.3199,4777.0,0.5504724590919566,0.5503887440963672
1995,KAZ.2.10_1,Korgalzhynskiy,9193,9172.9782,1913.0,0.2080931143261177,0.20854731742166266
1995,KAZ.2.11_1,Sandyktauskiy,6307,6302.6735,4932.0,0.7819882670049152,0.7825250675865836
1995,KAZ.2.12_1,Shortandinskiy,4586,4588.3371,4938.0,1.0767553423462712,1.0762068807749174
1995,KAZ.2.13_1,Shuchinskiy,5898,5909.4278,12275.0,2.081213970837572,2.077189250387555
1995,KAZ.2.14_1,Tselinogradskiy,8277,8278.398,20495.0,2.476138697595747,2.4757205573452654
1995,KAZ.2.15_1,Zerendinskiy,8418,8408.3167,17199.0,2.0431218816821097,2.045474818839542
1995,KAZ.2.16_1,Zhaksynskiy,10057,10056.5071,4097.0,0.4073779457094561,0.4073979117407135
1995,KAZ.2.17_1,Zharkainskiy,12416,12426.2702,2676.0,0.21552835051546393,0.21535021881426286
1995,KAZ.3.1_1,Alginskiy,7474,7465.03,2609.0,0.34907679957184906,0.34949624986704686
1995,KAZ.3.2_1,Aqtobe,2396,2398.9899,13642.0,5.693656093489149,5.686560032815916
1995,KAZ.3.3_1,Aytekebiyskiy,36132,36128.4233,1275.0,0.03528727997343075,0.035290773380641224
1995,KAZ.3.4_1,Bayganinskiy,61863,61859.4222,2913.0,0.04708792008147034,0.047090643516887576
1995,KAZ.3.5_1,Irgizskiy,41431,41435.2616,218.0,0.005261760517486906,0.0052612193445423575
1995,KAZ.3.6_1,Kargalinskiy,4844,4833.9448,5384.0,1.111478117258464,1.1137901238962626
1995,KAZ.3.7_1,Khobdinskiy,13618,13617.909,334.0,0.024526362167719196,0.0245265260463455
1995,KAZ.3.8_1,Khromtauskiy,12764,12776.9987,9345.0,0.7321372610466939,0.731392422748833
1995,KAZ.3.9_1,Martukskiy,6479,6474.1115,1933.0,0.29834851057261924,0.2985737903634738
1995,KAZ.3.10_1,Mugalzharskiy,29413,29418.8846,76530.0,2.6019107197497706,2.601390260420195
1995,KAZ.3.11_1,Shalkarskiy,61988,61995.1616,3594.0,0.057978963670387816,0.057972266030115696
1995,KAZ.3.12_1,Temirskiy,12513,12509.9697,4543.0,0.36306241508830817,0.36315036048924504
1995,KAZ.3.13_1,Uilskiy,10813,10805.3021,286.0,0.026449643947100712,0.026468487174647216
1995,KAZ.4.1_1,Atyrau,3133,3136.9405,7224.0,2.3057772103415255,2.302880765162775
1995,KAZ.4.2_1,Inderskiy,11379,11381.1544,903.0,0.07935670972844713,0.07934168810914967
1995,KAZ.4.3_1,Isatayskiy,13984,13973.895,6221.0,0.44486556064073224,0.445187259442631
1995,KAZ.4.4_1,Kurmangazinskiy,20963,20971.928,1525.0,0.07274722129466202,0.07271625194759514
1995,KAZ.4.5_1,Kzylkoginskiy,23848,23831.6595,3871.0,0.16231969137873198,0.16243098820354335
1995,KAZ.4.6_1,Makatskiy,4648,4645.3358,923.0,0.1985800344234079,0.19869392431236726
1995,KAZ.4.7_1,Makhambetskiy,9233,9238.6483,4314.0,0.4672370843712769,0.46695142684650837
1995,KAZ.4.8_1,Zhylyoyskiy,30176,30180.7623,37165.0,1.2316079003181337,1.2314135624060378
1995,KAZ.5.1_1,Abayskiy,19546,19548.8915,627.0,0.032078174562570345,0.03207342989507307
1995,KAZ.5.2_1,Ayagozskiy,46653,46624.2114,5431.0,0.11641266370865753,0.11648454380296375
1995,KAZ.5.3_1,Beskaragayskiy,9766,9771.5976,2767.0,0.28332992013106695,0.28316761581040367
1995,KAZ.5.4_1,Borodulikhinskiy,6225,6218.2645,5564.0,0.8938152610441767,0.8947834238621801
1995,KAZ.5.5_1,Glubokovskiy,7471,7460.8603,15751.0,2.108285370097711,2.111150640244104
1995,KAZ.5.6_1,Katon-Karagayskiy,13115,13114.1525,912.0,0.0695386961494472,0.06954319025000064
1995,KAZ.5.7_1,Kokpektinskiy,14505,14517.2114,1990.0,0.13719407100999656,0.13707866751299497
1995,KAZ.5.8_1,Kurchumskiy,23877,23872.8825,1215.0,0.05088578967206935,0.05089456619708796
1995,KAZ.5.9_1,Leninogorsk,3227,3235.8558,5410.0,1.6764797025100713,1.671891557920665
1995,KAZ.5.10_1,Semipalatinskiy,31307,31325.8457,17202.0,0.5494617817101607,0.54913122446143
1995,KAZ.5.11_1,Shemonaikhinskiy,4074,4071.623,10313.0,2.5314187530682375,2.532896599217541
1995,KAZ.5.12_1,Tarbagatayskiy,22626,22609.7774,1694.0,0.07486961902236365,0.0749233382712326
1995,KAZ.5.13_1,Ulanskiy,9852,9854.1714,15925.0,1.6164230613073487,1.6160668844871935
1995,KAZ.5.14_1,Urdzharskiy,25124,25114.9445,4179.0,0.16633497850660722,0.16639495283116681
1995,KAZ.5.15_1,Zaysanskiy,9565,9561.1695,1373.0,0.14354417145844223,0.1436016789404772
1995,KAZ.5.16_1,Zharminskiy,22270,22279.605,4480.0,0.20116748989672203,0.20108076389867474
1995,KAZ.5.17_1,Zyryanovsk,11445,11445.8901,10942.0,0.9560506771515945,0.9559763297241445
1995,KAZ.6.1_1,Aqtau,1352,1352.7086,13737.0,10.160502958579881,10.155180487806456
1995,KAZ.6.2_1,Beyneuskiy,39572,39560.655,2202.0,0.05564540584251491,0.05566136355135547
1995,KAZ.6.3_1,Karakiyanskiy,65617,65609.5753,14937.0,0.2276391788713291,0.22766493955465272
1995,KAZ.6.4_1,Manghystauskiy,49500,49519.3216,9070.0,0.18323232323232322,0.18316082916744425
1995,KAZ.6.5_1,Tupkaraganskiy,10066,10061.9108,21050.0,2.0911980925889133,2.092047958332271
1995,KAZ.7.1_1,Akzharskiy,8055,8060.5054,2373.0,0.29459962756052144,0.29439841500898284
1995,KAZ.7.2_1,Ayyrtauskiy,9630,9633.5514,5086.0,0.528141225337487,0.5279465292352388
1995,KAZ.7.3_1,Bulaevskiy,7907,7908.5235,8045.0,1.0174528898444417,1.0172568901779364
1995,KAZ.7.4_1,Esil`skiy,4926,4923.8679,5564.0,1.1295168493706862,1.1300059437531478
1995,KAZ.7.5_1,Kyzylzharskiy,6308,6303.3423,21666.0,3.434686112872543,3.43722409685775
1995,KAZ.7.6_1,Mamlyutskiy,4138,4151.6206,4844.0,1.1706138231029484,1.1667732746109472
1995,KAZ.7.7_1,Shal Akyna,4758,4759.1509,2207.0,0.46385035729298024,0.4637381859864041
1995,KAZ.7.8_1,Sovetskiy,4636,4635.5038,5191.0,1.1197152717860224,1.1198351271720532
1995,KAZ.7.9_1,Taiynshinskiy,11127,11129.4809,9434.0,0.8478475779635122,0.8476585853372942
1995,KAZ.7.10_1,Timiryazevskiy,4768,4775.0033,2578.0,0.5406879194630873,0.5398949107269024
1995,KAZ.7.11_1,Tselinniy,12298,12291.1075,6158.0,0.5007318263132217,0.5010126239761944
1995,KAZ.7.12_1,Ualikhanovskiy,12586,12586.5573,1654.0,0.13141585889083107,0.13141004029220452
1995,KAZ.7.13_1,Zhambylskiy,7722,7713.3211,2473.0,0.32025382025382026,0.32061416534539416
1995,KAZ.8.1_1,Aksuskiy,8081,8080.2883,21777.0,2.6948397475559958,2.695077098963331
1995,KAZ.8.2_1,Aktogayskiy,9409,9403.9423,3359.0,0.3569986183441386,0.3571906236258551
1995,KAZ.8.3_1,Bayanaul`skiy,18623,18613.3374,8308.0,0.44611501906244966,0.4463466073687359
1995,KAZ.8.4_1,Ekibastuz,19241,19236.1846,42311.0,2.199002130866379,2.1995526114494997
1995,KAZ.8.5_1,Irtyshskiy,10103,10102.5432,6160.0,0.609719885182619,0.6097474574061406
1995,KAZ.8.6_1,Kachirskiy,6831,6833.7305,5364.0,0.7852437417654808,0.7849299884129879
1995,KAZ.8.7_1,Lebyazhinskiy,8094,8100.0565,3627.0,0.4481097108969607,0.447774651780496
1995,KAZ.8.8_1,Mayskiy,18058,18048.9733,4115.0,0.22787684128917932,0.22799080744510486
1995,KAZ.8.9_1,Pavlodarskiy,6527,6532.3778,35350.0,5.41596445533936,5.411505752244141
1995,KAZ.8.10_1,Sherbaktinskiy,6979,6974.1198,7541.0,1.080527296174237,1.081283408045632
1995,KAZ.8.11_1,Uspenskiy,5590,5581.5676,6294.0,1.1259391771019678,1.1276401998403476
1995,KAZ.8.12_1,Zhelezinskiy,7598,7584.3494,3366.0,0.44301131876809685,0.4438086684877811
1995,KAZ.9.1_1,Abayskiy,6708,6706.9089,21716.0,3.2373285629099584,3.237855244484569
1995,KAZ.9.2_1,Aktogayskiy,56475,56483.5207,12306.0,0.21790172642762284,0.21786885542059384
1995,KAZ.9.3_1,Bukhar-Zhyrauskiy,15297,15298.2434,74575.0,4.875138916127345,4.874742665969983
1995,KAZ.9.4_1,Karkaralinskiy,35215,35227.1629,4163.0,0.11821666903308249,0.11817585215576656
1995,KAZ.9.5_1,Nurinskiy,47011,47004.3867,4823.0,0.10259301014656144,0.1026074445986204
1995,KAZ.9.6_1,Osakarovskiy,11120,11123.7267,13312.0,1.1971223021582733,1.1967212374504752
1995,KAZ.9.7_1,Shetskiy,66230,66248.7613,11406.0,0.17221802808394987,0.17216925688063478
1995,KAZ.9.8_1,Ulytauskiy,128675,128672.5201,39217.0,0.3047755974353993,0.30478147128840405
1995,KAZ.9.9_1,Zhanaarkinskiy,63004,63031.6413,7312.0,0.1160561234207352,0.11600522922601808
1995,KAZ.10.1_1,Altynsarinskiy,5349,5356.2087,3175.0,0.5935688913815667,0.5927700279104322
1995,KAZ.10.2_1,Amangel`dinskiy,28028,28028.9463,458.0,0.01634080205508777,0.016340250362523494
1995,KAZ.10.3_1,Arkalyk,11294,11285.7064,6220.0,0.550734903488578,0.5511396265788442
1995,KAZ.10.4_1,Auliekol`skiy,11042,11044.7742,7639.0,0.6918130773410615,0.6916393075613728
1995,KAZ.10.5_1,Denisovskiy,6504,6510.3182,5558.0,0.8545510455104551,0.8537217162285673
1995,KAZ.10.6_1,Dzhangil`dinskiy,38581,38583.4343,367.0,0.009512454316891735,0.009511854168839057
1995,KAZ.10.7_1,Fyodorovskiy,6781,6767.2202,11290.0,1.6649461731308066,1.6683364353327212
1995,KAZ.10.8_1,Kamystinskiy,12932,12927.5113,2455.0,0.18983915867615217,0.18990507412855223
1995,KAZ.10.9_1,Karabalykskiy,7266,7284.2803,13202.0,1.8169556840077072,1.812395943735643
1995,KAZ.10.10_1,Karasuskiy,12827,12830.2125,3432.0,0.26756061432914946,0.2674936207200183
1995,KAZ.10.11_1,Mendykarinskiy,6803,6798.9183,3401.0,0.49992650301337643,0.5002266323146285
1995,KAZ.10.12_1,Naurzumskiy,16090,16095.4503,1493.0,0.0927905531385954,0.09275913210296755
1995,KAZ.10.13_1,Qostanay,8151,8150.5045,35030.0,4.297632192369035,4.297893436188215
1995,KAZ.10.14_1,Sarykol`skiy,6387,6385.6753,4453.0,0.6971974322843275,0.6973420596170916
1995,KAZ.10.15_1,Taranovskiy,7750,7745.2217,24974.0,3.222451612903226,3.2244396392200354
1995,KAZ.10.16_1,Uzunkol`skiy,7723,7734.567,2288.0,0.29625793085588503,0.2958148795981733
1995,KAZ.10.17_1,Zhitikarinskiy,7564,7543.3034,8777.0,1.1603648863035432,1.1635485858341283
1995,KAZ.11.1_1,Aral`skiy,55256,55264.9883,3409.0,0.061694657593745476,0.06168462360774868
1995,KAZ.11.2_1,Karmakchinskiy,31362,31363.2928,7000.0,0.2232000510171545,0.22319085034223546
1995,KAZ.11.3_1,Kazalinskiy,38288,38287.1923,2333.0,0.060932929377350606,0.06093421485527358
1995,KAZ.11.4_1,Qyzylorda,2322,2316.0783,5921.0,2.549956933677864,2.5564765943238505
1995,KAZ.11.5_1,Shieliyskiy,30904,30911.1087,1852.0,0.05992751747346622,0.05991373581280688
1995,KAZ.11.6_1,Terenozekskiy,30947,30952.9512,582.0,0.018806346334054997,0.018802730482920735
1995,KAZ.11.7_1,Zhalagashskiy,23287,23286.5285,615.0,0.026409584746854467,0.02641011949778614
1995,KAZ.11.8_1,Zhanakorganskiy,16813,16811.4924,751.0,0.044667816570510915,0.044671822241612376
1995,KAZ.12.1_1,Arysskiy,6341,6343.9785,3930.0,0.6197760605582716,0.6194850722414375
1995,KAZ.12.2_1,Baydibekskiy,6962,6962.3081,505.0,0.07253662740591783,0.07253341781887815
1995,KAZ.12.3_1,Chardarinskiy,12114,12109.0736,2533.0,0.2090969126630345,0.20918198105192037
1995,KAZ.12.4_1,Kazygurtskiy,3943,3948.8778,1806.0,0.45802688308394623,0.4573451176862004
1995,KAZ.12.5_1,Maktaaral`skiy,2113,2121.6773,14232.0,6.735447231424515,6.707900280291622
1995,KAZ.12.6_1,Ordabasynskiy,2723,2712.62,5842.0,2.1454278369445463,2.153637478092057
1995,KAZ.12.7_1,Otrarskiy,18582,18584.8986,1299.0,0.06990636099451082,0.06989545785640752
1995,KAZ.12.8_1,Saryagashskiy,7438,7439.5216,17968.0,2.415703146006991,2.4152090786739193
1995,KAZ.12.9_1,Sayramskiy,1701,1704.567,20643.0,12.135802469135802,12.11040696616783
1995,KAZ.12.10_1,Shymkent,334,332.2048,11811.0,35.362275449101794,35.55336853802225
1995,KAZ.12.11_1,Suzakskiy,40794,40796.9964,2755.0,0.06753444133941267,0.06752948119484704
1995,KAZ.12.12_1,Tolebiyskiy,2918,2917.8616,8133.0,2.787183002056203,2.7873152022877576
1995,KAZ.12.13_1,Turkestan,7753,7749.8781,9631.0,1.2422288146523925,1.2427292298681403
1995,KAZ.12.14_1,Tyul`kubaskiy,2149,2153.7102,5577.0,2.595160539785947,2.5894848841627494
1995,KAZ.13.1_1,Akzhaikskiy,26028,26032.0325,578.0,0.022206854157061626,0.022203414199341198
1995,KAZ.13.2_1,Burlinskiy,5354,5358.1927,17803.0,3.325177437429959,3.322575529237653
1995,KAZ.13.3_1,Chingirlauskiy,7361,7357.6497,1065.0,0.1446814291536476,0.14474730906268307
1995,KAZ.13.4_1,Dzhangalinskiy,21494,21491.9701,284.0,0.013212989671536243,0.01321423761240041
1995,KAZ.13.5_1,Dzhanybekskiy,8009,8003.5822,359.0,0.044824572356099386,0.04485491508874882
1995,KAZ.13.6_1,Karatobinskiy,9925,9939.6014,189.0,0.019042821158690177,0.019014846947214187
1995,KAZ.13.7_1,Kaztalovskiy,19736,19743.3866,453.0,0.022952979327117956,0.022944391954439716
1995,KAZ.13.8_1,Syrymskiy,12624,12614.5173,1188.0,0.094106463878327,0.09417720656204781
1995,KAZ.13.9_1,Taskalinskiy,8222,8219.7343,502.0,0.061055704208221845,0.06107253380971967
1995,KAZ.13.10_1,Terektinskiy,8682,8680.1014,2472.0,0.2847270214236351,0.28478929863054936
1995,KAZ.13.11_1,Urdinskiy,19364,19368.9902,301.0,0.015544309027060525,0.015540304231329629
1995,KAZ.13.12_1,Zelenovskiy,8122,8118.9478,13123.0,1.6157350406303865,1.61634245041186
1995,KAZ.14.1_1,Bayzakskiy,4789,4785.8197,11155.0,2.329296304030069,2.3308441658010004
1995,KAZ.14.2_1,Kordayskiy,8629,8625.2652,7065.0,0.8187507243017731,0.819105253525305
1995,KAZ.14.3_1,Lugovskoy,8992,8994.9512,2751.0,0.3059386120996441,0.30583823550806627
1995,KAZ.14.4_1,Merkenskiy,6255,6245.7744,3704.0,0.5921662669864108,0.593040955766793
1995,KAZ.14.5_1,Moyynkumskiy,49602,49586.5382,1892.0,0.03814362324099835,0.03815551698280464
1995,KAZ.14.6_1,Sarysuskiy,30981,30958.0923,3914.0,0.1263354959491301,0.12642897908721926
1995,KAZ.14.7_1,Shuskiy,11620,11617.7944,7106.0,0.6115318416523235,0.6116479387851939
1995,KAZ.14.8_1,Talasskiy,11742,11739.8088,2653.0,0.22594106625787772,0.22598323806009868
1995,KAZ.14.9_1,Zhamb.,950,949.293,0.0,0.0,0.0
1995,KAZ.14.10_1,Zhambylskiy,2909,2908.9839,11104.0,3.8171192849776556,3.8171403458133186
1995,KAZ.14.11_1,Zhualy,690,690.1558,0.0,0.0,0.0
1995,KAZ.14.12_1,Zhualynskiy,3181,3177.7961,1679.0,0.5278214397988054,0.5283535998854327
1996,KAZ.1.1_1,Aksuskiy,13392,13387.4372,1111.0,0.08295997610513739,0.08298825127627196
1996,KAZ.1.2_1,Alakolskiy,36371,36368.3054,3166.0,0.08704737290698633,0.0870538225318438
1996,KAZ.1.3_1,Almaty (Alma-Ata),282,282.7159,14834.0,52.60283687943262,52.46962973154339
1996,KAZ.1.4_1,Balkhashskiy,38307,38315.691,1496.0,0.039052914610906625,0.03904405635394874
1996,KAZ.1.5_1,Enbekshikazakhskiy,9627,9630.8366,11772.0,1.2228108444998442,1.2223237224181793
1996,KAZ.1.6_1,Iliyskiy,8381,8378.8611,17521.0,2.0905619854432644,2.091095648106469
1996,KAZ.1.7_1,Karasayskiy,2205,2204.1313,16220.0,7.3560090702947845,7.358908321485242
1996,KAZ.1.8_1,Karatal`skiy,23995,23985.4486,3165.0,0.13190247968326735,0.13195500550571776
1996,KAZ.1.9_1,Kerbulakskiy,11144,11157.1654,2150.0,0.1929289303661163,0.19270127576407253
1996,KAZ.1.10_1,Koksuskiy,6956,6947.0051,2198.0,0.31598619896492236,0.3163953335736684
1996,KAZ.1.11_1,Panfilovskiy,10411,10410.9861,4495.0,0.43175487465181056,0.43175544916986097
1996,KAZ.1.12_1,Raiymbekskiy,13935,13917.9794,577.0,0.041406530319339795,0.041457167208742124
1996,KAZ.1.13_1,Sarkandskiy,10192,10198.9963,1565.0,0.15355180533751964,0.15344647189442542
1996,KAZ.1.14_1,Taldyqorghan,4387,4397.3056,10701.0,2.439252336448598,2.433535666946209
1996,KAZ.1.15_1,Talgarskiy,6069,6058.0912,13550.0,2.2326577689899487,2.2366780960122616
1996,KAZ.1.16_1,Uygurskiy,8457,8462.7736,1043.0,0.12332978597611446,0.12324564629529106
1996,KAZ.1.17_1,Zhambylskiy,18472,18473.3386,8409.0,0.45522953659592896,0.4551965511656473
1996,KAZ.2.1_1,Akkol`skiy,10514,10522.4756,8892.0,0.8457295035191174,0.8450482860844021
1996,KAZ.2.2_1,Arshalynskiy,6017,6024.4332,4901.0,0.8145255110520193,0.8135205179964764
1996,KAZ.2.3_1,Astrakhansiy,7222,7218.1971,1646.0,0.22791470506784825,0.22803478082222337
1996,KAZ.2.4_1,Atbasarskiy,10873,10869.0932,4572.0,0.42049112480456174,0.4206422684079619
1996,KAZ.2.5_1,Bulandynskiy,5187,5190.895,1030.0,0.19857335646809332,0.1984243554474974
1996,KAZ.2.6_1,Egindykol`skiy,5259,5276.6597,557.0,0.10591367180072257,0.10555920471117139
1996,KAZ.2.7_1,Enbekshil`derskiy,10606,10606.0361,1902.0,0.17933245332830472,0.17933184308565275
1996,KAZ.2.8_1,Ereymengauskiy,17508,17501.7015,4024.0,0.22983778843957048,0.22992050255683016
1996,KAZ.2.9_1,Esil`skiy,8678,8679.3199,3826.0,0.44088499654298224,0.4408179474382878
1996,KAZ.2.10_1,Korgalzhynskiy,9193,9172.9782,486.0,0.05286631132383335,0.05298170217821645
1996,KAZ.2.11_1,Sandyktauskiy,6307,6302.6735,1411.0,0.22371967654986524,0.22387325027669697
1996,KAZ.2.12_1,Shortandinskiy,4586,4588.3371,2352.0,0.5128652420409944,0.5126040063958295
1996,KAZ.2.13_1,Shuchinskiy,5898,5909.4278,8823.0,1.4959308240081384,1.4930379434761218
1996,KAZ.2.14_1,Tselinogradskiy,8277,8278.398,18062.0,2.18219161531956,2.1818231132847123
1996,KAZ.2.15_1,Zerendinskiy,8418,8408.3167,13586.0,1.6139225469232596,1.6157812017416138
1996,KAZ.2.16_1,Zhaksynskiy,10057,10056.5071,2052.0,0.20403698916177787,0.2040469892340601
1996,KAZ.2.17_1,Zharkainskiy,12416,12426.2702,1577.0,0.12701353092783504,0.1269085557063126
1996,KAZ.3.1_1,Alginskiy,7474,7465.03,2221.0,0.29716350013379716,0.2975205714659682
1996,KAZ.3.2_1,Aqtobe,2396,2398.9899,13398.0,5.591819699499165,5.584850558544762
1996,KAZ.3.3_1,Aytekebiyskiy,36132,36128.4233,1193.0,0.033017823535923835,0.033021092269101944
1996,KAZ.3.4_1,Bayganinskiy,61863,61859.4222,3400.0,0.05496015388843089,0.05496333263213792
1996,KAZ.3.5_1,Irgizskiy,41431,41435.2616,204.0,0.004923849291593251,0.004923342872874499
1996,KAZ.3.6_1,Kargalinskiy,4844,4833.9448,3543.0,0.731420313790256,0.7329417550082575
1996,KAZ.3.7_1,Khobdinskiy,13618,13617.909,290.0,0.021295344397121458,0.02129548668694669
1996,KAZ.3.8_1,Khromtauskiy,12764,12776.9987,7062.0,0.5532748354747729,0.5527119624882032
1996,KAZ.3.9_1,Martukskiy,6479,6474.1115,1790.0,0.2762772032721099,0.27648581725329446
1996,KAZ.3.10_1,Mugalzharskiy,29413,29418.8846,79330.0,2.697106721517696,2.69656722016378
1996,KAZ.3.11_1,Shalkarskiy,61988,61995.1616,3494.0,0.05636574820933084,0.056359236925215425
1996,KAZ.3.12_1,Temirskiy,12513,12509.9697,4970.0,0.3971869255973787,0.39728313705294915
1996,KAZ.3.13_1,Uilskiy,10813,10805.3021,196.0,0.018126329418292796,0.01813924295884914
1996,KAZ.4.1_1,Atyrau,3133,3136.9405,7253.0,2.315033514203639,2.3121254415456267
1996,KAZ.4.2_1,Inderskiy,11379,11381.1544,994.0,0.08735389753053871,0.08733736210464536
1996,KAZ.4.3_1,Isatayskiy,13984,13973.895,5475.0,0.39151887871853547,0.3918020005543168
1996,KAZ.4.4_1,Kurmangazinskiy,20963,20971.928,1690.0,0.0806182321232648,0.08058391199438412
1996,KAZ.4.5_1,Kzylkoginskiy,23848,23831.6595,4680.0,0.19624287151962427,0.19637742825951507
1996,KAZ.4.6_1,Makatskiy,4648,4645.3358,911.0,0.19599827882960413,0.196110688026616
1996,KAZ.4.7_1,Makhambetskiy,9233,9238.6483,4386.0,0.47503519982670855,0.4747447747215544
1996,KAZ.4.8_1,Zhylyoyskiy,30176,30180.7623,43148.0,1.4298780487804879,1.4296524254189618
1996,KAZ.5.1_1,Abayskiy,19546,19548.8915,628.0,0.03212933592550905,0.03212458369075899
1996,KAZ.5.2_1,Ayagozskiy,46653,46624.2114,5393.0,0.11559813945512615,0.11566951661376974
1996,KAZ.5.3_1,Beskaragayskiy,9766,9771.5976,2699.0,0.2763669875076797,0.27620867187288745
1996,KAZ.5.4_1,Borodulikhinskiy,6225,6218.2645,5400.0,0.8674698795180723,0.8684095055456098
1996,KAZ.5.5_1,Glubokovskiy,7471,7460.8603,15736.0,2.106277606746085,2.1091401482370147
1996,KAZ.5.6_1,Katon-Karagayskiy,13115,13114.1525,931.0,0.07098741898589402,0.07099200671354232
1996,KAZ.5.7_1,Kokpektinskiy,14505,14517.2114,1939.0,0.13367804205446399,0.1335655961345212
1996,KAZ.5.8_1,Kurchumskiy,23877,23872.8825,1306.0,0.054696988733928045,0.054706422595388375
1996,KAZ.5.9_1,Leninogorsk,3227,3235.8558,5377.0,1.6662534862101022,1.6616933284546054
1996,KAZ.5.10_1,Semipalatinskiy,31307,31325.8457,17426.0,0.5566167310825055,0.5562818694026788
1996,KAZ.5.11_1,Shemonaikhinskiy,4074,4071.623,10307.0,2.529945999018164,2.5314229853713948
1996,KAZ.5.12_1,Tarbagatayskiy,22626,22609.7774,1733.0,0.07659329974365774,0.07664825574028696
1996,KAZ.5.13_1,Ulanskiy,9852,9854.1714,15652.0,1.588712951684937,1.5883628807531274
1996,KAZ.5.14_1,Urdzharskiy,25124,25114.9445,4062.0,0.1616780767393727,0.1617363719550609
1996,KAZ.5.15_1,Zaysanskiy,9565,9561.1695,1438.0,0.15033978044955568,0.15040001042709847
1996,KAZ.5.16_1,Zharminskiy,22270,22279.605,4636.0,0.20817242927705434,0.20808268335586072
1996,KAZ.5.17_1,Zyryanovsk,11445,11445.8901,11263.0,0.9840978593272172,0.9840213308063461
1996,KAZ.6.1_1,Aqtau,1352,1352.7086,13281.0,9.823224852071005,9.818079060825328
1996,KAZ.6.2_1,Beyneuskiy,39572,39560.655,2570.0,0.06494491054280804,0.06496353511670461
1996,KAZ.6.3_1,Karakiyanskiy,65617,65609.5753,13869.0,0.21136290900224028,0.21138682778894546
1996,KAZ.6.4_1,Manghystauskiy,49500,49519.3216,7304.0,0.14755555555555555,0.14749798194476435
1996,KAZ.6.5_1,Tupkaraganskiy,10066,10061.9108,20345.0,2.0211603417444866,2.0219817440508336
1996,KAZ.7.1_1,Akzharskiy,8055,8060.5054,1010.0,0.12538795779019243,0.12530231738688272
1996,KAZ.7.2_1,Ayyrtauskiy,9630,9633.5514,2819.0,0.2927310488058152,0.29262313525641725
1996,KAZ.7.3_1,Bulaevskiy,7907,7908.5235,5269.0,0.6663715694953838,0.6662432012862085
1996,KAZ.7.4_1,Esil`skiy,4926,4923.8679,2344.0,0.4758424685343077,0.47604851404697673
1996,KAZ.7.5_1,Kyzylzharskiy,6308,6303.3423,20692.0,3.280279010779962,3.2827028991129215
1996,KAZ.7.6_1,Mamlyutskiy,4138,4151.6206,3661.0,0.8847269212179797,0.8818243101467129
1996,KAZ.7.7_1,Shal Akyna,4758,4759.1509,1305.0,0.2742749054224464,0.27420857848312524
1996,KAZ.7.8_1,Sovetskiy,4636,4635.5038,3866.0,0.8339085418464194,0.8339978042086608
1996,KAZ.7.9_1,Taiynshinskiy,11127,11129.4809,4335.0,0.38959288217848476,0.38950603852418597
1996,KAZ.7.10_1,Timiryazevskiy,4768,4775.0033,1688.0,0.3540268456375839,0.35350760640303003
1996,KAZ.7.11_1,Tselinniy,12298,12291.1075,2790.0,0.22686615709871524,0.22699337786514817
1996,KAZ.7.12_1,Ualikhanovskiy,12586,12586.5573,958.0,0.07611631972032416,0.07611294957674239
1996,KAZ.7.13_1,Zhambylskiy,7722,7713.3211,830.0,0.10748510748510748,0.10760604821539715
1996,KAZ.8.1_1,Aksuskiy,8081,8080.2883,20735.0,2.565895309986388,2.566121304449863
1996,KAZ.8.2_1,Aktogayskiy,9409,9403.9423,2436.0,0.25890105218407905,0.25904029745536855
1996,KAZ.8.3_1,Bayanaul`skiy,18623,18613.3374,7671.0,0.4119100037587929,0.4121238354749125
1996,KAZ.8.4_1,Ekibastuz,19241,19236.1846,44291.0,2.301907385271036,2.3024836263314454
1996,KAZ.8.5_1,Irtyshskiy,10103,10102.5432,5230.0,0.5176680194001781,0.5176914289341096
1996,KAZ.8.6_1,Kachirskiy,6831,6833.7305,3201.0,0.46859903381642515,0.46841179957307494
1996,KAZ.8.7_1,Lebyazhinskiy,8094,8100.0565,2826.0,0.3491475166790215,0.34888645324832696
1996,KAZ.8.8_1,Mayskiy,18058,18048.9733,3374.0,0.1868423967216746,0.18693584066094382
1996,KAZ.8.9_1,Pavlodarskiy,6527,6532.3778,35715.0,5.47188601195036,5.467381271326718
1996,KAZ.8.10_1,Sherbaktinskiy,6979,6974.1198,7245.0,1.0381143430290873,1.038840775930328
1996,KAZ.8.11_1,Uspenskiy,5590,5581.5676,5642.0,1.0093023255813953,1.0108271381473215
1996,KAZ.8.12_1,Zhelezinskiy,7598,7584.3494,1855.0,0.24414319557778363,0.2445826143924046
1996,KAZ.9.1_1,Abayskiy,6708,6706.9089,20720.0,3.088849135360763,3.089351660790213
1996,KAZ.9.2_1,Aktogayskiy,56475,56483.5207,11593.0,0.20527667109340417,0.20524570460677266
1996,KAZ.9.3_1,Bukhar-Zhyrauskiy,15297,15298.2434,70340.0,4.598287245865202,4.597913498147215
1996,KAZ.9.4_1,Karkaralinskiy,35215,35227.1629,2385.0,0.06772682095697856,0.06770343679834333
1996,KAZ.9.5_1,Nurinskiy,47011,47004.3867,1591.0,0.03384314309416945,0.03384790469757517
1996,KAZ.9.6_1,Osakarovskiy,11120,11123.7267,9021.0,0.8112410071942446,0.8109692219832284
1996,KAZ.9.7_1,Shetskiy,66230,66248.7613,9072.0,0.1369772006643515,0.13693840947055222
1996,KAZ.9.8_1,Ulytauskiy,128675,128672.5201,42021.0,0.3265669321935108,0.3265732260246838
1996,KAZ.9.9_1,Zhanaarkinskiy,63004,63031.6413,6170.0,0.09793029014030855,0.09788734468333309
1996,KAZ.10.1_1,Altynsarinskiy,5349,5356.2087,2083.0,0.389418582912694,0.38889447815352135
1996,KAZ.10.2_1,Amangel`dinskiy,28028,28028.9463,203.0,0.007242757242757243,0.007242512715266964
1996,KAZ.10.3_1,Arkalyk,11294,11285.7064,5819.0,0.5152293253054719,0.5156079561193398
1996,KAZ.10.4_1,Auliekol`skiy,11042,11044.7742,6902.0,0.625067922477812,0.6249109177626123
1996,KAZ.10.5_1,Denisovskiy,6504,6510.3182,4845.0,0.7449261992619927,0.7442032592888465
1996,KAZ.10.6_1,Dzhangil`dinskiy,38581,38583.4343,277.0,0.007179699852258884,0.00717924687947798
1996,KAZ.10.7_1,Fyodorovskiy,6781,6767.2202,6895.0,1.0168116796932605,1.0188821719768921
1996,KAZ.10.8_1,Kamystinskiy,12932,12927.5113,1587.0,0.12271883699350448,0.12276144710468936
1996,KAZ.10.9_1,Karabalykskiy,7266,7284.2803,10060.0,1.3845306908890724,1.3810561425526866
1996,KAZ.10.10_1,Karasuskiy,12827,12830.2125,2755.0,0.2147813206517502,0.21472754227379093
1996,KAZ.10.11_1,Mendykarinskiy,6803,6798.9183,2375.0,0.34911068646185506,0.34932027396272936
1996,KAZ.10.12_1,Naurzumskiy,16090,16095.4503,1130.0,0.07022995649471722,0.07020617500090645
1996,KAZ.10.13_1,Qostanay,8151,8150.5045,36289.0,4.4520917678812415,4.452362400965861
1996,KAZ.10.14_1,Sarykol`skiy,6387,6385.6753,2967.0,0.46453734147487086,0.46463370556566597
1996,KAZ.10.15_1,Taranovskiy,7750,7745.2217,25252.0,3.2583225806451614,3.2603327368296764
1996,KAZ.10.16_1,Uzunkol`skiy,7723,7734.567,1462.0,0.1893046743493461,0.18902157079218943
1996,KAZ.10.17_1,Zhitikarinskiy,7564,7543.3034,7361.0,0.9731623479640402,0.9758324188589516
1996,KAZ.11.1_1,Aral`skiy,55256,55264.9883,3144.0,0.056898798320544376,0.05688954433052562
1996,KAZ.11.2_1,Karmakchinskiy,31362,31363.2928,6543.0,0.2086282762578917,0.20861967625560665
1996,KAZ.11.3_1,Kazalinskiy,38288,38287.1923,2135.0,0.055761596322607604,0.05576277270296146
1996,KAZ.11.4_1,Qyzylorda,2322,2316.0783,5649.0,2.4328165374677004,2.4390366967295103
1996,KAZ.11.5_1,Shieliyskiy,30904,30911.1087,1700.0,0.055009060315816725,0.054996409763375644
1996,KAZ.11.6_1,Terenozekskiy,30947,30952.9512,594.0,0.019194106052282934,0.01919041564751704
1996,KAZ.11.7_1,Zhalagashskiy,23287,23286.5285,600.0,0.025765448533516554,0.025765970241742576
1996,KAZ.11.8_1,Zhanakorganskiy,16813,16811.4924,682.0,0.04056384940224826,0.040567487042316434
1996,KAZ.12.1_1,Arysskiy,6341,6343.9785,2952.0,0.4655417126636177,0.46532313823326293
1996,KAZ.12.2_1,Baydibekskiy,6962,6962.3081,358.0,0.0514220051709279,0.051419729859719564
1996,KAZ.12.3_1,Chardarinskiy,12114,12109.0736,1798.0,0.14842331187056299,0.1484836959855321
1996,KAZ.12.4_1,Kazygurtskiy,3943,3948.8778,1173.0,0.29748922140502154,0.297046413646685
1996,KAZ.12.5_1,Maktaaral`skiy,2113,2121.6773,10140.0,4.798864174159962,4.779237552147067
1996,KAZ.12.6_1,Ordabasynskiy,2723,2712.62,4176.0,1.53360264414249,1.5394710901253732
1996,KAZ.12.7_1,Otrarskiy,18582,18584.8986,877.0,0.047196211387364115,0.04718885030028437
1996,KAZ.12.8_1,Saryagashskiy,7438,7439.5216,15115.0,2.032132293627319,2.0317166754316727
1996,KAZ.12.9_1,Sayramskiy,1701,1704.567,19109.0,11.23398001175779,11.210471671583639
1996,KAZ.12.10_1,Shymkent,334,332.2048,11826.0,35.40718562874252,35.59852140637127
1996,KAZ.12.11_1,Suzakskiy,40794,40796.9964,2295.0,0.05625827327548169,0.056254141322023214
1996,KAZ.12.12_1,Tolebiyskiy,2918,2917.8616,6519.0,2.234064427690199,2.2341703926858347
1996,KAZ.12.13_1,Turkestan,7753,7749.8781,8151.0,1.051334967109506,1.051758483299264
1996,KAZ.12.14_1,Tyul`kubaskiy,2149,2153.7102,5372.0,2.4997673336435553,2.49430030441497
1996,KAZ.13.1_1,Akzhaikskiy,26028,26032.0325,734.0,0.028200399569694175,0.028196031180478268
1996,KAZ.13.2_1,Burlinskiy,5354,5358.1927,18173.0,3.3942846469929027,3.3916286633059523
1996,KAZ.13.3_1,Chingirlauskiy,7361,7357.6497,1221.0,0.16587420187474528,0.16594973179862538
1996,KAZ.13.4_1,Dzhangalinskiy,21494,21491.9701,350.0,0.016283614031822834,0.01628515198711318
1996,KAZ.13.5_1,Dzhanybekskiy,8009,8003.5822,443.0,0.05531277313022849,0.055350215555197015
1996,KAZ.13.6_1,Karatobinskiy,9925,9939.6014,189.0,0.019042821158690177,0.019014846947214187
1996,KAZ.13.7_1,Kaztalovskiy,19736,19743.3866,544.0,0.027563842723956223,0.0275535302940733
1996,KAZ.13.8_1,Syrymskiy,12624,12614.5173,993.0,0.0786596958174905,0.07871882669706522
1996,KAZ.13.9_1,Taskalinskiy,8222,8219.7343,535.0,0.06506932619800535,0.0650872621278885
1996,KAZ.13.10_1,Terektinskiy,8682,8680.1014,2646.0,0.3047684865238424,0.30483514732056377
1996,KAZ.13.11_1,Urdinskiy,19364,19368.9902,265.0,0.013685189010535014,0.01368166319369552
1996,KAZ.13.12_1,Zelenovskiy,8122,8118.9478,12872.0,1.5848313223344004,1.5854271143565846
1996,KAZ.14.1_1,Bayzakskiy,4789,4785.8197,12051.0,2.516391731050324,2.518063921296984
1996,KAZ.14.2_1,Kordayskiy,8629,8625.2652,7590.0,0.8795920732413953,0.8799729475240007
1996,KAZ.14.3_1,Lugovskoy,8992,8994.9512,2823.0,0.31394572953736655,0.3138427258594224
1996,KAZ.14.4_1,Merkenskiy,6255,6245.7744,3784.0,0.6049560351718625,0.6058496157185596
1996,KAZ.14.5_1,Moyynkumskiy,49602,49586.5382,1769.0,0.03566388452078545,0.03567500504364768
1996,KAZ.14.6_1,Sarysuskiy,30981,30958.0923,3649.0,0.11778186630515478,0.11786902010456389
1996,KAZ.14.7_1,Shuskiy,11620,11617.7944,7481.0,0.6438037865748709,0.6439260104210577
1996,KAZ.14.8_1,Talasskiy,11742,11739.8088,2604.0,0.22176801226366888,0.22180940516716807
1996,KAZ.14.9_1,Zhamb.,950,949.293,0.0,0.0,0.0
1996,KAZ.14.10_1,Zhambylskiy,2909,2908.9839,11914.0,4.09556548642145,4.095588083575278
1996,KAZ.14.11_1,Zhualy,690,690.1558,0.0,0.0,0.0
1996,KAZ.14.12_1,Zhualynskiy,3181,3177.7961,1904.0,0.5985539138635649,0.5991573878391089
1997,KAZ.1.1_1,Aksuskiy,13392,13387.4372,1101.0,0.08221326164874553,0.08224128231788969
1997,KAZ.1.2_1,Alakolskiy,36371,36368.3054,3200.0,0.08798218360781941,0.08798870249586233
1997,KAZ.1.3_1,Almaty (Alma-Ata),282,282.7159,14912.0,52.87943262411348,52.745525047645614
1997,KAZ.1.4_1,Balkhashskiy,38307,38315.691,1532.0,0.03999269063095518,0.03998361920738601
1997,KAZ.1.5_1,Enbekshikazakhskiy,9627,9630.8366,11713.0,1.2166822478446038,1.2161975671665082
1997,KAZ.1.6_1,Iliyskiy,8381,8378.8611,17277.0,2.061448514497077,2.0619747452962427
1997,KAZ.1.7_1,Karasayskiy,2205,2204.1313,16064.0,7.285260770975056,7.2881321378753965
1997,KAZ.1.8_1,Karatal`skiy,23995,23985.4486,3112.0,0.1296936861846218,0.12974533242773892
1997,KAZ.1.9_1,Kerbulakskiy,11144,11157.1654,2098.0,0.1882627422828428,0.18804059374559265
1997,KAZ.1.10_1,Koksuskiy,6956,6947.0051,2038.0,0.29298447383553766,0.2933638261251757
1997,KAZ.1.11_1,Panfilovskiy,10411,10410.9861,4311.0,0.4140812602055518,0.41408181120606685
1997,KAZ.1.12_1,Raiymbekskiy,13935,13917.9794,634.0,0.045496950125583066,0.04555258927269066
1997,KAZ.1.13_1,Sarkandskiy,10192,10198.9963,1524.0,0.14952904238618525,0.14942646847738297
1997,KAZ.1.14_1,Taldyqorghan,4387,4397.3056,10389.0,2.368133120583542,2.3625831271754194
1997,KAZ.1.15_1,Talgarskiy,6069,6058.0912,13361.0,2.201515900477838,2.2054801506140094
1997,KAZ.1.16_1,Uygurskiy,8457,8462.7736,1107.0,0.1308974813763746,0.1308081787621162
1997,KAZ.1.17_1,Zhambylskiy,18472,18473.3386,7729.0,0.4184170636639238,0.41838674562484096
1997,KAZ.2.1_1,Akkol`skiy,10514,10522.4756,8093.0,0.76973559064105,0.7691155847144698
1997,KAZ.2.2_1,Arshalynskiy,6017,6024.4332,4502.0,0.7482133953797574,0.7472902207753799
1997,KAZ.2.3_1,Astrakhansiy,7222,7218.1971,1563.0,0.21642204375519247,0.2165360646568257
1997,KAZ.2.4_1,Atbasarskiy,10873,10869.0932,4262.0,0.3919801342775683,0.3921210297363809
1997,KAZ.2.5_1,Bulandynskiy,5187,5190.895,927.0,0.178716020821284,0.17858191990274763
1997,KAZ.2.6_1,Egindykol`skiy,5259,5276.6597,485.0,0.09222285605628447,0.09191420877005049
1997,KAZ.2.7_1,Enbekshil`derskiy,10606,10606.0361,1424.0,0.13426362436356779,0.13426316748368533
1997,KAZ.2.8_1,Ereymengauskiy,17508,17501.7015,3423.0,0.1955106237148732,0.19558098415805905
1997,KAZ.2.9_1,Esil`skiy,8678,8679.3199,3575.0,0.41196128140124455,0.41189863097017215
1997,KAZ.2.10_1,Korgalzhynskiy,9193,9172.9782,472.0,0.05134341346676819,0.05145548030476988
1997,KAZ.2.11_1,Sandyktauskiy,6307,6302.6735,1249.0,0.19803393055335342,0.19816987214429094
1997,KAZ.2.12_1,Shortandinskiy,4586,4588.3371,2127.0,0.463802878325338,0.463566633335004
1997,KAZ.2.13_1,Shuchinskiy,5898,5909.4278,8239.0,1.3969142082061716,1.3942128092825306
1997,KAZ.2.14_1,Tselinogradskiy,8277,8278.398,19362.0,2.339253352664009,2.3388583279492083
1997,KAZ.2.15_1,Zerendinskiy,8418,8408.3167,12770.0,1.5169874079353767,1.5187344285470636
1997,KAZ.2.16_1,Zhaksynskiy,10057,10056.5071,1962.0,0.19508799840906832,0.19509755988168903
1997,KAZ.2.17_1,Zharkainskiy,12416,12426.2702,1442.0,0.11614046391752578,0.11604447516075002
1997,KAZ.3.1_1,Alginskiy,7474,7465.03,2157.0,0.2886004816697886,0.2889472636884707
1997,KAZ.3.2_1,Aqtobe,2396,2398.9899,13663.0,5.702420701168615,5.695313717076958
1997,KAZ.3.3_1,Aytekebiyskiy,36132,36128.4233,1146.0,0.03171703752906011,0.0317201774856587
1997,KAZ.3.4_1,Bayganinskiy,61863,61859.4222,3869.0,0.06254142217480561,0.0625450393981593
1997,KAZ.3.5_1,Irgizskiy,41431,41435.2616,193.0,0.0046583476141053804,0.004657868502278326
1997,KAZ.3.6_1,Kargalinskiy,4844,4833.9448,3453.0,0.7128406275805119,0.7143234208420868
1997,KAZ.3.7_1,Khobdinskiy,13618,13617.909,320.0,0.02349831105889264,0.02349846806835497
1997,KAZ.3.8_1,Khromtauskiy,12764,12776.9987,7095.0,0.555860231902225,0.5552947286680545
1997,KAZ.3.9_1,Martukskiy,6479,6474.1115,1930.0,0.2978854761537274,0.2981104063122113
1997,KAZ.3.10_1,Mugalzharskiy,29413,29418.8846,81625.0,2.7751334443953355,2.7745783353821825
1997,KAZ.3.11_1,Shalkarskiy,61988,61995.1616,3411.0,0.055026779376653547,0.055020422768148204
1997,KAZ.3.12_1,Temirskiy,12513,12509.9697,5255.0,0.41996323823223847,0.4200649668437118
1997,KAZ.3.13_1,Uilskiy,10813,10805.3021,177.0,0.0163691852399889,0.016380846957736214
1997,KAZ.4.1_1,Atyrau,3133,3136.9405,7244.0,2.3121608681774655,2.3092564040475003
1997,KAZ.4.2_1,Inderskiy,11379,11381.1544,986.0,0.08665084805343176,0.08663444570943696
1997,KAZ.4.3_1,Isatayskiy,13984,13973.895,5104.0,0.36498855835240274,0.365252495128627
1997,KAZ.4.4_1,Kurmangazinskiy,20963,20971.928,1691.0,0.08066593521919573,0.08063159478254647
1997,KAZ.4.5_1,Kzylkoginskiy,23848,23831.6595,6885.0,0.28870345521637036,0.2889014088817866
1997,KAZ.4.6_1,Makatskiy,4648,4645.3358,968.0,0.2082616179001721,0.20838106038393445
1997,KAZ.4.7_1,Makhambetskiy,9233,9238.6483,4685.0,0.5074190403985703,0.5071088165915373
1997,KAZ.4.8_1,Zhylyoyskiy,30176,30180.7623,69135.0,2.291059119830329,2.290697608958467
1997,KAZ.5.1_1,Abayskiy,19546,19548.8915,573.0,0.029315460963880078,0.029311124928033283
1997,KAZ.5.2_1,Ayagozskiy,46653,46624.2114,5643.0,0.12095685164941161,0.12103153759530923
1997,KAZ.5.3_1,Beskaragayskiy,9766,9771.5976,2595.0,0.26571779643661686,0.2655655811449214
1997,KAZ.5.4_1,Borodulikhinskiy,6225,6218.2645,5532.0,0.8886746987951807,0.8896372934589469
1997,KAZ.5.5_1,Glubokovskiy,7471,7460.8603,16187.0,2.166644358184982,2.1695889412501623
1997,KAZ.5.6_1,Katon-Karagayskiy,13115,13114.1525,818.0,0.06237133053755242,0.06237536143037338
1997,KAZ.5.7_1,Kokpektinskiy,14505,14517.2114,1549.0,0.1067907618062737,0.10670093265207498
1997,KAZ.5.8_1,Kurchumskiy,23877,23872.8825,1224.0,0.051262721447418017,0.05127156298373305
1997,KAZ.5.9_1,Leninogorsk,3227,3235.8558,5166.0,1.6008676789587852,1.596486467323134
1997,KAZ.5.10_1,Semipalatinskiy,31307,31325.8457,17674.0,0.5645382821733159,0.564198654873347
1997,KAZ.5.11_1,Shemonaikhinskiy,4074,4071.623,10152.0,2.491899852724595,2.4933546276792855
1997,KAZ.5.12_1,Tarbagatayskiy,22626,22609.7774,1712.0,0.07566516397065323,0.07571945402618076
1997,KAZ.5.13_1,Ulanskiy,9852,9854.1714,15824.0,1.606171335769387,1.6058174179042606
1997,KAZ.5.14_1,Urdzharskiy,25124,25114.9445,4319.0,0.1719073395956058,0.17196932311026786
1997,KAZ.5.15_1,Zaysanskiy,9565,9561.1695,1529.0,0.15985363303711447,0.15991767450836827
1997,KAZ.5.16_1,Zharminskiy,22270,22279.605,4630.0,0.20790300853165694,0.20781337876135358
1997,KAZ.5.17_1,Zyryanovsk,11445,11445.8901,9920.0,0.8667540410659677,0.8666866378051099
1997,KAZ.6.1_1,Aqtau,1352,1352.7086,13301.0,9.83801775147929,9.832864211131518
1997,KAZ.6.2_1,Beyneuskiy,39572,39560.655,3952.0,0.09986859395532194,0.09989723376701036
1997,KAZ.6.3_1,Karakiyanskiy,65617,65609.5753,13663.0,0.2082234786716857,0.2082470421861967
1997,KAZ.6.4_1,Manghystauskiy,49500,49519.3216,6454.0,0.13038383838383838,0.13033296487835558
1997,KAZ.6.5_1,Tupkaraganskiy,10066,10061.9108,20449.0,2.0314921517981324,2.0323177529661094
1997,KAZ.7.1_1,Akzharskiy,8055,8060.5054,841.0,0.10440720049658597,0.10433589002214688
1997,KAZ.7.2_1,Ayyrtauskiy,9630,9633.5514,2852.0,0.2961578400830737,0.29604866326757784
1997,KAZ.7.3_1,Bulaevskiy,7907,7908.5235,5259.0,0.6651068673327432,0.6649787427527368
1997,KAZ.7.4_1,Esil`skiy,4926,4923.8679,2142.0,0.4348355663824604,0.43502385541323557
1997,KAZ.7.5_1,Kyzylzharskiy,6308,6303.3423,20960.0,3.322764743183259,3.325220025391786
1997,KAZ.7.6_1,Mamlyutskiy,4138,4151.6206,3152.0,0.7617206379893668,0.7592215857914337
1997,KAZ.7.7_1,Shal Akyna,4758,4759.1509,1230.0,0.25851197982345525,0.2584494647771985
1997,KAZ.7.8_1,Sovetskiy,4636,4635.5038,3716.0,0.8015530629853321,0.8016388619863899
1997,KAZ.7.9_1,Taiynshinskiy,11127,11129.4809,3664.0,0.32928911656331444,0.3292157151447791
1997,KAZ.7.10_1,Timiryazevskiy,4768,4775.0033,1634.0,0.3427013422818792,0.34219871378113215
1997,KAZ.7.11_1,Tselinniy,12298,12291.1075,2605.0,0.21182306066026996,0.21194184564111507
1997,KAZ.7.12_1,Ualikhanovskiy,12586,12586.5573,901.0,0.07158747815032576,0.07158430852676921
1997,KAZ.7.13_1,Zhambylskiy,7722,7713.3211,795.0,0.10295260295260296,0.10306844377257919
1997,KAZ.8.1_1,Aksuskiy,8081,8080.2883,19994.0,2.474198737779978,2.4744166559522816
1997,KAZ.8.2_1,Aktogayskiy,9409,9403.9423,1839.0,0.1954511637793602,0.1955562836701243
1997,KAZ.8.3_1,Bayanaul`skiy,18623,18613.3374,6700.0,0.35977017666326583,0.3599569414263999
1997,KAZ.8.4_1,Ekibastuz,19241,19236.1846,43390.0,2.2550802972818462,2.255644816024055
1997,KAZ.8.5_1,Irtyshskiy,10103,10102.5432,3863.0,0.3823616747500742,0.38237896557790924
1997,KAZ.8.6_1,Kachirskiy,6831,6833.7305,2750.0,0.4025764895330113,0.40241563537205755
1997,KAZ.8.7_1,Lebyazhinskiy,8094,8100.0565,1879.0,0.23214726958240672,0.2319736891909435
1997,KAZ.8.8_1,Mayskiy,18058,18048.9733,2489.0,0.137833647137003,0.13790258073654094
1997,KAZ.8.9_1,Pavlodarskiy,6527,6532.3778,34326.0,5.2590776773402785,5.254748131585075
1997,KAZ.8.10_1,Sherbaktinskiy,6979,6974.1198,5871.0,0.8412379997134259,0.8418266660437481
1997,KAZ.8.11_1,Uspenskiy,5590,5581.5676,4018.0,0.718783542039356,0.7198694507401521
1997,KAZ.8.12_1,Zhelezinskiy,7598,7584.3494,1627.0,0.21413529876283233,0.21452070814902552
1997,KAZ.9.1_1,Abayskiy,6708,6706.9089,20249.0,3.018634466308885,3.019125568501015
1997,KAZ.9.2_1,Aktogayskiy,56475,56483.5207,11501.0,0.20364763169544045,0.2036169109533764
1997,KAZ.9.3_1,Bukhar-Zhyrauskiy,15297,15298.2434,69508.0,4.543897496241093,4.543528169309306
1997,KAZ.9.4_1,Karkaralinskiy,35215,35227.1629,1752.0,0.04975152633820815,0.04973434854117296
1997,KAZ.9.5_1,Nurinskiy,47011,47004.3867,1512.0,0.03216268532896556,0.03216721049826125
1997,KAZ.9.6_1,Osakarovskiy,11120,11123.7267,6483.0,0.5830035971223022,0.5828082769224332
1997,KAZ.9.7_1,Shetskiy,66230,66248.7613,8674.0,0.13096783934772763,0.13093074997217483
1997,KAZ.9.8_1,Ulytauskiy,128675,128672.5201,43797.0,0.3403691470759666,0.3403757069132833
1997,KAZ.9.9_1,Zhanaarkinskiy,63004,63031.6413,6075.0,0.09642244936829408,0.09638016514606945
1997,KAZ.10.1_1,Altynsarinskiy,5349,5356.2087,1984.0,0.37091045055150496,0.3704112552359992
1997,KAZ.10.2_1,Amangel`dinskiy,28028,28028.9463,171.0,0.006101041815327529,0.006100835834042615
1997,KAZ.10.3_1,Arkalyk,11294,11285.7064,5782.0,0.5119532495130158,0.5123294728101088
1997,KAZ.10.4_1,Auliekol`skiy,11042,11044.7742,5839.0,0.528799130592284,0.5286663066960147
1997,KAZ.10.5_1,Denisovskiy,6504,6510.3182,4198.0,0.6454489544895449,0.644822555726435
1997,KAZ.10.6_1,Dzhangil`dinskiy,38581,38583.4343,205.0,0.005313496280552604,0.005313161047989119
1997,KAZ.10.7_1,Fyodorovskiy,6781,6767.2202,5822.0,0.858575431352308,0.8603237135967319
1997,KAZ.10.8_1,Kamystinskiy,12932,12927.5113,1231.0,0.09519022579647386,0.09522327749582396
1997,KAZ.10.9_1,Karabalykskiy,7266,7284.2803,6821.0,0.9387558491604734,0.9363999948659916
1997,KAZ.10.10_1,Karasuskiy,12827,12830.2125,2722.0,0.21220862243704686,0.21215548822840613
1997,KAZ.10.11_1,Mendykarinskiy,6803,6798.9183,1977.0,0.2906070851095105,0.2907815501576067
1997,KAZ.10.12_1,Naurzumskiy,16090,16095.4503,863.0,0.05363579863269111,0.053617636306002005
1997,KAZ.10.13_1,Qostanay,8151,8150.5045,35025.0,4.297018770702981,4.297279977233578
1997,KAZ.10.14_1,Sarykol`skiy,6387,6385.6753,2893.0,0.45295130734304057,0.4530452680153258
1997,KAZ.10.15_1,Taranovskiy,7750,7745.2217,22535.0,2.907741935483871,2.9095358080332945
1997,KAZ.10.16_1,Uzunkol`skiy,7723,7734.567,1285.0,0.1663861193836592,0.1661372903337643
1997,KAZ.10.17_1,Zhitikarinskiy,7564,7543.3034,6915.0,0.9141988365943945,0.9167071289783522
1997,KAZ.11.1_1,Aral`skiy,55256,55264.9883,3151.0,0.057025481395685536,0.05701620680199944
1997,KAZ.11.2_1,Karmakchinskiy,31362,31363.2928,6806.0,0.21701422103182194,0.21700527534703637
1997,KAZ.11.3_1,Kazalinskiy,38288,38287.1923,2121.0,0.05539594651065608,0.05539711517704041
1997,KAZ.11.4_1,Qyzylorda,2322,2316.0783,5725.0,2.4655469422911285,2.4718507857632233
1997,KAZ.11.5_1,Shieliyskiy,30904,30911.1087,1679.0,0.05432953662956252,0.05431704234865159
1997,KAZ.11.6_1,Terenozekskiy,30947,30952.9512,672.0,0.021714544220764534,0.021710369217393014
1997,KAZ.11.7_1,Zhalagashskiy,23287,23286.5285,584.0,0.025078369905956112,0.025078877701962776
1997,KAZ.11.8_1,Zhanakorganskiy,16813,16811.4924,703.0,0.04181288288824124,0.041816632537754334
1997,KAZ.12.1_1,Arysskiy,6341,6343.9785,2706.0,0.42674656994164956,0.4265462100471577
1997,KAZ.12.2_1,Baydibekskiy,6962,6962.3081,246.0,0.03533467394426889,0.0353331104622654
1997,KAZ.12.3_1,Chardarinskiy,12114,12109.0736,1749.0,0.14437840515106487,0.14443714364777288
1997,KAZ.12.4_1,Kazygurtskiy,3943,3948.8778,1203.0,0.3050976413898047,0.30464350862486106
1997,KAZ.12.5_1,Maktaaral`skiy,2113,2121.6773,9767.0,4.622337908187411,4.603433251658816
1997,KAZ.12.6_1,Ordabasynskiy,2723,2712.62,3685.0,1.3532868160117517,1.358465269902299
1997,KAZ.12.7_1,Otrarskiy,18582,18584.8986,848.0,0.04563556129587773,0.045628443619887285
1997,KAZ.12.8_1,Saryagashskiy,7438,7439.5216,15181.0,2.041005646679215,2.040588213677024
1997,KAZ.12.9_1,Sayramskiy,1701,1704.567,18389.0,10.810699588477366,10.788077009197318
1997,KAZ.12.10_1,Shymkent,334,332.2048,11788.0,35.293413173652695,35.484134139887075
1997,KAZ.12.11_1,Suzakskiy,40794,40796.9964,1778.0,0.043584840907976666,0.043581639769306
1997,KAZ.12.12_1,Tolebiyskiy,2918,2917.8616,5239.0,1.795407813570939,1.7954929724315214
1997,KAZ.12.13_1,Turkestan,7753,7749.8781,7490.0,0.9660776473623114,0.9664668187843808
1997,KAZ.12.14_1,Tyul`kubaskiy,2149,2153.7102,4658.0,2.167519776640298,2.1627793778788034
1997,KAZ.13.1_1,Akzhaikskiy,26028,26032.0325,619.0,0.023782080836022745,0.023778396867460555
1997,KAZ.13.2_1,Burlinskiy,5354,5358.1927,18424.0,3.441165483750467,3.43847281641715
1997,KAZ.13.3_1,Chingirlauskiy,7361,7357.6497,1529.0,0.20771634288819454,0.20781092540548585
1997,KAZ.13.4_1,Dzhangalinskiy,21494,21491.9701,263.0,0.012235972829626872,0.01223712849317362
1997,KAZ.13.5_1,Dzhanybekskiy,8009,8003.5822,463.0,0.05780996379073542,0.05784909661863706
1997,KAZ.13.6_1,Karatobinskiy,9925,9939.6014,183.0,0.018438287153652394,0.01841120101238199
1997,KAZ.13.7_1,Kaztalovskiy,19736,19743.3866,537.0,0.027209160924199432,0.027198981191024565
1997,KAZ.13.8_1,Syrymskiy,12624,12614.5173,914.0,0.07240177439797212,0.07245620100817483
1997,KAZ.13.9_1,Taskalinskiy,8222,8219.7343,472.0,0.05740695694478229,0.05742278079320256
1997,KAZ.13.10_1,Terektinskiy,8682,8680.1014,2300.0,0.26491591799124625,0.26497386199444317
1997,KAZ.13.11_1,Urdinskiy,19364,19368.9902,252.0,0.013013840115678578,0.013010487263438758
1997,KAZ.13.12_1,Zelenovskiy,8122,8118.9478,12063.0,1.4852253139620784,1.485783660696355
1997,KAZ.14.1_1,Bayzakskiy,4789,4785.8197,11482.0,2.3975777824180415,2.3991710185322357
1997,KAZ.14.2_1,Kordayskiy,8629,8625.2652,7760.0,0.8992930814694634,0.8996824865331021
1997,KAZ.14.3_1,Lugovskoy,8992,8994.9512,3106.0,0.34541814946619215,0.3453048198793362
1997,KAZ.14.4_1,Merkenskiy,6255,6245.7744,3832.0,0.6126298960831335,0.6135348116896195
1997,KAZ.14.5_1,Moyynkumskiy,49602,49586.5382,1521.0,0.030664086125559452,0.030673647637867788
1997,KAZ.14.6_1,Sarysuskiy,30981,30958.0923,3431.0,0.11074529550369581,0.11082724252637947
1997,KAZ.14.7_1,Shuskiy,11620,11617.7944,7354.0,0.6328743545611015,0.6329945034937118
1997,KAZ.14.8_1,Talasskiy,11742,11739.8088,2383.0,0.2029466871061148,0.20298456701741996
1997,KAZ.14.9_1,Zhamb.,950,949.293,0.0,0.0,0.0
1997,KAZ.14.10_1,Zhambylskiy,2909,2908.9839,11077.0,3.807837744929529,3.8078587545545868
1997,KAZ.14.11_1,Zhualy,690,690.1558,0.0,0.0,0.0
1997,KAZ.14.12_1,Zhualynskiy,3181,3177.7961,1760.0,0.5532851304621188,0.5538429635487562
1998,KAZ.1.1_1,Aksuskiy,13392,13387.4372,1096.0,0.08183990442054959,0.08186779783869855
1998,KAZ.1.2_1,Alakolskiy,36371,36368.3054,3379.0,0.09290368700338182,0.09291057054172462
1998,KAZ.1.3_1,Almaty (Alma-Ata),282,282.7159,14917.0,52.89716312056738,52.76321064483165
1998,KAZ.1.4_1,Balkhashskiy,38307,38315.691,1382.0,0.0360769572140862,0.03606877398473072
1998,KAZ.1.5_1,Enbekshikazakhskiy,9627,9630.8366,10744.0,1.1160278383712476,1.1155832546432993
1998,KAZ.1.6_1,Iliyskiy,8381,8378.8611,16775.0,2.0015511275504116,2.0020620682030716
1998,KAZ.1.7_1,Karasayskiy,2205,2204.1313,15927.0,7.22312925170068,7.225976130474442
1998,KAZ.1.8_1,Karatal`skiy,23995,23985.4486,3115.0,0.12981871223171493,0.1298704082623415
1998,KAZ.1.9_1,Kerbulakskiy,11144,11157.1654,2125.0,0.19068557071069633,0.19046056325518798
1998,KAZ.1.10_1,Koksuskiy,6956,6947.0051,1738.0,0.24985623921794134,0.2501797496592519
1998,KAZ.1.11_1,Panfilovskiy,10411,10410.9861,3706.0,0.3559696474882336,0.35597012116207
1998,KAZ.1.12_1,Raiymbekskiy,13935,13917.9794,731.0,0.0524578399712953,0.05252199173239254
1998,KAZ.1.13_1,Sarkandskiy,10192,10198.9963,1573.0,0.15433673469387754,0.15423086280506784
1998,KAZ.1.14_1,Taldyqorghan,4387,4397.3056,10325.0,2.353544563483018,2.34802876004295
1998,KAZ.1.15_1,Talgarskiy,6069,6058.0912,12939.0,2.1319822046465644,2.1358212460739963
1998,KAZ.1.16_1,Uygurskiy,8457,8462.7736,1026.0,0.12131961688542037,0.12123684860879062
1998,KAZ.1.17_1,Zhambylskiy,18472,18473.3386,7175.0,0.3884257254222607,0.3883975805224782
1998,KAZ.2.1_1,Akkol`skiy,10514,10522.4756,8060.0,0.7665969183945216,0.7659794406028205
1998,KAZ.2.2_1,Arshalynskiy,6017,6024.4332,4293.0,0.7134784776466677,0.7125981603262341
1998,KAZ.2.3_1,Astrakhansiy,7222,7218.1971,1609.0,0.22279147050678483,0.22290884710993766
1998,KAZ.2.4_1,Atbasarskiy,10873,10869.0932,4052.0,0.3726662374689598,0.3728001906362777
1998,KAZ.2.5_1,Bulandynskiy,5187,5190.895,873.0,0.1683053788316946,0.1681790896171507
1998,KAZ.2.6_1,Egindykol`skiy,5259,5276.6597,472.0,0.0897509032135387,0.08945052894734812
1998,KAZ.2.7_1,Enbekshil`derskiy,10606,10606.0361,1295.0,0.12210069771827267,0.12210028222708744
1998,KAZ.2.8_1,Ereymengauskiy,17508,17501.7015,3375.0,0.19276901987662784,0.19283839367030362
1998,KAZ.2.9_1,Esil`skiy,8678,8679.3199,3307.0,0.3810785895367596,0.3810206356974432
1998,KAZ.2.10_1,Korgalzhynskiy,9193,9172.9782,483.0,0.05253997606874796,0.052654654633906464
1998,KAZ.2.11_1,Sandyktauskiy,6307,6302.6735,1243.0,0.1970826066275567,0.19721789517642405
1998,KAZ.2.12_1,Shortandinskiy,4586,4588.3371,2365.0,0.51569995638901,0.5154372768393438
1998,KAZ.2.13_1,Shuchinskiy,5898,5909.4278,7985.0,1.3538487622923026,1.3512306447531262
1998,KAZ.2.14_1,Tselinogradskiy,8277,8278.398,22680.0,2.740123233055455,2.739660514300591
1998,KAZ.2.15_1,Zerendinskiy,8418,8408.3167,12344.0,1.4663815633167023,1.4680703043057912
1998,KAZ.2.16_1,Zhaksynskiy,10057,10056.5071,1692.0,0.16824102615093964,0.16824927182457586
1998,KAZ.2.17_1,Zharkainskiy,12416,12426.2702,1468.0,0.11823453608247422,0.11813681659915468
1998,KAZ.3.1_1,Alginskiy,7474,7465.03,2024.0,0.2708054589242708,0.2711308584633587
1998,KAZ.3.2_1,Aqtobe,2396,2398.9899,14486.0,6.045909849749583,6.038374771688268
1998,KAZ.3.3_1,Aytekebiyskiy,36132,36128.4233,1174.0,0.03249197387357467,0.03249519054813553
1998,KAZ.3.4_1,Bayganinskiy,61863,61859.4222,4670.0,0.0754893878408742,0.07549375393884826
1998,KAZ.3.5_1,Irgizskiy,41431,41435.2616,200.0,0.004827303227052208,0.004826806738112254
1998,KAZ.3.6_1,Kargalinskiy,4844,4833.9448,3893.0,0.8036746490503716,0.8053463878766995
1998,KAZ.3.7_1,Khobdinskiy,13618,13617.909,298.0,0.021882802173593775,0.021882948388655565
1998,KAZ.3.8_1,Khromtauskiy,12764,12776.9987,7486.0,0.5864932623002194,0.5858965946172032
1998,KAZ.3.9_1,Martukskiy,6479,6474.1115,1806.0,0.27874672017286617,0.2789571988600278
1998,KAZ.3.10_1,Mugalzharskiy,29413,29418.8846,86679.0,2.9469622275864413,2.9463727477193533
1998,KAZ.3.11_1,Shalkarskiy,61988,61995.1616,3161.0,0.0509937407240111,0.05098785000589753
1998,KAZ.3.12_1,Temirskiy,12513,12509.9697,5339.0,0.4266762566930392,0.4267796114136208
1998,KAZ.3.13_1,Uilskiy,10813,10805.3021,154.0,0.014242115971515769,0.014252262324810038
1998,KAZ.4.1_1,Atyrau,3133,3136.9405,7038.0,2.2464091924672838,2.24358732353483
1998,KAZ.4.2_1,Inderskiy,11379,11381.1544,950.0,0.08348712540645048,0.0834713219309991
1998,KAZ.4.3_1,Isatayskiy,13984,13973.895,4063.0,0.29054633867276886,0.2907564435163816
1998,KAZ.4.4_1,Kurmangazinskiy,20963,20971.928,1507.0,0.07188856556790536,0.0718579617606727
1998,KAZ.4.5_1,Kzylkoginskiy,23848,23831.6595,6788.0,0.2846360281784636,0.2848311929541855
1998,KAZ.4.6_1,Makatskiy,4648,4645.3358,767.0,0.1650172117039587,0.16511185259760094
1998,KAZ.4.7_1,Makhambetskiy,9233,9238.6483,4824.0,0.5224737355139175,0.5221543076280845
1998,KAZ.4.8_1,Zhylyoyskiy,30176,30180.7623,76362.0,2.5305540827147404,2.5301547814462495
1998,KAZ.5.1_1,Abayskiy,19546,19548.8915,479.0,0.02450629284764146,0.02450266813355662
1998,KAZ.5.2_1,Ayagozskiy,46653,46624.2114,5453.0,0.11688423038175466,0.11695640164933922
1998,KAZ.5.3_1,Beskaragayskiy,9766,9771.5976,2502.0,0.2561949621134548,0.2560482019362595
1998,KAZ.5.4_1,Borodulikhinskiy,6225,6218.2645,5200.0,0.8353413654618473,0.8362461905254021
1998,KAZ.5.5_1,Glubokovskiy,7471,7460.8603,16171.0,2.164502743943247,2.1674444164426006
1998,KAZ.5.6_1,Katon-Karagayskiy,13115,13114.1525,840.0,0.06404879908501715,0.06405293838815848
1998,KAZ.5.7_1,Kokpektinskiy,14505,14517.2114,1464.0,0.10093071354705274,0.10084581368795206
1998,KAZ.5.8_1,Kurchumskiy,23877,23872.8825,1024.0,0.04288645977300331,0.042893856613842034
1998,KAZ.5.9_1,Leninogorsk,3227,3235.8558,5143.0,1.5937403160830492,1.5893786104225471
1998,KAZ.5.10_1,Semipalatinskiy,31307,31325.8457,17397.0,0.555690420672693,0.5553561162629636
1998,KAZ.5.11_1,Shemonaikhinskiy,4074,4071.623,9571.0,2.349288168875798,2.3506596869108
1998,KAZ.5.12_1,Tarbagatayskiy,22626,22609.7774,1631.0,0.07208521170335012,0.07213693312891403
1998,KAZ.5.13_1,Ulanskiy,9852,9854.1714,15281.0,1.551055623223711,1.5507138500376014
1998,KAZ.5.14_1,Urdzharskiy,25124,25114.9445,4155.0,0.16537971660563605,0.1654393464976066
1998,KAZ.5.15_1,Zaysanskiy,9565,9561.1695,1450.0,0.15159435441714583,0.15165508700924393
1998,KAZ.5.16_1,Zharminskiy,22270,22279.605,4276.0,0.19200718455321059,0.1919244076854315
1998,KAZ.5.17_1,Zyryanovsk,11445,11445.8901,9723.0,0.8495412844036697,0.8494752196954721
1998,KAZ.6.1_1,Aqtau,1352,1352.7086,13234.0,9.788461538461538,9.783333957605782
1998,KAZ.6.2_1,Beyneuskiy,39572,39560.655,3680.0,0.09299504700293136,0.09302171565349142
1998,KAZ.6.3_1,Karakiyanskiy,65617,65609.5753,13333.0,0.20319429416157397,0.20321728855072535
1998,KAZ.6.4_1,Manghystauskiy,49500,49519.3216,6277.0,0.12680808080808081,0.12675860250099752
1998,KAZ.6.5_1,Tupkaraganskiy,10066,10061.9108,20627.0,2.049175442082257,2.0500082297634084
1998,KAZ.7.1_1,Akzharskiy,8055,8060.5054,725.0,0.09000620732464308,0.08994473277771284
1998,KAZ.7.2_1,Ayyrtauskiy,9630,9633.5514,2798.0,0.2905503634475597,0.2904432537947696
1998,KAZ.7.3_1,Bulaevskiy,7907,7908.5235,5815.0,0.735424307575566,0.7352826372137601
1998,KAZ.7.4_1,Esil`skiy,4926,4923.8679,2170.0,0.4405196914332115,0.4407104417585066
1998,KAZ.7.5_1,Kyzylzharskiy,6308,6303.3423,20914.0,3.315472415979708,3.3179223096872046
1998,KAZ.7.6_1,Mamlyutskiy,4138,4151.6206,3020.0,0.7298211696471726,0.727426773188493
1998,KAZ.7.7_1,Shal Akyna,4758,4759.1509,1242.0,0.2610340479192938,0.26097092297014673
1998,KAZ.7.8_1,Sovetskiy,4636,4635.5038,3829.0,0.8259275237273511,0.8260159317938339
1998,KAZ.7.9_1,Taiynshinskiy,11127,11129.4809,3409.0,0.30637188819987415,0.3063035952315917
1998,KAZ.7.10_1,Timiryazevskiy,4768,4775.0033,1733.0,0.36346476510067116,0.3629316835879449
1998,KAZ.7.11_1,Tselinniy,12298,12291.1075,2827.0,0.2298747763864043,0.2300036843099548
1998,KAZ.7.12_1,Ualikhanovskiy,12586,12586.5573,927.0,0.07365326553313205,0.07365000444430084
1998,KAZ.7.13_1,Zhambylskiy,7722,7713.3211,871.0,0.1127946127946128,0.11292152770555532
1998,KAZ.8.1_1,Aksuskiy,8081,8080.2883,19820.0,2.4526667491647074,2.452882770879975
1998,KAZ.8.2_1,Aktogayskiy,9409,9403.9423,1671.0,0.17759591880114783,0.17769143556975406
1998,KAZ.8.3_1,Bayanaul`skiy,18623,18613.3374,5527.0,0.2967835472265478,0.29693761421846454
1998,KAZ.8.4_1,Ekibastuz,19241,19236.1846,41798.0,2.172340314952445,2.1728841212300867
1998,KAZ.8.5_1,Irtyshskiy,10103,10102.5432,2958.0,0.29278432148866673,0.29279756152716946
1998,KAZ.8.6_1,Kachirskiy,6831,6833.7305,2722.0,0.39847752891231153,0.3983183125391784
1998,KAZ.8.7_1,Lebyazhinskiy,8094,8100.0565,1687.0,0.20842599456387448,0.20827015096600407
1998,KAZ.8.8_1,Mayskiy,18058,18048.9733,2387.0,0.13218518108317642,0.132251289762203
1998,KAZ.8.9_1,Pavlodarskiy,6527,6532.3778,33488.0,5.130687911751187,5.126464063116034
1998,KAZ.8.10_1,Sherbaktinskiy,6979,6974.1198,4750.0,0.6806132683765582,0.6810895356341005
1998,KAZ.8.11_1,Uspenskiy,5590,5581.5676,3186.0,0.5699463327370304,0.5708073842852475
1998,KAZ.8.12_1,Zhelezinskiy,7598,7584.3494,1375.0,0.18096867596735983,0.1812943907221328
1998,KAZ.9.1_1,Abayskiy,6708,6706.9089,19875.0,2.9628801431127014,2.963362174623817
1998,KAZ.9.2_1,Aktogayskiy,56475,56483.5207,11185.0,0.1980522355024347,0.19802235883953698
1998,KAZ.9.3_1,Bukhar-Zhyrauskiy,15297,15298.2434,69437.0,4.539256063280382,4.538887113603187
1998,KAZ.9.4_1,Karkaralinskiy,35215,35227.1629,1305.0,0.0370580718443845,0.03704527673871616
1998,KAZ.9.5_1,Nurinskiy,47011,47004.3867,1533.0,0.03260938929186786,0.032613977310737105
1998,KAZ.9.6_1,Osakarovskiy,11120,11123.7267,6078.0,0.5465827338129496,0.5463996154765617
1998,KAZ.9.7_1,Shetskiy,66230,66248.7613,8356.0,0.1261663898535407,0.12613066022221497
1998,KAZ.9.8_1,Ulytauskiy,128675,128672.5201,50994.0,0.39630075772294543,0.3963083955142126
1998,KAZ.9.9_1,Zhanaarkinskiy,63004,63031.6413,6069.0,0.09632721731953527,0.09628497485950543
1998,KAZ.10.1_1,Altynsarinskiy,5349,5356.2087,1469.0,0.27463077210693587,0.27426115622060626
1998,KAZ.10.2_1,Amangel`dinskiy,28028,28028.9463,188.0,0.006707578136149564,0.00670735167719305
1998,KAZ.10.3_1,Arkalyk,11294,11285.7064,5706.0,0.5052240127501328,0.5055952908776342
1998,KAZ.10.4_1,Auliekol`skiy,11042,11044.7742,5750.0,0.5207389965585945,0.520608197208783
1998,KAZ.10.5_1,Denisovskiy,6504,6510.3182,3703.0,0.5693419434194342,0.5687894053966147
1998,KAZ.10.6_1,Dzhangil`dinskiy,38581,38583.4343,206.0,0.00533941577460408,0.005339078906759798
1998,KAZ.10.7_1,Fyodorovskiy,6781,6767.2202,5738.0,0.8461878778941159,0.8479109358670642
1998,KAZ.10.8_1,Kamystinskiy,12932,12927.5113,1066.0,0.08243117847200743,0.08245980000856891
1998,KAZ.10.9_1,Karabalykskiy,7266,7284.2803,6664.0,0.9171483622350675,0.9148467329991157
1998,KAZ.10.10_1,Karasuskiy,12827,12830.2125,2718.0,0.21189678022920402,0.21184372410169283
1998,KAZ.10.11_1,Mendykarinskiy,6803,6798.9183,1814.0,0.2666470674702337,0.2668071481972173
1998,KAZ.10.12_1,Naurzumskiy,16090,16095.4503,733.0,0.045556246115599754,0.04554081971297737
1998,KAZ.10.13_1,Qostanay,8151,8150.5045,33856.0,4.153600785179733,4.153853273639401
1998,KAZ.10.14_1,Sarykol`skiy,6387,6385.6753,2973.0,0.46547674964772195,0.4655733086102882
1998,KAZ.10.15_1,Taranovskiy,7750,7745.2217,21386.0,2.759483870967742,2.7611862787042396
1998,KAZ.10.16_1,Uzunkol`skiy,7723,7734.567,1287.0,0.16664508610643533,0.1663958697739725
1998,KAZ.10.17_1,Zhitikarinskiy,7564,7543.3034,6637.0,0.8774457958751983,0.8798532487388754
1998,KAZ.11.1_1,Aral`skiy,55256,55264.9883,2942.0,0.053243086723613726,0.05323442729656692
1998,KAZ.11.2_1,Karmakchinskiy,31362,31363.2928,6380.0,0.20343090364134941,0.20342251788335175
1998,KAZ.11.3_1,Kazalinskiy,38288,38287.1923,2110.0,0.055108650229837026,0.05510981283524529
1998,KAZ.11.4_1,Qyzylorda,2322,2316.0783,5773.0,2.486218776916451,2.492575473573989
1998,KAZ.11.5_1,Shieliyskiy,30904,30911.1087,1462.0,0.04730779187160238,0.047296912396503056
1998,KAZ.11.6_1,Terenozekskiy,30947,30952.9512,4451.0,0.1438265421527127,0.14379888896817902
1998,KAZ.11.7_1,Zhalagashskiy,23287,23286.5285,594.0,0.02550779404818139,0.02550831053932515
1998,KAZ.11.8_1,Zhanakorganskiy,16813,16811.4924,591.0,0.03515137096294534,0.03515452322875222
1998,KAZ.12.1_1,Arysskiy,6341,6343.9785,2504.0,0.39489039583661883,0.39470499259352654
1998,KAZ.12.2_1,Baydibekskiy,6962,6962.3081,254.0,0.03648376903188739,0.03648215470494069
1998,KAZ.12.3_1,Chardarinskiy,12114,12109.0736,1731.0,0.14289252105002476,0.14295065503390217
1998,KAZ.12.4_1,Kazygurtskiy,3943,3948.8778,1092.0,0.276946487446107,0.27653425720560953
1998,KAZ.12.5_1,Maktaaral`skiy,2113,2121.6773,8861.0,4.193563653573118,4.176412618301297
1998,KAZ.12.6_1,Ordabasynskiy,2723,2712.62,2774.0,1.0187293426367976,1.0226275871666153
1998,KAZ.12.7_1,Otrarskiy,18582,18584.8986,592.0,0.03185878807448068,0.031853819130864706
1998,KAZ.12.8_1,Saryagashskiy,7438,7439.5216,15142.0,2.0357623016940036,2.035345941077498
1998,KAZ.12.9_1,Sayramskiy,1701,1704.567,16484.0,9.69077013521458,9.670491131633508
1998,KAZ.12.10_1,Shymkent,334,332.2048,11739.0,35.14670658682635,35.336634769946926
1998,KAZ.12.11_1,Suzakskiy,40794,40796.9964,1366.0,0.03348531646810805,0.03348285710060292
1998,KAZ.12.12_1,Tolebiyskiy,2918,2917.8616,4799.0,1.6446196024674435,1.644697609219101
1998,KAZ.12.13_1,Turkestan,7753,7749.8781,6462.0,0.8334838127176577,0.833819570491945
1998,KAZ.12.14_1,Tyul`kubaskiy,2149,2153.7102,4179.0,1.9446254071661238,1.9403724817852124
1998,KAZ.13.1_1,Akzhaikskiy,26028,26032.0325,545.0,0.020938988781312434,0.0209357452225622
1998,KAZ.13.2_1,Burlinskiy,5354,5358.1927,17473.0,3.263541277549496,3.260987598852413
1998,KAZ.13.3_1,Chingirlauskiy,7361,7357.6497,1076.0,0.14617579133269937,0.14624235169149952
1998,KAZ.13.4_1,Dzhangalinskiy,21494,21491.9701,248.0,0.011538103656834466,0.011539193408011626
1998,KAZ.13.5_1,Dzhanybekskiy,8009,8003.5822,374.0,0.04669746535147958,0.04672907588632886
1998,KAZ.13.6_1,Karatobinskiy,9925,9939.6014,118.0,0.011889168765743073,0.011871703385033195
1998,KAZ.13.7_1,Kaztalovskiy,19736,19743.3866,380.0,0.019254154843940007,0.019246951308360027
1998,KAZ.13.8_1,Syrymskiy,12624,12614.5173,481.0,0.03810202788339671,0.03813067033362373
1998,KAZ.13.9_1,Taskalinskiy,8222,8219.7343,401.0,0.04877158842130869,0.048785031987445396
1998,KAZ.13.10_1,Terektinskiy,8682,8680.1014,2224.0,0.2561621746141442,0.25621820394593114
1998,KAZ.13.11_1,Urdinskiy,19364,19368.9902,185.0,0.009553811196033877,0.009551349776730835
1998,KAZ.13.12_1,Zelenovskiy,8122,8118.9478,11928.0,1.4686037921694164,1.4691558903080595
1998,KAZ.14.1_1,Bayzakskiy,4789,4785.8197,10444.0,2.1808310712048447,2.1822802750000583
1998,KAZ.14.2_1,Kordayskiy,8629,8625.2652,7559.0,0.8759995364468652,0.8763788551164586
1998,KAZ.14.3_1,Lugovskoy,8992,8994.9512,2358.0,0.26223309608540923,0.26214705900691393
1998,KAZ.14.4_1,Merkenskiy,6255,6245.7744,3339.0,0.5338129496402878,0.534601444736858
1998,KAZ.14.5_1,Moyynkumskiy,49602,49586.5382,1309.0,0.02639006491673723,0.026398293726475303
1998,KAZ.14.6_1,Sarysuskiy,30981,30958.0923,3213.0,0.10370872470223685,0.10378546494819506
1998,KAZ.14.7_1,Shuskiy,11620,11617.7944,6813.0,0.5863166953528399,0.5864280054803723
1998,KAZ.14.8_1,Talasskiy,11742,11739.8088,1585.0,0.1349855220575711,0.13501071704683618
1998,KAZ.14.9_1,Zhamb.,950,949.293,0.0,0.0,0.0
1998,KAZ.14.10_1,Zhambylskiy,2909,2908.9839,9888.0,3.3991062220694395,3.3991249765311684
1998,KAZ.14.11_1,Zhualy,690,690.1558,0.0,0.0,0.0
1998,KAZ.14.12_1,Zhualynskiy,3181,3177.7961,1518.0,0.47720842502357746,0.47768955606080216
1999,KAZ.1.1_1,Aksuskiy,13392,13387.4372,1107.0,0.08266129032258064,0.08268946369291906
1999,KAZ.1.2_1,Alakolskiy,36371,36368.3054,3414.0,0.09386599213659234,0.09387294697527312
1999,KAZ.1.3_1,Almaty (Alma-Ata),282,282.7159,14932.0,52.95035460992908,52.81626743638977
1999,KAZ.1.4_1,Balkhashskiy,38307,38315.691,1241.0,0.032396167802229356,0.03238881947543475
1999,KAZ.1.5_1,Enbekshikazakhskiy,9627,9630.8366,10118.0,1.0510023891139504,1.0505837090916699
1999,KAZ.1.6_1,Iliyskiy,8381,8378.8611,16066.0,1.9169550173010381,1.917444362906143
1999,KAZ.1.7_1,Karasayskiy,2205,2204.1313,15653.0,7.098866213151927,7.101664115672534
1999,KAZ.1.8_1,Karatal`skiy,23995,23985.4486,3106.0,0.1294436340904355,0.12949518075853375
1999,KAZ.1.9_1,Kerbulakskiy,11144,11157.1654,2034.0,0.1825197415649677,0.18230436972284816
1999,KAZ.1.10_1,Koksuskiy,6956,6947.0051,1600.0,0.23001725129384704,0.23031507448492694
1999,KAZ.1.11_1,Panfilovskiy,10411,10410.9861,3548.0,0.34079339160503314,0.34079384508446425
1999,KAZ.1.12_1,Raiymbekskiy,13935,13917.9794,746.0,0.05353426623609616,0.05359973438080005
1999,KAZ.1.13_1,Sarkandskiy,10192,10198.9963,1628.0,0.1597331240188383,0.15962355031573455
1999,KAZ.1.14_1,Taldyqorghan,4387,4397.3056,10260.0,2.338728060177798,2.3332469809240357
1999,KAZ.1.15_1,Talgarskiy,6069,6058.0912,12496.0,2.058988301202834,2.0626959031564
1999,KAZ.1.16_1,Uygurskiy,8457,8462.7736,1018.0,0.12037365496038785,0.12029153205043748
1999,KAZ.1.17_1,Zhambylskiy,18472,18473.3386,6092.0,0.32979644867908187,0.32977255199204697
1999,KAZ.2.1_1,Akkol`skiy,10514,10522.4756,8218.0,0.7816245006657789,0.780994918470717
1999,KAZ.2.2_1,Arshalynskiy,6017,6024.4332,4421.0,0.7347515373109523,0.7338449724673377
1999,KAZ.2.3_1,Astrakhansiy,7222,7218.1971,1709.0,0.2366380504015508,0.23676272200800713
1999,KAZ.2.4_1,Atbasarskiy,10873,10869.0932,4160.0,0.3825990986848156,0.38273662217347365
1999,KAZ.2.5_1,Bulandynskiy,5187,5190.895,905.0,0.1744746481588587,0.17434372978639334
1999,KAZ.2.6_1,Egindykol`skiy,5259,5276.6597,497.0,0.09450465868035748,0.09418837476023731
1999,KAZ.2.7_1,Enbekshil`derskiy,10606,10606.0361,1210.0,0.1140863662078069,0.11408597798824387
1999,KAZ.2.8_1,Ereymengauskiy,17508,17501.7015,3504.0,0.20013708019191226,0.20020910560614633
1999,KAZ.2.9_1,Esil`skiy,8678,8679.3199,3399.0,0.39168011062456787,0.39162054452240985
1999,KAZ.2.10_1,Korgalzhynskiy,9193,9172.9782,483.0,0.05253997606874796,0.052654654633906464
1999,KAZ.2.11_1,Sandyktauskiy,6307,6302.6735,1341.0,0.21262089741557,0.2127668523182499
1999,KAZ.2.12_1,Shortandinskiy,4586,4588.3371,2643.0,0.5763192324465766,0.5760256755544971
1999,KAZ.2.13_1,Shuchinskiy,5898,5909.4278,8039.0,1.3630044082739912,1.3603685852436296
1999,KAZ.2.14_1,Tselinogradskiy,8277,8278.398,24375.0,2.9449075752084086,2.9444102749592993
1999,KAZ.2.15_1,Zerendinskiy,8418,8408.3167,12520.0,1.4872891423140888,1.4890019612693217
1999,KAZ.2.16_1,Zhaksynskiy,10057,10056.5071,1779.0,0.1768917172118922,0.1769003868652012
1999,KAZ.2.17_1,Zharkainskiy,12416,12426.2702,1551.0,0.1249194587628866,0.12481621426790797
1999,KAZ.3.1_1,Alginskiy,7474,7465.03,1990.0,0.26625635536526626,0.26657628870656314
1999,KAZ.3.2_1,Aqtobe,2396,2398.9899,14455.0,6.032971619365609,6.02545266635054
1999,KAZ.3.3_1,Aytekebiyskiy,36132,36128.4233,1209.0,0.03346064430421787,0.03346395687623156
1999,KAZ.3.4_1,Bayganinskiy,61863,61859.4222,4720.0,0.076297625398057,0.07630203824226206
1999,KAZ.3.5_1,Irgizskiy,41431,41435.2616,204.0,0.004923849291593251,0.004923342872874499
1999,KAZ.3.6_1,Kargalinskiy,4844,4833.9448,3911.0,0.8073905862923204,0.8090700547099338
1999,KAZ.3.7_1,Khobdinskiy,13618,13617.909,285.0,0.02092818328682626,0.020928323123378643
1999,KAZ.3.8_1,Khromtauskiy,12764,12776.9987,7416.0,0.5810090880601693,0.5804179996902457
1999,KAZ.3.9_1,Martukskiy,6479,6474.1115,1735.0,0.26778823892576015,0.2679904429801485
1999,KAZ.3.10_1,Mugalzharskiy,29413,29418.8846,86628.0,2.9452283004113826,2.9446391673811667
1999,KAZ.3.11_1,Shalkarskiy,61988,61995.1616,2959.0,0.047735045492676,0.047729531213998984
1999,KAZ.3.12_1,Temirskiy,12513,12509.9697,5426.0,0.4336290258131543,0.43373406471816944
1999,KAZ.3.13_1,Uilskiy,10813,10805.3021,141.0,0.013039859428465736,0.013049149271416984
1999,KAZ.4.1_1,Atyrau,3133,3136.9405,7066.0,2.2553463134375997,2.252513217973445
1999,KAZ.4.2_1,Inderskiy,11379,11381.1544,998.0,0.08770542226909218,0.08768882030224957
1999,KAZ.4.3_1,Isatayskiy,13984,13973.895,4353.0,0.31128432494279173,0.31150942619414446
1999,KAZ.4.4_1,Kurmangazinskiy,20963,20971.928,1498.0,0.07145923770452703,0.07142881666721149
1999,KAZ.4.5_1,Kzylkoginskiy,23848,23831.6595,6778.0,0.2842167058034217,0.2844115830647421
1999,KAZ.4.6_1,Makatskiy,4648,4645.3358,767.0,0.1650172117039587,0.16511185259760094
1999,KAZ.4.7_1,Makhambetskiy,9233,9238.6483,4848.0,0.5250731073323947,0.5247520902530998
1999,KAZ.4.8_1,Zhylyoyskiy,30176,30180.7623,76508.0,2.5353923647932133,2.534992300082366
1999,KAZ.5.1_1,Abayskiy,19546,19548.8915,474.0,0.024250486032947917,0.02424689915512701
1999,KAZ.5.2_1,Ayagozskiy,46653,46624.2114,5430.0,0.11639122885988039,0.1164630957190376
1999,KAZ.5.3_1,Beskaragayskiy,9766,9771.5976,2417.0,0.24749129633422076,0.2473495220143642
1999,KAZ.5.4_1,Borodulikhinskiy,6225,6218.2645,5035.0,0.8088353413654619,0.8097114556337306
1999,KAZ.5.5_1,Glubokovskiy,7471,7460.8603,16306.0,2.1825726141078836,2.1855388445064032
1999,KAZ.5.6_1,Katon-Karagayskiy,13115,13114.1525,910.0,0.06938619900876858,0.06939068325383836
1999,KAZ.5.7_1,Kokpektinskiy,14505,14517.2114,1450.0,0.09996552912788693,0.09988144115268477
1999,KAZ.5.8_1,Kurchumskiy,23877,23872.8825,1007.0,0.04217447753067806,0.042181751572401296
1999,KAZ.5.9_1,Leninogorsk,3227,3235.8558,5221.0,1.6179113727920669,1.6134835164332333
1999,KAZ.5.10_1,Semipalatinskiy,31307,31325.8457,17778.0,0.5678602229533332,0.5675185971674982
1999,KAZ.5.11_1,Shemonaikhinskiy,4074,4071.623,9658.0,2.3706431026018655,2.3720270876799194
1999,KAZ.5.12_1,Tarbagatayskiy,22626,22609.7774,1658.0,0.07327852912578449,0.07333110676133628
1999,KAZ.5.13_1,Ulanskiy,9852,9854.1714,15149.0,1.537657328461226,1.5373185075727782
1999,KAZ.5.14_1,Urdzharskiy,25124,25114.9445,4306.0,0.17138990606591306,0.17145170301292276
1999,KAZ.5.15_1,Zaysanskiy,9565,9561.1695,1394.0,0.14573967590172504,0.14579806295923176
1999,KAZ.5.16_1,Zharminskiy,22270,22279.605,4357.0,0.19564436461607543,0.1955600197112781
1999,KAZ.5.17_1,Zyryanovsk,11445,11445.8901,10343.0,0.9037134119702928,0.9036431345582916
1999,KAZ.6.1_1,Aqtau,1352,1352.7086,13241.0,9.793639053254438,9.788508760212949
1999,KAZ.6.2_1,Beyneuskiy,39572,39560.655,4172.0,0.10542808046093197,0.10545831459412125
1999,KAZ.6.3_1,Karakiyanskiy,65617,65609.5753,13296.0,0.20263041589831904,0.20265334647644523
1999,KAZ.6.4_1,Manghystauskiy,49500,49519.3216,6663.0,0.13460606060606062,0.13455353966291964
1999,KAZ.6.5_1,Tupkaraganskiy,10066,10061.9108,20721.0,2.058513808861514,2.0593503916676
1999,KAZ.7.1_1,Akzharskiy,8055,8060.5054,729.0,0.09050279329608939,0.09044097957924505
1999,KAZ.7.2_1,Ayyrtauskiy,9630,9633.5514,2820.0,0.29283489096573206,0.2927269391355433
1999,KAZ.7.3_1,Bulaevskiy,7907,7908.5235,5749.0,0.7270772733021373,0.7269372108928472
1999,KAZ.7.4_1,Esil`skiy,4926,4923.8679,2336.0,0.47421843280552173,0.474423775091185
1999,KAZ.7.5_1,Kyzylzharskiy,6308,6303.3423,20962.0,3.3230818008877616,3.3255373173789415
1999,KAZ.7.6_1,Mamlyutskiy,4138,4151.6206,3079.0,0.7440792653455776,0.7416380909428377
1999,KAZ.7.7_1,Shal Akyna,4758,4759.1509,1269.0,0.26670870113493067,0.2666442039042804
1999,KAZ.7.8_1,Sovetskiy,4636,4635.5038,3756.0,0.8101811906816221,0.8102679132456622
1999,KAZ.7.9_1,Taiynshinskiy,11127,11129.4809,3564.0,0.3203019681854947,0.32023057008078404
1999,KAZ.7.10_1,Timiryazevskiy,4768,4775.0033,1767.0,0.37059563758389263,0.3700520974609917
1999,KAZ.7.11_1,Tselinniy,12298,12291.1075,3133.0,0.2547568710359408,0.254899732204842
1999,KAZ.7.12_1,Ualikhanovskiy,12586,12586.5573,949.0,0.07540123947242969,0.07539790098990452
1999,KAZ.7.13_1,Zhambylskiy,7722,7713.3211,949.0,0.12289562289562289,0.12303390332097819
1999,KAZ.8.1_1,Aksuskiy,8081,8080.2883,19992.0,2.473951243657963,2.4741691400319104
1999,KAZ.8.2_1,Aktogayskiy,9409,9403.9423,1459.0,0.15506430013816558,0.1551476986811916
1999,KAZ.8.3_1,Bayanaul`skiy,18623,18613.3374,5521.0,0.29646136497878967,0.29661526471867966
1999,KAZ.8.4_1,Ekibastuz,19241,19236.1846,42359.0,2.201496803700431,2.202047908779971
1999,KAZ.8.5_1,Irtyshskiy,10103,10102.5432,3013.0,0.2982282490349401,0.29824173525401
1999,KAZ.8.6_1,Kachirskiy,6831,6833.7305,2890.0,0.42307129263651005,0.42290224953645317
1999,KAZ.8.7_1,Lebyazhinskiy,8094,8100.0565,1725.0,0.21312083024462564,0.21296147623969
1999,KAZ.8.8_1,Mayskiy,18058,18048.9733,2425.0,0.1342895115738177,0.13435667267421125
1999,KAZ.8.9_1,Pavlodarskiy,6527,6532.3778,33795.0,5.177723303202083,5.173460732590969
1999,KAZ.8.10_1,Sherbaktinskiy,6979,6974.1198,4593.0,0.6581172087691647,0.6585777341405101
1999,KAZ.8.11_1,Uspenskiy,5590,5581.5676,3233.0,0.5783542039355993,0.5792279577508491
1999,KAZ.8.12_1,Zhelezinskiy,7598,7584.3494,1398.0,0.1839957883653593,0.18432695143966665
1999,KAZ.9.1_1,Abayskiy,6708,6706.9089,19928.0,2.9707811568276683,2.971264473756147
1999,KAZ.9.2_1,Aktogayskiy,56475,56483.5207,11352.0,0.2010092961487384,0.20097897340602805
1999,KAZ.9.3_1,Bukhar-Zhyrauskiy,15297,15298.2434,69474.0,4.541674838203569,4.541305691928912
1999,KAZ.9.4_1,Karkaralinskiy,35215,35227.1629,1310.0,0.037200056793979835,0.03718721266491813
1999,KAZ.9.5_1,Nurinskiy,47011,47004.3867,1706.0,0.03628937908149157,0.0362944848611334
1999,KAZ.9.6_1,Osakarovskiy,11120,11123.7267,5901.0,0.5306654676258993,0.5304876819557733
1999,KAZ.9.7_1,Shetskiy,66230,66248.7613,8499.0,0.12832553223614676,0.1282891911475114
1999,KAZ.9.8_1,Ulytauskiy,128675,128672.5201,53400.0,0.4149990285603264,0.4150070267180247
1999,KAZ.9.9_1,Zhanaarkinskiy,63004,63031.6413,6197.0,0.09835883435972319,0.09831570097287118
1999,KAZ.10.1_1,Altynsarinskiy,5349,5356.2087,1491.0,0.2787436904094223,0.27836853909116677
1999,KAZ.10.2_1,Amangel`dinskiy,28028,28028.9463,219.0,0.0078136149564721,0.007813351155879139
1999,KAZ.10.3_1,Arkalyk,11294,11285.7064,5559.0,0.4922082521692934,0.4925699652977162
1999,KAZ.10.4_1,Auliekol`skiy,11042,11044.7742,5993.0,0.5427458793696794,0.5426095523256064
1999,KAZ.10.5_1,Denisovskiy,6504,6510.3182,3731.0,0.5736469864698647,0.5730902704657763
1999,KAZ.10.6_1,Dzhangil`dinskiy,38581,38583.4343,216.0,0.005598610715118841,0.005598257494466584
1999,KAZ.10.7_1,Fyodorovskiy,6781,6767.2202,6127.0,0.9035540480755051,0.9053939184485016
1999,KAZ.10.8_1,Kamystinskiy,12932,12927.5113,1219.0,0.0942622950819672,0.09429502458765995
1999,KAZ.10.9_1,Karabalykskiy,7266,7284.2803,7187.0,0.9891274428846684,0.9866451785811291
1999,KAZ.10.10_1,Karasuskiy,12827,12830.2125,2716.0,0.2117408591252826,0.21168784203833618
1999,KAZ.10.11_1,Mendykarinskiy,6803,6798.9183,1892.0,0.2781125973835073,0.2782795614052564
1999,KAZ.10.12_1,Naurzumskiy,16090,16095.4503,765.0,0.04754505904288378,0.04752895918202959
1999,KAZ.10.13_1,Qostanay,8151,8150.5045,34189.0,4.194454668138879,4.194709640018238
1999,KAZ.10.14_1,Sarykol`skiy,6387,6385.6753,3281.0,0.5136997025207453,0.5138062649008932
1999,KAZ.10.15_1,Taranovskiy,7750,7745.2217,21689.0,2.7985806451612905,2.80030717286151
1999,KAZ.10.16_1,Uzunkol`skiy,7723,7734.567,1335.0,0.17286028745306228,0.17260177633896914
1999,KAZ.10.17_1,Zhitikarinskiy,7564,7543.3034,6666.0,0.8812797461660498,0.8836977182602597
1999,KAZ.11.1_1,Aral`skiy,55256,55264.9883,2923.0,0.05289923266251629,0.052890629159709414
1999,KAZ.11.2_1,Karmakchinskiy,31362,31363.2928,6361.0,0.2028250749314457,0.20281671414670854
1999,KAZ.11.3_1,Kazalinskiy,38288,38287.1923,2111.0,0.05513476807354785,0.05513593122995394
1999,KAZ.11.4_1,Qyzylorda,2322,2316.0783,5728.0,2.466838931955211,2.473146078751396
1999,KAZ.11.5_1,Shieliyskiy,30904,30911.1087,1442.0,0.046660626456122185,0.04664989581105158
1999,KAZ.11.6_1,Terenozekskiy,30947,30952.9512,7978.0,0.2577955860018742,0.25774602026244264
1999,KAZ.11.7_1,Zhalagashskiy,23287,23286.5285,591.0,0.025378966805513804,0.025379480688116438
1999,KAZ.11.8_1,Zhanakorganskiy,16813,16811.4924,596.0,0.03544875988818177,0.0354519388229041
1999,KAZ.12.1_1,Arysskiy,6341,6343.9785,2385.0,0.37612363980444724,0.3759470476579716
1999,KAZ.12.2_1,Baydibekskiy,6962,6962.3081,272.0,0.03906923297902901,0.03906750425096012
1999,KAZ.12.3_1,Chardarinskiy,12114,12109.0736,1757.0,0.1450387980848605,0.14509780525393767
1999,KAZ.12.4_1,Kazygurtskiy,3943,3948.8778,824.0,0.20897793558204414,0.20866687540056986
1999,KAZ.12.5_1,Maktaaral`skiy,2113,2121.6773,8340.0,3.9469947941315664,3.930852187860605
1999,KAZ.12.6_1,Ordabasynskiy,2723,2712.62,2603.0,0.9559309585016526,0.9595889002864815
1999,KAZ.12.7_1,Otrarskiy,18582,18584.8986,594.0,0.03196641911527284,0.0319614333846852
1999,KAZ.12.8_1,Saryagashskiy,7438,7439.5216,14060.0,1.890293089540199,1.8899064807521877
1999,KAZ.12.9_1,Sayramskiy,1701,1704.567,13245.0,7.786596119929453,7.770301810148375
1999,KAZ.12.10_1,Shymkent,334,332.2048,11421.0,34.19461077844311,34.379393960947596
1999,KAZ.12.11_1,Suzakskiy,40794,40796.9964,1211.0,0.029685738098740012,0.029683557795629676
1999,KAZ.12.12_1,Tolebiyskiy,2918,2917.8616,4073.0,1.3958190541466757,1.3958852599186078
1999,KAZ.12.13_1,Turkestan,7753,7749.8781,6442.0,0.8309041661292403,0.8312388847275007
1999,KAZ.12.14_1,Tyul`kubaskiy,2149,2153.7102,3743.0,1.7417403443462076,1.7379311316874968
1999,KAZ.13.1_1,Akzhaikskiy,26028,26032.0325,537.0,0.020631627478100507,0.02062843153122184
1999,KAZ.13.2_1,Burlinskiy,5354,5358.1927,17642.0,3.2951064624579756,3.292528084413339
1999,KAZ.13.3_1,Chingirlauskiy,7361,7357.6497,1117.0,0.15174568672734684,0.15181478330799716
1999,KAZ.13.4_1,Dzhangalinskiy,21494,21491.9701,244.0,0.01135200521075649,0.01135307738530176
1999,KAZ.13.5_1,Dzhanybekskiy,8009,8003.5822,362.0,0.045199150955175425,0.045229747248264826
1999,KAZ.13.6_1,Karatobinskiy,9925,9939.6014,92.0,0.009269521410579346,0.009255904334093679
1999,KAZ.13.7_1,Kaztalovskiy,19736,19743.3866,359.0,0.01819010944466964,0.018183303999213814
1999,KAZ.13.8_1,Syrymskiy,12624,12614.5173,469.0,0.03715145754119138,0.03717938541885557
1999,KAZ.13.9_1,Taskalinskiy,8222,8219.7343,424.0,0.051568961323279004,0.05158317596677518
1999,KAZ.13.10_1,Terektinskiy,8682,8680.1014,2161.0,0.24890578207786224,0.2489602242478225
1999,KAZ.13.11_1,Urdinskiy,19364,19368.9902,176.0,0.0090890311919025,0.009086689517322307
1999,KAZ.13.12_1,Zelenovskiy,8122,8118.9478,11998.0,1.4772223590248708,1.4777776971760646
1999,KAZ.14.1_1,Bayzakskiy,4789,4785.8197,9612.0,2.007099603257465,2.008433359182359
1999,KAZ.14.2_1,Kordayskiy,8629,8625.2652,5784.0,0.670297832889095,0.6705880801684875
1999,KAZ.14.3_1,Lugovskoy,8992,8994.9512,2048.0,0.2277580071174377,0.22768328110524164
1999,KAZ.14.4_1,Merkenskiy,6255,6245.7744,3129.0,0.5002398081534772,0.5009787123634707
1999,KAZ.14.5_1,Moyynkumskiy,49602,49586.5382,1114.0,0.022458771823716785,0.022465774798543534
1999,KAZ.14.6_1,Sarysuskiy,30981,30958.0923,3070.0,0.09909299247926148,0.09916631727076217
1999,KAZ.14.7_1,Shuskiy,11620,11617.7944,5836.0,0.50223752151463,0.5023328695117354
1999,KAZ.14.8_1,Talasskiy,11742,11739.8088,1451.0,0.12357349684891841,0.12359656178861786
1999,KAZ.14.9_1,Zhamb.,950,949.293,0.0,0.0,0.0
1999,KAZ.14.10_1,Zhambylskiy,2909,2908.9839,9395.0,3.2296321760055,3.229649995399507
1999,KAZ.14.11_1,Zhualy,690,690.1558,0.0,0.0,0.0
1999,KAZ.14.12_1,Zhualynskiy,3181,3177.7961,1462.0,0.45960389814523733,0.4600672799478872
2000,KAZ.1.1_1,Aksuskiy,13392,13387.4372,1111.0,0.08295997610513739,0.08298825127627196
2000,KAZ.1.2_1,Alakolskiy,36371,36368.3054,3308.0,0.09095158230458332,0.09095832120509768
2000,KAZ.1.3_1,Almaty (Alma-Ata),282,282.7159,14934.0,52.95744680851064,52.82334167526419
2000,KAZ.1.4_1,Balkhashskiy,38307,38315.691,1179.0,0.030777664656590178,0.030770683450070564
2000,KAZ.1.5_1,Enbekshikazakhskiy,9627,9630.8366,10258.0,1.0655448218551988,1.0651203486719065
2000,KAZ.1.6_1,Iliyskiy,8381,8378.8611,16023.0,1.9118243646342918,1.9123124005256522
2000,KAZ.1.7_1,Karasayskiy,2205,2204.1313,15710.0,7.124716553287982,7.127524644299208
2000,KAZ.1.8_1,Karatal`skiy,23995,23985.4486,3098.0,0.12911023129818713,0.12916164519959356
2000,KAZ.1.9_1,Kerbulakskiy,11144,11157.1654,1954.0,0.17534099066762385,0.17513408969441754
2000,KAZ.1.10_1,Koksuskiy,6956,6947.0051,1611.0,0.23159861989649225,0.23189849062201082
2000,KAZ.1.11_1,Panfilovskiy,10411,10410.9861,3558.0,0.34175391412928635,0.34175436888684435
2000,KAZ.1.12_1,Raiymbekskiy,13935,13917.9794,726.0,0.05209903121636168,0.05216274418292337
2000,KAZ.1.13_1,Sarkandskiy,10192,10198.9963,1402.0,0.13755886970172684,0.1374645070900859
2000,KAZ.1.14_1,Taldyqorghan,4387,4397.3056,10198.0,2.324595395486665,2.3191474377644554
2000,KAZ.1.15_1,Talgarskiy,6069,6058.0912,12536.0,2.065579172845609,2.0692986429232256
2000,KAZ.1.16_1,Uygurskiy,8457,8462.7736,1019.0,0.12049190020101691,0.12040969662023163
2000,KAZ.1.17_1,Zhambylskiy,18472,18473.3386,5919.0,0.3204309224772629,0.3204077044059301
2000,KAZ.2.1_1,Akkol`skiy,10514,10522.4756,8963.0,0.8524824044131634,0.8517957476579504
2000,KAZ.2.2_1,Arshalynskiy,6017,6024.4332,4843.0,0.8048861558916404,0.8038930562450388
2000,KAZ.2.3_1,Astrakhansiy,7222,7218.1971,2515.0,0.3482414843533647,0.348424953686447
2000,KAZ.2.4_1,Atbasarskiy,10873,10869.0932,4810.0,0.44238020785431803,0.4425392193880789
2000,KAZ.2.5_1,Bulandynskiy,5187,5190.895,1517.0,0.2924619240408714,0.29224247302315876
2000,KAZ.2.6_1,Egindykol`skiy,5259,5276.6597,752.0,0.14299296444190912,0.14251440205170715
2000,KAZ.2.7_1,Enbekshil`derskiy,10606,10606.0361,1280.0,0.12068640392230813,0.1206859932437621
2000,KAZ.2.8_1,Ereymengauskiy,17508,17501.7015,3874.0,0.22127027644505368,0.22134990728259443
2000,KAZ.2.9_1,Esil`skiy,8678,8679.3199,4105.0,0.47303526158100945,0.4729633231140019
2000,KAZ.2.10_1,Korgalzhynskiy,9193,9172.9782,516.0,0.05612966387468726,0.05625217762131622
2000,KAZ.2.11_1,Sandyktauskiy,6307,6302.6735,1950.0,0.3091802758839385,0.3093925145567392
2000,KAZ.2.12_1,Shortandinskiy,4586,4588.3371,3353.0,0.7311382468382033,0.7307658305464355
2000,KAZ.2.13_1,Shuchinskiy,5898,5909.4278,9121.0,1.5464564259070872,1.5434658372940844
2000,KAZ.2.14_1,Tselinogradskiy,8277,8278.398,27539.0,3.3271716805605895,3.326609828188888
2000,KAZ.2.15_1,Zerendinskiy,8418,8408.3167,14425.0,1.7135899263483012,1.715563361925716
2000,KAZ.2.16_1,Zhaksynskiy,10057,10056.5071,2153.0,0.2140797454509297,0.2140902377294987
2000,KAZ.2.17_1,Zharkainskiy,12416,12426.2702,1649.0,0.1328125,0.13270273199727933
2000,KAZ.3.1_1,Alginskiy,7474,7465.03,2166.0,0.2898046561412898,0.2901528850946813
2000,KAZ.3.2_1,Aqtobe,2396,2398.9899,14782.0,6.169449081803005,6.161760035558193
2000,KAZ.3.3_1,Aytekebiyskiy,36132,36128.4233,1240.0,0.03431860954278756,0.03432200705254519
2000,KAZ.3.4_1,Bayganinskiy,61863,61859.4222,10262.0,0.16588267623619934,0.16589227043264687
2000,KAZ.3.5_1,Irgizskiy,41431,41435.2616,205.0,0.004947985807728513,0.004947476906565061
2000,KAZ.3.6_1,Kargalinskiy,4844,4833.9448,3980.0,0.8216350123864574,0.8233441109039981
2000,KAZ.3.7_1,Khobdinskiy,13618,13617.909,280.0,0.020561022176531062,0.020561159559810596
2000,KAZ.3.8_1,Khromtauskiy,12764,12776.9987,8140.0,0.637731118771545,0.6370823243633494
2000,KAZ.3.9_1,Martukskiy,6479,6474.1115,1761.0,0.27180120388948914,0.2720064380910902
2000,KAZ.3.10_1,Mugalzharskiy,29413,29418.8846,89066.0,3.028116819093598,3.0275111059007593
2000,KAZ.3.11_1,Shalkarskiy,61988,61995.1616,2940.0,0.047428534555075175,0.04742305568406793
2000,KAZ.3.12_1,Temirskiy,12513,12509.9697,5497.0,0.43930312475025973,0.4394095381046401
2000,KAZ.3.13_1,Uilskiy,10813,10805.3021,150.0,0.013872190881346527,0.01388207369299679
2000,KAZ.4.1_1,Atyrau,3133,3136.9405,7457.0,2.3801468241302266,2.3771569581698246
2000,KAZ.4.2_1,Inderskiy,11379,11381.1544,1144.0,0.10053607522629406,0.10051704451480312
2000,KAZ.4.3_1,Isatayskiy,13984,13973.895,5031.0,0.3597683066361556,0.3600284684545695
2000,KAZ.4.4_1,Kurmangazinskiy,20963,20971.928,1723.0,0.08219243428898536,0.08215744400374192
2000,KAZ.4.5_1,Kzylkoginskiy,23848,23831.6595,7142.0,0.299480040254948,0.2996853830404822
2000,KAZ.4.6_1,Makatskiy,4648,4645.3358,909.0,0.19556798623063684,0.19568014864565744
2000,KAZ.4.7_1,Makhambetskiy,9233,9238.6483,5210.0,0.5642802989277591,0.5639353115137479
2000,KAZ.4.8_1,Zhylyoyskiy,30176,30180.7623,77430.0,2.565946447507953,2.5655415616063366
2000,KAZ.5.1_1,Abayskiy,19546,19548.8915,516.0,0.026399263276373684,0.026395358573935733
2000,KAZ.5.2_1,Ayagozskiy,46653,46624.2114,5340.0,0.11446209246993762,0.11453276816568338
2000,KAZ.5.3_1,Beskaragayskiy,9766,9771.5976,2521.0,0.2581404874052836,0.2579926127423302
2000,KAZ.5.4_1,Borodulikhinskiy,6225,6218.2645,5127.0,0.8236144578313253,0.8245065805430262
2000,KAZ.5.5_1,Glubokovskiy,7471,7460.8603,15973.0,2.13800026770178,2.1409059219490234
2000,KAZ.5.6_1,Katon-Karagayskiy,13115,13114.1525,866.0,0.06603126191383911,0.06603552933826816
2000,KAZ.5.7_1,Kokpektinskiy,14505,14517.2114,1208.0,0.08328162702516374,0.08321157304306427
2000,KAZ.5.8_1,Kurchumskiy,23877,23872.8825,1022.0,0.04280269715625916,0.04281007955014312
2000,KAZ.5.9_1,Leninogorsk,3227,3235.8558,5307.0,1.644561512240471,1.6400607204962974
2000,KAZ.5.10_1,Semipalatinskiy,31307,31325.8457,19820.0,0.633085252499441,0.6327043872122744
2000,KAZ.5.11_1,Shemonaikhinskiy,4074,4071.623,9836.0,2.4143348060873833,2.4157442984489217
2000,KAZ.5.12_1,Tarbagatayskiy,22626,22609.7774,1598.0,0.0706267126314859,0.07067738757817574
2000,KAZ.5.13_1,Ulanskiy,9852,9854.1714,15319.0,1.5549127080795777,1.554570084989596
2000,KAZ.5.14_1,Urdzharskiy,25124,25114.9445,4727.0,0.18814679191211592,0.18821463078079098
2000,KAZ.5.15_1,Zaysanskiy,9565,9561.1695,1316.0,0.13758494511238892,0.13764006517528624
2000,KAZ.5.16_1,Zharminskiy,22270,22279.605,4586.0,0.2059272563987427,0.20583847840163444
2000,KAZ.5.17_1,Zyryanovsk,11445,11445.8901,10254.0,0.8959370904325032,0.8958674177473385
2000,KAZ.6.1_1,Aqtau,1352,1352.7086,13356.0,9.878698224852071,9.87352337447354
2000,KAZ.6.2_1,Beyneuskiy,39572,39560.655,6380.0,0.1612251086626908,0.16127134398621612
2000,KAZ.6.3_1,Karakiyanskiy,65617,65609.5753,13830.0,0.21076855083286344,0.21079240235929886
2000,KAZ.6.4_1,Manghystauskiy,49500,49519.3216,8215.0,0.16595959595959595,0.16589484141240954
2000,KAZ.6.5_1,Tupkaraganskiy,10066,10061.9108,23534.0,2.3379694019471486,2.3389195558855898
2000,KAZ.7.1_1,Akzharskiy,8055,8060.5054,1228.0,0.15245189323401614,0.15234776807038808
2000,KAZ.7.2_1,Ayyrtauskiy,9630,9633.5514,3260.0,0.33852544132917967,0.33840064595101815
2000,KAZ.7.3_1,Bulaevskiy,7907,7908.5235,5333.0,0.6744656633362843,0.674335735900427
2000,KAZ.7.4_1,Esil`skiy,4926,4923.8679,2868.0,0.582216808769793,0.5824689156513351
2000,KAZ.7.5_1,Kyzylzharskiy,6308,6303.3423,21194.0,3.359860494610019,3.3623431878890035
2000,KAZ.7.6_1,Mamlyutskiy,4138,4151.6206,3521.0,0.8508941517641373,0.8481025392042
2000,KAZ.7.7_1,Shal Akyna,4758,4759.1509,1573.0,0.33060109289617484,0.33052114479230343
2000,KAZ.7.8_1,Sovetskiy,4636,4635.5038,3697.0,0.7974547023295945,0.7975400626382356
2000,KAZ.7.9_1,Taiynshinskiy,11127,11129.4809,4986.0,0.4480992181180911,0.44799933289079386
2000,KAZ.7.10_1,Timiryazevskiy,4768,4775.0033,1959.0,0.41086409395973156,0.41026149344996193
2000,KAZ.7.11_1,Tselinniy,12298,12291.1075,4638.0,0.3771344934135632,0.37734598083819254
2000,KAZ.7.12_1,Ualikhanovskiy,12586,12586.5573,964.0,0.07659303988558716,0.07658964863463431
2000,KAZ.7.13_1,Zhambylskiy,7722,7713.3211,1202.0,0.15565915565915567,0.15583430115049082
2000,KAZ.8.1_1,Aksuskiy,8081,8080.2883,20397.0,2.52406880336592,2.5242911139071063
2000,KAZ.8.2_1,Aktogayskiy,9409,9403.9423,1544.0,0.16409820384738016,0.16418646111292653
2000,KAZ.8.3_1,Bayanaul`skiy,18623,18613.3374,6349.0,0.3409225151694142,0.341099495688987
2000,KAZ.8.4_1,Ekibastuz,19241,19236.1846,45682.0,2.3742009251078424,2.374795263554065
2000,KAZ.8.5_1,Irtyshskiy,10103,10102.5432,3541.0,0.3504899534791646,0.35050580303167916
2000,KAZ.8.6_1,Kachirskiy,6831,6833.7305,3367.0,0.49290001463914507,0.49270307065371555
2000,KAZ.8.7_1,Lebyazhinskiy,8094,8100.0565,1838.0,0.22708178897949097,0.22691199613249288
2000,KAZ.8.8_1,Mayskiy,18058,18048.9733,2745.0,0.15201018938974417,0.15208621298585975
2000,KAZ.8.9_1,Pavlodarskiy,6527,6532.3778,34523.0,5.289259996935805,5.284905603528274
2000,KAZ.8.10_1,Sherbaktinskiy,6979,6974.1198,4762.0,0.6823327124229832,0.6828101828820182
2000,KAZ.8.11_1,Uspenskiy,5590,5581.5676,3639.0,0.6509838998211092,0.6519673796026414
2000,KAZ.8.12_1,Zhelezinskiy,7598,7584.3494,1827.0,0.24045801526717558,0.2408908013449721
2000,KAZ.9.1_1,Abayskiy,6708,6706.9089,19638.0,2.9275491949910553,2.9280254785037743
2000,KAZ.9.2_1,Aktogayskiy,56475,56483.5207,11853.0,0.2098804780876494,0.20984881710550127
2000,KAZ.9.3_1,Bukhar-Zhyrauskiy,15297,15298.2434,68978.0,4.509250179773812,4.508883668967851
2000,KAZ.9.4_1,Karkaralinskiy,35215,35227.1629,1797.0,0.051029390884566234,0.051011771876990755
2000,KAZ.9.5_1,Nurinskiy,47011,47004.3867,1959.0,0.04167109825360022,0.04167696122096151
2000,KAZ.9.6_1,Osakarovskiy,11120,11123.7267,5670.0,0.5098920863309353,0.5097212602422021
2000,KAZ.9.7_1,Shetskiy,66230,66248.7613,8858.0,0.13374603653933262,0.13370816039353522
2000,KAZ.9.8_1,Ulytauskiy,128675,128672.5201,58990.0,0.45844181076355156,0.4584506461815782
2000,KAZ.9.9_1,Zhanaarkinskiy,63004,63031.6413,6549.0,0.10394578122023998,0.10390019778462697
2000,KAZ.10.1_1,Altynsarinskiy,5349,5356.2087,1856.0,0.34698074406431106,0.3465137548981928
2000,KAZ.10.2_1,Amangel`dinskiy,28028,28028.9463,238.0,0.008491508491508492,0.008491221804106096
2000,KAZ.10.3_1,Arkalyk,11294,11285.7064,5721.0,0.5065521515849123,0.5069244057327279
2000,KAZ.10.4_1,Auliekol`skiy,11042,11044.7742,6454.0,0.5844955623981163,0.5843487486583454
2000,KAZ.10.5_1,Denisovskiy,6504,6510.3182,4164.0,0.6402214022140221,0.6396000767138816
2000,KAZ.10.6_1,Dzhangil`dinskiy,38581,38583.4343,205.0,0.005313496280552604,0.005313161047989119
2000,KAZ.10.7_1,Fyodorovskiy,6781,6767.2202,7006.0,1.0331809467630142,1.0352847711196673
2000,KAZ.10.8_1,Kamystinskiy,12932,12927.5113,1876.0,0.1450665017012063,0.1451168713096391
2000,KAZ.10.9_1,Karabalykskiy,7266,7284.2803,8003.0,1.1014313239746765,1.0986672275197964
2000,KAZ.10.10_1,Karasuskiy,12827,12830.2125,2977.0,0.23208856318702736,0.23203045130637953
2000,KAZ.10.11_1,Mendykarinskiy,6803,6798.9183,2641.0,0.38821108334558285,0.3884441446465551
2000,KAZ.10.12_1,Naurzumskiy,16090,16095.4503,886.0,0.055065257924176506,0.05504661154938329
2000,KAZ.10.13_1,Qostanay,8151,8150.5045,35965.0,4.412342043920991,4.412610260705371
2000,KAZ.10.14_1,Sarykol`skiy,6387,6385.6753,3773.0,0.5907311726945358,0.5908537145599116
2000,KAZ.10.15_1,Taranovskiy,7750,7745.2217,23374.0,3.016,3.0178606601717433
2000,KAZ.10.16_1,Uzunkol`skiy,7723,7734.567,1675.0,0.21688463032500324,0.21656028117436202
2000,KAZ.10.17_1,Zhitikarinskiy,7564,7543.3034,7218.0,0.9542570068746695,0.9568752070810912
2000,KAZ.11.1_1,Aral`skiy,55256,55264.9883,3081.0,0.055758650644273926,0.055749582087261274
2000,KAZ.11.2_1,Karmakchinskiy,31362,31363.2928,7324.0,0.2335310248070914,0.2335213982723618
2000,KAZ.11.3_1,Kazalinskiy,38288,38287.1923,2383.0,0.06223882156289177,0.06224013459070593
2000,KAZ.11.4_1,Qyzylorda,2322,2316.0783,5873.0,2.529285099052541,2.5357519065130845
2000,KAZ.11.5_1,Shieliyskiy,30904,30911.1087,1491.0,0.04824618172404867,0.0482350864454077
2000,KAZ.11.6_1,Terenozekskiy,30947,30952.9512,17077.0,0.5518143923482083,0.55170829631759
2000,KAZ.11.7_1,Zhalagashskiy,23287,23286.5285,607.0,0.026066045433074246,0.02606657322789624
2000,KAZ.11.8_1,Zhanakorganskiy,16813,16811.4924,644.0,0.038303693570451436,0.038307128526762144
2000,KAZ.12.1_1,Arysskiy,6341,6343.9785,2410.0,0.3800662356095253,0.3798877923923319
2000,KAZ.12.2_1,Baydibekskiy,6962,6962.3081,290.0,0.04165469692617064,0.041652853796979535
2000,KAZ.12.3_1,Chardarinskiy,12114,12109.0736,1979.0,0.16336470199768863,0.16343116482501005
2000,KAZ.12.4_1,Kazygurtskiy,3943,3948.8778,830.0,0.21049961957900076,0.21018629439620506
2000,KAZ.12.5_1,Maktaaral`skiy,2113,2121.6773,7536.0,3.5664931377188833,3.5519067251459857
2000,KAZ.12.6_1,Ordabasynskiy,2723,2712.62,2804.0,1.0297466030113844,1.0336870059175158
2000,KAZ.12.7_1,Otrarskiy,18582,18584.8986,686.0,0.03691744699171241,0.03691168906042769
2000,KAZ.12.8_1,Saryagashskiy,7438,7439.5216,14116.0,1.8978219951599893,1.8974338465361225
2000,KAZ.12.9_1,Sayramskiy,1701,1704.567,13260.0,7.795414462081129,7.77910169894809
2000,KAZ.12.10_1,Shymkent,334,332.2048,11422.0,34.19760479041916,34.382404152170864
2000,KAZ.12.11_1,Suzakskiy,40794,40796.9964,1477.0,0.036206304848752265,0.03620364563513215
2000,KAZ.12.12_1,Tolebiyskiy,2918,2917.8616,4062.0,1.3920493488690884,1.3921153758382974
2000,KAZ.12.13_1,Turkestan,7753,7749.8781,6787.0,0.8754030697794403,0.8757557141641645
2000,KAZ.12.14_1,Tyul`kubaskiy,2149,2153.7102,3755.0,1.7473243369008842,1.7435029119654157
2000,KAZ.13.1_1,Akzhaikskiy,26028,26032.0325,573.0,0.022014753342554174,0.02201134314225347
2000,KAZ.13.2_1,Burlinskiy,5354,5358.1927,20294.0,3.790437056406425,3.7874710886001757
2000,KAZ.13.3_1,Chingirlauskiy,7361,7357.6497,1871.0,0.2541774215459856,0.2542931598650517
2000,KAZ.13.4_1,Dzhangalinskiy,21494,21491.9701,286.0,0.01330603889457523,0.013307295623755343
2000,KAZ.13.5_1,Dzhanybekskiy,8009,8003.5822,341.0,0.04257710076164315,0.04260592213165278
2000,KAZ.13.6_1,Karatobinskiy,9925,9939.6014,99.0,0.009974811083123425,0.00996015792473124
2000,KAZ.13.7_1,Kaztalovskiy,19736,19743.3866,425.0,0.0215342521280908,0.021526195542244768
2000,KAZ.13.8_1,Syrymskiy,12624,12614.5173,500.0,0.03960709759188847,0.03963687144867332
2000,KAZ.13.9_1,Taskalinskiy,8222,8219.7343,433.0,0.05266358550231087,0.05267810187173032
2000,KAZ.13.10_1,Terektinskiy,8682,8680.1014,2228.0,0.25662289794978116,0.2566790280537476
2000,KAZ.13.11_1,Urdinskiy,19364,19368.9902,186.0,0.009605453418715142,0.009602978694442894
2000,KAZ.13.12_1,Zelenovskiy,8122,8118.9478,12911.0,1.589633095296725,1.5902306924687588
2000,KAZ.14.1_1,Bayzakskiy,4789,4785.8197,9539.0,1.9918563374399665,1.993179963924316
2000,KAZ.14.2_1,Kordayskiy,8629,8625.2652,5711.0,0.6618379881793951,0.6621245722410498
2000,KAZ.14.3_1,Lugovskoy,8992,8994.9512,2058.0,0.22887010676156583,0.22879501587626333
2000,KAZ.14.4_1,Merkenskiy,6255,6245.7744,3149.0,0.5034372501998401,0.5041808773514123
2000,KAZ.14.5_1,Moyynkumskiy,49602,49586.5382,1141.0,0.023003104713519615,0.023010277419334087
2000,KAZ.14.6_1,Sarysuskiy,30981,30958.0923,3100.0,0.10006132791065492,0.10013536923106277
2000,KAZ.14.7_1,Shuskiy,11620,11617.7944,5855.0,0.5038726333907056,0.5039682918079524
2000,KAZ.14.8_1,Talasskiy,11742,11739.8088,1468.0,0.12502129109180718,0.1250446262616754
2000,KAZ.14.9_1,Zhamb.,950,949.293,0.0,0.0,0.0
2000,KAZ.14.10_1,Zhambylskiy,2909,2908.9839,9476.0,3.25747679614988,3.257494769175703
2000,KAZ.14.11_1,Zhualy,690,690.1558,0.0,0.0,0.0
2000,KAZ.14.12_1,Zhualynskiy,3181,3177.7961,1501.0,0.47186419364979565,0.4723399365265244
2001,KAZ.1.1_1,Aksuskiy,13392,13387.4372,1070.0,0.0798984468339307,0.07992567854690459
2001,KAZ.1.2_1,Alakolskiy,36371,36368.3054,3303.0,0.09081411014269611,0.09082083885744789
2001,KAZ.1.3_1,Almaty (Alma-Ata),282,282.7159,14972.0,53.09219858156028,52.957752213878095
2001,KAZ.1.4_1,Balkhashskiy,38307,38315.691,1240.0,0.03237006291278356,0.03236272050728371
2001,KAZ.1.5_1,Enbekshikazakhskiy,9627,9630.8366,10453.0,1.0858003531733667,1.085367810944379
2001,KAZ.1.6_1,Iliyskiy,8381,8378.8611,16368.0,1.9529889034721393,1.953487447531915
2001,KAZ.1.7_1,Karasayskiy,2205,2204.1313,16000.0,7.2562358276643995,7.259095754855973
2001,KAZ.1.8_1,Karatal`skiy,23995,23985.4486,2938.0,0.12244217545321942,0.1224909340207895
2001,KAZ.1.9_1,Kerbulakskiy,11144,11157.1654,1930.0,0.17318736539842067,0.17298300568588837
2001,KAZ.1.10_1,Koksuskiy,6956,6947.0051,1650.0,0.23720529039677976,0.23751242056258093
2001,KAZ.1.11_1,Panfilovskiy,10411,10410.9861,3525.0,0.3385841897992508,0.33858464033899
2001,KAZ.1.12_1,Raiymbekskiy,13935,13917.9794,717.0,0.05145317545748116,0.051516098593878866
2001,KAZ.1.13_1,Sarkandskiy,10192,10198.9963,1274.0,0.125,0.12491425251980702
2001,KAZ.1.14_1,Taldyqorghan,4387,4397.3056,10244.0,2.335080920902667,2.329608389140918
2001,KAZ.1.15_1,Talgarskiy,6069,6058.0912,12724.0,2.09655626956665,2.1003315198273076
2001,KAZ.1.16_1,Uygurskiy,8457,8462.7736,959.0,0.11339718576327303,0.11331982243258305
2001,KAZ.1.17_1,Zhambylskiy,18472,18473.3386,6111.0,0.3308250324815938,0.3308010612645107
2001,KAZ.2.1_1,Akkol`skiy,10514,10522.4756,9042.0,0.8599961955487921,0.8593034865918987
2001,KAZ.2.2_1,Arshalynskiy,6017,6024.4332,4854.0,0.8067143094565398,0.8057189541634149
2001,KAZ.2.3_1,Astrakhansiy,7222,7218.1971,2604.0,0.36056494045970644,0.3607549023457288
2001,KAZ.2.4_1,Atbasarskiy,10873,10869.0932,4923.0,0.45277292375609307,0.45293567090384873
2001,KAZ.2.5_1,Bulandynskiy,5187,5190.895,1644.0,0.3169462116830538,0.31670838869484047
2001,KAZ.2.6_1,Egindykol`skiy,5259,5276.6597,832.0,0.15820498193572924,0.1576755086529526
2001,KAZ.2.7_1,Enbekshil`derskiy,10606,10606.0361,1316.0,0.12408070903262304,0.12408028680374292
2001,KAZ.2.8_1,Ereymengauskiy,17508,17501.7015,3890.0,0.22218414439113549,0.22226410411184624
2001,KAZ.2.9_1,Esil`skiy,8678,8679.3199,4156.0,0.478912191749251,0.4788393595278421
2001,KAZ.2.10_1,Korgalzhynskiy,9193,9172.9782,528.0,0.05743500489502883,0.05756036779855614
2001,KAZ.2.11_1,Sandyktauskiy,6307,6302.6735,1999.0,0.3169494212779451,0.3171669931276522
2001,KAZ.2.12_1,Shortandinskiy,4586,4588.3371,3408.0,0.7431312690798081,0.742752743961304
2001,KAZ.2.13_1,Shuchinskiy,5898,5909.4278,9224.0,1.56391997287216,1.5608956126741185
2001,KAZ.2.14_1,Tselinogradskiy,8277,8278.398,27949.0,3.376706536184608,3.3761363189676907
2001,KAZ.2.15_1,Zerendinskiy,8418,8408.3167,14423.0,1.713352340223331,1.7153255021874942
2001,KAZ.2.16_1,Zhaksynskiy,10057,10056.5071,2146.0,0.21338371283683008,0.21339417100209207
2001,KAZ.2.17_1,Zharkainskiy,12416,12426.2702,1679.0,0.13522873711340205,0.13511697211851545
2001,KAZ.3.1_1,Alginskiy,7474,7465.03,2139.0,0.2861921327267862,0.2865360208760495
2001,KAZ.3.2_1,Aqtobe,2396,2398.9899,14845.0,6.195742904841403,6.188021088341319
2001,KAZ.3.3_1,Aytekebiyskiy,36132,36128.4233,1195.0,0.03307317613196059,0.033076450344993145
2001,KAZ.3.4_1,Bayganinskiy,61863,61859.4222,11515.0,0.1861371094192005,0.1861478750761965
2001,KAZ.3.5_1,Irgizskiy,41431,41435.2616,196.0,0.004730757162511163,0.004730270603350009
2001,KAZ.3.6_1,Kargalinskiy,4844,4833.9448,3722.0,0.768373245251858,0.7699715529609751
2001,KAZ.3.7_1,Khobdinskiy,13618,13617.909,283.0,0.02078131884270818,0.020781457697951426
2001,KAZ.3.8_1,Khromtauskiy,12764,12776.9987,7563.0,0.5925258539642745,0.5919230490368564
2001,KAZ.3.9_1,Martukskiy,6479,6474.1115,1840.0,0.2839944435869733,0.2842088847743362
2001,KAZ.3.10_1,Mugalzharskiy,29413,29418.8846,90955.0,3.092340121714888,3.091721561956342
2001,KAZ.3.11_1,Shalkarskiy,61988,61995.1616,2892.0,0.04665419113376783,0.046648801713715805
2001,KAZ.3.12_1,Temirskiy,12513,12509.9697,5553.0,0.4437784703907936,0.4438859678179128
2001,KAZ.3.13_1,Uilskiy,10813,10805.3021,148.0,0.013687228336261906,0.013696979377090168
2001,KAZ.4.1_1,Atyrau,3133,3136.9405,7429.0,2.3712097031599106,2.3682310637312094
2001,KAZ.4.2_1,Inderskiy,11379,11381.1544,1132.0,0.09948150101063362,0.0994626699219905
2001,KAZ.4.3_1,Isatayskiy,13984,13973.895,5356.0,0.3830091533180778,0.38328612145551066
2001,KAZ.4.4_1,Kurmangazinskiy,20963,20971.928,1686.0,0.0804274197395411,0.08039318084173469
2001,KAZ.4.5_1,Kzylkoginskiy,23848,23831.6595,7209.0,0.30228950016772893,0.302496769299753
2001,KAZ.4.6_1,Makatskiy,4648,4645.3358,924.0,0.19879518072289157,0.1989091940028465
2001,KAZ.4.7_1,Makhambetskiy,9233,9238.6483,5460.0,0.5913570887035633,0.5909955471909911
2001,KAZ.4.8_1,Zhylyoyskiy,30176,30180.7623,75243.0,2.493471633085896,2.4930781831324498
2001,KAZ.5.1_1,Abayskiy,19546,19548.8915,542.0,0.027729458712780108,0.027725357261769702
2001,KAZ.5.2_1,Ayagozskiy,46653,46624.2114,5104.0,0.10940346815853214,0.1094710203591101
2001,KAZ.5.3_1,Beskaragayskiy,9766,9771.5976,2312.0,0.2367397091951669,0.23660409387555234
2001,KAZ.5.4_1,Borodulikhinskiy,6225,6218.2645,5013.0,0.8053012048192771,0.8061734909815078
2001,KAZ.5.5_1,Glubokovskiy,7471,7460.8603,15934.0,2.132780082987552,2.135678642730592
2001,KAZ.5.6_1,Katon-Karagayskiy,13115,13114.1525,859.0,0.06549752192146398,0.06550175485170016
2001,KAZ.5.7_1,Kokpektinskiy,14505,14517.2114,1218.0,0.08397104446742502,0.0839004105682552
2001,KAZ.5.8_1,Kurchumskiy,23877,23872.8825,1023.0,0.04284457846463124,0.04285196808199258
2001,KAZ.5.9_1,Leninogorsk,3227,3235.8558,5322.0,1.6492097923768205,1.6446962793445064
2001,KAZ.5.10_1,Semipalatinskiy,31307,31325.8457,19668.0,0.6282301082824927,0.6278521638592841
2001,KAZ.5.11_1,Shemonaikhinskiy,4074,4071.623,9760.0,2.3956799214531173,2.397078523064404
2001,KAZ.5.12_1,Tarbagatayskiy,22626,22609.7774,1457.0,0.0643949438698842,0.06444114749774846
2001,KAZ.5.13_1,Ulanskiy,9852,9854.1714,15251.0,1.548010556232237,1.547669454022869
2001,KAZ.5.14_1,Urdzharskiy,25124,25114.9445,4480.0,0.17831555484795414,0.1783798489312341
2001,KAZ.5.15_1,Zaysanskiy,9565,9561.1695,1098.0,0.11479351803450079,0.11483950726631025
2001,KAZ.5.16_1,Zharminskiy,22270,22279.605,4503.0,0.2022002694207454,0.20211309817761883
2001,KAZ.5.17_1,Zyryanovsk,11445,11445.8901,10189.0,0.890257754477938,0.8901885234472041
2001,KAZ.6.1_1,Aqtau,1352,1352.7086,13436.0,9.937869822485206,9.932663975698299
2001,KAZ.6.2_1,Beyneuskiy,39572,39560.655,7449.0,0.18823915900131405,0.18829314127795044
2001,KAZ.6.3_1,Karakiyanskiy,65617,65609.5753,14197.0,0.2163616136062301,0.21638609806905032
2001,KAZ.6.4_1,Manghystauskiy,49500,49519.3216,10036.0,0.20274747474747476,0.2026683662099747
2001,KAZ.6.5_1,Tupkaraganskiy,10066,10061.9108,25507.0,2.533975759984105,2.535005571172505
2001,KAZ.7.1_1,Akzharskiy,8055,8060.5054,1212.0,0.15046554934823092,0.15036278086425925
2001,KAZ.7.2_1,Ayyrtauskiy,9630,9633.5514,3236.0,0.3360332294911734,0.33590935285199225
2001,KAZ.7.3_1,Bulaevskiy,7907,7908.5235,5262.0,0.6654862779815354,0.6653580803127783
2001,KAZ.7.4_1,Esil`skiy,4926,4923.8679,2707.0,0.549533089727974,0.5497710441660265
2001,KAZ.7.5_1,Kyzylzharskiy,6308,6303.3423,21134.0,3.3503487634749525,3.3528244282743325
2001,KAZ.7.6_1,Mamlyutskiy,4138,4151.6206,3248.0,0.7849202513291446,0.7823450858662998
2001,KAZ.7.7_1,Shal Akyna,4758,4759.1509,1553.0,0.3263976460697772,0.32631871447072297
2001,KAZ.7.8_1,Sovetskiy,4636,4635.5038,3585.0,0.7732959447799828,0.7733787191122733
2001,KAZ.7.9_1,Taiynshinskiy,11127,11129.4809,5049.0,0.45376112159611753,0.4536599742811107
2001,KAZ.7.10_1,Timiryazevskiy,4768,4775.0033,1886.0,0.39555369127516776,0.3949735460166556
2001,KAZ.7.11_1,Tselinniy,12298,12291.1075,4939.0,0.4016100178890877,0.40183523056486264
2001,KAZ.7.12_1,Ualikhanovskiy,12586,12586.5573,960.0,0.0762752264420785,0.07627184926270637
2001,KAZ.7.13_1,Zhambylskiy,7722,7713.3211,1193.0,0.1544936544936545,0.15466748857948048
2001,KAZ.8.1_1,Aksuskiy,8081,8080.2883,19973.0,2.4716000494988246,2.4718177387883826
2001,KAZ.8.2_1,Aktogayskiy,9409,9403.9423,1392.0,0.14794345839090234,0.14802302711735346
2001,KAZ.8.3_1,Bayanaul`skiy,18623,18613.3374,6607.0,0.35477635182301454,0.35496052417973495
2001,KAZ.8.4_1,Ekibastuz,19241,19236.1846,43910.0,2.282105919650746,2.2826772037708287
2001,KAZ.8.5_1,Irtyshskiy,10103,10102.5432,3310.0,0.3276254577848164,0.3276402733789489
2001,KAZ.8.6_1,Kachirskiy,6831,6833.7305,3159.0,0.4624505928853755,0.46226581532375627
2001,KAZ.8.7_1,Lebyazhinskiy,8094,8100.0565,1629.0,0.20126019273535953,0.2011097071272203
2001,KAZ.8.8_1,Mayskiy,18058,18048.9733,2244.0,0.1242662531841843,0.12432840143543507
2001,KAZ.8.9_1,Pavlodarskiy,6527,6532.3778,33647.0,5.155048261069404,5.150804357730088
2001,KAZ.8.10_1,Sherbaktinskiy,6979,6974.1198,4187.0,0.5999426851984525,0.6003625022526271
2001,KAZ.8.11_1,Uspenskiy,5590,5581.5676,3520.0,0.629695885509839,0.6306472042322885
2001,KAZ.8.12_1,Zhelezinskiy,7598,7584.3494,1834.0,0.2413793103448276,0.24181375460683022
2001,KAZ.9.1_1,Abayskiy,6708,6706.9089,19316.0,2.879546809779368,2.8800152837752777
2001,KAZ.9.2_1,Aktogayskiy,56475,56483.5207,11002.0,0.19481186365648517,0.19478247581158567
2001,KAZ.9.3_1,Bukhar-Zhyrauskiy,15297,15298.2434,69099.0,4.517160227495587,4.516793073762787
2001,KAZ.9.4_1,Karkaralinskiy,35215,35227.1629,1858.0,0.05276160726962942,0.05274339017665488
2001,KAZ.9.5_1,Nurinskiy,47011,47004.3867,2060.0,0.04381953159898747,0.043825696842869175
2001,KAZ.9.6_1,Osakarovskiy,11120,11123.7267,5626.0,0.5059352517985611,0.5057657513443791
2001,KAZ.9.7_1,Shetskiy,66230,66248.7613,8679.0,0.13104333383662992,0.1310062230814509
2001,KAZ.9.8_1,Ulytauskiy,128675,128672.5201,59074.0,0.4590946182242083,0.4591034662236066
2001,KAZ.9.9_1,Zhanaarkinskiy,63004,63031.6413,6644.0,0.10545362199225446,0.10540737732189061
2001,KAZ.10.1_1,Altynsarinskiy,5349,5356.2087,1822.0,0.3406244157786502,0.340165981370963
2001,KAZ.10.2_1,Amangel`dinskiy,28028,28028.9463,244.0,0.008705580134151562,0.00870528621933566
2001,KAZ.10.3_1,Arkalyk,11294,11285.7064,5830.0,0.5162032937843103,0.5165826403464086
2001,KAZ.10.4_1,Auliekol`skiy,11042,11044.7742,6372.0,0.577069371490672,0.5769244230633679
2001,KAZ.10.5_1,Denisovskiy,6504,6510.3182,4248.0,0.6531365313653137,0.6525026719213662
2001,KAZ.10.6_1,Dzhangil`dinskiy,38581,38583.4343,206.0,0.00533941577460408,0.005339078906759798
2001,KAZ.10.7_1,Fyodorovskiy,6781,6767.2202,6985.0,1.0300840583984663,1.0321815766872504
2001,KAZ.10.8_1,Kamystinskiy,12932,12927.5113,1988.0,0.15372718836993504,0.1537805651191698
2001,KAZ.10.9_1,Karabalykskiy,7266,7284.2803,7893.0,1.0862923203963666,1.0835662160207113
2001,KAZ.10.10_1,Karasuskiy,12827,12830.2125,3047.0,0.23754580182427693,0.2374863235238624
2001,KAZ.10.11_1,Mendykarinskiy,6803,6798.9183,2737.0,0.40232250477730414,0.4025640378256801
2001,KAZ.10.12_1,Naurzumskiy,16090,16095.4503,892.0,0.05543816034804226,0.055419387699830576
2001,KAZ.10.13_1,Qostanay,8151,8150.5045,37278.0,4.573426573426573,4.573704582193099
2001,KAZ.10.14_1,Sarykol`skiy,6387,6385.6753,3671.0,0.574761233756067,0.5748804628013346
2001,KAZ.10.15_1,Taranovskiy,7750,7745.2217,23817.0,3.0731612903225805,3.075057214995739
2001,KAZ.10.16_1,Uzunkol`skiy,7723,7734.567,1626.0,0.21053994561698822,0.21022508488926128
2001,KAZ.10.17_1,Zhitikarinskiy,7564,7543.3034,7303.0,0.9654944473823374,0.9681434798161831
2001,KAZ.11.1_1,Aral`skiy,55256,55264.9883,2989.0,0.05409367308527581,0.054084875319319686
2001,KAZ.11.2_1,Karmakchinskiy,31362,31363.2928,7507.0,0.23936611185511128,0.23935624478845166
2001,KAZ.11.3_1,Kazalinskiy,38288,38287.1923,2429.0,0.06344024237358964,0.0634415807473037
2001,KAZ.11.4_1,Qyzylorda,2322,2316.0783,6032.0,2.5977605512489235,2.6044024348862465
2001,KAZ.11.5_1,Shieliyskiy,30904,30911.1087,1633.0,0.05284105617395806,0.05282890420211319
2001,KAZ.11.6_1,Terenozekskiy,30947,30952.9512,21729.0,0.7021359097812389,0.7020009117927571
2001,KAZ.11.7_1,Zhalagashskiy,23287,23286.5285,714.0,0.0306608837548847,0.030661504587673666
2001,KAZ.11.8_1,Zhanakorganskiy,16813,16811.4924,693.0,0.04121810503776839,0.04122180134945057
2001,KAZ.12.1_1,Arysskiy,6341,6343.9785,2508.0,0.3955212111654313,0.3953355117510242
2001,KAZ.12.2_1,Baydibekskiy,6962,6962.3081,339.0,0.04869290433783396,0.04869074978336573
2001,KAZ.12.3_1,Chardarinskiy,12114,12109.0736,1964.0,0.16212646524682187,0.1621924243134511
2001,KAZ.12.4_1,Kazygurtskiy,3943,3948.8778,1053.0,0.2670555414658889,0.2666580337339806
2001,KAZ.12.5_1,Maktaaral`skiy,2113,2121.6773,7600.0,3.596781826786559,3.582071538098393
2001,KAZ.12.6_1,Ordabasynskiy,2723,2712.62,3092.0,1.1355123026074183,1.1398574259261625
2001,KAZ.12.7_1,Otrarskiy,18582,18584.8986,717.0,0.038585728123990956,0.038579709994645266
2001,KAZ.12.8_1,Saryagashskiy,7438,7439.5216,14669.0,1.972169938155418,1.971766583652478
2001,KAZ.12.9_1,Sayramskiy,1701,1704.567,14197.0,8.346266901822457,8.328801419303623
2001,KAZ.12.10_1,Shymkent,334,332.2048,11475.0,34.3562874251497,34.541944287004085
2001,KAZ.12.11_1,Suzakskiy,40794,40796.9964,1977.0,0.04846300926606854,0.048459449844723265
2001,KAZ.12.12_1,Tolebiyskiy,2918,2917.8616,4366.0,1.4962302947224126,1.4963012631486967
2001,KAZ.12.13_1,Turkestan,7753,7749.8781,6853.0,0.8839159035212176,0.8842719771868306
2001,KAZ.12.14_1,Tyul`kubaskiy,2149,2153.7102,4125.0,1.919497440670079,1.9152994705345778
2001,KAZ.13.1_1,Akzhaikskiy,26028,26032.0325,606.0,0.023282618718303366,0.023279012119032466
2001,KAZ.13.2_1,Burlinskiy,5354,5358.1927,21157.0,3.9516249533059393,3.948532858062182
2001,KAZ.13.3_1,Chingirlauskiy,7361,7357.6497,1932.0,0.26246433908436356,0.2625838508066701
2001,KAZ.13.4_1,Dzhangalinskiy,21494,21491.9701,305.0,0.014190006513445612,0.014191346731627202
2001,KAZ.13.5_1,Dzhanybekskiy,8009,8003.5822,345.0,0.043076538893744534,0.04310569834434079
2001,KAZ.13.6_1,Karatobinskiy,9925,9939.6014,124.0,0.012493702770780856,0.012475349319865393
2001,KAZ.13.7_1,Kaztalovskiy,19736,19743.3866,474.0,0.024017024726388326,0.02400803926358593
2001,KAZ.13.8_1,Syrymskiy,12624,12614.5173,527.0,0.041745880861850444,0.041777262506901676
2001,KAZ.13.9_1,Taskalinskiy,8222,8219.7343,497.0,0.06044757966431525,0.060464241640300155
2001,KAZ.13.10_1,Terektinskiy,8682,8680.1014,2334.0,0.26883206634416035,0.26889086691088276
2001,KAZ.13.11_1,Urdinskiy,19364,19368.9902,172.0,0.008882462301177443,0.008880173846474073
2001,KAZ.13.12_1,Zelenovskiy,8122,8118.9478,13938.0,1.7160797833046049,1.7167249160893472
2001,KAZ.14.1_1,Bayzakskiy,4789,4785.8197,9638.0,2.0125287116308206,2.0138660753016624
2001,KAZ.14.2_1,Kordayskiy,8629,8625.2652,6323.0,0.7327616178004404,0.7330789126738151
2001,KAZ.14.3_1,Lugovskoy,8992,8994.9512,2187.0,0.2432161921708185,0.2431363944224431
2001,KAZ.14.4_1,Merkenskiy,6255,6245.7744,3289.0,0.5258193445243805,0.5265960322670038
2001,KAZ.14.5_1,Moyynkumskiy,49602,49586.5382,1207.0,0.024333696221926535,0.024341283825710994
2001,KAZ.14.6_1,Sarysuskiy,30981,30958.0923,3152.0,0.10173977599173688,0.10181505929558382
2001,KAZ.14.7_1,Shuskiy,11620,11617.7944,6124.0,0.5270223752151463,0.5271224285280788
2001,KAZ.14.8_1,Talasskiy,11742,11739.8088,1572.0,0.13387838528359736,0.13390337362626276
2001,KAZ.14.9_1,Zhamb.,950,949.293,0.0,0.0,0.0
2001,KAZ.14.10_1,Zhambylskiy,2909,2908.9839,9814.0,3.373667927122723,3.3736865412294588
2001,KAZ.14.11_1,Zhualy,690,690.1558,0.0,0.0,0.0
2001,KAZ.14.12_1,Zhualynskiy,3181,3177.7961,1623.0,0.5102169129204652,0.5107313237725177
2002,KAZ.1.1_1,Aksuskiy,13392,13387.4372,1107.0,0.08266129032258064,0.08268946369291906
2002,KAZ.1.2_1,Alakolskiy,36371,36368.3054,3405.0,0.09361854224519535,0.0936254787495035
2002,KAZ.1.3_1,Almaty (Alma-Ata),282,282.7159,15013.0,53.237588652482266,53.10277411080362
2002,KAZ.1.4_1,Balkhashskiy,38307,38315.691,1288.0,0.03362309760618164,0.03361547097853341
2002,KAZ.1.5_1,Enbekshikazakhskiy,9627,9630.8366,10416.0,1.0819569959488937,1.0815259847696022
2002,KAZ.1.6_1,Iliyskiy,8381,8378.8611,16695.0,1.992005727240186,1.9925142312161122
2002,KAZ.1.7_1,Karasayskiy,2205,2204.1313,16466.0,7.4675736961451245,7.470516918716153
2002,KAZ.1.8_1,Karatal`skiy,23995,23985.4486,2895.0,0.12065013544488436,0.12069818039148592
2002,KAZ.1.9_1,Kerbulakskiy,11144,11157.1654,2029.0,0.1820710696338837,0.18185622722107125
2002,KAZ.1.10_1,Koksuskiy,6956,6947.0051,1773.0,0.25488786658999424,0.25521789191360966
2002,KAZ.1.11_1,Panfilovskiy,10411,10410.9861,3550.0,0.34098549610988377,0.34098594984494024
2002,KAZ.1.12_1,Raiymbekskiy,13935,13917.9794,704.0,0.05052027269465375,0.05058205496525903
2002,KAZ.1.13_1,Sarkandskiy,10192,10198.9963,1264.0,0.12401883830455258,0.12393376388150398
2002,KAZ.1.14_1,Taldyqorghan,4387,4397.3056,10427.0,2.3767950763619785,2.3712247826603234
2002,KAZ.1.15_1,Talgarskiy,6069,6058.0912,13181.0,2.171856978085352,2.175767821663293
2002,KAZ.1.16_1,Uygurskiy,8457,8462.7736,969.0,0.11457963816956368,0.11450146813052448
2002,KAZ.1.17_1,Zhambylskiy,18472,18473.3386,6321.0,0.3421935902988307,0.34216879532858324
2002,KAZ.2.1_1,Akkol`skiy,10514,10522.4756,8849.0,0.8416397184706106,0.840961795272253
2002,KAZ.2.2_1,Arshalynskiy,6017,6024.4332,5395.0,0.8966262256938674,0.8955199336035483
2002,KAZ.2.3_1,Astrakhansiy,7222,7218.1971,2658.0,0.3680420936028801,0.3682359947906863
2002,KAZ.2.4_1,Atbasarskiy,10873,10869.0932,4988.0,0.45875103467304335,0.4589159306253092
2002,KAZ.2.5_1,Bulandynskiy,5187,5190.895,1757.0,0.33873144399460187,0.33847727429247854
2002,KAZ.2.6_1,Egindykol`skiy,5259,5276.6597,748.0,0.1422323635672181,0.1417563467216449
2002,KAZ.2.7_1,Enbekshil`derskiy,10606,10606.0361,1367.0,0.12888930793890252,0.12888886934704907
2002,KAZ.2.8_1,Ereymengauskiy,17508,17501.7015,3991.0,0.2279529358007768,0.2280349715964983
2002,KAZ.2.9_1,Esil`skiy,8678,8679.3199,3886.0,0.44779903203503113,0.4477309314545704
2002,KAZ.2.10_1,Korgalzhynskiy,9193,9172.9782,613.0,0.06668117045578158,0.06682671488733885
2002,KAZ.2.11_1,Sandyktauskiy,6307,6302.6735,2164.0,0.3431108292373553,0.34334635974399164
2002,KAZ.2.12_1,Shortandinskiy,4586,4588.3371,3769.0,0.8218491059747056,0.8214304847388951
2002,KAZ.2.13_1,Shuchinskiy,5898,5909.4278,9354.0,1.5859613428280772,1.5828943582994042
2002,KAZ.2.14_1,Tselinogradskiy,8277,8278.398,30984.0,3.743385284523378,3.7427531470498026
2002,KAZ.2.15_1,Zerendinskiy,8418,8408.3167,14380.0,1.7082442385364696,1.7102115178157224
2002,KAZ.2.16_1,Zhaksynskiy,10057,10056.5071,2453.0,0.24390971462662822,0.24392166890406888
2002,KAZ.2.17_1,Zharkainskiy,12416,12426.2702,1774.0,0.14288015463917525,0.1427620658357632
2002,KAZ.3.1_1,Alginskiy,7474,7465.03,2191.0,0.29314958522879314,0.29350183344526626
2002,KAZ.3.2_1,Aqtobe,2396,2398.9899,14658.0,6.117696160267112,6.110071614207278
2002,KAZ.3.3_1,Aytekebiyskiy,36132,36128.4233,1175.0,0.03251965017159305,0.03252286958608113
2002,KAZ.3.4_1,Bayganinskiy,61863,61859.4222,19179.0,0.31002376218418115,0.3100416931034627
2002,KAZ.3.5_1,Irgizskiy,41431,41435.2616,175.0,0.0042238903236706815,0.004223455895848222
2002,KAZ.3.6_1,Kargalinskiy,4844,4833.9448,3284.0,0.6779521056977704,0.6793623266856105
2002,KAZ.3.7_1,Khobdinskiy,13618,13617.909,321.0,0.02357174328095168,0.023571900781068578
2002,KAZ.3.8_1,Khromtauskiy,12764,12776.9987,7571.0,0.593152616734566,0.5925491741713659
2002,KAZ.3.9_1,Martukskiy,6479,6474.1115,1936.0,0.298811544991511,0.2990371744147363
2002,KAZ.3.10_1,Mugalzharskiy,29413,29418.8846,114910.0,3.906775915411553,3.905994444334047
2002,KAZ.3.11_1,Shalkarskiy,61988,61995.1616,2899.0,0.046767116216041814,0.04676171375105882
2002,KAZ.3.12_1,Temirskiy,12513,12509.9697,9495.0,0.758810836729801,0.7589946451343565
2002,KAZ.3.13_1,Uilskiy,10813,10805.3021,186.0,0.017201516692869692,0.017213771379316022
2002,KAZ.4.1_1,Atyrau,3133,3136.9405,7505.0,2.3954676029364825,2.3924584914931653
2002,KAZ.4.2_1,Inderskiy,11379,11381.1544,1184.0,0.10405132261182881,0.10403162649084519
2002,KAZ.4.3_1,Isatayskiy,13984,13973.895,5768.0,0.41247139588100684,0.4127696692597807
2002,KAZ.4.4_1,Kurmangazinskiy,20963,20971.928,1856.0,0.0885369460477985,0.08849925482933546
2002,KAZ.4.5_1,Kzylkoginskiy,23848,23831.6595,7658.0,0.3211170748071117,0.3213372533357621
2002,KAZ.4.6_1,Makatskiy,4648,4645.3358,1106.0,0.23795180722891565,0.23808827767007387
2002,KAZ.4.7_1,Makhambetskiy,9233,9238.6483,6066.0,0.6569912271201126,0.6565895584726286
2002,KAZ.4.8_1,Zhylyoyskiy,30176,30180.7623,75804.0,2.512062566277837,2.5116661828232822
2002,KAZ.5.1_1,Abayskiy,19546,19548.8915,566.0,0.028957331423309116,0.028953048358231828
2002,KAZ.5.2_1,Ayagozskiy,46653,46624.2114,5123.0,0.10981073028529784,0.1098785339537071
2002,KAZ.5.3_1,Beskaragayskiy,9766,9771.5976,2357.0,0.2413475322547614,0.24120927736361455
2002,KAZ.5.4_1,Borodulikhinskiy,6225,6218.2645,4624.0,0.7428112449799197,0.7436158432672036
2002,KAZ.5.5_1,Glubokovskiy,7471,7460.8603,15812.0,2.1164502743943245,2.119326641072933
2002,KAZ.5.6_1,Katon-Karagayskiy,13115,13114.1525,899.0,0.06854746473503621,0.0685518947749458
2002,KAZ.5.7_1,Kokpektinskiy,14505,14517.2114,1522.0,0.10492933471216821,0.10484107133405945
2002,KAZ.5.8_1,Kurchumskiy,23877,23872.8825,1157.0,0.04845667378648909,0.04846503134981956
2002,KAZ.5.9_1,Leninogorsk,3227,3235.8558,5362.0,1.6616052060737527,1.6570577696063966
2002,KAZ.5.10_1,Semipalatinskiy,31307,31325.8457,19687.0,0.6288370013096113,0.628458691778408
2002,KAZ.5.11_1,Shemonaikhinskiy,4074,4071.623,9218.0,2.2626411389297987,2.263962072295868
2002,KAZ.5.12_1,Tarbagatayskiy,22626,22609.7774,1490.0,0.06585344294174843,0.06590069304848677
2002,KAZ.5.13_1,Ulanskiy,9852,9854.1714,15118.0,1.534510759236703,1.534172631690888
2002,KAZ.5.14_1,Urdzharskiy,25124,25114.9445,4441.0,0.17676325425887598,0.1768269886391988
2002,KAZ.5.15_1,Zaysanskiy,9565,9561.1695,1238.0,0.1294302143230528,0.1294820673913407
2002,KAZ.5.16_1,Zharminskiy,22270,22279.605,4670.0,0.20969914683430624,0.2096087427247346
2002,KAZ.5.17_1,Zyryanovsk,11445,11445.8901,10875.0,0.9501965923984272,0.9501227002147753
2002,KAZ.6.1_1,Aqtau,1352,1352.7086,13603.0,10.06139053254438,10.056119980754984
2002,KAZ.6.2_1,Beyneuskiy,39572,39560.655,11161.0,0.2820428585868796,0.28212374141538527
2002,KAZ.6.3_1,Karakiyanskiy,65617,65609.5753,15591.0,0.23760610817318684,0.23763299675949592
2002,KAZ.6.4_1,Manghystauskiy,49500,49519.3216,11020.0,0.22262626262626262,0.2225393977315585
2002,KAZ.6.5_1,Tupkaraganskiy,10066,10061.9108,29915.0,2.9718855553347905,2.9730933336584267
2002,KAZ.7.1_1,Akzharskiy,8055,8060.5054,1274.0,0.15816263190564867,0.1580546062880085
2002,KAZ.7.2_1,Ayyrtauskiy,9630,9633.5514,3303.0,0.3429906542056075,0.3428642127534396
2002,KAZ.7.3_1,Bulaevskiy,7907,7908.5235,5360.0,0.6778803591754142,0.6777497739408004
2002,KAZ.7.4_1,Esil`skiy,4926,4923.8679,2763.0,0.5609013398294762,0.5611442168565686
2002,KAZ.7.5_1,Kyzylzharskiy,6308,6303.3423,21075.0,3.340995561192137,3.343464314653239
2002,KAZ.7.6_1,Mamlyutskiy,4138,4151.6206,3289.0,0.7948284195263412,0.7922207473566072
2002,KAZ.7.7_1,Shal Akyna,4758,4759.1509,1549.0,0.3255569567044977,0.3254782284064069
2002,KAZ.7.8_1,Sovetskiy,4636,4635.5038,3699.0,0.797886108714409,0.7979715152011992
2002,KAZ.7.9_1,Taiynshinskiy,11127,11129.4809,5370.0,0.48260986788891885,0.4825022899365349
2002,KAZ.7.10_1,Timiryazevskiy,4768,4775.0033,1832.0,0.38422818791946306,0.3836646533947577
2002,KAZ.7.11_1,Tselinniy,12298,12291.1075,5131.0,0.4172223125711498,0.41745628022439973
2002,KAZ.7.12_1,Ualikhanovskiy,12586,12586.5573,998.0,0.07929445415541077,0.07929094329602182
2002,KAZ.7.13_1,Zhambylskiy,7722,7713.3211,1247.0,0.1614866614866615,0.16166836400554246
2002,KAZ.8.1_1,Aksuskiy,8081,8080.2883,19429.0,2.4042816483108527,2.404493408447378
2002,KAZ.8.2_1,Aktogayskiy,9409,9403.9423,1345.0,0.1429482410458072,0.14302512318451177
2002,KAZ.8.3_1,Bayanaul`skiy,18623,18613.3374,6742.0,0.3620254523975729,0.36221338792489377
2002,KAZ.8.4_1,Ekibastuz,19241,19236.1846,43087.0,2.239332675016891,2.239893251625454
2002,KAZ.8.5_1,Irtyshskiy,10103,10102.5432,3253.0,0.32198356923686033,0.3219981296984051
2002,KAZ.8.6_1,Kachirskiy,6831,6833.7305,2796.0,0.409310496267018,0.4091469514546447
2002,KAZ.8.7_1,Lebyazhinskiy,8094,8100.0565,1510.0,0.18655794415616506,0.18641845166488807
2002,KAZ.8.8_1,Mayskiy,18058,18048.9733,2187.0,0.12110975744822239,0.12117032706742269
2002,KAZ.8.9_1,Pavlodarskiy,6527,6532.3778,32561.0,4.98866247893366,4.984555553007679
2002,KAZ.8.10_1,Sherbaktinskiy,6979,6974.1198,3806.0,0.5453503367244591,0.5457319521312393
2002,KAZ.8.11_1,Uspenskiy,5590,5581.5676,3464.0,0.6196779964221825,0.620614180528593
2002,KAZ.8.12_1,Zhelezinskiy,7598,7584.3494,1775.0,0.23361410897604634,0.23403457711402598
2002,KAZ.9.1_1,Abayskiy,6708,6706.9089,19398.0,2.8917710196779964,2.8922414824328455
2002,KAZ.9.2_1,Aktogayskiy,56475,56483.5207,10865.0,0.19238601150951748,0.1923569896103325
2002,KAZ.9.3_1,Bukhar-Zhyrauskiy,15297,15298.2434,70878.0,4.633457540694254,4.633080934342882
2002,KAZ.9.4_1,Karkaralinskiy,35215,35227.1629,2214.0,0.06287093568081784,0.06284922812223569
2002,KAZ.9.5_1,Nurinskiy,47011,47004.3867,2661.0,0.05660377358490566,0.05661173752372566
2002,KAZ.9.6_1,Osakarovskiy,11120,11123.7267,6250.0,0.5620503597122302,0.5618620593498701
2002,KAZ.9.7_1,Shetskiy,66230,66248.7613,8804.0,0.13293069605918767,0.13289305081335337
2002,KAZ.9.8_1,Ulytauskiy,128675,128672.5201,63728.0,0.4952632601515446,0.49527280521884415
2002,KAZ.9.9_1,Zhanaarkinskiy,63004,63031.6413,6975.0,0.11070725668211542,0.11065870813067233
2002,KAZ.10.1_1,Altynsarinskiy,5349,5356.2087,1470.0,0.2748177229388671,0.2744478554419954
2002,KAZ.10.2_1,Amangel`dinskiy,28028,28028.9463,236.0,0.008420151277294135,0.008419866999029574
2002,KAZ.10.3_1,Arkalyk,11294,11285.7064,5636.0,0.4990260315211617,0.49939275488719703
2002,KAZ.10.4_1,Auliekol`skiy,11042,11044.7742,6224.0,0.5636660025357725,0.563524420769994
2002,KAZ.10.5_1,Denisovskiy,6504,6510.3182,4486.0,0.689729397293973,0.6890600250092395
2002,KAZ.10.6_1,Dzhangil`dinskiy,38581,38583.4343,256.0,0.0066353904771778854,0.006634971845293729
2002,KAZ.10.7_1,Fyodorovskiy,6781,6767.2202,6447.0,0.9507447279162365,0.9526806907519977
2002,KAZ.10.8_1,Kamystinskiy,12932,12927.5113,2321.0,0.1794772656974946,0.17953958332072087
2002,KAZ.10.9_1,Karabalykskiy,7266,7284.2803,7381.0,1.0158271401045968,1.0132778715886064
2002,KAZ.10.10_1,Karasuskiy,12827,12830.2125,3149.0,0.24549777812426912,0.24543630875505176
2002,KAZ.10.11_1,Mendykarinskiy,6803,6798.9183,2469.0,0.3629281199470822,0.3631460027006227
2002,KAZ.10.12_1,Naurzumskiy,16090,16095.4503,858.0,0.05332504661280298,0.053306989513962594
2002,KAZ.10.13_1,Qostanay,8151,8150.5045,35925.0,4.407434670592566,4.407702589068274
2002,KAZ.10.14_1,Sarykol`skiy,6387,6385.6753,3451.0,0.5403162674181932,0.5404283511651882
2002,KAZ.10.15_1,Taranovskiy,7750,7745.2217,23154.0,2.9876129032258065,2.9894560505526027
2002,KAZ.10.16_1,Uzunkol`skiy,7723,7734.567,1632.0,0.2113168457853166,0.21100082320988586
2002,KAZ.10.17_1,Zhitikarinskiy,7564,7543.3034,7793.0,1.0302749867794818,1.0331017579361241
2002,KAZ.11.1_1,Aral`skiy,55256,55264.9883,2962.0,0.053605038366874184,0.05359632007220639
2002,KAZ.11.2_1,Karmakchinskiy,31362,31363.2928,7665.0,0.2444040558637842,0.24439398112474783
2002,KAZ.11.3_1,Kazalinskiy,38288,38287.1923,2480.0,0.06477225240284162,0.06477361887744469
2002,KAZ.11.4_1,Qyzylorda,2322,2316.0783,6108.0,2.6304909560723515,2.637216523919959
2002,KAZ.11.5_1,Shieliyskiy,30904,30911.1087,1773.0,0.05737121408231944,0.05735802030027354
2002,KAZ.11.6_1,Terenozekskiy,30947,30952.9512,36484.0,1.1789187966523411,1.1786921287609624
2002,KAZ.11.7_1,Zhalagashskiy,23287,23286.5285,3627.0,0.15575213638510757,0.15575529011133388
2002,KAZ.11.8_1,Zhanakorganskiy,16813,16811.4924,744.0,0.04425147207517992,0.04425544040979975
2002,KAZ.12.1_1,Arysskiy,6341,6343.9785,2777.0,0.4379435420280713,0.4377379250927409
2002,KAZ.12.2_1,Baydibekskiy,6962,6962.3081,396.0,0.05688020683711577,0.05687769001242723
2002,KAZ.12.3_1,Chardarinskiy,12114,12109.0736,2226.0,0.18375433382862805,0.18382909191534733
2002,KAZ.12.4_1,Kazygurtskiy,3943,3948.8778,1450.0,0.3677402992645194,0.3671929239451775
2002,KAZ.12.5_1,Maktaaral`skiy,2113,2121.6773,11518.0,5.451017510648367,5.4287236810285915
2002,KAZ.12.6_1,Ordabasynskiy,2723,2712.62,3488.0,1.2809401395519648,1.2858417534380513
2002,KAZ.12.7_1,Otrarskiy,18582,18584.8986,720.0,0.03874717468517921,0.038741131375376
2002,KAZ.12.8_1,Saryagashskiy,7438,7439.5216,15878.0,2.1347136326969616,2.1342770342377837
2002,KAZ.12.9_1,Sayramskiy,1701,1704.567,14469.0,8.506172839506172,8.488372736205122
2002,KAZ.12.10_1,Shymkent,334,332.2048,11404.0,34.1437125748503,34.32822071015203
2002,KAZ.12.11_1,Suzakskiy,40794,40796.9964,2284.0,0.05598862577830073,0.05598451362941221
2002,KAZ.12.12_1,Tolebiyskiy,2918,2917.8616,4486.0,1.5373543522960933,1.5374272712975385
2002,KAZ.12.13_1,Turkestan,7753,7749.8781,7711.0,0.9945827421643235,0.9949833964814899
2002,KAZ.12.14_1,Tyul`kubaskiy,2149,2153.7102,4309.0,2.005118659841787,2.000733434795999
2002,KAZ.13.1_1,Akzhaikskiy,26028,26032.0325,693.0,0.026625172890733056,0.02662104851235891
2002,KAZ.13.2_1,Burlinskiy,5354,5358.1927,24192.0,4.518490847964139,4.514955187514312
2002,KAZ.13.3_1,Chingirlauskiy,7361,7357.6497,1959.0,0.2661323189783997,0.26625350089558325
2002,KAZ.13.4_1,Dzhangalinskiy,21494,21491.9701,323.0,0.015027449520796501,0.015028868833821594
2002,KAZ.13.5_1,Dzhanybekskiy,8009,8003.5822,376.0,0.04694718441753028,0.04697896399267286
2002,KAZ.13.6_1,Karatobinskiy,9925,9939.6014,196.0,0.019748110831234258,0.01971910053785175
2002,KAZ.13.7_1,Kaztalovskiy,19736,19743.3866,624.0,0.03161734900689096,0.031605520043201725
2002,KAZ.13.8_1,Syrymskiy,12624,12614.5173,657.0,0.052043726235741446,0.05208284908355674
2002,KAZ.13.9_1,Taskalinskiy,8222,8219.7343,547.0,0.06652882510338118,0.06654716333449534
2002,KAZ.13.10_1,Terektinskiy,8682,8680.1014,3053.0,0.35164708592490207,0.3517240002908848
2002,KAZ.13.11_1,Urdinskiy,19364,19368.9902,216.0,0.011154720099153068,0.011151846225804651
2002,KAZ.13.12_1,Zelenovskiy,8122,8118.9478,18230.0,2.244521053927604,2.2453648457675994
2002,KAZ.14.1_1,Bayzakskiy,4789,4785.8197,9901.0,2.067446230945918,2.068820088354613
2002,KAZ.14.2_1,Kordayskiy,8629,8625.2652,6569.0,0.7612701355892919,0.7615997750046325
2002,KAZ.14.3_1,Lugovskoy,8992,8994.9512,2528.0,0.28113879003558717,0.28104655011428264
2002,KAZ.14.4_1,Merkenskiy,6255,6245.7744,3519.0,0.5625899280575539,0.5634209296283328
2002,KAZ.14.5_1,Moyynkumskiy,49602,49586.5382,1228.0,0.024757066247328735,0.024764785864103647
2002,KAZ.14.6_1,Sarysuskiy,30981,30958.0923,3153.0,0.10177205383944998,0.10184736102759384
2002,KAZ.14.7_1,Shuskiy,11620,11617.7944,6158.0,0.5299483648881239,0.5300489736897304
2002,KAZ.14.8_1,Talasskiy,11742,11739.8088,1617.0,0.13771078180889115,0.13773648546670922
2002,KAZ.14.9_1,Zhamb.,950,949.293,0.0,0.0,0.0
2002,KAZ.14.10_1,Zhambylskiy,2909,2908.9839,10239.0,3.519766242695084,3.5197856628946838
2002,KAZ.14.11_1,Zhualy,690,690.1558,0.0,0.0,0.0
2002,KAZ.14.12_1,Zhualynskiy,3181,3177.7961,1876.0,0.5897516504243948,0.5903462497826514
2003,KAZ.1.1_1,Aksuskiy,13392,13387.4372,1177.0,0.08788829151732377,0.08791824640159505
2003,KAZ.1.2_1,Alakolskiy,36371,36368.3054,3824.0,0.1051387094113442,0.10514649948255547
2003,KAZ.1.3_1,Almaty (Alma-Ata),282,282.7159,15186.0,53.851063829787236,53.7146957734406
2003,KAZ.1.4_1,Balkhashskiy,38307,38315.691,1387.0,0.03620748166131516,0.036199268825485895
2003,KAZ.1.5_1,Enbekshikazakhskiy,9627,9630.8366,9809.0,1.0189051625636232,1.0184992688752907
2003,KAZ.1.6_1,Iliyskiy,8381,8378.8611,16293.0,1.944040090681303,1.9445363503566406
2003,KAZ.1.7_1,Karasayskiy,2205,2204.1313,16217.0,7.3546485260770975,7.357547241031207
2003,KAZ.1.8_1,Karatal`skiy,23995,23985.4486,2863.0,0.11931652427589082,0.1193640381557251
2003,KAZ.1.9_1,Kerbulakskiy,11144,11157.1654,2161.0,0.1939160086145011,0.19368718926798173
2003,KAZ.1.10_1,Koksuskiy,6956,6947.0051,1561.0,0.22441058079355952,0.22470114454435686
2003,KAZ.1.11_1,Panfilovskiy,10411,10410.9861,3692.0,0.35462491595427914,0.35462538783873787
2003,KAZ.1.12_1,Raiymbekskiy,13935,13917.9794,670.0,0.04808037316110513,0.048139171628868674
2003,KAZ.1.13_1,Sarkandskiy,10192,10198.9963,1411.0,0.13844191522762953,0.13834694686455865
2003,KAZ.1.14_1,Taldyqorghan,4387,4397.3056,10991.0,2.5053567358103486,2.499485143015212
2003,KAZ.1.15_1,Talgarskiy,6069,6058.0912,13191.0,2.1735046959960456,2.177418506604999
2003,KAZ.1.16_1,Uygurskiy,8457,8462.7736,970.0,0.11469788341019274,0.11461963270031862
2003,KAZ.1.17_1,Zhambylskiy,18472,18473.3386,6014.0,0.32557384148982244,0.3255502507682486
2003,KAZ.2.1_1,Akkol`skiy,10514,10522.4756,8998.0,0.8558112992200875,0.8551219611096996
2003,KAZ.2.2_1,Arshalynskiy,6017,6024.4332,5698.0,0.946983546617916,0.9458151217188171
2003,KAZ.2.3_1,Astrakhansiy,7222,7218.1971,2578.0,0.3569648296870673,0.35715289487223073
2003,KAZ.2.4_1,Atbasarskiy,10873,10869.0932,4997.0,0.45957877310769796,0.4597439665867422
2003,KAZ.2.5_1,Bulandynskiy,5187,5190.895,1842.0,0.3551185656448814,0.3548520997420293
2003,KAZ.2.6_1,Egindykol`skiy,5259,5276.6597,776.0,0.14755656969005515,0.14706273403208078
2003,KAZ.2.7_1,Enbekshil`derskiy,10606,10606.0361,1419.0,0.13379219309824628,0.1337917378225769
2003,KAZ.2.8_1,Ereymengauskiy,17508,17501.7015,4173.0,0.23834818368745717,0.23843396052923763
2003,KAZ.2.9_1,Esil`skiy,8678,8679.3199,3919.0,0.45160175155565796,0.4515330726635258
2003,KAZ.2.10_1,Korgalzhynskiy,9193,9172.9782,658.0,0.07157619928206244,0.07173242805198853
2003,KAZ.2.11_1,Sandyktauskiy,6307,6302.6735,2383.0,0.3778341525289361,0.37809351907113314
2003,KAZ.2.12_1,Shortandinskiy,4586,4588.3371,3998.0,0.8717836894897514,0.871339633320802
2003,KAZ.2.13_1,Shuchinskiy,5898,5909.4278,9571.0,1.622753475754493,1.619615341381612
2003,KAZ.2.14_1,Tselinogradskiy,8277,8278.398,32078.0,3.875558777334783,3.8749043200059243
2003,KAZ.2.15_1,Zerendinskiy,8418,8408.3167,14600.0,1.7343787122832026,1.7363760890201356
2003,KAZ.2.16_1,Zhaksynskiy,10057,10056.5071,2707.0,0.2691657551953863,0.2691789472985383
2003,KAZ.2.17_1,Zharkainskiy,12416,12426.2702,1857.0,0.14956507731958762,0.1494414635045165
2003,KAZ.3.1_1,Alginskiy,7474,7465.03,2207.0,0.2952903398447953,0.2956451603896406
2003,KAZ.3.2_1,Aqtobe,2396,2398.9899,14756.0,6.158597662771285,6.150922140758808
2003,KAZ.3.3_1,Aytekebiyskiy,36132,36128.4233,1244.0,0.03442931473486106,0.034432723204327595
2003,KAZ.3.4_1,Bayganinskiy,61863,61859.4222,21934.0,0.35455765158495384,0.3545781582215627
2003,KAZ.3.5_1,Irgizskiy,41431,41435.2616,184.0,0.0044411189688880305,0.004440662199063274
2003,KAZ.3.6_1,Kargalinskiy,4844,4833.9448,3337.0,0.6888934764657308,0.6903264568056888
2003,KAZ.3.7_1,Khobdinskiy,13618,13617.909,320.0,0.02349831105889264,0.02349846806835497
2003,KAZ.3.8_1,Khromtauskiy,12764,12776.9987,7889.0,0.6180664368536509,0.617437648268116
2003,KAZ.3.9_1,Martukskiy,6479,6474.1115,1988.0,0.30683747491896896,0.30706916463661976
2003,KAZ.3.10_1,Mugalzharskiy,29413,29418.8846,122027.0,4.148743752762384,4.147913880939438
2003,KAZ.3.11_1,Shalkarskiy,61988,61995.1616,2974.0,0.04797702781183455,0.047971485579734026
2003,KAZ.3.12_1,Temirskiy,12513,12509.9697,12020.0,0.9606009749860146,0.9608336634560259
2003,KAZ.3.13_1,Uilskiy,10813,10805.3021,198.0,0.018311291963377416,0.018324337274755763
2003,KAZ.4.1_1,Atyrau,3133,3136.9405,7686.0,2.4532397063517397,2.450158023399929
2003,KAZ.4.2_1,Inderskiy,11379,11381.1544,1190.0,0.10457860971965902,0.1045588137872515
2003,KAZ.4.3_1,Isatayskiy,13984,13973.895,6278.0,0.448941647597254,0.4492662939689499
2003,KAZ.4.4_1,Kurmangazinskiy,20963,20971.928,1906.0,0.0909221008443448,0.09088339423745333
2003,KAZ.4.5_1,Kzylkoginskiy,23848,23831.6595,7702.0,0.3229620932572962,0.32318353684931306
2003,KAZ.4.6_1,Makatskiy,4648,4645.3358,1108.0,0.23838209982788297,0.23851881705103242
2003,KAZ.4.7_1,Makhambetskiy,9233,9238.6483,6385.0,0.6915412108740387,0.6911184191967908
2003,KAZ.4.8_1,Zhylyoyskiy,30176,30180.7623,77316.0,2.562168610816543,2.561764321027451
2003,KAZ.5.1_1,Abayskiy,19546,19548.8915,704.0,0.03601759950885092,0.03601227216288906
2003,KAZ.5.2_1,Ayagozskiy,46653,46624.2114,5205.0,0.11156838788502348,0.11163727683565206
2003,KAZ.5.3_1,Beskaragayskiy,9766,9771.5976,2626.0,0.2688920745443375,0.26873804088114206
2003,KAZ.5.4_1,Borodulikhinskiy,6225,6218.2645,4650.0,0.7469879518072289,0.7477970742198307
2003,KAZ.5.5_1,Glubokovskiy,7471,7460.8603,15975.0,2.1382679694819973,2.1411739875499687
2003,KAZ.5.6_1,Katon-Karagayskiy,13115,13114.1525,965.0,0.07357987037743043,0.07358462564830112
2003,KAZ.5.7_1,Kokpektinskiy,14505,14517.2114,1870.0,0.12892106170286108,0.1288126172107038
2003,KAZ.5.8_1,Kurchumskiy,23877,23872.8825,1266.0,0.05302173639904511,0.053030881321410164
2003,KAZ.5.9_1,Leninogorsk,3227,3235.8558,5365.0,1.6625348621010225,1.6579848813760383
2003,KAZ.5.10_1,Semipalatinskiy,31307,31325.8457,20259.0,0.6471076755997062,0.6467183743962395
2003,KAZ.5.11_1,Shemonaikhinskiy,4074,4071.623,9223.0,2.2638684339715267,2.2651900838343235
2003,KAZ.5.12_1,Tarbagatayskiy,22626,22609.7774,1610.0,0.07115707593034562,0.07120813141480783
2003,KAZ.5.13_1,Ulanskiy,9852,9854.1714,15295.0,1.5524766544863986,1.55213456817781
2003,KAZ.5.14_1,Urdzharskiy,25124,25114.9445,4717.0,0.18774876612004457,0.1878164614751409
2003,KAZ.5.15_1,Zaysanskiy,9565,9561.1695,1341.0,0.14019864087820177,0.14025480805475596
2003,KAZ.5.16_1,Zharminskiy,22270,22279.605,4847.0,0.21764705882352942,0.21755322826269563
2003,KAZ.5.17_1,Zyryanovsk,11445,11445.8901,11131.0,0.9725644386194845,0.9724888069968426
2003,KAZ.6.1_1,Aqtau,1352,1352.7086,13794.0,10.20266272189349,10.197318166179096
2003,KAZ.6.2_1,Beyneuskiy,39572,39560.655,14506.0,0.3665723238653593,0.3666774476275942
2003,KAZ.6.3_1,Karakiyanskiy,65617,65609.5753,16295.0,0.2483350351280918,0.24836313784850145
2003,KAZ.6.4_1,Manghystauskiy,49500,49519.3216,11226.0,0.2267878787878788,0.22669939010294698
2003,KAZ.6.5_1,Tupkaraganskiy,10066,10061.9108,30961.0,3.075799721835883,3.0770497310178353
2003,KAZ.7.1_1,Akzharskiy,8055,8060.5054,1326.0,0.16461824953445064,0.1645058147079272
2003,KAZ.7.2_1,Ayyrtauskiy,9630,9633.5514,3555.0,0.3691588785046729,0.36902279029321156
2003,KAZ.7.3_1,Bulaevskiy,7907,7908.5235,5459.0,0.6904009105855571,0.6902679134221696
2003,KAZ.7.4_1,Esil`skiy,4926,4923.8679,3425.0,0.6952902963865205,0.6955913654483342
2003,KAZ.7.5_1,Kyzylzharskiy,6308,6303.3423,21463.0,3.4025047558655674,3.4050189601614456
2003,KAZ.7.6_1,Mamlyutskiy,4138,4151.6206,3597.0,0.8692605123247946,0.8664086434301356
2003,KAZ.7.7_1,Shal Akyna,4758,4759.1509,1752.0,0.3682219419924338,0.3681328961704486
2003,KAZ.7.8_1,Sovetskiy,4636,4635.5038,4125.0,0.8897756686798964,0.8898709111124484
2003,KAZ.7.9_1,Taiynshinskiy,11127,11129.4809,5969.0,0.536442886672059,0.5363233088698653
2003,KAZ.7.10_1,Timiryazevskiy,4768,4775.0033,2064.0,0.43288590604026844,0.43225100688143003
2003,KAZ.7.11_1,Tselinniy,12298,12291.1075,5457.0,0.4437306879167344,0.4439795207921554
2003,KAZ.7.12_1,Ualikhanovskiy,12586,12586.5573,1003.0,0.0796917209597966,0.07968819251093176
2003,KAZ.7.13_1,Zhambylskiy,7722,7713.3211,1482.0,0.1919191919191919,0.19213513669303442
2003,KAZ.8.1_1,Aksuskiy,8081,8080.2883,19662.0,2.433114713525554,2.4333290131706393
2003,KAZ.8.2_1,Aktogayskiy,9409,9403.9423,1458.0,0.1549580189180572,0.15504136029964177
2003,KAZ.8.3_1,Bayanaul`skiy,18623,18613.3374,6961.0,0.3737851044407453,0.37397914466704024
2003,KAZ.8.4_1,Ekibastuz,19241,19236.1846,43663.0,2.2692687490255183,2.269836819591111
2003,KAZ.8.5_1,Irtyshskiy,10103,10102.5432,3563.0,0.35266752449767397,0.3526834725224154
2003,KAZ.8.6_1,Kachirskiy,6831,6833.7305,2870.0,0.4201434636217245,0.41997559037011095
2003,KAZ.8.7_1,Lebyazhinskiy,8094,8100.0565,1590.0,0.19644180874722017,0.19629492592527947
2003,KAZ.8.8_1,Mayskiy,18058,18048.9733,2303.0,0.12753350315649573,0.12759728543039525
2003,KAZ.8.9_1,Pavlodarskiy,6527,6532.3778,32669.0,5.0052091313007505,5.0010885833115655
2003,KAZ.8.10_1,Sherbaktinskiy,6979,6974.1198,3927.0,0.5626880641925778,0.5630818118810763
2003,KAZ.8.11_1,Uspenskiy,5590,5581.5676,3562.0,0.6372093023255814,0.6381719720100602
2003,KAZ.8.12_1,Zhelezinskiy,7598,7584.3494,1823.0,0.2399315609370887,0.24036339948105317
2003,KAZ.9.1_1,Abayskiy,6708,6706.9089,19562.0,2.9162194394752534,2.9166938797479802
2003,KAZ.9.2_1,Aktogayskiy,56475,56483.5207,10556.0,0.1869145639663568,0.18688636744838197
2003,KAZ.9.3_1,Bukhar-Zhyrauskiy,15297,15298.2434,71886.0,4.699352814277309,4.698970851973425
2003,KAZ.9.4_1,Karkaralinskiy,35215,35227.1629,2425.0,0.0688627005537413,0.06883892420795915
2003,KAZ.9.5_1,Nurinskiy,47011,47004.3867,2929.0,0.062304567016230245,0.06231333303532224
2003,KAZ.9.6_1,Osakarovskiy,11120,11123.7267,6493.0,0.5839028776978418,0.5837072562173931
2003,KAZ.9.7_1,Shetskiy,66230,66248.7613,8938.0,0.1349539483617696,0.1349157301419528
2003,KAZ.9.8_1,Ulytauskiy,128675,128672.5201,68245.0,0.5303672041966194,0.5303774258122022
2003,KAZ.9.9_1,Zhanaarkinskiy,63004,63031.6413,7475.0,0.1186432607453495,0.11859123201100727
2003,KAZ.10.1_1,Altynsarinskiy,5349,5356.2087,1432.0,0.2677135913254814,0.26735328502920913
2003,KAZ.10.2_1,Amangel`dinskiy,28028,28028.9463,250.0,0.008919651776794634,0.008919350634565226
2003,KAZ.10.3_1,Arkalyk,11294,11285.7064,5766.0,0.510536568089251,0.5109117502980088
2003,KAZ.10.4_1,Auliekol`skiy,11042,11044.7742,6198.0,0.5613113566382901,0.56117036631305
2003,KAZ.10.5_1,Denisovskiy,6504,6510.3182,4672.0,0.7183271832718328,0.717630057254384
2003,KAZ.10.6_1,Dzhangil`dinskiy,38581,38583.4343,331.0,0.008579352531038593,0.008578811253094626
2003,KAZ.10.7_1,Fyodorovskiy,6781,6767.2202,6511.0,0.9601828638843828,0.962138045212697
2003,KAZ.10.8_1,Kamystinskiy,12932,12927.5113,2461.0,0.19030312403340552,0.19036920058263423
2003,KAZ.10.9_1,Karabalykskiy,7266,7284.2803,7634.0,1.0506468483347096,1.048010198036502
2003,KAZ.10.10_1,Karasuskiy,12827,12830.2125,3188.0,0.24853823965073674,0.2484760089905065
2003,KAZ.10.11_1,Mendykarinskiy,6803,6798.9183,2404.0,0.3533735116860209,0.3535856583605901
2003,KAZ.10.12_1,Naurzumskiy,16090,16095.4503,859.0,0.05338719701678061,0.05336911887237048
2003,KAZ.10.13_1,Qostanay,8151,8150.5045,35828.0,4.395534290271132,4.395801485348312
2003,KAZ.10.14_1,Sarykol`skiy,6387,6385.6753,3528.0,0.5523720056364491,0.5524865902378394
2003,KAZ.10.15_1,Taranovskiy,7750,7745.2217,23278.0,3.0036129032258065,3.0054659214288457
2003,KAZ.10.16_1,Uzunkol`skiy,7723,7734.567,1688.0,0.21856791402304804,0.21824104753571527
2003,KAZ.10.17_1,Zhitikarinskiy,7564,7543.3034,7669.0,1.013881544156531,1.0166633365343432
2003,KAZ.11.1_1,Aral`skiy,55256,55264.9883,3026.0,0.054763283625307656,0.05475437695425272
2003,KAZ.11.2_1,Karmakchinskiy,31362,31363.2928,8449.0,0.2694024615777055,0.2693913563630782
2003,KAZ.11.3_1,Kazalinskiy,38288,38287.1923,2656.0,0.06936899289594652,0.06937045634616658
2003,KAZ.11.4_1,Qyzylorda,2322,2316.0783,6212.0,2.6752799310938844,2.682120014176619
2003,KAZ.11.5_1,Shieliyskiy,30904,30911.1087,1795.0,0.05808309603934766,0.058069738544270166
2003,KAZ.11.6_1,Terenozekskiy,30947,30952.9512,44086.0,1.4245645781497398,1.424290680532721
2003,KAZ.11.7_1,Zhalagashskiy,23287,23286.5285,8120.0,0.34869240348692404,0.3486994639382495
2003,KAZ.11.8_1,Zhanakorganskiy,16813,16811.4924,771.0,0.04585737227145661,0.0458614846182199
2003,KAZ.12.1_1,Arysskiy,6341,6343.9785,2951.0,0.4653840088314146,0.46516550844388854
2003,KAZ.12.2_1,Baydibekskiy,6962,6962.3081,408.0,0.05860384946854352,0.058601256376440175
2003,KAZ.12.3_1,Chardarinskiy,12114,12109.0736,2336.0,0.19283473666831766,0.1929131890001129
2003,KAZ.12.4_1,Kazygurtskiy,3943,3948.8778,1425.0,0.3613999492772001,0.3608620114633641
2003,KAZ.12.5_1,Maktaaral`skiy,2113,2121.6773,11600.0,5.489824893516327,5.467372347623863
2003,KAZ.12.6_1,Ordabasynskiy,2723,2712.62,3616.0,1.327947117150202,1.3330286067752273
2003,KAZ.12.7_1,Otrarskiy,18582,18584.8986,759.0,0.04084597998062641,0.04083960932487553
2003,KAZ.12.8_1,Saryagashskiy,7438,7439.5216,15851.0,2.131083624630277,2.130647768591958
2003,KAZ.12.9_1,Sayramskiy,1701,1704.567,14344.0,8.432686654908878,8.41504032954083
2003,KAZ.12.10_1,Shymkent,334,332.2048,11406.0,34.1497005988024,34.33424109259857
2003,KAZ.12.11_1,Suzakskiy,40794,40796.9964,2453.0,0.06013139187135363,0.060126975452254004
2003,KAZ.12.12_1,Tolebiyskiy,2918,2917.8616,4454.0,1.5263879369431117,1.5264603357911808
2003,KAZ.12.13_1,Turkestan,7753,7749.8781,7767.0,1.0018057526118922,1.002209316621934
2003,KAZ.12.14_1,Tyul`kubaskiy,2149,2153.7102,4218.0,1.9627733829688228,1.9584807676884484
2003,KAZ.13.1_1,Akzhaikskiy,26028,26032.0325,670.0,0.02574150914399877,0.025737521649755367
2003,KAZ.13.2_1,Burlinskiy,5354,5358.1927,24601.0,4.594882330967501,4.591286895173594
2003,KAZ.13.3_1,Chingirlauskiy,7361,7357.6497,1780.0,0.24181497079201195,0.241925079935752
2003,KAZ.13.4_1,Dzhangalinskiy,21494,21491.9701,332.0,0.015446171024471945,0.01544762988491879
2003,KAZ.13.5_1,Dzhanybekskiy,8009,8003.5822,394.0,0.04919465601198651,0.0492279569497689
2003,KAZ.13.6_1,Karatobinskiy,9925,9939.6014,231.0,0.02327455919395466,0.02324036849103956
2003,KAZ.13.7_1,Kaztalovskiy,19736,19743.3866,671.0,0.03399878394811512,0.03398606402081468
2003,KAZ.13.8_1,Syrymskiy,12624,12614.5173,694.0,0.05497465145754119,0.055015977570758566
2003,KAZ.13.9_1,Taskalinskiy,8222,8219.7343,527.0,0.0640963269277548,0.06411399465681726
2003,KAZ.13.10_1,Terektinskiy,8682,8680.1014,3479.0,0.40071412117023725,0.4008017677733339
2003,KAZ.13.11_1,Urdinskiy,19364,19368.9902,237.0,0.012239206775459616,0.01223605349775788
2003,KAZ.13.12_1,Zelenovskiy,8122,8118.9478,17270.0,2.1263235656242303,2.1271229230063873
2003,KAZ.14.1_1,Bayzakskiy,4789,4785.8197,10081.0,2.1050323658383796,2.106431199949788
2003,KAZ.14.2_1,Kordayskiy,8629,8625.2652,6174.0,0.7154942635299572,0.7158040814246615
2003,KAZ.14.3_1,Lugovskoy,8992,8994.9512,2940.0,0.32695729537366547,0.32685002268037616
2003,KAZ.14.4_1,Merkenskiy,6255,6245.7744,3394.0,0.5426059152677858,0.5434073984536975
2003,KAZ.14.5_1,Moyynkumskiy,49602,49586.5382,1535.0,0.030946332809160922,0.030955982330129556
2003,KAZ.14.6_1,Sarysuskiy,30981,30958.0923,3171.0,0.10235305509828604,0.10242879220377421
2003,KAZ.14.7_1,Shuskiy,11620,11617.7944,5907.0,0.5083476764199656,0.5084441844081256
2003,KAZ.14.8_1,Talasskiy,11742,11739.8088,1690.0,0.14392778061659,0.14395464467454458
2003,KAZ.14.9_1,Zhamb.,950,949.293,0.0,0.0,0.0
2003,KAZ.14.10_1,Zhambylskiy,2909,2908.9839,10555.0,3.6283946373324167,3.6284146568857687
2003,KAZ.14.11_1,Zhualy,690,690.1558,0.0,0.0,0.0
2003,KAZ.14.12_1,Zhualynskiy,3181,3177.7961,1900.0,0.5972964476579692,0.5978986538310436
2004,KAZ.1.1_1,Aksuskiy,13392,13387.4372,1181.0,0.08818697729988052,0.08821703398494797
2004,KAZ.1.2_1,Alakolskiy,36371,36368.3054,4033.0,0.11088504577822991,0.1108932616143165
2004,KAZ.1.3_1,Almaty (Alma-Ata),282,282.7159,15193.0,53.8758865248227,53.73945560950106
2004,KAZ.1.4_1,Balkhashskiy,38307,38315.691,1441.0,0.037617145691388,0.0376086131056418
2004,KAZ.1.5_1,Enbekshikazakhskiy,9627,9630.8366,9863.0,1.0245143866209618,1.0241062584276677
2004,KAZ.1.6_1,Iliyskiy,8381,8378.8611,16322.0,1.9475002982937597,1.9479974412644134
2004,KAZ.1.7_1,Karasayskiy,2205,2204.1313,16417.0,7.445351473922902,7.448285937966906
2004,KAZ.1.8_1,Karatal`skiy,23995,23985.4486,2902.0,0.12094186288810169,0.1209900240055586
2004,KAZ.1.9_1,Kerbulakskiy,11144,11157.1654,2206.0,0.197954055994257,0.19772047178397395
2004,KAZ.1.10_1,Koksuskiy,6956,6947.0051,1565.0,0.22498562392179414,0.2252769322305692
2004,KAZ.1.11_1,Panfilovskiy,10411,10410.9861,3732.0,0.3584670060512919,0.3584674830482583
2004,KAZ.1.12_1,Raiymbekskiy,13935,13917.9794,722.0,0.051811984212414786,0.05187534614334803
2004,KAZ.1.13_1,Sarkandskiy,10192,10198.9963,1457.0,0.1429552590266876,0.1428571946007526
2004,KAZ.1.14_1,Taldyqorghan,4387,4397.3056,11259.0,2.566446318668794,2.5604315553824284
2004,KAZ.1.15_1,Talgarskiy,6069,6058.0912,13302.0,2.1917943648047453,2.1957411094579413
2004,KAZ.1.16_1,Uygurskiy,8457,8462.7736,1006.0,0.11895471207283907,0.11887355721290777
2004,KAZ.1.17_1,Zhambylskiy,18472,18473.3386,6072.0,0.32871372888696404,0.3286899106526115
2004,KAZ.2.1_1,Akkol`skiy,10514,10522.4756,9444.0,0.8982309301883203,0.8975074239519898
2004,KAZ.2.2_1,Arshalynskiy,6017,6024.4332,5941.0,0.987369120824331,0.9861508666429436
2004,KAZ.2.3_1,Astrakhansiy,7222,7218.1971,2736.0,0.3788424259207976,0.3790420172111805
2004,KAZ.2.4_1,Atbasarskiy,10873,10869.0932,5264.0,0.4841350133357859,0.4843090334425878
2004,KAZ.2.5_1,Bulandynskiy,5187,5190.895,2081.0,0.40119529593213804,0.40089425600606027
2004,KAZ.2.6_1,Egindykol`skiy,5259,5276.6597,984.0,0.18710781517398745,0.18648161119531895
2004,KAZ.2.7_1,Enbekshil`derskiy,10606,10606.0361,1496.0,0.14105223458419763,0.14105175460364697
2004,KAZ.2.8_1,Ereymengauskiy,17508,17501.7015,4169.0,0.2381197167009367,0.2382054113219247
2004,KAZ.2.9_1,Esil`skiy,8678,8679.3199,4237.0,0.48824613966351693,0.48817188794982364
2004,KAZ.2.10_1,Korgalzhynskiy,9193,9172.9782,704.0,0.0765800065267051,0.07674715706474151
2004,KAZ.2.11_1,Sandyktauskiy,6307,6302.6735,2616.0,0.41477723164737595,0.41506195798996404
2004,KAZ.2.12_1,Shortandinskiy,4586,4588.3371,4287.0,0.9348015699956389,0.9343254147189289
2004,KAZ.2.13_1,Shuchinskiy,5898,5909.4278,9912.0,1.6805696846388607,1.6773197433679383
2004,KAZ.2.14_1,Tselinogradskiy,8277,8278.398,33318.0,4.02537151141718,4.024691755532059
2004,KAZ.2.15_1,Zerendinskiy,8418,8408.3167,15092.0,1.7928248990258968,1.794889584622732
2004,KAZ.2.16_1,Zhaksynskiy,10057,10056.5071,2904.0,0.28875410162076165,0.2887682537698394
2004,KAZ.2.17_1,Zharkainskiy,12416,12426.2702,1959.0,0.15778028350515463,0.15764987991671933
2004,KAZ.3.1_1,Alginskiy,7474,7465.03,2416.0,0.32325394701632326,0.3236423686005309
2004,KAZ.3.2_1,Aqtobe,2396,2398.9899,16421.0,6.853505843071786,6.844964250027133
2004,KAZ.3.3_1,Aytekebiyskiy,36132,36128.4233,1452.0,0.04018598472268349,0.040189963097012595
2004,KAZ.3.4_1,Bayganinskiy,61863,61859.4222,24776.0,0.4004978743352246,0.4005210380276027
2004,KAZ.3.5_1,Irgizskiy,41431,41435.2616,217.0,0.005237624001351645,0.0052370853108517955
2004,KAZ.3.6_1,Kargalinskiy,4844,4833.9448,3632.0,0.749793559042114,0.7513532187948042
2004,KAZ.3.7_1,Khobdinskiy,13618,13617.909,361.0,0.02650903216331326,0.02650920928961295
2004,KAZ.3.8_1,Khromtauskiy,12764,12776.9987,8915.0,0.6984487621435287,0.6977381967689509
2004,KAZ.3.9_1,Martukskiy,6479,6474.1115,2018.0,0.311467819107887,0.3117030051492448
2004,KAZ.3.10_1,Mugalzharskiy,29413,29418.8846,129278.0,4.395267398769252,4.3943882149039855
2004,KAZ.3.11_1,Shalkarskiy,61988,61995.1616,3151.0,0.0508324191779054,0.0508265470954075
2004,KAZ.3.12_1,Temirskiy,12513,12509.9697,15168.0,1.2121793334931672,1.2124729623378536
2004,KAZ.3.13_1,Uilskiy,10813,10805.3021,221.0,0.02043836123185055,0.02045292190768194
2004,KAZ.4.1_1,Atyrau,3133,3136.9405,8143.0,2.5991062879029685,2.595841371915902
2004,KAZ.4.2_1,Inderskiy,11379,11381.1544,1257.0,0.11046664909042973,0.11044573859712196
2004,KAZ.4.3_1,Isatayskiy,13984,13973.895,7108.0,0.5082951945080092,0.508662761632892
2004,KAZ.4.4_1,Kurmangazinskiy,20963,20971.928,2096.0,0.09998568907122073,0.09994312398830126
2004,KAZ.4.5_1,Kzylkoginskiy,23848,23831.6595,8313.0,0.3485826903723583,0.34882170109430527
2004,KAZ.4.6_1,Makatskiy,4648,4645.3358,1360.0,0.29259896729776247,0.29276677905180876
2004,KAZ.4.7_1,Makhambetskiy,9233,9238.6483,6813.0,0.7378966749702155,0.7374455426762312
2004,KAZ.4.8_1,Zhylyoyskiy,30176,30180.7623,77893.0,2.5812897667020147,2.580882459746899
2004,KAZ.5.1_1,Abayskiy,19546,19548.8915,735.0,0.03760360175995089,0.03759803982915264
2004,KAZ.5.2_1,Ayagozskiy,46653,46624.2114,5485.0,0.1175701455426232,0.11764274033497628
2004,KAZ.5.3_1,Beskaragayskiy,9766,9771.5976,2805.0,0.2872209707147246,0.2870564374225451
2004,KAZ.5.4_1,Borodulikhinskiy,6225,6218.2645,5130.0,0.8240963855421687,0.8249890302683294
2004,KAZ.5.5_1,Glubokovskiy,7471,7460.8603,16288.0,2.1801632980859322,2.183126254097896
2004,KAZ.5.6_1,Katon-Karagayskiy,13115,13114.1525,1043.0,0.0795272588638963,0.07953239849863011
2004,KAZ.5.7_1,Kokpektinskiy,14505,14517.2114,2302.0,0.15870389520854877,0.15857039829895195
2004,KAZ.5.8_1,Kurchumskiy,23877,23872.8825,1384.0,0.05796373078694978,0.05797372807964587
2004,KAZ.5.9_1,Leninogorsk,3227,3235.8558,5602.0,1.7359776882553455,1.7312267111777384
2004,KAZ.5.10_1,Semipalatinskiy,31307,31325.8457,21795.0,0.6961701855814993,0.6957513682790878
2004,KAZ.5.11_1,Shemonaikhinskiy,4074,4071.623,9954.0,2.443298969072165,2.444725370756463
2004,KAZ.5.12_1,Tarbagatayskiy,22626,22609.7774,1717.0,0.07588614867851144,0.07594059729144415
2004,KAZ.5.13_1,Ulanskiy,9852,9854.1714,15876.0,1.6114494518879416,1.6110943709964636
2004,KAZ.5.14_1,Urdzharskiy,25124,25114.9445,4979.0,0.19817704187231333,0.1982484972831729
2004,KAZ.5.15_1,Zaysanskiy,9565,9561.1695,1546.0,0.16163094615786722,0.16169569966640768
2004,KAZ.5.16_1,Zharminskiy,22270,22279.605,4955.0,0.22249663224068253,0.2224007109638244
2004,KAZ.5.17_1,Zyryanovsk,11445,11445.8901,11184.0,0.9771952817824378,0.9771192900415675
2004,KAZ.6.1_1,Aqtau,1352,1352.7086,13872.0,10.2603550295858,10.254980252373237
2004,KAZ.6.2_1,Beyneuskiy,39572,39560.655,19941.0,0.5039169109471343,0.5040614216973567
2004,KAZ.6.3_1,Karakiyanskiy,65617,65609.5753,16571.0,0.2525412621729125,0.25256984088907747
2004,KAZ.6.4_1,Manghystauskiy,49500,49519.3216,12180.0,0.24606060606060606,0.2459645974927752
2004,KAZ.6.5_1,Tupkaraganskiy,10066,10061.9108,33083.0,3.286608384661236,3.2879440667699056
2004,KAZ.7.1_1,Akzharskiy,8055,8060.5054,1461.0,0.1813780260707635,0.18125414425963923
2004,KAZ.7.2_1,Ayyrtauskiy,9630,9633.5514,3818.0,0.3964693665628245,0.3963232105033704
2004,KAZ.7.3_1,Bulaevskiy,7907,7908.5235,5766.0,0.7292272669786265,0.7290867903997491
2004,KAZ.7.4_1,Esil`skiy,4926,4923.8679,3399.0,0.6900121802679658,0.6903109638420111
2004,KAZ.7.5_1,Kyzylzharskiy,6308,6303.3423,21778.0,3.452441344324667,3.4549924481384693
2004,KAZ.7.6_1,Mamlyutskiy,4138,4151.6206,3683.0,0.890043499275012,0.8871234455805364
2004,KAZ.7.7_1,Shal Akyna,4758,4759.1509,1872.0,0.39344262295081966,0.39334747809993137
2004,KAZ.7.8_1,Sovetskiy,4636,4635.5038,4175.0,0.9005608283002589,0.9006572251865387
2004,KAZ.7.9_1,Taiynshinskiy,11127,11129.4809,6356.0,0.5712231508942213,0.5710958202675261
2004,KAZ.7.10_1,Timiryazevskiy,4768,4775.0033,2365.0,0.49601510067114096,0.4952876120516386
2004,KAZ.7.11_1,Tselinniy,12298,12291.1075,6078.0,0.4942267035290291,0.49450385328472063
2004,KAZ.7.12_1,Ualikhanovskiy,12586,12586.5573,1076.0,0.08549181630382965,0.08548803104861671
2004,KAZ.7.13_1,Zhambylskiy,7722,7713.3211,1660.0,0.21497021497021496,0.2152120964307943
2004,KAZ.8.1_1,Aksuskiy,8081,8080.2883,20379.0,2.521841356267789,2.5220634706237646
2004,KAZ.8.2_1,Aktogayskiy,9409,9403.9423,1611.0,0.17121904559464343,0.17131113267676468
2004,KAZ.8.3_1,Bayanaul`skiy,18623,18613.3374,7472.0,0.40122429254148095,0.4014325770653821
2004,KAZ.8.4_1,Ekibastuz,19241,19236.1846,44623.0,2.319162205706564,2.3197427662005397
2004,KAZ.8.5_1,Irtyshskiy,10103,10102.5432,4435.0,0.4389785212313174,0.43899837233705086
2004,KAZ.8.6_1,Kachirskiy,6831,6833.7305,3428.0,0.501829893134241,0.5016293811110594
2004,KAZ.8.7_1,Lebyazhinskiy,8094,8100.0565,1763.0,0.21781566592537682,0.21765280151337593
2004,KAZ.8.8_1,Mayskiy,18058,18048.9733,2503.0,0.13860892679144976,0.13867824812517557
2004,KAZ.8.9_1,Pavlodarskiy,6527,6532.3778,33807.0,5.17956182013176,5.175297735958067
2004,KAZ.8.10_1,Sherbaktinskiy,6979,6974.1198,4521.0,0.6478005444906147,0.6482538506530038
2004,KAZ.8.11_1,Uspenskiy,5590,5581.5676,3996.0,0.7148479427549195,0.7159279057137002
2004,KAZ.8.12_1,Zhelezinskiy,7598,7584.3494,2021.0,0.26599105027638853,0.26646979174504026
2004,KAZ.9.1_1,Abayskiy,6708,6706.9089,19746.0,2.943649373881932,2.9441282767356927
2004,KAZ.9.2_1,Aktogayskiy,56475,56483.5207,10474.0,0.18546259406817175,0.18543461658339833
2004,KAZ.9.3_1,Bukhar-Zhyrauskiy,15297,15298.2434,72646.0,4.749035758645486,4.748649758123437
2004,KAZ.9.4_1,Karkaralinskiy,35215,35227.1629,2821.0,0.08010790856169246,0.08008024956315576
2004,KAZ.9.5_1,Nurinskiy,47011,47004.3867,3159.0,0.06719703899087448,0.0672064933624387
2004,KAZ.9.6_1,Osakarovskiy,11120,11123.7267,6800.0,0.6115107913669064,0.6113059205726586
2004,KAZ.9.7_1,Shetskiy,66230,66248.7613,8963.0,0.13533142080628113,0.13529309568833328
2004,KAZ.9.8_1,Ulytauskiy,128675,128672.5201,68198.0,0.5300019428793472,0.530012157455353
2004,KAZ.9.9_1,Zhanaarkinskiy,63004,63031.6413,7638.0,0.12123039806996382,0.12117723479599646
2004,KAZ.10.1_1,Altynsarinskiy,5349,5356.2087,1712.0,0.320059824266218,0.31962906701816063
2004,KAZ.10.2_1,Amangel`dinskiy,28028,28028.9463,280.0,0.00999000999000999,0.009989672710713054
2004,KAZ.10.3_1,Arkalyk,11294,11285.7064,6009.0,0.5320524172126793,0.5324434109505264
2004,KAZ.10.4_1,Auliekol`skiy,11042,11044.7742,6497.0,0.5883897844593371,0.5882419925679067
2004,KAZ.10.5_1,Denisovskiy,6504,6510.3182,4913.0,0.7553813038130381,0.754648217313953
2004,KAZ.10.6_1,Dzhangil`dinskiy,38581,38583.4343,337.0,0.008734869495347452,0.008734318405718698
2004,KAZ.10.7_1,Fyodorovskiy,6781,6767.2202,7082.0,1.044388733225188,1.0465153795417477
2004,KAZ.10.8_1,Kamystinskiy,12932,12927.5113,2794.0,0.21605320136096504,0.2161282187841853
2004,KAZ.10.9_1,Karabalykskiy,7266,7284.2803,8588.0,1.181943297550234,1.178977152310385
2004,KAZ.10.10_1,Karasuskiy,12827,12830.2125,3767.0,0.29367739923598657,0.2936038663322579
2004,KAZ.10.11_1,Mendykarinskiy,6803,6798.9183,2670.0,0.3924739085697486,0.39270952904441575
2004,KAZ.10.12_1,Naurzumskiy,16090,16095.4503,967.0,0.0600994406463642,0.06007908958042171
2004,KAZ.10.13_1,Qostanay,8151,8150.5045,36941.0,4.532081953134584,4.5323574486505525
2004,KAZ.10.14_1,Sarykol`skiy,6387,6385.6753,4024.0,0.6300297479254736,0.630160441926606
2004,KAZ.10.15_1,Taranovskiy,7750,7745.2217,24497.0,3.1609032258064516,3.1628532810912633
2004,KAZ.10.16_1,Uzunkol`skiy,7723,7734.567,1830.0,0.23695455134015278,0.23660018779049702
2004,KAZ.10.17_1,Zhitikarinskiy,7564,7543.3034,7534.0,0.9960338445267054,0.9987666680727267
2004,KAZ.11.1_1,Aral`skiy,55256,55264.9883,3305.0,0.05981250904879108,0.059802781174423406
2004,KAZ.11.2_1,Karmakchinskiy,31362,31363.2928,8823.0,0.28132772144633633,0.28131612465279193
2004,KAZ.11.3_1,Kazalinskiy,38288,38287.1923,2785.0,0.07273819473464271,0.07273972926358205
2004,KAZ.11.4_1,Qyzylorda,2322,2316.0783,6491.0,2.7954349698535745,2.802582262076695
2004,KAZ.11.5_1,Shieliyskiy,30904,30911.1087,2197.0,0.07109112089049961,0.07107477191184487
2004,KAZ.11.6_1,Terenozekskiy,30947,30952.9512,51223.0,1.655184670565806,1.6548664321763726
2004,KAZ.11.7_1,Zhalagashskiy,23287,23286.5285,10129.0,0.434963713659982,0.4349725209643509
2004,KAZ.11.8_1,Zhanakorganskiy,16813,16811.4924,1127.0,0.06703146374829001,0.06703747492183376
2004,KAZ.12.1_1,Arysskiy,6341,6343.9785,3142.0,0.495505440782211,0.4952727982144011
2004,KAZ.12.2_1,Baydibekskiy,6962,6962.3081,471.0,0.06765297328353921,0.06764997978750814
2004,KAZ.12.3_1,Chardarinskiy,12114,12109.0736,2433.0,0.2008420009905894,0.20092371097486075
2004,KAZ.12.4_1,Kazygurtskiy,3943,3948.8778,1520.0,0.38549327922901344,0.38491947889425504
2004,KAZ.12.5_1,Maktaaral`skiy,2113,2121.6773,12341.0,5.840511121628017,5.816624322588456
2004,KAZ.12.6_1,Ordabasynskiy,2723,2712.62,3821.0,1.4032317297098789,1.4086013015730485
2004,KAZ.12.7_1,Otrarskiy,18582,18584.8986,1013.0,0.0545151221612313,0.054506619560077615
2004,KAZ.12.8_1,Saryagashskiy,7438,7439.5216,16202.0,2.178273729497177,2.1778282219876917
2004,KAZ.12.9_1,Sayramskiy,1701,1704.567,14602.0,8.584362139917696,8.566398416895929
2004,KAZ.12.10_1,Shymkent,334,332.2048,11459.0,34.308383233532936,34.49378122743179
2004,KAZ.12.11_1,Suzakskiy,40794,40796.9964,2521.0,0.061798303672108645,0.061793764824758395
2004,KAZ.12.12_1,Tolebiyskiy,2918,2917.8616,4525.0,1.5507196710075395,1.5507932239459121
2004,KAZ.12.13_1,Turkestan,7753,7749.8781,8446.0,1.0893847542886625,1.089823598324817
2004,KAZ.12.14_1,Tyul`kubaskiy,2149,2153.7102,4332.0,2.0158213122382502,2.0114126803286765
2004,KAZ.13.1_1,Akzhaikskiy,26028,26032.0325,728.0,0.02796987859228523,0.027965545911972995
2004,KAZ.13.2_1,Burlinskiy,5354,5358.1927,25277.0,4.7211430706014195,4.717448837417298
2004,KAZ.13.3_1,Chingirlauskiy,7361,7357.6497,1876.0,0.2548566770819182,0.25497272469633186
2004,KAZ.13.4_1,Dzhangalinskiy,21494,21491.9701,419.0,0.019493812226667906,0.019495653378858353
2004,KAZ.13.5_1,Dzhanybekskiy,8009,8003.5822,417.0,0.05206642527156948,0.052101670172724955
2004,KAZ.13.6_1,Karatobinskiy,9925,9939.6014,281.0,0.02831234256926952,0.028270751281307866
2004,KAZ.13.7_1,Kaztalovskiy,19736,19743.3866,873.0,0.04423388731252533,0.044217338137363955
2004,KAZ.13.8_1,Syrymskiy,12624,12614.5173,704.0,0.05576679340937896,0.055808714999732036
2004,KAZ.13.9_1,Taskalinskiy,8222,8219.7343,548.0,0.0666504500121625,0.06666882176837925
2004,KAZ.13.10_1,Terektinskiy,8682,8680.1014,3539.0,0.4076249712047915,0.4077141293905802
2004,KAZ.13.11_1,Urdinskiy,19364,19368.9902,318.0,0.016422226812642018,0.016417995832434622
2004,KAZ.13.12_1,Zelenovskiy,8122,8118.9478,17521.0,2.157227283920217,2.1580382590616627
2004,KAZ.14.1_1,Bayzakskiy,4789,4785.8197,10115.0,2.1121319690958447,2.1135355210288767
2004,KAZ.14.2_1,Kordayskiy,8629,8625.2652,6220.0,0.720825124579905,0.7211372508035948
2004,KAZ.14.3_1,Lugovskoy,8992,8994.9512,2961.0,0.32929270462633453,0.3291846656995217
2004,KAZ.14.4_1,Merkenskiy,6255,6245.7744,3411.0,0.5453237410071943,0.5461292386934479
2004,KAZ.14.5_1,Moyynkumskiy,49602,49586.5382,2202.0,0.04439337123503084,0.044407213740029504
2004,KAZ.14.6_1,Sarysuskiy,30981,30958.0923,3261.0,0.10525806139246635,0.10533594808467603
2004,KAZ.14.7_1,Shuskiy,11620,11617.7944,5941.0,0.5112736660929432,0.5113707295697772
2004,KAZ.14.8_1,Talasskiy,11742,11739.8088,1907.0,0.1624084483052291,0.16243876177180858
2004,KAZ.14.9_1,Zhamb.,950,949.293,0.0,0.0,0.0
2004,KAZ.14.10_1,Zhambylskiy,2909,2908.9839,10712.0,3.6823650739085596,3.682385391242099
2004,KAZ.14.11_1,Zhualy,690,690.1558,0.0,0.0,0.0
2004,KAZ.14.12_1,Zhualynskiy,3181,3177.7961,1955.0,0.6145866079849104,0.6152062464419422
2005,KAZ.1.1_1,Aksuskiy,13392,13387.4372,1259.0,0.09401135005973715,0.0940433918603298
2005,KAZ.1.2_1,Alakolskiy,36371,36368.3054,4649.0,0.12782161612273515,0.12783108684477
2005,KAZ.1.3_1,Almaty (Alma-Ata),282,282.7159,15294.0,54.234042553191486,54.096704672659065
2005,KAZ.1.4_1,Balkhashskiy,38307,38315.691,1492.0,0.03894849505312345,0.0389396604813446
2005,KAZ.1.5_1,Enbekshikazakhskiy,9627,9630.8366,10990.0,1.1415809701880129,1.1411262070485721
2005,KAZ.1.6_1,Iliyskiy,8381,8378.8611,17322.0,2.0668178021715784,2.0673454036014074
2005,KAZ.1.7_1,Karasayskiy,2205,2204.1313,17136.0,7.771428571428571,7.774491553450747
2005,KAZ.1.8_1,Karatal`skiy,23995,23985.4486,3008.0,0.1253594498853928,0.1254093701615163
2005,KAZ.1.9_1,Kerbulakskiy,11144,11157.1654,2075.0,0.18619885139985642,0.18597913823741885
2005,KAZ.1.10_1,Koksuskiy,6956,6947.0051,1788.0,0.25704427832087406,0.25737709573690587
2005,KAZ.1.11_1,Panfilovskiy,10411,10410.9861,4212.0,0.4045720872154452,0.4045726255625038
2005,KAZ.1.12_1,Raiymbekskiy,13935,13917.9794,791.0,0.05676354503049874,0.05683296232602257
2005,KAZ.1.13_1,Sarkandskiy,10192,10198.9963,1552.0,0.152276295133438,0.15217183666463147
2005,KAZ.1.14_1,Taldyqorghan,4387,4397.3056,12041.0,2.7447002507408254,2.7382677287822914
2005,KAZ.1.15_1,Talgarskiy,6069,6058.0912,14106.0,2.324270884824518,2.328456178771141
2005,KAZ.1.16_1,Uygurskiy,8457,8462.7736,1313.0,0.15525600094596193,0.15515008013970963
2005,KAZ.1.17_1,Zhambylskiy,18472,18473.3386,6690.0,0.3621697704634041,0.36214352804116784
2005,KAZ.2.1_1,Akkol`skiy,10514,10522.4756,9392.0,0.8932851436180331,0.8925656211093909
2005,KAZ.2.2_1,Arshalynskiy,6017,6024.4332,6057.0,1.0066478311450888,1.0054057901458187
2005,KAZ.2.3_1,Astrakhansiy,7222,7218.1971,2983.0,0.41304347826086957,0.4132610882094121
2005,KAZ.2.4_1,Atbasarskiy,10873,10869.0932,5063.0,0.46564885496183206,0.46581623030391756
2005,KAZ.2.5_1,Bulandynskiy,5187,5190.895,1865.0,0.35955272797378063,0.35928293486367247
2005,KAZ.2.6_1,Egindykol`skiy,5259,5276.6597,1133.0,0.21544019775622741,0.2147191722401386
2005,KAZ.2.7_1,Enbekshil`derskiy,10606,10606.0361,1790.0,0.16877239298510277,0.16877181867682356
2005,KAZ.2.8_1,Ereymengauskiy,17508,17501.7015,4279.0,0.24440255883024903,0.24449051452303086
2005,KAZ.2.9_1,Esil`skiy,8678,8679.3199,4238.0,0.48836137358838444,0.48828710435009504
2005,KAZ.2.10_1,Korgalzhynskiy,9193,9172.9782,703.0,0.07647122810834331,0.07663814121663819
2005,KAZ.2.11_1,Sandyktauskiy,6307,6302.6735,2660.0,0.42175360710321863,0.4220431224209879
2005,KAZ.2.12_1,Shortandinskiy,4586,4588.3371,4293.0,0.936109899694723,0.935633078000551
2005,KAZ.2.13_1,Shuchinskiy,5898,5909.4278,9812.0,1.6636147846727705,1.6603976313484876
2005,KAZ.2.14_1,Tselinogradskiy,8277,8278.398,35432.0,4.280778059683461,4.280055173840324
2005,KAZ.2.15_1,Zerendinskiy,8418,8408.3167,15688.0,1.8636255642670467,1.865771786612869
2005,KAZ.2.16_1,Zhaksynskiy,10057,10056.5071,2899.0,0.2882569354678334,0.28827106325026325
2005,KAZ.2.17_1,Zharkainskiy,12416,12426.2702,2009.0,0.16180734536082475,0.1616736134521129
2005,KAZ.3.1_1,Alginskiy,7474,7465.03,2455.0,0.32847203639282846,0.3288667280274435
2005,KAZ.3.2_1,Aqtobe,2396,2398.9899,16664.0,6.954924874791319,6.946256882190619
2005,KAZ.3.3_1,Aytekebiyskiy,36132,36128.4233,1558.0,0.04311967231263146,0.0431239411192463
2005,KAZ.3.4_1,Bayganinskiy,61863,61859.4222,30151.0,0.48738341173237637,0.48741160064458544
2005,KAZ.3.5_1,Irgizskiy,41431,41435.2616,249.0,0.006009992517679998,0.006009374388949757
2005,KAZ.3.6_1,Kargalinskiy,4844,4833.9448,3577.0,0.7384393063583815,0.7399753479154776
2005,KAZ.3.7_1,Khobdinskiy,13618,13617.909,523.0,0.038405052136877664,0.03840530874921765
2005,KAZ.3.8_1,Khromtauskiy,12764,12776.9987,9121.0,0.7145879034785334,0.7138609189825688
2005,KAZ.3.9_1,Martukskiy,6479,6474.1115,1790.0,0.2762772032721099,0.27648581725329446
2005,KAZ.3.10_1,Mugalzharskiy,29413,29418.8846,143588.0,4.881786964947472,4.8808104627363775
2005,KAZ.3.11_1,Shalkarskiy,61988,61995.1616,3364.0,0.05426856810995677,0.05426229908884508
2005,KAZ.3.12_1,Temirskiy,12513,12509.9697,16181.0,1.2931351394549668,1.293448378401161
2005,KAZ.3.13_1,Uilskiy,10813,10805.3021,274.0,0.02533986867659299,0.02535792127920747
2005,KAZ.4.1_1,Atyrau,3133,3136.9405,8527.0,2.7216725183530164,2.718253638502628
2005,KAZ.4.2_1,Inderskiy,11379,11381.1544,1252.0,0.1100272431672379,0.1100064158501167
2005,KAZ.4.3_1,Isatayskiy,13984,13973.895,7257.0,0.5189502288329519,0.5193255010087081
2005,KAZ.4.4_1,Kurmangazinskiy,20963,20971.928,2030.0,0.09683728473977961,0.09679605996958565
2005,KAZ.4.5_1,Kzylkoginskiy,23848,23831.6595,7504.0,0.31465951023146593,0.3148752610383336
2005,KAZ.4.6_1,Makatskiy,4648,4645.3358,1648.0,0.35456110154905335,0.3547644499098388
2005,KAZ.4.7_1,Makhambetskiy,9233,9238.6483,7026.0,0.7609660998592007,0.7605008634732424
2005,KAZ.4.8_1,Zhylyoyskiy,30176,30180.7623,74387.0,2.4651047189819724,2.4647157451015183
2005,KAZ.5.1_1,Abayskiy,19546,19548.8915,873.0,0.044663869845492685,0.04465726363380987
2005,KAZ.5.2_1,Ayagozskiy,46653,46624.2114,5524.0,0.11840610464493173,0.11847921560809643
2005,KAZ.5.3_1,Beskaragayskiy,9766,9771.5976,3208.0,0.3284865861150932,0.3282984139934135
2005,KAZ.5.4_1,Borodulikhinskiy,6225,6218.2645,5230.0,0.8401606425702811,0.8410706877784332
2005,KAZ.5.5_1,Glubokovskiy,7471,7460.8603,16125.0,2.15834560299826,2.1612789076208605
2005,KAZ.5.6_1,Katon-Karagayskiy,13115,13114.1525,1023.0,0.07800228745711017,0.0780073285370073
2005,KAZ.5.7_1,Kokpektinskiy,14505,14517.2114,2231.0,0.1538090313684936,0.15367965187009636
2005,KAZ.5.8_1,Kurchumskiy,23877,23872.8825,1339.0,0.056079071910206474,0.05608874414642039
2005,KAZ.5.9_1,Leninogorsk,3227,3235.8558,5580.0,1.7291602107220327,1.7244278915336988
2005,KAZ.5.10_1,Semipalatinskiy,31307,31325.8457,22786.0,0.7278244482064714,0.7273865876397014
2005,KAZ.5.11_1,Shemonaikhinskiy,4074,4071.623,9919.0,2.4347079037800685,2.436129289987277
2005,KAZ.5.12_1,Tarbagatayskiy,22626,22609.7774,1889.0,0.08348802262883409,0.08354792561650436
2005,KAZ.5.13_1,Ulanskiy,9852,9854.1714,16193.0,1.643625659764515,1.643263488885471
2005,KAZ.5.14_1,Urdzharskiy,25124,25114.9445,4951.0,0.1970625696545136,0.19713362322735267
2005,KAZ.5.15_1,Zaysanskiy,9565,9561.1695,1639.0,0.17135389440669105,0.17142254317803504
2005,KAZ.5.16_1,Zharminskiy,22270,22279.605,4862.0,0.2183206106870229,0.21822648974896353
2005,KAZ.5.17_1,Zyryanovsk,11445,11445.8901,10952.0,0.9569244211446046,0.956850005770319
2005,KAZ.6.1_1,Aqtau,1352,1352.7086,13955.0,10.321745562130177,10.316338626143924
2005,KAZ.6.2_1,Beyneuskiy,39572,39560.655,15892.0,0.4015970888507025,0.40171225683839284
2005,KAZ.6.3_1,Karakiyanskiy,65617,65609.5753,18049.0,0.2750659127969886,0.2750970405049158
2005,KAZ.6.4_1,Manghystauskiy,49500,49519.3216,14762.0,0.2982222222222222,0.2981058610992075
2005,KAZ.6.5_1,Tupkaraganskiy,10066,10061.9108,35621.0,3.538744287701172,3.5401824381830793
2005,KAZ.7.1_1,Akzharskiy,8055,8060.5054,1674.0,0.20782122905027933,0.20767928644122935
2005,KAZ.7.2_1,Ayyrtauskiy,9630,9633.5514,4024.0,0.41786085150571134,0.41770680960334267
2005,KAZ.7.3_1,Bulaevskiy,7907,7908.5235,4908.0,0.6207158214240547,0.6205962482278822
2005,KAZ.7.4_1,Esil`skiy,4926,4923.8679,3571.0,0.7249289484368656,0.7252428513915332
2005,KAZ.7.5_1,Kyzylzharskiy,6308,6303.3423,20793.0,3.296290424857324,3.298726144464285
2005,KAZ.7.6_1,Mamlyutskiy,4138,4151.6206,3582.0,0.8656355727404543,0.8627955965434377
2005,KAZ.7.7_1,Shal Akyna,4758,4759.1509,1845.0,0.38776796973518285,0.3876741971657977
2005,KAZ.7.8_1,Sovetskiy,4636,4635.5038,3919.0,0.8453408110440035,0.8454312971271964
2005,KAZ.7.9_1,Taiynshinskiy,11127,11129.4809,6942.0,0.6238878403882449,0.6237487703425373
2005,KAZ.7.10_1,Timiryazevskiy,4768,4775.0033,2633.0,0.5522231543624161,0.5514132272862429
2005,KAZ.7.11_1,Tselinniy,12298,12291.1075,6287.0,0.5112213368027322,0.511508016716196
2005,KAZ.7.12_1,Ualikhanovskiy,12586,12586.5573,1080.0,0.08580962974733831,0.08580583042054467
2005,KAZ.7.13_1,Zhambylskiy,7722,7713.3211,1666.0,0.21574721574721575,0.2159899714781345
2005,KAZ.8.1_1,Aksuskiy,8081,8080.2883,20748.0,2.5675040217794827,2.5677301579322767
2005,KAZ.8.2_1,Aktogayskiy,9409,9403.9423,1643.0,0.17462004463811245,0.17471396088635902
2005,KAZ.8.3_1,Bayanaul`skiy,18623,18613.3374,8106.0,0.43526821672125865,0.4354941742093131
2005,KAZ.8.4_1,Ekibastuz,19241,19236.1846,45657.0,2.372901616340107,2.373495629527778
2005,KAZ.8.5_1,Irtyshskiy,10103,10102.5432,4469.0,0.4423438582599228,0.44236386155000684
2005,KAZ.8.6_1,Kachirskiy,6831,6833.7305,3390.0,0.4962670180061484,0.4960687286950091
2005,KAZ.8.7_1,Lebyazhinskiy,8094,8100.0565,1850.0,0.22856436866814925,0.2283934672715516
2005,KAZ.8.8_1,Mayskiy,18058,18048.9733,2795.0,0.15477904529848266,0.15485645365955483
2005,KAZ.8.9_1,Pavlodarskiy,6527,6532.3778,34592.0,5.299831469281446,5.29546837288909
2005,KAZ.8.10_1,Sherbaktinskiy,6979,6974.1198,4651.0,0.6664278549935521,0.6668941958387792
2005,KAZ.8.11_1,Uspenskiy,5590,5581.5676,4075.0,0.7289803220035778,0.7300816355814135
2005,KAZ.8.12_1,Zhelezinskiy,7598,7584.3494,1955.0,0.25730455382995526,0.2577676609903779
2005,KAZ.9.1_1,Abayskiy,6708,6706.9089,19686.0,2.934704830053667,2.9351822777179604
2005,KAZ.9.2_1,Aktogayskiy,56475,56483.5207,10321.0,0.18275343072155822,0.18272586192068496
2005,KAZ.9.3_1,Bukhar-Zhyrauskiy,15297,15298.2434,72739.0,4.755115382101065,4.754728887428636
2005,KAZ.9.4_1,Karkaralinskiy,35215,35227.1629,3240.0,0.09200624733778219,0.09197448017888149
2005,KAZ.9.5_1,Nurinskiy,47011,47004.3867,3515.0,0.07476973474293251,0.07478025456441026
2005,KAZ.9.6_1,Osakarovskiy,11120,11123.7267,6800.0,0.6115107913669064,0.6113059205726586
2005,KAZ.9.7_1,Shetskiy,66230,66248.7613,8922.0,0.1347123659972822,0.13467421619226927
2005,KAZ.9.8_1,Ulytauskiy,128675,128672.5201,67267.0,0.5227666601904022,0.522776735322872
2005,KAZ.9.9_1,Zhanaarkinskiy,63004,63031.6413,7947.0,0.12613484858104249,0.12607953455404344
2005,KAZ.10.1_1,Altynsarinskiy,5349,5356.2087,1979.0,0.36997569639184896,0.3694777591290537
2005,KAZ.10.2_1,Amangel`dinskiy,28028,28028.9463,291.0,0.010382474668188955,0.010382124138633923
2005,KAZ.10.3_1,Arkalyk,11294,11285.7064,5897.0,0.5221356472463254,0.522519353365827
2005,KAZ.10.4_1,Auliekol`skiy,11042,11044.7742,6482.0,0.5870313349030972,0.586883884227362
2005,KAZ.10.5_1,Denisovskiy,6504,6510.3182,4859.0,0.7470787207872078,0.7463536918234273
2005,KAZ.10.6_1,Dzhangil`dinskiy,38581,38583.4343,348.0,0.009019983929913688,0.009019414852196162
2005,KAZ.10.7_1,Fyodorovskiy,6781,6767.2202,7248.0,1.0688688983925674,1.0710453926741863
2005,KAZ.10.8_1,Kamystinskiy,12932,12927.5113,3041.0,0.2351531085678936,0.23523475781056105
2005,KAZ.10.9_1,Karabalykskiy,7266,7284.2803,8538.0,1.1750619322873659,1.1721130561744373
2005,KAZ.10.10_1,Karasuskiy,12827,12830.2125,3722.0,0.29016917439775475,0.29009651990673313
2005,KAZ.10.11_1,Mendykarinskiy,6803,6798.9183,2586.0,0.3801264148169925,0.3803546225126813
2005,KAZ.10.12_1,Naurzumskiy,16090,16095.4503,991.0,0.06159105034182722,0.06157019418221088
2005,KAZ.10.13_1,Qostanay,8151,8150.5045,37304.0,4.57661636609005,4.576894568757213
2005,KAZ.10.14_1,Sarykol`skiy,6387,6385.6753,3950.0,0.6184437137936434,0.6185720043762658
2005,KAZ.10.15_1,Taranovskiy,7750,7745.2217,25128.0,3.2423225806451614,3.2443228659534338
2005,KAZ.10.16_1,Uzunkol`skiy,7723,7734.567,1864.0,0.2413569856273469,0.24099603827403632
2005,KAZ.10.17_1,Zhitikarinskiy,7564,7543.3034,7594.0,1.0039661554732946,1.0067207429445562
2005,KAZ.11.1_1,Aral`skiy,55256,55264.9883,3272.0,0.05921528883741132,0.05920565809461827
2005,KAZ.11.2_1,Karmakchinskiy,31362,31363.2928,8859.0,0.282475607422996,0.2824639633116949
2005,KAZ.11.3_1,Kazalinskiy,38288,38287.1923,2664.0,0.0695779356456331,0.06957940350383576
2005,KAZ.11.4_1,Qyzylorda,2322,2316.0783,6614.0,2.8484065460809647,2.855689274591783
2005,KAZ.11.5_1,Shieliyskiy,30904,30911.1087,2341.0,0.07575071188195703,0.07573329132709553
2005,KAZ.11.6_1,Terenozekskiy,30947,30952.9512,52637.0,1.7008756906969982,1.700548667404637
2005,KAZ.11.7_1,Zhalagashskiy,23287,23286.5285,11126.0,0.477777300639842,0.4777869748493798
2005,KAZ.11.8_1,Zhanakorganskiy,16813,16811.4924,1249.0,0.07428775352405877,0.07429441541913963
2005,KAZ.12.1_1,Arysskiy,6341,6343.9785,3463.0,0.5461283709194134,0.5458719606035872
2005,KAZ.12.2_1,Baydibekskiy,6962,6962.3081,697.0,0.10011490950876185,0.1001104796430853
2005,KAZ.12.3_1,Chardarinskiy,12114,12109.0736,2522.0,0.20818887237906555,0.20827357134344382
2005,KAZ.12.4_1,Kazygurtskiy,3943,3948.8778,1703.0,0.4319046411361907,0.43126175826112917
2005,KAZ.12.5_1,Maktaaral`skiy,2113,2121.6773,11757.0,5.564126833885471,5.541370404397738
2005,KAZ.12.6_1,Ordabasynskiy,2723,2712.62,4617.0,1.6955563716489166,1.702044545763613
2005,KAZ.12.7_1,Otrarskiy,18582,18584.8986,1191.0,0.06409428479173393,0.06408428815010113
2005,KAZ.12.8_1,Saryagashskiy,7438,7439.5216,16432.0,2.209196020435601,2.208744188600281
2005,KAZ.12.9_1,Sayramskiy,1701,1704.567,15560.0,9.14756025867137,9.128417981571062
2005,KAZ.12.10_1,Shymkent,334,332.2048,11562.0,34.616766467065865,34.80383092342843
2005,KAZ.12.11_1,Suzakskiy,40794,40796.9964,3010.0,0.07378536059224396,0.0737799413417385
2005,KAZ.12.12_1,Tolebiyskiy,2918,2917.8616,4672.0,1.601096641535298,1.6011725839282436
2005,KAZ.12.13_1,Turkestan,7753,7749.8781,9538.0,1.2302334580162517,1.2307290410634744
2005,KAZ.12.14_1,Tyul`kubaskiy,2149,2153.7102,4665.0,2.170777105630526,2.1660295830409226
2005,KAZ.13.1_1,Akzhaikskiy,26028,26032.0325,851.0,0.032695558629168585,0.03269049391633107
2005,KAZ.13.2_1,Burlinskiy,5354,5358.1927,26442.0,4.93873739260366,4.934872894686403
2005,KAZ.13.3_1,Chingirlauskiy,7361,7357.6497,2342.0,0.3181632930308382,0.3183081669716467
2005,KAZ.13.4_1,Dzhangalinskiy,21494,21491.9701,434.0,0.020191681399460315,0.020193588464020345
2005,KAZ.13.5_1,Dzhanybekskiy,8009,8003.5822,449.0,0.05606193032838057,0.05609987987422903
2005,KAZ.13.6_1,Karatobinskiy,9925,9939.6014,332.0,0.03345088161209068,0.033401741727381536
2005,KAZ.13.7_1,Kaztalovskiy,19736,19743.3866,853.0,0.04322051074179165,0.04320434070008185
2005,KAZ.13.8_1,Syrymskiy,12624,12614.5173,750.0,0.0594106463878327,0.05945530717300998
2005,KAZ.13.9_1,Taskalinskiy,8222,8219.7343,701.0,0.0852590610557042,0.08528256215261652
2005,KAZ.13.10_1,Terektinskiy,8682,8680.1014,3737.0,0.43043077631882054,0.4305249227274931
2005,KAZ.13.11_1,Urdinskiy,19364,19368.9902,340.0,0.01755835571162983,0.017553832022099914
2005,KAZ.13.12_1,Zelenovskiy,8122,8118.9478,17938.0,2.2085693179019947,2.209399594261064
2005,KAZ.14.1_1,Bayzakskiy,4789,4785.8197,10485.0,2.189392357485905,2.190847250418959
2005,KAZ.14.2_1,Kordayskiy,8629,8625.2652,6758.0,0.7831730212075559,0.783512144844163
2005,KAZ.14.3_1,Lugovskoy,8992,8994.9512,3124.0,0.3474199288256228,0.3473059424671752
2005,KAZ.14.4_1,Merkenskiy,6255,6245.7744,3554.0,0.568185451638689,0.5690247183572307
2005,KAZ.14.5_1,Moyynkumskiy,49602,49586.5382,2564.0,0.0516914640538688,0.0517075822113695
2005,KAZ.14.6_1,Sarysuskiy,30981,30958.0923,3389.0,0.109389625899745,0.10947056978195861
2005,KAZ.14.7_1,Shuskiy,11620,11617.7944,6358.0,0.5471600688468158,0.5472639452288577
2005,KAZ.14.8_1,Talasskiy,11742,11739.8088,2142.0,0.18242207460398568,0.18245612360525118
2005,KAZ.14.9_1,Zhamb.,950,949.293,0.0,0.0,0.0
2005,KAZ.14.10_1,Zhambylskiy,2909,2908.9839,11358.0,3.904434513578549,3.9044560561732413
2005,KAZ.14.11_1,Zhualy,690,690.1558,0.0,0.0,0.0
2005,KAZ.14.12_1,Zhualynskiy,3181,3177.7961,1981.0,0.6227601383212826,0.623388017494367
2006,KAZ.1.1_1,Aksuskiy,13392,13387.4372,1263.0,0.0943100358422939,0.09434217944368271
2006,KAZ.1.2_1,Alakolskiy,36371,36368.3054,4789.0,0.13167083665557724,0.13168059257896397
2006,KAZ.1.3_1,Almaty (Alma-Ata),282,282.7159,15656.0,55.5177304964539,55.377141908928365
2006,KAZ.1.4_1,Balkhashskiy,38307,38315.691,1566.0,0.04088025687211214,0.040870984124521205
2006,KAZ.1.5_1,Enbekshikazakhskiy,9627,9630.8366,10928.0,1.1351407499740314,1.1346885523773245
2006,KAZ.1.6_1,Iliyskiy,8381,8378.8611,17489.0,2.086743825319174,2.0872765133116853
2006,KAZ.1.7_1,Karasayskiy,2205,2204.1313,17687.0,8.021315192743764,8.0244766635086
2006,KAZ.1.8_1,Karatal`skiy,23995,23985.4486,3045.0,0.12690143779954158,0.12695197212161471
2006,KAZ.1.9_1,Kerbulakskiy,11144,11157.1654,2077.0,0.18637832017229003,0.1861583952381296
2006,KAZ.1.10_1,Koksuskiy,6956,6947.0051,1813.0,0.26063829787234044,0.26097576877573286
2006,KAZ.1.11_1,Panfilovskiy,10411,10410.9861,4208.0,0.4041878782057439,0.4041884160415517
2006,KAZ.1.12_1,Raiymbekskiy,13935,13917.9794,769.0,0.055184786508790815,0.05525227310835822
2006,KAZ.1.13_1,Sarkandskiy,10192,10198.9963,1583.0,0.15531789638932497,0.1552113514433709
2006,KAZ.1.14_1,Taldyqorghan,4387,4397.3056,11859.0,2.703214041486209,2.696878747249331
2006,KAZ.1.15_1,Talgarskiy,6069,6058.0912,14376.0,2.3687592684132475,2.3730246721972157
2006,KAZ.1.16_1,Uygurskiy,8457,8462.7736,1354.0,0.16010405581175358,0.1599948275012695
2006,KAZ.1.17_1,Zhambylskiy,18472,18473.3386,6831.0,0.36980294499783456,0.36977614948418797
2006,KAZ.2.1_1,Akkol`skiy,10514,10522.4756,9361.0,0.8903366939319003,0.8896195463378416
2006,KAZ.2.2_1,Arshalynskiy,6017,6024.4332,6322.0,1.050689712481303,1.0493933309066974
2006,KAZ.2.3_1,Astrakhansiy,7222,7218.1971,2892.0,0.4004430905566325,0.40065406205216886
2006,KAZ.2.4_1,Atbasarskiy,10873,10869.0932,4979.0,0.4579232962383887,0.4580878946638762
2006,KAZ.2.5_1,Bulandynskiy,5187,5190.895,1743.0,0.3360323886639676,0.3357802442184349
2006,KAZ.2.6_1,Egindykol`skiy,5259,5276.6597,1044.0,0.19851682829435255,0.19785244114625303
2006,KAZ.2.7_1,Enbekshil`derskiy,10606,10606.0361,1843.0,0.17376956439751085,0.1737689730845731
2006,KAZ.2.8_1,Ereymengauskiy,17508,17501.7015,4252.0,0.242860406671236,0.24294780737366845
2006,KAZ.2.9_1,Esil`skiy,8678,8679.3199,4003.0,0.4612814012445264,0.4612112502863215
2006,KAZ.2.10_1,Korgalzhynskiy,9193,9172.9782,698.0,0.07592733601653431,0.07609306197612156
2006,KAZ.2.11_1,Sandyktauskiy,6307,6302.6735,2429.0,0.3851276359600444,0.3853920091581126
2006,KAZ.2.12_1,Shortandinskiy,4586,4588.3371,4451.0,0.9705625817706062,0.970068211083264
2006,KAZ.2.13_1,Shuchinskiy,5898,5909.4278,9670.0,1.6395388267209223,1.636368232280868
2006,KAZ.2.14_1,Tselinogradskiy,8277,8278.398,39675.0,4.7934034070315334,4.792593955241444
2006,KAZ.2.15_1,Zerendinskiy,8418,8408.3167,15827.0,1.8801377999524829,1.8823030384192936
2006,KAZ.2.16_1,Zhaksynskiy,10057,10056.5071,2874.0,0.2857711047031918,0.2857851106523824
2006,KAZ.2.17_1,Zharkainskiy,12416,12426.2702,2009.0,0.16180734536082475,0.1616736134521129
2006,KAZ.3.1_1,Alginskiy,7474,7465.03,2652.0,0.35483007760235485,0.355256441030053
2006,KAZ.3.2_1,Aqtobe,2396,2398.9899,16979.0,7.086393989983305,7.077562146106248
2006,KAZ.3.3_1,Aytekebiyskiy,36132,36128.4233,1486.0,0.04112697885530831,0.041131050387163026
2006,KAZ.3.4_1,Bayganinskiy,61863,61859.4222,27524.0,0.4449186104779917,0.44494434334322475
2006,KAZ.3.5_1,Irgizskiy,41431,41435.2616,281.0,0.0067823610340083515,0.006781663467047718
2006,KAZ.3.6_1,Kargalinskiy,4844,4833.9448,3622.0,0.7477291494632535,0.7492845149985631
2006,KAZ.3.7_1,Khobdinskiy,13618,13617.909,675.0,0.049566749889851665,0.04956708108168626
2006,KAZ.3.8_1,Khromtauskiy,12764,12776.9987,9542.0,0.7475712942651207,0.7468107541861277
2006,KAZ.3.9_1,Martukskiy,6479,6474.1115,1801.0,0.2779749961413798,0.27818489210792363
2006,KAZ.3.10_1,Mugalzharskiy,29413,29418.8846,142997.0,4.861693808860028,4.860721325876214
2006,KAZ.3.11_1,Shalkarskiy,61988,61995.1616,3320.0,0.05355875330709169,0.05355256628268896
2006,KAZ.3.12_1,Temirskiy,12513,12509.9697,14763.0,1.1798129944857347,1.1800987831615066
2006,KAZ.3.13_1,Uilskiy,10813,10805.3021,291.0,0.026912050309812263,0.026931222964413776
2006,KAZ.4.1_1,Atyrau,3133,3136.9405,8851.0,2.8250877752952444,2.8215389884351776
2006,KAZ.4.2_1,Inderskiy,11379,11381.1544,1190.0,0.10457860971965902,0.1045588137872515
2006,KAZ.4.3_1,Isatayskiy,13984,13973.895,6380.0,0.45623569794050345,0.4565656189107838
2006,KAZ.4.4_1,Kurmangazinskiy,20963,20971.928,1888.0,0.09006344511758813,0.0900251040505309
2006,KAZ.4.5_1,Kzylkoginskiy,23848,23831.6595,7873.0,0.33013250587051324,0.3303588659587953
2006,KAZ.4.6_1,Makatskiy,4648,4645.3358,2268.0,0.4879518072289157,0.4882316580069869
2006,KAZ.4.7_1,Makhambetskiy,9233,9238.6483,7066.0,0.7652983862233294,0.7648305011816013
2006,KAZ.4.8_1,Zhylyoyskiy,30176,30180.7623,70974.0,2.3520015906680807,2.3516304635599656
2006,KAZ.5.1_1,Abayskiy,19546,19548.8915,987.0,0.050496265220505474,0.050488796342004975
2006,KAZ.5.2_1,Ayagozskiy,46653,46624.2114,6047.0,0.12961653055537692,0.12969656350147704
2006,KAZ.5.3_1,Beskaragayskiy,9766,9771.5976,3266.0,0.33442555805857055,0.33423398382247144
2006,KAZ.5.4_1,Borodulikhinskiy,6225,6218.2645,5279.0,0.8480321285140562,0.8489506999583841
2006,KAZ.5.5_1,Glubokovskiy,7471,7460.8603,16135.0,2.159684111899344,2.1626192356255864
2006,KAZ.5.6_1,Katon-Karagayskiy,13115,13114.1525,1022.0,0.07792603888677087,0.07793107503892616
2006,KAZ.5.7_1,Kokpektinskiy,14505,14517.2114,2179.0,0.15022406066873492,0.15009769673910353
2006,KAZ.5.8_1,Kurchumskiy,23877,23872.8825,1380.0,0.05779620555346149,0.05780617395224805
2006,KAZ.5.9_1,Leninogorsk,3227,3235.8558,5580.0,1.7291602107220327,1.7244278915336988
2006,KAZ.5.10_1,Semipalatinskiy,31307,31325.8457,23160.0,0.7397706583192257,0.7393256108898221
2006,KAZ.5.11_1,Shemonaikhinskiy,4074,4071.623,9853.0,2.4185076092292586,2.4199195376796694
2006,KAZ.5.12_1,Tarbagatayskiy,22626,22609.7774,1957.0,0.08649341465570583,0.0865554740240863
2006,KAZ.5.13_1,Ulanskiy,9852,9854.1714,16345.0,1.6590539991879822,1.6586884286934491
2006,KAZ.5.14_1,Urdzharskiy,25124,25114.9445,5073.0,0.20191848431778378,0.2019912887562836
2006,KAZ.5.15_1,Zaysanskiy,9565,9561.1695,1666.0,0.17417668583376894,0.17424646548786235
2006,KAZ.5.16_1,Zharminskiy,22270,22279.605,4807.0,0.21585092052088012,0.21575786429931462
2006,KAZ.5.17_1,Zyryanovsk,11445,11445.8901,10940.0,0.9558759283529926,0.9558015945149095
2006,KAZ.6.1_1,Aqtau,1352,1352.7086,14106.0,10.433431952662723,10.427966510955658
2006,KAZ.6.2_1,Beyneuskiy,39572,39560.655,12175.0,0.3076670372991004,0.30775526850034185
2006,KAZ.6.3_1,Karakiyanskiy,65617,65609.5753,18339.0,0.27948549918466253,0.27951712703305726
2006,KAZ.6.4_1,Manghystauskiy,49500,49519.3216,16627.0,0.3358989898989899,0.33576792795668087
2006,KAZ.6.5_1,Tupkaraganskiy,10066,10061.9108,37249.0,3.7004768527717067,3.7019807315875894
2006,KAZ.7.1_1,Akzharskiy,8055,8060.5054,1774.0,0.22023587833643699,0.22008545647953456
2006,KAZ.7.2_1,Ayyrtauskiy,9630,9633.5514,4156.0,0.4315680166147456,0.4314089216479851
2006,KAZ.7.3_1,Bulaevskiy,7907,7908.5235,4925.0,0.6228658151005438,0.6227458277347839
2006,KAZ.7.4_1,Esil`skiy,4926,4923.8679,3708.0,0.7527405602923264,0.7530665060094667
2006,KAZ.7.5_1,Kyzylzharskiy,6308,6303.3423,20962.0,3.3230818008877616,3.3255373173789415
2006,KAZ.7.6_1,Mamlyutskiy,4138,4151.6206,3565.0,0.861527307878202,0.858700810071847
2006,KAZ.7.7_1,Shal Akyna,4758,4759.1509,1815.0,0.38146279949558637,0.38137055168342704
2006,KAZ.7.8_1,Sovetskiy,4636,4635.5038,3964.0,0.8550474547023296,0.8551389797938777
2006,KAZ.7.9_1,Taiynshinskiy,11127,11129.4809,7426.0,0.6673856385368923,0.6672368724522734
2006,KAZ.7.10_1,Timiryazevskiy,4768,4775.0033,2634.0,0.5524328859060402,0.5516226512236855
2006,KAZ.7.11_1,Tselinniy,12298,12291.1075,6258.0,0.5088632297934623,0.5091485873405367
2006,KAZ.7.12_1,Ualikhanovskiy,12586,12586.5573,1133.0,0.09002065787382807,0.0900166720985899
2006,KAZ.7.13_1,Zhambylskiy,7722,7713.3211,1624.0,0.2103082103082103,0.21054484614675298
2006,KAZ.8.1_1,Aksuskiy,8081,8080.2883,20823.0,2.57678505135503,2.577012004946202
2006,KAZ.8.2_1,Aktogayskiy,9409,9403.9423,1627.0,0.17291954511637794,0.17301254678156183
2006,KAZ.8.3_1,Bayanaul`skiy,18623,18613.3374,7956.0,0.427213660527305,0.4274354367146922
2006,KAZ.8.4_1,Ekibastuz,19241,19236.1846,45086.0,2.3432254040850267,2.3438119883673783
2006,KAZ.8.5_1,Irtyshskiy,10103,10102.5432,4129.0,0.40869048797386914,0.4087089694204471
2006,KAZ.8.6_1,Kachirskiy,6831,6833.7305,3311.0,0.48470209339774556,0.48450842498795726
2006,KAZ.8.7_1,Lebyazhinskiy,8094,8100.0565,1717.0,0.21213244378552013,0.21197382881365087
2006,KAZ.8.8_1,Mayskiy,18058,18048.9733,2778.0,0.15383763428951158,0.1539145718304985
2006,KAZ.8.9_1,Pavlodarskiy,6527,6532.3778,34736.0,5.321893672437567,5.317512413294271
2006,KAZ.8.10_1,Sherbaktinskiy,6979,6974.1198,4595.0,0.6584037827769021,0.6588645086818298
2006,KAZ.8.11_1,Uspenskiy,5590,5581.5676,3970.0,0.7101967799642218,0.7112697161369844
2006,KAZ.8.12_1,Zhelezinskiy,7598,7584.3494,1947.0,0.2562516451697815,0.25671285726254006
2006,KAZ.9.1_1,Abayskiy,6708,6706.9089,19691.0,2.9354502087060226,2.935927777636105
2006,KAZ.9.2_1,Aktogayskiy,56475,56483.5207,10500.0,0.18592297476759628,0.1858949278332712
2006,KAZ.9.3_1,Bukhar-Zhyrauskiy,15297,15298.2434,73034.0,4.774400209191345,4.774012147052654
2006,KAZ.9.4_1,Karkaralinskiy,35215,35227.1629,3455.0,0.09811160017038194,0.09807772500556652
2006,KAZ.9.5_1,Nurinskiy,47011,47004.3867,3808.0,0.08100231860628364,0.08101371532895428
2006,KAZ.9.6_1,Osakarovskiy,11120,11123.7267,6916.0,0.6219424460431655,0.6217340803941922
2006,KAZ.9.7_1,Shetskiy,66230,66248.7613,8912.0,0.13456137701947757,0.13452326997371708
2006,KAZ.9.8_1,Ulytauskiy,128675,128672.5201,65229.0,0.5069283077520886,0.5069380776365174
2006,KAZ.9.9_1,Zhanaarkinskiy,63004,63031.6413,8034.0,0.1275157132880452,0.12745979370922172
2006,KAZ.10.1_1,Altynsarinskiy,5349,5356.2087,1932.0,0.36118900729108244,0.36070289572376535
2006,KAZ.10.2_1,Amangel`dinskiy,28028,28028.9463,295.0,0.010525189096617668,0.010524833748786967
2006,KAZ.10.3_1,Arkalyk,11294,11285.7064,5868.0,0.5195679121657517,0.5199497313126459
2006,KAZ.10.4_1,Auliekol`skiy,11042,11044.7742,6471.0,0.5860351385618547,0.5858879381109626
2006,KAZ.10.5_1,Denisovskiy,6504,6510.3182,4863.0,0.7476937269372693,0.7469681011190217
2006,KAZ.10.6_1,Dzhangil`dinskiy,38581,38583.4343,337.0,0.008734869495347452,0.008734318405718698
2006,KAZ.10.7_1,Fyodorovskiy,6781,6767.2202,7285.0,1.074325320749152,1.076512925721778
2006,KAZ.10.8_1,Kamystinskiy,12932,12927.5113,3179.0,0.24582431178472008,0.24590966625444707
2006,KAZ.10.9_1,Karabalykskiy,7266,7284.2803,8415.0,1.1581337737407102,1.1552273796800057
2006,KAZ.10.10_1,Karasuskiy,12827,12830.2125,3698.0,0.28829812115069775,0.2882259351464533
2006,KAZ.10.11_1,Mendykarinskiy,6803,6798.9183,2547.0,0.3743936498603557,0.3746184159086618
2006,KAZ.10.12_1,Naurzumskiy,16090,16095.4503,979.0,0.060845245494095715,0.060824641881316296
2006,KAZ.10.13_1,Qostanay,8151,8150.5045,37090.0,4.550361918782971,4.550638525498741
2006,KAZ.10.14_1,Sarykol`skiy,6387,6385.6753,3700.0,0.579301706591514,0.5794218775170085
2006,KAZ.10.15_1,Taranovskiy,7750,7745.2217,25899.0,3.341806451612903,3.3438681114823297
2006,KAZ.10.16_1,Uzunkol`skiy,7723,7734.567,1869.0,0.2420044024342872,0.2416424868745568
2006,KAZ.10.17_1,Zhitikarinskiy,7564,7543.3034,7717.0,1.0202273929138022,1.0230265964318068
2006,KAZ.11.1_1,Aral`skiy,55256,55264.9883,3244.0,0.05870855653684668,0.058699008208723
2006,KAZ.11.2_1,Karmakchinskiy,31362,31363.2928,8508.0,0.2712837191505644,0.27127253638739135
2006,KAZ.11.3_1,Kazalinskiy,38288,38287.1923,2620.0,0.06842875052235688,0.06843019413665528
2006,KAZ.11.4_1,Qyzylorda,2322,2316.0783,6759.0,2.9108527131782944,2.9182951023534716
2006,KAZ.11.5_1,Shieliyskiy,30904,30911.1087,2384.0,0.07714211752523945,0.0771243769858162
2006,KAZ.11.6_1,Terenozekskiy,30947,30952.9512,49426.0,1.5971176527611723,1.596810578778076
2006,KAZ.11.7_1,Zhalagashskiy,23287,23286.5285,13349.0,0.5732382874565208,0.5732498945950361
2006,KAZ.11.8_1,Zhanakorganskiy,16813,16811.4924,1267.0,0.0753583536549099,0.0753651115580864
2006,KAZ.12.1_1,Arysskiy,6341,6343.9785,3596.0,0.5671029806024286,0.566836722590384
2006,KAZ.12.2_1,Baydibekskiy,6962,6962.3081,718.0,0.10313128411376041,0.10312672078010796
2006,KAZ.12.3_1,Chardarinskiy,12114,12109.0736,2612.0,0.21561829288426615,0.2157060144127975
2006,KAZ.12.4_1,Kazygurtskiy,3943,3948.8778,1835.0,0.4653816890692366,0.46468897616510396
2006,KAZ.12.5_1,Maktaaral`skiy,2113,2121.6773,11727.0,5.5499290108849975,5.527230648326297
2006,KAZ.12.6_1,Ordabasynskiy,2723,2712.62,4922.0,1.8075651854572163,1.8144819697311032
2006,KAZ.12.7_1,Otrarskiy,18582,18584.8986,1290.0,0.06942202131094607,0.06941119371421532
2006,KAZ.12.8_1,Saryagashskiy,7438,7439.5216,16531.0,2.2225060500134446,2.222051495968308
2006,KAZ.12.9_1,Sayramskiy,1701,1704.567,15841.0,9.312757201646091,9.29326923175239
2006,KAZ.12.10_1,Shymkent,334,332.2048,11576.0,34.65868263473054,34.84597360055419
2006,KAZ.12.11_1,Suzakskiy,40794,40796.9964,3420.0,0.0838358582144433,0.08382970079360322
2006,KAZ.12.12_1,Tolebiyskiy,2918,2917.8616,4859.0,1.6651816312542838,1.6652606132935222
2006,KAZ.12.13_1,Turkestan,7753,7749.8781,9519.0,1.2277827937572552,1.2282773895872523
2006,KAZ.12.14_1,Tyul`kubaskiy,2149,2153.7102,4845.0,2.2545369939506745,2.249606287209704
2006,KAZ.13.1_1,Akzhaikskiy,26028,26032.0325,941.0,0.03615337329030275,0.036147772943910146
2006,KAZ.13.2_1,Burlinskiy,5354,5358.1927,25835.0,4.825364213672021,4.821588428795977
2006,KAZ.13.3_1,Chingirlauskiy,7361,7357.6497,1869.0,0.25390571933161254,0.25402133393253956
2006,KAZ.13.4_1,Dzhangalinskiy,21494,21491.9701,444.0,0.02065692751465525,0.02065887852079501
2006,KAZ.13.5_1,Dzhanybekskiy,8009,8003.5822,443.0,0.05531277313022849,0.055350215555197015
2006,KAZ.13.6_1,Karatobinskiy,9925,9939.6014,354.0,0.03566750629722922,0.035615110155099584
2006,KAZ.13.7_1,Kaztalovskiy,19736,19743.3866,851.0,0.043119173084718285,0.04310304095635364
2006,KAZ.13.8_1,Syrymskiy,12624,12614.5173,728.0,0.057667934093789605,0.05771128482926835
2006,KAZ.13.9_1,Taskalinskiy,8222,8219.7343,650.0,0.07905619070785697,0.07907798202453743
2006,KAZ.13.10_1,Terektinskiy,8682,8680.1014,3507.0,0.4039391845196959,0.4040275365280488
2006,KAZ.13.11_1,Urdinskiy,19364,19368.9902,365.0,0.018849411278661434,0.018844554964901377
2006,KAZ.13.12_1,Zelenovskiy,8122,8118.9478,20150.0,2.480916030534351,2.4818486912900233
2006,KAZ.14.1_1,Bayzakskiy,4789,4785.8197,10594.0,2.212152850281896,2.2136228679960377
2006,KAZ.14.2_1,Kordayskiy,8629,8625.2652,6850.0,0.7938347433074516,0.7941784836020296
2006,KAZ.14.3_1,Lugovskoy,8992,8994.9512,3126.0,0.3476423487544484,0.34752828942137953
2006,KAZ.14.4_1,Merkenskiy,6255,6245.7744,3584.0,0.5729816147082334,0.5738279658391431
2006,KAZ.14.5_1,Moyynkumskiy,49602,49586.5382,2691.0,0.05425184468368211,0.0542687612054584
2006,KAZ.14.6_1,Sarysuskiy,30981,30958.0923,3359.0,0.10842129046835157,0.10850151782165801
2006,KAZ.14.7_1,Shuskiy,11620,11617.7944,6406.0,0.5512908777969019,0.5513955383982483
2006,KAZ.14.8_1,Talasskiy,11742,11739.8088,2145.0,0.18267756770567195,0.18271166439461425
2006,KAZ.14.9_1,Zhamb.,950,949.293,0.0,0.0,0.0
2006,KAZ.14.10_1,Zhambylskiy,2909,2908.9839,11419.0,3.925403918872465,3.9254255771651914
2006,KAZ.14.11_1,Zhualy,690,690.1558,0.0,0.0,0.0
2006,KAZ.14.12_1,Zhualynskiy,3181,3177.7961,1989.0,0.625275070732474,0.6259054855104976
2007,KAZ.1.1_1,Aksuskiy,13392,13387.4372,1359.0,0.10147849462365591,0.10151308144415266
2007,KAZ.1.2_1,Alakolskiy,36371,36368.3054,5101.0,0.14024909955733963,0.14025949107231053
2007,KAZ.1.3_1,Almaty (Alma-Ata),282,282.7159,15711.0,55.712765957446805,55.5716834779748
2007,KAZ.1.4_1,Balkhashskiy,38307,38315.691,1656.0,0.04322969692223354,0.04321989125811438
2007,KAZ.1.5_1,Enbekshikazakhskiy,9627,9630.8366,10940.0,1.1363872442089955,1.1359345500556306
2007,KAZ.1.6_1,Iliyskiy,8381,8378.8611,17967.0,2.1437775921727718,2.1443248393087684
2007,KAZ.1.7_1,Karasayskiy,2205,2204.1313,17997.0,8.161904761904761,8.165121643758933
2007,KAZ.1.8_1,Karatal`skiy,23995,23985.4486,3103.0,0.12931860804334236,0.1293701049239312
2007,KAZ.1.9_1,Kerbulakskiy,11144,11157.1654,2137.0,0.1917623833452979,0.19153610525945255
2007,KAZ.1.10_1,Koksuskiy,6956,6947.0051,2075.0,0.29830362277170785,0.29868986222263966
2007,KAZ.1.11_1,Panfilovskiy,10411,10410.9861,4454.0,0.4278167323023725,0.4278173015801025
2007,KAZ.1.12_1,Raiymbekskiy,13935,13917.9794,802.0,0.05755292429135271,0.05762330693485474
2007,KAZ.1.13_1,Sarkandskiy,10192,10198.9963,1674.0,0.1642464678178964,0.16413379805192854
2007,KAZ.1.14_1,Taldyqorghan,4387,4397.3056,12185.0,2.7775245042170047,2.771015054830348
2007,KAZ.1.15_1,Talgarskiy,6069,6058.0912,14714.0,2.4244521337946945,2.428817823226894
2007,KAZ.1.16_1,Uygurskiy,8457,8462.7736,1402.0,0.16577982736194868,0.16566672685138836
2007,KAZ.1.17_1,Zhambylskiy,18472,18473.3386,7257.0,0.3928648765699437,0.39283641001416364
2007,KAZ.2.1_1,Akkol`skiy,10514,10522.4756,9672.0,0.9199163020734259,0.9191753287233847
2007,KAZ.2.2_1,Arshalynskiy,6017,6024.4332,6520.0,1.0835964766494932,1.0822594934374672
2007,KAZ.2.3_1,Astrakhansiy,7222,7218.1971,2941.0,0.40722791470506786,0.4074424607522229
2007,KAZ.2.4_1,Atbasarskiy,10873,10869.0932,4988.0,0.45875103467304335,0.4589159306253092
2007,KAZ.2.5_1,Bulandynskiy,5187,5190.895,1857.0,0.3580104106419896,0.35774177482136177
2007,KAZ.2.6_1,Egindykol`skiy,5259,5276.6597,1033.0,0.19642517588895228,0.19576778898858177
2007,KAZ.2.7_1,Enbekshil`derskiy,10606,10606.0361,2231.0,0.2103526305864605,0.2103519147865885
2007,KAZ.2.8_1,Ereymengauskiy,17508,17501.7015,4251.0,0.2428032899246059,0.2428906700718402
2007,KAZ.2.9_1,Esil`skiy,8678,8679.3199,3916.0,0.45125604978105555,0.4511874234627117
2007,KAZ.2.10_1,Korgalzhynskiy,9193,9172.9782,849.0,0.09235287718916567,0.09255445503972379
2007,KAZ.2.11_1,Sandyktauskiy,6307,6302.6735,2361.0,0.37434596480101473,0.3746029368556212
2007,KAZ.2.12_1,Shortandinskiy,4586,4588.3371,4689.0,1.0224596598342783,1.0219388545876038
2007,KAZ.2.13_1,Shuchinskiy,5898,5909.4278,9939.0,1.6851475076297049,1.68188871361319
2007,KAZ.2.14_1,Tselinogradskiy,8277,8278.398,42938.0,5.187628367766099,5.18675234404933
2007,KAZ.2.15_1,Zerendinskiy,8418,8408.3167,16607.0,1.9727963886909003,1.9750683363258488
2007,KAZ.2.16_1,Zhaksynskiy,10057,10056.5071,2782.0,0.27662324748931094,0.27663680509218086
2007,KAZ.2.17_1,Zharkainskiy,12416,12426.2702,1967.0,0.15842461340206185,0.1582936772823823
2007,KAZ.3.1_1,Alginskiy,7474,7465.03,3047.0,0.4076799571849077,0.40816982496929544
2007,KAZ.3.2_1,Aqtobe,2396,2398.9899,17873.0,7.459515859766277,7.450218990362034
2007,KAZ.3.3_1,Aytekebiyskiy,36132,36128.4233,1478.0,0.0409055684711613,0.04090961808359822
2007,KAZ.3.4_1,Bayganinskiy,61863,61859.4222,24835.0,0.4014515946527003,0.40147481350563097
2007,KAZ.3.5_1,Irgizskiy,41431,41435.2616,347.0,0.00837537109893558,0.008374509690624761
2007,KAZ.3.6_1,Kargalinskiy,4844,4833.9448,3772.0,0.7786952931461602,0.7803150719421811
2007,KAZ.3.7_1,Khobdinskiy,13618,13617.909,917.0,0.06733734762813923,0.06733779755837971
2007,KAZ.3.8_1,Khromtauskiy,12764,12776.9987,10130.0,0.7936383578815418,0.7928309515725712
2007,KAZ.3.9_1,Martukskiy,6479,6474.1115,1911.0,0.2949529248340793,0.2951756406542155
2007,KAZ.3.10_1,Mugalzharskiy,29413,29418.8846,138693.0,4.715363954713902,4.714420742041789
2007,KAZ.3.11_1,Shalkarskiy,61988,61995.1616,3443.0,0.05554300832419178,0.05553659208171629
2007,KAZ.3.12_1,Temirskiy,12513,12509.9697,13289.0,1.062015503875969,1.0622727582085798
2007,KAZ.3.13_1,Uilskiy,10813,10805.3021,335.0,0.030981226301673912,0.0310032979143595
2007,KAZ.4.1_1,Atyrau,3133,3136.9405,8788.0,2.804979253112033,2.801455725948293
2007,KAZ.4.2_1,Inderskiy,11379,11381.1544,1141.0,0.10027243167237894,0.10025345086659997
2007,KAZ.4.3_1,Isatayskiy,13984,13973.895,6038.0,0.431779176201373,0.4320914117528703
2007,KAZ.4.4_1,Kurmangazinskiy,20963,20971.928,1916.0,0.09139913180365405,0.0913602221190769
2007,KAZ.4.5_1,Kzylkoginskiy,23848,23831.6595,7874.0,0.33017443810801744,0.33040082694773965
2007,KAZ.4.6_1,Makatskiy,4648,4645.3358,2287.0,0.492039586919105,0.49232178212609307
2007,KAZ.4.7_1,Makhambetskiy,9233,9238.6483,6921.0,0.7495938481533629,0.7491355644888003
2007,KAZ.4.8_1,Zhylyoyskiy,30176,30180.7623,68825.0,2.2807860551431602,2.2804261652790405
2007,KAZ.5.1_1,Abayskiy,19546,19548.8915,1163.0,0.0595006650977182,0.05949186438272724
2007,KAZ.5.2_1,Ayagozskiy,46653,46624.2114,6432.0,0.13786894733457655,0.13795407581304783
2007,KAZ.5.3_1,Beskaragayskiy,9766,9771.5976,3458.0,0.3540856031128405,0.35388276670487023
2007,KAZ.5.4_1,Borodulikhinskiy,6225,6218.2645,5624.0,0.9034538152610442,0.9044324183682425
2007,KAZ.5.5_1,Glubokovskiy,7471,7460.8603,16818.0,2.2511042698433945,2.25416363834838
2007,KAZ.5.6_1,Katon-Karagayskiy,13115,13114.1525,1395.0,0.10636675562333206,0.10637362982319178
2007,KAZ.5.7_1,Kokpektinskiy,14505,14517.2114,2350.0,0.16201309893140298,0.16187681841986842
2007,KAZ.5.8_1,Kurchumskiy,23877,23872.8825,1557.0,0.0652091971353185,0.0652204440896016
2007,KAZ.5.9_1,Leninogorsk,3227,3235.8558,5703.0,1.7672761078400991,1.7624394740890115
2007,KAZ.5.10_1,Semipalatinskiy,31307,31325.8457,23531.0,0.7516210432171718,0.7511688665737652
2007,KAZ.5.11_1,Shemonaikhinskiy,4074,4071.623,9729.0,2.3880706921944035,2.389464851525982
2007,KAZ.5.12_1,Tarbagatayskiy,22626,22609.7774,2203.0,0.09736586228233006,0.09743572267504452
2007,KAZ.5.13_1,Ulanskiy,9852,9854.1714,17079.0,1.7335566382460414,1.7331746511872388
2007,KAZ.5.14_1,Urdzharskiy,25124,25114.9445,5194.0,0.20673459640184683,0.20680913735464954
2007,KAZ.5.15_1,Zaysanskiy,9565,9561.1695,1828.0,0.19111343439623626,0.19118999934682615
2007,KAZ.5.16_1,Zharminskiy,22270,22279.605,5404.0,0.24265828468792097,0.2425536714527764
2007,KAZ.5.17_1,Zyryanovsk,11445,11445.8901,11270.0,0.9847094801223242,0.9846329040386682
2007,KAZ.6.1_1,Aqtau,1352,1352.7086,14343.0,10.608727810650887,10.603170542084007
2007,KAZ.6.2_1,Beyneuskiy,39572,39560.655,11673.0,0.2949812999090266,0.2950658931584797
2007,KAZ.6.3_1,Karakiyanskiy,65617,65609.5753,19049.0,0.29030586585793317,0.29033871818816226
2007,KAZ.6.4_1,Manghystauskiy,49500,49519.3216,19286.0,0.38961616161616164,0.38946414016795255
2007,KAZ.6.5_1,Tupkaraganskiy,10066,10061.9108,39315.0,3.9057222332604806,3.9073095240775877
2007,KAZ.7.1_1,Akzharskiy,8055,8060.5054,1937.0,0.240471756672874,0.2403075136419721
2007,KAZ.7.2_1,Ayyrtauskiy,9630,9633.5514,4095.0,0.4252336448598131,0.4250768850212943
2007,KAZ.7.3_1,Bulaevskiy,7907,7908.5235,5362.0,0.6781332996079423,0.6780026656474948
2007,KAZ.7.4_1,Esil`skiy,4926,4923.8679,3452.0,0.7007714169711734,0.7010748594241313
2007,KAZ.7.5_1,Kyzylzharskiy,6308,6303.3423,22044.0,3.494610019023462,3.497192282430178
2007,KAZ.7.6_1,Mamlyutskiy,4138,4151.6206,3533.0,0.8537941034316094,0.8509929767135582
2007,KAZ.7.7_1,Shal Akyna,4758,4759.1509,1614.0,0.33921815889029006,0.3391361269515434
2007,KAZ.7.8_1,Sovetskiy,4636,4635.5038,4307.0,0.9290336496980155,0.9291330943421371
2007,KAZ.7.9_1,Taiynshinskiy,11127,11129.4809,8455.0,0.7598633953446572,0.7596940151607826
2007,KAZ.7.10_1,Timiryazevskiy,4768,4775.0033,2425.0,0.5085989932885906,0.5078530482981918
2007,KAZ.7.11_1,Tselinniy,12298,12291.1075,6222.0,0.5059359245405757,0.5062196405293734
2007,KAZ.7.12_1,Ualikhanovskiy,12586,12586.5573,1220.0,0.09693310027014143,0.09692880843802268
2007,KAZ.7.13_1,Zhambylskiy,7722,7713.3211,1692.0,0.2191142191142191,0.21936076334994214
2007,KAZ.8.1_1,Aksuskiy,8081,8080.2883,20928.0,2.589778492760797,2.590006590765697
2007,KAZ.8.2_1,Aktogayskiy,9409,9403.9423,2018.0,0.21447550217876502,0.2145908539675426
2007,KAZ.8.3_1,Bayanaul`skiy,18623,18613.3374,8075.0,0.4336036084411749,0.4338287017937581
2007,KAZ.8.4_1,Ekibastuz,19241,19236.1846,44815.0,2.329140897042773,2.329723955522425
2007,KAZ.8.5_1,Irtyshskiy,10103,10102.5432,4056.0,0.4014649114124517,0.40148306611027695
2007,KAZ.8.6_1,Kachirskiy,6831,6833.7305,3336.0,0.4883618796662275,0.4881667489458851
2007,KAZ.8.7_1,Lebyazhinskiy,8094,8100.0565,1694.0,0.2092908327155918,0.20913434246378834
2007,KAZ.8.8_1,Mayskiy,18058,18048.9733,2936.0,0.16258721896112527,0.16266853235937495
2007,KAZ.8.9_1,Pavlodarskiy,6527,6532.3778,35138.0,5.3834839895817375,5.379052026092069
2007,KAZ.8.10_1,Sherbaktinskiy,6979,6974.1198,4885.0,0.6999570138988394,0.7004468171731749
2007,KAZ.8.11_1,Uspenskiy,5590,5581.5676,3954.0,0.7073345259391771,0.7084031379359286
2007,KAZ.8.12_1,Zhelezinskiy,7598,7584.3494,1951.0,0.2567780994998684,0.257240259126459
2007,KAZ.9.1_1,Abayskiy,6708,6706.9089,19593.0,2.920840787119857,2.9213159792404753
2007,KAZ.9.2_1,Aktogayskiy,56475,56483.5207,10596.0,0.18762284196547144,0.18759453860203254
2007,KAZ.9.3_1,Bukhar-Zhyrauskiy,15297,15298.2434,73721.0,4.819310976008367,4.818919263532995
2007,KAZ.9.4_1,Karkaralinskiy,35215,35227.1629,3734.0,0.10603436035780207,0.10599774968763688
2007,KAZ.9.5_1,Nurinskiy,47011,47004.3867,4051.0,0.08617132160558168,0.08618344558760341
2007,KAZ.9.6_1,Osakarovskiy,11120,11123.7267,7275.0,0.654226618705036,0.6540074370832487
2007,KAZ.9.7_1,Shetskiy,66230,66248.7613,8780.0,0.1325683225124566,0.13253077988882808
2007,KAZ.9.8_1,Ulytauskiy,128675,128672.5201,65471.0,0.508809014960171,0.5088188210909325
2007,KAZ.9.9_1,Zhanaarkinskiy,63004,63031.6413,7998.0,0.12694432099549235,0.12688865198983762
2007,KAZ.10.1_1,Altynsarinskiy,5349,5356.2087,1950.0,0.3645541222658441,0.3640634817087694
2007,KAZ.10.2_1,Amangel`dinskiy,28028,28028.9463,309.0,0.011024689596118168,0.01102431738432262
2007,KAZ.10.3_1,Arkalyk,11294,11285.7064,5656.0,0.5007968833008677,0.5011649080273219
2007,KAZ.10.4_1,Auliekol`skiy,11042,11044.7742,6371.0,0.5769788081869227,0.5768338825073316
2007,KAZ.10.5_1,Denisovskiy,6504,6510.3182,4906.0,0.7543050430504306,0.7535730010466627
2007,KAZ.10.6_1,Dzhangil`dinskiy,38581,38583.4343,330.0,0.008553433036987117,0.008552893394323947
2007,KAZ.10.7_1,Fyodorovskiy,6781,6767.2202,7248.0,1.0688688983925674,1.0710453926741863
2007,KAZ.10.8_1,Kamystinskiy,12932,12927.5113,3573.0,0.2762913702443551,0.27638730340583184
2007,KAZ.10.9_1,Karabalykskiy,7266,7284.2803,8652.0,1.1907514450867052,1.1877631953643981
2007,KAZ.10.10_1,Karasuskiy,12827,12830.2125,3904.0,0.3043579948546036,0.30428178767218866
2007,KAZ.10.11_1,Mendykarinskiy,6803,6798.9183,2475.0,0.36381008378656476,0.36402849602431797
2007,KAZ.10.12_1,Naurzumskiy,16090,16095.4503,995.0,0.061839651957737725,0.0618187116158424
2007,KAZ.10.13_1,Qostanay,8151,8150.5045,36204.0,4.4416635995583365,4.441933598737029
2007,KAZ.10.14_1,Sarykol`skiy,6387,6385.6753,3633.0,0.5688116486613434,0.5689296435187275
2007,KAZ.10.15_1,Taranovskiy,7750,7745.2217,26391.0,3.4052903225806452,3.4073911475396796
2007,KAZ.10.16_1,Uzunkol`skiy,7723,7734.567,1861.0,0.2409685355431827,0.240608169113724
2007,KAZ.10.17_1,Zhitikarinskiy,7564,7543.3034,8031.0,1.0617398202009518,1.0646529215943812
2007,KAZ.11.1_1,Aral`skiy,55256,55264.9883,3288.0,0.05950485015201969,0.05949517231512985
2007,KAZ.11.2_1,Karmakchinskiy,31362,31363.2928,8298.0,0.26458771762004973,0.26457681087712426
2007,KAZ.11.3_1,Kazalinskiy,38288,38287.1923,2692.0,0.07030923526953614,0.07031071855567787
2007,KAZ.11.4_1,Qyzylorda,2322,2316.0783,6705.0,2.887596899224806,2.8949798285663597
2007,KAZ.11.5_1,Shieliyskiy,30904,30911.1087,2370.0,0.07668910173440331,0.07667146537600017
2007,KAZ.11.6_1,Terenozekskiy,30947,30952.9512,50190.0,1.621805021488351,1.6214932009240408
2007,KAZ.11.7_1,Zhalagashskiy,23287,23286.5285,15688.0,0.6736805943230129,0.6736942352540959
2007,KAZ.11.8_1,Zhanakorganskiy,16813,16811.4924,1603.0,0.09534288943079759,0.09535143948509274
2007,KAZ.12.1_1,Arysskiy,6341,6343.9785,3815.0,0.6016401198549125,0.6013576464633801
2007,KAZ.12.2_1,Baydibekskiy,6962,6962.3081,952.0,0.13674231542660156,0.1367362648783604
2007,KAZ.12.3_1,Chardarinskiy,12114,12109.0736,2516.0,0.20769357767871885,0.20777807513882024
2007,KAZ.12.4_1,Kazygurtskiy,3943,3948.8778,2396.0,0.6076591427846817,0.6067546522569968
2007,KAZ.12.5_1,Maktaaral`skiy,2113,2121.6773,11263.0,5.330336015144344,5.308535754421342
2007,KAZ.12.6_1,Ordabasynskiy,2723,2712.62,5672.0,2.0829966948218877,2.09096743850362
2007,KAZ.12.7_1,Otrarskiy,18582,18584.8986,1328.0,0.0714670110859972,0.07145586453680462
2007,KAZ.12.8_1,Saryagashskiy,7438,7439.5216,17353.0,2.333019628932509,2.332542472296779
2007,KAZ.12.9_1,Sayramskiy,1701,1704.567,16740.0,9.841269841269842,9.820675900481978
2007,KAZ.12.10_1,Shymkent,334,332.2048,11756.0,35.19760479041916,35.38780802074248
2007,KAZ.12.11_1,Suzakskiy,40794,40796.9964,4103.0,0.10057851644849733,0.10057112934390468
2007,KAZ.12.12_1,Tolebiyskiy,2918,2917.8616,5506.0,1.8869088416723783,1.8869983405626944
2007,KAZ.12.13_1,Turkestan,7753,7749.8781,9166.0,1.1822520314716884,1.182728285844811
2007,KAZ.12.14_1,Tyul`kubaskiy,2149,2153.7102,5349.0,2.4890646812470916,2.4836210588822927
2007,KAZ.13.1_1,Akzhaikskiy,26028,26032.0325,996.0,0.03826648224988474,0.03826055457187514
2007,KAZ.13.2_1,Burlinskiy,5354,5358.1927,25688.0,4.797908106088905,4.794153805260733
2007,KAZ.13.3_1,Chingirlauskiy,7361,7357.6497,1879.0,0.2552642304034778,0.25538046359509997
2007,KAZ.13.4_1,Dzhangalinskiy,21494,21491.9701,541.0,0.025169814832046153,0.025172192071509232
2007,KAZ.13.5_1,Dzhanybekskiy,8009,8003.5822,461.0,0.05756024472468473,0.057599208512293054
2007,KAZ.13.6_1,Karatobinskiy,9925,9939.6014,443.0,0.04463476070528967,0.044569191521777164
2007,KAZ.13.7_1,Kaztalovskiy,19736,19743.3866,962.0,0.048743413052290234,0.04872517673326933
2007,KAZ.13.8_1,Syrymskiy,12624,12614.5173,707.0,0.05600443599493029,0.05604653622842407
2007,KAZ.13.9_1,Taskalinskiy,8222,8219.7343,686.0,0.08343468742398444,0.08345768564435796
2007,KAZ.13.10_1,Terektinskiy,8682,8680.1014,3568.0,0.4109652153881594,0.4110551041722493
2007,KAZ.13.11_1,Urdinskiy,19364,19368.9902,379.0,0.01957240239619913,0.019567359812870198
2007,KAZ.13.12_1,Zelenovskiy,8122,8118.9478,22040.0,2.7136173356316178,2.7146374767261596
2007,KAZ.14.1_1,Bayzakskiy,4789,4785.8197,10960.0,2.288577991229902,2.2900987949062275
2007,KAZ.14.2_1,Kordayskiy,8629,8625.2652,7337.0,0.8502723374666821,0.8506405159398673
2007,KAZ.14.3_1,Lugovskoy,8992,8994.9512,3454.0,0.38411921708185054,0.38399318991089093
2007,KAZ.14.4_1,Merkenskiy,6255,6245.7744,3996.0,0.6388489208633094,0.6397925645907411
2007,KAZ.14.5_1,Moyynkumskiy,49602,49586.5382,2827.0,0.056993669610096366,0.05701144107314414
2007,KAZ.14.6_1,Sarysuskiy,30981,30958.0923,3343.0,0.10790484490494173,0.10798469010949768
2007,KAZ.14.7_1,Shuskiy,11620,11617.7944,6753.0,0.5811531841652323,0.5812635140186342
2007,KAZ.14.8_1,Talasskiy,11742,11739.8088,2224.0,0.1894055527167433,0.18944090518117582
2007,KAZ.14.9_1,Zhamb.,950,949.293,0.0,0.0,0.0
2007,KAZ.14.10_1,Zhambylskiy,2909,2908.9839,12263.0,4.215537985562049,4.215561244660368
2007,KAZ.14.11_1,Zhualy,690,690.1558,0.0,0.0,0.0
2007,KAZ.14.12_1,Zhualynskiy,3181,3177.7961,2502.0,0.7865451116001257,0.7873381220448794
2008,KAZ.1.1_1,Aksuskiy,13392,13387.4372,1297.0,0.09684886499402628,0.09688187390218249
2008,KAZ.1.2_1,Alakolskiy,36371,36368.3054,5033.0,0.13837947815567347,0.13838973114427347
2008,KAZ.1.3_1,Almaty (Alma-Ata),282,282.7159,15795.0,56.01063829787234,55.86880151070027
2008,KAZ.1.4_1,Balkhashskiy,38307,38315.691,1543.0,0.040279844414858906,0.040270707857047394
2008,KAZ.1.5_1,Enbekshikazakhskiy,9627,9630.8366,10220.0,1.0615975901111456,1.0611746893572709
2008,KAZ.1.6_1,Iliyskiy,8381,8378.8611,17884.0,2.133874239350913,2.134418958434798
2008,KAZ.1.7_1,Karasayskiy,2205,2204.1313,17870.0,8.104308390022675,8.107502571204764
2008,KAZ.1.8_1,Karatal`skiy,23995,23985.4486,3012.0,0.12552615128151698,0.12557613794098638
2008,KAZ.1.9_1,Kerbulakskiy,11144,11157.1654,1990.0,0.17857142857142858,0.17836071570721132
2008,KAZ.1.10_1,Koksuskiy,6956,6947.0051,1918.0,0.2757331799884991,0.2760901955388062
2008,KAZ.1.11_1,Panfilovskiy,10411,10410.9861,4009.0,0.38507347997310537,0.38507399237418743
2008,KAZ.1.12_1,Raiymbekskiy,13935,13917.9794,782.0,0.056117689271618226,0.05618631673697806
2008,KAZ.1.13_1,Sarkandskiy,10192,10198.9963,1586.0,0.1556122448979592,0.1555054980348618
2008,KAZ.1.14_1,Taldyqorghan,4387,4397.3056,12474.0,2.8434009573740595,2.8367371189129065
2008,KAZ.1.15_1,Talgarskiy,6069,6058.0912,14543.0,2.3962761575218323,2.4005911107237137
2008,KAZ.1.16_1,Uygurskiy,8457,8462.7736,1084.0,0.12817784084190612,0.1280903936568509
2008,KAZ.1.17_1,Zhambylskiy,18472,18473.3386,7202.0,0.38988739714161974,0.3898591463307161
2008,KAZ.2.1_1,Akkol`skiy,10514,10522.4756,10251.0,0.9749857333079703,0.9742004026823218
2008,KAZ.2.2_1,Arshalynskiy,6017,6024.4332,6441.0,1.0704670101379425,1.0691462265691296
2008,KAZ.2.3_1,Astrakhansiy,7222,7218.1971,2883.0,0.39919689836610356,0.3994072133113426
2008,KAZ.2.4_1,Atbasarskiy,10873,10869.0932,4855.0,0.44651890002759126,0.44667939919524385
2008,KAZ.2.5_1,Bulandynskiy,5187,5190.895,1885.0,0.3634085213032581,0.3631358349694491
2008,KAZ.2.6_1,Egindykol`skiy,5259,5276.6597,1036.0,0.19699562654497052,0.19633633048612847
2008,KAZ.2.7_1,Enbekshil`derskiy,10606,10606.0361,2841.0,0.2678672449556855,0.26786633344181887
2008,KAZ.2.8_1,Ereymengauskiy,17508,17501.7015,4210.0,0.2404615033127713,0.24054804069688243
2008,KAZ.2.9_1,Esil`skiy,8678,8679.3199,3744.0,0.4314358147038488,0.43137020261603487
2008,KAZ.2.10_1,Korgalzhynskiy,9193,9172.9782,741.0,0.08060480800609159,0.08078074344456458
2008,KAZ.2.11_1,Sandyktauskiy,6307,6302.6735,2181.0,0.3458062470271127,0.3460436278196145
2008,KAZ.2.12_1,Shortandinskiy,4586,4588.3371,4960.0,1.0815525512429132,1.081001646140865
2008,KAZ.2.13_1,Shuchinskiy,5898,5909.4278,10274.0,1.7419464225161072,1.7385777888783494
2008,KAZ.2.14_1,Tselinogradskiy,8277,8278.398,44815.0,5.414401353147276,5.413487034761067
2008,KAZ.2.15_1,Zerendinskiy,8418,8408.3167,16697.0,1.983487764314564,1.985772024545836
2008,KAZ.2.16_1,Zhaksynskiy,10057,10056.5071,2760.0,0.2744357164164264,0.2744491668060457
2008,KAZ.2.17_1,Zharkainskiy,12416,12426.2702,1872.0,0.15077319587628865,0.15064858356513455
2008,KAZ.3.1_1,Alginskiy,7474,7465.03,2949.0,0.3945678351618946,0.39504194743500237
2008,KAZ.3.2_1,Aqtobe,2396,2398.9899,18793.0,7.843489148580968,7.833713729417205
2008,KAZ.3.3_1,Aytekebiyskiy,36132,36128.4233,1250.0,0.034595372522971325,0.0345987974320012
2008,KAZ.3.4_1,Bayganinskiy,61863,61859.4222,20055.0,0.32418408418602396,0.32420283409927236
2008,KAZ.3.5_1,Irgizskiy,41431,41435.2616,350.0,0.008447780647341363,0.008446911791696444
2008,KAZ.3.6_1,Kargalinskiy,4844,4833.9448,4175.0,0.8618909991742362,0.8636838349307014
2008,KAZ.3.7_1,Khobdinskiy,13618,13617.909,730.0,0.05360552210309884,0.05360588028093477
2008,KAZ.3.8_1,Khromtauskiy,12764,12776.9987,10012.0,0.784393607019743,0.783595605838557
2008,KAZ.3.9_1,Martukskiy,6479,6474.1115,1891.0,0.291866028708134,0.29208641364579874
2008,KAZ.3.10_1,Mugalzharskiy,29413,29418.8846,132571.0,4.507224696562744,4.5063231179167085
2008,KAZ.3.11_1,Shalkarskiy,61988,61995.1616,3122.0,0.050364586694198875,0.050358768654986424
2008,KAZ.3.12_1,Temirskiy,12513,12509.9697,10823.0,0.8649404619196036,0.8651499783348227
2008,KAZ.3.13_1,Uilskiy,10813,10805.3021,198.0,0.018311291963377416,0.018324337274755763
2008,KAZ.4.1_1,Atyrau,3133,3136.9405,9697.0,3.095116501755506,3.091228513259057
2008,KAZ.4.2_1,Inderskiy,11379,11381.1544,1173.0,0.10308462958080675,0.10306511644743362
2008,KAZ.4.3_1,Isatayskiy,13984,13973.895,4848.0,0.34668192219679633,0.34693262076480874
2008,KAZ.4.4_1,Kurmangazinskiy,20963,20971.928,2452.0,0.11696799122263035,0.1169181965741005
2008,KAZ.4.5_1,Kzylkoginskiy,23848,23831.6595,5606.0,0.23507212344850723,0.23523330402197468
2008,KAZ.4.6_1,Makatskiy,4648,4645.3358,2657.0,0.5716437177280551,0.5719715676034234
2008,KAZ.4.7_1,Makhambetskiy,9233,9238.6483,7161.0,0.775587566338135,0.7751133907389537
2008,KAZ.4.8_1,Zhylyoyskiy,30176,30180.7623,63964.0,2.1196977730646873,2.1193633016477813
2008,KAZ.5.1_1,Abayskiy,19546,19548.8915,1220.0,0.0624168627852246,0.062407630736824794
2008,KAZ.5.2_1,Ayagozskiy,46653,46624.2114,6238.0,0.13371058667181104,0.1337931475313732
2008,KAZ.5.3_1,Beskaragayskiy,9766,9771.5976,3249.0,0.3326848249027237,0.3324942478380924
2008,KAZ.5.4_1,Borodulikhinskiy,6225,6218.2645,5627.0,0.9039357429718875,0.9049148680935456
2008,KAZ.5.5_1,Glubokovskiy,7471,7460.8603,17122.0,2.291794940436354,2.2949096096920543
2008,KAZ.5.6_1,Katon-Karagayskiy,13115,13114.1525,1438.0,0.10964544414792222,0.10965253024068083
2008,KAZ.5.7_1,Kokpektinskiy,14505,14517.2114,2057.0,0.14181316787314718,0.14169387893177418
2008,KAZ.5.8_1,Kurchumskiy,23877,23872.8825,1822.0,0.076307743853918,0.0763209050297072
2008,KAZ.5.9_1,Leninogorsk,3227,3235.8558,5774.0,1.7892779671521537,1.7843811193038668
2008,KAZ.5.10_1,Semipalatinskiy,31307,31325.8457,23811.0,0.7605647299326029,0.7601071727503261
2008,KAZ.5.11_1,Shemonaikhinskiy,4074,4071.623,9729.0,2.3880706921944035,2.389464851525982
2008,KAZ.5.12_1,Tarbagatayskiy,22626,22609.7774,2238.0,0.09891275523733757,0.09898372553188817
2008,KAZ.5.13_1,Ulanskiy,9852,9854.1714,17740.0,1.8006496142915145,1.8002528433785125
2008,KAZ.5.14_1,Urdzharskiy,25124,25114.9445,4722.0,0.18794777901608023,0.18801554612796592
2008,KAZ.5.15_1,Zaysanskiy,9565,9561.1695,1942.0,0.2030318870883429,0.2031132268772081
2008,KAZ.5.16_1,Zharminskiy,22270,22279.605,5498.0,0.24687920969914684,0.2467727767667218
2008,KAZ.5.17_1,Zyryanovsk,11445,11445.8901,11071.0,0.9673219746614242,0.9672467507197956
2008,KAZ.6.1_1,Aqtau,1352,1352.7086,13773.0,10.187130177514794,10.181793758357598
2008,KAZ.6.2_1,Beyneuskiy,39572,39560.655,10880.0,0.27494187809562315,0.27502072454075727
2008,KAZ.6.3_1,Karakiyanskiy,65617,65609.5753,19245.0,0.2932928966578783,0.2933260870140786
2008,KAZ.6.4_1,Manghystauskiy,49500,49519.3216,14689.0,0.29674747474747476,0.2966316890452689
2008,KAZ.6.5_1,Tupkaraganskiy,10066,10061.9108,37210.0,3.6966024240015893,3.6981047282443607
2008,KAZ.7.1_1,Akzharskiy,8055,8060.5054,1972.0,0.24481688392302917,0.24464967315537892
2008,KAZ.7.2_1,Ayyrtauskiy,9630,9633.5514,3716.0,0.38587746625129804,0.3857352148325103
2008,KAZ.7.3_1,Bulaevskiy,7907,7908.5235,5271.0,0.666624509927912,0.6664960929929028
2008,KAZ.7.4_1,Esil`skiy,4926,4923.8679,3413.0,0.6928542427933414,0.6931542570146466
2008,KAZ.7.5_1,Kyzylzharskiy,6308,6303.3423,22317.0,3.5378883956880154,3.540502638676932
2008,KAZ.7.6_1,Mamlyutskiy,4138,4151.6206,3436.0,0.8303528274528758,0.8276286068462457
2008,KAZ.7.7_1,Shal Akyna,4758,4759.1509,1552.0,0.32618747372845736,0.32610859295464395
2008,KAZ.7.8_1,Sovetskiy,4636,4635.5038,4388.0,0.9465056082830026,0.9466069231421633
2008,KAZ.7.9_1,Taiynshinskiy,11127,11129.4809,8555.0,0.7688505437224769,0.7686791602247777
2008,KAZ.7.10_1,Timiryazevskiy,4768,4775.0033,2337.0,0.4901426174496644,0.4894237418032471
2008,KAZ.7.11_1,Tselinniy,12298,12291.1075,5918.0,0.481216457960644,0.4814863119017731
2008,KAZ.7.12_1,Ualikhanovskiy,12586,12586.5573,1225.0,0.09733036707452725,0.0973260576529326
2008,KAZ.7.13_1,Zhambylskiy,7722,7713.3211,1653.0,0.21406371406371405,0.2143045755422307
2008,KAZ.8.1_1,Aksuskiy,8081,8080.2883,20702.0,2.561811656973147,2.562037291763736
2008,KAZ.8.2_1,Aktogayskiy,9409,9403.9423,2464.0,0.26187692634711446,0.2620177721387636
2008,KAZ.8.3_1,Bayanaul`skiy,18623,18613.3374,8222.0,0.4414970735112495,0.44172626453848657
2008,KAZ.8.4_1,Ekibastuz,19241,19236.1846,44117.0,2.292864196247596,2.2934381735084868
2008,KAZ.8.5_1,Irtyshskiy,10103,10102.5432,3946.0,0.39057705631990497,0.3905947186565959
2008,KAZ.8.6_1,Kachirskiy,6831,6833.7305,3193.0,0.4674279022105109,0.46724113590653804
2008,KAZ.8.7_1,Lebyazhinskiy,8094,8100.0565,1642.0,0.20286632073140598,0.2027146341945339
2008,KAZ.8.8_1,Mayskiy,18058,18048.9733,2865.0,0.1586554435707166,0.15873479060272794
2008,KAZ.8.9_1,Pavlodarskiy,6527,6532.3778,35400.0,5.423624942546346,5.419159932940384
2008,KAZ.8.10_1,Sherbaktinskiy,6979,6974.1198,4846.0,0.6943688207479581,0.6948547136174422
2008,KAZ.8.11_1,Uspenskiy,5590,5581.5676,3721.0,0.6656529516994634,0.6666585928830527
2008,KAZ.8.12_1,Zhelezinskiy,7598,7584.3494,1838.0,0.24190576467491445,0.24234115647074916
2008,KAZ.9.1_1,Abayskiy,6708,6706.9089,19465.0,2.9017590936195585,2.9022311813359796
2008,KAZ.9.2_1,Aktogayskiy,56475,56483.5207,10911.0,0.19320053120849934,0.19317138643703066
2008,KAZ.9.3_1,Bukhar-Zhyrauskiy,15297,15298.2434,74146.0,4.847094201477414,4.846700230787936
2008,KAZ.9.4_1,Karkaralinskiy,35215,35227.1629,3742.0,0.10626153627715462,0.10622484716956004
2008,KAZ.9.5_1,Nurinskiy,47011,47004.3867,3880.0,0.0825338750505201,0.0825454872574429
2008,KAZ.9.6_1,Osakarovskiy,11120,11123.7267,7155.0,0.6434352517985612,0.6432196855437312
2008,KAZ.9.7_1,Shetskiy,66230,66248.7613,8540.0,0.1289445870451457,0.1289080706435754
2008,KAZ.9.8_1,Ulytauskiy,128675,128672.5201,68276.0,0.5306081212356712,0.5306183474943793
2008,KAZ.9.9_1,Zhanaarkinskiy,63004,63031.6413,7920.0,0.12570630436162783,0.12565117826450536
2008,KAZ.10.1_1,Altynsarinskiy,5349,5356.2087,1848.0,0.34548513740886144,0.3450201611270799
2008,KAZ.10.2_1,Amangel`dinskiy,28028,28028.9463,314.0,0.01120308263165406,0.011202704397013924
2008,KAZ.10.3_1,Arkalyk,11294,11285.7064,5555.0,0.4918540818133522,0.4922155346696912
2008,KAZ.10.4_1,Auliekol`skiy,11042,11044.7742,5900.0,0.5343234921209926,0.5341892806142295
2008,KAZ.10.5_1,Denisovskiy,6504,6510.3182,4097.0,0.629920049200492,0.6293087210126737
2008,KAZ.10.6_1,Dzhangil`dinskiy,38581,38583.4343,313.0,0.008112801638112024,0.00811228979522241
2008,KAZ.10.7_1,Fyodorovskiy,6781,6767.2202,7007.0,1.0333284176375166,1.0354325422831159
2008,KAZ.10.8_1,Kamystinskiy,12932,12927.5113,3512.0,0.2715743891122796,0.2716686844559982
2008,KAZ.10.9_1,Karabalykskiy,7266,7284.2803,8494.0,1.1690063308560419,1.1660726515748032
2008,KAZ.10.10_1,Karasuskiy,12827,12830.2125,3604.0,0.2809698292663912,0.28089947816869054
2008,KAZ.10.11_1,Mendykarinskiy,6803,6798.9183,2400.0,0.3527855357930325,0.3529973294781265
2008,KAZ.10.12_1,Naurzumskiy,16090,16095.4503,922.0,0.05730267246737104,0.057283268452067035
2008,KAZ.10.13_1,Qostanay,8151,8150.5045,35733.0,4.383879278616121,4.384145765210205
2008,KAZ.10.14_1,Sarykol`skiy,6387,6385.6753,3685.0,0.5769531861593863,0.577072869905453
2008,KAZ.10.15_1,Taranovskiy,7750,7745.2217,25164.0,3.246967741935484,3.2489708929820202
2008,KAZ.10.16_1,Uzunkol`skiy,7723,7734.567,1939.0,0.2510682377314515,0.2506927672818436
2008,KAZ.10.17_1,Zhitikarinskiy,7564,7543.3034,8657.0,1.1445002644103648,1.1476404360904693
2008,KAZ.11.1_1,Aral`skiy,55256,55264.9883,2342.0,0.042384537425799916,0.04237764402738264
2008,KAZ.11.2_1,Karmakchinskiy,31362,31363.2928,7800.0,0.2487086282762579,0.2486983760956338
2008,KAZ.11.3_1,Kazalinskiy,38288,38287.1923,2241.0,0.05853008775595487,0.05853132254207805
2008,KAZ.11.4_1,Qyzylorda,2322,2316.0783,6759.0,2.9108527131782944,2.9182951023534716
2008,KAZ.11.5_1,Shieliyskiy,30904,30911.1087,2136.0,0.06911726637328501,0.06910137132621787
2008,KAZ.11.6_1,Terenozekskiy,30947,30952.9512,52861.0,1.7081138721039195,1.707785457143768
2008,KAZ.11.7_1,Zhalagashskiy,23287,23286.5285,22464.0,0.9646583930948598,0.964677925850842
2008,KAZ.11.8_1,Zhanakorganskiy,16813,16811.4924,1415.0,0.08416106584190805,0.08416861314498204
2008,KAZ.12.1_1,Arysskiy,6341,6343.9785,3017.0,0.4757924617568207,0.47556907454259967
2008,KAZ.12.2_1,Baydibekskiy,6962,6962.3081,519.0,0.07454754380925022,0.07454424524355993
2008,KAZ.12.3_1,Chardarinskiy,12114,12109.0736,1980.0,0.16344725111441308,0.16351374752578063
2008,KAZ.12.4_1,Kazygurtskiy,3943,3948.8778,1359.0,0.34466142531067717,0.34414840251137674
2008,KAZ.12.5_1,Maktaaral`skiy,2113,2121.6773,9706.0,4.593469001419782,4.574682414313553
2008,KAZ.12.6_1,Ordabasynskiy,2723,2712.62,4043.0,1.4847594564818216,1.4904410003297135
2008,KAZ.12.7_1,Otrarskiy,18582,18584.8986,898.0,0.048326337315681846,0.048318799965399506
2008,KAZ.12.8_1,Saryagashskiy,7438,7439.5216,14277.0,1.9194675988168863,1.9190750231649347
2008,KAZ.12.9_1,Sayramskiy,1701,1704.567,15345.0,9.02116402116402,9.00228624210848
2008,KAZ.12.10_1,Shymkent,334,332.2048,11747.0,35.17065868263473,35.36071629973307
2008,KAZ.12.11_1,Suzakskiy,40794,40796.9964,4516.0,0.11070255429720056,0.11069442362102694
2008,KAZ.12.12_1,Tolebiyskiy,2918,2917.8616,4742.0,1.6250856751199452,1.6251627553484012
2008,KAZ.12.13_1,Turkestan,7753,7749.8781,8605.0,1.1098929446665806,1.110340050152149
2008,KAZ.12.14_1,Tyul`kubaskiy,2149,2153.7102,4545.0,2.1149371800837597,2.1103117802617346
2008,KAZ.13.1_1,Akzhaikskiy,26028,26032.0325,1097.0,0.0421469187029353,0.04214038992504722
2008,KAZ.13.2_1,Burlinskiy,5354,5358.1927,25662.0,4.793051923795293,4.789301422866744
2008,KAZ.13.3_1,Chingirlauskiy,7361,7357.6497,2148.0,0.2918081782366526,0.2919410515179749
2008,KAZ.13.4_1,Dzhangalinskiy,21494,21491.9701,678.0,0.0315436866102168,0.03154666584932211
2008,KAZ.13.5_1,Dzhanybekskiy,8009,8003.5822,628.0,0.0784117867399176,0.07846486539201744
2008,KAZ.13.6_1,Karatobinskiy,9925,9939.6014,410.0,0.04130982367758186,0.041249138880200084
2008,KAZ.13.7_1,Kaztalovskiy,19736,19743.3866,1062.0,0.053810295905958656,0.05379016391967986
2008,KAZ.13.8_1,Syrymskiy,12624,12614.5173,701.0,0.05552915082382763,0.05557089377103999
2008,KAZ.13.9_1,Taskalinskiy,8222,8219.7343,606.0,0.07370469472147896,0.07372501093364567
2008,KAZ.13.10_1,Terektinskiy,8682,8680.1014,3610.0,0.4158028104123474,0.4158937573043217
2008,KAZ.13.11_1,Urdinskiy,19364,19368.9902,502.0,0.02592439578599463,0.0259177166914534
2008,KAZ.13.12_1,Zelenovskiy,8122,8118.9478,22415.0,2.7597882295001233,2.760825727804758
2008,KAZ.14.1_1,Bayzakskiy,4789,4785.8197,10573.0,2.2077678012111086,2.2092349049766007
2008,KAZ.14.2_1,Kordayskiy,8629,8625.2652,6302.0,0.7303279638428555,0.7306442049138673
2008,KAZ.14.3_1,Lugovskoy,8992,8994.9512,2997.0,0.33329626334519574,0.3331869108751998
2008,KAZ.14.4_1,Merkenskiy,6255,6245.7744,3627.0,0.5798561151079137,0.5807126205632177
2008,KAZ.14.5_1,Moyynkumskiy,49602,49586.5382,2820.0,0.05685254626829563,0.05687027372701326
2008,KAZ.14.6_1,Sarysuskiy,30981,30958.0923,3044.0,0.09825376843872051,0.09832647223850163
2008,KAZ.14.7_1,Shuskiy,11620,11617.7944,6403.0,0.5510327022375215,0.5511373138251614
2008,KAZ.14.8_1,Talasskiy,11742,11739.8088,2044.0,0.17407596661556804,0.17410845781939
2008,KAZ.14.9_1,Zhamb.,950,949.293,0.0,0.0,0.0
2008,KAZ.14.10_1,Zhambylskiy,2909,2908.9839,12039.0,4.1385355792368514,4.138558413476814
2008,KAZ.14.11_1,Zhualy,690,690.1558,0.0,0.0,0.0
2008,KAZ.14.12_1,Zhualynskiy,3181,3177.7961,2313.0,0.7271298333857278,0.7278629401637914
2009,KAZ.1.1_1,Aksuskiy,13392,13387.4372,1451.0,0.10834826762246116,0.1083851958612697
2009,KAZ.1.2_1,Alakolskiy,36371,36368.3054,5716.0,0.15715817546946742,0.15716981983323408
2009,KAZ.1.3_1,Almaty (Alma-Ata),282,282.7159,15966.0,56.61702127659574,56.47364893446284
2009,KAZ.1.4_1,Balkhashskiy,38307,38315.691,1807.0,0.047171535228548306,0.047160835448920704
2009,KAZ.1.5_1,Enbekshikazakhskiy,9627,9630.8366,10627.0,1.103874519580347,1.1034347772798159
2009,KAZ.1.6_1,Iliyskiy,8381,8378.8611,18223.0,2.1743228731654933,2.1748779176670388
2009,KAZ.1.7_1,Karasayskiy,2205,2204.1313,18306.0,8.30204081632653,8.30531293052459
2009,KAZ.1.8_1,Karatal`skiy,23995,23985.4486,3094.0,0.12894352990206293,0.12899487742012347
2009,KAZ.1.9_1,Kerbulakskiy,11144,11157.1654,2173.0,0.19499282124910267,0.19476273127224633
2009,KAZ.1.10_1,Koksuskiy,6956,6947.0051,2215.0,0.3184301322599195,0.3188424312400708
2009,KAZ.1.11_1,Panfilovskiy,10411,10410.9861,4208.0,0.4041878782057439,0.4041884160415517
2009,KAZ.1.12_1,Raiymbekskiy,13935,13917.9794,1047.0,0.0751345532831001,0.07522643685884403
2009,KAZ.1.13_1,Sarkandskiy,10192,10198.9963,1914.0,0.18779434850863422,0.18766552537120143
2009,KAZ.1.14_1,Taldyqorghan,4387,4397.3056,12902.0,2.9409619329838157,2.934069449111297
2009,KAZ.1.15_1,Talgarskiy,6069,6058.0912,14995.0,2.470753007085187,2.4752020700888457
2009,KAZ.1.16_1,Uygurskiy,8457,8462.7736,1154.0,0.13645500768594065,0.13636191354244093
2009,KAZ.1.17_1,Zhambylskiy,18472,18473.3386,7667.0,0.4150606323083586,0.415030557472591
2009,KAZ.2.1_1,Akkol`skiy,10514,10522.4756,11393.0,1.083602815293894,1.0827299958793963
2009,KAZ.2.2_1,Arshalynskiy,6017,6024.4332,7166.0,1.1909589496426791,1.1894894984620996
2009,KAZ.2.3_1,Astrakhansiy,7222,7218.1971,3490.0,0.48324563832733314,0.48350023394262426
2009,KAZ.2.4_1,Atbasarskiy,10873,10869.0932,5153.0,0.47392623930837857,0.4740965899182475
2009,KAZ.2.5_1,Bulandynskiy,5187,5190.895,2452.0,0.4727202621939464,0.4723655529682171
2009,KAZ.2.6_1,Egindykol`skiy,5259,5276.6597,1136.0,0.21601064841224568,0.2152877137376853
2009,KAZ.2.7_1,Enbekshil`derskiy,10606,10606.0361,3837.0,0.3617763530077315,0.36177512193462125
2009,KAZ.2.8_1,Ereymengauskiy,17508,17501.7015,4587.0,0.2619945167923235,0.26208880348612823
2009,KAZ.2.9_1,Esil`skiy,8678,8679.3199,3959.0,0.45621110855035724,0.4561417286743809
2009,KAZ.2.10_1,Korgalzhynskiy,9193,9172.9782,845.0,0.09191776351571848,0.09211839164731049
2009,KAZ.2.11_1,Sandyktauskiy,6307,6302.6735,2171.0,0.34422070715078484,0.34445699953983633
2009,KAZ.2.12_1,Shortandinskiy,4586,4588.3371,5769.0,1.2579590056694288,1.2573182452795664
2009,KAZ.2.13_1,Shuchinskiy,5898,5909.4278,12844.0,2.177687351644625,2.1734760677782283
2009,KAZ.2.14_1,Tselinogradskiy,8277,8278.398,51529.0,6.2255648181708345,6.224513520343702
2009,KAZ.2.15_1,Zerendinskiy,8418,8408.3167,18779.0,2.230814920408648,2.233384012034872
2009,KAZ.2.16_1,Zhaksynskiy,10057,10056.5071,2935.0,0.29183653176891716,0.29185083499121167
2009,KAZ.2.17_1,Zharkainskiy,12416,12426.2702,1999.0,0.16100193298969073,0.16086886674503417
2009,KAZ.3.1_1,Alginskiy,7474,7465.03,2684.0,0.3591115868343591,0.35954309491880176
2009,KAZ.3.2_1,Aqtobe,2396,2398.9899,20265.0,8.457846410684475,8.44730531190548
2009,KAZ.3.3_1,Aytekebiyskiy,36132,36128.4233,1269.0,0.03512122218532049,0.03512469915296762
2009,KAZ.3.4_1,Bayganinskiy,61863,61859.4222,19564.0,0.3162471913744888,0.31626548223974893
2009,KAZ.3.5_1,Irgizskiy,41431,41435.2616,348.0,0.00839950761507084,0.008398643724315322
2009,KAZ.3.6_1,Kargalinskiy,4844,4833.9448,3964.0,0.8183319570602807,0.8200341848300121
2009,KAZ.3.7_1,Khobdinskiy,13618,13617.909,743.0,0.054560140989866356,0.054560505546211696
2009,KAZ.3.8_1,Khromtauskiy,12764,12776.9987,10756.0,0.8426825446568473,0.8418252433479344
2009,KAZ.3.9_1,Martukskiy,6479,6474.1115,1839.0,0.283840098780676,0.28405442342391535
2009,KAZ.3.10_1,Mugalzharskiy,29413,29418.8846,128832.0,4.380104035630503,4.379227884887686
2009,KAZ.3.11_1,Shalkarskiy,61988,61995.1616,3165.0,0.05105826934245338,0.051052371170093536
2009,KAZ.3.12_1,Temirskiy,12513,12509.9697,10463.0,0.836170382801886,0.8363729301780698
2009,KAZ.3.13_1,Uilskiy,10813,10805.3021,206.0,0.019051142143715897,0.01906471453838226
2009,KAZ.4.1_1,Atyrau,3133,3136.9405,10075.0,3.215767634854772,3.211728088180365
2009,KAZ.4.2_1,Inderskiy,11379,11381.1544,1369.0,0.12030934176992705,0.12028656813003975
2009,KAZ.4.3_1,Isatayskiy,13984,13973.895,3459.0,0.247354118993135,0.24753298993924783
2009,KAZ.4.4_1,Kurmangazinskiy,20963,20971.928,2628.0,0.1253637361064733,0.12531036729067543
2009,KAZ.4.5_1,Kzylkoginskiy,23848,23831.6595,5377.0,0.22546964106004697,0.22562423755372063
2009,KAZ.4.6_1,Makatskiy,4648,4645.3358,2967.0,0.6383390705679862,0.6387051716519975
2009,KAZ.4.7_1,Makhambetskiy,9233,9238.6483,7376.0,0.7988736055453265,0.7983851934213828
2009,KAZ.4.8_1,Zhylyoyskiy,30176,30180.7623,62476.0,2.0703870625662777,2.070060371986536
2009,KAZ.5.1_1,Abayskiy,19546,19548.8915,1489.0,0.07617926941573723,0.0761680017763378
2009,KAZ.5.2_1,Ayagozskiy,46653,46624.2114,6704.0,0.14369922620195916,0.1437879546409628
2009,KAZ.5.3_1,Beskaragayskiy,9766,9771.5976,3655.0,0.37425762850706534,0.3740432366414982
2009,KAZ.5.4_1,Borodulikhinskiy,6225,6218.2645,6026.0,0.9680321285140562,0.9690806815588602
2009,KAZ.5.5_1,Glubokovskiy,7471,7460.8603,17895.0,2.395261678490162,2.3985169644573827
2009,KAZ.5.6_1,Katon-Karagayskiy,13115,13114.1525,1687.0,0.12863133816240946,0.12863965126288496
2009,KAZ.5.7_1,Kokpektinskiy,14505,14517.2114,2115.0,0.14581178903826267,0.14568913657788157
2009,KAZ.5.8_1,Kurchumskiy,23877,23872.8825,2132.0,0.08929094944926079,0.08930634990303829
2009,KAZ.5.9_1,Leninogorsk,3227,3235.8558,6333.0,1.9625038735667804,1.9571329457137838
2009,KAZ.5.10_1,Semipalatinskiy,31307,31325.8457,27239.0,0.8700610087200945,0.8695375783690787
2009,KAZ.5.11_1,Shemonaikhinskiy,4074,4071.623,10460.0,2.567501227295042,2.5690001384481214
2009,KAZ.5.12_1,Tarbagatayskiy,22626,22609.7774,2645.0,0.11690091045699638,0.11698478732432717
2009,KAZ.5.13_1,Ulanskiy,9852,9854.1714,19750.0,2.0046691027202597,2.004227376365593
2009,KAZ.5.14_1,Urdzharskiy,25124,25114.9445,5449.0,0.21688425409966566,0.21696245464872646
2009,KAZ.5.15_1,Zaysanskiy,9565,9561.1695,2845.0,0.2974385781495034,0.2975577396836545
2009,KAZ.5.16_1,Zharminskiy,22270,22279.605,6186.0,0.2777727885047149,0.27765303693687543
2009,KAZ.5.17_1,Zyryanovsk,11445,11445.8901,11626.0,1.0158147662734818,1.0157357712824806
2009,KAZ.6.1_1,Aqtau,1352,1352.7086,13975.0,10.336538461538462,10.331123776450115
2009,KAZ.6.2_1,Beyneuskiy,39572,39560.655,9999.0,0.2526786616799757,0.25275112359219043
2009,KAZ.6.3_1,Karakiyanskiy,65617,65609.5753,19344.0,0.2948016520109118,0.29483501310472
2009,KAZ.6.4_1,Manghystauskiy,49500,49519.3216,14836.0,0.2997171717171717,0.2996002272908713
2009,KAZ.6.5_1,Tupkaraganskiy,10066,10061.9108,37281.0,3.703655871249752,3.7051610420230587
2009,KAZ.7.1_1,Akzharskiy,8055,8060.5054,2387.0,0.2963376784605835,0.29613527881434554
2009,KAZ.7.2_1,Ayyrtauskiy,9630,9633.5514,4086.0,0.42429906542056073,0.4241426501091596
2009,KAZ.7.3_1,Bulaevskiy,7907,7908.5235,5768.0,0.7294802074111547,0.7293396821064434
2009,KAZ.7.4_1,Esil`skiy,4926,4923.8679,3804.0,0.7722289890377588,0.7725633734789674
2009,KAZ.7.5_1,Kyzylzharskiy,6308,6303.3423,26118.0,4.140456563094483,4.143516060266348
2009,KAZ.7.6_1,Mamlyutskiy,4138,4151.6206,3900.0,0.9424842919284678,0.9393921905414314
2009,KAZ.7.7_1,Shal Akyna,4758,4759.1509,1669.0,0.35077763766288356,0.35069281033588967
2009,KAZ.7.8_1,Sovetskiy,4636,4635.5038,4813.0,1.038179465056083,1.0382905927719308
2009,KAZ.7.9_1,Taiynshinskiy,11127,11129.4809,8888.0,0.7987777478206165,0.7985996932878812
2009,KAZ.7.10_1,Timiryazevskiy,4768,4775.0033,2757.0,0.5782298657718121,0.5773817955291195
2009,KAZ.7.11_1,Tselinniy,12298,12291.1075,6637.0,0.5396812489835746,0.5399838884913937
2009,KAZ.7.12_1,Ualikhanovskiy,12586,12586.5573,1387.0,0.110201811536628,0.1101969322160143
2009,KAZ.7.13_1,Zhambylskiy,7722,7713.3211,1997.0,0.2586117586117586,0.25890274492307
2009,KAZ.8.1_1,Aksuskiy,8081,8080.2883,21528.0,2.6640267293651774,2.664261366877099
2009,KAZ.8.2_1,Aktogayskiy,9409,9403.9423,3279.0,0.34849612073546604,0.34868355310186927
2009,KAZ.8.3_1,Bayanaul`skiy,18623,18613.3374,8757.0,0.47022499060301776,0.4704690949359677
2009,KAZ.8.4_1,Ekibastuz,19241,19236.1846,45065.0,2.342133984720129,2.342720295785297
2009,KAZ.8.5_1,Irtyshskiy,10103,10102.5432,4193.0,0.4150252400277145,0.41504400793895246
2009,KAZ.8.6_1,Kachirskiy,6831,6833.7305,3383.0,0.4952422778509735,0.4950443979867893
2009,KAZ.8.7_1,Lebyazhinskiy,8094,8100.0565,1766.0,0.2181863108475414,0.2180231692981406
2009,KAZ.8.8_1,Mayskiy,18058,18048.9733,3182.0,0.17620999003211874,0.1762981164739547
2009,KAZ.8.9_1,Pavlodarskiy,6527,6532.3778,37181.0,5.6964914968592,5.691801849340577
2009,KAZ.8.10_1,Sherbaktinskiy,6979,6974.1198,4900.0,0.7021063189568706,0.7025976262330721
2009,KAZ.8.11_1,Uspenskiy,5590,5581.5676,4060.0,0.7262969588550984,0.7273942185179236
2009,KAZ.8.12_1,Zhelezinskiy,7598,7584.3494,1795.0,0.23624638062648065,0.23667158643362066
2009,KAZ.9.1_1,Abayskiy,6708,6706.9089,19936.0,2.971973762671437,2.972457273625178
2009,KAZ.9.2_1,Aktogayskiy,56475,56483.5207,11665.0,0.20655157149181053,0.20652041268334367
2009,KAZ.9.3_1,Bukhar-Zhyrauskiy,15297,15298.2434,76531.0,5.003007125580179,5.002600482324489
2009,KAZ.9.4_1,Karkaralinskiy,35215,35227.1629,3933.0,0.11168536135169672,0.11164679955047559
2009,KAZ.9.5_1,Nurinskiy,47011,47004.3867,4096.0,0.08712854438322945,0.0871408030429088
2009,KAZ.9.6_1,Osakarovskiy,11120,11123.7267,7695.0,0.6919964028776978,0.69176456747156
2009,KAZ.9.7_1,Shetskiy,66230,66248.7613,9322.0,0.14075192510946702,0.14071206493435712
2009,KAZ.9.8_1,Ulytauskiy,128675,128672.5201,68806.0,0.5347270254517195,0.5347373310928916
2009,KAZ.9.9_1,Zhanaarkinskiy,63004,63031.6413,8148.0,0.12932512221446257,0.12926840915393809
2009,KAZ.10.1_1,Altynsarinskiy,5349,5356.2087,2083.0,0.389418582912694,0.38889447815352135
2009,KAZ.10.2_1,Amangel`dinskiy,28028,28028.9463,350.0,0.012487512487512488,0.012487090888391316
2009,KAZ.10.3_1,Arkalyk,11294,11285.7064,5647.0,0.5,0.5003674391142657
2009,KAZ.10.4_1,Auliekol`skiy,11042,11044.7742,5963.0,0.5400289802571998,0.5398933356445171
2009,KAZ.10.5_1,Denisovskiy,6504,6510.3182,3740.0,0.5750307503075031,0.5744726913808639
2009,KAZ.10.6_1,Dzhangil`dinskiy,38581,38583.4343,315.0,0.008164640626214976,0.008164125512763768
2009,KAZ.10.7_1,Fyodorovskiy,6781,6767.2202,7222.0,1.0650346556555081,1.0672033424245273
2009,KAZ.10.8_1,Kamystinskiy,12932,12927.5113,3868.0,0.29910300030931025,0.2992068540648636
2009,KAZ.10.9_1,Karabalykskiy,7266,7284.2803,8810.0,1.2124965593173687,1.209453739153993
2009,KAZ.10.10_1,Karasuskiy,12827,12830.2125,3741.0,0.2916504248850082,0.2915773995086214
2009,KAZ.10.11_1,Mendykarinskiy,6803,6798.9183,2827.0,0.41555196236954284,0.4158014376811099
2009,KAZ.10.12_1,Naurzumskiy,16090,16095.4503,948.0,0.05891858297078931,0.058898631770671964
2009,KAZ.10.13_1,Qostanay,8151,8150.5045,37763.0,4.632928475033738,4.633210100792907
2009,KAZ.10.14_1,Sarykol`skiy,6387,6385.6753,4093.0,0.6408329419132613,0.640965876939761
2009,KAZ.10.15_1,Taranovskiy,7750,7745.2217,25303.0,3.2649032258064516,3.2669174417868407
2009,KAZ.10.16_1,Uzunkol`skiy,7723,7734.567,2139.0,0.2769649100090638,0.2765507113026629
2009,KAZ.10.17_1,Zhitikarinskiy,7564,7543.3034,9314.0,1.2313590692755156,1.2347375559370024
2009,KAZ.11.1_1,Aral`skiy,55256,55264.9883,2356.0,0.042637903576082235,0.04263096897033027
2009,KAZ.11.2_1,Karmakchinskiy,31362,31363.2928,7787.0,0.24829411389579747,0.2482838788021411
2009,KAZ.11.3_1,Kazalinskiy,38288,38287.1923,2237.0,0.05842561638111157,0.05842684896324346
2009,KAZ.11.4_1,Qyzylorda,2322,2316.0783,7280.0,3.1352282515073213,3.1432443179661598
2009,KAZ.11.5_1,Shieliyskiy,30904,30911.1087,2339.0,0.07568599534040901,0.07566858966855038
2009,KAZ.11.6_1,Terenozekskiy,30947,30952.9512,59626.0,1.9267134132549197,1.9263429686849343
2009,KAZ.11.7_1,Zhalagashskiy,23287,23286.5285,23420.0,1.005711341091596,1.0057317051026853
2009,KAZ.11.8_1,Zhanakorganskiy,16813,16811.4924,1571.0,0.09343960030928448,0.09344797968252071
2009,KAZ.12.1_1,Arysskiy,6341,6343.9785,3103.0,0.48935499132628923,0.48912523642879907
2009,KAZ.12.2_1,Baydibekskiy,6962,6962.3081,530.0,0.07612754955472566,0.07612418107723846
2009,KAZ.12.3_1,Chardarinskiy,12114,12109.0736,1979.0,0.16336470199768863,0.16343116482501005
2009,KAZ.12.4_1,Kazygurtskiy,3943,3948.8778,1410.0,0.35759573928480853,0.3570634639742761
2009,KAZ.12.5_1,Maktaaral`skiy,2113,2121.6773,9893.0,4.681968764789399,4.662820227158869
2009,KAZ.12.6_1,Ordabasynskiy,2723,2712.62,4042.0,1.4843922144693353,1.4900723530380169
2009,KAZ.12.7_1,Otrarskiy,18582,18584.8986,907.0,0.048810676999246586,0.04880306410759171
2009,KAZ.12.8_1,Saryagashskiy,7438,7439.5216,14322.0,1.9255176122613606,1.925123799241311
2009,KAZ.12.9_1,Sayramskiy,1701,1704.567,15341.0,9.018812463256907,8.999939605095223
2009,KAZ.12.10_1,Shymkent,334,332.2048,11747.0,35.17065868263473,35.36071629973307
2009,KAZ.12.11_1,Suzakskiy,40794,40796.9964,4915.0,0.12048340442221896,0.12047455538028065
2009,KAZ.12.12_1,Tolebiyskiy,2918,2917.8616,4772.0,1.6353666895133654,1.6354442573856116
2009,KAZ.12.13_1,Turkestan,7753,7749.8781,8753.0,1.1289823294208694,1.1294371248090367
2009,KAZ.12.14_1,Tyul`kubaskiy,2149,2153.7102,4595.0,2.1382038157282457,2.1335275314197295
2009,KAZ.13.1_1,Akzhaikskiy,26028,26032.0325,1435.0,0.05513293376363916,0.05512439338417754
2009,KAZ.13.2_1,Burlinskiy,5354,5358.1927,25830.0,4.824430332461711,4.820655278335594
2009,KAZ.13.3_1,Chingirlauskiy,7361,7357.6497,1872.0,0.2543132726531721,0.2544290728313077
2009,KAZ.13.4_1,Dzhangalinskiy,21494,21491.9701,660.0,0.030706243602865915,0.030709143747127715
2009,KAZ.13.5_1,Dzhanybekskiy,8009,8003.5822,662.0,0.08265701086277938,0.08271296319986551
2009,KAZ.13.6_1,Karatobinskiy,9925,9939.6014,429.0,0.04322418136020151,0.04316068434050204
2009,KAZ.13.7_1,Kaztalovskiy,19736,19743.3866,1056.0,0.053506282934738546,0.05348626468849523
2009,KAZ.13.8_1,Syrymskiy,12624,12614.5173,770.0,0.06099493029150824,0.06104078203095691
2009,KAZ.13.9_1,Taskalinskiy,8222,8219.7343,640.0,0.07783994162004379,0.07786139768569839
2009,KAZ.13.10_1,Terektinskiy,8682,8680.1014,3932.0,0.45289103893112187,0.4529900979835437
2009,KAZ.13.11_1,Urdinskiy,19364,19368.9902,540.0,0.02788680024788267,0.027879615564511625
2009,KAZ.13.12_1,Zelenovskiy,8122,8118.9478,27527.0,3.389189854715587,3.390463966508212
2009,KAZ.14.1_1,Bayzakskiy,4789,4785.8197,10509.0,2.1944038421382333,2.195862065298316
2009,KAZ.14.2_1,Kordayskiy,8629,8625.2652,6559.0,0.7601112527523467,0.7604403903570383
2009,KAZ.14.3_1,Lugovskoy,8992,8994.9512,3074.0,0.3418594306049822,0.3417472686120668
2009,KAZ.14.4_1,Merkenskiy,6255,6245.7744,3643.0,0.582414068745004,0.583274352553571
2009,KAZ.14.5_1,Moyynkumskiy,49602,49586.5382,3127.0,0.06304181283012782,0.06306147019303918
2009,KAZ.14.6_1,Sarysuskiy,30981,30958.0923,3082.0,0.09948032665181886,0.0995539380548824
2009,KAZ.14.7_1,Shuskiy,11620,11617.7944,6456.0,0.5555938037865749,0.5556992812830301
2009,KAZ.14.8_1,Talasskiy,11742,11739.8088,2236.0,0.19042752512348834,0.1904630683386282
2009,KAZ.14.9_1,Zhamb.,950,949.293,0.0,0.0,0.0
2009,KAZ.14.10_1,Zhambylskiy,2909,2908.9839,11789.0,4.05259539360605,4.05261775367374
2009,KAZ.14.11_1,Zhualy,690,690.1558,0.0,0.0,0.0
2009,KAZ.14.12_1,Zhualynskiy,3181,3177.7961,2382.0,0.748821125432254,0.7495761018029188
2010,KAZ.1.1_1,Aksuskiy,13392,13387.4372,1569.0,0.11715949820788531,0.11719942957018066
2010,KAZ.1.2_1,Alakolskiy,36371,36368.3054,6029.0,0.16576393280360727,0.1657762147961106
2010,KAZ.1.3_1,Almaty (Alma-Ata),282,282.7159,16026.0,56.829787234042556,56.68587610069532
2010,KAZ.1.4_1,Balkhashskiy,38307,38315.691,2194.0,0.057274127444070275,0.057261136123371345
2010,KAZ.1.5_1,Enbekshikazakhskiy,9627,9630.8366,11393.0,1.1834424015788927,1.1829709624116818
2010,KAZ.1.6_1,Iliyskiy,8381,8378.8611,18787.0,2.241617945352583,2.242190168425103
2010,KAZ.1.7_1,Karasayskiy,2205,2204.1313,20230.0,9.174603174603174,9.17821919504602
2010,KAZ.1.8_1,Karatal`skiy,23995,23985.4486,3248.0,0.13536153365284434,0.13541543692972235
2010,KAZ.1.9_1,Kerbulakskiy,11144,11157.1654,2316.0,0.20782483847810482,0.20757960682306603
2010,KAZ.1.10_1,Koksuskiy,6956,6947.0051,2418.0,0.34761357101782636,0.34806365631534586
2010,KAZ.1.11_1,Panfilovskiy,10411,10410.9861,4905.0,0.4711362981461915,0.4711369250674456
2010,KAZ.1.12_1,Raiymbekskiy,13935,13917.9794,1505.0,0.10800143523501973,0.10813351239021993
2010,KAZ.1.13_1,Sarkandskiy,10192,10198.9963,2031.0,0.1992739403453689,0.199137242439347
2010,KAZ.1.14_1,Taldyqorghan,4387,4397.3056,13084.0,2.982448142238432,2.9754584306442573
2010,KAZ.1.15_1,Talgarskiy,6069,6058.0912,16423.0,2.7060471247322457,2.7109198797645293
2010,KAZ.1.16_1,Uygurskiy,8457,8462.7736,1650.0,0.1951046470379567,0.1949715401603358
2010,KAZ.1.17_1,Zhambylskiy,18472,18473.3386,8400.0,0.45474231268947596,0.4547093625629013
2010,KAZ.2.1_1,Akkol`skiy,10514,10522.4756,11737.0,1.1163210956819478,1.1154219223765887
2010,KAZ.2.2_1,Arshalynskiy,6017,6024.4332,7237.0,1.202758849925212,1.201274839571618
2010,KAZ.2.3_1,Astrakhansiy,7222,7218.1971,3611.0,0.5,0.5002634225692884
2010,KAZ.2.4_1,Atbasarskiy,10873,10869.0932,5106.0,0.46960360526073763,0.469772402119653
2010,KAZ.2.5_1,Bulandynskiy,5187,5190.895,3910.0,0.7538075959128591,0.7532419706793347
2010,KAZ.2.6_1,Egindykol`skiy,5259,5276.6597,1135.0,0.21582049819357293,0.2150981999051697
2010,KAZ.2.7_1,Enbekshil`derskiy,10606,10606.0361,3922.0,0.36979068451819724,0.36978942617346483
2010,KAZ.2.8_1,Ereymengauskiy,17508,17501.7015,4565.0,0.260737948366461,0.26083178284590697
2010,KAZ.2.9_1,Esil`skiy,8678,8679.3199,4180.0,0.4816778059460705,0.4816045531343552
2010,KAZ.2.10_1,Korgalzhynskiy,9193,9172.9782,910.0,0.09898836070923529,0.09920442177402668
2010,KAZ.2.11_1,Sandyktauskiy,6307,6302.6735,2218.0,0.3516727445695259,0.3519141524547937
2010,KAZ.2.12_1,Shortandinskiy,4586,4588.3371,6102.0,1.3305713039686,1.3298935574095883
2010,KAZ.2.13_1,Shuchinskiy,5898,5909.4278,13454.0,2.2811122414377754,2.2767009510968768
2010,KAZ.2.14_1,Tselinogradskiy,8277,8278.398,52681.0,6.364745680802223,6.363670879800241
2010,KAZ.2.15_1,Zerendinskiy,8418,8408.3167,18476.0,2.1948206224756475,2.1973482616942484
2010,KAZ.2.16_1,Zhaksynskiy,10057,10056.5071,3018.0,0.3000894899075271,0.30010419761617607
2010,KAZ.2.17_1,Zharkainskiy,12416,12426.2702,2055.0,0.16551224226804123,0.16537544830467496
2010,KAZ.3.1_1,Alginskiy,7474,7465.03,2717.0,0.36352689322986353,0.3639637067415739
2010,KAZ.3.2_1,Aqtobe,2396,2398.9899,20660.0,8.622704507512521,8.6119579444346
2010,KAZ.3.3_1,Aytekebiyskiy,36132,36128.4233,1360.0,0.03763976530499281,0.03764349160601731
2010,KAZ.3.4_1,Bayganinskiy,61863,61859.4222,21965.0,0.35505875887040717,0.35507929448967923
2010,KAZ.3.5_1,Irgizskiy,41431,41435.2616,375.0,0.009051193550722888,0.009050262633960476
2010,KAZ.3.6_1,Kargalinskiy,4844,4833.9448,4076.0,0.8414533443435177,0.8432036673479135
2010,KAZ.3.7_1,Khobdinskiy,13618,13617.909,794.0,0.05830518431487737,0.058305573894605764
2010,KAZ.3.8_1,Khromtauskiy,12764,12776.9987,11638.0,0.9117831400814792,0.9108555394275996
2010,KAZ.3.9_1,Martukskiy,6479,6474.1115,2257.0,0.34835622781293407,0.34861926789982434
2010,KAZ.3.10_1,Mugalzharskiy,29413,29418.8846,130448.0,4.43504572807942,4.434158587368269
2010,KAZ.3.11_1,Shalkarskiy,61988,61995.1616,3522.0,0.05681744853842679,0.0568108850745875
2010,KAZ.3.12_1,Temirskiy,12513,12509.9697,10743.0,0.8585471110045553,0.8587550787444331
2010,KAZ.3.13_1,Uilskiy,10813,10805.3021,373.0,0.0344955146582817,0.03452008991658535
2010,KAZ.4.1_1,Atyrau,3133,3136.9405,10505.0,3.3530162783274817,3.348804324201959
2010,KAZ.4.2_1,Inderskiy,11379,11381.1544,1494.0,0.13129448984972317,0.1312696368051712
2010,KAZ.4.3_1,Isatayskiy,13984,13973.895,2631.0,0.18814359267734554,0.18827964629377306
2010,KAZ.4.4_1,Kurmangazinskiy,20963,20971.928,2688.0,0.12822592186232887,0.12817133458041688
2010,KAZ.4.5_1,Kzylkoginskiy,23848,23831.6595,6103.0,0.2559124454880912,0.2560879155273121
2010,KAZ.4.6_1,Makatskiy,4648,4645.3358,3104.0,0.6678141135972461,0.6681971192476576
2010,KAZ.4.7_1,Makhambetskiy,9233,9238.6483,7529.0,0.8154446008881187,0.8149460576558557
2010,KAZ.4.8_1,Zhylyoyskiy,30176,30180.7623,61658.0,2.043279427359491,2.0429570141485667
2010,KAZ.5.1_1,Abayskiy,19546,19548.8915,1584.0,0.08103959889491456,0.08102761236650038
2010,KAZ.5.2_1,Ayagozskiy,46653,46624.2114,6808.0,0.1459284504747819,0.14601855536928324
2010,KAZ.5.3_1,Beskaragayskiy,9766,9771.5976,4002.0,0.40978906409993854,0.4095543182050002
2010,KAZ.5.4_1,Borodulikhinskiy,6225,6218.2645,5994.0,0.9628915662650602,0.9639345511556269
2010,KAZ.5.5_1,Glubokovskiy,7471,7460.8603,18134.0,2.4272520412260743,2.430550803770337
2010,KAZ.5.6_1,Katon-Karagayskiy,13115,13114.1525,1948.0,0.14853221502096836,0.14854181426206278
2010,KAZ.5.7_1,Kokpektinskiy,14505,14517.2114,2611.0,0.18000689417442262,0.17985547782735167
2010,KAZ.5.8_1,Kurchumskiy,23877,23872.8825,2389.0,0.10005444570088369,0.10007170258834826
2010,KAZ.5.9_1,Leninogorsk,3227,3235.8558,6386.0,1.9789277967152155,1.9735119203107885
2010,KAZ.5.10_1,Semipalatinskiy,31307,31325.8457,27737.0,0.885967994378254,0.8854349943545334
2010,KAZ.5.11_1,Shemonaikhinskiy,4074,4071.623,10538.0,2.586647029945999,2.5881571184480214
2010,KAZ.5.12_1,Tarbagatayskiy,22626,22609.7774,2550.0,0.11270220100769027,0.11278306528432298
2010,KAZ.5.13_1,Ulanskiy,9852,9854.1714,19631.0,1.9925903369874136,1.9921512721738208
2010,KAZ.5.14_1,Urdzharskiy,25124,25114.9445,5395.0,0.2147349148224805,0.21481234039821606
2010,KAZ.5.15_1,Zaysanskiy,9565,9561.1695,3060.0,0.319916361735494,0.32004452844709413
2010,KAZ.5.16_1,Zharminskiy,22270,22279.605,6625.0,0.29748540637629095,0.2973571564349822
2010,KAZ.5.17_1,Zyryanovsk,11445,11445.8901,12084.0,1.055832241153342,1.055750134197273
2010,KAZ.6.1_1,Aqtau,1352,1352.7086,14680.0,10.857988165680473,10.852300324743304
2010,KAZ.6.2_1,Beyneuskiy,39572,39560.655,10386.0,0.26245830385120794,0.26253357031988095
2010,KAZ.6.3_1,Karakiyanskiy,65617,65609.5753,20123.0,0.30667357544538765,0.30670828001996897
2010,KAZ.6.4_1,Manghystauskiy,49500,49519.3216,16156.0,0.3263838383838384,0.3262564890881179
2010,KAZ.6.5_1,Tupkaraganskiy,10066,10061.9108,39214.0,3.8956884561891516,3.8972716692656375
2010,KAZ.7.1_1,Akzharskiy,8055,8060.5054,2237.0,0.277715704531347,0.27752602375688773
2010,KAZ.7.2_1,Ayyrtauskiy,9630,9633.5514,4402.0,0.45711318795430944,0.4569446759130006
2010,KAZ.7.3_1,Bulaevskiy,7907,7908.5235,5638.0,0.7130390792968256,0.712901721171312
2010,KAZ.7.4_1,Esil`skiy,4926,4923.8679,3877.0,0.7870483150629314,0.7873891164505669
2010,KAZ.7.5_1,Kyzylzharskiy,6308,6303.3423,26035.0,4.127298668357641,4.130348442799387
2010,KAZ.7.6_1,Mamlyutskiy,4138,4151.6206,4027.0,0.9731754470758821,0.9699826541821396
2010,KAZ.7.7_1,Shal Akyna,4758,4759.1509,1621.0,0.3406893652795292,0.3406069775640965
2010,KAZ.7.8_1,Sovetskiy,4636,4635.5038,4772.0,1.0293356341673856,1.0294458152311767
2010,KAZ.7.9_1,Taiynshinskiy,11127,11129.4809,7956.0,0.7150175249393368,0.7148581412914472
2010,KAZ.7.10_1,Timiryazevskiy,4768,4775.0033,2744.0,0.575503355704698,0.5746592843423663
2010,KAZ.7.11_1,Tselinniy,12298,12291.1075,7221.0,0.5871686453081801,0.5874979145391523
2010,KAZ.7.12_1,Ualikhanovskiy,12586,12586.5573,1451.0,0.11528682663276657,0.11528172216686139
2010,KAZ.7.13_1,Zhambylskiy,7722,7713.3211,2122.0,0.2747992747992748,0.2751084750759913
2010,KAZ.8.1_1,Aksuskiy,8081,8080.2883,21786.0,2.6959534711050614,2.6961909206050017
2010,KAZ.8.2_1,Aktogayskiy,9409,9403.9423,3484.0,0.37028377085768943,0.37048292131958294
2010,KAZ.8.3_1,Bayanaul`skiy,18623,18613.3374,8963.0,0.4812865811093809,0.4815364277619138
2010,KAZ.8.4_1,Ekibastuz,19241,19236.1846,47059.0,2.4457668520347173,2.446379105721964
2010,KAZ.8.5_1,Irtyshskiy,10103,10102.5432,4310.0,0.42660595862615064,0.4266252502305951
2010,KAZ.8.6_1,Kachirskiy,6831,6833.7305,3566.0,0.5220319133362612,0.5218233293588208
2010,KAZ.8.7_1,Lebyazhinskiy,8094,8100.0565,2183.0,0.2697059550284161,0.26950429138043086
2010,KAZ.8.8_1,Mayskiy,18058,18048.9733,3693.0,0.2045076974194263,0.2046099761591184
2010,KAZ.8.9_1,Pavlodarskiy,6527,6532.3778,37659.0,5.76972575455799,5.764975816796665
2010,KAZ.8.10_1,Sherbaktinskiy,6979,6974.1198,5002.0,0.716721593351483,0.7172231278403727
2010,KAZ.8.11_1,Uspenskiy,5590,5581.5676,4228.0,0.756350626118068,0.7574932896290102
2010,KAZ.8.12_1,Zhelezinskiy,7598,7584.3494,2070.0,0.27244011581995264,0.2729304645780472
2010,KAZ.9.1_1,Abayskiy,6708,6706.9089,20525.0,3.0597793679189027,3.060277163982583
2010,KAZ.9.2_1,Aktogayskiy,56475,56483.5207,11915.0,0.21097830898627712,0.21094648239365965
2010,KAZ.9.3_1,Bukhar-Zhyrauskiy,15297,15298.2434,79344.0,5.186899392037654,5.186477802061312
2010,KAZ.9.4_1,Karkaralinskiy,35215,35227.1629,4020.0,0.11415589947465568,0.11411648466639
2010,KAZ.9.5_1,Nurinskiy,47011,47004.3867,4411.0,0.09382910382676395,0.09384230523004657
2010,KAZ.9.6_1,Osakarovskiy,11120,11123.7267,8088.0,0.7273381294964029,0.7270944537634798
2010,KAZ.9.7_1,Shetskiy,66230,66248.7613,9647.0,0.14565906688811717,0.14561781703730348
2010,KAZ.9.8_1,Ulytauskiy,128675,128672.5201,68540.0,0.5326598018263066,0.5326700676264684
2010,KAZ.9.9_1,Zhanaarkinskiy,63004,63031.6413,8931.0,0.14175290457748715,0.1416907415505426
2010,KAZ.10.1_1,Altynsarinskiy,5349,5356.2087,2545.0,0.47578986726490935,0.47514951843529135
2010,KAZ.10.2_1,Amangel`dinskiy,28028,28028.9463,382.0,0.0136292279149422,0.013628767769615666
2010,KAZ.10.3_1,Arkalyk,11294,11285.7064,5947.0,0.5265627766955906,0.5269497362161393
2010,KAZ.10.4_1,Auliekol`skiy,11042,11044.7742,6185.0,0.560134033689549,0.5599933390845779
2010,KAZ.10.5_1,Denisovskiy,6504,6510.3182,3905.0,0.60039975399754,0.5998170748241374
2010,KAZ.10.6_1,Dzhangil`dinskiy,38581,38583.4343,334.0,0.008657111013193022,0.008656564829406662
2010,KAZ.10.7_1,Fyodorovskiy,6781,6767.2202,7855.0,1.158383719215455,1.1607424888873805
2010,KAZ.10.8_1,Kamystinskiy,12932,12927.5113,4120.0,0.3185895453139499,0.3187001651363076
2010,KAZ.10.9_1,Karabalykskiy,7266,7284.2803,8892.0,1.2237819983484723,1.2207108568169474
2010,KAZ.10.10_1,Karasuskiy,12827,12830.2125,4022.0,0.3135573399859671,0.31347882941023125
2010,KAZ.10.11_1,Mendykarinskiy,6803,6798.9183,3084.0,0.45332941349404676,0.4536015683793926
2010,KAZ.10.12_1,Naurzumskiy,16090,16095.4503,982.0,0.061031696706028586,0.06101102995653994
2010,KAZ.10.13_1,Qostanay,8151,8150.5045,40806.0,5.006256900993743,5.006561220585107
2010,KAZ.10.14_1,Sarykol`skiy,6387,6385.6753,4417.0,0.6915609832472209,0.6917044413493585
2010,KAZ.10.15_1,Taranovskiy,7750,7745.2217,26123.0,3.370709677419355,3.3727891685490907
2010,KAZ.10.16_1,Uzunkol`skiy,7723,7734.567,2245.0,0.2906901463161984,0.29025542163369716
2010,KAZ.10.17_1,Zhitikarinskiy,7564,7543.3034,9724.0,1.2855631940772079,1.289090400894504
2010,KAZ.11.1_1,Aral`skiy,55256,55264.9883,3143.0,0.056880700738381355,0.05687144969174365
2010,KAZ.11.2_1,Karmakchinskiy,31362,31363.2928,7905.0,0.2520566290415152,0.2520462388507673
2010,KAZ.11.3_1,Kazalinskiy,38288,38287.1923,3110.0,0.08122649394066025,0.08122820754389234
2010,KAZ.11.4_1,Qyzylorda,2322,2316.0783,8327.0,3.5861326442721793,3.5953015708384903
2010,KAZ.11.5_1,Shieliyskiy,30904,30911.1087,3286.0,0.10632927776339632,0.10630482498967786
2010,KAZ.11.6_1,Terenozekskiy,30947,30952.9512,61467.0,1.986202216693056,1.9858203343534173
2010,KAZ.11.7_1,Zhalagashskiy,23287,23286.5285,24216.0,1.039893502812728,1.0399145589567305
2010,KAZ.11.8_1,Zhanakorganskiy,16813,16811.4924,2331.0,0.13864271694522096,0.13865514999360645
2010,KAZ.12.1_1,Arysskiy,6341,6343.9785,3408.0,0.5374546601482416,0.5372023221879946
2010,KAZ.12.2_1,Baydibekskiy,6962,6962.3081,828.0,0.1189313415685148,0.11892607911689329
2010,KAZ.12.3_1,Chardarinskiy,12114,12109.0736,2363.0,0.19506356281987783,0.195142921920919
2010,KAZ.12.4_1,Kazygurtskiy,3943,3948.8778,1999.0,0.5069743849860512,0.5062197620457999
2010,KAZ.12.5_1,Maktaaral`skiy,2113,2121.6773,10870.0,5.144344533838145,5.123304949885465
2010,KAZ.12.6_1,Ordabasynskiy,2723,2712.62,4965.0,1.8233565919941241,1.8303338032740608
2010,KAZ.12.7_1,Otrarskiy,18582,18584.8986,1227.0,0.0660316435259929,0.06602134471886993
2010,KAZ.12.8_1,Saryagashskiy,7438,7439.5216,16293.0,2.1905082011293358,2.1900601913865856
2010,KAZ.12.9_1,Sayramskiy,1701,1704.567,16578.0,9.746031746031745,9.725637101445056
2010,KAZ.12.10_1,Shymkent,334,332.2048,11839.0,35.446107784431135,35.63765389227376
2010,KAZ.12.11_1,Suzakskiy,40794,40796.9964,6132.0,0.15031622297396677,0.1503051828264254
2010,KAZ.12.12_1,Tolebiyskiy,2918,2917.8616,5433.0,1.8618917066483893,1.8619800189388156
2010,KAZ.12.13_1,Turkestan,7753,7749.8781,9472.0,1.2217206242744745,1.2222127780408083
2010,KAZ.12.14_1,Tyul`kubaskiy,2149,2153.7102,5220.0,2.4290367612843182,2.4237244208946658
2010,KAZ.13.1_1,Akzhaikskiy,26028,26032.0325,1708.0,0.06562163823574611,0.06561147310116741
2010,KAZ.13.2_1,Burlinskiy,5354,5358.1927,26337.0,4.91912588718715,4.915276735018372
2010,KAZ.13.3_1,Chingirlauskiy,7361,7357.6497,1341.0,0.1821763347371281,0.18225928774935024
2010,KAZ.13.4_1,Dzhangalinskiy,21494,21491.9701,710.0,0.03303247417884061,0.03303559403100103
2010,KAZ.13.5_1,Dzhanybekskiy,8009,8003.5822,843.0,0.10525658634036708,0.10532783682399793
2010,KAZ.13.6_1,Karatobinskiy,9925,9939.6014,565.0,0.05692695214105793,0.05684332553003183
2010,KAZ.13.7_1,Kaztalovskiy,19736,19743.3866,1246.0,0.06313336035670855,0.06310974034267525
2010,KAZ.13.8_1,Syrymskiy,12624,12614.5173,911.0,0.07216413181242079,0.07221837977948278
2010,KAZ.13.9_1,Taskalinskiy,8222,8219.7343,906.0,0.11019216735587448,0.11022254109881678
2010,KAZ.13.10_1,Terektinskiy,8682,8680.1014,4630.0,0.5332872609997696,0.5334039047975095
2010,KAZ.13.11_1,Urdinskiy,19364,19368.9902,549.0,0.028351580252014046,0.028344275823920153
2010,KAZ.13.12_1,Zelenovskiy,8122,8118.9478,28998.0,3.5703028810637774,3.5716450794058607
2010,KAZ.14.1_1,Bayzakskiy,4789,4785.8197,11116.0,2.3211526414700354,2.322695091622046
2010,KAZ.14.2_1,Kordayskiy,8629,8625.2652,7413.0,0.8590798470274655,0.8594518392615833
2010,KAZ.14.3_1,Lugovskoy,8992,8994.9512,4024.0,0.447508896797153,0.44736207185912713
2010,KAZ.14.4_1,Merkenskiy,6255,6245.7744,4062.0,0.649400479616307,0.6503597090509485
2010,KAZ.14.5_1,Moyynkumskiy,49602,49586.5382,3395.0,0.06844482077335591,0.06846616287347873
2010,KAZ.14.6_1,Sarysuskiy,30981,30958.0923,3350.0,0.10813078983893354,0.10821080223356783
2010,KAZ.14.7_1,Shuskiy,11620,11617.7944,6569.0,0.5653184165232358,0.565425740202637
2010,KAZ.14.8_1,Talasskiy,11742,11739.8088,2488.0,0.21188894566513372,0.21192849464512833
2010,KAZ.14.9_1,Zhamb.,950,949.293,0.0,0.0,0.0
2010,KAZ.14.10_1,Zhambylskiy,2909,2908.9839,12264.0,4.215881746304572,4.21590500729958
2010,KAZ.14.11_1,Zhualy,690,690.1558,0.0,0.0,0.0
2010,KAZ.14.12_1,Zhualynskiy,3181,3177.7961,2366.0,0.7437912606098711,0.7445411657706573
2011,KAZ.1.1_1,Aksuskiy,13392,13387.4372,1763.0,0.13164575866188769,0.13169062736279702
2011,KAZ.1.2_1,Alakolskiy,36371,36368.3054,6077.0,0.16708366555772455,0.16709604533354855
2011,KAZ.1.3_1,Almaty (Alma-Ata),282,282.7159,16269.0,57.691489361702125,57.54539612393686
2011,KAZ.1.4_1,Balkhashskiy,38307,38315.691,2582.0,0.06740282454903804,0.06738753576597302
2011,KAZ.1.5_1,Enbekshikazakhskiy,9627,9630.8366,11271.0,1.1707697101900905,1.170303319348904
2011,KAZ.1.6_1,Iliyskiy,8381,8378.8611,18910.0,2.256293998329555,2.2568699677925537
2011,KAZ.1.7_1,Karasayskiy,2205,2204.1313,20025.0,9.081632653061224,9.085212030686929
2011,KAZ.1.8_1,Karatal`skiy,23995,23985.4486,3401.0,0.1417378620545947,0.14179430449445374
2011,KAZ.1.9_1,Kerbulakskiy,11144,11157.1654,2386.0,0.2141062455132807,0.21385360184794283
2011,KAZ.1.10_1,Koksuskiy,6956,6947.0051,2393.0,0.34401955146636,0.34446498327651887
2011,KAZ.1.11_1,Panfilovskiy,10411,10410.9861,5525.0,0.5306886946498895,0.5306894008150126
2011,KAZ.1.12_1,Raiymbekskiy,13935,13917.9794,1600.0,0.11481880157875853,0.11495921583013415
2011,KAZ.1.13_1,Sarkandskiy,10192,10198.9963,2000.0,0.19623233908948196,0.19609772766060757
2011,KAZ.1.14_1,Taldyqorghan,4387,4397.3056,13240.0,3.0180077501709595,3.010934700529652
2011,KAZ.1.15_1,Talgarskiy,6069,6058.0912,17159.0,2.8273191629593013,2.832410291474125
2011,KAZ.1.16_1,Uygurskiy,8457,8462.7736,1887.0,0.22312876906704504,0.22297654320154767
2011,KAZ.1.17_1,Zhambylskiy,18472,18473.3386,8739.0,0.4730944131658727,0.47306013326633267
2011,KAZ.2.1_1,Akkol`skiy,10514,10522.4756,12322.0,1.1719611945976793,1.1710172043558256
2011,KAZ.2.2_1,Arshalynskiy,6017,6024.4332,7229.0,1.2014292836961942,1.199946913812799
2011,KAZ.2.3_1,Astrakhansiy,7222,7218.1971,3796.0,0.5256161728053171,0.5258930911307168
2011,KAZ.2.4_1,Atbasarskiy,10873,10869.0932,5055.0,0.4649130874643613,0.4650801983381993
2011,KAZ.2.5_1,Bulandynskiy,5187,5190.895,4609.0,0.8885675727780991,0.8879008293762286
2011,KAZ.2.6_1,Egindykol`skiy,5259,5276.6597,1205.0,0.22913101350066553,0.22836416818125949
2011,KAZ.2.7_1,Enbekshil`derskiy,10606,10606.0361,4209.0,0.3968508391476523,0.3968494887210896
2011,KAZ.2.8_1,Ereymengauskiy,17508,17501.7015,4454.0,0.2543979894905186,0.25448954234297255
2011,KAZ.2.9_1,Esil`skiy,8678,8679.3199,4118.0,0.4745333026042867,0.4744611363175298
2011,KAZ.2.10_1,Korgalzhynskiy,9193,9172.9782,947.0,0.10301316218862178,0.10323800815384974
2011,KAZ.2.11_1,Sandyktauskiy,6307,6302.6735,2266.0,0.3592833359758998,0.35952996819772876
2011,KAZ.2.12_1,Shortandinskiy,4586,4588.3371,6648.0,1.4496293065852595,1.4488909160371914
2011,KAZ.2.13_1,Shuchinskiy,5898,5909.4278,13628.0,2.3106137673787726,2.306145426010721
2011,KAZ.2.14_1,Tselinogradskiy,8277,8278.398,54304.0,6.560831219040716,6.5597233054929145
2011,KAZ.2.15_1,Zerendinskiy,8418,8408.3167,18145.0,2.1555001187930625,2.157982475018518
2011,KAZ.2.16_1,Zhaksynskiy,10057,10056.5071,3028.0,0.3010838222133837,0.3010985786553284
2011,KAZ.2.17_1,Zharkainskiy,12416,12426.2702,2212.0,0.17815721649484537,0.17800997160581072
2011,KAZ.3.1_1,Alginskiy,7474,7465.03,3024.0,0.4046026224244046,0.4050887924867573
2011,KAZ.3.2_1,Aqtobe,2396,2398.9899,21444.0,8.94991652754591,8.938762156846833
2011,KAZ.3.3_1,Aytekebiyskiy,36132,36128.4233,1807.0,0.05001107051920735,0.050016021567700936
2011,KAZ.3.4_1,Bayganinskiy,61863,61859.4222,46894.0,0.7580298401306111,0.7580736824857282
2011,KAZ.3.5_1,Irgizskiy,41431,41435.2616,388.0,0.009364968260481282,0.009364005071937773
2011,KAZ.3.6_1,Kargalinskiy,4844,4833.9448,4376.0,0.9033856317093312,0.9052647812351496
2011,KAZ.3.7_1,Khobdinskiy,13618,13617.909,974.0,0.07152298428550448,0.07152346218305544
2011,KAZ.3.8_1,Khromtauskiy,12764,12776.9987,13043.0,1.0218583516139141,1.020818766175819
2011,KAZ.3.9_1,Martukskiy,6479,6474.1115,2322.0,0.3583886402222565,0.3586592556771786
2011,KAZ.3.10_1,Mugalzharskiy,29413,29418.8846,139083.0,4.728623397817292,4.7276775328632175
2011,KAZ.3.11_1,Shalkarskiy,61988,61995.1616,3977.0,0.06415757888623605,0.06415016750188372
2011,KAZ.3.12_1,Temirskiy,12513,12509.9697,11055.0,0.8834811795732438,0.8836951871469523
2011,KAZ.3.13_1,Uilskiy,10813,10805.3021,416.0,0.038472209377601034,0.038499617708577766
2011,KAZ.4.1_1,Atyrau,3133,3136.9405,12275.0,3.917969996808171,3.9130483655001473
2011,KAZ.4.2_1,Inderskiy,11379,11381.1544,1922.0,0.16890763687494506,0.16887566394882134
2011,KAZ.4.3_1,Isatayskiy,13984,13973.895,2466.0,0.17634439359267734,0.1764719147702183
2011,KAZ.4.4_1,Kurmangazinskiy,20963,20971.928,2507.0,0.11959166149883127,0.11954074992303017
2011,KAZ.4.5_1,Kzylkoginskiy,23848,23831.6595,7237.0,0.30346360281784635,0.30367167699019454
2011,KAZ.4.6_1,Makatskiy,4648,4645.3358,3862.0,0.830895008605852,0.8313715446309451
2011,KAZ.4.7_1,Makhambetskiy,9233,9238.6483,7959.0,0.8620166793025019,0.861489663020714
2011,KAZ.4.8_1,Zhylyoyskiy,30176,30180.7623,61940.0,2.0526246023329797,2.0523007145279153
2011,KAZ.5.1_1,Abayskiy,19546,19548.8915,1593.0,0.08150005116136294,0.08148799652767368
2011,KAZ.5.2_1,Ayagozskiy,46653,46624.2114,7413.0,0.15889653398495274,0.1589946461446088
2011,KAZ.5.3_1,Beskaragayskiy,9766,9771.5976,4348.0,0.4452181036248208,0.4449630623576564
2011,KAZ.5.4_1,Borodulikhinskiy,6225,6218.2645,5723.0,0.9193574297188755,0.9203532593032454
2011,KAZ.5.5_1,Glubokovskiy,7471,7460.8603,18129.0,2.426582786775532,2.429880639767974
2011,KAZ.5.6_1,Katon-Karagayskiy,13115,13114.1525,1802.0,0.13739992375142965,0.13740880354221618
2011,KAZ.5.7_1,Kokpektinskiy,14505,14517.2114,2792.0,0.19248534987935195,0.1923234370333075
2011,KAZ.5.8_1,Kurchumskiy,23877,23872.8825,2312.0,0.09682958495623403,0.09684628563594021
2011,KAZ.5.9_1,Leninogorsk,3227,3235.8558,6367.0,1.9730399752091725,1.9676402124363908
2011,KAZ.5.10_1,Semipalatinskiy,31307,31325.8457,26202.0,0.8369374261347302,0.8364339229937443
2011,KAZ.5.11_1,Shemonaikhinskiy,4074,4071.623,10509.0,2.5795287187039766,2.581034651524982
2011,KAZ.5.12_1,Tarbagatayskiy,22626,22609.7774,2486.0,0.1098735967471051,0.10995243148895173
2011,KAZ.5.13_1,Ulanskiy,9852,9854.1714,19217.0,1.950568412505075,1.9501386071705116
2011,KAZ.5.14_1,Urdzharskiy,25124,25114.9445,5183.0,0.20629676803056837,0.20637115111843443
2011,KAZ.5.15_1,Zaysanskiy,9565,9561.1695,3025.0,0.316257187663356,0.3163838884158365
2011,KAZ.5.16_1,Zharminskiy,22270,22279.605,7164.0,0.32168837000449035,0.3215496858415415
2011,KAZ.5.17_1,Zyryanovsk,11445,11445.8901,12546.0,1.0961992136304064,1.0961139675305351
2011,KAZ.6.1_1,Aqtau,1352,1352.7086,15512.0,11.47337278106509,11.467362577480799
2011,KAZ.6.2_1,Beyneuskiy,39572,39560.655,10626.0,0.2685231982209643,0.2686002039494565
2011,KAZ.6.3_1,Karakiyanskiy,65617,65609.5753,19490.0,0.2970266851578097,0.29706029804647394
2011,KAZ.6.4_1,Manghystauskiy,49500,49519.3216,17028.0,0.344,0.3438657771844808
2011,KAZ.6.5_1,Tupkaraganskiy,10066,10061.9108,37950.0,3.770117226306378,3.7716494070645927
2011,KAZ.7.1_1,Akzharskiy,8055,8060.5054,2112.0,0.2621973929236499,0.2620183112090062
2011,KAZ.7.2_1,Ayyrtauskiy,9630,9633.5514,4663.0,0.4842159916926272,0.4840374883649073
2011,KAZ.7.3_1,Bulaevskiy,7907,7908.5235,4693.0,0.5935247249272796,0.5934103897582419
2011,KAZ.7.4_1,Esil`skiy,4926,4923.8679,4532.0,0.9200162403572879,0.9204146184560148
2011,KAZ.7.5_1,Kyzylzharskiy,6308,6303.3423,23554.0,3.733988585922638,3.736747732732735
2011,KAZ.7.6_1,Mamlyutskiy,4138,4151.6206,3887.0,0.9393426776220396,0.9362608832396266
2011,KAZ.7.7_1,Shal Akyna,4758,4759.1509,1642.0,0.34510298444724674,0.345019529401756
2011,KAZ.7.8_1,Sovetskiy,4636,4635.5038,4192.0,0.9042277825711821,0.9043245719717294
2011,KAZ.7.9_1,Taiynshinskiy,11127,11129.4809,7748.0,0.6963242563134717,0.6961690395583374
2011,KAZ.7.10_1,Timiryazevskiy,4768,4775.0033,2693.0,0.5648070469798657,0.5639786635327961
2011,KAZ.7.11_1,Tselinniy,12298,12291.1075,7035.0,0.5720442348349325,0.5723650226814758
2011,KAZ.7.12_1,Ualikhanovskiy,12586,12586.5573,1601.0,0.12720483076434133,0.12719919861415926
2011,KAZ.7.13_1,Zhambylskiy,7722,7713.3211,2408.0,0.31183631183631183,0.3121871856658751
2011,KAZ.8.1_1,Aksuskiy,8081,8080.2883,21513.0,2.662170523450068,2.662404997474314
2011,KAZ.8.2_1,Aktogayskiy,9409,9403.9423,3377.0,0.3589116803060899,0.3591047144937519
2011,KAZ.8.3_1,Bayanaul`skiy,18623,18613.3374,9390.0,0.5042152177415025,0.504476967163268
2011,KAZ.8.4_1,Ekibastuz,19241,19236.1846,46137.0,2.39784834468063,2.398448602832492
2011,KAZ.8.5_1,Irtyshskiy,10103,10102.5432,4229.0,0.41858853805800256,0.41860746710561175
2011,KAZ.8.6_1,Kachirskiy,6831,6833.7305,3265.0,0.47796808666373886,0.4777771089053701
2011,KAZ.8.7_1,Lebyazhinskiy,8094,8100.0565,2320.0,0.28663207314059796,0.2864177535513512
2011,KAZ.8.8_1,Mayskiy,18058,18048.9733,4947.0,0.2739506036105881,0.27408761225539097
2011,KAZ.8.9_1,Pavlodarskiy,6527,6532.3778,37379.0,5.726827026198866,5.722112404897701
2011,KAZ.8.10_1,Sherbaktinskiy,6979,6974.1198,5014.0,0.718441037397908,0.7189437750882904
2011,KAZ.8.11_1,Uspenskiy,5590,5581.5676,4161.0,0.7443649373881932,0.7454894934120888
2011,KAZ.8.12_1,Zhelezinskiy,7598,7584.3494,2297.0,0.3023163990523822,0.3028605203554466
2011,KAZ.9.1_1,Abayskiy,6708,6706.9089,19759.0,2.945587358378056,2.9460665765228677
2011,KAZ.9.2_1,Aktogayskiy,56475,56483.5207,12805.0,0.22673749446657812,0.22670329056238453
2011,KAZ.9.3_1,Bukhar-Zhyrauskiy,15297,15298.2434,79721.0,5.211544747336079,5.211121154190989
2011,KAZ.9.4_1,Karkaralinskiy,35215,35227.1629,4200.0,0.11926735766008803,0.11922617800966119
2011,KAZ.9.5_1,Nurinskiy,47011,47004.3867,4529.0,0.09633915466592925,0.09635270922395849
2011,KAZ.9.6_1,Osakarovskiy,11120,11123.7267,7918.0,0.7120503597122302,0.7118118057491634
2011,KAZ.9.7_1,Shetskiy,66230,66248.7613,9539.0,0.14402838592782727,0.14398759787693977
2011,KAZ.9.8_1,Ulytauskiy,128675,128672.5201,63900.0,0.49659996114241306,0.4966095319715689
2011,KAZ.9.9_1,Zhanaarkinskiy,63004,63031.6413,10041.0,0.1593708335978668,0.15930094456488614
2011,KAZ.10.1_1,Altynsarinskiy,5349,5356.2087,2681.0,0.5012151804075529,0.5005406125442107
2011,KAZ.10.2_1,Amangel`dinskiy,28028,28028.9463,407.0,0.014521193092621664,0.01452070283307219
2011,KAZ.10.3_1,Arkalyk,11294,11285.7064,5851.0,0.5180626881530016,0.5184434011435397
2011,KAZ.10.4_1,Auliekol`skiy,11042,11044.7742,6375.0,0.57734106140192,0.5771960447314769
2011,KAZ.10.5_1,Denisovskiy,6504,6510.3182,4245.0,0.6526752767527675,0.6520418649496704
2011,KAZ.10.6_1,Dzhangil`dinskiy,38581,38583.4343,356.0,0.009227339882325497,0.009226757722361593
2011,KAZ.10.7_1,Fyodorovskiy,6781,6767.2202,8101.0,1.1946615543430172,1.197094195095693
2011,KAZ.10.8_1,Kamystinskiy,12932,12927.5113,4297.0,0.33227652335292296,0.33239189553172666
2011,KAZ.10.9_1,Karabalykskiy,7266,7284.2803,8700.0,1.1973575557390586,1.194352727654908
2011,KAZ.10.10_1,Karasuskiy,12827,12830.2125,3855.0,0.3005379278085289,0.3004626771199506
2011,KAZ.10.11_1,Mendykarinskiy,6803,6798.9183,3025.0,0.44465676907246804,0.4449237173630553
2011,KAZ.10.12_1,Naurzumskiy,16090,16095.4503,987.0,0.061342448725916716,0.06132167674857935
2011,KAZ.10.13_1,Qostanay,8151,8150.5045,39781.0,4.880505459452828,4.8808021348844814
2011,KAZ.10.14_1,Sarykol`skiy,6387,6385.6753,4100.0,0.6419289181149209,0.6420620804918202
2011,KAZ.10.15_1,Taranovskiy,7750,7745.2217,25859.0,3.3366451612903227,3.3387036370061223
2011,KAZ.10.16_1,Uzunkol`skiy,7723,7734.567,2550.0,0.33018257153955716,0.3296887862654467
2011,KAZ.10.17_1,Zhitikarinskiy,7564,7543.3034,8931.0,1.1807244843997884,1.183964044671824
2011,KAZ.11.1_1,Aral`skiy,55256,55264.9883,3316.0,0.06001158245258433,0.060001822201025116
2011,KAZ.11.2_1,Karmakchinskiy,31362,31363.2928,8063.0,0.2570945730501881,0.2570839751870635
2011,KAZ.11.3_1,Kazalinskiy,38288,38287.1923,3132.0,0.08180108650229836,0.08180281222748258
2011,KAZ.11.4_1,Qyzylorda,2322,2316.0783,8945.0,3.8522825150732127,3.8621319264021015
2011,KAZ.11.5_1,Shieliyskiy,30904,30911.1087,2884.0,0.09332125291224437,0.09329979162210315
2011,KAZ.11.6_1,Terenozekskiy,30947,30952.9512,62346.0,2.0146056160532524,2.0142182726600963
2011,KAZ.11.7_1,Zhalagashskiy,23287,23286.5285,25721.0,1.1045218362176321,1.104544200979768
2011,KAZ.11.8_1,Zhanakorganskiy,16813,16811.4924,2888.0,0.1717718432165586,0.1717872471821259
2011,KAZ.12.1_1,Arysskiy,6341,6343.9785,3488.0,0.5500709667244914,0.5498127053379476
2011,KAZ.12.2_1,Baydibekskiy,6962,6962.3081,889.0,0.12769319161160586,0.12768754146729244
2011,KAZ.12.3_1,Chardarinskiy,12114,12109.0736,2280.0,0.1882119861317484,0.18828855775695952
2011,KAZ.12.4_1,Kazygurtskiy,3943,3948.8778,2089.0,0.5297996449404007,0.5290110469803282
2011,KAZ.12.5_1,Maktaaral`skiy,2113,2121.6773,10070.0,4.765735920492191,4.746244787980371
2011,KAZ.12.6_1,Ordabasynskiy,2723,2712.62,5194.0,1.9074550128534704,1.9147540330726025
2011,KAZ.12.7_1,Otrarskiy,18582,18584.8986,1503.0,0.08088472715531159,0.08087211174609739
2011,KAZ.12.8_1,Saryagashskiy,7438,7439.5216,16040.0,2.156493681097069,2.1560526281127377
2011,KAZ.12.9_1,Sayramskiy,1701,1704.567,17480.0,10.276308054085831,10.254803747934586
2011,KAZ.12.10_1,Shymkent,334,332.2048,12035.0,36.032934131736525,36.22765137203435
2011,KAZ.12.11_1,Suzakskiy,40794,40796.9964,7236.0,0.1773790263274011,0.1773659985212026
2011,KAZ.12.12_1,Tolebiyskiy,2918,2917.8616,5844.0,2.0027416038382455,2.0028365968485993
2011,KAZ.12.13_1,Turkestan,7753,7749.8781,10238.0,1.3205210886108603,1.3210530428190241
2011,KAZ.12.14_1,Tyul`kubaskiy,2149,2153.7102,5870.0,2.7315030246626337,2.725529185948599
2011,KAZ.13.1_1,Akzhaikskiy,26028,26032.0325,2027.0,0.07787767020132165,0.07786560654336437
2011,KAZ.13.2_1,Burlinskiy,5354,5358.1927,25362.0,4.7370190511766905,4.733312395243799
2011,KAZ.13.3_1,Chingirlauskiy,7361,7357.6497,1102.0,0.14970792011954898,0.14977608881415658
2011,KAZ.13.4_1,Dzhangalinskiy,21494,21491.9701,843.0,0.03922024751093328,0.039223951786104036
2011,KAZ.13.5_1,Dzhanybekskiy,8009,8003.5822,980.0,0.12236234236483956,0.12244517210856225
2011,KAZ.13.6_1,Karatobinskiy,9925,9939.6014,664.0,0.06690176322418136,0.06680348345476307
2011,KAZ.13.7_1,Kaztalovskiy,19736,19743.3866,1441.0,0.07301378192136197,0.07298646535617578
2011,KAZ.13.8_1,Syrymskiy,12624,12614.5173,1075.0,0.0851552598225602,0.08521927361464764
2011,KAZ.13.9_1,Taskalinskiy,8222,8219.7343,989.0,0.12028703478472391,0.1203201911111808
2011,KAZ.13.10_1,Terektinskiy,8682,8680.1014,5516.0,0.6353374798433541,0.6354764446788472
2011,KAZ.13.11_1,Urdinskiy,19364,19368.9902,743.0,0.0383701714521793,0.03836028586005952
2011,KAZ.13.12_1,Zelenovskiy,8122,8118.9478,29981.0,3.691332184191086,3.6927198815665605
2011,KAZ.14.1_1,Bayzakskiy,4789,4785.8197,11336.0,2.3670912507830444,2.368664228016149
2011,KAZ.14.2_1,Kordayskiy,8629,8625.2652,7319.0,0.8481863483601808,0.8485536235741978
2011,KAZ.14.3_1,Lugovskoy,8992,8994.9512,4240.0,0.47153024911032027,0.47137554291319556
2011,KAZ.14.4_1,Merkenskiy,6255,6245.7744,3794.0,0.606554756195044,0.6074506982125304
2011,KAZ.14.5_1,Moyynkumskiy,49602,49586.5382,3685.0,0.07429135921938632,0.07431452435604392
2011,KAZ.14.6_1,Sarysuskiy,30981,30958.0923,3250.0,0.1049030050676221,0.1049806290325658
2011,KAZ.14.7_1,Shuskiy,11620,11617.7944,6765.0,0.5821858864027539,0.5822964123109818
2011,KAZ.14.8_1,Talasskiy,11742,11739.8088,2478.0,0.2110373019928462,0.21107669201391802
2011,KAZ.14.9_1,Zhamb.,950,949.293,0.0,0.0,0.0
2011,KAZ.14.10_1,Zhambylskiy,2909,2908.9839,13020.0,4.4757648676521145,4.475789562544075
2011,KAZ.14.11_1,Zhualy,690,690.1558,0.0,0.0,0.0
2011,KAZ.14.12_1,Zhualynskiy,3181,3177.7961,2394.0,0.7525935240490412,0.7533523038271148
2012,KAZ.1.1_1,Aksuskiy,13392,13387.4372,1872.0,0.13978494623655913,0.13983258900916393
2012,KAZ.1.2_1,Alakolskiy,36371,36368.3054,7123.0,0.19584284182453054,0.19585735246188354
2012,KAZ.1.3_1,Almaty (Alma-Ata),282,282.7159,16360.0,58.01418439716312,57.86727399272279
2012,KAZ.1.4_1,Balkhashskiy,38307,38315.691,3012.0,0.07862792701072911,0.07861009207091818
2012,KAZ.1.5_1,Enbekshikazakhskiy,9627,9630.8366,12556.0,1.3042484678508361,1.3037289040675042
2012,KAZ.1.6_1,Iliyskiy,8381,8378.8611,20559.0,2.4530485622240783,2.4536747576862563
2012,KAZ.1.7_1,Karasayskiy,2205,2204.1313,20699.0,9.387301587301588,9.391001439360236
2012,KAZ.1.8_1,Karatal`skiy,23995,23985.4486,3622.0,0.15094811419045634,0.15100822431017685
2012,KAZ.1.9_1,Kerbulakskiy,11144,11157.1654,2611.0,0.2342964824120603,0.2340200144279039
2012,KAZ.1.10_1,Koksuskiy,6956,6947.0051,2566.0,0.3688901667625072,0.3693678007052016
2012,KAZ.1.11_1,Panfilovskiy,10411,10410.9861,7071.0,0.6791854768994333,0.6791863806629782
2012,KAZ.1.12_1,Raiymbekskiy,13935,13917.9794,1993.0,0.14302116971654108,0.14319607321841085
2012,KAZ.1.13_1,Sarkandskiy,10192,10198.9963,2227.0,0.21850470957613816,0.21835481975008653
2012,KAZ.1.14_1,Taldyqorghan,4387,4397.3056,13585.0,3.0966491907909734,3.089391835853121
2012,KAZ.1.15_1,Talgarskiy,6069,6058.0912,18042.0,2.9728126544735543,2.978165771826806
2012,KAZ.1.16_1,Uygurskiy,8457,8462.7736,2475.0,0.29265697055693507,0.2924573102405037
2012,KAZ.1.17_1,Zhambylskiy,18472,18473.3386,9960.0,0.5391944564746644,0.5391553870388687
2012,KAZ.2.1_1,Akkol`skiy,10514,10522.4756,13172.0,1.252805782765836,1.2517966738983068
2012,KAZ.2.2_1,Arshalynskiy,6017,6024.4332,7095.0,1.1791590493601463,1.177704157352581
2012,KAZ.2.3_1,Astrakhansiy,7222,7218.1971,4375.0,0.6057878703960122,0.606107026790539
2012,KAZ.2.4_1,Atbasarskiy,10873,10869.0932,5090.0,0.468132070265796,0.46830033818821654
2012,KAZ.2.5_1,Bulandynskiy,5187,5190.895,5238.0,1.0098322729901676,1.0090745377029042
2012,KAZ.2.6_1,Egindykol`skiy,5259,5276.6597,1210.0,0.2300817645940293,0.2293117373438373
2012,KAZ.2.7_1,Enbekshil`derskiy,10606,10606.0361,4790.0,0.4516311521780124,0.451629615341891
2012,KAZ.2.8_1,Ereymengauskiy,17508,17501.7015,4652.0,0.2657071053232808,0.2658027281049637
2012,KAZ.2.9_1,Esil`skiy,8678,8679.3199,4053.0,0.46704309748790046,0.4669720702998903
2012,KAZ.2.10_1,Korgalzhynskiy,9193,9172.9782,1014.0,0.11030131621886217,0.11054206997677259
2012,KAZ.2.11_1,Sandyktauskiy,6307,6302.6735,2198.0,0.34850166481687017,0.3487408958952374
2012,KAZ.2.12_1,Shortandinskiy,4586,4588.3371,7634.0,1.664631487134758,1.6637835819837423
2012,KAZ.2.13_1,Shuchinskiy,5898,5909.4278,14698.0,2.4920311970159377,2.4872120246188416
2012,KAZ.2.14_1,Tselinogradskiy,8277,8278.398,57073.0,6.89537271958439,6.894208312728291
2012,KAZ.2.15_1,Zerendinskiy,8418,8408.3167,19148.0,2.2746495604656687,2.277269133736819
2012,KAZ.2.16_1,Zhaksynskiy,10057,10056.5071,3194.0,0.31758973849060357,0.31760530390525726
2012,KAZ.2.17_1,Zharkainskiy,12416,12426.2702,2358.0,0.18991623711340205,0.1897592735291599
2012,KAZ.3.1_1,Alginskiy,7474,7465.03,3002.0,0.40165908482740165,0.4021417179382425
2012,KAZ.3.2_1,Aqtobe,2396,2398.9899,21470.0,8.96076794657763,8.949600051646218
2012,KAZ.3.3_1,Aytekebiyskiy,36132,36128.4233,1886.0,0.05219749806265914,0.052202665565403414
2012,KAZ.3.4_1,Bayganinskiy,61863,61859.4222,50413.0,0.8149135994051372,0.814960731759991
2012,KAZ.3.5_1,Irgizskiy,41431,41435.2616,455.0,0.010982114841543772,0.010980985329205379
2012,KAZ.3.6_1,Kargalinskiy,4844,4833.9448,4275.0,0.8825350949628407,0.8843708728931134
2012,KAZ.3.7_1,Khobdinskiy,13618,13617.909,932.0,0.06843883095902482,0.06843928824908385
2012,KAZ.3.8_1,Khromtauskiy,12764,12776.9987,12911.0,1.0115167659041053,1.0104877014564133
2012,KAZ.3.9_1,Martukskiy,6479,6474.1115,2206.0,0.3404846426917734,0.34074173902836175
2012,KAZ.3.10_1,Mugalzharskiy,29413,29418.8846,132355.0,4.49988100499779,4.498980895307918
2012,KAZ.3.11_1,Shalkarskiy,61988,61995.1616,4309.0,0.06951345421694521,0.06950542413015262
2012,KAZ.3.12_1,Temirskiy,12513,12509.9697,10886.0,0.8699752257652041,0.8701859617622544
2012,KAZ.3.13_1,Uilskiy,10813,10805.3021,482.0,0.044575973365393505,0.04460773013349636
2012,KAZ.4.1_1,Atyrau,3133,3136.9405,12549.0,4.005426109160549,4.000394618220883
2012,KAZ.4.2_1,Inderskiy,11379,11381.1544,2218.0,0.19492046752790226,0.19488357057153263
2012,KAZ.4.3_1,Isatayskiy,13984,13973.895,2584.0,0.18478260869565216,0.18491623185979078
2012,KAZ.4.4_1,Kurmangazinskiy,20963,20971.928,2648.0,0.12631779802509183,0.12626402305392256
2012,KAZ.4.5_1,Kzylkoginskiy,23848,23831.6595,7636.0,0.3201945655820195,0.3204141115789865
2012,KAZ.4.6_1,Makatskiy,4648,4645.3358,3979.0,0.8560671256454389,0.8565580984170198
2012,KAZ.4.7_1,Makhambetskiy,9233,9238.6483,8570.0,0.9281923535145673,0.9276248790158963
2012,KAZ.4.8_1,Zhylyoyskiy,30176,30180.7623,59257.0,1.9637128844114529,1.9634030261669468
2012,KAZ.5.1_1,Abayskiy,19546,19548.8915,1693.0,0.0866161874552338,0.08660337609626588
2012,KAZ.5.2_1,Ayagozskiy,46653,46624.2114,8656.0,0.1855400510149401,0.1856546144648231
2012,KAZ.5.3_1,Beskaragayskiy,9766,9771.5976,4145.0,0.42443170182265,0.4241885679559535
2012,KAZ.5.4_1,Borodulikhinskiy,6225,6218.2645,6042.0,0.9706024096385543,0.9716537467604768
2012,KAZ.5.5_1,Glubokovskiy,7471,7460.8603,18378.0,2.4599116584125285,2.4632548070856544
2012,KAZ.5.6_1,Katon-Karagayskiy,13115,13114.1525,1989.0,0.1516584064048799,0.15166820768338957
2012,KAZ.5.7_1,Kokpektinskiy,14505,14517.2114,3154.0,0.21744226128921063,0.21725935544521915
2012,KAZ.5.8_1,Kurchumskiy,23877,23872.8825,2423.0,0.10147841018553419,0.10149591267122973
2012,KAZ.5.9_1,Leninogorsk,3227,3235.8558,6633.0,2.0554694762937715,2.0498441226779613
2012,KAZ.5.10_1,Semipalatinskiy,31307,31325.8457,26084.0,0.8331683010189415,0.8326670653907651
2012,KAZ.5.11_1,Shemonaikhinskiy,4074,4071.623,10506.0,2.57879234167894,2.5802978446019087
2012,KAZ.5.12_1,Tarbagatayskiy,22626,22609.7774,2678.0,0.1183594095288606,0.11844433287506546
2012,KAZ.5.13_1,Ulanskiy,9852,9854.1714,19267.0,1.9556435241575314,1.9552126005283992
2012,KAZ.5.14_1,Urdzharskiy,25124,25114.9445,5588.0,0.2224168126094571,0.22249700799726252
2012,KAZ.5.15_1,Zaysanskiy,9565,9561.1695,3537.0,0.3697856769472033,0.36993382258737645
2012,KAZ.5.16_1,Zharminskiy,22270,22279.605,7368.0,0.3308486753480018,0.3307060420547847
2012,KAZ.5.17_1,Zyryanovsk,11445,11445.8901,12935.0,1.1301878549584972,1.1300999657267234
2012,KAZ.6.1_1,Aqtau,1352,1352.7086,16001.0,11.835059171597633,11.82885950246714
2012,KAZ.6.2_1,Beyneuskiy,39572,39560.655,9562.0,0.24163549984837765,0.24170479485833832
2012,KAZ.6.3_1,Karakiyanskiy,65617,65609.5753,18012.0,0.2745020345337336,0.27453309843063567
2012,KAZ.6.4_1,Manghystauskiy,49500,49519.3216,16979.0,0.343010101010101,0.3428762644359466
2012,KAZ.6.5_1,Tupkaraganskiy,10066,10061.9108,36609.0,3.636896483210809,3.6383745228781996
2012,KAZ.7.1_1,Akzharskiy,8055,8060.5054,1940.0,0.24084419615145872,0.24067969874312123
2012,KAZ.7.2_1,Ayyrtauskiy,9630,9633.5514,4622.0,0.47995846313603324,0.47978152932073803
2012,KAZ.7.3_1,Bulaevskiy,7907,7908.5235,4476.0,0.5660806879979765,0.5659716395819072
2012,KAZ.7.4_1,Esil`skiy,4926,4923.8679,4374.0,0.8879415347137637,0.8883260240791281
2012,KAZ.7.5_1,Kyzylzharskiy,6308,6303.3423,23819.0,3.775998731769182,3.778788921030866
2012,KAZ.7.6_1,Mamlyutskiy,4138,4151.6206,3736.0,0.902851619139681,0.899889544580202
2012,KAZ.7.7_1,Shal Akyna,4758,4759.1509,1791.0,0.3764186633039092,0.3763276352975305
2012,KAZ.7.8_1,Sovetskiy,4636,4635.5038,4092.0,0.8826574633304572,0.8827519438235488
2012,KAZ.7.9_1,Taiynshinskiy,11127,11129.4809,8183.0,0.7354183517569876,0.735254420586716
2012,KAZ.7.10_1,Timiryazevskiy,4768,4775.0033,2872.0,0.6023489932885906,0.6014655483350131
2012,KAZ.7.11_1,Tselinniy,12298,12291.1075,7447.0,0.6055456171735242,0.6058851917425657
2012,KAZ.7.12_1,Ualikhanovskiy,12586,12586.5573,1865.0,0.14818051803591292,0.14817395716140352
2012,KAZ.7.13_1,Zhambylskiy,7722,7713.3211,2822.0,0.36544936544936546,0.3658605639323503
2012,KAZ.8.1_1,Aksuskiy,8081,8080.2883,21746.0,2.691003588664769,2.691240602197575
2012,KAZ.8.2_1,Aktogayskiy,9409,9403.9423,3427.0,0.36422574131151025,0.364421633571243
2012,KAZ.8.3_1,Bayanaul`skiy,18623,18613.3374,9623.0,0.5167266283627772,0.5169948727382457
2012,KAZ.8.4_1,Ekibastuz,19241,19236.1846,46630.0,2.4234707135803752,2.4240773858308757
2012,KAZ.8.5_1,Irtyshskiy,10103,10102.5432,4181.0,0.41383747401761856,0.4138561882167327
2012,KAZ.8.6_1,Kachirskiy,6831,6833.7305,3483.0,0.5098814229249012,0.5096776938185005
2012,KAZ.8.7_1,Lebyazhinskiy,8094,8100.0565,2436.0,0.30096367679762787,0.30073864122891875
2012,KAZ.8.8_1,Mayskiy,18058,18048.9733,5685.0,0.3148189168235685,0.3149763645991303
2012,KAZ.8.9_1,Pavlodarskiy,6527,6532.3778,37358.0,5.723609621571932,5.718897649005279
2012,KAZ.8.10_1,Sherbaktinskiy,6979,6974.1198,4911.0,0.7036824759994269,0.70417488621033
2012,KAZ.8.11_1,Uspenskiy,5590,5581.5676,4399.0,0.7869409660107335,0.7881298441527946
2012,KAZ.8.12_1,Zhelezinskiy,7598,7584.3494,2268.0,0.29849960515925245,0.29903685684203435
2012,KAZ.9.1_1,Abayskiy,6708,6706.9089,19575.0,2.9181574239713775,2.9186321795351557
2012,KAZ.9.2_1,Aktogayskiy,56475,56483.5207,13513.0,0.23927401505090748,0.2392379199819994
2012,KAZ.9.3_1,Bukhar-Zhyrauskiy,15297,15298.2434,79578.0,5.202196509119435,5.201773675796973
2012,KAZ.9.4_1,Karkaralinskiy,35215,35227.1629,4654.0,0.13215959108334516,0.13211396010880075
2012,KAZ.9.5_1,Nurinskiy,47011,47004.3867,4661.0,0.09914700814702943,0.09916095775952098
2012,KAZ.9.6_1,Osakarovskiy,11120,11123.7267,7702.0,0.6926258992805755,0.6923938529780319
2012,KAZ.9.7_1,Shetskiy,66230,66248.7613,9240.0,0.13951381549146913,0.13947430594222912
2012,KAZ.9.8_1,Ulytauskiy,128675,128672.5201,58919.0,0.45789003302894893,0.45789885781272094
2012,KAZ.9.9_1,Zhanaarkinskiy,63004,63031.6413,10468.0,0.16614818106786872,0.16607531995869218
2012,KAZ.10.1_1,Altynsarinskiy,5349,5356.2087,2772.0,0.5182277061132922,0.5175302416906199
2012,KAZ.10.2_1,Amangel`dinskiy,28028,28028.9463,424.0,0.015127729413443699,0.015127218676222624
2012,KAZ.10.3_1,Arkalyk,11294,11285.7064,5570.0,0.4931822206481318,0.4935446495247849
2012,KAZ.10.4_1,Auliekol`skiy,11042,11044.7742,6432.0,0.5825031697156312,0.5823568564255466
2012,KAZ.10.5_1,Denisovskiy,6504,6510.3182,4220.0,0.6488314883148831,0.6482018068522047
2012,KAZ.10.6_1,Dzhangil`dinskiy,38581,38583.4343,361.0,0.009356937352582877,0.009356347016214985
2012,KAZ.10.7_1,Fyodorovskiy,6781,6767.2202,8679.0,1.2798997198053383,1.2825059275688828
2012,KAZ.10.8_1,Kamystinskiy,12932,12927.5113,4593.0,0.35516548097742034,0.3552888005997721
2012,KAZ.10.9_1,Karabalykskiy,7266,7284.2803,8407.0,1.1570327552986512,1.154129124298254
2012,KAZ.10.10_1,Karasuskiy,12827,12830.2125,3869.0,0.3016293755359788,0.3015538515634472
2012,KAZ.10.11_1,Mendykarinskiy,6803,6798.9183,2987.0,0.43907099808907835,0.43933459297965166
2012,KAZ.10.12_1,Naurzumskiy,16090,16095.4503,1078.0,0.06699813548788067,0.0669754483636966
2012,KAZ.10.13_1,Qostanay,8151,8150.5045,40588.0,4.979511716353822,4.979814410162925
2012,KAZ.10.14_1,Sarykol`skiy,6387,6385.6753,4300.0,0.6732425238766244,0.6733821819792261
2012,KAZ.10.15_1,Taranovskiy,7750,7745.2217,26281.0,3.3910967741935485,3.3931888427301096
2012,KAZ.10.16_1,Uzunkol`skiy,7723,7734.567,3143.0,0.4069662048426777,0.40635759028717605
2012,KAZ.10.17_1,Zhitikarinskiy,7564,7543.3034,9102.0,1.2033315705975673,1.2066331580565381
2012,KAZ.11.1_1,Aral`skiy,55256,55264.9883,3473.0,0.06285290285217895,0.06284268048979501
2012,KAZ.11.2_1,Karmakchinskiy,31362,31363.2928,8033.0,0.25613800140297177,0.25612744297131107
2012,KAZ.11.3_1,Kazalinskiy,38288,38287.1923,3304.0,0.08629335562055997,0.08629517611736987
2012,KAZ.11.4_1,Qyzylorda,2322,2316.0783,9577.0,4.124461670973299,4.135006982577186
2012,KAZ.11.5_1,Shieliyskiy,30904,30911.1087,3110.0,0.10063422210717059,0.10061107903770486
2012,KAZ.11.6_1,Terenozekskiy,30947,30952.9512,64224.0,2.0752900119559246,2.074891000919418
2012,KAZ.11.7_1,Zhalagashskiy,23287,23286.5285,25377.0,1.0897496457250826,1.0897717113745022
2012,KAZ.11.8_1,Zhanakorganskiy,16813,16811.4924,3258.0,0.19377862368405402,0.19379600114936502
2012,KAZ.12.1_1,Arysskiy,6341,6343.9785,3400.0,0.5361930294906166,0.5359412838729993
2012,KAZ.12.2_1,Baydibekskiy,6962,6962.3081,962.0,0.13817868428612468,0.13817257018170453
2012,KAZ.12.3_1,Chardarinskiy,12114,12109.0736,2177.0,0.17970942710912993,0.1797825395775881
2012,KAZ.12.4_1,Kazygurtskiy,3943,3948.8778,2356.0,0.5975145828049708,0.5966251922860953
2012,KAZ.12.5_1,Maktaaral`skiy,2113,2121.6773,9363.0,4.431140558447705,4.413017869896744
2012,KAZ.12.6_1,Ordabasynskiy,2723,2712.62,5390.0,1.9794344473007712,1.9870089022451536
2012,KAZ.12.7_1,Otrarskiy,18582,18584.8986,1779.0,0.09573781078463028,0.09572287877332486
2012,KAZ.12.8_1,Saryagashskiy,7438,7439.5216,15813.0,2.1259747243882763,2.1255399132385735
2012,KAZ.12.9_1,Sayramskiy,1701,1704.567,17868.0,10.504409171075837,10.482427538220549
2012,KAZ.12.10_1,Shymkent,334,332.2048,12745.0,38.15868263473054,38.36488714055486
2012,KAZ.12.11_1,Suzakskiy,40794,40796.9964,8337.0,0.20436828945433153,0.20435327939072223
2012,KAZ.12.12_1,Tolebiyskiy,2918,2917.8616,5844.0,2.0027416038382455,2.0028365968485993
2012,KAZ.12.13_1,Turkestan,7753,7749.8781,10585.0,1.365277956919902,1.365827940832132
2012,KAZ.12.14_1,Tyul`kubaskiy,2149,2153.7102,6003.0,2.793392275476966,2.7872830840288656
2012,KAZ.13.1_1,Akzhaikskiy,26028,26032.0325,1885.0,0.07242200706930997,0.07241078852207293
2012,KAZ.13.2_1,Burlinskiy,5354,5358.1927,25496.0,4.762047067613,4.7583208275820486
2012,KAZ.13.3_1,Chingirlauskiy,7361,7357.6497,1091.0,0.1482135579404972,0.14828104618534013
2012,KAZ.13.4_1,Dzhangalinskiy,21494,21491.9701,832.0,0.038708476784218855,0.038712132723651906
2012,KAZ.13.5_1,Dzhanybekskiy,8009,8003.5822,961.0,0.11999001123735797,0.1200712350982942
2012,KAZ.13.6_1,Karatobinskiy,9925,9939.6014,580.0,0.058438287153652395,0.05835244036711232
2012,KAZ.13.7_1,Kaztalovskiy,19736,19743.3866,1444.0,0.07316578840697203,0.0731384149717681
2012,KAZ.13.8_1,Syrymskiy,12624,12614.5173,951.0,0.07533269961977186,0.07538932949537665
2012,KAZ.13.9_1,Taskalinskiy,8222,8219.7343,1016.0,0.12357090732181951,0.1236049688260462
2012,KAZ.13.10_1,Terektinskiy,8682,8680.1014,5372.0,0.6187514397604239,0.618886776797456
2012,KAZ.13.11_1,Urdinskiy,19364,19368.9902,635.0,0.03279281140260277,0.03278436274715719
2012,KAZ.13.12_1,Zelenovskiy,8122,8118.9478,28786.0,3.5442009357301156,3.54553332146276
2012,KAZ.14.1_1,Bayzakskiy,4789,4785.8197,11154.0,2.3290874921695552,2.3306352151810272
2012,KAZ.14.2_1,Kordayskiy,8629,8625.2652,8273.0,0.9587437710047514,0.9591589189546849
2012,KAZ.14.3_1,Lugovskoy,8992,8994.9512,4497.0,0.5001112099644128,0.4999471265284529
2012,KAZ.14.4_1,Merkenskiy,6255,6245.7744,4010.0,0.6410871302957634,0.6420340800823002
2012,KAZ.14.5_1,Moyynkumskiy,49602,49586.5382,3806.0,0.076730776984799,0.07675470276773491
2012,KAZ.14.6_1,Sarysuskiy,30981,30958.0923,3290.0,0.10619411897614667,0.10627269831296661
2012,KAZ.14.7_1,Shuskiy,11620,11617.7944,7350.0,0.6325301204819277,0.6326502040629293
2012,KAZ.14.8_1,Talasskiy,11742,11739.8088,2160.0,0.18395503321410323,0.18398936834142976
2012,KAZ.14.9_1,Zhamb.,950,949.293,0.0,0.0,0.0
2012,KAZ.14.10_1,Zhambylskiy,2909,2908.9839,12871.0,4.424544517016157,4.424568929301443
2012,KAZ.14.11_1,Zhualy,690,690.1558,0.0,0.0,0.0
2012,KAZ.14.12_1,Zhualynskiy,3181,3177.7961,2257.0,0.7095253065073877,0.7102406640508765
2013,KAZ.1.1_1,Aksuskiy,13392,13387.4372,1835.0,0.13702210274790919,0.13706880386314949
2013,KAZ.1.2_1,Alakolskiy,36371,36368.3054,7569.0,0.20810535866487037,0.20812077787224437
2013,KAZ.1.3_1,Almaty (Alma-Ata),282,282.7159,16367.0,58.03900709219858,57.89203382878325
2013,KAZ.1.4_1,Balkhashskiy,38307,38315.691,3075.0,0.08027253504581408,0.0802543270644334
2013,KAZ.1.5_1,Enbekshikazakhskiy,9627,9630.8366,13244.0,1.375714137322115,1.3751661042903813
2013,KAZ.1.6_1,Iliyskiy,8381,8378.8611,21295.0,2.540866245078153,2.5415148579662836
2013,KAZ.1.7_1,Karasayskiy,2205,2204.1313,22363.0,10.141950113378686,10.145947397865257
2013,KAZ.1.8_1,Karatal`skiy,23995,23985.4486,3589.0,0.14957282767243177,0.14963239012954851
2013,KAZ.1.9_1,Kerbulakskiy,11144,11157.1654,2800.0,0.25125628140703515,0.2509598009950712
2013,KAZ.1.10_1,Koksuskiy,6956,6947.0051,2562.0,0.36831512363427255,0.3687920130189893
2013,KAZ.1.11_1,Panfilovskiy,10411,10410.9861,8844.0,0.8494861204495245,0.8494872508249722
2013,KAZ.1.12_1,Raiymbekskiy,13935,13917.9794,2134.0,0.15313957660566918,0.1533268541134414
2013,KAZ.1.13_1,Sarkandskiy,10192,10198.9963,2245.0,0.2202708006279435,0.220119699299032
2013,KAZ.1.14_1,Taldyqorghan,4387,4397.3056,13594.0,3.0987007066332346,3.0914385437311247
2013,KAZ.1.15_1,Talgarskiy,6069,6058.0912,18794.0,3.0967210413577195,3.1022972794431323
2013,KAZ.1.16_1,Uygurskiy,8457,8462.7736,2526.0,0.2986874778290174,0.298483703300005
2013,KAZ.1.17_1,Zhambylskiy,18472,18473.3386,11680.0,0.6323083585967951,0.6322625422303199
2013,KAZ.2.1_1,Akkol`skiy,10514,10522.4756,14871.0,1.4143998478219517,1.4132605783132188
2013,KAZ.2.2_1,Arshalynskiy,6017,6024.4332,7944.0,1.3202592654146585,1.3186302785072452
2013,KAZ.2.3_1,Astrakhansiy,7222,7218.1971,5244.0,0.7261146496815286,0.7264971996547627
2013,KAZ.2.4_1,Atbasarskiy,10873,10869.0932,5447.0,0.5009656948404304,0.501145764658392
2013,KAZ.2.5_1,Bulandynskiy,5187,5190.895,5775.0,1.1133603238866396,1.112524905543007
2013,KAZ.2.6_1,Egindykol`skiy,5259,5276.6597,1236.0,0.23502567027952082,0.23423909698924208
2013,KAZ.2.7_1,Enbekshil`derskiy,10606,10606.0361,5064.0,0.4774655855176315,0.47746396077063386
2013,KAZ.2.8_1,Ereymengauskiy,17508,17501.7015,4769.0,0.2723897646790039,0.27248779241886756
2013,KAZ.2.9_1,Esil`skiy,8678,8679.3199,4244.0,0.4890527771375893,0.4889784027517233
2013,KAZ.2.10_1,Korgalzhynskiy,9193,9172.9782,1128.0,0.12270205591210703,0.12296987666055174
2013,KAZ.2.11_1,Sandyktauskiy,6307,6302.6735,2371.0,0.37593150467734265,0.37618956513539936
2013,KAZ.2.12_1,Shortandinskiy,4586,4588.3371,8911.0,1.9430876580898386,1.9420979170889612
2013,KAZ.2.13_1,Shuchinskiy,5898,5909.4278,16411.0,2.782468633435063,2.777087803512029
2013,KAZ.2.14_1,Tselinogradskiy,8277,8278.398,62533.0,7.555032016431074,7.553756214319175
2013,KAZ.2.15_1,Zerendinskiy,8418,8408.3167,22554.0,2.679258731290093,2.6823442679287766
2013,KAZ.2.16_1,Zhaksynskiy,10057,10056.5071,3447.0,0.342746345828776,0.34276314419581144
2013,KAZ.2.17_1,Zharkainskiy,12416,12426.2702,2328.0,0.1875,0.18734503340792374
2013,KAZ.3.1_1,Alginskiy,7474,7465.03,3648.0,0.4880920524484881,0.48867854331735794
2013,KAZ.3.2_1,Aqtobe,2396,2398.9899,22727.0,9.485392320534224,9.47357058098573
2013,KAZ.3.3_1,Aytekebiyskiy,36132,36128.4233,1961.0,0.05427322041403742,0.05427859341132348
2013,KAZ.3.4_1,Bayganinskiy,61863,61859.4222,57799.0,0.9343064513521815,0.9343604890602764
2013,KAZ.3.5_1,Irgizskiy,41431,41435.2616,493.0,0.01189930245468369,0.011898078609446706
2013,KAZ.3.6_1,Kargalinskiy,4844,4833.9448,4643.0,0.958505367464905,0.9604991725947897
2013,KAZ.3.7_1,Khobdinskiy,13618,13617.909,974.0,0.07152298428550448,0.07152346218305544
2013,KAZ.3.8_1,Khromtauskiy,12764,12776.9987,14319.0,1.1218270134753996,1.1206857251300737
2013,KAZ.3.9_1,Martukskiy,6479,6474.1115,2504.0,0.3864793949683593,0.3867712214537705
2013,KAZ.3.10_1,Mugalzharskiy,29413,29418.8846,130079.0,4.4225002549892904,4.421615623744918
2013,KAZ.3.11_1,Shalkarskiy,61988,61995.1616,4851.0,0.07825708201587404,0.0782480418787121
2013,KAZ.3.12_1,Temirskiy,12513,12509.9697,11411.0,0.9119315911452089,0.9121524903241857
2013,KAZ.3.13_1,Uilskiy,10813,10805.3021,533.0,0.04929251826505133,0.04932763518911527
2013,KAZ.4.1_1,Atyrau,3133,3136.9405,13202.0,4.21385253750399,4.208559227807164
2013,KAZ.4.2_1,Inderskiy,11379,11381.1544,2327.0,0.20449951665348448,0.20446080645624726
2013,KAZ.4.3_1,Isatayskiy,13984,13973.895,2667.0,0.1907179633867277,0.190855878626185
2013,KAZ.4.4_1,Kurmangazinskiy,20963,20971.928,2885.0,0.13762343176072128,0.13756484384840129
2013,KAZ.4.5_1,Kzylkoginskiy,23848,23831.6595,7826.0,0.32816169070781614,0.3283866994784113
2013,KAZ.4.6_1,Makatskiy,4648,4645.3358,4607.0,0.9911790017211703,0.9917474640380021
2013,KAZ.4.7_1,Makhambetskiy,9233,9238.6483,9047.0,0.9798548684068017,0.9792558086880763
2013,KAZ.4.8_1,Zhylyoyskiy,30176,30180.7623,59821.0,1.9824032343584306,1.9820904269256447
2013,KAZ.5.1_1,Abayskiy,19546,19548.8915,1853.0,0.0948020055254272,0.0947879834060134
2013,KAZ.5.2_1,Ayagozskiy,46653,46624.2114,10365.0,0.22217220757507555,0.222309389894627
2013,KAZ.5.3_1,Beskaragayskiy,9766,9771.5976,3877.0,0.3969895556010649,0.39676214184927183
2013,KAZ.5.4_1,Borodulikhinskiy,6225,6218.2645,6338.0,1.018152610441767,1.0192554529903843
2013,KAZ.5.5_1,Glubokovskiy,7471,7460.8603,19011.0,2.5446392718511577,2.5480975697848174
2013,KAZ.5.6_1,Katon-Karagayskiy,13115,13114.1525,2273.0,0.17331300038124287,0.1733242011384336
2013,KAZ.5.7_1,Kokpektinskiy,14505,14517.2114,3755.0,0.2588762495691141,0.258658490709194
2013,KAZ.5.8_1,Kurchumskiy,23877,23872.8825,2647.0,0.11085982326087868,0.11087894380550767
2013,KAZ.5.9_1,Leninogorsk,3227,3235.8558,6769.0,2.0976138828633406,2.091873189568388
2013,KAZ.5.10_1,Semipalatinskiy,31307,31325.8457,26339.0,0.8413134442776375,0.8408073085158473
2013,KAZ.5.11_1,Shemonaikhinskiy,4074,4071.623,10790.0,2.6485027000490917,2.65004889998616
2013,KAZ.5.12_1,Tarbagatayskiy,22626,22609.7774,2858.0,0.12631485901175638,0.1264054904245471
2013,KAZ.5.13_1,Ulanskiy,9852,9854.1714,20153.0,2.045574502639058,2.045123762830167
2013,KAZ.5.14_1,Urdzharskiy,25124,25114.9445,5844.0,0.23260627288648306,0.23269014222190448
2013,KAZ.5.15_1,Zaysanskiy,9565,9561.1695,3838.0,0.4012545739675902,0.4014153268561919
2013,KAZ.5.16_1,Zharminskiy,22270,22279.605,7147.0,0.32092501122586437,0.32078665615710455
2013,KAZ.5.17_1,Zyryanovsk,11445,11445.8901,13074.0,1.1423328964613368,1.142244062768549
2013,KAZ.6.1_1,Aqtau,1352,1352.7086,16114.0,11.918639053254438,11.912395601697112
2013,KAZ.6.2_1,Beyneuskiy,39572,39560.655,10524.0,0.26594561811381784,0.26602188465688686
2013,KAZ.6.3_1,Karakiyanskiy,65617,65609.5753,18801.0,0.2865263574988189,0.2865587821227171
2013,KAZ.6.4_1,Manghystauskiy,49500,49519.3216,18359.0,0.3708888888888889,0.3707441744967044
2013,KAZ.6.5_1,Tupkaraganskiy,10066,10061.9108,37396.0,3.7150804689052257,3.716590282650527
2013,KAZ.7.1_1,Akzharskiy,8055,8060.5054,1992.0,0.2472998137802607,0.24713090716303995
2013,KAZ.7.2_1,Ayyrtauskiy,9630,9633.5514,5169.0,0.5367601246105919,0.5365622512027034
2013,KAZ.7.3_1,Bulaevskiy,7907,7908.5235,4879.0,0.6170481851523966,0.6169293184808144
2013,KAZ.7.4_1,Esil`skiy,4926,4923.8679,4494.0,0.9123020706455542,0.912697108416004
2013,KAZ.7.5_1,Kyzylzharskiy,6308,6303.3423,26507.0,4.2021242866201645,4.205229351768133
2013,KAZ.7.6_1,Mamlyutskiy,4138,4151.6206,3893.0,0.9407926534557758,0.9377061019943057
2013,KAZ.7.7_1,Shal Akyna,4758,4759.1509,1984.0,0.4169819251786465,0.41688108790078193
2013,KAZ.7.8_1,Sovetskiy,4636,4635.5038,4490.0,0.9685073339085418,0.9686110038533075
2013,KAZ.7.9_1,Taiynshinskiy,11127,11129.4809,9056.0,0.8138761570953537,0.8136947369953929
2013,KAZ.7.10_1,Timiryazevskiy,4768,4775.0033,3191.0,0.669253355704698,0.6682717843791877
2013,KAZ.7.11_1,Tselinniy,12298,12291.1075,8469.0,0.688648560741584,0.6890347373261433
2013,KAZ.7.12_1,Ualikhanovskiy,12586,12586.5573,2306.0,0.18321945018274274,0.18321133791645924
2013,KAZ.7.13_1,Zhambylskiy,7722,7713.3211,3147.0,0.4075369075369075,0.40799546232994555
2013,KAZ.8.1_1,Aksuskiy,8081,8080.2883,22668.0,2.8050983789135007,2.8053454414887624
2013,KAZ.8.2_1,Aktogayskiy,9409,9403.9423,3703.0,0.39355935806143055,0.3937710268789942
2013,KAZ.8.3_1,Bayanaul`skiy,18623,18613.3374,10023.0,0.5382054448799871,0.5384848393905681
2013,KAZ.8.4_1,Ekibastuz,19241,19236.1846,48225.0,2.506366612961904,2.5069940367079986
2013,KAZ.8.5_1,Irtyshskiy,10103,10102.5432,4462.0,0.44165099475403347,0.4416709667120453
2013,KAZ.8.6_1,Kachirskiy,6831,6833.7305,3858.0,0.56477821695213,0.5645525531874175
2013,KAZ.8.7_1,Lebyazhinskiy,8094,8100.0565,2652.0,0.32765011119347665,0.3274051217319756
2013,KAZ.8.8_1,Mayskiy,18058,18048.9733,5934.0,0.3286078192490863,0.32877216315413177
2013,KAZ.8.9_1,Pavlodarskiy,6527,6532.3778,38302.0,5.868239620039835,5.863408580550356
2013,KAZ.8.10_1,Sherbaktinskiy,6979,6974.1198,5135.0,0.7357787648660267,0.7362936348381275
2013,KAZ.8.11_1,Uspenskiy,5590,5581.5676,4734.0,0.8468694096601074,0.8481488252374016
2013,KAZ.8.12_1,Zhelezinskiy,7598,7584.3494,2418.0,0.31824164253750986,0.3188144267389943
2013,KAZ.9.1_1,Abayskiy,6708,6706.9089,20257.0,3.0198270721526534,3.0203183683700456
2013,KAZ.9.2_1,Aktogayskiy,56475,56483.5207,14284.0,0.2529260734838424,0.2528879189686139
2013,KAZ.9.3_1,Bukhar-Zhyrauskiy,15297,15298.2434,81232.0,5.310322285415441,5.309890663655027
2013,KAZ.9.4_1,Karkaralinskiy,35215,35227.1629,5041.0,0.14314922618202472,0.14309980079683382
2013,KAZ.9.5_1,Nurinskiy,47011,47004.3867,4842.0,0.10299717087490162,0.10301166219086046
2013,KAZ.9.6_1,Osakarovskiy,11120,11123.7267,8039.0,0.722931654676259,0.7226894552181768
2013,KAZ.9.7_1,Shetskiy,66230,66248.7613,9677.0,0.14611203382153104,0.14607065569296007
2013,KAZ.9.8_1,Ulytauskiy,128675,128672.5201,61570.0,0.47849232562657856,0.4785015474724491
2013,KAZ.9.9_1,Zhanaarkinskiy,63004,63031.6413,10817.0,0.1716875119040061,0.17161222162716597
2013,KAZ.10.1_1,Altynsarinskiy,5349,5356.2087,3006.0,0.5619742007851934,0.5612178594956722
2013,KAZ.10.2_1,Amangel`dinskiy,28028,28028.9463,505.0,0.01801769658912516,0.018017088281821757
2013,KAZ.10.3_1,Arkalyk,11294,11285.7064,5454.0,0.48291128032583674,0.48326616131206046
2013,KAZ.10.4_1,Auliekol`skiy,11042,11044.7742,6643.0,0.6016120268067379,0.601460913749208
2013,KAZ.10.5_1,Denisovskiy,6504,6510.3182,4528.0,0.6961869618696187,0.6955113226129818
2013,KAZ.10.6_1,Dzhangil`dinskiy,38581,38583.4343,373.0,0.009667971281200591,0.009667361321463128
2013,KAZ.10.7_1,Fyodorovskiy,6781,6767.2202,9545.0,1.407609497124318,1.4104757551152192
2013,KAZ.10.8_1,Kamystinskiy,12932,12927.5113,4751.0,0.36738323538509127,0.36751079722393143
2013,KAZ.10.9_1,Karabalykskiy,7266,7284.2803,8468.0,1.1654280209193504,1.1625033215841103
2013,KAZ.10.10_1,Karasuskiy,12827,12830.2125,3971.0,0.309581351835971,0.30950383679463656
2013,KAZ.10.11_1,Mendykarinskiy,6803,6798.9183,3162.0,0.4647949434073203,0.4650739815874317
2013,KAZ.10.12_1,Naurzumskiy,16090,16095.4503,1139.0,0.07078931013051584,0.07076533922657739
2013,KAZ.10.13_1,Qostanay,8151,8150.5045,46265.0,5.675990675990676,5.6763357072580005
2013,KAZ.10.14_1,Sarykol`skiy,6387,6385.6753,4832.0,0.7565367152027556,0.7566936519357257
2013,KAZ.10.15_1,Taranovskiy,7750,7745.2217,29455.0,3.8006451612903227,3.80298989241716
2013,KAZ.10.16_1,Uzunkol`skiy,7723,7734.567,3540.0,0.4583710993137382,0.4576856091685024
2013,KAZ.10.17_1,Zhitikarinskiy,7564,7543.3034,9792.0,1.2945531464833422,1.2981050190825776
2013,KAZ.11.1_1,Aral`skiy,55256,55264.9883,3900.0,0.07058057043578977,0.07056909124969782
2013,KAZ.11.2_1,Karmakchinskiy,31362,31363.2928,8791.0,0.2803073783559722,0.280295823622656
2013,KAZ.11.3_1,Kazalinskiy,38288,38287.1923,4641.0,0.12121291266193063,0.12121546984283099
2013,KAZ.11.4_1,Qyzylorda,2322,2316.0783,12049.0,5.189061154177433,5.202328404831629
2013,KAZ.11.5_1,Shieliyskiy,30904,30911.1087,3836.0,0.12412632668910173,0.12409778108959352
2013,KAZ.11.6_1,Terenozekskiy,30947,30952.9512,68638.0,2.217920961644101,2.2174945272967586
2013,KAZ.11.7_1,Zhalagashskiy,23287,23286.5285,26460.0,1.13625628032808,1.1362792876608476
2013,KAZ.11.8_1,Zhanakorganskiy,16813,16811.4924,3927.0,0.23356926188068755,0.23359020764688657
2013,KAZ.12.1_1,Arysskiy,6341,6343.9785,3504.0,0.5525942280397413,0.5523347819679382
2013,KAZ.12.2_1,Baydibekskiy,6962,6962.3081,963.0,0.138322321172077,0.13831620071203893
2013,KAZ.12.3_1,Chardarinskiy,12114,12109.0736,2160.0,0.17830609212481427,0.17837863366448797
2013,KAZ.12.4_1,Kazygurtskiy,3943,3948.8778,2624.0,0.6654831346690337,0.664492574091135
2013,KAZ.12.5_1,Maktaaral`skiy,2113,2121.6773,8905.0,4.2143871273071465,4.197150927206078
2013,KAZ.12.6_1,Ordabasynskiy,2723,2712.62,5770.0,2.118986412045538,2.1270948730898955
2013,KAZ.12.7_1,Otrarskiy,18582,18584.8986,1757.0,0.09455386933591647,0.09453912198129948
2013,KAZ.12.8_1,Saryagashskiy,7438,7439.5216,16197.0,2.1776015057811238,2.177156135756983
2013,KAZ.12.9_1,Sayramskiy,1701,1704.567,18665.0,10.972957084068195,10.949994963112074
2013,KAZ.12.10_1,Shymkent,334,332.2048,13067.0,39.122754491017965,39.334168714447266
2013,KAZ.12.11_1,Suzakskiy,40794,40796.9964,8749.0,0.21446781389420014,0.2144520620594253
2013,KAZ.12.12_1,Tolebiyskiy,2918,2917.8616,6098.0,2.089787525702536,2.089886647430314
2013,KAZ.12.13_1,Turkestan,7753,7749.8781,11368.0,1.4662711208564427,1.4668617885101256
2013,KAZ.12.14_1,Tyul`kubaskiy,2149,2153.7102,6310.0,2.936249418334109,2.9298277961389543
2013,KAZ.13.1_1,Akzhaikskiy,26028,26032.0325,1653.0,0.06350852927616413,0.06349869147320242
2013,KAZ.13.2_1,Burlinskiy,5354,5358.1927,27108.0,5.063130369816959,5.0591685360093415
2013,KAZ.13.3_1,Chingirlauskiy,7361,7357.6497,1434.0,0.1948104877054748,0.194899193611162
2013,KAZ.13.4_1,Dzhangalinskiy,21494,21491.9701,841.0,0.039127198287894294,0.039130893774749105
2013,KAZ.13.5_1,Dzhanybekskiy,8009,8003.5822,1051.0,0.13122736920963915,0.1313161998837744
2013,KAZ.13.6_1,Karatobinskiy,9925,9939.6014,574.0,0.05783375314861461,0.05774879443228012
2013,KAZ.13.7_1,Kaztalovskiy,19736,19743.3866,1291.0,0.06541345764085935,0.06538898457655999
2013,KAZ.13.8_1,Syrymskiy,12624,12614.5173,888.0,0.07034220532319392,0.07039508369284382
2013,KAZ.13.9_1,Taskalinskiy,8222,8219.7343,1210.0,0.1471661396253953,0.1472067049995235
2013,KAZ.13.10_1,Terektinskiy,8682,8680.1014,6137.0,0.7068647777009905,0.7070193874173469
2013,KAZ.13.11_1,Urdinskiy,19364,19368.9902,571.0,0.029487709151001858,0.02948011201358544
2013,KAZ.13.12_1,Zelenovskiy,8122,8118.9478,29698.0,3.6564885496183206,3.6578631480859114
2013,KAZ.14.1_1,Bayzakskiy,4789,4785.8197,11404.0,2.3812904572979745,2.3828728701743263
2013,KAZ.14.2_1,Kordayskiy,8629,8625.2652,9435.0,1.0934059566577818,1.0938794150051314
2013,KAZ.14.3_1,Lugovskoy,8992,8994.9512,5589.0,0.6215524911032029,0.6213485635240212
2013,KAZ.14.4_1,Merkenskiy,6255,6245.7744,4814.0,0.7696243005595523,0.7707611125975544
2013,KAZ.14.5_1,Moyynkumskiy,49602,49586.5382,3917.0,0.07896858997621063,0.07899321354209607
2013,KAZ.14.6_1,Sarysuskiy,30981,30958.0923,3302.0,0.10658145314870404,0.10666031909708686
2013,KAZ.14.7_1,Shuskiy,11620,11617.7944,7926.0,0.6820998278829604,0.6822293220956159
2013,KAZ.14.8_1,Talasskiy,11742,11739.8088,2175.0,0.1852324987225345,0.18526707228824524
2013,KAZ.14.9_1,Zhamb.,950,949.293,0.0,0.0,0.0
2013,KAZ.14.10_1,Zhambylskiy,2909,2908.9839,13084.0,4.497765555173599,4.497790371453662
2013,KAZ.14.11_1,Zhualy,690,690.1558,0.0,0.0,0.0
2013,KAZ.14.12_1,Zhualynskiy,3181,3177.7961,2292.0,0.7205281358063502,0.7212545866214483
2014,KAZ.1.1_1,Aksuskiy,13392,13387.4372,1750.583333492279,0.1307185882237365,0.13076314091801175
2014,KAZ.1.2_1,Alakolskiy,36371,36368.3054,7432.218332052231,0.20434462434500647,0.20435976490726182
2014,KAZ.1.3_1,Almaty (Alma-Ata),282,282.7159,17089.34310722351,60.6005074724238,60.44704767367674
2014,KAZ.1.4_1,Balkhashskiy,38307,38315.691,2905.7333323955536,0.07585384740114218,0.07583664169759309
2014,KAZ.1.5_1,Enbekshikazakhskiy,9627,9630.8366,15909.62697148323,1.6526048583653505,1.6519465224318763
2014,KAZ.1.6_1,Iliyskiy,8381,8378.8611,24321.225784420967,2.901947951845957,2.902688738908597
2014,KAZ.1.7_1,Karasayskiy,2205,2204.1313,28142.68498802185,12.763122443547324,12.768152820424895
2014,KAZ.1.8_1,Karatal`skiy,23995,23985.4486,3427.1833353042603,0.14282906169219672,0.1428859386664069
2014,KAZ.1.9_1,Kerbulakskiy,11144,11157.1654,3025.595239639282,0.27149993176949766,0.2711795640112532
2014,KAZ.1.10_1,Koksuskiy,6956,6947.0051,2407.0000019073486,0.34603220268938306,0.34648024045281894
2014,KAZ.1.11_1,Panfilovskiy,10411,10410.9861,9743.48176419735,0.9358833699161799,0.9358846152568133
2014,KAZ.1.12_1,Raiymbekskiy,13935,13917.9794,2105.2000002861023,0.15107283819778272,0.1512575882490553
2014,KAZ.1.13_1,Sarkandskiy,10192,10198.9963,2183.4999980926514,0.21423665601380018,0.21408969398645494
2014,KAZ.1.14_1,Taldyqorghan,4387,4397.3056,13382.570838928223,3.050506231804929,3.0433570182194263
2014,KAZ.1.15_1,Talgarskiy,6069,6058.0912,23345.828251242638,3.846733934955122,3.853660714599162
2014,KAZ.1.16_1,Uygurskiy,8457,8462.7736,2841.6666674613953,0.33601355888156503,0.33578431925893154
2014,KAZ.1.17_1,Zhambylskiy,18472,18473.3386,13819.186298847198,0.7481153258362494,0.7480611182246177
2014,KAZ.2.1_1,Akkol`skiy,10514,10522.4756,14181.937305927277,1.3488622128521284,1.3477757325382689
2014,KAZ.2.2_1,Arshalynskiy,6017,6024.4332,7936.521031618118,1.3190162924411033,1.3173888391617834
2014,KAZ.2.3_1,Astrakhansiy,7222,7218.1971,5237.043901205063,0.7251514679043288,0.725533510429926
2014,KAZ.2.4_1,Atbasarskiy,10873,10869.0932,5335.883340835571,0.4907461915603395,0.49092258802478755
2014,KAZ.2.5_1,Bulandynskiy,5187,5190.895,5664.476194262505,1.0920524762410844,1.0912330464021656
2014,KAZ.2.6_1,Egindykol`skiy,5259,5276.6597,1251.929187297821,0.23805460872748072,0.23725789832291047
2014,KAZ.2.7_1,Enbekshil`derskiy,10606,10606.0361,4788.243364334106,0.45146552558307623,0.45146398931055837
2014,KAZ.2.8_1,Ereymengauskiy,17508,17501.7015,4709.595241427422,0.26899675813499097,0.2690935647982725
2014,KAZ.2.9_1,Esil`skiy,8678,8679.3199,4205.021431803703,0.48456112373861526,0.4844874324364136
2014,KAZ.2.10_1,Korgalzhynskiy,9193,9172.9782,1060.8190479278564,0.11539421820165957,0.11564608819401812
2014,KAZ.2.11_1,Sandyktauskiy,6307,6302.6735,2369.4666686058044,0.3756883888704304,0.37594628244016914
2014,KAZ.2.12_1,Shortandinskiy,4586,4588.3371,8735.61954164505,1.9048450810390427,1.9038748194714932
2014,KAZ.2.13_1,Shuchinskiy,5898,5909.4278,17174.275431275368,2.911881219273545,2.9062501270093914
2014,KAZ.2.14_1,Tselinogradskiy,8277,8278.398,65791.48333716393,7.948711288771769,7.947369006882421
2014,KAZ.2.15_1,Zerendinskiy,8418,8408.3167,23411.46420776844,2.7811195305023095,2.7843223739260172
2014,KAZ.2.16_1,Zhaksynskiy,10057,10056.5071,3305.825761795044,0.32870893524858746,0.32872504562703303
2014,KAZ.2.17_1,Zharkainskiy,12416,12426.2702,2214.625000476837,0.1783686372806731,0.17822121765479218
2014,KAZ.3.1_1,Alginskiy,7474,7465.03,4763.821579813957,0.6373858147998337,0.6381516968879604
2014,KAZ.3.2_1,Aqtobe,2396,2398.9899,24687.822291493416,10.30376556406236,10.290923877735544
2014,KAZ.3.3_1,Aytekebiyskiy,36132,36128.4233,2166.984470129013,0.05997410799648547,0.059980045376228946
2014,KAZ.3.4_1,Bayganinskiy,61863,61859.4222,54495.73427915573,0.8809099830133639,0.880960932417011
2014,KAZ.3.5_1,Irgizskiy,41431,41435.2616,523.75,0.012641500325842967,0.012640200145431466
2014,KAZ.3.6_1,Kargalinskiy,4844,4833.9448,4851.083336114883,1.0014622906925854,1.003545451330329
2014,KAZ.3.7_1,Khobdinskiy,13618,13617.909,1170.4333337545395,0.08594752046956525,0.08594809474802906
2014,KAZ.3.8_1,Khromtauskiy,12764,12776.9987,15023.628415584564,1.1770313706976312,1.1758339203159556
2014,KAZ.3.9_1,Martukskiy,6479,6474.1115,3099.265852332115,0.4783555876419378,0.47871678886439833
2014,KAZ.3.10_1,Mugalzharskiy,29413,29418.8846,130286.57199144363,4.429557406298019,4.4286713634140344
2014,KAZ.3.11_1,Shalkarskiy,61988,61995.1616,5755.113490343094,0.09284238062759073,0.09283165561927588
2014,KAZ.3.12_1,Temirskiy,12513,12509.9697,11356.351563930511,0.9075642582858237,0.9077840995562332
2014,KAZ.3.13_1,Uilskiy,10813,10805.3021,530.933332324028,0.04910139020845538,0.04913637096927008
2014,KAZ.4.1_1,Atyrau,3133,3136.9405,14246.506269454956,4.547241069088718,4.541528967150983
2014,KAZ.4.2_1,Inderskiy,11379,11381.1544,2496.422028064728,0.21938852518364776,0.2193469966107669
2014,KAZ.4.3_1,Isatayskiy,13984,13973.895,2987.554403424263,0.21364090413503026,0.21379539580392415
2014,KAZ.4.4_1,Kurmangazinskiy,20963,20971.928,3276.2190470695496,0.1562857914930854,0.15621925879489798
2014,KAZ.4.5_1,Kzylkoginskiy,23848,23831.6595,8052.880056500435,0.33767527912195716,0.33790681102091746
2014,KAZ.4.6_1,Makatskiy,4648,4645.3358,5231.6727858781815,1.125575039991003,1.1262205813048223
2014,KAZ.4.7_1,Makhambetskiy,9233,9238.6483,9300.664671897888,1.0073285683849116,1.006712711906266
2014,KAZ.4.8_1,Zhylyoyskiy,30176,30180.7623,61267.61809360981,2.0303425932399857,2.0300222213583927
2014,KAZ.5.1_1,Abayskiy,19546,19548.8915,1776.0,0.09086258057914663,0.0908491411381974
2014,KAZ.5.2_1,Ayagozskiy,46653,46624.2114,11486.557626247406,0.2462126256885389,0.24636465199040386
2014,KAZ.5.3_1,Beskaragayskiy,9766,9771.5976,3531.791666984558,0.3616415796625597,0.3614344148460674
2014,KAZ.5.4_1,Borodulikhinskiy,6225,6218.2645,5765.38690662384,0.9261665713451952,0.9271697764556189
2014,KAZ.5.5_1,Glubokovskiy,7471,7460.8603,19045.305965423584,2.549231155859133,2.552695694403457
2014,KAZ.5.6_1,Katon-Karagayskiy,13115,13114.1525,2009.7571420669556,0.15324110881181513,0.15325101237616212
2014,KAZ.5.7_1,Kokpektinskiy,14505,14517.2114,4094.7448554039,0.28229885249251296,0.2820613912484713
2014,KAZ.5.8_1,Kurchumskiy,23877,23872.8825,2356.0119075775146,0.09867286122953113,0.09868987982825621
2014,KAZ.5.9_1,Leninogorsk,3227,3235.8558,6686.16666662693,2.071945046986963,2.0662746034721104
2014,KAZ.5.10_1,Semipalatinskiy,31307,31325.8457,24559.7319355011,0.7844805294503178,0.7840085844777471
2014,KAZ.5.11_1,Shemonaikhinskiy,4074,4071.623,10892.33779990673,2.673622434930469,2.675183299807275
2014,KAZ.5.12_1,Tarbagatayskiy,22626,22609.7774,2885.9333357810974,0.12754942702117464,0.12764094424141315
2014,KAZ.5.13_1,Ulanskiy,9852,9854.1714,20714.14246225357,2.102531715616481,2.102068425356233
2014,KAZ.5.14_1,Urdzharskiy,25124,25114.9445,5618.1833382844925,0.2236181873222613,0.2236988158819563
2014,KAZ.5.15_1,Zaysanskiy,9565,9561.1695,3900.5555543899536,0.4077946214730741,0.4079579944726884
2014,KAZ.5.16_1,Zharminskiy,22270,22279.605,7085.012413024902,0.3181415542444949,0.31800439916130363
2014,KAZ.5.17_1,Zyryanovsk,11445,11445.8901,12185.058334112167,1.064662152390753,1.0645793587752832
2014,KAZ.6.1_1,Aqtau,1352,1352.7086,16643.157947540283,12.31002806770731,12.303579591202011
2014,KAZ.6.2_1,Beyneuskiy,39572,39560.655,11166.56015753746,0.2821833659541459,0.28226428907664564
2014,KAZ.6.3_1,Karakiyanskiy,65617,65609.5753,20448.978534936905,0.31164147301670153,0.3116767397811342
2014,KAZ.6.4_1,Manghystauskiy,49500,49519.3216,18067.92418050766,0.36500856930318504,0.3648661493094045
2014,KAZ.6.5_1,Tupkaraganskiy,10066,10061.9108,38578.877757668495,3.83259266418324,3.8341502350442105
2014,KAZ.7.1_1,Akzharskiy,8055,8060.5054,1942.6571440696716,0.24117407126873638,0.24100934855456743
2014,KAZ.7.2_1,Ayyrtauskiy,9630,9633.5514,5778.724749326706,0.6000752595354835,0.5998540453819917
2014,KAZ.7.3_1,Bulaevskiy,7907,7908.5235,5028.290480136871,0.6359289844614735,0.635806480638329
2014,KAZ.7.4_1,Esil`skiy,4926,4923.8679,4964.454768657684,1.007806489780285,1.0082428821130198
2014,KAZ.7.5_1,Kyzylzharskiy,6308,6303.3423,26586.63332593441,4.214748466381486,4.217862859882906
2014,KAZ.7.6_1,Mamlyutskiy,4138,4151.6206,3856.7166678905487,0.9320243276680882,0.928966543319834
2014,KAZ.7.7_1,Shal Akyna,4758,4759.1509,1896.6190481185913,0.39861686593497087,0.3985204698150322
2014,KAZ.7.8_1,Sovetskiy,4636,4635.5038,4929.884962320328,1.0633919245729784,1.063505751054436
2014,KAZ.7.9_1,Taiynshinskiy,11127,11129.4809,9969.315093874931,0.8959571397389172,0.8957574230714181
2014,KAZ.7.10_1,Timiryazevskiy,4768,4775.0033,3385.533336162567,0.710053132584431,0.7090117216021883
2014,KAZ.7.11_1,Tselinniy,12298,12291.1075,9348.4284324646,0.7601584349052366,0.7605847124070723
2014,KAZ.7.12_1,Ualikhanovskiy,12586,12586.5573,2521.9041290283203,0.20037375886129988,0.2003648870669217
2014,KAZ.7.13_1,Zhambylskiy,7722,7713.3211,2996.000002861023,0.38798238835289084,0.3884189406761364
2014,KAZ.8.1_1,Aksuskiy,8081,8080.2883,23494.412009596825,2.9073644362822453,2.9076205060694056
2014,KAZ.8.2_1,Aktogayskiy,9409,9403.9423,4080.5619094371796,0.4336870984628738,0.4339203492634046
2014,KAZ.8.3_1,Bayanaul`skiy,18623,18613.3374,10650.078570008278,0.5718777087476925,0.5721745832852279
2014,KAZ.8.4_1,Ekibastuz,19241,19236.1846,47956.768513679504,2.492425992083546,2.4930499260462504
2014,KAZ.8.5_1,Irtyshskiy,10103,10102.5432,4927.1666704416275,0.4876934247690416,0.48771547881786714
2014,KAZ.8.6_1,Kachirskiy,6831,6833.7305,4102.416670799255,0.6005587279752972,0.6003187676874921
2014,KAZ.8.7_1,Lebyazhinskiy,8094,8100.0565,2656.7166678905487,0.32823284752786613,0.3279874223446733
2014,KAZ.8.8_1,Mayskiy,18058,18048.9733,6053.959777593613,0.33525084602910693,0.3354185122560766
2014,KAZ.8.9_1,Pavlodarskiy,6527,6532.3778,39551.43179190159,6.059664745197118,6.054676114607276
2014,KAZ.8.10_1,Sherbaktinskiy,6979,6974.1198,5471.85000371933,0.7840449926521464,0.7845936374931893
2014,KAZ.8.11_1,Uspenskiy,5590,5581.5676,5036.088695168495,0.9009103211392657,0.9022713795096151
2014,KAZ.8.12_1,Zhelezinskiy,7598,7584.3494,2450.5738139152527,0.322528798883292,0.32310929928245746
2014,KAZ.9.1_1,Abayskiy,6708,6706.9089,21595.829098820686,3.219413998035284,3.2199377650860668
2014,KAZ.9.2_1,Aktogayskiy,56475,56483.5207,14938.660241603851,0.2645181096344197,0.26447820643225767
2014,KAZ.9.3_1,Bukhar-Zhyrauskiy,15297,15298.2434,84399.34941267967,5.517379186290101,5.516930734992936
2014,KAZ.9.4_1,Karkaralinskiy,35215,35227.1629,5195.0543422698975,0.14752390578645172,0.1474729699479367
2014,KAZ.9.5_1,Nurinskiy,47011,47004.3867,5284.2388327121735,0.11240430607117852,0.11242012093580611
2014,KAZ.9.6_1,Osakarovskiy,11120,11123.7267,8573.751336216927,0.7710208036166301,0.7707624931392868
2014,KAZ.9.7_1,Shetskiy,66230,66248.7613,9974.886912941933,0.15060979787017867,0.15056714599943727
2014,KAZ.9.8_1,Ulytauskiy,128675,128672.5201,60871.305926680565,0.47306241248634595,0.473071529683052
2014,KAZ.9.9_1,Zhanaarkinskiy,63004,63031.6413,11051.51122713089,0.1754096760067756,0.17533275344601085
2014,KAZ.10.1_1,Altynsarinskiy,5349,5356.2087,3268.5500091314316,0.6110581434158593,0.6102357417762149
2014,KAZ.10.2_1,Amangel`dinskiy,28028,28028.9463,508.9999990463257,0.018160410983528105,0.018159797857950178
2014,KAZ.10.3_1,Arkalyk,11294,11285.7064,5379.111114025116,0.4762804244753954,0.47663043259001814
2014,KAZ.10.4_1,Auliekol`skiy,11042,11044.7742,6779.470351099968,0.6139712326661808,0.6138170152202695
2014,KAZ.10.5_1,Denisovskiy,6504,6510.3182,4806.1166660785675,0.7389478268878487,0.7382306888375881
2014,KAZ.10.6_1,Dzhangil`dinskiy,38581,38583.4343,433.23333263397217,0.011229188788107415,0.011228480329957727
2014,KAZ.10.7_1,Fyodorovskiy,6781,6767.2202,9976.69444513321,1.4712718544658914,1.4742677455267759
2014,KAZ.10.8_1,Kamystinskiy,12932,12927.5113,4902.691668510437,0.3791131819138909,0.37924481659385334
2014,KAZ.10.9_1,Karabalykskiy,7266,7284.2803,8565.466669082642,1.1788420959376056,1.1758837333167875
2014,KAZ.10.10_1,Karasuskiy,12827,12830.2125,4093.2333340644836,0.31911073002763574,0.319030828957104
2014,KAZ.10.11_1,Mendykarinskiy,6803,6798.9183,3464.8666682243347,0.5093145183337255,0.5096202837004017
2014,KAZ.10.12_1,Naurzumskiy,16090,16095.4503,1102.0,0.06848974518334369,0.06846655296548576
2014,KAZ.10.13_1,Qostanay,8151,8150.5045,48922.00757873058,6.001963879122878,6.002328725600236
2014,KAZ.10.14_1,Sarykol`skiy,6387,6385.6753,5211.36918258667,0.815933800311049,0.8161030584347692
2014,KAZ.10.15_1,Taranovskiy,7750,7745.2217,30297.027762174606,3.9092939047967232,3.9117056645673776
2014,KAZ.10.16_1,Uzunkol`skiy,7723,7734.567,3488.6761940717697,0.4517255204029224,0.45104996866536456
2014,KAZ.10.17_1,Zhitikarinskiy,7564,7543.3034,9877.932936787605,1.3059139260692234,1.309496969301991
2014,KAZ.11.1_1,Aral`skiy,55256,55264.9883,5169.579818725586,0.09355689551769195,0.09354167947442107
2014,KAZ.11.2_1,Karmakchinskiy,31362,31363.2928,9318.301749229431,0.2971207751173213,0.29710852730800813
2014,KAZ.11.3_1,Kazalinskiy,38288,38287.1923,5629.636656403542,0.14703397034066917,0.14703707225821577
2014,KAZ.11.4_1,Qyzylorda,2322,2316.0783,13772.089483499527,5.9311324218344215,5.94629698015541
2014,KAZ.11.5_1,Shieliyskiy,30904,30911.1087,3880.7846896648407,0.12557548180380665,0.12554660293896597
2014,KAZ.11.6_1,Terenozekskiy,30947,30952.9512,70017.01913487911,2.2624816342417393,2.26204663232068
2014,KAZ.11.7_1,Zhalagashskiy,23287,23286.5285,26254.489078760147,1.1274311452209451,1.127453973859149
2014,KAZ.11.8_1,Zhanakorganskiy,16813,16811.4924,3668.5339975357056,0.21819627654408527,0.21821584370869068
2014,KAZ.12.1_1,Arysskiy,6341,6343.9785,3586.250001192093,0.5655653684264458,0.5652998323318928
2014,KAZ.12.2_1,Baydibekskiy,6962,6962.3081,1115.416666507721,0.16021497651647815,0.16020788735434613
2014,KAZ.12.3_1,Chardarinskiy,12114,12109.0736,2027.5,0.1673683341588245,0.16743642581238397
2014,KAZ.12.4_1,Kazygurtskiy,3943,3948.8778,2459.5,0.6237636317524727,0.6228351699608028
2014,KAZ.12.5_1,Maktaaral`skiy,2113,2121.6773,7499.333333969116,3.549140243241418,3.5346248013583295
2014,KAZ.12.6_1,Ordabasynskiy,2723,2712.62,6431.4928641319275,2.3619143827146263,2.3709524259288166
2014,KAZ.12.7_1,Otrarskiy,18582,18584.8986,1813.8333339691162,0.09761238477930881,0.09759716039490803
2014,KAZ.12.8_1,Saryagashskiy,7438,7439.5216,15994.56667804718,2.1503854097939206,2.149945606092771
2014,KAZ.12.9_1,Sayramskiy,1701,1704.567,20178.017825603485,11.862444341918568,11.837620870931895
2014,KAZ.12.10_1,Shymkent,334,332.2048,13267.618323802948,39.723408155098646,39.9380682319857
2014,KAZ.12.11_1,Suzakskiy,40794,40796.9964,9823.714395999908,0.24081272726381106,0.240795040496633
2014,KAZ.12.12_1,Tolebiyskiy,2918,2917.8616,6280.550010681152,2.1523475019469336,2.1524495909873496
2014,KAZ.12.13_1,Turkestan,7753,7749.8781,11990.49283003807,1.5465616961225424,1.5471847077575194
2014,KAZ.12.14_1,Tyul`kubaskiy,2149,2153.7102,6779.622628688812,3.1547801901762735,3.147880637855012
2014,KAZ.13.1_1,Akzhaikskiy,26028,26032.0325,1508.7000002861023,0.05796449978047112,0.057955520776641026
2014,KAZ.13.2_1,Burlinskiy,5354,5358.1927,28018.05532848835,5.233107084140521,5.229012245759817
2014,KAZ.13.3_1,Chingirlauskiy,7361,7357.6497,1405.400000333786,0.19092514608528544,0.1910120828216051
2014,KAZ.13.4_1,Dzhangalinskiy,21494,21491.9701,827.2857141494751,0.03848914646643133,0.03849278169054764
2014,KAZ.13.5_1,Dzhanybekskiy,8009,8003.5822,1070.1251077651978,0.13361532123426118,0.13370576836530954
2014,KAZ.13.6_1,Karatobinskiy,9925,9939.6014,558.5,0.056272040302267005,0.05618937576729695
2014,KAZ.13.7_1,Kaztalovskiy,19736,19743.3866,1148.2000007629395,0.05817794896447808,0.05815618291300853
2014,KAZ.13.8_1,Syrymskiy,12624,12614.5173,852.9928569793701,0.06756914266313134,0.06761993643745576
2014,KAZ.13.9_1,Taskalinskiy,8222,8219.7343,1063.5,0.12934809048893214,0.12938374443553163
2014,KAZ.13.10_1,Terektinskiy,8682,8680.1014,6100.228274822235,0.7026293797307342,0.7027830630553683
2014,KAZ.13.11_1,Urdinskiy,19364,19368.9902,553.3333330154419,0.02857536320054957,0.028568001117593347
2014,KAZ.13.12_1,Zelenovskiy,8122,8118.9478,30060.483847618103,3.7011184249714484,3.702509801327835
2014,KAZ.14.1_1,Bayzakskiy,4789,4785.8197,11715.752191066742,2.4463880123338364,2.4480136837757245
2014,KAZ.14.2_1,Kordayskiy,8629,8625.2652,11076.558304548264,1.2836433311563638,1.2841991646475341
2014,KAZ.14.3_1,Lugovskoy,8992,8994.9512,7985.414771556854,0.8880576925663761,0.8877663262569961
2014,KAZ.14.4_1,Merkenskiy,6255,6245.7744,5565.840881109238,0.889822682831213,0.8911370398971143
2014,KAZ.14.5_1,Moyynkumskiy,49602,49586.5382,4060.913095474243,0.08186994668509824,0.08189547493660743
2014,KAZ.14.6_1,Sarysuskiy,30981,30958.0923,3381.949999809265,0.10916206706721104,0.10924284256512691
2014,KAZ.14.7_1,Shuskiy,11620,11617.7944,7395.8226227760315,0.6364735475710871,0.636594379797617
2014,KAZ.14.8_1,Talasskiy,11742,11739.8088,2184.666666507721,0.1860557542588759,0.18609048148487617
2014,KAZ.14.9_1,Zhamb.,950,949.293,0.0,0.0,0.0
2014,KAZ.14.10_1,Zhambylskiy,2909,2908.9839,13854.027542591095,4.762470794978032,4.762497071760934
2014,KAZ.14.11_1,Zhualy,690,690.1558,0.0,0.0,0.0
2014,KAZ.14.12_1,Zhualynskiy,3181,3177.7961,2019.5045628547668,0.634864684959059,0.6355047681771132
2015,KAZ.1.1_1,Aksuskiy,13392,13387.4372,1733.583333492279,0.12944917364787029,0.12949329368876186
2015,KAZ.1.2_1,Alakolskiy,36371,36368.3054,7391.218332052231,0.2032173526175313,0.20323240965653358
2015,KAZ.1.3_1,Almaty (Alma-Ata),282,282.7159,17091.02130317688,60.60645852190383,60.45298365320285
2015,KAZ.1.4_1,Balkhashskiy,38307,38315.691,2722.5666654109955,0.07107230180935588,0.07105618068963182
2015,KAZ.1.5_1,Enbekshikazakhskiy,9627,9630.8366,15669.12935757637,1.6276232842605558,1.6269749000513698
2015,KAZ.1.6_1,Iliyskiy,8381,8378.8611,24685.252353072166,2.945382693362626,2.9461345681136453
2015,KAZ.1.7_1,Karasayskiy,2205,2204.1313,27795.24483013153,12.605553210944004,12.610521484474388
2015,KAZ.1.8_1,Karatal`skiy,23995,23985.4486,3420.1833353042603,0.14253733424897938,0.14259409505233422
2015,KAZ.1.9_1,Kerbulakskiy,11144,11157.1654,2831.595239639282,0.2540914608434388,0.253791634942309
2015,KAZ.1.10_1,Koksuskiy,6956,6947.0051,2401.0000019073486,0.34516963799703115,0.34561655892350046
2015,KAZ.1.11_1,Panfilovskiy,10411,10410.9861,9372.027718901634,0.9002043721930298,0.9002055700571218
2015,KAZ.1.12_1,Raiymbekskiy,13935,13917.9794,2069.2000002861023,0.14848941516226066,0.1486710058928773
2015,KAZ.1.13_1,Sarkandskiy,10192,10198.9963,2150.4999980926514,0.21099882241882373,0.2108540814800549
2015,KAZ.1.14_1,Taldyqorghan,4387,4397.3056,13377.883338928223,3.049437733970418,3.042291024532966
2015,KAZ.1.15_1,Talgarskiy,6069,6058.0912,23318.244918227196,3.8421889797705053,3.8491075753540955
2015,KAZ.1.16_1,Uygurskiy,8457,8462.7736,2648.333333969116,0.3131528123411513,0.31293916907994884
2015,KAZ.1.17_1,Zhambylskiy,18472,18473.3386,12583.769632816315,0.6812348220450581,0.6811854605209882
2015,KAZ.2.1_1,Akkol`skiy,10514,10522.4756,13601.453971862793,1.2936516998157497,1.2926096904159396
2015,KAZ.2.2_1,Arshalynskiy,6017,6024.4332,7901.941163182259,1.3132692642815786,1.3116489019077149
2015,KAZ.2.3_1,Astrakhansiy,7222,7218.1971,5043.34203016758,0.6983303835734671,0.6986982955411731
2015,KAZ.2.4_1,Atbasarskiy,10873,10869.0932,5011.883340716362,0.46094760790180833,0.461113293402232
2015,KAZ.2.5_1,Bulandynskiy,5187,5190.895,5350.337306380272,1.0314897448197942,1.030715758684665
2015,KAZ.2.6_1,Egindykol`skiy,5259,5276.6597,1250.9209682941437,0.23786289566346144,0.23706682687550854
2015,KAZ.2.7_1,Enbekshil`derskiy,10606,10606.0361,4360.787413239479,0.41116230560432576,0.41116090647789266
2015,KAZ.2.8_1,Ereymengauskiy,17508,17501.7015,4696.084127902985,0.268225047287125,0.26832157622679115
2015,KAZ.2.9_1,Esil`skiy,8678,8679.3199,3786.104764819145,0.43628771200958116,0.4362213620527697
2015,KAZ.2.10_1,Korgalzhynskiy,9193,9172.9782,986.3190479278564,0.1072902260337057,0.10752440751032033
2015,KAZ.2.11_1,Sandyktauskiy,6307,6302.6735,1994.0500019788742,0.31616457935292125,0.3163816124431358
2015,KAZ.2.12_1,Shortandinskiy,4586,4588.3371,8355.86954164505,1.822038713834507,1.8211106309388334
2015,KAZ.2.13_1,Shuchinskiy,5898,5909.4278,16753.98197710514,2.8406208845549576,2.8351275978842874
2015,KAZ.2.14_1,Tselinogradskiy,8277,8278.398,66065.4177634716,7.981807147936644,7.980459277220284
2015,KAZ.2.15_1,Zerendinskiy,8418,8408.3167,21844.330871224403,2.5949549621316708,2.5979434113314
2015,KAZ.2.16_1,Zhaksynskiy,10057,10056.5071,2994.825761795044,0.29778520053644664,0.29779979530939527
2015,KAZ.2.17_1,Zharkainskiy,12416,12426.2702,2134.625000476837,0.17192533831160092,0.1717832439981625
2015,KAZ.3.1_1,Alginskiy,7474,7465.03,4051.938246846199,0.5421378441057264,0.5427892763379084
2015,KAZ.3.2_1,Aqtobe,2396,2398.9899,24829.42263185978,10.362864203614265,10.34994886206046
2015,KAZ.3.3_1,Aytekebiyskiy,36132,36128.4233,1358.0514450073242,0.03758583651631031,0.037589557478435946
2015,KAZ.3.4_1,Bayganinskiy,61863,61859.4222,27261.37071311474,0.44067327341245555,0.44069876073910247
2015,KAZ.3.5_1,Irgizskiy,41431,41435.2616,477.7500009536743,0.011531220606639336,0.011530034618681656
2015,KAZ.3.6_1,Kargalinskiy,4844,4833.9448,4466.683338880539,0.9221063870521344,0.9240244779749495
2015,KAZ.3.7_1,Khobdinskiy,13618,13617.909,1165.9571447372437,0.08561882396366895,0.08561939604587017
2015,KAZ.3.8_1,Khromtauskiy,12764,12776.9987,15235.829332351685,1.1936563250040493,1.1924419612601855
2015,KAZ.3.9_1,Martukskiy,6479,6474.1115,2819.534113764763,0.4351804466375618,0.4355090467697172
2015,KAZ.3.10_1,Mugalzharskiy,29413,29418.8846,121809.00158822536,4.141332118050705,4.140503728774567
2015,KAZ.3.11_1,Shalkarskiy,61988,61995.1616,5347.580192685127,0.08626799046081705,0.08625802491589303
2015,KAZ.3.12_1,Temirskiy,12513,12509.9697,10369.03013753891,0.8286606039749788,0.8288613322410525
2015,KAZ.3.13_1,Uilskiy,10813,10805.3021,537.1999994516373,0.049680939559015744,0.04971633320176976
2015,KAZ.4.1_1,Atyrau,3133,3136.9405,14339.31674361229,4.576864584619307,4.571115270548347
2015,KAZ.4.2_1,Inderskiy,11379,11381.1544,2779.001191854477,0.2442219168516106,0.2441756875072792
2015,KAZ.4.3_1,Isatayskiy,13984,13973.895,2977.085640311241,0.2128922797705407,0.21304623008136503
2015,KAZ.4.4_1,Kurmangazinskiy,20963,20971.928,2819.885715007782,0.13451727877726385,0.134460013190774
2015,KAZ.4.5_1,Kzylkoginskiy,23848,23831.6595,8047.788391470909,0.3374617742146473,0.33769315972090524
2015,KAZ.4.6_1,Makatskiy,4648,4645.3358,4998.5108852386475,1.075411119887833,1.0760278911225911
2015,KAZ.4.7_1,Makhambetskiy,9233,9238.6483,8986.874228715897,0.9733428169301307,0.9727477385231809
2015,KAZ.4.8_1,Zhylyoyskiy,30176,30180.7623,61631.97190964222,2.04241688459843,2.04209460748988
2015,KAZ.5.1_1,Abayskiy,19546,19548.8915,1649.0,0.08436508748593062,0.08435260908608531
2015,KAZ.5.2_1,Ayagozskiy,46653,46624.2114,11773.474687099457,0.2523626494994846,0.2525184731914052
2015,KAZ.5.3_1,Beskaragayskiy,9766,9771.5976,3238.541669368744,0.3316139329683334,0.33142396935952
2015,KAZ.5.4_1,Borodulikhinskiy,6225,6218.2645,5707.5573625564575,0.9168766847480253,0.9178698272390478
2015,KAZ.5.5_1,Glubokovskiy,7471,7460.8603,18657.86152303219,2.4973713723774846,2.5007654307621885
2015,KAZ.5.6_1,Katon-Karagayskiy,13115,13114.1525,1855.7571420669556,0.141498828979562,0.1415079736716664
2015,KAZ.5.7_1,Kokpektinskiy,14505,14517.2114,3603.7281885147095,0.248447307033072,0.24823832068372637
2015,KAZ.5.8_1,Kurchumskiy,23877,23872.8825,2245.0119075775146,0.09402403600023096,0.0940402527929667
2015,KAZ.5.9_1,Leninogorsk,3227,3235.8558,6686.16666662693,2.071945046986963,2.0662746034721104
2015,KAZ.5.10_1,Semipalatinskiy,31307,31325.8457,24234.565267562866,0.774094140849103,0.7736284443475898
2015,KAZ.5.11_1,Shemonaikhinskiy,4074,4071.623,10569.001871466637,2.5942567185730576,2.5957712496229677
2015,KAZ.5.12_1,Tarbagatayskiy,22626,22609.7774,2887.9333357810974,0.12763782090431794,0.1277294015475185
2015,KAZ.5.13_1,Ulanskiy,9852,9854.1714,20242.725793600082,2.0546818710515713,2.0542291244453272
2015,KAZ.5.14_1,Urdzharskiy,25124,25114.9445,5324.683337330818,0.21193613028700917,0.21201254672315417
2015,KAZ.5.15_1,Zaysanskiy,9565,9561.1695,3972.5555543899536,0.4153220652786151,0.41548845396556117
2015,KAZ.5.16_1,Zharminskiy,22270,22279.605,6717.295749425888,0.30162980464418,0.3014997679972943
2015,KAZ.5.17_1,Zyryanovsk,11445,11445.8901,12133.32500243187,1.0601419836113473,1.0600595415074954
2015,KAZ.6.1_1,Aqtau,1352,1352.7086,17028.80072772503,12.595266810447507,12.58866891467843
2015,KAZ.6.2_1,Beyneuskiy,39572,39560.655,10808.007381558418,0.27312259631957997,0.27320092104026183
2015,KAZ.6.3_1,Karakiyanskiy,65617,65609.5753,24503.527902126312,0.3734326150559506,0.3734748743866461
2015,KAZ.6.4_1,Manghystauskiy,49500,49519.3216,17741.907725811005,0.3584223782992122,0.3582825281225831
2015,KAZ.6.5_1,Tupkaraganskiy,10066,10061.9108,39073.42692935467,3.8817233190298697,3.883300856655658
2015,KAZ.7.1_1,Akzharskiy,8055,8060.5054,1810.5238108634949,0.22477018136107943,0.22461666255972873
2015,KAZ.7.2_1,Ayyrtauskiy,9630,9633.5514,4704.641414880753,0.4885401261558414,0.4883600287618278
2015,KAZ.7.3_1,Bulaevskiy,7907,7908.5235,4945.457147121429,0.6254530349211369,0.6253325491596016
2015,KAZ.7.4_1,Esil`skiy,4926,4923.8679,4701.954768419266,0.9545178173810933,0.9549311350776827
2015,KAZ.7.5_1,Kyzylzharskiy,6308,6303.3423,26389.88332593441,4.18355791470108,4.1866492606464645
2015,KAZ.7.6_1,Mamlyutskiy,4138,4151.6206,3838.883335828781,0.9277146775806624,0.9246710323274862
2015,KAZ.7.7_1,Shal Akyna,4758,4759.1509,1828.6190481185913,0.38432514672521884,0.3842322067216586
2015,KAZ.7.8_1,Sovetskiy,4636,4635.5038,4563.051628947258,0.9842648034830151,0.9843701601222881
2015,KAZ.7.9_1,Taiynshinskiy,11127,11129.4809,9288.648425936699,0.8347846163329468,0.8345985355549064
2015,KAZ.7.10_1,Timiryazevskiy,4768,4775.0033,3105.033336162567,0.6512234345978538,0.6502683071495521
2015,KAZ.7.11_1,Tselinniy,12298,12291.1075,7853.7222599983215,0.6386178451779413,0.638975965810654
2015,KAZ.7.12_1,Ualikhanovskiy,12586,12586.5573,2469.4041290283203,0.19620245741524872,0.19619377031036744
2015,KAZ.7.13_1,Zhambylskiy,7722,7713.3211,2738.500002861023,0.35463610500660747,0.3550351365611186
2015,KAZ.8.1_1,Aksuskiy,8081,8080.2883,23361.196932673454,2.890879462031117,2.8911340798833924
2015,KAZ.8.2_1,Aktogayskiy,9409,9403.9423,3935.3952424526215,0.4182586079766842,0.41848356084128463
2015,KAZ.8.3_1,Bayanaul`skiy,18623,18613.3374,10043.946088194847,0.5393301878427131,0.5396101662325777
2015,KAZ.8.4_1,Ekibastuz,19241,19236.1846,47661.8121445179,2.477096416221501,2.4777165127009484
2015,KAZ.8.5_1,Irtyshskiy,10103,10102.5432,4919.6666704416275,0.4869510710127316,0.48697309149147977
2015,KAZ.8.6_1,Kachirskiy,6831,6833.7305,3964.4166707992554,0.5803567077732771,0.5801248194397307
2015,KAZ.8.7_1,Lebyazhinskiy,8094,8100.0565,2567.9666689634323,0.31726793537971737,0.31703070884450546
2015,KAZ.8.8_1,Mayskiy,18058,18048.9733,5927.959777593613,0.32827332913908586,0.328437505758365
2015,KAZ.8.9_1,Pavlodarskiy,6527,6532.3778,39150.16512739658,5.9981867821965045,5.993248763457272
2015,KAZ.8.10_1,Sherbaktinskiy,6979,6974.1198,5265.683336734772,0.7545039886423229,0.7550319618132434
2015,KAZ.8.11_1,Uspenskiy,5590,5581.5676,4877.588695168495,0.8725561172036664,0.8738743392054056
2015,KAZ.8.12_1,Zhelezinskiy,7598,7584.3494,2442.5738139152527,0.3214758902231183,0.32205449555461957
2015,KAZ.9.1_1,Abayskiy,6708,6706.9089,21250.949343323708,3.168000796559885,3.168516199187538
2015,KAZ.9.2_1,Aktogayskiy,56475,56483.5207,15007.116308689117,0.26573025778997994,0.26569017173231146
2015,KAZ.9.3_1,Bukhar-Zhyrauskiy,15297,15298.2434,81442.17761468887,5.324062078491788,5.323629339964188
2015,KAZ.9.4_1,Karkaralinskiy,35215,35227.1629,5176.718628406525,0.1470032267047146,0.14695247064198225
2015,KAZ.9.5_1,Nurinskiy,47011,47004.3867,5640.238834023476,0.11997700185113007,0.11999388216567512
2015,KAZ.9.6_1,Osakarovskiy,11120,11123.7267,7921.501336693764,0.7123652281199427,0.7121265686684011
2015,KAZ.9.7_1,Shetskiy,66230,66248.7613,9408.717866301537,0.1420612693084937,0.1420210383342703
2015,KAZ.9.8_1,Ulytauskiy,128675,128672.5201,58368.238260388374,0.45360977859248786,0.4536185208841391
2015,KAZ.9.9_1,Zhanaarkinskiy,63004,63031.6413,10108.344559669495,0.16043972699621445,0.16036936922046396
2015,KAZ.10.1_1,Altynsarinskiy,5349,5356.2087,2917.216676235199,0.5453760845457467,0.5446420820764464
2015,KAZ.10.2_1,Amangel`dinskiy,28028,28028.9463,508.9999990463257,0.018160410983528105,0.018159797857950178
2015,KAZ.10.3_1,Arkalyk,11294,11285.7064,5256.799208879471,0.46545061173007535,0.4657926612510924
2015,KAZ.10.4_1,Auliekol`skiy,11042,11044.7742,6428.414797663689,0.582178481947445,0.5820322502125143
2015,KAZ.10.5_1,Denisovskiy,6504,6510.3182,4719.6166660785675,0.7256483188927687,0.7249440878203569
2015,KAZ.10.6_1,Dzhangil`dinskiy,38581,38583.4343,395.73333263397217,0.01025720776117706,0.010256560626057279
2015,KAZ.10.7_1,Fyodorovskiy,6781,6767.2202,9686.177781701088,1.4284291080520701,1.4313377601702568
2015,KAZ.10.8_1,Kamystinskiy,12932,12927.5113,4615.166668891907,0.35687957538601195,0.3570034901717071
2015,KAZ.10.9_1,Karabalykskiy,7266,7284.2803,8488.800003409386,1.168290669337928,1.1653587860447117
2015,KAZ.10.10_1,Karasuskiy,12827,12830.2125,3875.733334183693,0.3021543099854754,0.3020786545763592
2015,KAZ.10.11_1,Mendykarinskiy,6803,6798.9183,3383.7666701078415,0.4973933073802501,0.49769191588548367
2015,KAZ.10.12_1,Naurzumskiy,16090,16095.4503,966.8000011444092,0.060087010636694166,0.060066663779841545
2015,KAZ.10.13_1,Qostanay,8151,8150.5045,48267.467290997505,5.92166204036284,5.922022005464103
2015,KAZ.10.14_1,Sarykol`skiy,6387,6385.6753,4872.202516555786,0.7628311439730369,0.7629893864286074
2015,KAZ.10.15_1,Taranovskiy,7750,7745.2217,29652.394428491592,3.8261154101279473,3.828475854609419
2015,KAZ.10.16_1,Uzunkol`skiy,7723,7734.567,3234.1642900705338,0.4187704635595667,0.418144195833884
2015,KAZ.10.17_1,Zhitikarinskiy,7564,7543.3034,9335.152215600014,1.2341555017979924,1.2375416610467955
2015,KAZ.11.1_1,Aral`skiy,55256,55264.9883,5071.913152694702,0.09178936500460949,0.09177443643155256
2015,KAZ.11.2_1,Karmakchinskiy,31362,31363.2928,8999.801749229431,0.2869651727960408,0.2869533436174364
2015,KAZ.11.3_1,Kazalinskiy,38288,38287.1923,5798.017609715462,0.15143171776314934,0.15143491245823476
2015,KAZ.11.4_1,Qyzylorda,2322,2316.0783,13540.217412233353,5.831273648679308,5.846182890800679
2015,KAZ.11.5_1,Shieliyskiy,30904,30911.1087,3959.11066699028,0.12810997498674218,0.12808051325902878
2015,KAZ.11.6_1,Terenozekskiy,30947,30952.9512,65632.04978871346,2.1207887610661276,2.120381002094182
2015,KAZ.11.7_1,Zhalagashskiy,23287,23286.5285,25440.266852855682,1.092466477126967,1.0924885977877825
2015,KAZ.11.8_1,Zhanakorganskiy,16813,16811.4924,3653.230432987213,0.21728605442141277,0.2173055399601244
2015,KAZ.12.1_1,Arysskiy,6341,6343.9785,3414.000001192093,0.5384008833294579,0.5381481011121504
2015,KAZ.12.2_1,Baydibekskiy,6962,6962.3081,1081.416666507721,0.15533132239409952,0.15532444932297612
2015,KAZ.12.3_1,Chardarinskiy,12114,12109.0736,1959.5,0.16175499422156184,0.1618208021599834
2015,KAZ.12.4_1,Kazygurtskiy,3943,3948.8778,2393.5,0.6070251077859498,0.6061215610088154
2015,KAZ.12.5_1,Maktaaral`skiy,2113,2121.6773,6925.333333969116,3.2774885631656963,3.2640841351914243
2015,KAZ.12.6_1,Ordabasynskiy,2723,2712.62,6849.102390408516,2.5152781455778612,2.524903046777418
2015,KAZ.12.7_1,Otrarskiy,18582,18584.8986,1783.1666679382324,0.09596204218804394,0.09594707520387018
2015,KAZ.12.8_1,Saryagashskiy,7438,7439.5216,15132.56667804718,2.0344940411464347,2.034077939918632
2015,KAZ.12.9_1,Sayramskiy,1701,1704.567,19601.984492778778,11.523800407277353,11.499685586012784
2015,KAZ.12.10_1,Shymkent,334,332.2048,13222.784990787506,39.58917661912427,39.803111326432756
2015,KAZ.12.11_1,Suzakskiy,40794,40796.9964,9908.892971396446,0.24290074450645796,0.24288290438245674
2015,KAZ.12.12_1,Tolebiyskiy,2918,2917.8616,5344.550009727478,1.8315798525454003,1.831666727099543
2015,KAZ.12.13_1,Turkestan,7753,7749.8781,13074.827988505363,1.6864217707346012,1.687101123124668
2015,KAZ.12.14_1,Tyul`kubaskiy,2149,2153.7102,5706.789294719696,2.655555744401906,2.649748003546432
2015,KAZ.13.1_1,Akzhaikskiy,26028,26032.0325,1295.7000002861023,0.0497810050824536,0.04977329374470387
2015,KAZ.13.2_1,Burlinskiy,5354,5358.1927,28353.952998638153,5.295844788688486,5.291700858868151
2015,KAZ.13.3_1,Chingirlauskiy,7361,7357.6497,1442.5500010252,0.1959720148111941,0.1960612496119891
2015,KAZ.13.4_1,Dzhangalinskiy,21494,21491.9701,794.2857141494751,0.03695383428628804,0.03695732450319125
2015,KAZ.13.5_1,Dzhanybekskiy,8009,8003.5822,1005.1251077651978,0.12549945158761366,0.1255844049091294
2015,KAZ.13.6_1,Karatobinskiy,9925,9939.6014,791.0500030517578,0.07970277108833831,0.07958568643186503
2015,KAZ.13.7_1,Kaztalovskiy,19736,19743.3866,1025.2000007629395,0.051945683054465924,0.05192624867372357
2015,KAZ.13.8_1,Syrymskiy,12624,12614.5173,832.5928573608398,0.06595317311160011,0.06600275211259042
2015,KAZ.13.9_1,Taskalinskiy,8222,8219.7343,965.0,0.11736803697397227,0.11740038869796711
2015,KAZ.13.10_1,Terektinskiy,8682,8680.1014,5130.633038520813,0.5909505918591123,0.5910798481274542
2015,KAZ.13.11_1,Urdinskiy,19364,19368.9902,419.8333330154419,0.0216811264726008,0.02167554060303353
2015,KAZ.13.12_1,Zelenovskiy,8122,8118.9478,28459.71442067623,3.5040278774533653,3.5053451607664075
2015,KAZ.14.1_1,Bayzakskiy,4789,4785.8197,11666.82719039917,2.4361718919188076,2.4377907745540464
2015,KAZ.14.2_1,Kordayskiy,8629,8625.2652,10753.15831065178,1.2461650609168826,1.2467046658519698
2015,KAZ.14.3_1,Lugovskoy,8992,8994.9512,7751.15335893631,0.8620054892055504,0.8617226704651043
2015,KAZ.14.4_1,Merkenskiy,6255,6245.7744,5274.590879440308,0.8432599327642378,0.8445055119930047
2015,KAZ.14.5_1,Moyynkumskiy,49602,49586.5382,3956.913095474243,0.07977325703548735,0.07979813150837714
2015,KAZ.14.6_1,Sarysuskiy,30981,30958.0923,3228.949999809265,0.10422355636710452,0.10430067756759381
2015,KAZ.14.7_1,Shuskiy,11620,11617.7944,7083.8226227760315,0.6096232893955277,0.6097390241965783
2015,KAZ.14.8_1,Talasskiy,11742,11739.8088,2175.166666507721,0.18524669277020278,0.18528126898522637
2015,KAZ.14.9_1,Zhamb.,950,949.293,0.0,0.0,0.0
2015,KAZ.14.10_1,Zhambylskiy,2909,2908.9839,13612.053182125092,4.679289509152661,4.679315326985433
2015,KAZ.14.11_1,Zhualy,690,690.1558,0.0,0.0,0.0
2015,KAZ.14.12_1,Zhualynskiy,3181,3177.7961,1927.3045625686646,0.6058800888301366,0.6064909492011752
2016,KAZ.1.1_1,Aksuskiy,13392,13387.4372,1737.583333492279,0.12974785943042705,0.12979208127211478
2016,KAZ.1.2_1,Alakolskiy,36371,36368.3054,7467.218332052231,0.20530692947821702,0.2053221413408103
2016,KAZ.1.3_1,Almaty (Alma-Ata),282,282.7159,17093.83820915222,60.616447550185185,60.46294738608102
2016,KAZ.1.4_1,Balkhashskiy,38307,38315.691,2745.233332157135,0.07166401263886849,0.07164775730312946
2016,KAZ.1.5_1,Enbekshikazakhskiy,9627,9630.8366,16133.358987092972,1.6758449140015552,1.6751773200995812
2016,KAZ.1.6_1,Iliyskiy,8381,8378.8611,24965.994804143906,2.9788801818570465,2.9796406075905506
2016,KAZ.1.7_1,Karasayskiy,2205,2204.1313,28003.87702178955,12.700170984938572,12.705176550523827
2016,KAZ.1.8_1,Karatal`skiy,23995,23985.4486,3482.9666681289673,0.14515385155778152,0.1452116543030614
2016,KAZ.1.9_1,Kerbulakskiy,11144,11157.1654,2834.595239639282,0.25436066400208923,0.2540605204433752
2016,KAZ.1.10_1,Koksuskiy,6956,6947.0051,2456.0000019073486,0.3530764810102571,0.3535336396089198
2016,KAZ.1.11_1,Panfilovskiy,10411,10410.9861,9818.040565013885,0.943044910672739,0.9430461655429334
2016,KAZ.1.12_1,Raiymbekskiy,13935,13917.9794,2120.2000002861023,0.1521492644625836,0.15233533089746282
2016,KAZ.1.13_1,Sarkandskiy,10192,10198.9963,2156.4999980926514,0.21158751943609216,0.21144237466303675
2016,KAZ.1.14_1,Taldyqorghan,4387,4397.3056,14022.454095363617,3.196365191557697,3.1888741406581906
2016,KAZ.1.15_1,Talgarskiy,6069,6058.0912,23744.767542243004,3.912467876461197,3.919513022630098
2016,KAZ.1.16_1,Uygurskiy,8457,8462.7736,2754.6666674613953,0.3257262229468364,0.3255040016868411
2016,KAZ.1.17_1,Zhambylskiy,18472,18473.3386,12594.10296678543,0.6817942273054044,0.6817448252474462
2016,KAZ.2.1_1,Akkol`skiy,10514,10522.4756,13588.453971862793,1.2924152531731778,1.29137423970529
2016,KAZ.2.2_1,Arshalynskiy,6017,6024.4332,8102.180557966232,1.346548206409545,1.3448867831907099
2016,KAZ.2.3_1,Astrakhansiy,7222,7218.1971,5101.12879383564,0.7063318739733647,0.7067040014873893
2016,KAZ.2.4_1,Atbasarskiy,10873,10869.0932,5032.883340716362,0.4628789975826692,0.4630453773122423
2016,KAZ.2.5_1,Bulandynskiy,5187,5190.895,5378.337306380272,1.0368878554810625,1.0361098188327522
2016,KAZ.2.6_1,Egindykol`skiy,5259,5276.6597,1269.904302597046,0.24147258083229622,0.24066443131317578
2016,KAZ.2.7_1,Enbekshil`derskiy,10606,10606.0361,4385.182106137276,0.41346238979231337,0.4134609828390232
2016,KAZ.2.8_1,Ereymengauskiy,17508,17501.7015,4807.667461276054,0.27459832426753794,0.2746971468247292
2016,KAZ.2.9_1,Esil`skiy,8678,8679.3199,3799.104764819145,0.4377857530328584,0.43771917525629755
2016,KAZ.2.10_1,Korgalzhynskiy,9193,9172.9782,1053.8190479278564,0.11463276927312699,0.11488297725729484
2016,KAZ.2.11_1,Sandyktauskiy,6307,6302.6735,2090.9055606126785,0.3315214143987123,0.3317489892813462
2016,KAZ.2.12_1,Shortandinskiy,4586,4588.3371,8278.86954164505,1.8052484826962603,1.8043289521580175
2016,KAZ.2.13_1,Shuchinskiy,5898,5909.4278,16624.126420140266,2.818604004771154,2.81315329507121
2016,KAZ.2.14_1,Tselinogradskiy,8277,8278.398,66859.72582697868,8.077772843660588,8.076408767422263
2016,KAZ.2.15_1,Zerendinskiy,8418,8408.3167,21876.790637612343,2.5988109571884466,2.60180384709929
2016,KAZ.2.16_1,Zhaksynskiy,10057,10056.5071,3035.825761795044,0.30186196299045875,0.3018767575699199
2016,KAZ.2.17_1,Zharkainskiy,12416,12426.2702,2144.625000476837,0.17273075068273494,0.17258799070524122
2016,KAZ.3.1_1,Alginskiy,7474,7465.03,4053.938246846199,0.5424054384327267,0.5430571922059552
2016,KAZ.3.2_1,Aqtobe,2396,2398.9899,24830.069692254066,10.363134262209543,10.350218584079004
2016,KAZ.3.3_1,Aytekebiyskiy,36132,36128.4233,1345.8252544403076,0.03724746082254809,0.037251148285801346
2016,KAZ.3.4_1,Bayganinskiy,61863,61859.4222,26414.20404613018,0.4269790350634496,0.4270037303531225
2016,KAZ.3.5_1,Irgizskiy,41431,41435.2616,477.7500009536743,0.011531220606639336,0.011530034618681656
2016,KAZ.3.6_1,Kargalinskiy,4844,4833.9448,4475.516672372818,0.9239299488796073,0.9258518330278437
2016,KAZ.3.7_1,Khobdinskiy,13618,13617.909,1166.9571447372437,0.08569225618572798,0.08569282875858378
2016,KAZ.3.8_1,Khromtauskiy,12764,12776.9987,15442.861278057098,1.2098763144826934,1.2086454493667544
2016,KAZ.3.9_1,Martukskiy,6479,6474.1115,2806.534113764763,0.4331739641556973,0.4335010492142463
2016,KAZ.3.10_1,Mugalzharskiy,29413,29418.8846,120394.00158822536,4.093224138585842,4.092405372332719
2016,KAZ.3.11_1,Shalkarskiy,61988,61995.1616,5410.24685895443,0.08727893881000241,0.08726885648188759
2016,KAZ.3.12_1,Temirskiy,12513,12509.9697,10321.03013753891,0.8248245934259498,0.8250243924868188
2016,KAZ.3.13_1,Uilskiy,10813,10805.3021,538.1999994516373,0.04977342083155806,0.04980888035972307
2016,KAZ.4.1_1,Atyrau,3133,3136.9405,14659.868035316467,4.67917907287471,4.673301234545251
2016,KAZ.4.2_1,Inderskiy,11379,11381.1544,3547.1303749084473,0.31172601941369604,0.3116670120581142
2016,KAZ.4.3_1,Isatayskiy,13984,13973.895,3264.0856428146362,0.2334157353271336,0.2335845269105749
2016,KAZ.4.4_1,Kurmangazinskiy,20963,20971.928,2985.36905002594,0.1424113461826046,0.14235071999884524
2016,KAZ.4.5_1,Kzylkoginskiy,23848,23831.6595,9077.398073554039,0.380635611940374,0.38089660020778177
2016,KAZ.4.6_1,Makatskiy,4648,4645.3358,6459.698479652405,1.3897802236773675,1.3905772923041915
2016,KAZ.4.7_1,Makhambetskiy,9233,9238.6483,9421.998472452164,1.0204698876261413,1.0198459968607232
2016,KAZ.4.8_1,Zhylyoyskiy,30176,30180.7623,63311.75934791565,2.0980832233535143,2.0977521625403086
2016,KAZ.5.1_1,Abayskiy,19546,19548.8915,1682.0,0.08605341246290801,0.08604068434372074
2016,KAZ.5.2_1,Ayagozskiy,46653,46624.2114,12795.723090648651,0.2742743894422363,0.27444374274410926
2016,KAZ.5.3_1,Beskaragayskiy,9766,9771.5976,3367.2250012159348,0.34479060016546537,0.3445930883597759
2016,KAZ.5.4_1,Borodulikhinskiy,6225,6218.2645,5875.582366108894,0.9438686531901839,0.9448910328416906
2016,KAZ.5.5_1,Glubokovskiy,7471,7460.8603,18769.594851613045,2.512326977862809,2.5157413616980073
2016,KAZ.5.6_1,Katon-Karagayskiy,13115,13114.1525,1804.7571420669556,0.1376101518922574,0.1376190452695282
2016,KAZ.5.7_1,Kokpektinskiy,14505,14517.2114,3528.061520576477,0.24323071496563095,0.2430261166555248
2016,KAZ.5.8_1,Kurchumskiy,23877,23872.8825,2222.0119075775146,0.09306076590767327,0.09307681656042922
2016,KAZ.5.9_1,Leninogorsk,3227,3235.8558,6719.16666662693,2.082171263286932,2.07647283293817
2016,KAZ.5.10_1,Semipalatinskiy,31307,31325.8457,24674.649923086166,0.7881512097322058,0.787677056471424
2016,KAZ.5.11_1,Shemonaikhinskiy,4074,4071.623,10812.646372675896,2.6540614562287423,2.655610901376191
2016,KAZ.5.12_1,Tarbagatayskiy,22626,22609.7774,2891.9333357810974,0.1278146086706045,0.1279063161597292
2016,KAZ.5.13_1,Ulanskiy,9852,9854.1714,21000.43542790413,2.13159109093627,2.1311213974786503
2016,KAZ.5.14_1,Urdzharskiy,25124,25114.9445,5337.683337330818,0.21245356381670188,0.21253016682049927
2016,KAZ.5.15_1,Zaysanskiy,9565,9561.1695,4174.805554389954,0.43646686402404117,0.43664172386047123
2016,KAZ.5.16_1,Zharminskiy,22270,22279.605,6830.688609838486,0.3067215361400308,0.3065893043795311
2016,KAZ.5.17_1,Zyryanovsk,11445,11445.8901,12204.475003004074,1.0663586721716098,1.066275746626019
2016,KAZ.6.1_1,Aqtau,1352,1352.7086,17339.706462740898,12.825226673624925,12.818508315841731
2016,KAZ.6.2_1,Beyneuskiy,39572,39560.655,10914.287543654442,0.275808337805884,0.2758874327299638
2016,KAZ.6.3_1,Karakiyanskiy,65617,65609.5753,24769.985554099083,0.37749341716474516,0.3775361360342498
2016,KAZ.6.4_1,Manghystauskiy,49500,49519.3216,18039.235901355743,0.36442900810819684,0.3642868142491121
2016,KAZ.6.5_1,Tupkaraganskiy,10066,10061.9108,39164.90197849274,3.890810846263932,3.892392077073123
2016,KAZ.7.1_1,Akzharskiy,8055,8060.5054,1845.8904770612717,0.2291608289337395,0.22900431130510474
2016,KAZ.7.2_1,Ayyrtauskiy,9630,9633.5514,4762.391414880753,0.4945370108910439,0.4943547027813589
2016,KAZ.7.3_1,Bulaevskiy,7907,7908.5235,5264.8142902851105,0.6658422018825232,0.6657139356494457
2016,KAZ.7.4_1,Esil`skiy,4926,4923.8679,4767.907150268555,0.9679064454463164,0.9683255605799065
2016,KAZ.7.5_1,Kyzylzharskiy,6308,6303.3423,26702.983327507973,4.233193298590357,4.236321321485329
2016,KAZ.7.6_1,Mamlyutskiy,4138,4151.6206,4174.883337974548,1.008913324788436,1.0056032831063677
2016,KAZ.7.7_1,Shal Akyna,4758,4759.1509,1865.719048500061,0.3921225406683609,0.3920277150483454
2016,KAZ.7.8_1,Sovetskiy,4636,4635.5038,4737.440520524979,1.0218810441166908,1.0219904272340836
2016,KAZ.7.9_1,Taiynshinskiy,11127,11129.4809,9457.548428058624,0.8499639101337849,0.8497744457586521
2016,KAZ.7.10_1,Timiryazevskiy,4768,4775.0033,3150.033336162567,0.6606613540609411,0.659692384334467
2016,KAZ.7.11_1,Tselinniy,12298,12291.1075,7904.972260832787,0.6427851895294183,0.6431456471027711
2016,KAZ.7.12_1,Ualikhanovskiy,12586,12586.5573,2519.4041290283203,0.20017512545910696,0.20016626245946673
2016,KAZ.7.13_1,Zhambylskiy,7722,7713.3211,2840.833337187767,0.36788828505410087,0.36830222777510174
2016,KAZ.8.1_1,Aksuskiy,8081,8080.2883,24056.648793935776,2.976939585934386,2.9772017836405444
2016,KAZ.8.2_1,Aktogayskiy,9409,9403.9423,3966.8952436447144,0.42160646653679607,0.4218332199868693
2016,KAZ.8.3_1,Bayanaul`skiy,18623,18613.3374,9980.852442264557,0.5359422457318669,0.5362204653650393
2016,KAZ.8.4_1,Ekibastuz,19241,19236.1846,48790.04796230793,2.5357334838266166,2.5363682590399836
2016,KAZ.8.5_1,Irtyshskiy,10103,10102.5432,5229.005562543869,0.5175695894827149,0.5175929945655341
2016,KAZ.8.6_1,Kachirskiy,6831,6833.7305,4159.858340620995,0.6089676973533882,0.608724377163182
2016,KAZ.8.7_1,Lebyazhinskiy,8094,8100.0565,2608.4666689634323,0.322271641828939,0.3220306739388286
2016,KAZ.8.8_1,Mayskiy,18058,18048.9733,6018.326443910599,0.3332775746987816,0.3334442540499159
2016,KAZ.8.9_1,Pavlodarskiy,6527,6532.3778,39333.90355992317,6.026337300432537,6.0213761067253335
2016,KAZ.8.10_1,Sherbaktinskiy,6979,6974.1198,5295.016671419144,0.7587070742827259,0.7592379886129863
2016,KAZ.8.11_1,Uspenskiy,5590,5581.5676,4944.945838570595,0.8846056956298023,0.8859421216405213
2016,KAZ.8.12_1,Zhelezinskiy,7598,7584.3494,2646.0738151073456,0.3482592544231832,0.34888606553867324
2016,KAZ.9.1_1,Abayskiy,6708,6706.9089,21118.59187376499,3.1482695101021156,3.1487817026431744
2016,KAZ.9.2_1,Aktogayskiy,56475,56483.5207,15306.566390037537,0.2710326054012844,0.27099171947154305
2016,KAZ.9.3_1,Bukhar-Zhyrauskiy,15297,15298.2434,80958.99428069592,5.292475274935995,5.292045103776442
2016,KAZ.9.4_1,Karkaralinskiy,35215,35227.1629,5352.847200393677,0.1520047479878937,0.15195226504110787
2016,KAZ.9.5_1,Nurinskiy,47011,47004.3867,5880.996919393539,0.1250983157004433,0.12511591656465473
2016,KAZ.9.6_1,Osakarovskiy,11120,11123.7267,7971.501337170601,0.7168616310405217,0.7166214651860667
2016,KAZ.9.7_1,Shetskiy,66230,66248.7613,9374.775008559227,0.14154876956906579,0.14150868373196462
2016,KAZ.9.8_1,Ulytauskiy,128675,128672.5201,57736.392610669136,0.448699379138676,0.44870802679360167
2016,KAZ.9.9_1,Zhanaarkinskiy,63004,63031.6413,10121.24455833435,0.16064447587985448,0.1605740283153945
2016,KAZ.10.1_1,Altynsarinskiy,5349,5356.2087,2925.216675758362,0.5468716911120511,0.5461356757585342
2016,KAZ.10.2_1,Amangel`dinskiy,28028,28028.9463,499.9999990463257,0.017839303519563497,0.01783870123510583
2016,KAZ.10.3_1,Arkalyk,11294,11285.7064,5283.315875649452,0.46779846605715003,0.4681422409651958
2016,KAZ.10.4_1,Auliekol`skiy,11042,11044.7742,6421.581464409828,0.5815596327123553,0.5814135564201283
2016,KAZ.10.5_1,Denisovskiy,6504,6510.3182,4664.033332824707,0.7171022959447582,0.7164063586625321
2016,KAZ.10.6_1,Dzhangil`dinskiy,38581,38583.4343,396.73333263397217,0.010283127255228536,0.010282478484827958
2016,KAZ.10.7_1,Fyodorovskiy,6781,6767.2202,9774.744449615479,1.441490112021159,1.4444253597307166
2016,KAZ.10.8_1,Kamystinskiy,12932,12927.5113,4700.008914470673,0.3634402191826997,0.363566411937845
2016,KAZ.10.9_1,Karabalykskiy,7266,7284.2803,8681.588896989822,1.194823685244952,1.191825216034294
2016,KAZ.10.10_1,Karasuskiy,12827,12830.2125,3891.733334183693,0.3034016788168467,0.30332571108321243
2016,KAZ.10.11_1,Mendykarinskiy,6803,6798.9183,3425.0333379507065,0.503459258849141,0.5037615090292304
2016,KAZ.10.12_1,Naurzumskiy,16090,16095.4503,947.3000011444092,0.058875077759130465,0.05885514129088785
2016,KAZ.10.13_1,Qostanay,8151,8150.5045,48567.21983206272,5.958436980991623,5.958799181562446
2016,KAZ.10.14_1,Sarykol`skiy,6387,6385.6753,4774.202516555786,0.7474874771498021,0.7476425366997784
2016,KAZ.10.15_1,Taranovskiy,7750,7745.2217,29511.21146273613,3.807898253256275,3.8102474590314355
2016,KAZ.10.16_1,Uzunkol`skiy,7723,7734.567,3335.0476249456406,0.431833176867233,0.43118737396305445
2016,KAZ.10.17_1,Zhitikarinskiy,7564,7543.3034,9544.152215600014,1.261786384928611,1.2652483551836684
2016,KAZ.11.1_1,Aral`skiy,55256,55264.9883,5160.57981967926,0.09339401729548394,0.0933788277426397
2016,KAZ.11.2_1,Karmakchinskiy,31362,31363.2928,9090.623178482056,0.28986107960213175,0.28984913104946364
2016,KAZ.11.3_1,Kazalinskiy,38288,38287.1923,6112.992542386055,0.15965818382746697,0.15966155207305485
2016,KAZ.11.4_1,Qyzylorda,2322,2316.0783,13911.196337461472,5.991040627675052,6.006358357669975
2016,KAZ.11.5_1,Shieliyskiy,30904,30911.1087,4421.070520877838,0.1430581970255578,0.14302529762292834
2016,KAZ.11.6_1,Terenozekskiy,30947,30952.9512,65222.04890990257,2.107540275629385,2.1071350639119797
2016,KAZ.11.7_1,Zhalagashskiy,23287,23286.5285,23979.29505300522,1.0297288209303568,1.0297496712561625
2016,KAZ.11.8_1,Zhanakorganskiy,16813,16811.4924,3877.3828172683716,0.23061814175152393,0.23063882287043264
2016,KAZ.12.1_1,Arysskiy,6341,6343.9785,3418.6666691303253,0.5391368347469366,0.5388837069963344
2016,KAZ.12.2_1,Baydibekskiy,6962,6962.3081,1088.4166679382324,0.15633678080123994,0.15632986324078213
2016,KAZ.12.3_1,Chardarinskiy,12114,12109.0736,1965.0,0.16220901436354632,0.16227500701422168
2016,KAZ.12.4_1,Kazygurtskiy,3943,3948.8778,2939.833333969116,0.7455828896700777,0.7444731019390478
2016,KAZ.12.5_1,Maktaaral`skiy,2113,2121.6773,6930.333333969116,3.2798548669991083,3.2664407612033313
2016,KAZ.12.6_1,Ordabasynskiy,2723,2712.62,6977.269059300423,2.562346330995381,2.572151342150206
2016,KAZ.12.7_1,Otrarskiy,18582,18584.8986,1822.6666679382324,0.09808775524368918,0.09807245671682484
2016,KAZ.12.8_1,Saryagashskiy,7438,7439.5216,15237.400012016296,2.048588331811817,2.0481693479746133
2016,KAZ.12.9_1,Sayramskiy,1701,1704.567,19721.647988796234,11.594149317340525,11.569887283235367
2016,KAZ.12.10_1,Shymkent,334,332.2048,13639.49823141098,40.836821052128684,41.05749786597724
2016,KAZ.12.11_1,Suzakskiy,40794,40796.9964,10133.292971491814,0.24840155345128728,0.24838330931405883
2016,KAZ.12.12_1,Tolebiyskiy,2918,2917.8616,5357.550009727478,1.836034958782549,1.8361220446490008
2016,KAZ.12.13_1,Turkestan,7753,7749.8781,13285.318190932274,1.7135712873638944,1.714261576572574
2016,KAZ.12.14_1,Tyul`kubaskiy,2149,2153.7102,5707.789294719696,2.656021077114796,2.6502123185695914
2016,KAZ.13.1_1,Akzhaikskiy,26028,26032.0325,1298.7000002861023,0.049896265571158074,0.0498885363789565
2016,KAZ.13.2_1,Burlinskiy,5354,5358.1927,28064.841888189316,5.241845701940477,5.2377440257047505
2016,KAZ.13.3_1,Chingirlauskiy,7361,7357.6497,1436.0500010252,0.1950889826144817,0.19517781533132483
2016,KAZ.13.4_1,Dzhangalinskiy,21494,21491.9701,802.2857141494751,0.03732603117844399,0.03732955654861098
2016,KAZ.13.5_1,Dzhanybekskiy,8009,8003.5822,1005.1251077651978,0.12549945158761366,0.1255844049091294
2016,KAZ.13.6_1,Karatobinskiy,9925,9939.6014,794.0500030517578,0.08000503809085721,0.07988750939928113
2016,KAZ.13.7_1,Kaztalovskiy,19736,19743.3866,1028.2000007629395,0.05209768954007597,0.05207819828931589
2016,KAZ.13.8_1,Syrymskiy,12624,12614.5173,833.5928573608398,0.06603238730678389,0.06608202585548777
2016,KAZ.13.9_1,Taskalinskiy,8222,8219.7343,966.0,0.11748966188275359,0.117522047131851
2016,KAZ.13.10_1,Terektinskiy,8682,8680.1014,5138.633038520813,0.5918720385303862,0.5920014963430871
2016,KAZ.13.11_1,Urdinskiy,19364,19368.9902,424.8333330154419,0.02193933758600712,0.021933685191593822
2016,KAZ.13.12_1,Zelenovskiy,8122,8118.9478,28452.205797076225,3.5031033978178066,3.504420333587496
2016,KAZ.14.1_1,Bayzakskiy,4789,4785.8197,12340.180181026459,2.5767759826741403,2.5784882994064238
2016,KAZ.14.2_1,Kordayskiy,8629,8625.2652,11352.815862059593,1.3156583453539916,1.316228041743585
2016,KAZ.14.3_1,Lugovskoy,8992,8994.9512,7777.986692428589,0.864989623268304,0.8647058254516831
2016,KAZ.14.4_1,Merkenskiy,6255,6245.7744,5277.590879440308,0.8437395490711923,0.844985836741196
2016,KAZ.14.5_1,Moyynkumskiy,49602,49586.5382,4028.1964292526245,0.08121036307513053,0.08123568565878517
2016,KAZ.14.6_1,Sarysuskiy,30981,30958.0923,3244.949999809265,0.10474000193051435,0.10481750527975414
2016,KAZ.14.7_1,Shuskiy,11620,11617.7944,7086.8226227760315,0.609881464954908,0.6099972487696653
2016,KAZ.14.8_1,Talasskiy,11742,11739.8088,2159.166666507721,0.18388406289454276,0.18391838477528985
2016,KAZ.14.9_1,Zhamb.,950,949.293,0.0,0.0,0.0
2016,KAZ.14.10_1,Zhambylskiy,2909,2908.9839,14068.763491630554,4.836288584266262,4.836315268336495
2016,KAZ.14.11_1,Zhualy,690,690.1558,0.0,0.0,0.0
2016,KAZ.14.12_1,Zhualynskiy,3181,3177.7961,1971.6378965377808,0.6198170061420247,0.6204419179906365
2017,KAZ.1.1_1,Aksuskiy,13392,13387.4372,1865.7500004768372,0.13931824973692034,0.13936573344579326
2017,KAZ.1.2_1,Alakolskiy,36371,36368.3054,8582.599739789963,0.2359737081683199,0.2359911922329514
2017,KAZ.1.3_1,Almaty (Alma-Ata),282,282.7159,17149.994325637817,60.81558271502772,60.661578277220336
2017,KAZ.1.4_1,Balkhashskiy,38307,38315.691,2889.1333363056183,0.07542050633841382,0.07540339892833456
2017,KAZ.1.5_1,Enbekshikazakhskiy,9627,9630.8366,17516.0801936388,1.819474415045061,1.8187496045246283
2017,KAZ.1.6_1,Iliyskiy,8381,8378.8611,27440.10087108612,3.2740843420935595,3.274920125285698
2017,KAZ.1.7_1,Karasayskiy,2205,2204.1313,29973.928982257843,13.593618586057978,13.598976289466394
2017,KAZ.1.8_1,Karatal`skiy,23995,23985.4486,3823.257149219513,0.1593355761291733,0.1593990262796321
2017,KAZ.1.9_1,Kerbulakskiy,11144,11157.1654,2930.595239639282,0.26297516507890184,0.2626648564774919
2017,KAZ.1.10_1,Koksuskiy,6956,6947.0051,2718.7333374023438,0.39084723079389644,0.39135329444279676
2017,KAZ.1.11_1,Panfilovskiy,10411,10410.9861,10948.546027064323,1.05163250668181,1.0516339060449507
2017,KAZ.1.12_1,Raiymbekskiy,13935,13917.9794,2386.750002384186,0.17127735933865704,0.1714868179104105
2017,KAZ.1.13_1,Sarkandskiy,10192,10198.9963,2209.166666030884,0.21675497115687636,0.21660628161610831
2017,KAZ.1.14_1,Taldyqorghan,4387,4397.3056,15920.137922525406,3.628935017671622,3.6204301894372954
2017,KAZ.1.15_1,Talgarskiy,6069,6058.0912,26332.06922376156,4.338782208561799,4.3465950151635475
2017,KAZ.1.16_1,Uygurskiy,8457,8462.7736,3195.900000333786,0.3778999645658964,0.377642148644543
2017,KAZ.1.17_1,Zhambylskiy,18472,18473.3386,14154.594212055206,0.7662729651394113,0.7662174418452565
2017,KAZ.2.1_1,Akkol`skiy,10514,10522.4756,14273.872895240784,1.357606324447478,1.3565128009345284
2017,KAZ.2.2_1,Arshalynskiy,6017,6024.4332,8641.163894295692,1.436124961657918,1.4343530151764703
2017,KAZ.2.3_1,Astrakhansiy,7222,7218.1971,5453.675910830498,0.7551475921947518,0.7555454380326074
2017,KAZ.2.4_1,Atbasarskiy,10873,10869.0932,5385.833344697952,0.4953401402278996,0.49551818796609515
2017,KAZ.2.5_1,Bulandynskiy,5187,5190.895,5892.88175368309,1.1360867078625583,1.135234236604743
2017,KAZ.2.6_1,Egindykol`skiy,5259,5276.6597,1412.4927297830582,0.2685858014419202,0.26768691062156397
2017,KAZ.2.7_1,Enbekshil`derskiy,10606,10606.0361,5079.37157022953,0.4789149132782887,0.47891328359943625
2017,KAZ.2.8_1,Ereymengauskiy,17508,17501.7015,5447.421732902527,0.311139006905559,0.31125097973855553
2017,KAZ.2.9_1,Esil`skiy,8678,8679.3199,4191.854764819145,0.4830438770245616,0.48297041646288086
2017,KAZ.2.10_1,Korgalzhynskiy,9193,9172.9782,1187.4857149124146,0.12917281789540025,0.12945476232176129
2017,KAZ.2.11_1,Sandyktauskiy,6307,6302.6735,2879.589478969574,0.45657039463605104,0.4568838101484754
2017,KAZ.2.12_1,Shortandinskiy,4586,4588.3371,8884.082933664322,1.9372182585399742,1.9362315072062695
2017,KAZ.2.13_1,Shuchinskiy,5898,5909.4278,18116.635732769966,3.0716574657121,3.0657173928551393
2017,KAZ.2.14_1,Tselinogradskiy,8277,8278.398,68185.21836864948,8.23791450630053,8.236523387281851
2017,KAZ.2.15_1,Zerendinskiy,8418,8408.3167,22869.480683207512,2.7167356478032207,2.7198643442896846
2017,KAZ.2.16_1,Zhaksynskiy,10057,10056.5071,3489.075764656067,0.3469300750378907,0.34694707845399436
2017,KAZ.2.17_1,Zharkainskiy,12416,12426.2702,2273.1583346128464,0.1830829844243594,0.1829316684448213
2017,KAZ.3.1_1,Alginskiy,7474,7465.03,6296.04658973217,0.842393174970855,0.8434053936755855
2017,KAZ.3.2_1,Aqtobe,2396,2398.9899,29316.648094654083,12.235662810790519,12.220413381556135
2017,KAZ.3.3_1,Aytekebiyskiy,36132,36128.4233,1871.0752580165863,0.051784436455678796,0.0517895630657162
2017,KAZ.3.4_1,Bayganinskiy,61863,61859.4222,27282.95324087143,0.44102214960269354,0.441047657107377
2017,KAZ.3.5_1,Irgizskiy,41431,41435.2616,531.4936549663544,0.012828405178884275,0.012827085775277544
2017,KAZ.3.6_1,Kargalinskiy,4844,4833.9448,5188.185721158981,1.0710540299667592,1.0732819496965977
2017,KAZ.3.7_1,Khobdinskiy,13618,13617.909,1548.3924001455307,0.11370189456201577,0.1137026542878227
2017,KAZ.3.8_1,Khromtauskiy,12764,12776.9987,16173.153793215752,1.2670913344731864,1.2658022617773725
2017,KAZ.3.9_1,Martukskiy,6479,6474.1115,3673.0783410072327,0.5669205650574521,0.567348640753497
2017,KAZ.3.10_1,Mugalzharskiy,29413,29418.8846,120173.31783819199,4.085721206207867,4.084903940763794
2017,KAZ.3.11_1,Shalkarskiy,61988,61995.1616,6141.426587939262,0.09907444324610025,0.09906299831954386
2017,KAZ.3.12_1,Temirskiy,12513,12509.9697,10556.311094045639,0.8436275149081467,0.8438318686417104
2017,KAZ.3.13_1,Uilskiy,10813,10805.3021,646.5080835819244,0.05978989027854661,0.059832485729349356
2017,KAZ.4.1_1,Atyrau,3133,3136.9405,17275.49495112896,5.514042435725809,5.507115868164662
2017,KAZ.4.2_1,Inderskiy,11379,11381.1544,3870.579857110977,0.3401511430803214,0.340086755065843
2017,KAZ.4.3_1,Isatayskiy,13984,13973.895,5915.314744472504,0.4230059170818438,0.423311808363977
2017,KAZ.4.4_1,Kurmangazinskiy,20963,20971.928,3225.8023869991302,0.15388076072122933,0.1538152518729066
2017,KAZ.4.5_1,Kzylkoginskiy,23848,23831.6595,9712.251847863197,0.4072564511851391,0.4075356924128414
2017,KAZ.4.6_1,Makatskiy,4648,4645.3358,6299.228615760803,1.3552557262824447,1.3560329943729956
2017,KAZ.4.7_1,Makhambetskiy,9233,9238.6483,12064.083063483238,1.3066265637911012,1.3058277237107774
2017,KAZ.4.8_1,Zhylyoyskiy,30176,30180.7623,67828.78650701046,2.24777261754409,2.2474179369373424
2017,KAZ.5.1_1,Abayskiy,19546,19548.8915,1724.0,0.08820218970633378,0.08818914376252945
2017,KAZ.5.2_1,Ayagozskiy,46653,46624.2114,13364.711185455322,0.28647056321041137,0.28664744715450746
2017,KAZ.5.3_1,Beskaragayskiy,9766,9771.5976,3497.5166729688644,0.358131955044938,0.3579268007017451
2017,KAZ.5.4_1,Borodulikhinskiy,6225,6218.2645,6108.387115120888,0.9812670064451225,0.9823298952450563
2017,KAZ.5.5_1,Glubokovskiy,7471,7460.8603,18893.57848417759,2.5289222974404484,2.5323592351834003
2017,KAZ.5.6_1,Katon-Karagayskiy,13115,13114.1525,1789.7571420669556,0.1364664233371678,0.13647524279831108
2017,KAZ.5.7_1,Kokpektinskiy,14505,14517.2114,3326.0615203380585,0.22930448261551592,0.22911159863024483
2017,KAZ.5.8_1,Kurchumskiy,23877,23872.8825,2299.011909008026,0.09628562671223462,0.09630223357275929
2017,KAZ.5.9_1,Leninogorsk,3227,3235.8558,6817.91666662693,2.1127724408512334,2.1069902620222116
2017,KAZ.5.10_1,Semipalatinskiy,31307,31325.8457,26359.965842485428,0.8419831297309045,0.841476591085077
2017,KAZ.5.11_1,Shemonaikhinskiy,4074,4071.623,11003.112154126167,2.700812998067297,2.702389736836552
2017,KAZ.5.12_1,Tarbagatayskiy,22626,22609.7774,2969.7833384275436,0.13125534068892175,0.13134951691692875
2017,KAZ.5.13_1,Ulanskiy,9852,9854.1714,22312.507952094078,2.2647693820639545,2.264270342934782
2017,KAZ.5.14_1,Urdzharskiy,25124,25114.9445,5697.950009703636,0.22679310657951107,0.22687487989925412
2017,KAZ.5.15_1,Zaysanskiy,9565,9561.1695,4725.238105297089,0.49401339313090314,0.4942113075849827
2017,KAZ.5.16_1,Zharminskiy,22270,22279.605,7486.049482584,0.33614950527992815,0.3360045867279619
2017,KAZ.5.17_1,Zyryanovsk,11445,11445.8901,12195.308337926865,1.0655577403168952,1.0654748770558928
2017,KAZ.6.1_1,Aqtau,1352,1352.7086,20367.335931897163,15.064597582764174,15.05670615448798
2017,KAZ.6.2_1,Beyneuskiy,39572,39560.655,11219.192486643791,0.28351340560607985,0.28359471015064297
2017,KAZ.6.3_1,Karakiyanskiy,65617,65609.5753,26755.756104826927,0.4077564671476436,0.40780261072132645
2017,KAZ.6.4_1,Manghystauskiy,49500,49519.3216,18976.57116794586,0.3833650740999164,0.3832154917173076
2017,KAZ.6.5_1,Tupkaraganskiy,10066,10061.9108,41048.97396016121,4.077982710129268,4.0796400078379955
2017,KAZ.7.1_1,Akzharskiy,8055,8060.5054,2171.973809480667,0.2696429310342231,0.269458763991627
2017,KAZ.7.2_1,Ayyrtauskiy,9630,9633.5514,5795.077131271362,0.6017733261964031,0.6015514860607982
2017,KAZ.7.3_1,Bulaevskiy,7907,7908.5235,6336.16429579258,0.8013360687735651,0.8011817013293268
2017,KAZ.7.4_1,Esil`skiy,4926,4923.8679,4857.800013780594,0.9861550982096212,0.9865821152293665
2017,KAZ.7.5_1,Kyzylzharskiy,6308,6303.3423,28648.30807352066,4.54158339783143,4.544939298648095
2017,KAZ.7.6_1,Mamlyutskiy,4138,4151.6206,4473.310324788094,1.08103197795749,1.077485329480587
2017,KAZ.7.7_1,Shal Akyna,4758,4759.1509,2211.030953526497,0.4646975522333957,0.4645851760526357
2017,KAZ.7.8_1,Sovetskiy,4636,4635.5038,5649.994099974632,1.218721764446642,1.2188522175816687
2017,KAZ.7.9_1,Taiynshinskiy,11127,11129.4809,10452.51708304882,0.9393832194705509,0.9391738227508019
2017,KAZ.7.10_1,Timiryazevskiy,4768,4775.0033,3400.9333379268646,0.713282998726272,0.7122368506082898
2017,KAZ.7.11_1,Tselinniy,12298,12291.1075,8645.433376073837,0.7029950704239581,0.7033892921659829
2017,KAZ.7.12_1,Ualikhanovskiy,12586,12586.5573,2936.8886547088623,0.23334567413863516,0.23333534247219462
2017,KAZ.7.13_1,Zhambylskiy,7722,7713.3211,3367.61032307148,0.4361059729437296,0.436596673247107
2017,KAZ.8.1_1,Aksuskiy,8081,8080.2883,24468.695016503334,3.027929094976282,3.0281957836477162
2017,KAZ.8.2_1,Aktogayskiy,9409,9403.9423,4457.401196599007,0.47373803768721506,0.4739928291645823
2017,KAZ.8.3_1,Bayanaul`skiy,18623,18613.3374,11142.943537473679,0.5983430992575675,0.5986537125725514
2017,KAZ.8.4_1,Ekibastuz,19241,19236.1846,49321.43577373028,2.5633509575245714,2.5639926462751346
2017,KAZ.8.5_1,Irtyshskiy,10103,10102.5432,6299.6006935834885,0.6235376317513104,0.6235658288289759
2017,KAZ.8.6_1,Kachirskiy,6831,6833.7305,4773.691962003708,0.6988276917001476,0.6985484668946204
2017,KAZ.8.7_1,Lebyazhinskiy,8094,8100.0565,3058.066668987274,0.3778189608336143,0.3775364592851718
2017,KAZ.8.8_1,Mayskiy,18058,18048.9733,6182.921690702438,0.3423923851313788,0.3425636229971086
2017,KAZ.8.9_1,Pavlodarskiy,6527,6532.3778,40323.0138040781,6.177878627865497,6.17279267747068
2017,KAZ.8.10_1,Sherbaktinskiy,6979,6974.1198,5723.571435332298,0.8201134023975208,0.820687286538753
2017,KAZ.8.11_1,Uspenskiy,5590,5581.5676,5389.7982224226,0.9641857285192487,0.9656423807803894
2017,KAZ.8.12_1,Zhelezinskiy,7598,7584.3494,3668.6683027744293,0.482846578412007,0.4837156252458845
2017,KAZ.9.1_1,Abayskiy,6708,6706.9089,21359.405225157738,3.1841689363681778,3.1846869693934465
2017,KAZ.9.2_1,Aktogayskiy,56475,56483.5207,16234.895356059074,0.28747047996563213,0.2874271143424106
2017,KAZ.9.3_1,Bukhar-Zhyrauskiy,15297,15298.2434,81712.74646580219,5.341749785304452,5.341315609124155
2017,KAZ.9.4_1,Karkaralinskiy,35215,35227.1629,5629.211488246918,0.15985266188405275,0.1597974692742278
2017,KAZ.9.5_1,Nurinskiy,47011,47004.3867,6525.7625378370285,0.13881352317196036,0.13883305371446514
2017,KAZ.9.6_1,Osakarovskiy,11120,11123.7267,9028.864914417267,0.8119482836706176,0.8116762615050038
2017,KAZ.9.7_1,Shetskiy,66230,66248.7613,9916.502295136452,0.14972825449398236,0.14968585227150202
2017,KAZ.9.8_1,Ulytauskiy,128675,128672.5201,57022.37728345394,0.4431503966073747,0.4431589373183456
2017,KAZ.9.9_1,Zhanaarkinskiy,63004,63031.6413,10459.616130590439,0.1660151122244689,0.16594230947009028
2017,KAZ.10.1_1,Altynsarinskiy,5349,5356.2087,3148.0500082969666,0.5885305680121455,0.5877384854430329
2017,KAZ.10.2_1,Amangel`dinskiy,28028,28028.9463,512.9999990463257,0.01830312541195682,0.018302507468103222
2017,KAZ.10.3_1,Arkalyk,11294,11285.7064,5335.849209070206,0.4724499034062516,0.47279709655433666
2017,KAZ.10.4_1,Auliekol`skiy,11042,11044.7742,6750.573129653931,0.6113542048228519,0.6112006447226409
2017,KAZ.10.5_1,Denisovskiy,6504,6510.3182,4963.800003051758,0.7631918823880316,0.7624512158367603
2017,KAZ.10.6_1,Dzhangil`dinskiy,38581,38583.4343,419.73333263397217,0.010879275618412487,0.010878589236553566
2017,KAZ.10.7_1,Fyodorovskiy,6781,6767.2202,10603.398861169815,1.563692502753254,1.5668765862227712
2017,KAZ.10.8_1,Kamystinskiy,12932,12927.5113,4958.11288523674,0.3833987693501964,0.3835318920605349
2017,KAZ.10.9_1,Karabalykskiy,7266,7284.2803,9189.872238278389,1.2647773518137062,1.2616033304124032
2017,KAZ.10.10_1,Karasuskiy,12827,12830.2125,4328.050004839897,0.3374171672908628,0.3373326825326098
2017,KAZ.10.11_1,Mendykarinskiy,6803,6798.9183,3963.2000076770782,0.5825665159013785,0.5829162578740413
2017,KAZ.10.12_1,Naurzumskiy,16090,16095.4503,979.600001335144,0.06088253581946203,0.06086191957931267
2017,KAZ.10.13_1,Qostanay,8151,8150.5045,50067.83523225784,6.142538980770193,6.142912372505681
2017,KAZ.10.14_1,Sarykol`skiy,6387,6385.6753,5006.096174478531,0.7837946100639629,0.7839572012019091
2017,KAZ.10.15_1,Taranovskiy,7750,7745.2217,29817.281558156013,3.8473911687943243,3.8497647389245935
2017,KAZ.10.16_1,Uzunkol`skiy,7723,7734.567,3838.008591413498,0.49695825345247935,0.4962150565409697
2017,KAZ.10.17_1,Zhitikarinskiy,7564,7543.3034,10270.002212882042,1.3577475162456427,1.3614727755853102
2017,KAZ.11.1_1,Aral`skiy,55256,55264.9883,7059.190367698669,0.12775427768384737,0.12773349979669624
2017,KAZ.11.2_1,Karmakchinskiy,31362,31363.2928,9966.472005844116,0.317788151452207,0.3177750516994905
2017,KAZ.11.3_1,Kazalinskiy,38288,38287.1923,7434.766475319862,0.1941800688288723,0.1941841653690208
2017,KAZ.11.4_1,Qyzylorda,2322,2316.0783,14773.79859828949,6.362531696076438,6.3787992443475074
2017,KAZ.11.5_1,Shieliyskiy,30904,30911.1087,4923.077595591545,0.1593022778796125,0.15926564279061572
2017,KAZ.11.6_1,Terenozekskiy,30947,30952.9512,60878.81148970127,1.9671958991081937,1.9668176710676823
2017,KAZ.11.7_1,Zhalagashskiy,23287,23286.5285,22158.91841340065,0.9515574532314446,0.9515767207148046
2017,KAZ.11.8_1,Zhanakorganskiy,16813,16811.4924,4609.124986171722,0.27414054518359143,0.2741651292565077
2017,KAZ.12.1_1,Arysskiy,6341,6343.9785,3834.311913728714,0.6046856826571068,0.6044017793568541
2017,KAZ.12.2_1,Baydibekskiy,6962,6962.3081,1416.583335161209,0.20347361895449714,0.20346461569209484
2017,KAZ.12.3_1,Chardarinskiy,12114,12109.0736,2159.666666984558,0.17827857577881445,0.17835110612381677
2017,KAZ.12.4_1,Kazygurtskiy,3943,3948.8778,3959.666672229767,1.0042269014024263,1.0027321263615994
2017,KAZ.12.5_1,Maktaaral`skiy,2113,2121.6773,7679.0833349227905,3.6342088665039234,3.6193455069358706
2017,KAZ.12.6_1,Ordabasynskiy,2723,2712.62,9787.627245306969,3.594427927031571,3.6081822761191384
2017,KAZ.12.7_1,Otrarskiy,18582,18584.8986,2243.5000047683716,0.12073512026522289,0.12071628947970578
2017,KAZ.12.8_1,Saryagashskiy,7438,7439.5216,16273.146820545197,2.187839045515622,2.1873915816771143
2017,KAZ.12.9_1,Sayramskiy,1701,1704.567,21849.647760152817,12.845177989507828,12.818298040152497
2017,KAZ.12.10_1,Shymkent,334,332.2048,14495.2473320961,43.39894410807216,43.63346629817936
2017,KAZ.12.11_1,Suzakskiy,40794,40796.9964,11094.078018426895,0.27195367010900856,0.27193369615953716
2017,KAZ.12.12_1,Tolebiyskiy,2918,2917.8616,6493.800013780594,2.225428380322342,2.2255339356974178
2017,KAZ.12.13_1,Turkestan,7753,7749.8781,18146.381909132004,2.340562609200568,2.341505473453304
2017,KAZ.12.14_1,Tyul`kubaskiy,2149,2153.7102,6326.20596075058,2.9437905820151604,2.937352467180188
2017,KAZ.13.1_1,Akzhaikskiy,26028,26032.0325,1392.4000005722046,0.05349623484601985,0.0534879479997709
2017,KAZ.13.2_1,Burlinskiy,5354,5358.1927,28600.923760294914,5.341973059449928,5.337793034856352
2017,KAZ.13.3_1,Chingirlauskiy,7361,7357.6497,1471.216668009758,0.1998664132603937,0.19995742135453448
2017,KAZ.13.4_1,Dzhangalinskiy,21494,21491.9701,869.2857141494751,0.04044318015025007,0.04044699992900122
2017,KAZ.13.5_1,Dzhanybekskiy,8009,8003.5822,1275.5214970111847,0.1592610184806074,0.15936882574459743
2017,KAZ.13.6_1,Karatobinskiy,9925,9939.6014,1317.4666690826416,0.13274223366071955,0.13254723317810851
2017,KAZ.13.7_1,Kaztalovskiy,19736,19743.3866,1113.2000012397766,0.05640453998985492,0.056383437421916587
2017,KAZ.13.8_1,Syrymskiy,12624,12614.5173,965.042857170105,0.07644509324858247,0.07650255934422372
2017,KAZ.13.9_1,Taskalinskiy,8222,8219.7343,1233.1499996185303,0.14998175621728657,0.1500230976975269
2017,KAZ.13.10_1,Terektinskiy,8682,8680.1014,6542.416777133942,0.7535610201720735,0.7537258435714864
2017,KAZ.13.11_1,Urdinskiy,19364,19368.9902,488.8333339691162,0.025244439886857893,0.025237935974402746
2017,KAZ.13.12_1,Zelenovskiy,8122,8118.9478,30455.696754336357,3.749777980095587,3.751187649234516
2017,KAZ.14.1_1,Bayzakskiy,4789,4785.8197,12869.176323890686,2.6872366514701786,2.6890223714213333
2017,KAZ.14.2_1,Kordayskiy,8629,8625.2652,13981.433188915253,1.620284295852967,1.6209858990592416
2017,KAZ.14.3_1,Lugovskoy,8992,8994.9512,8410.829522132874,0.9353680518386203,0.9350611632890841
2017,KAZ.14.4_1,Merkenskiy,6255,6245.7744,5894.124224424362,0.9423060310830316,0.9436979113015204
2017,KAZ.14.5_1,Moyynkumskiy,49602,49586.5382,4217.7190544605255,0.08503122967744296,0.08505774366340767
2017,KAZ.14.6_1,Sarysuskiy,30981,30958.0923,3535.9500000476837,0.1141328556227263,0.11421730930237137
2017,KAZ.14.7_1,Shuskiy,11620,11617.7944,7959.045254468918,0.6849436535687536,0.6850736876715442
2017,KAZ.14.8_1,Talasskiy,11742,11739.8088,2224.6333335638046,0.18945949016894947,0.18949485270078406
2017,KAZ.14.9_1,Zhamb.,950,949.293,0.0,0.0,0.0
2017,KAZ.14.10_1,Zhambylskiy,2909,2908.9839,14812.308819293976,5.091890278203498,5.091918372548044
2017,KAZ.14.11_1,Zhualy,690,690.1558,0.0,0.0,0.0
2017,KAZ.14.12_1,Zhualynskiy,3181,3177.7961,2428.902186870575,0.7635656041718248,0.764335446219576
2018,KAZ.1.1_1,Aksuskiy,13392,13387.4372,1970.8666701316833,0.14716746342082462,0.1472176223698628
2018,KAZ.1.2_1,Alakolskiy,36371,36368.3054,9166.752069950104,0.25203464490803396,0.25205331898005306
2018,KAZ.1.3_1,Almaty (Alma-Ata),282,282.7159,17393.652740478516,61.67961964708694,61.52342719239266
2018,KAZ.1.4_1,Balkhashskiy,38307,38315.691,3036.950010538101,0.07927924427749762,0.07926126160132008
2018,KAZ.1.5_1,Enbekshikazakhskiy,9627,9630.8366,18439.813712477684,1.915426790534713,1.9146637561785178
2018,KAZ.1.6_1,Iliyskiy,8381,8378.8611,30607.12437748909,3.6519656815999393,3.652897927448254
2018,KAZ.1.7_1,Karasayskiy,2205,2204.1313,33230.31789159775,15.070438953105555,15.076378721213231
2018,KAZ.1.8_1,Karatal`skiy,23995,23985.4486,4037.501998901367,0.168264305017769,0.16833131074071922
2018,KAZ.1.9_1,Kerbulakskiy,11144,11157.1654,2784.2773962020874,0.2498454232054996,0.24955060759498246
2018,KAZ.1.10_1,Koksuskiy,6956,6947.0051,2917.228582382202,0.4193830624471251,0.41992607390057174
2018,KAZ.1.11_1,Panfilovskiy,10411,10410.9861,12187.282939076424,1.1706159772429567,1.170617534932397
2018,KAZ.1.12_1,Raiymbekskiy,13935,13917.9794,2211.083336353302,0.15867121179428073,0.15886525405140772
2018,KAZ.1.13_1,Sarkandskiy,10192,10198.9963,2423.666669845581,0.23780088989850678,0.23763776328173522
2018,KAZ.1.14_1,Taldyqorghan,4387,4397.3056,17045.694877386093,3.885501453700956,3.8763953323989666
2018,KAZ.1.15_1,Talgarskiy,6069,6058.0912,29213.097385048866,4.813494378818399,4.82216199541047
2018,KAZ.1.16_1,Uygurskiy,8457,8462.7736,3527.500002026558,0.4171100865586565,0.4168255201883065
2018,KAZ.1.17_1,Zhambylskiy,18472,18473.3386,14845.51946759224,0.803676887591611,0.8036186540504773
2018,KAZ.2.1_1,Akkol`skiy,10514,10522.4756,14513.240544319153,1.380372887989267,1.37926102648533
2018,KAZ.2.2_1,Arshalynskiy,6017,6024.4332,13134.808229088783,2.1829496807526647,2.18025627306931
2018,KAZ.2.3_1,Astrakhansiy,7222,7218.1971,5602.061041712761,0.7756938578943174,0.7761025284323728
2018,KAZ.2.4_1,Atbasarskiy,10873,10869.0932,5853.950011134148,0.5383932687514161,0.5385867917389068
2018,KAZ.2.5_1,Bulandynskiy,5187,5190.895,5988.08175432682,1.154440284234976,1.1535740412322513
2018,KAZ.2.6_1,Egindykol`skiy,5259,5276.6597,1444.2395578622818,0.2746224677433508,0.2737033736810705
2018,KAZ.2.7_1,Enbekshil`derskiy,10606,10606.0361,5312.704904079437,0.5009150390419986,0.5009133344998693
2018,KAZ.2.8_1,Ereymengauskiy,17508,17501.7015,5875.551555275917,0.33559238949485476,0.3357131626211739
2018,KAZ.2.9_1,Esil`skiy,8678,8679.3199,4401.521432757378,0.5072045900849709,0.5071274551996181
2018,KAZ.2.10_1,Korgalzhynskiy,9193,9172.9782,1240.7190492153168,0.13496345580499475,0.13525803940816006
2018,KAZ.2.11_1,Sandyktauskiy,6307,6302.6735,3048.984724164009,0.4834286862476628,0.48376053879701986
2018,KAZ.2.12_1,Shortandinskiy,4586,4588.3371,9466.37294793129,2.0641894783975774,2.0631380523582816
2018,KAZ.2.13_1,Shuchinskiy,5898,5909.4278,18863.24925518036,3.1982450415700847,3.192060169469791
2018,KAZ.2.14_1,Tselinogradskiy,8277,8278.398,73306.51394665241,8.856652645481747,8.855157041475715
2018,KAZ.2.15_1,Zerendinskiy,8418,8408.3167,23536.22204744816,2.7959398963468947,2.7991598074696933
2018,KAZ.2.16_1,Zhaksynskiy,10057,10056.5071,3689.8924326896667,0.36689792509591995,0.3669159071578305
2018,KAZ.2.17_1,Zharkainskiy,12416,12426.2702,2285.4583357572556,0.18407364173302637,0.18392150698662407
2018,KAZ.3.1_1,Alginskiy,7474,7465.03,7019.922786593437,0.939245756836157,0.9403743534958359
2018,KAZ.3.2_1,Aqtobe,2396,2398.9899,33998.47376072407,14.189680200636088,14.171995459937994
2018,KAZ.3.3_1,Aytekebiyskiy,36132,36128.4233,2116.8252606391907,0.05858588676627894,0.058591686713438805
2018,KAZ.3.4_1,Bayganinskiy,61863,61859.4222,28357.933428287506,0.45839893681663524,0.4584254493467616
2018,KAZ.3.5_1,Irgizskiy,41431,41435.2616,719.8158843517303,0.01737384770707273,0.017372060803945818
2018,KAZ.3.6_1,Kargalinskiy,4844,4833.9448,5294.280964255333,1.0929564335787227,1.0952299129122534
2018,KAZ.3.7_1,Khobdinskiy,13618,13617.909,1874.9876728057861,0.13768451114743618,0.13768543111870613
2018,KAZ.3.8_1,Khromtauskiy,12764,12776.9987,16422.778707385063,1.2866482848155016,1.2853393158975184
2018,KAZ.3.9_1,Martukskiy,6479,6474.1115,4009.0058785676956,0.61876923577214,0.6192364618486318
2018,KAZ.3.10_1,Mugalzharskiy,29413,29418.8846,117966.17488610744,4.010681497504758,4.009879242228477
2018,KAZ.3.11_1,Shalkarskiy,61988,61995.1616,6053.959925174713,0.09766341751911198,0.09765213559206672
2018,KAZ.3.12_1,Temirskiy,12513,12509.9697,10807.878337621689,0.8637319857445608,0.8639412094279593
2018,KAZ.3.13_1,Uilskiy,10813,10805.3021,662.5080835819244,0.06126959063922357,0.06131324025660235
2018,KAZ.4.1_1,Atyrau,3133,3136.9405,19106.65536415577,6.098517511699894,6.090856744837829
2018,KAZ.4.2_1,Inderskiy,11379,11381.1544,4068.4631893634796,0.3575413647388593,0.3574736848881877
2018,KAZ.4.3_1,Isatayskiy,13984,13973.895,7354.715112686157,0.525937865609708,0.5263181908050235
2018,KAZ.4.4_1,Kurmangazinskiy,20963,20971.928,3402.9619163274765,0.1623318187438571,0.1622627121808131
2018,KAZ.4.5_1,Kzylkoginskiy,23848,23831.6595,9912.066966891289,0.4156351462131537,0.4159201324132913
2018,KAZ.4.6_1,Makatskiy,4648,4645.3358,6569.089132070541,1.4133152177432318,1.4141257841915693
2018,KAZ.4.7_1,Makhambetskiy,9233,9238.6483,13209.531509280205,1.4306868308545657,1.4298121433083688
2018,KAZ.4.8_1,Zhylyoyskiy,30176,30180.7623,69952.48736441135,2.3181497668482023,2.317783981288124
2018,KAZ.5.1_1,Abayskiy,19546,19548.8915,1732.0,0.08861148060984345,0.08859837412801684
2018,KAZ.5.2_1,Ayagozskiy,46653,46624.2114,13641.391986846924,0.2924011743477788,0.2925817202035112
2018,KAZ.5.3_1,Beskaragayskiy,9766,9771.5976,3563.016671895981,0.36483889738848874,0.36462990100235065
2018,KAZ.5.4_1,Borodulikhinskiy,6225,6218.2645,6483.392163038254,1.0415087812109645,1.042636922696728
2018,KAZ.5.5_1,Glubokovskiy,7471,7460.8603,19113.966026186943,2.558421366107207,2.5618983946281895
2018,KAZ.5.6_1,Katon-Karagayskiy,13115,13114.1525,1768.7571420669556,0.13486520336004237,0.13487391933860712
2018,KAZ.5.7_1,Kokpektinskiy,14505,14517.2114,3300.8948554992676,0.2275694488451753,0.2273780243177586
2018,KAZ.5.8_1,Kurchumskiy,23877,23872.8825,2453.7619071006775,0.10276675910293075,0.10278448379656643
2018,KAZ.5.9_1,Leninogorsk,3227,3235.8558,6904.841669678688,2.139709225187074,2.133853326490689
2018,KAZ.5.10_1,Semipalatinskiy,31307,31325.8457,27245.586008310318,0.8702713772737828,0.8697478203646466
2018,KAZ.5.11_1,Shemonaikhinskiy,4074,4071.623,11039.112154126167,2.7096495223677386,2.7112314199134286
2018,KAZ.5.12_1,Tarbagatayskiy,22626,22609.7774,2933.7833384275436,0.1296642507923426,0.1297572854070324
2018,KAZ.5.13_1,Ulanskiy,9852,9854.1714,23427.037093520164,2.3778965787170283,2.377372612150144
2018,KAZ.5.14_1,Urdzharskiy,25124,25114.9445,5489.61667907238,0.21850090268557476,0.21857968613913262
2018,KAZ.5.15_1,Zaysanskiy,9565,9561.1695,4836.404771566391,0.5056356269280075,0.5058381975474645
2018,KAZ.5.16_1,Zharminskiy,22270,22279.605,7927.724093794823,0.3559822224425156,0.3558287537406678
2018,KAZ.5.17_1,Zyryanovsk,11445,11445.8901,12447.541672706604,1.087596476426964,1.0875118993202701
2018,KAZ.6.1_1,Aqtau,1352,1352.7086,20432.00019657612,15.112426180899496,15.10450969812386
2018,KAZ.6.2_1,Beyneuskiy,39572,39560.655,11256.744942307472,0.2844623709266014,0.2845439476106531
2018,KAZ.6.3_1,Karakiyanskiy,65617,65609.5753,27749.90647315979,0.42290727209655715,0.4229551302041367
2018,KAZ.6.4_1,Manghystauskiy,49500,49519.3216,19561.173186063766,0.3951752158800761,0.39502102538560274
2018,KAZ.6.5_1,Tupkaraganskiy,10066,10061.9108,41580.12362587452,4.130749416438955,4.132428158608751
2018,KAZ.7.1_1,Akzharskiy,8055,8060.5054,2208.6404762268066,0.27419496911568053,0.2740076930155318
2018,KAZ.7.2_1,Ayyrtauskiy,9630,9633.5514,5991.777131795883,0.6221990791065299,0.6219697091393454
2018,KAZ.7.3_1,Bulaevskiy,7907,7908.5235,6379.004772901535,0.8067541131783906,0.8065987020151684
2018,KAZ.7.4_1,Esil`skiy,4926,4923.8679,4937.883347153664,1.0024123725443896,1.0028464291594767
2018,KAZ.7.5_1,Kyzylzharskiy,6308,6303.3423,28565.20044887066,4.528408441482349,4.5317546069616
2018,KAZ.7.6_1,Mamlyutskiy,4138,4151.6206,4799.546042561531,1.1598709624363295,1.1560656591093166
2018,KAZ.7.7_1,Shal Akyna,4758,4759.1509,2452.780953526497,0.5155067157474773,0.5153820525647396
2018,KAZ.7.8_1,Sovetskiy,4636,4635.5038,5652.327437877655,1.2192250728812888,1.2193555798909286
2018,KAZ.7.9_1,Taiynshinskiy,11127,11129.4809,10418.053195238113,0.9362858987362374,0.9360771924363173
2018,KAZ.7.10_1,Timiryazevskiy,4768,4775.0033,3432.9333379268646,0.7199944081222451,0.7189384166064514
2018,KAZ.7.11_1,Tselinniy,12298,12291.1075,8735.33337688446,0.7103052022186096,0.7107035232964786
2018,KAZ.7.12_1,Ualikhanovskiy,12586,12586.5573,3104.3886551856995,0.24665411212344665,0.24664319120956188
2018,KAZ.7.13_1,Zhambylskiy,7722,7713.3211,3525.360323548317,0.45653461843412546,0.4570483047619136
2018,KAZ.8.1_1,Aksuskiy,8081,8080.2883,24953.824271321297,3.087962414468667,3.0882343906503813
2018,KAZ.8.2_1,Aktogayskiy,9409,9403.9423,4570.884532690048,0.4857991851089434,0.48606046345737824
2018,KAZ.8.3_1,Bayanaul`skiy,18623,18613.3374,12524.969018101692,0.6725537785588622,0.6729029163009409
2018,KAZ.8.4_1,Ekibastuz,19241,19236.1846,50035.24435675144,2.600449267540743,2.6011002431851407
2018,KAZ.8.5_1,Irtyshskiy,10103,10102.5432,6414.600695014,0.6349203894896566,0.6349491013085143
2018,KAZ.8.6_1,Kachirskiy,6831,6833.7305,4749.691962003708,0.6953142968824049,0.6950364758950097
2018,KAZ.8.7_1,Lebyazhinskiy,8094,8100.0565,3143.583336353302,0.3883844003401658,0.3880939988361097
2018,KAZ.8.8_1,Mayskiy,18058,18048.9733,6201.526455998421,0.34342266341778827,0.3435944165480582
2018,KAZ.8.9_1,Pavlodarskiy,6527,6532.3778,40550.41801011562,6.212719168088804,6.20760453515262
2018,KAZ.8.10_1,Sherbaktinskiy,6979,6974.1198,5847.654772400856,0.8378929319961106,0.8384792575753748
2018,KAZ.8.11_1,Uspenskiy,5590,5581.5676,5425.798222780228,0.9706258001395756,0.9720921817968381
2018,KAZ.8.12_1,Zhelezinskiy,7598,7584.3494,3765.27254986763,0.49556100945875625,0.49645294024074427
2018,KAZ.9.1_1,Abayskiy,6708,6706.9089,22064.345350265503,3.2892584004569922,3.289793530506349
2018,KAZ.9.2_1,Aktogayskiy,56475,56483.5207,16268.460565447807,0.28806481744927503,0.28802136216879415
2018,KAZ.9.3_1,Bukhar-Zhyrauskiy,15297,15298.2434,83686.96241903305,5.47080881342963,5.470364147361541
2018,KAZ.9.4_1,Karkaralinskiy,35215,35227.1629,5922.344823360443,0.1681767662462145,0.1681186995582304
2018,KAZ.9.5_1,Nurinskiy,47011,47004.3867,7292.925493121147,0.15513231994897253,0.15515414648502893
2018,KAZ.9.6_1,Osakarovskiy,11120,11123.7267,10800.179260015488,0.9712391420877237,0.9709137536608092
2018,KAZ.9.7_1,Shetskiy,66230,66248.7613,11012.693546891212,0.1662795341520642,0.16623244469773996
2018,KAZ.9.8_1,Ulytauskiy,128675,128672.5201,57217.22116982937,0.4446646292584369,0.44467319915278103
2018,KAZ.9.9_1,Zhanaarkinskiy,63004,63031.6413,10662.918488264084,0.16924192889759512,0.16916771108443945
2018,KAZ.10.1_1,Altynsarinskiy,5349,5356.2087,3202.666675925255,0.598741199462564,0.5979353747641022
2018,KAZ.10.2_1,Amangel`dinskiy,28028,28028.9463,520.9999990463257,0.018588554268814245,0.01858792668840931
2018,KAZ.10.3_1,Arkalyk,11294,11285.7064,5401.0706379413605,0.4782247775758244,0.47857621455320914
2018,KAZ.10.4_1,Auliekol`skiy,11042,11044.7742,6758.530272722244,0.6120748299875244,0.6119210888805066
2018,KAZ.10.5_1,Denisovskiy,6504,6510.3182,5081.100003361702,0.7812269377862395,0.7804687684776774
2018,KAZ.10.6_1,Dzhangil`dinskiy,38581,38583.4343,400.73333263397217,0.010386805231434442,0.010386149919910673
2018,KAZ.10.7_1,Fyodorovskiy,6781,6767.2202,10850.248863577843,1.6000956884792572,1.603353898275852
2018,KAZ.10.8_1,Kamystinskiy,12932,12927.5113,5022.627169370651,0.3883875014978852,0.38852235638265337
2018,KAZ.10.9_1,Karabalykskiy,7266,7284.2803,9308.34842967987,1.2810829107734476,1.2778679697644175
2018,KAZ.10.10_1,Karasuskiy,12827,12830.2125,4363.133338332176,0.34015228333454245,0.3400671137397128
2018,KAZ.10.11_1,Mendykarinskiy,6803,6798.9183,4186.466674685478,0.6153853703785798,0.6157548150471444
2018,KAZ.10.12_1,Naurzumskiy,16090,16095.4503,984.600001335144,0.06119328783935016,0.06117256637135208
2018,KAZ.10.13_1,Qostanay,8151,8150.5045,50305.5551674366,6.1717034925084775,6.172078657091919
2018,KAZ.10.14_1,Sarykol`skiy,6387,6385.6753,4877.479508638382,0.763657352221447,0.763815766066483
2018,KAZ.10.15_1,Taranovskiy,7750,7745.2217,30128.51489365101,3.8875503088581946,3.8899486543573127
2018,KAZ.10.16_1,Uzunkol`skiy,7723,7734.567,3857.508591413498,0.49948317899954653,0.49873620608299957
2018,KAZ.10.17_1,Zhitikarinskiy,7564,7543.3034,10514.30936050415,1.3900461872691896,1.3938600646504662
2018,KAZ.11.1_1,Aral`skiy,55256,55264.9883,7217.196321487427,0.1306138034147862,0.13059256045590503
2018,KAZ.11.2_1,Karmakchinskiy,31362,31363.2928,10152.042375326157,0.32370519658587327,0.32369185292277897
2018,KAZ.11.3_1,Kazalinskiy,38288,38287.1923,8083.447394490242,0.21112221569395742,0.21112666965588076
2018,KAZ.11.4_1,Qyzylorda,2322,2316.0783,14823.04769206047,6.383741469448954,6.400063246292647
2018,KAZ.11.5_1,Shieliyskiy,30904,30911.1087,5159.965698122978,0.16696756724446604,0.1669291693523141
2018,KAZ.11.6_1,Terenozekskiy,30947,30952.9512,57438.39880359173,1.8560247779620553,1.85566792452655
2018,KAZ.11.7_1,Zhalagashskiy,23287,23286.5285,22541.53875899315,0.9679880946018443,0.9680076947788406
2018,KAZ.11.8_1,Zhanakorganskiy,16813,16811.4924,4609.301570653915,0.274151048037466,0.2741756330522456
2018,KAZ.12.1_1,Arysskiy,6341,6343.9785,3856.6452471017838,0.6082077349159097,0.6079221779924796
2018,KAZ.12.2_1,Baydibekskiy,6962,6962.3081,1631.583335161209,0.23435554943424433,0.23434517971399346
2018,KAZ.12.3_1,Chardarinskiy,12114,12109.0736,2380.750000357628,0.1965288096712587,0.19660876488913095
2018,KAZ.12.4_1,Kazygurtskiy,3943,3948.8778,4624.150017738342,1.1727491802531935,1.1710035626030941
2018,KAZ.12.5_1,Maktaaral`skiy,2113,2121.6773,8687.700001835823,4.111547563575875,4.094731961593876
2018,KAZ.12.6_1,Ordabasynskiy,2723,2712.62,10023.814121365547,3.6811656707181593,3.695251928312435
2018,KAZ.12.7_1,Otrarskiy,18582,18584.8986,2238.5000047683716,0.12046604266324247,0.12044725384515455
2018,KAZ.12.8_1,Saryagashskiy,7438,7439.5216,16762.13489675522,2.2535809218546947,2.253120012277389
2018,KAZ.12.9_1,Sayramskiy,1701,1704.567,22732.139927744865,13.363985848174524,13.336020236247798
2018,KAZ.12.10_1,Shymkent,334,332.2048,15011.514185905457,44.94465325121394,45.18752825038063
2018,KAZ.12.11_1,Suzakskiy,40794,40796.9964,11373.75422155857,0.27880948721769305,0.2787890097348645
2018,KAZ.12.12_1,Tolebiyskiy,2918,2917.8616,6740.2166912555695,2.309875493918975,2.309985054746138
2018,KAZ.12.13_1,Turkestan,7753,7749.8781,18579.117427110672,2.396377844332603,2.397343193004152
2018,KAZ.12.14_1,Tyul`kubaskiy,2149,2153.7102,6424.289296627045,2.989431966787829,2.9828940335492686
2018,KAZ.13.1_1,Akzhaikskiy,26028,26032.0325,1522.4000012874603,0.05849085605069388,0.058481795511527775
2018,KAZ.13.2_1,Burlinskiy,5354,5358.1927,29447.84730744362,5.50015825690019,5.495854454442458
2018,KAZ.13.3_1,Chingirlauskiy,7361,7357.6497,1443.216668009758,0.19606258225917103,0.19615185829936535
2018,KAZ.13.4_1,Dzhangalinskiy,21494,21491.9701,949.8862686157227,0.04419308963504805,0.04419726358536818
2018,KAZ.13.5_1,Dzhanybekskiy,8009,8003.5822,1279.5214970111847,0.1597604566127088,0.15986860195728542
2018,KAZ.13.6_1,Karatobinskiy,9925,9939.6014,1358.5500040054321,0.1368816124942501,0.1366805311973572
2018,KAZ.13.7_1,Kaztalovskiy,19736,19743.3866,1099.2000012397766,0.055695176390341335,0.05567433921581911
2018,KAZ.13.8_1,Syrymskiy,12624,12614.5173,952.9714298248291,0.075488864846707,0.07554561211645032
2018,KAZ.13.9_1,Taskalinskiy,8222,8219.7343,1519.314290046692,0.18478646193708245,0.1848373971045156
2018,KAZ.13.10_1,Terektinskiy,8682,8680.1014,6964.139192581177,0.8021353596615038,0.8023108075326512
2018,KAZ.13.11_1,Urdinskiy,19364,19368.9902,495.8333339691162,0.02560593544562674,0.025599338398387156
2018,KAZ.13.12_1,Zelenovskiy,8122,8118.9478,32081.344630599022,3.9499316215955456,3.951416535299077
2018,KAZ.14.1_1,Bayzakskiy,4789,4785.8197,13398.125694513321,2.79768755366743,2.7995466703473646
2018,KAZ.14.2_1,Kordayskiy,8629,8625.2652,15086.29344010353,1.748324654085471,1.7490817003557182
2018,KAZ.14.3_1,Lugovskoy,8992,8994.9512,8579.70510673523,0.954148699592441,0.9538356492269895
2018,KAZ.14.4_1,Merkenskiy,6255,6245.7744,6252.501209259033,0.9996005130709885,1.0010770229676043
2018,KAZ.14.5_1,Moyynkumskiy,49602,49586.5382,4175.385721206665,0.08417776946910739,0.08420401733364741
2018,KAZ.14.6_1,Sarysuskiy,30981,30958.0923,3612.5500004291534,0.1166053387698639,0.11669162198666104
2018,KAZ.14.7_1,Shuskiy,11620,11617.7944,8475.378588199615,0.7293785359896399,0.7295170058959276
2018,KAZ.14.8_1,Talasskiy,11742,11739.8088,2518.518443465233,0.2144880295916567,0.21452806368954122
2018,KAZ.14.9_1,Zhamb.,950,949.293,0.0,0.0,0.0
2018,KAZ.14.10_1,Zhambylskiy,2909,2908.9839,16211.578944087029,5.572904415292894,5.57293516361782
2018,KAZ.14.11_1,Zhualy,690,690.1558,0.0,0.0,0.0
2018,KAZ.14.12_1,Zhualynskiy,3181,3177.7961,2603.8723073005676,0.8185703575292573,0.8193956564647067
2019,KAZ.1.1_1,Aksuskiy,13392,13387.4372,2044.6333365440369,0.15267572704181875,0.1527277633671997
2019,KAZ.1.2_1,Alakolskiy,36371,36368.3054,11112.15588927269,0.3055224186652193,0.3055450558215185
2019,KAZ.1.3_1,Almaty (Alma-Ata),282,282.7159,17457.797149658203,61.907082090986535,61.75031362889035
2019,KAZ.1.4_1,Balkhashskiy,38307,38315.691,3008.2833440303802,0.07853090411753413,0.07851309118513873
2019,KAZ.1.5_1,Enbekshikazakhskiy,9627,9630.8366,20332.661031007767,2.1120453963859736,2.1112040365348683
2019,KAZ.1.6_1,Iliyskiy,8381,8378.8611,31937.49752020836,3.8107024842152915,3.811675251179661
2019,KAZ.1.7_1,Karasayskiy,2205,2204.1313,35618.294800281525,16.15342167813221,16.15978828624576
2019,KAZ.1.8_1,Karatal`skiy,23995,23985.4486,3907.5853304862976,0.16284998251662003,0.16291483216378558
2019,KAZ.1.9_1,Kerbulakskiy,11144,11157.1654,2741.2773962020874,0.24598684459817727,0.24569658207970102
2019,KAZ.1.10_1,Koksuskiy,6956,6947.0051,3262.3293895721436,0.468995024377824,0.4696022727210466
2019,KAZ.1.11_1,Panfilovskiy,10411,10410.9861,13110.062440752983,1.259251026870904,1.2592527025032765
2019,KAZ.1.12_1,Raiymbekskiy,13935,13917.9794,2320.783338546753,0.16654347603493025,0.16674714544435967
2019,KAZ.1.13_1,Sarkandskiy,10192,10198.9963,3063.105969429016,0.3005402246300055,0.3003340600943363
2019,KAZ.1.14_1,Taldyqorghan,4387,4397.3056,17320.67724585533,3.948182640951751,3.9389296190498624
2019,KAZ.1.15_1,Talgarskiy,6069,6058.0912,30398.723630070686,5.0088521387494955,5.01787153432542
2019,KAZ.1.16_1,Uygurskiy,8457,8462.7736,3938.585718393326,0.4657190160096164,0.4654012870113026
2019,KAZ.1.17_1,Zhambylskiy,18472,18473.3386,15796.251942873001,0.8551457309913925,0.855083768074616
2019,KAZ.2.1_1,Akkol`skiy,10514,10522.4756,14737.629591941833,1.4017148175710323,1.4005857655889802
2019,KAZ.2.2_1,Arshalynskiy,6017,6024.4332,14498.798971295357,2.4096391841940097,2.4066660782401508
2019,KAZ.2.3_1,Astrakhansiy,7222,7218.1971,5655.706578493118,0.7831219300045857,0.7835345139863213
2019,KAZ.2.4_1,Atbasarskiy,10873,10869.0932,6038.216686606407,0.5553404475863521,0.5555400621594327
2019,KAZ.2.5_1,Bulandynskiy,5187,5190.895,5862.65040576458,1.130258416380293,1.129410318425093
2019,KAZ.2.6_1,Egindykol`skiy,5259,5276.6597,1454.4554320573807,0.27656501845548215,0.27563942315228057
2019,KAZ.2.7_1,Enbekshil`derskiy,10606,10606.0361,5404.311259269714,0.5095522590297675,0.5095505250964159
2019,KAZ.2.8_1,Ereymengauskiy,17508,17501.7015,7952.449508309364,0.4542180436548643,0.4543815078300959
2019,KAZ.2.9_1,Esil`skiy,8678,8679.3199,4870.796433568001,0.5612809902705693,0.5611956315303656
2019,KAZ.2.10_1,Korgalzhynskiy,9193,9172.9782,1409.5226256847382,0.15332564186715306,0.15366030445984866
2019,KAZ.2.11_1,Sandyktauskiy,6307,6302.6735,3148.2407565116882,0.49916612597299637,0.49950878158316014
2019,KAZ.2.12_1,Shortandinskiy,4586,4588.3371,9487.57087278366,2.0688117908381294,2.0677580103542863
2019,KAZ.2.13_1,Shuchinskiy,5898,5909.4278,19043.728520274162,3.2288451204262736,3.222601072880846
2019,KAZ.2.14_1,Tselinogradskiy,8277,8278.398,80332.87130331993,9.705554102128783,9.703915145947827
2019,KAZ.2.15_1,Zerendinskiy,8418,8408.3167,25337.30777847767,3.009896386134197,3.0133626977186654
2019,KAZ.2.16_1,Zhaksynskiy,10057,10056.5071,4441.066239953041,0.44158956348344847,0.44161120626288786
2019,KAZ.2.17_1,Zharkainskiy,12416,12426.2702,2334.0750008821487,0.18798928808651327,0.1878339171034647
2019,KAZ.3.1_1,Alginskiy,7474,7465.03,8465.058523654938,1.1326008193276609,1.1339617512159759
2019,KAZ.3.2_1,Aqtobe,2396,2398.9899,37514.877629995346,15.657294503336956,15.63778066021928
2019,KAZ.3.3_1,Aytekebiyskiy,36132,36128.4233,2243.6093916893005,0.062094802161222755,0.06210094948767484
2019,KAZ.3.4_1,Bayganinskiy,61863,61859.4222,24754.644365787506,0.4001526658226647,0.40017580954913456
2019,KAZ.3.5_1,Irgizskiy,41431,41435.2616,892.2277965545654,0.02153527060786767,0.02153305570170313
2019,KAZ.3.6_1,Kargalinskiy,4844,4833.9448,4929.716682910919,1.0176954341269444,1.01981236163314
2019,KAZ.3.7_1,Khobdinskiy,13618,13617.909,1750.821005821228,0.12856667688509532,0.12856753593342268
2019,KAZ.3.8_1,Khromtauskiy,12764,12776.9987,16709.369552850723,1.3091013438460297,1.3077695323558132
2019,KAZ.3.9_1,Martukskiy,6479,6474.1115,4616.497354865074,0.7125323900085004,0.7130704156466715
2019,KAZ.3.10_1,Mugalzharskiy,29413,29418.8846,116414.17603385448,3.9579157526894395,3.9571240521274165
2019,KAZ.3.11_1,Shalkarskiy,61988,61995.1616,5505.071636199951,0.08880866677744001,0.08879840773751471
2019,KAZ.3.12_1,Temirskiy,12513,12509.9697,10831.561674833298,0.8656246843149762,0.865834366470879
2019,KAZ.3.13_1,Uilskiy,10813,10805.3021,738.5080864429474,0.06829816761703018,0.0683468245258336
2019,KAZ.4.1_1,Atyrau,3133,3136.9405,21283.25555539131,6.793251055024357,6.784717585624921
2019,KAZ.4.2_1,Inderskiy,11379,11381.1544,4281.698471784592,0.3762807339647238,0.37620950689452476
2019,KAZ.4.3_1,Isatayskiy,13984,13973.895,6429.687429666519,0.4597888608171138,0.4601213512113763
2019,KAZ.4.4_1,Kurmangazinskiy,20963,20971.928,3712.711917757988,0.17710785277670124,0.1770324558823141
2019,KAZ.4.5_1,Kzylkoginskiy,23848,23831.6595,10269.029779791832,0.43060339566386413,0.43089864505895176
2019,KAZ.4.6_1,Makatskiy,4648,4645.3358,6593.470065355301,1.4185606853174055,1.4193742601533752
2019,KAZ.4.7_1,Makhambetskiy,9233,9238.6483,13554.583494663239,1.4680584311343268,1.467160895489831
2019,KAZ.4.8_1,Zhylyoyskiy,30176,30180.7623,69998.2163566351,2.319665176187536,2.3192991515079404
2019,KAZ.5.1_1,Abayskiy,19546,19548.8915,1730.0,0.08850915788396603,0.08849606653664499
2019,KAZ.5.2_1,Ayagozskiy,46653,46624.2114,16375.172277450562,0.35099934146679873,0.35121606931205446
2019,KAZ.5.3_1,Beskaragayskiy,9766,9771.5976,3159.433340191841,0.3235135511152817,0.3233282277752164
2019,KAZ.5.4_1,Borodulikhinskiy,6225,6218.2645,6719.0176339149475,1.0793602624762968,1.0805294039296875
2019,KAZ.5.5_1,Glubokovskiy,7471,7460.8603,19946.507743120193,2.669857815971114,2.6734862924590295
2019,KAZ.5.6_1,Katon-Karagayskiy,13115,13114.1525,1782.7571430206299,0.13593268341750894,0.1359414683844641
2019,KAZ.5.7_1,Kokpektinskiy,14505,14517.2114,3377.394859313965,0.23284349254146602,0.23264763164823987
2019,KAZ.5.8_1,Kurchumskiy,23877,23872.8825,2495.145038127899,0.10449993877488374,0.10451796239863038
2019,KAZ.5.9_1,Leninogorsk,3227,3235.8558,7027.137892484665,2.177607032068381,2.1716474156727403
2019,KAZ.5.10_1,Semipalatinskiy,31307,31325.8457,27195.161566495895,0.8686607329509661,0.8681381450085056
2019,KAZ.5.11_1,Shemonaikhinskiy,4074,4071.623,10977.621691346169,2.6945561343510476,2.6961292203536718
2019,KAZ.5.12_1,Tarbagatayskiy,22626,22609.7774,2854.033342242241,0.126139544870602,0.12623005049480046
2019,KAZ.5.13_1,Ulanskiy,9852,9854.1714,24419.363550066948,2.4786199299702547,2.478073769137634
2019,KAZ.5.14_1,Urdzharskiy,25124,25114.9445,5631.265447020531,0.22413888899142376,0.22421970529714302
2019,KAZ.5.15_1,Zaysanskiy,9565,9561.1695,4839.654771566391,0.5059754073775631,0.5061781141217956
2019,KAZ.5.16_1,Zharminskiy,22270,22279.605,8096.17390370369,0.3635462013337984,0.3633894716993869
2019,KAZ.5.17_1,Zyryanovsk,11445,11445.8901,12822.236916780472,1.1203352482988618,1.120248125256555
2019,KAZ.6.1_1,Aqtau,1352,1352.7086,20625.63386452198,15.255646349498505,15.24765484236978
2019,KAZ.6.2_1,Beyneuskiy,39572,39560.655,11135.283041119576,0.2813929809238748,0.28147367738374196
2019,KAZ.6.3_1,Karakiyanskiy,65617,65609.5753,28723.554886579514,0.4377456282149369,0.43779516549828446
2019,KAZ.6.4_1,Manghystauskiy,49500,49519.3216,20499.887194633484,0.41413913524512086,0.41397754535922177
2019,KAZ.6.5_1,Tupkaraganskiy,10066,10061.9108,42424.202734827995,4.214603887823166,4.216316708563955
2019,KAZ.7.1_1,Akzharskiy,8055,8060.5054,2471.653969168663,0.306847171839685,0.3066375941735844
2019,KAZ.7.2_1,Ayyrtauskiy,9630,9633.5514,6232.715227603912,0.647218611381507,0.6469800181134697
2019,KAZ.7.3_1,Bulaevskiy,7907,7908.5235,6401.600010514259,0.80961173776581,0.8094557761166912
2019,KAZ.7.4_1,Esil`skiy,4926,4923.8679,5230.609540224075,1.061837097081623,1.0622968853172403
2019,KAZ.7.5_1,Kyzylzharskiy,6308,6303.3423,28829.627110004425,4.570327696576478,4.573704837345641
2019,KAZ.7.6_1,Mamlyutskiy,4138,4151.6206,5221.338905930519,1.261802538890894,1.2576628185644285
2019,KAZ.7.7_1,Shal Akyna,4758,4759.1509,2851.971429347992,0.5994055126834787,0.5992605605486587
2019,KAZ.7.8_1,Sovetskiy,4636,4635.5038,5596.477441310883,1.2071780503259022,1.207307267810807
2019,KAZ.7.9_1,Taiynshinskiy,11127,11129.4809,10172.921171545982,0.9142555200454734,0.9140517245092725
2019,KAZ.7.10_1,Timiryazevskiy,4768,4775.0033,3403.516672730446,0.7138248055223251,0.7127778627545881
2019,KAZ.7.11_1,Tselinniy,12298,12291.1075,8848.281710147858,0.7194894869204633,0.7198929583114237
2019,KAZ.7.12_1,Ualikhanovskiy,12586,12586.5573,2923.055323600769,0.23224656948997052,0.23223628648773878
2019,KAZ.7.13_1,Zhambylskiy,7722,7713.3211,4003.2658849954605,0.5184234505303627,0.5190067733010555
2019,KAZ.8.1_1,Aksuskiy,8081,8080.2883,25523.628471255302,3.1584740095601167,3.1587521961394414
2019,KAZ.8.2_1,Aktogayskiy,9409,9403.9423,4973.154868721962,0.528552967235834,0.5288372399365153
2019,KAZ.8.3_1,Bayanaul`skiy,18623,18613.3374,12752.469648241997,0.6847698892896954,0.6851253686886847
2019,KAZ.8.4_1,Ekibastuz,19241,19236.1846,52557.81897628307,2.7315534003577295,2.732237195560812
2019,KAZ.8.5_1,Irtyshskiy,10103,10102.5432,6493.258210301399,0.6427059497477382,0.6427350136384455
2019,KAZ.8.6_1,Kachirskiy,6831,6833.7305,5126.969315290451,0.750544475961126,0.750244587107509
2019,KAZ.8.7_1,Lebyazhinskiy,8094,8100.0565,3329.3000062704086,0.41132938056219526,0.4110218227131336
2019,KAZ.8.8_1,Mayskiy,18058,18048.9733,6041.200267314911,0.3345442611205511,0.3347115739690668
2019,KAZ.8.9_1,Pavlodarskiy,6527,6532.3778,41465.33685040474,6.352893649518116,6.347663617672028
2019,KAZ.8.10_1,Sherbaktinskiy,6979,6974.1198,6045.93810904026,0.8663043572202694,0.8669105640334194
2019,KAZ.8.11_1,Uspenskiy,5590,5581.5676,5376.898225069046,0.9618780366849814,0.9633312025799284
2019,KAZ.8.12_1,Zhelezinskiy,7598,7584.3494,4133.442986965179,0.5440172396637509,0.5449963839320181
2019,KAZ.9.1_1,Abayskiy,6708,6706.9089,22823.978123903275,3.402501211076815,3.4030547646196947
2019,KAZ.9.2_1,Aktogayskiy,56475,56483.5207,16802.822890162468,0.2975267444030539,0.2974818617678085
2019,KAZ.9.3_1,Bukhar-Zhyrauskiy,15297,15298.2434,88769.63918316364,5.803075059368742,5.802603386777453
2019,KAZ.9.4_1,Karkaralinskiy,35215,35227.1629,6380.671907186508,0.18119187582525936,0.1811293153874912
2019,KAZ.9.5_1,Nurinskiy,47011,47004.3867,7784.812433004379,0.16559555067972132,0.16561884935313043
2019,KAZ.9.6_1,Osakarovskiy,11120,11123.7267,12613.467540502548,1.1343046349372796,1.1339246156559204
2019,KAZ.9.7_1,Shetskiy,66230,66248.7613,11881.147562742233,0.17939223256443051,0.179341429665658
2019,KAZ.9.8_1,Ulytauskiy,128675,128672.5201,59257.06799995899,0.46051733436921694,0.460526209788217
2019,KAZ.9.9_1,Zhanaarkinskiy,63004,63031.6413,11683.471085429192,0.18544014801328793,0.18535882678073956
2019,KAZ.10.1_1,Altynsarinskiy,5349,5356.2087,3364.4500188827515,0.628986730021079,0.6281401989279946
2019,KAZ.10.2_1,Amangel`dinskiy,28028,28028.9463,520.9999990463257,0.018588554268814245,0.01858792668840931
2019,KAZ.10.3_1,Arkalyk,11294,11285.7064,5367.235720515251,0.47522894638881275,0.4755781817950818
2019,KAZ.10.4_1,Auliekol`skiy,11042,11044.7742,6689.323928952217,0.6058072748552995,0.6056551080343282
2019,KAZ.10.5_1,Denisovskiy,6504,6510.3182,5340.6357280015945,0.82113095448979,0.820334058917079
2019,KAZ.10.6_1,Dzhangil`dinskiy,38581,38583.4343,420.53333377838135,0.010900011243316176,0.010899323553230745
2019,KAZ.10.7_1,Fyodorovskiy,6781,6767.2202,11632.868996024132,1.715509363814206,1.7190025857856008
2019,KAZ.10.8_1,Kamystinskiy,12932,12927.5113,5145.464471101761,0.39788621026150334,0.39802436326289686
2019,KAZ.10.9_1,Karabalykskiy,7266,7284.2803,9177.63414299488,1.2630930557383542,1.2599232611614655
2019,KAZ.10.10_1,Karasuskiy,12827,12830.2125,4460.223821520805,0.34772151099405985,0.34763444616558187
2019,KAZ.10.11_1,Mendykarinskiy,6803,6798.9183,4265.650014400482,0.6270248440982629,0.6274012764882092
2019,KAZ.10.12_1,Naurzumskiy,16090,16095.4503,1003.0000019073486,0.06233685530810122,0.062315746601607803
2019,KAZ.10.13_1,Qostanay,8151,8150.5045,51703.29451727867,6.343184212646138,6.343569801173797
2019,KAZ.10.14_1,Sarykol`skiy,6387,6385.6753,4872.29617524147,0.7628458079288352,0.7630040534263114
2019,KAZ.10.15_1,Taranovskiy,7750,7745.2217,30306.194908976555,3.910476762448588,3.9128892519593355
2019,KAZ.10.16_1,Uzunkol`skiy,7723,7734.567,3865.991924405098,0.5005816294710732,0.4998330138310334
2019,KAZ.10.17_1,Zhitikarinskiy,7564,7543.3034,11029.697453379631,1.4581831641168206,1.4621839892968163
2019,KAZ.11.1_1,Aral`skiy,55256,55264.9883,7232.508487224579,0.13089091659230814,0.1308696285638885
2019,KAZ.11.2_1,Karmakchinskiy,31362,31363.2928,10728.081679821014,0.3420726254646073,0.34205852466574427
2019,KAZ.11.3_1,Kazalinskiy,38288,38287.1923,8339.285495877266,0.21780415524125746,0.21780875016941792
2019,KAZ.11.4_1,Qyzylorda,2322,2316.0783,16521.81578528881,7.115338408823777,7.1335307128561345
2019,KAZ.11.5_1,Shieliyskiy,30904,30911.1087,5752.970008730888,0.18615616129727183,0.186113350562691
2019,KAZ.11.6_1,Terenozekskiy,30947,30952.9512,56715.57544028759,1.8326679626551068,1.8323155999784984
2019,KAZ.11.7_1,Zhalagashskiy,23287,23286.5285,23176.37195611,0.9952493647146476,0.9952695168878124
2019,KAZ.11.8_1,Zhanakorganskiy,16813,16811.4924,4730.153958082199,0.2813390803593766,0.28136430997457684
2019,KAZ.12.1_1,Arysskiy,6341,6343.9785,3937.3952499628067,0.6209423198175061,0.6206507839354458
2019,KAZ.12.2_1,Baydibekskiy,6962,6962.3081,1701.4166691303253,0.24438619206123605,0.24437537850699773
2019,KAZ.12.3_1,Chardarinskiy,12114,12109.0736,2464.2000004053116,0.2034175334658504,0.20350029127237507
2019,KAZ.12.4_1,Kazygurtskiy,3943,3948.8778,5815.066716194153,1.4747823272112992,1.4725871382452502
2019,KAZ.12.5_1,Maktaaral`skiy,2113,2121.6773,10274.63285934925,4.862580624396238,4.842693411827034
2019,KAZ.12.6_1,Ordabasynskiy,2723,2712.62,10837.162367105484,3.979861317335837,3.995090556310716
2019,KAZ.12.7_1,Otrarskiy,18582,18584.8986,2330.833339214325,0.12543500910635696,0.125415445289734
2019,KAZ.12.8_1,Saryagashskiy,7438,7439.5216,18279.822108268738,2.457625989280551,2.4571233477535
2019,KAZ.12.9_1,Sayramskiy,1701,1704.567,24845.126680016518,14.606188524407123,14.575623466598568
2019,KAZ.12.10_1,Shymkent,334,332.2048,15562.311497688293,46.593746999066745,46.84553348410912
2019,KAZ.12.11_1,Suzakskiy,40794,40796.9964,12097.27447450161,0.29654543497822256,0.2965236548583519
2019,KAZ.12.12_1,Tolebiyskiy,2918,2917.8616,7104.966705560684,2.434875498821345,2.4349909885844907
2019,KAZ.12.13_1,Turkestan,7753,7749.8781,20973.024960279465,2.705149614378881,2.706239347616383
2019,KAZ.12.14_1,Tyul`kubaskiy,2149,2153.7102,6674.622631549835,3.1059202566541813,3.0991275617516387
2019,KAZ.13.1_1,Akzhaikskiy,26028,26032.0325,1727.866666316986,0.06638491879195428,0.06637463542122994
2019,KAZ.13.2_1,Burlinskiy,5354,5358.1927,36280.47602367401,6.776330971922676,6.771028580876968
2019,KAZ.13.3_1,Chingirlauskiy,7361,7357.6497,1457.5318192243576,0.1980073114012169,0.19809747296334534
2019,KAZ.13.4_1,Dzhangalinskiy,21494,21491.9701,944.9124011993408,0.04396168238575141,0.04396583448011238
2019,KAZ.13.5_1,Dzhanybekskiy,8009,8003.5822,1236.5214970111847,0.1543914966926189,0.15449600767088933
2019,KAZ.13.6_1,Karatobinskiy,9925,9939.6014,1420.3547916412354,0.1431087951275804,0.14289856599894385
2019,KAZ.13.7_1,Kaztalovskiy,19736,19743.3866,999.2000012397766,0.05062829353667291,0.050609352029408576
2019,KAZ.13.8_1,Syrymskiy,12624,12614.5173,1044.9340705871582,0.0827736114216697,0.08283583485640425
2019,KAZ.13.9_1,Taskalinskiy,8222,8219.7343,1801.3640322685242,0.21909073610660718,0.21915112702058248
2019,KAZ.13.10_1,Terektinskiy,8682,8680.1014,7720.768381118774,0.8892845405573341,0.8894790502215768
2019,KAZ.13.11_1,Urdinskiy,19364,19368.9902,488.3333339691162,0.02521861877551726,0.025212121515546713
2019,KAZ.13.12_1,Zelenovskiy,8122,8118.9478,34276.29497587681,4.220179140098105,4.221765649039735
2019,KAZ.14.1_1,Bayzakskiy,4789,4785.8197,13581.443969488144,2.8359665837310803,2.837851137555771
2019,KAZ.14.2_1,Kordayskiy,8629,8625.2652,15419.294872999191,1.7869156186115647,1.787689375248328
2019,KAZ.14.3_1,Lugovskoy,8992,8994.9512,8868.32444024086,0.9862460454004515,0.9859224640917209
2019,KAZ.14.4_1,Merkenskiy,6255,6245.7744,7053.069130420685,1.127588989675569,1.1292545513482577
2019,KAZ.14.5_1,Moyynkumskiy,49602,49586.5382,4194.052388191223,0.08455409838698487,0.08458046359640728
2019,KAZ.14.6_1,Sarysuskiy,30981,30958.0923,3772.883334875107,0.12178055372244624,0.12187066638820718
2019,KAZ.14.7_1,Shuskiy,11620,11617.7944,9180.878591299057,0.790092821970659,0.7902428182669833
2019,KAZ.14.8_1,Talasskiy,11742,11739.8088,2500.518443465233,0.21295507098153915,0.21299481895336264
2019,KAZ.14.9_1,Zhamb.,950,949.293,0.0,0.0,0.0
2019,KAZ.14.10_1,Zhambylskiy,2909,2908.9839,16409.475129961967,5.640933355091773,5.640964478764236
2019,KAZ.14.11_1,Zhualy,690,690.1558,0.0,0.0,0.0
2019,KAZ.14.12_1,Zhualynskiy,3181,3177.7961,2985.490186691284,0.9385382542254902,0.9394845071834261
2020,KAZ.1.1_1,Aksuskiy,13392,13387.4372,2128.4666724205017,0.15893568342446995,0.15898985332493523
2020,KAZ.1.2_1,Alakolskiy,36371,36368.3054,14853.53098320961,0.4083894031841195,0.40841966209209496
2020,KAZ.1.3_1,Almaty (Alma-Ata),282,282.7159,17457.797149658203,61.907082090986535,61.75031362889035
2020,KAZ.1.4_1,Balkhashskiy,38307,38315.691,3404.516680240631,0.08887453155404054,0.08885437240726851
2020,KAZ.1.5_1,Enbekshikazakhskiy,9627,9630.8366,23734.591700077057,2.4654193102811943,2.4644371794863926
2020,KAZ.1.6_1,Iliyskiy,8381,8378.8611,33696.21268546581,4.020547987765877,4.021574322484308
2020,KAZ.1.7_1,Karasayskiy,2205,2204.1313,36790.19053411484,16.684893666265232,16.69146974540846
2020,KAZ.1.8_1,Karatal`skiy,23995,23985.4486,3952.7019987106323,0.16473023541198717,0.16479583380800097
2020,KAZ.1.9_1,Kerbulakskiy,11144,11157.1654,2876.331474542618,0.25810583942414017,0.2578012765882411
2020,KAZ.1.10_1,Koksuskiy,6956,6947.0051,3293.537720680237,0.4734815584646689,0.4740946159108658
2020,KAZ.1.11_1,Panfilovskiy,10411,10410.9861,13279.43062722683,1.2755192226709087,1.2755209199506847
2020,KAZ.1.12_1,Raiymbekskiy,13935,13917.9794,2838.307147502899,0.20368189074294218,0.20393097747624886
2020,KAZ.1.13_1,Sarkandskiy,10192,10198.9963,3408.4559717178345,0.3344246440068519,0.3341952354425477
2020,KAZ.1.14_1,Taldyqorghan,4387,4397.3056,17532.352063179016,3.996433112190339,3.98706700973779
2020,KAZ.1.15_1,Talgarskiy,6069,6058.0912,30867.409849762917,5.086078406617716,5.09523686284855
2020,KAZ.1.16_1,Uygurskiy,8457,8462.7736,4451.197622537613,0.5263329339644807,0.5259738521358688
2020,KAZ.1.17_1,Zhambylskiy,18472,18473.3386,17063.29749894142,0.9237384960449015,0.9236715629720003
2020,KAZ.2.1_1,Akkol`skiy,10514,10522.4756,15191.875556468964,1.4449187327819064,1.44375488094935
2020,KAZ.2.2_1,Arshalynskiy,6017,6024.4332,14726.728982329369,2.447520189850319,2.4445003448476452
2020,KAZ.2.3_1,Astrakhansiy,7222,7218.1971,6055.0919671058655,0.8384231469268715,0.8388648660858999
2020,KAZ.2.4_1,Atbasarskiy,10873,10869.0932,6209.616686224937,0.5711042661845799,0.5713095469898488
2020,KAZ.2.5_1,Bulandynskiy,5187,5190.895,6128.600407361984,1.1815308284869837,1.1806442578893899
2020,KAZ.2.6_1,Egindykol`skiy,5259,5276.6597,1568.0347999334335,0.2981621600938265,0.29716428445316695
2020,KAZ.2.7_1,Enbekshil`derskiy,10606,10606.0361,5702.381464958191,0.5376561818742401,0.5376543523072644
2020,KAZ.2.8_1,Ereymengauskiy,17508,17501.7015,8167.675891518593,0.4665110744527412,0.4666789626489216
2020,KAZ.2.9_1,Esil`skiy,8678,8679.3199,5290.379769444466,0.6096312248726049,0.6095385131039078
2020,KAZ.2.10_1,Korgalzhynskiy,9193,9172.9782,1509.0226256847382,0.16414909449415188,0.1645073813461296
2020,KAZ.2.11_1,Sandyktauskiy,6307,6302.6735,3336.7240903377533,0.5290509101534412,0.5294140803546902
2020,KAZ.2.12_1,Shortandinskiy,4586,4588.3371,9931.737545251846,2.1656645323270487,2.164561418438766
2020,KAZ.2.13_1,Shuchinskiy,5898,5909.4278,19715.84052503109,3.3428010384928943,3.336336619221988
2020,KAZ.2.14_1,Tselinogradskiy,8277,8278.398,80634.51141571999,9.741997271441342,9.74035216118026
2020,KAZ.2.15_1,Zerendinskiy,8418,8408.3167,26099.635658979416,3.1004556496768134,3.10402625276638
2020,KAZ.2.16_1,Zhaksynskiy,10057,10056.5071,4804.706724047661,0.4777475115887104,0.4777709265080746
2020,KAZ.2.17_1,Zharkainskiy,12416,12426.2702,2674.8583356142044,0.21543639945346363,0.21525834374875707
2020,KAZ.3.1_1,Alginskiy,7474,7465.03,9506.217545509338,1.2719049432043534,1.2734332627734137
2020,KAZ.3.2_1,Aqtobe,2396,2398.9899,40009.59363114834,16.698494837707987,16.677683336174635
2020,KAZ.3.3_1,Aytekebiyskiy,36132,36128.4233,2478.1093938350677,0.06858489410591907,0.06859168394531104
2020,KAZ.3.4_1,Bayganinskiy,61863,61859.4222,24908.433335781097,0.4026386262512503,0.4026619137588145
2020,KAZ.3.5_1,Irgizskiy,41431,41435.2616,1124.561131477356,0.02714298789499061,0.027140196234170213
2020,KAZ.3.6_1,Kargalinskiy,4844,4833.9448,5576.397431015968,1.1511968272122148,1.1535914534892415
2020,KAZ.3.7_1,Khobdinskiy,13618,13617.909,1819.9741866588593,0.13364474861645317,0.13364564159510472
2020,KAZ.3.8_1,Khromtauskiy,12764,12776.9987,17668.365435123444,1.384234208329947,1.3828259605785633
2020,KAZ.3.9_1,Martukskiy,6479,6474.1115,5386.562710523605,0.8313879781638532,0.8320157503939888
2020,KAZ.3.10_1,Mugalzharskiy,29413,29418.8846,118015.97506844997,4.0123746325927305,4.011572038639205
2020,KAZ.3.11_1,Shalkarskiy,61988,61995.1616,6019.6304012537,0.09710960833151094,0.09709839037964708
2020,KAZ.3.12_1,Temirskiy,12513,12509.9697,11670.954016685486,0.932706306775792,0.9329322382594623
2020,KAZ.3.13_1,Uilskiy,10813,10805.3021,1072.8390409946442,0.09921751974425637,0.09928820418541104
2020,KAZ.4.1_1,Atyrau,3133,3136.9405,23622.10223221779,7.539770900803635,7.530299676534192
2020,KAZ.4.2_1,Inderskiy,11379,11381.1544,5176.4584403038025,0.4549132999651817,0.4548271883505644
2020,KAZ.4.3_1,Isatayskiy,13984,13973.895,7193.093223810196,0.5143802362564499,0.5147522037009196
2020,KAZ.4.4_1,Kurmangazinskiy,20963,20971.928,4563.602409720421,0.21769796354149792,0.2176052869599229
2020,KAZ.4.5_1,Kzylkoginskiy,23848,23831.6595,12071.546772837639,0.5061869663216051,0.5065340406761334
2020,KAZ.4.6_1,Makatskiy,4648,4645.3358,7042.385146856308,1.5151431038847478,1.5160120707995737
2020,KAZ.4.7_1,Makhambetskiy,9233,9238.6483,16015.923300862312,1.7346391531314105,1.733578636439939
2020,KAZ.4.8_1,Zhylyoyskiy,30176,30180.7623,73392.76143503189,2.4321567283613432,2.4317729534112495
2020,KAZ.5.1_1,Abayskiy,19546,19548.8915,1766.0,0.09035096694975954,0.09033760318133818
2020,KAZ.5.2_1,Ayagozskiy,46653,46624.2114,17423.55424976349,0.3734712505040081,0.3737018538408931
2020,KAZ.5.3_1,Beskaragayskiy,9766,9771.5976,3223.433340191841,0.33006689946670503,0.32987782206934935
2020,KAZ.5.4_1,Borodulikhinskiy,6225,6218.2645,7121.223682165146,1.1439716758498226,1.1452108030942076
2020,KAZ.5.5_1,Glubokovskiy,7471,7460.8603,20668.3244304657,2.7664736220674206,2.770233404491811
2020,KAZ.5.6_1,Katon-Karagayskiy,13115,13114.1525,1847.7571430206299,0.14088884048956385,0.14089794575973827
2020,KAZ.5.7_1,Kokpektinskiy,14505,14517.2114,3604.7174825668335,0.24851551069057798,0.2483064669703815
2020,KAZ.5.8_1,Kurchumskiy,23877,23872.8825,3509.145038127899,0.14696758546416633,0.14699293369397787
2020,KAZ.5.9_1,Leninogorsk,3227,3235.8558,7304.001786351204,2.2634030946238624,2.2572086738702466
2020,KAZ.5.10_1,Semipalatinskiy,31307,31325.8457,27778.415144443512,0.887290866082458,0.8867570702166142
2020,KAZ.5.11_1,Shemonaikhinskiy,4074,4071.623,11224.60502588749,2.7551804187254514,2.756788897278245
2020,KAZ.5.12_1,Tarbagatayskiy,22626,22609.7774,2846.7000101804733,0.1258154340219426,0.12590570709532048
2020,KAZ.5.13_1,Ulanskiy,9852,9854.1714,24877.885017633438,2.525160882829216,2.524604466755259
2020,KAZ.5.14_1,Urdzharskiy,25124,25114.9445,8919.315445661545,0.35501175949934505,0.35513976378730566
2020,KAZ.5.15_1,Zaysanskiy,9565,9561.1695,5997.6664617061615,0.6270430174287676,0.6272942269672221
2020,KAZ.5.16_1,Zharminskiy,22270,22279.605,8877.6251039505,0.3986360621441626,0.39846420480098627
2020,KAZ.5.17_1,Zyryanovsk,11445,11445.8901,12775.53651034832,1.1162548283397395,1.1161680226119166
2020,KAZ.6.1_1,Aqtau,1352,1352.7086,21340.153622031212,15.784137294401784,15.775868942945594
2020,KAZ.6.2_1,Beyneuskiy,39572,39560.655,12767.968961119652,0.32265159610632904,0.32274412450377077
2020,KAZ.6.3_1,Karakiyanskiy,65617,65609.5753,31935.956973314285,0.4867024852296552,0.48675756269328424
2020,KAZ.6.4_1,Manghystauskiy,49500,49519.3216,21905.36276435852,0.4425325810981519,0.44235991258363455
2020,KAZ.6.5_1,Tupkaraganskiy,10066,10061.9108,43742.75280416012,4.345594357655486,4.347360413101016
2020,KAZ.7.1_1,Akzharskiy,8055,8060.5054,2774.7373036146164,0.3444739048559424,0.34423862800271465
2020,KAZ.7.2_1,Ayyrtauskiy,9630,9633.5514,7042.525531053543,0.7313110624146981,0.7310414689678086
2020,KAZ.7.3_1,Bulaevskiy,7907,7908.5235,7410.261923313141,0.9371774280148149,0.9369968924193287
2020,KAZ.7.4_1,Esil`skiy,4926,4923.8679,5789.009543538094,1.1751947916236487,1.175703665104555
2020,KAZ.7.5_1,Kyzylzharskiy,6308,6303.3423,29458.71621477604,4.670056470319601,4.673507303421135
2020,KAZ.7.6_1,Mamlyutskiy,4138,4151.6206,6187.646854758263,1.4953230678487826,1.4904172136379903
2020,KAZ.7.7_1,Shal Akyna,4758,4759.1509,3670.8714323043823,0.7715156436116819,0.771329070686972
2020,KAZ.7.8_1,Sovetskiy,4636,4635.5038,6237.53966486454,1.3454572184781148,1.3456012374964956
2020,KAZ.7.9_1,Taiynshinskiy,11127,11129.4809,10709.754511475563,0.9625015288465502,0.9622869788538351
2020,KAZ.7.10_1,Timiryazevskiy,4768,4775.0033,3785.166674733162,0.7938688495665188,0.7927045088989553
2020,KAZ.7.11_1,Tselinniy,12298,12291.1075,9449.273384332657,0.7683585448310829,0.768789420745846
2020,KAZ.7.12_1,Ualikhanovskiy,12586,12586.5573,3136.055324077606,0.24917013539469302,0.2491591030807864
2020,KAZ.7.13_1,Zhambylskiy,7722,7713.3211,4764.371049523354,0.6169866678999422,0.6176808926157257
2020,KAZ.8.1_1,Aksuskiy,8081,8080.2883,25640.725175738335,3.1729643825935323,3.1732438454307257
2020,KAZ.8.2_1,Aktogayskiy,9409,9403.9423,5338.204873204231,0.567350927112789,0.5676560665979155
2020,KAZ.8.3_1,Bayanaul`skiy,18623,18613.3374,13072.502981901169,0.7019547324223363,0.7023191328586026
2020,KAZ.8.4_1,Ekibastuz,19241,19236.1846,55223.30900871754,2.870085183135884,2.8708036572760594
2020,KAZ.8.5_1,Irtyshskiy,10103,10102.5432,6776.709405422211,0.6707620910048709,0.6707924236260505
2020,KAZ.8.6_1,Kachirskiy,6831,6833.7305,5455.424081087112,0.7986274456283285,0.7983083446598885
2020,KAZ.8.7_1,Lebyazhinskiy,8094,8100.0565,3418.333340525627,0.4223292983105544,0.4220135156392397
2020,KAZ.8.8_1,Mayskiy,18058,18048.9733,5973.900267362595,0.3308173810700296,0.33098283002491513
2020,KAZ.8.9_1,Pavlodarskiy,6527,6532.3778,41604.97940802574,6.374288250042246,6.369040605050363
2020,KAZ.8.10_1,Sherbaktinskiy,6979,6974.1198,6906.2659031152725,0.9895781491782881,0.9902706182986111
2020,KAZ.8.11_1,Uspenskiy,5590,5581.5676,5577.248227596283,0.9977188242569379,0.9992261369440574
2020,KAZ.8.12_1,Zhelezinskiy,7598,7584.3494,4692.442986130714,0.6175892321835633,0.6187007943046643
2020,KAZ.9.1_1,Abayskiy,6708,6706.9089,22943.089102983475,3.4202577672903214,3.4208142096505716
2020,KAZ.9.2_1,Aktogayskiy,56475,56483.5207,18128.81826853752,0.3210060782388229,0.3209576536887877
2020,KAZ.9.3_1,Bukhar-Zhyrauskiy,15297,15298.2434,89523.14295709133,5.852333330528295,5.851857654236182
2020,KAZ.9.4_1,Karkaralinskiy,35215,35227.1629,7213.834628343582,0.20485118921890053,0.20478045988836904
2020,KAZ.9.5_1,Nurinskiy,47011,47004.3867,7952.410286068916,0.1691606280672378,0.16918442833367517
2020,KAZ.9.6_1,Osakarovskiy,11120,11123.7267,13125.917089939117,1.1803882275125106,1.1799927691214154
2020,KAZ.9.7_1,Shetskiy,66230,66248.7613,13579.873758077621,0.20504112574479272,0.2049830592198016
2020,KAZ.9.8_1,Ulytauskiy,128675,128672.5201,60617.23676979542,0.4710879096156629,0.4710969887583393
2020,KAZ.9.9_1,Zhanaarkinskiy,63004,63031.6413,12325.055673956871,0.19562338381621597,0.19553759692024092
2020,KAZ.10.1_1,Altynsarinskiy,5349,5356.2087,3563.9333542585373,0.6662803055259932,0.665383582322757
2020,KAZ.10.2_1,Amangel`dinskiy,28028,28028.9463,553.9999990463257,0.019765948303351138,0.01976528097217192
2020,KAZ.10.3_1,Arkalyk,11294,11285.7064,5402.4857224226,0.4783500728194262,0.47870160187355765
2020,KAZ.10.4_1,Auliekol`skiy,11042,11044.7742,6774.479487419128,0.6135192435626814,0.6133651396475049
2020,KAZ.10.5_1,Denisovskiy,6504,6510.3182,5481.690493941307,0.8428183416268922,0.8420003987623957
2020,KAZ.10.6_1,Dzhangil`dinskiy,38581,38583.4343,462.53333377838135,0.011988629993478172,0.011987873621599247
2020,KAZ.10.7_1,Fyodorovskiy,6781,6767.2202,11914.669001340866,1.7570666570330138,1.760644500431027
2020,KAZ.10.8_1,Kamystinskiy,12932,12927.5113,5174.018295764923,0.40009420783830213,0.4002331274947956
2020,KAZ.10.9_1,Karabalykskiy,7266,7284.2803,9227.510333657265,1.2699573814557203,1.2667703605134946
2020,KAZ.10.10_1,Karasuskiy,12827,12830.2125,4785.040487885475,0.37304439758988656,0.37295099224835915
2020,KAZ.10.11_1,Mendykarinskiy,6803,6798.9183,4597.466683149338,0.675799894627273,0.6762056089651568
2020,KAZ.10.12_1,Naurzumskiy,16090,16095.4503,1073.1666686534882,0.06669774199213724,0.06667515658816511
2020,KAZ.10.13_1,Qostanay,8151,8150.5045,51948.91607713699,6.373318129939515,6.373705550243206
2020,KAZ.10.14_1,Sarykol`skiy,6387,6385.6753,5196.348557710648,0.813582050682738,0.8137508209571629
2020,KAZ.10.15_1,Taranovskiy,7750,7745.2217,30422.6226875782,3.9254997016229938,3.927921459232078
2020,KAZ.10.16_1,Uzunkol`skiy,7723,7734.567,4158.875257611275,0.5385051479491486,0.5376998180044149
2020,KAZ.10.17_1,Zhitikarinskiy,7564,7543.3034,11142.09745502472,1.47304302684092,1.4770846231081294
2020,KAZ.11.1_1,Aral`skiy,55256,55264.9883,8348.001693725586,0.15107864654925413,0.15105407519926994
2020,KAZ.11.2_1,Karmakchinskiy,31362,31363.2928,12282.835740447044,0.391647080557587,0.3916309362177682
2020,KAZ.11.3_1,Kazalinskiy,38288,38287.1923,9325.5166285038,0.24356238582594544,0.24356752416531377
2020,KAZ.11.4_1,Qyzylorda,2322,2316.0783,18462.467401504517,7.951105685402462,7.971434856512984
2020,KAZ.11.5_1,Shieliyskiy,30904,30911.1087,6820.396432876587,0.2206962345611114,0.22064548057126257
2020,KAZ.11.6_1,Terenozekskiy,30947,30952.9512,57600.29768836498,1.86125626679048,1.8608984075091564
2020,KAZ.11.7_1,Zhalagashskiy,23287,23286.5285,26217.776921749115,1.1258546365675748,1.1258774332840549
2020,KAZ.11.8_1,Zhanakorganskiy,16813,16811.4924,5716.402129411697,0.33999893709699025,0.3400294271460104
2020,KAZ.12.1_1,Arysskiy,6341,6343.9785,4267.575062394142,0.673012941554036,0.6726969582246799
2020,KAZ.12.2_1,Baydibekskiy,6962,6962.3081,2262.9416768550873,0.3250418955551691,0.3250275131625402
2020,KAZ.12.3_1,Chardarinskiy,12114,12109.0736,2966.016669034958,0.24484205621883423,0.24494166705951462
2020,KAZ.12.4_1,Kazygurtskiy,3943,3948.8778,8865.233407020569,2.24834730079142,2.2450006732278283
2020,KAZ.12.5_1,Maktaaral`skiy,2113,2121.6773,12645.715101718903,5.984720824287223,5.960244229574777
2020,KAZ.12.6_1,Ordabasynskiy,2723,2712.62,13110.530192613602,4.814737492696879,4.833161448214675
2020,KAZ.12.7_1,Otrarskiy,18582,18584.8986,2517.75000667572,0.1354940268364934,0.13547289413746927
2020,KAZ.12.8_1,Saryagashskiy,7438,7439.5216,20535.297169208527,2.760862754666379,2.760298094186291
2020,KAZ.12.9_1,Sayramskiy,1701,1704.567,27695.799166083336,16.282068880707428,16.24799685871825
2020,KAZ.12.10_1,Shymkent,334,332.2048,16310.658858299255,48.83430795897981,49.098202140976255
2020,KAZ.12.11_1,Suzakskiy,40794,40796.9964,14833.142307281494,0.36361088168067596,0.3635841758620892
2020,KAZ.12.12_1,Tolebiyskiy,2918,2917.8616,7562.1833827495575,2.5915638734576962,2.5916867951832905
2020,KAZ.12.13_1,Turkestan,7753,7749.8781,25420.30338358879,3.278769945000489,3.2800907534941106
2020,KAZ.12.14_1,Tyul`kubaskiy,2149,2153.7102,6834.072637796402,3.180117560631178,3.173162595094859
2020,KAZ.13.1_1,Akzhaikskiy,26028,26032.0325,1970.5000014305115,0.07570693105234791,0.07569520365322503
2020,KAZ.13.2_1,Burlinskiy,5354,5358.1927,39075.59791171551,7.298393334276337,7.29268243620715
2020,KAZ.13.3_1,Chingirlauskiy,7361,7357.6497,1525.5318197011948,0.20724518675467937,0.20733955473356447
2020,KAZ.13.4_1,Dzhangalinskiy,21494,21491.9701,938.9124011993408,0.04368253471663445,0.04368666044604758
2020,KAZ.13.5_1,Dzhanybekskiy,8009,8003.5822,1335.521497964859,0.16675259058120354,0.16686546905407348
2020,KAZ.13.6_1,Karatobinskiy,9925,9939.6014,1491.7547979354858,0.15030275042171143,0.15008195325669677
2020,KAZ.13.7_1,Kaztalovskiy,19736,19743.3866,1019.2000012397766,0.0516416701074066,0.051622349466690684
2020,KAZ.13.8_1,Syrymskiy,12624,12614.5173,1200.9340705871582,0.09513102587033889,0.09520253874839033
2020,KAZ.13.9_1,Taskalinskiy,8222,8219.7343,2536.116451740265,0.30845493210171065,0.30853995566592357
2020,KAZ.13.10_1,Terektinskiy,8682,8680.1014,8307.148824214935,0.956824328981218,0.9570336113542736
2020,KAZ.13.11_1,Urdinskiy,19364,19368.9902,575.0833339691162,0.02969858159311693,0.029690930127067795
2020,KAZ.13.12_1,Zelenovskiy,8122,8118.9478,36098.159175515175,4.444491403042991,4.446162238597086
2020,KAZ.14.1_1,Bayzakskiy,4789,4785.8197,14416.919404268265,3.0104237636809907,3.0124242476254524
2020,KAZ.14.2_1,Kordayskiy,8629,8625.2652,16201.5580265522,1.8775707528742844,1.8783837643091268
2020,KAZ.14.3_1,Lugovskoy,8992,8994.9512,9371.836933851242,1.042241651896268,1.0418996987707705
2020,KAZ.14.4_1,Merkenskiy,6255,6245.7744,7249.472779273987,1.1589884539207014,1.1607003957413593
2020,KAZ.14.5_1,Moyynkumskiy,49602,49586.5382,4397.33810544014,0.08865243549534575,0.08868007862645626
2020,KAZ.14.6_1,Sarysuskiy,30981,30958.0923,4386.833337545395,0.14159753841210404,0.14170231484201404
2020,KAZ.14.7_1,Shuskiy,11620,11617.7944,9741.720261096954,0.8383580259119582,0.8385171851846205
2020,KAZ.14.8_1,Talasskiy,11742,11739.8088,2477.8517768383026,0.21102467866107158,0.211064066326004
2020,KAZ.14.9_1,Zhamb.,950,949.293,0.0,0.0,0.0
2020,KAZ.14.10_1,Zhambylskiy,2909,2908.9839,16588.41582083702,5.7024461398545965,5.702477602921916
2020,KAZ.14.11_1,Zhualy,690,690.1558,0.0,0.0,0.0
2020,KAZ.14.12_1,Zhualynskiy,3181,3177.7961,3229.0021238327026,1.0150902621291111,1.0161136963458703
2021,KAZ.1.1_1,Aksuskiy,13392,13387.4372,2304.2166724205017,0.17205918999555717,0.17211783276850393
2021,KAZ.1.2_1,Alakolskiy,36371,36368.3054,15235.581660032272,0.41889366968277675,0.4189247068862487
2021,KAZ.1.3_1,Almaty (Alma-Ata),282,282.7159,17465.58699798584,61.93470566661645,61.77786725282294
2021,KAZ.1.4_1,Balkhashskiy,38307,38315.691,3507.133347272873,0.091553328302213,0.09153256153190838
2021,KAZ.1.5_1,Enbekshikazakhskiy,9627,9630.8366,27407.622727394104,2.8469536436474607,2.8458195238516355
2021,KAZ.1.6_1,Iliyskiy,8381,8378.8611,35722.42612314224,4.262310717473123,4.263398767530825
2021,KAZ.1.7_1,Karasayskiy,2205,2204.1313,38523.93883514404,17.47117407489526,17.478060053657828
2021,KAZ.1.8_1,Karatal`skiy,23995,23985.4486,4173.353986263275,0.17392598400763806,0.17399524430795565
2021,KAZ.1.9_1,Kerbulakskiy,11144,11157.1654,3111.331474542618,0.27919342018508775,0.278863974171756
2021,KAZ.1.10_1,Koksuskiy,6956,6947.0051,3636.1841611862183,0.5227406787214229,0.5234175162028222
2021,KAZ.1.11_1,Panfilovskiy,10411,10410.9861,13398.213095545769,1.2869285463015818,1.2869302587632652
2021,KAZ.1.12_1,Raiymbekskiy,13935,13917.9794,3931.945249557495,0.2821632758921776,0.2825083391100942
2021,KAZ.1.13_1,Sarkandskiy,10192,10198.9963,3993.7774171829224,0.3918541421882773,0.3915853381459107
2021,KAZ.1.14_1,Taldyqorghan,4387,4397.3056,18808.020644664764,4.287216923789552,4.277169335898733
2021,KAZ.1.15_1,Talgarskiy,6069,6058.0912,33324.8693805933,5.490998414993129,5.500886007088025
2021,KAZ.1.16_1,Uygurskiy,8457,8462.7736,4768.264290094376,0.5638245583651857,0.5634398985037762
2021,KAZ.1.17_1,Zhambylskiy,18472,18473.3386,18966.34314608574,1.0267617554182404,1.0266873573935593
2021,KAZ.2.1_1,Akkol`skiy,10514,10522.4756,17301.658384799957,1.6455828785238689,1.6442573959168947
2021,KAZ.2.2_1,Arshalynskiy,6017,6024.4332,15160.977824091911,2.5196905142250143,2.5165816226868687
2021,KAZ.2.3_1,Astrakhansiy,7222,7218.1971,6507.007046818733,0.900997929495809,0.9014726158748315
2021,KAZ.2.4_1,Atbasarskiy,10873,10869.0932,7096.834940910339,0.652702560554616,0.6529371714919968
2021,KAZ.2.5_1,Bulandynskiy,5187,5190.895,6585.390892863274,1.2695953138352176,1.2686426633846741
2021,KAZ.2.6_1,Egindykol`skiy,5259,5276.6597,1783.07885491848,0.33905283417350823,0.33791810747307166
2021,KAZ.2.7_1,Enbekshil`derskiy,10606,10606.0361,6601.910735368729,0.6224694263029161,0.6224673081286178
2021,KAZ.2.8_1,Ereymengauskiy,17508,17501.7015,9027.819381594658,0.515639672240956,0.5158252408569919
2021,KAZ.2.9_1,Esil`skiy,8678,8679.3199,5667.806943774223,0.6531236395222659,0.65302431349478
2021,KAZ.2.10_1,Korgalzhynskiy,9193,9172.9782,1719.7226281166077,0.18706870750751742,0.18747702080661272
2021,KAZ.2.11_1,Sandyktauskiy,6307,6302.6735,4028.982346534729,0.6388112171451925,0.6392497329738931
2021,KAZ.2.12_1,Shortandinskiy,4586,4588.3371,11422.76278102398,2.490789965334492,2.4895212439039365
2021,KAZ.2.13_1,Shuchinskiy,5898,5909.4278,21637.71772170067,3.66865339465932,3.6615588313186898
2021,KAZ.2.14_1,Tselinogradskiy,8277,8278.398,82832.72147727013,10.007577803222198,10.005887844944246
2021,KAZ.2.15_1,Zerendinskiy,8418,8408.3167,30788.521072745323,3.6574627076200192,3.6616747813018873
2021,KAZ.2.16_1,Zhaksynskiy,10057,10056.5071,5816.105121254921,0.5783141216321886,0.5783424654292713
2021,KAZ.2.17_1,Zharkainskiy,12416,12426.2702,3215.998018860817,0.25902045899330034,0.25880638156498986
2021,KAZ.3.1_1,Alginskiy,7474,7465.03,10212.32433128357,1.3663800282691423,1.3680218689956323
2021,KAZ.3.2_1,Aqtobe,2396,2398.9899,41629.10655546188,17.374418428823823,17.352764516942134
2021,KAZ.3.3_1,Aytekebiyskiy,36132,36128.4233,2923.30385017395,0.08090622855568333,0.08091423819548615
2021,KAZ.3.4_1,Bayganinskiy,61863,61859.4222,24913.841280460358,0.4027260443311892,0.402749336894774
2021,KAZ.3.5_1,Irgizskiy,41431,41435.2616,1480.263533115387,0.03572840465147805,0.03572472997911601
2021,KAZ.3.6_1,Kargalinskiy,4844,4833.9448,6487.655975580215,1.3393179140339009,1.3421038545389705
2021,KAZ.3.7_1,Khobdinskiy,13618,13617.909,1891.5130784511566,0.13889800840440275,0.13889893648393847
2021,KAZ.3.8_1,Khromtauskiy,12764,12776.9987,19123.307753682137,1.49822216810421,1.496697954942442
2021,KAZ.3.9_1,Martukskiy,6479,6474.1115,6205.099498748779,0.9577248801896557,0.958448048072382
2021,KAZ.3.10_1,Mugalzharskiy,29413,29418.8846,115328.12693119049,3.9209916340118482,3.9202073193689135
2021,KAZ.3.11_1,Shalkarskiy,61988,61995.1616,6570.515917658806,0.10599657865488168,0.10598433409394158
2021,KAZ.3.12_1,Temirskiy,12513,12509.9697,11973.15316748619,0.9568571219920236,0.9570889035803558
2021,KAZ.3.13_1,Uilskiy,10813,10805.3021,1301.3525364398956,0.12035073859612463,0.12043647874284616
2021,KAZ.4.1_1,Atyrau,3133,3136.9405,25362.518950223923,8.095282141788676,8.085113101681484
2021,KAZ.4.2_1,Inderskiy,11379,11381.1544,5827.269878149033,0.5121073800992207,0.5120104420818861
2021,KAZ.4.3_1,Isatayskiy,13984,13973.895,7825.49895298481,0.5596037580795774,0.5600084283315361
2021,KAZ.4.4_1,Kurmangazinskiy,20963,20971.928,5967.514645934105,0.2846689236242,0.28454773671784156
2021,KAZ.4.5_1,Kzylkoginskiy,23848,23831.6595,13597.956220507622,0.5701927298099473,0.5705836906343509
2021,KAZ.4.6_1,Makatskiy,4648,4645.3358,7358.731251478195,1.583203797650214,1.5841117988258506
2021,KAZ.4.7_1,Makhambetskiy,9233,9238.6483,17203.24814903736,1.8632349343699082,1.8620957973081942
2021,KAZ.4.8_1,Zhylyoyskiy,30176,30180.7623,75693.90723752975,2.508414211211882,2.5080184034386837
2021,KAZ.5.1_1,Abayskiy,19546,19548.8915,1849.8333387374878,0.09463999481927186,0.09462599666278432
2021,KAZ.5.2_1,Ayagozskiy,46653,46624.2114,19111.419353961945,0.4096503837687168,0.4099033262517749
2021,KAZ.5.3_1,Beskaragayskiy,9766,9771.5976,3578.3333426713943,0.36640726425060355,0.3661973694322844
2021,KAZ.5.4_1,Borodulikhinskiy,6225,6218.2645,7602.407110452652,1.2212702185466107,1.2225930740267807
2021,KAZ.5.5_1,Glubokovskiy,7471,7460.8603,21943.398315429688,2.9371433965238505,2.9411351281030265
2021,KAZ.5.6_1,Katon-Karagayskiy,13115,13114.1525,1950.5714378356934,0.1487282834796564,0.14873789539213259
2021,KAZ.5.7_1,Kokpektinskiy,14505,14517.2114,3882.2174825668335,0.2676468447133287,0.2674217082944298
2021,KAZ.5.8_1,Kurchumskiy,23877,23872.8825,4757.940187931061,0.1992687602266223,0.19930312909995265
2021,KAZ.5.9_1,Leninogorsk,3227,3235.8558,7752.03377199173,2.4022416399106694,2.395667249558015
2021,KAZ.5.10_1,Semipalatinskiy,31307,31325.8457,29611.36824822426,0.9458385743835007,0.9452695561054353
2021,KAZ.5.11_1,Shemonaikhinskiy,4074,4071.623,11591.10914838314,2.845142157187811,2.846803155541451
2021,KAZ.5.12_1,Tarbagatayskiy,22626,22609.7774,2953.733347773552,0.13054598018976185,0.13063964744879467
2021,KAZ.5.13_1,Ulanskiy,9852,9854.1714,28141.24998676777,2.8563997144506463,2.855770310310271
2021,KAZ.5.14_1,Urdzharskiy,25124,25114.9445,9021.239823579788,0.3590686126245736,0.35919807966575795
2021,KAZ.5.15_1,Zaysanskiy,9565,9561.1695,7690.070498228073,0.803980188000844,0.8043022831144816
2021,KAZ.5.16_1,Zharminskiy,22270,22279.605,9133.830656170845,0.410140577286522,0.4099637601928498
2021,KAZ.5.17_1,Zyryanovsk,11445,11445.8901,13327.293662667274,1.1644642780836414,1.1643737233405695
2021,KAZ.6.1_1,Aqtau,1352,1352.7086,22775.81208050251,16.846014852442686,16.837190247788136
2021,KAZ.6.2_1,Beyneuskiy,39572,39560.655,14778.152428627014,0.3734497227490906,0.37355681877709124
2021,KAZ.6.3_1,Karakiyanskiy,65617,65609.5753,34112.23045742512,0.5198687909752826,0.5199276216886974
2021,KAZ.6.4_1,Manghystauskiy,49500,49519.3216,23475.13776242733,0.47424520732176423,0.4740601650921909
2021,KAZ.6.5_1,Tupkaraganskiy,10066,10061.9108,45977.84750974178,4.56763833794375,4.569494632364265
2021,KAZ.7.1_1,Akzharskiy,8055,8060.5054,4059.211735367775,0.5039369007284636,0.5035927101045662
2021,KAZ.7.2_1,Ayyrtauskiy,9630,9633.5514,9177.42957508564,0.9530041095623718,0.9526527903002941
2021,KAZ.7.3_1,Bulaevskiy,7907,7908.5235,9394.68336045742,1.188147636329508,1.1879187544394432
2021,KAZ.7.4_1,Esil`skiy,4926,4923.8679,7491.825831532478,1.5208741030313597,1.521532659812198
2021,KAZ.7.5_1,Kyzylzharskiy,6308,6303.3423,31984.985845685005,5.0705430953844335,5.074289859062243
2021,KAZ.7.6_1,Mamlyutskiy,4138,4151.6206,8551.31273829937,2.066532802875633,2.0597529244194592
2021,KAZ.7.7_1,Shal Akyna,4758,4759.1509,6205.901908874512,1.304308934189683,1.3039935177304163
2021,KAZ.7.8_1,Sovetskiy,4636,4635.5038,8497.52766418457,1.8329438447335138,1.8331400447833113
2021,KAZ.7.9_1,Taiynshinskiy,11127,11129.4809,12532.596846699715,1.1263230742068586,1.1260720069616403
2021,KAZ.7.10_1,Timiryazevskiy,4768,4775.0033,5186.2881077528,1.0877282105186241,1.0861328762370805
2021,KAZ.7.11_1,Tselinniy,12298,12291.1075,10524.296996355057,0.8557730522324815,0.856252947978017
2021,KAZ.7.12_1,Ualikhanovskiy,12586,12586.5573,4597.963662624359,0.365323666186585,0.36530749103238164
2021,KAZ.7.13_1,Zhambylskiy,7722,7713.3211,7186.85113298893,0.9306981524202188,0.93174536088348
2021,KAZ.8.1_1,Aksuskiy,8081,8080.2883,26194.869997262955,3.2415381756296195,3.2418236781900647
2021,KAZ.8.2_1,Aktogayskiy,9409,9403.9423,5692.788220047951,0.6050364778454619,0.6053618858257961
2021,KAZ.8.3_1,Bayanaul`skiy,18623,18613.3374,13763.184297800064,0.7390422755624799,0.739425928973726
2021,KAZ.8.4_1,Ekibastuz,19241,19236.1846,55197.07153022289,2.868721559701829,2.8694396924834344
2021,KAZ.8.5_1,Irtyshskiy,10103,10102.5432,7624.086690545082,0.7546359190879028,0.7546700445785488
2021,KAZ.8.6_1,Kachirskiy,6831,6833.7305,6024.060730576515,0.8818709896906038,0.8815186277872035
2021,KAZ.8.7_1,Lebyazhinskiy,8094,8100.0565,3599.416673541069,0.44470183760082393,0.444369326608151
2021,KAZ.8.8_1,Mayskiy,18058,18048.9733,6010.650267362595,0.33285249016295243,0.333018956920081
2021,KAZ.8.9_1,Pavlodarskiy,6527,6532.3778,42286.52410209179,6.478707538239894,6.473373929869313
2021,KAZ.8.10_1,Sherbaktinskiy,6979,6974.1198,7947.914182662964,1.138832810239714,1.1396297220904419
2021,KAZ.8.11_1,Uspenskiy,5590,5581.5676,6362.114900946617,1.1381243114394664,1.1398437429791384
2021,KAZ.8.12_1,Zhelezinskiy,7598,7584.3494,7104.4732176065445,0.9350451720987818,0.9367281042819555
2021,KAZ.9.1_1,Abayskiy,6708,6706.9089,22927.934155464172,3.4179985324186304,3.418554607223547
2021,KAZ.9.2_1,Aktogayskiy,56475,56483.5207,19034.874868154526,0.3370495771253568,0.33699873237437455
2021,KAZ.9.3_1,Bukhar-Zhyrauskiy,15297,15298.2434,90503.55456197262,5.9164250874009685,5.915944201745762
2021,KAZ.9.4_1,Karkaralinskiy,35215,35227.1629,7926.062137126923,0.22507630660590439,0.22499859411350717
2021,KAZ.9.5_1,Nurinskiy,47011,47004.3867,8210.045439481735,0.17464094444878295,0.17466551577519765
2021,KAZ.9.6_1,Osakarovskiy,11120,11123.7267,13667.568348407745,1.2290978730582505,1.2286860957666366
2021,KAZ.9.7_1,Shetskiy,66230,66248.7613,14739.840295314789,0.22255534191929321,0.22249231546410514
2021,KAZ.9.8_1,Ulytauskiy,128675,128672.5201,61245.083780527115,0.4759672335770516,0.47597640675754455
2021,KAZ.9.9_1,Zhanaarkinskiy,63004,63031.6413,14446.907467722893,0.2293014327300313,0.2292008769694019
2021,KAZ.10.1_1,Altynsarinskiy,5349,5356.2087,3919.4833583831787,0.7327506745902372,0.7317644912577232
2021,KAZ.10.2_1,Amangel`dinskiy,28028,28028.9463,547.7499990463257,0.019542957008931272,0.019542297206307787
2021,KAZ.10.3_1,Arkalyk,11294,11285.7064,5618.269058585167,0.4974560880631457,0.49782165771191367
2021,KAZ.10.4_1,Auliekol`skiy,11042,11044.7742,6943.816799998283,0.6288549900378811,0.628697034086116
2021,KAZ.10.5_1,Denisovskiy,6504,6510.3182,5666.377797603607,0.8712142985245398,0.8703687977994964
2021,KAZ.10.6_1,Dzhangil`dinskiy,38581,38583.4343,476.53333377838135,0.012351502910198837,0.012350723644388748
2021,KAZ.10.7_1,Fyodorovskiy,6781,6767.2202,11701.312025547028,1.7256027172315334,1.7291164918881339
2021,KAZ.10.8_1,Kamystinskiy,12932,12927.5113,5421.268292069435,0.41921344664935317,0.4193590048375625
2021,KAZ.10.9_1,Karabalykskiy,7266,7284.2803,9356.753192424774,1.2877447278316507,1.2845130686627928
2021,KAZ.10.10_1,Karasuskiy,12827,12830.2125,5056.03494489193,0.3941712750364021,0.39407257980655025
2021,KAZ.10.11_1,Mendykarinskiy,6803,6798.9183,4779.983358263969,0.7026287458862222,0.7030505668404451
2021,KAZ.10.12_1,Naurzumskiy,16090,16095.4503,1142.3333353996277,0.07099647827219563,0.07097243721631454
2021,KAZ.10.13_1,Qostanay,8151,8150.5045,52787.75885820389,6.476230997203274,6.476624673358858
2021,KAZ.10.14_1,Sarykol`skiy,6387,6385.6753,5566.1937963962555,0.8714879906679592,0.8716687730084983
2021,KAZ.10.15_1,Taranovskiy,7750,7745.2217,30976.78459906578,3.9970044643955847,3.999470335421175
2021,KAZ.10.16_1,Uzunkol`skiy,7723,7734.567,4756.225262522697,0.6158520345102547,0.6149310329435935
2021,KAZ.10.17_1,Zhitikarinskiy,7564,7543.3034,11313.930790424347,1.495760284297243,1.4998642100288766
2021,KAZ.11.1_1,Aral`skiy,55256,55264.9883,9483.569021701813,0.1716296695689484,0.17160175581161094
2021,KAZ.11.2_1,Karmakchinskiy,31362,31363.2928,13352.652011871338,0.42575894432342765,0.42574139383621784
2021,KAZ.11.3_1,Kazalinskiy,38288,38287.1923,9984.831857919693,0.26078227794399533,0.26078777956462024
2021,KAZ.11.4_1,Qyzylorda,2322,2316.0783,19034.33151459694,8.197386526527536,8.218345381805086
2021,KAZ.11.5_1,Shieliyskiy,30904,30911.1087,8303.025323748589,0.2686715416693175,0.2686097546944483
2021,KAZ.11.6_1,Terenozekskiy,30947,30952.9512,59670.23381412029,1.928142754196539,1.9277720348105967
2021,KAZ.11.7_1,Zhalagashskiy,23287,23286.5285,25620.813592910767,1.1002195900249396,1.1002418676736208
2021,KAZ.11.8_1,Zhanakorganskiy,16813,16811.4924,7647.380704164505,0.4548492656970502,0.45489005516694175
2021,KAZ.12.1_1,Arysskiy,6341,6343.9785,4489.408400177956,0.7079969090329531,0.7076645005357651
2021,KAZ.12.2_1,Baydibekskiy,6962,6962.3081,2643.6916778087616,0.3797316400184949,0.3797148377243444
2021,KAZ.12.3_1,Chardarinskiy,12114,12109.0736,4228.4797731637955,0.34905727036187845,0.34919927982170457
2021,KAZ.12.4_1,Kazygurtskiy,3943,3948.8778,10322.583432674408,2.617951669458384,2.6140548919391473
2021,KAZ.12.5_1,Maktaaral`skiy,2113,2121.6773,15459.934805870056,7.316580599086634,7.286656901179452
2021,KAZ.12.6_1,Ordabasynskiy,2723,2712.62,15052.9858481884,5.5280888168154245,5.549242464883241
2021,KAZ.12.7_1,Otrarskiy,18582,18584.8986,2686.4166736602783,0.14457091129374008,0.1445483628934353
2021,KAZ.12.8_1,Saryagashskiy,7438,7439.5216,22449.981063365936,3.0182819391457296,3.0176646304707804
2021,KAZ.12.9_1,Sayramskiy,1701,1704.567,31586.28378522396,18.56924384786829,18.530385660414197
2021,KAZ.12.10_1,Shymkent,334,332.2048,17285.61519908905,51.753338919428295,52.033007161091504
2021,KAZ.12.11_1,Suzakskiy,40794,40796.9964,15886.138508677483,0.38942340806681086,0.389394806417594
2021,KAZ.12.12_1,Tolebiyskiy,2918,2917.8616,8042.681020975113,2.756230644611074,2.7563613767263195
2021,KAZ.12.13_1,Turkestan,7753,7749.8781,33608.12391257286,4.334854109708869,4.3366003475428
2021,KAZ.12.14_1,Tyul`kubaskiy,2149,2153.7102,7327.494069337845,3.409722693968285,3.402265578508614
2021,KAZ.13.1_1,Akzhaikskiy,26028,26032.0325,2310.5273537635803,0.08877083731994699,0.08875708625349571
2021,KAZ.13.2_1,Burlinskiy,5354,5358.1927,38634.916207671165,7.2160844616494515,7.210437969204932
2021,KAZ.13.3_1,Chingirlauskiy,7361,7357.6497,1935.4157059192657,0.26292836651531937,0.26304808953001585
2021,KAZ.13.4_1,Dzhangalinskiy,21494,21491.9701,901.4124011993408,0.04193786178465343,0.0419418227331426
2021,KAZ.13.5_1,Dzhanybekskiy,8009,8003.5822,1846.2966911792755,0.2305277426868867,0.2306837919539953
2021,KAZ.13.6_1,Karatobinskiy,9925,9939.6014,1472.7547979354858,0.14838839273909177,0.14817040779639482
2021,KAZ.13.7_1,Kaztalovskiy,19736,19743.3866,1014.2000012397766,0.051388325964723175,0.051369100107370155
2021,KAZ.13.8_1,Syrymskiy,12624,12614.5173,1263.609829902649,0.10009583570204761,0.1001710807782625
2021,KAZ.13.9_1,Taskalinskiy,8222,8219.7343,3189.151339530945,0.3878802407602706,0.38798715738608847
2021,KAZ.13.10_1,Terektinskiy,8682,8680.1014,8549.859493732452,0.984779946294915,0.9849953432887577
2021,KAZ.13.11_1,Urdinskiy,19364,19368.9902,628.2190494537354,0.03244262804450193,0.03243426960939455
2021,KAZ.13.12_1,Zelenovskiy,8122,8118.9478,39668.22407579422,4.884046303348217,4.885882382546367
2021,KAZ.14.1_1,Bayzakskiy,4789,4785.8197,15195.692523241043,3.173040827571736,3.175149373653274
2021,KAZ.14.2_1,Kordayskiy,8629,8625.2652,17045.541842222214,1.9753785887382331,1.9762339521797057
2021,KAZ.14.3_1,Lugovskoy,8992,8994.9512,9573.086936712265,1.0646226575525206,1.0642733613556519
2021,KAZ.14.4_1,Merkenskiy,6255,6245.7744,7479.084147453308,1.1956969060676752,1.1974630699422193
2021,KAZ.14.5_1,Moyynkumskiy,49602,49586.5382,4461.302393913269,0.08994198608752206,0.08997003131944224
2021,KAZ.14.6_1,Sarysuskiy,30981,30958.0923,5155.616679906845,0.16641221006122608,0.16653534834074124
2021,KAZ.14.7_1,Shuskiy,11620,11617.7944,10568.581850528717,0.909516510372523,0.9096891788289474
2021,KAZ.14.8_1,Talasskiy,11742,11739.8088,2495.85177898407,0.21255763745393202,0.2125973112449596
2021,KAZ.14.9_1,Zhamb.,950,949.293,0.0,0.0,0.0
2021,KAZ.14.10_1,Zhambylskiy,2909,2908.9839,16959.442354798317,5.8299904966649425,5.8300226634542405
2021,KAZ.14.11_1,Zhualy,690,690.1558,0.0,0.0,0.0
2021,KAZ.14.12_1,Zhualynskiy,3181,3177.7961,3849.899561405182,1.2102796483512046,1.2114998763941491
2022,KAZ.1.1_1,Aksuskiy,13392,13387.4372,2574.3833422660828,0.19223292579645182,0.19229844436492038
2022,KAZ.1.2_1,Alakolskiy,36371,36368.3054,15936.713741540909,0.4381708982854722,0.43820336380192626
2022,KAZ.1.3_1,Almaty (Alma-Ata),282,282.7159,17468.10312271118,61.9436280947205,61.78676708649539
2022,KAZ.1.4_1,Balkhashskiy,38307,38315.691,3678.2833545207977,0.09602118032006676,0.09599940012012141
2022,KAZ.1.5_1,Enbekshikazakhskiy,9627,9630.8366,28423.267605304718,2.9524532674046657,2.9512771205066355
2022,KAZ.1.6_1,Iliyskiy,8381,8378.8611,36111.22281742096,4.308700968550407,4.309800860756349
2022,KAZ.1.7_1,Karasayskiy,2205,2204.1313,38765.06149959564,17.58052675718623,17.58745583552784
2022,KAZ.1.8_1,Karatal`skiy,23995,23985.4486,4270.520653247833,0.17797543876840313,0.17804631163083703
2022,KAZ.1.9_1,Kerbulakskiy,11144,11157.1654,3384.9648077487946,0.3037477393888007,0.30338931947427034
2022,KAZ.1.10_1,Koksuskiy,6956,6947.0051,3665.650831222534,0.5269768302505081,0.5276591526429703
2022,KAZ.1.11_1,Panfilovskiy,10411,10410.9861,13968.706346035004,1.3417257080045148,1.341727493382476
2022,KAZ.1.12_1,Raiymbekskiy,13935,13917.9794,4675.9047656059265,0.3355511134270489,0.33596146571902785
2022,KAZ.1.13_1,Sarkandskiy,10192,10198.9963,4303.610751152039,0.42225380211460345,0.42196414451833764
2022,KAZ.1.14_1,Taldyqorghan,4387,4397.3056,19316.355429172516,4.4030899086328965,4.392770759022649
2022,KAZ.1.15_1,Talgarskiy,6069,6058.0912,34402.37606084347,5.668541120587159,5.678748412255732
2022,KAZ.1.16_1,Uygurskiy,8457,8462.7736,5289.330960035324,0.6254382121361386,0.625011517391415
2022,KAZ.1.17_1,Zhambylskiy,18472,18473.3386,19911.563421964645,1.0779321904484975,1.077854084670515
2022,KAZ.2.1_1,Akkol`skiy,10514,10522.4756,18257.084581375122,1.7364546872146778,1.7350560092655207
2022,KAZ.2.2_1,Arshalynskiy,6017,6024.4332,15934.282415747643,2.648210472951245,2.6449430085209484
2022,KAZ.2.3_1,Astrakhansiy,7222,7218.1971,7200.411009311676,0.9970106631558676,0.9975359333768603
2022,KAZ.2.4_1,Atbasarskiy,10873,10869.0932,7575.478196620941,0.6967238293590491,0.696974263539302
2022,KAZ.2.5_1,Bulandynskiy,5187,5190.895,7193.901216387749,1.3869098161534121,1.3858691378783559
2022,KAZ.2.6_1,Egindykol`skiy,5259,5276.6597,1859.3661617040634,0.3535588822407422,0.35237560735429846
2022,KAZ.2.7_1,Enbekshil`derskiy,10606,10606.0361,7434.94278883934,0.7010128973071224,0.7010105118606424
2022,KAZ.2.8_1,Ereymengauskiy,17508,17501.7015,9642.27494776249,0.550735375129226,0.5509335740011642
2022,KAZ.2.9_1,Esil`skiy,8678,8679.3199,5960.890277385712,0.686896782367563,0.6867923201730306
2022,KAZ.2.10_1,Korgalzhynskiy,9193,9172.9782,2121.2000164985657,0.23074078282373173,0.23124441879538027
2022,KAZ.2.11_1,Sandyktauskiy,6307,6302.6735,4367.13599383831,0.692426826357747,0.692902146946092
2022,KAZ.2.12_1,Shortandinskiy,4586,4588.3371,12259.179361224174,2.673174740781547,2.6718131189152117
2022,KAZ.2.13_1,Shuchinskiy,5898,5909.4278,23356.991208791733,3.9601544945391205,3.9524962167249535
2022,KAZ.2.14_1,Tselinogradskiy,8277,8278.398,86879.8482362032,10.496538387846224,10.49476585983923
2022,KAZ.2.15_1,Zerendinskiy,8418,8408.3167,31880.987862825394,3.7872401832769533,3.7916017136541895
2022,KAZ.2.16_1,Zhaksynskiy,10057,10056.5071,6261.27998316288,0.6225792963272229,0.6226098096081247
2022,KAZ.2.17_1,Zharkainskiy,12416,12426.2702,3363.3980218172073,0.27089223758192715,0.27066834826524455
2022,KAZ.3.1_1,Alginskiy,7474,7465.03,10693.307671070099,1.430734234823401,1.43245340349311
2022,KAZ.3.2_1,Aqtobe,2396,2398.9899,42975.129177093506,17.93619748626607,17.91384342351276
2022,KAZ.3.3_1,Aytekebiyskiy,36132,36128.4233,3451.128324985504,0.09551445602196126,0.09552391186241205
2022,KAZ.3.4_1,Bayganinskiy,61863,61859.4222,29221.707849025726,0.47236163537212433,0.4723889554662225
2022,KAZ.3.5_1,Irgizskiy,41431,41435.2616,1840.3064041137695,0.04441858521671622,0.04441401675783738
2022,KAZ.3.6_1,Kargalinskiy,4844,4833.9448,6979.79169511795,1.4409148833852086,1.4439121576663312
2022,KAZ.3.7_1,Khobdinskiy,13618,13617.909,2398.2059428691864,0.1761055913400783,0.17610676803078343
2022,KAZ.3.8_1,Khromtauskiy,12764,12776.9987,22235.128134965897,1.7420188134570587,1.7402465742925037
2022,KAZ.3.9_1,Martukskiy,6479,6474.1115,6629.299502968788,1.0231979476722932,1.0239705535727286
2022,KAZ.3.10_1,Mugalzharskiy,29413,29418.8846,116114.36823654175,3.9477227156883603,3.946933054036114
2022,KAZ.3.11_1,Shalkarskiy,61988,61995.1616,7907.174277424812,0.12755975797613753,0.1275450224700498
2022,KAZ.3.12_1,Temirskiy,12513,12509.9697,12771.578428506851,1.0206647829063256,1.0209120207635767
2022,KAZ.3.13_1,Uilskiy,10813,10805.3021,1602.0131562948227,0.14815621532366804,0.14826176461890075
2022,KAZ.4.1_1,Atyrau,3133,3136.9405,26376.71990776062,8.418997736278525,8.408422054771314
2022,KAZ.4.2_1,Inderskiy,11379,11381.1544,6169.853218317032,0.5422140098705538,0.5421113728980546
2022,KAZ.4.3_1,Isatayskiy,13984,13973.895,7937.5719710588455,0.567618132941851,0.5680285986857949
2022,KAZ.4.4_1,Kurmangazinskiy,20963,20971.928,6506.990562796593,0.3104035950387155,0.3102714525802891
2022,KAZ.4.5_1,Kzylkoginskiy,23848,23831.6595,15012.562269806862,0.6295103266440314,0.629941959429594
2022,KAZ.4.6_1,Makatskiy,4648,4645.3358,8389.73125052452,1.8050196322126766,1.806054849504682
2022,KAZ.4.7_1,Makhambetskiy,9233,9238.6483,18061.40654206276,1.9561796319790707,1.9549836707628805
2022,KAZ.4.8_1,Zhylyoyskiy,30176,30180.7623,79185.65721857548,2.624127028717374,2.6237129623836783
2022,KAZ.5.1_1,Abayskiy,19546,19548.8915,2004.3166704177856,0.10254357261934849,0.10252840544843879
2022,KAZ.5.2_1,Ayagozskiy,46653,46624.2114,19993.95684146881,0.4285674413535852,0.4288320643518027
2022,KAZ.5.3_1,Beskaragayskiy,9766,9771.5976,3764.5333424806595,0.3854734120909952,0.38525259531225814
2022,KAZ.5.4_1,Borodulikhinskiy,6225,6218.2645,8125.642154455185,1.305324040876335,1.3067379417761094
2022,KAZ.5.5_1,Glubokovskiy,7471,7460.8603,22434.020390748978,3.0028135980121773,3.006894578831756
2022,KAZ.5.6_1,Katon-Karagayskiy,13115,13114.1525,2120.107159137726,0.1616551398503794,0.16166558719112198
2022,KAZ.5.7_1,Kokpektinskiy,14505,14517.2114,4655.739327430725,0.3209747898952585,0.3207047956241463
2022,KAZ.5.8_1,Kurchumskiy,23877,23872.8825,5140.70784330368,0.21529957043613857,0.2153367042229699
2022,KAZ.5.9_1,Leninogorsk,3227,3235.8558,7770.711751461029,2.4080296719742886,2.4014394410910533
2022,KAZ.5.10_1,Semipalatinskiy,31307,31325.8457,33098.34982872009,1.0572188273779057,1.0565828025286494
2022,KAZ.5.11_1,Shemonaikhinskiy,4074,4071.623,12003.891189336777,2.9464632276231657,2.948183377373075
2022,KAZ.5.12_1,Tarbagatayskiy,22626,22609.7774,3212.6333582401276,0.14198856882525093,0.14209044618705494
2022,KAZ.5.13_1,Ulanskiy,9852,9854.1714,30851.207795262337,3.1314664834817636,3.1307764687194113
2022,KAZ.5.14_1,Urdzharskiy,25124,25114.9445,9636.405246257782,0.3835537830862037,0.38369207858652116
2022,KAZ.5.15_1,Zaysanskiy,9565,9561.1695,8330.430831670761,0.8709284716853906,0.8712773880010467
2022,KAZ.5.16_1,Zharminskiy,22270,22279.605,10097.343364357948,0.45340562929312744,0.4532101600563193
2022,KAZ.5.17_1,Zyryanovsk,11445,11445.8901,13883.722236990929,1.213081890519085,1.2129875550199303
2022,KAZ.6.1_1,Aqtau,1352,1352.7086,22941.01682126522,16.968207708036406,16.959319093961728
2022,KAZ.6.2_1,Beyneuskiy,39572,39560.655,16550.34137046337,0.41823363414695675,0.4183535730792009
2022,KAZ.6.3_1,Karakiyanskiy,65617,65609.5753,37835.72355782986,0.5766146510482018,0.5766799033808586
2022,KAZ.6.4_1,Manghystauskiy,49500,49519.3216,24812.85136783123,0.5012697246026511,0.5010741378765735
2022,KAZ.6.5_1,Tupkaraganskiy,10066,10061.9108,46797.06353580952,4.649022803080619,4.650912172258235
2022,KAZ.7.1_1,Akzharskiy,8055,8060.5054,4638.029499053955,0.5757950960960838,0.5754018260793894
2022,KAZ.7.2_1,Ayyrtauskiy,9630,9633.5514,10694.71302163601,1.1105620998583603,1.1101526977860094
2022,KAZ.7.3_1,Bulaevskiy,7907,7908.5235,12061.396080374718,1.5254073707315945,1.5251135199411232
2022,KAZ.7.4_1,Esil`skiy,4926,4923.8679,7696.234165906906,1.5623699078170739,1.5630464327805274
2022,KAZ.7.5_1,Kyzylzharskiy,6308,6303.3423,32692.68825852871,5.182734346627886,5.186564011505276
2022,KAZ.7.6_1,Mamlyutskiy,4138,4151.6206,8944.24607360363,2.1614901096190504,2.154398695339516
2022,KAZ.7.7_1,Shal Akyna,4758,4759.1509,6884.955508112907,1.4470272190233098,1.4466772895013054
2022,KAZ.7.8_1,Sovetskiy,4636,4635.5038,9335.837699174881,2.0137699955079555,2.0139855513606535
2022,KAZ.7.9_1,Taiynshinskiy,11127,11129.4809,14429.55466413498,1.2968054879244162,1.2965164186609934
2022,KAZ.7.10_1,Timiryazevskiy,4768,4775.0033,5448.769064068794,1.1427787466587236,1.141102671612463
2022,KAZ.7.11_1,Tselinniy,12298,12291.1075,11214.320076465607,0.9118816129830547,0.9123929729813172
2022,KAZ.7.12_1,Ualikhanovskiy,12586,12586.5573,4990.271812796593,0.3964938672172726,0.3964763119641189
2022,KAZ.7.13_1,Zhambylskiy,7722,7713.3211,7851.3844755887985,1.0167553063440558,1.017899345105818
2022,KAZ.8.1_1,Aksuskiy,8081,8080.2883,27420.879250764847,3.3932532175182337,3.3935520825722145
2022,KAZ.8.2_1,Aktogayskiy,9409,9403.9423,6077.971560359001,0.645974233219152,0.6463216588344278
2022,KAZ.8.3_1,Bayanaul`skiy,18623,18613.3374,14589.873789310455,0.783433055324623,0.7838397529846852
2022,KAZ.8.4_1,Ekibastuz,19241,19236.1846,56459.40741336346,2.934328122933499,2.9350626791367453
2022,KAZ.8.5_1,Irtyshskiy,10103,10102.5432,7836.265327334404,0.7756374668251415,0.7756725420295536
2022,KAZ.8.6_1,Kachirskiy,6831,6833.7305,6404.45205783844,0.937557027937116,0.9371824160236135
2022,KAZ.8.7_1,Lebyazhinskiy,8094,8100.0565,3909.733341574669,0.4830409366907177,0.4826797589132044
2022,KAZ.8.8_1,Mayskiy,18058,18048.9733,6304.483604669571,0.3491241336066879,0.34929873816598805
2022,KAZ.8.9_1,Pavlodarskiy,6527,6532.3778,43839.3189047575,6.716610832657806,6.711081369945135
2022,KAZ.8.10_1,Sherbaktinskiy,6979,6974.1198,8366.286481380463,1.1987801234246256,1.199618984123215
2022,KAZ.8.11_1,Uspenskiy,5590,5581.5676,6554.081569194794,1.172465396993702,1.174236709637235
2022,KAZ.8.12_1,Zhelezinskiy,7598,7584.3494,7318.42735183239,0.9632044421995775,0.9649380565779236
2022,KAZ.9.1_1,Abayskiy,6708,6706.9089,23062.074129104614,3.4379955469744505,3.438554875097314
2022,KAZ.9.2_1,Aktogayskiy,56475,56483.5207,20140.01599764824,0.35661825582378465,0.35656445908988066
2022,KAZ.9.3_1,Bukhar-Zhyrauskiy,15297,15298.2434,91461.30271971226,5.979035282716366,5.978549308119045
2022,KAZ.9.4_1,Karkaralinskiy,35215,35227.1629,9396.020761013031,0.2668187068298461,0.26672658186547904
2022,KAZ.9.5_1,Nurinskiy,47011,47004.3867,8553.777189970016,0.18195267469251913,0.1819782747519783
2022,KAZ.9.6_1,Osakarovskiy,11120,11123.7267,14708.215109944344,1.3226812149230525,1.3222380849654727
2022,KAZ.9.7_1,Shetskiy,66230,66248.7613,16483.416583180428,0.24888142206221392,0.24881094020516448
2022,KAZ.9.8_1,Ulytauskiy,128675,128672.5201,62654.07082724571,0.4869172009111771,0.48692658512726167
2022,KAZ.9.9_1,Zhanaarkinskiy,63004,63031.6413,15548.37631881237,0.24678395528557504,0.2466757328988266
2022,KAZ.10.1_1,Altynsarinskiy,5349,5356.2087,4043.3833594322205,0.7559138828626324,0.7548965249836896
2022,KAZ.10.2_1,Amangel`dinskiy,28028,28028.9463,568.7499990463257,0.02029220775818202,0.020291522659611268
2022,KAZ.10.3_1,Arkalyk,11294,11285.7064,5801.224617600441,0.5136554469276112,0.5140329211325249
2022,KAZ.10.4_1,Auliekol`skiy,11042,11044.7742,7138.691810131073,0.646503514773689,0.6463411258611204
2022,KAZ.10.5_1,Denisovskiy,6504,6510.3182,6328.857165336609,0.9730715198857025,0.9721271682181784
2022,KAZ.10.6_1,Dzhangil`dinskiy,38581,38583.4343,532.4166669845581,0.013799970632812993,0.013799099982061212
2022,KAZ.10.7_1,Fyodorovskiy,6781,6767.2202,11982.485842466354,1.7670676658997722,1.7706658739455374
2022,KAZ.10.8_1,Kamystinskiy,12932,12927.5113,5898.93459045887,0.4561502157793744,0.4563085990552231
2022,KAZ.10.9_1,Karabalykskiy,7266,7284.2803,9473.887955665588,1.3038656696484432,1.3005935541777212
2022,KAZ.10.10_1,Karasuskiy,12827,12830.2125,5511.823046088219,0.42970476698278776,0.42959717464049474
2022,KAZ.10.11_1,Mendykarinskiy,6803,6798.9183,4929.9000252485275,0.7246655924222443,0.7251006431278662
2022,KAZ.10.12_1,Naurzumskiy,16090,16095.4503,1312.0333423614502,0.08154340225987881,0.08151578977066565
2022,KAZ.10.13_1,Qostanay,8151,8150.5045,54284.4500041008,6.659851552459919,6.660256390514192
2022,KAZ.10.14_1,Sarykol`skiy,6387,6385.6753,5759.693796515465,0.9017839042610717,0.9019709712162317
2022,KAZ.10.15_1,Taranovskiy,7750,7745.2217,32007.69529414177,4.130025199244099,4.132573134720402
2022,KAZ.10.16_1,Uzunkol`skiy,7723,7734.567,4958.675265669823,0.6420659414307682,0.6411057371855589
2022,KAZ.10.17_1,Zhitikarinskiy,7564,7543.3034,11603.264125347137,1.5340116506275963,1.5382205268437432
2022,KAZ.11.1_1,Aral`skiy,55256,55264.9883,10422.245210647583,0.1886174390228678,0.18858676238382444
2022,KAZ.11.2_1,Karmakchinskiy,31362,31363.2928,14084.845831394196,0.44910547259084865,0.44908695972116586
2022,KAZ.11.3_1,Kazalinskiy,38288,38287.1923,10733.046780347824,0.28032403835007896,0.28032995223549795
2022,KAZ.11.4_1,Qyzylorda,2322,2316.0783,20109.2707862854,8.660323336040225,8.682465815581658
2022,KAZ.11.5_1,Shieliyskiy,30904,30911.1087,9581.349619746208,0.310035905376204,0.3099646057492505
2022,KAZ.11.6_1,Terenozekskiy,30947,30952.9512,61931.788632273674,2.001221075783555,2.0008363058038765
2022,KAZ.11.7_1,Zhalagashskiy,23287,23286.5285,27016.319974422455,1.160146003109995,1.1601694941706076
2022,KAZ.11.8_1,Zhanakorganskiy,16813,16811.4924,8206.628731012344,0.48811209962602414,0.4881558720035851
2022,KAZ.12.1_1,Arysskiy,6341,6343.9785,4621.608401179314,0.7288453558081239,0.7285031588489062
2022,KAZ.12.2_1,Baydibekskiy,6962,6962.3081,2982.025016784668,0.4283287872428423,0.42830983463126626
2022,KAZ.12.3_1,Chardarinskiy,12114,12109.0736,4633.799912452698,0.3825160898508088,0.38267171160089636
2022,KAZ.12.4_1,Kazygurtskiy,3943,3948.8778,10706.250099658966,2.715254907344399,2.7112132955738786
2022,KAZ.12.5_1,Maktaaral`skiy,2113,2121.6773,15922.582026958466,7.535533377642436,7.504714196290124
2022,KAZ.12.6_1,Ordabasynskiy,2723,2712.62,16365.953703641891,6.0102657743818915,6.03326450888098
2022,KAZ.12.7_1,Otrarskiy,18582,18584.8986,2842.416681289673,0.15296613288610875,0.15294227510194924
2022,KAZ.12.8_1,Saryagashskiy,7438,7439.5216,23385.58390378952,3.1440688227735305,3.1434257877628635
2022,KAZ.12.9_1,Sayramskiy,1701,1704.567,34499.77132689953,20.282052514344226,20.239610086154205
2022,KAZ.12.10_1,Shymkent,334,332.2048,18061.97154521942,54.07775911742342,54.36998822034182
2022,KAZ.12.11_1,Suzakskiy,40794,40796.9964,16406.088528990746,0.4021691554883254,0.4021396177130585
2022,KAZ.12.12_1,Tolebiyskiy,2918,2917.8616,8718.152488470078,2.9877150405997526,2.987856752363887
2022,KAZ.12.13_1,Turkestan,7753,7749.8781,37085.105776786804,4.7833233299093,4.785250227553192
2022,KAZ.12.14_1,Tyul`kubaskiy,2149,2153.7102,7386.160737276077,3.437022213716183,3.4295053937910684
2022,KAZ.13.1_1,Akzhaikskiy,26028,26032.0325,2445.84402179718,0.09396972574908484,0.09395516934765621
2022,KAZ.13.2_1,Burlinskiy,5354,5358.1927,38727.45431673527,7.23336838190797,7.227708365020149
2022,KAZ.13.3_1,Chingirlauskiy,7361,7357.6497,2185.4157059192657,0.29689114331195027,0.297026331094026
2022,KAZ.13.4_1,Dzhangalinskiy,21494,21491.9701,1034.4124011993408,0.048125635116746106,0.04813018048824561
2022,KAZ.13.5_1,Dzhanybekskiy,8009,8003.5822,2008.964435338974,0.25083836126095316,0.2510081592296543
2022,KAZ.13.6_1,Karatobinskiy,9925,9939.6014,1560.7547988891602,0.15725489157573402,0.15702388160321396
2022,KAZ.13.7_1,Kaztalovskiy,19736,19743.3866,1099.2000012397766,0.055695176390341335,0.05567433921581911
2022,KAZ.13.8_1,Syrymskiy,12624,12614.5173,1383.609829902649,0.10960153912410084,0.10968392992594411
2022,KAZ.13.9_1,Taskalinskiy,8222,8219.7343,3235.151339530945,0.39347498656421126,0.39358344534474804
2022,KAZ.13.10_1,Terektinskiy,8682,8680.1014,8576.859493732452,0.9878898288104645,0.9881059060165186
2022,KAZ.13.11_1,Urdinskiy,19364,19368.9902,652.2190494537354,0.03368204138885227,0.033673363634483956
2022,KAZ.13.12_1,Zelenovskiy,8122,8118.9478,40160.03441178799,4.944599164219156,4.94645800729818
2022,KAZ.14.1_1,Bayzakskiy,4789,4785.8197,15461.453248262405,3.2285348190149104,3.230680241911014
2022,KAZ.14.2_1,Kordayskiy,8629,8625.2652,17363.981059789658,2.0122819631231494,2.0131533061836664
2022,KAZ.14.3_1,Lugovskoy,8992,8994.9512,9969.003616571426,1.1086525374300964,1.1082887952983411
2022,KAZ.14.4_1,Merkenskiy,6255,6245.7744,7793.987620830536,1.2460411863837788,1.247881713793708
2022,KAZ.14.5_1,Moyynkumskiy,49602,49586.5382,4919.428775072098,0.09917803264126644,0.09920895780811906
2022,KAZ.14.6_1,Sarysuskiy,30981,30958.0923,5379.550013542175,0.17364029610219733,0.17376878287194014
2022,KAZ.14.7_1,Shuskiy,11620,11617.7944,11240.623882293701,0.9673514528652066,0.9675351010786049
2022,KAZ.14.8_1,Talasskiy,11742,11739.8088,2568.851779460907,0.21877463630224042,0.21881547049341207
2022,KAZ.14.9_1,Zhamb.,950,949.293,0.0,0.0,0.0
2022,KAZ.14.10_1,Zhambylskiy,2909,2908.9839,17211.50479245186,5.916639667394932,5.9166723122683065
2022,KAZ.14.11_1,Zhualy,690,690.1558,0.0,0.0,0.0
2022,KAZ.14.12_1,Zhualynskiy,3181,3177.7961,4266.232895374298,1.341160922783495,1.3425131079336885
