year,gid,name,pixels,area_km2,sum_of_lights,mean_dn,density_sol_per_km2
1992,SWZ.1.1_1,Hhukwini,172,172.2836,217.0,1.2616279069767442,1.2595509897945956
1992,SWZ.1.2_1,Lobamba,104,102.2125,1039.0,9.990384615384615,10.16509281744258
1992,SWZ.1.3_1,Madlangempisi,296,294.5278,175.0,0.5912162162162162,0.594171324645174
1992,SWZ.1.4_1,Mayiwane,181,177.9676,0.0,0.0,0.0
1992,SWZ.1.5_1,Mbabane East,46,44.9337,1408.0,30.608695652173914,31.335029848296244
1992,SWZ.1.6_1,Mbabane West,55,55.5724,599.0,10.89090909090909,10.778723881662335
1992,SWZ.1.7_1,Mhlangatane,269,273.0456,81.0,0.30111524163568776,0.29665371887826314
1992,SWZ.1.8_1,Motjane,304,304.0791,281.0,0.9243421052631579,0.9241017405978204
1992,SWZ.1.9_1,Mphalaleni,555,553.72,0.0,0.0,0.0
1992,SWZ.1.10_1,Ndzingeni,314,313.7969,0.0,0.0,0.0
1992,SWZ.1.11_1,Nkhaba,482,483.4863,424.0,0.8796680497925311,0.8769638527038011
1992,SWZ.1.12_1,Ntfonjeni,290,295.9786,54.0,0.18620689655172415,0.18244564775013972
1992,SWZ.1.13_1,Pigg's Peak,477,477.3697,689.0,1.4444444444444444,1.4433257404900308
1992,SWZ.1.14_1,Timpisini,95,93.6568,31.0,0.3263157894736842,0.3309956325358399
1992,SWZ.2.1_1,Dvokodvweni,514,514.5856,366.0,0.7120622568093385,0.7112519116079987
1992,SWZ.2.2_1,Hlane,467,463.194,143.0,0.30620985010706636,0.3087259575846759
1992,SWZ.2.3_1,Lomahasha,324,330.5687,40.0,0.12345679012345678,0.12100359199050113
1992,SWZ.2.4_1,Lubuli,447,450.7926,0.0,0.0,0.0
1992,SWZ.2.5_1,Lugongolweni,469,471.7707,49.0,0.1044776119402985,0.10386400846025028
1992,SWZ.2.6_1,Matsanjeni North,396,398.1679,0.0,0.0,0.0
1992,SWZ.2.7_1,Mhlume,789,792.9066,2128.0,2.697084917617237,2.6837966746949586
1992,SWZ.2.8_1,Mpholonjeni,595,593.3326,30.0,0.05042016806722689,0.05056185669313208
1992,SWZ.2.9_1,Nkilongo,645,649.9012,468.0,0.7255813953488373,0.7201094204892518
1992,SWZ.2.10_1,Siphofaneni,551,549.6347,14.0,0.025408348457350273,0.025471464110870985
1992,SWZ.2.11_1,Sithobela,638,636.587,4.0,0.006269592476489028,0.006283508627110892
1992,SWZ.3.1_1,Ekukhanyeni,176,175.1279,403.0,2.289772727272727,2.3011757984207586
1992,SWZ.3.2_1,Kwaluseni,28,28.4469,482.0,17.214285714285715,16.9438267163534
1992,SWZ.3.3_1,Lamgabhi,113,113.5018,24.0,0.21238938053097345,0.2114503212215126
1992,SWZ.3.4_1,Lobamba Lomdzala,179,176.172,1315.0,7.346368715083799,7.464297659090816
1992,SWZ.3.5_1,Ludzeludze,196,197.7914,1467.0,7.48469387755102,7.4169038162965215
1992,SWZ.3.6_1,Mafutseni,183,183.7175,19.0,0.10382513661202186,0.10341964464998107
1992,SWZ.3.7_1,Mahlangatja,465,466.3647,0.0,0.0,0.0
1992,SWZ.3.8_1,Mangcongco,434,436.0596,12.0,0.027649769585253458,0.027519174291280295
1992,SWZ.3.9_1,Manzini North,44,45.1104,883.0,20.068181818181817,19.57418007861283
1992,SWZ.3.10_1,Manzini South,14,11.5656,144.0,10.285714285714286,12.450664730709196
1992,SWZ.3.11_1,Mhlambanyatsi,462,464.0452,293.0,0.6341991341991342,0.6314040501153915
1992,SWZ.3.12_1,Mkhiweni,495,497.2437,0.0,0.0,0.0
1992,SWZ.3.13_1,Mthongwaneni,249,245.8915,22.0,0.08835341365461848,0.08947036820042867
1992,SWZ.3.14_1,Ngwenpisi,581,576.2721,44.0,0.0757314974182444,0.07635281733783873
1992,SWZ.3.15_1,Nhlambeni,267,271.108,284.0,1.0636704119850187,1.047552914472365
1992,SWZ.3.16_1,Ntondozi,238,235.9429,22.0,0.09243697478991597,0.09324289640633426
1992,SWZ.4.1_1,Gege,545,547.7076,0.0,0.0,0.0
1992,SWZ.4.2_1,Hosea,271,268.1887,0.0,0.0,0.0
1992,SWZ.4.3_1,Kubuta,217,215.9747,0.0,0.0,0.0
1992,SWZ.4.4_1,Maseyisini,219,216.3059,89.0,0.4063926940639269,0.4114544054942653
1992,SWZ.4.5_1,Matsanjeni South,423,424.0832,36.0,0.0851063829787234,0.08488899313441359
1992,SWZ.4.6_1,Mbangweni,302,304.8251,331.0,1.096026490066225,1.0858687448885347
1992,SWZ.4.7_1,Mtsambama,255,256.7353,40.0,0.1568627450980392,0.15580251861887656
1992,SWZ.4.8_1,Ngudzeni,129,130.2276,0.0,0.0,0.0
1992,SWZ.4.9_1,Nkwene,297,297.7612,0.0,0.0,0.0
1992,SWZ.4.10_1,Sandleni,191,188.2562,0.0,0.0,0.0
1992,SWZ.4.11_1,Shiselweni,217,215.1115,24.0,0.11059907834101383,0.1115700516361195
1992,SWZ.4.12_1,Sigwe,183,184.3762,0.0,0.0,0.0
1992,SWZ.4.13_1,Somntongo,325,319.7379,108.0,0.3323076923076923,0.3377766868618701
1992,SWZ.4.14_1,Zombodze,196,195.5506,0.0,0.0,0.0
1993,SWZ.1.1_1,Hhukwini,172,172.2836,282.0,1.6395348837209303,1.6368358484888292
1993,SWZ.1.2_1,Lobamba,104,102.2125,1390.0,13.365384615384615,13.599113586376502
1993,SWZ.1.3_1,Madlangempisi,296,294.5278,322.0,1.087837837837838,1.0932752373471202
1993,SWZ.1.4_1,Mayiwane,181,177.9676,15.0,0.08287292817679558,0.08428498585423531
1993,SWZ.1.5_1,Mbabane East,46,44.9337,1802.0,39.17391304347826,40.1034970075496
1993,SWZ.1.6_1,Mbabane West,55,55.5724,811.0,14.745454545454546,14.593564387359189
1993,SWZ.1.7_1,Mhlangatane,269,273.0456,93.0,0.34572490706319703,0.34060241797133917
1993,SWZ.1.8_1,Motjane,304,304.0791,404.0,1.3289473684210527,1.328601790752738
1993,SWZ.1.9_1,Mphalaleni,555,553.72,0.0,0.0,0.0
1993,SWZ.1.10_1,Ndzingeni,314,313.7969,0.0,0.0,0.0
1993,SWZ.1.11_1,Nkhaba,482,483.4863,484.0,1.004149377593361,1.0010625111052824
1993,SWZ.1.12_1,Ntfonjeni,290,295.9786,61.0,0.2103448275862069,0.2060960094955282
1993,SWZ.1.13_1,Pigg's Peak,477,477.3697,1357.0,2.8448637316561847,2.84266042067485
1993,SWZ.1.14_1,Timpisini,95,93.6568,69.0,0.7263157894736842,0.7367322143539662
1993,SWZ.2.1_1,Dvokodvweni,514,514.5856,555.0,1.0797665369649805,1.078537734815408
1993,SWZ.2.2_1,Hlane,467,463.194,189.0,0.40471092077087795,0.40803640547904724
1993,SWZ.2.3_1,Lomahasha,324,330.5687,97.0,0.2993827160493827,0.29343371057696527
1993,SWZ.2.4_1,Lubuli,447,450.7926,26.0,0.058165548098434,0.057676187399039285
1993,SWZ.2.5_1,Lugongolweni,469,471.7707,166.0,0.35394456289978676,0.3518658245796234
1993,SWZ.2.6_1,Matsanjeni North,396,398.1679,0.0,0.0,0.0
1993,SWZ.2.7_1,Mhlume,789,792.9066,3282.0,4.159695817490494,4.139201450351905
1993,SWZ.2.8_1,Mpholonjeni,595,593.3326,78.0,0.13109243697478992,0.13146082740214343
1993,SWZ.2.9_1,Nkilongo,645,649.9012,787.0,1.22015503875969,1.2109532348825665
1993,SWZ.2.10_1,Siphofaneni,551,549.6347,60.0,0.1088929219600726,0.10916341761801851
1993,SWZ.2.11_1,Sithobela,638,636.587,68.0,0.10658307210031348,0.10681964666088517
1993,SWZ.3.1_1,Ekukhanyeni,176,175.1279,405.0,2.3011363636363638,2.3125960257082068
1993,SWZ.3.2_1,Kwaluseni,28,28.4469,1011.0,36.107142857142854,35.539852303388564
1993,SWZ.3.3_1,Lamgabhi,113,113.5018,41.0,0.36283185840707965,0.3612276320867507
1993,SWZ.3.4_1,Lobamba Lomdzala,179,176.172,1804.0,10.078212290502794,10.23999465931546
1993,SWZ.3.5_1,Ludzeludze,196,197.7914,1494.0,7.622448979591836,7.553411248498298
1993,SWZ.3.6_1,Mafutseni,183,183.7175,147.0,0.8032786885245902,0.8001414612393272
1993,SWZ.3.7_1,Mahlangatja,465,466.3647,0.0,0.0,0.0
1993,SWZ.3.8_1,Mangcongco,434,436.0596,134.0,0.3087557603686636,0.30729744625262995
1993,SWZ.3.9_1,Manzini North,44,45.1104,1307.0,29.704545454545453,28.97333336664436
1993,SWZ.3.10_1,Manzini South,14,11.5656,381.0,27.214285714285715,32.94238376666808
1993,SWZ.3.11_1,Mhlambanyatsi,462,464.0452,519.0,1.1233766233766234,1.118425604129311
1993,SWZ.3.12_1,Mkhiweni,495,497.2437,0.0,0.0,0.0
1993,SWZ.3.13_1,Mthongwaneni,249,245.8915,146.0,0.5863453815261044,0.5937578980573902
1993,SWZ.3.14_1,Ngwenpisi,581,576.2721,84.0,0.14457831325301204,0.14576446946314667
1993,SWZ.3.15_1,Nhlambeni,267,271.108,557.0,2.0861423220973783,2.0545315963419273
1993,SWZ.3.16_1,Ntondozi,238,235.9429,117.0,0.49159663865546216,0.4958826763427777
1993,SWZ.4.1_1,Gege,545,547.7076,24.0,0.044036697247706424,0.04381899998028621
1993,SWZ.4.2_1,Hosea,271,268.1887,0.0,0.0,0.0
1993,SWZ.4.3_1,Kubuta,217,215.9747,0.0,0.0,0.0
1993,SWZ.4.4_1,Maseyisini,219,216.3059,291.0,1.3287671232876712,1.3453172134700135
1993,SWZ.4.5_1,Matsanjeni South,423,424.0832,40.0,0.09456264775413711,0.09432110348268177
1993,SWZ.4.6_1,Mbangweni,302,304.8251,474.0,1.5695364238410596,1.554990287242192
1993,SWZ.4.7_1,Mtsambama,255,256.7353,123.0,0.4823529411764706,0.4790927447530455
1993,SWZ.4.8_1,Ngudzeni,129,130.2276,0.0,0.0,0.0
1993,SWZ.4.9_1,Nkwene,297,297.7612,0.0,0.0,0.0
1993,SWZ.4.10_1,Sandleni,191,188.2562,0.0,0.0,0.0
1993,SWZ.4.11_1,Shiselweni,217,215.1115,25.0,0.1152073732718894,0.11621880378762448
1993,SWZ.4.12_1,Sigwe,183,184.3762,0.0,0.0,0.0
1993,SWZ.4.13_1,Somntongo,325,319.7379,155.0,0.47692307692307695,0.4847720968850914
1993,SWZ.4.14_1,Zombodze,196,195.5506,3.0,0.015306122448979591,0.015341300628204562
1994,SWZ.1.1_1,Hhukwini,172,172.2836,294.0,1.7093023255813953,1.7064884377862264
1994,SWZ.1.2_1,Lobamba,104,102.2125,1436.0,13.807692307692308,14.049156194270976
1994,SWZ.1.3_1,Madlangempisi,296,294.5278,332.0,1.1216216216216217,1.1272278844697015
1994,SWZ.1.4_1,Mayiwane,181,177.9676,17.0,0.09392265193370165,0.09552298396813336
1994,SWZ.1.5_1,Mbabane East,46,44.9337,1803.0,39.19565217391305,40.12575200033958
1994,SWZ.1.6_1,Mbabane West,55,55.5724,850.0,15.454545454545455,15.295351084161913
1994,SWZ.1.7_1,Mhlangatane,269,273.0456,98.0,0.3643122676579926,0.3589143759267875
1994,SWZ.1.8_1,Motjane,304,304.0791,466.0,1.5328947368421053,1.5324961249771683
1994,SWZ.1.9_1,Mphalaleni,555,553.72,0.0,0.0,0.0
1994,SWZ.1.10_1,Ndzingeni,314,313.7969,0.0,0.0,0.0
1994,SWZ.1.11_1,Nkhaba,482,483.4863,554.0,1.1493775933609958,1.1458442792403438
1994,SWZ.1.12_1,Ntfonjeni,290,295.9786,81.0,0.2793103448275862,0.2736684716252096
1994,SWZ.1.13_1,Pigg's Peak,477,477.3697,1383.0,2.89937106918239,2.8971255429574927
1994,SWZ.1.14_1,Timpisini,95,93.6568,96.0,1.0105263157894737,1.025018733014214
1994,SWZ.2.1_1,Dvokodvweni,514,514.5856,559.0,1.0875486381322956,1.0863109797510144
1994,SWZ.2.2_1,Hlane,467,463.194,200.0,0.4282655246252677,0.43178455606248384
1994,SWZ.2.3_1,Lomahasha,324,330.5687,95.0,0.2932098765432099,0.2873835309774402
1994,SWZ.2.4_1,Lubuli,447,450.7926,27.0,0.06040268456375839,0.05989450229900233
1994,SWZ.2.5_1,Lugongolweni,469,471.7707,161.0,0.34328358208955223,0.34126745636939376
1994,SWZ.2.6_1,Matsanjeni North,396,398.1679,0.0,0.0,0.0
1994,SWZ.2.7_1,Mhlume,789,792.9066,3325.0,4.2141951837769325,4.193432304210873
1994,SWZ.2.8_1,Mpholonjeni,595,593.3326,99.0,0.16638655462184873,0.16685412708733588
1994,SWZ.2.9_1,Nkilongo,645,649.9012,844.0,1.3085271317829457,1.2986588694293342
1994,SWZ.2.10_1,Siphofaneni,551,549.6347,75.0,0.13611615245009073,0.13645427202252314
1994,SWZ.2.11_1,Sithobela,638,636.587,74.0,0.11598746081504702,0.11624490960155151
1994,SWZ.3.1_1,Ekukhanyeni,176,175.1279,438.0,2.4886363636363638,2.5010297759510975
1994,SWZ.3.2_1,Kwaluseni,28,28.4469,1024.0,36.57142857142857,35.99684348038565
1994,SWZ.3.3_1,Lamgabhi,113,113.5018,57.0,0.504424778761062,0.5021945129010924
1994,SWZ.3.4_1,Lobamba Lomdzala,179,176.172,1880.0,10.502793296089385,10.671391330107022
1994,SWZ.3.5_1,Ludzeludze,196,197.7914,1538.0,7.846938775510204,7.775867804678971
1994,SWZ.3.6_1,Mafutseni,183,183.7175,148.0,0.8087431693989071,0.8055846004314314
1994,SWZ.3.7_1,Mahlangatja,465,466.3647,0.0,0.0,0.0
1994,SWZ.3.8_1,Mangcongco,434,436.0596,142.0,0.3271889400921659,0.3256435624468168
1994,SWZ.3.9_1,Manzini North,44,45.1104,1335.0,30.34090909090909,29.59403216868418
1994,SWZ.3.10_1,Manzini South,14,11.5656,392.0,28.0,33.89347621137503
1994,SWZ.3.11_1,Mhlambanyatsi,462,464.0452,616.0,1.3333333333333333,1.3274569790821882
1994,SWZ.3.12_1,Mkhiweni,495,497.2437,0.0,0.0,0.0
1994,SWZ.3.13_1,Mthongwaneni,249,245.8915,146.0,0.5863453815261044,0.5937578980573902
1994,SWZ.3.14_1,Ngwenpisi,581,576.2721,121.0,0.2082616179001721,0.2099702476790565
1994,SWZ.3.15_1,Nhlambeni,267,271.108,572.0,2.142322097378277,2.1098600953457494
1994,SWZ.3.16_1,Ntondozi,238,235.9429,120.0,0.5042016806722689,0.5085976167618232
1994,SWZ.4.1_1,Gege,545,547.7076,20.0,0.03669724770642202,0.03651583331690517
1994,SWZ.4.2_1,Hosea,271,268.1887,0.0,0.0,0.0
1994,SWZ.4.3_1,Kubuta,217,215.9747,0.0,0.0,0.0
1994,SWZ.4.4_1,Maseyisini,219,216.3059,301.0,1.3744292237442923,1.391548045548021
1994,SWZ.4.5_1,Matsanjeni South,423,424.0832,35.0,0.08274231678486997,0.08253096554734655
1994,SWZ.4.6_1,Mbangweni,302,304.8251,496.0,1.6423841059602649,1.6271628322196774
1994,SWZ.4.7_1,Mtsambama,255,256.7353,135.0,0.5294117647058824,0.5258335003387085
1994,SWZ.4.8_1,Ngudzeni,129,130.2276,0.0,0.0,0.0
1994,SWZ.4.9_1,Nkwene,297,297.7612,0.0,0.0,0.0
1994,SWZ.4.10_1,Sandleni,191,188.2562,0.0,0.0,0.0
1994,SWZ.4.11_1,Shiselweni,217,215.1115,29.0,0.1336405529953917,0.1348138123936444
1994,SWZ.4.12_1,Sigwe,183,184.3762,0.0,0.0,0.0
1994,SWZ.4.13_1,Somntongo,325,319.7379,166.0,0.5107692307692308,0.5191752779543559
1994,SWZ.4.14_1,Zombodze,196,195.5506,5.0,0.025510204081632654,0.025568834380340934
1995,SWZ.1.1_1,Hhukwini,172,172.2836,294.0,1.7093023255813953,1.7064884377862264
1995,SWZ.1.2_1,Lobamba,104,102.2125,1495.0,14.375,14.626384756570411
1995,SWZ.1.3_1,Madlangempisi,296,294.5278,396.0,1.337837837837838,1.3445248260542222
1995,SWZ.1.4_1,Mayiwane,181,177.9676,70.0,0.3867403314917127,0.3933299339864315
1995,SWZ.1.5_1,Mbabane East,46,44.9337,1805.0,39.23913043478261,40.170261985919545
1995,SWZ.1.6_1,Mbabane West,55,55.5724,1027.0,18.672727272727272,18.48038301580504
1995,SWZ.1.7_1,Mhlangatane,269,273.0456,95.0,0.35315985130111527,0.3479272011535185
1995,SWZ.1.8_1,Motjane,304,304.0791,594.0,1.9539473684210527,1.9534392666017981
1995,SWZ.1.9_1,Mphalaleni,555,553.72,0.0,0.0,0.0
1995,SWZ.1.10_1,Ndzingeni,314,313.7969,38.0,0.12101910828025478,0.12109742154862031
1995,SWZ.1.11_1,Nkhaba,482,483.4863,630.0,1.3070539419087137,1.3030359132155536
1995,SWZ.1.12_1,Ntfonjeni,290,295.9786,190.0,0.6551724137931034,0.6419383902319731
1995,SWZ.1.13_1,Pigg's Peak,477,477.3697,1404.0,2.943396226415094,2.9411166032627043
1995,SWZ.1.14_1,Timpisini,95,93.6568,208.0,2.1894736842105265,2.2208739215307967
1995,SWZ.2.1_1,Dvokodvweni,514,514.5856,581.0,1.1303501945525292,1.1290638268968505
1995,SWZ.2.2_1,Hlane,467,463.194,253.0,0.5417558886509636,0.546207463419042
1995,SWZ.2.3_1,Lomahasha,324,330.5687,178.0,0.5493827160493827,0.5384659843577301
1995,SWZ.2.4_1,Lubuli,447,450.7926,42.0,0.09395973154362416,0.09316922579844808
1995,SWZ.2.5_1,Lugongolweni,469,471.7707,169.0,0.3603411513859275,0.35822484550576117
1995,SWZ.2.6_1,Matsanjeni North,396,398.1679,0.0,0.0,0.0
1995,SWZ.2.7_1,Mhlume,789,792.9066,3382.0,4.2864385297845375,4.265319715140202
1995,SWZ.2.8_1,Mpholonjeni,595,593.3326,117.0,0.19663865546218487,0.19719124110321512
1995,SWZ.2.9_1,Nkilongo,645,649.9012,1000.0,1.550387596899225,1.5386953429257515
1995,SWZ.2.10_1,Siphofaneni,551,549.6347,178.0,0.32304900181488205,0.32385147226678823
1995,SWZ.2.11_1,Sithobela,638,636.587,64.0,0.10031347962382445,0.10053613803377427
1995,SWZ.3.1_1,Ekukhanyeni,176,175.1279,498.0,2.8295454545454546,2.8436365945745354
1995,SWZ.3.2_1,Kwaluseni,28,28.4469,1067.0,38.107142857142854,37.508429681222154
1995,SWZ.3.3_1,Lamgabhi,113,113.5018,141.0,1.247787610619469,1.2422706371763865
1995,SWZ.3.4_1,Lobamba Lomdzala,179,176.172,1937.0,10.82122905027933,10.994938833200692
1995,SWZ.3.5_1,Ludzeludze,196,197.7914,1594.0,8.13265306122449,8.0589943307271
1995,SWZ.3.6_1,Mafutseni,183,183.7175,276.0,1.5081967213114753,1.5023064170207776
1995,SWZ.3.7_1,Mahlangatja,465,466.3647,0.0,0.0,0.0
1995,SWZ.3.8_1,Mangcongco,434,436.0596,185.0,0.42626728110599077,0.4242539369905712
1995,SWZ.3.9_1,Manzini North,44,45.1104,1350.0,30.681818181818183,29.926549384062653
1995,SWZ.3.10_1,Manzini South,14,11.5656,405.0,28.928571428571427,35.01749455511961
1995,SWZ.3.11_1,Mhlambanyatsi,462,464.0452,756.0,1.6363636363636365,1.6291517470554127
1995,SWZ.3.12_1,Mkhiweni,495,497.2437,42.0,0.08484848484848485,0.08446562123166536
1995,SWZ.3.13_1,Mthongwaneni,249,245.8915,220.0,0.8835341365461847,0.8947036820042866
1995,SWZ.3.14_1,Ngwenpisi,581,576.2721,178.0,0.306368330464716,0.3088818519576203
1995,SWZ.3.15_1,Nhlambeni,267,271.108,689.0,2.5805243445692883,2.5414223875755617
1995,SWZ.3.16_1,Ntondozi,238,235.9429,190.0,0.7983193277310925,0.8052795598728869
1995,SWZ.4.1_1,Gege,545,547.7076,25.0,0.045871559633027525,0.04564479164613147
1995,SWZ.4.2_1,Hosea,271,268.1887,37.0,0.13653136531365315,0.1379625625314701
1995,SWZ.4.3_1,Kubuta,217,215.9747,0.0,0.0,0.0
1995,SWZ.4.4_1,Maseyisini,219,216.3059,434.0,1.9817351598173516,2.0064181121855187
1995,SWZ.4.5_1,Matsanjeni South,423,424.0832,34.0,0.08037825059101655,0.08017293796027951
1995,SWZ.4.6_1,Mbangweni,302,304.8251,511.0,1.6920529801324504,1.6763713856134177
1995,SWZ.4.7_1,Mtsambama,255,256.7353,177.0,0.6941176470588235,0.6894261448885288
1995,SWZ.4.8_1,Ngudzeni,129,130.2276,0.0,0.0,0.0
1995,SWZ.4.9_1,Nkwene,297,297.7612,0.0,0.0,0.0
1995,SWZ.4.10_1,Sandleni,191,188.2562,0.0,0.0,0.0
1995,SWZ.4.11_1,Shiselweni,217,215.1115,47.0,0.21658986175115208,0.218491351120734
1995,SWZ.4.12_1,Sigwe,183,184.3762,0.0,0.0,0.0
1995,SWZ.4.13_1,Somntongo,325,319.7379,163.0,0.5015384615384615,0.5097925922081928
1995,SWZ.4.14_1,Zombodze,196,195.5506,44.0,0.22448979591836735,0.22500574254700023
1996,SWZ.1.1_1,Hhukwini,172,172.2836,325.0,1.8895348837209303,1.8864242934711686
1996,SWZ.1.2_1,Lobamba,104,102.2125,1523.0,14.64423076923077,14.900323735288787
1996,SWZ.1.3_1,Madlangempisi,296,294.5278,254.0,0.8581081081081081,0.8623972369135668
1996,SWZ.1.4_1,Mayiwane,181,177.9676,95.0,0.5248618784530387,0.533804910410157
1996,SWZ.1.5_1,Mbabane East,46,44.9337,1808.0,39.30434782608695,40.2370269642895
1996,SWZ.1.6_1,Mbabane West,55,55.5724,1057.0,19.21818181818182,19.02021893642252
1996,SWZ.1.7_1,Mhlangatane,269,273.0456,95.0,0.35315985130111527,0.3479272011535185
1996,SWZ.1.8_1,Motjane,304,304.0791,684.0,2.25,2.249414913056616
1996,SWZ.1.9_1,Mphalaleni,555,553.72,0.0,0.0,0.0
1996,SWZ.1.10_1,Ndzingeni,314,313.7969,58.0,0.18471337579617833,0.18483290657420995
1996,SWZ.1.11_1,Nkhaba,482,483.4863,642.0,1.3319502074688796,1.3278556448958498
1996,SWZ.1.12_1,Ntfonjeni,290,295.9786,256.0,0.8827586206896552,0.8649275152599216
1996,SWZ.1.13_1,Pigg's Peak,477,477.3697,1426.0,2.989517819706499,2.987202475963402
1996,SWZ.1.14_1,Timpisini,95,93.6568,206.0,2.168421052631579,2.1995193645930007
1996,SWZ.2.1_1,Dvokodvweni,514,514.5856,591.0,1.149805447470817,1.1484969392358668
1996,SWZ.2.2_1,Hlane,467,463.194,270.0,0.5781584582441114,0.5829091506843532
1996,SWZ.2.3_1,Lomahasha,324,330.5687,196.0,0.6049382716049383,0.5929176007534556
1996,SWZ.2.4_1,Lubuli,447,450.7926,56.0,0.12527964205816555,0.12422563439793077
1996,SWZ.2.5_1,Lugongolweni,469,471.7707,171.0,0.3646055437100213,0.362464192789853
1996,SWZ.2.6_1,Matsanjeni North,396,398.1679,0.0,0.0,0.0
1996,SWZ.2.7_1,Mhlume,789,792.9066,3398.0,4.306717363751584,4.28549863750633
1996,SWZ.2.8_1,Mpholonjeni,595,593.3326,172.0,0.28907563025210087,0.2898879783739573
1996,SWZ.2.9_1,Nkilongo,645,649.9012,1097.0,1.7007751937984497,1.6879487911895494
1996,SWZ.2.10_1,Siphofaneni,551,549.6347,140.0,0.2540834845735027,0.25471464110870984
1996,SWZ.2.11_1,Sithobela,638,636.587,37.0,0.05799373040752351,0.058122454800775755
1996,SWZ.3.1_1,Ekukhanyeni,176,175.1279,569.0,3.2329545454545454,3.249054663278937
1996,SWZ.3.2_1,Kwaluseni,28,28.4469,1089.0,38.892857142857146,38.281799365371064
1996,SWZ.3.3_1,Lamgabhi,113,113.5018,139.0,1.2300884955752212,1.2246497770745939
1996,SWZ.3.4_1,Lobamba Lomdzala,179,176.172,2041.0,11.402234636871508,11.585271119547038
1996,SWZ.3.5_1,Ludzeludze,196,197.7914,1640.0,8.36734693877551,8.29156254855235
1996,SWZ.3.6_1,Mafutseni,183,183.7175,343.0,1.8743169398907105,1.8669967428917635
1996,SWZ.3.7_1,Mahlangatja,465,466.3647,0.0,0.0,0.0
1996,SWZ.3.8_1,Mangcongco,434,436.0596,165.0,0.38018433179723504,0.37838864650510406
1996,SWZ.3.9_1,Manzini North,44,45.1104,1383.0,31.431818181818183,30.658087257895296
1996,SWZ.3.10_1,Manzini South,14,11.5656,429.0,30.642857142857142,37.092605343571144
1996,SWZ.3.11_1,Mhlambanyatsi,462,464.0452,807.0,1.7467532467532467,1.7390548411028017
1996,SWZ.3.12_1,Mkhiweni,495,497.2437,71.0,0.14343434343434344,0.1427871216059105
1996,SWZ.3.13_1,Mthongwaneni,249,245.8915,284.0,1.140562248995984,1.1549811167691701
1996,SWZ.3.14_1,Ngwenpisi,581,576.2721,193.0,0.33218588640275387,0.3349112215046108
1996,SWZ.3.15_1,Nhlambeni,267,271.108,743.0,2.7827715355805243,2.7406049839893214
1996,SWZ.3.16_1,Ntondozi,238,235.9429,216.0,0.907563025210084,0.9154757101712819
1996,SWZ.4.1_1,Gege,545,547.7076,12.0,0.022018348623853212,0.021909499990143105
1996,SWZ.4.2_1,Hosea,271,268.1887,47.0,0.17343173431734318,0.17524974159402956
1996,SWZ.4.3_1,Kubuta,217,215.9747,0.0,0.0,0.0
1996,SWZ.4.4_1,Maseyisini,219,216.3059,438.0,2.0,2.0249104450167215
1996,SWZ.4.5_1,Matsanjeni South,423,424.0832,37.0,0.08747044917257683,0.08724702072148063
1996,SWZ.4.6_1,Mbangweni,302,304.8251,502.0,1.6622516556291391,1.6468462535771735
1996,SWZ.4.7_1,Mtsambama,255,256.7353,173.0,0.6784313725490196,0.6738458930266412
1996,SWZ.4.8_1,Ngudzeni,129,130.2276,0.0,0.0,0.0
1996,SWZ.4.9_1,Nkwene,297,297.7612,0.0,0.0,0.0
1996,SWZ.4.10_1,Sandleni,191,188.2562,0.0,0.0,0.0
1996,SWZ.4.11_1,Shiselweni,217,215.1115,58.0,0.2672811059907834,0.2696276247872888
1996,SWZ.4.12_1,Sigwe,183,184.3762,0.0,0.0,0.0
1996,SWZ.4.13_1,Somntongo,325,319.7379,153.0,0.4707692307692308,0.478516973054316
1996,SWZ.4.14_1,Zombodze,196,195.5506,29.0,0.14795918367346939,0.14829923940597742
1997,SWZ.1.1_1,Hhukwini,172,172.2836,397.0,2.308139534883721,2.3043398292555506
1997,SWZ.1.2_1,Lobamba,104,102.2125,1525.0,14.663461538461538,14.919890805197243
1997,SWZ.1.3_1,Madlangempisi,296,294.5278,177.0,0.597972972972973,0.6009618540696903
1997,SWZ.1.4_1,Mayiwane,181,177.9676,97.0,0.5359116022099447,0.5450429085240551
1997,SWZ.1.5_1,Mbabane East,46,44.9337,1808.0,39.30434782608695,40.2370269642895
1997,SWZ.1.6_1,Mbabane West,55,55.5724,1057.0,19.21818181818182,19.02021893642252
1997,SWZ.1.7_1,Mhlangatane,269,273.0456,93.0,0.34572490706319703,0.34060241797133917
1997,SWZ.1.8_1,Motjane,304,304.0791,700.0,2.3026315789473686,2.302032805759695
1997,SWZ.1.9_1,Mphalaleni,555,553.72,0.0,0.0,0.0
1997,SWZ.1.10_1,Ndzingeni,314,313.7969,60.0,0.1910828025477707,0.19120645507676892
1997,SWZ.1.11_1,Nkhaba,482,483.4863,692.0,1.4356846473029046,1.4312711935637508
1997,SWZ.1.12_1,Ntfonjeni,290,295.9786,289.0,0.996551724137931,0.976422077773896
1997,SWZ.1.13_1,Pigg's Peak,477,477.3697,1431.0,3.0,2.997676537940833
1997,SWZ.1.14_1,Timpisini,95,93.6568,210.0,2.210526315789474,2.2422284784685926
1997,SWZ.2.1_1,Dvokodvweni,514,514.5856,613.0,1.1926070038910506,1.1912497863817026
1997,SWZ.2.2_1,Hlane,467,463.194,288.0,0.6167023554603854,0.6217697607299767
1997,SWZ.2.3_1,Lomahasha,324,330.5687,201.0,0.6203703703703703,0.6080430497522682
1997,SWZ.2.4_1,Lubuli,447,450.7926,59.0,0.1319910514541387,0.13088057909781992
1997,SWZ.2.5_1,Lugongolweni,469,471.7707,171.0,0.3646055437100213,0.362464192789853
1997,SWZ.2.6_1,Matsanjeni North,396,398.1679,0.0,0.0,0.0
1997,SWZ.2.7_1,Mhlume,789,792.9066,3403.0,4.313054499366286,4.291804550745745
1997,SWZ.2.8_1,Mpholonjeni,595,593.3326,175.0,0.29411764705882354,0.2949441640432705
1997,SWZ.2.9_1,Nkilongo,645,649.9012,1084.0,1.6806201550387596,1.6679457517315146
1997,SWZ.2.10_1,Siphofaneni,551,549.6347,147.0,0.26678765880217786,0.2674503731641453
1997,SWZ.2.11_1,Sithobela,638,636.587,29.0,0.045454545454545456,0.045555437546553966
1997,SWZ.3.1_1,Ekukhanyeni,176,175.1279,597.0,3.3920454545454546,3.408937845303208
1997,SWZ.3.2_1,Kwaluseni,28,28.4469,1089.0,38.892857142857146,38.281799365371064
1997,SWZ.3.3_1,Lamgabhi,113,113.5018,142.0,1.2566371681415929,1.251081067227283
1997,SWZ.3.4_1,Lobamba Lomdzala,179,176.172,2045.0,11.424581005586592,11.607976207483436
1997,SWZ.3.5_1,Ludzeludze,196,197.7914,1679.0,8.566326530612244,8.488739950621582
1997,SWZ.3.6_1,Mafutseni,183,183.7175,353.0,1.9289617486338797,1.9214281348128062
1997,SWZ.3.7_1,Mahlangatja,465,466.3647,0.0,0.0,0.0
1997,SWZ.3.8_1,Mangcongco,434,436.0596,161.0,0.3709677419354839,0.3692155884080106
1997,SWZ.3.9_1,Manzini North,44,45.1104,1383.0,31.431818181818183,30.658087257895296
1997,SWZ.3.10_1,Manzini South,14,11.5656,429.0,30.642857142857142,37.092605343571144
1997,SWZ.3.11_1,Mhlambanyatsi,462,464.0452,776.0,1.6796536796536796,1.6722509996230162
1997,SWZ.3.12_1,Mkhiweni,495,497.2437,81.0,0.16363636363636364,0.16289798380392606
1997,SWZ.3.13_1,Mthongwaneni,249,245.8915,285.0,1.144578313253012,1.1590479516873713
1997,SWZ.3.14_1,Ngwenpisi,581,576.2721,182.0,0.3132530120481928,0.3158230171701511
1997,SWZ.3.15_1,Nhlambeni,267,271.108,768.0,2.8764044943820224,2.8328191489956915
1997,SWZ.3.16_1,Ntondozi,238,235.9429,216.0,0.907563025210084,0.9154757101712819
1997,SWZ.4.1_1,Gege,545,547.7076,12.0,0.022018348623853212,0.021909499990143105
1997,SWZ.4.2_1,Hosea,271,268.1887,36.0,0.13284132841328414,0.13423384462521415
1997,SWZ.4.3_1,Kubuta,217,215.9747,0.0,0.0,0.0
1997,SWZ.4.4_1,Maseyisini,219,216.3059,451.0,2.0593607305936072,2.085010526718131
1997,SWZ.4.5_1,Matsanjeni South,423,424.0832,41.0,0.09692671394799054,0.09667913106974882
1997,SWZ.4.6_1,Mbangweni,302,304.8251,513.0,1.6986754966887416,1.6829325260659165
1997,SWZ.4.7_1,Mtsambama,255,256.7353,175.0,0.6862745098039216,0.681636018957585
1997,SWZ.4.8_1,Ngudzeni,129,130.2276,0.0,0.0,0.0
1997,SWZ.4.9_1,Nkwene,297,297.7612,0.0,0.0,0.0
1997,SWZ.4.10_1,Sandleni,191,188.2562,0.0,0.0,0.0
1997,SWZ.4.11_1,Shiselweni,217,215.1115,69.0,0.31797235023041476,0.32076389845384357
1997,SWZ.4.12_1,Sigwe,183,184.3762,0.0,0.0,0.0
1997,SWZ.4.13_1,Somntongo,325,319.7379,149.0,0.4584615384615385,0.4660067253927653
1997,SWZ.4.14_1,Zombodze,196,195.5506,41.0,0.20918367346938777,0.20966444191879569
1998,SWZ.1.1_1,Hhukwini,172,172.2836,432.0,2.511627906976744,2.5074932147062916
1998,SWZ.1.2_1,Lobamba,104,102.2125,1563.0,15.028846153846153,15.291665133457895
1998,SWZ.1.3_1,Madlangempisi,296,294.5278,185.0,0.625,0.6281239717677554
1998,SWZ.1.4_1,Mayiwane,181,177.9676,133.0,0.7348066298342542,0.7473268745742199
1998,SWZ.1.5_1,Mbabane East,46,44.9337,1810.0,39.34782608695652,40.28153694986946
1998,SWZ.1.6_1,Mbabane West,55,55.5724,1061.0,19.29090909090909,19.092197059171518
1998,SWZ.1.7_1,Mhlangatane,269,273.0456,97.0,0.36059479553903345,0.3552519843356978
1998,SWZ.1.8_1,Motjane,304,304.0791,852.0,2.8026315789473686,2.801902786438943
1998,SWZ.1.9_1,Mphalaleni,555,553.72,0.0,0.0,0.0
1998,SWZ.1.10_1,Ndzingeni,314,313.7969,65.0,0.2070063694267516,0.2071403263331663
1998,SWZ.1.11_1,Nkhaba,482,483.4863,715.0,1.483402489626556,1.4788423459509854
1998,SWZ.1.12_1,Ntfonjeni,290,295.9786,362.0,1.2482758620689656,1.223061564547233
1998,SWZ.1.13_1,Pigg's Peak,477,477.3697,1477.0,3.0964360587002098,3.094037908133201
1998,SWZ.1.14_1,Timpisini,95,93.6568,245.0,2.5789473684210527,2.615933224880025
1998,SWZ.2.1_1,Dvokodvweni,514,514.5856,635.0,1.235408560311284,1.2340026335275387
1998,SWZ.2.2_1,Hlane,467,463.194,289.0,0.6188436830835118,0.6239286835102892
1998,SWZ.2.3_1,Lomahasha,324,330.5687,205.0,0.6327160493827161,0.6201434089513183
1998,SWZ.2.4_1,Lubuli,447,450.7926,82.0,0.18344519015659955,0.18190182179697006
1998,SWZ.2.5_1,Lugongolweni,469,471.7707,205.0,0.43710021321961623,0.4345330966194144
1998,SWZ.2.6_1,Matsanjeni North,396,398.1679,0.0,0.0,0.0
1998,SWZ.2.7_1,Mhlume,789,792.9066,3414.0,4.326996197718631,4.305677559872457
1998,SWZ.2.8_1,Mpholonjeni,595,593.3326,162.0,0.2722689075630252,0.2730340261429133
1998,SWZ.2.9_1,Nkilongo,645,649.9012,1121.0,1.737984496124031,1.7248774794197674
1998,SWZ.2.10_1,Siphofaneni,551,549.6347,223.0,0.4047186932849365,0.4057240354803021
1998,SWZ.2.11_1,Sithobela,638,636.587,30.0,0.047021943573667714,0.047126314703331694
1998,SWZ.3.1_1,Ekukhanyeni,176,175.1279,702.0,3.9886363636363638,4.008499777894225
1998,SWZ.3.2_1,Kwaluseni,28,28.4469,1100.0,39.285714285714285,38.66848420744552
1998,SWZ.3.3_1,Lamgabhi,113,113.5018,218.0,1.9292035398230087,1.9206737510954062
1998,SWZ.3.4_1,Lobamba Lomdzala,179,176.172,2089.0,11.670391061452515,11.857732174783813
1998,SWZ.3.5_1,Ludzeludze,196,197.7914,1738.0,8.86734693877551,8.787033969136575
1998,SWZ.3.6_1,Mafutseni,183,183.7175,433.0,2.366120218579235,2.3568792701811474
1998,SWZ.3.7_1,Mahlangatja,465,466.3647,0.0,0.0,0.0
1998,SWZ.3.8_1,Mangcongco,434,436.0596,153.0,0.35253456221198154,0.35086947221382375
1998,SWZ.3.9_1,Manzini North,44,45.1104,1391.0,31.613636363636363,30.835429772763813
1998,SWZ.3.10_1,Manzini South,14,11.5656,429.0,30.642857142857142,37.092605343571144
1998,SWZ.3.11_1,Mhlambanyatsi,462,464.0452,794.0,1.7186147186147187,1.7110403269338594
1998,SWZ.3.12_1,Mkhiweni,495,497.2437,159.0,0.3212121212121212,0.31976270894844744
1998,SWZ.3.13_1,Mthongwaneni,249,245.8915,300.0,1.2048192771084338,1.220050475460391
1998,SWZ.3.14_1,Ngwenpisi,581,576.2721,217.0,0.37349397590361444,0.37655821277979556
1998,SWZ.3.15_1,Nhlambeni,267,271.108,794.0,2.9737827715355807,2.9287218806023163
1998,SWZ.3.16_1,Ntondozi,238,235.9429,316.0,1.3277310924369747,1.3393070574728012
1998,SWZ.4.1_1,Gege,545,547.7076,15.0,0.027522935779816515,0.02738687498767888
1998,SWZ.4.2_1,Hosea,271,268.1887,25.0,0.09225092250922509,0.09321794765639871
1998,SWZ.4.3_1,Kubuta,217,215.9747,0.0,0.0,0.0
1998,SWZ.4.4_1,Maseyisini,219,216.3059,570.0,2.6027397260273974,2.6351574284464183
1998,SWZ.4.5_1,Matsanjeni South,423,424.0832,47.0,0.1111111111111111,0.11082729659215108
1998,SWZ.4.6_1,Mbangweni,302,304.8251,546.0,1.8079470198675496,1.791191343532145
1998,SWZ.4.7_1,Mtsambama,255,256.7353,197.0,0.7725490196078432,0.7673274041979671
1998,SWZ.4.8_1,Ngudzeni,129,130.2276,0.0,0.0,0.0
1998,SWZ.4.9_1,Nkwene,297,297.7612,0.0,0.0,0.0
1998,SWZ.4.10_1,Sandleni,191,188.2562,22.0,0.11518324607329843,0.11686203661413118
1998,SWZ.4.11_1,Shiselweni,217,215.1115,109.0,0.5023041474654378,0.5067139845140427
1998,SWZ.4.12_1,Sigwe,183,184.3762,0.0,0.0,0.0
1998,SWZ.4.13_1,Somntongo,325,319.7379,156.0,0.48,0.4878996588004791
1998,SWZ.4.14_1,Zombodze,196,195.5506,78.0,0.3979591836734694,0.3988738163333186
1999,SWZ.1.1_1,Hhukwini,172,172.2836,497.0,2.88953488372093,2.8847780734005255
1999,SWZ.1.2_1,Lobamba,104,102.2125,1683.0,16.182692307692307,16.46568932796522
1999,SWZ.1.3_1,Madlangempisi,296,294.5278,211.0,0.7128378378378378,0.7164008542864669
1999,SWZ.1.4_1,Mayiwane,181,177.9676,176.0,0.9723756906077348,0.9889438340230278
1999,SWZ.1.5_1,Mbabane East,46,44.9337,1812.0,39.391304347826086,40.326046935449426
1999,SWZ.1.6_1,Mbabane West,55,55.5724,1061.0,19.29090909090909,19.092197059171518
1999,SWZ.1.7_1,Mhlangatane,269,273.0456,114.0,0.42379182156133827,0.4175126413842222
1999,SWZ.1.8_1,Motjane,304,304.0791,941.0,3.0953947368421053,3.0945898145998183
1999,SWZ.1.9_1,Mphalaleni,555,553.72,8.0,0.014414414414414415,0.01444773555049342
1999,SWZ.1.10_1,Ndzingeni,314,313.7969,68.0,0.21656050955414013,0.21670064908700476
1999,SWZ.1.11_1,Nkhaba,482,483.4863,1137.0,2.358921161825726,2.3516695767080704
1999,SWZ.1.12_1,Ntfonjeni,290,295.9786,488.0,1.6827586206896552,1.6487680759642256
1999,SWZ.1.13_1,Pigg's Peak,477,477.3697,1888.0,3.958071278825996,3.9550058026780524
1999,SWZ.1.14_1,Timpisini,95,93.6568,265.0,2.789473684210526,2.829478794257986
1999,SWZ.2.1_1,Dvokodvweni,514,514.5856,717.0,1.394941634241245,1.3933541547074728
1999,SWZ.2.2_1,Hlane,467,463.194,298.0,0.6381156316916489,0.6433589885331009
1999,SWZ.2.3_1,Lomahasha,324,330.5687,222.0,0.6851851851851852,0.6715699355472813
1999,SWZ.2.4_1,Lubuli,447,450.7926,115.0,0.25727069351230425,0.2551062134957507
1999,SWZ.2.5_1,Lugongolweni,469,471.7707,220.0,0.4690831556503198,0.46632820125010327
1999,SWZ.2.6_1,Matsanjeni North,396,398.1679,0.0,0.0,0.0
1999,SWZ.2.7_1,Mhlume,789,792.9066,3435.0,4.35361216730038,4.332162395478
1999,SWZ.2.8_1,Mpholonjeni,595,593.3326,162.0,0.2722689075630252,0.2730340261429133
1999,SWZ.2.9_1,Nkilongo,645,649.9012,1175.0,1.821705426356589,1.807967027937758
1999,SWZ.2.10_1,Siphofaneni,551,549.6347,269.0,0.4882032667876588,0.48941598898744965
1999,SWZ.2.11_1,Sithobela,638,636.587,57.0,0.08934169278996865,0.08953999793633022
1999,SWZ.3.1_1,Ekukhanyeni,176,175.1279,727.0,4.130681818181818,4.151252618987324
1999,SWZ.3.2_1,Kwaluseni,28,28.4469,1111.0,39.67857142857143,39.055169049519975
1999,SWZ.3.3_1,Lamgabhi,113,113.5018,253.0,2.2389380530973453,2.229038802876779
1999,SWZ.3.4_1,Lobamba Lomdzala,179,176.172,2122.0,11.854748603351956,12.045049150259096
1999,SWZ.3.5_1,Ludzeludze,196,197.7914,1937.0,9.88265306122449,9.793144302771891
1999,SWZ.3.6_1,Mafutseni,183,183.7175,489.0,2.6721311475409837,2.6616950649389866
1999,SWZ.3.7_1,Mahlangatja,465,466.3647,0.0,0.0,0.0
1999,SWZ.3.8_1,Mangcongco,434,436.0596,156.0,0.35944700460829493,0.35774926578664384
1999,SWZ.3.9_1,Manzini North,44,45.1104,1437.0,32.65909090909091,31.8551492332578
1999,SWZ.3.10_1,Manzini South,14,11.5656,429.0,30.642857142857142,37.092605343571144
1999,SWZ.3.11_1,Mhlambanyatsi,462,464.0452,843.0,1.8246753246753247,1.816633495724488
1999,SWZ.3.12_1,Mkhiweni,495,497.2437,277.0,0.5595959595959596,0.557070882885031
1999,SWZ.3.13_1,Mthongwaneni,249,245.8915,285.0,1.144578313253012,1.1590479516873713
1999,SWZ.3.14_1,Ngwenpisi,581,576.2721,239.0,0.4113597246127367,0.4147346214487149
1999,SWZ.3.15_1,Nhlambeni,267,271.108,834.0,3.1235955056179776,3.0762645446125085
1999,SWZ.3.16_1,Ntondozi,238,235.9429,403.0,1.6932773109243697,1.7080403296251232
1999,SWZ.4.1_1,Gege,545,547.7076,30.0,0.05504587155963303,0.05477374997535776
1999,SWZ.4.2_1,Hosea,271,268.1887,37.0,0.13653136531365315,0.1379625625314701
1999,SWZ.4.3_1,Kubuta,217,215.9747,0.0,0.0,0.0
1999,SWZ.4.4_1,Maseyisini,219,216.3059,623.0,2.8447488584474887,2.8801808384598573
1999,SWZ.4.5_1,Matsanjeni South,423,424.0832,49.0,0.11583924349881797,0.11554335176628516
1999,SWZ.4.6_1,Mbangweni,302,304.8251,645.0,2.1357615894039736,2.1159677959308305
1999,SWZ.4.7_1,Mtsambama,255,256.7353,275.0,1.0784313725490196,1.0711423155047766
1999,SWZ.4.8_1,Ngudzeni,129,130.2276,1.0,0.007751937984496124,0.007678862316608222
1999,SWZ.4.9_1,Nkwene,297,297.7612,2.0,0.006734006734006734,0.006716790788932388
1999,SWZ.4.10_1,Sandleni,191,188.2562,28.0,0.14659685863874344,0.14873350114525785
1999,SWZ.4.11_1,Shiselweni,217,215.1115,174.0,0.8018433179723502,0.8088828743618663
1999,SWZ.4.12_1,Sigwe,183,184.3762,0.0,0.0,0.0
1999,SWZ.4.13_1,Somntongo,325,319.7379,161.0,0.49538461538461537,0.5035374683774175
1999,SWZ.4.14_1,Zombodze,196,195.5506,140.0,0.7142857142857143,0.7159273626495463
2000,SWZ.1.1_1,Hhukwini,172,172.2836,542.0,3.1511627906976742,3.145975283265764
2000,SWZ.1.2_1,Lobamba,104,102.2125,1692.0,16.26923076923077,16.553741142553267
2000,SWZ.1.3_1,Madlangempisi,296,294.5278,260.0,0.8783783783783784,0.8827688251871156
2000,SWZ.1.4_1,Mayiwane,181,177.9676,213.0,1.1767955801104972,1.1968467991301415
2000,SWZ.1.5_1,Mbabane East,46,44.9337,1812.0,39.391304347826086,40.326046935449426
2000,SWZ.1.6_1,Mbabane West,55,55.5724,1064.0,19.345454545454544,19.146180651233266
2000,SWZ.1.7_1,Mhlangatane,269,273.0456,157.0,0.5836431226765799,0.5749954798010779
2000,SWZ.1.8_1,Motjane,304,304.0791,1037.0,3.411184210526316,3.410297170818291
2000,SWZ.1.9_1,Mphalaleni,555,553.72,9.0,0.016216216216216217,0.0162537024943051
2000,SWZ.1.10_1,Ndzingeni,314,313.7969,74.0,0.2356687898089172,0.23582129459468165
2000,SWZ.1.11_1,Nkhaba,482,483.4863,1163.0,2.412863070539419,2.405445662015379
2000,SWZ.1.12_1,Ntfonjeni,290,295.9786,529.0,1.8241379310344827,1.7872916233300724
2000,SWZ.1.13_1,Pigg's Peak,477,477.3697,1874.0,3.9287211740041927,3.9256784291412448
2000,SWZ.1.14_1,Timpisini,95,93.6568,329.0,3.463157894736842,3.512824616267462
2000,SWZ.2.1_1,Dvokodvweni,514,514.5856,775.0,1.5077821011673151,1.5060662062737677
2000,SWZ.2.2_1,Hlane,467,463.194,278.0,0.5952890792291221,0.6001805329268525
2000,SWZ.2.3_1,Lomahasha,324,330.5687,242.0,0.7469135802469136,0.7320717315425318
2000,SWZ.2.4_1,Lubuli,447,450.7926,174.0,0.38926174496644295,0.3859867925935706
2000,SWZ.2.5_1,Lugongolweni,469,471.7707,221.0,0.47121535181236673,0.4684478748921492
2000,SWZ.2.6_1,Matsanjeni North,396,398.1679,0.0,0.0,0.0
2000,SWZ.2.7_1,Mhlume,789,792.9066,3413.0,4.325728770595691,4.304416377224574
2000,SWZ.2.8_1,Mpholonjeni,595,593.3326,167.0,0.280672268907563,0.2814610022584353
2000,SWZ.2.9_1,Nkilongo,645,649.9012,1190.0,1.8449612403100775,1.8310474580816443
2000,SWZ.2.10_1,Siphofaneni,551,549.6347,277.0,0.5027223230490018,0.5039711113365187
2000,SWZ.2.11_1,Sithobela,638,636.587,31.0,0.048589341692789965,0.048697191860109415
2000,SWZ.3.1_1,Ekukhanyeni,176,175.1279,741.0,4.2102272727272725,4.23119420999946
2000,SWZ.3.2_1,Kwaluseni,28,28.4469,1124.0,40.142857142857146,39.51216022651706
2000,SWZ.3.3_1,Lamgabhi,113,113.5018,256.0,2.265486725663717,2.255470093029468
2000,SWZ.3.4_1,Lobamba Lomdzala,179,176.172,2151.0,12.016759776536313,12.20966103779798
2000,SWZ.3.5_1,Ludzeludze,196,197.7914,1966.0,10.03061224489796,9.939763396618243
2000,SWZ.3.6_1,Mafutseni,183,183.7175,538.0,2.939890710382514,2.9284088853520953
2000,SWZ.3.7_1,Mahlangatja,465,466.3647,0.0,0.0,0.0
2000,SWZ.3.8_1,Mangcongco,434,436.0596,176.0,0.4055299539170507,0.40361455627211096
2000,SWZ.3.9_1,Manzini North,44,45.1104,1461.0,33.20454545454545,32.38717677786336
2000,SWZ.3.10_1,Manzini South,14,11.5656,432.0,30.857142857142858,37.351994192127584
2000,SWZ.3.11_1,Mhlambanyatsi,462,464.0452,873.0,1.8896103896103895,1.8812823745758933
2000,SWZ.3.12_1,Mkhiweni,495,497.2437,304.0,0.6141414141414141,0.6113702108196731
2000,SWZ.3.13_1,Mthongwaneni,249,245.8915,298.0,1.1967871485943775,1.2119168056239884
2000,SWZ.3.14_1,Ngwenpisi,581,576.2721,327.0,0.5628227194492255,0.5674402561243924
2000,SWZ.3.15_1,Nhlambeni,267,271.108,876.0,3.2808988764044944,3.2311843418232105
2000,SWZ.3.16_1,Ntondozi,238,235.9429,409.0,1.718487394957983,1.7334702104632143
2000,SWZ.4.1_1,Gege,545,547.7076,43.0,0.07889908256880734,0.07850904163134613
2000,SWZ.4.2_1,Hosea,271,268.1887,87.0,0.3210332103321033,0.3243984578442675
2000,SWZ.4.3_1,Kubuta,217,215.9747,0.0,0.0,0.0
2000,SWZ.4.4_1,Maseyisini,219,216.3059,697.0,3.182648401826484,3.2222889958371117
2000,SWZ.4.5_1,Matsanjeni South,423,424.0832,51.0,0.12056737588652482,0.12025940694041926
2000,SWZ.4.6_1,Mbangweni,302,304.8251,689.0,2.281456953642384,2.260312885885802
2000,SWZ.4.7_1,Mtsambama,255,256.7353,315.0,1.2352941176470589,1.226944834123653
2000,SWZ.4.8_1,Ngudzeni,129,130.2276,0.0,0.0,0.0
2000,SWZ.4.9_1,Nkwene,297,297.7612,22.0,0.07407407407407407,0.07388469867825627
2000,SWZ.4.10_1,Sandleni,191,188.2562,39.0,0.20418848167539266,0.20716451945232345
2000,SWZ.4.11_1,Shiselweni,217,215.1115,183.0,0.8433179723502304,0.8507216437254111
2000,SWZ.4.12_1,Sigwe,183,184.3762,0.0,0.0,0.0
2000,SWZ.4.13_1,Somntongo,325,319.7379,162.0,0.49846153846153846,0.5066650302928052
2000,SWZ.4.14_1,Zombodze,196,195.5506,224.0,1.1428571428571428,1.1454837802392739
2001,SWZ.1.1_1,Hhukwini,172,172.2836,516.0,3.0,2.9950613397880708
2001,SWZ.1.2_1,Lobamba,104,102.2125,1707.0,16.41346153846154,16.700494166866683
2001,SWZ.1.3_1,Madlangempisi,296,294.5278,236.0,0.7972972972972973,0.8012824720929204
2001,SWZ.1.4_1,Mayiwane,181,177.9676,213.0,1.1767955801104972,1.1968467991301415
2001,SWZ.1.5_1,Mbabane East,46,44.9337,1812.0,39.391304347826086,40.326046935449426
2001,SWZ.1.6_1,Mbabane West,55,55.5724,1074.0,19.527272727272727,19.32612595810576
2001,SWZ.1.7_1,Mhlangatane,269,273.0456,165.0,0.6133828996282528,0.6042946125297953
2001,SWZ.1.8_1,Motjane,304,304.0791,1196.0,3.9342105263157894,3.933187479555136
2001,SWZ.1.9_1,Mphalaleni,555,553.72,9.0,0.016216216216216217,0.0162537024943051
2001,SWZ.1.10_1,Ndzingeni,314,313.7969,63.0,0.20063694267515925,0.20076677783060737
2001,SWZ.1.11_1,Nkhaba,482,483.4863,1145.0,2.37551867219917,2.3682160644949346
2001,SWZ.1.12_1,Ntfonjeni,290,295.9786,518.0,1.7862068965517242,1.7501267691587477
2001,SWZ.1.13_1,Pigg's Peak,477,477.3697,1551.0,3.251572327044025,3.2490540253991838
2001,SWZ.1.14_1,Timpisini,95,93.6568,342.0,3.6,3.651629236363137
2001,SWZ.2.1_1,Dvokodvweni,514,514.5856,808.0,1.5719844357976653,1.5701954769925217
2001,SWZ.2.2_1,Hlane,467,463.194,285.0,0.6102783725910065,0.6152929923890395
2001,SWZ.2.3_1,Lomahasha,324,330.5687,259.0,0.7993827160493827,0.7834982581384948
2001,SWZ.2.4_1,Lubuli,447,450.7926,168.0,0.37583892617449666,0.3726769031937923
2001,SWZ.2.5_1,Lugongolweni,469,471.7707,228.0,0.4861407249466951,0.4832855903864707
2001,SWZ.2.6_1,Matsanjeni North,396,398.1679,0.0,0.0,0.0
2001,SWZ.2.7_1,Mhlume,789,792.9066,3440.0,4.359949302915083,4.338468308717414
2001,SWZ.2.8_1,Mpholonjeni,595,593.3326,173.0,0.2907563025210084,0.2915733735970617
2001,SWZ.2.9_1,Nkilongo,645,649.9012,1181.0,1.8310077519379846,1.8171991999953125
2001,SWZ.2.10_1,Siphofaneni,551,549.6347,268.0,0.4863883847549909,0.487596598693816
2001,SWZ.2.11_1,Sithobela,638,636.587,23.0,0.03605015673981191,0.03613017460588763
2001,SWZ.3.1_1,Ekukhanyeni,176,175.1279,716.0,4.068181818181818,4.08844136890636
2001,SWZ.3.2_1,Kwaluseni,28,28.4469,1128.0,40.285714285714285,39.652772896362315
2001,SWZ.3.3_1,Lamgabhi,113,113.5018,284.0,2.5132743362831858,2.502162134454566
2001,SWZ.3.4_1,Lobamba Lomdzala,179,176.172,2157.0,12.050279329608939,12.243718669702577
2001,SWZ.3.5_1,Ludzeludze,196,197.7914,1978.0,10.091836734693878,10.0004333664857
2001,SWZ.3.6_1,Mafutseni,183,183.7175,549.0,3.0,2.9882834164652423
2001,SWZ.3.7_1,Mahlangatja,465,466.3647,0.0,0.0,0.0
2001,SWZ.3.8_1,Mangcongco,434,436.0596,178.0,0.41013824884792627,0.4082010853206577
2001,SWZ.3.9_1,Manzini North,44,45.1104,1473.0,33.47727272727273,32.65319055016614
2001,SWZ.3.10_1,Manzini South,14,11.5656,432.0,30.857142857142858,37.351994192127584
2001,SWZ.3.11_1,Mhlambanyatsi,462,464.0452,861.0,1.8636363636363635,1.8554228230353311
2001,SWZ.3.12_1,Mkhiweni,495,497.2437,249.0,0.503030303030303,0.5007604687305875
2001,SWZ.3.13_1,Mthongwaneni,249,245.8915,315.0,1.2650602409638554,1.2810529992334105
2001,SWZ.3.14_1,Ngwenpisi,581,576.2721,327.0,0.5628227194492255,0.5674402561243924
2001,SWZ.3.15_1,Nhlambeni,267,271.108,883.0,3.3071161048689137,3.257004308024994
2001,SWZ.3.16_1,Ntondozi,238,235.9429,412.0,1.73109243697479,1.74618515088226
2001,SWZ.4.1_1,Gege,545,547.7076,47.0,0.08623853211009175,0.08581220829472716
2001,SWZ.4.2_1,Hosea,271,268.1887,120.0,0.44280442804428044,0.4474461487507138
2001,SWZ.4.3_1,Kubuta,217,215.9747,0.0,0.0,0.0
2001,SWZ.4.4_1,Maseyisini,219,216.3059,705.0,3.219178082191781,3.2592736614995177
2001,SWZ.4.5_1,Matsanjeni South,423,424.0832,27.0,0.06382978723404255,0.0636667448508102
2001,SWZ.4.6_1,Mbangweni,302,304.8251,691.0,2.2880794701986753,2.266874026338301
2001,SWZ.4.7_1,Mtsambama,255,256.7353,325.0,1.2745098039215685,1.2658954637783721
2001,SWZ.4.8_1,Ngudzeni,129,130.2276,0.0,0.0,0.0
2001,SWZ.4.9_1,Nkwene,297,297.7612,21.0,0.0707070707070707,0.07052630328379007
2001,SWZ.4.10_1,Sandleni,191,188.2562,43.0,0.225130890052356,0.22841216247307458
2001,SWZ.4.11_1,Shiselweni,217,215.1115,154.0,0.7096774193548387,0.7159078313317667
2001,SWZ.4.12_1,Sigwe,183,184.3762,0.0,0.0,0.0
2001,SWZ.4.13_1,Somntongo,325,319.7379,150.0,0.46153846153846156,0.46913428730815293
2001,SWZ.4.14_1,Zombodze,196,195.5506,224.0,1.1428571428571428,1.1454837802392739
2002,SWZ.1.1_1,Hhukwini,172,172.2836,518.0,3.011627906976744,3.0066701046709703
2002,SWZ.1.2_1,Lobamba,104,102.2125,1706.0,16.403846153846153,16.690710631912456
2002,SWZ.1.3_1,Madlangempisi,296,294.5278,213.0,0.7195945945945946,0.7231913837109832
2002,SWZ.1.4_1,Mayiwane,181,177.9676,256.0,1.4143646408839778,1.4384637585789495
2002,SWZ.1.5_1,Mbabane East,46,44.9337,1812.0,39.391304347826086,40.326046935449426
2002,SWZ.1.6_1,Mbabane West,55,55.5724,1077.0,19.581818181818182,19.380109550167507
2002,SWZ.1.7_1,Mhlangatane,269,273.0456,178.0,0.6617100371747212,0.651905703213961
2002,SWZ.1.8_1,Motjane,304,304.0791,1294.0,4.256578947368421,4.255472072361493
2002,SWZ.1.9_1,Mphalaleni,555,553.72,7.0,0.012612612612612612,0.012641768606681742
2002,SWZ.1.10_1,Ndzingeni,314,313.7969,84.0,0.267515923566879,0.2676890371074765
2002,SWZ.1.11_1,Nkhaba,482,483.4863,1128.0,2.340248962655602,2.333054777947848
2002,SWZ.1.12_1,Ntfonjeni,290,295.9786,526.0,1.813793103448276,1.7771557540106202
2002,SWZ.1.13_1,Pigg's Peak,477,477.3697,1433.0,3.0041928721174003,3.0018661627318055
2002,SWZ.1.14_1,Timpisini,95,93.6568,339.0,3.568421052631579,3.619597400956443
2002,SWZ.2.1_1,Dvokodvweni,514,514.5856,795.0,1.546692607003891,1.5449324309518004
2002,SWZ.2.2_1,Hlane,467,463.194,310.0,0.6638115631691649,0.6692660618968499
2002,SWZ.2.3_1,Lomahasha,324,330.5687,262.0,0.808641975308642,0.7925735275377824
2002,SWZ.2.4_1,Lubuli,447,450.7926,188.0,0.42058165548098436,0.41704320119305327
2002,SWZ.2.5_1,Lugongolweni,469,471.7707,239.0,0.509594882729211,0.5066020004489759
2002,SWZ.2.6_1,Matsanjeni North,396,398.1679,0.0,0.0,0.0
2002,SWZ.2.7_1,Mhlume,789,792.9066,3507.0,4.444866920152092,4.422967546125573
2002,SWZ.2.8_1,Mpholonjeni,595,593.3326,200.0,0.33613445378151263,0.33707904462088056
2002,SWZ.2.9_1,Nkilongo,645,649.9012,1194.0,1.8511627906976744,1.8372022394533474
2002,SWZ.2.10_1,Siphofaneni,551,549.6347,298.0,0.5408348457350273,0.5421783075028253
2002,SWZ.2.11_1,Sithobela,638,636.587,34.0,0.05329153605015674,0.053409823330442585
2002,SWZ.3.1_1,Ekukhanyeni,176,175.1279,718.0,4.079545454545454,4.099861596193808
2002,SWZ.3.2_1,Kwaluseni,28,28.4469,1149.0,41.035714285714285,40.390989413049915
2002,SWZ.3.3_1,Lamgabhi,113,113.5018,313.0,2.769911504424779,2.75766460593056
2002,SWZ.3.4_1,Lobamba Lomdzala,179,176.172,2180.0,12.17877094972067,12.374272925336866
2002,SWZ.3.5_1,Ludzeludze,196,197.7914,1996.0,10.183673469387756,10.091438321286883
2002,SWZ.3.6_1,Mafutseni,183,183.7175,590.0,3.2240437158469946,3.2114521233415174
2002,SWZ.3.7_1,Mahlangatja,465,466.3647,0.0,0.0,0.0
2002,SWZ.3.8_1,Mangcongco,434,436.0596,202.0,0.46543778801843316,0.4632394339032183
2002,SWZ.3.9_1,Manzini North,44,45.1104,1473.0,33.47727272727273,32.65319055016614
2002,SWZ.3.10_1,Manzini South,14,11.5656,453.0,32.357142857142854,39.167716132022676
2002,SWZ.3.11_1,Mhlambanyatsi,462,464.0452,851.0,1.841991341991342,1.8338731967515294
2002,SWZ.3.12_1,Mkhiweni,495,497.2437,191.0,0.38585858585858585,0.3841174679820972
2002,SWZ.3.13_1,Mthongwaneni,249,245.8915,367.0,1.4738955823293172,1.492528414979878
2002,SWZ.3.14_1,Ngwenpisi,581,576.2721,320.0,0.5507745266781411,0.5552932170024635
2002,SWZ.3.15_1,Nhlambeni,267,271.108,948.0,3.550561797752809,3.4967611370415566
2002,SWZ.3.16_1,Ntondozi,238,235.9429,446.0,1.8739495798319328,1.8902878089647766
2002,SWZ.4.1_1,Gege,545,547.7076,63.0,0.11559633027522936,0.11502487494825131
2002,SWZ.4.2_1,Hosea,271,268.1887,112.0,0.4132841328413284,0.4176164055006662
2002,SWZ.4.3_1,Kubuta,217,215.9747,0.0,0.0,0.0
2002,SWZ.4.4_1,Maseyisini,219,216.3059,799.0,3.6484018264840183,3.6938434830327864
2002,SWZ.4.5_1,Matsanjeni South,423,424.0832,27.0,0.06382978723404255,0.0636667448508102
2002,SWZ.4.6_1,Mbangweni,302,304.8251,704.0,2.3311258278145695,2.3095214392795422
2002,SWZ.4.7_1,Mtsambama,255,256.7353,352.0,1.380392156862745,1.3710621638461138
2002,SWZ.4.8_1,Ngudzeni,129,130.2276,17.0,0.13178294573643412,0.13054065938233977
2002,SWZ.4.9_1,Nkwene,297,297.7612,22.0,0.07407407407407407,0.07388469867825627
2002,SWZ.4.10_1,Sandleni,191,188.2562,50.0,0.2617801047120419,0.26559553775938904
2002,SWZ.4.11_1,Shiselweni,217,215.1115,127.0,0.5852534562211982,0.5903915232411323
2002,SWZ.4.12_1,Sigwe,183,184.3762,0.0,0.0,0.0
2002,SWZ.4.13_1,Somntongo,325,319.7379,150.0,0.46153846153846156,0.46913428730815293
2002,SWZ.4.14_1,Zombodze,196,195.5506,236.0,1.2040816326530612,1.2068489827520923
2003,SWZ.1.1_1,Hhukwini,172,172.2836,581.0,3.377906976744186,3.372346198482304
2003,SWZ.1.2_1,Lobamba,104,102.2125,1711.0,16.451923076923077,16.739628306683596
2003,SWZ.1.3_1,Madlangempisi,296,294.5278,200.0,0.6756756756756757,0.6790529424516274
2003,SWZ.1.4_1,Mayiwane,181,177.9676,247.0,1.3646408839779005,1.3878927670664083
2003,SWZ.1.5_1,Mbabane East,46,44.9337,1827.0,39.71739130434783,40.65987182729918
2003,SWZ.1.6_1,Mbabane West,55,55.5724,1150.0,20.90909090909091,20.693710290336707
2003,SWZ.1.7_1,Mhlangatane,269,273.0456,194.0,0.7211895910780669,0.7105039686713956
2003,SWZ.1.8_1,Motjane,304,304.0791,2251.0,7.404605263157895,7.40267977966439
2003,SWZ.1.9_1,Mphalaleni,555,553.72,8.0,0.014414414414414415,0.01444773555049342
2003,SWZ.1.10_1,Ndzingeni,314,313.7969,89.0,0.28343949044585987,0.2836229083638739
2003,SWZ.1.11_1,Nkhaba,482,483.4863,1297.0,2.690871369294606,2.6825993324453536
2003,SWZ.1.12_1,Ntfonjeni,290,295.9786,512.0,1.7655172413793103,1.7298550305198432
2003,SWZ.1.13_1,Pigg's Peak,477,477.3697,1438.0,3.0146750524109014,3.012340224709237
2003,SWZ.1.14_1,Timpisini,95,93.6568,323.0,3.4,3.4487609454540737
2003,SWZ.2.1_1,Dvokodvweni,514,514.5856,776.0,1.509727626459144,1.5080095175076693
2003,SWZ.2.2_1,Hlane,467,463.194,325.0,0.69593147751606,0.7016499036015362
2003,SWZ.2.3_1,Lomahasha,324,330.5687,240.0,0.7407407407407407,0.7260215519430068
2003,SWZ.2.4_1,Lubuli,447,450.7926,183.0,0.40939597315436244,0.40595162669323803
2003,SWZ.2.5_1,Lugongolweni,469,471.7707,239.0,0.509594882729211,0.5066020004489759
2003,SWZ.2.6_1,Matsanjeni North,396,398.1679,0.0,0.0,0.0
2003,SWZ.2.7_1,Mhlume,789,792.9066,3483.0,4.414448669201521,4.392699162576382
2003,SWZ.2.8_1,Mpholonjeni,595,593.3326,201.0,0.3378151260504202,0.33876443984398497
2003,SWZ.2.9_1,Nkilongo,645,649.9012,1168.0,1.8108527131782945,1.7971961605372777
2003,SWZ.2.10_1,Siphofaneni,551,549.6347,291.0,0.5281306715063521,0.5294425754473897
2003,SWZ.2.11_1,Sithobela,638,636.587,16.0,0.025078369905956112,0.025134034508443568
2003,SWZ.3.1_1,Ekukhanyeni,176,175.1279,718.0,4.079545454545454,4.099861596193808
2003,SWZ.3.2_1,Kwaluseni,28,28.4469,1156.0,41.285714285714285,40.63706158527911
2003,SWZ.3.3_1,Lamgabhi,113,113.5018,315.0,2.7876106194690267,2.775285466032353
2003,SWZ.3.4_1,Lobamba Lomdzala,179,176.172,2184.0,12.201117318435754,12.396978013273264
2003,SWZ.3.5_1,Ludzeludze,196,197.7914,2008.0,10.244897959183673,10.15210829115434
2003,SWZ.3.6_1,Mafutseni,183,183.7175,575.0,3.1420765027322406,3.1298050354599534
2003,SWZ.3.7_1,Mahlangatja,465,466.3647,0.0,0.0,0.0
2003,SWZ.3.8_1,Mangcongco,434,436.0596,200.0,0.4608294930875576,0.4586529048546716
2003,SWZ.3.9_1,Manzini North,44,45.1104,1473.0,33.47727272727273,32.65319055016614
2003,SWZ.3.10_1,Manzini South,14,11.5656,453.0,32.357142857142854,39.167716132022676
2003,SWZ.3.11_1,Mhlambanyatsi,462,464.0452,837.0,1.8116883116883118,1.803703719954207
2003,SWZ.3.12_1,Mkhiweni,495,497.2437,195.0,0.3939393939393939,0.39216181286130347
2003,SWZ.3.13_1,Mthongwaneni,249,245.8915,396.0,1.5903614457831325,1.610466627607716
2003,SWZ.3.14_1,Ngwenpisi,581,576.2721,319.0,0.5490533562822719,0.5535579256993308
2003,SWZ.3.15_1,Nhlambeni,267,271.108,958.0,3.588014981273408,3.5336468030441046
2003,SWZ.3.16_1,Ntondozi,238,235.9429,452.0,1.8991596638655461,1.9157176898028676
2003,SWZ.4.1_1,Gege,545,547.7076,79.0,0.14495412844036698,0.14423754160177543
2003,SWZ.4.2_1,Hosea,271,268.1887,82.0,0.3025830258302583,0.30575486831298776
2003,SWZ.4.3_1,Kubuta,217,215.9747,0.0,0.0,0.0
2003,SWZ.4.4_1,Maseyisini,219,216.3059,875.0,3.9954337899543377,4.045197806825643
2003,SWZ.4.5_1,Matsanjeni South,423,424.0832,32.0,0.07565011820330969,0.07545688278614542
2003,SWZ.4.6_1,Mbangweni,302,304.8251,703.0,2.327814569536424,2.3062408690532927
2003,SWZ.4.7_1,Mtsambama,255,256.7353,354.0,1.388235294117647,1.3788522897770576
2003,SWZ.4.8_1,Ngudzeni,129,130.2276,7.0,0.05426356589147287,0.05375203621625756
2003,SWZ.4.9_1,Nkwene,297,297.7612,17.0,0.05723905723905724,0.0570927217059253
2003,SWZ.4.10_1,Sandleni,191,188.2562,53.0,0.2774869109947644,0.2815312700249524
2003,SWZ.4.11_1,Shiselweni,217,215.1115,123.0,0.5668202764976958,0.5717965146351124
2003,SWZ.4.12_1,Sigwe,183,184.3762,0.0,0.0,0.0
2003,SWZ.4.13_1,Somntongo,325,319.7379,152.0,0.4676923076923077,0.47538941113892835
2003,SWZ.4.14_1,Zombodze,196,195.5506,240.0,1.2244897959183674,1.227304050256365
2004,SWZ.1.1_1,Hhukwini,172,172.2836,592.0,3.441860465116279,3.4361944053382514
2004,SWZ.1.2_1,Lobamba,104,102.2125,1757.0,16.89423076923077,17.18967091457807
2004,SWZ.1.3_1,Madlangempisi,296,294.5278,206.0,0.6959459459459459,0.6994245307251762
2004,SWZ.1.4_1,Mayiwane,181,177.9676,255.0,1.408839779005525,1.4328447595220004
2004,SWZ.1.5_1,Mbabane East,46,44.9337,1827.0,39.71739130434783,40.65987182729918
2004,SWZ.1.6_1,Mbabane West,55,55.5724,1159.0,21.072727272727274,20.85566106652195
2004,SWZ.1.7_1,Mhlangatane,269,273.0456,210.0,0.7806691449814126,0.7691022341288304
2004,SWZ.1.8_1,Motjane,304,304.0791,2339.0,7.694078947368421,7.6920781895313235
2004,SWZ.1.9_1,Mphalaleni,555,553.72,11.0,0.01981981981981982,0.019865636381928453
2004,SWZ.1.10_1,Ndzingeni,314,313.7969,122.0,0.3885350318471338,0.3887864586560968
2004,SWZ.1.11_1,Nkhaba,482,483.4863,1356.0,2.8132780082987554,2.804629679873477
2004,SWZ.1.12_1,Ntfonjeni,290,295.9786,532.0,1.8344827586206895,1.7974274926495246
2004,SWZ.1.13_1,Pigg's Peak,477,477.3697,1466.0,3.0733752620545074,3.070994971782852
2004,SWZ.1.14_1,Timpisini,95,93.6568,329.0,3.463157894736842,3.512824616267462
2004,SWZ.2.1_1,Dvokodvweni,514,514.5856,856.0,1.6653696498054475,1.6634744162198003
2004,SWZ.2.2_1,Hlane,467,463.194,358.0,0.7665952890792291,0.772894355351846
2004,SWZ.2.3_1,Lomahasha,324,330.5687,260.0,0.8024691358024691,0.7865233479382574
2004,SWZ.2.4_1,Lubuli,447,450.7926,188.0,0.42058165548098436,0.41704320119305327
2004,SWZ.2.5_1,Lugongolweni,469,471.7707,244.0,0.5202558635394456,0.5172003686592055
2004,SWZ.2.6_1,Matsanjeni North,396,398.1679,0.0,0.0,0.0
2004,SWZ.2.7_1,Mhlume,789,792.9066,3485.0,4.416983523447402,4.395221527872148
2004,SWZ.2.8_1,Mpholonjeni,595,593.3326,205.0,0.3445378151260504,0.3455060207364026
2004,SWZ.2.9_1,Nkilongo,645,649.9012,1170.0,1.813953488372093,1.8002735512231292
2004,SWZ.2.10_1,Siphofaneni,551,549.6347,307.0,0.5571687840290381,0.558552820145528
2004,SWZ.2.11_1,Sithobela,638,636.587,12.0,0.018808777429467086,0.018850525881332677
2004,SWZ.3.1_1,Ekukhanyeni,176,175.1279,730.0,4.1477272727272725,4.168382959918496
2004,SWZ.3.2_1,Kwaluseni,28,28.4469,1178.0,42.07142857142857,41.410431269428024
2004,SWZ.3.3_1,Lamgabhi,113,113.5018,343.0,3.0353982300884956,3.021977507457451
2004,SWZ.3.4_1,Lobamba Lomdzala,179,176.172,2184.0,12.201117318435754,12.396978013273264
2004,SWZ.3.5_1,Ludzeludze,196,197.7914,2022.0,10.316326530612244,10.222889922666372
2004,SWZ.3.6_1,Mafutseni,183,183.7175,640.0,3.4972677595628414,3.4836090829467308
2004,SWZ.3.7_1,Mahlangatja,465,466.3647,0.0,0.0,0.0
2004,SWZ.3.8_1,Mangcongco,434,436.0596,190.0,0.4377880184331797,0.435720259611938
2004,SWZ.3.9_1,Manzini North,44,45.1104,1478.0,33.59090909090909,32.76402962195896
2004,SWZ.3.10_1,Manzini South,14,11.5656,484.0,34.57142857142857,41.84806756710591
2004,SWZ.3.11_1,Mhlambanyatsi,462,464.0452,889.0,1.9242424242424243,1.9157617766299762
2004,SWZ.3.12_1,Mkhiweni,495,497.2437,263.0,0.5313131313131313,0.5289156758078093
2004,SWZ.3.13_1,Mthongwaneni,249,245.8915,417.0,1.6746987951807228,1.6958701608899434
2004,SWZ.3.14_1,Ngwenpisi,581,576.2721,410.0,0.7056798623063684,0.7114694342844063
2004,SWZ.3.15_1,Nhlambeni,267,271.108,996.0,3.730337078651685,3.6738123338537876
2004,SWZ.3.16_1,Ntondozi,238,235.9429,496.0,2.0840336134453783,2.1022034826155362
2004,SWZ.4.1_1,Gege,545,547.7076,140.0,0.25688073394495414,0.2556108332183362
2004,SWZ.4.2_1,Hosea,271,268.1887,83.0,0.3062730627306273,0.3094835862192437
2004,SWZ.4.3_1,Kubuta,217,215.9747,0.0,0.0,0.0
2004,SWZ.4.4_1,Maseyisini,219,216.3059,999.0,4.561643835616438,4.618460124592933
2004,SWZ.4.5_1,Matsanjeni South,423,424.0832,38.0,0.08983451536643026,0.08960504830854768
2004,SWZ.4.6_1,Mbangweni,302,304.8251,768.0,2.543046357615894,2.5194779337595006
2004,SWZ.4.7_1,Mtsambama,255,256.7353,360.0,1.411764705882353,1.4022226675698892
2004,SWZ.4.8_1,Ngudzeni,129,130.2276,10.0,0.07751937984496124,0.07678862316608222
2004,SWZ.4.9_1,Nkwene,297,297.7612,17.0,0.05723905723905724,0.0570927217059253
2004,SWZ.4.10_1,Sandleni,191,188.2562,74.0,0.387434554973822,0.3930813958838958
2004,SWZ.4.11_1,Shiselweni,217,215.1115,154.0,0.7096774193548387,0.7159078313317667
2004,SWZ.4.12_1,Sigwe,183,184.3762,0.0,0.0,0.0
2004,SWZ.4.13_1,Somntongo,325,319.7379,141.0,0.4338461538461538,0.44098623006966375
2004,SWZ.4.14_1,Zombodze,196,195.5506,297.0,1.5153061224489797,1.5187887621922516
2005,SWZ.1.1_1,Hhukwini,172,172.2836,698.0,4.058139534883721,4.051458944131925
2005,SWZ.1.2_1,Lobamba,104,102.2125,1817.0,17.471153846153847,17.776683011831732
2005,SWZ.1.3_1,Madlangempisi,296,294.5278,237.0,0.8006756756756757,0.8046777368051785
2005,SWZ.1.4_1,Mayiwane,181,177.9676,238.0,1.3149171270718232,1.337321775553867
2005,SWZ.1.5_1,Mbabane East,46,44.9337,1827.0,39.71739130434783,40.65987182729918
2005,SWZ.1.6_1,Mbabane West,55,55.5724,1159.0,21.072727272727274,20.85566106652195
2005,SWZ.1.7_1,Mhlangatane,269,273.0456,244.0,0.9070631970260223,0.8936235482258791
2005,SWZ.1.8_1,Motjane,304,304.0791,2427.0,7.983552631578948,7.981476599398256
2005,SWZ.1.9_1,Mphalaleni,555,553.72,19.0,0.03423423423423423,0.03431337193242187
2005,SWZ.1.10_1,Ndzingeni,314,313.7969,169.0,0.5382165605095541,0.5385648484662324
2005,SWZ.1.11_1,Nkhaba,482,483.4863,1458.0,3.024896265560166,3.0155973991559955
2005,SWZ.1.12_1,Ntfonjeni,290,295.9786,500.0,1.7241379310344827,1.6893115532420344
2005,SWZ.1.13_1,Pigg's Peak,477,477.3697,1480.0,3.10272536687631,3.10032234531966
2005,SWZ.1.14_1,Timpisini,95,93.6568,333.0,3.5052631578947366,3.5555337301430545
2005,SWZ.2.1_1,Dvokodvweni,514,514.5856,969.0,1.8852140077821011,1.883068585650685
2005,SWZ.2.2_1,Hlane,467,463.194,351.0,0.7516059957173448,0.7577818958896592
2005,SWZ.2.3_1,Lomahasha,324,330.5687,286.0,0.8827160493827161,0.8651756827320831
2005,SWZ.2.4_1,Lubuli,447,450.7926,201.0,0.44966442953020136,0.44588129489257294
2005,SWZ.2.5_1,Lugongolweni,469,471.7707,213.0,0.4541577825159915,0.4514904857557818
2005,SWZ.2.6_1,Matsanjeni North,396,398.1679,0.0,0.0,0.0
2005,SWZ.2.7_1,Mhlume,789,792.9066,3313.0,4.198986058301648,4.178298112436277
2005,SWZ.2.8_1,Mpholonjeni,595,593.3326,192.0,0.3226890756302521,0.32359588283604535
2005,SWZ.2.9_1,Nkilongo,645,649.9012,1188.0,1.841860465116279,1.8279700673957928
2005,SWZ.2.10_1,Siphofaneni,551,549.6347,333.0,0.604355716878403,0.6058569677800028
2005,SWZ.2.11_1,Sithobela,638,636.587,56.0,0.0877742946708464,0.08796912077955249
2005,SWZ.3.1_1,Ekukhanyeni,176,175.1279,819.0,4.653409090909091,4.676583074209929
2005,SWZ.3.2_1,Kwaluseni,28,28.4469,1178.0,42.07142857142857,41.410431269428024
2005,SWZ.3.3_1,Lamgabhi,113,113.5018,349.0,3.088495575221239,3.074840087762829
2005,SWZ.3.4_1,Lobamba Lomdzala,179,176.172,2188.0,12.223463687150838,12.419683101209662
2005,SWZ.3.5_1,Ludzeludze,196,197.7914,2238.0,11.418367346938776,11.314949380280584
2005,SWZ.3.6_1,Mafutseni,183,183.7175,659.0,3.601092896174863,3.587028727596712
2005,SWZ.3.7_1,Mahlangatja,465,466.3647,0.0,0.0,0.0
2005,SWZ.3.8_1,Mangcongco,434,436.0596,194.0,0.4470046082949309,0.4448933177090314
2005,SWZ.3.9_1,Manzini North,44,45.1104,1482.0,33.68181818181818,32.852700879393225
2005,SWZ.3.10_1,Manzini South,14,11.5656,484.0,34.57142857142857,41.84806756710591
2005,SWZ.3.11_1,Mhlambanyatsi,462,464.0452,836.0,1.8095238095238095,1.8015487573258269
2005,SWZ.3.12_1,Mkhiweni,495,497.2437,285.0,0.5757575757575758,0.5731595726434435
2005,SWZ.3.13_1,Mthongwaneni,249,245.8915,451.0,1.8112449799196788,1.8341425481087876
2005,SWZ.3.14_1,Ngwenpisi,581,576.2721,364.0,0.6265060240963856,0.6316460343403022
2005,SWZ.3.15_1,Nhlambeni,267,271.108,1015.0,3.801498127340824,3.7438950992586286
2005,SWZ.3.16_1,Ntondozi,238,235.9429,520.0,2.1848739495798317,2.203923005967901
2005,SWZ.4.1_1,Gege,545,547.7076,118.0,0.21651376146788992,0.21544341656974053
2005,SWZ.4.2_1,Hosea,271,268.1887,71.0,0.26199261992619927,0.26473897134417235
2005,SWZ.4.3_1,Kubuta,217,215.9747,0.0,0.0,0.0
2005,SWZ.4.4_1,Maseyisini,219,216.3059,1075.0,4.908675799086758,4.969814448385789
2005,SWZ.4.5_1,Matsanjeni South,423,424.0832,26.0,0.061465721040189124,0.06130871726374315
2005,SWZ.4.6_1,Mbangweni,302,304.8251,819.0,2.7119205298013247,2.6867870152982176
2005,SWZ.4.7_1,Mtsambama,255,256.7353,334.0,1.3098039215686275,1.3009510304676195
2005,SWZ.4.8_1,Ngudzeni,129,130.2276,0.0,0.0,0.0
2005,SWZ.4.9_1,Nkwene,297,297.7612,28.0,0.09427609427609428,0.09403507104505344
2005,SWZ.4.10_1,Sandleni,191,188.2562,45.0,0.2356020942408377,0.23903598398345013
2005,SWZ.4.11_1,Shiselweni,217,215.1115,114.0,0.5253456221198156,0.5299577452715676
2005,SWZ.4.12_1,Sigwe,183,184.3762,0.0,0.0,0.0
2005,SWZ.4.13_1,Somntongo,325,319.7379,143.0,0.44,0.4472413539004392
2005,SWZ.4.14_1,Zombodze,196,195.5506,350.0,1.7857142857142858,1.7898184066238656
2006,SWZ.1.1_1,Hhukwini,172,172.2836,699.0,4.063953488372093,4.057263326573374
2006,SWZ.1.2_1,Lobamba,104,102.2125,1823.0,17.528846153846153,17.835384221557096
2006,SWZ.1.3_1,Madlangempisi,296,294.5278,240.0,0.8108108108108109,0.8148635309419529
2006,SWZ.1.4_1,Mayiwane,181,177.9676,239.0,1.3204419889502763,1.3429407746108162
2006,SWZ.1.5_1,Mbabane East,46,44.9337,1827.0,39.71739130434783,40.65987182729918
2006,SWZ.1.6_1,Mbabane West,55,55.5724,1176.0,21.381818181818183,21.161568088205186
2006,SWZ.1.7_1,Mhlangatane,269,273.0456,244.0,0.9070631970260223,0.8936235482258791
2006,SWZ.1.8_1,Motjane,304,304.0791,2523.0,8.299342105263158,8.29718395561673
2006,SWZ.1.9_1,Mphalaleni,555,553.72,11.0,0.01981981981981982,0.019865636381928453
2006,SWZ.1.10_1,Ndzingeni,314,313.7969,167.0,0.5318471337579618,0.5321912999636735
2006,SWZ.1.11_1,Nkhaba,482,483.4863,1454.0,3.016597510373444,3.0073241552625634
2006,SWZ.1.12_1,Ntfonjeni,290,295.9786,500.0,1.7241379310344827,1.6893115532420344
2006,SWZ.1.13_1,Pigg's Peak,477,477.3697,1470.0,3.0817610062893084,3.079374221364797
2006,SWZ.1.14_1,Timpisini,95,93.6568,343.0,3.610526315789474,3.662306514832035
2006,SWZ.2.1_1,Dvokodvweni,514,514.5856,988.0,1.9221789883268483,1.9199914990948161
2006,SWZ.2.2_1,Hlane,467,463.194,370.0,0.7922912205567452,0.7988014287155951
2006,SWZ.2.3_1,Lomahasha,324,330.5687,288.0,0.8888888888888888,0.8712258623316081
2006,SWZ.2.4_1,Lubuli,447,450.7926,227.0,0.5078299776286354,0.5035574822916122
2006,SWZ.2.5_1,Lugongolweni,469,471.7707,212.0,0.4520255863539446,0.44937081211373586
2006,SWZ.2.6_1,Matsanjeni North,396,398.1679,0.0,0.0,0.0
2006,SWZ.2.7_1,Mhlume,789,792.9066,3337.0,4.229404309252218,4.208566495985469
2006,SWZ.2.8_1,Mpholonjeni,595,593.3326,194.0,0.32605042016806723,0.32696667328225415
2006,SWZ.2.9_1,Nkilongo,645,649.9012,1206.0,1.869767441860465,1.8556665835684563
2006,SWZ.2.10_1,Siphofaneni,551,549.6347,434.0,0.7876588021778584,0.7896153874370005
2006,SWZ.2.11_1,Sithobela,638,636.587,97.0,0.15203761755485892,0.15237508420743914
2006,SWZ.3.1_1,Ekukhanyeni,176,175.1279,820.0,4.659090909090909,4.682293187853653
2006,SWZ.3.2_1,Kwaluseni,28,28.4469,1194.0,42.642857142857146,41.97288194880905
2006,SWZ.3.3_1,Lamgabhi,113,113.5018,348.0,3.079646017699115,3.066029657711933
2006,SWZ.3.4_1,Lobamba Lomdzala,179,176.172,2200.0,12.29050279329609,12.487798365018856
2006,SWZ.3.5_1,Ludzeludze,196,197.7914,2249.0,11.474489795918368,11.370563519325751
2006,SWZ.3.6_1,Mafutseni,183,183.7175,674.0,3.6830601092896176,3.668675815478276
2006,SWZ.3.7_1,Mahlangatja,465,466.3647,0.0,0.0,0.0
2006,SWZ.3.8_1,Mangcongco,434,436.0596,191.0,0.4400921658986175,0.43801352413621136
2006,SWZ.3.9_1,Manzini North,44,45.1104,1505.0,34.20454545454545,33.36256060964022
2006,SWZ.3.10_1,Manzini South,14,11.5656,486.0,34.714285714285715,42.02099346614354
2006,SWZ.3.11_1,Mhlambanyatsi,462,464.0452,830.0,1.7965367965367964,1.7886189815555458
2006,SWZ.3.12_1,Mkhiweni,495,497.2437,289.0,0.5838383838383838,0.5812039175226498
2006,SWZ.3.13_1,Mthongwaneni,249,245.8915,460.0,1.8473895582329318,1.8707440623725993
2006,SWZ.3.14_1,Ngwenpisi,581,576.2721,361.0,0.621342512908778,0.6264401604309041
2006,SWZ.3.15_1,Nhlambeni,267,271.108,1024.0,3.8352059925093633,3.777092198660922
2006,SWZ.3.16_1,Ntondozi,238,235.9429,522.0,2.19327731092437,2.2123996329139315
2006,SWZ.4.1_1,Gege,545,547.7076,115.0,0.21100917431192662,0.20996604157220475
2006,SWZ.4.2_1,Hosea,271,268.1887,28.0,0.1033210332103321,0.10440410137516655
2006,SWZ.4.3_1,Kubuta,217,215.9747,0.0,0.0,0.0
2006,SWZ.4.4_1,Maseyisini,219,216.3059,1080.0,4.931506849315069,4.992929864424792
2006,SWZ.4.5_1,Matsanjeni South,423,424.0832,26.0,0.061465721040189124,0.06130871726374315
2006,SWZ.4.6_1,Mbangweni,302,304.8251,825.0,2.7317880794701987,2.7064704366557137
2006,SWZ.4.7_1,Mtsambama,255,256.7353,342.0,1.3411764705882352,1.3321115341913947
2006,SWZ.4.8_1,Ngudzeni,129,130.2276,0.0,0.0,0.0
2006,SWZ.4.9_1,Nkwene,297,297.7612,33.0,0.1111111111111111,0.11082704801738441
2006,SWZ.4.10_1,Sandleni,191,188.2562,45.0,0.2356020942408377,0.23903598398345013
2006,SWZ.4.11_1,Shiselweni,217,215.1115,106.0,0.48847926267281105,0.49276772805952773
2006,SWZ.4.12_1,Sigwe,183,184.3762,0.0,0.0,0.0
2006,SWZ.4.13_1,Somntongo,325,319.7379,149.0,0.4584615384615385,0.4660067253927653
2006,SWZ.4.14_1,Zombodze,196,195.5506,351.0,1.7908163265306123,1.7949321734999337
2007,SWZ.1.1_1,Hhukwini,172,172.2836,576.0,3.3488372093023258,3.3433242862750556
2007,SWZ.1.2_1,Lobamba,104,102.2125,1827.0,17.567307692307693,17.874518361374008
2007,SWZ.1.3_1,Madlangempisi,296,294.5278,174.0,0.5878378378378378,0.5907760599329158
2007,SWZ.1.4_1,Mayiwane,181,177.9676,141.0,0.7790055248618785,0.792278867029812
2007,SWZ.1.5_1,Mbabane East,46,44.9337,1830.0,39.78260869565217,40.72663680566912
2007,SWZ.1.6_1,Mbabane West,55,55.5724,1216.0,22.10909090909091,21.88134931569516
2007,SWZ.1.7_1,Mhlangatane,269,273.0456,121.0,0.44981412639405205,0.4431493825218499
2007,SWZ.1.8_1,Motjane,304,304.0791,2389.0,7.858552631578948,7.8565091042284445
2007,SWZ.1.9_1,Mphalaleni,555,553.72,0.0,0.0,0.0
2007,SWZ.1.10_1,Ndzingeni,314,313.7969,70.0,0.2229299363057325,0.22307419758956373
2007,SWZ.1.11_1,Nkhaba,482,483.4863,1105.0,2.29253112033195,2.2854836255606137
2007,SWZ.1.12_1,Ntfonjeni,290,295.9786,297.0,1.0241379310344827,1.0034510626257684
2007,SWZ.1.13_1,Pigg's Peak,477,477.3697,1359.0,2.849056603773585,2.8468500454658225
2007,SWZ.1.14_1,Timpisini,95,93.6568,325.0,3.4210526315789473,3.4701155023918697
2007,SWZ.2.1_1,Dvokodvweni,514,514.5856,894.0,1.7392996108949417,1.7373202431080623
2007,SWZ.2.2_1,Hlane,467,463.194,364.0,0.7794432548179872,0.7858478920337206
2007,SWZ.2.3_1,Lomahasha,324,330.5687,295.0,0.9104938271604939,0.8924014909299458
2007,SWZ.2.4_1,Lubuli,447,450.7926,109.0,0.24384787472035793,0.24179632409597238
2007,SWZ.2.5_1,Lugongolweni,469,471.7707,220.0,0.4690831556503198,0.46632820125010327
2007,SWZ.2.6_1,Matsanjeni North,396,398.1679,0.0,0.0,0.0
2007,SWZ.2.7_1,Mhlume,789,792.9066,3356.0,4.253485424588086,4.232528966295245
2007,SWZ.2.8_1,Mpholonjeni,595,593.3326,207.0,0.34789915966386553,0.3488768111826114
2007,SWZ.2.9_1,Nkilongo,645,649.9012,1135.0,1.7596899224806202,1.746419214220728
2007,SWZ.2.10_1,Siphofaneni,551,549.6347,581.0,1.0544464609800364,1.0570657606011458
2007,SWZ.2.11_1,Sithobela,638,636.587,114.0,0.1786833855799373,0.17907999587266044
2007,SWZ.3.1_1,Ekukhanyeni,176,175.1279,744.0,4.2272727272727275,4.248324550930631
2007,SWZ.3.2_1,Kwaluseni,28,28.4469,1200.0,42.857142857142854,42.183800953576934
2007,SWZ.3.3_1,Lamgabhi,113,113.5018,305.0,2.6991150442477876,2.6871811655233895
2007,SWZ.3.4_1,Lobamba Lomdzala,179,176.172,2202.0,12.30167597765363,12.499150908987055
2007,SWZ.3.5_1,Ludzeludze,196,197.7914,2092.0,10.673469387755102,10.576798080226533
2007,SWZ.3.6_1,Mafutseni,183,183.7175,681.0,3.721311475409836,3.7067777898230054
2007,SWZ.3.7_1,Mahlangatja,465,466.3647,0.0,0.0,0.0
2007,SWZ.3.8_1,Mangcongco,434,436.0596,186.0,0.42857142857142855,0.42654720151484454
2007,SWZ.3.9_1,Manzini North,44,45.1104,1511.0,34.34090909090909,33.495567495791605
2007,SWZ.3.10_1,Manzini South,14,11.5656,493.0,35.214285714285715,42.62623411277523
2007,SWZ.3.11_1,Mhlambanyatsi,462,464.0452,722.0,1.5627705627705628,1.5558830176904868
2007,SWZ.3.12_1,Mkhiweni,495,497.2437,171.0,0.34545454545454546,0.3438957435860661
2007,SWZ.3.13_1,Mthongwaneni,249,245.8915,481.0,1.9317269076305221,1.9561475956548267
2007,SWZ.3.14_1,Ngwenpisi,581,576.2721,159.0,0.2736660929432014,0.275911317198099
2007,SWZ.3.15_1,Nhlambeni,267,271.108,1002.0,3.752808988764045,3.6959437334553162
2007,SWZ.3.16_1,Ntondozi,238,235.9429,444.0,1.865546218487395,1.8818111820187462
2007,SWZ.4.1_1,Gege,545,547.7076,88.0,0.1614678899082569,0.16066966659438278
2007,SWZ.4.2_1,Hosea,271,268.1887,0.0,0.0,0.0
2007,SWZ.4.3_1,Kubuta,217,215.9747,0.0,0.0,0.0
2007,SWZ.4.4_1,Maseyisini,219,216.3059,1077.0,4.917808219178082,4.979060614801391
2007,SWZ.4.5_1,Matsanjeni South,423,424.0832,18.0,0.0425531914893617,0.042444496567206794
2007,SWZ.4.6_1,Mbangweni,302,304.8251,692.0,2.2913907284768213,2.27015459656455
2007,SWZ.4.7_1,Mtsambama,255,256.7353,284.0,1.1137254901960785,1.1061978821940237
2007,SWZ.4.8_1,Ngudzeni,129,130.2276,0.0,0.0,0.0
2007,SWZ.4.9_1,Nkwene,297,297.7612,13.0,0.04377104377104377,0.043659140128060527
2007,SWZ.4.10_1,Sandleni,191,188.2562,0.0,0.0,0.0
2007,SWZ.4.11_1,Shiselweni,217,215.1115,59.0,0.271889400921659,0.27427637693879375
2007,SWZ.4.12_1,Sigwe,183,184.3762,2.0,0.01092896174863388,0.01084738994030957
2007,SWZ.4.13_1,Somntongo,325,319.7379,113.0,0.3476923076923077,0.35341449643880857
2007,SWZ.4.14_1,Zombodze,196,195.5506,219.0,1.1173469387755102,1.119914945858933
2008,SWZ.1.1_1,Hhukwini,172,172.2836,589.0,3.4244186046511627,3.4187812580139023
2008,SWZ.1.2_1,Lobamba,104,102.2125,1824.0,17.53846153846154,17.845167756511323
2008,SWZ.1.3_1,Madlangempisi,296,294.5278,171.0,0.5777027027027027,0.5805902657961415
2008,SWZ.1.4_1,Mayiwane,181,177.9676,141.0,0.7790055248618785,0.792278867029812
2008,SWZ.1.5_1,Mbabane East,46,44.9337,1856.0,40.34782608695652,41.305266618208684
2008,SWZ.1.6_1,Mbabane West,55,55.5724,1293.0,23.509090909090908,23.266928178613355
2008,SWZ.1.7_1,Mhlangatane,269,273.0456,111.0,0.41263940520446096,0.4065254666109532
2008,SWZ.1.8_1,Motjane,304,304.0791,2401.0,7.8980263157894735,7.895972523755753
2008,SWZ.1.9_1,Mphalaleni,555,553.72,0.0,0.0,0.0
2008,SWZ.1.10_1,Ndzingeni,314,313.7969,67.0,0.21337579617834396,0.2135138748357253
2008,SWZ.1.11_1,Nkhaba,482,483.4863,1104.0,2.2904564315352696,2.2834153145872556
2008,SWZ.1.12_1,Ntfonjeni,290,295.9786,295.0,1.0172413793103448,0.9966938164128004
2008,SWZ.1.13_1,Pigg's Peak,477,477.3697,1392.0,2.9182389937106916,2.9159788545168692
2008,SWZ.1.14_1,Timpisini,95,93.6568,326.0,3.431578947368421,3.4807927808607677
2008,SWZ.2.1_1,Dvokodvweni,514,514.5856,894.0,1.7392996108949417,1.7373202431080623
2008,SWZ.2.2_1,Hlane,467,463.194,357.0,0.7644539614561028,0.7707354325715337
2008,SWZ.2.3_1,Lomahasha,324,330.5687,280.0,0.8641975308641975,0.8470251439335079
2008,SWZ.2.4_1,Lubuli,447,450.7926,106.0,0.2371364653243848,0.23514137939608323
2008,SWZ.2.5_1,Lugongolweni,469,471.7707,219.0,0.4669509594882729,0.46420852760805736
2008,SWZ.2.6_1,Matsanjeni North,396,398.1679,0.0,0.0,0.0
2008,SWZ.2.7_1,Mhlume,789,792.9066,3194.0,4.048162230671736,4.028217377338204
2008,SWZ.2.8_1,Mpholonjeni,595,593.3326,199.0,0.334453781512605,0.33539364939777616
2008,SWZ.2.9_1,Nkilongo,645,649.9012,1101.0,1.7069767441860466,1.6941035725612523
2008,SWZ.2.10_1,Siphofaneni,551,549.6347,424.0,0.7695099818511797,0.7714214845006641
2008,SWZ.2.11_1,Sithobela,638,636.587,103.0,0.1614420062695925,0.16180034714810548
2008,SWZ.3.1_1,Ekukhanyeni,176,175.1279,746.0,4.238636363636363,4.25974477821808
2008,SWZ.3.2_1,Kwaluseni,28,28.4469,1213.0,43.32142857142857,42.64079213057401
2008,SWZ.3.3_1,Lamgabhi,113,113.5018,305.0,2.6991150442477876,2.6871811655233895
2008,SWZ.3.4_1,Lobamba Lomdzala,179,176.172,2202.0,12.30167597765363,12.499150908987055
2008,SWZ.3.5_1,Ludzeludze,196,197.7914,2092.0,10.673469387755102,10.576798080226533
2008,SWZ.3.6_1,Mafutseni,183,183.7175,695.0,3.797814207650273,3.7829817385124653
2008,SWZ.3.7_1,Mahlangatja,465,466.3647,0.0,0.0,0.0
2008,SWZ.3.8_1,Mangcongco,434,436.0596,184.0,0.423963133640553,0.42196067246629787
2008,SWZ.3.9_1,Manzini North,44,45.1104,1513.0,34.38636363636363,33.53990312450873
2008,SWZ.3.10_1,Manzini South,14,11.5656,493.0,35.214285714285715,42.62623411277523
2008,SWZ.3.11_1,Mhlambanyatsi,462,464.0452,723.0,1.5649350649350648,1.5580379803188669
2008,SWZ.3.12_1,Mkhiweni,495,497.2437,179.0,0.3616161616161616,0.35998443334447855
2008,SWZ.3.13_1,Mthongwaneni,249,245.8915,486.0,1.9518072289156627,1.9764817702458333
2008,SWZ.3.14_1,Ngwenpisi,581,576.2721,162.0,0.27882960413080893,0.2811171911074971
2008,SWZ.3.15_1,Nhlambeni,267,271.108,1021.0,3.8239700374531833,3.7660264988601577
2008,SWZ.3.16_1,Ntondozi,238,235.9429,449.0,1.8865546218487395,1.9030027493838222
2008,SWZ.4.1_1,Gege,545,547.7076,84.0,0.15412844036697249,0.15336649993100174
2008,SWZ.4.2_1,Hosea,271,268.1887,0.0,0.0,0.0
2008,SWZ.4.3_1,Kubuta,217,215.9747,0.0,0.0,0.0
2008,SWZ.4.4_1,Maseyisini,219,216.3059,1087.0,4.963470319634703,5.025291446879398
2008,SWZ.4.5_1,Matsanjeni South,423,424.0832,18.0,0.0425531914893617,0.042444496567206794
2008,SWZ.4.6_1,Mbangweni,302,304.8251,687.0,2.274834437086093,2.2537517454333034
2008,SWZ.4.7_1,Mtsambama,255,256.7353,273.0,1.0705882352941176,1.0633521895738327
2008,SWZ.4.8_1,Ngudzeni,129,130.2276,0.0,0.0,0.0
2008,SWZ.4.9_1,Nkwene,297,297.7612,9.0,0.030303030303030304,0.03022555855019575
2008,SWZ.4.10_1,Sandleni,191,188.2562,0.0,0.0,0.0
2008,SWZ.4.11_1,Shiselweni,217,215.1115,48.0,0.22119815668202766,0.223140103272239
2008,SWZ.4.12_1,Sigwe,183,184.3762,4.0,0.02185792349726776,0.02169477988061914
2008,SWZ.4.13_1,Somntongo,325,319.7379,109.0,0.3353846153846154,0.34090424877725783
2008,SWZ.4.14_1,Zombodze,196,195.5506,208.0,1.0612244897959184,1.063663510222183
2009,SWZ.1.1_1,Hhukwini,172,172.2836,931.0,5.412790697674419,5.403880052989717
2009,SWZ.1.2_1,Lobamba,104,102.2125,1840.0,17.692307692307693,18.00170431577897
2009,SWZ.1.3_1,Madlangempisi,296,294.5278,289.0,0.9763513513513513,0.9812315018426016
2009,SWZ.1.4_1,Mayiwane,181,177.9676,225.0,1.2430939226519337,1.2642747878135299
2009,SWZ.1.5_1,Mbabane East,46,44.9337,1865.0,40.54347826086956,41.505561553318536
2009,SWZ.1.6_1,Mbabane West,55,55.5724,1321.0,24.01818181818182,23.770775037856335
2009,SWZ.1.7_1,Mhlangatane,269,273.0456,170.0,0.6319702602230484,0.6226065704852436
2009,SWZ.1.8_1,Motjane,304,304.0791,2918.0,9.598684210526315,9.596188181723985
2009,SWZ.1.9_1,Mphalaleni,555,553.72,52.0,0.0936936936936937,0.09391028107820723
2009,SWZ.1.10_1,Ndzingeni,314,313.7969,116.0,0.36942675159235666,0.3696658131484199
2009,SWZ.1.11_1,Nkhaba,482,483.4863,1343.0,2.7863070539419086,2.777741637219823
2009,SWZ.1.12_1,Ntfonjeni,290,295.9786,470.0,1.6206896551724137,1.5879528600475123
2009,SWZ.1.13_1,Pigg's Peak,477,477.3697,1417.0,2.970649895178197,2.9683491644040254
2009,SWZ.1.14_1,Timpisini,95,93.6568,401.0,4.221052631578948,4.281588666028123
2009,SWZ.2.1_1,Dvokodvweni,514,514.5856,1033.0,2.009727626459144,2.00744050462039
2009,SWZ.2.2_1,Hlane,467,463.194,426.0,0.9122055674518201,0.9197011044130906
2009,SWZ.2.3_1,Lomahasha,324,330.5687,300.0,0.9259259259259259,0.9075269399287584
2009,SWZ.2.4_1,Lubuli,447,450.7926,237.0,0.5302013422818792,0.5257406312912427
2009,SWZ.2.5_1,Lugongolweni,469,471.7707,237.0,0.5053304904051172,0.5023626531648839
2009,SWZ.2.6_1,Matsanjeni North,396,398.1679,1.0,0.0025252525252525255,0.002511503532059787
2009,SWZ.2.7_1,Mhlume,789,792.9066,3283.0,4.160963244613435,4.140462632999788
2009,SWZ.2.8_1,Mpholonjeni,595,593.3326,210.0,0.35294117647058826,0.3539329968519246
2009,SWZ.2.9_1,Nkilongo,645,649.9012,1145.0,1.7751937984496124,1.7618061676499854
2009,SWZ.2.10_1,Siphofaneni,551,549.6347,479.0,0.8693284936479129,0.8714879506505144
2009,SWZ.2.11_1,Sithobela,638,636.587,147.0,0.2304075235109718,0.2309189420463253
2009,SWZ.3.1_1,Ekukhanyeni,176,175.1279,939.0,5.3352272727272725,5.361796711456805
2009,SWZ.3.2_1,Kwaluseni,28,28.4469,1227.0,43.82142857142857,43.132936475032416
2009,SWZ.3.3_1,Lamgabhi,113,113.5018,354.0,3.1327433628318584,3.118892238017311
2009,SWZ.3.4_1,Lobamba Lomdzala,179,176.172,2216.0,12.379888268156424,12.578618716764447
2009,SWZ.3.5_1,Ludzeludze,196,197.7914,2392.0,12.204081632653061,12.093547326912939
2009,SWZ.3.6_1,Mafutseni,183,183.7175,813.0,4.442622950819672,4.425272163180769
2009,SWZ.3.7_1,Mahlangatja,465,466.3647,3.0,0.0064516129032258064,0.006432734204609929
2009,SWZ.3.8_1,Mangcongco,434,436.0596,229.0,0.5276497695852534,0.5251575760585989
2009,SWZ.3.9_1,Manzini North,44,45.1104,1574.0,35.77272727272727,34.892139800381194
2009,SWZ.3.10_1,Manzini South,14,11.5656,515.0,36.785714285714285,44.52841900218914
2009,SWZ.3.11_1,Mhlambanyatsi,462,464.0452,847.0,1.8333333333333333,1.8252533462380087
2009,SWZ.3.12_1,Mkhiweni,495,497.2437,399.0,0.806060606060606,0.8024234017008209
2009,SWZ.3.13_1,Mthongwaneni,249,245.8915,645.0,2.5903614457831323,2.6231085222398405
2009,SWZ.3.14_1,Ngwenpisi,581,576.2721,482.0,0.8296041308089501,0.8364104081099606
2009,SWZ.3.15_1,Nhlambeni,267,271.108,1096.0,4.104868913857678,4.042668993879268
2009,SWZ.3.16_1,Ntondozi,238,235.9429,591.0,2.4831932773109244,2.50484326255198
2009,SWZ.4.1_1,Gege,545,547.7076,183.0,0.3357798165137615,0.33411987484968236
2009,SWZ.4.2_1,Hosea,271,268.1887,0.0,0.0,0.0
2009,SWZ.4.3_1,Kubuta,217,215.9747,0.0,0.0,0.0
2009,SWZ.4.4_1,Maseyisini,219,216.3059,1243.0,5.675799086757991,5.746492427296312
2009,SWZ.4.5_1,Matsanjeni South,423,424.0832,21.0,0.04964539007092199,0.049518579328407926
2009,SWZ.4.6_1,Mbangweni,302,304.8251,802.0,2.6556291390728477,2.6310173214519788
2009,SWZ.4.7_1,Mtsambama,255,256.7353,347.0,1.3607843137254902,1.3515868490187544
2009,SWZ.4.8_1,Ngudzeni,129,130.2276,3.0,0.023255813953488372,0.023036586949824665
2009,SWZ.4.9_1,Nkwene,297,297.7612,14.0,0.04713804713804714,0.04701753552252672
2009,SWZ.4.10_1,Sandleni,191,188.2562,133.0,0.6963350785340314,0.7064841304399748
2009,SWZ.4.11_1,Shiselweni,217,215.1115,49.0,0.22580645161290322,0.22778885542374397
2009,SWZ.4.12_1,Sigwe,183,184.3762,8.0,0.04371584699453552,0.04338955976123828
2009,SWZ.4.13_1,Somntongo,325,319.7379,117.0,0.36,0.3659247441003593
2009,SWZ.4.14_1,Zombodze,196,195.5506,303.0,1.5459183673469388,1.5494713634486608
2010,SWZ.1.1_1,Hhukwini,172,172.2836,909.0,5.284883720930233,5.276183639277822
2010,SWZ.1.2_1,Lobamba,104,102.2125,1860.0,17.884615384615383,18.19737501486352
2010,SWZ.1.3_1,Madlangempisi,296,294.5278,336.0,1.135135135135135,1.140808943318734
2010,SWZ.1.4_1,Mayiwane,181,177.9676,388.0,2.143646408839779,2.1801716340962205
2010,SWZ.1.5_1,Mbabane East,46,44.9337,1865.0,40.54347826086956,41.505561553318536
2010,SWZ.1.6_1,Mbabane West,55,55.5724,1322.0,24.036363636363635,23.788769568543586
2010,SWZ.1.7_1,Mhlangatane,269,273.0456,397.0,1.4758364312267658,1.4539694616625984
2010,SWZ.1.8_1,Motjane,304,304.0791,2792.0,9.18421052631579,9.18182227668724
2010,SWZ.1.9_1,Mphalaleni,555,553.72,53.0,0.09549549549549549,0.0957162480220189
2010,SWZ.1.10_1,Ndzingeni,314,313.7969,171.0,0.5445859872611465,0.5449383969687914
2010,SWZ.1.11_1,Nkhaba,482,483.4863,1296.0,2.6887966804979255,2.680531021471996
2010,SWZ.1.12_1,Ntfonjeni,290,295.9786,547.0,1.8862068965517242,1.8481068392467856
2010,SWZ.1.13_1,Pigg's Peak,477,477.3697,1287.0,2.69811320754717,2.696023552990812
2010,SWZ.1.14_1,Timpisini,95,93.6568,448.0,4.71578947368421,4.783420754066332
2010,SWZ.2.1_1,Dvokodvweni,514,514.5856,1224.0,2.3813229571984436,2.378612950295602
2010,SWZ.2.2_1,Hlane,467,463.194,597.0,1.278372591006424,1.2888768998465143
2010,SWZ.2.3_1,Lomahasha,324,330.5687,327.0,1.0092592592592593,0.9892043645223467
2010,SWZ.2.4_1,Lubuli,447,450.7926,256.0,0.5727069351230425,0.5678886143905406
2010,SWZ.2.5_1,Lugongolweni,469,471.7707,232.0,0.4946695095948827,0.49176428495465435
2010,SWZ.2.6_1,Matsanjeni North,396,398.1679,3.0,0.007575757575757576,0.00753451059617936
2010,SWZ.2.7_1,Mhlume,789,792.9066,3252.0,4.1216730038022815,4.101365970915416
2010,SWZ.2.8_1,Mpholonjeni,595,593.3326,207.0,0.34789915966386553,0.3488768111826114
2010,SWZ.2.9_1,Nkilongo,645,649.9012,1202.0,1.863565891472868,1.8495118021967534
2010,SWZ.2.10_1,Siphofaneni,551,549.6347,546.0,0.9909255898366606,0.9933871003239684
2010,SWZ.2.11_1,Sithobela,638,636.587,202.0,0.3166144200626959,0.31731718566910005
2010,SWZ.3.1_1,Ekukhanyeni,176,175.1279,1060.0,6.0227272727272725,6.052720462347405
2010,SWZ.3.2_1,Kwaluseni,28,28.4469,1235.0,44.107142857142854,43.414161814722924
2010,SWZ.3.3_1,Lamgabhi,113,113.5018,378.0,3.3451327433628317,3.3303425592388236
2010,SWZ.3.4_1,Lobamba Lomdzala,179,176.172,2219.0,12.396648044692737,12.595647532716745
2010,SWZ.3.5_1,Ludzeludze,196,197.7914,2408.0,12.285714285714286,12.174440620069547
2010,SWZ.3.6_1,Mafutseni,183,183.7175,905.0,4.945355191256831,4.926040968854362
2010,SWZ.3.7_1,Mahlangatja,465,466.3647,13.0,0.02795698924731183,0.02787518155330969
2010,SWZ.3.8_1,Mangcongco,434,436.0596,224.0,0.5161290322580645,0.5136912534372322
2010,SWZ.3.9_1,Manzini North,44,45.1104,1574.0,35.77272727272727,34.892139800381194
2010,SWZ.3.10_1,Manzini South,14,11.5656,518.0,37.0,44.78780785074558
2010,SWZ.3.11_1,Mhlambanyatsi,462,464.0452,786.0,1.7012987012987013,1.693800625906818
2010,SWZ.3.12_1,Mkhiweni,495,497.2437,465.0,0.9393939393939394,0.9351550922077236
2010,SWZ.3.13_1,Mthongwaneni,249,245.8915,746.0,2.995983935742972,3.033858848978172
2010,SWZ.3.14_1,Ngwenpisi,581,576.2721,466.0,0.802065404475043,0.8086457472598374
2010,SWZ.3.15_1,Nhlambeni,267,271.108,1134.0,4.247191011235955,4.182834524688951
2010,SWZ.3.16_1,Ntondozi,238,235.9429,626.0,2.630252100840336,2.6531842341075116
2010,SWZ.4.1_1,Gege,545,547.7076,243.0,0.44587155963302755,0.44366737480039786
2010,SWZ.4.2_1,Hosea,271,268.1887,44.0,0.16236162361623616,0.16406358787526173
2010,SWZ.4.3_1,Kubuta,217,215.9747,0.0,0.0,0.0
2010,SWZ.4.4_1,Maseyisini,219,216.3059,1276.0,5.82648401826484,5.899054173153736
2010,SWZ.4.5_1,Matsanjeni South,423,424.0832,41.0,0.09692671394799054,0.09667913106974882
2010,SWZ.4.6_1,Mbangweni,302,304.8251,860.0,2.847682119205298,2.821290394574441
2010,SWZ.4.7_1,Mtsambama,255,256.7353,361.0,1.415686274509804,1.4061177305353612
2010,SWZ.4.8_1,Ngudzeni,129,130.2276,24.0,0.18604651162790697,0.18429269559859732
2010,SWZ.4.9_1,Nkwene,297,297.7612,43.0,0.1447811447811448,0.14441100196204634
2010,SWZ.4.10_1,Sandleni,191,188.2562,242.0,1.2670157068062826,1.285482402755443
2010,SWZ.4.11_1,Shiselweni,217,215.1115,291.0,1.3410138248847927,1.352786876087949
2010,SWZ.4.12_1,Sigwe,183,184.3762,14.0,0.07650273224043716,0.07593172958216698
2010,SWZ.4.13_1,Somntongo,325,319.7379,187.0,0.5753846153846154,0.5848540781774973
2010,SWZ.4.14_1,Zombodze,196,195.5506,378.0,1.9285714285714286,1.9330038791537747
2011,SWZ.1.1_1,Hhukwini,172,172.2836,842.0,4.895348837209302,4.887290015700689
2011,SWZ.1.2_1,Lobamba,104,102.2125,1884.0,18.115384615384617,18.432179853764985
2011,SWZ.1.3_1,Madlangempisi,296,294.5278,373.0,1.260135135135135,1.2664337376722852
2011,SWZ.1.4_1,Mayiwane,181,177.9676,453.0,2.5027624309392267,2.5454065727979067
2011,SWZ.1.5_1,Mbabane East,46,44.9337,1888.0,41.04347826086956,42.01742638748814
2011,SWZ.1.6_1,Mbabane West,55,55.5724,1322.0,24.036363636363635,23.788769568543586
2011,SWZ.1.7_1,Mhlangatane,269,273.0456,470.0,1.7472118959107807,1.721324047812144
2011,SWZ.1.8_1,Motjane,304,304.0791,2734.0,8.993421052631579,8.99108241563858
2011,SWZ.1.9_1,Mphalaleni,555,553.72,128.0,0.23063063063063063,0.23116376880789472
2011,SWZ.1.10_1,Ndzingeni,314,313.7969,198.0,0.6305732484076433,0.6309813017533374
2011,SWZ.1.11_1,Nkhaba,482,483.4863,1430.0,2.966804979253112,2.957684691901971
2011,SWZ.1.12_1,Ntfonjeni,290,295.9786,550.0,1.896551724137931,1.858242708566238
2011,SWZ.1.13_1,Pigg's Peak,477,477.3697,1279.0,2.6813417190775684,2.679265053826922
2011,SWZ.1.14_1,Timpisini,95,93.6568,456.0,4.8,4.8688389818175155
2011,SWZ.2.1_1,Dvokodvweni,514,514.5856,1337.0,2.6011673151750974,2.598207119726487
2011,SWZ.2.2_1,Hlane,467,463.194,838.0,1.7944325481798715,1.8091772899018073
2011,SWZ.2.3_1,Lomahasha,324,330.5687,337.0,1.0401234567901234,1.019455262519972
2011,SWZ.2.4_1,Lubuli,447,450.7926,269.0,0.6017897091722595,0.5967267080900603
2011,SWZ.2.5_1,Lugongolweni,469,471.7707,266.0,0.5671641791044776,0.5638331887842157
2011,SWZ.2.6_1,Matsanjeni North,396,398.1679,0.0,0.0,0.0
2011,SWZ.2.7_1,Mhlume,789,792.9066,3291.0,4.171102661596958,4.150552094182852
2011,SWZ.2.8_1,Mpholonjeni,595,593.3326,201.0,0.3378151260504202,0.33876443984398497
2011,SWZ.2.9_1,Nkilongo,645,649.9012,1331.0,2.063565891472868,2.048003501434175
2011,SWZ.2.10_1,Siphofaneni,551,549.6347,670.0,1.2159709618874772,1.2189914967345399
2011,SWZ.2.11_1,Sithobela,638,636.587,178.0,0.27899686520376177,0.2796161339064347
2011,SWZ.3.1_1,Ekukhanyeni,176,175.1279,1064.0,6.045454545454546,6.075560916922301
2011,SWZ.3.2_1,Kwaluseni,28,28.4469,1263.0,45.107142857142854,44.39845050363972
2011,SWZ.3.3_1,Lamgabhi,113,113.5018,373.0,3.3008849557522124,3.2862904089843417
2011,SWZ.3.4_1,Lobamba Lomdzala,179,176.172,2230.0,12.458100558659218,12.65808652454184
2011,SWZ.3.5_1,Ludzeludze,196,197.7914,2400.0,12.244897959183673,12.133993973491242
2011,SWZ.3.6_1,Mafutseni,183,183.7175,944.0,5.158469945355192,5.1383233973464275
2011,SWZ.3.7_1,Mahlangatja,465,466.3647,23.0,0.04946236559139785,0.04931762890200945
2011,SWZ.3.8_1,Mangcongco,434,436.0596,194.0,0.4470046082949309,0.4448933177090314
2011,SWZ.3.9_1,Manzini North,44,45.1104,1637.0,37.20454545454545,36.288712104970784
2011,SWZ.3.10_1,Manzini South,14,11.5656,530.0,37.857142857142854,45.82536324497134
2011,SWZ.3.11_1,Mhlambanyatsi,462,464.0452,763.0,1.6515151515151516,1.6442364854540739
2011,SWZ.3.12_1,Mkhiweni,495,497.2437,555.0,1.121212121212121,1.1161528519898638
2011,SWZ.3.13_1,Mthongwaneni,249,245.8915,809.0,3.248995983935743,3.290069448824854
2011,SWZ.3.14_1,Ngwenpisi,581,576.2721,440.0,0.7573149741824441,0.7635281733783873
2011,SWZ.3.15_1,Nhlambeni,267,271.108,1168.0,4.3745318352059925,4.308245789097614
2011,SWZ.3.16_1,Ntondozi,238,235.9429,611.0,2.5672268907563027,2.5896095320122834
2011,SWZ.4.1_1,Gege,545,547.7076,186.0,0.3412844036697248,0.3395972498472181
2011,SWZ.4.2_1,Hosea,271,268.1887,0.0,0.0,0.0
2011,SWZ.4.3_1,Kubuta,217,215.9747,0.0,0.0,0.0
2011,SWZ.4.4_1,Maseyisini,219,216.3059,1186.0,5.415525114155251,5.48297668445167
2011,SWZ.4.5_1,Matsanjeni South,423,424.0832,48.0,0.11347517730496454,0.11318532417921812
2011,SWZ.4.6_1,Mbangweni,302,304.8251,851.0,2.8178807947019866,2.791765262538197
2011,SWZ.4.7_1,Mtsambama,255,256.7353,288.0,1.1294117647058823,1.1217781340559114
2011,SWZ.4.8_1,Ngudzeni,129,130.2276,15.0,0.11627906976744186,0.11518293474912333
2011,SWZ.4.9_1,Nkwene,297,297.7612,38.0,0.12794612794612795,0.1276190249897154
2011,SWZ.4.10_1,Sandleni,191,188.2562,213.0,1.1151832460732984,1.1314369908549973
2011,SWZ.4.11_1,Shiselweni,217,215.1115,221.0,1.0184331797235022,1.0273742254826004
2011,SWZ.4.12_1,Sigwe,183,184.3762,11.0,0.060109289617486336,0.05966064467170263
2011,SWZ.4.13_1,Somntongo,325,319.7379,213.0,0.6553846153846153,0.6661706879775772
2011,SWZ.4.14_1,Zombodze,196,195.5506,278.0,1.4183673469387754,1.421627191546956
2012,SWZ.1.1_1,Hhukwini,172,172.2836,779.0,4.52906976744186,4.5216139218893545
2012,SWZ.1.2_1,Lobamba,104,102.2125,1874.0,18.01923076923077,18.33434450422271
2012,SWZ.1.3_1,Madlangempisi,296,294.5278,469.0,1.5844594594594594,1.5923791500490663
2012,SWZ.1.4_1,Mayiwane,181,177.9676,391.0,2.160220994475138,2.1970286312670675
2012,SWZ.1.5_1,Mbabane East,46,44.9337,1888.0,41.04347826086956,42.01742638748814
2012,SWZ.1.6_1,Mbabane West,55,55.5724,1322.0,24.036363636363635,23.788769568543586
2012,SWZ.1.7_1,Mhlangatane,269,273.0456,478.0,1.7769516728624535,1.7506231805408614
2012,SWZ.1.8_1,Motjane,304,304.0791,2694.0,8.861842105263158,8.859537683880882
2012,SWZ.1.9_1,Mphalaleni,555,553.72,74.0,0.13333333333333333,0.13364155384206414
2012,SWZ.1.10_1,Ndzingeni,314,313.7969,135.0,0.4299363057324841,0.4302145239227301
2012,SWZ.1.11_1,Nkhaba,482,483.4863,1319.0,2.736514522821577,2.7281021738592304
2012,SWZ.1.12_1,Ntfonjeni,290,295.9786,554.0,1.910344827586207,1.8717572009921744
2012,SWZ.1.13_1,Pigg's Peak,477,477.3697,1241.0,2.60167714884696,2.5996621827984443
2012,SWZ.1.14_1,Timpisini,95,93.6568,426.0,4.484210526315789,4.548520627750574
2012,SWZ.2.1_1,Dvokodvweni,514,514.5856,1337.0,2.6011673151750974,2.598207119726487
2012,SWZ.2.2_1,Hlane,467,463.194,1222.0,2.6167023554603857,2.638203637541776
2012,SWZ.2.3_1,Lomahasha,324,330.5687,323.0,0.9969135802469136,0.9771040053232967
2012,SWZ.2.4_1,Lubuli,447,450.7926,236.0,0.5279642058165548,0.5235223163912797
2012,SWZ.2.5_1,Lugongolweni,469,471.7707,264.0,0.5628997867803838,0.5595938415001239
2012,SWZ.2.6_1,Matsanjeni North,396,398.1679,0.0,0.0,0.0
2012,SWZ.2.7_1,Mhlume,789,792.9066,3255.0,4.1254752851711025,4.105149518859065
2012,SWZ.2.8_1,Mpholonjeni,595,593.3326,190.0,0.31932773109243695,0.32022509238983654
2012,SWZ.2.9_1,Nkilongo,645,649.9012,1470.0,2.2790697674418605,2.2618821541008547
2012,SWZ.2.10_1,Siphofaneni,551,549.6347,610.0,1.1070780399274047,1.1098280791165214
2012,SWZ.2.11_1,Sithobela,638,636.587,188.0,0.2946708463949843,0.2953249054742119
2012,SWZ.3.1_1,Ekukhanyeni,176,175.1279,1001.0,5.6875,5.715823757367691
2012,SWZ.3.2_1,Kwaluseni,28,28.4469,1263.0,45.107142857142854,44.39845050363972
2012,SWZ.3.3_1,Lamgabhi,113,113.5018,369.0,3.265486725663717,3.2510486887807564
2012,SWZ.3.4_1,Lobamba Lomdzala,179,176.172,2236.0,12.491620111731844,12.692144156446437
2012,SWZ.3.5_1,Ludzeludze,196,197.7914,2376.0,12.122448979591837,12.01265403375633
2012,SWZ.3.6_1,Mafutseni,183,183.7175,960.0,5.245901639344262,5.225413624420096
2012,SWZ.3.7_1,Mahlangatja,465,466.3647,0.0,0.0,0.0
2012,SWZ.3.8_1,Mangcongco,434,436.0596,202.0,0.46543778801843316,0.4632394339032183
2012,SWZ.3.9_1,Manzini North,44,45.1104,1645.0,37.38636363636363,36.466054619839305
2012,SWZ.3.10_1,Manzini South,14,11.5656,530.0,37.857142857142854,45.82536324497134
2012,SWZ.3.11_1,Mhlambanyatsi,462,464.0452,803.0,1.7380952380952381,1.730434990589281
2012,SWZ.3.12_1,Mkhiweni,495,497.2437,556.0,1.1232323232323231,1.1181639382096653
2012,SWZ.3.13_1,Mthongwaneni,249,245.8915,777.0,3.1204819277108435,3.1599307314424125
2012,SWZ.3.14_1,Ngwenpisi,581,576.2721,413.0,0.7108433734939759,0.7166753081938044
2012,SWZ.3.15_1,Nhlambeni,267,271.108,1174.0,4.397003745318352,4.330377188699143
2012,SWZ.3.16_1,Ntondozi,238,235.9429,589.0,2.4747899159663866,2.4963666356059493
2012,SWZ.4.1_1,Gege,545,547.7076,168.0,0.30825688073394497,0.3067329998620035
2012,SWZ.4.2_1,Hosea,271,268.1887,0.0,0.0,0.0
2012,SWZ.4.3_1,Kubuta,217,215.9747,0.0,0.0,0.0
2012,SWZ.4.4_1,Maseyisini,219,216.3059,1089.0,4.972602739726027,5.034537613294999
2012,SWZ.4.5_1,Matsanjeni South,423,424.0832,45.0,0.10638297872340426,0.10611124141801699
2012,SWZ.4.6_1,Mbangweni,302,304.8251,785.0,2.5993377483443707,2.5752476276057394
2012,SWZ.4.7_1,Mtsambama,255,256.7353,337.0,1.3215686274509804,1.312636219364035
2012,SWZ.4.8_1,Ngudzeni,129,130.2276,0.0,0.0,0.0
2012,SWZ.4.9_1,Nkwene,297,297.7612,40.0,0.13468013468013468,0.13433581577864778
2012,SWZ.4.10_1,Sandleni,191,188.2562,143.0,0.7486910994764397,0.7596032379918526
2012,SWZ.4.11_1,Shiselweni,217,215.1115,230.0,1.0599078341013826,1.069212994846145
2012,SWZ.4.12_1,Sigwe,183,184.3762,0.0,0.0,0.0
2012,SWZ.4.13_1,Somntongo,325,319.7379,226.0,0.6953846153846154,0.7068289928776171
2012,SWZ.4.14_1,Zombodze,196,195.5506,272.0,1.3877551020408163,1.3909445902905468
2013,SWZ.1.1_1,Hhukwini,172,172.2836,796.0,4.627906976744186,4.620288423394
2013,SWZ.1.2_1,Lobamba,104,102.2125,1885.0,18.125,18.441963388719213
2013,SWZ.1.3_1,Madlangempisi,296,294.5278,395.0,1.3344594594594594,1.341129561341964
2013,SWZ.1.4_1,Mayiwane,181,177.9676,404.0,2.2320441988950277,2.2700756190074047
2013,SWZ.1.5_1,Mbabane East,46,44.9337,1891.0,41.108695652173914,42.084191365858096
2013,SWZ.1.6_1,Mbabane West,55,55.5724,1322.0,24.036363636363635,23.788769568543586
2013,SWZ.1.7_1,Mhlangatane,269,273.0456,451.0,1.6765799256505576,1.6517386075814404
2013,SWZ.1.8_1,Motjane,304,304.0791,2615.0,8.601973684210526,8.599736838659432
2013,SWZ.1.9_1,Mphalaleni,555,553.72,71.0,0.12792792792792793,0.1282236530106291
2013,SWZ.1.10_1,Ndzingeni,314,313.7969,148.0,0.4713375796178344,0.4716425891893633
2013,SWZ.1.11_1,Nkhaba,482,483.4863,1248.0,2.5892116182572615,2.581252094750811
2013,SWZ.1.12_1,Ntfonjeni,290,295.9786,518.0,1.7862068965517242,1.7501267691587477
2013,SWZ.1.13_1,Pigg's Peak,477,477.3697,1244.0,2.607966457023061,2.6059466199849033
2013,SWZ.1.14_1,Timpisini,95,93.6568,427.0,4.494736842105263,4.559197906219472
2013,SWZ.2.1_1,Dvokodvweni,514,514.5856,1374.0,2.6731517509727625,2.6701096353808476
2013,SWZ.2.2_1,Hlane,467,463.194,1341.0,2.8715203426124196,2.895115448398954
2013,SWZ.2.3_1,Lomahasha,324,330.5687,331.0,1.021604938271605,1.0013047237213968
2013,SWZ.2.4_1,Lubuli,447,450.7926,244.0,0.5458612975391499,0.541268835590984
2013,SWZ.2.5_1,Lugongolweni,469,471.7707,250.0,0.5330490405117271,0.529918410511481
2013,SWZ.2.6_1,Matsanjeni North,396,398.1679,0.0,0.0,0.0
2013,SWZ.2.7_1,Mhlume,789,792.9066,3262.0,4.134347275031685,4.113977797394246
2013,SWZ.2.8_1,Mpholonjeni,595,593.3326,198.0,0.33277310924369746,0.33370825417467176
2013,SWZ.2.9_1,Nkilongo,645,649.9012,1443.0,2.2372093023255815,2.2203373798418595
2013,SWZ.2.10_1,Siphofaneni,551,549.6347,596.0,1.0816696914700545,1.0843566150056505
2013,SWZ.2.11_1,Sithobela,638,636.587,150.0,0.23510971786833856,0.23563157351665845
2013,SWZ.3.1_1,Ekukhanyeni,176,175.1279,965.0,5.482954545454546,5.510259666193628
2013,SWZ.3.2_1,Kwaluseni,28,28.4469,1263.0,45.107142857142854,44.39845050363972
2013,SWZ.3.3_1,Lamgabhi,113,113.5018,353.0,3.1238938053097347,3.1100818079664148
2013,SWZ.3.4_1,Lobamba Lomdzala,179,176.172,2236.0,12.491620111731844,12.692144156446437
2013,SWZ.3.5_1,Ludzeludze,196,197.7914,2197.0,11.209183673469388,11.107660316566776
2013,SWZ.3.6_1,Mafutseni,183,183.7175,962.0,5.256830601092896,5.236299902804305
2013,SWZ.3.7_1,Mahlangatja,465,466.3647,17.0,0.03655913978494624,0.03645216049278959
2013,SWZ.3.8_1,Mangcongco,434,436.0596,233.0,0.5368663594470046,0.5343306341556924
2013,SWZ.3.9_1,Manzini North,44,45.1104,1645.0,37.38636363636363,36.466054619839305
2013,SWZ.3.10_1,Manzini South,14,11.5656,530.0,37.857142857142854,45.82536324497134
2013,SWZ.3.11_1,Mhlambanyatsi,462,464.0452,769.0,1.6645021645021645,1.657166261224355
2013,SWZ.3.12_1,Mkhiweni,495,497.2437,473.0,0.9555555555555556,0.9512437819661361
2013,SWZ.3.13_1,Mthongwaneni,249,245.8915,788.0,3.1646586345381524,3.204665915542627
2013,SWZ.3.14_1,Ngwenpisi,581,576.2721,394.0,0.6781411359724613,0.6837047734342832
2013,SWZ.3.15_1,Nhlambeni,267,271.108,1226.0,4.591760299625468,4.522182651912393
2013,SWZ.3.16_1,Ntondozi,238,235.9429,618.0,2.596638655462185,2.6192777263233897
2013,SWZ.4.1_1,Gege,545,547.7076,165.0,0.30275229357798167,0.3012556248644677
2013,SWZ.4.2_1,Hosea,271,268.1887,105.0,0.3874538745387454,0.3915153801568746
2013,SWZ.4.3_1,Kubuta,217,215.9747,17.0,0.07834101382488479,0.07871292227406564
2013,SWZ.4.4_1,Maseyisini,219,216.3059,1076.0,4.9132420091324205,4.97443753159359
2013,SWZ.4.5_1,Matsanjeni South,423,424.0832,45.0,0.10638297872340426,0.10611124141801699
2013,SWZ.4.6_1,Mbangweni,302,304.8251,785.0,2.5993377483443707,2.5752476276057394
2013,SWZ.4.7_1,Mtsambama,255,256.7353,281.0,1.1019607843137256,1.094512693297608
2013,SWZ.4.8_1,Ngudzeni,129,130.2276,0.0,0.0,0.0
2013,SWZ.4.9_1,Nkwene,297,297.7612,11.0,0.037037037037037035,0.036942349339128135
2013,SWZ.4.10_1,Sandleni,191,188.2562,10.0,0.05235602094240838,0.053119107551877806
2013,SWZ.4.11_1,Shiselweni,217,215.1115,195.0,0.8986175115207373,0.9065066695434709
2013,SWZ.4.12_1,Sigwe,183,184.3762,4.0,0.02185792349726776,0.02169477988061914
2013,SWZ.4.13_1,Somntongo,325,319.7379,217.0,0.6676923076923077,0.6786809356391279
2013,SWZ.4.14_1,Zombodze,196,195.5506,347.0,1.7704081632653061,1.774477105995661
2014,SWZ.1.1_1,Hhukwini,172,172.2836,825.5,4.799418604651163,4.791517705416768
2014,SWZ.1.2_1,Lobamba,104,102.2125,1921.9301438331604,18.48009753685731,18.803270741775595
2014,SWZ.1.3_1,Madlangempisi,296,294.5278,385.1666669845581,1.3012387398126963,1.3077427927507514
2014,SWZ.1.4_1,Mayiwane,181,177.9676,439.6666679382324,2.429097612918411,2.4704865925168464
2014,SWZ.1.5_1,Mbabane East,46,44.9337,1891.0,41.108695652173914,42.084191365858096
2014,SWZ.1.6_1,Mbabane West,55,55.5724,1339.2260665893555,24.34956484707919,24.098744552406345
2014,SWZ.1.7_1,Mhlangatane,269,273.0456,457.0,1.6988847583643123,1.6737129571279785
2014,SWZ.1.8_1,Motjane,304,304.0791,2623.6499996185303,8.630427630324112,8.628183385647525
2014,SWZ.1.9_1,Mphalaleni,555,553.72,71.0,0.12792792792792793,0.1282236530106291
2014,SWZ.1.10_1,Ndzingeni,314,313.7969,149.0,0.4745222929936306,0.4748293634406428
2014,SWZ.1.11_1,Nkhaba,482,483.4863,1257.333333492279,2.6085753806893757,2.6005563308309014
2014,SWZ.1.12_1,Ntfonjeni,290,295.9786,512.0,1.7655172413793103,1.7298550305198432
2014,SWZ.1.13_1,Pigg's Peak,477,477.3697,1283.3333339691162,2.6904262766648137,2.6883425755392083
2014,SWZ.1.14_1,Timpisini,95,93.6568,429.1666669845581,4.517543862995349,4.582332012962967
2014,SWZ.2.1_1,Dvokodvweni,514,514.5856,1362.0000009536743,2.6498054493262146,2.646789902427314
2014,SWZ.2.2_1,Hlane,467,463.194,1336.1000003814697,2.861027838075952,2.884536727598987
2014,SWZ.2.3_1,Lomahasha,324,330.5687,357.23333501815796,1.1025720216609813,1.0806629178985796
2014,SWZ.2.4_1,Lubuli,447,450.7926,247.6666669845581,0.5540641319565058,0.5494026575960319
2014,SWZ.2.5_1,Lugongolweni,469,471.7707,250.0,0.5330490405117271,0.529918410511481
2014,SWZ.2.6_1,Matsanjeni North,396,398.1679,0.0,0.0,0.0
2014,SWZ.2.7_1,Mhlume,789,792.9066,3221.0333347320557,4.082425012334672,4.062311350016684
2014,SWZ.2.8_1,Mpholonjeni,595,593.3326,198.0,0.33277310924369746,0.33370825417467176
2014,SWZ.2.9_1,Nkilongo,645,649.9012,1489.9119064807892,2.3099409402802933,2.292520511871618
2014,SWZ.2.10_1,Siphofaneni,551,549.6347,607.8333339691162,1.1031457966771618,1.1058860679703857
2014,SWZ.2.11_1,Sithobela,638,636.587,136.33333349227905,0.2136886104894656,0.21416291929038045
2014,SWZ.3.1_1,Ekukhanyeni,176,175.1279,972.5,5.525568181818182,5.5530855185215575
2014,SWZ.3.2_1,Kwaluseni,28,28.4469,1266.4375228881836,45.229911531720845,44.51929032138014
2014,SWZ.3.3_1,Lamgabhi,113,113.5018,372.5,3.2964601769911503,3.2818851939588938
2014,SWZ.3.4_1,Lobamba Lomdzala,179,176.172,2237.3916659355164,12.49939478176266,12.700043630807434
2014,SWZ.3.5_1,Ludzeludze,196,197.7914,2198.0,11.214285714285714,11.112716147389063
2014,SWZ.3.6_1,Mafutseni,183,183.7175,967.0,5.284153005464481,5.263515598764826
2014,SWZ.3.7_1,Mahlangatja,465,466.3647,17.0,0.03655913978494624,0.03645216049278959
2014,SWZ.3.8_1,Mangcongco,434,436.0596,225.0,0.5184331797235023,0.5159845179615056
2014,SWZ.3.9_1,Manzini North,44,45.1104,1663.4580268859863,37.80586424740878,36.875228733273254
2014,SWZ.3.10_1,Manzini South,14,11.5656,530.0,37.857142857142854,45.82536324497134
2014,SWZ.3.11_1,Mhlambanyatsi,462,464.0452,778.6666669845581,1.6854256861137622,1.6779975673170742
2014,SWZ.3.12_1,Mkhiweni,495,497.2437,476.5,0.9626262626262626,0.9582825837354416
2014,SWZ.3.13_1,Mthongwaneni,249,245.8915,778.5,3.1265060240963853,3.1660309838197143
2014,SWZ.3.14_1,Ngwenpisi,581,576.2721,401.3333339691162,0.690763053303126,0.6964302440938581
2014,SWZ.3.15_1,Nhlambeni,267,271.108,1289.0666675567627,4.827965047029074,4.754808255451641
2014,SWZ.3.16_1,Ntondozi,238,235.9429,590.1666669845581,2.4796918780863786,2.501311336005124
2014,SWZ.4.1_1,Gege,545,547.7076,205.0,0.3761467889908257,0.37428729149827805
2014,SWZ.4.2_1,Hosea,271,268.1887,165.83333432674408,0.6119311229769154,0.6183457231582599
2014,SWZ.4.3_1,Kubuta,217,215.9747,17.0,0.07834101382488479,0.07871292227406564
2014,SWZ.4.4_1,Maseyisini,219,216.3059,1155.3666687011719,5.275646889046447,5.341356244925062
2014,SWZ.4.5_1,Matsanjeni South,423,424.0832,45.0,0.10638297872340426,0.10611124141801699
2014,SWZ.4.6_1,Mbangweni,302,304.8251,819.4666690826416,2.713465791664376,2.6883179559962427
2014,SWZ.4.7_1,Mtsambama,255,256.7353,306.1666669845581,1.200653596017875,1.1925384458335249
2014,SWZ.4.8_1,Ngudzeni,129,130.2276,0.0,0.0,0.0
2014,SWZ.4.9_1,Nkwene,297,297.7612,15.0,0.050505050505050504,0.05037593091699291
2014,SWZ.4.10_1,Sandleni,191,188.2562,10.0,0.05235602094240838,0.053119107551877806
2014,SWZ.4.11_1,Shiselweni,217,215.1115,173.5,0.7995391705069125,0.8065584982861138
2014,SWZ.4.12_1,Sigwe,183,184.3762,8.333333492279053,0.045537341487863675,0.04519745894669631
2014,SWZ.4.13_1,Somntongo,325,319.7379,230.3333330154419,0.7087179477398212,0.7203817601834053
2014,SWZ.4.14_1,Zombodze,196,195.5506,305.5,1.558673469387755,1.5622557806388313
2015,SWZ.1.1_1,Hhukwini,172,172.2836,806.5,4.688953488372093,4.681234439029223
2015,SWZ.1.2_1,Lobamba,104,102.2125,1927.5981526374817,18.534597621514248,18.858723904033543
2015,SWZ.1.3_1,Madlangempisi,296,294.5278,396.1666669845581,1.3384009019748584,1.3450907045855909
2015,SWZ.1.4_1,Mayiwane,181,177.9676,444.00000190734863,2.453038684570987,2.494835592002756
2015,SWZ.1.5_1,Mbabane East,46,44.9337,1893.8402862548828,41.17044100554093,42.147401915982
2015,SWZ.1.6_1,Mbabane West,55,55.5724,1339.2260665893555,24.34956484707919,24.098744552406345
2015,SWZ.1.7_1,Mhlangatane,269,273.0456,490.0,1.821561338289963,1.7945718796339376
2015,SWZ.1.8_1,Motjane,304,304.0791,2626.1499996185303,8.63865131453464,8.636404931382382
2015,SWZ.1.9_1,Mphalaleni,555,553.72,71.0,0.12792792792792793,0.1282236530106291
2015,SWZ.1.10_1,Ndzingeni,314,313.7969,165.0,0.5254777070063694,0.5258177514611145
2015,SWZ.1.11_1,Nkhaba,482,483.4863,1258.833333492279,2.6116874138843964,2.6036587972909384
2015,SWZ.1.12_1,Ntfonjeni,290,295.9786,531.500002861023,1.8327586305552515,1.7957381907626009
2015,SWZ.1.13_1,Pigg's Peak,477,477.3697,1289.8666679859161,2.7041229936811657,2.7020286846214527
2015,SWZ.1.14_1,Timpisini,95,93.6568,436.8333339691162,4.598245620727539,4.664191151285401
2015,SWZ.2.1_1,Dvokodvweni,514,514.5856,1530.7833371162415,2.9781776986697306,2.9747884556874267
2015,SWZ.2.2_1,Hlane,467,463.194,1529.333340883255,3.2748037278014026,3.3017125883241576
2015,SWZ.2.3_1,Lomahasha,324,330.5687,353.23333501815796,1.0902263426486356,1.0685625586995295
2015,SWZ.2.4_1,Lubuli,447,450.7926,187.6666669845581,0.4198359440370427,0.41630376359824894
2015,SWZ.2.5_1,Lugongolweni,469,471.7707,245.0,0.5223880597014925,0.5193200423012514
2015,SWZ.2.6_1,Matsanjeni North,396,398.1679,0.0,0.0,0.0
2015,SWZ.2.7_1,Mhlume,789,792.9066,3150.366668701172,3.992860163119356,3.973187777034793
2015,SWZ.2.8_1,Mpholonjeni,595,593.3326,193.0,0.3243697478991597,0.32528127805914975
2015,SWZ.2.9_1,Nkilongo,645,649.9012,1414.340478181839,2.192775935165642,2.176239107089776
2015,SWZ.2.10_1,Siphofaneni,551,549.6347,572.3333349227905,1.0387174862482587,1.0412977142814972
2015,SWZ.2.11_1,Sithobela,638,636.587,98.33333349227905,0.15412748196281983,0.15446958733282698
2015,SWZ.3.1_1,Ekukhanyeni,176,175.1279,977.5,5.5539772727272725,5.581636086740177
2015,SWZ.3.2_1,Kwaluseni,28,28.4469,1266.4375228881836,45.229911531720845,44.51929032138014
2015,SWZ.3.3_1,Lamgabhi,113,113.5018,382.5,3.3849557522123894,3.3699894944678572
2015,SWZ.3.4_1,Lobamba Lomdzala,179,176.172,2237.3916659355164,12.49939478176266,12.700043630807434
2015,SWZ.3.5_1,Ludzeludze,196,197.7914,2177.0,11.107142857142858,11.006543700121014
2015,SWZ.3.6_1,Mafutseni,183,183.7175,997.5833339691162,5.451275049011564,5.429984942517336
2015,SWZ.3.7_1,Mahlangatja,465,466.3647,7.0,0.015053763440860216,0.015009713144089833
2015,SWZ.3.8_1,Mangcongco,434,436.0596,215.0,0.49539170506912444,0.49305187271877193
2015,SWZ.3.9_1,Manzini North,44,45.1104,1663.4580268859863,37.80586424740878,36.875228733273254
2015,SWZ.3.10_1,Manzini South,14,11.5656,530.0,37.857142857142854,45.82536324497134
2015,SWZ.3.11_1,Mhlambanyatsi,462,464.0452,760.6666669845581,1.6464646471527231,1.639208240006231
2015,SWZ.3.12_1,Mkhiweni,495,497.2437,520.0,1.0505050505050506,1.0457648342968093
2015,SWZ.3.13_1,Mthongwaneni,249,245.8915,815.3333339691162,3.2744310601169326,3.3158260725590862
2015,SWZ.3.14_1,Ngwenpisi,581,576.2721,303.3333339691162,0.5220883545079453,0.5263716963868537
2015,SWZ.3.15_1,Nhlambeni,267,271.108,1274.0666675567627,4.771785271748175,4.699479756447819
2015,SWZ.3.16_1,Ntondozi,238,235.9429,590.1666669845581,2.4796918780863786,2.501311336005124
2015,SWZ.4.1_1,Gege,545,547.7076,97.6666669845581,0.1792048935496479,0.17831898661129048
2015,SWZ.4.2_1,Hosea,271,268.1887,131.33333432674408,0.4846248499141848,0.48970495539242964
2015,SWZ.4.3_1,Kubuta,217,215.9747,17.0,0.07834101382488479,0.07871292227406564
2015,SWZ.4.4_1,Maseyisini,219,216.3059,1070.69524371624,4.889019377699726,4.949913201896663
2015,SWZ.4.5_1,Matsanjeni South,423,424.0832,41.0,0.09692671394799054,0.09667913106974882
2015,SWZ.4.6_1,Mbangweni,302,304.8251,761.8121223449707,2.5225566965065256,2.4991781665607378
2015,SWZ.4.7_1,Mtsambama,255,256.7353,319.8333350419998,1.2542483727137248,1.2457709784454642
2015,SWZ.4.8_1,Ngudzeni,129,130.2276,0.0,0.0,0.0
2015,SWZ.4.9_1,Nkwene,297,297.7612,0.0,0.0,0.0
2015,SWZ.4.10_1,Sandleni,191,188.2562,10.0,0.05235602094240838,0.053119107551877806
2015,SWZ.4.11_1,Shiselweni,217,215.1115,99.0,0.45622119815668205,0.4602264629989929
2015,SWZ.4.12_1,Sigwe,183,184.3762,8.333333492279053,0.045537341487863675,0.04519745894669631
2015,SWZ.4.13_1,Somntongo,325,319.7379,226.73333358764648,0.6976410264235277,0.7091225390776149
2015,SWZ.4.14_1,Zombodze,196,195.5506,205.5,1.0484693877551021,1.0508790930320124
2016,SWZ.1.1_1,Hhukwini,172,172.2836,823.0000004768372,4.784883723702541,4.777006752080889
2016,SWZ.1.2_1,Lobamba,104,102.2125,1927.5981526374817,18.534597621514248,18.858723904033543
2016,SWZ.1.3_1,Madlangempisi,296,294.5278,410.1666669845581,1.3856981992721558,1.3926244105572048
2016,SWZ.1.4_1,Mayiwane,181,177.9676,445.00000190734863,2.4585635464494398,2.5004545910597047
2016,SWZ.1.5_1,Mbabane East,46,44.9337,1894.6974258422852,41.18907447483229,42.166477551319645
2016,SWZ.1.6_1,Mbabane West,55,55.5724,1343.7957792282104,24.43265053142201,24.18097438671813
2016,SWZ.1.7_1,Mhlangatane,269,273.0456,501.0,1.862453531598513,1.834858187135924
2016,SWZ.1.8_1,Motjane,304,304.0791,2635.183331847191,8.668366223181549,8.666112113004814
2016,SWZ.1.9_1,Mphalaleni,555,553.72,71.0,0.12792792792792793,0.1282236530106291
2016,SWZ.1.10_1,Ndzingeni,314,313.7969,170.0,0.5414012738853503,0.541751622717512
2016,SWZ.1.11_1,Nkhaba,482,483.4863,1275.833333492279,2.6469571234279647,2.638820083838025
2016,SWZ.1.12_1,Ntfonjeni,290,295.9786,533.500002861023,1.8396551822793894,1.802495436975569
2016,SWZ.1.13_1,Pigg's Peak,477,477.3697,1307.8666679859161,2.7418588427377695,2.7397353077402054
2016,SWZ.1.14_1,Timpisini,95,93.6568,444.60000133514404,4.680000014054148,4.747118021527783
2016,SWZ.2.1_1,Dvokodvweni,514,514.5856,1783.4039840698242,3.4696575565560783,3.465708996827823
2016,SWZ.2.2_1,Hlane,467,463.194,2122.7249040603638,4.545449473362663,4.582799151712414
2016,SWZ.2.3_1,Lomahasha,324,330.5687,355.23333501815796,1.0963991821548085,1.0746127382990547
2016,SWZ.2.4_1,Lubuli,447,450.7926,191.6666669845581,0.4287844898983403,0.42517702319810113
2016,SWZ.2.5_1,Lugongolweni,469,471.7707,251.0,0.535181236673774,0.5320380841535269
2016,SWZ.2.6_1,Matsanjeni North,396,398.1679,0.0,0.0,0.0
2016,SWZ.2.7_1,Mhlume,789,792.9066,3196.1166694164276,4.050844954900415,4.030886884077507
2016,SWZ.2.8_1,Mpholonjeni,595,593.3326,194.0,0.32605042016806723,0.32696667328225415
2016,SWZ.2.9_1,Nkilongo,645,649.9012,1485.459526181221,2.3030380250871643,2.2856696550397384
2016,SWZ.2.10_1,Siphofaneni,551,549.6347,577.0000019073486,1.0471869363109776,1.0497882028968228
2016,SWZ.2.11_1,Sithobela,638,636.587,103.33333349227905,0.1619644725584311,0.1623239731167156
2016,SWZ.3.1_1,Ekukhanyeni,176,175.1279,977.5,5.5539772727272725,5.581636086740177
2016,SWZ.3.2_1,Kwaluseni,28,28.4469,1266.4375228881836,45.229911531720845,44.51929032138014
2016,SWZ.3.3_1,Lamgabhi,113,113.5018,382.5,3.3849557522123894,3.3699894944678572
2016,SWZ.3.4_1,Lobamba Lomdzala,179,176.172,2239.1535716056824,12.509237830199343,12.710044686601623
2016,SWZ.3.5_1,Ludzeludze,196,197.7914,2183.0,11.137755102040817,11.036878685054742
2016,SWZ.3.6_1,Mafutseni,183,183.7175,1004.9166679382324,5.491347912230778,5.469901300053422
2016,SWZ.3.7_1,Mahlangatja,465,466.3647,7.0,0.015053763440860216,0.015009713144089833
2016,SWZ.3.8_1,Mangcongco,434,436.0596,218.0,0.5023041474654378,0.499931666291592
2016,SWZ.3.9_1,Manzini North,44,45.1104,1665.768726348877,37.85838014429266,36.92645189000505
2016,SWZ.3.10_1,Manzini South,14,11.5656,530.0,37.857142857142854,45.82536324497134
2016,SWZ.3.11_1,Mhlambanyatsi,462,464.0452,765.1666669845581,1.656204906892983,1.6489055718339418
2016,SWZ.3.12_1,Mkhiweni,495,497.2437,624.333333492279,1.2612794616005638,1.2555881635490918
2016,SWZ.3.13_1,Mthongwaneni,249,245.8915,822.4000015258789,3.3028112511079475,3.3445650429342493
2016,SWZ.3.14_1,Ngwenpisi,581,576.2721,311.3333339691162,0.5358577176748988,0.5402540268119153
2016,SWZ.3.15_1,Nhlambeni,267,271.108,1278.9595251083374,4.790110580930103,4.717527387392362
2016,SWZ.3.16_1,Ntondozi,238,235.9429,606.6666669845581,2.5490196091788158,2.5712435083098746
2016,SWZ.4.1_1,Gege,545,547.7076,97.6666669845581,0.1792048935496479,0.17831898661129048
2016,SWZ.4.2_1,Hosea,271,268.1887,131.33333432674408,0.4846248499141848,0.48970495539242964
2016,SWZ.4.3_1,Kubuta,217,215.9747,17.0,0.07834101382488479,0.07871292227406564
2016,SWZ.4.4_1,Maseyisini,219,216.3059,1077.8785771131516,4.9218199868180434,4.9831223498999595
2016,SWZ.4.5_1,Matsanjeni South,423,424.0832,45.0,0.10638297872340426,0.10611124141801699
2016,SWZ.4.6_1,Mbangweni,302,304.8251,761.8121223449707,2.5225566965065256,2.4991781665607378
2016,SWZ.4.7_1,Mtsambama,255,256.7353,321.3333350419998,1.2601307256549013,1.251613572893672
2016,SWZ.4.8_1,Ngudzeni,129,130.2276,0.0,0.0,0.0
2016,SWZ.4.9_1,Nkwene,297,297.7612,0.0,0.0,0.0
2016,SWZ.4.10_1,Sandleni,191,188.2562,10.0,0.05235602094240838,0.053119107551877806
2016,SWZ.4.11_1,Shiselweni,217,215.1115,99.0,0.45622119815668205,0.4602264629989929
2016,SWZ.4.12_1,Sigwe,183,184.3762,12.333333492279053,0.06739526498513143,0.06689223882731545
2016,SWZ.4.13_1,Somntongo,325,319.7379,226.73333358764648,0.6976410264235277,0.7091225390776149
2016,SWZ.4.14_1,Zombodze,196,195.5506,208.5,1.0637755102040816,1.066220393660217
2017,SWZ.1.1_1,Hhukwini,172,172.2836,1194.466670513153,6.944573665774146,6.933141369223489
2017,SWZ.1.2_1,Lobamba,104,102.2125,2014.5966839790344,19.37112196133687,19.7098770763801
2017,SWZ.1.3_1,Madlangempisi,296,294.5278,676.1666696071625,2.2843468567809544,2.2957648329223055
2017,SWZ.1.4_1,Mayiwane,181,177.9676,635.916672706604,3.5133517829094143,3.573215184236567
2017,SWZ.1.5_1,Mbabane East,46,44.9337,2041.684413909912,44.384443780650265,45.43767191098602
2017,SWZ.1.6_1,Mbabane West,55,55.5724,1343.7957792282104,24.43265053142201,24.18097438671813
2017,SWZ.1.7_1,Mhlangatane,269,273.0456,924.833336353302,3.4380421425773307,3.3871018342197363
2017,SWZ.1.8_1,Motjane,304,304.0791,2778.349999189377,9.139309207859792,9.136932634309096
2017,SWZ.1.9_1,Mphalaleni,555,553.72,186.0,0.33513513513513515,0.335909851548972
2017,SWZ.1.10_1,Ndzingeni,314,313.7969,429.3333343267441,1.3673036125055544,1.3681884150484334
2017,SWZ.1.11_1,Nkhaba,482,483.4863,1674.583333849907,3.47423928184628,3.4635590852042215
2017,SWZ.1.12_1,Ntfonjeni,290,295.9786,796.6666803359985,2.7471264839172362,2.691636454349162
2017,SWZ.1.13_1,Pigg's Peak,477,477.3697,1523.4500012397766,3.1938155162259467,3.191341946500637
2017,SWZ.1.14_1,Timpisini,95,93.6568,532.0166711807251,5.600175486112896,5.680490148292776
2017,SWZ.2.1_1,Dvokodvweni,514,514.5856,2058.7539924383163,4.0053579619422495,4.000799761345223
2017,SWZ.2.2_1,Hlane,467,463.194,2228.641569852829,4.772251755573509,4.811465054306504
2017,SWZ.2.3_1,Lomahasha,324,330.5687,413.23333513736725,1.2754115282017509,1.2500679470459
2017,SWZ.2.4_1,Lubuli,447,450.7926,349.66666781902313,0.7822520532864052,0.7756707792433691
2017,SWZ.2.5_1,Lugongolweni,469,471.7707,322.0023822784424,0.6865722436640562,0.6825399623916099
2017,SWZ.2.6_1,Matsanjeni North,396,398.1679,0.0,0.0,0.0
2017,SWZ.2.7_1,Mhlume,789,792.9066,3576.5666757822037,4.53303761189126,4.510703830492989
2017,SWZ.2.8_1,Mpholonjeni,595,593.3326,260.6666669845581,0.43809523862950944,0.4393263553583204
2017,SWZ.2.9_1,Nkilongo,645,649.9012,1675.7928615808487,2.598128467567207,2.5785346718226703
2017,SWZ.2.10_1,Siphofaneni,551,549.6347,887.333337187767,1.610405330649305,1.6144056608969708
2017,SWZ.2.11_1,Sithobela,638,636.587,298.1666669845581,0.46734587301654873,0.46838320607859285
2017,SWZ.3.1_1,Ekukhanyeni,176,175.1279,1274.2236326932907,7.239907003939152,7.275961750197476
2017,SWZ.3.2_1,Kwaluseni,28,28.4469,1267.6518058776855,45.273278781345915,44.56197621465552
2017,SWZ.3.3_1,Lamgabhi,113,113.5018,526.8333377838135,4.662241927290385,4.641628271024542
2017,SWZ.3.4_1,Lobamba Lomdzala,179,176.172,2268.6762976646423,12.674169260696326,12.877623709424341
2017,SWZ.3.5_1,Ludzeludze,196,197.7914,2391.5333337783813,12.201700682542763,12.091187941445957
2017,SWZ.3.6_1,Mafutseni,183,183.7175,1243.4000148773193,6.79453560042251,6.767999352441765
2017,SWZ.3.7_1,Mahlangatja,465,466.3647,58.0,0.12473118279569892,0.12436619462245861
2017,SWZ.3.8_1,Mangcongco,434,436.0596,264.0,0.6082949308755761,0.6054218344081664
2017,SWZ.3.9_1,Manzini North,44,45.1104,1742.609260559082,39.60475592179732,38.62983858758983
2017,SWZ.3.10_1,Manzini South,14,11.5656,530.0,37.857142857142854,45.82536324497134
2017,SWZ.3.11_1,Mhlambanyatsi,462,464.0452,912.5833348035812,1.9752886034709551,1.9665829817842713
2017,SWZ.3.12_1,Mkhiweni,495,497.2437,1125.8333358764648,2.274410779548414,2.2641479075743756
2017,SWZ.3.13_1,Mthongwaneni,249,245.8915,1051.3833453655243,4.222423073757126,4.2758025013478145
2017,SWZ.3.14_1,Ngwenpisi,581,576.2721,488.5500029325485,0.840877801949309,0.8477765712343057
2017,SWZ.3.15_1,Nhlambeni,267,271.108,1513.4396271705627,5.668313210376639,5.582422860283425
2017,SWZ.3.16_1,Ntondozi,238,235.9429,887.5500048398972,3.7292017010079714,3.7617151434876366
2017,SWZ.4.1_1,Gege,545,547.7076,294.5000014305115,0.5403669751018559,0.5376956482032447
2017,SWZ.4.2_1,Hosea,271,268.1887,198.33333432674408,0.7318573222389081,0.7395290551115782
2017,SWZ.4.3_1,Kubuta,217,215.9747,17.0,0.07834101382488479,0.07871292227406564
2017,SWZ.4.4_1,Maseyisini,219,216.3059,1405.238109588623,6.41661237255079,6.496532707400811
2017,SWZ.4.5_1,Matsanjeni South,423,424.0832,120.33333396911621,0.284475966830062,0.2837493211429279
2017,SWZ.4.6_1,Mbangweni,302,304.8251,982.7122339010239,3.254014019539814,3.223856495506686
2017,SWZ.4.7_1,Mtsambama,255,256.7353,392.28333604335785,1.5383660236994425,1.527968294194257
2017,SWZ.4.8_1,Ngudzeni,129,130.2276,0.0,0.0,0.0
2017,SWZ.4.9_1,Nkwene,297,297.7612,85.0,0.28619528619528617,0.2854636085296265
2017,SWZ.4.10_1,Sandleni,191,188.2562,23.0,0.12041884816753927,0.12217394736931896
2017,SWZ.4.11_1,Shiselweni,217,215.1115,316.33333349227905,1.4577572971994426,1.4705552646649742
2017,SWZ.4.12_1,Sigwe,183,184.3762,22.166666865348816,0.12112932713305363,0.1202252395826891
2017,SWZ.4.13_1,Somntongo,325,319.7379,240.73333358764648,0.7407179495004507,0.7529084058930425
2017,SWZ.4.14_1,Zombodze,196,195.5506,492.5000014305115,2.512755109339344,2.518530193778884
2018,SWZ.1.1_1,Hhukwini,172,172.2836,1194.466670513153,6.944573665774146,6.933141369223489
2018,SWZ.1.2_1,Lobamba,104,102.2125,2014.5966839790344,19.37112196133687,19.7098770763801
2018,SWZ.1.3_1,Madlangempisi,296,294.5278,676.1666696071625,2.2843468567809544,2.2957648329223055
2018,SWZ.1.4_1,Mayiwane,181,177.9676,681.5166747570038,3.7652854958950486,3.8294415527546373
2018,SWZ.1.5_1,Mbabane East,46,44.9337,2041.684413909912,44.384443780650265,45.43767191098602
2018,SWZ.1.6_1,Mbabane West,55,55.5724,1343.7957792282104,24.43265053142201,24.18097438671813
2018,SWZ.1.7_1,Mhlangatane,269,273.0456,999.3333369493484,3.7149938176555706,3.659950009938872
2018,SWZ.1.8_1,Motjane,304,304.0791,2693.6833329200745,8.860800437237087,8.85849628672875
2018,SWZ.1.9_1,Mphalaleni,555,553.72,177.0,0.31891891891891894,0.31965614905466694
2018,SWZ.1.10_1,Ndzingeni,314,313.7969,404.5833343267441,1.288481956454599,1.2893157523292662
2018,SWZ.1.11_1,Nkhaba,482,483.4863,1658.2500005960464,3.4403526983320467,3.4297766728037486
2018,SWZ.1.12_1,Ntfonjeni,290,295.9786,846.0000146627426,2.917241429871526,2.8583151976254033
2018,SWZ.1.13_1,Pigg's Peak,477,477.3697,1519.4500012397766,3.1854297719911457,3.182962696918692
2018,SWZ.1.14_1,Timpisini,95,93.6568,535.3500051498413,5.635263212103593,5.716081083310867
2018,SWZ.2.1_1,Dvokodvweni,514,514.5856,2057.7539924383163,4.003412436650421,3.998856450111322
2018,SWZ.2.2_1,Hlane,467,463.194,2249.641569852829,4.817219635659162,4.8568024326930646
2018,SWZ.2.3_1,Lomahasha,324,330.5687,414.23333513736725,1.2784979479548373,1.2530930368456625
2018,SWZ.2.4_1,Lubuli,447,450.7926,363.16666781902313,0.8124533955682844,0.8056180303928703
2018,SWZ.2.5_1,Lugongolweni,469,471.7707,345.0023822784424,0.7356127553911351,0.7312924561586661
2018,SWZ.2.6_1,Matsanjeni North,396,398.1679,0.0,0.0,0.0
2018,SWZ.2.7_1,Mhlume,789,792.9066,3653.5666761398315,4.63062950081094,4.607814894831011
2018,SWZ.2.8_1,Mpholonjeni,595,593.3326,262.6666669845581,0.44145658316732456,0.4426971458045292
2018,SWZ.2.9_1,Nkilongo,645,649.9012,1744.7928636074066,2.705105214895204,2.6847046536028025
2018,SWZ.2.10_1,Siphofaneni,551,549.6347,895.8333390951157,1.6258318313885947,1.6298704818630683
2018,SWZ.2.11_1,Sithobela,638,636.587,319.6666669845581,0.5010449325776772,0.5021570649493139
2018,SWZ.3.1_1,Ekukhanyeni,176,175.1279,1276.2236326932907,7.2512706403027885,7.287381977484924
2018,SWZ.3.2_1,Kwaluseni,28,28.4469,1267.6518058776855,45.273278781345915,44.56197621465552
2018,SWZ.3.3_1,Lamgabhi,113,113.5018,527.8333377838135,4.671091484812509,4.650438701075439
2018,SWZ.3.4_1,Lobamba Lomdzala,179,176.172,2270.187409877777,12.68261122836747,12.886201193344588
2018,SWZ.3.5_1,Ludzeludze,196,197.7914,2391.5333337783813,12.201700682542763,12.091187941445957
2018,SWZ.3.6_1,Mafutseni,183,183.7175,1243.4000148773193,6.79453560042251,6.767999352441765
2018,SWZ.3.7_1,Mahlangatja,465,466.3647,45.0,0.0967741935483871,0.09649101306914892
2018,SWZ.3.8_1,Mangcongco,434,436.0596,298.5,0.6877880184331797,0.6845394604955973
2018,SWZ.3.9_1,Manzini North,44,45.1104,1742.609260559082,39.60475592179732,38.62983858758983
2018,SWZ.3.10_1,Manzini South,14,11.5656,530.0,37.857142857142854,45.82536324497134
2018,SWZ.3.11_1,Mhlambanyatsi,462,464.0452,889.5833348035812,1.9255050536874052,1.9170188413315272
2018,SWZ.3.12_1,Mkhiweni,495,497.2437,1129.8333358764648,2.282491587629222,2.2721922524535816
2018,SWZ.3.13_1,Mthongwaneni,249,245.8915,1051.3833453655243,4.222423073757126,4.2758025013478145
2018,SWZ.3.14_1,Ngwenpisi,581,576.2721,498.0500029325485,0.8572289207100663,0.8642618386140664
2018,SWZ.3.15_1,Nhlambeni,267,271.108,1512.9396271705627,5.666440551200609,5.580578576983298
2018,SWZ.3.16_1,Ntondozi,238,235.9429,884.5500048398972,3.7165966589911643,3.7490002030685914
2018,SWZ.4.1_1,Gege,545,547.7076,243.50000143051147,0.4467889934504798,0.44458027324513644
2018,SWZ.4.2_1,Hosea,271,268.1887,192.33333432674408,0.709717100836694,0.7171567476740425
2018,SWZ.4.3_1,Kubuta,217,215.9747,17.0,0.07834101382488479,0.07871292227406564
2018,SWZ.4.4_1,Maseyisini,219,216.3059,1394.738109588623,6.368667167071338,6.447990333718903
2018,SWZ.4.5_1,Matsanjeni South,423,424.0832,129.0833339691162,0.3051615460262795,0.3043820625297645
2018,SWZ.4.6_1,Mbangweni,302,304.8251,982.7122339010239,3.254014019539814,3.223856495506686
2018,SWZ.4.7_1,Mtsambama,255,256.7353,384.28333604335785,1.5069934746798348,1.4968077904704817
2018,SWZ.4.8_1,Ngudzeni,129,130.2276,0.0,0.0,0.0
2018,SWZ.4.9_1,Nkwene,297,297.7612,82.0,0.2760942760942761,0.2753884223462279
2018,SWZ.4.10_1,Sandleni,191,188.2562,23.0,0.12041884816753927,0.12217394736931896
2018,SWZ.4.11_1,Shiselweni,217,215.1115,334.33333349227905,1.540706605955203,1.5542328033920638
2018,SWZ.4.12_1,Sigwe,183,184.3762,20.50000023841858,0.11202185922633104,0.11118574818128274
2018,SWZ.4.13_1,Somntongo,325,319.7379,240.73333358764648,0.7407179495004507,0.7529084058930425
2018,SWZ.4.14_1,Zombodze,196,195.5506,496.5000014305115,2.5331632726046505,2.538985261283157
2019,SWZ.1.1_1,Hhukwini,172,172.2836,1200.966670513153,6.982364363448564,6.9708698550929125
2019,SWZ.1.2_1,Lobamba,104,102.2125,2016.596685886383,19.390352748907528,19.729444164949165
2019,SWZ.1.3_1,Madlangempisi,296,294.5278,681.1666696071625,2.301238748672846,2.312741156483596
2019,SWZ.1.4_1,Mayiwane,181,177.9676,705.5166747570038,3.8978821809779216,3.9642975301214136
2019,SWZ.1.5_1,Mbabane East,46,44.9337,2041.684413909912,44.384443780650265,45.43767191098602
2019,SWZ.1.6_1,Mbabane West,55,55.5724,1343.7957792282104,24.43265053142201,24.18097438671813
2019,SWZ.1.7_1,Mhlangatane,269,273.0456,1002.3333369493484,3.7261462340124476,3.670937184712141
2019,SWZ.1.8_1,Motjane,304,304.0791,2696.3499999046326,8.869572368107344,8.86726593655802
2019,SWZ.1.9_1,Mphalaleni,555,553.72,146.0,0.26306306306306304,0.2636711737965049
2019,SWZ.1.10_1,Ndzingeni,314,313.7969,418.5833343267441,1.3330679437157456,1.3339305918471789
2019,SWZ.1.11_1,Nkhaba,482,483.4863,1680.5833339691162,3.486687414873685,3.4759689512909318
2019,SWZ.1.12_1,Ntfonjeni,290,295.9786,857.3333487510681,2.9563218922450623,2.8966062620497235
2019,SWZ.1.13_1,Pigg's Peak,477,477.3697,1549.4500012397766,3.248322853752152,3.2458070687832796
2019,SWZ.1.14_1,Timpisini,95,93.6568,535.6833385229111,5.6387719844516955,5.7196401765581095
2019,SWZ.2.1_1,Dvokodvweni,514,514.5856,2114.9206594228745,4.1146316331184325,4.109949076267127
2019,SWZ.2.2_1,Hlane,467,463.194,2272.141569852829,4.8653995071795055,4.905378195250094
2019,SWZ.2.3_1,Lomahasha,324,330.5687,455.93333518505096,1.4072016518057129,1.3792392816400074
2019,SWZ.2.4_1,Lubuli,447,450.7926,355.16666781902313,0.7945563038456893,0.7878715111931659
2019,SWZ.2.5_1,Lugongolweni,469,471.7707,347.0023822784424,0.7398771477152289,0.7355318034427579
2019,SWZ.2.6_1,Matsanjeni North,396,398.1679,0.0,0.0,0.0
2019,SWZ.2.7_1,Mhlume,789,792.9066,3721.733344078064,4.71702578463633,4.693785513598711
2019,SWZ.2.8_1,Mpholonjeni,595,593.3326,349.6666669845581,0.5876750705622825,0.5893265302146122
2019,SWZ.2.9_1,Nkilongo,645,649.9012,1766.7928636074066,2.739213742026987,2.718555951147169
2019,SWZ.2.10_1,Siphofaneni,551,549.6347,896.8333390951157,1.6276467134212624,1.631689872156702
2019,SWZ.2.11_1,Sithobela,638,636.587,324.6666669845581,0.5088819231732886,0.5100114507332025
2019,SWZ.3.1_1,Ekukhanyeni,176,175.1279,1277.2236326932907,7.256952458484606,7.293092091128647
2019,SWZ.3.2_1,Kwaluseni,28,28.4469,1267.6518058776855,45.273278781345915,44.56197621465552
2019,SWZ.3.3_1,Lamgabhi,113,113.5018,530.8333377838135,4.69764015737888,4.676869991228128
2019,SWZ.3.4_1,Lobamba Lomdzala,179,176.172,2270.187409877777,12.68261122836747,12.886201193344588
2019,SWZ.3.5_1,Ludzeludze,196,197.7914,2395.5333337783813,12.222108845808068,12.11141126473511
2019,SWZ.3.6_1,Mafutseni,183,183.7175,1247.1500148773193,6.815027403701198,6.788411124412156
2019,SWZ.3.7_1,Mahlangatja,465,466.3647,52.0,0.11182795698924732,0.11150072621323875
2019,SWZ.3.8_1,Mangcongco,434,436.0596,295.5,0.6808755760368663,0.6776596669227772
2019,SWZ.3.9_1,Manzini North,44,45.1104,1742.609260559082,39.60475592179732,38.62983858758983
2019,SWZ.3.10_1,Manzini South,14,11.5656,530.0,37.857142857142854,45.82536324497134
2019,SWZ.3.11_1,Mhlambanyatsi,462,464.0452,887.5833348035812,1.921176049358401,1.9127089160747668
2019,SWZ.3.12_1,Mkhiweni,495,497.2437,1242.8333358764648,2.51077441591205,2.4994449952911575
2019,SWZ.3.13_1,Mthongwaneni,249,245.8915,1052.3833453655243,4.226439138014154,4.279869336266016
2019,SWZ.3.14_1,Ngwenpisi,581,576.2721,549.8833373785019,0.9464429214776281,0.9542077730904978
2019,SWZ.3.15_1,Nhlambeni,267,271.108,1516.9396271705627,5.681421824608849,5.595332843384316
2019,SWZ.3.16_1,Ntondozi,238,235.9429,903.5500048398972,3.7964285917642737,3.82952815905588
2019,SWZ.4.1_1,Gege,545,547.7076,240.50000143051147,0.4412844062945165,0.4391028982476007
2019,SWZ.4.2_1,Hosea,271,268.1887,190.33333432674408,0.702337027035956,0.7096993118615306
2019,SWZ.4.3_1,Kubuta,217,215.9747,20.0,0.09216589861751152,0.09260343796948897
2019,SWZ.4.4_1,Maseyisini,219,216.3059,1409.738109588623,6.43716031775627,6.517336581835914
2019,SWZ.4.5_1,Matsanjeni South,423,424.0832,158.50000095367432,0.3747044939803175,0.37374737479891684
2019,SWZ.4.6_1,Mbangweni,302,304.8251,1011.7122339010239,3.3500405096060395,3.318993032067917
2019,SWZ.4.7_1,Mtsambama,255,256.7353,379.28333604335785,1.4873856315425797,1.477332475643122
2019,SWZ.4.8_1,Ngudzeni,129,130.2276,4.0,0.031007751937984496,0.03071544926643289
2019,SWZ.4.9_1,Nkwene,297,297.7612,92.0,0.30976430976430974,0.30897237629088986
2019,SWZ.4.10_1,Sandleni,191,188.2562,37.0,0.193717277486911,0.1965406979419479
2019,SWZ.4.11_1,Shiselweni,217,215.1115,375.33333349227905,1.7296466981211016,1.744831641603768
2019,SWZ.4.12_1,Sigwe,183,184.3762,16.50000023841858,0.09016393572906327,0.0894909683006636
2019,SWZ.4.13_1,Somntongo,325,319.7379,242.73333358764648,0.7468717956542968,0.7591635297238178
2019,SWZ.4.14_1,Zombodze,196,195.5506,517.5000014305115,2.6403061297475077,2.646374365680589
2020,SWZ.1.1_1,Hhukwini,172,172.2836,1285.2809574604034,7.472563706165136,7.460262221812888
2020,SWZ.1.2_1,Lobamba,104,102.2125,2079.8305357694626,19.99837053624483,20.348094745570663
2020,SWZ.1.3_1,Madlangempisi,296,294.5278,870.2500050067902,2.9400338006986155,2.9547291328420218
2020,SWZ.1.4_1,Mayiwane,181,177.9676,804.766676068306,4.446224729659149,4.52198319389181
2020,SWZ.1.5_1,Mbabane East,46,44.9337,2121.7285346984863,46.12453336301057,47.21905324201628
2020,SWZ.1.6_1,Mbabane West,55,55.5724,1343.7957792282104,24.43265053142201,24.18097438671813
2020,SWZ.1.7_1,Mhlangatane,269,273.0456,1184.6666731834412,4.403965327819484,4.338713262111208
2020,SWZ.1.8_1,Motjane,304,304.0791,2747.016668319702,9.036239040525336,9.033889269200932
2020,SWZ.1.9_1,Mphalaleni,555,553.72,271.0,0.4882882882882883,0.4894170417729646
2020,SWZ.1.10_1,Ndzingeni,314,313.7969,639.7000024318695,2.0372611542416226,2.0385794962933037
2020,SWZ.1.11_1,Nkhaba,482,483.4863,1854.0833356380463,3.8466459245602618,3.8348209086204146
2020,SWZ.1.12_1,Ntfonjeni,290,295.9786,981.3333559036255,3.3839081238056052,3.3155555514195436
2020,SWZ.1.13_1,Pigg's Peak,477,477.3697,1597.1166684627533,3.348252973716464,3.3456597941334896
2020,SWZ.1.14_1,Timpisini,95,93.6568,563.8500053882599,5.935263214613262,6.020383522220123
2020,SWZ.2.1_1,Dvokodvweni,514,514.5856,2253.320664048195,4.383892342506216,4.378903360027551
2020,SWZ.2.2_1,Hlane,467,463.194,2579.858239531517,5.524321712058923,5.569714723301286
2020,SWZ.2.3_1,Lomahasha,324,330.5687,636.9333375692368,1.9658436344729528,1.9267805426094011
2020,SWZ.2.4_1,Lubuli,447,450.7926,502.16666781902313,1.123415364248374,1.1139638014877342
2020,SWZ.2.5_1,Lugongolweni,469,471.7707,399.1690490245819,0.8511067143381278,0.8461081119379436
2020,SWZ.2.6_1,Matsanjeni North,396,398.1679,0.0,0.0,0.0
2020,SWZ.2.7_1,Mhlume,789,792.9066,4103.183350086212,5.2004858682968464,5.174863642211042
2020,SWZ.2.8_1,Mpholonjeni,595,593.3326,520.1666669845581,0.874229692411022,0.8766864157539129
2020,SWZ.2.9_1,Nkilongo,645,649.9012,1896.153979063034,2.93977361095044,2.9176032970544235
2020,SWZ.2.10_1,Siphofaneni,551,549.6347,1090.400008559227,1.97894738395504,1.9838631917506975
2020,SWZ.2.11_1,Sithobela,638,636.587,466.3333339691162,0.7309299905472041,0.7325523817760816
2020,SWZ.3.1_1,Ekukhanyeni,176,175.1279,1417.4593769311905,8.05374645983631,8.093854127639265
2020,SWZ.3.2_1,Kwaluseni,28,28.4469,1267.6518058776855,45.273278781345915,44.56197621465552
2020,SWZ.3.3_1,Lamgabhi,113,113.5018,596.0000057220459,5.274336333823415,5.251016360747915
2020,SWZ.3.4_1,Lobamba Lomdzala,179,176.172,2271.312409877777,12.688896144568588,12.892586999326701
2020,SWZ.3.5_1,Ludzeludze,196,197.7914,2411.1000024080276,12.301530624530754,12.19011370779322
2020,SWZ.3.6_1,Mafutseni,183,183.7175,1410.5333565473557,7.707832549439102,7.677729394793293
2020,SWZ.3.7_1,Mahlangatja,465,466.3647,178.0,0.3827956989247312,0.3816755628068558
2020,SWZ.3.8_1,Mangcongco,434,436.0596,351.33333337306976,0.8095238096153681,0.8057002696191659
2020,SWZ.3.9_1,Manzini North,44,45.1104,1789.9454317092896,40.680577993392944,39.679178042092886
2020,SWZ.3.10_1,Manzini South,14,11.5656,530.0,37.857142857142854,45.82536324497134
2020,SWZ.3.11_1,Mhlambanyatsi,462,464.0452,1021.7500032186508,2.2115800935468632,2.2018330724835167
2020,SWZ.3.12_1,Mkhiweni,495,497.2437,1689.0000075101852,3.4121212272933037,3.3967246403484586
2020,SWZ.3.13_1,Mthongwaneni,249,245.8915,1281.221450328827,5.145467672003321,5.21051613214579
2020,SWZ.3.14_1,Ngwenpisi,581,576.2721,754.1333373785019,1.2979919748339104,1.3086410217553515
2020,SWZ.3.15_1,Nhlambeni,267,271.108,1654.2693899869919,6.195765505569258,6.101882819729911
2020,SWZ.3.16_1,Ntondozi,238,235.9429,972.9666718244553,4.088095259766619,4.123737753988341
2020,SWZ.4.1_1,Gege,545,547.7076,299.1666684150696,0.5489296668166415,0.546216009890926
2020,SWZ.4.2_1,Hosea,271,268.1887,195.83333432674408,0.7226322299879855,0.7302072603459383
2020,SWZ.4.3_1,Kubuta,217,215.9747,20.0,0.09216589861751152,0.09260343796948897
2020,SWZ.4.4_1,Maseyisini,219,216.3059,1578.4083516597748,7.207344071505821,7.297113145610741
2020,SWZ.4.5_1,Matsanjeni South,423,424.0832,222.16666793823242,0.5252167090738356,0.5238751319251155
2020,SWZ.4.6_1,Mbangweni,302,304.8251,1089.6139439344406,3.607993191835896,3.574555062577454
2020,SWZ.4.7_1,Mtsambama,255,256.7353,379.78333604335785,1.4893464158563052,1.479280007125858
2020,SWZ.4.8_1,Ngudzeni,129,130.2276,9.0,0.06976744186046512,0.069109760849474
2020,SWZ.4.9_1,Nkwene,297,297.7612,133.0,0.4478114478114478,0.44666658746400384
2020,SWZ.4.10_1,Sandleni,191,188.2562,49.0,0.25654450261780104,0.26028362700420127
2020,SWZ.4.11_1,Shiselweni,217,215.1115,484.5833330154419,2.233102917121852,2.252707811938989
2020,SWZ.4.12_1,Sigwe,183,184.3762,17.50000023841858,0.09562841660338021,0.09491466327081838
2020,SWZ.4.13_1,Somntongo,325,319.7379,267.4000005722046,0.8227692325298602,0.8363100579642726
2020,SWZ.4.14_1,Zombodze,196,195.5506,580.5833384990692,2.9621598903013737,2.968967845213624
2021,SWZ.1.1_1,Hhukwini,172,172.2836,1354.9452495574951,7.877588660217995,7.864620415657273
2021,SWZ.1.2_1,Lobamba,104,102.2125,2081.4305361509323,20.013755155297424,20.363748405229547
2021,SWZ.1.3_1,Madlangempisi,296,294.5278,897.8333394527435,3.0332207413944037,3.0483818549327815
2021,SWZ.1.4_1,Mayiwane,181,177.9676,852.600009560585,4.710497290389973,4.790758649675654
2021,SWZ.1.5_1,Mbabane East,46,44.9337,2137.8908462524414,46.475887962009594,47.57874536911901
2021,SWZ.1.6_1,Mbabane West,55,55.5724,1343.7957792282104,24.43265053142201,24.18097438671813
2021,SWZ.1.7_1,Mhlangatane,269,273.0456,1213.35000705719,4.510594821773941,4.443762862894842
2021,SWZ.1.8_1,Motjane,304,304.0791,2767.883334994316,9.104879391428671,9.102511770960668
2021,SWZ.1.9_1,Mphalaleni,555,553.72,303.0,0.5459459459459459,0.5472079839749383
2021,SWZ.1.10_1,Ndzingeni,314,313.7969,640.366669178009,2.0393842967452516,2.0407040127140856
2021,SWZ.1.11_1,Nkhaba,482,483.4863,1938.3787969350815,4.0215327737242355,4.009170136225349
2021,SWZ.1.12_1,Ntfonjeni,290,295.9786,988.8333566188812,3.4097701952375217,3.340895227134754
2021,SWZ.1.13_1,Pigg's Peak,477,477.3697,1597.1166684627533,3.348252973716464,3.3456597941334896
2021,SWZ.1.14_1,Timpisini,95,93.6568,567.8500062227249,5.977368486554999,6.063092645005531
2021,SWZ.2.1_1,Dvokodvweni,514,514.5856,2386.4873336553574,4.642971466255559,4.637687645056417
2021,SWZ.2.2_1,Hlane,467,463.194,2736.3713349103928,5.859467526574717,5.907614410331951
2021,SWZ.2.3_1,Lomahasha,324,330.5687,677.5444512367249,2.091186577891126,2.049632808321916
2021,SWZ.2.4_1,Lubuli,447,450.7926,571.1666678190231,1.2777777803557564,1.2670275295851845
2021,SWZ.2.5_1,Lugongolweni,469,471.7707,452.1690480709076,0.9641131088931931,0.9584508129448992
2021,SWZ.2.6_1,Matsanjeni North,396,398.1679,0.0,0.0,0.0
2021,SWZ.2.7_1,Mhlume,789,792.9066,4415.773835539818,5.596671527933863,5.569097338358443
2021,SWZ.2.8_1,Mpholonjeni,595,593.3326,539.1666669845581,0.9061624655202657,0.9087089249928966
2021,SWZ.2.9_1,Nkilongo,645,649.9012,1992.653979063034,3.0893860140512155,3.0660873976467586
2021,SWZ.2.10_1,Siphofaneni,551,549.6347,1233.5166764259338,2.2386872530416224,2.2442482681245735
2021,SWZ.2.11_1,Sithobela,638,636.587,534.5000007152557,0.8377742957919369,0.8396338414212718
2021,SWZ.3.1_1,Ekukhanyeni,176,175.1279,1473.96611225605,8.374807456000285,8.416514007980044
2021,SWZ.3.2_1,Kwaluseni,28,28.4469,1267.6518058776855,45.273278781345915,44.56197621465552
2021,SWZ.3.3_1,Lamgabhi,113,113.5018,616.8333396911621,5.4587021211607265,5.434566992409776
2021,SWZ.3.4_1,Lobamba Lomdzala,179,176.172,2273.7124104499817,12.702303968994311,12.906210055336528
2021,SWZ.3.5_1,Ludzeludze,196,197.7914,2448.016668200493,12.489880960206596,12.37675812456287
2021,SWZ.3.6_1,Mafutseni,183,183.7175,1516.8333586454391,8.28870687784393,8.256335102334138
2021,SWZ.3.7_1,Mahlangatja,465,466.3647,186.0,0.4,0.39882952068581556
2021,SWZ.3.8_1,Mangcongco,434,436.0596,368.33333337306976,0.8486943165278105,0.8446857665318129
2021,SWZ.3.9_1,Manzini North,44,45.1104,1812.7723560333252,41.199371728030115,40.18520106288512
2021,SWZ.3.10_1,Manzini South,14,11.5656,530.0,37.857142857142854,45.82536324497134
2021,SWZ.3.11_1,Mhlambanyatsi,462,464.0452,1051.1166704893112,2.2751443084184224,2.265117142971865
2021,SWZ.3.12_1,Mkhiweni,495,497.2437,1893.0000087022781,3.824242441822784,3.8069862315853777
2021,SWZ.3.13_1,Mthongwaneni,249,245.8915,1349.9666986465454,5.4215530066126325,5.490091708464707
2021,SWZ.3.14_1,Ngwenpisi,581,576.2721,759.7333377599716,1.3076305297073523,1.3183586537148557
2021,SWZ.3.15_1,Nhlambeni,267,271.108,1762.221101641655,6.600079032365749,6.500069897779639
2021,SWZ.3.16_1,Ntondozi,238,235.9429,1041.6166725158691,4.37654064082298,4.414697976841263
2021,SWZ.4.1_1,Gege,545,547.7076,283.1666684150696,0.5195718686515038,0.5170033432374019
2021,SWZ.4.2_1,Hosea,271,268.1887,201.83333432674408,0.7447724513901995,0.752579567783474
2021,SWZ.4.3_1,Kubuta,217,215.9747,18.0,0.08294930875576037,0.08334309417254009
2021,SWZ.4.4_1,Maseyisini,219,216.3059,1574.9083516597748,7.191362336346003,7.280932354383438
2021,SWZ.4.5_1,Matsanjeni South,423,424.0832,228.16666793823242,0.539401106236956,0.5380232974475178
2021,SWZ.4.6_1,Mbangweni,302,304.8251,1140.6532324552536,3.776997458461105,3.7419930328677835
2021,SWZ.4.7_1,Mtsambama,255,256.7353,380.78333604335785,1.4932679844837562,1.48317507009133
2021,SWZ.4.8_1,Ngudzeni,129,130.2276,11.0,0.08527131782945736,0.08446748548269044
2021,SWZ.4.9_1,Nkwene,297,297.7612,153.0,0.5151515151515151,0.5138344953533277
2021,SWZ.4.10_1,Sandleni,191,188.2562,39.0,0.20418848167539266,0.20716451945232345
2021,SWZ.4.11_1,Shiselweni,217,215.1115,503.75,2.3214285714285716,2.341808896320633
2021,SWZ.4.12_1,Sigwe,183,184.3762,35.50000023841858,0.19398907234108514,0.19254117273360452
2021,SWZ.4.13_1,Somntongo,325,319.7379,277.73333394527435,0.854564104446998,0.8686281978808902
2021,SWZ.4.14_1,Zombodze,196,195.5506,614.7000067234039,3.1362245240989997,3.143432533101035
2022,SWZ.1.1_1,Hhukwini,172,172.2836,1421.4214434623718,8.264078159664953,8.250473668333148
2022,SWZ.1.2_1,Lobamba,104,102.2125,2134.0868357419968,20.52006572828843,20.87891315283901
2022,SWZ.1.3_1,Madlangempisi,296,294.5278,931.5833399295807,3.1472410132756106,3.162972040590482
2022,SWZ.1.4_1,Mayiwane,181,177.9676,921.2166777849197,5.08959490488906,5.176315643719175
2022,SWZ.1.5_1,Mbabane East,46,44.9337,2137.8908462524414,46.475887962009594,47.57874536911901
2022,SWZ.1.6_1,Mbabane West,55,55.5724,1343.7957792282104,24.43265053142201,24.18097438671813
2022,SWZ.1.7_1,Mhlangatane,269,273.0456,1248.016674876213,4.639467192848376,4.5707257756063315
2022,SWZ.1.8_1,Motjane,304,304.0791,2825.216668486595,9.293475883179589,9.291059220336077
2022,SWZ.1.9_1,Mphalaleni,555,553.72,690.0,1.2432432432432432,1.2461171912300575
2022,SWZ.1.10_1,Ndzingeni,314,313.7969,802.4333378076553,2.5555201841008133,2.5571738992936863
2022,SWZ.1.11_1,Nkhaba,482,483.4863,2121.962136745453,4.402411072086002,4.388877572480855
2022,SWZ.1.12_1,Ntfonjeni,290,295.9786,1038.3333566188812,3.580459850409935,3.508137070905715
2022,SWZ.1.13_1,Pigg's Peak,477,477.3697,1766.0333352088928,3.7023759647985175,3.6995085214375236
2022,SWZ.1.14_1,Timpisini,95,93.6568,593.0833412408829,6.2429825393777145,6.3325159896934
2022,SWZ.2.1_1,Dvokodvweni,514,514.5856,2695.3778163194656,5.243925712683786,5.237957990062878
2022,SWZ.2.2_1,Hlane,467,463.194,2766.3713349103928,5.923707355268507,5.972382093741324
2022,SWZ.2.3_1,Lomahasha,324,330.5687,707.1158814430237,2.182456424206863,2.13908904020338
2022,SWZ.2.4_1,Lubuli,447,450.7926,675.1666678190231,1.5104399727494924,1.4977322791813417
2022,SWZ.2.5_1,Lugongolweni,469,471.7707,488.9857180118561,1.0426134712406312,1.0364901378066322
2022,SWZ.2.6_1,Matsanjeni North,396,398.1679,3.0,0.007575757575757576,0.00753451059617936
2022,SWZ.2.7_1,Mhlume,789,792.9066,4529.207174539566,5.74044001842784,5.712157497196352
2022,SWZ.2.8_1,Mpholonjeni,595,593.3326,616.9000009298325,1.0368067242518193,1.0397203147002414
2022,SWZ.2.9_1,Nkilongo,645,649.9012,2069.653979063034,3.208765859012456,3.1845669390520412
2022,SWZ.2.10_1,Siphofaneni,551,549.6347,1377.8500138521194,2.5006352338513964,2.506846941285525
2022,SWZ.2.11_1,Sithobela,638,636.587,580.5000007152557,0.9098746092715607,0.9118941906330471
2022,SWZ.3.1_1,Ekukhanyeni,176,175.1279,1534.8619376420975,8.720806463875554,8.764236091362745
2022,SWZ.3.2_1,Kwaluseni,28,28.4469,1267.6518058776855,45.273278781345915,44.56197621465552
2022,SWZ.3.3_1,Lamgabhi,113,113.5018,618.8333396911621,5.476401236204975,5.452187852511569
2022,SWZ.3.4_1,Lobamba Lomdzala,179,176.172,2293.8275003433228,12.814678772867724,13.020388776555743
2022,SWZ.3.5_1,Ludzeludze,196,197.7914,2495.8726266622543,12.734044013582931,12.61870975438398
2022,SWZ.3.6_1,Mafutseni,183,183.7175,1644.05004632473,8.983880034561366,8.948793240930973
2022,SWZ.3.7_1,Mahlangatja,465,466.3647,259.0,0.556989247311828,0.5553593863313239
2022,SWZ.3.8_1,Mangcongco,434,436.0596,392.33333337306976,0.9039938556983175,0.8997241151143736
2022,SWZ.3.9_1,Manzini North,44,45.1104,1854.0575342178345,42.13767123222351,41.1004032286396
2022,SWZ.3.10_1,Manzini South,14,11.5656,530.0,37.857142857142854,45.82536324497134
2022,SWZ.3.11_1,Mhlambanyatsi,462,464.0452,1136.2833372354507,2.459487742933876,2.4486481269935045
2022,SWZ.3.12_1,Mkhiweni,495,497.2437,2007.9166771173477,4.056397327509793,4.038093559860429
2022,SWZ.3.13_1,Mthongwaneni,249,245.8915,1510.5869498252869,6.066614256326453,6.143307754528676
2022,SWZ.3.14_1,Ngwenpisi,581,576.2721,838.4833377599716,1.443172698382051,1.4550128438365557
2022,SWZ.3.15_1,Nhlambeni,267,271.108,1956.5524003505707,7.32791161179989,7.216873835581485
2022,SWZ.3.16_1,Ntondozi,238,235.9429,1090.5000092983246,4.581932812177834,4.621880881732284
2022,SWZ.4.1_1,Gege,545,547.7076,334.6666684150696,0.6140672814955405,0.6110316140284328
2022,SWZ.4.2_1,Hosea,271,268.1887,262.8333343267441,0.9698647023127088,0.9800313600650868
2022,SWZ.4.3_1,Kubuta,217,215.9747,39.0,0.17972350230414746,0.18057670404050352
2022,SWZ.4.4_1,Maseyisini,219,216.3059,1585.283352613449,7.238736769924425,7.3288968470732865
2022,SWZ.4.5_1,Matsanjeni South,423,424.0832,246.16666793823242,0.5819542977263178,0.5804677940147245
2022,SWZ.4.6_1,Mbangweni,302,304.8251,1181.2198989391327,3.911324168672625,3.875074831112985
2022,SWZ.4.7_1,Mtsambama,255,256.7353,421.03333604335785,1.6511111217386583,1.6399513544515745
2022,SWZ.4.8_1,Ngudzeni,129,130.2276,11.0,0.08527131782945736,0.08446748548269044
2022,SWZ.4.9_1,Nkwene,297,297.7612,157.0,0.5286195286195287,0.5272680769311925
2022,SWZ.4.10_1,Sandleni,191,188.2562,97.0,0.5078534031413613,0.5152553432532148
2022,SWZ.4.11_1,Shiselweni,217,215.1115,587.75,2.7085253456221197,2.7323040770470515
2022,SWZ.4.12_1,Sigwe,183,184.3762,48.50000023841858,0.26502732370720533,0.2630492073456167
2022,SWZ.4.13_1,Somntongo,325,319.7379,278.73333394527435,0.8576410275239211,0.8717557597962778
2022,SWZ.4.14_1,Zombodze,196,195.5506,643.4500067234039,3.2829081975683874,3.2904533307879955
