year,gid,name,pixels,area_km2,sum_of_lights,mean_dn,density_sol_per_km2
1992,JPN.1_1,Aichi,5160,5153.2612,202079.0,39.16259689922481,39.21380867506248
1992,JPN.2_1,Akita,11644,11644.2485,67779.0,5.820937822054277,5.820813621777594
1992,JPN.3_1,Aomori,9668,9669.5858,89985.0,9.30750930906082,9.305982857586141
1992,JPN.4_1,Chiba,5041,5043.653,185542.0,36.806585994842294,36.78722555428661
1992,JPN.5_1,Ehime,5744,5749.1445,58225.0,10.136664345403899,10.127593696874897
1992,JPN.6_1,Fukui,4222,4234.7935,38808.0,9.191852202747514,9.164083192218179
1992,JPN.7_1,Fukuoka,5007,5009.451,162173.0,32.38925504293989,32.373407974245005
1992,JPN.8_1,Fukushima,13727,13737.6124,132623.0,9.66147009543236,9.654006549506105
1992,JPN.9_1,Gifu,10593,10604.49,127077.0,11.996318323421127,11.983320318412389
1992,JPN.10_1,Gunma,6356,6369.2448,114131.0,17.956419131529263,17.919078894240112
1992,JPN.11_1,Hiroshima,8439,8429.5365,115355.0,13.669273610617372,13.684619590054927
1992,JPN.12_1,Hokkaido,78068,78057.8729,553820.0,7.094071834810678,7.094992204837786
1992,JPN.13_1,Hyōgo,8374,8381.5378,156344.0,18.670169572486266,18.6533789603847
1992,JPN.14_1,Ibaraki,6107,6104.7746,200639.0,32.853938103815295,32.865914716576704
1992,JPN.15_1,Ishikawa,4239,4235.9363,49602.0,11.70134465675867,11.709807932435245
1992,JPN.16_1,Iwate,15227,15235.4897,88495.0,5.811716030734879,5.808477549844205
1992,JPN.17_1,Kagawa,1725,1726.8204,48629.0,28.19072463768116,28.16100559295887
1992,JPN.18_1,Kagoshima,9133,9132.5251,71660.0,7.84627176174313,7.846679738106615
1992,JPN.19_1,Kanagawa,2368,2383.8543,113526.0,47.941722972972975,47.6228767418319
1992,JPN.20_1,Kochi,7039,7043.2037,33514.0,4.761187668702941,4.758346006780038
1992,JPN.21_1,Kumamoto,7563,7563.7347,90140.0,11.91855083961391,11.917393142815122
1992,JPN.22_1,Kyoto,4621,4622.477,72305.0,15.647046093919066,15.642046455676331
1992,JPN.23_1,Mie,5781,5776.6248,111204.0,19.236118318629995,19.250687852907035
1992,JPN.24_1,Miyagi,7226,7222.974,110941.0,15.353030722391365,15.359462674617333
1992,JPN.25_1,Miyazaki,7683,7678.7875,53522.0,6.966289209944033,6.970110808607013
1992,JPN.26_1,Nagano,13579,13579.6204,170782.0,12.576920244495176,12.576345672526758
1992,JPN.27_1,Naoasaki,4195,4204.264,77112.0,18.381883194278902,18.341378937962943
1992,JPN.28_1,Nara,3672,3682.8103,49344.0,13.437908496732026,13.398463731803789
1992,JPN.29_1,Niigata,12698,12687.8946,130972.0,10.314380217357064,10.322595212263474
1992,JPN.30_1,Oita,6337,6344.2168,57629.0,9.094050812687392,9.083705947879174
1992,JPN.31_1,Okayama,7260,7260.1917,103616.0,14.272176308539946,14.271799491088103
1992,JPN.32_1,Okinawa,2346,2339.8476,49369.0,21.04390451832907,21.09923736052362
1992,JPN.33_1,Osaka,1906,1912.6933,96581.0,50.67208814270724,50.49476494214585
1992,JPN.34_1,Saga,2462,2455.4715,58367.0,23.70714865962632,23.770180110634943
1992,JPN.35_1,Saitama,3801,3794.9373,166588.0,43.82741383846356,43.897431403168966
1992,JPN.36_1,Shiga,4020,4017.1723,90827.0,22.593781094527362,22.609684687850965
1992,JPN.37_1,Shimane,6699,6692.1825,36708.0,5.47962382445141,5.485206046174617
1992,JPN.38_1,Shizuoka,7638,7640.1794,170869.0,22.370908614820635,22.36452717262544
1992,JPN.39_1,Tochigi,6409,6403.4361,137365.0,21.43314089561554,21.45176407464761
1992,JPN.40_1,Tokushima,4131,4128.3618,42431.0,10.271362866134108,10.277926607743208
1992,JPN.41_1,Tokyo,2172,2166.6683,91277.0,42.0244014732965,42.1278138057211
1992,JPN.42_1,Tottori,3482,3478.8936,17426.0,5.004595060310167,5.009063852493544
1992,JPN.43_1,Toyama,4281,4269.8203,61185.0,14.292221443587946,14.329642948923357
1992,JPN.44_1,Wakayama,4658,4650.6693,48690.0,10.45298411335337,10.469460845814524
1992,JPN.45_1,Yamagata,9350,9358.1848,84402.0,9.026951871657754,9.019056759424693
1992,JPN.46_1,Yamaguchi,6133,6118.1647,77680.0,12.665905755747595,12.696618017446482
1992,JPN.47_1,Yamanashi,4478,4470.4501,65518.0,14.631085305940152,14.655794974823694
1993,JPN.1_1,Aichi,5160,5153.2612,204880.0,39.70542635658915,39.757347974538675
1993,JPN.2_1,Akita,11644,11644.2485,101456.0,8.713156990724837,8.7129710797012
1993,JPN.3_1,Aomori,9668,9669.5858,115466.0,11.943111294993795,11.941152599144761
1993,JPN.4_1,Chiba,5041,5043.653,186683.0,37.03292997421146,37.01345047563832
1993,JPN.5_1,Ehime,5744,5749.1445,66875.0,11.64258356545961,11.63216536674124
1993,JPN.6_1,Fukui,4222,4234.7935,57905.0,13.71506395073425,13.67363010836409
1993,JPN.7_1,Fukuoka,5007,5009.451,165154.0,32.984621529858195,32.96848316660887
1993,JPN.8_1,Fukushima,13727,13737.6124,153564.0,11.187003715305602,11.178361685140251
1993,JPN.9_1,Gifu,10593,10604.49,144795.0,13.668932313792126,13.6541220323467
1993,JPN.10_1,Gunma,6356,6369.2448,124250.0,19.548458149779737,19.50780727943621
1993,JPN.11_1,Hiroshima,8439,8429.5365,124582.0,14.762649603033534,14.77922307458041
1993,JPN.12_1,Hokkaido,78068,78057.8729,774128.0,9.916073166982631,9.917359657554197
1993,JPN.13_1,Hyōgo,8374,8381.5378,180375.0,21.539885359445904,21.520513930687397
1993,JPN.14_1,Ibaraki,6107,6104.7746,202945.0,33.23153757982643,33.24365184313946
1993,JPN.15_1,Ishikawa,4239,4235.9363,63298.0,14.932295352677519,14.943095490248098
1993,JPN.16_1,Iwate,15227,15235.4897,123354.0,8.101004794115715,8.096490645612542
1993,JPN.17_1,Kagawa,1725,1726.8204,49882.0,28.91710144927536,28.886616648254627
1993,JPN.18_1,Kagoshima,9133,9132.5251,82420.0,9.024416949523705,9.024886184967167
1993,JPN.19_1,Kanagawa,2368,2383.8543,113811.0,48.0620777027027,47.742431027822974
1993,JPN.20_1,Kochi,7039,7043.2037,38778.0,5.5090211677795144,5.505733169747458
1993,JPN.21_1,Kumamoto,7563,7563.7347,97642.0,12.910485257173079,12.909231209793147
1993,JPN.22_1,Kyoto,4621,4622.477,89491.0,19.366154512010386,19.359966521885493
1993,JPN.23_1,Mie,5781,5776.6248,115806.0,20.032174364296836,20.0473468354893
1993,JPN.24_1,Miyagi,7226,7222.974,121706.0,16.84278992526986,16.849845992707632
1993,JPN.25_1,Miyazaki,7683,7678.7875,61004.0,7.940127554340752,7.9444833856780805
1993,JPN.26_1,Nagano,13579,13579.6204,197398.0,14.537005670520657,14.536341552771585
1993,JPN.27_1,Naoasaki,4195,4204.264,81012.0,19.31156138259833,19.269008591688117
1993,JPN.28_1,Nara,3672,3682.8103,52610.0,14.327342047930284,14.285286497450498
1993,JPN.29_1,Niigata,12698,12687.8946,160883.0,12.669948023310758,12.680039134582845
1993,JPN.30_1,Oita,6337,6344.2168,64819.0,10.228657093261797,10.217021566148643
1993,JPN.31_1,Okayama,7260,7260.1917,111245.0,15.323002754820937,15.322598193195027
1993,JPN.32_1,Okinawa,2346,2339.8476,51572.0,21.982949701619777,22.040751669203836
1993,JPN.33_1,Osaka,1906,1912.6933,97485.0,51.14637985309549,50.96739690399859
1993,JPN.34_1,Saga,2462,2455.4715,60039.0,24.386271324126728,24.45110839451079
1993,JPN.35_1,Saitama,3801,3794.9373,168216.0,44.255722178374114,44.3264239976197
1993,JPN.36_1,Shiga,4020,4017.1723,96203.0,23.931094527363182,23.947939445597964
1993,JPN.37_1,Shimane,6699,6692.1825,44137.0,6.5885953127332435,6.595307269805193
1993,JPN.38_1,Shizuoka,7638,7640.1794,175849.0,23.02291175700445,23.016344326817684
1993,JPN.39_1,Tochigi,6409,6403.4361,144854.0,22.60165392416914,22.621292419968732
1993,JPN.40_1,Tokushima,4131,4128.3618,46204.0,11.184701040910191,11.191848435911648
1993,JPN.41_1,Tokyo,2172,2166.6683,92122.0,42.413443830570905,42.517813506257205
1993,JPN.42_1,Tottori,3482,3478.8936,28932.0,8.309017805858701,8.316437242071801
1993,JPN.43_1,Toyama,4281,4269.8203,74209.0,17.334501284746555,17.379888430116097
1993,JPN.44_1,Wakayama,4658,4650.6693,54100.0,11.614426792614855,11.632734273127248
1993,JPN.45_1,Yamagata,9350,9358.1848,108396.0,11.593155080213904,11.583015526819256
1993,JPN.46_1,Yamaguchi,6133,6118.1647,82008.0,13.371596282406653,13.40401970101379
1993,JPN.47_1,Yamanashi,4478,4470.4501,70649.0,15.77690933452434,15.80355412522237
1994,JPN.1_1,Aichi,5160,5153.2612,204960.0,39.72093023255814,39.77287212447016
1994,JPN.2_1,Akita,11644,11644.2485,103902.0,8.923222260391618,8.923031867244067
1994,JPN.3_1,Aomori,9668,9669.5858,121606.0,12.578196110881258,12.576133259761296
1994,JPN.4_1,Chiba,5041,5043.653,187491.0,37.193215631819086,37.17365182222219
1994,JPN.5_1,Ehime,5744,5749.1445,67486.0,11.748955431754874,11.73844204769943
1994,JPN.6_1,Fukui,4222,4234.7935,58107.0,13.76290857413548,13.721330190945725
1994,JPN.7_1,Fukuoka,5007,5009.451,166100.0,33.17355702017176,33.15732621658412
1994,JPN.8_1,Fukushima,13727,13737.6124,156835.0,11.425293217746049,11.416467107453384
1994,JPN.9_1,Gifu,10593,10604.49,145111.0,13.698763334277354,13.68392073093589
1994,JPN.10_1,Gunma,6356,6369.2448,126320.0,19.87413467589679,19.83280656368919
1994,JPN.11_1,Hiroshima,8439,8429.5365,125714.0,14.89678871904254,14.913512783530537
1994,JPN.12_1,Hokkaido,78068,78057.8729,762214.0,9.763462622329252,9.764729313528274
1994,JPN.13_1,Hyōgo,8374,8381.5378,181848.0,21.715786959636972,21.69625733758914
1994,JPN.14_1,Ibaraki,6107,6104.7746,203166.0,33.267725560831835,33.2798530161535
1994,JPN.15_1,Ishikawa,4239,4235.9363,63967.0,15.090115593300307,15.101029878111474
1994,JPN.16_1,Iwate,15227,15235.4897,126195.0,8.2875812701123,8.282963155009767
1994,JPN.17_1,Kagawa,1725,1726.8204,50030.0,29.002898550724638,28.972323301234493
1994,JPN.18_1,Kagoshima,9133,9132.5251,84495.0,9.251615022446074,9.252096071327356
1994,JPN.19_1,Kanagawa,2368,2383.8543,113881.0,48.091638513513516,47.77179523841727
1994,JPN.20_1,Kochi,7039,7043.2037,38302.0,5.441397925841739,5.438150287989766
1994,JPN.21_1,Kumamoto,7563,7563.7347,98800.0,13.063599100885892,13.062330180942247
1994,JPN.22_1,Kyoto,4621,4622.477,89982.0,19.472408569573684,19.466186628513487
1994,JPN.23_1,Mie,5781,5776.6248,116476.0,20.148071267946722,20.16333152004604
1994,JPN.24_1,Miyagi,7226,7222.974,122612.0,16.968170495433156,16.975279089427538
1994,JPN.25_1,Miyazaki,7683,7678.7875,62544.0,8.14057008980867,8.145035880825025
1994,JPN.26_1,Nagano,13579,13579.6204,196783.0,14.491715148390897,14.491053099722645
1994,JPN.27_1,Naoasaki,4195,4204.264,81890.0,19.520858164481524,19.477844190654963
1994,JPN.28_1,Nara,3672,3682.8103,52613.0,14.328159041394336,14.28610109276493
1994,JPN.29_1,Niigata,12698,12687.8946,166987.0,13.150653646243503,13.161127620485605
1994,JPN.30_1,Oita,6337,6344.2168,65950.0,10.40713271264005,10.395294162012728
1994,JPN.31_1,Okayama,7260,7260.1917,111572.0,15.368044077134986,15.36763832631719
1994,JPN.32_1,Okinawa,2346,2339.8476,51833.0,22.094202898550726,22.15229739528896
1994,JPN.33_1,Osaka,1906,1912.6933,97998.0,51.415529905561385,51.23560508589069
1994,JPN.34_1,Saga,2462,2455.4715,61061.0,24.801380991064175,24.867321735492318
1994,JPN.35_1,Saitama,3801,3794.9373,168284.0,44.27361220731387,44.34434260721592
1994,JPN.36_1,Shiga,4020,4017.1723,97402.0,24.229353233830846,24.24640809413566
1994,JPN.37_1,Shimane,6699,6692.1825,45135.0,6.737572772055531,6.744436495970668
1994,JPN.38_1,Shizuoka,7638,7640.1794,174743.0,22.878109452736318,22.871583328316355
1994,JPN.39_1,Tochigi,6409,6403.4361,145316.0,22.6737400530504,22.693441184228092
1994,JPN.40_1,Tokushima,4131,4128.3618,46749.0,11.316630355846042,11.323862058056308
1994,JPN.41_1,Tokyo,2172,2166.6683,92335.0,42.51151012891344,42.616121123078734
1994,JPN.42_1,Tottori,3482,3478.8936,29191.0,8.383400344629523,8.390886199824346
1994,JPN.43_1,Toyama,4281,4269.8203,73704.0,17.216538192011214,17.26161647311346
1994,JPN.44_1,Wakayama,4658,4650.6693,54726.0,11.748819235723486,11.767338555104654
1994,JPN.45_1,Yamagata,9350,9358.1848,108809.0,11.637326203208556,11.627148017064066
1994,JPN.46_1,Yamaguchi,6133,6118.1647,82509.0,13.453285504646992,13.485907003108803
1994,JPN.47_1,Yamanashi,4478,4470.4501,70553.0,15.75547119249665,15.782079777446445
1995,JPN.1_1,Aichi,5160,5153.2612,205884.0,39.9,39.952176056178835
1995,JPN.2_1,Akita,11644,11644.2485,108796.0,9.343524562006184,9.343325200945944
1995,JPN.3_1,Aomori,9668,9669.5858,124322.0,12.859122879602813,12.857013955890695
1995,JPN.4_1,Chiba,5041,5043.653,188989.0,37.49037889307677,37.47065877418089
1995,JPN.5_1,Ehime,5744,5749.1445,70728.0,12.313370473537605,12.302352030786908
1995,JPN.6_1,Fukui,4222,4234.7935,61343.0,14.52936996684036,14.485476068342603
1995,JPN.7_1,Fukuoka,5007,5009.451,169093.0,33.7713201517875,33.75479688104068
1995,JPN.8_1,Fukushima,13727,13737.6124,163691.0,11.92474684927515,11.915534907936058
1995,JPN.9_1,Gifu,10593,10604.49,149928.0,14.153497592749929,14.138162285062856
1995,JPN.10_1,Gunma,6356,6369.2448,131068.0,20.621145374449338,20.578263859164146
1995,JPN.11_1,Hiroshima,8439,8429.5365,131042.0,15.528143144922383,15.545576007281678
1995,JPN.12_1,Hokkaido,78068,78057.8729,777096.0,9.95409130501614,9.955382727981338
1995,JPN.13_1,Hyōgo,8374,8381.5378,187634.0,22.40673513255314,22.38658412125072
1995,JPN.14_1,Ibaraki,6107,6104.7746,204441.0,33.47650237432455,33.48870593738833
1995,JPN.15_1,Ishikawa,4239,4235.9363,66787.0,15.755366831799952,15.766762275383103
1995,JPN.16_1,Iwate,15227,15235.4897,132630.0,8.710185854074998,8.705332249684579
1995,JPN.17_1,Kagawa,1725,1726.8204,50903.0,29.508985507246376,29.47787673401438
1995,JPN.18_1,Kagoshima,9133,9132.5251,88244.0,9.66210445636702,9.662606849141502
1995,JPN.19_1,Kanagawa,2368,2383.8543,114590.0,48.3910472972973,48.069212742865226
1995,JPN.20_1,Kochi,7039,7043.2037,40325.0,5.728796704077284,5.725377535459958
1995,JPN.21_1,Kumamoto,7563,7563.7347,103277.0,13.655559962977655,13.654233543493648
1995,JPN.22_1,Kyoto,4621,4622.477,92034.0,19.916468296905432,19.910104467211333
1995,JPN.23_1,Mie,5781,5776.6248,119299.0,20.63639508735513,20.65202519840974
1995,JPN.24_1,Miyagi,7226,7222.974,126381.0,17.489759202878496,17.49708630966742
1995,JPN.25_1,Miyazaki,7683,7678.7875,64812.0,8.435767278406873,8.440395010041437
1995,JPN.26_1,Nagano,13579,13579.6204,203448.0,14.982546579276825,14.98186210715546
1995,JPN.27_1,Naoasaki,4195,4204.264,84613.0,20.1699642431466,20.125519971961026
1995,JPN.28_1,Nara,3672,3682.8103,53300.0,14.51525054466231,14.472643419770225
1995,JPN.29_1,Niigata,12698,12687.8946,176510.0,13.900614269963773,13.9116855581088
1995,JPN.30_1,Oita,6337,6344.2168,70140.0,11.068328862237651,11.05573817321566
1995,JPN.31_1,Okayama,7260,7260.1917,115777.0,15.94724517906336,15.946824136037941
1995,JPN.32_1,Okinawa,2346,2339.8476,51977.0,22.155583972719523,22.21383986485317
1995,JPN.33_1,Osaka,1906,1912.6933,98301.0,51.57450157397692,51.39402044478602
1995,JPN.34_1,Saga,2462,2455.4715,64276.0,26.107229894394802,26.17664256842345
1995,JPN.35_1,Saitama,3801,3794.9373,168821.0,44.414890818205734,44.485846921233154
1995,JPN.36_1,Shiga,4020,4017.1723,99475.0,24.74502487562189,24.76244271333386
1995,JPN.37_1,Shimane,6699,6692.1825,50433.0,7.528437080161218,7.5361064761557275
1995,JPN.38_1,Shizuoka,7638,7640.1794,176405.0,23.09570568211574,23.089117487004607
1995,JPN.39_1,Tochigi,6409,6403.4361,146803.0,22.905757528475583,22.925660258803138
1995,JPN.40_1,Tokushima,4131,4128.3618,48354.0,11.705156136528686,11.712636119601589
1995,JPN.41_1,Tokyo,2172,2166.6683,92446.0,42.56261510128913,42.66735185297164
1995,JPN.42_1,Tottori,3482,3478.8936,32936.0,9.458931648477886,9.467377886246263
1995,JPN.43_1,Toyama,4281,4269.8203,76643.0,17.90306003270264,17.9499358426793
1995,JPN.44_1,Wakayama,4658,4650.6693,56120.0,12.048089308716188,12.067080358741242
1995,JPN.45_1,Yamagata,9350,9358.1848,113045.0,12.090374331550802,12.079799902480561
1995,JPN.46_1,Yamaguchi,6133,6118.1647,85359.0,13.917984673080058,13.95173297311038
1995,JPN.47_1,Yamanashi,4478,4470.4501,71642.0,15.998660116123268,16.025679410029596
1996,JPN.1_1,Aichi,5160,5153.2612,208311.0,40.3703488372093,40.42313995472533
1996,JPN.2_1,Akita,11644,11644.2485,110444.0,9.48505668155273,9.484854300647761
1996,JPN.3_1,Aomori,9668,9669.5858,127619.0,13.200144807612743,13.197979955573548
1996,JPN.4_1,Chiba,5041,5043.653,191451.0,37.97877405276731,37.95879703567777
1996,JPN.5_1,Ehime,5744,5749.1445,76617.0,13.338614206128133,13.326678338745625
1996,JPN.6_1,Fukui,4222,4234.7935,63256.0,14.982472761724301,14.937210018732042
1996,JPN.7_1,Fukuoka,5007,5009.451,174038.0,34.75893748751748,34.7419310059113
1996,JPN.8_1,Fukushima,13727,13737.6124,167522.0,12.203831864209223,12.194404327954894
1996,JPN.9_1,Gifu,10593,10604.49,156895.0,14.811196072878316,14.7951481492112
1996,JPN.10_1,Gunma,6356,6369.2448,134953.0,21.23237885462555,21.188226283957786
1996,JPN.11_1,Hiroshima,8439,8429.5365,136855.0,16.216968835170043,16.23517501622788
1996,JPN.12_1,Hokkaido,78068,78057.8729,756441.0,9.689514269611108,9.690771366905674
1996,JPN.13_1,Hyōgo,8374,8381.5378,193764.0,23.138762837353713,23.117953492810603
1996,JPN.14_1,Ibaraki,6107,6104.7746,206521.0,33.81709513672835,33.82942285987339
1996,JPN.15_1,Ishikawa,4239,4235.9363,68160.0,16.07926397735315,16.090893687246204
1996,JPN.16_1,Iwate,15227,15235.4897,131985.0,8.667826886451698,8.662996885882675
1996,JPN.17_1,Kagawa,1725,1726.8204,53253.0,30.871304347826086,30.838759399573068
1996,JPN.18_1,Kagoshima,9133,9132.5251,93191.0,10.203766560823388,10.20429711797228
1996,JPN.19_1,Kanagawa,2368,2383.8543,115009.0,48.56798986486486,48.24497851770823
1996,JPN.20_1,Kochi,7039,7043.2037,42205.0,5.9958800966046315,5.992301522234037
1996,JPN.21_1,Kumamoto,7563,7563.7347,108155.0,14.300542112918155,14.29915304372276
1996,JPN.22_1,Kyoto,4621,4622.477,93848.0,20.309024020774725,20.30253475931557
1996,JPN.23_1,Mie,5781,5776.6248,122958.0,21.269330565646083,21.285440065265128
1996,JPN.24_1,Miyagi,7226,7222.974,129390.0,17.90617215610296,17.913673713674267
1996,JPN.25_1,Miyazaki,7683,7678.7875,66851.0,8.701158401666016,8.705931722771709
1996,JPN.26_1,Nagano,13579,13579.6204,208421.0,15.348773841961853,15.348072638882899
1996,JPN.27_1,Naoasaki,4195,4204.264,86664.0,20.658879618593563,20.61335802831752
1996,JPN.28_1,Nara,3672,3682.8103,54922.0,14.956971677559913,14.913067953107323
1996,JPN.29_1,Niigata,12698,12687.8946,183314.0,14.436446684517247,14.447944741936189
1996,JPN.30_1,Oita,6337,6344.2168,73175.0,11.547262111409184,11.534126615697975
1996,JPN.31_1,Okayama,7260,7260.1917,118368.0,16.30413223140496,16.30370176576124
1996,JPN.32_1,Okinawa,2346,2339.8476,52429.0,22.34825234441603,22.407014838763047
1996,JPN.33_1,Osaka,1906,1912.6933,99800.0,52.36096537250787,52.17773207179627
1996,JPN.34_1,Saga,2462,2455.4715,66963.0,27.198619008935825,27.270933416972735
1996,JPN.35_1,Saitama,3801,3794.9373,169888.0,44.69560641936332,44.767010986515054
1996,JPN.36_1,Shiga,4020,4017.1723,102655.0,25.536069651741293,25.5540442999476
1996,JPN.37_1,Shimane,6699,6692.1825,53951.0,8.053590088072847,8.061794469793144
1996,JPN.38_1,Shizuoka,7638,7640.1794,178133.0,23.321942916993976,23.315290186290593
1996,JPN.39_1,Tochigi,6409,6403.4361,148864.0,23.227336557965362,23.247518707154963
1996,JPN.40_1,Tokushima,4131,4128.3618,51421.0,12.447591382231906,12.455545806056032
1996,JPN.41_1,Tokyo,2172,2166.6683,92768.0,42.71086556169429,42.81596712347179
1996,JPN.42_1,Tottori,3482,3478.8936,34980.0,10.045950603101666,10.054921012293365
1996,JPN.43_1,Toyama,4281,4269.8203,78397.0,18.31277738846064,18.360725966605287
1996,JPN.44_1,Wakayama,4658,4650.6693,58148.0,12.48346930012881,12.503146626872518
1996,JPN.45_1,Yamagata,9350,9358.1848,114693.0,12.266631016042782,12.255902430140235
1996,JPN.46_1,Yamaguchi,6133,6118.1647,87696.0,14.299037991195174,14.333710268511672
1996,JPN.47_1,Yamanashi,4478,4470.4501,73281.0,16.3646717284502,16.392309160078987
1997,JPN.1_1,Aichi,5160,5153.2612,208909.0,40.48624031007752,40.5391829754632
1997,JPN.2_1,Akita,11644,11644.2485,110551.0,9.494245963586396,9.494043386611411
1997,JPN.3_1,Aomori,9668,9669.5858,127724.0,13.211005378568473,13.208838745372365
1997,JPN.4_1,Chiba,5041,5043.653,196480.0,38.97639357270383,38.95589180296769
1997,JPN.5_1,Ehime,5744,5749.1445,78096.0,13.596100278551532,13.583934003454564
1997,JPN.6_1,Fukui,4222,4234.7935,64110.0,15.184746565608716,15.138872744101922
1997,JPN.7_1,Fukuoka,5007,5009.451,175863.0,35.123427201917316,35.1062423866775
1997,JPN.8_1,Fukushima,13727,13737.6124,171085.0,12.463393312449917,12.453765263357427
1997,JPN.9_1,Gifu,10593,10604.49,158251.0,14.939205135466818,14.923018514043287
1997,JPN.10_1,Gunma,6356,6369.2448,136415.0,21.462397734424165,21.417766841241775
1997,JPN.11_1,Hiroshima,8439,8429.5365,138468.0,16.408105225737646,16.426525988433323
1997,JPN.12_1,Hokkaido,78068,78057.8729,758295.0,9.713262796536354,9.714522974915079
1997,JPN.13_1,Hyōgo,8374,8381.5378,196242.0,23.434678767614045,23.413603297496635
1997,JPN.14_1,Ibaraki,6107,6104.7746,210617.0,34.48780088423121,34.50037310722858
1997,JPN.15_1,Ishikawa,4239,4235.9363,68625.0,16.18895966029724,16.20066871020057
1997,JPN.16_1,Iwate,15227,15235.4897,133844.0,8.789912655152033,8.785014624344287
1997,JPN.17_1,Kagawa,1725,1726.8204,54240.0,31.443478260869565,31.410330119107716
1997,JPN.18_1,Kagoshima,9133,9132.5251,95511.0,10.457790430307675,10.458334195734034
1997,JPN.19_1,Kanagawa,2368,2383.8543,115787.0,48.89653716216216,48.571340744027715
1997,JPN.20_1,Kochi,7039,7043.2037,43235.0,6.14220769995738,6.138541791583664
1997,JPN.21_1,Kumamoto,7563,7563.7347,110168.0,14.566706333465556,14.565291410668475
1997,JPN.22_1,Kyoto,4621,4622.477,94459.0,20.44124648344514,20.434714973469756
1997,JPN.23_1,Mie,5781,5776.6248,125561.0,21.719598685348554,21.73604922034154
1997,JPN.24_1,Miyagi,7226,7222.974,134091.0,18.556739551619152,18.564513655926238
1997,JPN.25_1,Miyazaki,7683,7678.7875,67774.0,8.821293765456202,8.826132990966924
1997,JPN.26_1,Nagano,13579,13579.6204,210402.0,15.494660873407467,15.493953005533223
1997,JPN.27_1,Naoasaki,4195,4204.264,88211.0,21.027651966626937,20.98131779096184
1997,JPN.28_1,Nara,3672,3682.8103,55841.0,15.207244008714596,15.16260565109548
1997,JPN.29_1,Niigata,12698,12687.8946,185628.0,14.618680107103481,14.63032330621846
1997,JPN.30_1,Oita,6337,6344.2168,74452.0,11.74877702382831,11.735412296439298
1997,JPN.31_1,Okayama,7260,7260.1917,119745.0,16.49380165289256,16.49336617955089
1997,JPN.32_1,Okinawa,2346,2339.8476,52917.0,22.556265984654733,22.615575430063977
1997,JPN.33_1,Osaka,1906,1912.6933,99864.0,52.39454354669465,52.211192741661954
1997,JPN.34_1,Saga,2462,2455.4715,68437.0,27.79731925264013,27.87122545670539
1997,JPN.35_1,Saitama,3801,3794.9373,170525.0,44.86319389634307,44.93486619699731
1997,JPN.36_1,Shiga,4020,4017.1723,103384.0,25.717412935323384,25.73551522970905
1997,JPN.37_1,Shimane,6699,6692.1825,54597.0,8.150022391401702,8.158325010978412
1997,JPN.38_1,Shizuoka,7638,7640.1794,181677.0,23.785938727415555,23.779153638992863
1997,JPN.39_1,Tochigi,6409,6403.4361,152394.0,23.778124512404432,23.798785239266536
1997,JPN.40_1,Tokushima,4131,4128.3618,52392.0,12.682643427741468,12.690748057620187
1997,JPN.41_1,Tokyo,2172,2166.6683,93053.0,42.84208103130755,42.94750548400764
1997,JPN.42_1,Tottori,3482,3478.8936,35356.0,10.15393452039058,10.163001352505551
1997,JPN.43_1,Toyama,4281,4269.8203,78687.0,18.38051857042747,18.428644516171158
1997,JPN.44_1,Wakayama,4658,4650.6693,58981.0,12.662301416917131,12.682260631484626
1997,JPN.45_1,Yamagata,9350,9358.1848,115377.0,12.339786096256685,12.328993527785393
1997,JPN.46_1,Yamaguchi,6133,6118.1647,89431.0,14.581933800750042,14.61729204323193
1997,JPN.47_1,Yamanashi,4478,4470.4501,74976.0,16.74318892362662,16.77146561299767
1998,JPN.1_1,Aichi,5160,5153.2612,209103.0,40.52383720930233,40.576829039047055
1998,JPN.2_1,Akita,11644,11644.2485,116521.0,10.006956372380625,10.006742855798212
1998,JPN.3_1,Aomori,9668,9669.5858,132032.0,13.65659908978072,13.654359378260969
1998,JPN.4_1,Chiba,5041,5043.653,196926.0,39.06486808172981,39.044319773978096
1998,JPN.5_1,Ehime,5744,5749.1445,78826.0,13.723189415041782,13.710909416056001
1998,JPN.6_1,Fukui,4222,4234.7935,64643.0,15.310990052108005,15.264734843191087
1998,JPN.7_1,Fukuoka,5007,5009.451,176386.0,35.227880966646694,35.210645045384744
1998,JPN.8_1,Fukushima,13727,13737.6124,176139.0,12.831572812704888,12.821660342651395
1998,JPN.9_1,Gifu,10593,10604.49,160578.0,15.158878504672897,15.142453867261773
1998,JPN.10_1,Gunma,6356,6369.2448,138510.0,21.792007551919447,21.746691237623416
1998,JPN.11_1,Hiroshima,8439,8429.5365,140543.0,16.653987439270054,16.672684244680244
1998,JPN.12_1,Hokkaido,78068,78057.8729,797490.0,10.21532510119383,10.216650416084804
1998,JPN.13_1,Hyōgo,8374,8381.5378,198301.0,23.68055887270122,23.659262275643748
1998,JPN.14_1,Ibaraki,6107,6104.7746,211671.0,34.66038971671852,34.67302485544938
1998,JPN.15_1,Ishikawa,4239,4235.9363,69030.0,16.284501061571124,16.29627921406405
1998,JPN.16_1,Iwate,15227,15235.4897,138334.0,9.084783608064622,9.079721265383899
1998,JPN.17_1,Kagawa,1725,1726.8204,54346.0,31.504927536231882,31.47171461380951
1998,JPN.18_1,Kagoshima,9133,9132.5251,96823.0,10.601445308222928,10.601996543157922
1998,JPN.19_1,Kanagawa,2368,2383.8543,115917.0,48.951435810810814,48.62587427798856
1998,JPN.20_1,Kochi,7039,7043.2037,43917.0,6.239096462565706,6.235372727211282
1998,JPN.21_1,Kumamoto,7563,7563.7347,111086.0,14.688086738066904,14.686660025102737
1998,JPN.22_1,Kyoto,4621,4622.477,94944.0,20.546202120753083,20.53963707472144
1998,JPN.23_1,Mie,5781,5776.6248,126086.0,21.81041342328317,21.826932741822564
1998,JPN.24_1,Miyagi,7226,7222.974,140203.0,19.402574038195404,19.41070249384244
1998,JPN.25_1,Miyazaki,7683,7678.7875,68561.0,8.923727710529741,8.92862312972059
1998,JPN.26_1,Nagano,13579,13579.6204,214501.0,15.796524044480448,15.79580238609843
1998,JPN.27_1,Naoasaki,4195,4204.264,88815.0,21.171632896305127,21.124981460410556
1998,JPN.28_1,Nara,3672,3682.8103,56171.0,15.297113289760349,15.252211135683176
1998,JPN.29_1,Niigata,12698,12687.8946,188858.0,14.87305087415341,14.884896669499245
1998,JPN.30_1,Oita,6337,6344.2168,75420.0,11.901530692756825,11.887992201652766
1998,JPN.31_1,Okayama,7260,7260.1917,121475.0,16.732093663911847,16.731651899126845
1998,JPN.32_1,Okinawa,2346,2339.8476,52875.0,22.5383631713555,22.59762554310775
1998,JPN.33_1,Osaka,1906,1912.6933,99869.0,52.39716684155299,52.21380685649521
1998,JPN.34_1,Saga,2462,2455.4715,69110.0,28.070674248578392,28.145307236040583
1998,JPN.35_1,Saitama,3801,3794.9373,170758.0,44.92449355432781,44.99626378576084
1998,JPN.36_1,Shiga,4020,4017.1723,103713.0,25.799253731343285,25.81741363285242
1998,JPN.37_1,Shimane,6699,6692.1825,55929.0,8.34885803851321,8.357363216642153
1998,JPN.38_1,Shizuoka,7638,7640.1794,182279.0,23.86475517151087,23.85794760020245
1998,JPN.39_1,Tochigi,6409,6403.4361,154052.0,24.0368232173506,24.057708726586927
1998,JPN.40_1,Tokushima,4131,4128.3618,52793.0,12.779714354877754,12.787881016299101
1998,JPN.41_1,Tokyo,2172,2166.6683,93043.0,42.83747697974217,42.942890102936204
1998,JPN.42_1,Tottori,3482,3478.8936,36202.0,10.396898334290638,10.406182117982972
1998,JPN.43_1,Toyama,4281,4269.8203,79140.0,18.48633496846531,18.534737974630946
1998,JPN.44_1,Wakayama,4658,4650.6693,59528.0,12.77973379132675,12.79987811110386
1998,JPN.45_1,Yamagata,9350,9358.1848,119803.0,12.813155080213903,12.801948495881097
1998,JPN.46_1,Yamaguchi,6133,6118.1647,90441.0,14.746616663949128,14.782374229092138
1998,JPN.47_1,Yamanashi,4478,4470.4501,76005.0,16.972979008485932,17.00164377822087
1999,JPN.1_1,Aichi,5160,5153.2612,209337.0,40.569186046511625,40.62223717759665
1999,JPN.2_1,Akita,11644,11644.2485,121926.0,10.471143936791481,10.470920515924622
1999,JPN.3_1,Aomori,9668,9669.5858,137136.0,14.184526272238312,14.182199979529177
1999,JPN.4_1,Chiba,5041,5043.653,197142.0,39.107716722872446,39.087145876530215
1999,JPN.5_1,Ehime,5744,5749.1445,79183.0,13.785341225626741,13.773005610985745
1999,JPN.6_1,Fukui,4222,4234.7935,65761.0,15.575793462813833,15.528738270548846
1999,JPN.7_1,Fukuoka,5007,5009.451,176887.0,35.32794088276413,35.31065600525535
1999,JPN.8_1,Fukushima,13727,13737.6124,178497.0,13.003351059954834,12.993305890133621
1999,JPN.9_1,Gifu,10593,10604.49,163024.0,15.389785707542718,15.373110882290746
1999,JPN.10_1,Gunma,6356,6369.2448,139199.0,21.900409062303336,21.854867327889263
1999,JPN.11_1,Hiroshima,8439,8429.5365,141146.0,16.725441403009835,16.744218427098026
1999,JPN.12_1,Hokkaido,78068,78057.8729,813188.0,10.416406209970795,10.41775761270382
1999,JPN.13_1,Hyōgo,8374,8381.5378,200276.0,23.91640792930499,23.894899226513367
1999,JPN.14_1,Ibaraki,6107,6104.7746,212613.0,34.81463893892255,34.82733030784405
1999,JPN.15_1,Ishikawa,4239,4235.9363,69633.0,16.426751592356688,16.43863263092745
1999,JPN.16_1,Iwate,15227,15235.4897,140194.0,9.206935049582977,9.20180464006846
1999,JPN.17_1,Kagawa,1725,1726.8204,54495.0,31.591304347826085,31.558000365795998
1999,JPN.18_1,Kagoshima,9133,9132.5251,98176.0,10.749589401073031,10.750148338938809
1999,JPN.19_1,Kanagawa,2368,2383.8543,115938.0,48.960304054054056,48.634683541166844
1999,JPN.20_1,Kochi,7039,7043.2037,44151.0,6.272339820997301,6.268596244714014
1999,JPN.21_1,Kumamoto,7563,7563.7347,111876.0,14.792542641808806,14.791105782622417
1999,JPN.22_1,Kyoto,4621,4622.477,95836.0,20.73923393204934,20.732607207332784
1999,JPN.23_1,Mie,5781,5776.6248,126569.0,21.893962982183012,21.91054558158511
1999,JPN.24_1,Miyagi,7226,7222.974,140855.0,19.492803764184888,19.500970020400253
1999,JPN.25_1,Miyazaki,7683,7678.7875,69499.0,9.045815436678382,9.050777831310093
1999,JPN.26_1,Nagano,13579,13579.6204,216180.0,15.92017085205096,15.919443544910086
1999,JPN.27_1,Naoasaki,4195,4204.264,89222.0,21.26865315852205,21.221787939658288
1999,JPN.28_1,Nara,3672,3682.8103,56329.0,15.340141612200435,15.29511315557668
1999,JPN.29_1,Niigata,12698,12687.8946,191882.0,15.111198613954954,15.12323408453364
1999,JPN.30_1,Oita,6337,6344.2168,76314.0,12.042606911787912,12.028907940558595
1999,JPN.31_1,Okayama,7260,7260.1917,122007.0,16.805371900826447,16.80492820133171
1999,JPN.32_1,Okinawa,2346,2339.8476,53212.0,22.682011935208866,22.74165201701843
1999,JPN.33_1,Osaka,1906,1912.6933,99890.0,52.408184679958026,52.22478613879488
1999,JPN.34_1,Saga,2462,2455.4715,69708.0,28.31356620633631,28.388844983503358
1999,JPN.35_1,Saitama,3801,3794.9373,171124.0,45.02078400420942,45.09270806682286
1999,JPN.36_1,Shiga,4020,4017.1723,104354.0,25.958706467661692,25.976978606757896
1999,JPN.37_1,Shimane,6699,6692.1825,57228.0,8.542767577250336,8.551470295588999
1999,JPN.38_1,Shizuoka,7638,7640.1794,183151.0,23.978921183555904,23.97208104567547
1999,JPN.39_1,Tochigi,6409,6403.4361,154983.0,24.18208768918708,24.20309941820049
1999,JPN.40_1,Tokushima,4131,4128.3618,53021.0,12.834906802227064,12.843108733453198
1999,JPN.41_1,Tokyo,2172,2166.6683,93053.0,42.84208103130755,42.94750548400764
1999,JPN.42_1,Tottori,3482,3478.8936,36792.0,10.56634118322803,10.575776268847841
1999,JPN.43_1,Toyama,4281,4269.8203,80078.0,18.70544265358561,18.75441935219228
1999,JPN.44_1,Wakayama,4658,4650.6693,59996.0,12.880206097037355,12.900508788364924
1999,JPN.45_1,Yamagata,9350,9358.1848,121654.0,13.011122994652407,12.99974326450856
1999,JPN.46_1,Yamaguchi,6133,6118.1647,91640.0,14.942116419370619,14.978348031910345
1999,JPN.47_1,Yamanashi,4478,4470.4501,76378.0,17.05627512282269,17.085080566975247
2000,JPN.1_1,Aichi,5160,5153.2612,209422.0,40.58565891472868,40.63873158689886
2000,JPN.2_1,Akita,11644,11644.2485,124686.0,10.708175884575747,10.707947406201937
2000,JPN.3_1,Aomori,9668,9669.5858,140767.0,14.560095159288373,14.557707272476838
2000,JPN.4_1,Chiba,5041,5043.653,197202.0,39.11961912318984,39.09904201612803
2000,JPN.5_1,Ehime,5744,5749.1445,79513.0,13.842792479108635,13.830405455038449
2000,JPN.6_1,Fukui,4222,4234.7935,66710.0,15.800568450971104,15.752834203073455
2000,JPN.7_1,Fukuoka,5007,5009.451,176905.0,35.331535849810265,35.31424921339442
2000,JPN.8_1,Fukushima,13727,13737.6124,179142.0,13.050338748451956,13.040257280348225
2000,JPN.9_1,Gifu,10593,10604.49,165983.0,15.669121117719248,15.65214363268761
2000,JPN.10_1,Gunma,6356,6369.2448,139996.0,22.025802391441157,21.97999990255092
2000,JPN.11_1,Hiroshima,8439,8429.5365,141277.0,16.74096456926176,16.75975902062494
2000,JPN.12_1,Hokkaido,78068,78057.8729,850240.0,10.891018086796127,10.892431064680364
2000,JPN.13_1,Hyōgo,8374,8381.5378,200522.0,23.945784571292094,23.924249449254596
2000,JPN.14_1,Ibaraki,6107,6104.7746,212863.0,34.85557556901916,34.86828186102735
2000,JPN.15_1,Ishikawa,4239,4235.9363,70658.0,16.668553904222694,16.680609832063414
2000,JPN.16_1,Iwate,15227,15235.4897,144341.0,9.479280225914493,9.473998056636672
2000,JPN.17_1,Kagawa,1725,1726.8204,54510.0,31.6,31.56668685089531
2000,JPN.18_1,Kagoshima,9133,9132.5251,98554.0,10.79097777291142,10.791538862815507
2000,JPN.19_1,Kanagawa,2368,2383.8543,115951.0,48.96579391891892,48.64013689456293
2000,JPN.20_1,Kochi,7039,7043.2037,44406.0,6.30856655774968,6.304801359941349
2000,JPN.21_1,Kumamoto,7563,7563.7347,112238.0,14.84040724580193,14.838965737333966
2000,JPN.22_1,Kyoto,4621,4622.477,95943.0,20.762389093269856,20.75575496987697
2000,JPN.23_1,Mie,5781,5776.6248,126797.0,21.933402525514616,21.950014996628298
2000,JPN.24_1,Miyagi,7226,7222.974,141916.0,19.63963465264323,19.647862421746638
2000,JPN.25_1,Miyazaki,7683,7678.7875,69520.0,9.048548743980216,9.053512638062097
2000,JPN.26_1,Nagano,13579,13579.6204,218249.0,16.07253847853303,16.071804210533266
2000,JPN.27_1,Naoasaki,4195,4204.264,89234.0,21.2715137067938,21.22464218474667
2000,JPN.28_1,Nara,3672,3682.8103,56597.0,15.413126361655774,15.367883670332747
2000,JPN.29_1,Niigata,12698,12687.8946,193606.0,15.24696802646086,15.259111631993724
2000,JPN.30_1,Oita,6337,6344.2168,76440.0,12.062490137288938,12.04876854805539
2000,JPN.31_1,Okayama,7260,7260.1917,121978.0,16.80137741046832,16.80093381643708
2000,JPN.32_1,Okinawa,2346,2339.8476,53480.0,22.796248934356353,22.856189390929597
2000,JPN.33_1,Osaka,1906,1912.6933,99898.0,52.412381951731376,52.228968722528094
2000,JPN.34_1,Saga,2462,2455.4715,69729.0,28.322095857026806,28.397397312427636
2000,JPN.35_1,Saitama,3801,3794.9373,172001.0,45.25151275980005,45.323805428821196
2000,JPN.36_1,Shiga,4020,4017.1723,104462.0,25.985572139303482,26.003863188944777
2000,JPN.37_1,Shimane,6699,6692.1825,57499.0,8.583221376324824,8.591965305900464
2000,JPN.38_1,Shizuoka,7638,7640.1794,183043.0,23.964781356376015,23.957945251970095
2000,JPN.39_1,Tochigi,6409,6403.4361,155279.0,24.228272741457324,24.249324600496532
2000,JPN.40_1,Tokushima,4131,4128.3618,53166.0,12.870007262164124,12.878231623748565
2000,JPN.41_1,Tokyo,2172,2166.6683,92959.0,42.798802946593,42.90412090193617
2000,JPN.42_1,Tottori,3482,3478.8936,36804.0,10.569787478460654,10.579225641407804
2000,JPN.43_1,Toyama,4281,4269.8203,81037.0,18.92945573464144,18.97901896954976
2000,JPN.44_1,Wakayama,4658,4650.6693,60144.0,12.911979390296265,12.932332164934662
2000,JPN.45_1,Yamagata,9350,9358.1848,123811.0,13.241818181818182,13.23023668208254
2000,JPN.46_1,Yamaguchi,6133,6118.1647,91808.0,14.969509212457199,15.005807246984123
2000,JPN.47_1,Yamanashi,4478,4470.4501,76858.0,17.163465832961144,17.19245230585487
2001,JPN.1_1,Aichi,5160,5153.2612,209464.0,40.5937984496124,40.64688176561289
2001,JPN.2_1,Akita,11644,11644.2485,127738.0,10.970285125386464,10.970051054436128
2001,JPN.3_1,Aomori,9668,9669.5858,142731.0,14.76323955316508,14.760818350237567
2001,JPN.4_1,Chiba,5041,5043.653,197324.0,39.14382067050188,39.123230833310245
2001,JPN.5_1,Ehime,5744,5749.1445,80072.0,13.940111420612814,13.927637312085302
2001,JPN.6_1,Fukui,4222,4234.7935,67021.0,15.874230222643297,15.826273439127359
2001,JPN.7_1,Fukuoka,5007,5009.451,176912.0,35.33293389255043,35.31564657211516
2001,JPN.8_1,Fukushima,13727,13737.6124,180564.0,13.153930210533984,13.143768717379492
2001,JPN.9_1,Gifu,10593,10604.49,167233.0,15.787123572170302,15.770018231537248
2001,JPN.10_1,Gunma,6356,6369.2448,140216.0,22.06041535556954,22.01454088928312
2001,JPN.11_1,Hiroshima,8439,8429.5365,141977.0,16.823912785875105,16.842800360081736
2001,JPN.12_1,Hokkaido,78068,78057.8729,853785.0,10.93642721729774,10.937846086467497
2001,JPN.13_1,Hyōgo,8374,8381.5378,200631.0,23.958801050871745,23.93725422274563
2001,JPN.14_1,Ibaraki,6107,6104.7746,213216.0,34.913378090715575,34.92610545412217
2001,JPN.15_1,Ishikawa,4239,4235.9363,70980.0,16.744515215852797,16.756626084517837
2001,JPN.16_1,Iwate,15227,15235.4897,149376.0,9.809942864648322,9.80447643918332
2001,JPN.17_1,Kagawa,1725,1726.8204,54512.0,31.601159420289854,31.56784504890855
2001,JPN.18_1,Kagoshima,9133,9132.5251,98504.0,10.785503120551844,10.78606392579478
2001,JPN.19_1,Kanagawa,2368,2383.8543,115953.0,48.966638513513516,48.64097587200848
2001,JPN.20_1,Kochi,7039,7043.2037,44743.0,6.356442676516551,6.352648904379043
2001,JPN.21_1,Kumamoto,7563,7563.7347,112368.0,14.857596191987307,14.856153013887837
2001,JPN.22_1,Kyoto,4621,4622.477,95987.0,20.77191084180913,20.765273675969905
2001,JPN.23_1,Mie,5781,5776.6248,127071.0,21.980799169693825,21.99744753926792
2001,JPN.24_1,Miyagi,7226,7222.974,147210.0,20.372266814281762,20.3808015100857
2001,JPN.25_1,Miyazaki,7683,7678.7875,69370.0,9.029025120395678,9.033978304119213
2001,JPN.26_1,Nagano,13579,13579.6204,218233.0,16.071360188526402,16.070625974356382
2001,JPN.27_1,Naoasaki,4195,4204.264,89198.0,21.262932061978546,21.216079449481516
2001,JPN.28_1,Nara,3672,3682.8103,56895.0,15.494281045751634,15.448800138233151
2001,JPN.29_1,Niigata,12698,12687.8946,193682.0,15.252953220979682,15.265101593482685
2001,JPN.30_1,Oita,6337,6344.2168,76166.0,12.019252011993057,12.005579607943313
2001,JPN.31_1,Okayama,7260,7260.1917,122464.0,16.86831955922865,16.867874197774604
2001,JPN.32_1,Okinawa,2346,2339.8476,53520.0,22.813299232736572,22.8732845213641
2001,JPN.33_1,Osaka,1906,1912.6933,99898.0,52.412381951731376,52.228968722528094
2001,JPN.34_1,Saga,2462,2455.4715,69783.0,28.344029244516655,28.419389015375778
2001,JPN.35_1,Saitama,3801,3794.9373,172099.0,45.277295448566164,45.34962930735693
2001,JPN.36_1,Shiga,4020,4017.1723,104544.0,26.00597014925373,26.024275556901486
2001,JPN.37_1,Shimane,6699,6692.1825,57480.0,8.58038513210927,8.589126172336192
2001,JPN.38_1,Shizuoka,7638,7640.1794,182979.0,23.95640219952867,23.949568485329873
2001,JPN.39_1,Tochigi,6409,6403.4361,155807.0,24.310656888750195,24.331780331078658
2001,JPN.40_1,Tokushima,4131,4128.3618,53369.0,12.919147906076011,12.92740367016208
2001,JPN.41_1,Tokyo,2172,2166.6683,92911.0,42.77670349907919,42.88196707279329
2001,JPN.42_1,Tottori,3482,3478.8936,36853.0,10.58385985066054,10.593310579360988
2001,JPN.43_1,Toyama,4281,4269.8203,80800.0,18.874094837654752,18.92351312042179
2001,JPN.44_1,Wakayama,4658,4650.6693,60124.0,12.907685702018034,12.928031708641454
2001,JPN.45_1,Yamagata,9350,9358.1848,127637.0,13.651016042780748,13.639076652243897
2001,JPN.46_1,Yamaguchi,6133,6118.1647,91547.0,14.926952551769118,14.963147394994504
2001,JPN.47_1,Yamanashi,4478,4470.4501,76775.0,17.14493077266637,17.173885942673603
2002,JPN.1_1,Aichi,5160,5153.2612,209502.0,40.60116279069767,40.65425573683034
2002,JPN.2_1,Akita,11644,11644.2485,126926.0,10.90054963929921,10.900317056282077
2002,JPN.3_1,Aomori,9668,9669.5858,142970.0,14.787960281340505,14.785535024160588
2002,JPN.4_1,Chiba,5041,5043.653,197333.0,39.145606030549494,39.12501525424992
2002,JPN.5_1,Ehime,5744,5749.1445,80482.0,14.01149025069638,13.998952269847754
2002,JPN.6_1,Fukui,4222,4234.7935,67246.0,15.927522501184272,15.879404719230664
2002,JPN.7_1,Fukuoka,5007,5009.451,176911.0,35.33273417215898,35.315446949440776
2002,JPN.8_1,Fukushima,13727,13737.6124,180498.0,13.149122167990093,13.138964389078463
2002,JPN.9_1,Gifu,10593,10604.49,167853.0,15.845652789578024,15.828484032566669
2002,JPN.10_1,Gunma,6356,6369.2448,140359.0,22.08291378225299,22.03699253065905
2002,JPN.11_1,Hiroshima,8439,8429.5365,142409.0,16.875103685270766,16.89404872957507
2002,JPN.12_1,Hokkaido,78068,78057.8729,845586.0,10.83140339191474,10.83280863551328
2002,JPN.13_1,Hyōgo,8374,8381.5378,200527.0,23.946381657511346,23.924845998497304
2002,JPN.14_1,Ibaraki,6107,6104.7746,213295.0,34.9263140658261,34.93904614492809
2002,JPN.15_1,Ishikawa,4239,4235.9363,71368.0,16.836046237320122,16.84822330797223
2002,JPN.16_1,Iwate,15227,15235.4897,148898.0,9.778551257634465,9.773102324613847
2002,JPN.17_1,Kagawa,1725,1726.8204,54573.0,31.636521739130433,31.603170088312414
2002,JPN.18_1,Kagoshima,9133,9132.5251,98632.0,10.799518230592357,10.800079764567842
2002,JPN.19_1,Kanagawa,2368,2383.8543,115959.0,48.9691722972973,48.64349280434514
2002,JPN.20_1,Kochi,7039,7043.2037,45002.0,6.393237675806223,6.3894219429824926
2002,JPN.21_1,Kumamoto,7563,7563.7347,112218.0,14.837762792542641,14.836321540941062
2002,JPN.22_1,Kyoto,4621,4622.477,95821.0,20.73598788141095,20.72936219389201
2002,JPN.23_1,Mie,5781,5776.6248,127408.0,22.039093582425185,22.055786104485268
2002,JPN.24_1,Miyagi,7226,7222.974,147264.0,20.379739828397454,20.38827765492331
2002,JPN.25_1,Miyazaki,7683,7678.7875,69378.0,9.030066380320187,9.035020135262833
2002,JPN.26_1,Nagano,13579,13579.6204,218635.0,16.100964724942926,16.100229158300568
2002,JPN.27_1,Naoasaki,4195,4204.264,89124.0,21.24529201430274,21.198478271436475
2002,JPN.28_1,Nara,3672,3682.8103,56611.0,15.416938997821351,15.371685115133436
2002,JPN.29_1,Niigata,12698,12687.8946,193495.0,15.238226492361001,15.250363135608534
2002,JPN.30_1,Oita,6337,6344.2168,76311.0,12.042133501656936,12.028435068951529
2002,JPN.31_1,Okayama,7260,7260.1917,123027.0,16.94586776859504,16.94542035969441
2002,JPN.32_1,Okinawa,2346,2339.8476,53664.0,22.874680306905372,22.934826990928308
2002,JPN.33_1,Osaka,1906,1912.6933,99898.0,52.412381951731376,52.228968722528094
2002,JPN.34_1,Saga,2462,2455.4715,69784.0,28.34443541835906,28.41979626913408
2002,JPN.35_1,Saitama,3801,3794.9373,172155.0,45.29202841357537,45.364385809377346
2002,JPN.36_1,Shiga,4020,4017.1723,104582.0,26.01542288557214,26.033734946930203
2002,JPN.37_1,Shimane,6699,6692.1825,57496.0,8.58277354829079,8.591517021653475
2002,JPN.38_1,Shizuoka,7638,7640.1794,183372.0,24.007855459544384,24.001007067979984
2002,JPN.39_1,Tochigi,6409,6403.4361,155803.0,24.310032766422218,24.331155666453036
2002,JPN.40_1,Tokushima,4131,4128.3618,53563.0,12.966109900750423,12.974395675108987
2002,JPN.41_1,Tokyo,2172,2166.6683,92920.0,42.78084714548803,42.88612091575758
2002,JPN.42_1,Tottori,3482,3478.8936,36876.0,10.590465249856404,10.599921876767585
2002,JPN.43_1,Toyama,4281,4269.8203,81155.0,18.95701938799346,19.006654793166216
2002,JPN.44_1,Wakayama,4658,4650.6693,60025.0,12.88643194504079,12.906744449990075
2002,JPN.45_1,Yamagata,9350,9358.1848,127510.0,13.637433155080213,13.625505644347793
2002,JPN.46_1,Yamaguchi,6133,6118.1647,91533.0,14.924669819011903,14.96085912707169
2002,JPN.47_1,Yamanashi,4478,4470.4501,77057.0,17.20790531487271,17.236966839265385
2003,JPN.1_1,Aichi,5160,5153.2612,209532.0,40.60697674418605,40.660077293054655
2003,JPN.2_1,Akita,11644,11644.2485,127687.0,10.965905187220887,10.965671209724482
2003,JPN.3_1,Aomori,9668,9669.5858,142988.0,14.789822093504345,14.787396530983242
2003,JPN.4_1,Chiba,5041,5043.653,197347.0,39.14838325729022,39.127791020156074
2003,JPN.5_1,Ehime,5744,5749.1445,80230.0,13.967618384401113,13.955119661662053
2003,JPN.6_1,Fukui,4222,4234.7935,67157.0,15.906442444339175,15.858388346212024
2003,JPN.7_1,Fukuoka,5007,5009.451,176898.0,35.3301378070701,35.312851854673674
2003,JPN.8_1,Fukushima,13727,13737.6124,180957.0,13.182559918408975,13.17237630862653
2003,JPN.9_1,Gifu,10593,10604.49,168500.0,15.906730860001888,15.889495924931241
2003,JPN.10_1,Gunma,6356,6369.2448,140769.0,22.147419760855882,22.101364369569062
2003,JPN.11_1,Hiroshima,8439,8429.5365,142082.0,16.836355018367104,16.855256561000253
2003,JPN.12_1,Hokkaido,78068,78057.8729,845672.0,10.832504995644822,10.833910382163122
2003,JPN.13_1,Hyōgo,8374,8381.5378,199830.0,23.863147838547885,23.841687034063824
2003,JPN.14_1,Ibaraki,6107,6104.7746,213356.0,34.93630260356967,34.949038323904816
2003,JPN.15_1,Ishikawa,4239,4235.9363,71652.0,16.903043170559094,16.915268698335755
2003,JPN.16_1,Iwate,15227,15235.4897,149605.0,9.824981939975045,9.81950713423857
2003,JPN.17_1,Kagawa,1725,1726.8204,54574.0,31.637101449275363,31.603749187319035
2003,JPN.18_1,Kagoshima,9133,9132.5251,98665.0,10.803131501149677,10.803693223001522
2003,JPN.19_1,Kanagawa,2368,2383.8543,115959.0,48.9691722972973,48.64349280434514
2003,JPN.20_1,Kochi,7039,7043.2037,45237.0,6.426623099872141,6.422787441329253
2003,JPN.21_1,Kumamoto,7563,7563.7347,112104.0,14.822689408964697,14.821249621501515
2003,JPN.22_1,Kyoto,4621,4622.477,95712.0,20.71239991343865,20.705781762889053
2003,JPN.23_1,Mie,5781,5776.6248,127505.0,22.05587268638644,22.07257791702557
2003,JPN.24_1,Miyagi,7226,7222.974,147507.0,20.413368391918073,20.421920306692556
2003,JPN.25_1,Miyazaki,7683,7678.7875,69034.0,8.985292203566315,8.990221396087152
2003,JPN.26_1,Nagano,13579,13579.6204,220077.0,16.207158111790264,16.206417693742146
2003,JPN.27_1,Naoasaki,4195,4204.264,89156.0,21.252920143027414,21.206089591672168
2003,JPN.28_1,Nara,3672,3682.8103,56552.0,15.400871459694988,15.355664740616243
2003,JPN.29_1,Niigata,12698,12687.8946,193840.0,15.265396125374075,15.2775544081571
2003,JPN.30_1,Oita,6337,6344.2168,76210.0,12.026195360580717,12.01251505818029
2003,JPN.31_1,Okayama,7260,7260.1917,122538.0,16.878512396694216,16.87806676612641
2003,JPN.32_1,Okinawa,2346,2339.8476,53716.0,22.89684569479966,22.95705066049316
2003,JPN.33_1,Osaka,1906,1912.6933,99902.0,52.41448058761805,52.2310600143947
2003,JPN.34_1,Saga,2462,2455.4715,69802.0,28.35174654752234,28.427126836783458
2003,JPN.35_1,Saitama,3801,3794.9373,172451.0,45.369902657195475,45.44238446291384
2003,JPN.36_1,Shiga,4020,4017.1723,104587.0,26.016666666666666,26.03497960351293
2003,JPN.37_1,Shimane,6699,6692.1825,56900.0,8.493805045529184,8.502457884584715
2003,JPN.38_1,Shizuoka,7638,7640.1794,184498.0,24.15527625032731,24.148385806056382
2003,JPN.39_1,Tochigi,6409,6403.4361,155919.0,24.32813231393353,24.34927094059608
2003,JPN.40_1,Tokushima,4131,4128.3618,53518.0,12.95521665456306,12.96349546777594
2003,JPN.41_1,Tokyo,2172,2166.6683,92963.0,42.80064456721915,42.905967054364744
2003,JPN.42_1,Tottori,3482,3478.8936,36386.0,10.449741527857553,10.459072497235745
2003,JPN.43_1,Toyama,4281,4269.8203,81956.0,19.144125204391496,19.194250511105054
2003,JPN.44_1,Wakayama,4658,4650.6693,60007.0,12.882567625590383,12.902874039326187
2003,JPN.45_1,Yamagata,9350,9358.1848,128299.0,13.721818181818183,13.709816866631462
2003,JPN.46_1,Yamaguchi,6133,6118.1647,91617.0,14.938366215555194,14.974588734608579
2003,JPN.47_1,Yamanashi,4478,4470.4501,78218.0,17.467172845020098,17.49667223268048
2004,JPN.1_1,Aichi,5160,5153.2612,209519.0,40.60445736434109,40.65755461869079
2004,JPN.2_1,Akita,11644,11644.2485,129116.0,11.088629336997595,11.088392740958643
2004,JPN.3_1,Aomori,9668,9669.5858,143928.0,14.887050062060405,14.88460855394408
2004,JPN.4_1,Chiba,5041,5043.653,197350.0,39.14897837730609,39.128385827135965
2004,JPN.5_1,Ehime,5744,5749.1445,80396.0,13.996518105849582,13.983993522609776
2004,JPN.6_1,Fukui,4222,4234.7935,67046.0,15.880151586925628,15.832176914694392
2004,JPN.7_1,Fukuoka,5007,5009.451,176926.0,35.335729978030756,35.31844128955666
2004,JPN.8_1,Fukushima,13727,13737.6124,181500.0,13.222116995701901,13.211902827830453
2004,JPN.9_1,Gifu,10593,10604.49,168655.0,15.921363164353819,15.904112375188596
2004,JPN.10_1,Gunma,6356,6369.2448,139956.0,22.019509125236,21.973719723145063
2004,JPN.11_1,Hiroshima,8439,8429.5365,142290.0,16.8610024884465,16.879931701867417
2004,JPN.12_1,Hokkaido,78068,78057.8729,855797.0,10.962199620843368,10.963621833670802
2004,JPN.13_1,Hyōgo,8374,8381.5378,199920.0,23.873895390494386,23.852424920432565
2004,JPN.14_1,Ibaraki,6107,6104.7746,213356.0,34.93630260356967,34.949038323904816
2004,JPN.15_1,Ishikawa,4239,4235.9363,71584.0,16.887001651332863,16.89921557669942
2004,JPN.16_1,Iwate,15227,15235.4897,151498.0,9.94930058448808,9.943756504280437
2004,JPN.17_1,Kagawa,1725,1726.8204,54585.0,31.643478260869564,31.610119276391863
2004,JPN.18_1,Kagoshima,9133,9132.5251,98755.0,10.812985875396912,10.813548109638832
2004,JPN.19_1,Kanagawa,2368,2383.8543,115959.0,48.9691722972973,48.64349280434514
2004,JPN.20_1,Kochi,7039,7043.2037,45161.0,6.415826111663589,6.411996897183067
2004,JPN.21_1,Kumamoto,7563,7563.7347,112507.0,14.875975142139362,14.874530178818516
2004,JPN.22_1,Kyoto,4621,4622.477,95763.0,20.723436485609174,20.716814808587685
2004,JPN.23_1,Mie,5781,5776.6248,127481.0,22.051721155509426,22.068423241757866
2004,JPN.24_1,Miyagi,7226,7222.974,147723.0,20.443260448380848,20.451824886043
2004,JPN.25_1,Miyazaki,7683,7678.7875,69222.0,9.009761811792268,9.014704427962233
2004,JPN.26_1,Nagano,13579,13579.6204,219685.0,16.178290006627883,16.177550907408513
2004,JPN.27_1,Naoasaki,4195,4204.264,89238.0,21.272467222884387,21.225593599776133
2004,JPN.28_1,Nara,3672,3682.8103,56718.0,15.446078431372548,15.400739014681568
2004,JPN.29_1,Niigata,12698,12687.8946,194479.0,15.315719010867854,15.327917373834012
2004,JPN.30_1,Oita,6337,6344.2168,76353.0,12.048761243490612,12.03505527145046
2004,JPN.31_1,Okayama,7260,7260.1917,122523.0,16.876446280991736,16.876000704974015
2004,JPN.32_1,Okinawa,2346,2339.8476,53733.0,22.904092071611252,22.964316090927824
2004,JPN.33_1,Osaka,1906,1912.6933,99903.0,52.415005246589715,52.23158283736135
2004,JPN.34_1,Saga,2462,2455.4715,69829.0,28.36271324126726,28.438122688257533
2004,JPN.35_1,Saitama,3801,3794.9373,172282.0,45.325440673506975,45.39785144788794
2004,JPN.36_1,Shiga,4020,4017.1723,104627.0,26.026616915422885,26.044936856174736
2004,JPN.37_1,Shimane,6699,6692.1825,57071.0,8.519331243469175,8.528010086663167
2004,JPN.38_1,Shizuoka,7638,7640.1794,184054.0,24.097145849698872,24.090271987489846
2004,JPN.39_1,Tochigi,6409,6403.4361,156108.0,24.35762209393041,24.37878634415673
2004,JPN.40_1,Tokushima,4131,4128.3618,53588.0,12.972161704187847,12.980451345849568
2004,JPN.41_1,Tokyo,2172,2166.6683,92988.0,42.812154696132595,42.91750550704332
2004,JPN.42_1,Tottori,3482,3478.8936,36392.0,10.451464675473865,10.460797183515727
2004,JPN.43_1,Toyama,4281,4269.8203,81804.0,19.10861948142957,19.158651823056733
2004,JPN.44_1,Wakayama,4658,4650.6693,60056.0,12.893087161872048,12.913410157244547
2004,JPN.45_1,Yamagata,9350,9358.1848,128725.0,13.767379679144385,13.755338515164848
2004,JPN.46_1,Yamaguchi,6133,6118.1647,91756.0,14.961030490787543,14.997307966127954
2004,JPN.47_1,Yamanashi,4478,4470.4501,77984.0,17.414917373827603,17.444328509976664
2005,JPN.1_1,Aichi,5160,5153.2612,209565.0,40.61337209302326,40.66648100490139
2005,JPN.2_1,Akita,11644,11644.2485,129180.0,11.094125729989694,11.093889016675218
2005,JPN.3_1,Aomori,9668,9669.5858,144036.0,14.898220935043442,14.895777594880006
2005,JPN.4_1,Chiba,5041,5043.653,197508.0,39.18032136480857,39.15971232807687
2005,JPN.5_1,Ehime,5744,5749.1445,79734.0,13.881267409470752,13.868845956661623
2005,JPN.6_1,Fukui,4222,4234.7935,67234.0,15.924680246328753,15.876571050958487
2005,JPN.7_1,Fukuoka,5007,5009.451,177154.0,35.381266227281806,35.36395525931814
2005,JPN.8_1,Fukushima,13727,13737.6124,181808.0,13.244554527573396,13.234323026568589
2005,JPN.9_1,Gifu,10593,10604.49,168830.0,15.937883507976967,15.920614819027547
2005,JPN.10_1,Gunma,6356,6369.2448,139964.0,22.02076777847703,21.974975759026233
2005,JPN.11_1,Hiroshima,8439,8429.5365,142567.0,16.89382628273492,16.912792346195317
2005,JPN.12_1,Hokkaido,78068,78057.8729,857878.0,10.9888558692422,10.99028154039549
2005,JPN.13_1,Hyōgo,8374,8381.5378,200565.0,23.950919512777645,23.929379772741886
2005,JPN.14_1,Ibaraki,6107,6104.7746,213446.0,34.95103979040445,34.9637808830508
2005,JPN.15_1,Ishikawa,4239,4235.9363,71767.0,16.93017221042699,16.94241735992662
2005,JPN.16_1,Iwate,15227,15235.4897,152489.0,10.014382347146515,10.008802001222588
2005,JPN.17_1,Kagawa,1725,1726.8204,54594.0,31.648695652173913,31.615331167451448
2005,JPN.18_1,Kagoshima,9133,9132.5251,98916.0,10.830614255994744,10.831177406845574
2005,JPN.19_1,Kanagawa,2368,2383.8543,116061.0,49.01224662162162,48.686280654068256
2005,JPN.20_1,Kochi,7039,7043.2037,44788.0,6.362835630061088,6.359038042360337
2005,JPN.21_1,Kumamoto,7563,7563.7347,113176.0,14.964432103662567,14.96297854816113
2005,JPN.22_1,Kyoto,4621,4622.477,95921.0,20.757628219000217,20.7509956168305
2005,JPN.23_1,Mie,5781,5776.6248,127329.0,22.02542812662169,22.04211029839574
2005,JPN.24_1,Miyagi,7226,7222.974,147965.0,20.476750622751176,20.485329090685624
2005,JPN.25_1,Miyazaki,7683,7678.7875,69984.0,9.108941819601718,9.113938844392086
2005,JPN.26_1,Nagano,13579,13579.6204,219102.0,16.135356064511377,16.13461892671334
2005,JPN.27_1,Naoasaki,4195,4204.264,89287.0,21.28414779499404,21.23724843388704
2005,JPN.28_1,Nara,3672,3682.8103,56473.0,15.379357298474945,15.334213730669491
2005,JPN.29_1,Niigata,12698,12687.8946,195533.0,15.398724208536777,15.410988681851952
2005,JPN.30_1,Oita,6337,6344.2168,76829.0,12.12387565093893,12.110084233105018
2005,JPN.31_1,Okayama,7260,7260.1917,123085.0,16.953856749311296,16.953409129483664
2005,JPN.32_1,Okinawa,2346,2339.8476,53505.0,22.80690537084399,22.86687384745116
2005,JPN.33_1,Osaka,1906,1912.6933,99904.0,52.415529905561385,52.232105660328
2005,JPN.34_1,Saga,2462,2455.4715,69887.0,28.386271324126728,28.46174340623887
2005,JPN.35_1,Saitama,3801,3794.9373,172275.0,45.32359905288082,45.396006885135385
2005,JPN.36_1,Shiga,4020,4017.1723,104655.0,26.03358208955224,26.051906933038
2005,JPN.37_1,Shimane,6699,6692.1825,56804.0,8.479474548440066,8.48811278868102
2005,JPN.38_1,Shizuoka,7638,7640.1794,184110.0,24.104477611940297,24.09760165830004
2005,JPN.39_1,Tochigi,6409,6403.4361,156244.0,24.378842253081604,24.400024941427883
2005,JPN.40_1,Tokushima,4131,4128.3618,53464.0,12.942144759138223,12.950415218976287
2005,JPN.41_1,Tokyo,2172,2166.6683,93088.0,42.858195211786374,42.96365931775766
2005,JPN.42_1,Tottori,3482,3478.8936,36952.0,10.612291786329695,10.621767902980686
2005,JPN.43_1,Toyama,4281,4269.8203,82050.0,19.166082690960057,19.216265489240197
2005,JPN.44_1,Wakayama,4658,4650.6693,59789.0,12.835766423357665,12.855999065730222
2005,JPN.45_1,Yamagata,9350,9358.1848,129245.0,13.822994652406416,13.810904846707949
2005,JPN.46_1,Yamaguchi,6133,6118.1647,92184.0,15.030816892222404,15.067263585482577
2005,JPN.47_1,Yamanashi,4478,4470.4501,77888.0,17.393479231799912,17.42285416220074
2006,JPN.1_1,Aichi,5160,5153.2612,209576.0,40.61550387596899,40.668615575516974
2006,JPN.2_1,Akita,11644,11644.2485,129113.0,11.088371693576091,11.088135103034428
2006,JPN.3_1,Aomori,9668,9669.5858,143754.0,14.869052544476624,14.866613987991755
2006,JPN.4_1,Chiba,5041,5043.653,197529.0,39.184487204919655,39.163875976936104
2006,JPN.5_1,Ehime,5744,5749.1445,78944.0,13.743732590529248,13.731434208777877
2006,JPN.6_1,Fukui,4222,4234.7935,67324.0,15.945997157745145,15.897823562999811
2006,JPN.7_1,Fukuoka,5007,5009.451,177253.0,35.40103854603555,35.383717904082985
2006,JPN.8_1,Fukushima,13727,13737.6124,181178.0,13.198659576018066,13.188463529149674
2006,JPN.9_1,Gifu,10593,10604.49,168478.0,15.90465401680355,15.887421331991488
2006,JPN.10_1,Gunma,6356,6369.2448,139769.0,21.990088105726873,21.944359884422692
2006,JPN.11_1,Hiroshima,8439,8429.5365,141666.0,16.78706007820832,16.80590627926593
2006,JPN.12_1,Hokkaido,78068,78057.8729,852776.0,10.923502587487832,10.924919779843176
2006,JPN.13_1,Hyōgo,8374,8381.5378,200553.0,23.949486505851446,23.927948054559387
2006,JPN.14_1,Ibaraki,6107,6104.7746,213718.0,34.995578843949566,35.008336172914234
2006,JPN.15_1,Ishikawa,4239,4235.9363,71604.0,16.89171974522293,16.90393708306305
2006,JPN.16_1,Iwate,15227,15235.4897,151789.0,9.968411374532081,9.962856645158505
2006,JPN.17_1,Kagawa,1725,1726.8204,54598.0,31.651014492753625,31.61764756347793
2006,JPN.18_1,Kagoshima,9133,9132.5251,98912.0,10.830176283805978,10.830739411883917
2006,JPN.19_1,Kanagawa,2368,2383.8543,116061.0,49.01224662162162,48.686280654068256
2006,JPN.20_1,Kochi,7039,7043.2037,44440.0,6.3133967893166645,6.309628708638327
2006,JPN.21_1,Kumamoto,7563,7563.7347,113234.0,14.972101018114504,14.97064671770055
2006,JPN.22_1,Kyoto,4621,4622.477,95985.0,20.771478035057346,20.764841007511137
2006,JPN.23_1,Mie,5781,5776.6248,127370.0,22.03252032520325,22.049207868644736
2006,JPN.24_1,Miyagi,7226,7222.974,147822.0,20.45696097425962,20.465531151578617
2006,JPN.25_1,Miyazaki,7683,7678.7875,70071.0,9.12026552128075,9.125268758078958
2006,JPN.26_1,Nagano,13579,13579.6204,218814.0,16.114146844392074,16.113410675529448
2006,JPN.27_1,Naoasaki,4195,4204.264,89259.0,21.27747318235995,21.23058852868081
2006,JPN.28_1,Nara,3672,3682.8103,56404.0,15.360566448801743,15.315478038437519
2006,JPN.29_1,Niigata,12698,12687.8946,193968.0,15.275476452984721,15.287642764349032
2006,JPN.30_1,Oita,6337,6344.2168,76436.0,12.061858923780969,12.0481380525793
2006,JPN.31_1,Okayama,7260,7260.1917,122653.0,16.89435261707989,16.893906568294753
2006,JPN.32_1,Okinawa,2346,2339.8476,53416.0,22.768968456947995,22.82883718223439
2006,JPN.33_1,Osaka,1906,1912.6933,99915.0,52.42130115424974,52.23785671296117
2006,JPN.34_1,Saga,2462,2455.4715,70033.0,28.44557270511779,28.52120245495052
2006,JPN.35_1,Saitama,3801,3794.9373,172392.0,45.35438042620363,45.426837433999474
2006,JPN.36_1,Shiga,4020,4017.1723,104761.0,26.05995024875622,26.078293652591793
2006,JPN.37_1,Shimane,6699,6692.1825,55654.0,8.307807135393343,8.316270494001365
2006,JPN.38_1,Shizuoka,7638,7640.1794,184589.0,24.167190363969624,24.160296521122948
2006,JPN.39_1,Tochigi,6409,6403.4361,156281.0,24.384615384615383,24.40580308921489
2006,JPN.40_1,Tokushima,4131,4128.3618,53164.0,12.86952311788913,12.877747170089318
2006,JPN.41_1,Tokyo,2172,2166.6683,93100.0,42.86372007366482,42.96919777504338
2006,JPN.42_1,Tottori,3482,3478.8936,35849.0,10.295519816197588,10.304713075177382
2006,JPN.43_1,Toyama,4281,4269.8203,81292.0,18.98902125671572,19.038740452788716
2006,JPN.44_1,Wakayama,4658,4650.6693,59938.0,12.867754401030485,12.888037465114621
2006,JPN.45_1,Yamagata,9350,9358.1848,128805.0,13.775935828877005,13.763887181556095
2006,JPN.46_1,Yamaguchi,6133,6118.1647,91828.0,14.97277025925322,15.009076201159573
2006,JPN.47_1,Yamanashi,4478,4470.4501,78034.0,17.426083072800356,17.45551306610996
2007,JPN.1_1,Aichi,5160,5153.2612,209620.0,40.62403100775194,40.67715385797929
2007,JPN.2_1,Akita,11644,11644.2485,126815.0,10.891016832703539,10.890784453086141
2007,JPN.3_1,Aomori,9668,9669.5858,142744.0,14.76458419528341,14.762162771831706
2007,JPN.4_1,Chiba,5041,5043.653,197584.0,39.19539773854394,39.174780771567434
2007,JPN.5_1,Ehime,5744,5749.1445,78204.0,13.614902506963789,13.602719406962722
2007,JPN.6_1,Fukui,4222,4234.7935,66410.0,15.729512079583136,15.681992496269048
2007,JPN.7_1,Fukuoka,5007,5009.451,177393.0,35.428999400838826,35.411665078497926
2007,JPN.8_1,Fukushima,13727,13737.6124,176938.0,12.889779267137758,12.879821832235066
2007,JPN.9_1,Gifu,10593,10604.49,166955.0,15.760879826300387,15.743802920753089
2007,JPN.10_1,Gunma,6356,6369.2448,137547.0,21.64049716803021,21.595495918427464
2007,JPN.11_1,Hiroshima,8439,8429.5365,141124.0,16.72283445905913,16.741608556429384
2007,JPN.12_1,Hokkaido,78068,78057.8729,842776.0,10.795409130501614,10.796809704280037
2007,JPN.13_1,Hyōgo,8374,8381.5378,200515.0,23.944948650585143,23.923414280314805
2007,JPN.14_1,Ibaraki,6107,6104.7746,213779.0,35.00556738169314,35.018328351890965
2007,JPN.15_1,Ishikawa,4239,4235.9363,70322.0,16.589289926869544,16.601288525154455
2007,JPN.16_1,Iwate,15227,15235.4897,148178.0,9.731266828659617,9.72584424409079
2007,JPN.17_1,Kagawa,1725,1726.8204,54616.0,31.66144927536232,31.628071345597103
2007,JPN.18_1,Kagoshima,9133,9132.5251,99145.0,10.855688163801599,10.856252618400507
2007,JPN.19_1,Kanagawa,2368,2383.8543,116061.0,49.01224662162162,48.686280654068256
2007,JPN.20_1,Kochi,7039,7043.2037,44263.0,6.288251172041483,6.284498099245235
2007,JPN.21_1,Kumamoto,7563,7563.7347,113255.0,14.974877694036758,14.973423123913099
2007,JPN.22_1,Kyoto,4621,4622.477,95590.0,20.685998701579745,20.679388986904094
2007,JPN.23_1,Mie,5781,5776.6248,127087.0,21.983566856945163,22.000217322779726
2007,JPN.24_1,Miyagi,7226,7222.974,146512.0,20.275671187378908,20.284165415703256
2007,JPN.25_1,Miyazaki,7683,7678.7875,69855.0,9.092151503319016,9.097139317201204
2007,JPN.26_1,Nagano,13579,13579.6204,217318.0,16.00397672877237,16.003245592990886
2007,JPN.27_1,Naoasaki,4195,4204.264,88733.0,21.152085816448153,21.10547745230659
2007,JPN.28_1,Nara,3672,3682.8103,55906.0,15.224945533769063,15.180255216241541
2007,JPN.29_1,Niigata,12698,12687.8946,188638.0,14.855725311072609,14.867557307294362
2007,JPN.30_1,Oita,6337,6344.2168,76145.0,12.01593814107622,12.002269506693848
2007,JPN.31_1,Okayama,7260,7260.1917,122147.0,16.82465564738292,16.824211438754038
2007,JPN.32_1,Okinawa,2346,2339.8476,53245.0,22.69607843137255,22.755755499626893
2007,JPN.33_1,Osaka,1906,1912.6933,99964.0,52.44700944386149,52.26347503832708
2007,JPN.34_1,Saga,2462,2455.4715,70427.0,28.605605199025185,28.681660435720303
2007,JPN.35_1,Saitama,3801,3794.9373,172469.0,45.37463825309129,45.44712762427755
2007,JPN.36_1,Shiga,4020,4017.1723,104844.0,26.080597014925374,26.098954951865046
2007,JPN.37_1,Shimane,6699,6692.1825,55065.0,8.21988356471115,8.228257353508916
2007,JPN.38_1,Shizuoka,7638,7640.1794,184216.0,24.11835559046871,24.111475678047906
2007,JPN.39_1,Tochigi,6409,6403.4361,155587.0,24.2763301607115,24.29742377666944
2007,JPN.40_1,Tokushima,4131,4128.3618,52725.0,12.763253449527959,12.771409591884721
2007,JPN.41_1,Tokyo,2172,2166.6683,93053.0,42.84208103130755,42.94750548400764
2007,JPN.42_1,Tottori,3482,3478.8936,35040.0,10.06318207926479,10.072167875093182
2007,JPN.43_1,Toyama,4281,4269.8203,80058.0,18.700770847932727,18.749735314291186
2007,JPN.44_1,Wakayama,4658,4650.6693,59814.0,12.841133533705452,12.861374636096732
2007,JPN.45_1,Yamagata,9350,9358.1848,124882.0,13.356363636363636,13.344681953395352
2007,JPN.46_1,Yamaguchi,6133,6118.1647,91363.0,14.89695092124572,14.933073016580368
2007,JPN.47_1,Yamanashi,4478,4470.4501,77848.0,17.384546672621706,17.4139065172941
2008,JPN.1_1,Aichi,5160,5153.2612,209630.0,40.62596899224806,40.67909437672073
2008,JPN.2_1,Akita,11644,11644.2485,124608.0,10.701477155616626,10.70124882017236
2008,JPN.3_1,Aomori,9668,9669.5858,140277.0,14.5094124948283,14.50703292008236
2008,JPN.4_1,Chiba,5041,5043.653,197771.0,39.232493552866494,39.21185707331394
2008,JPN.5_1,Ehime,5744,5749.1445,77628.0,13.514623955431755,13.502530588252547
2008,JPN.6_1,Fukui,4222,4234.7935,65443.0,15.500473709142586,15.453646061336174
2008,JPN.7_1,Fukuoka,5007,5009.451,177352.0,35.420810864789296,35.40348054884784
2008,JPN.8_1,Fukushima,13727,13737.6124,174781.0,12.732643694907846,12.722807648215065
2008,JPN.9_1,Gifu,10593,10604.49,163088.0,15.395827433210611,15.379146061751849
2008,JPN.10_1,Gunma,6356,6369.2448,135465.0,21.312932662051605,21.268612580352727
2008,JPN.11_1,Hiroshima,8439,8429.5365,140310.0,16.626377532883044,16.64504334168963
2008,JPN.12_1,Hokkaido,78068,78057.8729,798321.0,10.225969667469386,10.2272963633641
2008,JPN.13_1,Hyōgo,8374,8381.5378,200661.0,23.962383568187246,23.940833518201877
2008,JPN.14_1,Ibaraki,6107,6104.7746,214080.0,35.05485508432946,35.06763402192365
2008,JPN.15_1,Ishikawa,4239,4235.9363,68173.0,16.082330738381692,16.093962666382563
2008,JPN.16_1,Iwate,15227,15235.4897,144012.0,9.45767386878571,9.452403739286554
2008,JPN.17_1,Kagawa,1725,1726.8204,54691.0,31.704927536231885,31.671503771093658
2008,JPN.18_1,Kagoshima,9133,9132.5251,96758.0,10.59432826015548,10.594879125030976
2008,JPN.19_1,Kanagawa,2368,2383.8543,116065.0,49.013935810810814,48.687958608959356
2008,JPN.20_1,Kochi,7039,7043.2037,42870.0,6.090353743429464,6.086718783513166
2008,JPN.21_1,Kumamoto,7563,7563.7347,111225.0,14.70646568821896,14.705037190033414
2008,JPN.22_1,Kyoto,4621,4622.477,95199.0,20.60138498160571,20.594802303214593
2008,JPN.23_1,Mie,5781,5776.6248,126744.0,21.92423456149455,21.940840088745453
2008,JPN.24_1,Miyagi,7226,7222.974,145347.0,20.11444782729034,20.12287451318814
2008,JPN.25_1,Miyazaki,7683,7678.7875,67899.0,8.83756345177665,8.842411602585994
2008,JPN.26_1,Nagano,13579,13579.6204,208818.0,15.378010162751307,15.377307624021809
2008,JPN.27_1,Naoasaki,4195,4204.264,87725.0,20.911799761620976,20.86572086488224
2008,JPN.28_1,Nara,3672,3682.8103,55458.0,15.102941176470589,15.058608982619457
2008,JPN.29_1,Niigata,12698,12687.8946,180272.0,14.196881398645456,14.208188651812304
2008,JPN.30_1,Oita,6337,6344.2168,72828.0,11.492504339592868,11.479431133147278
2008,JPN.31_1,Okayama,7260,7260.1917,121202.0,16.69449035812672,16.694049586153298
2008,JPN.32_1,Okinawa,2346,2339.8476,52253.0,22.27323103154305,22.33179626485124
2008,JPN.33_1,Osaka,1906,1912.6933,100015.0,52.47376705141658,52.290139009626294
2008,JPN.34_1,Saga,2462,2455.4715,70586.0,28.670186839967506,28.74641378328984
2008,JPN.35_1,Saitama,3801,3794.9373,172293.0,45.32833464877664,45.40075004649909
2008,JPN.36_1,Shiga,4020,4017.1723,105019.0,26.12412935323383,26.142517932260454
2008,JPN.37_1,Shimane,6699,6692.1825,54410.0,8.122107777280192,8.130381959582676
2008,JPN.38_1,Shizuoka,7638,7640.1794,184203.0,24.116653574234093,24.10977414732411
2008,JPN.39_1,Tochigi,6409,6403.4361,155561.0,24.272273365579654,24.293363456602897
2008,JPN.40_1,Tokushima,4131,4128.3618,52366.0,12.676349552166545,12.684450160049982
2008,JPN.41_1,Tokyo,2172,2166.6683,92923.0,42.782228360957646,42.88750553007901
2008,JPN.42_1,Tottori,3482,3478.8936,34763.0,9.983630097645031,9.992544858500693
2008,JPN.43_1,Toyama,4281,4269.8203,77677.0,18.144592384956784,18.192100602165883
2008,JPN.44_1,Wakayama,4658,4650.6693,58719.0,12.606054100472306,12.625924654043603
2008,JPN.45_1,Yamagata,9350,9358.1848,123574.0,13.216470588235294,13.204911257898473
2008,JPN.46_1,Yamaguchi,6133,6118.1647,89459.0,14.586499266264472,14.62186857907756
2008,JPN.47_1,Yamanashi,4478,4470.4501,76982.0,17.191156766413577,17.220190005065444
2009,JPN.1_1,Aichi,5160,5153.2612,209769.0,40.652906976744184,40.706067587226684
2009,JPN.2_1,Akita,11644,11644.2485,126369.0,10.85271384403985,10.852482281686257
2009,JPN.3_1,Aomori,9668,9669.5858,140488.0,14.531237070748862,14.528853916725696
2009,JPN.4_1,Chiba,5041,5043.653,197880.0,39.254116246776434,39.2334683935833
2009,JPN.5_1,Ehime,5744,5749.1445,77895.0,13.561107242339833,13.548972280258825
2009,JPN.6_1,Fukui,4222,4234.7935,66221.0,15.684746565608716,15.637362220982272
2009,JPN.7_1,Fukuoka,5007,5009.451,177487.0,35.44777311763531,35.430429609890815
2009,JPN.8_1,Fukushima,13727,13737.6124,177915.0,12.960952866613244,12.950940449660909
2009,JPN.9_1,Gifu,10593,10604.49,164007.0,15.482582837723024,15.465807466826101
2009,JPN.10_1,Gunma,6356,6369.2448,135803.0,21.36611076148521,21.321680096332198
2009,JPN.11_1,Hiroshima,8439,8429.5365,139942.0,16.582770470434884,16.60138732323234
2009,JPN.12_1,Hokkaido,78068,78057.8729,807514.0,10.343725982476816,10.345067955829295
2009,JPN.13_1,Hyōgo,8374,8381.5378,201121.0,24.01731550035825,23.995716048531
2009,JPN.14_1,Ibaraki,6107,6104.7746,214749.0,35.16440150646799,35.17722037824217
2009,JPN.15_1,Ishikawa,4239,4235.9363,70000.0,16.513328615239445,16.525272272700036
2009,JPN.16_1,Iwate,15227,15235.4897,145075.0,9.52748407434163,9.52217504428101
2009,JPN.17_1,Kagawa,1725,1726.8204,54722.0,31.722898550724636,31.6894558402989
2009,JPN.18_1,Kagoshima,9133,9132.5251,96683.0,10.586116281616118,10.586666719499886
2009,JPN.19_1,Kanagawa,2368,2383.8543,116067.0,49.0147804054054,48.68879758640491
2009,JPN.20_1,Kochi,7039,7043.2037,42688.0,6.064497797982668,6.06087826989993
2009,JPN.21_1,Kumamoto,7563,7563.7347,111290.0,14.71506016131165,14.71363082831035
2009,JPN.22_1,Kyoto,4621,4622.477,95415.0,20.648128110798528,20.641530496761735
2009,JPN.23_1,Mie,5781,5776.6248,127350.0,22.029060716139075,22.04574563925498
2009,JPN.24_1,Miyagi,7226,7222.974,146214.0,20.234431220592306,20.242908171969773
2009,JPN.25_1,Miyazaki,7683,7678.7875,68000.0,8.850709358323572,8.855564720774202
2009,JPN.26_1,Nagano,13579,13579.6204,209814.0,15.451358715663893,15.450652826032773
2009,JPN.27_1,Naoasaki,4195,4204.264,87745.0,20.916567342073897,20.87047794002955
2009,JPN.28_1,Nara,3672,3682.8103,56029.0,15.258442265795207,15.21365362413332
2009,JPN.29_1,Niigata,12698,12687.8946,185759.0,14.628996692392503,14.64064810825864
2009,JPN.30_1,Oita,6337,6344.2168,73191.0,11.54978696544106,11.53664859760233
2009,JPN.31_1,Okayama,7260,7260.1917,121487.0,16.73374655647383,16.73330474804876
2009,JPN.32_1,Okinawa,2346,2339.8476,52287.0,22.28772378516624,22.346327125720563
2009,JPN.33_1,Osaka,1906,1912.6933,100161.0,52.550367261280165,52.36647116275738
2009,JPN.34_1,Saga,2462,2455.4715,70702.0,28.717303005686436,28.793655219252518
2009,JPN.35_1,Saitama,3801,3794.9373,172415.0,45.36043146540384,45.43289814018643
2009,JPN.36_1,Shiga,4020,4017.1723,105348.0,26.20597014925373,26.224416335403827
2009,JPN.37_1,Shimane,6699,6692.1825,53738.0,8.021794297656367,8.029966288256825
2009,JPN.38_1,Shizuoka,7638,7640.1794,184812.0,24.196386488609583,24.18948431738497
2009,JPN.39_1,Tochigi,6409,6403.4361,157466.0,24.56951162427836,24.590859984555458
2009,JPN.40_1,Tokushima,4131,4128.3618,52638.0,12.742193173565722,12.750335857707501
2009,JPN.41_1,Tokyo,2172,2166.6683,92981.0,42.808931860036836,42.91427474029332
2009,JPN.42_1,Tottori,3482,3478.8936,35784.0,10.276852383687537,10.286028973810913
2009,JPN.43_1,Toyama,4281,4269.8203,78021.0,18.224947442186405,18.27266605406471
2009,JPN.44_1,Wakayama,4658,4650.6693,58992.0,12.664662945470159,12.68462588244589
2009,JPN.45_1,Yamagata,9350,9358.1848,128661.0,13.760534759358288,13.748499582051851
2009,JPN.46_1,Yamaguchi,6133,6118.1647,89587.0,14.607369965759009,14.642789885800438
2009,JPN.47_1,Yamanashi,4478,4470.4501,77180.0,17.23537293434569,17.264480847353287
2010,JPN.1_1,Aichi,5160,5153.2612,210038.0,40.70503875968992,40.75826754137131
2010,JPN.2_1,Akita,11644,11644.2485,125581.0,10.785039505324631,10.784809386925922
2010,JPN.3_1,Aomori,9668,9669.5858,141542.0,14.640256516342573,14.637855482896677
2010,JPN.4_1,Chiba,5041,5043.653,197925.0,39.263043047014484,39.242390498281665
2010,JPN.5_1,Ehime,5744,5749.1445,78442.0,13.65633704735376,13.644116870249217
2010,JPN.6_1,Fukui,4222,4234.7935,67759.0,16.0490288962577,16.000544037866202
2010,JPN.7_1,Fukuoka,5007,5009.451,177582.0,35.466746554823246,35.4493937639581
2010,JPN.8_1,Fukushima,13727,13737.6124,179426.0,13.071027901216581,13.060930450613261
2010,JPN.9_1,Gifu,10593,10604.49,167724.0,15.833474936278675,15.816319373965387
2010,JPN.10_1,Gunma,6356,6369.2448,136888.0,21.536815607300188,21.492029962716007
2010,JPN.11_1,Hiroshima,8439,8429.5365,137991.0,16.351581940988268,16.369939247117763
2010,JPN.12_1,Hokkaido,78068,78057.8729,833551.0,10.677242916431828,10.67862815957304
2010,JPN.13_1,Hyōgo,8374,8381.5378,202141.0,24.139121089085265,24.117412094043413
2010,JPN.14_1,Ibaraki,6107,6104.7746,214831.0,35.177828721139676,35.190652487686286
2010,JPN.15_1,Ishikawa,4239,4235.9363,72827.0,17.180231186600615,17.192657197198937
2010,JPN.16_1,Iwate,15227,15235.4897,145726.0,9.570237078873054,9.564904225420607
2010,JPN.17_1,Kagawa,1725,1726.8204,54831.0,31.78608695652174,31.752577632020557
2010,JPN.18_1,Kagoshima,9133,9132.5251,98229.0,10.75539253257418,10.75595177218078
2010,JPN.19_1,Kanagawa,2368,2383.8543,116067.0,49.0147804054054,48.68879758640491
2010,JPN.20_1,Kochi,7039,7043.2037,43061.0,6.117488279585168,6.11383712472266
2010,JPN.21_1,Kumamoto,7563,7563.7347,112456.0,14.869231786328177,14.867787478016613
2010,JPN.22_1,Kyoto,4621,4622.477,95946.0,20.763038303397533,20.756403972565124
2010,JPN.23_1,Mie,5781,5776.6248,128289.0,22.19148936170213,22.208297309103905
2010,JPN.24_1,Miyagi,7226,7222.974,147509.0,20.413645170218654,20.422197200945803
2010,JPN.25_1,Miyazaki,7683,7678.7875,67769.0,8.820642978003384,8.82548184650216
2010,JPN.26_1,Nagano,13579,13579.6204,213790.0,15.74416378231092,15.743444515988193
2010,JPN.27_1,Naoasaki,4195,4204.264,87690.0,20.90345649582837,20.85739598337445
2010,JPN.28_1,Nara,3672,3682.8103,56644.0,15.425925925925926,15.380645663592206
2010,JPN.29_1,Niigata,12698,12687.8946,193916.0,15.271381319892896,15.28354436964606
2010,JPN.30_1,Oita,6337,6344.2168,74393.0,11.739466624585766,11.726112488166988
2010,JPN.31_1,Okayama,7260,7260.1917,120892.0,16.651790633608815,16.651350989003852
2010,JPN.32_1,Okinawa,2346,2339.8476,53027.0,22.60315430520034,22.662587038758858
2010,JPN.33_1,Osaka,1906,1912.6933,100186.0,52.56348373557188,52.379541736923656
2010,JPN.34_1,Saga,2462,2455.4715,70755.0,28.738830219333874,28.81523966844236
2010,JPN.35_1,Saitama,3801,3794.9373,172624.0,45.415416995527494,45.48797151379835
2010,JPN.36_1,Shiga,4020,4017.1723,105765.0,26.309701492537314,26.328220694403175
2010,JPN.37_1,Shimane,6699,6692.1825,52346.0,7.814002089864159,7.821962397653277
2010,JPN.38_1,Shizuoka,7638,7640.1794,185324.0,24.263419743388322,24.256498450506744
2010,JPN.39_1,Tochigi,6409,6403.4361,158446.0,24.722421594632547,24.74390281783289
2010,JPN.40_1,Tokushima,4131,4128.3618,53277.0,12.89687726942629,12.905118801836743
2010,JPN.41_1,Tokyo,2172,2166.6683,93114.0,42.870165745856355,42.975659308543385
2010,JPN.42_1,Tottori,3482,3478.8936,36200.0,10.396323951751867,10.405607222556313
2010,JPN.43_1,Toyama,4281,4269.8203,81213.0,18.970567624386824,19.02023850307939
2010,JPN.44_1,Wakayama,4658,4650.6693,59839.0,12.846500644053242,12.866750206463243
2010,JPN.45_1,Yamagata,9350,9358.1848,132731.0,14.195828877005347,14.183412984706509
2010,JPN.46_1,Yamaguchi,6133,6118.1647,89834.0,14.647643893689875,14.68316146986724
2010,JPN.47_1,Yamanashi,4478,4470.4501,77598.0,17.328718177757928,17.35798373662763
2011,JPN.1_1,Aichi,5160,5153.2612,210454.0,40.785658914728685,40.838993121015044
2011,JPN.2_1,Akita,11644,11644.2485,126515.0,10.865252490553075,10.865020660664694
2011,JPN.3_1,Aomori,9668,9669.5858,141709.0,14.657529995862639,14.655126129529082
2011,JPN.4_1,Chiba,5041,5043.653,197929.0,39.26383654036898,39.24318357425485
2011,JPN.5_1,Ehime,5744,5749.1445,78223.0,13.618210306406684,13.606024246468786
2011,JPN.6_1,Fukui,4222,4234.7935,68071.0,16.122927522501183,16.074219412942785
2011,JPN.7_1,Fukuoka,5007,5009.451,177626.0,35.47553425204713,35.45817716163137
2011,JPN.8_1,Fukushima,13727,13737.6124,176306.0,12.843738617323522,12.83381674911006
2011,JPN.9_1,Gifu,10593,10604.49,167043.0,15.769187199093741,15.752101292512103
2011,JPN.10_1,Gunma,6356,6369.2448,136530.0,21.480490874764,21.435822357033608
2011,JPN.11_1,Hiroshima,8439,8429.5365,138386.0,16.398388434648655,16.41679828866838
2011,JPN.12_1,Hokkaido,78068,78057.8729,821964.0,10.528821027821898,10.530187015018031
2011,JPN.13_1,Hyōgo,8374,8381.5378,201854.0,24.10484834010031,24.08317016751198
2011,JPN.14_1,Ibaraki,6107,6104.7746,214873.0,35.18470607499591,35.19753234862108
2011,JPN.15_1,Ishikawa,4239,4235.9363,73151.0,17.256664307619722,17.26914560028972
2011,JPN.16_1,Iwate,15227,15235.4897,143304.0,9.41117751362711,9.405933293438881
2011,JPN.17_1,Kagawa,1725,1726.8204,54957.0,31.85913043478261,31.825544106854768
2011,JPN.18_1,Kagoshima,9133,9132.5251,96486.0,10.56454615131939,10.56509546763822
2011,JPN.19_1,Kanagawa,2368,2383.8543,116070.0,49.0160472972973,48.69005605257323
2011,JPN.20_1,Kochi,7039,7043.2037,42397.0,6.023156698394659,6.019561844287559
2011,JPN.21_1,Kumamoto,7563,7563.7347,111430.0,14.733571334126669,14.732140203060673
2011,JPN.22_1,Kyoto,4621,4622.477,95998.0,20.774291278943952,20.76765335249314
2011,JPN.23_1,Mie,5781,5776.6248,127719.0,22.09289050337312,22.109623771495933
2011,JPN.24_1,Miyagi,7226,7222.974,146430.0,20.26432327705508,20.272812751320217
2011,JPN.25_1,Miyazaki,7683,7678.7875,66998.0,8.720291552778862,8.725075370035736
2011,JPN.26_1,Nagano,13579,13579.6204,213094.0,15.692908167022608,15.692191242293783
2011,JPN.27_1,Naoasaki,4195,4204.264,87324.0,20.816209773539928,20.770341508178703
2011,JPN.28_1,Nara,3672,3682.8103,56082.0,15.272875816993464,15.228044808021647
2011,JPN.29_1,Niigata,12698,12687.8946,193717.0,15.255709560560717,15.267860128378915
2011,JPN.30_1,Oita,6337,6344.2168,72796.0,11.487454631529115,11.474387169338568
2011,JPN.31_1,Okayama,7260,7260.1917,120577.0,16.60840220385675,16.607963704803602
2011,JPN.32_1,Okinawa,2346,2339.8476,52224.0,22.26086956521739,22.319402295286224
2011,JPN.33_1,Osaka,1906,1912.6933,100258.0,52.601259181532,52.41718499052255
2011,JPN.34_1,Saga,2462,2455.4715,70809.0,28.76076360682372,28.837231371390505
2011,JPN.35_1,Saitama,3801,3794.9373,172509.0,45.38516179952644,45.45766798286356
2011,JPN.36_1,Shiga,4020,4017.1723,106417.0,26.47189054726368,26.490523912790646
2011,JPN.37_1,Shimane,6699,6692.1825,52324.0,7.810718017614569,7.818674979842013
2011,JPN.38_1,Shizuoka,7638,7640.1794,184372.0,24.138779785284108,24.131894046733446
2011,JPN.39_1,Tochigi,6409,6403.4361,158473.0,24.72663442034639,24.74811930405584
2011,JPN.40_1,Tokushima,4131,4128.3618,52716.0,12.761074800290487,12.769229550418112
2011,JPN.41_1,Tokyo,2172,2166.6683,93042.0,42.83701657458563,42.942428564829065
2011,JPN.42_1,Tottori,3482,3478.8936,36168.0,10.387133831131534,10.396408895729742
2011,JPN.43_1,Toyama,4281,4269.8203,81371.0,19.007474889044616,19.057242402498037
2011,JPN.44_1,Wakayama,4658,4650.6693,58890.0,12.642765135251182,12.662693555350529
2011,JPN.45_1,Yamagata,9350,9358.1848,132049.0,14.12288770053476,14.110535603721134
2011,JPN.46_1,Yamaguchi,6133,6118.1647,88841.0,14.485732920267406,14.520857895056166
2011,JPN.47_1,Yamanashi,4478,4470.4501,77197.0,17.239169271996428,17.268283596438607
2012,JPN.1_1,Aichi,5160,5153.2612,210548.0,40.80387596899225,40.857233997184544
2012,JPN.2_1,Akita,11644,11644.2485,126918.0,10.899862590175198,10.899630021817504
2012,JPN.3_1,Aomori,9668,9669.5858,141892.0,14.676458419528341,14.674051448892733
2012,JPN.4_1,Chiba,5041,5043.653,197905.0,39.25907558024201,39.238425118415726
2012,JPN.5_1,Ehime,5744,5749.1445,78187.0,13.611942896935933,13.599762445299401
2012,JPN.6_1,Fukui,4222,4234.7935,67054.0,15.882046423495973,15.834066026875844
2012,JPN.7_1,Fukuoka,5007,5009.451,177664.0,35.48312362692231,35.46576282325828
2012,JPN.8_1,Fukushima,13727,13737.6124,171599.0,12.500837764988708,12.491180789823018
2012,JPN.9_1,Gifu,10593,10604.49,166258.0,15.69508165769848,15.67807604443453
2012,JPN.10_1,Gunma,6356,6369.2448,133033.0,20.93030207677785,20.886777672476757
2012,JPN.11_1,Hiroshima,8439,8429.5365,140803.0,16.684796776869298,16.703528170764198
2012,JPN.12_1,Hokkaido,78068,78057.8729,821163.0,10.518560741917304,10.519925397965425
2012,JPN.13_1,Hyōgo,8374,8381.5378,200606.0,23.955815619775496,23.93427147653209
2012,JPN.14_1,Ibaraki,6107,6104.7746,214591.0,35.13852955624693,35.15133899663032
2012,JPN.15_1,Ishikawa,4239,4235.9363,72763.0,17.165133286152393,17.177548376835325
2012,JPN.16_1,Iwate,15227,15235.4897,142417.0,9.35292572404282,9.347713963683395
2012,JPN.17_1,Kagawa,1725,1726.8204,54947.0,31.85333333333333,31.81975311678856
2012,JPN.18_1,Kagoshima,9133,9132.5251,96761.0,10.594656739297054,10.595207621252221
2012,JPN.19_1,Kanagawa,2368,2383.8543,116071.0,49.0164695945946,48.69047554129601
2012,JPN.20_1,Kochi,7039,7043.2037,42637.0,6.057252450632192,6.053637246854463
2012,JPN.21_1,Kumamoto,7563,7563.7347,110937.0,14.668385561285204,14.666960761975607
2012,JPN.22_1,Kyoto,4621,4622.477,95309.0,20.625189352953907,20.618599068446933
2012,JPN.23_1,Mie,5781,5776.6248,127362.0,22.031136481577583,22.047822976888835
2012,JPN.24_1,Miyagi,7226,7222.974,145910.0,20.192360918903958,20.20082024547656
2012,JPN.25_1,Miyazaki,7683,7678.7875,67305.0,8.760249902381883,8.765055640172173
2012,JPN.26_1,Nagano,13579,13579.6204,212146.0,15.623094484129906,15.622380748813466
2012,JPN.27_1,Naoasaki,4195,4204.264,86881.0,20.710607866507747,20.66497229366582
2012,JPN.28_1,Nara,3672,3682.8103,55675.0,15.162037037037036,15.117531377030154
2012,JPN.29_1,Niigata,12698,12687.8946,190391.0,14.993778547802803,15.005720497954181
2012,JPN.30_1,Oita,6337,6344.2168,72719.0,11.47530377150071,11.462250131423861
2012,JPN.31_1,Okayama,7260,7260.1917,121355.0,16.71556473829201,16.715123409907704
2012,JPN.32_1,Okinawa,2346,2339.8476,52165.0,22.235720375106563,22.294186977895333
2012,JPN.33_1,Osaka,1906,1912.6933,100262.0,52.603357817418676,52.419276282389156
2012,JPN.34_1,Saga,2462,2455.4715,70789.0,28.752640129975628,28.829086296224524
2012,JPN.35_1,Saitama,3801,3794.9373,172193.0,45.302025782688766,45.37439915003406
2012,JPN.36_1,Shiga,4020,4017.1723,106240.0,26.427860696517413,26.446463069762146
2012,JPN.37_1,Shimane,6699,6692.1825,53924.0,8.049559635766533,8.05775991157023
2012,JPN.38_1,Shizuoka,7638,7640.1794,184198.0,24.115998952605395,24.109119712430346
2012,JPN.39_1,Tochigi,6409,6403.4361,156624.0,24.43813387423935,24.45936808086199
2012,JPN.40_1,Tokushima,4131,4128.3618,52674.0,12.750907770515614,12.759056023573937
2012,JPN.41_1,Tokyo,2172,2166.6683,92941.0,42.79051565377532,42.89581321600759
2012,JPN.42_1,Tottori,3482,3478.8936,35718.0,10.257897759908099,10.267057424731115
2012,JPN.43_1,Toyama,4281,4269.8203,81162.0,18.95865451997197,19.0082942064316
2012,JPN.44_1,Wakayama,4658,4650.6693,58703.0,12.60261914984972,12.622484289009035
2012,JPN.45_1,Yamagata,9350,9358.1848,129965.0,13.9,13.887842844229166
2012,JPN.46_1,Yamaguchi,6133,6118.1647,89176.0,14.540355454100766,14.575612877494947
2012,JPN.47_1,Yamanashi,4478,4470.4501,76549.0,17.094461813309515,17.123331748951113
2013,JPN.1_1,Aichi,5160,5153.2612,210562.0,40.80658914728682,40.85995072342255
2013,JPN.2_1,Akita,11644,11644.2485,127355.0,10.937392648574374,10.937159279444746
2013,JPN.3_1,Aomori,9668,9669.5858,142340.0,14.722796855606124,14.720382285367686
2013,JPN.4_1,Chiba,5041,5043.653,197905.0,39.25907558024201,39.238425118415726
2013,JPN.5_1,Ehime,5744,5749.1445,78770.0,13.713440111420613,13.701168836459178
2013,JPN.6_1,Fukui,4222,4234.7935,67021.0,15.874230222643297,15.826273439127359
2013,JPN.7_1,Fukuoka,5007,5009.451,177805.0,35.51128420211704,35.493909620347615
2013,JPN.8_1,Fukushima,13727,13737.6124,171120.0,12.465943031980768,12.456313013214034
2013,JPN.9_1,Gifu,10593,10604.49,166725.0,15.739167374681394,15.722113994564756
2013,JPN.10_1,Gunma,6356,6369.2448,133012.0,20.92699811202014,20.883480578288683
2013,JPN.11_1,Hiroshima,8439,8429.5365,142090.0,16.837302997985542,16.85620560487976
2013,JPN.12_1,Hokkaido,78068,78057.8729,816807.0,10.462763232054106,10.46412064905012
2013,JPN.13_1,Hyōgo,8374,8381.5378,200119.0,23.89765942202054,23.87616758029234
2013,JPN.14_1,Ibaraki,6107,6104.7746,214611.0,35.14180448665466,35.15461512088498
2013,JPN.15_1,Ishikawa,4239,4235.9363,73011.0,17.223637650389243,17.236095055744318
2013,JPN.16_1,Iwate,15227,15235.4897,142175.0,9.337032902081829,9.331829997729812
2013,JPN.17_1,Kagawa,1725,1726.8204,54948.0,31.85391304347826,31.820332215795183
2013,JPN.18_1,Kagoshima,9133,9132.5251,97402.0,10.664841782546809,10.665396313857947
2013,JPN.19_1,Kanagawa,2368,2383.8543,116071.0,49.0164695945946,48.69047554129601
2013,JPN.20_1,Kochi,7039,7043.2037,43654.0,6.201733200738741,6.198031765231717
2013,JPN.21_1,Kumamoto,7563,7563.7347,110841.0,14.65569218564062,14.654268619289672
2013,JPN.22_1,Kyoto,4621,4622.477,94751.0,20.5044362692058,20.49788456845015
2013,JPN.23_1,Mie,5781,5776.6248,126763.0,21.92752119010552,21.944129206665718
2013,JPN.24_1,Miyagi,7226,7222.974,146333.0,20.25089952947689,20.259383380037843
2013,JPN.25_1,Miyazaki,7683,7678.7875,67959.0,8.845372901210464,8.850225336163147
2013,JPN.26_1,Nagano,13579,13579.6204,212212.0,15.627954930407247,15.627240973043108
2013,JPN.27_1,Naoasaki,4195,4204.264,86286.0,20.568772348033374,20.52344930803339
2013,JPN.28_1,Nara,3672,3682.8103,55420.0,15.092592592592593,15.048290775303299
2013,JPN.29_1,Niigata,12698,12687.8946,190809.0,15.026697117656324,15.038665286143459
2013,JPN.30_1,Oita,6337,6344.2168,74278.0,11.721319236231656,11.707985743229438
2013,JPN.31_1,Okayama,7260,7260.1917,121852.0,16.784022038567493,16.783578902756982
2013,JPN.32_1,Okinawa,2346,2339.8476,52502.0,22.37936913895993,22.438213451806014
2013,JPN.33_1,Osaka,1906,1912.6933,100262.0,52.603357817418676,52.419276282389156
2013,JPN.34_1,Saga,2462,2455.4715,70719.0,28.724207961007313,28.8005785331436
2013,JPN.35_1,Saitama,3801,3794.9373,172179.0,45.29834254143646,45.370710024528954
2013,JPN.36_1,Shiga,4020,4017.1723,106279.0,26.437562189054727,26.456171391107407
2013,JPN.37_1,Shimane,6699,6692.1825,55701.0,8.314823107926555,8.32329361387088
2013,JPN.38_1,Shizuoka,7638,7640.1794,183944.0,24.082744173867503,24.075874419826963
2013,JPN.39_1,Tochigi,6409,6403.4361,156634.0,24.43969418005929,24.460929742426046
2013,JPN.40_1,Tokushima,4131,4128.3618,52937.0,12.814572742677317,12.822761679764845
2013,JPN.41_1,Tokyo,2172,2166.6683,93032.0,42.83241252302026,42.93781318375763
2013,JPN.42_1,Tottori,3482,3478.8936,35857.0,10.297817346352671,10.307012656884025
2013,JPN.43_1,Toyama,4281,4269.8203,82486.0,19.267928054192947,19.318377515484055
2013,JPN.44_1,Wakayama,4658,4650.6693,58476.0,12.553885787891799,12.573674110081127
2013,JPN.45_1,Yamagata,9350,9358.1848,130732.0,13.982032085561498,13.969803183255241
2013,JPN.46_1,Yamaguchi,6133,6118.1647,87646.0,14.29088537420512,14.325537883073048
2013,JPN.47_1,Yamanashi,4478,4470.4501,76268.0,17.031710585082624,17.060474543481998
2014,JPN.1_1,Aichi,5160,5153.2612,210841.7796974182,40.8608100188795,40.91424249805388
2014,JPN.2_1,Akita,11644,11644.2485,128396.13356494904,11.026806386546637,11.026571109612574
2014,JPN.3_1,Aomori,9668,9669.5858,141207.87854719162,14.605696994951554,14.603301629341233
2014,JPN.4_1,Chiba,5041,5043.653,198685.07811927795,39.41382228115016,39.393090421817874
2014,JPN.5_1,Ehime,5744,5749.1445,78443.92786026001,13.656672677621868,13.6444522001834
2014,JPN.6_1,Fukui,4222,4234.7935,67452.38833236694,15.97640652116697,15.92814105832863
2014,JPN.7_1,Fukuoka,5007,5009.451,178117.1095237732,35.5736188383809,35.556213758186566
2014,JPN.8_1,Fukushima,13727,13737.6124,172309.92224168777,12.552627831404369,12.542930848089258
2014,JPN.9_1,Gifu,10593,10604.49,166434.8876838684,15.711780202385388,15.694756496256474
2014,JPN.10_1,Gunma,6356,6369.2448,132208.73871040344,20.80061968382685,20.75736495307757
2014,JPN.11_1,Hiroshima,8439,8429.5365,141104.9851026535,16.720581242167732,16.73935280993612
2014,JPN.12_1,Hokkaido,78068,78057.8729,787519.1227229834,10.087604687233993,10.088913431945866
2014,JPN.13_1,Hyōgo,8374,8381.5378,200111.0985250473,23.896715849659337,23.875224856512478
2014,JPN.14_1,Ibaraki,6107,6104.7746,215010.45166015625,35.207213306067835,35.22004778450517
2014,JPN.15_1,Ishikawa,4239,4235.9363,73891.47266578674,17.431345285630275,17.443952920469975
2014,JPN.16_1,Iwate,15227,15235.4897,138244.6492074728,9.078915689726985,9.073856616844942
2014,JPN.17_1,Kagawa,1725,1726.8204,55152.425495147705,31.97242057689722,31.938714816963166
2014,JPN.18_1,Kagoshima,9133,9132.5251,96252.98407030106,10.539032527132493,10.53958051683966
2014,JPN.19_1,Kanagawa,2368,2383.8543,116112.5458908081,49.034014311996664,48.70790357396768
2014,JPN.20_1,Kochi,7039,7043.2037,43038.3270406723,6.1142672312362984,6.1106179988206835
2014,JPN.21_1,Kumamoto,7563,7563.7347,110008.82321929932,14.545659555639206,14.544246677200341
2014,JPN.22_1,Kyoto,4621,4622.477,94641.31600666046,20.480700282765735,20.47415616627518
2014,JPN.23_1,Mie,5781,5776.6248,126919.47224521637,21.954587829997642,21.97121634696916
2014,JPN.24_1,Miyagi,7226,7222.974,146815.1234650612,20.317620186141873,20.326131988452808
2014,JPN.25_1,Miyazaki,7683,7678.7875,67266.41744422913,8.755228093743217,8.76003107664685
2014,JPN.26_1,Nagano,13579,13579.6204,212269.82790756226,15.632213558256296,15.631499406338314
2014,JPN.27_1,Naoasaki,4195,4204.264,86312.69046211243,20.575134794305704,20.52979773473265
2014,JPN.28_1,Nara,3672,3682.8103,55607.15296936035,15.143560176841055,15.099108752611059
2014,JPN.29_1,Niigata,12698,12687.8946,192797.00377893448,15.183257503459952,15.195350366087194
2014,JPN.30_1,Oita,6337,6344.2168,73835.02281665802,11.651415940769768,11.638161965702528
2014,JPN.31_1,Okayama,7260,7260.1917,122525.63723564148,16.876809536589736,16.876363950981254
2014,JPN.32_1,Okinawa,2346,2339.8476,52768.78580391407,22.493088577968486,22.55223190470563
2014,JPN.33_1,Osaka,1906,1912.6933,100449.06943893433,52.70150547688055,52.51708048142259
2014,JPN.34_1,Saga,2462,2455.4715,70531.04707622528,28.647866399766563,28.724033998553068
2014,JPN.35_1,Saitama,3801,3794.9373,172755.79518318176,45.450090813781046,45.52270072606448
2014,JPN.36_1,Shiga,4020,4017.1723,106937.1185388565,26.601273268372264,26.619997705427764
2014,JPN.37_1,Shimane,6699,6692.1825,54326.132177352905,8.109588323235245,8.117849751675317
2014,JPN.38_1,Shizuoka,7638,7640.1794,184292.1818227768,24.128329644249384,24.121446886667094
2014,JPN.39_1,Tochigi,6409,6403.4361,157084.7457666397,24.510024304359447,24.531320976318238
2014,JPN.40_1,Tokushima,4131,4128.3618,52650.33086824417,12.745178133198783,12.753322724828788
2014,JPN.41_1,Tokyo,2172,2166.6683,93082.2322025299,42.85553968808927,42.960997259430926
2014,JPN.42_1,Tottori,3482,3478.8936,35530.69403743744,10.204105122756301,10.213216754099378
2014,JPN.43_1,Toyama,4281,4269.8203,82946.71648025513,19.3755469470346,19.42627818824275
2014,JPN.44_1,Wakayama,4658,4650.6693,58254.70118808746,12.506376382157034,12.526089816662692
2014,JPN.45_1,Yamagata,9350,9358.1848,134325.63906002045,14.366378509093096,14.353813451438578
2014,JPN.46_1,Yamaguchi,6133,6118.1647,87184.15383148193,14.215580275800088,14.25005018502342
2014,JPN.47_1,Yamanashi,4478,4470.4501,76155.35950374603,17.006556387616353,17.035277864417306
2015,JPN.1_1,Aichi,5160,5153.2612,210836.68876075745,40.85982340324757,40.913254592253715
2015,JPN.2_1,Akita,11644,11644.2485,127687.4668970108,10.96594528486867,10.96571130651671
2015,JPN.3_1,Aomori,9668,9669.5858,140465.4662642479,14.528906316119972,14.52652354434556
2015,JPN.4_1,Chiba,5041,5043.653,198588.08857917786,39.394582142268966,39.3738604033419
2015,JPN.5_1,Ehime,5744,5749.1445,77588.39845275879,13.507729535647421,13.495642337840755
2015,JPN.6_1,Fukui,4222,4234.7935,66878.87167072296,15.840566478143762,15.792711394356544
2015,JPN.7_1,Fukuoka,5007,5009.451,178280.52474308014,35.606256189950095,35.58883514130105
2015,JPN.8_1,Fukushima,13727,13737.6124,169970.5609191656,12.382207395582837,12.372642063117643
2015,JPN.9_1,Gifu,10593,10604.49,165350.22357177734,15.609385780400014,15.592473018577008
2015,JPN.10_1,Gunma,6356,6369.2448,131853.0328655243,20.74465589451295,20.701517540038765
2015,JPN.11_1,Hiroshima,8439,8429.5365,140050.75318050385,16.595657445254634,16.61428876577409
2015,JPN.12_1,Hokkaido,78068,78057.8729,785837.9623245001,10.066070122514988,10.06737607337752
2015,JPN.13_1,Hyōgo,8374,8381.5378,199044.2652463913,23.769317559874768,23.747941139616913
2015,JPN.14_1,Ibaraki,6107,6104.7746,215168.8855690956,35.23315630736788,35.24600024309704
2015,JPN.15_1,Ishikawa,4239,4235.9363,73326.95434951782,17.298172764689273,17.310684079337545
2015,JPN.16_1,Iwate,15227,15235.4897,137820.54207086563,9.051063378923336,9.046019826272463
2015,JPN.17_1,Kagawa,1725,1726.8204,55167.39771652222,31.981100125520125,31.94738521548805
2015,JPN.18_1,Kagoshima,9133,9132.5251,95667.00773906708,10.474872193043586,10.4754168466568
2015,JPN.19_1,Kanagawa,2368,2383.8543,116132.46641921997,49.04242669730573,48.71626001098819
2015,JPN.20_1,Kochi,7039,7043.2037,42696.79036951065,6.065746607403133,6.062126333982377
2015,JPN.21_1,Kumamoto,7563,7563.7347,109511.65367031097,14.479922473927141,14.478515980795525
2015,JPN.22_1,Kyoto,4621,4622.477,94629.86249065399,20.478221703236095,20.471678378716174
2015,JPN.23_1,Mie,5781,5776.6248,126878.17963504791,21.94744501557653,21.964068122543917
2015,JPN.24_1,Miyagi,7226,7222.974,146019.99808573723,20.207583460522727,20.216049164380845
2015,JPN.25_1,Miyazaki,7683,7678.7875,66676.1904553175,8.67840563000358,8.683166469290166
2015,JPN.26_1,Nagano,13579,13579.6204,211584.0700263977,15.581712204609891,15.581000359827646
2015,JPN.27_1,Naoasaki,4195,4204.264,83220.38018357754,19.837992892390353,19.79428011604339
2015,JPN.28_1,Nara,3672,3682.8103,55610.82473945618,15.144560114230986,15.100105754849636
2015,JPN.29_1,Niigata,12698,12687.8946,192748.78147268295,15.179459873419669,15.191549711385148
2015,JPN.30_1,Oita,6337,6344.2168,73234.92169475555,11.55671795719671,11.54357170506371
2015,JPN.31_1,Okayama,7260,7260.1917,121494.79092407227,16.734819686511333,16.734377849753223
2015,JPN.32_1,Okinawa,2346,2339.8476,52693.43099319935,22.460968027791708,22.520026896754743
2015,JPN.33_1,Osaka,1906,1912.6933,100489.94967651367,52.722953660290486,52.538453608511226
2015,JPN.34_1,Saga,2462,2455.4715,70580.27047634125,28.667859657327885,28.74408041324655
2015,JPN.35_1,Saitama,3801,3794.9373,172843.16383171082,45.47307651452534,45.54572314818127
2015,JPN.36_1,Shiga,4020,4017.1723,106838.95731449127,26.576855053356038,26.595562302612837
2015,JPN.37_1,Shimane,6699,6692.1825,53259.15937900543,7.9503148796843455,7.958414052519836
2015,JPN.38_1,Shizuoka,7638,7640.1794,184211.49090385437,24.117765240096148,24.110885496076495
2015,JPN.39_1,Tochigi,6409,6403.4361,156851.45248508453,24.473623417863088,24.49488846122253
2015,JPN.40_1,Tokushima,4131,4128.3618,52500.40981912613,12.708886424382989,12.717007824407137
2015,JPN.41_1,Tokyo,2172,2166.6683,93069.79809188843,42.849814959432976,42.955258443541446
2015,JPN.42_1,Tottori,3482,3478.8936,33740.33689403534,9.689930182089414,9.698582687183904
2015,JPN.43_1,Toyama,4281,4269.8203,82561.34527206421,19.28552797759033,19.33602352098491
2015,JPN.44_1,Wakayama,4658,4650.6693,58277.42953777313,12.511255804588478,12.530976930384691
2015,JPN.45_1,Yamagata,9350,9358.1848,133168.52182865143,14.242622655470742,14.230165836606874
2015,JPN.46_1,Yamaguchi,6133,6118.1647,86943.98667812347,14.176420459501626,14.21079541408457
2015,JPN.47_1,Yamanashi,4478,4470.4501,76006.45536613464,16.973304012089024,17.001969330705418
2016,JPN.1_1,Aichi,5160,5153.2612,210884.30084991455,40.86905055230902,40.922493807386545
2016,JPN.2_1,Akita,11644,11644.2485,128457.18910169601,11.0320499056764,11.031814516862338
2016,JPN.3_1,Aomori,9668,9669.5858,141079.20056962967,14.592387315849159,14.589994133054738
2016,JPN.4_1,Chiba,5041,5043.653,198589.23143959045,39.394808855304596,39.37408699712539
2016,JPN.5_1,Ehime,5744,5749.1445,77703.05545806885,13.527690713452097,13.51558565367211
2016,JPN.6_1,Fukui,4222,4234.7935,66804.37166881561,15.822920812130652,15.775119036716383
2016,JPN.7_1,Fukuoka,5007,5009.451,178604.08003520966,35.67087677955056,35.65342411402977
2016,JPN.8_1,Fukushima,13727,13737.6124,170241.62236094475,12.401953985644697,12.392373398815481
2016,JPN.9_1,Gifu,10593,10604.49,165495.21086597443,15.623072865663591,15.606145273890428
2016,JPN.10_1,Gunma,6356,6369.2448,132045.10786628723,20.774875372291888,20.73167417664304
2016,JPN.11_1,Hiroshima,8439,8429.5365,140176.1323442459,16.61051455673017,16.62916255676997
2016,JPN.12_1,Hokkaido,78068,78057.8729,793096.1951532364,10.159043335979357,10.160361348991946
2016,JPN.13_1,Hyōgo,8374,8381.5378,199289.80777072906,23.79863957137916,23.77723678100617
2016,JPN.14_1,Ibaraki,6107,6104.7746,215217.0865483284,35.24104904999646,35.2538958629552
2016,JPN.15_1,Ishikawa,4239,4235.9363,73377.11316013336,17.310005463584186,17.32252533651321
2016,JPN.16_1,Iwate,15227,15235.4897,138475.03970193863,9.09404608274372,9.08897857870496
2016,JPN.17_1,Kagawa,1725,1726.8204,55280.43987464905,32.04663181139075,32.01284781696556
2016,JPN.18_1,Kagoshima,9133,9132.5251,95892.06751728058,10.499514673960427,10.500060608889157
2016,JPN.19_1,Kanagawa,2368,2383.8543,116132.46641921997,49.04242669730573,48.71626001098819
2016,JPN.20_1,Kochi,7039,7043.2037,42741.84394836426,6.072147172661494,6.068523079134529
2016,JPN.21_1,Kumamoto,7563,7563.7347,109736.18486213684,14.509610586028936,14.508201209171535
2016,JPN.22_1,Kyoto,4621,4622.477,94825.18337535858,20.52048980206851,20.513932971791522
2016,JPN.23_1,Mie,5781,5776.6248,126932.30586338043,21.95680779508397,21.973437993468384
2016,JPN.24_1,Miyagi,7226,7222.974,146123.37349963188,20.22188949621255,20.230361193397965
2016,JPN.25_1,Miyazaki,7683,7678.7875,66747.20021903515,8.687648082654581,8.692413992207939
2016,JPN.26_1,Nagano,13579,13579.6204,211839.3409614563,15.600511154095022,15.599798450489695
2016,JPN.27_1,Naoasaki,4195,4204.264,83329.10110104084,19.863909678436436,19.820139794766252
2016,JPN.28_1,Nara,3672,3682.8103,55803.59200286865,15.197056645661398,15.152448191366966
2016,JPN.29_1,Niigata,12698,12687.8946,193040.3457865715,15.20242130938506,15.214529435223929
2016,JPN.30_1,Oita,6337,6344.2168,73642.12367534637,11.620975804851883,11.60775645671793
2016,JPN.31_1,Okayama,7260,7260.1917,121710.56439208984,16.764540549874635,16.7640979284191
2016,JPN.32_1,Okinawa,2346,2339.8476,52748.851170659065,22.484591291841035,22.543712275814173
2016,JPN.33_1,Osaka,1906,1912.6933,100540.00009536743,52.749213061577876,52.56462111697849
2016,JPN.34_1,Saga,2462,2455.4715,70642.6704788208,28.693204906101055,28.769493048774212
2016,JPN.35_1,Saitama,3801,3794.9373,172840.59639930725,45.47240105217239,45.54504660672679
2016,JPN.36_1,Shiga,4020,4017.1723,106926.83518314362,26.598715219687467,26.61743785615165
2016,JPN.37_1,Shimane,6699,6692.1825,53346.65938425064,7.963376531460015,7.971489010507504
2016,JPN.38_1,Shizuoka,7638,7640.1794,184280.7290019989,24.12683019141122,24.119947861557268
2016,JPN.39_1,Tochigi,6409,6403.4361,156867.45248508453,24.476119907174994,24.49738711972502
2016,JPN.40_1,Tokushima,4131,4128.3618,52682.64467859268,12.753000406340519,12.761149996662553
2016,JPN.41_1,Tokyo,2172,2166.6683,93073.79809188843,42.85165658005913,42.957104595970016
2016,JPN.42_1,Tottori,3482,3478.8936,33741.33689403534,9.690217373358799,9.698870134897234
2016,JPN.43_1,Toyama,4281,4269.8203,82572.34527206421,19.28809747069942,19.33859974183051
2016,JPN.44_1,Wakayama,4658,4650.6693,58443.924939632416,12.546999772355607,12.566777240320487
2016,JPN.45_1,Yamagata,9350,9358.1848,133514.14948177338,14.27958817986881,14.267099030383486
2016,JPN.46_1,Yamaguchi,6133,6118.1647,87205.43754768372,14.21905063552645,14.253528959670765
2016,JPN.47_1,Yamanashi,4478,4470.4501,76045.86810779572,16.982105428270593,17.010785611134924
2017,JPN.1_1,Aichi,5160,5153.2612,211307.75834655762,40.9511159586352,41.00466652823028
2017,JPN.2_1,Akita,11644,11644.2485,130297.76421427727,11.19012059552364,11.189881833984423
2017,JPN.3_1,Aomori,9668,9669.5858,141899.27266836166,14.67721066077386,14.674803566769075
2017,JPN.4_1,Chiba,5041,5043.653,199623.8367586136,39.60004696659662,39.57921715218768
2017,JPN.5_1,Ehime,5744,5749.1445,79664.63011360168,13.86919047938748,13.856779833445815
2017,JPN.6_1,Fukui,4222,4234.7935,67683.59955883026,16.03116995708912,15.982739051378635
2017,JPN.7_1,Fukuoka,5007,5009.451,180309.85700798035,36.01155522428208,35.993935875251296
2017,JPN.8_1,Fukushima,13727,13737.6124,173919.5217987299,12.669885757902666,12.660098192107766
2017,JPN.9_1,Gifu,10593,10604.49,168244.48921775818,15.882610140447293,15.865401340164432
2017,JPN.10_1,Gunma,6356,6369.2448,132777.62498283386,20.8901235026485,20.846682649387343
2017,JPN.11_1,Hiroshima,8439,8429.5365,143118.6904115677,16.959200190966666,16.97823964725539
2017,JPN.12_1,Hokkaido,78068,78057.8729,809764.1435607672,10.372548849218209,10.373894561989074
2017,JPN.13_1,Hyōgo,8374,8381.5378,201498.9300813675,24.062446869043168,24.040806829298266
2017,JPN.14_1,Ibaraki,6107,6104.7746,216911.12390851974,35.51844177313243,35.53138970715669
2017,JPN.15_1,Ishikawa,4239,4235.9363,74486.29526996613,17.571666730352945,17.58437585601313
2017,JPN.16_1,Iwate,15227,15235.4897,140924.4511588812,9.254905835613133,9.249748695185914
2017,JPN.17_1,Kagawa,1725,1726.8204,55455.72861480713,32.14824847235196,32.11435735226291
2017,JPN.18_1,Kagoshima,9133,9132.5251,98229.90772998333,10.755491922696084,10.75605116747059
2017,JPN.19_1,Kanagawa,2368,2383.8543,116247.20210647583,49.09087926793743,48.76439033789194
2017,JPN.20_1,Kochi,7039,7043.2037,44709.7164041996,6.351714221366614,6.34792327135499
2017,JPN.21_1,Kumamoto,7563,7563.7347,111808.93507015705,14.783675138193448,14.782239140343364
2017,JPN.22_1,Kyoto,4621,4622.477,95835.02546215057,20.73902303876879,20.73239638143812
2017,JPN.23_1,Mie,5781,5776.6248,128367.2221455574,22.205020263891612,22.221838459667826
2017,JPN.24_1,Miyagi,7226,7222.974,147455.195271492,20.406199179558815,20.414748090885173
2017,JPN.25_1,Miyazaki,7683,7678.7875,68573.95824158192,8.92541432273616,8.930310667176416
2017,JPN.26_1,Nagano,13579,13579.6204,213471.30425810814,15.720694031821793,15.71997583770597
2017,JPN.27_1,Naoasaki,4195,4204.264,84144.41790401936,20.05826410107732,20.01406595979786
2017,JPN.28_1,Nara,3672,3682.8103,56650.16395378113,15.42760456257656,15.382319372881703
2017,JPN.29_1,Niigata,12698,12687.8946,193817.31612730026,15.263609712340546,15.275766572316417
2017,JPN.30_1,Oita,6337,6344.2168,76153.63897490501,12.017301400489982,12.003631215342761
2017,JPN.31_1,Okayama,7260,7260.1917,124929.11954808235,17.207867706347432,17.207413380061055
2017,JPN.32_1,Okinawa,2346,2339.8476,53144.13244056702,22.653082881742122,22.712646897498974
2017,JPN.33_1,Osaka,1906,1912.6933,100634.12590408325,52.798597011586175,52.61383225152974
2017,JPN.34_1,Saga,2462,2455.4715,70911.63686084747,28.80245201496648,28.879030618710644
2017,JPN.35_1,Saitama,3801,3794.9373,173468.81911849976,45.63767932609833,45.710588925031026
2017,JPN.36_1,Shiga,4020,4017.1723,107603.48618888855,26.76703636539516,26.785877481853372
2017,JPN.37_1,Shimane,6699,6692.1825,56068.970255851746,8.369752240013696,8.378278703557337
2017,JPN.38_1,Shizuoka,7638,7640.1794,186710.78042554855,24.444983035552312,24.438009950601234
2017,JPN.39_1,Tochigi,6409,6403.4361,158235.90217673779,24.689639908993257,24.71109264830486
2017,JPN.40_1,Tokushima,4131,4128.3618,54351.677612543106,13.157026776214744,13.16543455279012
2017,JPN.41_1,Tokyo,2172,2166.6683,93189.13603591919,42.90475876423535,43.010337452339776
2017,JPN.42_1,Tottori,3482,3478.8936,34868.79035997391,10.014012165414677,10.02295405556758
2017,JPN.43_1,Toyama,4281,4269.8203,83282.16077327728,19.453903474253043,19.50483987735383
2017,JPN.44_1,Wakayama,4658,4650.6693,59443.42629957199,12.761577136018031,12.781692835991585
2017,JPN.45_1,Yamagata,9350,9358.1848,135271.06716775894,14.467493814733576,14.454840320063123
2017,JPN.46_1,Yamaguchi,6133,6118.1647,88866.00103664398,14.48980939778966,14.524944257212562
2017,JPN.47_1,Yamanashi,4478,4470.4501,76839.38437080383,17.159308702725287,17.18828815486085
2018,JPN.1_1,Aichi,5160,5153.2612,211322.49287986755,40.953971488346426,41.007525792033704
2018,JPN.2_1,Akita,11644,11644.2485,130479.55717110634,11.205733181991269,11.205494087329175
2018,JPN.3_1,Aomori,9668,9669.5858,141986.00354719162,14.686181583284197,14.683773018028896
2018,JPN.4_1,Chiba,5041,5043.653,199822.82874298096,39.63952167089485,39.61867109260235
2018,JPN.5_1,Ehime,5744,5749.1445,79758.6896891594,13.88556575368374,13.873140454563014
2018,JPN.6_1,Fukui,4222,4234.7935,68096.07295072079,16.12886616549521,16.08014011502173
2018,JPN.7_1,Fukuoka,5007,5009.451,181101.09484767914,36.16958155535833,36.15188488889246
2018,JPN.8_1,Fukushima,13727,13737.6124,174004.72487151623,12.676092727581862,12.66630036686416
2018,JPN.9_1,Gifu,10593,10604.49,168018.68287563324,15.861293578366208,15.844107874567888
2018,JPN.10_1,Gunma,6356,6369.2448,132756.6314792633,20.886820559984788,20.84338657516783
2018,JPN.11_1,Hiroshima,8439,8429.5365,142504.1450176239,16.88637812745869,16.905335829155256
2018,JPN.12_1,Hokkaido,78068,78057.8729,808599.1840846539,10.35762648056379,10.358970257337788
2018,JPN.13_1,Hyōgo,8374,8381.5378,201384.7697252035,24.04881415395313,24.02718637449489
2018,JPN.14_1,Ibaraki,6107,6104.7746,217107.62662887573,35.55061840983719,35.56357807356998
2018,JPN.15_1,Ishikawa,4239,4235.9363,74005.8410987854,17.45832533587766,17.470952484680044
2018,JPN.16_1,Iwate,15227,15235.4897,140865.76783931255,9.251051936646256,9.245896943739337
2018,JPN.17_1,Kagawa,1725,1726.8204,55478.97310256958,32.16172353772149,32.12781821203555
2018,JPN.18_1,Kagoshima,9133,9132.5251,98300.53136622906,10.763224719832373,10.763784366682993
2018,JPN.19_1,Kanagawa,2368,2383.8543,116261.80660247803,49.09704670712755,48.770516759266684
2018,JPN.20_1,Kochi,7039,7043.2037,44809.17188668251,6.365843427572455,6.362044044701201
2018,JPN.21_1,Kumamoto,7563,7563.7347,111871.08947098255,14.791893358585554,14.790456562466657
2018,JPN.22_1,Kyoto,4621,4622.477,95833.95063686371,20.738790442948215,20.732163859937963
2018,JPN.23_1,Mie,5781,5776.6248,128370.52098035812,22.2055908978305,22.222409525807777
2018,JPN.24_1,Miyagi,7226,7222.974,147092.2816209793,20.355975867835497,20.364503738759637
2018,JPN.25_1,Miyazaki,7683,7678.7875,68465.60408186913,8.911311217215818,8.916199824910214
2018,JPN.26_1,Nagano,13579,13579.6204,212880.86754965782,15.677212427252215,15.676496219577478
2018,JPN.27_1,Naoasaki,4195,4204.264,84366.2021523714,20.11113281343776,20.066818176592864
2018,JPN.28_1,Nara,3672,3682.8103,56393.90321159363,15.357816778756435,15.3127364395953
2018,JPN.29_1,Niigata,12698,12687.8946,197752.41887307167,15.573509125300966,15.585912807872603
2018,JPN.30_1,Oita,6337,6344.2168,76139.23032450676,12.015027666799236,12.0013600681196
2018,JPN.31_1,Okayama,7260,7260.1917,124315.79002404213,17.123387055653186,17.12293495984539
2018,JPN.32_1,Okinawa,2346,2339.8476,52940.727021217346,22.566379804440473,22.625715843127296
2018,JPN.33_1,Osaka,1906,1912.6933,100705.11071395874,52.83583982893953,52.65094474041602
2018,JPN.34_1,Saga,2462,2455.4715,71051.15193367004,28.859119388168175,28.93584865645699
2018,JPN.35_1,Saitama,3801,3794.9373,173521.72999572754,45.65159957793411,45.72453141550806
2018,JPN.36_1,Shiga,4020,4017.1723,107596.35725879669,26.76526299970067,26.784102867900046
2018,JPN.37_1,Shimane,6699,6692.1825,54751.58209609985,8.173097790132834,8.181423917161185
2018,JPN.38_1,Shizuoka,7638,7640.1794,186734.71149778366,24.44811619504892,24.44114221634442
2018,JPN.39_1,Tochigi,6409,6403.4361,157635.73550975323,24.595995554650216,24.617366926719153
2018,JPN.40_1,Tokushima,4131,4128.3618,53943.88977456093,13.058312702629129,13.066657397636787
2018,JPN.41_1,Tokyo,2172,2166.6683,93172.23191452026,42.89697601957655,43.0025355561464
2018,JPN.42_1,Tottori,3482,3478.8936,34037.45032680035,9.775258565996653,9.783987264031916
2018,JPN.43_1,Toyama,4281,4269.8203,83852.5684261322,19.587145159105862,19.63843043060617
2018,JPN.44_1,Wakayama,4658,4650.6693,59370.21735715866,12.745860317122942,12.765951243135559
2018,JPN.45_1,Yamagata,9350,9358.1848,135569.04669713974,14.49936328311655,14.486681914914337
2018,JPN.46_1,Yamaguchi,6133,6118.1647,89019.39153170586,14.514820076912743,14.5500155821779
2018,JPN.47_1,Yamanashi,4478,4470.4501,76890.75250434875,17.170779925044386,17.199778750322764
2019,JPN.1_1,Aichi,5160,5153.2612,211397.24518966675,40.96845837009045,41.0220316178468
2019,JPN.2_1,Akita,11644,11644.2485,126812.7056696415,10.890819792995662,10.890587417582465
2019,JPN.3_1,Aomori,9668,9669.5858,140274.33421897888,14.509136762409897,14.506757232884663
2019,JPN.4_1,Chiba,5041,5043.653,200010.69653892517,39.67678963279611,39.65591945137711
2019,JPN.5_1,Ehime,5744,5749.1445,79605.98073720932,13.85897993335817,13.846578424176997
2019,JPN.6_1,Fukui,4222,4234.7935,68088.73961865902,16.12712923227357,16.078408429155665
2019,JPN.7_1,Fukuoka,5007,5009.451,181860.4009923935,36.32123047581256,36.303459612182955
2019,JPN.8_1,Fukushima,13727,13737.6124,173612.9706003666,12.647553769969155,12.637783455774262
2019,JPN.9_1,Gifu,10593,10604.49,167495.48664665222,15.811902827022772,15.794770638079262
2019,JPN.10_1,Gunma,6356,6369.2448,133054.3950510025,20.93366819556364,20.890136791444085
2019,JPN.11_1,Hiroshima,8439,8429.5365,142652.69450426102,16.90398086316637,16.922958326792347
2019,JPN.12_1,Hokkaido,78068,78057.8729,795226.8908153772,10.186336153294272,10.187657707219838
2019,JPN.13_1,Hyōgo,8374,8381.5378,201517.5116084814,24.064665823797636,24.043023788483897
2019,JPN.14_1,Ibaraki,6107,6104.7746,217777.00544548035,35.660226861876595,35.67322648240181
2019,JPN.15_1,Ishikawa,4239,4235.9363,73515.8969039917,17.342745200281126,17.355288753002977
2019,JPN.16_1,Iwate,15227,15235.4897,139924.8939268589,9.189262095413339,9.184141533854925
2019,JPN.17_1,Kagawa,1725,1726.8204,55502.20266056061,32.17518994815108,32.14127042599239
2019,JPN.18_1,Kagoshima,9133,9132.5251,98263.55585944653,10.759176158923303,10.759735595264116
2019,JPN.19_1,Kanagawa,2368,2383.8543,116283.10767173767,49.10604209110544,48.77945231760417
2019,JPN.20_1,Kochi,7039,7043.2037,44598.913749456406,6.335972971935844,6.332191416913923
2019,JPN.21_1,Kumamoto,7563,7563.7347,112153.03044140339,14.829172344493374,14.827731927316579
2019,JPN.22_1,Kyoto,4621,4622.477,95897.37580013275,20.75251586239618,20.745884893757385
2019,JPN.23_1,Mie,5781,5776.6248,128548.12987613678,22.236313765116204,22.253155662750103
2019,JPN.24_1,Miyagi,7226,7222.974,146754.20173490047,20.3091892796707,20.31769754996319
2019,JPN.25_1,Miyazaki,7683,7678.7875,68481.4567887783,8.913374565765757,8.918264305381298
2019,JPN.26_1,Nagano,13579,13579.6204,211759.7015016079,15.594646255365483,15.593933819695895
2019,JPN.27_1,Naoasaki,4195,4204.264,83808.88176453114,19.978279324083704,19.9342574282887
2019,JPN.28_1,Nara,3672,3682.8103,56493.6592335701,15.38498345140798,15.339823368958156
2019,JPN.29_1,Niigata,12698,12687.8946,195929.85982465744,15.429977935474676,15.442267301144232
2019,JPN.30_1,Oita,6337,6344.2168,75996.76612257957,11.992546334634618,11.97890430941468
2019,JPN.31_1,Okayama,7260,7260.1917,124258.80171513557,17.115537426327215,17.115085537767232
2019,JPN.32_1,Okinawa,2346,2339.8476,52961.727023124695,22.57533121190311,22.634690787420567
2019,JPN.33_1,Osaka,1906,1912.6933,100873.12110519409,52.923987988034675,52.73878443158993
2019,JPN.34_1,Saga,2462,2455.4715,71287.05924034119,28.954938765370102,29.031922793708993
2019,JPN.35_1,Saitama,3801,3794.9373,173504.45186805725,45.647053898462836,45.719978473974564
2019,JPN.36_1,Shiga,4020,4017.1723,107455.38343906403,26.73019488533931,26.749010069355588
2019,JPN.37_1,Shimane,6699,6692.1825,54579.966626644135,8.14747971736739,8.155779746662231
2019,JPN.38_1,Shizuoka,7638,7640.1794,186815.33043527603,24.458671175081964,24.45169418550311
2019,JPN.39_1,Tochigi,6409,6403.4361,157210.42184376717,24.52963361581638,24.55094732623536
2019,JPN.40_1,Tokushima,4131,4128.3618,53772.80612206459,13.01689811717855,13.025216346892236
2019,JPN.41_1,Tokyo,2172,2166.6683,93098.38124465942,42.86297479035885,42.96845065776756
2019,JPN.42_1,Tottori,3482,3478.8936,33675.61699283123,9.671343191508107,9.67997909957582
2019,JPN.43_1,Toyama,4281,4269.8203,83610.65178108215,19.530635781612276,19.58177309389017
2019,JPN.44_1,Wakayama,4658,4650.6693,59476.93642950058,12.76877123862185,12.788898278448466
2019,JPN.45_1,Yamagata,9350,9358.1848,133152.630027771,14.240922997622567,14.228467665305837
2019,JPN.46_1,Yamaguchi,6133,6118.1647,89244.1220498085,14.551462913714088,14.586747270453031
2019,JPN.47_1,Yamanashi,4478,4470.4501,76819.48416519165,17.154864708618057,17.18383665552618
2020,JPN.1_1,Aichi,5160,5153.2612,211535.68651008606,40.99528808335001,41.048896415533086
2020,JPN.2_1,Akita,11644,11644.2485,126100.55567336082,10.829659539106906,10.829428468658767
2020,JPN.3_1,Aomori,9668,9669.5858,139796.10446500778,14.459671541684711,14.45730012456169
2020,JPN.4_1,Chiba,5041,5043.653,200282.39925384521,39.73068820746781,39.70978967514033
2020,JPN.5_1,Ehime,5744,5749.1445,79894.33789992332,13.909181389262418,13.896734958029311
2020,JPN.6_1,Fukui,4222,4234.7935,68156.46095693111,16.143169340817412,16.094400079789914
2020,JPN.7_1,Fukuoka,5007,5009.451,182399.16311216354,36.428832257272525,36.41100874739279
2020,JPN.8_1,Fukushima,13727,13737.6124,174190.438916564,12.689621834090769,12.67981902205388
2020,JPN.9_1,Gifu,10593,10604.49,167938.61153411865,15.85373468650228,15.83655717275958
2020,JPN.10_1,Gunma,6356,6369.2448,133221.69896507263,20.959990397273856,20.91640425633564
2020,JPN.11_1,Hiroshima,8439,8429.5365,142752.25953817368,16.91577906602366,16.934769775048302
2020,JPN.12_1,Hokkaido,78068,78057.8729,790007.4431900978,10.119478444306218,10.120791324252599
2020,JPN.13_1,Hyōgo,8374,8381.5378,203588.60147559643,24.3119896674942,24.290125206845392
2020,JPN.14_1,Ibaraki,6107,6104.7746,218202.77182865143,35.72994462561838,35.742969661138176
2020,JPN.15_1,Ishikawa,4239,4235.9363,73720.91333436966,17.391109538657624,17.403688072036875
2020,JPN.16_1,Iwate,15227,15235.4897,140367.1717464924,9.218307726176684,9.213170979429648
2020,JPN.17_1,Kagawa,1725,1726.8204,55516.08271217346,32.183236354883164,32.149308350093236
2020,JPN.18_1,Kagoshima,9133,9132.5251,99344.65296530724,10.877548775353908,10.878114366621679
2020,JPN.19_1,Kanagawa,2368,2383.8543,116287.26831245422,49.10779911843506,48.78119765946428
2020,JPN.20_1,Kochi,7039,7043.2037,45162.6465921402,6.416060035820457,6.412230681724903
2020,JPN.21_1,Kumamoto,7563,7563.7347,112629.4010052681,14.892159329005434,14.890712793649397
2020,JPN.22_1,Kyoto,4621,4622.477,96139.17898750305,20.80484288844472,20.798195199959956
2020,JPN.23_1,Mie,5781,5776.6248,129155.56110668182,22.341387494669057,22.35830897568246
2020,JPN.24_1,Miyagi,7226,7222.974,146940.96894407272,20.335035835050196,20.343554933420375
2020,JPN.25_1,Miyazaki,7683,7678.7875,68754.0456931591,8.948854053515436,8.95376325662996
2020,JPN.26_1,Nagano,13579,13579.6204,211523.73127007484,15.577268670010668,15.576557028229663
2020,JPN.27_1,Naoasaki,4195,4204.264,83907.33365142345,20.00174818865875,19.957674579505753
2020,JPN.28_1,Nara,3672,3682.8103,56875.77195882797,15.489044651096942,15.44357911415166
2020,JPN.29_1,Niigata,12698,12687.8946,195776.67163300514,15.417913973303287,15.430193730505277
2020,JPN.30_1,Oita,6337,6344.2168,76361.64828753471,12.05012597246879,12.036418447992098
2020,JPN.31_1,Okayama,7260,7260.1917,125069.07094216347,17.227144757873756,17.226689922630005
2020,JPN.32_1,Okinawa,2346,2339.8476,53220.20009636879,22.685507287454726,22.745156559943428
2020,JPN.33_1,Osaka,1906,1912.6933,101051.82175064087,53.01774488491127,52.83221323318491
2020,JPN.34_1,Saga,2462,2455.4715,71340.27504253387,28.976553632223343,29.05359512915286
2020,JPN.35_1,Saitama,3801,3794.9373,173675.4335269928,45.692037234147016,45.76503367389487
2020,JPN.36_1,Shiga,4020,4017.1723,107844.1641960144,26.826906516421495,26.845789775030685
2020,JPN.37_1,Shimane,6699,6692.1825,55268.752700805664,8.250298955188187,8.258703728859892
2020,JPN.38_1,Shizuoka,7638,7640.1794,187868.84021997452,24.59660123330381,24.589584898309507
2020,JPN.39_1,Tochigi,6409,6403.4361,156264.73352575302,24.382077317171635,24.403262816453466
2020,JPN.40_1,Tokushima,4131,4128.3618,54148.7551214695,13.107904895054345,13.116281281118113
2020,JPN.41_1,Tokyo,2172,2166.6683,93124.19624233246,42.87486014840353,42.98036526292948
2020,JPN.42_1,Tottori,3482,3478.8936,33997.64178645611,9.76382590076281,9.772544390138949
2020,JPN.43_1,Toyama,4281,4269.8203,83971.12570762634,19.61483898799961,19.666196770604635
2020,JPN.44_1,Wakayama,4658,4650.6693,59822.27473163605,12.842909989617013,12.863153892183675
2020,JPN.45_1,Yamagata,9350,9358.1848,132514.380027771,14.172660965537005,14.160265336253174
2020,JPN.46_1,Yamaguchi,6133,6118.1647,90088.43223333359,14.689129664655729,14.724747835443482
2020,JPN.47_1,Yamanashi,4478,4470.4501,76896.83940410614,17.17213921485175,17.20114033576305
2021,JPN.1_1,Aichi,5160,5153.2612,211610.1123085022,41.00971168769422,41.063338881200366
2021,JPN.2_1,Akita,11644,11644.2485,125793.06996130943,10.803252315468004,10.803021808465923
2021,JPN.3_1,Aomori,9668,9669.5858,139978.60106039047,14.478547896192643,14.476173383307028
2021,JPN.4_1,Chiba,5041,5043.653,201124.98385047913,39.897834526974634,39.87684807488238
2021,JPN.5_1,Ehime,5744,5749.1445,79097.52328181267,13.770460181374071,13.758137882821837
2021,JPN.6_1,Fukui,4222,4234.7935,68333.05251443386,16.18499585846373,16.13610023759239
2021,JPN.7_1,Fukuoka,5007,5009.451,182535.34790563583,36.456031137534616,36.43819432007731
2021,JPN.8_1,Fukushima,13727,13737.6124,174475.98245680332,12.710423432418105,12.70060455101673
2021,JPN.9_1,Gifu,10593,10604.49,168421.60645198822,15.899330355139075,15.88210343851181
2021,JPN.10_1,Gunma,6356,6369.2448,133245.05410289764,20.963664899763632,20.920071117725378
2021,JPN.11_1,Hiroshima,8439,8429.5365,142841.55292987823,16.926360105448303,16.945362693407997
2021,JPN.12_1,Hokkaido,78068,78057.8729,792238.6765248775,10.1480590834257,10.149375671364362
2021,JPN.13_1,Hyōgo,8374,8381.5378,204081.91792404652,24.370900158113987,24.34898271759304
2021,JPN.14_1,Ibaraki,6107,6104.7746,219137.60712909698,35.88302065320075,35.896101491233466
2021,JPN.15_1,Ishikawa,4239,4235.9363,74126.90165185928,17.48688408866697,17.49953189326618
2021,JPN.16_1,Iwate,15227,15235.4897,140363.65887761116,9.218077026177918,9.21294040798457
2021,JPN.17_1,Kagawa,1725,1726.8204,55566.379813194275,32.21239409460538,32.17843535133029
2021,JPN.18_1,Kagoshima,9133,9132.5251,99521.57820606232,10.896920859089272,10.8974874576319
2021,JPN.19_1,Kanagawa,2368,2383.8543,116328.743019104,49.12531377495946,48.798595831184294
2021,JPN.20_1,Kochi,7039,7043.2037,45300.80715370178,6.435687903637134,6.431846834866905
2021,JPN.21_1,Kumamoto,7563,7563.7347,112957.71785211563,14.935570256791701,14.934119504757579
2021,JPN.22_1,Kyoto,4621,4622.477,96074.40801429749,20.790826231183182,20.78418302138502
2021,JPN.23_1,Mie,5781,5776.6248,129436.07608032227,22.389911101941234,22.40686933498265
2021,JPN.24_1,Miyagi,7226,7222.974,147198.3380342722,20.37065292475397,20.379186944439915
2021,JPN.25_1,Miyazaki,7683,7678.7875,68921.18380141258,8.970608330263254,8.975529467437996
2021,JPN.26_1,Nagano,13579,13579.6204,211020.54841780663,15.540212712114782,15.539502763221565
2021,JPN.27_1,Naoasaki,4195,4204.264,83814.12257802486,19.97952862408221,19.93550397546983
2021,JPN.28_1,Nara,3672,3682.8103,56472.2928071022,15.379164707816503,15.334021705329176
2021,JPN.29_1,Niigata,12698,12687.8946,196361.6414372921,15.463981842596636,15.476298291030055
2021,JPN.30_1,Oita,6337,6344.2168,76608.93557882309,12.089148742121365,12.075396827604987
2021,JPN.31_1,Okayama,7260,7260.1917,125897.53329443932,17.341258029537094,17.340800181447136
2021,JPN.32_1,Okinawa,2346,2339.8476,53303.66123318672,22.721083219602182,22.78082603544629
2021,JPN.33_1,Osaka,1906,1912.6933,101086.46778869629,53.0359222396098,52.850326977583755
2021,JPN.34_1,Saga,2462,2455.4715,71361.29858016968,28.985092843285816,29.06215704386778
2021,JPN.35_1,Saitama,3801,3794.9373,173969.46636772156,45.76939394046871,45.8425139633285
2021,JPN.36_1,Shiga,4020,4017.1723,108130.72772598267,26.898190976612604,26.917124411819525
2021,JPN.37_1,Shimane,6699,6692.1825,55137.87923908234,8.23076268683122,8.239147558446668
2021,JPN.38_1,Shizuoka,7638,7640.1794,188237.98485898972,24.64493124626731,24.637901124833242
2021,JPN.39_1,Tochigi,6409,6403.4361,156424.46210718155,24.406999860693016,24.42820701508327
2021,JPN.40_1,Tokushima,4131,4128.3618,54093.2921602726,13.0944788574855,13.102846663865872
2021,JPN.41_1,Tokyo,2172,2166.6683,93186.32837677002,42.90346610348528,43.00904161065057
2021,JPN.42_1,Tottori,3482,3478.8936,34387.48171031475,9.875784523352886,9.884602984816969
2021,JPN.43_1,Toyama,4281,4269.8203,84303.3510131836,19.6924435910263,19.74400456675128
2021,JPN.44_1,Wakayama,4658,4650.6693,59849.76204776764,12.848811087970725,12.86906429226575
2021,JPN.45_1,Yamagata,9350,9358.1848,132346.6110677719,14.154717761259027,14.142337825380192
2021,JPN.46_1,Yamaguchi,6133,6118.1647,90252.63768339157,14.715903747495773,14.751586840023414
2021,JPN.47_1,Yamanashi,4478,4470.4501,77108.10260486603,17.219317240925864,17.248398038319017
2022,JPN.1_1,Aichi,5160,5153.2612,211632.15328216553,41.01398319421813,41.06761597344769
2022,JPN.2_1,Akita,11644,11644.2485,126227.06329774857,10.840524158171467,10.840292855906954
2022,JPN.3_1,Aomori,9668,9669.5858,140345.2439045906,14.516471235476894,14.514090503082357
2022,JPN.4_1,Chiba,5041,5043.653,201231.19773292542,39.918904529443644,39.89790699442916
2022,JPN.5_1,Ehime,5744,5749.1445,79287.37951874733,13.803513147414229,13.791161271889965
2022,JPN.6_1,Fukui,4222,4234.7935,68547.3287409544,16.235748162234582,16.1866992163068
2022,JPN.7_1,Fukuoka,5007,5009.451,182562.6697936058,36.46148787569519,36.44364838842333
2022,JPN.8_1,Fukushima,13727,13737.6124,175378.3312215805,12.776158754395025,12.766289092047302
2022,JPN.9_1,Gifu,10593,10604.49,168946.29427337646,15.948861915734586,15.931581331685756
2022,JPN.10_1,Gunma,6356,6369.2448,133624.51026070118,21.02336536511976,20.97964743641694
2022,JPN.11_1,Hiroshima,8439,8429.5365,142985.286277771,16.94339214098483,16.962413850170318
2022,JPN.12_1,Hokkaido,78068,78057.8729,802907.7731631994,10.284723230557967,10.286057549016947
2022,JPN.13_1,Hyōgo,8374,8381.5378,204561.23839485645,24.428139287658997,24.40617037036825
2022,JPN.14_1,Ibaraki,6107,6104.7746,220046.95938110352,36.0319239202724,36.04505903967507
2022,JPN.15_1,Ishikawa,4239,4235.9363,74365.94844865799,17.54327635023779,17.55596494188069
2022,JPN.16_1,Iwate,15227,15235.4897,142317.9844970703,9.346423096937697,9.341214960057727
2022,JPN.17_1,Kagawa,1725,1726.8204,55567.379813194275,32.212973804750305,32.179014450336915
2022,JPN.18_1,Kagoshima,9133,9132.5251,99665.91154384613,10.912724356054541,10.913291776319056
2022,JPN.19_1,Kanagawa,2368,2383.8543,116329.29858398438,49.125548388506914,48.79882888438638
2022,JPN.20_1,Kochi,7039,7043.2037,45572.9738329649,6.474353435568248,6.470489289705188
2022,JPN.21_1,Kumamoto,7563,7563.7347,113728.53115057945,15.037489243762984,15.036028591927575
2022,JPN.22_1,Kyoto,4621,4622.477,96155.3663520813,20.80834588878626,20.801697081001763
2022,JPN.23_1,Mie,5781,5776.6248,129593.218937397,22.417093744576544,22.43407256589035
2022,JPN.24_1,Miyagi,7226,7222.974,147467.66091156006,20.407924288895664,20.416473922934102
2022,JPN.25_1,Miyazaki,7683,7678.7875,69047.82269310951,8.98709133061428,8.992021510108426
2022,JPN.26_1,Nagano,13579,13579.6204,211664.0242191553,15.587600281254534,15.586888167477676
2022,JPN.27_1,Naoasaki,4195,4204.264,83937.66961991787,20.00897964717947,19.96489010359547
2022,JPN.28_1,Nara,3672,3682.8103,56525.2928071022,15.39359825901476,15.348412889217503
2022,JPN.29_1,Niigata,12698,12687.8946,196726.19950985909,15.492691723882428,15.505031038598023
2022,JPN.30_1,Oita,6337,6344.2168,76726.73559045792,12.10773798176707,12.093964921209725
2022,JPN.31_1,Okayama,7260,7260.1917,126281.32125592232,17.394121385113266,17.393662141312205
2022,JPN.32_1,Okinawa,2346,2339.8476,53338.744567632675,22.7360377526141,22.795819889907058
2022,JPN.33_1,Osaka,1906,1912.6933,101092.12849807739,53.038892181572606,52.85328652645574
2022,JPN.34_1,Saga,2462,2455.4715,71381.66944217682,28.99336695458035,29.07045315397998
2022,JPN.35_1,Saitama,3801,3794.9373,174257.09390449524,45.845065483950336,45.91830639774865
2022,JPN.36_1,Shiga,4020,4017.1723,108134.72772598267,26.899186001488225,26.918120137085705
2022,JPN.37_1,Shimane,6699,6692.1825,55283.12805938721,8.252444851378893,8.260851811125539
2022,JPN.38_1,Shizuoka,7638,7640.1794,188744.85444879532,24.711292805550578,24.704243754064905
2022,JPN.39_1,Tochigi,6409,6403.4361,157011.06522893906,24.49852788718038,24.519814569943634
2022,JPN.40_1,Tokushima,4131,4128.3618,54126.0254843235,13.102402683205883,13.11077555317375
2022,JPN.41_1,Tokyo,2172,2166.6683,93198.66170978546,42.90914443360288,43.01473391382528
2022,JPN.42_1,Tottori,3482,3478.8936,34646.69663178921,9.950228785694776,9.959113721255891
2022,JPN.43_1,Toyama,4281,4269.8203,84467.63240623474,19.730818128062307,19.78247958032609
2022,JPN.44_1,Wakayama,4658,4650.6693,59961.09863805771,12.87271331860406,12.893004199284611
2022,JPN.45_1,Yamagata,9350,9358.1848,132946.78361463547,14.218907338463687,14.206471261384207
2022,JPN.46_1,Yamaguchi,6133,6118.1647,90560.21930646896,14.766055650818354,14.801860351575934
2022,JPN.47_1,Yamanashi,4478,4470.4501,77223.03747940063,17.244983805136364,17.274107949437127
