year,scope,zeros,grouping,unit,pixels,mean_dn,population_share,value_share,theil_t,within_contribution
1992,all,zeros_included,commune,Acoua,12,0.0,0.030379746835443037,0.0,0.0,0.0
1992,all,zeros_included,commune,Bandraboua,31,0.0,0.07848101265822785,0.0,0.0,0.0
1992,all,zeros_included,commune,Bandrele,40,0.0,0.10126582278481013,0.0,0.0,0.0
1992,all,zeros_included,commune,Boueni,14,0.0,0.035443037974683546,0.0,0.0,0.0
1992,all,zeros_included,commune,Chiconi,9,1.6666666666666667,0.02278481012658228,0.041666666666666664,0.33318099758419384,0.013882541566008075
1992,all,zeros_included,commune,Chirongui,30,0.0,0.0759493670886076,0.0,0.0,0.0
1992,all,zeros_included,commune,Dembeni,40,0.0,0.10126582278481013,0.0,0.0,0.0
1992,all,zeros_included,commune,Dzaoudzi,9,5.222222222222222,0.02278481012658228,0.13055555555555556,0.4158695788174307,0.054294083901164567
1992,all,zeros_included,commune,Kani-Keli,23,0.0,0.05822784810126582,0.0,0.0,0.0
1992,all,zeros_included,commune,Koungou,32,2.9375,0.0810126582278481,0.2611111111111111,0.9140845316304007,0.23867762770349354
1992,all,zeros_included,commune,M'tsangamouji,23,0.30434782608695654,0.05822784810126582,0.019444444444444445,2.0565020080515666,0.03998753904544713
1992,all,zeros_included,commune,Mamoudzou,44,4.0,0.11139240506329114,0.4888888888888889,0.8281093469987979,0.4048534585327456
1992,all,zeros_included,commune,Mtsamboro,17,0.0,0.043037974683544304,0.0,0.0,0.0
1992,all,zeros_included,commune,Ouangani,18,0.0,0.04556962025316456,0.0,0.0,0.0
1992,all,zeros_included,commune,Pamandzi,5,4.2,0.012658227848101266,0.058333333333333334,0.19225899339514552,0.011215107948050156
1992,all,zeros_included,commune,Sada,12,0.0,0.030379746835443037,0.0,0.0,0.0
1992,all,zeros_included,commune,Tsingoni,36,0.0,0.09113924050632911,0.0,0.0,0.0
1992,all,lit_only,commune,Chiconi,7,2.142857142857143,0.11666666666666667,0.041666666666666664,0.08186656930328784,0.0034111070543036597
1992,all,lit_only,commune,Dzaoudzi,7,6.714285714285714,0.11666666666666667,0.13055555555555556,0.1645551505365248,0.021483589097824073
1992,all,lit_only,commune,Koungou,15,6.266666666666667,0.25,0.2611111111111111,0.15639882993288423,0.04083747226025311
1992,all,lit_only,commune,M'tsangamouji,3,2.3333333333333335,0.05,0.019444444444444445,0.019620080790526462,0.00038150157092690343
1992,all,lit_only,commune,Mamoudzou,23,7.6521739130434785,0.38333333333333336,0.4888888888888889,0.17941392900968633,0.08771347640473554
1992,all,lit_only,commune,Pamandzi,5,4.2,0.08333333333333333,0.058333333333333334,0.19225899339514552,0.011215107948050156
1993,all,zeros_included,commune,Acoua,12,0.0,0.030379746835443037,0.0,0.0,0.0
1993,all,zeros_included,commune,Bandraboua,31,0.8064516129032258,0.07848101265822785,0.03654970760233918,1.324146868512858,0.04839718086669802
1993,all,zeros_included,commune,Bandrele,40,0.025,0.10126582278481013,0.0014619883040935672,3.6888794541139363,0.005393098617125638
1993,all,zeros_included,commune,Boueni,14,0.0,0.035443037974683546,0.0,0.0,0.0
1993,all,zeros_included,commune,Chiconi,9,3.3333333333333335,0.02278481012658228,0.043859649122807015,0.27354750984640486,0.011997697800280914
1993,all,zeros_included,commune,Chirongui,30,0.3333333333333333,0.0759493670886076,0.014619883040935672,2.312297406316932,0.03380551763621246
1993,all,zeros_included,commune,Dembeni,40,0.075,0.10126582278481013,0.0043859649122807015,3.0523652858191235,0.01338756704306633
1993,all,zeros_included,commune,Dzaoudzi,9,8.444444444444445,0.02278481012658228,0.1111111111111111,0.1645264897152514,0.018280721079472376
1993,all,zeros_included,commune,Kani-Keli,23,0.0,0.05822784810126582,0.0,0.0,0.0
1993,all,zeros_included,commune,Koungou,32,4.53125,0.0810126582278481,0.21198830409356725,0.39439119973227177,0.08360632158067165
1993,all,zeros_included,commune,M'tsangamouji,23,0.9565217391304348,0.05822784810126582,0.03216374269005848,1.2262606165566123,0.03944113094187934
1993,all,zeros_included,commune,Mamoudzou,44,5.431818181818182,0.11139240506329114,0.34941520467836257,0.7005730609461756,0.2447908794826549
1993,all,zeros_included,commune,Mtsamboro,17,1.1176470588235294,0.043037974683544304,0.027777777777777776,1.229645240885701,0.03415681224682503
1993,all,zeros_included,commune,Ouangani,18,1.6666666666666667,0.04556962025316456,0.043859649122807015,0.8376813099570937,0.03674040833145147
1993,all,zeros_included,commune,Pamandzi,5,10.0,0.012658227848101266,0.07309941520467836,0.01777701189795211,0.0012994891738269086
1993,all,zeros_included,commune,Sada,12,0.3333333333333333,0.030379746835443037,0.005847953216374269,1.791759469228055,0.010478125551041256
1993,all,zeros_included,commune,Tsingoni,36,0.8333333333333334,0.09113924050632911,0.043859649122807015,1.2974720480289923,0.05690666877320141
1993,all,lit_only,commune,Bandraboua,9,2.7777777777777777,0.07758620689655173,0.03654970760233918,0.08738424136393119,0.0031938684709039177
1993,all,lit_only,commune,Bandrele,1,1.0,0.008620689655172414,0.0014619883040935672,0.0,0.0
1993,all,lit_only,commune,Chiconi,7,4.285714285714286,0.0603448275862069,0.043859649122807015,0.02223308156549897,0.0009751351563815337
1993,all,lit_only,commune,Chirongui,3,3.3333333333333335,0.02586206896551724,0.014619883040935672,0.009712313322886024,0.00014199288483751496
1993,all,lit_only,commune,Dembeni,2,1.5,0.017241379310344827,0.0043859649122807015,0.056633012265132454,0.0002483904046716336
1993,all,lit_only,commune,Dzaoudzi,8,9.5,0.06896551724137931,0.1111111111111111,0.04674345405886804,0.005193717117652004
1993,all,lit_only,commune,Koungou,23,6.304347826086956,0.19827586206896552,0.21198830409356725,0.0641495128616949,0.013598946439979182
1993,all,lit_only,commune,M'tsangamouji,7,3.142857142857143,0.0603448275862069,0.03216374269005848,0.036676549682775894,0.0011796551067559497
1993,all,lit_only,commune,Mamoudzou,25,9.56,0.21551724137931033,0.34941520467836257,0.1352592518961151,0.04726163918592326
1993,all,lit_only,commune,Mtsamboro,5,3.8,0.04310344827586207,0.027777777777777776,0.005869809263585379,0.0001630502573218161
1993,all,lit_only,commune,Ouangani,8,3.75,0.06896551724137931,0.043859649122807015,0.026751093740764897,0.0011732935851212674
1993,all,lit_only,commune,Pamandzi,5,10.0,0.04310344827586207,0.07309941520467836,0.01777701189795211,0.0012994891738269086
1993,all,lit_only,commune,Sada,2,2.0,0.017241379310344827,0.005847953216374269,0.0,0.0
1993,all,lit_only,commune,Tsingoni,11,2.727272727272727,0.09482758620689655,0.043859649122807015,0.11184838237125283,0.004905630805756703
1994,all,zeros_included,commune,Acoua,12,0.16666666666666666,0.030379746835443037,0.002600780234070221,1.791759469228055,0.004659972611776476
1994,all,zeros_included,commune,Bandraboua,31,0.6774193548387096,0.07848101265822785,0.027308192457737322,1.313661007508317,0.03587370761726223
1994,all,zeros_included,commune,Bandrele,40,0.125,0.10126582278481013,0.006501950585175552,2.0794415416798357,0.01352042614876356
1994,all,zeros_included,commune,Boueni,14,0.14285714285714285,0.035443037974683546,0.002600780234070221,1.9459101490553135,0.005060884652939697
1994,all,zeros_included,commune,Chiconi,9,3.6666666666666665,0.02278481012658228,0.04291287386215865,0.08592622151489437,0.003687341105320565
1994,all,zeros_included,commune,Chirongui,30,0.6,0.0759493670886076,0.02340702210663199,1.185095133570892,0.02773954798995586
1994,all,zeros_included,commune,Dembeni,40,0.55,0.10126582278481013,0.02860858257477243,0.912903901010141,0.026116886634880494
1994,all,zeros_included,commune,Dzaoudzi,9,8.555555555555555,0.02278481012658228,0.10013003901170352,0.16631150612203616,0.01665277759609465
1994,all,zeros_included,commune,Kani-Keli,23,0.21739130434782608,0.05822784810126582,0.006501950585175552,1.5260563034950494,0.009922342675520477
1994,all,zeros_included,commune,Koungou,32,4.59375,0.0810126582278481,0.19115734720416125,0.36419926885991694,0.06961936608895682
1994,all,zeros_included,commune,M'tsangamouji,23,0.6956521739130435,0.05822784810126582,0.02080624187256177,1.468032282499855,0.03054423474642091
1994,all,zeros_included,commune,Mamoudzou,44,6.090909090909091,0.11139240506329114,0.34850455136540964,0.5295253386971264,0.1845419905992586
1994,all,zeros_included,commune,Mtsamboro,17,1.1176470588235294,0.043037974683544304,0.0247074122236671,1.229645240885701,0.030381351855433447
1994,all,zeros_included,commune,Ouangani,18,1.7222222222222223,0.04556962025316456,0.04031209362808843,0.7613912634656163,0.030693275900434466
1994,all,zeros_included,commune,Pamandzi,5,10.0,0.012658227848101266,0.06501950585175553,0.01777701189795211,0.001155852529125625
1994,all,zeros_included,commune,Sada,12,1.25,0.030379746835443037,0.01950585175552666,0.9951563309374092,0.019411371864838933
1994,all,zeros_included,commune,Tsingoni,36,1.0555555555555556,0.09113924050632911,0.0494148244473342,0.7760636269446373,0.03834904788543071
1994,all,lit_only,commune,Acoua,2,1.0,0.011235955056179775,0.0026007802340702216,0.0,0.0
1994,all,lit_only,commune,Bandraboua,10,2.1,0.056179775280898875,0.027308192457737326,0.18225889601721634,0.004977161009572879
1994,all,lit_only,commune,Bandrele,5,1.0,0.028089887640449437,0.006501950585175553,0.0,0.0
1994,all,lit_only,commune,Boueni,2,1.0,0.011235955056179775,0.0026007802340702216,0.0,0.0
1994,all,lit_only,commune,Chiconi,9,3.6666666666666665,0.05056179775280899,0.042912873862158654,0.08592622151489437,0.0036873411053205654
1994,all,lit_only,commune,Chirongui,11,1.6363636363636365,0.06179775280898876,0.023407022106631994,0.18179302470710695,0.0042552333481507484
1994,all,lit_only,commune,Dembeni,17,1.2941176470588236,0.09550561797752809,0.028608582574772435,0.057237790952420764,0.001637492068859892
1994,all,lit_only,commune,Dzaoudzi,8,9.625,0.0449438202247191,0.10013003901170353,0.048528470465652784,0.004859157640904116
1994,all,lit_only,commune,Kani-Keli,5,1.0,0.028089887640449437,0.006501950585175553,0.0,0.0
1994,all,lit_only,commune,Koungou,24,6.125,0.1348314606741573,0.19115734720416128,0.07651719640813592,0.01462682428087904
1994,all,lit_only,commune,M'tsangamouji,6,2.6666666666666665,0.033707865168539325,0.020806241872561772,0.12429753579876035,0.0025861645939924136
1994,all,lit_only,commune,Mamoudzou,35,7.6571428571428575,0.19662921348314608,0.3485045513654097,0.30068376626827886,0.10478966106618824
1994,all,lit_only,commune,Mtsamboro,5,3.8,0.028089887640449437,0.024707412223667104,0.005869809263585379,0.0001450277971497038
1994,all,lit_only,commune,Ouangani,9,3.4444444444444446,0.05056179775280899,0.040312093628088436,0.06824408290567097,0.0027510618596564376
1994,all,lit_only,commune,Pamandzi,5,10.0,0.028089887640449437,0.06501950585175553,0.01777701189795211,0.001155852529125625
1994,all,lit_only,commune,Sada,5,3.0,0.028089887640449437,0.01950585175552666,0.11968759358350911,0.0023346084574156524
1994,all,lit_only,commune,Tsingoni,20,1.9,0.11235955056179775,0.04941482444733421,0.18827696204251831,0.009303673026808448
1995,all,zeros_included,commune,Acoua,12,1.75,0.030379746835443037,0.017269736842105265,0.7033862564194191,0.012147295546716943
1995,all,zeros_included,commune,Bandraboua,31,1.4838709677419355,0.07848101265822785,0.03782894736842105,0.7619204572638856,0.028822648876758828
1995,all,zeros_included,commune,Bandrele,40,0.3,0.10126582278481013,0.009868421052631578,2.359218105259178,0.023281757617689258
1995,all,zeros_included,commune,Boueni,14,2.0,0.035443037974683546,0.023026315789473683,0.4026358913976028,0.009271221183497432
1995,all,zeros_included,commune,Chiconi,9,4.777777777777778,0.02278481012658228,0.03536184210526316,0.013312649902341045,0.00047075982384923103
1995,all,zeros_included,commune,Chirongui,30,1.7,0.0759493670886076,0.04194078947368421,0.7571969080829161,0.0317574361120302
1995,all,zeros_included,commune,Dembeni,40,2.175,0.10126582278481013,0.07154605263157894,0.5377165748360119,0.03847149836408966
1995,all,zeros_included,commune,Dzaoudzi,9,9.555555555555555,0.02278481012658228,0.07072368421052631,0.08841417680749553,0.006252976320266953
1995,all,zeros_included,commune,Kani-Keli,23,1.6521739130434783,0.05822784810126582,0.03125,0.8112395562110813,0.025351236131596292
1995,all,zeros_included,commune,Koungou,32,5.6875,0.0810126582278481,0.14967105263157895,0.21149958652168976,0.031655365745845016
1995,all,zeros_included,commune,M'tsangamouji,23,0.9130434782608695,0.05822784810126582,0.017269736842105265,1.411252122129432,0.02437195276703789
1995,all,zeros_included,commune,Mamoudzou,44,8.0,0.11139240506329114,0.2894736842105263,0.3026826998669532,0.08761867627727592
1995,all,zeros_included,commune,Mtsamboro,17,2.1176470588235294,0.043037974683544304,0.029605263157894735,0.5110254012491502,0.01512904148434984
1995,all,zeros_included,commune,Ouangani,18,2.5555555555555554,0.04556962025316456,0.03782894736842105,0.39873677374851757,0.015083792427986685
1995,all,zeros_included,commune,Pamandzi,5,10.0,0.012658227848101266,0.04111842105263158,0.01777701189795211,0.0007309626602776362
1995,all,zeros_included,commune,Sada,12,3.0833333333333335,0.030379746835443037,0.03042763157894737,0.341562968429135,0.010392952164373352
1995,all,zeros_included,commune,Tsingoni,36,2.2222222222222223,0.09113924050632911,0.06578947368421052,0.5941034533825117,0.03908575351200735
1995,all,lit_only,commune,Acoua,6,3.5,0.02553191489361702,0.017269736842105265,0.0102390758594737,0.0001768261455994636
1995,all,lit_only,commune,Bandraboua,16,2.875,0.06808510638297872,0.03782894736842105,0.10052197501852067,0.0038026405023453545
1995,all,lit_only,commune,Bandrele,4,3.0,0.01702127659574468,0.009868421052631578,0.05663301226513218,0.0005588784105111728
1995,all,lit_only,commune,Boueni,10,2.8,0.0425531914893617,0.023026315789473683,0.06616365477638997,0.0015235052086668742
1995,all,lit_only,commune,Chiconi,9,4.777777777777778,0.03829787234042553,0.03536184210526316,0.013312649902341045,0.00047075982384923103
1995,all,lit_only,commune,Chirongui,15,3.4,0.06382978723404255,0.04194078947368421,0.06404972752297078,0.0026862961378877545
1995,all,lit_only,commune,Dembeni,24,3.625,0.10212765957446808,0.07154605263157894,0.02689095107002104,0.0019239414005689393
1995,all,lit_only,commune,Dzaoudzi,9,9.555555555555555,0.03829787234042553,0.07072368421052631,0.08841417680749553,0.006252976320266953
1995,all,lit_only,commune,Kani-Keli,11,3.4545454545454546,0.04680851063829787,0.03125,0.07364061308030223,0.0023012691587594447
1995,all,lit_only,commune,Koungou,28,6.5,0.11914893617021277,0.14967105263157895,0.07796819389716725,0.011669581652372073
1995,all,lit_only,commune,M'tsangamouji,6,3.5,0.02553191489361702,0.017269736842105265,0.06751737542833736,0.0011660073059170104
1995,all,lit_only,commune,Mamoudzou,39,9.025641025641026,0.16595744680851063,0.2894736842105263,0.18205471207833845,0.05270004823320324
1995,all,lit_only,commune,Mtsamboro,11,3.272727272727273,0.04680851063829787,0.029605263157894735,0.0757073299913047,0.0022413354273741522
1995,all,lit_only,commune,Ouangani,13,3.5384615384615383,0.05531914893617021,0.03782894736842105,0.07331437331388946,0.002773405569439897
1995,all,lit_only,commune,Pamandzi,5,10.0,0.02127659574468085,0.04111842105263158,0.01777701189795211,0.0007309626602776362
1995,all,lit_only,commune,Sada,9,4.111111111111111,0.03829787234042553,0.03042763157894737,0.05388089597735424,0.0016394680519425222
1995,all,lit_only,commune,Tsingoni,20,4.0,0.0851063829787234,0.06578947368421052,0.006316788480392743,0.00041557818949952257
1996,all,zeros_included,commune,Acoua,12,2.0,0.030379746835443037,0.0169971671388102,0.5994246564568105,0.010188521072920294
1996,all,zeros_included,commune,Bandraboua,31,2.225806451612903,0.07848101265822785,0.04886685552407932,0.4080127540526287,0.019938300304271517
1996,all,zeros_included,commune,Bandrele,40,0.55,0.10126582278481013,0.015580736543909348,1.7642004877599993,0.027487543010424918
1996,all,zeros_included,commune,Boueni,14,3.2142857142857144,0.035443037974683546,0.03186968838526912,0.1111674402861349,0.003542871680507132
1996,all,zeros_included,commune,Chiconi,9,4.777777777777778,0.02278481012658228,0.030453257790368272,0.013312649902341045,0.00040541355934891287
1996,all,zeros_included,commune,Chirongui,30,2.5,0.0759493670886076,0.05311614730878187,0.4330357796158717,0.023001192260049843
1996,all,zeros_included,commune,Dembeni,40,2.4,0.10126582278481013,0.0679886685552408,0.4784049279760889,0.032526114083360154
1996,all,zeros_included,commune,Dzaoudzi,9,9.555555555555555,0.02278481012658228,0.060906515580736544,0.08841417680749553,0.005384999437283722
1996,all,zeros_included,commune,Kani-Keli,23,1.6521739130434783,0.05822784810126582,0.026912181303116147,0.8112395562110813,0.021832226017012103
1996,all,zeros_included,commune,Koungou,32,6.09375,0.0810126582278481,0.13810198300283286,0.18103067535554085,0.025000695250942256
1996,all,zeros_included,commune,M'tsangamouji,23,1.1304347826086956,0.05822784810126582,0.018413597733711047,1.1238599259662074,0.020694304585780022
1996,all,zeros_included,commune,Mamoudzou,44,9.0,0.11139240506329114,0.2804532577903683,0.28435918297214746,0.07974945924714617
1996,all,zeros_included,commune,Mtsamboro,17,2.411764705882353,0.043037974683544304,0.02903682719546742,0.45723639361181034,0.013276694148784862
1996,all,zeros_included,commune,Ouangani,18,3.2222222222222223,0.04556962025316456,0.04107648725212465,0.2770955798469963,0.011382113053205231
1996,all,zeros_included,commune,Pamandzi,5,10.0,0.012658227848101266,0.03541076487252125,0.01777701189795211,0.0006294975884543948
1996,all,zeros_included,commune,Sada,12,4.25,0.030379746835443037,0.03611898016997167,0.03938219722632064,0.0014224448006673884
1996,all,zeros_included,commune,Tsingoni,36,2.6944444444444446,0.09113924050632911,0.06869688385269122,0.40920942721474907,0.02811141249279792
1996,all,lit_only,commune,Acoua,7,3.4285714285714284,0.026217228464419477,0.0169971671388102,0.06042815572412352,0.0010271074627329778
1996,all,lit_only,commune,Bandraboua,22,3.1363636363636362,0.08239700374531835,0.04886685552407932,0.0650680029257984,0.003179668698215361
1996,all,lit_only,commune,Bandrele,7,3.142857142857143,0.026217228464419477,0.015580736543909348,0.02123118270137625,0.00033079746418574895
1996,all,lit_only,commune,Boueni,13,3.4615384615384617,0.04868913857677903,0.03186968838526912,0.03705946813241301,0.001181073701103814
1996,all,lit_only,commune,Chiconi,9,4.777777777777778,0.033707865168539325,0.030453257790368272,0.013312649902341045,0.00040541355934891287
1996,all,lit_only,commune,Chirongui,20,3.75,0.0749063670411985,0.05311614730878187,0.02757067150770731,0.0014644478492054167
1996,all,lit_only,commune,Dembeni,25,3.84,0.09363295880149813,0.0679886685552408,0.008401298730353224,0.0005711931148115507
1996,all,lit_only,commune,Dzaoudzi,9,9.555555555555555,0.033707865168539325,0.060906515580736544,0.08841417680749553,0.005384999437283722
1996,all,lit_only,commune,Kani-Keli,11,3.4545454545454546,0.04119850187265917,0.026912181303116147,0.07364061308030223,0.00198182953048972
1996,all,lit_only,commune,Koungou,29,6.724137931034483,0.10861423220973783,0.13810198300283286,0.08259060254228823,0.011405925988488812
1996,all,lit_only,commune,M'tsangamouji,8,3.25,0.0299625468164794,0.018413597733711047,0.0678072517168935,0.0012485754565433648
1996,all,lit_only,commune,Mamoudzou,41,9.658536585365853,0.15355805243445692,0.2804532577903683,0.2137416157581944,0.05994453246476274
1996,all,lit_only,commune,Mtsamboro,11,3.727272727272727,0.04119850187265917,0.02903682719546742,0.021918322353964736,0.0006364385386066248
1996,all,lit_only,commune,Ouangani,14,4.142857142857143,0.052434456928838954,0.04107648725212465,0.025781151566089955,0.0010589991436495874
1996,all,lit_only,commune,Pamandzi,5,10.0,0.018726591760299626,0.03541076487252125,0.01777701189795211,0.0006294975884543948
1996,all,lit_only,commune,Sada,12,4.25,0.0449438202247191,0.03611898016997167,0.03938219722632064,0.0014224448006673884
1996,all,lit_only,commune,Tsingoni,24,4.041666666666667,0.0898876404494382,0.06869688385269122,0.0037443191065846815,0.00025722305477246044
1997,all,zeros_included,commune,Acoua,12,3.0,0.030379746835443037,0.02227722772277228,0.04719417688761007,0.0010513554257140859
1997,all,zeros_included,commune,Bandraboua,31,2.6774193548387095,0.07848101265822785,0.051361386138613865,0.21804173003058247,0.011198925490432145
1997,all,zeros_included,commune,Bandrele,40,0.975,0.10126582278481013,0.024133663366336638,0.8033210885284066,0.019387080725623677
1997,all,zeros_included,commune,Boueni,14,3.357142857142857,0.035443037974683546,0.02908415841584159,0.042762097713151315,0.0012436996240829902
1997,all,zeros_included,commune,Chiconi,9,4.777777777777778,0.02278481012658228,0.02660891089108911,0.013312649902341045,0.00035423511497565904
1997,all,zeros_included,commune,Chirongui,30,2.7666666666666666,0.0759493670886076,0.051361386138613865,0.25173474308377064,0.0129294453440303
1997,all,zeros_included,commune,Dembeni,40,2.8,0.10126582278481013,0.06930693069306931,0.20978135230243855,0.014539301644723465
1997,all,zeros_included,commune,Dzaoudzi,9,10.222222222222221,0.02278481012658228,0.05693069306930694,0.11313650526506347,0.006440939656179357
1997,all,zeros_included,commune,Kani-Keli,23,1.6956521739130435,0.05822784810126582,0.024133663366336638,0.7871349124004251,0.018996448999762737
1997,all,zeros_included,commune,Koungou,32,6.90625,0.0810126582278481,0.13675742574257427,0.13870152953825476,0.018968464126209346
1997,all,zeros_included,commune,M'tsangamouji,23,2.1739130434782608,0.05822784810126582,0.030940594059405944,0.2739279648837798,0.008475493962988237
1997,all,zeros_included,commune,Mamoudzou,44,10.136363636363637,0.11139240506329114,0.275990099009901,0.29252221087132924,0.0807332339409733
1997,all,zeros_included,commune,Mtsamboro,17,2.8823529411764706,0.043037974683544304,0.030321782178217824,0.22342096145139623,0.006774521727177238
1997,all,zeros_included,commune,Ouangani,18,3.5,0.04556962025316456,0.03898514851485149,0.10155402588495654,0.003959098781406103
1997,all,zeros_included,commune,Pamandzi,5,11.0,0.012658227848101266,0.03403465346534654,0.027586529436870233,0.0009388979696954597
1997,all,zeros_included,commune,Sada,12,4.25,0.030379746835443037,0.03155940594059407,0.03938219722632064,0.0012428787490979907
1997,all,zeros_included,commune,Tsingoni,36,2.9722222222222223,0.09113924050632911,0.06621287128712872,0.2628392314231758,0.017403340199430576
1997,all,lit_only,commune,Acoua,12,3.0,0.036036036036036036,0.022277227722772276,0.04719417688761007,0.0010513554257140856
1997,all,lit_only,commune,Bandraboua,26,3.1923076923076925,0.07807807807807808,0.05136138613861386,0.04215106356691822,0.0021649370520137453
1997,all,lit_only,commune,Bandrele,21,1.8571428571428572,0.06306306306306306,0.024133663366336634,0.1589640721378932,0.0038363854043179674
1997,all,lit_only,commune,Boueni,14,3.357142857142857,0.042042042042042045,0.029084158415841586,0.042762097713151315,0.00124369962408299
1997,all,lit_only,commune,Chiconi,9,4.777777777777778,0.02702702702702703,0.026608910891089108,0.013312649902341045,0.000354235114975659
1997,all,lit_only,commune,Chirongui,25,3.32,0.07507507507507508,0.05136138613861386,0.06941318628981619,0.0035651574641427865
1997,all,lit_only,commune,Dembeni,35,3.2,0.10510510510510511,0.06930693069306931,0.07624995967791581,0.005284650670746641
1997,all,lit_only,commune,Dzaoudzi,9,10.222222222222221,0.02702702702702703,0.05693069306930693,0.11313650526506347,0.006440939656179356
1997,all,lit_only,commune,Kani-Keli,11,3.5454545454545454,0.03303303303303303,0.024133663366336634,0.049535969269645985,0.0011954844068788326
1997,all,lit_only,commune,Koungou,31,7.129032258064516,0.09309309309309309,0.13675742574257427,0.1069528312236745,0.014626593874029743
1997,all,lit_only,commune,M'tsangamouji,19,2.6315789473684212,0.057057057057057055,0.03094059405940594,0.08287272812107038,0.0025641314393895537
1997,all,lit_only,commune,Mamoudzou,43,10.372093023255815,0.12912912912912913,0.275990099009901,0.26953269264663016,0.07438835452994867
1997,all,lit_only,commune,Mtsamboro,14,3.5,0.042042042042042045,0.03032178217821782,0.02926494701043869,0.0008873653487076088
1997,all,lit_only,commune,Ouangani,18,3.5,0.05405405405405406,0.038985148514851485,0.10155402588495654,0.003959098781406103
1997,all,lit_only,commune,Pamandzi,5,11.0,0.015015015015015015,0.03403465346534654,0.027586529436870233,0.0009388979696954597
1997,all,lit_only,commune,Sada,12,4.25,0.036036036036036036,0.03155940594059406,0.03938219722632064,0.0012428787490979904
1997,all,lit_only,commune,Tsingoni,29,3.689655172413793,0.08708708708708708,0.06621287128712872,0.04661612295354001,0.003086587349027711
1998,all,zeros_included,commune,Acoua,12,3.0833333333333335,0.030379746835443037,0.020705092333519866,0.04962044899461748,0.001027395978064268
1998,all,zeros_included,commune,Bandraboua,31,2.935483870967742,0.07848101265822785,0.050923335198656966,0.23804458440456044,0.012122024163858422
1998,all,zeros_included,commune,Bandrele,40,1.5,0.10126582278481013,0.03357582540570789,0.8077683084280458,0.027121487692044064
1998,all,zeros_included,commune,Boueni,14,3.9285714285714284,0.035443037974683546,0.03077783995523223,0.002326756096217464,7.161252674424203e-05
1998,all,zeros_included,commune,Chiconi,9,6.0,0.02278481012658228,0.0302182428651371,0.021887723548975613,0.0006614085459679256
1998,all,zeros_included,commune,Chirongui,30,2.9,0.0759493670886076,0.04868494683827644,0.311663552663608,0.015173323492856126
1998,all,zeros_included,commune,Dembeni,40,2.9,0.10126582278481013,0.06491326245103525,0.3232987650172574,0.020986377583660804
1998,all,zeros_included,commune,Dzaoudzi,9,12.88888888888889,0.02278481012658228,0.06491326245103525,0.0798525839555353,0.005183491739698989
1998,all,zeros_included,commune,Kani-Keli,23,1.565217391304348,0.05822784810126582,0.020145495243424735,0.9382696385929302,0.01890190654132372
1998,all,zeros_included,commune,Koungou,32,7.46875,0.0810126582278481,0.13374370453273643,0.1932793702402682,0.025849898985687802
1998,all,zeros_included,commune,M'tsangamouji,23,2.739130434782609,0.05822784810126582,0.035254616675993285,0.22724884235594223,0.00801157082732197
1998,all,zeros_included,commune,Mamoudzou,44,10.636363636363637,0.11139240506329114,0.26189143816452154,0.3023494414223591,0.07918273004234139
1998,all,zeros_included,commune,Mtsamboro,17,3.0588235294117645,0.043037974683544304,0.029099048684946838,0.21326946242900902,0.006205938470234174
1998,all,zeros_included,commune,Ouangani,18,3.8333333333333335,0.04556962025316456,0.03861219921656407,0.10639654961656753,0.004108204769749949
1998,all,zeros_included,commune,Pamandzi,5,12.6,0.012658227848101266,0.035254616675993285,0.025254451537041422,0.0008903360083008447
1998,all,zeros_included,commune,Sada,12,4.833333333333333,0.030379746835443037,0.032456631225517625,0.06184137503747289,0.0020071627040701887
1998,all,zeros_included,commune,Tsingoni,36,3.4166666666666665,0.09113924050632911,0.06883044208170118,0.18511320930999609,0.012741424031969513
1998,all,lit_only,commune,Acoua,12,3.0833333333333335,0.037383177570093455,0.020705092333519866,0.04962044899461748,0.001027395978064268
1998,all,lit_only,commune,Bandraboua,25,3.64,0.0778816199376947,0.050923335198656966,0.022933204787614958,0.0011678352745791612
1998,all,lit_only,commune,Bandrele,19,3.1578947368421053,0.059190031152647975,0.03357582540570789,0.06332783348055004,0.0021262842802646908
1998,all,lit_only,commune,Boueni,14,3.9285714285714284,0.04361370716510903,0.03077783995523223,0.002326756096217464,7.161252674424203e-05
1998,all,lit_only,commune,Chiconi,9,6.0,0.028037383177570093,0.0302182428651371,0.021887723548975613,0.0006614085459679256
1998,all,lit_only,commune,Chirongui,22,3.9545454545454546,0.06853582554517133,0.04868494683827644,0.0015086243597683957,7.344729675425317e-05
1998,all,lit_only,commune,Dembeni,30,3.8666666666666667,0.09345794392523364,0.06491326245103525,0.03561669256547639,0.002311995712140605
1998,all,lit_only,commune,Dzaoudzi,9,12.88888888888889,0.028037383177570093,0.06491326245103525,0.0798525839555353,0.005183491739698989
1998,all,lit_only,commune,Kani-Keli,9,4.0,0.028037383177570093,0.020145495243424735,0.0,0.0
1998,all,lit_only,commune,Koungou,29,8.241379310344827,0.09034267912772585,0.13374370453273643,0.0948392974270158,0.012684158973171112
1998,all,lit_only,commune,M'tsangamouji,20,3.15,0.06230529595015576,0.035254616675993285,0.08748689998078363,0.003084317122993491
1998,all,lit_only,commune,Mamoudzou,43,10.883720930232558,0.13395638629283488,0.26189143816452154,0.27935992319766045,0.07316197205176558
1998,all,lit_only,commune,Mtsamboro,14,3.7142857142857144,0.04361370716510903,0.029099048684946838,0.01911344798805148,0.0005561831535415092
1998,all,lit_only,commune,Ouangani,18,3.8333333333333335,0.056074766355140186,0.03861219921656407,0.10639654961656753,0.004108204769749949
1998,all,lit_only,commune,Pamandzi,5,12.6,0.01557632398753894,0.035254616675993285,0.025254451537041422,0.0008903360083008447
1998,all,lit_only,commune,Sada,12,4.833333333333333,0.037383177570093455,0.032456631225517625,0.06184137503747289,0.0020071627040701887
1998,all,lit_only,commune,Tsingoni,31,3.967741935483871,0.09657320872274143,0.06883044208170118,0.03558147533903222,0.002449088677504736
1999,all,zeros_included,commune,Acoua,12,3.25,0.030379746835443037,0.020591341077085535,0.043325937551708105,0.0008921391576117298
1999,all,zeros_included,commune,Bandraboua,31,3.193548387096774,0.07848101265822785,0.05227032734952482,0.2471588903910804,0.012919076108087096
1999,all,zeros_included,commune,Bandrele,40,1.55,0.10126582278481013,0.03273495248152059,0.7890005829104084,0.02582789658946427
1999,all,zeros_included,commune,Boueni,14,3.9285714285714284,0.035443037974683546,0.02903907074973601,0.002326756096217464,6.756683489543849e-05
1999,all,zeros_included,commune,Chiconi,9,6.333333333333333,0.02278481012658228,0.03009503695881732,0.02010040084213971,0.0006049223062312373
1999,all,zeros_included,commune,Chirongui,30,2.933333333333333,0.0759493670886076,0.046462513199577615,0.3130261957949274,0.014543983753935381
1999,all,zeros_included,commune,Dembeni,40,2.975,0.10126582278481013,0.06282998944033791,0.3258495625670821,0.020473124575228492
1999,all,zeros_included,commune,Dzaoudzi,9,13.88888888888889,0.02278481012658228,0.06599788806758183,0.06983961345441259,0.004609266991447504
1999,all,zeros_included,commune,Kani-Keli,23,1.608695652173913,0.05822784810126582,0.019535374868004225,0.8734032492394134,0.017062259884824866
1999,all,zeros_included,commune,Koungou,32,8.0,0.0810126582278481,0.1351636747624076,0.21764076322988712,0.02941712533624662
1999,all,zeros_included,commune,M'tsangamouji,23,3.0869565217391304,0.05822784810126582,0.03748680042238648,0.2109569601338419,0.007908101462250672
1999,all,zeros_included,commune,Mamoudzou,44,11.295454545454545,0.11139240506329114,0.2624076029567054,0.28651514802291445,0.07518375320347861
1999,all,zeros_included,commune,Mtsamboro,17,3.235294117647059,0.043037974683544304,0.02903907074973601,0.22103702927269575,0.006418709931361281
1999,all,zeros_included,commune,Ouangani,18,4.166666666666667,0.04556962025316456,0.0395987328405491,0.09428968605707233,0.0037337520877932548
1999,all,zeros_included,commune,Pamandzi,5,13.2,0.012658227848101266,0.03484688489968321,0.02650268806744771,0.0009235361206185581
1999,all,zeros_included,commune,Sada,12,5.083333333333333,0.030379746835443037,0.032206969376979935,0.04847463888637593,0.0015612212101736704
1999,all,zeros_included,commune,Tsingoni,36,3.6666666666666665,0.09113924050632911,0.06969376979936642,0.11043624773362049,0.007696718427052748
1999,all,lit_only,commune,Acoua,12,3.25,0.03680981595092025,0.020591341077085535,0.043325937551708105,0.0008921391576117298
1999,all,lit_only,commune,Bandraboua,25,3.96,0.07668711656441718,0.05227032734952482,0.0320475107741347,0.0016751338789014443
1999,all,lit_only,commune,Bandrele,19,3.263157894736842,0.05828220858895705,0.03273495248152059,0.04456010796291254,0.0014586730167373695
1999,all,lit_only,commune,Boueni,14,3.9285714285714284,0.04294478527607362,0.02903907074973601,0.002326756096217464,6.756683489543849e-05
1999,all,lit_only,commune,Chiconi,9,6.333333333333333,0.027607361963190184,0.03009503695881732,0.02010040084213971,0.0006049223062312373
1999,all,lit_only,commune,Chirongui,22,4.0,0.06748466257668712,0.046462513199577615,0.0028712674910877922,0.00013340630370418466
1999,all,lit_only,commune,Dembeni,30,3.966666666666667,0.09202453987730061,0.06282998944033791,0.038167490115301295,0.002398063000908582
1999,all,lit_only,commune,Dzaoudzi,9,13.88888888888889,0.027607361963190184,0.06599788806758183,0.06983961345441259,0.004609266991447504
1999,all,lit_only,commune,Kani-Keli,10,3.7,0.03067484662576687,0.019535374868004225,0.040494126304309264,0.000791067937306992
1999,all,lit_only,commune,Koungou,29,8.827586206896552,0.08895705521472393,0.1351636747624076,0.11920069041663428,0.016111603350928393
1999,all,lit_only,commune,M'tsangamouji,20,3.55,0.06134969325153374,0.03748680042238648,0.07119501775868331,0.0026688734217880225
1999,all,lit_only,commune,Mamoudzou,44,11.295454545454545,0.13496932515337423,0.2624076029567054,0.28651514802291445,0.07518375320347861
1999,all,lit_only,commune,Mtsamboro,14,3.9285714285714284,0.04294478527607362,0.02903907074973601,0.026881014831738215,0.000780599691523549
1999,all,lit_only,commune,Ouangani,18,4.166666666666667,0.05521472392638037,0.0395987328405491,0.09428968605707233,0.0037337520877932548
1999,all,lit_only,commune,Pamandzi,5,13.2,0.015337423312883436,0.03484688489968321,0.02650268806744771,0.0009235361206185581
1999,all,lit_only,commune,Sada,12,5.083333333333333,0.03680981595092025,0.032206969376979935,0.04847463888637593,0.0015612212101736704
1999,all,lit_only,commune,Tsingoni,34,3.8823529411764706,0.10429447852760736,0.06969376979936642,0.05327783389367191,0.0037131330907944522
2000,all,zeros_included,commune,Acoua,12,3.6666666666666665,0.030379746835443037,0.021421616358325218,0.008552629957325975,0.0001832111578005564
2000,all,zeros_included,commune,Bandraboua,31,3.774193548387097,0.07848101265822785,0.056962025316455694,0.040429944477433866,0.002302971520866486
2000,all,zeros_included,commune,Bandrele,40,1.95,0.10126582278481013,0.0379746835443038,0.5521470997354296,0.020967611382358087
2000,all,zeros_included,commune,Boueni,14,4.0,0.035443037974683546,0.027263875365141188,0.0,0.0
2000,all,zeros_included,commune,Chiconi,9,6.333333333333333,0.02278481012658228,0.027750730282375853,0.02010040084213971,0.0005578008023378596
2000,all,zeros_included,commune,Chirongui,30,3.533333333333333,0.0759493670886076,0.05160662122687439,0.05290315354036479,0.002730153006464785
2000,all,zeros_included,commune,Dembeni,40,3.4,0.10126582278481013,0.06621226874391431,0.14532138607762057,0.009622058669209541
2000,all,zeros_included,commune,Dzaoudzi,9,13.88888888888889,0.02278481012658228,0.06085686465433301,0.06983961345441259,0.004250219903506121
2000,all,zeros_included,commune,Kani-Keli,23,2.0,0.05822784810126582,0.022395326192794548,0.5237011365826673,0.011728457781306083
2000,all,zeros_included,commune,Koungou,32,8.71875,0.0810126582278481,0.13583252190847128,0.12504248984609712,0.016984836741509784
2000,all,zeros_included,commune,M'tsangamouji,23,3.5652173913043477,0.05822784810126582,0.03992210321324245,0.050089865931980615,0.001999692797674007
2000,all,zeros_included,commune,Mamoudzou,44,11.590909090909092,0.11139240506329114,0.24829600778967867,0.2494081460387756,0.06192704697165314
2000,all,zeros_included,commune,Mtsamboro,17,3.411764705882353,0.043037974683544304,0.028237585199610515,0.20625053241543756,0.005824016981545948
2000,all,zeros_included,commune,Ouangani,18,4.611111111111111,0.04556962025316456,0.04040895813047712,0.025927451617872466,0.0010477013068565797
2000,all,zeros_included,commune,Pamandzi,5,13.2,0.012658227848101266,0.03213242453748783,0.02650268806744771,0.0008515956243678428
2000,all,zeros_included,commune,Sada,12,5.166666666666667,0.030379746835443037,0.03018500486854917,0.041486678098523466,0.001252275580383863
2000,all,zeros_included,commune,Tsingoni,36,4.138888888888889,0.09113924050632911,0.07254138266796495,0.023130274053213107,0.0016779020613090327
2000,all,lit_only,commune,Acoua,12,3.6666666666666665,0.03296703296703297,0.021421616358325218,0.008552629957325975,0.0001832111578005564
2000,all,lit_only,commune,Bandraboua,31,3.774193548387097,0.08516483516483517,0.056962025316455694,0.040429944477433866,0.002302971520866486
2000,all,lit_only,commune,Bandrele,24,3.25,0.06593406593406594,0.0379746835443038,0.041321475969438914,0.0015691699735229968
2000,all,lit_only,commune,Boueni,14,4.0,0.038461538461538464,0.027263875365141188,0.0,0.0
2000,all,lit_only,commune,Chiconi,9,6.333333333333333,0.024725274725274724,0.027750730282375853,0.02010040084213971,0.0005578008023378596
2000,all,lit_only,commune,Chirongui,30,3.533333333333333,0.08241758241758242,0.05160662122687439,0.05290315354036479,0.002730153006464785
2000,all,lit_only,commune,Dembeni,36,3.7777777777777777,0.0989010989010989,0.06621226874391431,0.03996087041979424,0.0026458998914761517
2000,all,lit_only,commune,Dzaoudzi,9,13.88888888888889,0.024725274725274724,0.06085686465433301,0.06983961345441259,0.004250219903506121
2000,all,lit_only,commune,Kani-Keli,15,3.066666666666667,0.04120879120879121,0.022395326192794548,0.09625712175572754,0.002155709640099059
2000,all,lit_only,commune,Koungou,32,8.71875,0.08791208791208792,0.13583252190847128,0.12504248984609712,0.016984836741509784
2000,all,lit_only,commune,M'tsangamouji,23,3.5652173913043477,0.06318681318681318,0.03992210321324245,0.050089865931980615,0.001999692797674007
2000,all,lit_only,commune,Mamoudzou,44,11.590909090909092,0.12087912087912088,0.24829600778967867,0.2494081460387756,0.06192704697165314
2000,all,lit_only,commune,Mtsamboro,14,4.142857142857143,0.038461538461538464,0.028237585199610515,0.012094517974479801,0.0003415199817525942
2000,all,lit_only,commune,Ouangani,18,4.611111111111111,0.04945054945054945,0.04040895813047712,0.025927451617872466,0.0010477013068565797
2000,all,lit_only,commune,Pamandzi,5,13.2,0.013736263736263736,0.03213242453748783,0.02650268806744771,0.0008515956243678428
2000,all,lit_only,commune,Sada,12,5.166666666666667,0.03296703296703297,0.03018500486854917,0.041486678098523466,0.001252275580383863
2000,all,lit_only,commune,Tsingoni,36,4.138888888888889,0.0989010989010989,0.07254138266796495,0.023130274053213107,0.0016779020613090327
2001,all,zeros_included,commune,Acoua,12,3.6666666666666665,0.030379746835443037,0.020696142991533398,0.008552629957325975,0.00017700645255049055
2001,all,zeros_included,commune,Bandraboua,31,3.838709677419355,0.07848101265822785,0.055973659454374415,0.032571576585415096,0.0018231503356841
2001,all,zeros_included,commune,Bandrele,40,2.075,0.10126582278481013,0.039040451552210725,0.46253583246232044,0.018057607758406678
2001,all,zeros_included,commune,Boueni,14,4.0,0.035443037974683546,0.02634054562558796,0.0,0.0
2001,all,zeros_included,commune,Chiconi,9,6.333333333333333,0.02278481012658228,0.026810912511759172,0.02010040084213971,0.0005389100884298981
2001,all,zeros_included,commune,Chirongui,30,3.566666666666667,0.0759493670886076,0.05032925682031985,0.04906853131103195,0.0024695827141488326
2001,all,zeros_included,commune,Dembeni,40,3.425,0.10126582278481013,0.06444026340545625,0.14194020501609295,0.009146664199061492
2001,all,zeros_included,commune,Dzaoudzi,9,13.88888888888889,0.02278481012658228,0.05879586077140169,0.06983961345441259,0.004106280188994155
2001,all,zeros_included,commune,Kani-Keli,23,2.0434782608695654,0.05822784810126582,0.022107243650047036,0.5058001663399434,0.011181847515511448
2001,all,zeros_included,commune,Koungou,32,9.21875,0.0810126582278481,0.138758231420508,0.1493127183235612,0.02071836872316583
2001,all,zeros_included,commune,M'tsangamouji,23,3.652173913043478,0.05822784810126582,0.03951081843838194,0.03999773358190484,0.001580343189501414
2001,all,zeros_included,commune,Mamoudzou,44,12.5,0.11139240506329114,0.25870178739416744,0.28952609364454807,0.07490091792309568
2001,all,zeros_included,commune,Mtsamboro,17,3.411764705882353,0.043037974683544304,0.027281279397930385,0.20625053241543756,0.00562677840079745
2001,all,zeros_included,commune,Ouangani,18,4.611111111111111,0.04556962025316456,0.039040451552210725,0.025927451617872466,0.0010122194187598375
2001,all,zeros_included,commune,Pamandzi,5,13.6,0.012658227848101266,0.03198494825964252,0.0268733572347295,0.0008595429407157131
2001,all,zeros_included,commune,Sada,12,5.166666666666667,0.030379746835443037,0.02916274694261524,0.041486678098523466,0.0012098654948769778
2001,all,zeros_included,commune,Tsingoni,36,4.194444444444445,0.09113924050632911,0.07102539981185324,0.01596872812867356,0.0011341852998258265
2001,all,lit_only,commune,Acoua,12,3.6666666666666665,0.0326975476839237,0.020696142991533398,0.008552629957325975,0.00017700645255049055
2001,all,lit_only,commune,Bandraboua,31,3.838709677419355,0.08446866485013624,0.055973659454374415,0.032571576585415096,0.0018231503356841
2001,all,lit_only,commune,Bandrele,27,3.074074074074074,0.07356948228882834,0.039040451552210725,0.0694932443527132,0.0027130476393580415
2001,all,lit_only,commune,Boueni,14,4.0,0.03814713896457766,0.02634054562558796,0.0,0.0
2001,all,lit_only,commune,Chiconi,9,6.333333333333333,0.02452316076294278,0.026810912511759172,0.02010040084213971,0.0005389100884298981
2001,all,lit_only,commune,Chirongui,30,3.566666666666667,0.08174386920980926,0.05032925682031985,0.04906853131103195,0.0024695827141488326
2001,all,lit_only,commune,Dembeni,36,3.8055555555555554,0.09809264305177112,0.06444026340545625,0.03657968935826661,0.002357204817536465
2001,all,lit_only,commune,Dzaoudzi,9,13.88888888888889,0.02452316076294278,0.05879586077140169,0.06983961345441259,0.004106280188994155
2001,all,lit_only,commune,Kani-Keli,15,3.1333333333333333,0.04087193460490463,0.022107243650047036,0.07835615151300379,0.0017322385329779765
2001,all,lit_only,commune,Koungou,32,9.21875,0.08719346049046321,0.138758231420508,0.1493127183235612,0.02071836872316583
2001,all,lit_only,commune,M'tsangamouji,23,3.652173913043478,0.06267029972752043,0.03951081843838194,0.03999773358190484,0.001580343189501414
2001,all,lit_only,commune,Mamoudzou,44,12.5,0.11989100817438691,0.25870178739416744,0.28952609364454807,0.07490091792309568
2001,all,lit_only,commune,Mtsamboro,14,4.142857142857143,0.03814713896457766,0.027281279397930385,0.012094517974479801,0.0003299539240450745
2001,all,lit_only,commune,Ouangani,18,4.611111111111111,0.04904632152588556,0.039040451552210725,0.025927451617872466,0.0010122194187598375
2001,all,lit_only,commune,Pamandzi,5,13.6,0.013623978201634877,0.03198494825964252,0.0268733572347295,0.0008595429407157131
2001,all,lit_only,commune,Sada,12,5.166666666666667,0.0326975476839237,0.02916274694261524,0.041486678098523466,0.0012098654948769778
2001,all,lit_only,commune,Tsingoni,36,4.194444444444445,0.09809264305177112,0.07102539981185324,0.01596872812867356,0.0011341852998258265
2002,all,zeros_included,commune,Acoua,12,3.6666666666666665,0.030379746835443037,0.019748653500897665,0.008552629957325975,0.00016890292554862785
2002,all,zeros_included,commune,Bandraboua,31,4.096774193548387,0.07848101265822785,0.057001795332136444,0.01438725477642433,0.0008200993521570422
2002,all,zeros_included,commune,Bandrele,40,2.55,0.10126582278481013,0.04578096947935368,0.22814459226162065,0.010444680615208845
2002,all,zeros_included,commune,Boueni,14,4.0,0.035443037974683546,0.025134649910233394,0.0,0.0
2002,all,zeros_included,commune,Chiconi,9,6.333333333333333,0.02278481012658228,0.025583482944344704,0.02010040084213971,0.0005142382621193732
2002,all,zeros_included,commune,Chirongui,30,3.7333333333333334,0.0759493670886076,0.05026929982046679,0.02337630153078929,0.0011751103103448835
2002,all,zeros_included,commune,Dembeni,40,3.625,0.10126582278481013,0.06508078994614004,0.11051452597998823,0.007192372651300851
2002,all,zeros_included,commune,Dzaoudzi,9,13.88888888888889,0.02278481012658228,0.056104129263913824,0.06983961345441259,0.003918290700988139
2002,all,zeros_included,commune,Kani-Keli,23,2.1739130434782608,0.05822784810126582,0.02244165170556553,0.5129959870100691,0.011512477266832789
2002,all,zeros_included,commune,Koungou,32,9.59375,0.0810126582278481,0.13779174147217235,0.12565511124326312,0.01731423660308877
2002,all,zeros_included,commune,M'tsangamouji,23,3.8260869565217392,0.05822784810126582,0.03949730700179533,0.019578726510119937,0.0007733069716743961
2002,all,zeros_included,commune,Mamoudzou,44,13.113636363636363,0.11139240506329114,0.2589766606822262,0.27268822886791266,0.07061988691956265
2002,all,zeros_included,commune,Mtsamboro,17,3.4705882352941178,0.043037974683544304,0.026481149012567325,0.20298424108274093,0.005375255935314953
2002,all,zeros_included,commune,Ouangani,18,4.722222222222222,0.04556962025316456,0.0381508078994614,0.02144103931391328,0.0008179929720299053
2002,all,zeros_included,commune,Pamandzi,5,14.2,0.012658227848101266,0.031867145421903054,0.02064295941020644,0.0006578321894634907
2002,all,zeros_included,commune,Sada,12,5.5,0.030379746835443037,0.0296229802513465,0.033370510874165316,0.0009885339846027426
2002,all,zeros_included,commune,Tsingoni,36,4.361111111111111,0.09113924050632911,0.07046678635547576,0.010779885648524834,0.0007596238989310588
2002,all,lit_only,commune,Acoua,12,3.6666666666666665,0.03208556149732621,0.019748653500897665,0.008552629957325975,0.00016890292554862785
2002,all,lit_only,commune,Bandraboua,31,4.096774193548387,0.08288770053475936,0.057001795332136444,0.01438725477642433,0.0008200993521570422
2002,all,lit_only,commune,Bandrele,34,3.0,0.09090909090909091,0.04578096947935368,0.06562566276384563,0.003004406464053974
2002,all,lit_only,commune,Boueni,14,4.0,0.0374331550802139,0.025134649910233394,0.0,0.0
2002,all,lit_only,commune,Chiconi,9,6.333333333333333,0.02406417112299465,0.025583482944344704,0.02010040084213971,0.0005142382621193732
2002,all,lit_only,commune,Chirongui,30,3.7333333333333334,0.08021390374331551,0.05026929982046679,0.02337630153078929,0.0011751103103448835
2002,all,lit_only,commune,Dembeni,37,3.918918918918919,0.09893048128342247,0.06508078994614004,0.03255298451027655,0.0021185739470332586
2002,all,lit_only,commune,Dzaoudzi,9,13.88888888888889,0.02406417112299465,0.056104129263913824,0.06983961345441259,0.003918290700988139
2002,all,lit_only,commune,Kani-Keli,14,3.5714285714285716,0.0374331550802139,0.02244165170556553,0.01655910069617783,0.00037161357038101056
2002,all,lit_only,commune,Koungou,32,9.59375,0.0855614973262032,0.13779174147217235,0.12565511124326312,0.01731423660308877
2002,all,lit_only,commune,M'tsangamouji,23,3.8260869565217392,0.06149732620320856,0.03949730700179533,0.019578726510119937,0.0007733069716743961
2002,all,lit_only,commune,Mamoudzou,44,13.113636363636363,0.11764705882352941,0.2589766606822262,0.27268822886791266,0.07061988691956265
2002,all,lit_only,commune,Mtsamboro,14,4.214285714285714,0.0374331550802139,0.026481149012567325,0.008828226641783399,0.000233781585217783
2002,all,lit_only,commune,Ouangani,18,4.722222222222222,0.0481283422459893,0.0381508078994614,0.02144103931391328,0.0008179929720299053
2002,all,lit_only,commune,Pamandzi,5,14.2,0.013368983957219251,0.031867145421903054,0.02064295941020644,0.0006578321894634907
2002,all,lit_only,commune,Sada,12,5.5,0.03208556149732621,0.0296229802513465,0.033370510874165316,0.0009885339846027426
2002,all,lit_only,commune,Tsingoni,36,4.361111111111111,0.0962566844919786,0.07046678635547576,0.010779885648524834,0.0007596238989310588
2003,all,zeros_included,commune,Acoua,12,3.6666666666666665,0.030379746835443037,0.01881145788798632,0.008552629957325975,0.0001608874382737678
2003,all,zeros_included,commune,Bandraboua,31,4.096774193548387,0.07848101265822785,0.0542967079948696,0.01438725477642433,0.0007811805714433048
2003,all,zeros_included,commune,Bandrele,40,3.175,0.10126582278481013,0.0542967079948696,0.13975443770462914,0.007588205895035443
2003,all,zeros_included,commune,Boueni,14,4.071428571428571,0.035443037974683546,0.02436938862761864,0.001874418629915775,4.5678436043266e-05
2003,all,zeros_included,commune,Chiconi,9,6.888888888888889,0.02278481012658228,0.026507054296707994,0.02601412947072168,0.0006895579423620112
2003,all,zeros_included,commune,Chirongui,30,3.8333333333333335,0.0759493670886076,0.049166310389055154,0.022844434907418165,0.001123176577320688
2003,all,zeros_included,commune,Dembeni,40,4.0,0.10126582278481013,0.06840530141085935,0.10685223260808807,0.0073092591779795185
2003,all,zeros_included,commune,Dzaoudzi,9,13.88888888888889,0.02278481012658228,0.05344164172723386,0.06983961345441259,0.003732343600599219
2003,all,zeros_included,commune,Kani-Keli,23,2.217391304347826,0.05822784810126582,0.021804189824711415,0.4679085601744958,0.01020236706665211
2003,all,zeros_included,commune,Koungou,32,10.125,0.0810126582278481,0.13852073535699017,0.1362353174890707,0.018871416360179097
2003,all,zeros_included,commune,M'tsangamouji,23,3.9565217391304346,0.05822784810126582,0.03890551517742625,0.0181047080919583,0.0007043729954545555
2003,all,zeros_included,commune,Mamoudzou,44,13.659090909090908,0.11139240506329114,0.2569474134245404,0.2732770403205076,0.07021782865866827
2003,all,zeros_included,commune,Mtsamboro,17,3.4705882352941178,0.043037974683544304,0.02522445489525438,0.20298424108274093,0.00512016683363904
2003,all,zeros_included,commune,Ouangani,18,4.888888888888889,0.04556962025316456,0.03762291577597264,0.0307007217526587,0.0011550506687618494
2003,all,zeros_included,commune,Pamandzi,5,14.6,0.012658227848101266,0.031209918768704575,0.018856124642285366,0.0005884981183782949
2003,all,zeros_included,commune,Sada,12,5.833333333333333,0.030379746835443037,0.029927319367250963,0.04274939972844782,0.0012793749384315295
2003,all,zeros_included,commune,Tsingoni,36,4.583333333333333,0.09113924050632911,0.0705429670799487,0.015343632024914733,0.0010823853288204066
2003,all,lit_only,commune,Acoua,12,3.6666666666666665,0.03183023872679045,0.01881145788798632,0.008552629957325975,0.0001608874382737678
2003,all,lit_only,commune,Bandraboua,31,4.096774193548387,0.08222811671087533,0.0542967079948696,0.01438725477642433,0.0007811805714433048
2003,all,lit_only,commune,Bandrele,36,3.5277777777777777,0.09549071618037135,0.0542967079948696,0.034393922046802805,0.0018674767421735597
2003,all,lit_only,commune,Boueni,14,4.071428571428571,0.03713527851458886,0.02436938862761864,0.001874418629915775,4.5678436043266e-05
2003,all,lit_only,commune,Chiconi,9,6.888888888888889,0.023872679045092837,0.026507054296707994,0.02601412947072168,0.0006895579423620112
2003,all,lit_only,commune,Chirongui,30,3.8333333333333335,0.07957559681697612,0.049166310389055154,0.022844434907418165,0.001123176577320688
2003,all,lit_only,commune,Dembeni,37,4.324324324324325,0.09814323607427056,0.06840530141085935,0.028890691138376168,0.001976276435288665
2003,all,lit_only,commune,Dzaoudzi,9,13.88888888888889,0.023872679045092837,0.05344164172723386,0.06983961345441259,0.003732343600599219
2003,all,lit_only,commune,Kani-Keli,15,3.4,0.03978779840848806,0.021804189824711415,0.04046454534755628,0.0008822966279287603
2003,all,lit_only,commune,Koungou,32,10.125,0.08488063660477453,0.13852073535699017,0.1362353174890707,0.018871416360179097
2003,all,lit_only,commune,M'tsangamouji,23,3.9565217391304346,0.0610079575596817,0.03890551517742625,0.0181047080919583,0.0007043729954545555
2003,all,lit_only,commune,Mamoudzou,44,13.659090909090908,0.11671087533156499,0.2569474134245404,0.2732770403205076,0.07021782865866827
2003,all,lit_only,commune,Mtsamboro,14,4.214285714285714,0.03713527851458886,0.02522445489525438,0.008828226641783399,0.0002226872047307484
2003,all,lit_only,commune,Ouangani,18,4.888888888888889,0.04774535809018567,0.03762291577597264,0.0307007217526587,0.0011550506687618494
2003,all,lit_only,commune,Pamandzi,5,14.6,0.013262599469496022,0.031209918768704575,0.018856124642285366,0.0005884981183782949
2003,all,lit_only,commune,Sada,12,5.833333333333333,0.03183023872679045,0.029927319367250963,0.04274939972844782,0.0012793749384315295
2003,all,lit_only,commune,Tsingoni,36,4.583333333333333,0.09549071618037135,0.0705429670799487,0.015343632024914733,0.0010823853288204066
2004,all,zeros_included,commune,Acoua,12,3.9166666666666665,0.030379746835443037,0.019575177009579343,0.01881869431042338,0.0003683792722157013
2004,all,zeros_included,commune,Bandraboua,31,4.096774193548387,0.07848101265822785,0.052894627238650564,0.01438725477642433,0.0007610084783864598
2004,all,zeros_included,commune,Bandrele,40,3.25,0.10126582278481013,0.054144106622240736,0.12656240571333743,0.006852608389310232
2004,all,zeros_included,commune,Boueni,14,4.071428571428571,0.035443037974683546,0.023740108288213244,0.001874418629915775,4.4498901251644806e-05
2004,all,zeros_included,commune,Chiconi,9,6.888888888888889,0.02278481012658228,0.025822573927530196,0.02601412947072168,0.0006717517814180526
2004,all,zeros_included,commune,Chirongui,30,3.933333333333333,0.0759493670886076,0.04914618908788005,0.006461784788590164,0.0003175720970652392
2004,all,zeros_included,commune,Dembeni,40,4.275,0.10126582278481013,0.07122032486463974,0.024467655530916232,0.0017425943755879534
2004,all,zeros_included,commune,Dzaoudzi,9,14.11111111111111,0.02278481012658228,0.052894627238650564,0.06240262373742533,0.0033007635213048803
2004,all,zeros_included,commune,Kani-Keli,23,2.6956521739130435,0.05822784810126582,0.025822573927530196,0.20777514416577192,0.0053652890205238895
2004,all,zeros_included,commune,Koungou,32,10.125,0.0810126582278481,0.13494377342773844,0.1362353174890707,0.01838410781610117
2004,all,zeros_included,commune,M'tsangamouji,23,3.9565217391304346,0.05822784810126582,0.037900874635568516,0.0181047080919583,0.0006861842717068744
2004,all,zeros_included,commune,Mamoudzou,44,13.840909090909092,0.11139240506329114,0.2536443148688047,0.26767707684293907,0.06789476876191167
2004,all,zeros_included,commune,Mtsamboro,17,3.588235294117647,0.043037974683544304,0.025406080799666806,0.20422827251215536,0.0051886399930201905
2004,all,zeros_included,commune,Ouangani,18,5.0,0.04556962025316456,0.037484381507705125,0.03357055313474522,0.0012583714211274759
2004,all,zeros_included,commune,Pamandzi,5,16.2,0.012658227848101266,0.03373594335693461,0.014629292988685538,0.000493532999618296
2004,all,zeros_included,commune,Sada,12,6.083333333333333,0.030379746835443037,0.030403998334027488,0.04788113802485627,0.0014557780407390703
2004,all,zeros_included,commune,Tsingoni,36,4.75,0.09113924050632911,0.07122032486463974,0.015513535204322748,0.0011048790170508913
2004,all,lit_only,commune,Acoua,12,3.9166666666666665,0.03116883116883117,0.019575177009579343,0.01881869431042338,0.0003683792722157013
2004,all,lit_only,commune,Bandraboua,31,4.096774193548387,0.08051948051948052,0.052894627238650564,0.01438725477642433,0.0007610084783864598
2004,all,lit_only,commune,Bandrele,36,3.611111111111111,0.09350649350649351,0.054144106622240736,0.021201890055511097,0.0011479573957586184
2004,all,lit_only,commune,Boueni,14,4.071428571428571,0.03636363636363636,0.023740108288213244,0.001874418629915775,4.4498901251644806e-05
2004,all,lit_only,commune,Chiconi,9,6.888888888888889,0.023376623376623377,0.025822573927530196,0.02601412947072168,0.0006717517814180526
2004,all,lit_only,commune,Chirongui,30,3.933333333333333,0.07792207792207792,0.04914618908788005,0.006461784788590164,0.0003175720970652392
2004,all,lit_only,commune,Dembeni,40,4.275,0.1038961038961039,0.07122032486463974,0.024467655530916232,0.0017425943755879534
2004,all,lit_only,commune,Dzaoudzi,9,14.11111111111111,0.023376623376623377,0.052894627238650564,0.06240262373742533,0.0033007635213048803
2004,all,lit_only,commune,Kani-Keli,20,3.1,0.05194805194805195,0.025822573927530196,0.06801320179061321,0.0017562759312861388
2004,all,lit_only,commune,Koungou,32,10.125,0.08311688311688312,0.13494377342773844,0.1362353174890707,0.01838410781610117
2004,all,lit_only,commune,M'tsangamouji,23,3.9565217391304346,0.05974025974025974,0.037900874635568516,0.0181047080919583,0.0006861842717068744
2004,all,lit_only,commune,Mamoudzou,44,13.840909090909092,0.11428571428571428,0.2536443148688047,0.26767707684293907,0.06789476876191167
2004,all,lit_only,commune,Mtsamboro,14,4.357142857142857,0.03636363636363636,0.025406080799666806,0.010072258071198048,0.00025589660239195373
2004,all,lit_only,commune,Ouangani,18,5.0,0.046753246753246755,0.037484381507705125,0.03357055313474522,0.0012583714211274759
2004,all,lit_only,commune,Pamandzi,5,16.2,0.012987012987012988,0.03373594335693461,0.014629292988685538,0.000493532999618296
2004,all,lit_only,commune,Sada,12,6.083333333333333,0.03116883116883117,0.030403998334027488,0.04788113802485627,0.0014557780407390703
2004,all,lit_only,commune,Tsingoni,36,4.75,0.09350649350649351,0.07122032486463974,0.015513535204322748,0.0011048790170508913
2005,all,zeros_included,commune,Acoua,12,4.083333333333333,0.030379746835443037,0.01942902458366376,0.01246358698098815,0.00024215533785425036
2005,all,zeros_included,commune,Bandraboua,31,5.064516129032258,0.07848101265822785,0.06225218080888184,0.02440265840360678,0.0015191187031587093
2005,all,zeros_included,commune,Bandrele,40,3.325,0.10126582278481013,0.05273592386994449,0.12504373944536673,0.0065942971238040346
2005,all,zeros_included,commune,Boueni,14,4.357142857142857,0.035443037974683546,0.024187153053132435,0.005930101690612588,0.00014343227721148608
2005,all,zeros_included,commune,Chiconi,9,7.222222222222222,0.02278481012658228,0.02577319587628866,0.017518411146676405,0.0004515054419246496
2005,all,zeros_included,commune,Chirongui,30,4.133333333333334,0.0759493670886076,0.04916732751784298,0.007276419956973035,0.00035776212318186214
2005,all,zeros_included,commune,Dembeni,40,4.3,0.10126582278481013,0.06819984139571768,0.02312562371172522,0.001577163869316708
2005,all,zeros_included,commune,Dzaoudzi,9,15.222222222222221,0.02278481012658228,0.054321966693100715,0.04832367770330981,0.002625037210687329
2005,all,zeros_included,commune,Kani-Keli,23,3.130434782608696,0.05822784810126582,0.028548770816812053,0.1154396748733777,0.003295660821127357
2005,all,zeros_included,commune,Koungou,32,10.40625,0.0810126582278481,0.13203806502775575,0.15137007111010314,0.01998661129249181
2005,all,zeros_included,commune,M'tsangamouji,23,4.260869565217392,0.05822784810126582,0.03885804916732752,0.01286519181799295,0.0004999162562106697
2005,all,zeros_included,commune,Mamoudzou,44,14.272727272727273,0.11139240506329114,0.24900872323552736,0.25894614477468947,0.06447984889710745
2005,all,zeros_included,commune,Mtsamboro,17,4.176470588235294,0.043037974683544304,0.028152260111022998,0.20672278624887808,0.005819713649353824
2005,all,zeros_included,commune,Ouangani,18,5.166666666666667,0.04556962025316456,0.03687549563838224,0.03462124861499172,0.0012766757022974742
2005,all,zeros_included,commune,Pamandzi,5,16.2,0.012658227848101266,0.03211736716891356,0.014629292988685538,0.0004698543743392262
2005,all,zeros_included,commune,Sada,12,6.083333333333333,0.030379746835443037,0.02894528152260111,0.04788113802485627,0.0013859330197519859
2005,all,zeros_included,commune,Tsingoni,36,4.861111111111111,0.09113924050632911,0.06938937351308486,0.011873563011101762,0.0008238990987084887
2005,all,lit_only,commune,Acoua,12,4.083333333333333,0.031088082901554404,0.01942902458366376,0.01246358698098815,0.00024215533785425036
2005,all,lit_only,commune,Bandraboua,31,5.064516129032258,0.08031088082901554,0.06225218080888184,0.02440265840360678,0.0015191187031587093
2005,all,lit_only,commune,Bandrele,36,3.6944444444444446,0.09326424870466321,0.05273592386994449,0.019683223787540394,0.0010380129911748107
2005,all,lit_only,commune,Boueni,14,4.357142857142857,0.03626943005181347,0.024187153053132435,0.005930101690612588,0.00014343227721148608
2005,all,lit_only,commune,Chiconi,9,7.222222222222222,0.023316062176165803,0.02577319587628866,0.017518411146676405,0.0004515054419246496
2005,all,lit_only,commune,Chirongui,30,4.133333333333334,0.07772020725388601,0.04916732751784298,0.007276419956973035,0.00035776212318186214
2005,all,lit_only,commune,Dembeni,40,4.3,0.10362694300518134,0.06819984139571768,0.02312562371172522,0.001577163869316708
2005,all,lit_only,commune,Dzaoudzi,9,15.222222222222221,0.023316062176165803,0.054321966693100715,0.04832367770330981,0.002625037210687329
2005,all,lit_only,commune,Kani-Keli,21,3.4285714285714284,0.054404145077720206,0.028548770816812053,0.024467896667651035,0.0006985283743342087
2005,all,lit_only,commune,Koungou,32,10.40625,0.08290155440414508,0.13203806502775575,0.15137007111010314,0.01998661129249181
2005,all,lit_only,commune,M'tsangamouji,23,4.260869565217392,0.05958549222797927,0.03885804916732752,0.01286519181799295,0.0004999162562106697
2005,all,lit_only,commune,Mamoudzou,44,14.272727272727273,0.11398963730569948,0.24900872323552736,0.25894614477468947,0.06447984889710745
2005,all,lit_only,commune,Mtsamboro,14,5.071428571428571,0.03626943005181347,0.028152260111022998,0.012566771807920762,0.00035378302869245606
2005,all,lit_only,commune,Ouangani,18,5.166666666666667,0.046632124352331605,0.03687549563838224,0.03462124861499172,0.0012766757022974742
2005,all,lit_only,commune,Pamandzi,5,16.2,0.012953367875647668,0.03211736716891356,0.014629292988685538,0.0004698543743392262
2005,all,lit_only,commune,Sada,12,6.083333333333333,0.031088082901554404,0.02894528152260111,0.04788113802485627,0.0013859330197519859
2005,all,lit_only,commune,Tsingoni,36,4.861111111111111,0.09326424870466321,0.06938937351308486,0.011873563011101762,0.0008238990987084887
2006,all,zeros_included,commune,Acoua,12,4.666666666666667,0.030379746835443037,0.020356234096692113,0.008833198531228659,0.00017981065712424751
2006,all,zeros_included,commune,Bandraboua,31,5.870967741935484,0.07848101265822785,0.06615776081424936,0.03907850729150719,0.0025853465383694325
2006,all,zeros_included,commune,Bandrele,40,3.3,0.10126582278481013,0.04798255179934569,0.14264028912281934,0.006844245061509325
2006,all,zeros_included,commune,Boueni,14,5.142857142857143,0.035443037974683546,0.026172300981461286,0.005012648269891784,0.00013119253923380895
2006,all,zeros_included,commune,Chiconi,9,8.666666666666666,0.02278481012658228,0.028353326063249727,0.02002344659846722,0.0005677313103164098
2006,all,zeros_included,commune,Chirongui,30,4.333333333333333,0.0759493670886076,0.04725554343874955,0.009274248022102194,0.0004382596302701873
2006,all,zeros_included,commune,Dembeni,40,4.75,0.10126582278481013,0.06906579425663395,0.037376991434284745,0.0025814716003322797
2006,all,zeros_included,commune,Dzaoudzi,9,15.88888888888889,0.02278481012658228,0.0519810977826245,0.05616975485859399,0.0029197655197306218
2006,all,zeros_included,commune,Kani-Keli,23,3.1739130434782608,0.05822784810126582,0.026535805161759362,0.1613420696665382,0.004281341725066262
2006,all,zeros_included,commune,Koungou,32,11.40625,0.0810126582278481,0.1326790258087968,0.17701604583713904,0.023486316514196928
2006,all,zeros_included,commune,M'tsangamouji,23,4.521739130434782,0.05822784810126582,0.037804434750999635,0.014865624333607608,0.0005619865251527413
2006,all,zeros_included,commune,Mamoudzou,44,15.931818181818182,0.11139240506329114,0.25481643038894947,0.25206226446853686,0.06422960646762789
2006,all,zeros_included,commune,Mtsamboro,17,4.823529411764706,0.043037974683544304,0.029807342784442022,0.2066429253718649,0.006159476510539049
2006,all,zeros_included,commune,Ouangani,18,5.611111111111111,0.04556962025316456,0.036713922210105415,0.0399739118985194,0.0014675990918758485
2006,all,zeros_included,commune,Pamandzi,5,16.4,0.012658227848101266,0.029807342784442022,0.01724560510278561,0.0005140456628238532
2006,all,zeros_included,commune,Sada,12,6.083333333333333,0.030379746835443037,0.026535805161759362,0.04788113802485627,0.0012705645495508936
2006,all,zeros_included,commune,Tsingoni,36,5.194444444444445,0.09113924050632911,0.06797528171573973,0.011411584139373598,0.0007757056466967877
2006,all,lit_only,commune,Acoua,12,4.666666666666667,0.03125,0.020356234096692113,0.008833198531228659,0.00017981065712424751
2006,all,lit_only,commune,Bandraboua,31,5.870967741935484,0.08072916666666667,0.06615776081424936,0.03907850729150719,0.0025853465383694325
2006,all,lit_only,commune,Bandrele,35,3.7714285714285714,0.09114583333333333,0.04798255179934569,0.009108896498296826,0.000437068098064406
2006,all,lit_only,commune,Boueni,14,5.142857142857143,0.036458333333333336,0.026172300981461286,0.005012648269891784,0.00013119253923380895
2006,all,lit_only,commune,Chiconi,9,8.666666666666666,0.0234375,0.028353326063249727,0.02002344659846722,0.0005677313103164098
2006,all,lit_only,commune,Chirongui,30,4.333333333333333,0.078125,0.04725554343874955,0.009274248022102194,0.0004382596302701873
2006,all,lit_only,commune,Dembeni,40,4.75,0.10416666666666667,0.06906579425663395,0.037376991434284745,0.0025814716003322797
2006,all,lit_only,commune,Dzaoudzi,9,15.88888888888889,0.0234375,0.0519810977826245,0.05616975485859399,0.0029197655197306218
2006,all,lit_only,commune,Kani-Keli,20,3.65,0.052083333333333336,0.026535805161759362,0.02158012729137959,0.0005726460531700146
2006,all,lit_only,commune,Koungou,32,11.40625,0.08333333333333333,0.1326790258087968,0.17701604583713904,0.023486316514196928
2006,all,lit_only,commune,M'tsangamouji,23,4.521739130434782,0.059895833333333336,0.037804434750999635,0.014865624333607608,0.0005619865251527413
2006,all,lit_only,commune,Mamoudzou,44,15.931818181818182,0.11458333333333333,0.25481643038894947,0.25206226446853686,0.06422960646762789
2006,all,lit_only,commune,Mtsamboro,14,5.857142857142857,0.036458333333333336,0.029807342784442022,0.012486910930907369,0.000372201634436352
2006,all,lit_only,commune,Ouangani,18,5.611111111111111,0.046875,0.036713922210105415,0.0399739118985194,0.0014675990918758485
2006,all,lit_only,commune,Pamandzi,5,16.4,0.013020833333333334,0.029807342784442022,0.01724560510278561,0.0005140456628238532
2006,all,lit_only,commune,Sada,12,6.083333333333333,0.03125,0.026535805161759362,0.04788113802485627,0.0012705645495508936
2006,all,lit_only,commune,Tsingoni,36,5.194444444444445,0.09375,0.06797528171573973,0.011411584139373598,0.0007757056466967877
2007,all,zeros_included,commune,Acoua,12,4.833333333333333,0.030379746835443037,0.019587977034785545,0.016425068414095634,0.00032173386289008674
2007,all,zeros_included,commune,Bandraboua,31,6.451612903225806,0.07848101265822785,0.06754474839581223,0.03553113295069221,0.002399941435372659
2007,all,zeros_included,commune,Bandrele,40,3.525,0.10126582278481013,0.047619047619047616,0.14569671582190136,0.006937938848661969
2007,all,zeros_included,commune,Boueni,14,5.142857142857143,0.035443037974683546,0.0243161094224924,0.005012648269891784,0.00012188810382715584
2007,all,zeros_included,commune,Chiconi,9,8.666666666666666,0.02278481012658228,0.02634245187436677,0.02002344659846722,0.0005274666783790758
2007,all,zeros_included,commune,Chirongui,30,4.4,0.0759493670886076,0.044579533941236066,0.009558303177304772,0.0004261047009132826
2007,all,zeros_included,commune,Dembeni,40,5.8,0.10126582278481013,0.07835190813914218,0.05486964532238914,0.004299141409927146
2007,all,zeros_included,commune,Dzaoudzi,9,16.444444444444443,0.02278481012658228,0.04998311381290105,0.06471186268506335,0.003234500397632346
2007,all,zeros_included,commune,Kani-Keli,23,3.5652173913043477,0.05822784810126582,0.02769334684228301,0.11771398110856124,0.0032598941070253362
2007,all,zeros_included,commune,Koungou,32,12.59375,0.0810126582278481,0.13610266801756163,0.17546185216732857,0.023880826215276398
2007,all,zeros_included,commune,M'tsangamouji,23,4.739130434782608,0.05822784810126582,0.03681188787571766,0.014158987874493434,0.0005212190740694982
2007,all,zeros_included,commune,Mamoudzou,44,16.954545454545453,0.11139240506329114,0.2519419115163796,0.23832019730128007,0.060042846061045235
2007,all,zeros_included,commune,Mtsamboro,17,5.764705882352941,0.043037974683544304,0.03309692671394799,0.21354144878581183,0.007067565680854292
2007,all,zeros_included,commune,Ouangani,18,6.222222222222222,0.04556962025316456,0.037825059101654845,0.030132627866275685,0.0011397684299300494
2007,all,zeros_included,commune,Pamandzi,5,16.4,0.012658227848101266,0.02769334684228301,0.01724560510278561,0.00047758852361648766
2007,all,zeros_included,commune,Sada,12,6.166666666666667,0.030379746835443037,0.024991556906450524,0.04802386838304562,0.0012001912395627748
2007,all,zeros_included,commune,Tsingoni,36,5.388888888888889,0.09113924050632911,0.06551840594393786,0.010094740399292812,0.0006613912993795358
2007,all,lit_only,commune,Acoua,12,4.833333333333333,0.03116883116883117,0.019587977034785545,0.016425068414095634,0.00032173386289008674
2007,all,lit_only,commune,Bandraboua,31,6.451612903225806,0.08051948051948052,0.06754474839581223,0.03553113295069221,0.002399941435372659
2007,all,lit_only,commune,Bandrele,35,4.0285714285714285,0.09090909090909091,0.047619047619047616,0.012165323197378841,0.0005793011046370877
2007,all,lit_only,commune,Boueni,14,5.142857142857143,0.03636363636363636,0.0243161094224924,0.005012648269891784,0.00012188810382715584
2007,all,lit_only,commune,Chiconi,9,8.666666666666666,0.023376623376623377,0.02634245187436677,0.02002344659846722,0.0005274666783790758
2007,all,lit_only,commune,Chirongui,30,4.4,0.07792207792207792,0.044579533941236066,0.009558303177304772,0.0004261047009132826
2007,all,lit_only,commune,Dembeni,40,5.8,0.1038961038961039,0.07835190813914218,0.05486964532238914,0.004299141409927146
2007,all,lit_only,commune,Dzaoudzi,9,16.444444444444443,0.023376623376623377,0.04998311381290105,0.06471186268506335,0.003234500397632346
2007,all,lit_only,commune,Kani-Keli,21,3.9047619047619047,0.05454545454545454,0.02769334684228301,0.026742202902834578,0.0007405811003149055
2007,all,lit_only,commune,Koungou,32,12.59375,0.08311688311688312,0.13610266801756163,0.17546185216732857,0.023880826215276398
2007,all,lit_only,commune,M'tsangamouji,23,4.739130434782608,0.05974025974025974,0.03681188787571766,0.014158987874493434,0.0005212190740694982
2007,all,lit_only,commune,Mamoudzou,44,16.954545454545453,0.11428571428571428,0.2519419115163796,0.23832019730128007,0.060042846061045235
2007,all,lit_only,commune,Mtsamboro,14,7.0,0.03636363636363636,0.03309692671394799,0.019385434344854513,0.0006415982998297002
2007,all,lit_only,commune,Ouangani,18,6.222222222222222,0.046753246753246755,0.037825059101654845,0.030132627866275685,0.0011397684299300494
2007,all,lit_only,commune,Pamandzi,5,16.4,0.012987012987012988,0.02769334684228301,0.01724560510278561,0.00047758852361648766
2007,all,lit_only,commune,Sada,12,6.166666666666667,0.03116883116883117,0.024991556906450524,0.04802386838304562,0.0012001912395627748
2007,all,lit_only,commune,Tsingoni,36,5.388888888888889,0.09350649350649351,0.06551840594393786,0.010094740399292812,0.0006613912993795358
2008,all,zeros_included,commune,Acoua,12,4.916666666666667,0.030379746835443037,0.018553459119496855,0.014755222995785688,0.0002737604266513697
2008,all,zeros_included,commune,Bandraboua,31,7.064516129032258,0.07848101265822785,0.06886792452830189,0.028898372835900688,0.0019901709594535378
2008,all,zeros_included,commune,Bandrele,40,3.725,0.10126582278481013,0.04685534591194968,0.12170766114149001,0.005702654562918871
2008,all,zeros_included,commune,Boueni,14,5.428571428571429,0.035443037974683546,0.02389937106918239,0.006774154132623389,0.00016189802329540177
2008,all,zeros_included,commune,Chiconi,9,9.333333333333334,0.02278481012658228,0.026415094339622643,0.022333894837591295,0.0005899519391061852
2008,all,zeros_included,commune,Chirongui,30,4.733333333333333,0.0759493670886076,0.04465408805031446,0.013391712373131748,0.0005979947034543107
2008,all,zeros_included,commune,Dembeni,40,6.15,0.10126582278481013,0.07735849056603773,0.054912239085542325,0.004247927929258934
2008,all,zeros_included,commune,Dzaoudzi,9,16.555555555555557,0.02278481012658228,0.04685534591194968,0.0642765401279215,0.0030116995217170763
2008,all,zeros_included,commune,Kani-Keli,23,3.9130434782608696,0.05822784810126582,0.02830188679245283,0.13424970679169124,0.0037995200035384315
2008,all,zeros_included,commune,Koungou,32,13.4375,0.0810126582278481,0.13522012578616352,0.13753854343367466,0.018597979143547202
2008,all,zeros_included,commune,M'tsangamouji,23,5.217391304347826,0.05822784810126582,0.03773584905660377,0.022026016307519658,0.000831170426698855
2008,all,zeros_included,commune,Mamoudzou,44,18.0,0.11139240506329114,0.2490566037735849,0.23050985784286704,0.05741000233067632
2008,all,zeros_included,commune,Mtsamboro,17,6.588235294117647,0.043037974683544304,0.03522012578616352,0.2128298101412085,0.007495892684218664
2008,all,zeros_included,commune,Ouangani,18,7.388888888888889,0.04556962025316456,0.04182389937106918,0.046289831787618585,0.0019360212665890792
2008,all,zeros_included,commune,Pamandzi,5,17.6,0.012658227848101266,0.027672955974842768,0.02029125647792851,0.0005615190471879587
2008,all,zeros_included,commune,Sada,12,6.916666666666667,0.030379746835443037,0.02610062893081761,0.04663473320491951,0.001217195866669283
2008,all,zeros_included,commune,Tsingoni,36,5.777777777777778,0.09113924050632911,0.06540880503144654,0.012827952541268672,0.0008390610467244918
2008,all,lit_only,commune,Acoua,12,4.916666666666667,0.031088082901554404,0.01855345911949685,0.014755222995785688,0.0002737604266513696
2008,all,lit_only,commune,Bandraboua,31,7.064516129032258,0.08031088082901554,0.06886792452830187,0.028898372835900688,0.0019901709594535373
2008,all,lit_only,commune,Bandrele,36,4.138888888888889,0.09326424870466321,0.04685534591194968,0.016347145483663672,0.0007659511563100274
2008,all,lit_only,commune,Boueni,14,5.428571428571429,0.03626943005181347,0.023899371069182388,0.006774154132623389,0.00016189802329540174
2008,all,lit_only,commune,Chiconi,9,9.333333333333334,0.023316062176165803,0.02641509433962264,0.022333894837591295,0.0005899519391061851
2008,all,lit_only,commune,Chirongui,30,4.733333333333333,0.07772020725388601,0.04465408805031446,0.013391712373131748,0.0005979947034543107
2008,all,lit_only,commune,Dembeni,40,6.15,0.10362694300518134,0.07735849056603772,0.054912239085542325,0.004247927929258934
2008,all,lit_only,commune,Dzaoudzi,9,16.555555555555557,0.023316062176165803,0.04685534591194968,0.0642765401279215,0.0030116995217170763
2008,all,lit_only,commune,Kani-Keli,21,4.285714285714286,0.054404145077720206,0.028301886792452827,0.043277928585964576,0.0012248470354518275
2008,all,lit_only,commune,Koungou,32,13.4375,0.08290155440414508,0.1352201257861635,0.13753854343367466,0.0185979791435472
2008,all,lit_only,commune,M'tsangamouji,23,5.217391304347826,0.05958549222797927,0.037735849056603765,0.022026016307519658,0.0008311704266988549
2008,all,lit_only,commune,Mamoudzou,44,18.0,0.11398963730569948,0.24905660377358488,0.23050985784286704,0.057410002330676314
2008,all,lit_only,commune,Mtsamboro,14,8.0,0.03626943005181347,0.035220125786163514,0.018673795700251183,0.000657693433467966
2008,all,lit_only,commune,Ouangani,18,7.388888888888889,0.046632124352331605,0.04182389937106917,0.046289831787618585,0.0019360212665890787
2008,all,lit_only,commune,Pamandzi,5,17.6,0.012953367875647668,0.027672955974842765,0.02029125647792851,0.0005615190471879587
2008,all,lit_only,commune,Sada,12,6.916666666666667,0.031088082901554404,0.026100628930817608,0.04663473320491951,0.0012171958666692827
2008,all,lit_only,commune,Tsingoni,36,5.777777777777778,0.09326424870466321,0.06540880503144653,0.012827952541268672,0.0008390610467244916
2009,all,zeros_included,commune,Acoua,12,7.0,0.030379746835443037,0.021756021756021756,0.01201797449428521,0.0002614633145609836
2009,all,zeros_included,commune,Bandraboua,31,9.096774193548388,0.07848101265822785,0.07303807303807304,0.02809985052697961,0.002052358935148472
2009,all,zeros_included,commune,Bandrele,40,6.25,0.10126582278481013,0.06475006475006476,0.04803770584313938,0.003110444563787839
2009,all,zeros_included,commune,Boueni,14,6.0,0.035443037974683546,0.021756021756021756,0.003986832733833934,8.673761969491076e-05
2009,all,zeros_included,commune,Chiconi,9,11.666666666666666,0.02278481012658228,0.027195027195027196,0.03497394921866537,0.0009511175001191048
2009,all,zeros_included,commune,Chirongui,30,7.333333333333333,0.0759493670886076,0.05698005698005698,0.011510528936722775,0.0006558705946850584
2009,all,zeros_included,commune,Dembeni,40,7.275,0.10126582278481013,0.07536907536907538,0.04285887698966051,0.0032302339300676534
2009,all,zeros_included,commune,Dzaoudzi,9,18.11111111111111,0.02278481012658228,0.042217042217042214,0.04855638276445218,0.0020499068610737386
2009,all,zeros_included,commune,Kani-Keli,23,4.782608695652174,0.05822784810126582,0.02849002849002849,0.10379484243503234,0.0029571180180920894
2009,all,zeros_included,commune,Koungou,32,15.15625,0.0810126582278481,0.1256151256151256,0.08892667607665095,0.011170535585904095
2009,all,zeros_included,commune,M'tsangamouji,23,7.217391304347826,0.05822784810126582,0.042994042994043,0.024234996710027712,0.001041960490511422
2009,all,zeros_included,commune,Mamoudzou,44,18.613636363636363,0.11139240506329114,0.21212121212121213,0.2283058070055195,0.04842850451632232
2009,all,zeros_included,commune,Mtsamboro,17,7.9411764705882355,0.043037974683544304,0.03496503496503497,0.20352710137840102,0.007116332216028008
2009,all,zeros_included,commune,Ouangani,18,10.555555555555555,0.04556962025316456,0.04921004921004921,0.05459873013219996,0.0026868061966117567
2009,all,zeros_included,commune,Pamandzi,5,22.0,0.012658227848101266,0.02849002849002849,0.010588830308186026,0.00030167607715629705
2009,all,zeros_included,commune,Sada,12,9.5,0.030379746835443037,0.029526029526029528,0.0556863507779064,0.0016441968372653017
2009,all,zeros_included,commune,Tsingoni,36,7.027777777777778,0.09113924050632911,0.06552706552706553,0.014685204131505536,0.0009622783334034967
2009,all,lit_only,commune,Acoua,12,7.0,0.030848329048843187,0.02175602175602176,0.01201797449428521,0.0002614633145609836
2009,all,lit_only,commune,Bandraboua,31,9.096774193548388,0.07969151670951156,0.07303807303807304,0.02809985052697961,0.002052358935148472
2009,all,lit_only,commune,Bandrele,39,6.410256410256411,0.10025706940874037,0.06475006475006476,0.022719897858849425,0.0014711148574753578
2009,all,lit_only,commune,Boueni,14,6.0,0.03598971722365039,0.02175602175602176,0.003986832733833934,8.673761969491078e-05
2009,all,lit_only,commune,Chiconi,9,11.666666666666666,0.02313624678663239,0.0271950271950272,0.03497394921866537,0.0009511175001191049
2009,all,lit_only,commune,Chirongui,30,7.333333333333333,0.07712082262210797,0.05698005698005699,0.011510528936722775,0.0006558705946850585
2009,all,lit_only,commune,Dembeni,40,7.275,0.10282776349614396,0.07536907536907538,0.04285887698966051,0.0032302339300676534
2009,all,lit_only,commune,Dzaoudzi,9,18.11111111111111,0.02313624678663239,0.04221704221704222,0.04855638276445218,0.002049906861073739
2009,all,lit_only,commune,Kani-Keli,21,5.238095238095238,0.05398457583547558,0.028490028490028494,0.012823064229305459,0.0003653294652223778
2009,all,lit_only,commune,Koungou,32,15.15625,0.08226221079691516,0.12561512561512564,0.08892667607665095,0.011170535585904097
2009,all,lit_only,commune,M'tsangamouji,23,7.217391304347826,0.05912596401028278,0.042994042994043,0.024234996710027712,0.001041960490511422
2009,all,lit_only,commune,Mamoudzou,44,18.613636363636363,0.11311053984575835,0.21212121212121215,0.2283058070055195,0.04842850451632233
2009,all,lit_only,commune,Mtsamboro,14,9.642857142857142,0.03598971722365039,0.03496503496503497,0.009371086937443707,0.0003276603824281017
2009,all,lit_only,commune,Ouangani,18,10.555555555555555,0.04627249357326478,0.04921004921004921,0.05459873013219996,0.0026868061966117567
2009,all,lit_only,commune,Pamandzi,5,22.0,0.012853470437017995,0.028490028490028494,0.010588830308186026,0.00030167607715629705
2009,all,lit_only,commune,Sada,12,9.5,0.030848329048843187,0.02952602952602953,0.0556863507779064,0.001644196837265302
2009,all,lit_only,commune,Tsingoni,36,7.027777777777778,0.09254498714652956,0.06552706552706554,0.014685204131505536,0.0009622783334034969
2010,all,zeros_included,commune,Acoua,12,7.333333333333333,0.030379746835443037,0.020813623462630087,0.010250669563282688,0.00021335357653000866
2010,all,zeros_included,commune,Bandraboua,31,9.67741935483871,0.07848101265822785,0.07095553453169347,0.028217989552676848,0.0020022225321199277
2010,all,zeros_included,commune,Bandrele,40,6.625,0.10126582278481013,0.06267738883632923,0.04340453751606721,0.002720483075155584
2010,all,zeros_included,commune,Boueni,14,7.285714285714286,0.035443037974683546,0.024124881740775782,0.004697593700516478,0.00011332889249117331
2010,all,zeros_included,commune,Chiconi,9,12.222222222222221,0.02278481012658228,0.026017029328287606,0.028638877555293707,0.000745098517285314
2010,all,zeros_included,commune,Chirongui,30,7.433333333333334,0.0759493670886076,0.05274361400189215,0.010271091565325907,0.0005417344888996398
2010,all,zeros_included,commune,Dembeni,40,7.75,0.10126582278481013,0.07332071901608325,0.02857016285655245,0.0020947848830490208
2010,all,zeros_included,commune,Dzaoudzi,9,19.666666666666668,0.02278481012658228,0.041863765373699145,0.06889853181348382,0.0028843519704320328
2010,all,zeros_included,commune,Kani-Keli,23,5.869565217391305,0.05822784810126582,0.031929990539262064,0.014017723809488958,0.000447585788618971
2010,all,zeros_included,commune,Koungou,32,17.0625,0.0810126582278481,0.1291390728476821,0.08900245616821811,0.011493694670730152
2010,all,zeros_included,commune,M'tsangamouji,23,7.478260869565218,0.05822784810126582,0.04068117313150426,0.017826373095505943,0.0007251977702050668
2010,all,zeros_included,commune,Mamoudzou,44,20.59090909090909,0.11139240506329114,0.21428571428571427,0.2153798749209237,0.04615283034019793
2010,all,zeros_included,commune,Mtsamboro,17,8.235294117647058,0.043037974683544304,0.033112582781456956,0.20511167915118245,0.006791777455337168
2010,all,zeros_included,commune,Ouangani,18,10.555555555555555,0.04556962025316456,0.044938505203405865,0.05459873013219996,0.0024535853181452206
2010,all,zeros_included,commune,Pamandzi,5,23.0,0.012658227848101266,0.027199621570482498,0.013907338600363417,0.0003782743469824487
2010,all,zeros_included,commune,Sada,12,9.916666666666666,0.030379746835443037,0.028145695364238412,0.06441792685117376,0.0018130873451489304
2010,all,zeros_included,commune,Tsingoni,36,9.166666666666666,0.09113924050632911,0.07805108798486282,0.028772541317652056,0.0022457281539321615
2010,all,lit_only,commune,Acoua,12,7.333333333333333,0.030690537084398978,0.020813623462630087,0.010250669563282688,0.00021335357653000866
2010,all,lit_only,commune,Bandraboua,31,9.67741935483871,0.0792838874680307,0.07095553453169347,0.028217989552676848,0.0020022225321199277
2010,all,lit_only,commune,Bandrele,39,6.794871794871795,0.09974424552429667,0.06267738883632923,0.01808672953177748,0.001133628979640736
2010,all,lit_only,commune,Boueni,14,7.285714285714286,0.03580562659846547,0.024124881740775782,0.004697593700516478,0.00011332889249117331
2010,all,lit_only,commune,Chiconi,9,12.222222222222221,0.023017902813299233,0.026017029328287606,0.028638877555293707,0.000745098517285314
2010,all,lit_only,commune,Chirongui,30,7.433333333333334,0.07672634271099744,0.05274361400189215,0.010271091565325907,0.0005417344888996398
2010,all,lit_only,commune,Dembeni,40,7.75,0.10230179028132992,0.07332071901608325,0.02857016285655245,0.0020947848830490208
2010,all,lit_only,commune,Dzaoudzi,9,19.666666666666668,0.023017902813299233,0.041863765373699145,0.06889853181348382,0.0028843519704320328
2010,all,lit_only,commune,Kani-Keli,23,5.869565217391305,0.058823529411764705,0.031929990539262064,0.014017723809488958,0.000447585788618971
2010,all,lit_only,commune,Koungou,32,17.0625,0.08184143222506395,0.1291390728476821,0.08900245616821811,0.011493694670730152
2010,all,lit_only,commune,M'tsangamouji,23,7.478260869565218,0.058823529411764705,0.04068117313150426,0.017826373095505943,0.0007251977702050668
2010,all,lit_only,commune,Mamoudzou,44,20.59090909090909,0.11253196930946291,0.21428571428571427,0.2153798749209237,0.04615283034019793
2010,all,lit_only,commune,Mtsamboro,14,10.0,0.03580562659846547,0.033112582781456956,0.010955664710224688,0.00036277035464320163
2010,all,lit_only,commune,Ouangani,18,10.555555555555555,0.04603580562659847,0.044938505203405865,0.05459873013219996,0.0024535853181452206
2010,all,lit_only,commune,Pamandzi,5,23.0,0.01278772378516624,0.027199621570482498,0.013907338600363417,0.0003782743469824487
2010,all,lit_only,commune,Sada,12,9.916666666666666,0.030690537084398978,0.028145695364238412,0.06441792685117376,0.0018130873451489304
2010,all,lit_only,commune,Tsingoni,36,9.166666666666666,0.09207161125319693,0.07805108798486282,0.028772541317652056,0.0022457281539321615
2011,all,zeros_included,commune,Acoua,12,7.333333333333333,0.030379746835443037,0.020243846330802853,0.010250669563282688,0.00020751297942693273
2011,all,zeros_included,commune,Bandraboua,31,10.129032258064516,0.07848101265822785,0.07223372440763745,0.03478486137515491,0.002512640090130812
2011,all,zeros_included,commune,Bandrele,40,6.775,0.10126582278481013,0.062341844950540605,0.04203577752569587,0.0026205879248823514
2011,all,zeros_included,commune,Boueni,14,8.142857142857142,0.035443037974683546,0.026224982746721876,0.007529307684089659,0.00019745596411001174
2011,all,zeros_included,commune,Chiconi,9,12.222222222222221,0.02278481012658228,0.025304807913503567,0.028638877555293707,0.0007247012953950559
2011,all,zeros_included,commune,Chirongui,30,7.433333333333334,0.0759493670886076,0.05129974695192086,0.010271091565325907,0.0005269043982212278
2011,all,zeros_included,commune,Dembeni,40,8.175,0.10126582278481013,0.07522429261559696,0.026454554475269454,0.0019900251468629197
2011,all,zeros_included,commune,Dzaoudzi,9,20.11111111111111,0.02278481012658228,0.0416379112031286,0.06377788418851349,0.002655577878564744
2011,all,zeros_included,commune,Kani-Keli,23,6.782608695652174,0.05822784810126582,0.035886818495514144,0.013548639790870842,0.00048621757703608265
2011,all,zeros_included,commune,Koungou,32,17.0625,0.0810126582278481,0.12560386473429952,0.08900245616821811,0.01117905246557329
2011,all,zeros_included,commune,M'tsangamouji,23,7.478260869565218,0.05822784810126582,0.0395675178283874,0.017826373095505943,0.0007053453352719168
2011,all,zeros_included,commune,Mamoudzou,44,20.772727272727273,0.11139240506329114,0.21025994939038417,0.21605826952327334,0.04542840081533744
2011,all,zeros_included,commune,Mtsamboro,17,8.588235294117647,0.043037974683544304,0.03358638141246837,0.20403655000263932,0.006852849390472818
2011,all,zeros_included,commune,Ouangani,18,10.61111111111111,0.04556962025316456,0.04393834828617437,0.051755464212665636,0.002274049612288736
2011,all,zeros_included,commune,Pamandzi,5,25.8,0.012658227848101266,0.029675638371290544,0.0085220453350896,0.00025289713554786257
2011,all,zeros_included,commune,Sada,12,10.833333333333334,0.030379746835443037,0.02990568207959512,0.06728531701841423,0.002012213299377467
2011,all,zeros_included,commune,Tsingoni,36,9.305555555555555,0.09113924050632911,0.07706464228203358,0.02738561080817048,0.0021104623006066507
2011,all,lit_only,commune,Acoua,12,7.333333333333333,0.030690537084398978,0.020243846330802853,0.010250669563282688,0.00020751297942693273
2011,all,lit_only,commune,Bandraboua,31,10.129032258064516,0.0792838874680307,0.07223372440763745,0.03478486137515491,0.002512640090130812
2011,all,lit_only,commune,Bandrele,39,6.948717948717949,0.09974424552429667,0.062341844950540605,0.01671796954140592,0.0010422290650381881
2011,all,lit_only,commune,Boueni,14,8.142857142857142,0.03580562659846547,0.026224982746721876,0.007529307684089659,0.00019745596411001174
2011,all,lit_only,commune,Chiconi,9,12.222222222222221,0.023017902813299233,0.025304807913503567,0.028638877555293707,0.0007247012953950559
2011,all,lit_only,commune,Chirongui,30,7.433333333333334,0.07672634271099744,0.05129974695192086,0.010271091565325907,0.0005269043982212278
2011,all,lit_only,commune,Dembeni,40,8.175,0.10230179028132992,0.07522429261559696,0.026454554475269454,0.0019900251468629197
2011,all,lit_only,commune,Dzaoudzi,9,20.11111111111111,0.023017902813299233,0.0416379112031286,0.06377788418851349,0.002655577878564744
2011,all,lit_only,commune,Kani-Keli,23,6.782608695652174,0.058823529411764705,0.035886818495514144,0.013548639790870842,0.00048621757703608265
2011,all,lit_only,commune,Koungou,32,17.0625,0.08184143222506395,0.12560386473429952,0.08900245616821811,0.01117905246557329
2011,all,lit_only,commune,M'tsangamouji,23,7.478260869565218,0.058823529411764705,0.0395675178283874,0.017826373095505943,0.0007053453352719168
2011,all,lit_only,commune,Mamoudzou,44,20.772727272727273,0.11253196930946291,0.21025994939038417,0.21605826952327334,0.04542840081533744
2011,all,lit_only,commune,Mtsamboro,14,10.428571428571429,0.03580562659846547,0.03358638141246837,0.009880535561681558,0.0003318514359340942
2011,all,lit_only,commune,Ouangani,18,10.61111111111111,0.04603580562659847,0.04393834828617437,0.051755464212665636,0.002274049612288736
2011,all,lit_only,commune,Pamandzi,5,25.8,0.01278772378516624,0.029675638371290544,0.0085220453350896,0.00025289713554786257
2011,all,lit_only,commune,Sada,12,10.833333333333334,0.030690537084398978,0.02990568207959512,0.06728531701841423,0.002012213299377467
2011,all,lit_only,commune,Tsingoni,36,9.305555555555555,0.09207161125319693,0.07706464228203358,0.02738561080817048,0.0021104623006066507
2012,all,zeros_included,commune,Acoua,12,7.416666666666667,0.030379746835443037,0.019029292281376953,0.00682399542108314,0.00012985580339456906
2012,all,zeros_included,commune,Bandraboua,31,10.774193548387096,0.07848101265822785,0.07141329912336968,0.04331312491267214,0.0030931331453565307
2012,all,zeros_included,commune,Bandrele,40,6.825,0.10126582278481013,0.058370750481077614,0.06410313965387093,0.003741748369789772
2012,all,zeros_included,commune,Boueni,14,11.285714285714286,0.035443037974683546,0.0337823391062647,0.006271740615863219,0.00021187406827162468
2012,all,zeros_included,commune,Chiconi,9,16.88888888888889,0.02278481012658228,0.03249946546931794,0.01927856487344215,0.0006265430534024389
2012,all,zeros_included,commune,Chirongui,30,8.2,0.0759493670886076,0.05259781911481719,0.010545055457426233,0.0005546469195054208
2012,all,zeros_included,commune,Dembeni,40,8.925,0.10126582278481013,0.07633098139833226,0.033301278317875216,0.0025419192558224185
2012,all,zeros_included,commune,Dzaoudzi,9,24.555555555555557,0.02278481012658228,0.047252512294205684,0.06342917856324393,0.0029971880398710514
2012,all,zeros_included,commune,Kani-Keli,23,8.26086956521739,0.05822784810126582,0.040624331836647425,0.050129718484573704,0.0020364863185950402
2012,all,zeros_included,commune,Koungou,32,17.78125,0.0810126582278481,0.12165918323711782,0.10282866522627598,0.012510051424791755
2012,all,zeros_included,commune,M'tsangamouji,23,8.0,0.05822784810126582,0.03934145819970066,0.015301397561009455,0.0006019792925434552
2012,all,zeros_included,commune,Mamoudzou,44,21.25,0.11139240506329114,0.1999144750908702,0.2153252445585485,0.04304663323973548
2012,all,zeros_included,commune,Mtsamboro,17,9.058823529411764,0.043037974683544304,0.03292709001496686,0.2113487426593612,0.006959099074094853
2012,all,zeros_included,commune,Ouangani,18,11.277777777777779,0.04556962025316456,0.0434038913833654,0.0464143572563227,0.0020145637209821486
2012,all,zeros_included,commune,Pamandzi,5,26.0,0.012658227848101266,0.027795595467179815,0.009713732717426371,0.0002699989850898927
2012,all,zeros_included,commune,Sada,12,10.833333333333334,0.030379746835443037,0.027795595467179815,0.06728531701841423,0.0018702354527247913
2012,all,zeros_included,commune,Tsingoni,36,9.777777777777779,0.09113924050632911,0.07526192003420996,0.028229153825420905,0.0021245803178422404
2012,all,lit_only,commune,Acoua,12,7.416666666666667,0.03076923076923077,0.019029292281376953,0.00682399542108314,0.00012985580339456906
2012,all,lit_only,commune,Bandraboua,31,10.774193548387096,0.07948717948717948,0.07141329912336968,0.04331312491267214,0.0030931331453565307
2012,all,lit_only,commune,Bandrele,38,7.184210526315789,0.09743589743589744,0.058370750481077614,0.012809845266320563,0.0007477202817416108
2012,all,lit_only,commune,Boueni,14,11.285714285714286,0.035897435897435895,0.0337823391062647,0.006271740615863219,0.00021187406827162468
2012,all,lit_only,commune,Chiconi,9,16.88888888888889,0.023076923076923078,0.03249946546931794,0.01927856487344215,0.0006265430534024389
2012,all,lit_only,commune,Chirongui,30,8.2,0.07692307692307693,0.05259781911481719,0.010545055457426233,0.0005546469195054208
2012,all,lit_only,commune,Dembeni,40,8.925,0.10256410256410256,0.07633098139833226,0.033301278317875216,0.0025419192558224185
2012,all,lit_only,commune,Dzaoudzi,9,24.555555555555557,0.023076923076923078,0.047252512294205684,0.06342917856324393,0.0029971880398710514
2012,all,lit_only,commune,Kani-Keli,23,8.26086956521739,0.05897435897435897,0.040624331836647425,0.050129718484573704,0.0020364863185950402
2012,all,lit_only,commune,Koungou,32,17.78125,0.08205128205128205,0.12165918323711782,0.10282866522627598,0.012510051424791755
2012,all,lit_only,commune,M'tsangamouji,23,8.0,0.05897435897435897,0.03934145819970066,0.015301397561009455,0.0006019792925434552
2012,all,lit_only,commune,Mamoudzou,44,21.25,0.11282051282051282,0.1999144750908702,0.2153252445585485,0.04304663323973548
2012,all,lit_only,commune,Mtsamboro,14,11.0,0.035897435897435895,0.03292709001496686,0.017192728218403452,0.0005661065096502313
2012,all,lit_only,commune,Ouangani,18,11.277777777777779,0.046153846153846156,0.0434038913833654,0.0464143572563227,0.0020145637209821486
2012,all,lit_only,commune,Pamandzi,5,26.0,0.01282051282051282,0.027795595467179815,0.009713732717426371,0.0002699989850898927
2012,all,lit_only,commune,Sada,12,10.833333333333334,0.03076923076923077,0.027795595467179815,0.06728531701841423,0.0018702354527247913
2012,all,lit_only,commune,Tsingoni,36,9.777777777777779,0.09230769230769231,0.07526192003420996,0.028229153825420905,0.0021245803178422404
2013,all,zeros_included,commune,Acoua,12,7.916666666666667,0.030379746835443037,0.019411524315488354,0.015228659089385754,0.0002956114862058943
2013,all,zeros_included,commune,Bandraboua,31,11.096774193548388,0.07848101265822785,0.07029015120555783,0.048893512886956536,0.003436732413795065
2013,all,zeros_included,commune,Bandrele,40,7.35,0.10126582278481013,0.060073559460563954,0.07046239520470454,0.004232926888063575
2013,all,zeros_included,commune,Boueni,14,12.928571428571429,0.035443037974683546,0.03698406211687781,0.0066769134896165205,0.0002469393832489968
2013,all,zeros_included,commune,Chiconi,9,17.333333333333332,0.02278481012658228,0.031875766244380876,0.022048361960410823,0.0007028084319215547
2013,all,zeros_included,commune,Chirongui,30,9.466666666666667,0.0759493670886076,0.058030241111565184,0.022255656074408048,0.0012915010880939692
2013,all,zeros_included,commune,Dembeni,40,10.1,0.10126582278481013,0.08255006129955048,0.054897243038036336,0.00453177077796622
2013,all,zeros_included,commune,Dzaoudzi,9,26.22222222222222,0.02278481012658228,0.04822231303637107,0.07416917818217872,0.0035766093279514053
2013,all,zeros_included,commune,Kani-Keli,23,8.73913043478261,0.05822784810126582,0.04107069881487536,0.05783794491408356,0.002375444815637678
2013,all,zeros_included,commune,Koungou,32,17.78125,0.0810126582278481,0.11626481405803024,0.10282866522627598,0.011955355642368418
2013,all,zeros_included,commune,M'tsangamouji,23,8.304347826086957,0.05822784810126582,0.03902738046587658,0.01956023456514222,0.0007633847163755954
2013,all,zeros_included,commune,Mamoudzou,44,21.454545454545453,0.11139240506329114,0.19288925214548427,0.21183007662993125,0.04085974506306807
2013,all,zeros_included,commune,Mtsamboro,17,9.705882352941176,0.043037974683544304,0.03371475275847977,0.2185240130144015,0.007367483070571362
2013,all,zeros_included,commune,Ouangani,18,11.38888888888889,0.04556962025316456,0.041888026154474865,0.046788163579005726,0.0019598638197172403
2013,all,zeros_included,commune,Pamandzi,5,27.2,0.012658227848101266,0.027789129546383327,0.01797820717030918,0.0004995987280674394
2013,all,zeros_included,commune,Sada,12,11.0,0.030379746835443037,0.026971802206783815,0.07296819224309958,0.001968083648567459
2013,all,zeros_included,commune,Tsingoni,36,9.916666666666666,0.09113924050632911,0.07294646505925623,0.02944568291785954,0.002147958480113579
2013,all,lit_only,commune,Acoua,12,7.916666666666667,0.03076923076923077,0.019411524315488354,0.015228659089385754,0.0002956114862058943
2013,all,lit_only,commune,Bandraboua,31,11.096774193548388,0.07948717948717948,0.07029015120555783,0.048893512886956536,0.003436732413795065
2013,all,lit_only,commune,Bandrele,38,7.7368421052631575,0.09743589743589744,0.060073559460563954,0.01916910081715395,0.001151556117744843
2013,all,lit_only,commune,Boueni,14,12.928571428571429,0.035897435897435895,0.03698406211687781,0.0066769134896165205,0.0002469393832489968
2013,all,lit_only,commune,Chiconi,9,17.333333333333332,0.023076923076923078,0.031875766244380876,0.022048361960410823,0.0007028084319215547
2013,all,lit_only,commune,Chirongui,30,9.466666666666667,0.07692307692307693,0.058030241111565184,0.022255656074408048,0.0012915010880939692
2013,all,lit_only,commune,Dembeni,40,10.1,0.10256410256410256,0.08255006129955048,0.054897243038036336,0.00453177077796622
2013,all,lit_only,commune,Dzaoudzi,9,26.22222222222222,0.023076923076923078,0.04822231303637107,0.07416917818217872,0.0035766093279514053
2013,all,lit_only,commune,Kani-Keli,23,8.73913043478261,0.05897435897435897,0.04107069881487536,0.05783794491408356,0.002375444815637678
2013,all,lit_only,commune,Koungou,32,17.78125,0.08205128205128205,0.11626481405803024,0.10282866522627598,0.011955355642368418
2013,all,lit_only,commune,M'tsangamouji,23,8.304347826086957,0.05897435897435897,0.03902738046587658,0.01956023456514222,0.0007633847163755954
2013,all,lit_only,commune,Mamoudzou,44,21.454545454545453,0.11282051282051282,0.19288925214548427,0.21183007662993125,0.04085974506306807
2013,all,lit_only,commune,Mtsamboro,14,11.785714285714286,0.035897435897435895,0.03371475275847977,0.024367998573444183,0.0008215610471226585
2013,all,lit_only,commune,Ouangani,18,11.38888888888889,0.046153846153846156,0.041888026154474865,0.046788163579005726,0.0019598638197172403
2013,all,lit_only,commune,Pamandzi,5,27.2,0.01282051282051282,0.027789129546383327,0.01797820717030918,0.0004995987280674394
2013,all,lit_only,commune,Sada,12,11.0,0.03076923076923077,0.026971802206783815,0.07296819224309958,0.001968083648567459
2013,all,lit_only,commune,Tsingoni,36,9.916666666666666,0.09230769230769231,0.07294646505925623,0.02944568291785954,0.002147958480113579
2014,all,zeros_included,commune,Acoua,12,9.048611164093018,0.030379746835443037,0.01877444507554406,0.020743829801575853,0.0003894538932661199
2014,all,zeros_included,commune,Bandraboua,31,11.804300985028666,0.07848101265822785,0.06327117582713943,0.06111828387300822,0.003867025685182123
2014,all,zeros_included,commune,Bandrele,40,12.0875,0.10126582278481013,0.08359887159669828,0.17052796545351434,0.014255945487594545
2014,all,zeros_included,commune,Boueni,14,15.785714490073067,0.035443037974683546,0.03821168740858037,0.020685080737724792,0.0007904118391711868
2014,all,zeros_included,commune,Chiconi,9,23.983332951863606,0.02278481012658228,0.03732123298269571,0.04884259575435035,0.0018228658956277338
2014,all,zeros_included,commune,Chirongui,30,13.383333365122477,0.0759493670886076,0.06942077978448906,0.030362414550492378,0.0021077824942350976
2014,all,zeros_included,commune,Dembeni,40,11.47291669845581,0.10126582278481013,0.07934832594943726,0.05536825018229807,0.004393377962714977
2014,all,zeros_included,commune,Dzaoudzi,9,29.09021144443088,0.02278481012658228,0.045268210261373364,0.0606068968649085,0.0027435657505700483
2014,all,zeros_included,commune,Kani-Keli,23,10.789855086285135,0.05822784810126582,0.042908900367782124,0.08603078585885715,0.0036914864189797007
2014,all,zeros_included,commune,Koungou,32,18.671497881412506,0.0810126582278481,0.10330779095139463,0.12389681177104395,0.012799505929987296
2014,all,zeros_included,commune,M'tsangamouji,23,9.710145121035369,0.05822784810126582,0.038615129325028065,0.02068500657711736,0.0007987542040644429
2014,all,zeros_included,commune,Mamoudzou,44,24.54191368276423,0.11139240506329114,0.1867089075303351,0.27161919462391415,0.050713723092500475
2014,all,zeros_included,commune,Mtsamboro,17,9.978991676779355,0.043037974683544304,0.029331854282269223,0.22610297188527673,0.006632019424126952
2014,all,zeros_included,commune,Ouangani,18,13.244444423251682,0.04556962025316456,0.04122020880405881,0.07613942191319145,0.0031384828694820824
2014,all,zeros_included,commune,Pamandzi,5,30.270130157470703,0.012658227848101266,0.02616906643484734,0.037820420363925855,0.000989725093097429
2014,all,zeros_included,commune,Sada,12,14.805555661519369,0.030379746835443037,0.030719199503581228,0.0461901678876484,0.0014189249824445825
2014,all,zeros_included,commune,Tsingoni,36,10.571759329901802,0.09113924050632911,0.06580421391474597,0.02972137731595792,0.0019557918707401737
2014,all,lit_only,commune,Acoua,12,9.048611164093018,0.03076923076923077,0.01877444507554406,0.020743829801575853,0.0003894538932661199
2014,all,lit_only,commune,Bandraboua,31,11.804300985028666,0.07948717948717948,0.06327117582713943,0.06111828387300822,0.003867025685182123
2014,all,lit_only,commune,Bandrele,38,12.723684210526315,0.09743589743589744,0.08359887159669828,0.11923467106596375,0.00996788395631806
2014,all,lit_only,commune,Boueni,14,15.785714490073067,0.035897435897435895,0.03821168740858037,0.020685080737724792,0.0007904118391711868
2014,all,lit_only,commune,Chiconi,9,23.983332951863606,0.023076923076923078,0.03732123298269571,0.04884259575435035,0.0018228658956277338
2014,all,lit_only,commune,Chirongui,30,13.383333365122477,0.07692307692307693,0.06942077978448906,0.030362414550492378,0.0021077824942350976
2014,all,lit_only,commune,Dembeni,40,11.47291669845581,0.10256410256410256,0.07934832594943726,0.05536825018229807,0.004393377962714977
2014,all,lit_only,commune,Dzaoudzi,9,29.09021144443088,0.023076923076923078,0.045268210261373364,0.0606068968649085,0.0027435657505700483
2014,all,lit_only,commune,Kani-Keli,23,10.789855086285135,0.05897435897435897,0.042908900367782124,0.08603078585885715,0.0036914864189797007
2014,all,lit_only,commune,Koungou,32,18.671497881412506,0.08205128205128205,0.10330779095139463,0.12389681177104395,0.012799505929987296
2014,all,lit_only,commune,M'tsangamouji,23,9.710145121035369,0.05897435897435897,0.038615129325028065,0.02068500657711736,0.0007987542040644429
2014,all,lit_only,commune,Mamoudzou,44,24.54191368276423,0.11282051282051282,0.1867089075303351,0.27161919462391415,0.050713723092500475
2014,all,lit_only,commune,Mtsamboro,14,12.117347036089216,0.035897435897435895,0.029331854282269223,0.03194695744431941,0.000937063500518633
2014,all,lit_only,commune,Ouangani,18,13.244444423251682,0.046153846153846156,0.04122020880405881,0.07613942191319145,0.0031384828694820824
2014,all,lit_only,commune,Pamandzi,5,30.270130157470703,0.01282051282051282,0.02616906643484734,0.037820420363925855,0.000989725093097429
2014,all,lit_only,commune,Sada,12,14.805555661519369,0.03076923076923077,0.030719199503581228,0.0461901678876484,0.0014189249824445825
2014,all,lit_only,commune,Tsingoni,36,10.571759329901802,0.09230769230769231,0.06580421391474597,0.02972137731595792,0.0019557918707401737
2015,all,zeros_included,commune,Acoua,12,9.56944457689921,0.030379746835443037,0.018755799378167202,0.027432039051840995,0.0005145098209903778
2015,all,zeros_included,commune,Bandraboua,31,12.069892360318091,0.07848101265822785,0.06111287173825149,0.0646750646580041,0.003952478931107726
2015,all,zeros_included,commune,Bandrele,40,13.500000023841858,0.10126582278481013,0.08819853302098189,0.22889348584082692,0.020188069669219825
2015,all,zeros_included,commune,Boueni,14,18.09523848124913,0.035443037974683546,0.04137709037498822,0.040424108042950824,0.0016726319718214644
2015,all,zeros_included,commune,Chiconi,9,24.405555301242405,0.02278481012658228,0.035875569522175264,0.05298664718624302,0.0019009261448770338
2015,all,zeros_included,commune,Chirongui,30,13.46666669845581,0.0759493670886076,0.0659855691882604,0.02906800488590955,0.0019180688475638758
2015,all,zeros_included,commune,Dembeni,40,12.326250147819518,0.10126582278481013,0.08053016139017438,0.0583793960775183,0.004701302187983461
2015,all,zeros_included,commune,Dzaoudzi,9,29.63783073425293,0.02278481012658228,0.04356688646781276,0.056854520310460455,0.002476974431547785
2015,all,zeros_included,commune,Kani-Keli,23,12.340579737787662,0.05822784810126582,0.046358673396887776,0.121854322683709,0.005649004747293039
2015,all,zeros_included,commune,Koungou,32,19.68575170636177,0.0810126582278481,0.10288915074667043,0.14018504449604974,0.014423520175582764
2015,all,zeros_included,commune,M'tsangamouji,23,10.452898771866508,0.05822784810126582,0.03926740319434633,0.02508275772789581,0.000984934760927391
2015,all,zeros_included,commune,Mamoudzou,44,26.098834991455078,0.11139240506329114,0.1875605075045569,0.28357553474068586,0.05318757121183915
2015,all,zeros_included,commune,Mtsamboro,17,10.126050444210277,0.043037974683544304,0.028116199035694532,0.2250845387478626,0.006328521691292403
2015,all,zeros_included,commune,Ouangani,18,13.577777809566921,0.04556962025316456,0.03991800274579038,0.07589132532759013,0.003029430132808414
2015,all,zeros_included,commune,Pamandzi,5,32.15064964294434,0.012658227848101266,0.026255927121956714,0.034928056572731236,0.0009170685078852126
2015,all,zeros_included,commune,Sada,12,15.217063506444296,0.030379746835443037,0.029824948350782927,0.04774811263014955,0.0014240849930415764
2015,all,zeros_included,commune,Tsingoni,36,10.953703774346245,0.09113924050632911,0.06440670682250242,0.03178436719932343,0.002047126419745586
2015,all,lit_only,commune,Acoua,12,9.56944457689921,0.030927835051546393,0.018755799378167202,0.027432039051840995,0.0005145098209903778
2015,all,lit_only,commune,Bandraboua,31,12.069892360318091,0.07989690721649484,0.06111287173825149,0.0646750646580041,0.003952478931107726
2015,all,lit_only,commune,Bandrele,37,14.594594620369577,0.09536082474226804,0.08819853302098189,0.150931944371115,0.01331197607953679
2015,all,lit_only,commune,Boueni,14,18.09523848124913,0.03608247422680412,0.04137709037498822,0.040424108042950824,0.0016726319718214644
2015,all,lit_only,commune,Chiconi,9,24.405555301242405,0.023195876288659795,0.035875569522175264,0.05298664718624302,0.0019009261448770338
2015,all,lit_only,commune,Chirongui,30,13.46666669845581,0.07731958762886598,0.0659855691882604,0.02906800488590955,0.0019180688475638758
2015,all,lit_only,commune,Dembeni,40,12.326250147819518,0.10309278350515463,0.08053016139017438,0.0583793960775183,0.004701302187983461
2015,all,lit_only,commune,Dzaoudzi,9,29.63783073425293,0.023195876288659795,0.04356688646781276,0.056854520310460455,0.002476974431547785
2015,all,lit_only,commune,Kani-Keli,22,12.901515180414373,0.05670103092783505,0.046358673396887776,0.07740256011287494,0.0035882800043557424
2015,all,lit_only,commune,Koungou,32,19.68575170636177,0.08247422680412371,0.10288915074667043,0.14018504449604974,0.014423520175582764
2015,all,lit_only,commune,M'tsangamouji,23,10.452898771866508,0.059278350515463915,0.03926740319434633,0.02508275772789581,0.000984934760927391
2015,all,lit_only,commune,Mamoudzou,44,26.098834991455078,0.1134020618556701,0.1875605075045569,0.28357553474068586,0.05318757121183915
2015,all,lit_only,commune,Mtsamboro,14,12.295918396541051,0.03608247422680412,0.028116199035694532,0.030928524306905292,0.0008695925452932655
2015,all,lit_only,commune,Ouangani,18,13.577777809566921,0.04639175257731959,0.03991800274579038,0.07589132532759013,0.003029430132808414
2015,all,lit_only,commune,Pamandzi,5,32.15064964294434,0.01288659793814433,0.026255927121956714,0.034928056572731236,0.0009170685078852126
2015,all,lit_only,commune,Sada,12,15.217063506444296,0.030927835051546393,0.029824948350782927,0.04774811263014955,0.0014240849930415764
2015,all,lit_only,commune,Tsingoni,36,10.953703774346245,0.09278350515463918,0.06440670682250242,0.03178436719932343,0.002047126419745586
2016,all,zeros_included,commune,Acoua,12,9.923611323038736,0.030379746835443037,0.01864258396291656,0.03294896468127817,0.0006142538405619005
2016,all,zeros_included,commune,Bandraboua,31,12.145161198031518,0.07848101265822785,0.058941351928388654,0.06655262900700087,0.003922701928061126
2016,all,zeros_included,commune,Bandrele,40,14.391666746139526,0.10126582278481013,0.09012104127131548,0.2122029724213137,0.019123952835477034
2016,all,zeros_included,commune,Boueni,14,18.09523848124913,0.035443037974683546,0.03965952081590109,0.040424108042950824,0.001603200754393643
2016,all,zeros_included,commune,Chiconi,9,24.405555301242405,0.02278481012658228,0.034386368962934157,0.05298664718624302,0.0018220184002549695
2016,all,zeros_included,commune,Chirongui,30,14.34166669845581,0.0759493670886076,0.06735595462445419,0.02987101169278006,0.002011990508165434
2016,all,zeros_included,commune,Dembeni,40,12.801250123977661,0.10126582278481013,0.0801618055154651,0.07256175825647126,0.005816681553215444
2016,all,zeros_included,commune,Dzaoudzi,9,29.943386289808487,0.02278481012658228,0.04218893265291132,0.04934328381001185,0.0020817404775340794
2016,all,zeros_included,commune,Kani-Keli,23,13.355072519053584,0.05822784810126582,0.04808716816254009,0.12426166539078265,0.005975391599803853
2016,all,zeros_included,commune,Koungou,32,21.066279113292694,0.0810126582278481,0.1055341284864794,0.14524161404803815,0.01532794715852931
2016,all,zeros_included,commune,M'tsangamouji,23,10.452898771866508,0.05822784810126582,0.03763740708346031,0.02508275772789581,0.0009440499633806247
2016,all,zeros_included,commune,Mamoudzou,44,28.24919581413269,0.11139240506329114,0.19458702632777508,0.2317910244477943,0.045103526176764906
2016,all,zeros_included,commune,Mtsamboro,17,10.77479009067311,0.043037974683544304,0.02867562255445564,0.23412360365234797,0.006713640089423702
2016,all,zeros_included,commune,Ouangani,18,13.577777809566921,0.04556962025316456,0.038261000144728545,0.07589132532759013,0.002903678009342567
2016,all,zeros_included,commune,Pamandzi,5,32.15064964294434,0.012658227848101266,0.02516603943866173,0.034928056572731236,0.0008790008492251623
2016,all,zeros_included,commune,Sada,12,15.217063506444296,0.030379746835443037,0.02858691003237047,0.04774811263014955,0.0013649709999735775
2016,all,zeros_included,commune,Tsingoni,36,11.002314885457357,0.09113924050632911,0.0620071380352423,0.03016706338972508,0.0018705732637245875
2016,all,lit_only,commune,Acoua,12,9.923611323038736,0.030927835051546393,0.01864258396291656,0.03294896468127817,0.0006142538405619005
2016,all,lit_only,commune,Bandraboua,31,12.145161198031518,0.07989690721649484,0.05894135192838864,0.06655262900700087,0.003922701928061124
2016,all,lit_only,commune,Bandrele,37,15.558558644475164,0.09536082474226804,0.09012104127131547,0.13424143095160135,0.012097977539109711
2016,all,lit_only,commune,Boueni,14,18.09523848124913,0.03608247422680412,0.039659520815901086,0.040424108042950824,0.0016032007543936428
2016,all,lit_only,commune,Chiconi,9,24.405555301242405,0.023195876288659795,0.03438636896293415,0.05298664718624302,0.001822018400254969
2016,all,lit_only,commune,Chirongui,30,14.34166669845581,0.07731958762886598,0.06735595462445418,0.02987101169278006,0.0020119905081654337
2016,all,lit_only,commune,Dembeni,40,12.801250123977661,0.10309278350515463,0.08016180551546509,0.07256175825647126,0.005816681553215443
2016,all,lit_only,commune,Dzaoudzi,9,29.943386289808487,0.023195876288659795,0.042188932652911314,0.04934328381001185,0.002081740477534079
2016,all,lit_only,commune,Kani-Keli,22,13.962121269919656,0.05670103092783505,0.048087168162540085,0.0798099028199486,0.0038378322179388503
2016,all,lit_only,commune,Koungou,32,21.066279113292694,0.08247422680412371,0.10553412848647939,0.14524161404803815,0.015327947158529307
2016,all,lit_only,commune,M'tsangamouji,23,10.452898771866508,0.059278350515463915,0.03763740708346031,0.02508275772789581,0.0009440499633806247
2016,all,lit_only,commune,Mamoudzou,44,28.24919581413269,0.1134020618556701,0.19458702632777505,0.2317910244477943,0.045103526176764906
2016,all,lit_only,commune,Mtsamboro,14,13.083673681531634,0.03608247422680412,0.028675622554455635,0.03996758921139021,0.0011460955026373588
2016,all,lit_only,commune,Ouangani,18,13.577777809566921,0.04639175257731959,0.038261000144728545,0.07589132532759013,0.002903678009342567
2016,all,lit_only,commune,Pamandzi,5,32.15064964294434,0.01288659793814433,0.025166039438661726,0.034928056572731236,0.0008790008492251622
2016,all,lit_only,commune,Sada,12,15.217063506444296,0.030927835051546393,0.028586910032370468,0.04774811263014955,0.0013649709999735773
2016,all,lit_only,commune,Tsingoni,36,11.002314885457357,0.09278350515463918,0.06200713803524229,0.03016706338972508,0.0018705732637245872
2017,all,zeros_included,commune,Acoua,12,11.909722487131754,0.030379746835443037,0.019208304324215775,0.043546878183920334,0.0008364616885262945
2017,all,zeros_included,commune,Bandraboua,31,13.64946226919851,0.07848101265822785,0.056870019346031836,0.05167014029388595,0.0029384818781254727
2017,all,zeros_included,commune,Bandrele,40,16.500000166893006,0.10126582278481013,0.08870540431644168,0.2014864931760214,0.017872940841480948
2017,all,zeros_included,commune,Boueni,14,20.529762404305593,0.035443037974683546,0.038629412100670626,0.02561366878511384,0.0009894409669102462
2017,all,zeros_included,commune,Chiconi,9,27.825926038953995,0.02278481012658228,0.033658772656343636,0.05936094379387713,0.001998016511824103
2017,all,zeros_included,commune,Chirongui,30,16.577777989705403,0.0759493670886076,0.06684265838049679,0.03350572910327765,0.002239612004239857
2017,all,zeros_included,commune,Dembeni,40,15.49125018119812,0.10126582278481013,0.0832822785934,0.060370741989467014,0.005027812953257063
2017,all,zeros_included,commune,Dzaoudzi,9,33.68359820048014,0.02278481012658228,0.04074432500432987,0.07117626505713703,0.0029000288760823185
2017,all,zeros_included,commune,Kani-Keli,23,17.463768171227496,0.05822784810126582,0.05398485427198643,0.11439650727242956,0.006175678774326346
2017,all,zeros_included,commune,Koungou,32,23.956470012664795,0.0810126582278481,0.10303361633811656,0.11421867204942693,0.011768362834589811
2017,all,zeros_included,commune,M'tsangamouji,23,11.532608985900879,0.05822784810126582,0.0356501649229062,0.034612583942707165,0.0012339443259654454
2017,all,zeros_included,commune,Mamoudzou,44,32.94927867976102,0.11139240506329114,0.1948519371773466,0.22823951646985563,0.04447291192457228
2017,all,zeros_included,commune,Mtsamboro,17,11.66722718407126,0.043037974683544304,0.026657702424988765,0.22669805272029686,0.006043249229742089
2017,all,zeros_included,commune,Ouangani,18,16.380555894639755,0.04556962025316456,0.03962846778722589,0.08035149496023886,0.003184206629687269
2017,all,zeros_included,commune,Pamandzi,5,41.38424186706543,0.012658227848101266,0.02781065053042597,0.04907697015145995,0.0013648624659743991
2017,all,zeros_included,commune,Sada,12,19.4777778784434,0.030379746835443037,0.03141425717121999,0.03151456539475772,0.000990006661950149
2017,all,zeros_included,commune,Tsingoni,36,12.19953719774882,0.09113924050632911,0.059027174653853244,0.03832467002424078,0.0022621969910721546
2017,all,lit_only,commune,Acoua,12,11.909722487131754,0.03076923076923077,0.019208304324215778,0.043546878183920334,0.0008364616885262947
2017,all,lit_only,commune,Bandraboua,31,13.64946226919851,0.07948717948717948,0.05687001934603184,0.05167014029388595,0.002938481878125473
2017,all,lit_only,commune,Bandrele,38,17.368421228308428,0.09743589743589744,0.0887054043164417,0.15019319878847082,0.013322948424111004
2017,all,lit_only,commune,Boueni,14,20.529762404305593,0.035897435897435895,0.03862941210067063,0.02561366878511384,0.0009894409669102464
2017,all,lit_only,commune,Chiconi,9,27.825926038953995,0.023076923076923078,0.03365877265634364,0.05936094379387713,0.0019980165118241035
2017,all,lit_only,commune,Chirongui,30,16.577777989705403,0.07692307692307693,0.0668426583804968,0.03350572910327765,0.0022396120042398574
2017,all,lit_only,commune,Dembeni,40,15.49125018119812,0.10256410256410256,0.08328227859340001,0.060370741989467014,0.005027812953257064
2017,all,lit_only,commune,Dzaoudzi,9,33.68359820048014,0.023076923076923078,0.040744325004329875,0.07117626505713703,0.0029000288760823193
2017,all,lit_only,commune,Kani-Keli,23,17.463768171227496,0.05897435897435897,0.05398485427198644,0.11439650727242956,0.0061756787743263465
2017,all,lit_only,commune,Koungou,32,23.956470012664795,0.08205128205128205,0.10303361633811657,0.11421867204942693,0.011768362834589813
2017,all,lit_only,commune,M'tsangamouji,23,11.532608985900879,0.05897435897435897,0.0356501649229062,0.034612583942707165,0.0012339443259654454
2017,all,lit_only,commune,Mamoudzou,44,32.94927867976102,0.11282051282051282,0.19485193717734664,0.22823951646985563,0.044472911924572284
2017,all,lit_only,commune,Mtsamboro,14,14.167347294943673,0.035897435897435895,0.02665770242498877,0.03254203827933955,0.0008674959727532272
2017,all,lit_only,commune,Ouangani,18,16.380555894639755,0.046153846153846156,0.039628467787225896,0.08035149496023886,0.0031842066296872695
2017,all,lit_only,commune,Pamandzi,5,41.38424186706543,0.01282051282051282,0.027810650530425973,0.04907697015145995,0.0013648624659743994
2017,all,lit_only,commune,Sada,12,19.4777778784434,0.03076923076923077,0.03141425717122,0.03151456539475772,0.0009900066619501493
2017,all,lit_only,commune,Tsingoni,36,12.19953719774882,0.09230769230769231,0.05902717465385325,0.03832467002424078,0.002262196991072155
2018,all,zeros_included,commune,Acoua,12,12.847222566604614,0.030379746835443037,0.019797717858148017,0.04019964132175913,0.0007958611568869357
2018,all,zeros_included,commune,Bandraboua,31,13.794623621048466,0.07848101265822785,0.05491565728690305,0.05398618930193866,0.0029646870699311352
2018,all,zeros_included,commune,Bandrele,40,18.820833706855773,0.10126582278481013,0.09667707128958833,0.20259415815400583,0.019586209870708953
2018,all,zeros_included,commune,Boueni,14,22.31547682625907,0.035443037974683546,0.040119807770398565,0.027047455155302824,0.0010851387015092249
2018,all,zeros_included,commune,Chiconi,9,28.177778032090927,0.02278481012658228,0.03256671022413988,0.06076011678849502,0.001978757116635814
2018,all,zeros_included,commune,Chirongui,30,17.727778085072835,0.0759493670886076,0.06829677522915543,0.02371375889691496,0.001619573261220986
2018,all,zeros_included,commune,Dembeni,40,15.73500018119812,0.10126582278481013,0.08082605467712362,0.06347914574923053,0.005130768905184406
2018,all,zeros_included,commune,Dzaoudzi,9,34.537302017211914,0.02278481012658228,0.03991678497279578,0.05783085591527737,0.0023084218403628615
2018,all,zeros_included,commune,Kani-Keli,23,19.144927812659223,0.05822784810126582,0.05654656209118698,0.10148859081833672,0.005738830902256147
2018,all,zeros_included,commune,Koungou,32,24.34173795580864,0.0810126582278481,0.10002906236014271,0.10396962767109086,0.010399984369872366
2018,all,zeros_included,commune,M'tsangamouji,23,11.532608985900879,0.05822784810126582,0.03406277612932114,0.034612583942707165,0.0011790006980977698
2018,all,zeros_included,commune,Mamoudzou,44,33.30082097920504,0.11139240506329114,0.18816214432091125,0.22503708560550972,0.04234346057926118
2018,all,zeros_included,commune,Mtsamboro,17,12.16610689724193,0.043037974683544304,0.02655982359283113,0.21700245715461142,0.005763546981237375
2018,all,zeros_included,commune,Ouangani,18,17.958333757188583,0.04556962025316456,0.041510998554441486,0.09839950413377041,0.004084661673854703
2018,all,zeros_included,commune,Pamandzi,5,43.57662239074707,0.012658227848101266,0.02798003196249967,0.032134698939481954,0.0008991299034320092
2018,all,zeros_included,commune,Sada,12,21.86904780069987,0.030379746835443037,0.03370045439315795,0.025116299216897175,0.000846430696283952
2018,all,zeros_included,commune,Tsingoni,36,12.617592811584473,0.09113924050632911,0.05833156728725499,0.038815372553796745,0.0022641615159016653
2018,all,lit_only,commune,Acoua,12,12.847222566604614,0.03076923076923077,0.019797717858148014,0.04019964132175913,0.0007958611568869355
2018,all,lit_only,commune,Bandraboua,31,13.794623621048466,0.07948717948717948,0.05491565728690304,0.05398618930193866,0.002964687069931135
2018,all,lit_only,commune,Bandrele,38,19.811403901953447,0.09743589743589744,0.09667707128958831,0.15130086376645524,0.014627324392525882
2018,all,lit_only,commune,Boueni,14,22.31547682625907,0.035897435897435895,0.04011980777039856,0.027047455155302824,0.0010851387015092249
2018,all,lit_only,commune,Chiconi,9,28.177778032090927,0.023076923076923078,0.03256671022413988,0.06076011678849502,0.001978757116635814
2018,all,lit_only,commune,Chirongui,30,17.727778085072835,0.07692307692307693,0.06829677522915543,0.02371375889691496,0.001619573261220986
2018,all,lit_only,commune,Dembeni,40,15.73500018119812,0.10256410256410256,0.08082605467712362,0.06347914574923053,0.005130768905184406
2018,all,lit_only,commune,Dzaoudzi,9,34.537302017211914,0.023076923076923078,0.03991678497279577,0.05783085591527737,0.002308421840362861
2018,all,lit_only,commune,Kani-Keli,23,19.144927812659223,0.05897435897435897,0.056546562091186976,0.10148859081833672,0.005738830902256146
2018,all,lit_only,commune,Koungou,32,24.34173795580864,0.08205128205128205,0.1000290623601427,0.10396962767109086,0.010399984369872365
2018,all,lit_only,commune,M'tsangamouji,23,11.532608985900879,0.05897435897435897,0.03406277612932114,0.034612583942707165,0.0011790006980977698
2018,all,lit_only,commune,Mamoudzou,44,33.30082097920504,0.11282051282051282,0.18816214432091125,0.22503708560550972,0.04234346057926118
2018,all,lit_only,commune,Mtsamboro,14,14.77312980379377,0.035897435897435895,0.026559823592831128,0.022846442713654103,0.000606797488198375
2018,all,lit_only,commune,Ouangani,18,17.958333757188583,0.046153846153846156,0.041510998554441486,0.09839950413377041,0.004084661673854703
2018,all,lit_only,commune,Pamandzi,5,43.57662239074707,0.01282051282051282,0.027980031962499666,0.032134698939481954,0.0008991299034320091
2018,all,lit_only,commune,Sada,12,21.86904780069987,0.03076923076923077,0.03370045439315795,0.025116299216897175,0.000846430696283952
2018,all,lit_only,commune,Tsingoni,36,12.617592811584473,0.09230769230769231,0.058331567287254985,0.038815372553796745,0.0022641615159016653
2019,all,zeros_included,commune,Acoua,12,12.847222566604614,0.030379746835443037,0.0194109032929153,0.04019964132175913,0.0007803113501065482
2019,all,zeros_included,commune,Bandraboua,31,13.794623621048466,0.07848101265822785,0.053842696441107396,0.05398618930193866,0.002906762002596443
2019,all,zeros_included,commune,Bandrele,40,19.454167103767396,0.10126582278481013,0.0979778454935065,0.19810981107748837,0.019410372460497916
2019,all,zeros_included,commune,Boueni,14,22.672619683401926,0.035443037974683546,0.03996547607248218,0.032402631222534506,0.0012949865828096668
2019,all,zeros_included,commune,Chiconi,9,29.346297158135307,0.02278481012658228,0.0332545497590147,0.06319443641983469,0.0021015025304162833
2019,all,zeros_included,commune,Chirongui,30,17.727778085072835,0.0759493670886076,0.066962369536219,0.02371375889691496,0.0015879294863480205
2019,all,zeros_included,commune,Dembeni,40,16.964167046546937,0.10126582278481013,0.08543735277624576,0.061228687752629796,0.00523121699554803
2019,all,zeros_included,commune,Dzaoudzi,9,35.37433942159017,0.02278481012658228,0.04008538876808308,0.06009840698261737,0.002409068008240696
2019,all,zeros_included,commune,Kani-Keli,23,19.144927812659223,0.05822784810126582,0.0554417360709644,0.10148859081833672,0.005626703666364325
2019,all,zeros_included,commune,Koungou,32,24.34173795580864,0.0810126582278481,0.09807466041620601,0.10396962767109086,0.010196785927441611
2019,all,zeros_included,commune,M'tsangamouji,23,11.728261201278023,0.05822784810126582,0.033963834622694804,0.03365779622726217,0.0011431478248270935
2019,all,zeros_included,commune,Mamoudzou,44,33.30082097920504,0.11139240506329114,0.18448576815623155,0.22503708560550972,0.0415161396015721
2019,all,zeros_included,commune,Mtsamboro,17,12.16610689724193,0.043037974683544304,0.026040888698954445,0.21700245715461142,0.005650936834162867
2019,all,zeros_included,commune,Ouangani,18,19.063889662424724,0.04556962025316456,0.04320552361092164,0.1008796749334473,0.004358559177199157
2019,all,zeros_included,commune,Pamandzi,5,44.08571357727051,0.012658227848101266,0.02775384324027623,0.03432643695861115,0.0009526905503465182
2019,all,zeros_included,commune,Sada,12,21.86904780069987,0.030379746835443037,0.033042003418776104,0.025116299216897175,0.0008298928445917201
2019,all,zeros_included,commune,Tsingoni,36,13.469907654656303,0.09113924050632911,0.06105515962540104,0.04611507282806793,0.0028155631326546816
2019,all,lit_only,commune,Acoua,12,12.847222566604614,0.03076923076923077,0.019410903292915296,0.04019964132175913,0.000780311350106548
2019,all,lit_only,commune,Bandraboua,31,13.794623621048466,0.07948717948717948,0.05384269644110739,0.05398618930193866,0.0029067620025964424
2019,all,lit_only,commune,Bandrele,38,20.478070635544626,0.09743589743589744,0.09797784549350648,0.14681651668993778,0.01438476598814154
2019,all,lit_only,commune,Boueni,14,22.672619683401926,0.035897435897435895,0.03996547607248217,0.032402631222534506,0.0012949865828096666
2019,all,lit_only,commune,Chiconi,9,29.346297158135307,0.023076923076923078,0.03325454975901469,0.06319443641983469,0.002101502530416283
2019,all,lit_only,commune,Chirongui,30,17.727778085072835,0.07692307692307693,0.06696236953621898,0.02371375889691496,0.00158792948634802
2019,all,lit_only,commune,Dembeni,40,16.964167046546937,0.10256410256410256,0.08543735277624574,0.061228687752629796,0.005231216995548029
2019,all,lit_only,commune,Dzaoudzi,9,35.37433942159017,0.023076923076923078,0.040085388768083076,0.06009840698261737,0.0024090680082406958
2019,all,lit_only,commune,Kani-Keli,23,19.144927812659223,0.05897435897435897,0.05544173607096439,0.10148859081833672,0.005626703666364324
2019,all,lit_only,commune,Koungou,32,24.34173795580864,0.08205128205128205,0.098074660416206,0.10396962767109086,0.01019678592744161
2019,all,lit_only,commune,M'tsangamouji,23,11.728261201278023,0.05897435897435897,0.033963834622694804,0.03365779622726217,0.0011431478248270935
2019,all,lit_only,commune,Mamoudzou,44,33.30082097920504,0.11282051282051282,0.18448576815623155,0.22503708560550972,0.0415161396015721
2019,all,lit_only,commune,Mtsamboro,14,14.77312980379377,0.035897435897435895,0.02604088869895444,0.022846442713654103,0.0005949416718733051
2019,all,lit_only,commune,Ouangani,18,19.063889662424724,0.046153846153846156,0.043205523610921635,0.1008796749334473,0.004358559177199157
2019,all,lit_only,commune,Pamandzi,5,44.08571357727051,0.01282051282051282,0.027753843240276226,0.03432643695861115,0.0009526905503465181
2019,all,lit_only,commune,Sada,12,21.86904780069987,0.03076923076923077,0.033042003418776104,0.025116299216897175,0.0008298928445917201
2019,all,lit_only,commune,Tsingoni,36,13.469907654656303,0.09230769230769231,0.061055159625401034,0.04611507282806793,0.002815563132654681
2020,all,zeros_included,commune,Acoua,12,13.416667064030966,0.030379746835443037,0.018200037253346336,0.03322179860958796,0.0006046379723176704
2020,all,zeros_included,commune,Bandraboua,31,14.237634458849508,0.07848101265822785,0.04989372401339397,0.05659372785368033,0.0028236718384206535
2020,all,zeros_included,commune,Bandrele,40,21.07500057220459,0.10126582278481013,0.09529584699832762,0.18478640148523784,0.017609376643308763
2020,all,zeros_included,commune,Boueni,14,25.94047682625907,0.035443037974683546,0.041053707010841135,0.029222241463160437,0.001199681339228642
2020,all,zeros_included,commune,Chiconi,9,39.385186513264976,0.02278481012658228,0.040070227111012505,0.05677917561655388,0.002275154462131377
2020,all,zeros_included,commune,Chirongui,30,19.311111418406167,0.0759493670886076,0.06548998822530946,0.030209128359219406,0.0019783954605421413
2020,all,zeros_included,commune,Dembeni,40,19.73625068664551,0.10126582278481013,0.08924235704343167,0.058090670206686124,0.005184148331477322
2020,all,zeros_included,commune,Dzaoudzi,9,46.29947259691026,0.02278481012658228,0.0471047758388411,0.04730052412743779,0.0022280805860826524
2020,all,zeros_included,commune,Kani-Keli,23,20.391304721002992,0.05822784810126582,0.05301749922499669,0.09994132233388076,0.005298638979381667
2020,all,zeros_included,commune,Koungou,32,27.02216336131096,0.0810126582278481,0.09774993595547714,0.12516896082500262,0.012235257904257633
2020,all,zeros_included,commune,M'tsangamouji,23,13.304348365120266,0.05822784810126582,0.03459137552931212,0.026894455452224797,0.0009303162082042639
2020,all,zeros_included,commune,Mamoudzou,44,34.399901303378016,0.11139240506329114,0.17110246294638654,0.20883784645770165,0.03573266988533206
2020,all,zeros_included,commune,Mtsamboro,17,12.166107009438907,0.043037974683544304,0.023380131069034853,0.21700245595191792,0.005073545862458303
2020,all,zeros_included,commune,Ouangani,18,23.483334223429363,0.04556962025316456,0.04778357646419692,0.10098847528326438,0.004825590530700524
2020,all,zeros_included,commune,Pamandzi,5,48.039998626708986,0.012658227848101266,0.027153097477068282,0.019642782182207608,0.0005333623793143032
2020,all,zeros_included,commune,Sada,12,23.605159123738606,0.030379746835443037,0.03202097610180508,0.033554239059553126,0.0010744394870402052
2020,all,zeros_included,commune,Tsingoni,36,16.426852332221138,0.09113924050632911,0.0668502817372186,0.05466683192743682,0.0036544931160303286
2020,all,lit_only,commune,Acoua,12,13.416667064030966,0.030690537084398978,0.018200037253346336,0.03322179860958796,0.0006046379723176704
2020,all,lit_only,commune,Bandraboua,31,14.237634458849508,0.0792838874680307,0.04989372401339397,0.05659372785368033,0.0028236718384206535
2020,all,lit_only,commune,Bandrele,39,21.615385202261116,0.09974424552429667,0.09529584699832762,0.15946859350094833,0.015196694687304875
2020,all,lit_only,commune,Boueni,14,25.94047682625907,0.03580562659846547,0.041053707010841135,0.029222241463160437,0.001199681339228642
2020,all,lit_only,commune,Chiconi,9,39.385186513264976,0.023017902813299233,0.040070227111012505,0.05677917561655388,0.002275154462131377
2020,all,lit_only,commune,Chirongui,30,19.311111418406167,0.07672634271099744,0.06548998822530946,0.030209128359219406,0.0019783954605421413
2020,all,lit_only,commune,Dembeni,40,19.73625068664551,0.10230179028132992,0.08924235704343167,0.058090670206686124,0.005184148331477322
2020,all,lit_only,commune,Dzaoudzi,9,46.29947259691026,0.023017902813299233,0.0471047758388411,0.04730052412743779,0.0022280805860826524
2020,all,lit_only,commune,Kani-Keli,23,20.391304721002992,0.058823529411764705,0.05301749922499669,0.09994132233388076,0.005298638979381667
2020,all,lit_only,commune,Koungou,32,27.02216336131096,0.08184143222506395,0.09774993595547714,0.12516896082500262,0.012235257904257633
2020,all,lit_only,commune,M'tsangamouji,23,13.304348365120266,0.058823529411764705,0.03459137552931212,0.026894455452224797,0.0009303162082042639
2020,all,lit_only,commune,Mamoudzou,44,34.399901303378016,0.11253196930946291,0.17110246294638654,0.20883784645770165,0.03573266988533206
2020,all,lit_only,commune,Mtsamboro,14,14.773129940032959,0.03580562659846547,0.023380131069034853,0.022846441510960158,0.0005341527969872871
2020,all,lit_only,commune,Ouangani,18,23.483334223429363,0.04603580562659847,0.04778357646419692,0.10098847528326438,0.004825590530700524
2020,all,lit_only,commune,Pamandzi,5,48.039998626708986,0.01278772378516624,0.027153097477068282,0.019642782182207608,0.0005333623793143032
2020,all,lit_only,commune,Sada,12,23.605159123738606,0.030690537084398978,0.03202097610180508,0.033554239059553126,0.0010744394870402052
2020,all,lit_only,commune,Tsingoni,36,16.426852332221138,0.09207161125319693,0.0668502817372186,0.05466683192743682,0.0036544931160303286
2021,all,zeros_included,commune,Acoua,12,13.770833969116211,0.030379746835443037,0.01779059416285782,0.038001303195385194,0.00067606576280881
2021,all,zeros_included,commune,Bandraboua,31,14.796774325832244,0.07848101265822785,0.0493830271630617,0.06507622031349891,0.003213660755410904
2021,all,zeros_included,commune,Bandrele,40,21.727083730697633,0.10126582278481013,0.09356434763069031,0.18335008140000708,0.017155030754225628
2021,all,zeros_included,commune,Boueni,14,26.48214340209961,0.035443037974683546,0.03991444851490423,0.027554492148102128,0.001099822358199755
2021,all,zeros_included,commune,Chiconi,9,42.98518753051758,0.02278481012658228,0.041649548681192944,0.04926740909986993,0.0020519653537012807
2021,all,zeros_included,commune,Chirongui,30,19.777778244018556,0.0759493670886076,0.06387747230331951,0.03396665304560287,0.002169703939156961
2021,all,zeros_included,commune,Dembeni,40,20.891667580604555,0.10126582278481013,0.08996675634543355,0.0632153560967077,0.005687280539242319
2021,all,zeros_included,commune,Dzaoudzi,9,51.95952436659071,0.02278481012658228,0.05034503427538945,0.03499115323320412,0.0017616308088610657
2021,all,zeros_included,commune,Kani-Keli,23,21.03260915175728,0.05822784810126582,0.052079877250077455,0.09821275577568489,0.0051149082651895045
2021,all,zeros_included,commune,Koungou,32,27.471026867628098,0.0810126582278481,0.09463980493556129,0.1312964630986655,0.012425871656386823
2021,all,zeros_included,commune,M'tsangamouji,23,13.721015017965566,0.05822784810126582,0.03397527965865385,0.026768834984390644,0.000909478654731029
2021,all,zeros_included,commune,Mamoudzou,44,34.943137407302856,0.11139240506329114,0.16552497729693122,0.19679418292599626,0.03257435266099366
2021,all,zeros_included,commune,Mtsamboro,17,13.61568692151238,0.043037974683544304,0.024919392039066915,0.21668740822608523,0.005399718475515151
2021,all,zeros_included,commune,Ouangani,18,25.533334573109943,0.04556962025316456,0.04947992191686617,0.10024766442048794,0.004960246607873946
2021,all,zeros_included,commune,Pamandzi,5,52.65290069580078,0.012658227848101266,0.028342703314030642,0.013149210054550053,0.00037268415938998084
2021,all,zeros_included,commune,Sada,12,24.57738145192464,0.030379746835443037,0.03175161504216453,0.03975545586943641,0.0012622999305921053
2021,all,zeros_included,commune,Tsingoni,36,18.782408210966324,0.09113924050632911,0.07279519946979844,0.06626598144042006,0.00482384533701734
2021,all,lit_only,commune,Acoua,12,13.770833969116211,0.030690537084398978,0.01779059416285782,0.038001303195385194,0.00067606576280881
2021,all,lit_only,commune,Bandraboua,31,14.796774325832244,0.0792838874680307,0.0493830271630617,0.06507622031349891,0.003213660755410904
2021,all,lit_only,commune,Bandrele,39,22.28418844174116,0.09974424552429667,0.09356434763069031,0.15803227341571713,0.014786186566736456
2021,all,lit_only,commune,Boueni,14,26.48214340209961,0.03580562659846547,0.03991444851490423,0.027554492148102128,0.001099822358199755
2021,all,lit_only,commune,Chiconi,9,42.98518753051758,0.023017902813299233,0.041649548681192944,0.04926740909986993,0.0020519653537012807
2021,all,lit_only,commune,Chirongui,30,19.777778244018556,0.07672634271099744,0.06387747230331951,0.03396665304560287,0.002169703939156961
2021,all,lit_only,commune,Dembeni,40,20.891667580604555,0.10230179028132992,0.08996675634543355,0.0632153560967077,0.005687280539242319
2021,all,lit_only,commune,Dzaoudzi,9,51.95952436659071,0.023017902813299233,0.05034503427538945,0.03499115323320412,0.0017616308088610657
2021,all,lit_only,commune,Kani-Keli,23,21.03260915175728,0.058823529411764705,0.052079877250077455,0.09821275577568489,0.0051149082651895045
2021,all,lit_only,commune,Koungou,32,27.471026867628098,0.08184143222506395,0.09463980493556129,0.1312964630986655,0.012425871656386823
2021,all,lit_only,commune,M'tsangamouji,23,13.721015017965566,0.058823529411764705,0.03397527965865385,0.026768834984390644,0.000909478654731029
2021,all,lit_only,commune,Mamoudzou,44,34.943137407302856,0.11253196930946291,0.16552497729693122,0.19679418292599626,0.03257435266099366
2021,all,lit_only,commune,Mtsamboro,14,16.53333411897932,0.03580562659846547,0.024919392039066915,0.022531393785127918,0.0005614686349181984
2021,all,lit_only,commune,Ouangani,18,25.533334573109943,0.04603580562659847,0.04947992191686617,0.10024766442048794,0.004960246607873946
2021,all,lit_only,commune,Pamandzi,5,52.65290069580078,0.01278772378516624,0.028342703314030642,0.013149210054550053,0.00037268415938998084
2021,all,lit_only,commune,Sada,12,24.57738145192464,0.030690537084398978,0.03175161504216453,0.03975545586943641,0.0012622999305921053
2021,all,lit_only,commune,Tsingoni,36,18.782408210966324,0.09207161125319693,0.07279519946979844,0.06626598144042006,0.00482384533701734
2022,all,zeros_included,commune,Acoua,12,14.208334048589071,0.030379746835443037,0.017662646958458005,0.033791297920273244,0.0005968437654338626
2022,all,zeros_included,commune,Bandraboua,31,16.044086240953014,0.07848101265822785,0.05152382123262581,0.07907551730798179,0.0040742728176538625
2022,all,zeros_included,commune,Bandrele,40,21.810417079925536,0.10126582278481013,0.09037646393120516,0.18198802251433355,0.016447433952678017
2022,all,zeros_included,commune,Boueni,14,26.48214340209961,0.035443037974683546,0.038407191583296404,0.027554492148102128,0.001058290658912595
2022,all,zeros_included,commune,Chiconi,9,48.71296416388618,0.02278481012658228,0.04541700061655952,0.05259062880527576,0.002388508620874462
2022,all,zeros_included,commune,Chirongui,30,20.083333841959636,0.0759493670886076,0.06241492390774171,0.030026010867052033,0.0018740711835200784
2022,all,zeros_included,commune,Dembeni,40,21.0916677236557,0.10126582278481013,0.0873981611764043,0.06502682933940651,0.005683225311395986
2022,all,zeros_included,commune,Dzaoudzi,9,52.790476904975044,0.02278481012658228,0.049218625129759504,0.030602132552978834,0.0015061948902962753
2022,all,zeros_included,commune,Kani-Keli,23,21.322464279506516,0.05822784810126582,0.050803848783413125,0.09653795846580637,0.004904499843756244
2022,all,zeros_included,commune,Koungou,32,28.40471550822258,0.0810126582278481,0.09416116114415125,0.14041261893225299,0.013221415237952177
2022,all,zeros_included,commune,M'tsangamouji,23,16.735508048016094,0.05822784810126582,0.03987476349073665,0.04255039579082087,0.0016966869685962186
2022,all,zeros_included,commune,Mamoudzou,44,35.287897695194594,0.11139240506329114,0.16084584452135428,0.19342613690118782,0.031111790342374643
2022,all,zeros_included,commune,Mtsamboro,17,13.844258420607623,0.043037974683544304,0.024380915083750194,0.21748879530716048,0.005302575850051007
2022,all,zeros_included,commune,Ouangani,18,29.36944595972697,0.04556962025316456,0.05476456496358356,0.11280822280611558,0.0061778932462919255
2022,all,zeros_included,commune,Pamandzi,5,52.65290069580078,0.012658227848101266,0.027272420806817122,0.013149210054550053,0.00035861078988491977
2022,all,zeros_included,commune,Sada,12,26.460318088531494,0.030379746835443037,0.032893318471256115,0.05074829536493297,0.0016692798413121108
2022,all,zeros_included,commune,Tsingoni,36,19.462963925467598,0.09113924050632911,0.0725843281988873,0.07238705849800997,0.00525416601137161
2022,all,lit_only,commune,Acoua,12,14.208334048589071,0.030690537084398978,0.017662646958458005,0.033791297920273244,0.0005968437654338626
2022,all,lit_only,commune,Bandraboua,31,16.044086240953014,0.0792838874680307,0.05152382123262581,0.07907551730798179,0.0040742728176538625
2022,all,lit_only,commune,Bandrele,39,22.36965854351337,0.09974424552429667,0.09037646393120516,0.15667021453004404,0.0141592999925687
2022,all,lit_only,commune,Boueni,14,26.48214340209961,0.03580562659846547,0.038407191583296404,0.027554492148102128,0.001058290658912595
2022,all,lit_only,commune,Chiconi,9,48.71296416388618,0.023017902813299233,0.04541700061655952,0.05259062880527576,0.002388508620874462
2022,all,lit_only,commune,Chirongui,30,20.083333841959636,0.07672634271099744,0.06241492390774171,0.030026010867052033,0.0018740711835200784
2022,all,lit_only,commune,Dembeni,40,21.0916677236557,0.10230179028132992,0.0873981611764043,0.06502682933940651,0.005683225311395986
2022,all,lit_only,commune,Dzaoudzi,9,52.790476904975044,0.023017902813299233,0.049218625129759504,0.030602132552978834,0.0015061948902962753
2022,all,lit_only,commune,Kani-Keli,23,21.322464279506516,0.058823529411764705,0.050803848783413125,0.09653795846580637,0.004904499843756244
2022,all,lit_only,commune,Koungou,32,28.40471550822258,0.08184143222506395,0.09416116114415125,0.14041261893225299,0.013221415237952177
2022,all,lit_only,commune,M'tsangamouji,23,16.735508048016094,0.058823529411764705,0.03987476349073665,0.04255039579082087,0.0016966869685962186
2022,all,lit_only,commune,Mamoudzou,44,35.287897695194594,0.11253196930946291,0.16084584452135428,0.19342613690118782,0.031111790342374643
2022,all,lit_only,commune,Mtsamboro,14,16.810885225023544,0.03580562659846547,0.024380915083750194,0.023332780866203162,0.0005688745489666506
2022,all,lit_only,commune,Ouangani,18,29.36944595972697,0.04603580562659847,0.05476456496358356,0.11280822280611558,0.0061778932462919255
2022,all,lit_only,commune,Pamandzi,5,52.65290069580078,0.01278772378516624,0.027272420806817122,0.013149210054550053,0.00035861078988491977
2022,all,lit_only,commune,Sada,12,26.460318088531494,0.030690537084398978,0.032893318471256115,0.05074829536493297,0.0016692798413121108
2022,all,lit_only,commune,Tsingoni,36,19.462963925467598,0.09207161125319693,0.0725843281988873,0.07238705849800997,0.00525416601137161
