year,scope,zeros,grouping,unit,pixels,mean_dn,population_share,value_share,theil_t,within_contribution
1993,all,zeros_included,state,Central Equatoria,43704,0.0024482884861797547,0.0695843788610223,0.23991031390134526,7.946617131271145,1.9064754104170683
1993,all,zeros_included,state,Eastern Equatoria,69171,0.0,0.11013227782801972,0.0,0.0,0.0
1993,all,zeros_included,state,Jungoli,122217,0.0,0.19459074755760486,0.0,0.0,0.0
1993,all,zeros_included,state,Lakes,42945,0.0,0.06837591868448203,0.0,0.0,0.0
1993,all,zeros_included,state,North Bahr-al-Ghazal,32189,0.0,0.051250493573985145,0.0,0.0,0.0
1993,all,zeros_included,state,Unity,36509,0.0,0.05812868588314715,0.0,0.0,0.0
1993,all,zeros_included,state,Upper Nile,77215,0.0008029527941462152,0.12293972665554267,0.1390134529147982,9.08082652040398,1.2623570499216292
1993,all,zeros_included,state,Warap,39471,0.004078944034861037,0.06284470570253092,0.3609865470852017,7.766588349267423,2.8036339108342037
1993,all,zeros_included,state,West Bahr-al-Ghazal,85516,0.0013564713036156976,0.13615636423849495,0.2600896860986547,8.76891903796741,2.2807054000094604
1993,all,zeros_included,state,West Equatoria,79135,0.0,0.12599670101517024,0.0,0.0,0.0
1993,all,zeros_included,district,Bahr al Jabal,17132,0.006245622227410694,0.027277127463093402,0.23991031390134526,7.010125559930853,1.6818014235708547
1993,all,zeros_included,district,Kajo Kaii,2406,0.0,0.0038307709944082843,0.0,0.0,0.0
1993,all,zeros_included,district,Nahr Yei,12977,0.0,0.02066164388796189,0.0,0.0,0.0
1993,all,zeros_included,district,Terkaka,11189,0.0,0.017814836515558725,0.0,0.0,0.0
1993,all,zeros_included,district,Amatonge,21615,0.0,0.034414844157994624,0.0,0.0,0.0
1993,all,zeros_included,district,Kapoeta,34186,0.0,0.05443006534282694,0.0,0.0,0.0
1993,all,zeros_included,district,Magwi,5194,0.0,0.008269752512450802,0.0,0.0,0.0
1993,all,zeros_included,district,Shokodom,8176,0.0,0.013017615814747354,0.0,0.0,0.0
1993,all,zeros_included,district,Akobo,18999,0.0,0.030249716593002077,0.0,0.0,0.0
1993,all,zeros_included,district,Ayod,18620,0.0,0.02964628259180476,0.0,0.0,0.0
1993,all,zeros_included,district,Bor,6986,0.0,0.011122928581436523,0.0,0.0,0.0
1993,all,zeros_included,district,Fam al Zaraf,7634,0.0,0.012154657427810824,0.0,0.0,0.0
1993,all,zeros_included,district,Nahr Atiem,13562,0.0,0.02159306576316091,0.0,0.0,0.0
1993,all,zeros_included,district,Pibor,43884,0.0,0.06987097020723738,0.0,0.0,0.0
1993,all,zeros_included,district,Wat,12532,0.0,0.019953126393152377,0.0,0.0,0.0
1993,all,zeros_included,district,Aliab,4267,0.0,0.006793807079443121,0.0,0.0,0.0
1993,all,zeros_included,district,Rumbek,21408,0.0,0.03408526410984728,0.0,0.0,0.0
1993,all,zeros_included,district,Shobet,6271,0.0,0.009984524067304386,0.0,0.0,0.0
1993,all,zeros_included,district,Yerol,10999,0.0,0.01751232342788725,0.0,0.0,0.0
1993,all,zeros_included,district,Aryat,2202,0.0,0.003505967468697856,0.0,0.0,0.0
1993,all,zeros_included,district,Aweil,20600,0.0,0.032798787400170684,0.0,0.0,0.0
1993,all,zeros_included,district,Nahr Lol,3912,0.0,0.0062285852577411505,0.0,0.0,0.0
1993,all,zeros_included,district,Wanjuk,5475,0.0,0.00871715344737546,0.0,0.0,0.0
1993,all,zeros_included,district,Al Leiri,12542,0.0,0.01996904813460877,0.0,0.0,0.0
1993,all,zeros_included,district,Al Mayom,5787,0.0,0.009213911780814939,0.0,0.0,0.0
1993,all,zeros_included,district,Faring,4032,0.0,0.0064196461552178735,0.0,0.0,0.0
1993,all,zeros_included,district,Rabkona,14148,0.0,0.022526079812505574,0.0,0.0,0.0
1993,all,zeros_included,district,Al Mabien,8336,0.0,0.01327236367804965,0.0,0.0,0.0
1993,all,zeros_included,district,Al Renk,10820,0.0003696857670979667,0.017227324255817803,0.00896860986547085,9.289151552400472,0.08331077625471274
1993,all,zeros_included,district,Baleit,11460,0.0,0.01824631570902699,0.0,0.0,0.0
1993,all,zeros_included,district,Fashooda,8486,0.0,0.013511189799895554,0.0,0.0,0.0
1993,all,zeros_included,district,Malut,12969,0.0,0.020648906494796775,0.0,0.0,0.0
1993,all,zeros_included,district,Mayot,8454,0.0,0.013460240227235094,0.0,0.0,0.0
1993,all,zeros_included,district,Sobat,10393,0.0,0.0165474658956298,0.0,0.0,0.0
1993,all,zeros_included,district,Tonga,6297,0.009210735270763855,0.010025920595091008,0.13004484304932734,6.680122832401334,0.8687155252898595
1993,all,zeros_included,district,Gogrial,9885,0.0,0.015738641429645008,0.0,0.0,0.0
1993,all,zeros_included,district,Malek,1894,0.0,0.0030155778318409353,0.0,0.0,0.0
1993,all,zeros_included,district,Tonj,13719,0.0,0.02184303710402629,0.0,0.0,0.0
1993,all,zeros_included,district,Warab,13973,0.011522221427037859,0.022247449337018686,0.3609865470852017,6.728149020313923,2.428771283117806
1993,all,zeros_included,district,Raja,56641,0.0,0.09018233578315862,0.0,0.0,0.0
1993,all,zeros_included,district,Wau,28875,0.0040173160173160175,0.04597402845533633,0.2600896860986547,7.683191713871205,1.9983189210965464
1993,all,zeros_included,district,Meridi,19496,0.0,0.031041027143384834,0.0,0.0,0.0
1993,all,zeros_included,district,Mundri,16326,0.0,0.025993835101708083,0.0,0.0,0.0
1993,all,zeros_included,district,Tombura,27598,0.0,0.04394082207135488,0.0,0.0,0.0
1993,all,zeros_included,district,Yambio,15715,0.0,0.02502101669872244,0.0,0.0,0.0
1993,all,lit_only,state,Central Equatoria,16,6.6875,0.2807017543859649,0.2399103139013453,0.03401094343537325,0.008159576115661296
1993,all,lit_only,state,Upper Nile,9,6.888888888888889,0.15789473684210525,0.13901345291479822,0.023702080083098487,0.0032949079936145883
1993,all,lit_only,state,Warap,18,8.944444444444445,0.3157894736842105,0.3609865470852018,0.07363860312964032,0.026582545075946394
1993,all,lit_only,state,West Bahr-al-Ghazal,14,8.285714285714286,0.24561403508771928,0.2600896860986547,0.0515175956623688,0.013399195284382914
1993,all,lit_only,district,Bahr al Jabal,16,6.6875,0.2807017543859649,0.2399103139013453,0.03401094343537325,0.008159576115661296
1993,all,lit_only,district,Al Renk,1,4.0,0.017543859649122806,0.008968609865470852,0.0,0.0
1993,all,lit_only,district,Tonga,8,7.25,0.14035087719298245,0.13004484304932734,0.011735765592427727,0.00152617579453096
1993,all,lit_only,district,Warab,18,8.944444444444445,0.3157894736842105,0.3609865470852018,0.07363860312964032,0.026582545075946394
1993,all,lit_only,district,Wau,14,8.285714285714286,0.24561403508771928,0.2600896860986547,0.0515175956623688,0.013399195284382914
1994,all,zeros_included,state,Central Equatoria,43704,0.002471169686985173,0.0695843788610223,0.2571428571428572,7.919405006612003,2.036418430271658
1994,all,zeros_included,state,Eastern Equatoria,69171,0.0,0.11013227782801972,0.0,0.0,0.0
1994,all,zeros_included,state,Jungoli,122217,0.0,0.19459074755760486,0.0,0.0,0.0
1994,all,zeros_included,state,Lakes,42945,0.0,0.06837591868448203,0.0,0.0,0.0
1994,all,zeros_included,state,North Bahr-al-Ghazal,32189,0.0,0.051250493573985145,0.0,0.0,0.0
1994,all,zeros_included,state,Unity,36509,0.0,0.05812868588314715,0.0,0.0,0.0
1994,all,zeros_included,state,Upper Nile,77215,0.0009454121608495758,0.12293972665554267,0.17380952380952383,8.718073259367637,1.5152841617472323
1994,all,zeros_included,state,Warap,39471,0.003293557295229409,0.06284470570253092,0.3095238095238096,8.057308889983922,2.493928942137881
1994,all,zeros_included,state,West Bahr-al-Ghazal,85516,0.001274615276673371,0.13615636423849495,0.25952380952380955,8.84529879782341,2.295565640387504
1994,all,zeros_included,state,West Equatoria,79135,0.0,0.12599670101517024,0.0,0.0,0.0
1994,all,zeros_included,district,Bahr al Jabal,17132,0.006303992528601448,0.027277127463093402,0.2571428571428572,6.982913435271711,1.7956063119270116
1994,all,zeros_included,district,Kajo Kaii,2406,0.0,0.0038307709944082843,0.0,0.0,0.0
1994,all,zeros_included,district,Nahr Yei,12977,0.0,0.02066164388796189,0.0,0.0,0.0
1994,all,zeros_included,district,Terkaka,11189,0.0,0.017814836515558725,0.0,0.0,0.0
1994,all,zeros_included,district,Amatonge,21615,0.0,0.034414844157994624,0.0,0.0,0.0
1994,all,zeros_included,district,Kapoeta,34186,0.0,0.05443006534282694,0.0,0.0,0.0
1994,all,zeros_included,district,Magwi,5194,0.0,0.008269752512450802,0.0,0.0,0.0
1994,all,zeros_included,district,Shokodom,8176,0.0,0.013017615814747354,0.0,0.0,0.0
1994,all,zeros_included,district,Akobo,18999,0.0,0.030249716593002077,0.0,0.0,0.0
1994,all,zeros_included,district,Ayod,18620,0.0,0.02964628259180476,0.0,0.0,0.0
1994,all,zeros_included,district,Bor,6986,0.0,0.011122928581436523,0.0,0.0,0.0
1994,all,zeros_included,district,Fam al Zaraf,7634,0.0,0.012154657427810824,0.0,0.0,0.0
1994,all,zeros_included,district,Nahr Atiem,13562,0.0,0.02159306576316091,0.0,0.0,0.0
1994,all,zeros_included,district,Pibor,43884,0.0,0.06987097020723738,0.0,0.0,0.0
1994,all,zeros_included,district,Wat,12532,0.0,0.019953126393152377,0.0,0.0,0.0
1994,all,zeros_included,district,Aliab,4267,0.0,0.006793807079443121,0.0,0.0,0.0
1994,all,zeros_included,district,Rumbek,21408,0.0,0.03408526410984728,0.0,0.0,0.0
1994,all,zeros_included,district,Shobet,6271,0.0,0.009984524067304386,0.0,0.0,0.0
1994,all,zeros_included,district,Yerol,10999,0.0,0.01751232342788725,0.0,0.0,0.0
1994,all,zeros_included,district,Aryat,2202,0.0,0.003505967468697856,0.0,0.0,0.0
1994,all,zeros_included,district,Aweil,20600,0.0,0.032798787400170684,0.0,0.0,0.0
1994,all,zeros_included,district,Nahr Lol,3912,0.0,0.0062285852577411505,0.0,0.0,0.0
1994,all,zeros_included,district,Wanjuk,5475,0.0,0.00871715344737546,0.0,0.0,0.0
1994,all,zeros_included,district,Al Leiri,12542,0.0,0.01996904813460877,0.0,0.0,0.0
1994,all,zeros_included,district,Al Mayom,5787,0.0,0.009213911780814939,0.0,0.0,0.0
1994,all,zeros_included,district,Faring,4032,0.0,0.0064196461552178735,0.0,0.0,0.0
1994,all,zeros_included,district,Rabkona,14148,0.0,0.022526079812505574,0.0,0.0,0.0
1994,all,zeros_included,district,Al Mabien,8336,0.0,0.01327236367804965,0.0,0.0,0.0
1994,all,zeros_included,district,Al Renk,10820,0.0013863216266173752,0.017227324255817803,0.03571428571428572,7.412877967970197,0.26474564171322135
1994,all,zeros_included,district,Baleit,11460,0.0,0.01824631570902699,0.0,0.0,0.0
1994,all,zeros_included,district,Fashooda,8486,0.0,0.013511189799895554,0.0,0.0,0.0
1994,all,zeros_included,district,Malut,12969,0.0,0.020648906494796775,0.0,0.0,0.0
1994,all,zeros_included,district,Mayot,8454,0.0,0.013460240227235094,0.0,0.0,0.0
1994,all,zeros_included,district,Sobat,10393,0.0,0.0165474658956298,0.0,0.0,0.0
1994,all,zeros_included,district,Tonga,6297,0.009210735270763855,0.010025920595091008,0.1380952380952381,6.680122832401334,0.9224931530458986
1994,all,zeros_included,district,Gogrial,9885,0.0,0.015738641429645008,0.0,0.0,0.0
1994,all,zeros_included,district,Malek,1894,0.0,0.0030155778318409353,0.0,0.0,0.0
1994,all,zeros_included,district,Tonj,13719,0.0,0.02184303710402629,0.0,0.0,0.0
1994,all,zeros_included,district,Warab,13973,0.009303657052887711,0.022247449337018686,0.3095238095238096,7.018869561030423,2.1725072450808454
1994,all,zeros_included,district,Raja,56641,0.0,0.09018233578315862,0.0,0.0,0.0
1994,all,zeros_included,district,Wau,28875,0.0037748917748917747,0.04597402845533633,0.25952380952380955,7.759571473727207,2.0137935491339656
1994,all,zeros_included,district,Meridi,19496,0.0,0.031041027143384834,0.0,0.0,0.0
1994,all,zeros_included,district,Mundri,16326,0.0,0.025993835101708083,0.0,0.0,0.0
1994,all,zeros_included,district,Tombura,27598,0.0,0.04394082207135488,0.0,0.0,0.0
1994,all,zeros_included,district,Yambio,15715,0.0,0.02502101669872244,0.0,0.0,0.0
1994,all,lit_only,state,Central Equatoria,17,6.352941176470588,0.29310344827586204,0.2571428571428571,0.0674234405926657,0.01733745615239975
1994,all,lit_only,state,Upper Nile,15,4.866666666666666,0.25862068965517243,0.1738095238095238,0.1717744428127459,0.029856034107929644
1994,all,lit_only,state,Warap,13,10.0,0.22413793103448276,0.30952380952380953,0.03893674341151154,0.012051849151182145
1994,all,lit_only,state,West Bahr-al-Ghazal,13,8.384615384615385,0.22413793103448276,0.25952380952380955,0.05378938336464856,0.013959625682730223
1994,all,lit_only,district,Bahr al Jabal,17,6.352941176470588,0.29310344827586204,0.2571428571428571,0.0674234405926657,0.01733745615239975
1994,all,lit_only,district,Al Renk,7,2.142857142857143,0.1206896551724138,0.03571428571428571,0.06963656462503764,0.0024870201651799157
1994,all,lit_only,district,Tonga,8,7.25,0.13793103448275862,0.1380952380952381,0.011735765592427727,0.0016206533437162101
1994,all,lit_only,district,Warab,13,10.0,0.22413793103448276,0.30952380952380953,0.03893674341151154,0.012051849151182145
1994,all,lit_only,district,Wau,13,8.384615384615385,0.22413793103448276,0.25952380952380955,0.05378938336464856,0.013959625682730223
1995,all,zeros_included,state,Central Equatoria,43704,0.010250777960827384,0.0695843788610223,0.469601677148847,6.834276186915085,3.209387559473751
1995,all,zeros_included,state,Eastern Equatoria,69171,0.0,0.11013227782801972,0.0,0.0,0.0
1995,all,zeros_included,state,Jungoli,122217,0.0,0.19459074755760486,0.0,0.0,0.0
1995,all,zeros_included,state,Lakes,42945,0.0,0.06837591868448203,0.0,0.0,0.0
1995,all,zeros_included,state,North Bahr-al-Ghazal,32189,0.0,0.051250493573985145,0.0,0.0,0.0
1995,all,zeros_included,state,Unity,36509,0.0,0.05812868588314715,0.0,0.0,0.0
1995,all,zeros_included,state,Upper Nile,77215,0.003302467137214272,0.12293972665554267,0.2672955974842767,7.500044954908851,2.0047289973812967
1995,all,zeros_included,state,Warap,39471,0.003293557295229409,0.06284470570253092,0.13626834381551362,8.057308889983922,1.0979561380481235
1995,all,zeros_included,state,West Bahr-al-Ghazal,85516,0.001414939894288788,0.13615636423849495,0.12683438155136267,8.75224688061,1.1100858202870125
1995,all,zeros_included,state,West Equatoria,79135,0.0,0.12599670101517024,0.0,0.0,0.0
1995,all,zeros_included,district,Bahr al Jabal,17132,0.026149894933457856,0.027277127463093402,0.469601677148847,5.897784615574793,2.7696095469365902
1995,all,zeros_included,district,Kajo Kaii,2406,0.0,0.0038307709944082843,0.0,0.0,0.0
1995,all,zeros_included,district,Nahr Yei,12977,0.0,0.02066164388796189,0.0,0.0,0.0
1995,all,zeros_included,district,Terkaka,11189,0.0,0.017814836515558725,0.0,0.0,0.0
1995,all,zeros_included,district,Amatonge,21615,0.0,0.034414844157994624,0.0,0.0,0.0
1995,all,zeros_included,district,Kapoeta,34186,0.0,0.05443006534282694,0.0,0.0,0.0
1995,all,zeros_included,district,Magwi,5194,0.0,0.008269752512450802,0.0,0.0,0.0
1995,all,zeros_included,district,Shokodom,8176,0.0,0.013017615814747354,0.0,0.0,0.0
1995,all,zeros_included,district,Akobo,18999,0.0,0.030249716593002077,0.0,0.0,0.0
1995,all,zeros_included,district,Ayod,18620,0.0,0.02964628259180476,0.0,0.0,0.0
1995,all,zeros_included,district,Bor,6986,0.0,0.011122928581436523,0.0,0.0,0.0
1995,all,zeros_included,district,Fam al Zaraf,7634,0.0,0.012154657427810824,0.0,0.0,0.0
1995,all,zeros_included,district,Nahr Atiem,13562,0.0,0.02159306576316091,0.0,0.0,0.0
1995,all,zeros_included,district,Pibor,43884,0.0,0.06987097020723738,0.0,0.0,0.0
1995,all,zeros_included,district,Wat,12532,0.0,0.019953126393152377,0.0,0.0,0.0
1995,all,zeros_included,district,Aliab,4267,0.0,0.006793807079443121,0.0,0.0,0.0
1995,all,zeros_included,district,Rumbek,21408,0.0,0.03408526410984728,0.0,0.0,0.0
1995,all,zeros_included,district,Shobet,6271,0.0,0.009984524067304386,0.0,0.0,0.0
1995,all,zeros_included,district,Yerol,10999,0.0,0.01751232342788725,0.0,0.0,0.0
1995,all,zeros_included,district,Aryat,2202,0.0,0.003505967468697856,0.0,0.0,0.0
1995,all,zeros_included,district,Aweil,20600,0.0,0.032798787400170684,0.0,0.0,0.0
1995,all,zeros_included,district,Nahr Lol,3912,0.0,0.0062285852577411505,0.0,0.0,0.0
1995,all,zeros_included,district,Wanjuk,5475,0.0,0.00871715344737546,0.0,0.0,0.0
1995,all,zeros_included,district,Al Leiri,12542,0.0,0.01996904813460877,0.0,0.0,0.0
1995,all,zeros_included,district,Al Mayom,5787,0.0,0.009213911780814939,0.0,0.0,0.0
1995,all,zeros_included,district,Faring,4032,0.0,0.0064196461552178735,0.0,0.0,0.0
1995,all,zeros_included,district,Rabkona,14148,0.0,0.022526079812505574,0.0,0.0,0.0
1995,all,zeros_included,district,Al Mabien,8336,0.0,0.01327236367804965,0.0,0.0,0.0
1995,all,zeros_included,district,Al Renk,10820,0.011367837338262477,0.017227324255817803,0.1289308176100629,6.219266718061634,0.801855142894739
1995,all,zeros_included,district,Baleit,11460,0.0,0.01824631570902699,0.0,0.0,0.0
1995,all,zeros_included,district,Fashooda,8486,0.0,0.013511189799895554,0.0,0.0,0.0
1995,all,zeros_included,district,Malut,12969,0.0,0.020648906494796775,0.0,0.0,0.0
1995,all,zeros_included,district,Mayot,8454,0.0,0.013460240227235094,0.0,0.0,0.0
1995,all,zeros_included,district,Sobat,10393,0.0,0.0165474658956298,0.0,0.0,0.0
1995,all,zeros_included,district,Tonga,6297,0.02096236303001429,0.010025920595091008,0.13836477987421383,5.693601132322558,0.7877938673653854
1995,all,zeros_included,district,Gogrial,9885,0.0,0.015738641429645008,0.0,0.0,0.0
1995,all,zeros_included,district,Malek,1894,0.0,0.0030155778318409353,0.0,0.0,0.0
1995,all,zeros_included,district,Tonj,13719,0.0,0.02184303710402629,0.0,0.0,0.0
1995,all,zeros_included,district,Warab,13973,0.009303657052887711,0.022247449337018686,0.13626834381551362,7.018869561030423,0.9564497305387367
1995,all,zeros_included,district,Raja,56641,0.0,0.09018233578315862,0.0,0.0,0.0
1995,all,zeros_included,district,Wau,28875,0.004190476190476191,0.04597402845533633,0.12683438155136267,7.666519556513796,0.9723782666018546
1995,all,zeros_included,district,Meridi,19496,0.0,0.031041027143384834,0.0,0.0,0.0
1995,all,zeros_included,district,Mundri,16326,0.0,0.025993835101708083,0.0,0.0,0.0
1995,all,zeros_included,district,Tombura,27598,0.0,0.04394082207135488,0.0,0.0,0.0
1995,all,zeros_included,district,Yambio,15715,0.0,0.02502101669872244,0.0,0.0,0.0
1995,all,lit_only,state,Central Equatoria,54,8.296296296296296,0.42857142857142855,0.469601677148847,0.13806532340380517,0.06483570742652486
1995,all,lit_only,state,Upper Nile,45,5.666666666666667,0.35714285714285715,0.2672955974842767,0.05235842702206894,0.013995177034200819
1995,all,lit_only,state,Warap,13,10.0,0.10317460317460317,0.13626834381551362,0.03893674341151154,0.005305845538256289
1995,all,lit_only,state,West Bahr-al-Ghazal,14,8.642857142857142,0.1111111111111111,0.12683438155136267,0.03484543830496012,0.00441959961729578
1995,all,lit_only,district,Bahr al Jabal,54,8.296296296296296,0.42857142857142855,0.469601677148847,0.13806532340380517,0.06483570742652486
1995,all,lit_only,district,Al Renk,22,5.590909090909091,0.1746031746031746,0.1289308176100629,0.021157619019477547,0.0027278691188634572
1995,all,lit_only,district,Tonga,23,5.739130434782608,0.18253968253968253,0.13836477987421383,0.08126673976296517,0.011244454558397695
1995,all,lit_only,district,Warab,13,10.0,0.10317460317460317,0.13626834381551362,0.03893674341151154,0.005305845538256289
1995,all,lit_only,district,Wau,14,8.642857142857142,0.1111111111111111,0.12683438155136267,0.03484543830496012,0.00441959961729578
1996,all,zeros_included,state,Central Equatoria,43704,0.010914332784184515,0.0695843788610223,0.47274529236868185,6.7764158762318765,3.2035187046210156
1996,all,zeros_included,state,Eastern Equatoria,69171,0.0,0.11013227782801972,0.0,0.0,0.0
1996,all,zeros_included,state,Jungoli,122217,0.0,0.19459074755760486,0.0,0.0,0.0
1996,all,zeros_included,state,Lakes,42945,0.0,0.06837591868448203,0.0,0.0,0.0
1996,all,zeros_included,state,North Bahr-al-Ghazal,32189,0.0,0.051250493573985145,0.0,0.0,0.0
1996,all,zeros_included,state,Unity,36509,0.0,0.05812868588314715,0.0,0.0,0.0
1996,all,zeros_included,state,Upper Nile,77215,0.0035614841675840185,0.12293972665554267,0.27254707631318137,7.499076305321818,2.0438513220649157
1996,all,zeros_included,state,Warap,39471,0.0034202325758151556,0.06284470570253092,0.1337958374628345,8.000851548682904,1.0704806333718455
1996,all,zeros_included,state,West Bahr-al-Ghazal,85516,0.0014266336124234061,0.13615636423849495,0.12091179385530228,8.718486468856598,1.0541678386526312
1996,all,zeros_included,state,West Equatoria,79135,0.0,0.12599670101517024,0.0,0.0,0.0
1996,all,zeros_included,district,Bahr al Jabal,17132,0.027842633667989728,0.027277127463093402,0.47274529236868185,5.839924304891585,2.7607967229269432
1996,all,zeros_included,district,Kajo Kaii,2406,0.0,0.0038307709944082843,0.0,0.0,0.0
1996,all,zeros_included,district,Nahr Yei,12977,0.0,0.02066164388796189,0.0,0.0,0.0
1996,all,zeros_included,district,Terkaka,11189,0.0,0.017814836515558725,0.0,0.0,0.0
1996,all,zeros_included,district,Amatonge,21615,0.0,0.034414844157994624,0.0,0.0,0.0
1996,all,zeros_included,district,Kapoeta,34186,0.0,0.05443006534282694,0.0,0.0,0.0
1996,all,zeros_included,district,Magwi,5194,0.0,0.008269752512450802,0.0,0.0,0.0
1996,all,zeros_included,district,Shokodom,8176,0.0,0.013017615814747354,0.0,0.0,0.0
1996,all,zeros_included,district,Akobo,18999,0.0,0.030249716593002077,0.0,0.0,0.0
1996,all,zeros_included,district,Ayod,18620,0.0,0.02964628259180476,0.0,0.0,0.0
1996,all,zeros_included,district,Bor,6986,0.0,0.011122928581436523,0.0,0.0,0.0
1996,all,zeros_included,district,Fam al Zaraf,7634,0.0,0.012154657427810824,0.0,0.0,0.0
1996,all,zeros_included,district,Nahr Atiem,13562,0.0,0.02159306576316091,0.0,0.0,0.0
1996,all,zeros_included,district,Pibor,43884,0.0,0.06987097020723738,0.0,0.0,0.0
1996,all,zeros_included,district,Wat,12532,0.0,0.019953126393152377,0.0,0.0,0.0
1996,all,zeros_included,district,Aliab,4267,0.0,0.006793807079443121,0.0,0.0,0.0
1996,all,zeros_included,district,Rumbek,21408,0.0,0.03408526410984728,0.0,0.0,0.0
1996,all,zeros_included,district,Shobet,6271,0.0,0.009984524067304386,0.0,0.0,0.0
1996,all,zeros_included,district,Yerol,10999,0.0,0.01751232342788725,0.0,0.0,0.0
1996,all,zeros_included,district,Aryat,2202,0.0,0.003505967468697856,0.0,0.0,0.0
1996,all,zeros_included,district,Aweil,20600,0.0,0.032798787400170684,0.0,0.0,0.0
1996,all,zeros_included,district,Nahr Lol,3912,0.0,0.0062285852577411505,0.0,0.0,0.0
1996,all,zeros_included,district,Wanjuk,5475,0.0,0.00871715344737546,0.0,0.0,0.0
1996,all,zeros_included,district,Al Leiri,12542,0.0,0.01996904813460877,0.0,0.0,0.0
1996,all,zeros_included,district,Al Mayom,5787,0.0,0.009213911780814939,0.0,0.0,0.0
1996,all,zeros_included,district,Faring,4032,0.0,0.0064196461552178735,0.0,0.0,0.0
1996,all,zeros_included,district,Rabkona,14148,0.0,0.022526079812505574,0.0,0.0,0.0
1996,all,zeros_included,district,Al Mabien,8336,0.0,0.01327236367804965,0.0,0.0,0.0
1996,all,zeros_included,district,Al Renk,10820,0.01377079482439926,0.017227324255817803,0.14767096134786917,6.109750896996744,0.9022327885555151
1996,all,zeros_included,district,Baleit,11460,0.0,0.01824631570902699,0.0,0.0,0.0
1996,all,zeros_included,district,Fashooda,8486,0.0,0.013511189799895554,0.0,0.0,0.0
1996,all,zeros_included,district,Malut,12969,0.0,0.020648906494796775,0.0,0.0,0.0
1996,all,zeros_included,district,Mayot,8454,0.0,0.013460240227235094,0.0,0.0,0.0
1996,all,zeros_included,district,Sobat,10393,0.0,0.0165474658956298,0.0,0.0,0.0
1996,all,zeros_included,district,Tonga,6297,0.020009528346831826,0.010025920595091008,0.12487611496531219,5.816743162135571,0.7263722878385351
1996,all,zeros_included,district,Gogrial,9885,0.0,0.015738641429645008,0.0,0.0,0.0
1996,all,zeros_included,district,Malek,1894,0.0,0.0030155778318409353,0.0,0.0,0.0
1996,all,zeros_included,district,Tonj,13719,0.0,0.02184303710402629,0.0,0.0,0.0
1996,all,zeros_included,district,Warab,13973,0.009661490016460316,0.022247449337018686,0.1337958374628345,6.962412219729405,0.9315417737001682
1996,all,zeros_included,district,Raja,56641,0.0,0.09018233578315862,0.0,0.0,0.0
1996,all,zeros_included,district,Wau,28875,0.0042251082251082255,0.04597402845533633,0.12091179385530228,7.632759144760394,0.922890600258442
1996,all,zeros_included,district,Meridi,19496,0.0,0.031041027143384834,0.0,0.0,0.0
1996,all,zeros_included,district,Mundri,16326,0.0,0.025993835101708083,0.0,0.0,0.0
1996,all,zeros_included,district,Tombura,27598,0.0,0.04394082207135488,0.0,0.0,0.0
1996,all,zeros_included,district,Yambio,15715,0.0,0.02502101669872244,0.0,0.0,0.0
1996,all,lit_only,state,Central Equatoria,56,8.517857142857142,0.43410852713178294,0.47274529236868185,0.11657265689147245,0.055109174764353175
1996,all,lit_only,state,Upper Nile,44,6.25,0.34108527131782945,0.27254707631318137,0.028916921582978095,0.007881222433418211
1996,all,lit_only,state,Warap,14,9.642857142857142,0.10852713178294573,0.1337958374628345,0.05658737426421512,0.00757115512950351
1996,all,lit_only,state,West Bahr-al-Ghazal,15,8.133333333333333,0.11627906976744186,0.12091179385530228,0.07007789803850972,0.008473244361445179
1996,all,lit_only,district,Bahr al Jabal,56,8.517857142857142,0.43410852713178294,0.47274529236868185,0.11657265689147245,0.055109174764353175
1996,all,lit_only,district,Al Renk,25,5.96,0.1937984496124031,0.14767096134786917,0.03947516946447149,0.005829336224188555
1996,all,lit_only,district,Tonga,19,6.631578947368421,0.14728682170542637,0.12487611496531219,0.013353532813269231,0.001667537298782877
1996,all,lit_only,district,Warab,14,9.642857142857142,0.10852713178294573,0.1337958374628345,0.05658737426421512,0.00757115512950351
1996,all,lit_only,district,Wau,15,8.133333333333333,0.11627906976744186,0.12091179385530228,0.07007789803850972,0.008473244361445179
1997,all,zeros_included,state,Central Equatoria,43704,0.01150924400512539,0.0695843788610223,0.4855212355212355,6.7200481026814,3.2627260575760078
1997,all,zeros_included,state,Eastern Equatoria,69171,0.0,0.11013227782801972,0.0,0.0,0.0
1997,all,zeros_included,state,Jungoli,122217,0.0,0.19459074755760486,0.0,0.0,0.0
1997,all,zeros_included,state,Lakes,42945,0.0,0.06837591868448203,0.0,0.0,0.0
1997,all,zeros_included,state,North Bahr-al-Ghazal,32189,0.0,0.051250493573985145,0.0,0.0,0.0
1997,all,zeros_included,state,Unity,36509,0.00016434303870278561,0.05812868588314715,0.005791505791505791,9.175652735663586,0.053140845959441615
1997,all,zeros_included,state,Upper Nile,77215,0.0035614841675840185,0.12293972665554267,0.26544401544401547,7.481798659153942,1.985998678829473
1997,all,zeros_included,state,Warap,39471,0.003192217070760812,0.06284470570253092,0.12162162162162163,8.124279735458854,0.988088075934185
1997,all,zeros_included,state,West Bahr-al-Ghazal,85516,0.0014734084849618784,0.13615636423849495,0.12162162162162163,8.696714028361502,1.0577084629088314
1997,all,zeros_included,state,West Equatoria,79135,0.0,0.12599670101517024,0.0,0.0,0.0
1997,all,zeros_included,district,Bahr al Jabal,17132,0.029360261498949335,0.027277127463093402,0.4855212355212355,5.783556531341107,2.8080395128036453
1997,all,zeros_included,district,Kajo Kaii,2406,0.0,0.0038307709944082843,0.0,0.0,0.0
1997,all,zeros_included,district,Nahr Yei,12977,0.0,0.02066164388796189,0.0,0.0,0.0
1997,all,zeros_included,district,Terkaka,11189,0.0,0.017814836515558725,0.0,0.0,0.0
1997,all,zeros_included,district,Amatonge,21615,0.0,0.034414844157994624,0.0,0.0,0.0
1997,all,zeros_included,district,Kapoeta,34186,0.0,0.05443006534282694,0.0,0.0,0.0
1997,all,zeros_included,district,Magwi,5194,0.0,0.008269752512450802,0.0,0.0,0.0
1997,all,zeros_included,district,Shokodom,8176,0.0,0.013017615814747354,0.0,0.0,0.0
1997,all,zeros_included,district,Akobo,18999,0.0,0.030249716593002077,0.0,0.0,0.0
1997,all,zeros_included,district,Ayod,18620,0.0,0.02964628259180476,0.0,0.0,0.0
1997,all,zeros_included,district,Bor,6986,0.0,0.011122928581436523,0.0,0.0,0.0
1997,all,zeros_included,district,Fam al Zaraf,7634,0.0,0.012154657427810824,0.0,0.0,0.0
1997,all,zeros_included,district,Nahr Atiem,13562,0.0,0.02159306576316091,0.0,0.0,0.0
1997,all,zeros_included,district,Pibor,43884,0.0,0.06987097020723738,0.0,0.0,0.0
1997,all,zeros_included,district,Wat,12532,0.0,0.019953126393152377,0.0,0.0,0.0
1997,all,zeros_included,district,Aliab,4267,0.0,0.006793807079443121,0.0,0.0,0.0
1997,all,zeros_included,district,Rumbek,21408,0.0,0.03408526410984728,0.0,0.0,0.0
1997,all,zeros_included,district,Shobet,6271,0.0,0.009984524067304386,0.0,0.0,0.0
1997,all,zeros_included,district,Yerol,10999,0.0,0.01751232342788725,0.0,0.0,0.0
1997,all,zeros_included,district,Aryat,2202,0.0,0.003505967468697856,0.0,0.0,0.0
1997,all,zeros_included,district,Aweil,20600,0.0,0.032798787400170684,0.0,0.0,0.0
1997,all,zeros_included,district,Nahr Lol,3912,0.0,0.0062285852577411505,0.0,0.0,0.0
1997,all,zeros_included,district,Wanjuk,5475,0.0,0.00871715344737546,0.0,0.0,0.0
1997,all,zeros_included,district,Al Leiri,12542,0.0,0.01996904813460877,0.0,0.0,0.0
1997,all,zeros_included,district,Al Mayom,5787,0.0,0.009213911780814939,0.0,0.0,0.0
1997,all,zeros_included,district,Faring,4032,0.0,0.0064196461552178735,0.0,0.0,0.0
1997,all,zeros_included,district,Rabkona,14148,0.00042408821034775233,0.022526079812505574,0.005791505791505791,8.227667201470613,0.0476505822478993
1997,all,zeros_included,district,Al Mabien,8336,0.0,0.01327236367804965,0.0,0.0,0.0
1997,all,zeros_included,district,Al Renk,10820,0.014140480591497227,0.017227324255817803,0.1476833976833977,6.057100159091188,0.8945331316032354
1997,all,zeros_included,district,Baleit,11460,0.0,0.01824631570902699,0.0,0.0,0.0
1997,all,zeros_included,district,Fashooda,8486,0.0,0.013511189799895554,0.0,0.0,0.0
1997,all,zeros_included,district,Malut,12969,0.0,0.020648906494796775,0.0,0.0,0.0
1997,all,zeros_included,district,Mayot,8454,0.0,0.013460240227235094,0.0,0.0,0.0
1997,all,zeros_included,district,Sobat,10393,0.0,0.0165474658956298,0.0,0.0,0.0
1997,all,zeros_included,district,Tonga,6297,0.01937430522471018,0.010025920595091008,0.11776061776061776,5.845508911896602,0.6883707405901405
1997,all,zeros_included,district,Gogrial,9885,0.0,0.015738641429645008,0.0,0.0,0.0
1997,all,zeros_included,district,Malek,1894,0.0,0.0030155778318409353,0.0,0.0,0.0
1997,all,zeros_included,district,Tonj,13719,0.0,0.02184303710402629,0.0,0.0,0.0
1997,all,zeros_included,district,Warab,13973,0.009017390682029629,0.022247449337018686,0.12162162162162163,7.085840406505355,0.8617914007911919
1997,all,zeros_included,district,Raja,56641,0.0,0.09018233578315862,0.0,0.0,0.0
1997,all,zeros_included,district,Wau,28875,0.004363636363636364,0.04597402845533633,0.12162162162162163,7.610986704265299,0.9256605451133473
1997,all,zeros_included,district,Meridi,19496,0.0,0.031041027143384834,0.0,0.0,0.0
1997,all,zeros_included,district,Mundri,16326,0.0,0.025993835101708083,0.0,0.0,0.0
1997,all,zeros_included,district,Tombura,27598,0.0,0.04394082207135488,0.0,0.0,0.0
1997,all,zeros_included,district,Yambio,15715,0.0,0.02502101669872244,0.0,0.0,0.0
1997,all,lit_only,state,Central Equatoria,62,8.112903225806452,0.4460431654676259,0.4855212355212355,0.16198757765093763,0.07864840884017531
1997,all,lit_only,state,Unity,4,1.5,0.02877697841726619,0.005791505791505791,0.056633012265132454,0.00032799041852393313
1997,all,lit_only,state,Upper Nile,46,5.978260869565218,0.33093525179856115,0.26544401544401547,0.056091037985934955,0.014889030353409376
1997,all,lit_only,state,Warap,12,10.5,0.08633093525179857,0.12162162162162163,0.025864881212906976,0.0031457287961643623
1997,all,lit_only,state,West Bahr-al-Ghazal,15,8.4,0.1079136690647482,0.12162162162162163,0.048305457543413866,0.005874988079604389
1997,all,lit_only,district,Bahr al Jabal,62,8.112903225806452,0.4460431654676259,0.4855212355212355,0.16198757765093763,0.07864840884017531
1997,all,lit_only,district,Rabkona,4,1.5,0.02877697841726619,0.005791505791505791,0.056633012265132454,0.00032799041852393313
1997,all,lit_only,district,Al Renk,27,5.666666666666667,0.19424460431654678,0.1476833976833977,0.06378547269504442,0.00942005533044575
1997,all,lit_only,district,Tonga,19,6.421052631578948,0.1366906474820144,0.11776061776061776,0.042119282574299755,0.004959992735583562
1997,all,lit_only,district,Warab,12,10.5,0.08633093525179857,0.12162162162162163,0.025864881212906976,0.0031457287961643623
1997,all,lit_only,district,Wau,15,8.4,0.1079136690647482,0.12162162162162163,0.048305457543413866,0.005874988079604389
1998,all,zeros_included,state,Central Equatoria,43704,0.014094819696137652,0.0695843788610223,0.49637389202256244,6.653529228512015,3.302638198842386
1998,all,zeros_included,state,Eastern Equatoria,69171,0.0,0.11013227782801972,0.0,0.0,0.0
1998,all,zeros_included,state,Jungoli,122217,0.0,0.19459074755760486,0.0,0.0,0.0
1998,all,zeros_included,state,Lakes,42945,0.0,0.06837591868448203,0.0,0.0,0.0
1998,all,zeros_included,state,North Bahr-al-Ghazal,32189,0.0,0.051250493573985145,0.0,0.0,0.0
1998,all,zeros_included,state,Unity,36509,0.0002739050645046427,0.05812868588314715,0.008058017727639,8.757246735972256,0.0705660494437732
1998,all,zeros_included,state,Upper Nile,77215,0.004701159101210905,0.12293972665554267,0.29250604351329573,7.1688313335719105,2.096926489997263
1998,all,zeros_included,state,Warap,39471,0.00326822223911226,0.06284470570253092,0.10394842868654311,8.071013706660096,0.838969192714869
1998,all,zeros_included,state,West Bahr-al-Ghazal,85516,0.0014383273305580242,0.13615636423849495,0.0991136180499597,8.747102430543602,0.8669569693447728
1998,all,zeros_included,state,West Equatoria,79135,0.0,0.12599670101517024,0.0,0.0,0.0
1998,all,zeros_included,district,Bahr al Jabal,17132,0.035956105533504555,0.027277127463093402,0.49637389202256244,5.717037657171723,2.83778823272988
1998,all,zeros_included,district,Kajo Kaii,2406,0.0,0.0038307709944082843,0.0,0.0,0.0
1998,all,zeros_included,district,Nahr Yei,12977,0.0,0.02066164388796189,0.0,0.0,0.0
1998,all,zeros_included,district,Terkaka,11189,0.0,0.017814836515558725,0.0,0.0,0.0
1998,all,zeros_included,district,Amatonge,21615,0.0,0.034414844157994624,0.0,0.0,0.0
1998,all,zeros_included,district,Kapoeta,34186,0.0,0.05443006534282694,0.0,0.0,0.0
1998,all,zeros_included,district,Magwi,5194,0.0,0.008269752512450802,0.0,0.0,0.0
1998,all,zeros_included,district,Shokodom,8176,0.0,0.013017615814747354,0.0,0.0,0.0
1998,all,zeros_included,district,Akobo,18999,0.0,0.030249716593002077,0.0,0.0,0.0
1998,all,zeros_included,district,Ayod,18620,0.0,0.02964628259180476,0.0,0.0,0.0
1998,all,zeros_included,district,Bor,6986,0.0,0.011122928581436523,0.0,0.0,0.0
1998,all,zeros_included,district,Fam al Zaraf,7634,0.0,0.012154657427810824,0.0,0.0,0.0
1998,all,zeros_included,district,Nahr Atiem,13562,0.0,0.02159306576316091,0.0,0.0,0.0
1998,all,zeros_included,district,Pibor,43884,0.0,0.06987097020723738,0.0,0.0,0.0
1998,all,zeros_included,district,Wat,12532,0.0,0.019953126393152377,0.0,0.0,0.0
1998,all,zeros_included,district,Aliab,4267,0.0,0.006793807079443121,0.0,0.0,0.0
1998,all,zeros_included,district,Rumbek,21408,0.0,0.03408526410984728,0.0,0.0,0.0
1998,all,zeros_included,district,Shobet,6271,0.0,0.009984524067304386,0.0,0.0,0.0
1998,all,zeros_included,district,Yerol,10999,0.0,0.01751232342788725,0.0,0.0,0.0
1998,all,zeros_included,district,Aryat,2202,0.0,0.003505967468697856,0.0,0.0,0.0
1998,all,zeros_included,district,Aweil,20600,0.0,0.032798787400170684,0.0,0.0,0.0
1998,all,zeros_included,district,Nahr Lol,3912,0.0,0.0062285852577411505,0.0,0.0,0.0
1998,all,zeros_included,district,Wanjuk,5475,0.0,0.00871715344737546,0.0,0.0,0.0
1998,all,zeros_included,district,Al Leiri,12542,0.0,0.01996904813460877,0.0,0.0,0.0
1998,all,zeros_included,district,Al Mayom,5787,0.0,0.009213911780814939,0.0,0.0,0.0
1998,all,zeros_included,district,Faring,4032,0.0,0.0064196461552178735,0.0,0.0,0.0
1998,all,zeros_included,district,Rabkona,14148,0.0007068136839129206,0.022526079812505574,0.008058017727639,7.8092612017792815,0.0629271652037009
1998,all,zeros_included,district,Al Mabien,8336,0.0,0.01327236367804965,0.0,0.0,0.0
1998,all,zeros_included,district,Al Renk,10820,0.019963031423290204,0.017227324255817803,0.17405318291700242,5.765744647565534,1.0035462077954516
1998,all,zeros_included,district,Baleit,11460,0.0,0.01824631570902699,0.0,0.0,0.0
1998,all,zeros_included,district,Fashooda,8486,0.0,0.013511189799895554,0.0,0.0,0.0
1998,all,zeros_included,district,Malut,12969,0.0,0.020648906494796775,0.0,0.0,0.0
1998,all,zeros_included,district,Mayot,8454,0.0,0.013460240227235094,0.0,0.0,0.0
1998,all,zeros_included,district,Sobat,10393,0.0,0.0165474658956298,0.0,0.0,0.0
1998,all,zeros_included,district,Tonga,6297,0.023344449737970462,0.010025920595091008,0.11845286059629331,5.503117551640505,0.6518600161894877
1998,all,zeros_included,district,Gogrial,9885,0.0,0.015738641429645008,0.0,0.0,0.0
1998,all,zeros_included,district,Malek,1894,0.0,0.0030155778318409353,0.0,0.0,0.0
1998,all,zeros_included,district,Tonj,13719,0.0,0.02184303710402629,0.0,0.0,0.0
1998,all,zeros_included,district,Warab,13973,0.009232090460173191,0.022247449337018686,0.10394842868654311,7.032574377706595,0.7310250561838443
1998,all,zeros_included,district,Raja,56641,0.0,0.09018233578315862,0.0,0.0,0.0
1998,all,zeros_included,district,Wau,28875,0.004259740259740259,0.04597402845533633,0.0991136180499597,7.661375106447398,0.7593466060378968
1998,all,zeros_included,district,Meridi,19496,0.0,0.031041027143384834,0.0,0.0,0.0
1998,all,zeros_included,district,Mundri,16326,0.0,0.025993835101708083,0.0,0.0,0.0
1998,all,zeros_included,district,Tombura,27598,0.0,0.04394082207135488,0.0,0.0,0.0
1998,all,zeros_included,district,Yambio,15715,0.0,0.02502101669872244,0.0,0.0,0.0
1998,all,lit_only,state,Central Equatoria,67,9.194029850746269,0.4036144578313253,0.49637389202256244,0.1730269378274274,0.08588605455414607
1998,all,lit_only,state,Unity,6,1.6666666666666667,0.03614457831325301,0.008058017727639,0.043692120681965485,0.0003520718830134205
1998,all,lit_only,state,Upper Nile,66,5.5,0.39759036144578314,0.29250604351329573,0.1041370579412344,0.030460718801505308
1998,all,lit_only,state,Warap,13,9.923076923076923,0.0783132530120482,0.10394842868654311,0.05264156008768506,0.005472007454723104
1998,all,lit_only,state,West Bahr-al-Ghazal,14,8.785714285714286,0.08433734939759036,0.0991136180499597,0.029700988238561266,0.002943772403983107
1998,all,lit_only,district,Bahr al Jabal,67,9.194029850746269,0.4036144578313253,0.49637389202256244,0.1730269378274274,0.08588605455414607
1998,all,lit_only,district,Rabkona,6,1.6666666666666667,0.03614457831325301,0.008058017727639,0.043692120681965485,0.0003520718830134205
1998,all,lit_only,district,Al Renk,37,5.837837837837838,0.22289156626506024,0.17405318291700242,0.08751100780928645,0.015231569449480961
1998,all,lit_only,district,Tonga,29,5.068965517241379,0.1746987951807229,0.11845286059629331,0.12258477313823724,0.014520517043771856
1998,all,lit_only,district,Warab,13,9.923076923076923,0.0783132530120482,0.10394842868654311,0.05264156008768506,0.005472007454723104
1998,all,lit_only,district,Wau,14,8.785714285714286,0.08433734939759036,0.0991136180499597,0.029700988238561266,0.002943772403983107
1999,all,zeros_included,state,Central Equatoria,43704,0.013431264872780523,0.0695843788610223,0.32164383561643833,6.8316067156308655,2.19734418743853
1999,all,zeros_included,state,Eastern Equatoria,69171,0.0,0.11013227782801972,0.0,0.0,0.0
1999,all,zeros_included,state,Jungoli,122217,0.0,0.19459074755760486,0.0,0.0,0.0
1999,all,zeros_included,state,Lakes,42945,0.0,0.06837591868448203,0.0,0.0,0.0
1999,all,zeros_included,state,North Bahr-al-Ghazal,32189,0.0,0.051250493573985145,0.0,0.0,0.0
1999,all,zeros_included,state,Unity,36509,0.014955216521953491,0.05812868588314715,0.2991780821917808,5.905240640201262,1.7667185696163776
1999,all,zeros_included,state,Upper Nile,77215,0.005439357637764683,0.12293972665554267,0.23013698630136986,7.046144812062652,1.621578532091131
1999,all,zeros_included,state,Warap,39471,0.0037495883053380963,0.06284470570253092,0.08109589041095891,7.815457925173123,0.6338015194112999
1999,all,zeros_included,state,West Bahr-al-Ghazal,85516,0.0014500210486926423,0.13615636423849495,0.06794520547945206,8.72124047826263,0.592566476331269
1999,all,zeros_included,state,West Equatoria,79135,0.0,0.12599670101517024,0.0,0.0,0.0
1999,all,zeros_included,district,Bahr al Jabal,17132,0.03426336679897268,0.027277127463093402,0.32164383561643833,5.895115144290574,1.8961274464101734
1999,all,zeros_included,district,Kajo Kaii,2406,0.0,0.0038307709944082843,0.0,0.0,0.0
1999,all,zeros_included,district,Nahr Yei,12977,0.0,0.02066164388796189,0.0,0.0,0.0
1999,all,zeros_included,district,Terkaka,11189,0.0,0.017814836515558725,0.0,0.0,0.0
1999,all,zeros_included,district,Amatonge,21615,0.0,0.034414844157994624,0.0,0.0,0.0
1999,all,zeros_included,district,Kapoeta,34186,0.0,0.05443006534282694,0.0,0.0,0.0
1999,all,zeros_included,district,Magwi,5194,0.0,0.008269752512450802,0.0,0.0,0.0
1999,all,zeros_included,district,Shokodom,8176,0.0,0.013017615814747354,0.0,0.0,0.0
1999,all,zeros_included,district,Akobo,18999,0.0,0.030249716593002077,0.0,0.0,0.0
1999,all,zeros_included,district,Ayod,18620,0.0,0.02964628259180476,0.0,0.0,0.0
1999,all,zeros_included,district,Bor,6986,0.0,0.011122928581436523,0.0,0.0,0.0
1999,all,zeros_included,district,Fam al Zaraf,7634,0.0,0.012154657427810824,0.0,0.0,0.0
1999,all,zeros_included,district,Nahr Atiem,13562,0.0,0.02159306576316091,0.0,0.0,0.0
1999,all,zeros_included,district,Pibor,43884,0.0,0.06987097020723738,0.0,0.0,0.0
1999,all,zeros_included,district,Wat,12532,0.0,0.019953126393152377,0.0,0.0,0.0
1999,all,zeros_included,district,Aliab,4267,0.0,0.006793807079443121,0.0,0.0,0.0
1999,all,zeros_included,district,Rumbek,21408,0.0,0.03408526410984728,0.0,0.0,0.0
1999,all,zeros_included,district,Shobet,6271,0.0,0.009984524067304386,0.0,0.0,0.0
1999,all,zeros_included,district,Yerol,10999,0.0,0.01751232342788725,0.0,0.0,0.0
1999,all,zeros_included,district,Aryat,2202,0.0,0.003505967468697856,0.0,0.0,0.0
1999,all,zeros_included,district,Aweil,20600,0.0,0.032798787400170684,0.0,0.0,0.0
1999,all,zeros_included,district,Nahr Lol,3912,0.0,0.0062285852577411505,0.0,0.0,0.0
1999,all,zeros_included,district,Wanjuk,5475,0.0,0.00871715344737546,0.0,0.0,0.0
1999,all,zeros_included,district,Al Leiri,12542,0.0,0.01996904813460877,0.0,0.0,0.0
1999,all,zeros_included,district,Al Mayom,5787,0.0,0.009213911780814939,0.0,0.0,0.0
1999,all,zeros_included,district,Faring,4032,0.0,0.0064196461552178735,0.0,0.0,0.0
1999,all,zeros_included,district,Rabkona,14148,0.03859202714164546,0.022526079812505574,0.2991780821917808,4.957255106008288,1.483102075550973
1999,all,zeros_included,district,Al Mabien,8336,0.0,0.01327236367804965,0.0,0.0,0.0
1999,all,zeros_included,district,Al Renk,10820,0.021719038817005546,0.017227324255817803,0.12876712328767123,5.754613913902546,0.7410050793244374
1999,all,zeros_included,district,Baleit,11460,0.0,0.01824631570902699,0.0,0.0,0.0
1999,all,zeros_included,district,Fashooda,8486,0.0,0.013511189799895554,0.0,0.0,0.0
1999,all,zeros_included,district,Malut,12969,0.0,0.020648906494796775,0.0,0.0,0.0
1999,all,zeros_included,district,Mayot,8454,0.0,0.013460240227235094,0.0,0.0,0.0
1999,all,zeros_included,district,Sobat,10393,0.0,0.0165474658956298,0.0,0.0,0.0
1999,all,zeros_included,district,Tonga,6297,0.029379069398126092,0.010025920595091008,0.10136986301369863,5.241391494815717,0.5313191378306343
1999,all,zeros_included,district,Gogrial,9885,0.0,0.015738641429645008,0.0,0.0,0.0
1999,all,zeros_included,district,Malek,1894,0.0,0.0030155778318409353,0.0,0.0,0.0
1999,all,zeros_included,district,Tonj,13719,0.0,0.02184303710402629,0.0,0.0,0.0
1999,all,zeros_included,district,Warab,13973,0.010591855721749088,0.022247449337018686,0.08109589041095891,6.777018596219623,0.5495883573920571
1999,all,zeros_included,district,Raja,56641,0.0,0.09018233578315862,0.0,0.0,0.0
1999,all,zeros_included,district,Wau,28875,0.004294372294372294,0.04597402845533633,0.06794520547945206,7.635513154166425,0.5187965102008968
1999,all,zeros_included,district,Meridi,19496,0.0,0.031041027143384834,0.0,0.0,0.0
1999,all,zeros_included,district,Mundri,16326,0.0,0.025993835101708083,0.0,0.0,0.0
1999,all,zeros_included,district,Tombura,27598,0.0,0.04394082207135488,0.0,0.0,0.0
1999,all,zeros_included,district,Yambio,15715,0.0,0.02502101669872244,0.0,0.0,0.0
1999,all,lit_only,state,Central Equatoria,51,11.509803921568627,0.18021201413427562,0.32164383561643833,0.07823743827963803,0.025164589737067134
1999,all,lit_only,state,Unity,124,4.403225806451613,0.4381625441696113,0.2991780821917808,0.22020812128795342,0.06588144340998497
1999,all,lit_only,state,Upper Nile,75,5.6,0.26501766784452296,0.23013698630136986,0.10928390794186149,0.025150269224976343
1999,all,lit_only,state,Warap,18,8.222222222222221,0.0636042402826855,0.08109589041095891,0.12250817903534017,0.00993490986149608
1999,all,lit_only,state,West Bahr-al-Ghazal,15,8.266666666666667,0.053003533568904596,0.06794520547945206,0.07283190744454071,0.004948578916779752
1999,all,lit_only,district,Bahr al Jabal,51,11.509803921568627,0.18021201413427562,0.32164383561643833,0.07823743827963803,0.025164589737067134
1999,all,lit_only,district,Rabkona,124,4.403225806451613,0.4381625441696113,0.2991780821917808,0.22020812128795342,0.06588144340998497
1999,all,lit_only,district,Al Renk,38,6.184210526315789,0.13427561837455831,0.12876712328767123,0.10304852122845909,0.013269261637637197
1999,all,lit_only,district,Tonga,37,5.0,0.13074204946996468,0.10136986301369863,0.10448079897119933,0.010591204279272261
1999,all,lit_only,district,Warab,18,8.222222222222221,0.0636042402826855,0.08109589041095891,0.12250817903534017,0.00993490986149608
1999,all,lit_only,district,Wau,15,8.266666666666667,0.053003533568904596,0.06794520547945206,0.07283190744454071,0.004948578916779752
2000,all,zeros_included,state,Central Equatoria,43704,0.012859234852645066,0.0695843788610223,0.2642219087917254,6.904817644877404,1.8244040979882938
2000,all,zeros_included,state,Eastern Equatoria,69171,0.0,0.11013227782801972,0.0,0.0,0.0
2000,all,zeros_included,state,Jungoli,122217,0.0,0.19459074755760486,0.0,0.0,0.0
2000,all,zeros_included,state,Lakes,42945,0.0,0.06837591868448203,0.0,0.0,0.0
2000,all,zeros_included,state,North Bahr-al-Ghazal,32189,0.0,0.051250493573985145,0.0,0.0,0.0
2000,all,zeros_included,state,Unity,36509,0.02462406529896738,0.05812868588314715,0.4226610249177245,5.636365852666527,2.3822721680992984
2000,all,zeros_included,state,Upper Nile,77215,0.005387554231690734,0.12293972665554267,0.19558062999529854,7.0634992159836445,1.3814836266333785
2000,all,zeros_included,state,Warap,39471,0.0036482480808694992,0.06284470570253092,0.06770098730606489,7.866275075299665,0.5325545890188772
2000,all,zeros_included,state,West Bahr-al-Ghazal,85516,0.0012395341222695168,0.13615636423849495,0.04983544898918665,8.96879416416432,0.44696388406272586
2000,all,zeros_included,state,West Equatoria,79135,0.0,0.12599670101517024,0.0,0.0,0.0
2000,all,zeros_included,district,Bahr al Jabal,17132,0.03280410926920383,0.027277127463093402,0.2642219087917254,5.968326073537112,1.5769625074413993
2000,all,zeros_included,district,Kajo Kaii,2406,0.0,0.0038307709944082843,0.0,0.0,0.0
2000,all,zeros_included,district,Nahr Yei,12977,0.0,0.02066164388796189,0.0,0.0,0.0
2000,all,zeros_included,district,Terkaka,11189,0.0,0.017814836515558725,0.0,0.0,0.0
2000,all,zeros_included,district,Amatonge,21615,0.0,0.034414844157994624,0.0,0.0,0.0
2000,all,zeros_included,district,Kapoeta,34186,0.0,0.05443006534282694,0.0,0.0,0.0
2000,all,zeros_included,district,Magwi,5194,0.0,0.008269752512450802,0.0,0.0,0.0
2000,all,zeros_included,district,Shokodom,8176,0.0,0.013017615814747354,0.0,0.0,0.0
2000,all,zeros_included,district,Akobo,18999,0.0,0.030249716593002077,0.0,0.0,0.0
2000,all,zeros_included,district,Ayod,18620,0.0,0.02964628259180476,0.0,0.0,0.0
2000,all,zeros_included,district,Bor,6986,0.0,0.011122928581436523,0.0,0.0,0.0
2000,all,zeros_included,district,Fam al Zaraf,7634,0.0,0.012154657427810824,0.0,0.0,0.0
2000,all,zeros_included,district,Nahr Atiem,13562,0.0,0.02159306576316091,0.0,0.0,0.0
2000,all,zeros_included,district,Pibor,43884,0.0,0.06987097020723738,0.0,0.0,0.0
2000,all,zeros_included,district,Wat,12532,0.0,0.019953126393152377,0.0,0.0,0.0
2000,all,zeros_included,district,Aliab,4267,0.0,0.006793807079443121,0.0,0.0,0.0
2000,all,zeros_included,district,Rumbek,21408,0.0,0.03408526410984728,0.0,0.0,0.0
2000,all,zeros_included,district,Shobet,6271,0.0,0.009984524067304386,0.0,0.0,0.0
2000,all,zeros_included,district,Yerol,10999,0.0,0.01751232342788725,0.0,0.0,0.0
2000,all,zeros_included,district,Aryat,2202,0.0,0.003505967468697856,0.0,0.0,0.0
2000,all,zeros_included,district,Aweil,20600,0.0,0.032798787400170684,0.0,0.0,0.0
2000,all,zeros_included,district,Nahr Lol,3912,0.0,0.0062285852577411505,0.0,0.0,0.0
2000,all,zeros_included,district,Wanjuk,5475,0.0,0.00871715344737546,0.0,0.0,0.0
2000,all,zeros_included,district,Al Leiri,12542,0.0,0.01996904813460877,0.0,0.0,0.0
2000,all,zeros_included,district,Al Mayom,5787,0.0,0.009213911780814939,0.0,0.0,0.0
2000,all,zeros_included,district,Faring,4032,0.0,0.0064196461552178735,0.0,0.0,0.0
2000,all,zeros_included,district,Rabkona,14148,0.06354255018377156,0.022526079812505574,0.4226610249177245,4.688380318473554,1.98159563061012
2000,all,zeros_included,district,Al Mabien,8336,0.0,0.01327236367804965,0.0,0.0,0.0
2000,all,zeros_included,district,Al Renk,10820,0.021072088724584104,0.017227324255817803,0.1071932299012694,5.8199387953821144,0.6238580373047119
2000,all,zeros_included,district,Baleit,11460,0.0,0.01824631570902699,0.0,0.0,0.0
2000,all,zeros_included,district,Fashooda,8486,0.0,0.013511189799895554,0.0,0.0,0.0
2000,all,zeros_included,district,Malut,12969,0.0,0.020648906494796775,0.0,0.0,0.0
2000,all,zeros_included,district,Mayot,8454,0.0,0.013460240227235094,0.0,0.0,0.0
2000,all,zeros_included,district,Sobat,10393,0.0,0.0165474658956298,0.0,0.0,0.0
2000,all,zeros_included,district,Tonga,6297,0.029855486739717326,0.010025920595091008,0.08838740009402915,5.2053294965689005,0.4600855408344868
2000,all,zeros_included,district,Gogrial,9885,0.0,0.015738641429645008,0.0,0.0,0.0
2000,all,zeros_included,district,Malek,1894,0.0,0.0030155778318409353,0.0,0.0,0.0
2000,all,zeros_included,district,Tonj,13719,0.0,0.02184303710402629,0.0,0.0,0.0
2000,all,zeros_included,district,Warab,13973,0.010305589350891004,0.022247449337018686,0.06770098730606489,6.827835746346166,0.4622512211912778
2000,all,zeros_included,district,Raja,56641,0.0,0.09018233578315862,0.0,0.0,0.0
2000,all,zeros_included,district,Wau,28875,0.003670995670995671,0.04597402845533633,0.04983544898918665,7.883066840068117,0.3928561753865634
2000,all,zeros_included,district,Meridi,19496,0.0,0.031041027143384834,0.0,0.0,0.0
2000,all,zeros_included,district,Mundri,16326,0.0,0.025993835101708083,0.0,0.0,0.0
2000,all,zeros_included,district,Tombura,27598,0.0,0.04394082207135488,0.0,0.0,0.0
2000,all,zeros_included,district,Yambio,15715,0.0,0.02502101669872244,0.0,0.0,0.0
2000,all,lit_only,state,Central Equatoria,47,11.957446808510639,0.15562913907284767,0.2642219087917254,0.06977033651190867,0.01843485149021752
2000,all,lit_only,state,Unity,153,5.875816993464053,0.5066225165562914,0.4226610249177245,0.1614896895406175,0.06825539769488252
2000,all,lit_only,state,Upper Nile,74,5.621621621621622,0.24503311258278146,0.19558062999529854,0.11321529153071319,0.022142718042678273
2000,all,lit_only,state,Warap,17,8.470588235294118,0.056291390728476824,0.06770098730606489,0.11616691532193357,0.00786461485959494
2000,all,lit_only,state,West Bahr-al-Ghazal,11,9.636363636363637,0.03642384105960265,0.04983544898918665,0.010230665042392229,0.000509849785845593
2000,all,lit_only,district,Bahr al Jabal,47,11.957446808510639,0.15562913907284767,0.2642219087917254,0.06977033651190867,0.01843485149021752
2000,all,lit_only,district,Rabkona,153,5.875816993464053,0.5066225165562914,0.4226610249177245,0.1614896895406175,0.06825539769488252
2000,all,lit_only,district,Al Renk,35,6.514285714285714,0.11589403973509933,0.1071932299012694,0.086135304471056,0.009233121494781742
2000,all,lit_only,district,Tonga,39,4.82051282051282,0.1291390728476821,0.08838740009402915,0.12106253420980484,0.010700402647599111
2000,all,lit_only,district,Warab,17,8.470588235294118,0.056291390728476824,0.06770098730606489,0.11616691532193357,0.00786461485959494
2000,all,lit_only,district,Wau,11,9.636363636363637,0.03642384105960265,0.04983544898918665,0.010230665042392229,0.000509849785845593
2001,all,zeros_included,state,Central Equatoria,43704,0.012904997254255904,0.0695843788610223,0.2702443699089602,6.8922187021925545,1.8625833004487784
2001,all,zeros_included,state,Eastern Equatoria,69171,0.0,0.11013227782801972,0.0,0.0,0.0
2001,all,zeros_included,state,Jungoli,122217,0.0,0.19459074755760486,0.0,0.0,0.0
2001,all,zeros_included,state,Lakes,42945,0.0,0.06837591868448203,0.0,0.0,0.0
2001,all,zeros_included,state,North Bahr-al-Ghazal,32189,0.0,0.051250493573985145,0.0,0.0,0.0
2001,all,zeros_included,state,Unity,36509,0.025062313402174807,0.05812868588314715,0.43842836607570673,5.624156459615395,2.465789727143309
2001,all,zeros_included,state,Upper Nile,77215,0.004973126983099139,0.12293972665554267,0.1839961667465261,7.204587381896328,1.3256164612593146
2001,all,zeros_included,state,Warap,39471,0.0032428871829951102,0.06284470570253092,0.061332055582175374,8.074707490687846,0.4952384086286748
2001,all,zeros_included,state,West Bahr-al-Ghazal,85516,0.001122596940923336,0.13615636423849495,0.04599904168663153,9.065092295283764,0.4169855583839201
2001,all,zeros_included,state,West Equatoria,79135,0.0,0.12599670101517024,0.0,0.0,0.0
2001,all,zeros_included,district,Bahr al Jabal,17132,0.03292084987158534,0.027277127463093402,0.2702443699089602,5.955727130852264,1.6095017258268696
2001,all,zeros_included,district,Kajo Kaii,2406,0.0,0.0038307709944082843,0.0,0.0,0.0
2001,all,zeros_included,district,Nahr Yei,12977,0.0,0.02066164388796189,0.0,0.0,0.0
2001,all,zeros_included,district,Terkaka,11189,0.0,0.017814836515558725,0.0,0.0,0.0
2001,all,zeros_included,district,Amatonge,21615,0.0,0.034414844157994624,0.0,0.0,0.0
2001,all,zeros_included,district,Kapoeta,34186,0.0,0.05443006534282694,0.0,0.0,0.0
2001,all,zeros_included,district,Magwi,5194,0.0,0.008269752512450802,0.0,0.0,0.0
2001,all,zeros_included,district,Shokodom,8176,0.0,0.013017615814747354,0.0,0.0,0.0
2001,all,zeros_included,district,Akobo,18999,0.0,0.030249716593002077,0.0,0.0,0.0
2001,all,zeros_included,district,Ayod,18620,0.0,0.02964628259180476,0.0,0.0,0.0
2001,all,zeros_included,district,Bor,6986,0.0,0.011122928581436523,0.0,0.0,0.0
2001,all,zeros_included,district,Fam al Zaraf,7634,0.0,0.012154657427810824,0.0,0.0,0.0
2001,all,zeros_included,district,Nahr Atiem,13562,0.0,0.02159306576316091,0.0,0.0,0.0
2001,all,zeros_included,district,Pibor,43884,0.0,0.06987097020723738,0.0,0.0,0.0
2001,all,zeros_included,district,Wat,12532,0.0,0.019953126393152377,0.0,0.0,0.0
2001,all,zeros_included,district,Aliab,4267,0.0,0.006793807079443121,0.0,0.0,0.0
2001,all,zeros_included,district,Rumbek,21408,0.0,0.03408526410984728,0.0,0.0,0.0
2001,all,zeros_included,district,Shobet,6271,0.0,0.009984524067304386,0.0,0.0,0.0
2001,all,zeros_included,district,Yerol,10999,0.0,0.01751232342788725,0.0,0.0,0.0
2001,all,zeros_included,district,Aryat,2202,0.0,0.003505967468697856,0.0,0.0,0.0
2001,all,zeros_included,district,Aweil,20600,0.0,0.032798787400170684,0.0,0.0,0.0
2001,all,zeros_included,district,Nahr Lol,3912,0.0,0.0062285852577411505,0.0,0.0,0.0
2001,all,zeros_included,district,Wanjuk,5475,0.0,0.00871715344737546,0.0,0.0,0.0
2001,all,zeros_included,district,Al Leiri,12542,0.0,0.01996904813460877,0.0,0.0,0.0
2001,all,zeros_included,district,Al Mayom,5787,0.0,0.009213911780814939,0.0,0.0,0.0
2001,all,zeros_included,district,Faring,4032,0.0,0.0064196461552178735,0.0,0.0,0.0
2001,all,zeros_included,district,Rabkona,14148,0.06467345207803223,0.022526079812505574,0.43842836607570673,4.676170925422421,2.050165978323678
2001,all,zeros_included,district,Al Mabien,8336,0.0,0.01327236367804965,0.0,0.0,0.0
2001,all,zeros_included,district,Al Renk,10820,0.01922365988909427,0.017227324255817803,0.09966459032103497,5.974888850317894,0.5954848494806526
2001,all,zeros_included,district,Baleit,11460,0.0,0.01824631570902699,0.0,0.0,0.0
2001,all,zeros_included,district,Fashooda,8486,0.0,0.013511189799895554,0.0,0.0,0.0
2001,all,zeros_included,district,Malut,12969,0.0,0.020648906494796775,0.0,0.0,0.0
2001,all,zeros_included,district,Mayot,8454,0.0,0.013460240227235094,0.0,0.0,0.0
2001,all,zeros_included,district,Sobat,10393,0.0,0.0165474658956298,0.0,0.0,0.0
2001,all,zeros_included,district,Tonga,6297,0.02794981737335239,0.010025920595091008,0.08433157642549113,5.3335775311599765,0.44978900119029985
2001,all,zeros_included,district,Gogrial,9885,0.0,0.015738641429645008,0.0,0.0,0.0
2001,all,zeros_included,district,Malek,1894,0.0,0.0030155778318409353,0.0,0.0,0.0
2001,all,zeros_included,district,Tonj,13719,0.0,0.02184303710402629,0.0,0.0,0.0
2001,all,zeros_included,district,Warab,13973,0.009160523867458671,0.022247449337018686,0.061332055582175374,7.036268161734345,0.43154878998658175
2001,all,zeros_included,district,Raja,56641,0.0,0.09018233578315862,0.0,0.0,0.0
2001,all,zeros_included,district,Wau,28875,0.003324675324675325,0.04597402845533633,0.04599904168663153,7.97936497118756,0.3670431419425039
2001,all,zeros_included,district,Meridi,19496,0.0,0.031041027143384834,0.0,0.0,0.0
2001,all,zeros_included,district,Mundri,16326,0.0,0.025993835101708083,0.0,0.0,0.0
2001,all,zeros_included,district,Tombura,27598,0.0,0.04394082207135488,0.0,0.0,0.0
2001,all,zeros_included,district,Yambio,15715,0.0,0.02502101669872244,0.0,0.0,0.0
2001,all,lit_only,state,Central Equatoria,49,11.510204081632653,0.17192982456140352,0.2702443699089602,0.09884409022762819,0.026712058882789793
2001,all,lit_only,state,Unity,151,6.059602649006623,0.5298245614035088,0.43842836607570673,0.13612221191197404,0.05967983895517789
2001,all,lit_only,state,Upper Nile,62,6.193548387096774,0.21754385964912282,0.1839961667465261,0.07737274928431837,0.0142362892789546
2001,all,lit_only,state,Warap,13,9.846153846153847,0.0456140350877193,0.061332055582175374,0.05633534411543417,0.003455162456528785
2001,all,lit_only,state,West Bahr-al-Ghazal,10,9.6,0.03508771929824561,0.04599904168663153,0.011218616357510758,0.0005160456014954637
2001,all,lit_only,district,Bahr al Jabal,49,11.510204081632653,0.17192982456140352,0.2702443699089602,0.09884409022762819,0.026712058882789793
2001,all,lit_only,district,Rabkona,151,6.059602649006623,0.5298245614035088,0.43842836607570673,0.13612221191197404,0.05967983895517789
2001,all,lit_only,district,Al Renk,29,7.172413793103448,0.10175438596491228,0.09966459032103497,0.05303312790389625,0.005285524965984868
2001,all,lit_only,district,Tonga,33,5.333333333333333,0.11578947368421053,0.08433157642549113,0.08225648413771403,0.00693681897855183
2001,all,lit_only,district,Warab,13,9.846153846153847,0.0456140350877193,0.061332055582175374,0.05633534411543417,0.003455162456528785
2001,all,lit_only,district,Wau,10,9.6,0.03508771929824561,0.04599904168663153,0.011218616357510758,0.0005160456014954637
2002,all,zeros_included,state,Central Equatoria,43704,0.013980413692110562,0.0695843788610223,0.2532117695814339,6.719906559798608,1.7015594314284912
2002,all,zeros_included,state,Eastern Equatoria,69171,0.0,0.11013227782801972,0.0,0.0,0.0
2002,all,zeros_included,state,Jungoli,122217,0.0,0.19459074755760486,0.0,0.0,0.0
2002,all,zeros_included,state,Lakes,42945,0.0,0.06837591868448203,0.0,0.0,0.0
2002,all,zeros_included,state,North Bahr-al-Ghazal,32189,0.0,0.051250493573985145,0.0,0.0,0.0
2002,all,zeros_included,state,Unity,36509,0.030896491276123695,0.05812868588314715,0.4674678823041857,5.372192889131874,2.511327633212082
2002,all,zeros_included,state,Upper Nile,77215,0.005776079777245354,0.12293972665554267,0.1848321591380025,6.970040200864227,1.2882875796044115
2002,all,zeros_included,state,Warap,39471,0.0032428871829951102,0.06284470570253092,0.05304600082884376,8.074707490687846,0.4283309402436984
2002,all,zeros_included,state,West Bahr-al-Ghazal,85516,0.0011693718134618083,0.13615636423849495,0.04144218814753419,8.947213975781455,0.3707921249805825
2002,all,zeros_included,state,West Equatoria,79135,0.0,0.12599670101517024,0.0,0.0,0.0
2002,all,zeros_included,district,Bahr al Jabal,17132,0.03566425402755078,0.027277127463093402,0.2532117695814339,5.783414988458317,1.4644287434513183
2002,all,zeros_included,district,Kajo Kaii,2406,0.0,0.0038307709944082843,0.0,0.0,0.0
2002,all,zeros_included,district,Nahr Yei,12977,0.0,0.02066164388796189,0.0,0.0,0.0
2002,all,zeros_included,district,Terkaka,11189,0.0,0.017814836515558725,0.0,0.0,0.0
2002,all,zeros_included,district,Amatonge,21615,0.0,0.034414844157994624,0.0,0.0,0.0
2002,all,zeros_included,district,Kapoeta,34186,0.0,0.05443006534282694,0.0,0.0,0.0
2002,all,zeros_included,district,Magwi,5194,0.0,0.008269752512450802,0.0,0.0,0.0
2002,all,zeros_included,district,Shokodom,8176,0.0,0.013017615814747354,0.0,0.0,0.0
2002,all,zeros_included,district,Akobo,18999,0.0,0.030249716593002077,0.0,0.0,0.0
2002,all,zeros_included,district,Ayod,18620,0.0,0.02964628259180476,0.0,0.0,0.0
2002,all,zeros_included,district,Bor,6986,0.0,0.011122928581436523,0.0,0.0,0.0
2002,all,zeros_included,district,Fam al Zaraf,7634,0.0,0.012154657427810824,0.0,0.0,0.0
2002,all,zeros_included,district,Nahr Atiem,13562,0.0,0.02159306576316091,0.0,0.0,0.0
2002,all,zeros_included,district,Pibor,43884,0.0,0.06987097020723738,0.0,0.0,0.0
2002,all,zeros_included,district,Wat,12532,0.0,0.019953126393152377,0.0,0.0,0.0
2002,all,zeros_included,district,Aliab,4267,0.0,0.006793807079443121,0.0,0.0,0.0
2002,all,zeros_included,district,Rumbek,21408,0.0,0.03408526410984728,0.0,0.0,0.0
2002,all,zeros_included,district,Shobet,6271,0.0,0.009984524067304386,0.0,0.0,0.0
2002,all,zeros_included,district,Yerol,10999,0.0,0.01751232342788725,0.0,0.0,0.0
2002,all,zeros_included,district,Aryat,2202,0.0,0.003505967468697856,0.0,0.0,0.0
2002,all,zeros_included,district,Aweil,20600,0.0,0.032798787400170684,0.0,0.0,0.0
2002,all,zeros_included,district,Nahr Lol,3912,0.0,0.0062285852577411505,0.0,0.0,0.0
2002,all,zeros_included,district,Wanjuk,5475,0.0,0.00871715344737546,0.0,0.0,0.0
2002,all,zeros_included,district,Al Leiri,12542,0.0,0.01996904813460877,0.0,0.0,0.0
2002,all,zeros_included,district,Al Mayom,5787,0.0,0.009213911780814939,0.0,0.0,0.0
2002,all,zeros_included,district,Faring,4032,0.0,0.0064196461552178735,0.0,0.0,0.0
2002,all,zeros_included,district,Rabkona,14148,0.07972858354537744,0.022526079812505574,0.4674678823041857,4.4242073549389005,2.0681748430878906
2002,all,zeros_included,district,Al Mabien,8336,0.0,0.01327236367804965,0.0,0.0,0.0
2002,all,zeros_included,district,Al Renk,10820,0.019038817005545286,0.017227324255817803,0.08537090758392044,5.997464627220493,0.5120089984282725
2002,all,zeros_included,district,Baleit,11460,0.0,0.01824631570902699,0.0,0.0,0.0
2002,all,zeros_included,district,Fashooda,8486,0.005067169455573887,0.013511189799895554,0.017820140903439703,6.610638347528152,0.11780250681463346
2002,all,zeros_included,district,Malut,12969,0.0013108181047112345,0.020648906494796775,0.007045171985080812,7.564897130225605,0.05329600133188366
2002,all,zeros_included,district,Mayot,8454,0.0,0.013460240227235094,0.0,0.0,0.0
2002,all,zeros_included,district,Sobat,10393,0.0,0.0165474658956298,0.0,0.0,0.0
2002,all,zeros_included,district,Tonga,6297,0.028585040495474036,0.010025920595091008,0.07459593866556154,5.319924180936912,0.39684473790660757
2002,all,zeros_included,district,Gogrial,9885,0.0,0.015738641429645008,0.0,0.0,0.0
2002,all,zeros_included,district,Malek,1894,0.0,0.0030155778318409353,0.0,0.0,0.0
2002,all,zeros_included,district,Tonj,13719,0.0,0.02184303710402629,0.0,0.0,0.0
2002,all,zeros_included,district,Warab,13973,0.009160523867458671,0.022247449337018686,0.05304600082884376,7.036268161734345,0.373245886739327
2002,all,zeros_included,district,Raja,56641,0.0,0.09018233578315862,0.0,0.0,0.0
2002,all,zeros_included,district,Wau,28875,0.003463203463203463,0.04597402845533633,0.04144218814753419,7.861486651685251,0.32579720893846875
2002,all,zeros_included,district,Meridi,19496,0.0,0.031041027143384834,0.0,0.0,0.0
2002,all,zeros_included,district,Mundri,16326,0.0,0.025993835101708083,0.0,0.0,0.0
2002,all,zeros_included,district,Tombura,27598,0.0,0.04394082207135488,0.0,0.0,0.0
2002,all,zeros_included,district,Yambio,15715,0.0,0.02502101669872244,0.0,0.0,0.0
2002,all,lit_only,state,Central Equatoria,64,9.546875,0.16623376623376623,0.2532117695814339,0.19359473308272657,0.049020464945522556
2002,all,lit_only,state,Unity,211,5.345971563981043,0.548051948051948,0.4674678823041857,0.21873693808959582,0.10225249323044514
2002,all,lit_only,state,Upper Nile,84,5.309523809523809,0.21818181818181817,0.1848321591380025,0.14650798205043847,0.027079386653334255
2002,all,lit_only,state,Warap,13,9.846153846153847,0.033766233766233764,0.05304600082884376,0.05633534411543417,0.0029883647106405194
2002,all,lit_only,state,West Bahr-al-Ghazal,13,7.6923076923076925,0.033766233766233764,0.04144218814753419,0.15570456132269372,0.006452737725764349
2002,all,lit_only,district,Bahr al Jabal,64,9.546875,0.16623376623376623,0.2532117695814339,0.19359473308272657,0.049020464945522556
2002,all,lit_only,district,Rabkona,211,5.345971563981043,0.548051948051948,0.4674678823041857,0.21873693808959582,0.10225249323044514
2002,all,lit_only,district,Al Renk,28,7.357142857142857,0.07272727272727272,0.08537090758392044,0.040517584995225064,0.003459023004151
2002,all,lit_only,district,Fashooda,14,3.0714285714285716,0.03636363636363636,0.017820140903439703,0.20352265138114078,0.003626802324653566
2002,all,lit_only,district,Malut,8,2.125,0.02077922077922078,0.007045171985080812,0.17402149856969895,0.0012260113865250237
2002,all,lit_only,district,Tonga,34,5.294117647058823,0.08831168831168831,0.07459593866556154,0.09845609706433134,0.007344424977861434
2002,all,lit_only,district,Warab,13,9.846153846153847,0.033766233766233764,0.05304600082884376,0.05633534411543417,0.0029883647106405194
2002,all,lit_only,district,Wau,13,7.6923076923076925,0.033766233766233764,0.04144218814753419,0.15570456132269372,0.006452737725764349
2003,all,zeros_included,state,Central Equatoria,43704,0.014094819696137652,0.0695843788610223,0.17579908675799086,6.701723085540208,1.1781567981429133
2003,all,zeros_included,state,Eastern Equatoria,69171,0.0,0.11013227782801972,0.0,0.0,0.0
2003,all,zeros_included,state,Jungoli,122217,0.0,0.19459074755760486,0.0,0.0,0.0
2003,all,zeros_included,state,Lakes,42945,0.0,0.06837591868448203,0.0,0.0,0.0
2003,all,zeros_included,state,North Bahr-al-Ghazal,32189,3.106651340520053e-05,0.051250493573985145,0.00028538812785388126,10.379380058262003,0.002962151843111302
2003,all,zeros_included,state,Unity,36509,0.05012462680434961,0.05812868588314715,0.5222602739726028,5.049708336424149,2.6372620592626124
2003,all,zeros_included,state,Upper Nile,77215,0.008832480735608366,0.12293972665554267,0.19463470319634704,6.655362920579101,1.2953645867108867
2003,all,zeros_included,state,Warap,39471,0.00577639279471004,0.06284470570253092,0.06506849315068493,6.968620340967504,0.4534376249259677
2003,all,zeros_included,state,West Bahr-al-Ghazal,85516,0.0017189765657888581,0.13615636423849495,0.04195205479452055,8.19010743473937,0.34359183587519615
2003,all,zeros_included,state,West Equatoria,79135,0.0,0.12599670101517024,0.0,0.0,0.0
2003,all,zeros_included,district,Bahr al Jabal,17132,0.035956105533504555,0.027277127463093402,0.17579908675799086,5.7652315141999155,1.013522435144734
2003,all,zeros_included,district,Kajo Kaii,2406,0.0,0.0038307709944082843,0.0,0.0,0.0
2003,all,zeros_included,district,Nahr Yei,12977,0.0,0.02066164388796189,0.0,0.0,0.0
2003,all,zeros_included,district,Terkaka,11189,0.0,0.017814836515558725,0.0,0.0,0.0
2003,all,zeros_included,district,Amatonge,21615,0.0,0.034414844157994624,0.0,0.0,0.0
2003,all,zeros_included,district,Kapoeta,34186,0.0,0.05443006534282694,0.0,0.0,0.0
2003,all,zeros_included,district,Magwi,5194,0.0,0.008269752512450802,0.0,0.0,0.0
2003,all,zeros_included,district,Shokodom,8176,0.0,0.013017615814747354,0.0,0.0,0.0
2003,all,zeros_included,district,Akobo,18999,0.0,0.030249716593002077,0.0,0.0,0.0
2003,all,zeros_included,district,Ayod,18620,0.0,0.02964628259180476,0.0,0.0,0.0
2003,all,zeros_included,district,Bor,6986,0.0,0.011122928581436523,0.0,0.0,0.0
2003,all,zeros_included,district,Fam al Zaraf,7634,0.0,0.012154657427810824,0.0,0.0,0.0
2003,all,zeros_included,district,Nahr Atiem,13562,0.0,0.02159306576316091,0.0,0.0,0.0
2003,all,zeros_included,district,Pibor,43884,0.0,0.06987097020723738,0.0,0.0,0.0
2003,all,zeros_included,district,Wat,12532,0.0,0.019953126393152377,0.0,0.0,0.0
2003,all,zeros_included,district,Aliab,4267,0.0,0.006793807079443121,0.0,0.0,0.0
2003,all,zeros_included,district,Rumbek,21408,0.0,0.03408526410984728,0.0,0.0,0.0
2003,all,zeros_included,district,Shobet,6271,0.0,0.009984524067304386,0.0,0.0,0.0
2003,all,zeros_included,district,Yerol,10999,0.0,0.01751232342788725,0.0,0.0,0.0
2003,all,zeros_included,district,Aryat,2202,0.0,0.003505967468697856,0.0,0.0,0.0
2003,all,zeros_included,district,Aweil,20600,4.854368932038835e-05,0.032798787400170684,0.00028538812785388126,9.933046354777673,0.00283477350307582
2003,all,zeros_included,district,Nahr Lol,3912,0.0,0.0062285852577411505,0.0,0.0,0.0
2003,all,zeros_included,district,Wanjuk,5475,0.0,0.00871715344737546,0.0,0.0,0.0
2003,all,zeros_included,district,Al Leiri,12542,0.0,0.01996904813460877,0.0,0.0,0.0
2003,all,zeros_included,district,Al Mayom,5787,0.0,0.009213911780814939,0.0,0.0,0.0
2003,all,zeros_included,district,Faring,4032,0.0,0.0064196461552178735,0.0,0.0,0.0
2003,all,zeros_included,district,Rabkona,14148,0.12934690415606445,0.022526079812505574,0.5222602739726028,4.1017228022311745,2.142166874452925
2003,all,zeros_included,district,Al Mabien,8336,0.0,0.01327236367804965,0.0,0.0,0.0
2003,all,zeros_included,district,Al Renk,10820,0.01977818853974122,0.017227324255817803,0.06107305936073059,5.909157601061134,0.360890332941519
2003,all,zeros_included,district,Baleit,11460,0.0,0.01824631570902699,0.0,0.0,0.0
2003,all,zeros_included,district,Fashooda,8486,0.006363422106999765,0.013511189799895554,0.015410958904109588,6.522820574686321,0.10052291981537138
2003,all,zeros_included,district,Malut,12969,0.005089058524173028,0.020648906494796775,0.018835616438356163,7.010853032243656,0.13205373862102776
2003,all,zeros_included,district,Mayot,8454,0.0,0.013460240227235094,0.0,0.0,0.0
2003,all,zeros_included,district,Sobat,10393,0.0,0.0165474658956298,0.0,0.0,0.0
2003,all,zeros_included,district,Tonga,6297,0.055264411624583135,0.010025920595091008,0.09931506849315068,4.893398717783097,0.485988228820924
2003,all,zeros_included,district,Gogrial,9885,0.00020232675771370763,0.015738641429645008,0.0005707762557077625,9.198773735604718,0.0052504416299113685
2003,all,zeros_included,district,Malek,1894,0.019535374868004225,0.0030155778318409353,0.010559360730593607,4.930651957644971,0.052064532657780806
2003,all,zeros_included,district,Tonj,13719,0.0,0.02184303710402629,0.0,0.0,0.0
2003,all,zeros_included,district,Warab,13973,0.013526086023044443,0.022247449337018686,0.05393835616438356,6.29008262451417,0.33927671690444583
2003,all,zeros_included,district,Raja,56641,0.0003354460549778429,0.09018233578315862,0.005422374429223744,8.8398355194787,0.0479328980793651
2003,all,zeros_included,district,Wau,28875,0.0044329004329004325,0.04597402845533633,0.0365296803652968,7.388888742534326,0.26991374401951873
2003,all,zeros_included,district,Meridi,19496,0.0,0.031041027143384834,0.0,0.0,0.0
2003,all,zeros_included,district,Mundri,16326,0.0,0.025993835101708083,0.0,0.0,0.0
2003,all,zeros_included,district,Tombura,27598,0.0,0.04394082207135488,0.0,0.0,0.0
2003,all,zeros_included,district,Yambio,15715,0.0,0.02502101669872244,0.0,0.0,0.0
2003,all,lit_only,state,Central Equatoria,65,9.476923076923077,0.11754068716094032,0.17579908675799086,0.19091544536029126,0.033562760942334305
2003,all,lit_only,state,North Bahr-al-Ghazal,1,1.0,0.0018083182640144665,0.00028538812785388126,0.0,0.0
2003,all,lit_only,state,Unity,291,6.288659793814433,0.5262206148282098,0.5222602739726028,0.2177175190772962,0.11370521116194408
2003,all,lit_only,state,Upper Nile,116,5.879310344827586,0.20976491862567812,0.19463470319634704,0.15460409402836395,0.03009132195415075
2003,all,lit_only,state,Warap,49,4.653061224489796,0.08860759493670886,0.06506849315068493,0.27711913504418173,0.018031724540546072
2003,all,lit_only,state,West Bahr-al-Ghazal,31,4.741935483870968,0.05605786618444846,0.04195205479452055,0.2676358673042174,0.011227874570125558
2003,all,lit_only,district,Bahr al Jabal,65,9.476923076923077,0.11754068716094032,0.17579908675799086,0.19091544536029126,0.033562760942334305
2003,all,lit_only,district,Aweil,1,1.0,0.0018083182640144665,0.00028538812785388126,0.0,0.0
2003,all,lit_only,district,Rabkona,291,6.288659793814433,0.5262206148282098,0.5222602739726028,0.2177175190772962,0.11370521116194408
2003,all,lit_only,district,Al Renk,33,6.484848484848484,0.059674502712477394,0.06107305936073059,0.1165136101271409,0.0071158426276278965
2003,all,lit_only,district,Fashooda,15,3.6,0.027124773960216998,0.015410958904109588,0.1846977500262612,0.0028463694353362172
2003,all,lit_only,district,Malut,13,5.076923076923077,0.023508137432188065,0.018835616438356163,0.1054852163694513,0.0019868790754519936
2003,all,lit_only,district,Tonga,55,6.327272727272727,0.09945750452079566,0.09931506849315068,0.1529032945268256,0.015185601168760077
2003,all,lit_only,district,Gogrial,1,2.0,0.0018083182640144665,0.0005707762557077625,0.0,0.0
2003,all,lit_only,district,Malek,16,2.3125,0.028933092224231464,0.010559360730593607,0.15679440613872975,0.001655648694958048
2003,all,lit_only,district,Warab,32,5.90625,0.05786618444846293,0.05393835616438356,0.2109363522334482,0.011377560094783593
2003,all,lit_only,district,Raja,9,2.111111111111111,0.0162748643761302,0.005422374429223744,0.09257171323594193,0.0005019584907200047
2003,all,lit_only,district,Wau,22,5.818181818181818,0.039783001808318265,0.0365296803652968,0.20919974806854702,0.007641999929444639
2004,all,zeros_included,state,Central Equatoria,43704,0.014987186527548966,0.0695843788610223,0.15186645026663576,6.620902550627686,1.0054929679251412
2004,all,zeros_included,state,Eastern Equatoria,69171,0.0,0.11013227782801972,0.0,0.0,0.0
2004,all,zeros_included,state,Jungoli,122217,0.0,0.19459074755760486,0.0,0.0,0.0
2004,all,zeros_included,state,Lakes,42945,0.0,0.06837591868448203,0.0,0.0,0.0
2004,all,zeros_included,state,North Bahr-al-Ghazal,32189,0.0005902637546988101,0.051250493573985145,0.004405286343612335,8.192109066198903,0.036088586194708824
2004,all,zeros_included,state,Unity,36509,0.06305294584896874,0.05812868588314715,0.5337352191050313,5.063037482360491,2.7023214199846626
2004,all,zeros_included,state,Upper Nile,77215,0.010334779511752898,0.12293972665554267,0.18502202643171806,6.405300438065532,1.185121666954856
2004,all,zeros_included,state,Warap,39471,0.008639254135947912,0.06284470570253092,0.07906329700904242,6.466856751272006,0.5112910160407498
2004,all,zeros_included,state,West Bahr-al-Ghazal,85516,0.0023153561906543805,0.13615636423849495,0.04590772084396012,7.797487516400592,0.3579648801871823
2004,all,zeros_included,state,West Equatoria,79135,0.0,0.12599670101517024,0.0,0.0,0.0
2004,all,zeros_included,district,Bahr al Jabal,17132,0.03823254727994396,0.027277127463093402,0.15186645026663576,5.684410979287394,0.8632713172810673
2004,all,zeros_included,district,Kajo Kaii,2406,0.0,0.0038307709944082843,0.0,0.0,0.0
2004,all,zeros_included,district,Nahr Yei,12977,0.0,0.02066164388796189,0.0,0.0,0.0
2004,all,zeros_included,district,Terkaka,11189,0.0,0.017814836515558725,0.0,0.0,0.0
2004,all,zeros_included,district,Amatonge,21615,0.0,0.034414844157994624,0.0,0.0,0.0
2004,all,zeros_included,district,Kapoeta,34186,0.0,0.05443006534282694,0.0,0.0,0.0
2004,all,zeros_included,district,Magwi,5194,0.0,0.008269752512450802,0.0,0.0,0.0
2004,all,zeros_included,district,Shokodom,8176,0.0,0.013017615814747354,0.0,0.0,0.0
2004,all,zeros_included,district,Akobo,18999,0.0,0.030249716593002077,0.0,0.0,0.0
2004,all,zeros_included,district,Ayod,18620,0.0,0.02964628259180476,0.0,0.0,0.0
2004,all,zeros_included,district,Bor,6986,0.0,0.011122928581436523,0.0,0.0,0.0
2004,all,zeros_included,district,Fam al Zaraf,7634,0.0,0.012154657427810824,0.0,0.0,0.0
2004,all,zeros_included,district,Nahr Atiem,13562,0.0,0.02159306576316091,0.0,0.0,0.0
2004,all,zeros_included,district,Pibor,43884,0.0,0.06987097020723738,0.0,0.0,0.0
2004,all,zeros_included,district,Wat,12532,0.0,0.019953126393152377,0.0,0.0,0.0
2004,all,zeros_included,district,Aliab,4267,0.0,0.006793807079443121,0.0,0.0,0.0
2004,all,zeros_included,district,Rumbek,21408,0.0,0.03408526410984728,0.0,0.0,0.0
2004,all,zeros_included,district,Shobet,6271,0.0,0.009984524067304386,0.0,0.0,0.0
2004,all,zeros_included,district,Yerol,10999,0.0,0.01751232342788725,0.0,0.0,0.0
2004,all,zeros_included,district,Aryat,2202,0.0,0.003505967468697856,0.0,0.0,0.0
2004,all,zeros_included,district,Aweil,20600,0.0009223300970873787,0.032798787400170684,0.004405286343612335,7.745775362714571,0.034122358426055384
2004,all,zeros_included,district,Nahr Lol,3912,0.0,0.0062285852577411505,0.0,0.0,0.0
2004,all,zeros_included,district,Wanjuk,5475,0.0,0.00871715344737546,0.0,0.0,0.0
2004,all,zeros_included,district,Al Leiri,12542,0.0,0.01996904813460877,0.0,0.0,0.0
2004,all,zeros_included,district,Al Mayom,5787,0.0,0.009213911780814939,0.0,0.0,0.0
2004,all,zeros_included,district,Faring,4032,0.0,0.0064196461552178735,0.0,0.0,0.0
2004,all,zeros_included,district,Rabkona,14148,0.16270851003675432,0.022526079812505574,0.5337352191050313,4.115051948167517,2.196348153183776
2004,all,zeros_included,district,Al Mabien,8336,0.005638195777351248,0.01327236367804965,0.010897287271041039,6.456874046139548,0.07036241135371175
2004,all,zeros_included,district,Al Renk,10820,0.021626617375231055,0.017227324255817803,0.0542545791792256,5.7377791568731435,0.31130079357948426
2004,all,zeros_included,district,Baleit,11460,0.0,0.01824631570902699,0.0,0.0,0.0
2004,all,zeros_included,district,Fashooda,8486,0.006834786707518265,0.013511189799895554,0.0134477162068166,6.4831696297839425,0.0871838253019867
2004,all,zeros_included,district,Malut,12969,0.007864908628267407,0.020648906494796775,0.02364943194991885,6.2333705248600335,0.14741567204630732
2004,all,zeros_included,district,Mayot,8454,0.0,0.013460240227235094,0.0,0.0,0.0
2004,all,zeros_included,district,Sobat,10393,0.0,0.0165474658956298,0.0,0.0,0.0
2004,all,zeros_included,district,Tonga,6297,0.05669366364935684,0.010025920595091008,0.08277301182471597,4.911352299577148,0.4065274219682452
2004,all,zeros_included,district,Gogrial,9885,0.0005058168942842691,0.015738641429645008,0.001159285879897983,8.698371312066529,0.010083899040188419
2004,all,zeros_included,district,Malek,1894,0.07286166842661035,0.0030155778318409353,0.031996290285184324,3.9760307298547115,0.12721823341524463
2004,all,zeros_included,district,Tonj,13719,0.0,0.02184303710402629,0.0,0.0,0.0
2004,all,zeros_included,district,Warab,13973,0.014170185357475131,0.022247449337018686,0.04590772084396012,6.237264655106542,0.2863386046165303
2004,all,zeros_included,district,Raja,56641,0.0007768224431065836,0.09018233578315862,0.010201715743102248,8.247180600267114,0.08413539216595248
2004,all,zeros_included,district,Wau,28875,0.005333333333333333,0.04597402845533633,0.03570600510085787,7.146621456176275,0.2551773021681304
2004,all,zeros_included,district,Meridi,19496,0.0,0.031041027143384834,0.0,0.0,0.0
2004,all,zeros_included,district,Mundri,16326,0.0,0.025993835101708083,0.0,0.0,0.0
2004,all,zeros_included,district,Tombura,27598,0.0,0.04394082207135488,0.0,0.0,0.0
2004,all,zeros_included,district,Yambio,15715,0.0,0.02502101669872244,0.0,0.0,0.0
2004,all,lit_only,state,Central Equatoria,69,9.492753623188406,0.10648148148148148,0.15186645026663576,0.1698141451493913,0.0257890714289013
2004,all,lit_only,state,North Bahr-al-Ghazal,10,1.9,0.015432098765432098,0.004405286343612335,0.11531410093094507,0.0005079916340570268
2004,all,lit_only,state,Unity,295,7.803389830508475,0.45524691358024694,0.5337352191050313,0.24469875418196585,0.13060434317803973
2004,all,lit_only,state,Upper Nile,157,5.082802547770701,0.24228395061728394,0.18502202643171806,0.20719722575673827,0.03833605058054188
2004,all,lit_only,state,Warap,73,4.671232876712328,0.11265432098765432,0.07906329700904242,0.17399468838645005,0.013756593725893685
2004,all,lit_only,state,West Bahr-al-Ghazal,44,4.5,0.06790123456790123,0.04590772084396012,0.22521837839855463,0.010339262444450225
2004,all,lit_only,district,Bahr al Jabal,69,9.492753623188406,0.10648148148148148,0.15186645026663576,0.1698141451493913,0.0257890714289013
2004,all,lit_only,district,Aweil,10,1.9,0.015432098765432098,0.004405286343612335,0.11531410093094507,0.0005079916340570268
2004,all,lit_only,district,Rabkona,295,7.803389830508475,0.45524691358024694,0.5337352191050313,0.24469875418196585,0.13060434317803973
2004,all,lit_only,district,Al Mabien,15,3.1333333333333333,0.023148148148148147,0.010897287271041039,0.13658548324861042,0.0014884112480140713
2004,all,lit_only,district,Al Renk,41,5.7073170731707314,0.06327160493827161,0.0542545791792256,0.16219967117697887,0.008800074902715756
2004,all,lit_only,district,Fashooda,15,3.8666666666666667,0.023148148148148147,0.0134477162068166,0.14504680512388202,0.0019505482720113974
2004,all,lit_only,district,Malut,33,3.090909090909091,0.05092592592592592,0.02364943194991885,0.25956091299077233,0.006138468148634078
2004,all,lit_only,district,Tonga,53,6.735849056603773,0.08179012345679013,0.08277301182471597,0.13381560464052766,0.011076320625241913
2004,all,lit_only,district,Gogrial,2,2.5,0.0030864197530864196,0.001159285879897983,0.1927447570217573,0.00022344627523969085
2004,all,lit_only,district,Malek,38,3.6315789473684212,0.05864197530864197,0.031996290285184324,0.06717061583507333,0.002149210522893605
2004,all,lit_only,district,Warab,33,6.0,0.05092592592592592,0.04590772084396012,0.18889004149257405,0.008671511295045134
2004,all,lit_only,district,Raja,17,2.588235294117647,0.026234567901234566,0.010201715743102248,0.13590556074435145,0.001386469898620789
2004,all,lit_only,district,Wau,27,5.703703703703703,0.041666666666666664,0.03570600510085787,0.1717268743565099,0.006131680651727921
2005,all,zeros_included,state,Central Equatoria,43704,0.016199890170236132,0.0695843788610223,0.1357622243528284,6.5483195746370235,0.8890144312258894
2005,all,zeros_included,state,Eastern Equatoria,69171,0.0,0.11013227782801972,0.0,0.0,0.0
2005,all,zeros_included,state,Jungoli,122217,0.0,0.19459074755760486,0.0,0.0,0.0
2005,all,zeros_included,state,Lakes,42945,0.00030271277215042494,0.06837591868448203,0.0024928092042186007,8.676166144843712,0.02162802682319622
2005,all,zeros_included,state,North Bahr-al-Ghazal,32189,0.00018639908043120322,0.051250493573985145,0.0011505273250239695,9.049718709407244,0.010411948658953686
2005,all,zeros_included,state,Unity,36509,0.06420334711988825,0.05812868588314715,0.4494726749760308,4.994679063438271,2.244971759290376
2005,all,zeros_included,state,Upper Nile,77215,0.022029398432946965,0.12293972665554267,0.3261744966442954,5.694871767377341,1.8575219321781131
2005,all,zeros_included,state,Warap,39471,0.005827062906944339,0.06284470570253092,0.044103547459252164,7.1817290811759555,0.3167397293711352
2005,all,zeros_included,state,West Bahr-al-Ghazal,85516,0.002490761962673652,0.13615636423849495,0.04084372003835092,7.786721131935491,0.31803865792948416
2005,all,zeros_included,state,West Equatoria,79135,0.0,0.12599670101517024,0.0,0.0,0.0
2005,all,zeros_included,district,Bahr al Jabal,17132,0.04132617324305393,0.027277127463093402,0.1357622243528284,5.611828003296731,0.7618742524130557
2005,all,zeros_included,district,Kajo Kaii,2406,0.0,0.0038307709944082843,0.0,0.0,0.0
2005,all,zeros_included,district,Nahr Yei,12977,0.0,0.02066164388796189,0.0,0.0,0.0
2005,all,zeros_included,district,Terkaka,11189,0.0,0.017814836515558725,0.0,0.0,0.0
2005,all,zeros_included,district,Amatonge,21615,0.0,0.034414844157994624,0.0,0.0,0.0
2005,all,zeros_included,district,Kapoeta,34186,0.0,0.05443006534282694,0.0,0.0,0.0
2005,all,zeros_included,district,Magwi,5194,0.0,0.008269752512450802,0.0,0.0,0.0
2005,all,zeros_included,district,Shokodom,8176,0.0,0.013017615814747354,0.0,0.0,0.0
2005,all,zeros_included,district,Akobo,18999,0.0,0.030249716593002077,0.0,0.0,0.0
2005,all,zeros_included,district,Ayod,18620,0.0,0.02964628259180476,0.0,0.0,0.0
2005,all,zeros_included,district,Bor,6986,0.0,0.011122928581436523,0.0,0.0,0.0
2005,all,zeros_included,district,Fam al Zaraf,7634,0.0,0.012154657427810824,0.0,0.0,0.0
2005,all,zeros_included,district,Nahr Atiem,13562,0.0,0.02159306576316091,0.0,0.0,0.0
2005,all,zeros_included,district,Pibor,43884,0.0,0.06987097020723738,0.0,0.0,0.0
2005,all,zeros_included,district,Wat,12532,0.0,0.019953126393152377,0.0,0.0,0.0
2005,all,zeros_included,district,Aliab,4267,0.0,0.006793807079443121,0.0,0.0,0.0
2005,all,zeros_included,district,Rumbek,21408,0.0006072496263079222,0.03408526410984728,0.0024928092042186007,7.980010601571342,0.019892643877359055
2005,all,zeros_included,district,Shobet,6271,0.0,0.009984524067304386,0.0,0.0,0.0
2005,all,zeros_included,district,Yerol,10999,0.0,0.01751232342788725,0.0,0.0,0.0
2005,all,zeros_included,district,Aryat,2202,0.0,0.003505967468697856,0.0,0.0,0.0
2005,all,zeros_included,district,Aweil,20600,0.0002912621359223301,0.032798787400170684,0.0011505273250239695,8.603385005922913,0.009898429537015817
2005,all,zeros_included,district,Nahr Lol,3912,0.0,0.0062285852577411505,0.0,0.0,0.0
2005,all,zeros_included,district,Wanjuk,5475,0.0,0.00871715344737546,0.0,0.0,0.0
2005,all,zeros_included,district,Al Leiri,12542,0.0019135704034444268,0.01996904813460877,0.004602109300095878,7.3449934714520655,0.033802462764113056
2005,all,zeros_included,district,Al Mayom,5787,0.0,0.009213911780814939,0.0,0.0,0.0
2005,all,zeros_included,district,Faring,4032,0.0,0.0064196461552178735,0.0,0.0,0.0
2005,all,zeros_included,district,Rabkona,14148,0.16398077466779756,0.022526079812505574,0.44487056567593486,4.069013871684463,1.810184502839493
2005,all,zeros_included,district,Al Mabien,8336,0.018953934740882916,0.01327236367804965,0.03029721955896453,5.732044160462273,0.173665000451206
2005,all,zeros_included,district,Al Renk,10820,0.02365988909426987,0.017227324255817803,0.04908916586768937,5.636096559927838,0.2766712788766111
2005,all,zeros_included,district,Baleit,11460,0.0,0.01824631570902699,0.0,0.0,0.0
2005,all,zeros_included,district,Fashooda,8486,0.006834786707518265,0.013511189799895554,0.011121764141898373,6.4831696297839425,0.0721042835143756
2005,all,zeros_included,district,Malut,12969,0.06530958439355386,0.020648906494796775,0.16241610738255036,4.600718176396498,0.7472307373744649
2005,all,zeros_included,district,Mayot,8454,0.0,0.013460240227235094,0.0,0.0,0.0
2005,all,zeros_included,district,Sobat,10393,0.0,0.0165474658956298,0.0,0.0,0.0
2005,all,zeros_included,district,Tonga,6297,0.06066380816261712,0.010025920595091008,0.07325023969319272,4.794657802912625,0.35120983331018657
2005,all,zeros_included,district,Gogrial,9885,0.0,0.015738641429645008,0.0,0.0,0.0
2005,all,zeros_included,district,Malek,1894,0.013727560718057022,0.0030155778318409353,0.004985618408437201,6.045641713390635,0.030141262617096175
2005,all,zeros_included,district,Tonj,13719,0.0,0.02184303710402629,0.0,0.0,0.0
2005,all,zeros_included,district,Warab,13973,0.014599584913762256,0.022247449337018686,0.039117929050814966,6.298832732097399,0.24639729191713702
2005,all,zeros_included,district,Raja,56641,0.0011122684980844264,0.09018233578315862,0.01208053691275168,8.09657919959999,0.09781102388778512
2005,all,zeros_included,district,Wau,28875,0.005194805194805195,0.04597402845533633,0.028763183125599237,7.260108852443528,0.20882384043461732
2005,all,zeros_included,district,Meridi,19496,0.0,0.031041027143384834,0.0,0.0,0.0
2005,all,zeros_included,district,Mundri,16326,0.0,0.025993835101708083,0.0,0.0,0.0
2005,all,zeros_included,district,Tombura,27598,0.0,0.04394082207135488,0.0,0.0,0.0
2005,all,zeros_included,district,Yambio,15715,0.0,0.02502101669872244,0.0,0.0,0.0
2005,all,lit_only,state,Central Equatoria,73,9.698630136986301,0.09090909090909091,0.1357622243528284,0.15358410570986036,0.020850919816410574
2005,all,lit_only,state,Lakes,8,1.625,0.009962640099626401,0.0024928092042186003,0.08793218032322242,0.00021919814845673853
2005,all,lit_only,state,North Bahr-al-Ghazal,4,1.5,0.0049813200498132005,0.0011505273250239693,0.056633012265132454,6.515782810945248e-05
2005,all,lit_only,state,Unity,325,7.212307692307692,0.40473225404732255,0.44947267497603066,0.2731901612496639,0.12279151255401959
2005,all,lit_only,state,Upper Nile,316,5.382911392405063,0.39352428393524286,0.3261744966442953,0.19626496330715204,0.06401662561562141
2005,all,lit_only,state,Warap,34,6.764705882352941,0.04234122042341221,0.04410354745925216,0.12476810175816899,0.0055027158972922085
2005,all,lit_only,state,West Bahr-al-Ghazal,43,4.953488372093023,0.053549190535491904,0.04084372003835091,0.19146247570875463,0.007820039755697936
2005,all,lit_only,district,Bahr al Jabal,73,9.698630136986301,0.09090909090909091,0.1357622243528284,0.15358410570986036,0.020850919816410574
2005,all,lit_only,district,Rumbek,8,1.625,0.009962640099626401,0.0024928092042186003,0.08793218032322242,0.00021919814845673853
2005,all,lit_only,district,Aweil,4,1.5,0.0049813200498132005,0.0011505273250239693,0.056633012265132454,6.515782810945248e-05
2005,all,lit_only,district,Al Leiri,9,2.6666666666666665,0.0112079701120797,0.004602109300095877,0.10537975768531882,0.0004849691628854557
2005,all,lit_only,district,Rabkona,316,7.341772151898734,0.39352428393524286,0.4448705656759348,0.26742753494600446,0.11897063874874983
2005,all,lit_only,district,Al Mabien,32,4.9375,0.039850560398505604,0.030297219558964524,0.169441299268851,0.005133600246304593
2005,all,lit_only,district,Al Renk,45,5.688888888888889,0.05603985056039851,0.049089165867689355,0.15360749729768508,0.007540463913366708
2005,all,lit_only,district,Fashooda,15,3.8666666666666667,0.0186799501867995,0.01112176414189837,0.14504680512388202,0.001613176356123712
2005,all,lit_only,district,Malut,163,5.196319018404908,0.20298879202988793,0.16241610738255033,0.2241512038675193,0.03640576599727494
2005,all,lit_only,district,Tonga,61,6.262295081967213,0.0759651307596513,0.07325023969319272,0.1577030585971937,0.011551786842594055
2005,all,lit_only,district,Malek,5,5.2,0.0062266500622665,0.0049856184084372005,0.10863335207871172,0.0005416044398938648
2005,all,lit_only,district,Warab,29,7.0344827586206895,0.0361145703611457,0.03911792905081496,0.12124638700342505,0.004742907564467634
2005,all,lit_only,district,Raja,20,3.15,0.024906600249066,0.012080536912751677,0.14782308957500168,0.0017857822901678054
2005,all,lit_only,district,Wau,23,6.521739130434782,0.028642590286425903,0.028763183125599234,0.12487162054858225,0.0035917052890292117
2006,all,zeros_included,state,Central Equatoria,43704,0.02182866556836903,0.0695843788610223,0.12909336941813263,6.182339863356528,0.7980990838487318
2006,all,zeros_included,state,Eastern Equatoria,69171,0.0,0.11013227782801972,0.0,0.0,0.0
2006,all,zeros_included,state,Jungoli,122217,0.0,0.19459074755760486,0.0,0.0,0.0
2006,all,zeros_included,state,Lakes,42945,0.0011177086971707998,0.06837591868448203,0.006495263870094722,8.023831918534945,0.05211690556017285
2006,all,zeros_included,state,North Bahr-al-Ghazal,32189,0.00043493118767280747,0.051250493573985145,0.0018944519621109607,8.334448883412412,0.01578921304029415
2006,all,zeros_included,state,Unity,36509,0.07718644717740832,0.05812868588314715,0.3813261163734777,4.744047915073123,1.809029367344528
2006,all,zeros_included,state,Upper Nile,77215,0.038140257721945216,0.12293972665554267,0.39851150202977,5.412242925415157,2.1568410575571906
2006,all,zeros_included,state,Warap,39471,0.006561779534341668,0.06284470570253092,0.035047361299052775,7.137213097596299,0.2501404860997891
2006,all,zeros_included,state,West Bahr-al-Ghazal,85516,0.004116188783385565,0.13615636423849495,0.047631935047361296,7.445887606112481,0.3546620348243022
2006,all,zeros_included,state,West Equatoria,79135,0.0,0.12599670101517024,0.0,0.0,0.0
2006,all,zeros_included,district,Bahr al Jabal,17132,0.044828391314499186,0.027277127463093402,0.10392422192151556,5.559027481678655,0.5777176056737763
2006,all,zeros_included,district,Kajo Kaii,2406,0.0,0.0038307709944082843,0.0,0.0,0.0
2006,all,zeros_included,district,Nahr Yei,12977,0.01433305078215304,0.02066164388796189,0.02516914749661705,6.205348300259388,0.15618332663711043
2006,all,zeros_included,district,Terkaka,11189,0.0,0.017814836515558725,0.0,0.0,0.0
2006,all,zeros_included,district,Amatonge,21615,0.0,0.034414844157994624,0.0,0.0,0.0
2006,all,zeros_included,district,Kapoeta,34186,0.0,0.05443006534282694,0.0,0.0,0.0
2006,all,zeros_included,district,Magwi,5194,0.0,0.008269752512450802,0.0,0.0,0.0
2006,all,zeros_included,district,Shokodom,8176,0.0,0.013017615814747354,0.0,0.0,0.0
2006,all,zeros_included,district,Akobo,18999,0.0,0.030249716593002077,0.0,0.0,0.0
2006,all,zeros_included,district,Ayod,18620,0.0,0.02964628259180476,0.0,0.0,0.0
2006,all,zeros_included,district,Bor,6986,0.0,0.011122928581436523,0.0,0.0,0.0
2006,all,zeros_included,district,Fam al Zaraf,7634,0.0,0.012154657427810824,0.0,0.0,0.0
2006,all,zeros_included,district,Nahr Atiem,13562,0.0,0.02159306576316091,0.0,0.0,0.0
2006,all,zeros_included,district,Pibor,43884,0.0,0.06987097020723738,0.0,0.0,0.0
2006,all,zeros_included,district,Wat,12532,0.0,0.019953126393152377,0.0,0.0,0.0
2006,all,zeros_included,district,Aliab,4267,0.0,0.006793807079443121,0.0,0.0,0.0
2006,all,zeros_included,district,Rumbek,21408,0.002242152466367713,0.03408526410984728,0.006495263870094722,7.327676375262576,0.04759519161198966
2006,all,zeros_included,district,Shobet,6271,0.0,0.009984524067304386,0.0,0.0,0.0
2006,all,zeros_included,district,Yerol,10999,0.0,0.01751232342788725,0.0,0.0,0.0
2006,all,zeros_included,district,Aryat,2202,0.0,0.003505967468697856,0.0,0.0,0.0
2006,all,zeros_included,district,Aweil,20600,0.0006796116504854369,0.032798787400170684,0.0018944519621109607,7.888115179928081,0.014943655279972008
2006,all,zeros_included,district,Nahr Lol,3912,0.0,0.0062285852577411505,0.0,0.0,0.0
2006,all,zeros_included,district,Wanjuk,5475,0.0,0.00871715344737546,0.0,0.0,0.0
2006,all,zeros_included,district,Al Leiri,12542,0.035161856163291344,0.01996904813460877,0.059675236806495266,5.229643304934828,0.3120802026354884
2006,all,zeros_included,district,Al Mayom,5787,0.0,0.009213911780814939,0.0,0.0,0.0
2006,all,zeros_included,district,Faring,4032,0.0,0.0064196461552178735,0.0,0.0,0.0
2006,all,zeros_included,district,Rabkona,14148,0.1680096126661012,0.022526079812505574,0.3216508795669824,4.022032678118675,1.2936903485640177
2006,all,zeros_included,district,Al Mabien,8336,0.04126679462571977,0.01327236367804965,0.04654939106901218,5.142432533480533,0.23937710304699641
2006,all,zeros_included,district,Al Renk,10820,0.02800369685767098,0.017227324255817803,0.04100135317997294,5.409785929358543,0.22180854351767776
2006,all,zeros_included,district,Baleit,11460,0.0,0.01824631570902699,0.0,0.0,0.0
2006,all,zeros_included,district,Fashooda,8486,0.00648126325712939,0.013511189799895554,0.007442489851150203,6.633649728935337,0.049370870783686543
2006,all,zeros_included,district,Malut,12969,0.14257074562418073,0.020648906494796775,0.25020297699594046,4.228822803282505,1.058064054569601
2006,all,zeros_included,district,Mayot,8454,0.0,0.013460240227235094,0.0,0.0,0.0
2006,all,zeros_included,district,Sobat,10393,0.0,0.0165474658956298,0.0,0.0,0.0
2006,all,zeros_included,district,Tonga,6297,0.06256947752898205,0.010025920595091008,0.05331529093369418,4.766161954834001,0.2541093112590793
2006,all,zeros_included,district,Gogrial,9885,0.0,0.015738641429645008,0.0,0.0,0.0
2006,all,zeros_included,district,Malek,1894,0.0,0.0030155778318409353,0.0,0.0,0.0
2006,all,zeros_included,district,Tonj,13719,0.0,0.02184303710402629,0.0,0.0,0.0
2006,all,zeros_included,district,Warab,13973,0.018535747513060905,0.022247449337018686,0.035047361299052775,6.098773768642799,0.21374592775080986
2006,all,zeros_included,district,Raja,56641,0.002118606663017955,0.09018233578315862,0.016238159675236806,7.911217064484262,0.12846360591855363
2006,all,zeros_included,district,Wau,28875,0.008034632034632035,0.04597402845533633,0.03139377537212449,6.879902147725453,0.2159861026078897
2006,all,zeros_included,district,Meridi,19496,0.0,0.031041027143384834,0.0,0.0,0.0
2006,all,zeros_included,district,Mundri,16326,0.0,0.025993835101708083,0.0,0.0,0.0
2006,all,zeros_included,district,Tombura,27598,0.0,0.04394082207135488,0.0,0.0,0.0
2006,all,zeros_included,district,Yambio,15715,0.0,0.02502101669872244,0.0,0.0,0.0
2006,all,lit_only,state,Central Equatoria,110,8.672727272727272,0.10156971375807941,0.12909336941813263,0.19762531907339076,0.025512118321517566
2006,all,lit_only,state,Lakes,17,2.823529411764706,0.01569713758079409,0.006495263870094722,0.18936975639083675,0.001230006536774041
2006,all,lit_only,state,North Bahr-al-Ghazal,8,1.75,0.007386888273314866,0.0018944519621109607,0.034510366830244665,6.537823215472602e-05
2006,all,lit_only,state,Unity,394,7.152284263959391,0.3638042474607572,0.3813261163734777,0.21508473985271248,0.08201742853923462
2006,all,lit_only,state,Upper Nile,462,6.374458874458875,0.4265927977839335,0.39851150202977,0.29345879883979475,0.11694670670949872
2006,all,lit_only,state,Warap,35,7.4,0.032317636195752536,0.035047361299052775,0.10923965505176447,0.0038285616587830852
2006,all,lit_only,state,West Bahr-al-Ghazal,57,6.175438596491228,0.05263157894736842,0.047631935047361296,0.13248010202673233,0.006310283614805112
2006,all,lit_only,district,Bahr al Jabal,80,9.6,0.07386888273314866,0.10392422192151556,0.19235077761727526,0.0199899048998738
2006,all,lit_only,district,Nahr Yei,30,6.2,0.027700831024930747,0.02516914749661705,0.13561184318431185,0.0034132344833940464
2006,all,lit_only,district,Rumbek,17,2.823529411764706,0.01569713758079409,0.006495263870094722,0.18936975639083675,0.001230006536774041
2006,all,lit_only,district,Aweil,8,1.75,0.007386888273314866,0.0018944519621109607,0.034510366830244665,6.537823215472602e-05
2006,all,lit_only,district,Al Leiri,77,5.7272727272727275,0.07109879963065559,0.059675236806495266,0.13661043568554576,0.008152260099773434
2006,all,lit_only,district,Rabkona,317,7.4984227129337535,0.29270544783010155,0.3216508795669824,0.22360590167058447,0.07192303494871168
2006,all,lit_only,district,Al Mabien,58,5.931034482758621,0.05355493998153278,0.04654939106901218,0.17453678003380424,0.00812458082971971
2006,all,lit_only,district,Al Renk,56,5.410714285714286,0.05170821791320406,0.04100135317997294,0.14598606769321987,0.005985626320845145
2006,all,lit_only,district,Fashooda,12,4.583333333333333,0.0110803324099723,0.007442489851150203,0.07238335296106801,0.0005387123698049717
2006,all,lit_only,district,Malut,275,6.723636363636364,0.25392428439519854,0.25020297699594046,0.37527672761333397,0.09389535444615081
2006,all,lit_only,district,Tonga,61,6.459016393442623,0.05632502308402586,0.05331529093369418,0.12920721051856954,0.006888720019528605
2006,all,lit_only,district,Warab,35,7.4,0.032317636195752536,0.035047361299052775,0.10923965505176447,0.0038285616587830852
2006,all,lit_only,district,Raja,23,5.217391304347826,0.02123730378578024,0.016238159675236806,0.10222289683443297,0.0016599117212627817
2006,all,lit_only,district,Wau,34,6.823529411764706,0.03139427516158818,0.03139377537212449,0.13553122451751887,0.0042548368184119586
2007,all,zeros_included,state,Central Equatoria,43704,0.03267435475013729,0.0695843788610223,0.1586137954015328,6.0609713216530645,0.9613536651472371
2007,all,zeros_included,state,Eastern Equatoria,69171,0.0001156554047216319,0.11013227782801972,0.0008885926913251138,9.584755822364846,0.008516943971889233
2007,all,zeros_included,state,Jungoli,122217,0.0,0.19459074755760486,0.0,0.0,0.0
2007,all,zeros_included,state,Lakes,42945,0.002305274187914775,0.06837591868448203,0.010996334555148283,7.637367250851227,0.0839830454108932
2007,all,zeros_included,state,North Bahr-al-Ghazal,32189,0.00406971325608127,0.051250493573985145,0.01455070532044874,7.214247600775994,0.10497239094764581
2007,all,zeros_included,state,Unity,36509,0.0796515927579501,0.05812868588314715,0.3230034432966789,4.7085017237480775,1.520862269538977
2007,all,zeros_included,state,Upper Nile,77215,0.049057825552030046,0.12293972665554267,0.4207486393424414,5.291964053359081,2.226586674899944
2007,all,zeros_included,state,Warap,39471,0.007727192115730536,0.06284470570253092,0.033877596356769964,7.008003923019748,0.23741432817072344
2007,all,zeros_included,state,West Bahr-al-Ghazal,85516,0.003929089293231676,0.13615636423849495,0.03732089303565478,7.727374508130822,0.28839251746439587
2007,all,zeros_included,state,West Equatoria,79135,0.0,0.12599670101517024,0.0,0.0,0.0
2007,all,zeros_included,district,Bahr al Jabal,17132,0.07208732197058138,0.027277127463093402,0.13717649672331444,5.365388822030711,0.7360052421646038
2007,all,zeros_included,district,Kajo Kaii,2406,0.0,0.0038307709944082843,0.0,0.0,0.0
2007,all,zeros_included,district,Nahr Yei,12977,0.01487246667180396,0.02066164388796189,0.02143729867821837,6.235636242224409,0.13367519657328789
2007,all,zeros_included,district,Terkaka,11189,0.0,0.017814836515558725,0.0,0.0,0.0
2007,all,zeros_included,district,Amatonge,21615,0.00037011334721258386,0.034414844157994624,0.0008885926913251138,8.421561640841855,0.007483338123596005
2007,all,zeros_included,district,Kapoeta,34186,0.0,0.05443006534282694,0.0,0.0,0.0
2007,all,zeros_included,district,Magwi,5194,0.0,0.008269752512450802,0.0,0.0,0.0
2007,all,zeros_included,district,Shokodom,8176,0.0,0.013017615814747354,0.0,0.0,0.0
2007,all,zeros_included,district,Akobo,18999,0.0,0.030249716593002077,0.0,0.0,0.0
2007,all,zeros_included,district,Ayod,18620,0.0,0.02964628259180476,0.0,0.0,0.0
2007,all,zeros_included,district,Bor,6986,0.0,0.011122928581436523,0.0,0.0,0.0
2007,all,zeros_included,district,Fam al Zaraf,7634,0.0,0.012154657427810824,0.0,0.0,0.0
2007,all,zeros_included,district,Nahr Atiem,13562,0.0,0.02159306576316091,0.0,0.0,0.0
2007,all,zeros_included,district,Pibor,43884,0.0,0.06987097020723738,0.0,0.0,0.0
2007,all,zeros_included,district,Wat,12532,0.0,0.019953126393152377,0.0,0.0,0.0
2007,all,zeros_included,district,Aliab,4267,0.0,0.006793807079443121,0.0,0.0,0.0
2007,all,zeros_included,district,Rumbek,21408,0.004624439461883408,0.03408526410984728,0.010996334555148283,6.941211707578857,0.07632788615464921
2007,all,zeros_included,district,Shobet,6271,0.0,0.009984524067304386,0.0,0.0,0.0
2007,all,zeros_included,district,Yerol,10999,0.0,0.01751232342788725,0.0,0.0,0.0
2007,all,zeros_included,district,Aryat,2202,0.0,0.003505967468697856,0.0,0.0,0.0
2007,all,zeros_included,district,Aweil,20600,0.006359223300970874,0.032798787400170684,0.01455070532044874,6.767913897291663,0.09847792075366077
2007,all,zeros_included,district,Nahr Lol,3912,0.0,0.0062285852577411505,0.0,0.0,0.0
2007,all,zeros_included,district,Wanjuk,5475,0.0,0.00871715344737546,0.0,0.0,0.0
2007,all,zeros_included,district,Al Leiri,12542,0.04162015627491628,0.01996904813460877,0.05798067310896368,5.2122622295818655,0.30221047249158434
2007,all,zeros_included,district,Al Mayom,5787,0.0,0.009213911780814939,0.0,0.0,0.0
2007,all,zeros_included,district,Faring,4032,0.0,0.0064196461552178735,0.0,0.0,0.0
2007,all,zeros_included,district,Rabkona,14148,0.16864574498162285,0.022526079812505574,0.2650227701877152,3.990155315196201,1.057482015112533
2007,all,zeros_included,district,Al Mabien,8336,0.06333973128598848,0.01327236367804965,0.058647117627457515,4.93107278045926,0.2891932053851482
2007,all,zeros_included,district,Al Renk,10820,0.028188539741219962,0.017227324255817803,0.033877596356769964,5.520319169490856,0.18701514458455082
2007,all,zeros_included,district,Baleit,11460,0.0,0.01824631570902699,0.0,0.0,0.0
2007,all,zeros_included,district,Fashooda,8486,0.005892057506481263,0.013511189799895554,0.005553704320781961,6.794798273037732,0.03773630052781146
2007,all,zeros_included,district,Malut,12969,0.19107101549849642,0.020648906494796775,0.275241586137954,4.062957739574863,1.1182949326520615
2007,all,zeros_included,district,Mayot,8454,0.0,0.013460240227235094,0.0,0.0,0.0
2007,all,zeros_included,district,Sobat,10393,0.0,0.0165474658956298,0.0,0.0,0.0
2007,all,zeros_included,district,Tonga,6297,0.06781006828648563,0.010025920595091008,0.047428634899477955,4.645281856854941,0.22031937719394204
2007,all,zeros_included,district,Gogrial,9885,0.0,0.015738641429645008,0.0,0.0,0.0
2007,all,zeros_included,district,Malek,1894,0.0021119324181626186,0.0030155778318409353,0.0004442963456625569,6.984111129127215,0.0031030150523724156
2007,all,zeros_included,district,Tonj,13719,0.0,0.02184303710402629,0.0,0.0,0.0
2007,all,zeros_included,district,Warab,13973,0.02154154440707078,0.022247449337018686,0.033433300011107406,6.000321388038965,0.20061054512937113
2007,all,zeros_included,district,Raja,56641,0.0008827527762574814,0.09018233578315862,0.005553704320781961,9.002607491266723,0.04999782012255205
2007,all,zeros_included,district,Wau,28875,0.009904761904761904,0.04597402845533633,0.03176718871487282,6.8408582784678025,0.2173148359037867
2007,all,zeros_included,district,Meridi,19496,0.0,0.031041027143384834,0.0,0.0,0.0
2007,all,zeros_included,district,Mundri,16326,0.0,0.025993835101708083,0.0,0.0,0.0
2007,all,zeros_included,district,Tombura,27598,0.0,0.04394082207135488,0.0,0.0,0.0
2007,all,zeros_included,district,Yambio,15715,0.0,0.02502101669872244,0.0,0.0,0.0
2007,all,lit_only,state,Central Equatoria,131,10.900763358778626,0.11351819757365685,0.1586137954015328,0.25097373477866247,0.03980789661934133
2007,all,lit_only,state,Eastern Equatoria,5,1.6,0.004332755632582322,0.0008885926913251138,0.049856756174223305,4.430234914959307e-05
2007,all,lit_only,state,Lakes,23,4.304347826086956,0.01993067590987868,0.010996334555148283,0.10518596058005136,0.001156660013042884
2007,all,lit_only,state,North Bahr-al-Ghazal,28,4.678571428571429,0.024263431542461005,0.01455070532044874,0.1670720526891949,0.00243101620596296
2007,all,lit_only,state,Unity,402,7.233830845771144,0.3483535528596187,0.3230034432966789,0.1996397278487536,0.06448431951395929
2007,all,lit_only,state,Upper Nile,479,7.908141962421712,0.4150779896013865,0.4207486393424414,0.20931563311289425,0.08806926782535192
2007,all,lit_only,state,Warap,43,7.093023255813954,0.03726169844020797,0.033877596356769964,0.18588253467936267,0.006297253479640743
2007,all,lit_only,state,West Bahr-al-Ghazal,43,7.813953488372093,0.03726169844020797,0.03732089303565478,0.13211585190408615,0.004930681577226806
2007,all,lit_only,district,Bahr al Jabal,104,11.875,0.09012131715771231,0.13717649672331444,0.26107638243682185,0.03581354351987948
2007,all,lit_only,district,Nahr Yei,27,7.148148148148148,0.02339688041594454,0.02143729867821837,0.06053926949150723,0.0012977984018505938
2007,all,lit_only,district,Amatonge,5,1.6,0.004332755632582322,0.0008885926913251138,0.049856756174223305,4.430234914959307e-05
2007,all,lit_only,district,Rumbek,23,4.304347826086956,0.01993067590987868,0.010996334555148283,0.10518596058005136,0.001156660013042884
2007,all,lit_only,district,Aweil,28,4.678571428571429,0.024263431542461005,0.01455070532044874,0.1670720526891949,0.00243101620596296
2007,all,lit_only,district,Al Leiri,78,6.6923076923076925,0.06759098786828423,0.05798067310896368,0.1321327651684907,0.007661146664217722
2007,all,lit_only,district,Rabkona,324,7.364197530864198,0.2807625649913345,0.2650227701877152,0.21357028066315897,0.056600987411118214
2007,all,lit_only,district,Al Mabien,71,7.436619718309859,0.06152512998266898,0.058647117627457515,0.16541389350742763,0.00970104806974584
2007,all,lit_only,district,Al Renk,48,6.354166666666667,0.0415944540727903,0.033877596356769964,0.10236862799827429,0.003468003058921877
2007,all,lit_only,district,Fashooda,10,5.0,0.008665511265164644,0.005553704320781961,0.05121034026950788,0.0002844070880234804
2007,all,lit_only,district,Malut,280,8.85,0.24263431542461006,0.275241586137954,0.22743016940837046,0.06259824056358347
2007,all,lit_only,district,Tonga,70,6.1,0.060658578856152515,0.047428634899477955,0.1459484904155579,0.0069221376660494535
2007,all,lit_only,district,Malek,2,2.0,0.0017331022530329288,0.0004442963456625569,0.130812035941137,5.811930953732622e-05
2007,all,lit_only,district,Warab,41,7.341463414634147,0.03552859618717504,0.033433300011107406,0.1690112796628247,0.005650604818228394
2007,all,lit_only,district,Raja,7,7.142857142857143,0.006065857885615251,0.005553704320781961,0.004029256743056875,2.237730058345482e-05
2007,all,lit_only,district,Wau,36,7.944444444444445,0.03119584055459272,0.03176718871487282,0.15364576909981764,0.004880894142235683
2008,all,zeros_included,state,Central Equatoria,43704,0.04651748123741534,0.0695843788610223,0.2481689453125,5.93611347625803,1.4731590206582734
2008,all,zeros_included,state,Eastern Equatoria,69171,0.0008818724610024433,0.11013227782801972,0.0074462890625,8.49346702253294,0.06324481059259147
2008,all,zeros_included,state,Jungoli,122217,0.0004336548925272262,0.19459074755760486,0.0064697265625,9.050072893411583,0.05855149699106615
2008,all,zeros_included,state,Lakes,42945,0.0,0.06837591868448203,0.0,0.0,0.0
2008,all,zeros_included,state,North Bahr-al-Ghazal,32189,0.00521917425207369,0.051250493573985145,0.0205078125,7.297577518886115,0.14965735146153164
2008,all,zeros_included,state,Unity,36509,0.02040592730559588,0.05812868588314715,0.0909423828125,6.491605981287089,0.5903621162181252
2008,all,zeros_included,state,Upper Nile,77215,0.05834358609078547,0.12293972665554267,0.5499267578125,5.1461887020941255,2.83002686803394
2008,all,zeros_included,state,Warap,39471,0.007879202452433433,0.06284470570253092,0.0379638671875,7.572491843909242,0.28748107464059747
2008,all,zeros_included,state,West Bahr-al-Ghazal,85516,0.0036952149305393145,0.13615636423849495,0.03857421875,8.239119524598065,0.31781759884924177
2008,all,zeros_included,state,West Equatoria,79135,0.0,0.12599670101517024,0.0,0.0,0.0
2008,all,zeros_included,district,Bahr al Jabal,17132,0.10372402521597011,0.027277127463093402,0.2169189453125,5.218469684872639,1.1319849401878272
2008,all,zeros_included,district,Kajo Kaii,2406,0.0,0.0038307709944082843,0.0,0.0,0.0
2008,all,zeros_included,district,Nahr Yei,12977,0.019727209678662247,0.02066164388796189,0.03125,6.20904742722044,0.19403273210063876
2008,all,zeros_included,district,Terkaka,11189,0.0,0.017814836515558725,0.0,0.0,0.0
2008,all,zeros_included,district,Amatonge,21615,0.0028221142724959517,0.034414844157994624,0.0074462890625,7.330272841009949,0.05458333048115318
2008,all,zeros_included,district,Kapoeta,34186,0.0,0.05443006534282694,0.0,0.0,0.0
2008,all,zeros_included,district,Magwi,5194,0.0,0.008269752512450802,0.0,0.0,0.0
2008,all,zeros_included,district,Shokodom,8176,0.0,0.013017615814747354,0.0,0.0,0.0
2008,all,zeros_included,district,Akobo,18999,0.0,0.030249716593002077,0.0,0.0,0.0
2008,all,zeros_included,district,Ayod,18620,0.0,0.02964628259180476,0.0,0.0,0.0
2008,all,zeros_included,district,Bor,6986,0.0075866017749785285,0.011122928581436523,0.0064697265625,6.1881828865315445,0.040035851194601055
2008,all,zeros_included,district,Fam al Zaraf,7634,0.0,0.012154657427810824,0.0,0.0,0.0
2008,all,zeros_included,district,Nahr Atiem,13562,0.0,0.02159306576316091,0.0,0.0,0.0
2008,all,zeros_included,district,Pibor,43884,0.0,0.06987097020723738,0.0,0.0,0.0
2008,all,zeros_included,district,Wat,12532,0.0,0.019953126393152377,0.0,0.0,0.0
2008,all,zeros_included,district,Aliab,4267,0.0,0.006793807079443121,0.0,0.0,0.0
2008,all,zeros_included,district,Rumbek,21408,0.0,0.03408526410984728,0.0,0.0,0.0
2008,all,zeros_included,district,Shobet,6271,0.0,0.009984524067304386,0.0,0.0,0.0
2008,all,zeros_included,district,Yerol,10999,0.0,0.01751232342788725,0.0,0.0,0.0
2008,all,zeros_included,district,Aryat,2202,0.0,0.003505967468697856,0.0,0.0,0.0
2008,all,zeros_included,district,Aweil,20600,0.008155339805825243,0.032798787400170684,0.0205078125,6.851243815401785,0.14050402355804442
2008,all,zeros_included,district,Nahr Lol,3912,0.0,0.0062285852577411505,0.0,0.0,0.0
2008,all,zeros_included,district,Wanjuk,5475,0.0,0.00871715344737546,0.0,0.0,0.0
2008,all,zeros_included,district,Al Leiri,12542,0.0,0.01996904813460877,0.0,0.0,0.0
2008,all,zeros_included,district,Al Mayom,5787,0.0,0.009213911780814939,0.0,0.0,0.0
2008,all,zeros_included,district,Faring,4032,0.0,0.0064196461552178735,0.0,0.0,0.0
2008,all,zeros_included,district,Rabkona,14148,0.05265761945151258,0.022526079812505574,0.0909423828125,5.543620447094114,0.5041500528668353
2008,all,zeros_included,district,Al Mabien,8336,0.07209692898272553,0.01327236367804965,0.0733642578125,4.876593090265119,0.35776763272086626
2008,all,zeros_included,district,Al Renk,10820,0.033179297597042516,0.017227324255817803,0.0438232421875,5.389755850110451,0.23619657595088525
2008,all,zeros_included,district,Baleit,11460,0.0,0.01824631570902699,0.0,0.0,0.0
2008,all,zeros_included,district,Fashooda,8486,0.003063869903370257,0.013511189799895554,0.003173828125,7.49093391164315,0.023774936731289296
2008,all,zeros_included,district,Malut,12969,0.2270799599043874,0.020648906494796775,0.3594970703125,3.899356900969324,1.4018073820013013
2008,all,zeros_included,district,Mayot,8454,0.0,0.013460240227235094,0.0,0.0,0.0
2008,all,zeros_included,district,Sobat,10393,0.0,0.0165474658956298,0.0,0.0,0.0
2008,all,zeros_included,district,Tonga,6297,0.0911545180244561,0.010025920595091008,0.070068359375,4.413325726916498,0.30923449307251827
2008,all,zeros_included,district,Gogrial,9885,0.0,0.015738641429645008,0.0,0.0,0.0
2008,all,zeros_included,district,Malek,1894,0.0,0.0030155778318409353,0.0,0.0,0.0
2008,all,zeros_included,district,Tonj,13719,0.0,0.02184303710402629,0.0,0.0,0.0
2008,all,zeros_included,district,Warab,13973,0.022257210334215988,0.022247449337018686,0.0379638671875,6.534052514955743,0.24805790187393018
2008,all,zeros_included,district,Raja,56641,0.0007591673875814339,0.09018233578315862,0.0052490234375,9.157375119336749,0.048067276627377954
2008,all,zeros_included,district,Wau,28875,0.009454545454545455,0.04597402845533633,0.0333251953125,7.40429849046782,0.246749693346889
2008,all,zeros_included,district,Meridi,19496,0.0,0.031041027143384834,0.0,0.0,0.0
2008,all,zeros_included,district,Mundri,16326,0.0,0.025993835101708083,0.0,0.0,0.0
2008,all,zeros_included,district,Tombura,27598,0.0,0.04394082207135488,0.0,0.0,0.0
2008,all,zeros_included,district,Yambio,15715,0.0,0.02502101669872244,0.0,0.0,0.0
2008,all,lit_only,state,Central Equatoria,146,13.924657534246576,0.1727810650887574,0.2481689453125,0.23452518789081278,0.058201868528078904
2008,all,lit_only,state,Eastern Equatoria,16,3.8125,0.01893491124260355,0.0074462890625,0.12171876614799793,0.0009063531170688322
2008,all,lit_only,state,Jungoli,16,3.3125,0.01893491124260355,0.0064697265625,0.10910818340454842,0.0007059001123585286
2008,all,lit_only,state,North Bahr-al-Ghazal,24,7.0,0.028402366863905324,0.0205078125,0.09625129097205831,0.001973903428137915
2008,all,lit_only,state,Unity,65,11.461538461538462,0.07692307692307693,0.0909423828125,0.1606791666643801,0.014612546284785543
2008,all,lit_only,state,Upper Nile,533,8.452157598499062,0.6307692307692307,0.5499267578125,0.17036110860286913,0.09368613211131901
2008,all,lit_only,state,Warap,21,14.80952380952381,0.02485207100591716,0.0379638671875,0.03369277759871725,0.001279108133935677
2008,all,lit_only,state,West Bahr-al-Ghazal,24,13.166666666666666,0.028402366863905324,0.03857421875,0.06071458302571209,0.002342017606948855
2008,all,lit_only,district,Bahr al Jabal,118,15.059322033898304,0.13964497041420118,0.2169189453125,0.24045097060304244,0.052158370942578906
2008,all,lit_only,district,Nahr Yei,28,9.142857142857142,0.033136094674556214,0.03125,0.07031809865841332,0.0021974405830754162
2008,all,lit_only,district,Amatonge,16,3.8125,0.01893491124260355,0.0074462890625,0.12171876614799793,0.0009063531170688322
2008,all,lit_only,district,Bor,16,3.3125,0.01893491124260355,0.0064697265625,0.10910818340454842,0.0007059001123585286
2008,all,lit_only,district,Aweil,24,7.0,0.028402366863905324,0.0205078125,0.09625129097205831,0.001973903428137915
2008,all,lit_only,district,Rabkona,65,11.461538461538462,0.07692307692307693,0.0909423828125,0.1606791666643801,0.014612546284785543
2008,all,lit_only,district,Al Mabien,68,8.838235294117647,0.08047337278106509,0.0733642578125,0.06776203144807713,0.004971311145055463
2008,all,lit_only,district,Al Renk,56,6.410714285714286,0.06627218934911243,0.0438232421875,0.12595598844512823,0.005519799786596806
2008,all,lit_only,district,Fashooda,5,5.2,0.005917159763313609,0.003173828125,0.05419879831498031,0.00017201767043328712
2008,all,lit_only,district,Malut,321,9.174454828660435,0.37988165680473374,0.3594970703125,0.20048085076359845,0.07207227850327118
2008,all,lit_only,district,Tonga,83,6.9156626506024095,0.09822485207100591,0.070068359375,0.0843377262243532,0.005909406109958342
2008,all,lit_only,district,Warab,21,14.80952380952381,0.02485207100591716,0.0379638671875,0.03369277759871725,0.001279108133935677
2008,all,lit_only,district,Raja,6,7.166666666666667,0.007100591715976331,0.0052490234375,0.004646204985824687,2.4388038866023136e-05
2008,all,lit_only,district,Wau,18,15.166666666666666,0.021301775147928994,0.0333251953125,0.023938800539890615,0.0007977652035388352
2009,all,zeros_included,state,Central Equatoria,43704,0.05775215083287571,0.0695843788610223,0.2209577168869824,5.81119295881957,1.28402792857048
2009,all,zeros_included,state,Eastern Equatoria,69171,0.0012288386751673388,0.11013227782801972,0.007441127549680469,8.190864550456642,0.06094926786210405
2009,all,zeros_included,state,Jungoli,122217,0.0009327671273227128,0.19459074755760486,0.009979865184277336,8.602327615705567,0.08585006987572745
2009,all,zeros_included,state,Lakes,42945,0.0,0.06837591868448203,0.0,0.0,0.0
2009,all,zeros_included,state,North Bahr-al-Ghazal,32189,0.007393830190437727,0.051250493573985145,0.020835157139105314,7.308041496632338,0.15226419296143714
2009,all,zeros_included,state,Unity,36509,0.022104138705524665,0.05812868588314715,0.07064694038343693,6.447156944748011,0.4554719123182741
2009,all,zeros_included,state,Upper Nile,77215,0.0882859548015282,0.12293972665554267,0.5967784294843737,4.938108372851628,2.946956559374031
2009,all,zeros_included,state,Warap,39471,0.010362037951914064,0.06284470570253092,0.03580495491552132,7.628457612112726,0.27313658087666154
2009,all,zeros_included,state,West Bahr-al-Ghazal,85516,0.0050166050797511574,0.13615636423849495,0.037555808456622604,8.128580959841505,0.3052754295519571
2009,all,zeros_included,state,West Equatoria,79135,0.0,0.12599670101517024,0.0,0.0,0.0
2009,all,zeros_included,district,Bahr al Jabal,17132,0.12864814382442213,0.027277127463093402,0.1929440602293618,5.094026877184481,0.9828622286014703
2009,all,zeros_included,district,Kajo Kaii,2406,0.0,0.0038307709944082843,0.0,0.0,0.0
2009,all,zeros_included,district,Nahr Yei,12977,0.024659012098327812,0.02066164388796189,0.02801365665762059,6.085352435215896,0.17047297376075346
2009,all,zeros_included,district,Terkaka,11189,0.0,0.017814836515558725,0.0,0.0,0.0
2009,all,zeros_included,district,Amatonge,21615,0.003932454314133704,0.034414844157994624,0.007441127549680469,7.02767036893365,0.05229379159234529
2009,all,zeros_included,district,Kapoeta,34186,0.0,0.05443006534282694,0.0,0.0,0.0
2009,all,zeros_included,district,Magwi,5194,0.0,0.008269752512450802,0.0,0.0,0.0
2009,all,zeros_included,district,Shokodom,8176,0.0,0.013017615814747354,0.0,0.0,0.0
2009,all,zeros_included,district,Akobo,18999,0.0,0.030249716593002077,0.0,0.0,0.0
2009,all,zeros_included,district,Ayod,18620,0.0,0.02964628259180476,0.0,0.0,0.0
2009,all,zeros_included,district,Bor,6986,0.016318350987689665,0.011122928581436523,0.009979865184277336,5.740437608825529,0.05728879343483413
2009,all,zeros_included,district,Fam al Zaraf,7634,0.0,0.012154657427810824,0.0,0.0,0.0
2009,all,zeros_included,district,Nahr Atiem,13562,0.0,0.02159306576316091,0.0,0.0,0.0
2009,all,zeros_included,district,Pibor,43884,0.0,0.06987097020723738,0.0,0.0,0.0
2009,all,zeros_included,district,Wat,12532,0.0,0.019953126393152377,0.0,0.0,0.0
2009,all,zeros_included,district,Aliab,4267,0.0,0.006793807079443121,0.0,0.0,0.0
2009,all,zeros_included,district,Rumbek,21408,0.0,0.03408526410984728,0.0,0.0,0.0
2009,all,zeros_included,district,Shobet,6271,0.0,0.009984524067304386,0.0,0.0,0.0
2009,all,zeros_included,district,Yerol,10999,0.0,0.01751232342788725,0.0,0.0,0.0
2009,all,zeros_included,district,Aryat,2202,0.0,0.003505967468697856,0.0,0.0,0.0
2009,all,zeros_included,district,Aweil,20600,0.011553398058252427,0.032798787400170684,0.020835157139105314,6.861707793148007,0.14296476011286227
2009,all,zeros_included,district,Nahr Lol,3912,0.0,0.0062285852577411505,0.0,0.0,0.0
2009,all,zeros_included,district,Wanjuk,5475,0.0,0.00871715344737546,0.0,0.0,0.0
2009,all,zeros_included,district,Al Leiri,12542,0.0,0.01996904813460877,0.0,0.0,0.0
2009,all,zeros_included,district,Al Mayom,5787,0.0,0.009213911780814939,0.0,0.0,0.0
2009,all,zeros_included,district,Faring,4032,0.0,0.0064196461552178735,0.0,0.0,0.0
2009,all,zeros_included,district,Rabkona,14148,0.05703986429177269,0.022526079812505574,0.07064694038343693,5.4991714105550376,0.3884996347997825
2009,all,zeros_included,district,Al Mabien,8336,0.07185700575815739,0.01327236367804965,0.052438063555983544,4.936499729458602,0.25886048655744576
2009,all,zeros_included,district,Al Renk,10820,0.04648798521256932,0.017227324255817803,0.04403396655869737,5.346814826952709,0.23544146528558285
2009,all,zeros_included,district,Baleit,11460,0.0,0.01824631570902699,0.0,0.0,0.0
2009,all,zeros_included,district,Fashooda,8486,0.0029460287532406316,0.013511189799895554,0.0021885669263766085,7.674650621947903,0.01679648652269085
2009,all,zeros_included,district,Malut,12969,0.34135245585627266,0.020648906494796775,0.38755143132276987,3.538040307084577,1.37117258508828
2009,all,zeros_included,district,Mayot,8454,0.0,0.013460240227235094,0.0,0.0,0.0
2009,all,zeros_included,district,Sobat,10393,0.0,0.0165474658956298,0.0,0.0,0.0
2009,all,zeros_included,district,Tonga,6297,0.2005717008099095,0.010025920595091008,0.11056640112054626,4.489048726960614,0.4963379621948048
2009,all,zeros_included,district,Gogrial,9885,0.0,0.015738641429645008,0.0,0.0,0.0
2009,all,zeros_included,district,Malek,1894,0.0,0.0030155778318409353,0.0,0.0,0.0
2009,all,zeros_included,district,Tonj,13719,0.0,0.02184303710402629,0.0,0.0,0.0
2009,all,zeros_included,district,Warab,13973,0.029270736420239033,0.022247449337018686,0.03580495491552132,6.590018283159226,0.2359553075209773
2009,all,zeros_included,district,Raja,56641,0.0012888190533359228,0.09018233578315862,0.006390615425019697,8.464634270155521,0.05409422233400622
2009,all,zeros_included,district,Wau,28875,0.012329004329004328,0.04597402845533633,0.031165193031602905,7.439146918978798,0.23184244972042825
2009,all,zeros_included,district,Meridi,19496,0.0,0.031041027143384834,0.0,0.0,0.0
2009,all,zeros_included,district,Mundri,16326,0.0,0.025993835101708083,0.0,0.0,0.0
2009,all,zeros_included,district,Tombura,27598,0.0,0.04394082207135488,0.0,0.0,0.0
2009,all,zeros_included,district,Yambio,15715,0.0,0.02502101669872244,0.0,0.0,0.0
2009,all,lit_only,state,Central Equatoria,169,14.934911242603551,0.16360116166505323,0.2209577168869824,0.25589676366708947,0.0565423646586478
2009,all,lit_only,state,Eastern Equatoria,22,3.8636363636363638,0.021297192642787996,0.007441127549680469,0.13757002519023387,0.0010236761044532853
2009,all,lit_only,state,Jungoli,24,4.75,0.023233301064859633,0.009979865184277336,0.06682801380669634,0.0006669345683238539
2009,all,lit_only,state,North Bahr-al-Ghazal,23,10.347826086956522,0.022265246853823813,0.020835157139105314,0.06415565429948433,0.0013366931386918734
2009,all,lit_only,state,Unity,65,12.415384615384616,0.06292352371732816,0.07064694038343693,0.11623013012530281,0.008211303073721385
2009,all,lit_only,state,Upper Nile,677,10.069423929098965,0.6553727008712488,0.5967784294843737,0.20143062810680235,0.12020945389162843
2009,all,lit_only,state,Warap,21,19.476190476190474,0.02032913843175218,0.03580495491552132,0.08965854580220123,0.0032102201902390183
2009,all,lit_only,state,West Bahr-al-Ghazal,32,13.40625,0.030977734753146177,0.037555808456622604,0.237858090720934,0.00893295289497336
2009,all,lit_only,district,Bahr al Jabal,135,16.325925925925926,0.13068731848983542,0.1929440602293618,0.2505983168876491,0.04835145674694727
2009,all,lit_only,district,Nahr Yei,34,9.411764705882353,0.03291384317521781,0.02801365665762059,0.14077912109482682,0.0039437379629120705
2009,all,lit_only,district,Amatonge,22,3.8636363636363638,0.021297192642787996,0.007441127549680469,0.13757002519023387,0.0010236761044532853
2009,all,lit_only,district,Bor,24,4.75,0.023233301064859633,0.009979865184277336,0.06682801380669634,0.0006669345683238539
2009,all,lit_only,district,Aweil,23,10.347826086956522,0.022265246853823813,0.020835157139105314,0.06415565429948433,0.0013366931386918734
2009,all,lit_only,district,Rabkona,65,12.415384615384616,0.06292352371732816,0.07064694038343693,0.11623013012530281,0.008211303073721385
2009,all,lit_only,district,Al Mabien,64,9.359375,0.061955469506292354,0.052438063555983544,0.06704404882512627,0.0035156600933424352
2009,all,lit_only,district,Al Renk,59,8.525423728813559,0.057115198451113264,0.04403396655869737,0.13520071845795645,0.005953423915289512
2009,all,lit_only,district,Fashooda,4,6.25,0.003872216844143272,0.0021885669263766085,0.014771957305523609,3.232941719671629e-05
2009,all,lit_only,district,Malut,462,9.582251082251082,0.44724104549854793,0.38755143132276987,0.20328802483057418,0.07878456499386781
2009,all,lit_only,district,Tonga,88,14.352272727272727,0.08518877057115198,0.11056640112054626,0.2185569329500776,0.024165053516234616
2009,all,lit_only,district,Warab,21,19.476190476190474,0.02032913843175218,0.03580495491552132,0.08965854580220123,0.0032102201902390183
2009,all,lit_only,district,Raja,14,5.214285714285714,0.013552758954501452,0.006390615425019697,0.15920321619180156,0.0010174065291080727
2009,all,lit_only,district,Wau,18,19.77777777777778,0.017424975798644726,0.031165193031602905,0.05878722905086731,0.0018321153411633337
2010,all,zeros_included,state,Central Equatoria,43704,0.07845963756177925,0.0695843788610223,0.19691053175605835,5.513963363069273,1.0857574579053944
2010,all,zeros_included,state,Eastern Equatoria,69171,0.0019950557314481502,0.11013227782801972,0.007924658320891237,7.944371427198307,0.06295642913479765
2010,all,zeros_included,state,Jungoli,122217,0.0017837125768101001,0.19459074755760486,0.012518663144596301,8.0606571147041,0.10090865114307417
2010,all,zeros_included,state,Lakes,42945,0.0065432529980207245,0.06837591868448203,0.01613644194326404,6.941981725318199,0.11201888508179705
2010,all,zeros_included,state,North Bahr-al-Ghazal,32189,0.012768337009537419,0.051250493573985145,0.02360169978178477,6.628284643116889,0.15643878421505922
2010,all,zeros_included,state,Unity,36509,0.05798570215563286,0.05812868588314715,0.12156885264729528,5.0275542938693025,0.6111940071276739
2010,all,zeros_included,state,Upper Nile,77215,0.11333290163828272,0.12293972665554267,0.5025267026530378,4.704052268683678,2.3639118756891504
2010,all,zeros_included,state,Warap,39471,0.01945732309797066,0.06284470570253092,0.04410244630756862,6.582172383017246,0.2902899041091791
2010,all,zeros_included,state,West Bahr-al-Ghazal,85516,0.011600168389541138,0.13615636423849495,0.056965659813942804,6.973478880847129,0.39724882564605213
2010,all,zeros_included,state,West Equatoria,79135,0.003904719782649902,0.12599670101517024,0.017744343631560813,7.641565148908905,0.13559455788519878
2010,all,zeros_included,district,Bahr al Jabal,17132,0.1776791968246556,0.027277127463093402,0.17480188354197773,4.779814171237482,0.8355205201129491
2010,all,zeros_included,district,Kajo Kaii,2406,0.0,0.0038307709944082843,0.0,0.0,0.0
2010,all,zeros_included,district,Nahr Yei,12977,0.029667873930800646,0.02066164388796189,0.022108648214080626,5.828297796901737,0.12885578567860162
2010,all,zeros_included,district,Terkaka,11189,0.0,0.017814836515558725,0.0,0.0,0.0
2010,all,zeros_included,district,Amatonge,21615,0.006384455239417071,0.034414844157994624,0.007924658320891237,6.781177245675316,0.053738512685379214
2010,all,zeros_included,district,Kapoeta,34186,0.0,0.05443006534282694,0.0,0.0,0.0
2010,all,zeros_included,district,Magwi,5194,0.0,0.008269752512450802,0.0,0.0,0.0
2010,all,zeros_included,district,Shokodom,8176,0.0,0.013017615814747354,0.0,0.0,0.0
2010,all,zeros_included,district,Akobo,18999,0.0,0.030249716593002077,0.0,0.0,0.0
2010,all,zeros_included,district,Ayod,18620,0.0,0.02964628259180476,0.0,0.0,0.0
2010,all,zeros_included,district,Bor,6986,0.03120526767821357,0.011122928581436523,0.012518663144596301,5.19876710782406,0.06508161419005656
2010,all,zeros_included,district,Fam al Zaraf,7634,0.0,0.012154657427810824,0.0,0.0,0.0
2010,all,zeros_included,district,Nahr Atiem,13562,0.0,0.02159306576316091,0.0,0.0,0.0
2010,all,zeros_included,district,Pibor,43884,0.0,0.06987097020723738,0.0,0.0,0.0
2010,all,zeros_included,district,Wat,12532,0.0,0.019953126393152377,0.0,0.0,0.0
2010,all,zeros_included,district,Aliab,4267,0.0,0.006793807079443121,0.0,0.0,0.0
2010,all,zeros_included,district,Rumbek,21408,0.013125934230194319,0.03408526410984728,0.01613644194326404,6.245826182045829,0.10078541157430103
2010,all,zeros_included,district,Shobet,6271,0.0,0.009984524067304386,0.0,0.0,0.0
2010,all,zeros_included,district,Yerol,10999,0.0,0.01751232342788725,0.0,0.0,0.0
2010,all,zeros_included,district,Aryat,2202,0.0,0.003505967468697856,0.0,0.0,0.0
2010,all,zeros_included,district,Aweil,20600,0.019951456310679613,0.032798787400170684,0.02360169978178477,6.181950939632559,0.1459045501429299
2010,all,zeros_included,district,Nahr Lol,3912,0.0,0.0062285852577411505,0.0,0.0,0.0
2010,all,zeros_included,district,Wanjuk,5475,0.0,0.00871715344737546,0.0,0.0,0.0
2010,all,zeros_included,district,Al Leiri,12542,0.039068729070323716,0.01996904813460877,0.02813827954519352,5.348297133593653,0.15049187983581544
2010,all,zeros_included,district,Al Mayom,5787,0.0,0.009213911780814939,0.0,0.0,0.0
2010,all,zeros_included,district,Faring,4032,0.0,0.0064196461552178735,0.0,0.0,0.0
2010,all,zeros_included,district,Rabkona,14148,0.11499858637263217,0.022526079812505574,0.09343057310210176,4.3651568676464425,0.4078391078247825
2010,all,zeros_included,district,Al Mabien,8336,0.07617562380038388,0.01327236367804965,0.03646491328815895,4.916413054265626,0.17927657571256875
2010,all,zeros_included,district,Al Renk,10820,0.05730129390018484,0.017227324255817803,0.03560353738371425,5.37354423842798,0.19131718317591292
2010,all,zeros_included,district,Baleit,11460,0.0,0.01824631570902699,0.0,0.0,0.0
2010,all,zeros_included,district,Fashooda,8486,0.003535234503888758,0.013511189799895554,0.0017227518088893993,7.452676480383993,0.012839111887649007
2010,all,zeros_included,district,Malut,12969,0.47628961369419387,0.020648906494796775,0.3547145974503273,3.2119201951049345,1.1393149790492236
2010,all,zeros_included,district,Mayot,8454,0.0,0.013460240227235094,0.0,0.0,0.0
2010,all,zeros_included,district,Sobat,10393,0.0,0.0165474658956298,0.0,0.0,0.0
2010,all,zeros_included,district,Tonga,6297,0.20470065110370017,0.010025920595091008,0.07402090272194786,4.497129068597645,0.33288155331471025
2010,all,zeros_included,district,Gogrial,9885,0.011330298431967627,0.015738641429645008,0.006431606753187091,6.391755804081204,0.04110925979425146
2010,all,zeros_included,district,Malek,1894,0.0,0.0030155778318409353,0.0,0.0,0.0
2010,all,zeros_included,district,Tonj,13719,0.0,0.02184303710402629,0.0,0.0,0.0
2010,all,zeros_included,district,Warab,13973,0.046947684820725685,0.022247449337018686,0.03767083955438153,5.82619413745064,0.21947762456458136
2010,all,zeros_included,district,Raja,56641,0.0053671368796454864,0.09018233578315862,0.017457218330079245,7.0278919950923155,0.12268744495854277
2010,all,zeros_included,district,Wau,28875,0.023826839826839828,0.04597402845533633,0.03950844148386356,6.570195736859446,0.25957819380724123
2010,all,zeros_included,district,Meridi,19496,0.005283135002051703,0.031041027143384834,0.005914781210520271,7.115666158302024,0.04208760849345977
2010,all,zeros_included,district,Mundri,16326,0.0,0.025993835101708083,0.0,0.0,0.0
2010,all,zeros_included,district,Tombura,27598,0.0,0.04394082207135488,0.0,0.0,0.0
2010,all,zeros_included,district,Yambio,15715,0.013108495068405982,0.02502101669872244,0.011829562421040543,6.542273342887679,0.07739223088519938
2010,all,lit_only,state,Central Equatoria,240,14.2875,0.137221269296741,0.19691053175605835,0.3094073763357099,0.06092557100351151
2010,all,lit_only,state,Eastern Equatoria,27,5.111111111111111,0.015437392795883362,0.007924658320891237,0.09587131457791309,0.0007597474108046403
2010,all,lit_only,state,Jungoli,41,5.317073170731708,0.023441966838193252,0.012518663144596301,0.060675749161590575,0.0007595792647999739
2010,all,lit_only,state,Lakes,44,6.386363636363637,0.025157232704402517,0.01613644194326404,0.058495853036135026,0.0009439149364392984
2010,all,lit_only,state,North Bahr-al-Ghazal,48,8.5625,0.0274442538593482,0.02360169978178477,0.12010559576277746,0.0028346962133054747
2010,all,lit_only,state,Unity,276,7.670289855072464,0.15780445969125215,0.12156885264729528,0.14264107506810708,0.017340711836406494
2010,all,lit_only,state,Upper Nile,855,10.235087719298246,0.4888507718696398,0.5025267026530378,0.2008047199633367,0.10090973380034222
2010,all,lit_only,state,Warap,73,10.520547945205479,0.04173813607775872,0.04410244630756862,0.28931032013168956,0.012759292859833328
2010,all,lit_only,state,West Bahr-al-Ghazal,103,9.631067961165048,0.05889079473985134,0.056965659813942804,0.2517490971564653,0.014341053427082438
2010,all,lit_only,state,West Equatoria,42,7.357142857142857,0.024013722126929673,0.017744343631560813,0.10032423342489016,0.0017801876724641702
2010,all,lit_only,district,Bahr al Jabal,197,15.451776649746193,0.1126357918810749,0.17480188354197773,0.31431456124020896,0.05494277732945883
2010,all,lit_only,district,Nahr Yei,43,8.953488372093023,0.024585477415666093,0.022108648214080626,0.11856407385806822,0.0026212913997563036
2010,all,lit_only,district,Amatonge,27,5.111111111111111,0.015437392795883362,0.007924658320891237,0.09587131457791309,0.0007597474108046403
2010,all,lit_only,district,Bor,41,5.317073170731708,0.023441966838193252,0.012518663144596301,0.060675749161590575,0.0007595792647999739
2010,all,lit_only,district,Rumbek,44,6.386363636363637,0.025157232704402517,0.01613644194326404,0.058495853036135026,0.0009439149364392984
2010,all,lit_only,district,Aweil,48,8.5625,0.0274442538593482,0.02360169978178477,0.12010559576277746,0.0028346962133054747
2010,all,lit_only,district,Al Leiri,63,7.777777777777778,0.036020583190394515,0.02813827954519352,0.05459356888221967,0.001536169102577675
2010,all,lit_only,district,Rabkona,213,7.63849765258216,0.12178387650085763,0.09343057310210176,0.16912048303049687,0.0158010236528436
2010,all,lit_only,district,Al Mabien,67,9.477611940298507,0.038307604345340196,0.03646491328815895,0.09276690966344425,0.0033827373168879692
2010,all,lit_only,district,Al Renk,57,10.87719298245614,0.032590051457975985,0.03560353738371425,0.12744395386205776,0.004537455575656128
2010,all,lit_only,district,Fashooda,5,6.0,0.002858776443682104,0.0017227518088893993,0.015941367055823275,2.7463018931589424e-05
2010,all,lit_only,district,Malut,642,9.621495327102803,0.3670668953687822,0.3547145974503273,0.2061913254591543,0.07313907300799334
2010,all,lit_only,district,Tonga,84,15.345238095238095,0.048027444253859346,0.07402090272194786,0.1801172589522162,0.013332442103445887
2010,all,lit_only,district,Gogrial,19,5.894736842105263,0.010863350485991996,0.006431606753187091,0.13742104764292717,0.0008838381380502954
2010,all,lit_only,district,Warab,54,12.148148148148149,0.030874785591766724,0.03767083955438153,0.2702960089344666,0.010182277584759968
2010,all,lit_only,district,Raja,55,5.527272727272727,0.031446540880503145,0.017457218330079245,0.09073679674580748,0.001584012071363585
2010,all,lit_only,district,Wau,48,14.333333333333334,0.0274442538593482,0.03950844148386356,0.1706652999432423,0.006742720016133612
2010,all,lit_only,district,Meridi,17,6.0588235294117645,0.009719839908519153,0.005914781210520271,0.07091490705319803,0.0004194461597840472
2010,all,lit_only,district,Yambio,25,8.24,0.01429388221841052,0.011829562421040543,0.09877821852421187,0.0011685031018713475
2011,all,zeros_included,state,Central Equatoria,43704,0.08255537250594912,0.0695843788610223,0.22777777777777777,5.529969413399128,1.2596041441631347
2011,all,zeros_included,state,Eastern Equatoria,69171,0.0030793251507134495,0.11013227782801972,0.013446969696969697,7.581047609397581,0.10194211747485384
2011,all,zeros_included,state,Jungoli,122217,0.002184638798203196,0.19459074755760486,0.016856060606060607,8.015769724556192,0.1351143002813449
2011,all,zeros_included,state,Lakes,42945,0.0081965304459192,0.06837591868448203,0.022222222222222223,6.675015242881123,0.14833367206402498
2011,all,zeros_included,state,North Bahr-al-Ghazal,32189,0.01804964428842151,0.051250493573985145,0.03667929292929293,6.3986488147624305,0.2346979142283442
2011,all,zeros_included,state,Unity,36509,0.019995069708838915,0.05812868588314715,0.046085858585858584,6.408299607775691,0.2953319894997635
2011,all,zeros_included,state,Upper Nile,77215,0.1016900861231626,0.12293972665554267,0.4957070707070707,4.986935738271811,2.4720593066231222
2011,all,zeros_included,state,Warap,39471,0.023181576347191608,0.06284470570253092,0.05776515151515151,6.3615113209292335,0.3674736653188288
2011,all,zeros_included,state,West Bahr-al-Ghazal,85516,0.011576780953271902,0.13615636423849495,0.0625,7.033133859936749,0.4395708662460468
2011,all,zeros_included,state,West Equatoria,79135,0.004195362355468503,0.12599670101517024,0.02095959595959596,7.650327208635369,0.1603477672517009
2011,all,zeros_included,district,Bahr al Jabal,17132,0.1894116273639972,0.027277127463093402,0.2048611111111111,4.771742478542837,0.9775444660903728
2011,all,zeros_included,district,Kajo Kaii,2406,0.0,0.0038307709944082843,0.0,0.0,0.0
2011,all,zeros_included,district,Nahr Yei,12977,0.02797256684904061,0.02066164388796189,0.022916666666666665,5.966554285654064,0.13673353571290564
2011,all,zeros_included,district,Terkaka,11189,0.0,0.017814836515558725,0.0,0.0,0.0
2011,all,zeros_included,district,Amatonge,21615,0.006800832755031228,0.034414844157994624,0.009280303030303031,6.873137958078636,0.06378480302004795
2011,all,zeros_included,district,Kapoeta,34186,0.0019306148715848594,0.05443006534282694,0.004166666666666667,7.859882145499595,0.032749508939581645
2011,all,zeros_included,district,Magwi,5194,0.0,0.008269752512450802,0.0,0.0,0.0
2011,all,zeros_included,district,Shokodom,8176,0.0,0.013017615814747354,0.0,0.0,0.0
2011,all,zeros_included,district,Akobo,18999,0.0,0.030249716593002077,0.0,0.0,0.0
2011,all,zeros_included,district,Ayod,18620,0.0,0.02964628259180476,0.0,0.0,0.0
2011,all,zeros_included,district,Bor,6986,0.038219295734325795,0.011122928581436523,0.016856060606060607,5.153879717676153,0.08687410887749576
2011,all,zeros_included,district,Fam al Zaraf,7634,0.0,0.012154657427810824,0.0,0.0,0.0
2011,all,zeros_included,district,Nahr Atiem,13562,0.0,0.02159306576316091,0.0,0.0,0.0
2011,all,zeros_included,district,Pibor,43884,0.0,0.06987097020723738,0.0,0.0,0.0
2011,all,zeros_included,district,Wat,12532,0.0,0.019953126393152377,0.0,0.0,0.0
2011,all,zeros_included,district,Aliab,4267,0.0,0.006793807079443121,0.0,0.0,0.0
2011,all,zeros_included,district,Rumbek,21408,0.015368086696562033,0.03408526410984728,0.02077020202020202,6.07795786910311,0.12624041281154816
2011,all,zeros_included,district,Shobet,6271,0.0,0.009984524067304386,0.0,0.0,0.0
2011,all,zeros_included,district,Yerol,10999,0.0020910991908355304,0.01751232342788725,0.001452020202020202,7.590095422138304,0.011020971888205871
2011,all,zeros_included,district,Aryat,2202,0.0,0.003505967468697856,0.0,0.0,0.0
2011,all,zeros_included,district,Aweil,20600,0.028203883495145632,0.032798787400170684,0.03667929292929293,5.9523151112781,0.21832670957402628
2011,all,zeros_included,district,Nahr Lol,3912,0.0,0.0062285852577411505,0.0,0.0,0.0
2011,all,zeros_included,district,Wanjuk,5475,0.0,0.00871715344737546,0.0,0.0,0.0
2011,all,zeros_included,district,Al Leiri,12542,0.03221176845798118,0.01996904813460877,0.025505050505050506,5.667942611144798,0.1445611625569759
2011,all,zeros_included,district,Al Mayom,5787,0.0,0.009213911780814939,0.0,0.0,0.0
2011,all,zeros_included,district,Faring,4032,0.0,0.0064196461552178735,0.0,0.0,0.0
2011,all,zeros_included,district,Rabkona,14148,0.02304212609556121,0.022526079812505574,0.02058080808080808,6.59302069628577,0.13568969362305308
2011,all,zeros_included,district,Al Mabien,8336,0.04834452975047985,0.01327236367804965,0.025441919191919193,5.597367410260215,0.1424077693393224
2011,all,zeros_included,district,Al Renk,10820,0.05462107208872458,0.017227324255817803,0.03731060606060606,5.566508478097813,0.20768980495933126
2011,all,zeros_included,district,Baleit,11460,0.0,0.01824631570902699,0.0,0.0,0.0
2011,all,zeros_included,district,Fashooda,8486,0.0029460287532406316,0.013511189799895554,0.0015782828282828283,7.674650621947903,0.012112769289690503
2011,all,zeros_included,district,Malut,12969,0.43334104402806695,0.020648906494796775,0.3547979797979798,3.497914431420708,1.2410529737742662
2011,all,zeros_included,district,Mayot,8454,0.0,0.013460240227235094,0.0,0.0,0.0
2011,all,zeros_included,district,Sobat,10393,0.0,0.0165474658956298,0.0,0.0,0.0
2011,all,zeros_included,district,Tonga,6297,0.1926314117833889,0.010025920595091008,0.07657828282828283,4.613017634385266,0.3532569690978111
2011,all,zeros_included,district,Gogrial,9885,0.011836115326251897,0.015738641429645008,0.007386363636363636,6.394226541656355,0.04723008240996171
2011,all,zeros_included,district,Malek,1894,0.0,0.0030155778318409353,0.0,0.0,0.0
2011,all,zeros_included,district,Tonj,13719,0.0037903637291347766,0.02184303710402629,0.0032828282828282827,7.519723013614599,0.024685959388128734
2011,all,zeros_included,district,Warab,13973,0.053388678165032566,0.022247449337018686,0.047095959595959594,5.673060768004939,0.2671782407153841
2011,all,zeros_included,district,Raja,56641,0.005720237990148479,0.09018233578315862,0.020454545454545454,7.07848129669235,0.14478711743234352
2011,all,zeros_included,district,Wau,28875,0.023064935064935066,0.04597402845533633,0.042045454545454546,6.664729506815517,0.2802215815365615
2011,all,zeros_included,district,Meridi,19496,0.006616741895773492,0.031041027143384834,0.008143939393939394,7.130238105432607,0.0580682269950004
2011,all,zeros_included,district,Mundri,16326,0.0,0.025993835101708083,0.0,0.0,0.0
2011,all,zeros_included,district,Tombura,27598,0.0,0.04394082207135488,0.0,0.0,0.0
2011,all,zeros_included,district,Yambio,15715,0.012917594654788419,0.02502101669872244,0.012815656565656565,6.5666825207678805,0.08415634796186108
2011,all,lit_only,state,Central Equatoria,226,15.964601769911505,0.17134192570128887,0.2277777777777778,0.2653095025958603,0.06043160892461263
2011,all,lit_only,state,Eastern Equatoria,37,5.756756756756757,0.028051554207733132,0.013446969696969699,0.04762854341708245,0.0006404595800403133
2011,all,lit_only,state,Jungoli,42,6.357142857142857,0.03184230477634572,0.016856060606060607,0.03988591059274382,0.0006723193262792046
2011,all,lit_only,state,Lakes,59,5.966101694915254,0.04473085670962851,0.022222222222222223,0.08487718058651783,0.0018861595685892851
2011,all,lit_only,state,North Bahr-al-Ghazal,56,10.375,0.04245640636846096,0.036679292929292936,0.04462044723557668,0.0016366464547897762
2011,all,lit_only,state,Unity,66,11.06060606060606,0.050037907505686124,0.04608585858585859,0.09264026528377078,0.0042694061652242855
2011,all,lit_only,state,Upper Nile,619,12.684975767366721,0.46929492039423804,0.49570707070707076,0.16069199329930584,0.07965615728447914
2011,all,lit_only,state,Warap,84,10.892857142857142,0.06368460955269144,0.05776515151515152,0.2090066157385988,0.012073298825809212
2011,all,lit_only,state,West Bahr-al-Ghazal,91,10.87912087912088,0.06899166034874905,0.06250000000000001,0.18753459453330024,0.011720912158331268
2011,all,lit_only,state,West Equatoria,39,8.512820512820513,0.029567854435178165,0.020959595959595963,0.034978320997632206,0.0007331314754554226
2011,all,lit_only,district,Bahr al Jabal,190,17.07894736842105,0.14404852160727824,0.20486111111111113,0.2700632119680617,0.05532544967401265
2011,all,lit_only,district,Nahr Yei,36,10.083333333333334,0.027293404094010616,0.02291666666666667,0.07913938537294296,0.0018136109147966096
2011,all,lit_only,district,Amatonge,23,6.391304347826087,0.017437452615617893,0.009280303030303031,0.02748937690605402,0.00025510974780239526
2011,all,lit_only,district,Kapoeta,14,4.714285714285714,0.01061410159211524,0.0041666666666666675,0.05936799259864056,0.00024736663582766906
2011,all,lit_only,district,Bor,42,6.357142857142857,0.03184230477634572,0.016856060606060607,0.03988591059274382,0.0006723193262792046
2011,all,lit_only,district,Rumbek,52,6.326923076923077,0.039423805913570885,0.020770202020202022,0.05768162475658212,0.001198058999047697
2011,all,lit_only,district,Yerol,7,3.2857142857142856,0.00530705079605762,0.0014520202020202023,0.23044593263650004,0.0003346121496615847
2011,all,lit_only,district,Aweil,56,10.375,0.04245640636846096,0.036679292929292936,0.04462044723557668,0.0016366464547897762
2011,all,lit_only,district,Al Leiri,44,9.181818181818182,0.03335860500379075,0.02550505050505051,0.01529395396009292,0.0003900730681740872
2011,all,lit_only,district,Rabkona,22,14.818181818181818,0.016679302501895376,0.02058080808080808,0.12673459931871456,0.002608300465776575
2011,all,lit_only,district,Al Mabien,32,12.59375,0.024260803639120546,0.025441919191919196,0.034764549066793826,0.0008844768481008784
2011,all,lit_only,district,Al Renk,45,13.133333333333333,0.03411675511751327,0.037310606060606065,0.08401941546766034,0.003134815311956267
2011,all,lit_only,district,Fashooda,4,6.25,0.003032600454890068,0.0015782828282828285,0.014771957305523609,2.331432655543499e-05
2011,all,lit_only,district,Malut,465,12.086021505376344,0.3525398028809704,0.35479797979797983,0.16963466367232272,0.06018603597464986
2011,all,lit_only,district,Tonga,73,16.616438356164384,0.05534495830174375,0.07657828282828284,0.15564846704491453,0.011919292331154126
2011,all,lit_only,district,Gogrial,18,6.5,0.013646702047005308,0.007386363636363637,0.08582456394780236,0.0006339314382508129
2011,all,lit_only,district,Tonj,8,6.5,0.006065200909780136,0.003282828282828283,0.07262754296827034,0.00023842375216856428
2011,all,lit_only,district,Warab,58,12.862068965517242,0.04397270659590599,0.0470959595959596,0.18862160347091095,0.008883315415991135
2011,all,lit_only,district,Raja,50,6.48,0.03790750568612585,0.020454545454545458,0.04601591854151765,0.000941234697440134
2011,all,lit_only,district,Wau,41,16.24390243902439,0.0310841546626232,0.04204545454545455,0.10757012569573021,0.004522834830388657
2011,all,lit_only,district,Meridi,16,8.0625,0.012130401819560273,0.008143939393939394,0.024862232367346415,0.00020247651359770757
2011,all,lit_only,district,Yambio,23,8.826086956521738,0.017437452615617893,0.012815656565656567,0.03980578746536212,0.000510137301481598
2012,all,zeros_included,state,Central Equatoria,43704,0.09676459820611386,0.0695843788610223,0.25330937406409104,5.407439495744893,1.369755113956583
2012,all,zeros_included,state,Eastern Equatoria,69171,0.0038166283558138526,0.11013227782801972,0.015813117699910152,7.37095801104116,0.1165578265896895
2012,all,zeros_included,state,Jungoli,122217,0.0025364720128950966,0.19459074755760486,0.018568433662773286,7.874252565379695,0.14621253640417525
2012,all,zeros_included,state,Lakes,42945,0.013435789963907324,0.06837591868448203,0.0345612458820006,6.202379518476215,0.21436196359154097
2012,all,zeros_included,state,North Bahr-al-Ghazal,32189,0.019447637391655535,0.051250493573985145,0.03749625636418089,6.292346152839286,0.23593942447902924
2012,all,zeros_included,state,Unity,36509,0.020186803253992167,0.05812868588314715,0.044144953578915846,6.35517053807385,0.28054870838936374
2012,all,zeros_included,state,Upper Nile,77215,0.09746810852813573,0.12293972665554267,0.4507936507936508,5.069228444665574,2.2851759972778147
2012,all,zeros_included,state,Warap,39471,0.027944566897215677,0.06284470570253092,0.06606768493560947,6.062001238761182,0.4005023879217481
2012,all,zeros_included,state,West Bahr-al-Ghazal,85516,0.011366294026848777,0.13615636423849495,0.05822102425876011,7.070562868809834,0.4116554123080658
2012,all,zeros_included,state,West Equatoria,79135,0.00443545839388387,0.12599670101517024,0.021024258760107817,7.619541940312836,0.16019522138663106
2012,all,zeros_included,district,Bahr al Jabal,17132,0.22332477235582535,0.027277127463093402,0.22917041030248578,4.642345722244738,1.0638882739328164
2012,all,zeros_included,district,Kajo Kaii,2406,0.0,0.0038307709944082843,0.0,0.0,0.0
2012,all,zeros_included,district,Nahr Yei,12977,0.031054943361331588,0.02066164388796189,0.02413896376160527,5.867509662048044,0.14163560310304651
2012,all,zeros_included,district,Terkaka,11189,0.0,0.017814836515558725,0.0,0.0,0.0
2012,all,zeros_included,district,Amatonge,21615,0.008049965301873699,0.034414844157994624,0.010422282120395327,6.710939497702121,0.06994330473795561
2012,all,zeros_included,district,Kapoeta,34186,0.0026326566430702626,0.05443006534282694,0.005390835579514825,7.575520343527851,0.04083838460122831
2012,all,zeros_included,district,Magwi,5194,0.0,0.008269752512450802,0.0,0.0,0.0
2012,all,zeros_included,district,Shokodom,8176,0.0,0.013017615814747354,0.0,0.0,0.0
2012,all,zeros_included,district,Akobo,18999,0.0,0.030249716593002077,0.0,0.0,0.0
2012,all,zeros_included,district,Ayod,18620,0.0,0.02964628259180476,0.0,0.0,0.0
2012,all,zeros_included,district,Bor,6986,0.04437446321213856,0.011122928581436523,0.018568433662773286,5.012362558499657,0.09307172166126947
2012,all,zeros_included,district,Fam al Zaraf,7634,0.0,0.012154657427810824,0.0,0.0,0.0
2012,all,zeros_included,district,Nahr Atiem,13562,0.0,0.02159306576316091,0.0,0.0,0.0
2012,all,zeros_included,district,Pibor,43884,0.0,0.06987097020723738,0.0,0.0,0.0
2012,all,zeros_included,district,Wat,12532,0.0,0.019953126393152377,0.0,0.0,0.0
2012,all,zeros_included,district,Aliab,4267,0.0,0.006793807079443121,0.0,0.0,0.0
2012,all,zeros_included,district,Rumbek,21408,0.023262331838565024,0.03408526410984728,0.029829290206648696,5.661273287489296,0.16887176383166633
2012,all,zeros_included,district,Shobet,6271,0.0,0.009984524067304386,0.0,0.0,0.0
2012,all,zeros_included,district,Yerol,10999,0.007182471133739431,0.01751232342788725,0.0047319556753519015,6.779443543919685,0.03208002635337856
2012,all,zeros_included,district,Aryat,2202,0.0,0.003505967468697856,0.0,0.0,0.0
2012,all,zeros_included,district,Aweil,20600,0.030388349514563106,0.032798787400170684,0.03749625636418089,5.846012449354955,0.21920358150920646
2012,all,zeros_included,district,Nahr Lol,3912,0.0,0.0062285852577411505,0.0,0.0,0.0
2012,all,zeros_included,district,Wanjuk,5475,0.0,0.00871715344737546,0.0,0.0,0.0
2012,all,zeros_included,district,Al Leiri,12542,0.029261680752671024,0.01996904813460877,0.02198262952979934,5.785946624246121,0.12719032111999556
2012,all,zeros_included,district,Al Mayom,5787,0.0,0.009213911780814939,0.0,0.0,0.0
2012,all,zeros_included,district,Faring,4032,0.0,0.0064196461552178735,0.0,0.0,0.0
2012,all,zeros_included,district,Rabkona,14148,0.026152106304778062,0.022526079812505574,0.022162324049116503,6.2926388590502995,0.1394595015183355
2012,all,zeros_included,district,Al Mabien,8336,0.04738483685220729,0.01327236367804965,0.02365977837675951,5.627312357514058,0.1331409632355827
2012,all,zeros_included,district,Al Renk,10820,0.06025878003696858,0.017227324255817803,0.03905360886492962,5.430865623778747,0.21209490186904717
2012,all,zeros_included,district,Baleit,11460,0.0,0.01824631570902699,0.0,0.0,0.0
2012,all,zeros_included,district,Fashooda,8486,0.0032995522036295072,0.013511189799895554,0.0016771488469601676,7.4129017258536996,0.012432539582144568
2012,all,zeros_included,district,Malut,12969,0.40195851646233327,0.020648906494796775,0.3122491764001198,3.640657731763893,1.1367923782980038
2012,all,zeros_included,district,Mayot,8454,0.0,0.013460240227235094,0.0,0.0,0.0
2012,all,zeros_included,district,Sobat,10393,0.0,0.0165474658956298,0.0,0.0,0.0
2012,all,zeros_included,district,Tonga,6297,0.1966015562966492,0.010025920595091008,0.0741539383048817,4.5554578088023865,0.33780513730442374
2012,all,zeros_included,district,Gogrial,9885,0.015275670207384927,0.015738641429645008,0.009044624138963762,6.11827569831169,0.05533750406978528
2012,all,zeros_included,district,Malek,1894,0.011087645195353749,0.0030155778318409353,0.0012578616352201257,6.202635944924046,0.007802057792357289
2012,all,zeros_included,district,Tonj,13719,0.012610248560390698,0.02184303710402629,0.010362383947289607,6.122462353307361,0.06344330560779715
2012,all,zeros_included,district,Warab,13973,0.054247477277606815,0.022247449337018686,0.04540281521413597,5.697293116335378,0.25867314658174406
2012,all,zeros_included,district,Raja,56641,0.00522589643544429,0.09018233578315862,0.0177298592392932,7.209726549426786,0.12782743687513198
2012,all,zeros_included,district,Wau,28875,0.02341125541125541,0.04597402845533633,0.0404911650194669,6.627298916960571,0.26834705407998477
2012,all,zeros_included,district,Meridi,19496,0.006668034468608946,0.031041027143384834,0.007786762503743636,7.299484974811592,0.05683935589850297
2012,all,zeros_included,district,Mundri,16326,0.0,0.025993835101708083,0.0,0.0,0.0
2012,all,zeros_included,district,Tombura,27598,0.0,0.04394082207135488,0.0,0.0,0.0
2012,all,zeros_included,district,Yambio,15715,0.014062997136493796,0.02502101669872244,0.013237496256364181,6.414074583636521,0.08490628828892909
2012,all,lit_only,state,Central Equatoria,258,16.391472868217054,0.18389166072701355,0.25330937406409104,0.27520417059095736,0.06971179619222274
2012,all,lit_only,state,Eastern Equatoria,47,5.617021276595745,0.03349964362081254,0.015813117699910152,0.0767686341264957,0.0012139514471036159
2012,all,lit_only,state,Jungoli,48,6.458333333333333,0.03421240199572345,0.018568433662773286,0.03190014404077024,0.0005923357084539547
2012,all,lit_only,state,Lakes,93,6.204301075268817,0.06628652886671418,0.0345612458820006,0.06730350542914687,0.0023260929998573073
2012,all,lit_only,state,North Bahr-al-Ghazal,64,9.78125,0.045616535994297935,0.03749625636418089,0.07184917793695478,0.002694075195479706
2012,all,lit_only,state,Unity,74,9.95945945945946,0.05274411974340699,0.044144953578915846,0.15392154675967396,0.006794859536500731
2012,all,lit_only,state,Upper Nile,573,13.13438045375218,0.40841054882394867,0.4507936507936508,0.16576514372321327,0.07472587431332153
2012,all,lit_only,state,Warap,116,9.508620689655173,0.08267997148966501,0.06606768493560947,0.23226992583359918,0.015345536279991608
2012,all,lit_only,state,West Bahr-al-Ghazal,87,11.172413793103448,0.06200997861724875,0.05822102425876011,0.1800122155441195,0.010480495568067334
2012,all,lit_only,state,West Equatoria,43,8.162790697674419,0.030648610121168925,0.021024258760107817,0.10183152223901537,0.002140932273488733
2012,all,lit_only,district,Bahr al Jabal,219,17.470319634703195,0.15609408410548825,0.22917041030248578,0.28271411332597784,0.06478970934921781
2012,all,lit_only,district,Nahr Yei,39,10.333333333333334,0.027797576621525304,0.02413896376160527,0.060137469440459945,0.001451656195537907
2012,all,lit_only,district,Amatonge,28,6.214285714285714,0.019957234497505347,0.010422282120395327,0.06200121077559295,0.0006461941105093246
2012,all,lit_only,district,Kapoeta,19,4.7368421052631575,0.0135424091233072,0.005390835579514825,0.08038784017807798,0.0004333576289923342
2012,all,lit_only,district,Bor,48,6.458333333333333,0.03421240199572345,0.018568433662773286,0.03190014404077024,0.0005923357084539547
2012,all,lit_only,district,Rumbek,80,6.225,0.05702066999287242,0.029829290206648696,0.07177995923522262,0.002141145235048869
2012,all,lit_only,district,Yerol,13,6.076923076923077,0.009265858873841768,0.0047319556753519015,0.03883326282410504,0.00018375727841295585
2012,all,lit_only,district,Aweil,64,9.78125,0.045616535994297935,0.03749625636418089,0.07184917793695478,0.002694075195479706
2012,all,lit_only,district,Al Leiri,39,9.41025641025641,0.027797576621525304,0.02198262952979934,0.012669979272800447,0.0002785194605042087
2012,all,lit_only,district,Rabkona,35,10.571428571428571,0.024946543121881683,0.022162324049116503,0.29065837021434193,0.006441664988278318
2012,all,lit_only,district,Al Mabien,31,12.741935483870968,0.022095509622238062,0.02365977837675951,0.032960798006056,0.0007798451759444217
2012,all,lit_only,district,Al Renk,54,12.074074074074074,0.03848895224518888,0.03905360886492962,0.13069811794254882,0.005104233177510741
2012,all,lit_only,district,Fashooda,6,4.666666666666667,0.0042765502494654314,0.0016771488469601676,0.1584881693194844,0.00026580825043100105
2012,all,lit_only,district,Malut,400,13.0325,0.2851033499643621,0.3122491764001198,0.16180510553613336,0.050523510940992104
2012,all,lit_only,district,Tonga,82,15.097560975609756,0.05844618674269423,0.0741539383048817,0.21434844757789717,0.015894781557438557
2012,all,lit_only,district,Gogrial,24,6.291666666666667,0.017106200997861726,0.009044624138963762,0.09755579305491757,0.0008823554807602607
2012,all,lit_only,district,Malek,4,5.25,0.002851033499643621,0.0012578616352201257,0.042484032297912755,5.3439034336997175e-05
2012,all,lit_only,district,Tonj,33,5.242424242424242,0.023521026372059873,0.010362383947289607,0.09243290244767666,0.0009578252245251908
2012,all,lit_only,district,Warab,55,13.781818181818181,0.039201710620099785,0.04540281521413597,0.15974412648740133,0.007252833056451046
2012,all,lit_only,district,Raja,43,6.883720930232558,0.030648610121168925,0.0177298592392932,0.026438281541369957,0.000468747010257293
2012,all,lit_only,district,Wau,44,15.363636363636363,0.03136136849607983,0.0404911650194669,0.14075710305473743,0.0056994190874514825
2012,all,lit_only,district,Meridi,14,9.285714285714286,0.009978617248752673,0.007786762503743636,0.060577709121808265,0.00047170423395238544
2012,all,lit_only,district,Yambio,29,7.620689655172414,0.020669992872416252,0.013237496256364181,0.1189994643913268,0.0015752549643895312
2013,all,zeros_included,state,Central Equatoria,43704,0.10653487095002746,0.0695843788610223,0.2623246380077751,5.235793246429646,1.3734775680532105
2013,all,zeros_included,state,Eastern Equatoria,69171,0.006520073441181998,0.11013227782801972,0.025409882246887148,6.811126976813224,0.17306993444942045
2013,all,zeros_included,state,Jungoli,122217,0.0032974136167636253,0.19459074755760486,0.022705504535466787,7.756570381905423,0.17611684398602093
2013,all,zeros_included,state,Lakes,42945,0.01569449295610665,0.06837591868448203,0.03797397036452758,5.9940027233203566,0.22761608178026482
2013,all,zeros_included,state,North Bahr-al-Ghazal,32189,0.031687843673304544,0.051250493573985145,0.05746802636768269,5.546999488604001,0.3187751128726171
2013,all,zeros_included,state,Unity,36509,0.007066750664219782,0.05812868588314715,0.014536030198884444,6.712652083590867,0.09757531340168142
2013,all,zeros_included,state,Upper Nile,77215,0.08604545748882989,0.12293972665554267,0.37433094822243507,5.1829672854884485,1.9401450585827513
2013,all,zeros_included,state,Warap,39471,0.052696916723670544,0.06284470570253092,0.11718970082821567,5.055610803824688,0.5924655176041101
2013,all,zeros_included,state,West Bahr-al-Ghazal,85516,0.012956639693156836,0.13615636423849495,0.06242605217195335,6.821934593050479,0.42586644481942254
2013,all,zeros_included,state,West Equatoria,79135,0.005749668288367979,0.12599670101517024,0.025635247056172178,7.163164603971531,0.18362949432683792
2013,all,zeros_included,district,Bahr al Jabal,17132,0.2479570394583236,0.027277127463093402,0.23933742746070202,4.45045044772442,1.0651593611996923
2013,all,zeros_included,district,Kajo Kaii,2406,0.0,0.0038307709944082843,0.0,0.0,0.0
2013,all,zeros_included,district,Nahr Yei,12977,0.03144024042536796,0.02066164388796189,0.022987210547073075,5.837298091994578,0.1341832002667073
2013,all,zeros_included,district,Terkaka,11189,0.0,0.017814836515558725,0.0,0.0,0.0
2013,all,zeros_included,district,Amatonge,21615,0.01008558871154291,0.034414844157994624,0.012282382106034143,6.521798845668883,0.08010322544119762
2013,all,zeros_included,district,Kapoeta,34186,0.00555783069092611,0.05443006534282694,0.010704828441038932,6.897760201514818,0.07383933958464226
2013,all,zeros_included,district,Magwi,5194,0.008278783211397767,0.008269752512450802,0.002422671699814074,6.150354316129923,0.014900289345517306
2013,all,zeros_included,district,Shokodom,8176,0.0,0.013017615814747354,0.0,0.0,0.0
2013,all,zeros_included,district,Akobo,18999,0.0,0.030249716593002077,0.0,0.0,0.0
2013,all,zeros_included,district,Ayod,18620,0.0,0.02964628259180476,0.0,0.0,0.0
2013,all,zeros_included,district,Bor,6986,0.05582593758946464,0.011122928581436523,0.021973068905290438,4.957999767993732,0.10894247053454027
2013,all,zeros_included,district,Fam al Zaraf,7634,0.0,0.012154657427810824,0.0,0.0,0.0
2013,all,zeros_included,district,Nahr Atiem,13562,0.0,0.02159306576316091,0.0,0.0,0.0
2013,all,zeros_included,district,Pibor,43884,0.0002962355300337253,0.06987097020723738,0.000732435630176348,9.250422117720396,0.0067753387531897654
2013,all,zeros_included,district,Wat,12532,0.0,0.019953126393152377,0.0,0.0,0.0
2013,all,zeros_included,district,Aliab,4267,0.0,0.006793807079443121,0.0,0.0,0.0
2013,all,zeros_included,district,Rumbek,21408,0.024056427503736922,0.03408526410984728,0.02901571919544763,5.631349178256359,0.16339764644780128
2013,all,zeros_included,district,Shobet,6271,0.008451602615212885,0.009984524067304386,0.0029860837230266495,6.248454485845359,0.01865840823425568
2013,all,zeros_included,district,Yerol,10999,0.009637239749068096,0.01751232342788725,0.005972167446053299,6.35085364867672,0.037928361415275925
2013,all,zeros_included,district,Aryat,2202,0.0,0.003505967468697856,0.0,0.0,0.0
2013,all,zeros_included,district,Aweil,20600,0.0491747572815534,0.032798787400170684,0.057073637951433887,5.114086295534469,0.291879509683724
2013,all,zeros_included,district,Nahr Lol,3912,0.0017893660531697342,0.0062285852577411505,0.00039438841624880275,7.475492390980895,0.002948247604758931
2013,all,zeros_included,district,Wanjuk,5475,0.0,0.00871715344737546,0.0,0.0,0.0
2013,all,zeros_included,district,Al Leiri,12542,0.0027108914048796047,0.01996904813460877,0.0019156008789227561,7.838325855480063,0.015015103898040573
2013,all,zeros_included,district,Al Mayom,5787,0.0,0.009213911780814939,0.0,0.0,0.0
2013,all,zeros_included,district,Faring,4032,0.0,0.0064196461552178735,0.0,0.0,0.0
2013,all,zeros_included,district,Rabkona,14148,0.01583262651964942,0.022526079812505574,0.012620429319961688,5.880548309384247,0.07421504430120408
2013,all,zeros_included,district,Al Mabien,8336,0.04474568138195777,0.01327236367804965,0.02101526846582906,5.538459514408002,0.1163922135824094
2013,all,zeros_included,district,Al Renk,10820,0.0511090573012939,0.017227324255817803,0.031156684883655417,5.657339997408535,0.17626395957895766
2013,all,zeros_included,district,Baleit,11460,0.0,0.01824631570902699,0.0,0.0,0.0
2013,all,zeros_included,district,Fashooda,8486,0.006127739806740514,0.013511189799895554,0.002929742520705392,6.843703444398502,0.02005028898015224
2013,all,zeros_included,district,Malut,12969,0.3808312128922816,0.020648906494796775,0.278269198264691,3.7398608521241123,1.0406880809420809
2013,all,zeros_included,district,Mayot,8454,0.0,0.013460240227235094,0.0,0.0,0.0
2013,all,zeros_included,district,Sobat,10393,0.0,0.0165474658956298,0.0,0.0,0.0
2013,all,zeros_included,district,Tonga,6297,0.11545180244560901,0.010025920595091008,0.04096005408755423,4.846212557472853,0.19850112847387258
2013,all,zeros_included,district,Gogrial,9885,0.07486090035407182,0.015738641429645008,0.041692489717730576,4.319221145646368,0.18007908320346566
2013,all,zeros_included,district,Malek,1894,0.11351636747624076,0.0030155778318409353,0.01211335849907037,3.947312925889209,0.04781521657931038
2013,all,zeros_included,district,Tonj,13719,0.017639769662511844,0.02184303710402629,0.013634570961744323,5.756396672145192,0.0784859989103125
2013,all,zeros_included,district,Warab,13973,0.06319330136692192,0.022247449337018686,0.04974928164967041,5.387766768235537,0.26803752641568424
2013,all,zeros_included,district,Raja,56641,0.005349481824120337,0.09018233578315862,0.017071384303341035,7.194542054169229,0.12282079229327154
2013,all,zeros_included,district,Wau,28875,0.027878787878787878,0.04597402845533633,0.045354667868612315,6.24839284311418,0.28339378211205785
2013,all,zeros_included,district,Meridi,19496,0.007693885925318014,0.031041027143384834,0.00845118034818863,7.040091539170594,0.05949708326528757
2013,all,zeros_included,district,Mundri,16326,0.001776307730001225,0.025993835101708083,0.0016338948673164685,7.745651174235998,0.012655579697607973
2013,all,zeros_included,district,Tombura,27598,0.0,0.04394082207135488,0.0,0.0,0.0
2013,all,zeros_included,district,Yambio,15715,0.01756283805281578,0.02502101669872244,0.01555017184066708,6.017318057359353,0.09357032981188694
2013,all,lit_only,state,Central Equatoria,321,14.504672897196262,0.17521834061135372,0.2623246380077751,0.3220394594841083,0.08447888463338826
2013,all,lit_only,state,Eastern Equatoria,87,5.183908045977011,0.047489082969432314,0.025409882246887148,0.1326981168430843,0.003371843523366444
2013,all,lit_only,state,Jungoli,58,6.948275862068965,0.03165938864628821,0.022705504535466787,0.10345996020502546,0.002349110595674419
2013,all,lit_only,state,Lakes,119,5.663865546218488,0.06495633187772926,0.03797397036452758,0.10545071023156027,0.004004382145251655
2013,all,lit_only,state,North Bahr-al-Ghazal,150,6.8,0.08187772925764192,0.05746802636768269,0.17825472443825463,0.010243947204181628
2013,all,lit_only,state,Unity,52,4.961538461538462,0.028384279475982533,0.014536030198884444,0.15858171765394857,0.0023051486368087628
2013,all,lit_only,state,Upper Nile,516,12.875968992248062,0.2816593886462882,0.37433094822243507,0.17472503331290978,0.06540498739821807
2013,all,lit_only,state,Warap,338,6.153846153846154,0.18449781659388648,0.11718970082821567,0.2953351952737595,0.03461024317817453
2013,all,lit_only,state,West Bahr-al-Ghazal,118,9.389830508474576,0.06441048034934498,0.06242605217195335,0.23616044559584415,0.014742564297717918
2013,all,lit_only,state,West Equatoria,73,6.232876712328767,0.039847161572052404,0.025635247056172178,0.1747135113525382,0.00447882402757366
2013,all,lit_only,district,Bahr al Jabal,280,15.17142857142857,0.15283842794759825,0.23933742746070202,0.33653671215840797,0.08054583093407612
2013,all,lit_only,district,Nahr Yei,41,9.951219512195122,0.02237991266375546,0.022987210547073075,0.07993631996165451,0.0018375130173167527
2013,all,lit_only,district,Amatonge,34,6.411764705882353,0.018558951965065504,0.012282382106034143,0.06701657318331211,0.0008231231592744402
2013,all,lit_only,district,Kapoeta,40,4.75,0.021834061135371178,0.010704828441038932,0.1470681731125405,0.0015743395623067607
2013,all,lit_only,district,Magwi,13,3.3076923076923075,0.007096069868995633,0.002422671699814074,0.1600442813687668,0.00038773475118919216
2013,all,lit_only,district,Bor,53,7.3584905660377355,0.028930131004366814,0.021973068905290438,0.07662825617907654,0.0016837579531150965
2013,all,lit_only,district,Pibor,5,2.6,0.0027292576419213972,0.000732435630176348,0.17055496221711441,0.00012492053123119542
2013,all,lit_only,district,Rumbek,82,6.280487804878049,0.04475982532751092,0.02901571919544763,0.06654846259265712,0.0019309515034772898
2013,all,lit_only,district,Shobet,14,3.7857142857142856,0.007641921397379912,0.0029860837230266495,0.14382070491759746,0.0004294606659886566
2013,all,lit_only,district,Yerol,23,4.608695652173913,0.012554585152838428,0.005972167446053299,0.180788226048753,0.0010796975582380876
2013,all,lit_only,district,Aweil,147,6.891156462585034,0.08024017467248909,0.057073637951433887,0.17147252753553333,0.009786560955180306
2013,all,lit_only,district,Nahr Lol,3,2.3333333333333335,0.0016375545851528383,0.00039438841624880275,0.3023006484942965,0.00011922387399065161
2013,all,lit_only,district,Al Leiri,5,6.8,0.0027292576419213972,0.0019156008789227561,0.0109254768111966,2.0928852982178397e-05
2013,all,lit_only,district,Rabkona,47,4.76595744680851,0.025655021834061136,0.012620429319961688,0.17336736076893433,0.0021879705229726344
2013,all,lit_only,district,Al Mabien,43,8.674418604651162,0.023471615720524017,0.02101526846582906,0.2713208661084163,0.00570188084164963
2013,all,lit_only,district,Al Renk,45,12.28888888888889,0.024563318777292575,0.031156684883655417,0.17485093477838154,0.00544777547650262
2013,all,lit_only,district,Fashooda,10,5.2,0.0054585152838427945,0.002929742520705392,0.10011551163027699,0.0002933126714053977
2013,all,lit_only,district,Malut,360,13.719444444444445,0.1965065502183406,0.278269198264691,0.1556477102385263,0.04331196353980965
2013,all,lit_only,district,Tonga,58,12.53448275862069,0.03165938864628821,0.04096005408755423,0.1588269595305296,0.00650556085293228
2013,all,lit_only,district,Gogrial,158,4.6835443037974684,0.08624454148471616,0.041692489717730576,0.18304244306861683,0.0076314951755465914
2013,all,lit_only,district,Malek,44,4.886363636363637,0.024017467248908297,0.01211335849907037,0.18505628606144686,0.002241653135568825
2013,all,lit_only,district,Tonj,50,4.84,0.027292576419213975,0.013634570961744323,0.1418826652471723,0.001934509267553986
2013,all,lit_only,district,Warab,86,10.267441860465116,0.04694323144104803,0.04974928164967041,0.2972318894085966,0.014787072981451958
2013,all,lit_only,district,Raja,44,6.886363636363637,0.024017467248908297,0.017071384303341035,0.03424330450851221,0.0005845806110811426
2013,all,lit_only,district,Wau,74,10.878378378378379,0.04039301310043668,0.045354667868612315,0.28172648849425475,0.012777611315447353
2013,all,lit_only,district,Meridi,20,7.5,0.010917030567685589,0.00845118034818863,0.15785921741954256,0.0013340967160364744
2013,all,lit_only,district,Mundri,8,3.625,0.004366812227074236,0.0016338948673164685,0.12457850790453229,0.00020354818464315941
2013,all,lit_only,district,Yambio,45,6.133333333333334,0.024563318777292575,0.01555017184066708,0.161609597898005,0.0025130570184150867
2014,all,zeros_included,state,Central Equatoria,43704,0.11046004775415819,0.0695843788610223,0.26677307853737,5.217309341908024,1.3918376748225834
2014,all,zeros_included,state,Eastern Equatoria,69171,0.007570610052453086,0.11013227782801972,0.028938133628222597,6.781775259840186,0.19625191870582934
2014,all,zeros_included,state,Jungoli,122217,0.003945951069997173,0.19459074755760486,0.026650103570301478,7.7864990289037115,0.20751100557033578
2014,all,zeros_included,state,Lakes,42945,0.015927348934683897,0.06837591868448203,0.037798249561377395,5.998492818539774,0.22673252854729647
2014,all,zeros_included,state,North Bahr-al-Ghazal,32189,0.03184835400244053,0.051250493573985145,0.05665132386065468,5.549492894323486,0.3143861192187217
2014,all,zeros_included,state,Unity,36509,0.008628009531896245,0.05812868588314715,0.017407088613792223,6.661619260285188,0.11595939677512927
2014,all,zeros_included,state,Upper Nile,77215,0.08416889451030683,0.12293972665554267,0.35914422323048223,5.212087579151484,1.8718911450236042
2014,all,zeros_included,state,Warap,39471,0.0532669555104678,0.06284470570253092,0.11618540897491696,5.043748337840821,0.5860099633985935
2014,all,zeros_included,state,West Bahr-al-Ghazal,85516,0.013270421114899757,0.13615636423849495,0.0627115694383628,6.826872006839547,0.4281238579037335
2014,all,zeros_included,state,West Equatoria,79135,0.00634359006760599,0.12599670101517024,0.027740820584519668,7.248202891673151,0.20107109597810155
2014,all,zeros_included,district,Bahr al Jabal,17132,0.2579702268881467,0.027277127463093402,0.244226754237601,4.42788600796211,1.0814082278586745
2014,all,zeros_included,district,Kajo Kaii,2406,0.0,0.0038307709944082843,0.0,0.0,0.0
2014,all,zeros_included,district,Nahr Yei,12977,0.03144024042536796,0.02066164388796189,0.022546324299768973,5.837298091994578,0.1316096158165324
2014,all,zeros_included,district,Terkaka,11189,0.0,0.017814836515558725,0.0,0.0,0.0
2014,all,zeros_included,district,Amatonge,21615,0.011966998285368144,0.034414844157994624,0.014294074953127553,6.476844038185624,0.09258049414154265
2014,all,zeros_included,district,Kapoeta,34186,0.006055110279061604,0.05443006534282694,0.011438943946206318,6.8704619258762705,0.07859082885464337
2014,all,zeros_included,district,Magwi,5194,0.011166730843280709,0.008269752512450802,0.0032051147288887265,6.191681753669425,0.019845050385277452
2014,all,zeros_included,district,Shokodom,8176,0.0,0.013017615814747354,0.0,0.0,0.0
2014,all,zeros_included,district,Akobo,18999,0.0,0.030249716593002077,0.0,0.0,0.0
2014,all,zeros_included,district,Ayod,18620,0.0,0.02964628259180476,0.0,0.0,0.0
2014,all,zeros_included,district,Bor,6986,0.06874639306067055,0.011122928581436523,0.02653958237275359,4.938140616370234,0.131056189656398
2014,all,zeros_included,district,Fam al Zaraf,7634,0.0,0.012154657427810824,0.0,0.0,0.0
2014,all,zeros_included,district,Nahr Atiem,13562,0.0,0.02159306576316091,0.0,0.0,0.0
2014,all,zeros_included,district,Pibor,43884,4.5574696928265424e-05,0.06987097020723738,0.00011052119754788713,9.996157887377436,0.0011047873405907115
2014,all,zeros_included,district,Wat,12532,0.0,0.019953126393152377,0.0,0.0,0.0
2014,all,zeros_included,district,Aliab,4267,0.0,0.006793807079443121,0.0,0.0,0.0
2014,all,zeros_included,district,Rumbek,21408,0.024523542600896862,0.03408526410984728,0.02901181435632037,5.63592859164331,0.16350851402623381
2014,all,zeros_included,district,Shobet,6271,0.008451602615212885,0.009984524067304386,0.0029288117350190087,6.248454485845359,0.018300546823876055
2014,all,zeros_included,district,Yerol,10999,0.009637239749068096,0.01751232342788725,0.005857623470038017,6.35085364867672,0.037200909387265335
2014,all,zeros_included,district,Aryat,2202,0.0,0.003505967468697856,0.0,0.0,0.0
2014,all,zeros_included,district,Aweil,20600,0.04942556635847369,0.032798787400170684,0.05626449966923708,5.116563597957299,0.28788089086489893
2014,all,zeros_included,district,Nahr Lol,3912,0.0017893660531697342,0.0062285852577411505,0.00038682419141760493,7.475492390980895,0.002891701299589643
2014,all,zeros_included,district,Wanjuk,5475,0.0,0.00871715344737546,0.0,0.0,0.0
2014,all,zeros_included,district,Al Leiri,12542,0.0027108914048796047,0.01996904813460877,0.001878860358314081,7.838325855480063,0.014727119725409797
2014,all,zeros_included,district,Al Mayom,5787,0.0,0.009213911780814939,0.0,0.0,0.0
2014,all,zeros_included,district,Faring,4032,0.001984126984126984,0.0064196461552178735,0.0004420847901915485,6.5691498583513415,0.0029041212368660935
2014,all,zeros_included,district,Rabkona,14148,0.01929601357082273,0.022526079812505574,0.015086143465286592,5.900153780226929,0.08901056639575647
2014,all,zeros_included,district,Al Mabien,8336,0.04474568138195777,0.01327236367804965,0.02061220334268095,5.538459514408002,0.11415985371618373
2014,all,zeros_included,district,Al Renk,10820,0.042929759704251384,0.017227324255817803,0.025668548130496783,5.946784741443616,0.15264533035744932
2014,all,zeros_included,district,Baleit,11460,0.0,0.01824631570902699,0.0,0.0,0.0
2014,all,zeros_included,district,Fashooda,8486,0.0021211407023332546,0.013511189799895554,0.000994690777930984,7.956863346806441,0.007914618592325432
2014,all,zeros_included,district,Malut,12969,0.3790784067081425,0.020648906494796775,0.2716759054886921,3.735306697847526,1.014792829415703
2014,all,zeros_included,district,Mayot,8454,0.0,0.013460240227235094,0.0,0.0,0.0
2014,all,zeros_included,district,Sobat,10393,0.0,0.0165474658956298,0.0,0.0,0.0
2014,all,zeros_included,district,Tonga,6297,0.11550473765530282,0.010025920595091008,0.040192875490681415,4.8459962327262565,0.19477452321027763
2014,all,zeros_included,district,Gogrial,9885,0.0764795145122584,0.015738641429645008,0.04177701272580195,4.290256067423101,0.1792340823256839
2014,all,zeros_included,district,Malek,1894,0.11351636747624076,0.0030155778318409353,0.011881028736397866,3.947312925889209,0.046898138304044434
2014,all,zeros_included,district,Tonj,13719,0.017639769662511844,0.02184303710402629,0.013373064903294343,5.756396672145192,0.07698066630570521
2014,all,zeros_included,district,Warab,13973,0.06365848421956631,0.022247449337018686,0.0491543026094228,5.387438238969879,0.2648157694879013
2014,all,zeros_included,district,Raja,56641,0.005349481824120337,0.09018233578315862,0.0167439614285049,7.194542054169229,0.12046513465076598
2014,all,zeros_included,district,Wau,28875,0.028808080764043897,0.04597402845533633,0.0459676080098579,6.2487678293975755,0.28724091012635833
2014,all,zeros_included,district,Meridi,19496,0.007693885925318014,0.031041027143384834,0.008289089816091534,7.040091539170594,0.05835595108169114
2014,all,zeros_included,district,Mundri,16326,0.001776307730001225,0.025993835101708083,0.0016025573644443633,7.745651174235998,0.012412850331689028
2014,all,zeros_included,district,Tombura,27598,0.0,0.04394082207135488,0.0,0.0,0.0
2014,all,zeros_included,district,Yambio,15715,0.020553611199490934,0.02502101669872244,0.01784917340398377,6.1492608457289775,0.10975922314174441
2014,all,lit_only,state,Central Equatoria,334,14.453730320502185,0.17813333333333334,0.26677307853737,0.3432554248091706,0.09157130640099516
2014,all,lit_only,state,Eastern Equatoria,96,5.454861124356587,0.0512,0.028938133628222597,0.20178647268329963,0.005839323910877013
2014,all,lit_only,state,Jungoli,61,7.905939375767942,0.03253333333333333,0.026650103570301478,0.18381946083020617,0.00489880766936197
2014,all,lit_only,state,Lakes,119,5.7478991596638656,0.06346666666666667,0.037798249561377395,0.10994080545097829,0.004155570001414918
2014,all,lit_only,state,North Bahr-al-Ghazal,150,6.834444446563721,0.08,0.05665132386065468,0.18074813015773938,0.010239620858773859
2014,all,lit_only,state,Unity,61,5.163934426229508,0.03253333333333333,0.017407088613792223,0.2671790399401537,0.004650809223986187
2014,all,lit_only,state,Upper Nile,519,12.522352966499696,0.2768,0.35914422323048223,0.20964244466027093,0.07529187294365236
2014,all,lit_only,state,Warap,345,6.094202901314998,0.184,0.11618540897491696,0.3039712508382333,0.0353170240952572
2014,all,lit_only,state,West Bahr-al-Ghazal,118,9.617231627642099,0.06293333333333333,0.0627115694383628,0.24109785938491335,0.015119625150257623
2014,all,lit_only,state,West Equatoria,72,6.972222222222222,0.0384,0.027740820584519668,0.2459584769218235,0.006823089979530027
2014,all,lit_only,district,Bahr al Jabal,293,15.083774495043446,0.15626666666666666,0.244226754237601,0.35935527824391533,0.08776417322366144
2014,all,lit_only,district,Nahr Yei,41,9.951219512195122,0.021866666666666666,0.022546324299768973,0.07993631996165451,0.0018022701931855588
2014,all,lit_only,district,Amatonge,39,6.632478665082883,0.0208,0.014294074953127553,0.15926288721353865,0.002276515647081821
2014,all,lit_only,district,Kapoeta,43,4.813953488372093,0.022933333333333333,0.011438943946206318,0.19209055905361994,0.002197313137609793
2014,all,lit_only,district,Magwi,14,4.142857142857143,0.007466666666666667,0.0032051147288887265,0.2754796910619888,0.0008829440153324963
2014,all,lit_only,district,Bor,59,8.140039015624483,0.031466666666666664,0.02653958237275359,0.16401463490917667,0.004352879913509201
2014,all,lit_only,district,Pibor,2,1.0,0.0010666666666666667,0.00011052119754788713,0.0,0.0
2014,all,lit_only,district,Rumbek,82,6.402439024390244,0.04373333333333333,0.02901181435632037,0.07112787597960857,0.0020635487334797827
2014,all,lit_only,district,Shobet,14,3.7857142857142856,0.007466666666666667,0.0029288117350190087,0.14382070491759746,0.0004212237683013655
2014,all,lit_only,district,Yerol,23,4.608695652173913,0.012266666666666667,0.005857623470038017,0.180788226048753,0.001058989356009714
2014,all,lit_only,district,Aweil,147,6.92630385703781,0.0784,0.05626449966923708,0.17394982995836217,0.009787200150156114
2014,all,lit_only,district,Nahr Lol,3,2.3333333333333335,0.0016,0.00038682419141760493,0.3023006484942965,0.00011693720391882385
2014,all,lit_only,district,Al Leiri,5,6.8,0.0026666666666666666,0.001878860358314081,0.0109254768111966,2.0527445276237027e-05
2014,all,lit_only,district,Faring,6,1.3333333333333333,0.0032,0.0004420847901915485,0.0588915178281918,2.603504430313801e-05
2014,all,lit_only,district,Rabkona,50,5.46,0.02666666666666667,0.015086143465286592,0.2548482353297039,0.0038446770400590324
2014,all,lit_only,district,Al Mabien,43,8.674418604651162,0.022933333333333333,0.02061220334268095,0.2713208661084163,0.005592520863338989
2014,all,lit_only,district,Al Renk,33,14.075757575757576,0.0176,0.025668548130496783,0.15414075050962373,0.0039565692733271735
2014,all,lit_only,district,Fashooda,3,6.0,0.0016,0.000994690777930984,0.009302609712279919,9.253220091496041e-06
2014,all,lit_only,district,Malut,382,12.86981114292644,0.20373333333333332,0.2716759054886921,0.21041013311835943,0.057163363438926536
2014,all,lit_only,district,Tonga,58,12.540229879576584,0.030933333333333334,0.040192875490681415,0.15861063478393334,0.006375017495368575
2014,all,lit_only,district,Gogrial,165,4.581818187598026,0.088,0.04177701272580195,0.197427805718964,0.008247943951948314
2014,all,lit_only,district,Malek,44,4.886363636363637,0.023466666666666667,0.011881028736397866,0.18505628606144686,0.002198659052547114
2014,all,lit_only,district,Tonj,50,4.84,0.02666666666666667,0.013373064903294343,0.1418826652471723,0.0018974060910028198
2014,all,lit_only,district,Warab,86,10.343023255813954,0.04586666666666667,0.0491543026094228,0.29690336014293894,0.014594077610220461
2014,all,lit_only,district,Raja,44,6.886363636363637,0.023466666666666667,0.0167439614285049,0.03424330450851221,0.0005733685698750764
2014,all,lit_only,district,Wau,74,11.24099097380767,0.039466666666666664,0.0459676080098579,0.2821014747776509,0.012967530011581872
2014,all,lit_only,district,Meridi,20,7.5,0.010666666666666666,0.008289089816091534,0.15785921741954256,0.0013085092314885096
2014,all,lit_only,district,Mundri,8,3.625,0.004266666666666667,0.0016025573644443633,0.12457850790453229,0.00019964420529389854
2014,all,lit_only,district,Yambio,44,7.340909090909091,0.023466666666666667,0.01784917340398377,0.27107953041557087,0.004838545544658017
2015,all,zeros_included,state,Central Equatoria,43704,0.11463336944689184,0.0695843788610223,0.2709444074463671,5.289828513504524,1.4332494520843804
2015,all,zeros_included,state,Eastern Equatoria,69171,0.0077115651183191705,0.11013227782801972,0.028847921677877694,6.872447892038643,0.19825583852482642
2015,all,zeros_included,state,Jungoli,122217,0.004340685473086357,0.19459074755760486,0.02869048453177701,7.725570473383696,0.2216503601657681
2015,all,zeros_included,state,Lakes,42945,0.016346489696122946,0.06837591868448203,0.03796514456049207,6.009810502301179,0.22816332450102772
2015,all,zeros_included,state,North Bahr-al-Ghazal,32189,0.03334990219973744,0.051250493573985145,0.058056385695300576,5.477496875835612,0.31800367126831625
2015,all,zeros_included,state,Unity,36509,0.012216165876907064,0.05812868588314715,0.024120305518489264,6.785718434423506,0.16367360180073962
2015,all,zeros_included,state,Upper Nile,77215,0.08692765720055942,0.12293972665554267,0.36300081206356455,5.146382934951604,1.868141184577503
2015,all,zeros_included,state,Warap,39471,0.05276616594994429,0.06284470570253092,0.11263713987204858,5.072237082762092,0.5713222777552653
2015,all,zeros_included,state,West Bahr-al-Ghazal,85516,0.012447183340379446,0.13615636423849495,0.05756604739145449,6.890143963418494,0.3966383539320931
2015,all,zeros_included,state,West Equatoria,79135,0.004245908889871738,0.12599670101517024,0.018171351242628683,7.438495913978478,0.1351675219697612
2015,all,zeros_included,district,Bahr al Jabal,17132,0.27200191327964984,0.027277127463093402,0.2520159165686289,4.485530403199795,1.1304250558588478
2015,all,zeros_included,district,Kajo Kaii,2406,0.0,0.0038307709944082843,0.0,0.0,0.0
2015,all,zeros_included,district,Nahr Yei,12977,0.026970794482546044,0.02066164388796189,0.01892849087773821,5.941001557544949,0.11245419378661807
2015,all,zeros_included,district,Terkaka,11189,0.0,0.017814836515558725,0.0,0.0,0.0
2015,all,zeros_included,district,Amatonge,21615,0.012240728051359666,0.034414844157994624,0.014309037935973788,6.611255066835213,0.09460069955574399
2015,all,zeros_included,district,Kapoeta,34186,0.00701554244337203,0.05443006534282694,0.012970523069177023,6.815434457734705,0.08839974986051198
2015,all,zeros_included,district,Magwi,5194,0.005583365421640354,0.008269752512450802,0.0015683606727268805,6.616669866725175,0.010377324803388774
2015,all,zeros_included,district,Shokodom,8176,0.0,0.013017615814747354,0.0,0.0,0.0
2015,all,zeros_included,district,Akobo,18999,0.0,0.030249716593002077,0.0,0.0,0.0
2015,all,zeros_included,district,Ayod,18620,0.0,0.02964628259180476,0.0,0.0,0.0
2015,all,zeros_included,district,Bor,6986,0.07565209797655242,0.011122928581436523,0.028582321726761364,4.87610781022904,0.13937048220634027
2015,all,zeros_included,district,Fam al Zaraf,7634,0.0,0.012154657427810824,0.0,0.0,0.0
2015,all,zeros_included,district,Nahr Atiem,13562,0.0,0.02159306576316091,0.0,0.0,0.0
2015,all,zeros_included,district,Pibor,43884,4.5574696928265424e-05,0.06987097020723738,0.00010816280501564693,9.996157887377436,0.0010812124764780268
2015,all,zeros_included,district,Wat,12532,0.0,0.019953126393152377,0.0,0.0,0.0
2015,all,zeros_included,district,Aliab,4267,0.0,0.006793807079443121,0.0,0.0,0.0
2015,all,zeros_included,district,Rumbek,21408,0.025364349775784754,0.03408526410984728,0.02936620156174814,5.648142461651618,0.16586448997832973
2015,all,zeros_included,district,Shobet,6271,0.008451602615212885,0.009984524067304386,0.0028663143329146434,6.248454485845359,0.017910034651343353
2015,all,zeros_included,district,Yerol,10999,0.009637239749068096,0.01751232342788725,0.005732628665829287,6.35085364867672,0.036407085678890685
2015,all,zeros_included,district,Aryat,2202,0.0,0.003505967468697856,0.0,0.0,0.0
2015,all,zeros_included,district,Aweil,20600,0.051771844752783916,0.032798787400170684,0.057677815877745814,5.043790939025913,0.29091484510697924
2015,all,zeros_included,district,Nahr Lol,3912,0.0017893660531697342,0.0062285852577411505,0.0003785698175547642,7.475492390980895,0.0028299957905856656
2015,all,zeros_included,district,Wanjuk,5475,0.0,0.00871715344737546,0.0,0.0,0.0
2015,all,zeros_included,district,Al Leiri,12542,0.0027108914048796047,0.01996904813460877,0.0018387676852659976,7.838325855480063,0.014412860289641696
2015,all,zeros_included,district,Al Mayom,5787,0.0,0.009213911780814939,0.0,0.0,0.0
2015,all,zeros_included,district,Faring,4032,0.000496031746031746,0.0064196461552178735,0.00010816280501564693,7.60887062919126,0.0008229967902544969
2015,all,zeros_included,district,Rabkona,14148,0.02897936104042974,0.022526079812505574,0.02217337502820762,5.97106348241453,0.13239862991281276
2015,all,zeros_included,district,Al Mabien,8336,0.048304542584519924,0.01327236367804965,0.021776778093675595,5.363507996822639,0.11679992345046111
2015,all,zeros_included,district,Al Renk,10820,0.042929759704251384,0.017227324255817803,0.025120811464884,5.946784741443616,0.149388058312054
2015,all,zeros_included,district,Baleit,11460,0.0,0.01824631570902699,0.0,0.0,0.0
2015,all,zeros_included,district,Fashooda,8486,0.0021211407023332546,0.013511189799895554,0.0009734652451408223,7.956863346806441,0.007745729928450956
2015,all,zeros_included,district,Malut,12969,0.3914433321098712,0.020648906494796775,0.2745511933004003,3.6678151326502233,1.0070030214743848
2015,all,zeros_included,district,Mayot,8454,0.0,0.013460240227235094,0.0,0.0,0.0
2015,all,zeros_included,district,Sobat,10393,0.0,0.0165474658956298,0.0,0.0,0.0
2015,all,zeros_included,district,Tonga,6297,0.11915575823784631,0.010025920595091008,0.04057856395946381,4.8154847859131,0.19540545738099963
2015,all,zeros_included,district,Gogrial,9885,0.07556904427138132,0.015738641429645008,0.040398807815178246,4.31160890174598,0.17418385939584757
2015,all,zeros_included,district,Malek,1894,0.11351636747624076,0.0030155778318409353,0.011627501539182045,3.947312925889209,0.045897387121409956
2015,all,zeros_included,district,Tonj,13719,0.017639769662511844,0.02184303710402629,0.013087699406893277,5.756396672145192,0.07533798931187706
2015,all,zeros_included,district,Warab,13973,0.06288795058954029,0.022247449337018686,0.047523131110795015,5.4391615689097685,0.25848598837209646
2015,all,zeros_included,district,Raja,56641,0.005349481824120337,0.09018233578315862,0.016386664959870508,7.194542054169229,0.1178945501813697
2015,all,zeros_included,district,Wau,28875,0.02636998547310437,0.04597402845533633,0.041179382431583984,6.354334511565817,0.2616675709499812
2015,all,zeros_included,district,Meridi,19496,0.007693885925318014,0.031041027143384834,0.00811221037617352,7.040091539170594,0.057110703633271094
2015,all,zeros_included,district,Mundri,16326,0.001776307730001225,0.025993835101708083,0.0015683606727268805,7.745651174235998,0.012147974686332521
2015,all,zeros_included,district,Tombura,27598,0.0,0.04394082207135488,0.0,0.0,0.0
2015,all,zeros_included,district,Yambio,15715,0.009990454979319122,0.02502101669872244,0.008490780193728283,6.499724829960873,0.055187734850915715
2015,all,lit_only,state,Central Equatoria,320,15.656052432209254,0.16753926701570682,0.2709444074463671,0.3729545992227421,0.10104996289080319
2015,all,lit_only,state,Eastern Equatoria,88,6.061553077264265,0.04607329842931937,0.028847921677877694,0.20544772789212695,0.005926739963130007
2015,all,lit_only,state,Jungoli,66,8.037962976730231,0.03455497382198953,0.02869048453177701,0.20167178316330547,0.005786061175342703
2015,all,lit_only,state,Lakes,121,5.801652892561983,0.06335078534031413,0.03796514456049207,0.13792554169759486,0.005236363129133365
2015,all,lit_only,state,North Bahr-al-Ghazal,169,6.352071017203246,0.08848167539267016,0.058056385695300576,0.22801553249668283,0.01323775769914676
2015,all,lit_only,state,Unity,58,7.689655172413793,0.030366492146596858,0.024120305518489264,0.3408473604515807,0.008221342469262762
2015,all,lit_only,state,Upper Nile,577,11.63278864946481,0.3020942408376963,0.36300081206356455,0.24987618380260246,0.09070525763568921
2015,all,lit_only,state,Warap,341,6.107722393578448,0.17853403141361257,0.11263713987204858,0.32079805601166056,0.03613377550566669
2015,all,lit_only,state,West Bahr-al-Ghazal,113,9.419763987043263,0.059162303664921465,0.05756604739145449,0.2610730102105361,0.015028941278409402
2015,all,lit_only,state,West Equatoria,57,5.894736842105263,0.029842931937172777,0.018171351242628683,0.20263664804564496,0.003682181706266342
2015,all,lit_only,district,Bahr al Jabal,283,16.466207697197742,0.1481675392670157,0.2520159165686289,0.3822739621077713,0.09633912294091129
2015,all,lit_only,district,Nahr Yei,37,9.45945945945946,0.0193717277486911,0.01892849087773821,0.08098563145194282,0.0015329357861659685
2015,all,lit_only,district,Amatonge,33,8.01767687364058,0.017277486910994764,0.014309037935973788,0.12661983119996023,0.0018118079680868285
2015,all,lit_only,district,Kapoeta,47,5.102836892959919,0.024607329842931937,0.012970523069177023,0.2260105769285503,0.00293147540192977
2015,all,lit_only,district,Magwi,8,3.625,0.004188481675392671,0.0015683606727268805,0.14085201618231635,0.00022090676285463514
2015,all,lit_only,district,Bor,64,8.25789931975305,0.033507853403141365,0.028582321726761364,0.18332746822193435,0.0052399246780719475
2015,all,lit_only,district,Pibor,2,1.0,0.0010471204188481676,0.00010816280501564693,0.0,0.0
2015,all,lit_only,district,Rumbek,84,6.464285714285714,0.04397905759162304,0.02936620156174814,0.10743929756697712,0.0031550840680044864
2015,all,lit_only,district,Shobet,14,3.7857142857142856,0.007329842931937173,0.0028663143329146434,0.14382070491759746,0.0004122353478751971
2015,all,lit_only,district,Yerol,23,4.608695652173913,0.012041884816753926,0.005732628665829287,0.180788226048753,0.0010363917670915064
2015,all,lit_only,district,Aweil,166,6.424698806670775,0.08691099476439791,0.057677815877745814,0.22273237260478318,0.01284671677711216
2015,all,lit_only,district,Nahr Lol,3,2.3333333333333335,0.0015706806282722514,0.0003785698175547642,0.3023006484942965,0.00011444190134717273
2015,all,lit_only,district,Al Leiri,5,6.8,0.002617801047120419,0.0018387676852659976,0.0109254768111966,2.0089413706551303e-05
2015,all,lit_only,district,Faring,2,1.0,0.0010471204188481676,0.00010816280501564693,0.0,0.0
2015,all,lit_only,district,Rabkona,51,8.03921568627451,0.026701570680628273,0.02217337502820762,0.3455605648134843,0.007662243998568633
2015,all,lit_only,district,Al Mabien,54,7.456790129343669,0.028272251308900525,0.021776778093675595,0.32415327939376537,0.007059014033695255
2015,all,lit_only,district,Al Renk,33,14.075757575757576,0.017277486910994764,0.025120811464884,0.15414075050962373,0.00387214073260798
2015,all,lit_only,district,Fashooda,3,6.0,0.0015706806282722514,0.0009734652451408223,0.009302609712279919,9.055767244013967e-06
2015,all,lit_only,district,Malut,426,11.916968483880092,0.22303664921465968,0.2745511933004003,0.2519373055838523,0.06916968788493424
2015,all,lit_only,district,Tonga,61,12.300390321700299,0.03193717277486911,0.04057856395946381,0.17853004159766828,0.007244492711656717
2015,all,lit_only,district,Gogrial,162,4.611111127300027,0.08481675392670157,0.040398807815178246,0.2004315013736464,0.008097193704101576
2015,all,lit_only,district,Malek,44,4.886363636363637,0.023036649214659685,0.011627501539182045,0.18505628606144686,0.002151742251014786
2015,all,lit_only,district,Tonj,50,4.84,0.02617801047120419,0.013087699406893277,0.1418826652471723,0.0018569176738038543
2015,all,lit_only,district,Warab,85,10.338039218678194,0.04450261780104712,0.047523131110795015,0.336930650319637,0.016011999470385535
2015,all,lit_only,district,Raja,44,6.886363636363637,0.023036649214659685,0.016386664959870508,0.03424330450851221,0.0005611335580998128
2015,all,lit_only,district,Wau,69,11.035265659940416,0.03612565445026178,0.041179382431583984,0.3177095683389819,0.013083083816804402
2015,all,lit_only,district,Meridi,20,7.5,0.010471204188481676,0.00811221037617352,0.15785921741954256,0.0012805871815254448
2015,all,lit_only,district,Mundri,8,3.625,0.004188481675392671,0.0015683606727268805,0.12457850790453229,0.00019538403246446324
2015,all,lit_only,district,Yambio,29,5.413793103448276,0.015183246073298429,0.008490780193728283,0.20464971071567906,0.0017376357103969105
2016,all,zeros_included,state,Central Equatoria,43704,0.11489162660771055,0.0695843788610223,0.2681351767041778,5.2882217146305655,1.4179582639033368
2016,all,zeros_included,state,Eastern Equatoria,69171,0.007552538936826927,0.11013227782801972,0.027897241015846057,6.913973249595278,0.19288077812107185
2016,all,zeros_included,state,Jungoli,122217,0.004361140900348311,0.19459074755760486,0.028462691428515714,7.719771171231308,0.21972546474550805
2016,all,zeros_included,state,Lakes,42945,0.016788916099833476,0.06837591868448203,0.03850166342291893,6.004055326795276,0.23116611736485523
2016,all,zeros_included,state,North Bahr-al-Ghazal,32189,0.0363012209732315,0.051250493573985145,0.06239832685728364,5.465242775875648,0.34102200508349684
2016,all,zeros_included,state,Unity,36509,0.012435289928510777,0.05812868588314715,0.02424376580827168,6.775209942515344,0.16425660314821583
2016,all,zeros_included,state,Upper Nile,77215,0.08846274865134457,0.12293972665554267,0.364759265388075,5.133412593411065,1.872459806506513
2016,all,zeros_included,state,Warap,39471,0.05243681022042134,0.06284470570253092,0.1105245160543043,5.080103792641544,0.5614760131873424
2016,all,zeros_included,state,West Bahr-al-Ghazal,85516,0.012511498790119846,0.13615636423849495,0.057134830607877135,6.889293358155026,0.3936186090261604
2016,all,zeros_included,state,West Equatoria,79135,0.004245908889871738,0.12599670101517024,0.0179425227127297,7.438495913978478,0.13346538188510593
2016,all,zeros_included,district,Bahr al Jabal,17132,0.2726607313368773,0.027277127463093402,0.2494450488784177,4.483658583312188,1.1184264344684458
2016,all,zeros_included,district,Kajo Kaii,2406,0.0,0.0038307709944082843,0.0,0.0,0.0
2016,all,zeros_included,district,Nahr Yei,12977,0.026970794482546044,0.02066164388796189,0.018690127825760107,5.941001557544949,0.11103807852355499
2016,all,zeros_included,district,Terkaka,11189,0.0,0.017814836515558725,0.0,0.0,0.0
2016,all,zeros_included,district,Amatonge,21615,0.012240728051359666,0.034414844157994624,0.014128846816918407,6.611255066835213,0.09340941010689038
2016,all,zeros_included,district,Kapoeta,34186,0.0066937732981078866,0.05443006534282694,0.012219783607650383,6.902326817224656,0.0843449400957675
2016,all,zeros_included,district,Magwi,5194,0.005583365421640354,0.008269752512450802,0.0015486105912772658,6.616669866725175,0.010246645034595742
2016,all,zeros_included,district,Shokodom,8176,0.0,0.013017615814747354,0.0,0.0,0.0
2016,all,zeros_included,district,Akobo,18999,0.0,0.030249716593002077,0.0,0.0,0.0
2016,all,zeros_included,district,Ayod,18620,0.0,0.02964628259180476,0.0,0.0,0.0
2016,all,zeros_included,district,Bor,6986,0.07543738296848977,0.011122928581436523,0.02814228923721697,4.895213976255396,0.1377625275978463
2016,all,zeros_included,district,Fam al Zaraf,7634,0.0,0.012154657427810824,0.0,0.0,0.0
2016,all,zeros_included,district,Nahr Atiem,13562,0.0,0.02159306576316091,0.0,0.0,0.0
2016,all,zeros_included,district,Pibor,43884,0.00013672409078479628,0.06987097020723738,0.00032040219129874465,8.897545598709327,0.002850793107006969
2016,all,zeros_included,district,Wat,12532,0.0,0.019953126393152377,0.0,0.0,0.0
2016,all,zeros_included,district,Aliab,4267,0.0,0.006793807079443121,0.0,0.0,0.0
2016,all,zeros_included,district,Rumbek,21408,0.026251868549483776,0.03408526410984728,0.030011005353502197,5.6380021506128,0.16920211272509764
2016,all,zeros_included,district,Shobet,6271,0.008451602615212885,0.009984524067304386,0.0028302193564722447,6.248454485845359,0.017684496833875362
2016,all,zeros_included,district,Yerol,10999,0.009637239749068096,0.01751232342788725,0.005660438712944489,6.35085364867672,0.035948617853214467
2016,all,zeros_included,district,Aryat,2202,0.0,0.003505967468697856,0.0,0.0,0.0
2016,all,zeros_included,district,Aweil,20600,0.05638349523822081,0.032798787400170684,0.062024524300768435,5.030942799022001,0.3120418338937161
2016,all,zeros_included,district,Nahr Lol,3912,0.0017893660531697342,0.0062285852577411505,0.0003738025565152021,7.475492390980895,0.002794358166958599
2016,all,zeros_included,district,Wanjuk,5475,0.0,0.00871715344737546,0.0,0.0,0.0
2016,all,zeros_included,district,Al Leiri,12542,0.0027108914048796047,0.01996904813460877,0.001815612417359553,7.838325855480063,0.014231361754520043
2016,all,zeros_included,district,Al Mayom,5787,0.0,0.009213911780814939,0.0,0.0,0.0
2016,all,zeros_included,district,Faring,4032,0.000992063492063492,0.0064196461552178735,0.00021360146086582977,6.915723448631314,0.001477208631571723
2016,all,zeros_included,district,Rabkona,14148,0.029403449250777494,0.022526079812505574,0.022214551930046296,5.975205819909393,0.13273651997909205
2016,all,zeros_included,district,Al Mabien,8336,0.04782469613538365,0.01327236367804965,0.02128894561660322,5.380609575653357,0.11454750464025884
2016,all,zeros_included,district,Al Renk,10820,0.04376155268022181,0.017227324255817803,0.0252850729299926,5.8744004003223305,0.14853464254212784
2016,all,zeros_included,district,Baleit,11460,0.0,0.01824631570902699,0.0,0.0,0.0
2016,all,zeros_included,district,Fashooda,8486,0.004242281404666509,0.013511189799895554,0.001922413147792468,6.820940247054707,0.013112665211244772
2016,all,zeros_included,district,Malut,12969,0.3928579647122449,0.020648906494796775,0.2720735227971557,3.6699176233488604,0.9984874161598896
2016,all,zeros_included,district,Mayot,8454,0.0,0.013460240227235094,0.0,0.0,0.0
2016,all,zeros_included,district,Sobat,10393,0.0,0.0165474658956298,0.0,0.0,0.0
2016,all,zeros_included,district,Tonga,6297,0.1314132961371938,0.010025920595091008,0.04418931089653107,4.783798493185986,0.2113927588817524
2016,all,zeros_included,district,Gogrial,9885,0.07556904427138132,0.015738641429645008,0.03989007295674174,4.31160890174598,0.17199039365158425
2016,all,zeros_included,district,Malek,1894,0.11351636747624076,0.0030155778318409353,0.011481078521538351,3.947312925889209,0.0453194096512173
2016,all,zeros_included,district,Tonj,13719,0.017639769662511844,0.02184303710402629,0.012922888382382702,5.756396672145192,0.07438927167885155
2016,all,zeros_included,district,Warab,13973,0.06195758488425152,0.022247449337018686,0.046230476193641505,5.466048976006341,0.2526980470585397
2016,all,zeros_included,district,Raja,56641,0.005349481824120337,0.09018233578315862,0.016180310660586606,7.194542054169229,0.11640992549711304
2016,all,zeros_included,district,Wau,28875,0.02656046166358056,0.04597402845533633,0.04095451994729053,6.351599206528707,0.26012669640097463
2016,all,zeros_included,district,Meridi,19496,0.007693885925318014,0.031041027143384834,0.008010054782468617,7.040091539170594,0.05639151890235026
2016,all,zeros_included,district,Mundri,16326,0.001776307730001225,0.025993835101708083,0.0015486105912772658,7.745651174235998,0.011994997444761056
2016,all,zeros_included,district,Tombura,27598,0.0,0.04394082207135488,0.0,0.0,0.0
2016,all,zeros_included,district,Yambio,15715,0.009990454979319122,0.02502101669872244,0.008383857338983818,6.499724829960873,0.05449276571704281
2016,all,lit_only,state,Central Equatoria,320,15.691323903948069,0.1652892561983471,0.2681351767041778,0.37134780034878423,0.099571408065229
2016,all,lit_only,state,Eastern Equatoria,84,6.219246080943516,0.04338842975206612,0.027897241015846057,0.2004530698138689,0.005592087600963716
2016,all,lit_only,state,Jungoli,67,7.9553068271323815,0.03460743801652893,0.028462691428515714,0.21091035837545746,0.006003076449518311
2016,all,lit_only,state,Lakes,122,5.909836081207776,0.06301652892561983,0.03850166342291893,0.1404008653282076,0.005405666861153217
2016,all,lit_only,state,North Bahr-al-Ghazal,178,6.5646067522884755,0.09194214876033058,0.06239832685728364,0.267646267905731,0.016700679306913904
2016,all,lit_only,state,Unity,60,7.566666666666666,0.030991735537190084,0.02424376580827168,0.36424042021909964,0.008830559445698317
2016,all,lit_only,state,Upper Nile,596,11.460824055559684,0.30785123966942146,0.364759265388075,0.26930424281931353,0.09823121777666458
2016,all,lit_only,state,Warap,339,6.105408071416669,0.17510330578512398,0.1105245160543043,0.32278239598804603,0.0356753681074276
2016,all,lit_only,state,West Bahr-al-Ghazal,113,9.468436553414945,0.05836776859504132,0.057134830607877135,0.2602224049470676,0.014867763027025117
2016,all,lit_only,state,West Equatoria,57,5.894736842105263,0.029442148760330578,0.0179425227127297,0.20263664804564496,0.003635812659990399
2016,all,lit_only,district,Bahr al Jabal,283,16.506090633439513,0.14617768595041322,0.2494450488784177,0.3804021422201638,0.09488943095956355
2016,all,lit_only,district,Nahr Yei,37,9.45945945945946,0.019111570247933883,0.018690127825760107,0.08098563145194282,0.0015136318038867095
2016,all,lit_only,district,Amatonge,33,8.01767687364058,0.017045454545454544,0.014128846816918407,0.12661983119996023,0.001788992199008304
2016,all,lit_only,district,Kapoeta,43,5.321705441142237,0.02221074380165289,0.012219783607650383,0.22395545040200537,0.0027366871416663837
2016,all,lit_only,district,Magwi,8,3.625,0.004132231404958678,0.0015486105912772658,0.14085201618231635,0.00021812492406269194
2016,all,lit_only,district,Bor,61,8.639435367506058,0.031508264462809916,0.02814228923721697,0.1544244150619294,0.004345856553960861
2016,all,lit_only,district,Pibor,6,1.0,0.0030991735537190084,0.00032040219129874465,0.0,0.0
2016,all,lit_only,district,Rumbek,85,6.611764728321749,0.04390495867768595,0.030011005353502197,0.10913344417516102,0.0032752043773868907
2016,all,lit_only,district,Shobet,14,3.7857142857142856,0.007231404958677686,0.0028302193564722447,0.14382070491759746,0.0004070441429192673
2016,all,lit_only,district,Yerol,23,4.608695652173913,0.011880165289256199,0.005660438712944489,0.180788226048753,0.0010233406735709208
2016,all,lit_only,district,Aweil,175,6.637142868041992,0.09039256198347108,0.062024524300768435,0.2626824181678429,0.016292752029035986
2016,all,lit_only,district,Nahr Lol,3,2.3333333333333335,0.0015495867768595042,0.0003738025565152021,0.3023006484942965,0.00011300075524337151
2016,all,lit_only,district,Al Leiri,5,6.8,0.0025826446280991736,0.001815612417359553,0.0109254768111966,1.98364313639824e-05
2016,all,lit_only,district,Faring,4,1.0,0.002066115702479339,0.00021360146086582977,0.0,0.0
2016,all,lit_only,district,Rabkona,51,8.156862745098039,0.02634297520661157,0.022214551930046296,0.3497029023083478,0.0077684932834166985
2016,all,lit_only,district,Al Mabien,52,7.6666666727799635,0.026859504132231406,0.02128894561660322,0.30351453024163577,0.006461504328163057
2016,all,lit_only,district,Al Renk,42,11.273809523809524,0.02169421487603306,0.0252850729299926,0.32291846620522646,0.008165016968440502
2016,all,lit_only,district,Fashooda,11,3.272727272727273,0.005681818181818182,0.001922413147792468,0.1726624940908068,0.0003319286487708063
2016,all,lit_only,district,Malut,428,11.904147066245569,0.22107438016528927,0.2720735227971557,0.25872364559491556,0.0703918536879315
2016,all,lit_only,district,Tonga,63,13.135071837712848,0.03254132231404959,0.04418931089653107,0.17910461108877618,0.007914509342404216
2016,all,lit_only,district,Gogrial,162,4.611111127300027,0.08367768595041322,0.03989007295674174,0.2004315013736464,0.007995227212624037
2016,all,lit_only,district,Malek,44,4.886363636363637,0.022727272727272728,0.011481078521538351,0.18505628606144686,0.0021246457511757346
2016,all,lit_only,district,Tonj,50,4.84,0.025826446280991736,0.012922888382382702,0.1418826652471723,0.001833533846384177
2016,all,lit_only,district,Warab,83,10.430522091417428,0.042871900826446284,0.046230476193641505,0.3400074087224918,0.015718704414606894
2016,all,lit_only,district,Raja,44,6.886363636363637,0.022727272727272728,0.016180310660586606,0.03424330450851221,0.0005540673049927935
2016,all,lit_only,district,Wau,69,11.114975804867951,0.035640495867768594,0.04095451994729053,0.3149742633018717,0.012899619749279646
2016,all,lit_only,district,Meridi,20,7.5,0.010330578512396695,0.008010054782468617,0.15785921741954256,0.0012644609794481602
2016,all,lit_only,district,Mundri,8,3.625,0.004132231404958678,0.0015486105912772658,0.12457850790453229,0.0001929235967864773
2016,all,lit_only,district,Yambio,29,5.413793103448276,0.014979338842975207,0.008383857338983818,0.20464971071567906,0.0017157539791045613
2017,all,zeros_included,state,Central Equatoria,43704,0.11645344930506442,0.0695843788610223,0.2609670072495477,5.29388384411782,1.3815290235261586
2017,all,zeros_included,state,Eastern Equatoria,69171,0.0083585125384808,0.11013227782801972,0.029645932367414453,6.8496010926048125,0.2030628107351304
2017,all,zeros_included,state,Jungoli,122217,0.004492055584884832,0.19459074755760486,0.02815067427191065,7.655197065419974,0.21549895907592398
2017,all,zeros_included,state,Lakes,42945,0.01964334236311127,0.06837591868448203,0.04325537226773136,5.941287478063906,0.25699260161326504
2017,all,zeros_included,state,North Bahr-al-Ghazal,32189,0.035213893033676814,0.051250493573985145,0.05812106805954138,5.432478612487848,0.3157414591684091
2017,all,zeros_included,state,Unity,36509,0.01999050462878411,0.05812868588314715,0.03742275495452964,6.376758409814999,0.23863586737474282
2017,all,zeros_included,state,Upper Nile,77215,0.09036552652688654,0.12293972665554267,0.35778037928678125,5.14926712926631,1.8423067465578555
2017,all,zeros_included,state,Warap,39471,0.054351718237110665,0.06284470570253092,0.11000273127730838,5.006706341930615,0.5507513723157891
2017,all,zeros_included,state,West Bahr-al-Ghazal,85516,0.012417949045042901,0.13615636423849495,0.054451432927203385,6.884552756288457,0.3748737626428341
2017,all,zeros_included,state,West Equatoria,79135,0.004978833638718645,0.12599670101517024,0.020202647338031815,7.14361937453232,0.14432002294080787
2017,all,zeros_included,district,Bahr al Jabal,17132,0.2792132587221886,0.027277127463093402,0.24527662632204078,4.477528581269176,1.098233104674217
2017,all,zeros_included,district,Kajo Kaii,2406,0.0,0.0038307709944082843,0.0,0.0,0.0
2017,all,zeros_included,district,Nahr Yei,12977,0.023580180319025968,0.02066164388796189,0.015690380927506943,5.982279710732891,0.09386424747629511
2017,all,zeros_included,district,Terkaka,11189,0.0,0.017814836515558725,0.0,0.0,0.0
2017,all,zeros_included,district,Amatonge,21615,0.016601125923207918,0.034414844157994624,0.018399450144945394,6.35285953209551,0.11688912223863246
2017,all,zeros_included,district,Kapoeta,34186,0.005567581289683385,0.05443006534282694,0.009759485337182452,6.995723406537518,0.06827466000908698
2017,all,zeros_included,district,Magwi,5194,0.005583365421640354,0.008269752512450802,0.0014869968852866057,6.616669866725175,0.009838967482790076
2017,all,zeros_included,district,Shokodom,8176,0.0,0.013017615814747354,0.0,0.0,0.0
2017,all,zeros_included,district,Akobo,18999,0.0,0.030249716593002077,0.0,0.0,0.0
2017,all,zeros_included,district,Ayod,18620,0.0,0.02964628259180476,0.0,0.0,0.0
2017,all,zeros_included,district,Bor,6986,0.07543738296848977,0.011122928581436523,0.02702260766927943,4.895213976255396,0.1322814467375229
2017,all,zeros_included,district,Fam al Zaraf,7634,0.0,0.012154657427810824,0.0,0.0,0.0
2017,all,zeros_included,district,Nahr Atiem,13562,0.0,0.02159306576316091,0.0,0.0,0.0
2017,all,zeros_included,district,Pibor,43884,0.0005013216662109196,0.06987097020723738,0.0011280666026312182,8.38654582127802,0.009460582252420136
2017,all,zeros_included,district,Wat,12532,0.0,0.019953126393152377,0.0,0.0,0.0
2017,all,zeros_included,district,Aliab,4267,0.00796812749003984,0.006793807079443121,0.0017433756586118826,5.883216269815459,0.010256656039145669
2017,all,zeros_included,district,Rumbek,21408,0.030389729903952424,0.03408526410984728,0.03335915161737567,5.6480860424311885,0.18841535863744532
2017,all,zeros_included,district,Shobet,6271,0.008451602615212885,0.009984524067304386,0.0027176149972479345,6.248454485845359,0.01698089362035448
2017,all,zeros_included,district,Yerol,10999,0.009637239749068096,0.01751232342788725,0.005435229994495869,6.35085364867672,0.03451835024194124
2017,all,zeros_included,district,Aryat,2202,0.0,0.003505967468697856,0.0,0.0,0.0
2017,all,zeros_included,district,Aweil,20600,0.05468446615830209,0.032798787400170684,0.057762137776885984,4.99815937814706,0.2887043706313652
2017,all,zeros_included,district,Nahr Lol,3912,0.0017893660531697342,0.0062285852577411505,0.0003589302826553876,7.475492390980895,0.0026831805968829717
2017,all,zeros_included,district,Wanjuk,5475,0.0,0.00871715344737546,0.0,0.0,0.0
2017,all,zeros_included,district,Al Leiri,12542,0.0027108914048796047,0.01996904813460877,0.0017433756586118826,7.838325855480063,0.013665146500712103
2017,all,zeros_included,district,Al Mayom,5787,0.0,0.009213911780814939,0.0,0.0,0.0
2017,all,zeros_included,district,Faring,4032,0.023561507936507936,0.0064196461552178735,0.00487119669318026,4.935555479525044,0.024042061530870105
2017,all,zeros_included,district,Rabkona,14148,0.042467722186335814,0.022526079812505574,0.0308081826027375,5.855512916932357,0.18039771117754014
2017,all,zeros_included,district,Al Mabien,8336,0.05070377483020131,0.01327236367804965,0.02167255232139686,5.238562828468174,0.11353302698890123
2017,all,zeros_included,district,Al Renk,10820,0.04970733215980741,0.017227324255817803,0.027577810083289193,5.549806243697425,0.15305150258774017
2017,all,zeros_included,district,Baleit,11460,0.0,0.01824631570902699,0.0,0.0,0.0
2017,all,zeros_included,district,Fashooda,8486,0.005185010605703512,0.013511189799895554,0.0022561332052624364,6.70026733516017,0.015116695618990117
2017,all,zeros_included,district,Malut,12969,0.38801696203256664,0.020648906494796775,0.258029441424723,3.7507663350416407,0.96780814234545
2017,all,zeros_included,district,Mayot,8454,0.0,0.013460240227235094,0.0,0.0,0.0
2017,all,zeros_included,district,Sobat,10393,0.0,0.0165474658956298,0.0,0.0,0.0
2017,all,zeros_included,district,Tonga,6297,0.14941752409393566,0.010025920595091008,0.04824444225210976,4.725823560154156,0.22799472184151695
2017,all,zeros_included,district,Gogrial,9885,0.0823048393474303,0.015738641429645008,0.04171709958499187,4.177018066996386,0.17425307866919845
2017,all,zeros_included,district,Malek,1894,0.11351636747624076,0.0030155778318409353,0.011024287252986905,3.947312925889209,0.04351631157243085
2017,all,zeros_included,district,Tonj,13719,0.017639769662511844,0.02184303710402629,0.0124087326289434,5.756396672145192,0.07142958721078924
2017,all,zeros_included,district,Warab,13973,0.0626016842186822,0.022247449337018686,0.0448526118103862,5.434423182214157,0.2437480734052153
2017,all,zeros_included,district,Raja,56641,0.005349481824120337,0.09018233578315862,0.015536553663511778,7.194542054169229,0.1117783887089925
2017,all,zeros_included,district,Wau,28875,0.026283405386524284,0.04597402845533633,0.0389148792636916,6.347217479196406,0.24700120186332108
2017,all,zeros_included,district,Meridi,19496,0.007693885925318014,0.031041027143384834,0.007691363199758306,7.040091539170594,0.05414790098730651
2017,all,zeros_included,district,Mundri,16326,0.001776307730001225,0.025993835101708083,0.0014869968852866057,7.745651174235998,0.011517759170605468
2017,all,zeros_included,district,Tombura,27598,0.0,0.04394082207135488,0.0,0.0,0.0
2017,all,zeros_included,district,Yambio,15715,0.01368119630925867,0.02502101669872244,0.011024287252986905,5.9591871291987735,0.06569579070658967
2017,all,lit_only,state,Central Equatoria,332,15.32976370008595,0.15908001916626738,0.2609670072495477,0.4138239029587547,0.10799438548347345
2017,all,lit_only,state,Eastern Equatoria,95,6.085964955781636,0.04551988500239578,0.029645932367414453,0.25914100558063047,0.007682476725067142
2017,all,lit_only,state,Jungoli,72,7.6250771863593,0.03449928126497365,0.02815067427191065,0.21830975218921234,0.006145566724260049
2017,all,lit_only,state,Lakes,137,6.157542611560682,0.06564446574029707,0.04325537226773136,0.19359289769170562,0.008373932858043557
2017,all,lit_only,state,North Bahr-al-Ghazal,184,6.160326102505559,0.0881648298993771,0.05812106805954138,0.2680343118348305,0.01557844048044452
2017,all,lit_only,state,Unity,102,7.155228759728226,0.048873981792046,0.03742275495452964,0.4964171385809255,0.018577296932342755
2017,all,lit_only,state,Upper Nile,603,11.571433052692445,0.2889314805941543,0.35778037928678125,0.2968353083363935,0.10620184920230352
2017,all,lit_only,state,Warap,367,5.845549510999986,0.17585050311451844,0.11000273127730838,0.32874668595123735,0.036163033352999654
2017,all,lit_only,state,West Bahr-al-Ghazal,117,9.076353252443493,0.056061332055582176,0.054451432927203385,0.29026791916591455,0.015805504131381688
2017,all,lit_only,state,West Equatoria,78,5.051282051282051,0.037374221370388115,0.020202647338031815,0.22141766745452807,0.004473223049993435
2017,all,lit_only,district,Bahr al Jabal,294,16.270345402818148,0.14087206516530906,0.24527662632204078,0.4124050098725962,0.10115330949985832
2017,all,lit_only,district,Nahr Yei,38,8.052631578947368,0.01820795400095831,0.015690380927506943,0.14893203172204705,0.0023368003100264663
2017,all,lit_only,district,Amatonge,50,7.176666736602783,0.023957834211787255,0.018399450144945394,0.28373974042192396,0.0052206552080329375
2017,all,lit_only,district,Kapoeta,37,5.144144161327465,0.01772879731672257,0.009759485337182452,0.16706983666552921,0.0016305156212226995
2017,all,lit_only,district,Magwi,8,3.625,0.003833253473885961,0.0014869968852866057,0.14085201618231635,0.000209446509349443
2017,all,lit_only,district,Bor,61,8.639435367506058,0.02922855773838045,0.02702260766927943,0.1544244150619294,0.004172950382776483
2017,all,lit_only,district,Pibor,11,2.0,0.005270723526593196,0.0011280666026312182,0.09513602613900873,0.00010731977379446635
2017,all,lit_only,district,Aliab,12,2.8333333333333335,0.005749880210828941,0.0017433756586118826,0.009456636415458686,1.6486469739053398e-05
2017,all,lit_only,district,Rumbek,88,7.3929924748160625,0.04216578821274557,0.03335915161737567,0.15390289398144041,0.005134069974679764
2017,all,lit_only,district,Shobet,14,3.7857142857142856,0.006708193579300431,0.0027176149972479345,0.14382070491759746,0.0003908493045988326
2017,all,lit_only,district,Yerol,23,4.608695652173913,0.011020603737422138,0.005435229994495869,0.180788226048753,0.0009826255888718816
2017,all,lit_only,district,Aweil,181,6.223756921884105,0.08672735984666986,0.057762137776885984,0.26361005463521336,0.015226680295211636
2017,all,lit_only,district,Nahr Lol,3,2.3333333333333335,0.0014374700527072352,0.0003589302826553876,0.3023006484942965,0.00010850485721096481
2017,all,lit_only,district,Al Leiri,5,6.8,0.0023957834211787254,0.0017433756586118826,0.0109254768111966,1.9047210331368722e-05
2017,all,lit_only,district,Faring,32,2.96875,0.015333013895543843,0.00487119669318026,0.09927357257356584,0.00048358109844054447
2017,all,lit_only,district,Rabkona,65,9.243589746035063,0.03114518447532343,0.0308081826027375,0.47257163650262335,0.01455907327024731
2017,all,lit_only,district,Al Mabien,62,6.81720430620255,0.029707714422616195,0.02167255232139686,0.3373584495201174,0.007311418648290067
2017,all,lit_only,district,Al Renk,63,8.537037047128829,0.03018687110685194,0.027577810083289193,0.4037894176884853,0.011135627874654982
2017,all,lit_only,district,Fashooda,11,4.0,0.005270723526593196,0.0022561332052624364,0.051989582196271256,0.00011729542272072837
2017,all,lit_only,district,Malut,395,12.739726533165461,0.1892668902731193,0.258029441424723,0.25933492660702084,0.06691604625433112
2017,all,lit_only,district,Tonga,72,13.06780762804879,0.03449928126497365,0.04824444225210976,0.25466107068146826,0.012285981318352538
2017,all,lit_only,district,Gogrial,185,4.397747767293775,0.08864398658361285,0.04171709958499187,0.19860015646999352,0.008285022505053686
2017,all,lit_only,district,Malek,44,4.886363636363637,0.021082894106372783,0.011024287252986905,0.18505628606144686,0.002040113655512307
2017,all,lit_only,district,Tonj,50,4.84,0.023957834211787255,0.0124087326289434,0.1418826652471723,0.0017605840577340406
2017,all,lit_only,district,Warab,88,9.940151518041437,0.04216578821274557,0.0448526118103862,0.36687782161191507,0.016455428514599343
2017,all,lit_only,district,Raja,44,6.886363636363637,0.021082894106372783,0.015536553663511778,0.03424330450851221,0.0005320229381124747
2017,all,lit_only,district,Wau,73,10.396346993642311,0.03497843794920939,0.0389148792636916,0.3669454725207024,0.0142796387595014
2017,all,lit_only,district,Meridi,20,7.5,0.009583133684714902,0.007691363199758306,0.15785921741954256,0.001214152575603315
2017,all,lit_only,district,Mundri,8,3.625,0.003833253473885961,0.0014869968852866057,0.12457850790453229,0.0001852478532276923
2017,all,lit_only,district,Yambio,50,4.3,0.023957834211787255,0.011024287252986905,0.20883918539525137,0.0023023031694770386
2018,all,zeros_included,state,Central Equatoria,43704,0.11838466477562128,0.0695843788610223,0.2613087814904702,5.287289355715213,1.3816151389294757
2018,all,zeros_included,state,Eastern Equatoria,69171,0.009092201546651649,0.11013227782801972,0.0317636554907227,6.895103927646328,0.21901370573048695
2018,all,zeros_included,state,Jungoli,122217,0.004655971688000011,0.19459074755760486,0.028739507299468843,7.591001450868177,0.21816164160750454
2018,all,zeros_included,state,Lakes,42945,0.020175030217874118,0.06837591868448203,0.043758675634989364,5.931176201733718,0.259540415545634
2018,all,zeros_included,state,North Bahr-al-Ghazal,32189,0.034747895332598804,0.051250493573985145,0.0564902319689134,5.445878340131802,0.3076389307085266
2018,all,zeros_included,state,Unity,36509,0.023218019309884087,0.05812868588314715,0.0428117000695468,6.489524770071993,0.27782758805021684
2018,all,zeros_included,state,Upper Nile,77215,0.08957621846368552,0.12293972665554267,0.34932668994738225,5.169803137009726,1.8059502175312008
2018,all,zeros_included,state,Warap,39471,0.05568391995102485,0.06284470570253092,0.11100570476057398,5.021615178463869,0.5574279319217773
2018,all,zeros_included,state,West Bahr-al-Ghazal,85516,0.012347786736235192,0.13615636423849495,0.05333028040509656,6.88702918205577,0.367287197437117
2018,all,zeros_included,state,West Equatoria,79135,0.0053705692803437165,0.12599670101517024,0.02146477293283593,7.105657936022447,0.15252133413512545
2018,all,zeros_included,district,Bahr al Jabal,17132,0.28408144929685686,0.027277127463093402,0.24580363963075108,4.468619511690671,1.0984029400985564
2018,all,zeros_included,district,Kajo Kaii,2406,0.0,0.0038307709944082843,0.0,0.0,0.0
2018,all,zeros_included,district,Nahr Yei,12977,0.023657239731833243,0.02066164388796189,0.01550514185971913,5.999453668536287,0.09302238021146747
2018,all,zeros_included,district,Terkaka,11189,0.0,0.017814836515558725,0.0,0.0,0.0
2018,all,zeros_included,district,Amatonge,21615,0.018810240074685403,0.034414844157994624,0.02053463306943457,6.41334148538157,0.131695614151293
2018,all,zeros_included,district,Kapoeta,34186,0.005421322587290593,0.05443006534282694,0.009360324542429476,7.0457751473909225,0.06595074203256292
2018,all,zeros_included,district,Magwi,5194,0.00712360415864459,0.008269752512450802,0.0018686978788586574,6.279759072100313,0.011734972457777266
2018,all,zeros_included,district,Shokodom,8176,0.0,0.013017615814747354,0.0,0.0,0.0
2018,all,zeros_included,district,Akobo,18999,0.0,0.030249716593002077,0.0,0.0,0.0
2018,all,zeros_included,district,Ayod,18620,0.0,0.02964628259180476,0.0,0.0,0.0
2018,all,zeros_included,district,Bor,6986,0.07701673229205516,0.011122928581436523,0.02717384150907375,4.8563839366942005,0.13196660740293986
2018,all,zeros_included,district,Fam al Zaraf,7634,0.0,0.012154657427810824,0.0,0.0,0.0
2018,all,zeros_included,district,Nahr Atiem,13562,0.0,0.02159306576316091,0.0,0.0,0.0
2018,all,zeros_included,district,Pibor,43884,0.0007064078023881141,0.06987097020723738,0.0015656657903950913,8.240013928335923,0.012901107919974624
2018,all,zeros_included,district,Wat,12532,0.0,0.019953126393152377,0.0,0.0,0.0
2018,all,zeros_included,district,Aliab,4267,0.00796812749003984,0.006793807079443121,0.0017171818346268743,5.883216269815459,0.010102552107708385
2018,all,zeros_included,district,Rumbek,21408,0.0314563094500469,0.03408526410984728,0.03401114345607799,5.6300892737624135,0.19148577396045938
2018,all,zeros_included,district,Shobet,6271,0.008451602615212885,0.009984524067304386,0.0026767834480948337,6.248454485845359,0.01672575954388477
2018,all,zeros_included,district,Yerol,10999,0.009637239749068096,0.01751232342788725,0.005353566896189667,6.35085364867672,0.033999719856101056
2018,all,zeros_included,district,Aryat,2202,0.0,0.003505967468697856,0.0,0.0,0.0
2018,all,zeros_included,district,Aweil,20600,0.05395631081849626,0.032798787400170684,0.05613669453237257,5.011721473971473,0.2813414774656686
2018,all,zeros_included,district,Nahr Lol,3912,0.0017893660531697342,0.0062285852577411505,0.00035353743654082705,7.475492390980895,0.0026428664167878436
2018,all,zeros_included,district,Wanjuk,5475,0.0,0.00871715344737546,0.0,0.0,0.0
2018,all,zeros_included,district,Al Leiri,12542,0.0027108914048796047,0.01996904813460877,0.0017171818346268743,7.838325855480063,0.013459830772916518
2018,all,zeros_included,district,Al Mayom,5787,0.0,0.009213911780814939,0.0,0.0,0.0
2018,all,zeros_included,district,Faring,4032,0.024305555555555556,0.0064196461552178735,0.004949524111571579,5.065974813947076,0.025074164490245392
2018,all,zeros_included,district,Rabkona,14148,0.05058429933450368,0.022526079812505574,0.036144994123348345,5.9374298881068786,0.21460836841341593
2018,all,zeros_included,district,Al Mabien,8336,0.049264235482792476,0.01327236367804965,0.02074086295978374,5.301654910747461,0.10996089796387758
2018,all,zeros_included,district,Al Renk,10820,0.04961491071803292,0.017227324255817803,0.02711295439158672,5.560604033987728,0.15076440356318238
2018,all,zeros_included,district,Baleit,11460,0.0,0.01824631570902699,0.0,0.0,0.0
2018,all,zeros_included,district,Fashooda,8486,0.005185010605703512,0.013511189799895554,0.0022222353153994842,6.70026733516017,0.014889570694810523
2018,all,zeros_included,district,Malut,12969,0.38447004245511274,0.020648906494796775,0.2518293615602685,3.7688846035427637,0.9491158035045
2018,all,zeros_included,district,Mayot,8454,0.0,0.013460240227235094,0.0,0.0,0.0
2018,all,zeros_included,district,Sobat,10393,0.0,0.0165474658956298,0.0,0.0,0.0
2018,all,zeros_included,district,Tonga,6297,0.14910842101309288,0.010025920595091008,0.04742127572034377,4.743575185566389,0.2249463867749246
2018,all,zeros_included,district,Gogrial,9885,0.0925813526352307,0.015738641429645008,0.046220811257424534,4.186905218990397,0.19352215587968086
2018,all,zeros_included,district,Malek,1894,0.11351636747624076,0.0030155778318409353,0.010858649836611117,3.947312925889209,0.04286248885775981
2018,all,zeros_included,district,Tonj,13719,0.017639769662511844,0.02184303710402629,0.012222294234697164,5.756396672145192,0.07035637385859012
2018,all,zeros_included,district,Warab,13973,0.05909492117567069,0.022247449337018686,0.041703949431841164,5.539638397845611,0.23102479961443895
2018,all,zeros_included,district,Raja,56641,0.005349481824120337,0.09018233578315862,0.015303120467410086,7.194542054169229,0.11009894376279974
2018,all,zeros_included,district,Wau,28875,0.026075613178732075,0.04597402845533633,0.038027159937686475,6.352374509293316,0.24156276144897956
2018,all,zeros_included,district,Meridi,19496,0.007693885925318014,0.031041027143384834,0.007575802211589151,7.040091539170594,0.05333434105223866
2018,all,zeros_included,district,Mundri,16326,0.001776307730001225,0.025993835101708083,0.0014646550942405694,7.745651174235998,0.011344707450555202
2018,all,zeros_included,district,Tombura,27598,0.0,0.04394082207135488,0.0,0.0,0.0
2018,all,zeros_included,district,Yambio,15715,0.01565383391664015,0.02502101669872244,0.012424315627006209,5.911635575766311,0.07344802626515923
2018,all,lit_only,state,Central Equatoria,332,15.583986112511301,0.16093068347067377,0.2613087814904702,0.40722941455614814,0.10641262210474463
2018,all,lit_only,state,Eastern Equatoria,94,6.690602906206821,0.045564711585070285,0.0317636554907227,0.29406173129160873,0.00934047552575213
2018,all,lit_only,state,Jungoli,77,7.390115477822044,0.03732428502181289,0.028739507299468843,0.2212534404750448,0.006358714867565145
2018,all,lit_only,state,Lakes,139,6.233213472709381,0.06737760542898691,0.043758675634989364,0.19797462866408444,0.008663107559669139
2018,all,lit_only,state,North Bahr-al-Ghazal,181,6.179558026856481,0.08773630634997576,0.0564902319689134,0.2649953131356255,0.01496964670970633
2018,all,lit_only,state,Unity,96,8.82986111442248,0.0465341735336888,0.0428117000695468,0.5485588770214842,0.02348473811353119
2018,all,lit_only,state,Upper Nile,583,11.863855417964798,0.28259815802229765,0.34932668994738225,0.28364130570311685,0.09908347845362336
2018,all,lit_only,state,Warap,362,6.07154697344448,0.1754726126999515,0.11100570476057398,0.3299378862556923,0.03662498759102722
2018,all,lit_only,state,West Bahr-al-Ghazal,117,9.025071201161442,0.05671352399418323,0.05333028040509656,0.2927443449332272,0.015612138002295316
2018,all,lit_only,state,West Equatoria,82,5.182926829268292,0.03974793989335919,0.02146477293283593,0.23346664951931673,0.005011308619322122
2018,all,lit_only,district,Bahr al Jabal,295,16.4979097944195,0.14299563742123123,0.24580363963075108,0.40689152929522887,0.10001541883568964
2018,all,lit_only,district,Nahr Yei,37,8.297297297297296,0.01793504604944256,0.01550514185971913,0.13943774244328067,0.0021620019771820456
2018,all,lit_only,district,Amatonge,48,8.47048623363177,0.0232670867668444,0.02053463306943457,0.30339969918772836,0.006230201496196827
2018,all,lit_only,district,Kapoeta,35,5.29523811340332,0.016965584100824042,0.009360324542429476,0.1615517263641224,0.001512176589157946
2018,all,lit_only,district,Magwi,11,3.3636363636363638,0.005332040717401842,0.0018686978788586574,0.12239495267598999,0.00022871918844862823
2018,all,lit_only,district,Bor,65,8.27752141218919,0.031507513330101794,0.02717384150907375,0.1791077812230606,0.004867046459997304
2018,all,lit_only,district,Pibor,12,2.5833333333333335,0.0058167716917111,0.0015656657903950913,0.03561551018654119,5.576198590653544e-05
2018,all,lit_only,district,Aliab,12,2.8333333333333335,0.0058167716917111,0.0017171818346268743,0.009456636415458686,1.6238764269296652e-05
2018,all,lit_only,district,Rumbek,90,7.482407474517823,0.043625787687833255,0.03401114345607799,0.1583789811647236,0.005386650248820888
2018,all,lit_only,district,Shobet,14,3.7857142857142856,0.0067862336403296175,0.0026767834480948337,0.14382070491759746,0.00038497688241675613
2018,all,lit_only,district,Yerol,23,4.608695652173913,0.011148812409112942,0.005353566896189667,0.180788226048753,0.0009678618621954586
2018,all,lit_only,district,Aweil,178,6.244382038545073,0.08628211342704799,0.05613669453237257,0.26045866948588614,0.01462128876723738
2018,all,lit_only,district,Nahr Lol,3,2.3333333333333335,0.001454192922927775,0.00035353743654082705,0.3023006484942965,0.0001068745963333032
2018,all,lit_only,district,Al Leiri,5,6.8,0.0024236548715462916,0.0017171818346268743,0.0109254768111966,1.876103031482395e-05
2018,all,lit_only,district,Faring,26,3.769230769230769,0.012603005332040717,0.004949524111571579,0.02205354221735334,0.00010915453895035209
2018,all,lit_only,district,Rabkona,65,11.010256415147047,0.031507513330101794,0.036144994123348345,0.5544886076771447,0.020041987465954002
2018,all,lit_only,district,Al Mabien,57,7.204678368150142,0.027629665535627727,0.02074086295978374,0.3163674145888624,0.006561733190928683
2018,all,lit_only,district,Al Renk,61,8.800546458510102,0.02956858943286476,0.02711295439158672,0.3823263457605659,0.010365996775308238
2018,all,lit_only,district,Fashooda,11,4.0,0.005332040717401842,0.0022222353153994842,0.051989582196271256,0.00011553308558941826
2018,all,lit_only,district,Malut,384,12.984874949480096,0.1861366941347552,0.2518293615602685,0.24920998279474915,0.06275839086164718
2018,all,lit_only,district,Tonga,70,13.413367530277798,0.033931168201648085,0.04742127572034377,0.24424181912700504,0.011582258647260039
2018,all,lit_only,district,Gogrial,189,4.842151697350557,0.09161415414444983,0.046220811257424534,0.22987849844532215,0.010625170688781395
2018,all,lit_only,district,Malek,44,4.886363636363637,0.021328162869607366,0.010858649836611117,0.18505628606144686,0.00200946141040499
2018,all,lit_only,district,Tonj,50,4.84,0.024236548715462918,0.012222294234697164,0.1418826652471723,0.0017341316814539817
2018,all,lit_only,district,Warab,79,10.45232067832464,0.03829374697043141,0.041703949431841164,0.3642040752321849,0.015188748336353515
2018,all,lit_only,district,Raja,44,6.886363636363637,0.021328162869607366,0.015303120467410086,0.03424330450851221,0.0005240294140959693
2018,all,lit_only,district,Wau,73,10.314155212820392,0.03538536112457586,0.038027159937686475,0.3721025026176119,0.014150001380253328
2018,all,lit_only,district,Meridi,20,7.5,0.009694619486185167,0.007575802211589151,0.15785921741954256,0.0011959102084467032
2018,all,lit_only,district,Mundri,8,3.625,0.003877847794474067,0.0014646550942405694,0.12457850790453229,0.00018246454623526226
2018,all,lit_only,district,Yambio,54,4.555555555555555,0.02617547261269995,0.012424315627006209,0.23824867309891729,0.002960076712296372
2019,all,zeros_included,state,Central Equatoria,43704,0.11969916613606466,0.0695843788610223,0.26229537521750784,5.280650739329467,1.3850902670650327
2019,all,zeros_included,state,Eastern Equatoria,69171,0.008976546141930017,0.11013227782801972,0.031132331242427848,6.8828306381264355,0.21427856331168324
2019,all,zeros_included,state,Jungoli,122217,0.004582332177948218,0.19459074755760486,0.028079961516460982,7.62933146815473,0.2142313340221096
2019,all,zeros_included,state,Lakes,42945,0.019918888641439144,0.06837591868448203,0.04288999853790316,5.935702130146109,0.25458225568339526
2019,all,zeros_included,state,North Bahr-al-Ghazal,32189,0.03490322789962481,0.051250493573985145,0.0563315107333323,5.436766644541362,0.3062612785916048
2019,all,zeros_included,state,Unity,36509,0.0281483105232109,0.05812868588314715,0.051526493850960225,6.130740478138492,0.31589556154863596
2019,all,zeros_included,state,Upper Nile,77215,0.08945448048905388,0.12293972665554267,0.3463236056491349,5.160897741554365,1.7873407142415847
2019,all,zeros_included,state,Warap,39471,0.05568391995102485,0.06284470570253092,0.11020118146205943,5.022483981640116,0.5534836686510092
2019,all,zeros_included,state,West Bahr-al-Ghazal,85516,0.011698785379763888,0.13615636423849495,0.050161033158481465,6.928928306892362,0.3475622025547686
2019,all,zeros_included,state,West Equatoria,79135,0.005307386112339673,0.12599670101517024,0.021058508631731813,7.1398594957073005,0.15035479281970454
2019,all,zeros_included,district,Bahr al Jabal,17132,0.28760987373398145,0.027277127463093402,0.24705302611263533,4.458617431923898,1.1015149288353459
2019,all,zeros_included,district,Kajo Kaii,2406,0.0,0.0038307709944082843,0.0,0.0,0.0
2019,all,zeros_included,district,Nahr Yei,12977,0.02342606149341142,0.02066164388796189,0.015242349104872549,6.02697045277989,0.09186518768602286
2019,all,zeros_included,district,Terkaka,11189,0.0,0.017814836515558725,0.0,0.0,0.0
2019,all,zeros_included,district,Amatonge,21615,0.018717711737882257,0.034414844157994624,0.020285527954999386,6.426907920788468,0.13037322029136145
2019,all,zeros_included,district,Kapoeta,34186,0.005011798220590774,0.05443006534282694,0.008590534505457197,7.058076398835582,0.06063264884635015
2019,all,zeros_included,district,Magwi,5194,0.008663842895648826,0.008269752512450802,0.0022562687819712656,5.962282020101196,0.013452510791262903
2019,all,zeros_included,district,Shokodom,8176,0.0,0.013017615814747354,0.0,0.0,0.0
2019,all,zeros_included,district,Akobo,18999,0.0,0.030249716593002077,0.0,0.0,0.0
2019,all,zeros_included,district,Ayod,18620,0.0,0.02964628259180476,0.0,0.0,0.0
2019,all,zeros_included,district,Bor,6986,0.07644415857318886,0.011122928581436523,0.02677633955354425,4.875826548595729,0.13055678726938494
2019,all,zeros_included,district,Fam al Zaraf,7634,0.0,0.012154657427810824,0.0,0.0,0.0
2019,all,zeros_included,district,Nahr Atiem,13562,0.0,0.02159306576316091,0.0,0.0,0.0
2019,all,zeros_included,district,Pibor,43884,0.0005924710600674506,0.06987097020723738,0.0013036219629167312,8.425187252387826,0.010983259143898838
2019,all,zeros_included,district,Wat,12532,0.0,0.019953126393152377,0.0,0.0,0.0
2019,all,zeros_included,district,Aliab,4267,0.010311694398875087,0.006793807079443121,0.0022061294757052376,5.5993680091909095,0.012352930810397022
2019,all,zeros_included,district,Rumbek,21408,0.030475367746011024,0.03408526410984728,0.03271171936589945,5.6722856158684545,0.185550215229517
2019,all,zeros_included,district,Shobet,6271,0.008451602615212885,0.009984524067304386,0.0026573832320994904,6.248454485845359,0.0166045381772223
2019,all,zeros_included,district,Yerol,10999,0.009637239749068096,0.01751232342788725,0.005314766464198981,6.35085364867672,0.03375330399102277
2019,all,zeros_included,district,Aryat,2202,0.0,0.003505967468697856,0.0,0.0,0.0
2019,all,zeros_included,district,Aweil,20600,0.0541990292650982,0.032798787400170684,0.0559805355894701,5.002526172478285,0.28004409443567624
2019,all,zeros_included,district,Nahr Lol,3912,0.0017893660531697342,0.0062285852577411505,0.00035097514386219685,7.475492390980895,0.0026237120173652775
2019,all,zeros_included,district,Wanjuk,5475,0.0,0.00871715344737546,0.0,0.0,0.0
2019,all,zeros_included,district,Al Leiri,12542,0.0027108914048796047,0.01996904813460877,0.0017047364130449562,7.838325855480063,0.01336227950314862
2019,all,zeros_included,district,Al Mayom,5787,0.0,0.009213911780814939,0.0,0.0,0.0
2019,all,zeros_included,district,Faring,4032,0.022817460317460316,0.0064196461552178735,0.004612816176474587,5.145478423885891,0.0237351461094018
2019,all,zeros_included,district,Rabkona,14148,0.06373103399009801,0.022526079812505574,0.045208941261440684,5.459363697961603,0.24681205274598772
2019,all,zeros_included,district,Al Mabien,8336,0.048664427421372135,0.01327236367804965,0.0203398452578576,5.330601819976158,0.10842361614956914
2019,all,zeros_included,district,Al Renk,10820,0.0504004929731161,0.017227324255817803,0.027342635048951715,5.537682105075067,0.15141482081617824
2019,all,zeros_included,district,Baleit,11460,0.0,0.01824631570902699,0.0,0.0,0.0
2019,all,zeros_included,district,Fashooda,8486,0.00447796370492576,0.013511189799895554,0.0019052936381090686,6.900503175875423,0.013147484800746867
2019,all,zeros_included,district,Malut,12969,0.387515766874883,0.020648906494796775,0.2519847094140428,3.743815162651473,0.9433841758606186
2019,all,zeros_included,district,Mayot,8454,0.0,0.013460240227235094,0.0,0.0,0.0
2019,all,zeros_included,district,Sobat,10393,0.0,0.0165474658956298,0.0,0.0,0.0
2019,all,zeros_included,district,Tonga,6297,0.14173983315995936,0.010025920595091008,0.04475112229017376,4.798367329261621,0.21473232314496127
2019,all,zeros_included,district,Gogrial,9885,0.0925813526352307,0.015738641429645008,0.0458858219916652,4.188991770616252,0.1922153307110478
2019,all,zeros_included,district,Malek,1894,0.11351636747624076,0.0030155778318409353,0.010779950847196046,3.947312925889209,0.04255183931958728
2019,all,zeros_included,district,Tonj,13719,0.017639769662511844,0.02184303710402629,0.012133712116378806,5.756396672145192,0.06984646004749075
2019,all,zeros_included,district,Warab,13973,0.05909492117567069,0.022247449337018686,0.04140169650681937,5.539638397845611,0.2293504277051271
2019,all,zeros_included,district,Raja,56641,0.005349481824120337,0.09018233578315862,0.015192209798606521,7.194542054169229,0.10930099229183646
2019,all,zeros_included,district,Wau,28875,0.024153535256654153,0.04597402845533633,0.034968823359874945,6.428537494707108,0.22479839211474587
2019,all,zeros_included,district,Meridi,19496,0.007693885925318014,0.031041027143384834,0.007520895939904218,7.040091539170594,0.05294779587350216
2019,all,zeros_included,district,Mundri,16326,0.001776307730001225,0.025993835101708083,0.0014540398817148156,7.745651174235998,0.011262485717190332
2019,all,zeros_included,district,Tombura,27598,0.0,0.04394082207135488,0.0,0.0,0.0
2019,all,zeros_included,district,Yambio,15715,0.015335666560610882,0.02502101669872244,0.012083572810112778,5.968572588217707,0.07212168144217194
2019,all,lit_only,state,Central Equatoria,334,15.662671726977754,0.15806909607193564,0.26229537521750784,0.40659682223061333,0.10664846604922505
2019,all,lit_only,state,Eastern Equatoria,97,6.401202816324136,0.045906294368196876,0.031132331242427848,0.3132046380050948,0.009750790537039316
2019,all,lit_only,state,Jungoli,73,7.671765640990375,0.03454803596781827,0.028079961516460982,0.20623747705630535,0.005791140418993059
2019,all,lit_only,state,Lakes,140,6.110119090761457,0.06625650733554188,0.04288999853790316,0.20966904655508856,0.008992705100191298
2019,all,lit_only,state,North Bahr-al-Ghazal,183,6.139344277929087,0.0866067203028869,0.0563315107333323,0.2668727391207799,0.015033344568216004
2019,all,lit_only,state,Unity,140,7.340476206370762,0.06625650733554188,0.051526493850960225,0.5670688162294513,0.029219067872518115
2019,all,lit_only,state,Upper Nile,597,11.569895663253426,0.28253667770941787,0.3463236056491349,0.29846583728986564,0.10336576493331429
2019,all,lit_only,state,Warap,361,6.088365663121611,0.17084713677236157,0.11020118146205943,0.32804043593904897,0.036150443607812215
2019,all,lit_only,state,West Bahr-al-Ghazal,111,9.012912887710709,0.05253194510175106,0.050161033158481465,0.28199973628439734,0.014145398122444683
2019,all,lit_only,state,West Equatoria,77,5.454545454545454,0.03644107903454804,0.021058508631731813,0.20475438379360122,0.00431182195850248
2019,all,lit_only,district,Bahr al Jabal,299,16.47937243080458,0.14150496923805017,0.24705302611263533,0.41035766657932315,0.10138010331694162
2019,all,lit_only,district,Nahr Yei,35,8.685714285714285,0.01656412683388547,0.015242349104872549,0.1113846755320731,0.0016977641093928136
2019,all,lit_only,district,Amatonge,47,8.608156153496276,0.022243256034074774,0.020285527954999386,0.2959127253967937,0.006002745863276715
2019,all,lit_only,district,Kapoeta,34,5.039215704974006,0.01609086606720303,0.008590534505457197,0.14486544093553033,0.001244471569004945
2019,all,lit_only,district,Magwi,16,2.8125,0.007572172266919072,0.0022562687819712656,0.17961135011828366,0.0004052514821595944
2019,all,lit_only,district,Bor,63,8.476807806226942,0.029815428300993846,0.02677633955354425,0.16729784962048422,0.004479624028015869
2019,all,lit_only,district,Pibor,10,2.6,0.00473260766682442,0.0013036219629167312,0.03846727744448997,5.014678773024851e-05
2019,all,lit_only,district,Aliab,16,2.75,0.007572172266919072,0.0022061294757052376,0.013290448242690767,2.932044961353498e-05
2019,all,lit_only,district,Rumbek,87,7.499042215018437,0.041173686701372454,0.03271171936589945,0.16667377159508323,0.005452185642074386
2019,all,lit_only,district,Shobet,14,3.7857142857142856,0.006625650733554188,0.0026573832320994904,0.14382070491759746,0.0003821867296767522
2019,all,lit_only,district,Yerol,23,4.608695652173913,0.010884997633696167,0.005314766464198981,0.180788226048753,0.000960847200925937
2019,all,lit_only,district,Aweil,180,6.202777793672349,0.08518693800283957,0.0559805355894701,0.2624366685908226,0.014691345266030515
2019,all,lit_only,district,Nahr Lol,3,2.3333333333333335,0.001419782300047326,0.00035097514386219685,0.3023006484942965,0.00010610001359492112
2019,all,lit_only,district,Al Leiri,5,6.8,0.00236630383341221,0.0017047364130449562,0.0109254768111966,1.8625058149925137e-05
2019,all,lit_only,district,Faring,24,3.8333333333333335,0.011358258400378608,0.004612816176474587,0.02151444448263118,9.924217753734553e-05
2019,all,lit_only,district,Rabkona,111,8.12312314317033,0.05253194510175106,0.045208941261440684,0.6115653489485653,0.027648221938148164
2019,all,lit_only,district,Al Mabien,55,7.37575758153742,0.02602934216753431,0.0203398452578576,0.3095962412154811,0.006297139638737241
2019,all,lit_only,district,Al Renk,63,8.656084666176447,0.029815428300993846,0.027342635048951715,0.3916652790661268,0.010709160786850934
2019,all,lit_only,district,Fashooda,9,4.222222222222222,0.004259346900141978,0.0019052936381090686,0.05155472744937217,9.822689422373577e-05
2019,all,lit_only,district,Malut,405,12.409116001482364,0.19167061050638903,0.2519847094140428,0.2773850564222706,0.06989679283836372
2019,all,lit_only,district,Tonga,65,13.731318913973295,0.03076194983435873,0.04475112229017376,0.22492599066851549,0.010065690514645217
2019,all,lit_only,district,Gogrial,188,4.867907823400294,0.0889730241362991,0.0458858219916652,0.22665999784148405,0.010400480313585555
2019,all,lit_only,district,Malek,44,4.886363636363637,0.02082347373402745,0.010779950847196046,0.18505628606144686,0.001994897667707048
2019,all,lit_only,district,Tonj,50,4.84,0.023663038334122102,0.012133712116378806,0.1418826652471723,0.0017215634144137327
2019,all,lit_only,district,Warab,79,10.45232067832464,0.03738760056791292,0.04140169650681937,0.3642040752321849,0.015078666589309729
2019,all,lit_only,district,Raja,44,6.886363636363637,0.02082347373402745,0.015192209798606521,0.03424330450851221,0.000520231466290886
2019,all,lit_only,district,Wau,67,10.409452694565502,0.03170847136772362,0.034968823359874945,0.36249866627397953,0.012676151829125048
2019,all,lit_only,district,Meridi,20,7.5,0.00946521533364884,0.007520895939904218,0.15785921741954256,0.0011872427473670949
2019,all,lit_only,district,Mundri,8,3.625,0.003786086133459536,0.0014540398817148156,0.12457850790453229,0.00018114211889771434
2019,all,lit_only,district,Yambio,49,4.918367346938775,0.02318977756743966,0.012083572810112778,0.19802193709666627,0.0023928124949071394
2020,all,zeros_included,state,Central Equatoria,43704,0.1601203701614177,0.0695843788610223,0.3111688387521392,5.201707671642341,1.6186093357130409
2020,all,zeros_included,state,Eastern Equatoria,69171,0.009121115404725655,0.11013227782801972,0.028054357770977048,6.857484159762349,0.19238231402678085
2020,all,zeros_included,state,Jungoli,122217,0.004808257418282716,0.19459074755760486,0.026130496131468832,7.549163821693449,0.19726339603858514
2020,all,zeros_included,state,Lakes,42945,0.02052043326756829,0.06837591868448203,0.039185686486182154,5.909780244641873,0.23157879586876928
2020,all,zeros_included,state,North Bahr-al-Ghazal,32189,0.03739372676377817,0.051250493573985145,0.05352227454014924,5.467258943786672,0.2926201341714366
2020,all,zeros_included,state,Unity,36509,0.038447140948585465,0.05812868588314715,0.062415479831641,5.567978654467055,0.34752805941089604
2020,all,zeros_included,state,Upper Nile,77215,0.09212235594972198,0.12293972665554267,0.31629697477434526,5.09195845643654,1.6105710554475223
2020,all,zeros_included,state,Warap,39471,0.05662469512826571,0.06284470570253092,0.09938305264013138,5.024123017621089,0.4993126823307324
2020,all,zeros_included,state,West Bahr-al-Ghazal,85516,0.011702683286273427,0.13615636423849495,0.044500117379504725,6.928152203037089,0.30830358625822474
2020,all,zeros_included,state,West Equatoria,79135,0.0054969356163518035,0.12599670101517024,0.01934272169346115,7.089736680595229,0.1371348034926766
2020,all,zeros_included,district,Bahr al Jabal,17132,0.3903164054129465,0.027277127463093402,0.2973399043919865,4.363444906580632,1.2974262913423855
2020,all,zeros_included,district,Kajo Kaii,2406,0.0,0.0038307709944082843,0.0,0.0,0.0
2020,all,zeros_included,district,Nahr Yei,12977,0.02396547738306234,0.02066164388796189,0.013828934360152685,5.96641563710404,0.08250917021090033
2020,all,zeros_included,district,Terkaka,11189,0.0,0.017814836515558725,0.0,0.0,0.0
2020,all,zeros_included,district,Amatonge,21615,0.019226617590299557,0.034414844157994624,0.01847933993301597,6.367024137513273,0.11765840339882559
2020,all,zeros_included,district,Kapoeta,34186,0.0050703017154962084,0.05443006534282694,0.00770744470893724,7.02613874689248,0.05415357590899537
2020,all,zeros_included,district,Magwi,5194,0.008086253369272238,0.008269752512450802,0.0018675731290238352,6.179612844088444,0.011540878895390138
2020,all,zeros_included,district,Shokodom,8176,0.0,0.013017615814747354,0.0,0.0,0.0
2020,all,zeros_included,district,Akobo,18999,0.0,0.030249716593002077,0.0,0.0,0.0
2020,all,zeros_included,district,Ayod,18620,0.0,0.02964628259180476,0.0,0.0,0.0
2020,all,zeros_included,district,Bor,6986,0.08011033451048652,0.011122928581436523,0.024885447378786275,4.798094979932773,0.11940274014153561
2020,all,zeros_included,district,Fam al Zaraf,7634,0.0,0.012154657427810824,0.0,0.0,0.0
2020,all,zeros_included,district,Nahr Atiem,13562,0.0,0.02159306576316091,0.0,0.0,0.0
2020,all,zeros_included,district,Pibor,43884,0.000638045756995716,0.06987097020723738,0.0012450487526825568,8.329591312954676,0.01037074727454968
2020,all,zeros_included,district,Wat,12532,0.0,0.019953126393152377,0.0,0.0,0.0
2020,all,zeros_included,district,Aliab,4267,0.011483477853292711,0.006793807079443121,0.0021788353171944743,5.443740037297196,0.011861013050888694
2020,all,zeros_included,district,Rumbek,21408,0.03144852422812595,0.03408526410984728,0.02993675289482602,5.651739540232157,0.1691947300418477
2020,all,zeros_included,district,Shobet,6271,0.008451602615212885,0.009984524067304386,0.002356699424720554,6.248454485845359,0.014725729092184324
2020,all,zeros_included,district,Yerol,10999,0.009637239749068096,0.01751232342788725,0.004713398849441108,6.35085364867672,0.029934106280641717
2020,all,zeros_included,district,Aryat,2202,0.0,0.003505967468697856,0.0,0.0,0.0
2020,all,zeros_included,district,Aweil,20600,0.05809061508734249,0.032798787400170684,0.0532110123519786,5.032791086565304,0.2677999086721542
2020,all,zeros_included,district,Nahr Lol,3912,0.0017893660531697342,0.0062285852577411505,0.0003112621881706392,7.475492390980895,0.002326838119269677
2020,all,zeros_included,district,Wanjuk,5475,0.0,0.00871715344737546,0.0,0.0,0.0
2020,all,zeros_included,district,Al Leiri,12542,0.0031095519055971935,0.01996904813460877,0.0017341750483792755,7.48951073181667,0.012988122635685277
2020,all,zeros_included,district,Al Mayom,5787,0.0,0.009213911780814939,0.0,0.0,0.0
2020,all,zeros_included,district,Faring,4032,0.02628968253968254,0.0064196461552178735,0.004713398849441108,4.986693328886212,0.023504274598887924
2020,all,zeros_included,district,Rabkona,14148,0.08896428250578928,0.022526079812505574,0.055967905933820616,4.82837548350405,0.2702340648739203
2020,all,zeros_included,district,Al Mabien,8336,0.052623160626746414,0.01327236367804965,0.019505763806162094,5.175976088514833,0.10096136704891308
2020,all,zeros_included,district,Al Renk,10820,0.05558379555806214,0.017227324255817803,0.026742609723535562,5.4001828987026075,0.14441498369571482
2020,all,zeros_included,district,Baleit,11460,0.0,0.01824631570902699,0.0,0.0,0.0
2020,all,zeros_included,district,Fashooda,8486,0.004595804855055385,0.013511189799895554,0.0017341750483792755,6.893948824565386,0.011955314036364928
2020,all,zeros_included,district,Malut,12969,0.3969459467601901,0.020648906494796775,0.22891074992562307,3.6841625677948593,0.8433444162418304
2020,all,zeros_included,district,Mayot,8454,0.0,0.013460240227235094,0.0,0.0,0.0
2020,all,zeros_included,district,Sobat,10393,0.0,0.0165474658956298,0.0,0.0,0.0
2020,all,zeros_included,district,Tonga,6297,0.1407261229477668,0.010025920595091008,0.03940367627064528,4.782963425083424,0.188466342416324
2020,all,zeros_included,district,Gogrial,9885,0.09480694697008148,0.015738641429645008,0.04167207837622419,4.220943864695219,0.1758955035512218
2020,all,zeros_included,district,Malek,1894,0.11351636747624076,0.0030155778318409353,0.009560195779526775,3.947312925889209,0.0377370843745575
2020,all,zeros_included,district,Tonj,13719,0.017639769662511844,0.02184303710402629,0.010760778505327813,5.756396672145192,0.06194330957776053
2020,all,zeros_included,district,Warab,13973,0.06017796254265516,0.022247449337018686,0.0373899999790526,5.506406880337501,0.20588455314047427
2020,all,zeros_included,district,Raja,56641,0.005349481824120337,0.09018233578315862,0.013473206145100527,7.194542054169229,0.09693354821541703
2020,all,zeros_included,district,Wau,28875,0.024165079269574317,0.04597402845533633,0.031026911234404198,6.427317065760233,0.199419796074714
2020,all,zeros_included,district,Meridi,19496,0.007693885925318014,0.031041027143384834,0.006669904032227983,7.040091539170594,0.046956734944368056
2020,all,zeros_included,district,Mundri,16326,0.001776307730001225,0.025993835101708083,0.0012895147795640768,7.745651174235998,0.009988131666525166
2020,all,zeros_included,district,Tombura,27598,0.0,0.04394082207135488,0.0,0.0,0.0
2020,all,zeros_included,district,Yambio,15715,0.016290168628698695,0.02502101669872244,0.011383302881669092,5.889107608694663,0.06703749561251333
2020,all,lit_only,state,Central Equatoria,390,17.943335019319484,0.16716673810544364,0.3111688387521392,0.4826595006904797,0.1501885963425439
2020,all,lit_only,state,Eastern Equatoria,100,6.3091667366027835,0.042863266180882986,0.028054357770977048,0.3183173671257171,0.008930189302060316
2020,all,lit_only,state,Jungoli,81,7.254948109756281,0.034719245606515216,0.026130496131468832,0.23005954411907203,0.006011570027610895
2020,all,lit_only,state,Lakes,144,6.119791713025835,0.061723103300471496,0.039185686486182154,0.21191803801754805,0.008304153798522469
2020,all,lit_only,state,North Bahr-al-Ghazal,182,6.613553136259645,0.07801114444920702,0.05352227454014924,0.29188557260146464,0.015622379751084253
2020,all,lit_only,state,Unity,230,6.102898560399595,0.09858551221603086,0.062415479831641,0.5007438788719045,0.03125416947254704
2020,all,lit_only,state,Upper Nile,650,10.943427253319667,0.2786112301757394,0.31629697477434526,0.3145818016691213,0.09950127218700615
2020,all,lit_only,state,Warap,364,6.140201487384,0.15602228889841405,0.09938305264013138,0.3379553812238818,0.03358703744218871
2020,all,lit_only,state,West Bahr-al-Ghazal,111,9.015915891071698,0.04757822546078011,0.044500117379504725,0.28122363242912485,0.012514484652986747
2020,all,lit_only,state,West Equatoria,81,5.37037037037037,0.034719245606515216,0.01934272169346115,0.2052753015002846,0.003970583027461333
2020,all,lit_only,district,Bahr al Jabal,351,19.050999024315097,0.15045006429489927,0.2973399043919865,0.475527791311237,0.14139338800421572
2020,all,lit_only,district,Nahr Yei,39,7.9743589743589745,0.016716673810544362,0.013828934360152685,0.1590434444964557,0.0021994013543540723
2020,all,lit_only,district,Amatonge,52,7.991987292583172,0.022288898414059153,0.01847933993301597,0.33712505899296774,0.0062298485650691135
2020,all,lit_only,district,Kapoeta,36,4.814814845720927,0.015430775825117874,0.00770744470893724,0.17008620283237663,0.0013109300040836274
2020,all,lit_only,district,Magwi,12,3.5,0.005143591941705958,0.0018675731290238352,0.10926010165375155,0.0002040512299229591
2020,all,lit_only,district,Bor,70,7.995011384146554,0.03000428632661809,0.024885447378786275,0.19492679661535472,0.004850840539886785
2020,all,lit_only,district,Pibor,11,2.5454545454545454,0.004714959279897128,0.0012450487526825568,0.03818151781566581,4.7537851131921536e-05
2020,all,lit_only,district,Aliab,19,2.5789473684210527,0.008144020574367767,0.0021788353171944743,0.02951273327563597,6.430338556789623e-05
2020,all,lit_only,district,Rumbek,88,7.650568257678639,0.03771967423917703,0.02993675289482602,0.15755639178240832,0.004716726767790355
2020,all,lit_only,district,Shobet,14,3.7857142857142856,0.006000857265323617,0.002356699424720554,0.14382070491759746,0.0003389421725422065
2020,all,lit_only,district,Yerol,23,4.608695652173913,0.009858551221603087,0.004713398849441108,0.180788226048753,0.0008521270166506914
2020,all,lit_only,district,Aweil,179,6.685288663682991,0.07672524646378054,0.0532110123519786,0.2871305376283857,0.015278506584374288
2020,all,lit_only,district,Nahr Lol,3,2.3333333333333335,0.0012858979854264896,0.0003112621881706392,0.3023006484942965,9.409476133573798e-05
2020,all,lit_only,district,Al Leiri,9,4.333333333333333,0.0038576939562794685,0.0017341750483792755,0.24989701804992315,0.00043336517336656216
2020,all,lit_only,district,Faring,30,3.533333333333333,0.012858979854264894,0.004713398849441108,0.08587290079716303,0.00040475323181551865
2020,all,lit_only,district,Rabkona,191,6.589877847601606,0.0818688384054865,0.055967905933820616,0.5233203612253086,0.029289144750311094
2020,all,lit_only,district,Al Mabien,64,6.85416667163372,0.02743249035576511,0.019505763806162094,0.3065204078813566,0.0059789146779022076
2020,all,lit_only,district,Al Renk,72,8.353009276919895,0.030861551650235748,0.026742609723535562,0.3876974653181904,0.010368042005808329
2020,all,lit_only,district,Fashooda,9,4.333333333333333,0.0038576939562794685,0.0017341750483792755,0.04500037613933472,7.803852946851638e-05
2020,all,lit_only,district,Malut,439,11.726633219892724,0.1881697385340763,0.22891074992562307,0.29834480753428894,0.06829433362908977
2020,all,lit_only,district,Tonga,66,13.426551457607385,0.02828975567938277,0.03940367627064528,0.2247895586211075,0.00885753499692736
2020,all,lit_only,district,Gogrial,186,5.03853048816804,0.07972567509644235,0.04167207837622419,0.24791680280370287,0.010331208437218823
2020,all,lit_only,district,Malek,44,4.886363636363637,0.018859837119588514,0.009560195779526775,0.18505628606144686,0.0017691743249795438
2020,all,lit_only,district,Tonj,50,4.84,0.021431633090441493,0.010760778505327813,0.1418826652471723,0.0015267679344703933
2020,all,lit_only,district,Warab,84,10.010317507244292,0.03600514359194171,0.0373899999790526,0.3923415041003664,0.014669648830094166
2020,all,lit_only,district,Raja,44,6.886363636363637,0.018859837119588514,0.013473206145100527,0.03424330450851221,0.00046136710073263525
2020,all,lit_only,district,Wau,67,10.414427819536693,0.0287183883411916,0.031026911234404198,0.3612782373271046,0.01120934780047009
2020,all,lit_only,district,Meridi,20,7.5,0.008572653236176597,0.006669904032227983,0.15785921741954256,0.0010529058307909608
2020,all,lit_only,district,Mundri,8,3.625,0.0034290612944706386,0.0012895147795640768,0.12457850790453229,0.00016064582715893456
2020,all,lit_only,district,Yambio,53,4.830188679245283,0.02271753107586798,0.011383302881669092,0.1970285730151169,0.0022428359229741293
2021,all,zeros_included,state,Central Equatoria,43704,0.2105212204707928,0.0695843788610223,0.37004990881860267,4.9398214960422155,1.8279804941905953
2021,all,zeros_included,state,Eastern Equatoria,69171,0.009721077816719121,0.11013227782801972,0.027044671389181225,6.794338052256817,0.18375063993029522
2021,all,zeros_included,state,Jungoli,122217,0.005414289835007206,0.19459074755760486,0.026614380064664316,7.419326589960358,0.19746077768907483
2021,all,zeros_included,state,Lakes,42945,0.021773974722541244,0.06837591868448203,0.03760915331671458,5.951232947563919,0.22382083234841463
2021,all,zeros_included,state,North Bahr-al-Ghazal,32189,0.03428707542325811,0.051250493573985145,0.04438959294759788,5.626514410670057,0.24975868440343743
2021,all,zeros_included,state,Unity,36509,0.0419074749475752,0.05812868588314715,0.06153676570448649,5.436627721931686,0.3345524863470263
2021,all,zeros_included,state,Upper Nile,77215,0.0915898600938769,0.12293972665554267,0.284441071719417,5.118189285371921,1.4558232455940263
2021,all,zeros_included,state,Warap,39471,0.056676469657743124,0.06284470570253092,0.08997547639508488,5.038566814725618,0.45334744950340283
2021,all,zeros_included,state,West Bahr-al-Ghazal,85516,0.011851499787025554,0.13615636423849495,0.040762792348450524,6.9109261241128355,0.2817086465326935
2021,all,zeros_included,state,West Equatoria,79135,0.005522208883553421,0.12599670101517024,0.01757618729580047,7.0873898102732955,0.1245692907437112
2021,all,zeros_included,district,Bahr al Jabal,17132,0.5164090251841892,0.027277127463093402,0.35583210055987163,4.083190899900938,1.4529303948987033
2021,all,zeros_included,district,Kajo Kaii,2406,0.0,0.0038307709944082843,0.0,0.0,0.0
2021,all,zeros_included,district,Nahr Yei,12977,0.027240502427371503,0.02066164388796189,0.014217808258731044,5.966543942160865,0.08483117773693642
2021,all,zeros_included,district,Terkaka,11189,0.0,0.017814836515558725,0.0,0.0,0.0
2021,all,zeros_included,district,Amatonge,21615,0.02073020306335068,0.034414844157994624,0.01802196039853243,6.292283931948305,0.11339929183789427
2021,all,zeros_included,district,Kapoeta,34186,0.0053920708607603516,0.05443006534282694,0.007413906661513741,6.929349942294786,0.051373553697139175
2021,all,zeros_included,district,Magwi,5194,0.007701193685021178,0.008269752512450802,0.0016088043291350546,6.2618468027373355,0.010074086244624325
2021,all,zeros_included,district,Shokodom,8176,0.0,0.013017615814747354,0.0,0.0,0.0
2021,all,zeros_included,district,Akobo,18999,0.0,0.030249716593002077,0.0,0.0,0.0
2021,all,zeros_included,district,Ayod,18620,0.0,0.02964628259180476,0.0,0.0,0.0
2021,all,zeros_included,district,Bor,6986,0.09042631846050325,0.011122928581436523,0.025407776817813026,4.66523477400489,0.11853324394061664
2021,all,zeros_included,district,Fam al Zaraf,7634,0.0,0.012154657427810824,0.0,0.0,0.0
2021,all,zeros_included,district,Nahr Atiem,13562,0.0,0.02159306576316091,0.0,0.0,0.0
2021,all,zeros_included,district,Pibor,43884,0.0006836204539239814,0.06987097020723738,0.0012066032468512908,8.195765724454892,0.009889037533559795
2021,all,zeros_included,district,Wat,12532,0.0,0.019953126393152377,0.0,0.0,0.0
2021,all,zeros_included,district,Aliab,4267,0.012655261307710336,0.006793807079443121,0.002171885844332324,5.538516431643912,0.012029025436489387
2021,all,zeros_included,district,Rumbek,21408,0.03372960316047897,0.03408526410984728,0.029042270264070413,5.693652052752146,0.1653565817056071
2021,all,zeros_included,district,Shobet,6271,0.008451602615212885,0.009984524067304386,0.0021316657361039474,6.248454485845359,0.01331961633108156
2021,all,zeros_included,district,Yerol,10999,0.009637239749068096,0.01751232342788725,0.004263331472207895,6.35085364867672,0.0270757942357898
2021,all,zeros_included,district,Aryat,2202,0.0,0.003505967468697856,0.0,0.0,0.0
2021,all,zeros_included,district,Aweil,20600,0.05323624615530366,0.032798787400170684,0.04410805218999924,5.193589756855975,0.22907912804884878
2021,all,zeros_included,district,Nahr Lol,3912,0.0017893660531697342,0.0062285852577411505,0.00028154075759863453,7.475492390980895,0.002104655791179589
2021,all,zeros_included,district,Wanjuk,5475,0.0,0.00871715344737546,0.0,0.0,0.0
2021,all,zeros_included,district,Al Leiri,12542,0.004783926008611067,0.01996904813460877,0.0024132064937025816,6.85694428998547,0.016547222487549775
2021,all,zeros_included,district,Al Mayom,5787,0.0,0.009213911780814939,0.0,0.0,0.0
2021,all,zeros_included,district,Faring,4032,0.026785714285714284,0.0064196461552178735,0.004343771688664648,4.968708228242075,0.021582934131073008
2021,all,zeros_included,district,Rabkona,14148,0.0962680239511608,0.022526079812505574,0.05477978752211926,4.710586248314014,0.2580449137872586
2021,all,zeros_included,district,Al Mabien,8336,0.05466250803557559,0.01327236367804965,0.018326962662182457,5.110214096823929,0.0936547029482506
2021,all,zeros_included,district,Al Renk,10820,0.057483056116015986,0.017227324255817803,0.025015566668232823,5.435212211972798,0.13596491344459874
2021,all,zeros_included,district,Baleit,11460,0.0,0.01824631570902699,0.0,0.0,0.0
2021,all,zeros_included,district,Fashooda,8486,0.0047136460051850106,0.013511189799895554,0.0016088043291350546,6.830847580457776,0.010989497159102184
2021,all,zeros_included,district,Malut,12969,0.3908030932829645,0.020648906494796775,0.20384859277778364,3.726104014173579,0.7595610598329349
2021,all,zeros_included,district,Mayot,8454,0.0,0.013460240227235094,0.0,0.0,0.0
2021,all,zeros_included,district,Sobat,10393,0.0,0.0165474658956298,0.0,0.0,0.0
2021,all,zeros_included,district,Tonga,6297,0.1407261229477668,0.010025920595091008,0.03564114528208301,4.782963425083424,0.17047029431228766
2021,all,zeros_included,district,Gogrial,9885,0.09500927372779518,0.015738641429645008,0.03777338514402997,4.219268643367312,0.1593760594920423
2021,all,zeros_included,district,Malek,1894,0.11351636747624076,0.0030155778318409353,0.008647323269100919,3.947312925889209,0.03413369091446459
2021,all,zeros_included,district,Tonj,13719,0.017639769662511844,0.02184303710402629,0.00973326619126708,5.756396672145192,0.05602854111251312
2021,all,zeros_included,district,Warab,13973,0.060181082305984644,0.022247449337018686,0.03382150179068691,5.547357604200114,0.18761996514403478
2021,all,zeros_included,district,Raja,56641,0.005349481824120337,0.09018233578315862,0.012186692793198037,7.194542054169229,0.08767767380190435
2021,all,zeros_included,district,Wau,28875,0.024605813187438173,0.04597402845533633,0.02857609955525249,6.398678913485843,0.1828492856538663
2021,all,zeros_included,district,Meridi,19496,0.007693885925318014,0.031041027143384834,0.006033016234256454,7.040091539170594,0.0424729865464677
2021,all,zeros_included,district,Mundri,16326,0.001776307730001225,0.025993835101708083,0.0011663831386229146,7.745651174235998,0.009034396927283648
2021,all,zeros_included,district,Tombura,27598,0.0,0.04394082207135488,0.0,0.0,0.0
2021,all,zeros_included,district,Yambio,15715,0.016417435571110403,0.02502101669872244,0.010376787922921103,5.8860057957265655,0.06107783385533904
2021,all,lit_only,state,Central Equatoria,538,17.10152308448983,0.21878812525416835,0.37004990881860267,0.5424851461284463,0.2007465788602779
2021,all,lit_only,state,Eastern Equatoria,105,6.403968320574079,0.04270028466856446,0.027044671389181225,0.30396142378961777,0.008220536821377866
2021,all,lit_only,state,Jungoli,98,6.752227150664037,0.03985359902399349,0.026614380064664316,0.29074063638411407,0.007737881796969182
2021,all,lit_only,state,Lakes,140,6.6791667461395265,0.056933712891419276,0.03760915331671458,0.22519986397289804,0.00846957621105999
2021,all,lit_only,state,North Bahr-al-Ghazal,156,7.074786351277278,0.0634404229361529,0.04438959294759788,0.2969903596575916,0.013183281174561185
2021,all,lit_only,state,Unity,246,6.219512206752126,0.10004066693777959,0.06153676570448649,0.43664517334570374,0.02686973172816946
2021,all,lit_only,state,Upper Nile,622,11.369953452007563,0.2529483529890199,0.284441071719417,0.29678036045399914,0.08441652379281041
2021,all,lit_only,state,Warap,360,6.214102594057719,0.1464009760065067,0.08997547639508488,0.34134934214182566,0.03071306967635959
2021,all,lit_only,state,West Bahr-al-Ghazal,113,8.968963325551126,0.045953639690931275,0.040762792348450524,0.281855170904878,0.011489203803932575
2021,all,lit_only,state,West Equatoria,81,5.395061728395062,0.03294021960146401,0.01757618729580047,0.20292843117835124,0.003566708114033657
2021,all,lit_only,district,Bahr al Jabal,498,17.765300039067327,0.20252135014233427,0.35583210055987163,0.5450876381903291,0.1939596792864841
2021,all,lit_only,district,Nahr Yei,40,8.8375,0.016266775111834077,0.014217808258731044,0.18448955753757001,0.002623037154807299
2021,all,lit_only,district,Amatonge,55,8.146969803896818,0.022366815778771858,0.01802196039853243,0.3184743200790434,0.005739531584414061
2021,all,lit_only,district,Kapoeta,39,4.7264957550244455,0.015860105734038225,0.007413906661513741,0.15334010590821956,0.0011368492326701716
2021,all,lit_only,district,Magwi,11,3.6363636363636362,0.004473363155754371,0.0016088043291350546,0.10448268331301258,0.00016809219323362157
2021,all,lit_only,district,Bor,85,7.431979538412655,0.03456689711264742,0.025407776817813026,0.2562226051284293,0.006510046766781767
2021,all,lit_only,district,Pibor,13,2.3076923076923075,0.005286701911346075,0.0012066032468512908,0.07141001397904734,8.616355472481458e-05
2021,all,lit_only,district,Aliab,17,3.176470588235294,0.0069133794225294835,0.002171885844332324,0.01306349251212846,2.837241446463311e-05
2021,all,lit_only,district,Rumbek,86,8.396317958831787,0.03497356649044327,0.029042270264070413,0.17647938607769875,0.005125362026505753
2021,all,lit_only,district,Shobet,14,3.7857142857142856,0.0056933712891419274,0.0021316657361039474,0.14382070491759746,0.000306577668815159
2021,all,lit_only,district,Yerol,23,4.608695652173913,0.009353395689304595,0.004263331472207895,0.180788226048753,0.0007707601339182838
2021,all,lit_only,district,Aweil,153,7.167756018295787,0.06222041480276535,0.04410805218999924,0.2909813234707379,0.012834619401962358
2021,all,lit_only,district,Nahr Lol,3,2.3333333333333335,0.0012200081333875558,0.00028154075759863453,0.3023006484942965,8.510995359964276e-05
2021,all,lit_only,district,Al Leiri,15,4.0,0.0061000406669377795,0.0024132064937025816,0.12815619998471428,0.0003092673740113592
2021,all,lit_only,district,Faring,30,3.6,0.012200081333875559,0.004343771688664648,0.06788780015302565,0.0002948891043104363
2021,all,lit_only,district,Rabkona,201,6.77611941721902,0.08174054493696625,0.05477978752211926,0.4565626060477179,0.02501040254983903
2021,all,lit_only,district,Al Mabien,68,6.700980396831737,0.027653517690117934,0.018326962662182457,0.3013830380068885,0.005523435684567361
2021,all,lit_only,district,Al Renk,68,9.146568634930778,0.027653517690117934,0.025015566668232823,0.36556836474843246,0.009144899800161265
2021,all,lit_only,district,Fashooda,10,4.0,0.004066693777958519,0.0016088043291350546,0.08725964768955197,0.00014038369896175086
2021,all,lit_only,district,Malut,410,12.361769065333576,0.16673444489629932,0.20384859277778364,0.27194400053619106,0.05543540182366338
2021,all,lit_only,district,Tonga,66,13.426551457607385,0.02684017893452623,0.03564114528208301,0.2247895586211075,0.008011757316710208
2021,all,lit_only,district,Gogrial,186,5.049283176340083,0.07564050427002847,0.03777338514402997,0.24624158147579567,0.009301378095560265
2021,all,lit_only,district,Malek,44,4.886363636363637,0.017893452623017485,0.008647323269100919,0.18505628606144686,0.0016002415285525456
2021,all,lit_only,district,Tonj,50,4.84,0.020333468889792598,0.00973326619126708,0.1418826652471723,0.0013809817487771667
2021,all,lit_only,district,Warab,80,10.511378288269043,0.032533550223668155,0.03382150179068691,0.3845020637935477,0.013004437239116285
2021,all,lit_only,district,Raja,44,6.886363636363637,0.017893452623017485,0.012186692793198037,0.03424330450851221,0.00041731263226917157
2021,all,lit_only,district,Wau,69,10.29699790996054,0.028060187067913786,0.02857609955525249,0.3620539702590073,0.010346090298495817
2021,all,lit_only,district,Meridi,20,7.5,0.008133387555917039,0.006033016234256454,0.15785921741954256,0.0009523672214191196
2021,all,lit_only,district,Mundri,8,3.625,0.0032533550223668157,0.0011663831386229146,0.12457850790453229,0.00014530627105464793
2021,all,lit_only,district,Yambio,53,4.867924528301887,0.021553477023180154,0.010376787922921103,0.1939267600470196,0.0020123368615871315
2022,all,zeros_included,state,Central Equatoria,43704,0.22142003813211938,0.0695843788610223,0.3711258176156236,4.9010285879848485,1.818898241873422
2022,all,zeros_included,state,Eastern Equatoria,69171,0.01096075920675991,0.11013227782801972,0.02907687637096168,6.71642990912928,0.19529280212198147
2022,all,zeros_included,state,Jungoli,122217,0.005564296249574052,0.19459074755760486,0.026081041010663705,7.383923219153077,0.19258040429832338
2022,all,zeros_included,state,Lakes,42945,0.02254822091793123,0.06837591868448203,0.03713709656593341,5.952349577267575,0.22105298104517887
2022,all,zeros_included,state,North Bahr-al-Ghazal,32189,0.03712966139983396,0.051250493573985145,0.04583650887235623,5.4503118852640515,0.2498232690860143
2022,all,zeros_included,state,Unity,36509,0.04842641550890732,0.05812868588314715,0.06780556205352033,5.22521288954894,0.3542984968251649
2022,all,zeros_included,state,Upper Nile,77215,0.09430155278734305,0.12293972665554267,0.27925668507514523,5.06095275698166,1.4133048902366154
2022,all,zeros_included,state,Warap,39471,0.0575336391691265,0.06284470570253092,0.08709295645347333,5.035763214793892,0.4385795063760473
2022,all,zeros_included,state,West Bahr-al-Ghazal,85516,0.01187488722329479,0.13615636423849495,0.038945737386552375,6.9059593928540615,0.26895768091628897
2022,all,zeros_included,state,West Equatoria,79135,0.005812851456372023,0.12599670101517024,0.0176417185957701,7.060794101523979,0.12456454260175942
2022,all,zeros_included,district,Bahr al Jabal,17132,0.5426652665495065,0.027277127463093402,0.3565522239930309,4.049051739900942,1.443698402924532
2022,all,zeros_included,district,Kajo Kaii,2406,0.0,0.0038307709944082843,0.0,0.0,0.0
2022,all,zeros_included,district,Nahr Yei,12977,0.027895507436233338,0.02066164388796189,0.013883265503627774,5.972864460813765,0.08292286312666006
2022,all,zeros_included,district,Terkaka,11189,0.001608722852801859,0.017814836515558725,0.000690328118964917,6.971429147680403,0.004812573570015407
2022,all,zeros_included,district,Amatonge,21615,0.023494487191526088,0.034414844157994624,0.019476201933056658,6.267220405810118,0.12206165018253115
2022,all,zeros_included,district,Kapoeta,34186,0.005450574341717468,0.05443006534282694,0.007146174459363097,6.900241574464066,0.04931033010287051
2022,all,zeros_included,district,Magwi,5194,0.007701193685021178,0.008269752512450802,0.0015340624865887043,6.2618468027373355,0.009606064276844765
2022,all,zeros_included,district,Shokodom,8176,0.0029354207436399216,0.013017615814747354,0.0009204374919532226,6.748586222699757,0.006211651777051836
2022,all,zeros_included,district,Akobo,18999,0.0,0.030249716593002077,0.0,0.0,0.0
2022,all,zeros_included,district,Ayod,18620,0.0,0.02964628259180476,0.0,0.0,0.0
2022,all,zeros_included,district,Bor,6986,0.09305061476298195,0.011122928581436523,0.02493049414572218,4.626447612261536,0.11533962511297659
2022,all,zeros_included,district,Fam al Zaraf,7634,0.0,0.012154657427810824,0.0,0.0,0.0
2022,all,zeros_included,district,Nahr Atiem,13562,0.0,0.02159306576316091,0.0,0.0,0.0
2022,all,zeros_included,district,Pibor,43884,0.0006836204539239814,0.06987097020723738,0.0011505468649415282,8.195765724454892,0.00942961256006681
2022,all,zeros_included,district,Wat,12532,0.0,0.019953126393152377,0.0,0.0,0.0
2022,all,zeros_included,district,Aliab,4267,0.012655261307710336,0.006793807079443121,0.002070984356894751,5.538516431643912,0.011470180890339078
2022,all,zeros_included,district,Rumbek,21408,0.03528276099217847,0.03408526410984728,0.028968213824848564,5.686931638264117,0.16474025170453127
2022,all,zeros_included,district,Shobet,6271,0.008451602615212885,0.009984524067304386,0.002032632794730033,6.248454485845359,0.012700813504307264
2022,all,zeros_included,district,Yerol,10999,0.009637239749068096,0.01751232342788725,0.004065265589460066,6.35085364867672,0.025817906801662377
2022,all,zeros_included,district,Aryat,2202,0.0,0.003505967468697856,0.0,0.0,0.0
2022,all,zeros_included,district,Aweil,20600,0.056124595669866766,0.032798787400170684,0.04434079794793224,5.07985383857166,0.225244772661134
2022,all,zeros_included,district,Nahr Lol,3912,0.009969325153374233,0.0062285852577411505,0.0014957109244239867,5.499362450763418,0.008225456494973913
2022,all,zeros_included,district,Wanjuk,5475,0.0,0.00871715344737546,0.0,0.0,0.0
2022,all,zeros_included,district,Al Leiri,12542,0.013873385424972094,0.01996904813460877,0.006673171816660863,5.880312245566747,0.03924033395028177
2022,all,zeros_included,district,Al Mayom,5787,0.0,0.009213911780814939,0.0,0.0,0.0
2022,all,zeros_included,district,Faring,4032,0.028025793650793652,0.0064196461552178735,0.0043337265246130895,4.927345752731297,0.02135376898455127
2022,all,zeros_included,district,Rabkona,14148,0.10467910685713155,0.022526079812505574,0.05679866371224638,4.588718273224093,0.26063306607109515
2022,all,zeros_included,district,Al Mabien,8336,0.05598208577070035,0.01327236367804965,0.01789739568905985,5.052969472004183,0.0904349940451987
2022,all,zeros_included,district,Al Renk,10820,0.060680838653649066,0.017227324255817803,0.025180357622108962,5.371970995256629,0.13526815079615853
2022,all,zeros_included,district,Baleit,11460,0.0,0.01824631570902699,0.0,0.0,0.0
2022,all,zeros_included,district,Fashooda,8486,0.005774216356351638,0.013511189799895554,0.0018792265460711628,6.45280765784556,0.012126287447314662
2022,all,zeros_included,district,Malut,12969,0.39965368656454353,0.020648906494796775,0.19878031402095875,3.687915077289568,0.7330849171462487
2022,all,zeros_included,district,Mayot,8454,0.0,0.013460240227235094,0.0,0.0,0.0
2022,all,zeros_included,district,Sobat,10393,0.0,0.0165474658956298,0.0,0.0,0.0
2022,all,zeros_included,district,Tonga,6297,0.14707835416898324,0.010025920595091008,0.035519391196946526,4.65175524098915,0.16522751415713988
2022,all,zeros_included,district,Gogrial,9885,0.09551509062207945,0.015738641429645008,0.03621026676901211,4.214023543297943,0.15259091667371616
2022,all,zeros_included,district,Malek,1894,0.11351636747624076,0.0030155778318409353,0.008245585865414285,3.947312925889209,0.03254790766807917
2022,all,zeros_included,district,Tonj,13719,0.017639769662511844,0.02184303710402629,0.00928107804386166,5.756396672145192,0.053425566765605066
2022,all,zeros_included,district,Warab,13973,0.06224458604775903,0.022247449337018686,0.033356025775185275,5.52833055435446,0.18440313646479164
2022,all,zeros_included,district,Raja,56641,0.005349481824120337,0.09018233578315862,0.011620523335909435,7.194542054169229,0.08360434383165533
2022,all,zeros_included,district,Wau,28875,0.024675077256702243,0.04597402845533633,0.027325214050642938,6.390986088952531,0.17463506287530928
2022,all,zeros_included,district,Meridi,19496,0.007693885925318014,0.031041027143384834,0.005752734324707641,7.040091539170594,0.04049977624647052
2022,all,zeros_included,district,Mundri,16326,0.001776307730001225,0.025993835101708083,0.0011121953027768106,7.745651174235998,0.008614676852932964
2022,all,zeros_included,district,Tombura,27598,0.0,0.04394082207135488,0.0,0.0,0.0
2022,all,zeros_included,district,Yambio,15715,0.017881005408845053,0.02502101669872244,0.010776788968285649,5.850193288958004,0.06304629849878135
2022,all,lit_only,state,Central Equatoria,583,16.598527181005394,0.21664808621330361,0.3711258176156236,0.584020864259787,0.21674522075299657
2022,all,lit_only,state,Eastern Equatoria,118,6.4251413143287275,0.043849869936826456,0.02907687637096168,0.3427775549702221,0.009966900588609669
2022,all,lit_only,state,Jungoli,101,6.733184106279127,0.03753251579338536,0.026081041010663705,0.28549030374752005,0.007445884320185909
2022,all,lit_only,state,Lakes,142,6.819248924792652,0.05276848755109625,0.03713709656593341,0.2405011286685106,0.008931513639578455
2022,all,lit_only,state,North Bahr-al-Ghazal,196,6.097789136730895,0.07283537718320326,0.04583650887235623,0.34904648623256596,0.015999072363063777
2022,all,lit_only,state,Unity,300,5.8933333460489905,0.11148272017837235,0.06780556205352033,0.42368127968679614,0.028727947300717958
2022,all,lit_only,state,Upper Nile,688,10.58356743964345,0.25566703827573395,0.27925668507514523,0.3403925772579024,0.0950569027492271
2022,all,lit_only,state,Warap,364,6.2387644825400885,0.13526570048309178,0.08709295645347333,0.34959557839668554,0.030447312485629353
2022,all,lit_only,state,West Bahr-al-Ghazal,114,8.90783206830945,0.042363433667781496,0.038945737386552375,0.2856990693282584,0.011126760925640772
2022,all,lit_only,state,West Equatoria,85,5.411764705882353,0.031586770717205497,0.0176417185957701,0.22453482424691162,0.003961180184314712
2022,all,lit_only,district,Bahr al Jabal,532,17.475453658883733,0.19769602378298032,0.3565522239930309,0.5769918905073248,0.20572774178633002
2022,all,lit_only,district,Nahr Yei,40,9.05,0.014864362690449646,0.013883265503627774,0.19081007619047075,0.0026490669485197496
2022,all,lit_only,district,Terkaka,11,1.6363636363636365,0.004087699739873653,0.000690328118964917,0.04663798867105212,3.219551499159452e-05
2022,all,lit_only,district,Amatonge,56,9.068452511514936,0.020810107766629504,0.019476201933056658,0.3114292994435348,0.006065459923832653
2022,all,lit_only,district,Kapoeta,41,4.544715474291546,0.015235971757710888,0.007146174459363097,0.17424215865216053,0.0012451648639043623
2022,all,lit_only,district,Magwi,11,3.6363636363636362,0.004087699739873653,0.0015340624865887043,0.10448268331301258,0.0001602829649686202
2022,all,lit_only,district,Shokodom,10,2.4,0.0037160906726124115,0.0009204374919532226,0.04221300325031718,3.885443083953518e-05
2022,all,lit_only,district,Bor,88,7.386949940161272,0.032701597918989224,0.02493049414572218,0.2521210013729658,0.006285501148742337
2022,all,lit_only,district,Pibor,13,2.3076923076923075,0.004830917874396135,0.0011505468649415282,0.07141001397904734,8.216056770902362e-05
2022,all,lit_only,district,Aliab,17,3.176470588235294,0.0063173541434411,0.002070984356894751,0.01306349251212846,2.7054288639029753e-05
2022,all,lit_only,district,Rumbek,88,8.583333492279053,0.032701597918989224,0.028968213824848564,0.19274848981436765,0.005583579467359248
2022,all,lit_only,district,Shobet,14,3.7857142857142856,0.005202526941657376,0.002032632794730033,0.14382070491759746,0.0002923346813766995
2022,all,lit_only,district,Yerol,23,4.608695652173913,0.008547008547008548,0.004065265589460066,0.180788226048753,0.0007349521543355235
2022,all,lit_only,district,Aweil,178,6.495318375276716,0.06614641397250093,0.04434079794793224,0.32859103408607293,0.014569988649912675
2022,all,lit_only,district,Nahr Lol,18,2.1666666666666665,0.006688963210702341,0.0014957109244239867,0.11793017750487544,0.00017638945481330209
2022,all,lit_only,district,Al Leiri,43,4.046511627906977,0.015979189892233372,0.006673171816660863,0.20467407015734307,0.00136582523657525
2022,all,lit_only,district,Faring,31,3.6451612903225805,0.011519881085098476,0.0043337265246130895,0.05931514746523825,0.0002570556278814399
2022,all,lit_only,district,Rabkona,226,6.553097362011934,0.08398364920104051,0.05679866371224638,0.4519247221710079,0.02566872031784145
2022,all,lit_only,district,Al Mabien,74,6.306306310602136,0.027499070977331848,0.01789739568905985,0.32869580121520503,0.005882798815681084
2022,all,lit_only,district,Al Renk,73,8.994064030581958,0.027127461910070604,0.025180357622108962,0.3732788840045478,0.009399295792016243
2022,all,lit_only,district,Fashooda,16,3.0625,0.005945745076179859,0.0018792265460711628,0.17922335432307146,0.0003368012851198338
2022,all,lit_only,district,Malut,440,11.77979241148992,0.1635079895949461,0.19878031402095875,0.3043726308661334,0.060503287142955366
2022,all,lit_only,district,Tonga,85,10.895910543553969,0.031586770717205497,0.035519391196946526,0.34657788899072406,0.012310235619273434
2022,all,lit_only,district,Gogrial,187,5.049019629942542,0.0694908955778521,0.03621026676901211,0.2463584245478121,0.008920704273669817
2022,all,lit_only,district,Malek,44,4.886363636363637,0.016350798959494612,0.008245585865414285,0.18505628606144686,0.0015258974966543288
2022,all,lit_only,district,Tonj,50,4.84,0.01858045336306206,0.00928107804386166,0.1418826652471723,0.0013168240892301047
2022,all,lit_only,district,Warab,83,10.47883856440165,0.030843552582683016,0.033356025775185275,0.40228898707060967,0.013418761821800431
2022,all,lit_only,district,Raja,44,6.886363636363637,0.016350798959494612,0.011620523335909435,0.03424330450851221,0.00039792511913981887
2022,all,lit_only,district,Wau,70,10.178469368389674,0.026012634708286884,0.027325214050642938,0.368749883177796,0.010076169488982854
2022,all,lit_only,district,Meridi,20,7.5,0.007432181345224823,0.005752734324707641,0.15785921741954256,0.0009081221385208888
2022,all,lit_only,district,Mundri,8,3.625,0.0029728725380899295,0.0011121953027768106,0.12457850790453229,0.0001385556313183646
2022,all,lit_only,district,Yambio,57,4.9298245614035086,0.021181716833890748,0.010776788968285649,0.2308736075608866,0.002488076147030473
