year,scope,zeros,measure,grouping,total,between,within,between_share,within_share,between_deleg_within_gov,residual,n_groups
1992,all,lit_only,theil_l,delegation,0.47409099287592493,0.17032725601629906,0.3037637368596261,0.3592712339524992,0.6407287660475013,nan,2.220446049250313e-16,266
1993,all,lit_only,theil_l,delegation,0.430666792874546,0.1764352304089834,0.2542315624655626,0.40967920751758374,0.5903207924824162,nan,0.0,267
1994,all,lit_only,theil_l,delegation,0.4523286927417886,0.1795225703499248,0.27280612239186397,0.39688521473565924,0.6031147852643411,nan,1.6653345369377348e-16,267
1995,all,lit_only,theil_l,delegation,0.4006327328789026,0.15925725565052634,0.24137547722837654,0.39751433814736326,0.6024856618526374,nan,2.7755575615628914e-16,267
1996,all,lit_only,theil_l,delegation,0.39470720512781643,0.15981000675241053,0.23489719837540607,0.4048824158167062,0.5951175841832942,nan,1.6653345369377348e-16,267
1997,all,lit_only,theil_l,delegation,0.44539358580112254,0.17567873151026753,0.2697148542908552,0.39443480353287286,0.6055651964671275,nan,1.6653345369377348e-16,267
1998,all,lit_only,theil_l,delegation,0.4569363891242751,0.17373122306374555,0.2832051660605298,0.3802087712836875,0.6197912287163131,nan,2.7755575615628914e-16,267
1999,all,lit_only,theil_l,delegation,0.43448430607785327,0.16722086190643287,0.26726344417142095,0.38487204156108074,0.6151279584389205,nan,5.551115123125783e-16,267
2000,all,lit_only,theil_l,delegation,0.44829965522253357,0.1702059108357865,0.27809374438674767,0.3796699570319705,0.6203300429680308,nan,6.106226635438361e-16,267
2001,all,lit_only,theil_l,delegation,0.4554038388797545,0.1816982447213365,0.27370559415841833,0.3989826813236688,0.6010173186763319,nan,3.3306690738754696e-16,267
2002,all,lit_only,theil_l,delegation,0.40835371179068036,0.16748579340715225,0.24086791838352836,0.41014882091485544,0.5898511790851452,nan,2.220446049250313e-16,267
2003,all,lit_only,theil_l,delegation,0.42610823951325705,0.17456039459010497,0.25154784492315235,0.40966209616013316,0.5903379038398675,nan,2.7755575615628914e-16,267
2004,all,lit_only,theil_l,delegation,0.43418848494960804,0.18610357289727392,0.24808491205233452,0.4286239256641574,0.5713760743358435,nan,3.885780586188048e-16,267
2005,all,lit_only,theil_l,delegation,0.4063044611298976,0.1823609392810783,0.22394352184881966,0.4488282968243772,0.5511717031756237,nan,3.3306690738754696e-16,267
2006,all,lit_only,theil_l,delegation,0.41227463790435115,0.1846553720233582,0.22761926588099354,0.4478940857530963,0.5521059142469051,nan,5.551115123125783e-16,267
2007,all,lit_only,theil_l,delegation,0.38388945298876404,0.1689779948361302,0.2149114581526345,0.440173579973493,0.5598264200265087,nan,6.661338147750939e-16,267
2008,all,lit_only,theil_l,delegation,0.3646280566790212,0.1699347003208739,0.19469335635814788,0.46604943642739455,0.5339505635726071,nan,5.551115123125783e-16,267
2009,all,lit_only,theil_l,delegation,0.3755698614623252,0.16879822855778528,0.20677163290454081,0.4494456181881838,0.5505543818118187,nan,8.881784197001252e-16,267
2010,all,lit_only,theil_l,delegation,0.34792997755783095,0.14345242267086117,0.20447755488696875,0.41230256638928825,0.5876974336107088,nan,9.992007221626409e-16,267
2011,all,lit_only,theil_l,delegation,0.3366849963948375,0.15094243148927128,0.1857425649055671,0.4483194472742645,0.5516805527257381,nan,8.881784197001252e-16,267
2012,all,lit_only,theil_l,delegation,0.34699558814582115,0.15449272957923077,0.19250285856659125,0.44522966532446767,0.5547703346755348,nan,8.326672684688674e-16,267
2013,all,lit_only,theil_l,delegation,0.3656297217410446,0.14837628069881836,0.21725344104222694,0.40581022787831544,0.5941897721216866,nan,7.216449660063518e-16,267
2014,all,lit_only,theil_l,delegation,0.39021022274332096,0.14225162113213455,0.24795860161118777,0.3645512414617267,0.6354487585382768,nan,1.3322676295501878e-15,267
2015,all,lit_only,theil_l,delegation,0.397692536218508,0.14116138073396772,0.25653115548454164,0.3549510435277772,0.6450489564722263,nan,1.3877787807814457e-15,267
2016,all,lit_only,theil_l,delegation,0.4180192258741873,0.14337862464372073,0.27464060123046785,0.3429952877020874,0.6570047122979157,nan,1.3322676295501878e-15,267
2017,all,lit_only,theil_l,delegation,0.4554706743684829,0.14030435201712577,0.3151663223513579,0.3080425588577353,0.6919574411422664,nan,7.771561172376096e-16,267
2018,all,lit_only,theil_l,delegation,0.4460021731541604,0.1359706387758031,0.310031534378358,0.30486541761491576,0.6951345823850857,nan,7.216449660063518e-16,267
2019,all,lit_only,theil_l,delegation,0.4625580868448209,0.13528219921087378,0.32727588763394777,0.29246532069875647,0.7075346793012449,nan,6.661338147750939e-16,267
2020,all,lit_only,theil_l,delegation,0.4861697201351604,0.13351930654987823,0.3526504135852831,0.2746351757833837,0.7253648242166182,nan,9.43689570931383e-16,267
2021,all,lit_only,theil_l,delegation,0.45190180544969616,0.12480979624345419,0.32709200920624304,0.27618786811274976,0.7238121318872526,nan,1.0547118733938987e-15,267
2022,all,lit_only,theil_l,delegation,0.4610069657041906,0.12458273351467421,0.3364242321895176,0.2702404579166682,0.7297595420833345,nan,1.2212453270876722e-15,267
1992,narrow,lit_only,theil_l,delegation,0.474072871663731,0.18135568381856654,0.292717187845165,0.382548115824703,0.6174518841752981,nan,4.996003610813204e-16,249
1993,narrow,lit_only,theil_l,delegation,0.42713638523202313,0.17882925090528748,0.24830713432673576,0.41867014164140176,0.5813298583585985,nan,1.1102230246251565e-16,250
1994,narrow,lit_only,theil_l,delegation,0.4469966023352211,0.18236557465834324,0.26463102767687813,0.4079797781585369,0.5920202218414637,nan,2.7755575615628914e-16,250
1995,narrow,lit_only,theil_l,delegation,0.39488884098939536,0.16445942261759805,0.2304294183717977,0.4164701696952094,0.5835298303047916,nan,3.885780586188048e-16,250
1996,narrow,lit_only,theil_l,delegation,0.3895942701575128,0.16272146827534628,0.2268728018821668,0.4176690489045387,0.582330951095462,nan,2.7755575615628914e-16,250
1997,narrow,lit_only,theil_l,delegation,0.43901732348784844,0.1786283744986707,0.2603889489891779,0.40688229129440023,0.5931177087056001,nan,1.6653345369377348e-16,250
1998,narrow,lit_only,theil_l,delegation,0.4472467178557806,0.18137802626900607,0.26586869158677473,0.4055435602492075,0.594456439750793,nan,2.220446049250313e-16,250
1999,narrow,lit_only,theil_l,delegation,0.42681627703895475,0.17470617092706117,0.25211010611189394,0.4093240589114554,0.5906759410885455,nan,3.3306690738754696e-16,250
2000,narrow,lit_only,theil_l,delegation,0.4418869201708339,0.17944328980316576,0.2624436303676687,0.4060841849172472,0.593915815082754,nan,5.551115123125783e-16,250
2001,narrow,lit_only,theil_l,delegation,0.4490937360823933,0.18897881871201425,0.2601149173703793,0.42080038871293257,0.579199611287068,nan,2.7755575615628914e-16,250
2002,narrow,lit_only,theil_l,delegation,0.39972476236124166,0.17516725054922996,0.22455751181201175,0.4382196627361473,0.5617803372638528,nan,5.551115123125783e-17,250
2003,narrow,lit_only,theil_l,delegation,0.41736320719830255,0.18128467492416564,0.2360785322741371,0.4343571062267391,0.5656428937732614,nan,2.220446049250313e-16,250
2004,narrow,lit_only,theil_l,delegation,0.42666164894636643,0.19279900582056655,0.23386264312580024,0.45187798410445457,0.5481220158955462,nan,3.885780586188048e-16,250
2005,narrow,lit_only,theil_l,delegation,0.3984382478443682,0.18456655040694095,0.21387169743742768,0.4632249825549717,0.5367750174450293,nan,4.440892098500626e-16,250
2006,narrow,lit_only,theil_l,delegation,0.40305342556451884,0.18714109775083865,0.21591232781368086,0.464308416405909,0.5356915835940926,nan,6.661338147750939e-16,250
2007,narrow,lit_only,theil_l,delegation,0.3759107146220001,0.17657316821494062,0.19933754640706014,0.469721030411424,0.5302789695885778,nan,6.661338147750939e-16,250
2008,narrow,lit_only,theil_l,delegation,0.3583728342836587,0.16986316671797547,0.18850966756568366,0.47398449454884084,0.5260155054511604,nan,4.440892098500626e-16,250
2009,narrow,lit_only,theil_l,delegation,0.3679242672825511,0.16860824879413494,0.199316018488417,0.4582688987585876,0.5417311012414147,nan,8.326672684688674e-16,250
2010,narrow,lit_only,theil_l,delegation,0.345002691618434,0.15947846225059192,0.18552422936784302,0.4622528059200532,0.5377471940799495,nan,9.43689570931383e-16,250
2011,narrow,lit_only,theil_l,delegation,0.3325412585987046,0.1555659655664085,0.17697529303229698,0.4678095169963205,0.5321904830036822,nan,8.881784197001252e-16,250
2012,narrow,lit_only,theil_l,delegation,0.3426727418746644,0.15902334812253963,0.18364939375212563,0.4640676910937486,0.5359323089062539,nan,8.326672684688674e-16,250
2013,narrow,lit_only,theil_l,delegation,0.35703540638803855,0.15990362944671788,0.19713177694132183,0.44786490803359996,0.5521350919664033,nan,1.1657341758564144e-15,250
2014,narrow,lit_only,theil_l,delegation,0.3787267824079537,0.1543752931662926,0.2243514892416627,0.4076165202386028,0.5923834797614014,nan,1.609823385706477e-15,250
2015,narrow,lit_only,theil_l,delegation,0.38656336192039387,0.15139242241824521,0.23517093950215007,0.39163675953703525,0.6083632404629684,nan,1.4432899320127035e-15,250
2016,narrow,lit_only,theil_l,delegation,0.40580351590040503,0.15360418344627,0.2521993324541365,0.3785186116622226,0.621481388337781,nan,1.4988010832439613e-15,250
2017,narrow,lit_only,theil_l,delegation,0.444689938926321,0.15227494258811086,0.292414996338211,0.34242947559319686,0.657570524406805,nan,8.326672684688674e-16,250
2018,narrow,lit_only,theil_l,delegation,0.4364472855986816,0.1473378008971574,0.2891094847015249,0.3375844134190268,0.6624155865809748,nan,6.661338147750939e-16,250
2019,narrow,lit_only,theil_l,delegation,0.45485147672700466,0.1466488045793731,0.30820267214763214,0.3224103077220295,0.6775896922779718,nan,5.551115123125783e-16,250
2020,narrow,lit_only,theil_l,delegation,0.47856485029867846,0.14583127597766232,0.3327335743210169,0.30472625786588203,0.6952737421341196,nan,7.771561172376096e-16,250
2021,narrow,lit_only,theil_l,delegation,0.4432380802378534,0.13614761599487107,0.3070904642429833,0.30716588232177755,0.6928341176782247,nan,9.992007221626409e-16,250
2022,narrow,lit_only,theil_l,delegation,0.449860332438716,0.13664564164541823,0.3132146907932987,0.3037512574284005,0.6962487425716017,nan,9.43689570931383e-16,250
1992,wide,lit_only,theil_l,delegation,0.4738384807777559,0.19242224567072683,0.2814162351070296,0.4060924839934612,0.5939075160065399,nan,5.551115123125783e-16,219
1993,wide,lit_only,theil_l,delegation,0.42097651900210376,0.18413490644504915,0.23684161255705471,0.4373994703588895,0.5626005296411108,nan,1.1102230246251565e-16,220
1994,wide,lit_only,theil_l,delegation,0.4394722856520693,0.18809269239876014,0.2513795932533095,0.4279967100079511,0.5720032899920496,nan,3.3306690738754696e-16,220
1995,wide,lit_only,theil_l,delegation,0.38823056669527134,0.17103012458567315,0.21720044210959852,0.4405375033746829,0.559462496625318,nan,3.3306690738754696e-16,220
1996,wide,lit_only,theil_l,delegation,0.38284231344621855,0.16849420099179407,0.21434811245442467,0.44011384080057814,0.5598861591994223,nan,2.220446049250313e-16,220
1997,wide,lit_only,theil_l,delegation,0.4293357403104188,0.1840955990321134,0.2452401412783055,0.4287916931840065,0.5712083068159937,nan,5.551115123125783e-17,220
1998,wide,lit_only,theil_l,delegation,0.44023806460691756,0.1867025499386048,0.2535355146683128,0.42409451828139605,0.5759054817186041,nan,5.551115123125783e-17,220
1999,wide,lit_only,theil_l,delegation,0.4162822781530966,0.17957437703879697,0.23670790111429996,0.43137646367149624,0.5686235363285046,nan,3.3306690738754696e-16,220
2000,wide,lit_only,theil_l,delegation,0.42917109657231545,0.18476997329040173,0.24440112328191438,0.43052753264633686,0.5694724673536646,nan,6.661338147750939e-16,220
2001,wide,lit_only,theil_l,delegation,0.4346656344328914,0.19329995617176118,0.24136567826113048,0.4447095442085266,0.555290455791474,nan,2.220446049250313e-16,220
2002,wide,lit_only,theil_l,delegation,0.3848622171058026,0.1796676783915615,0.20519453871424123,0.4668363648234376,0.5331636351765627,nan,1.1102230246251565e-16,220
2003,wide,lit_only,theil_l,delegation,0.4034941614917704,0.18514205717816187,0.21835210431360869,0.45884692976390934,0.541153070236091,nan,1.1102230246251565e-16,220
2004,wide,lit_only,theil_l,delegation,0.4176507141518291,0.1955557177368606,0.22209499641496883,0.4682279021933385,0.5317720978066623,nan,3.3306690738754696e-16,220
2005,wide,lit_only,theil_l,delegation,0.3869703390325473,0.1869618143042335,0.20000852472831437,0.4831424929663886,0.5168575070336129,nan,5.551115123125783e-16,220
2006,wide,lit_only,theil_l,delegation,0.38826772512846863,0.18824259491152628,0.20002513021694315,0.4848267901980296,0.5151732098019725,nan,7.771561172376096e-16,220
2007,wide,lit_only,theil_l,delegation,0.36576467055575856,0.17822456509160067,0.18754010546415864,0.4872656640697381,0.512734335930264,nan,7.771561172376096e-16,220
2008,wide,lit_only,theil_l,delegation,0.3502903661071741,0.17213647042439265,0.178153895682782,0.4914108039492189,0.5085891960507827,nan,5.551115123125783e-16,220
2009,wide,lit_only,theil_l,delegation,0.3571939685610195,0.17152005461791714,0.18567391394310323,0.48018743236034334,0.5198125676396592,nan,8.881784197001252e-16,220
2010,wide,lit_only,theil_l,delegation,0.3322442652248239,0.1636626375166555,0.16858162770816948,0.4925973286729504,0.5074026713270527,nan,1.0547118733938987e-15,220
2011,wide,lit_only,theil_l,delegation,0.32479706828032145,0.15897738658744115,0.16581968169288128,0.48946681516913537,0.5105331848308676,nan,9.43689570931383e-16,220
2012,wide,lit_only,theil_l,delegation,0.33585319578229367,0.16198608546872395,0.17386711031357066,0.4823121753878631,0.5176878246121397,nan,9.43689570931383e-16,220
2013,wide,lit_only,theil_l,delegation,0.34555948347718435,0.16335889276433646,0.18220059071284897,0.47273740289382704,0.5272625971061761,nan,1.1102230246251565e-15,220
2014,wide,lit_only,theil_l,delegation,0.3669619160496952,0.1589891866885067,0.20797272936119005,0.43325800235623324,0.566741997643771,nan,1.5543122344752192e-15,220
2015,wide,lit_only,theil_l,delegation,0.3752200795465869,0.1560270675936404,0.219193011952948,0.4158281395339565,0.5841718604660474,nan,1.4988010832439613e-15,220
2016,wide,lit_only,theil_l,delegation,0.39452759896783884,0.1590706794231759,0.23545691954466447,0.4031927800218181,0.5968072199781858,nan,1.5543122344752192e-15,220
2017,wide,lit_only,theil_l,delegation,0.4302866665637227,0.15987124253331975,0.27041542403040353,0.37154589011566275,0.6284541098843385,nan,5.551115123125783e-16,220
2018,wide,lit_only,theil_l,delegation,0.4208583119614478,0.15518157607721747,0.26567673588423085,0.3687264137756478,0.6312735862243535,nan,4.996003610813204e-16,220
2019,wide,lit_only,theil_l,delegation,0.43991365132217336,0.15527638705421973,0.2846372642679541,0.3529701489997685,0.6470298510002326,nan,4.996003610813204e-16,220
2020,wide,lit_only,theil_l,delegation,0.4688171501274237,0.1558695367643091,0.31294761336311555,0.3324740503241915,0.6675259496758106,nan,9.43689570931383e-16,220
2021,wide,lit_only,theil_l,delegation,0.42889908588101083,0.14536982491235134,0.2835292609686606,0.33893712926373826,0.6610628707362644,nan,1.1102230246251565e-15,220
2022,wide,lit_only,theil_l,delegation,0.43274319308857884,0.14503314500367506,0.28771004808490497,0.33514829885258995,0.6648517011474128,nan,1.1657341758564144e-15,220
1992,all,zeros_included,theil_l,delegation,nan,nan,nan,nan,nan,nan,nan,0
1993,all,zeros_included,theil_l,delegation,nan,nan,nan,nan,nan,nan,nan,0
1994,all,zeros_included,theil_l,delegation,nan,nan,nan,nan,nan,nan,nan,0
1995,all,zeros_included,theil_l,delegation,nan,nan,nan,nan,nan,nan,nan,0
1996,all,zeros_included,theil_l,delegation,nan,nan,nan,nan,nan,nan,nan,0
1997,all,zeros_included,theil_l,delegation,nan,nan,nan,nan,nan,nan,nan,0
1998,all,zeros_included,theil_l,delegation,nan,nan,nan,nan,nan,nan,nan,0
1999,all,zeros_included,theil_l,delegation,nan,nan,nan,nan,nan,nan,nan,0
2000,all,zeros_included,theil_l,delegation,nan,nan,nan,nan,nan,nan,nan,0
2001,all,zeros_included,theil_l,delegation,nan,nan,nan,nan,nan,nan,nan,0
2002,all,zeros_included,theil_l,delegation,nan,nan,nan,nan,nan,nan,nan,0
2003,all,zeros_included,theil_l,delegation,nan,nan,nan,nan,nan,nan,nan,0
2004,all,zeros_included,theil_l,delegation,nan,nan,nan,nan,nan,nan,nan,0
2005,all,zeros_included,theil_l,delegation,nan,nan,nan,nan,nan,nan,nan,0
2006,all,zeros_included,theil_l,delegation,nan,nan,nan,nan,nan,nan,nan,0
2007,all,zeros_included,theil_l,delegation,nan,nan,nan,nan,nan,nan,nan,0
2008,all,zeros_included,theil_l,delegation,nan,nan,nan,nan,nan,nan,nan,0
2009,all,zeros_included,theil_l,delegation,nan,nan,nan,nan,nan,nan,nan,0
2010,all,zeros_included,theil_l,delegation,nan,nan,nan,nan,nan,nan,nan,0
2011,all,zeros_included,theil_l,delegation,nan,nan,nan,nan,nan,nan,nan,0
2012,all,zeros_included,theil_l,delegation,nan,nan,nan,nan,nan,nan,nan,0
2013,all,zeros_included,theil_l,delegation,nan,nan,nan,nan,nan,nan,nan,0
2014,all,zeros_included,theil_l,delegation,nan,nan,nan,nan,nan,nan,nan,0
2015,all,zeros_included,theil_l,delegation,nan,nan,nan,nan,nan,nan,nan,0
2016,all,zeros_included,theil_l,delegation,nan,nan,nan,nan,nan,nan,nan,0
2017,all,zeros_included,theil_l,delegation,nan,nan,nan,nan,nan,nan,nan,0
2018,all,zeros_included,theil_l,delegation,nan,nan,nan,nan,nan,nan,nan,0
2019,all,zeros_included,theil_l,delegation,nan,nan,nan,nan,nan,nan,nan,0
2020,all,zeros_included,theil_l,delegation,nan,nan,nan,nan,nan,nan,nan,0
2021,all,zeros_included,theil_l,delegation,nan,nan,nan,nan,nan,nan,nan,0
2022,all,zeros_included,theil_l,delegation,nan,nan,nan,nan,nan,nan,nan,0
1992,narrow,zeros_included,theil_l,delegation,nan,nan,nan,nan,nan,nan,nan,0
1993,narrow,zeros_included,theil_l,delegation,nan,nan,nan,nan,nan,nan,nan,0
1994,narrow,zeros_included,theil_l,delegation,nan,nan,nan,nan,nan,nan,nan,0
1995,narrow,zeros_included,theil_l,delegation,nan,nan,nan,nan,nan,nan,nan,0
1996,narrow,zeros_included,theil_l,delegation,nan,nan,nan,nan,nan,nan,nan,0
1997,narrow,zeros_included,theil_l,delegation,nan,nan,nan,nan,nan,nan,nan,0
1998,narrow,zeros_included,theil_l,delegation,nan,nan,nan,nan,nan,nan,nan,0
1999,narrow,zeros_included,theil_l,delegation,nan,nan,nan,nan,nan,nan,nan,0
2000,narrow,zeros_included,theil_l,delegation,nan,nan,nan,nan,nan,nan,nan,0
2001,narrow,zeros_included,theil_l,delegation,nan,nan,nan,nan,nan,nan,nan,0
2002,narrow,zeros_included,theil_l,delegation,nan,nan,nan,nan,nan,nan,nan,0
2003,narrow,zeros_included,theil_l,delegation,nan,nan,nan,nan,nan,nan,nan,0
2004,narrow,zeros_included,theil_l,delegation,nan,nan,nan,nan,nan,nan,nan,0
2005,narrow,zeros_included,theil_l,delegation,nan,nan,nan,nan,nan,nan,nan,0
2006,narrow,zeros_included,theil_l,delegation,nan,nan,nan,nan,nan,nan,nan,0
2007,narrow,zeros_included,theil_l,delegation,nan,nan,nan,nan,nan,nan,nan,0
2008,narrow,zeros_included,theil_l,delegation,nan,nan,nan,nan,nan,nan,nan,0
2009,narrow,zeros_included,theil_l,delegation,nan,nan,nan,nan,nan,nan,nan,0
2010,narrow,zeros_included,theil_l,delegation,nan,nan,nan,nan,nan,nan,nan,0
2011,narrow,zeros_included,theil_l,delegation,nan,nan,nan,nan,nan,nan,nan,0
2012,narrow,zeros_included,theil_l,delegation,nan,nan,nan,nan,nan,nan,nan,0
2013,narrow,zeros_included,theil_l,delegation,nan,nan,nan,nan,nan,nan,nan,0
2014,narrow,zeros_included,theil_l,delegation,nan,nan,nan,nan,nan,nan,nan,0
2015,narrow,zeros_included,theil_l,delegation,nan,nan,nan,nan,nan,nan,nan,0
2016,narrow,zeros_included,theil_l,delegation,nan,nan,nan,nan,nan,nan,nan,0
2017,narrow,zeros_included,theil_l,delegation,nan,nan,nan,nan,nan,nan,nan,0
2018,narrow,zeros_included,theil_l,delegation,nan,nan,nan,nan,nan,nan,nan,0
2019,narrow,zeros_included,theil_l,delegation,nan,nan,nan,nan,nan,nan,nan,0
2020,narrow,zeros_included,theil_l,delegation,nan,nan,nan,nan,nan,nan,nan,0
2021,narrow,zeros_included,theil_l,delegation,nan,nan,nan,nan,nan,nan,nan,0
2022,narrow,zeros_included,theil_l,delegation,nan,nan,nan,nan,nan,nan,nan,0
1992,wide,zeros_included,theil_l,delegation,nan,nan,nan,nan,nan,nan,nan,0
1993,wide,zeros_included,theil_l,delegation,nan,nan,nan,nan,nan,nan,nan,0
1994,wide,zeros_included,theil_l,delegation,nan,nan,nan,nan,nan,nan,nan,0
1995,wide,zeros_included,theil_l,delegation,nan,nan,nan,nan,nan,nan,nan,0
1996,wide,zeros_included,theil_l,delegation,nan,nan,nan,nan,nan,nan,nan,0
1997,wide,zeros_included,theil_l,delegation,nan,nan,nan,nan,nan,nan,nan,0
1998,wide,zeros_included,theil_l,delegation,nan,nan,nan,nan,nan,nan,nan,0
1999,wide,zeros_included,theil_l,delegation,nan,nan,nan,nan,nan,nan,nan,0
2000,wide,zeros_included,theil_l,delegation,nan,nan,nan,nan,nan,nan,nan,0
2001,wide,zeros_included,theil_l,delegation,nan,nan,nan,nan,nan,nan,nan,0
2002,wide,zeros_included,theil_l,delegation,nan,nan,nan,nan,nan,nan,nan,0
2003,wide,zeros_included,theil_l,delegation,nan,nan,nan,nan,nan,nan,nan,0
2004,wide,zeros_included,theil_l,delegation,nan,nan,nan,nan,nan,nan,nan,0
2005,wide,zeros_included,theil_l,delegation,nan,nan,nan,nan,nan,nan,nan,0
2006,wide,zeros_included,theil_l,delegation,nan,nan,nan,nan,nan,nan,nan,0
2007,wide,zeros_included,theil_l,delegation,nan,nan,nan,nan,nan,nan,nan,0
2008,wide,zeros_included,theil_l,delegation,nan,nan,nan,nan,nan,nan,nan,0
2009,wide,zeros_included,theil_l,delegation,nan,nan,nan,nan,nan,nan,nan,0
2010,wide,zeros_included,theil_l,delegation,nan,nan,nan,nan,nan,nan,nan,0
2011,wide,zeros_included,theil_l,delegation,nan,nan,nan,nan,nan,nan,nan,0
2012,wide,zeros_included,theil_l,delegation,nan,nan,nan,nan,nan,nan,nan,0
2013,wide,zeros_included,theil_l,delegation,nan,nan,nan,nan,nan,nan,nan,0
2014,wide,zeros_included,theil_l,delegation,nan,nan,nan,nan,nan,nan,nan,0
2015,wide,zeros_included,theil_l,delegation,nan,nan,nan,nan,nan,nan,nan,0
2016,wide,zeros_included,theil_l,delegation,nan,nan,nan,nan,nan,nan,nan,0
2017,wide,zeros_included,theil_l,delegation,nan,nan,nan,nan,nan,nan,nan,0
2018,wide,zeros_included,theil_l,delegation,nan,nan,nan,nan,nan,nan,nan,0
2019,wide,zeros_included,theil_l,delegation,nan,nan,nan,nan,nan,nan,nan,0
2020,wide,zeros_included,theil_l,delegation,nan,nan,nan,nan,nan,nan,nan,0
2021,wide,zeros_included,theil_l,delegation,nan,nan,nan,nan,nan,nan,nan,0
2022,wide,zeros_included,theil_l,delegation,nan,nan,nan,nan,nan,nan,nan,0
1992,all,lit_only,theil_l,governorate,0.47409099287592493,0.05816609867572052,0.41592489420020184,0.12268973583082449,0.8773102641691701,nan,2.55351295663786e-15,24
1993,all,lit_only,theil_l,governorate,0.430666792874546,0.06952026239005935,0.3611465304844873,0.16142471056576382,0.8385752894342376,nan,6.661338147750939e-16,24
1994,all,lit_only,theil_l,governorate,0.4523286927417886,0.06583207110113928,0.3864966216406477,0.14554033860221965,0.8544596613977767,nan,1.609823385706477e-15,24
1995,all,lit_only,theil_l,governorate,0.4006327328789026,0.05588843550048227,0.34474429737841417,0.13950042249137792,0.8604995775086066,nan,6.161737786669619e-15,24
1996,all,lit_only,theil_l,governorate,0.39470720512781643,0.059081195921563474,0.3356260092062414,0.14968360129740083,0.8503163987025699,nan,1.1546319456101628e-14,24
1997,all,lit_only,theil_l,governorate,0.44539358580112254,0.07067833253936036,0.3747152532617485,0.15868736055601776,0.8413126394439515,nan,1.3711254354120683e-14,24
1998,all,lit_only,theil_l,governorate,0.4569363891242751,0.0732288292879672,0.3837075598362949,0.1602604455038288,0.8397395544961428,nan,1.2989609388114332e-14,24
1999,all,lit_only,theil_l,governorate,0.43448430607785327,0.07227041979358875,0.36221388628424833,0.16633608805340588,0.8336639119465569,nan,1.6209256159527285e-14,24
2000,all,lit_only,theil_l,governorate,0.44829965522253357,0.07696924675688327,0.3713304084656317,0.17169151450423523,0.8283084854957233,nan,1.8596235662471372e-14,24
2001,all,lit_only,theil_l,governorate,0.4554038388797545,0.08665987005005812,0.36874396882968286,0.19029235735744407,0.8097076426425263,nan,1.3489209749195652e-14,24
2002,all,lit_only,theil_l,governorate,0.40835371179068036,0.07595776678539784,0.33239594500526637,0.18600973761769876,0.8139902623822617,nan,1.6153745008296028e-14,24
2003,all,lit_only,theil_l,governorate,0.42610823951325705,0.08132858101237296,0.3447796585008679,0.19086366671828384,0.8091363332816781,nan,1.6209256159527285e-14,24
2004,all,lit_only,theil_l,governorate,0.43418848494960804,0.09443604387136406,0.3397524410782328,0.21750011146040485,0.7824998885395694,nan,1.1157741397482823e-14,24
2005,all,lit_only,theil_l,governorate,0.4063044611298976,0.08984515734612523,0.31645930378376086,0.22112766642107157,0.7788723335789001,nan,1.149080830487037e-14,24
2006,all,lit_only,theil_l,governorate,0.41227463790435115,0.09109675555370032,0.3211778823506355,0.22096133785177205,0.7790386621481907,nan,1.532107773982716e-14,24
2007,all,lit_only,theil_l,governorate,0.38388945298876404,0.08003226601575088,0.30385718697299385,0.20847737647560044,0.7915226235243493,nan,1.9317880628477724e-14,24
2008,all,lit_only,theil_l,governorate,0.3646280566790212,0.07998956626208543,0.28463849041691336,0.219373042740097,0.7806269572598415,nan,2.2426505097428162e-14,24
2009,all,lit_only,theil_l,governorate,0.3755698614623252,0.07987062615220283,0.2956992353100996,0.2126651639224117,0.7873348360775277,nan,2.275957200481571e-14,24
2010,all,lit_only,theil_l,governorate,0.34792997755783095,0.06597388724564263,0.28195609031216257,0.18961828960161048,0.8103817103983155,nan,2.5757174171303632e-14,24
2011,all,lit_only,theil_l,governorate,0.3366849963948375,0.0685160162358045,0.2681689801590137,0.20350183990810905,0.7964981600918336,nan,1.9317880628477724e-14,24
2012,all,lit_only,theil_l,governorate,0.34699558814582115,0.07233833577168938,0.2746572523741145,0.20847047698280813,0.7915295230171421,nan,1.7263968032921184e-14,24
2013,all,lit_only,theil_l,governorate,0.3656297217410446,0.06800774044805788,0.2976219812929696,0.18600167438309084,0.8139983256168624,nan,1.709743457922741e-14,24
2014,all,lit_only,theil_l,governorate,0.39021022274332096,0.06744428383397733,0.32276593890933236,0.17284089422316842,0.8271591057768027,nan,1.1268763699945339e-14,24
2015,all,lit_only,theil_l,governorate,0.397692536218508,0.06526670858078118,0.3324258276377148,0.16411348626598582,0.8358865137339839,nan,1.199040866595169e-14,24
2016,all,lit_only,theil_l,governorate,0.4180192258741873,0.06609209032127358,0.35192713555290434,0.15810777646185478,0.8418922235381229,nan,9.325873406851315e-15,24
2017,all,lit_only,theil_l,governorate,0.4554706743684829,0.07022362878896166,0.38524704557952205,0.1541781562255963,0.8458218437744055,nan,8.326672684688674e-16,24
2018,all,lit_only,theil_l,governorate,0.4460021731541604,0.06921138432310249,0.376790788831059,0.15518171993117086,0.8448182800688315,nan,1.0547118733938987e-15,24
2019,all,lit_only,theil_l,governorate,0.4625580868448209,0.07096896023770768,0.39158912660711376,0.153427131112976,0.8465728688870251,nan,5.551115123125783e-16,24
2020,all,lit_only,theil_l,governorate,0.4861697201351604,0.06927978960819385,0.4168899305269614,0.14250124337018216,0.8574987566298071,nan,5.162537064506978e-15,24
2021,all,lit_only,theil_l,governorate,0.45190180544969616,0.06722109090217089,0.3846807145475182,0.14875154312622826,0.851248456873756,nan,7.105427357601002e-15,24
2022,all,lit_only,theil_l,governorate,0.4610069657041906,0.0668620136405452,0.39414495206363587,0.14503471447207553,0.8549652855279039,nan,9.492406860545088e-15,24
1992,narrow,lit_only,theil_l,governorate,0.474072871663731,0.06279314751481091,0.41127972414891756,0.1324546314882816,0.867545368511713,nan,2.55351295663786e-15,21
1993,narrow,lit_only,theil_l,governorate,0.42713638523202313,0.07001025491169374,0.3571261303203303,0.1639060902612259,0.8360939097387763,nan,8.881784197001252e-16,21
1994,narrow,lit_only,theil_l,governorate,0.4469966023352211,0.06796548162640914,0.3790311207088103,0.15204921306189043,0.8479507869381059,nan,1.6653345369377348e-15,21
1995,narrow,lit_only,theil_l,governorate,0.39488884098939536,0.058975465715645575,0.33591337527374293,0.14934700501508816,0.8506529949848944,nan,6.8833827526759706e-15,21
1996,narrow,lit_only,theil_l,governorate,0.3895942701575128,0.06148972023557186,0.32810454992192806,0.15783014521931132,0.8421698547806555,nan,1.2878587085651816e-14,21
1997,narrow,lit_only,theil_l,governorate,0.43901732348784844,0.07326521949965505,0.3657521039881785,0.16688457511787222,0.8331154248820938,nan,1.4932499681208355e-14,21
1998,narrow,lit_only,theil_l,governorate,0.4472467178557806,0.07815694320214887,0.3690897746536177,0.1747512951617711,0.8252487048381976,nan,1.3988810110276972e-14,21
1999,narrow,lit_only,theil_l,governorate,0.42681627703895475,0.07718214884413852,0.3496341281947986,0.18083225264882352,0.8191677473511352,nan,1.765254609153999e-14,21
2000,narrow,lit_only,theil_l,governorate,0.4418869201708339,0.08264846908295963,0.35923845108785385,0.1870353371197492,0.8129646628802045,nan,2.042810365310288e-14,21
2001,narrow,lit_only,theil_l,governorate,0.4490937360823933,0.09090725568772393,0.3581864803946545,0.20242378903063918,0.7975762109693277,nan,1.482147737874584e-14,21
2002,narrow,lit_only,theil_l,governorate,0.39972476236124166,0.08073465897251446,0.3189901033887092,0.20197562566702448,0.7980243743329305,nan,1.7985612998927536e-14,21
2003,narrow,lit_only,theil_l,governorate,0.41736320719830255,0.0859966963664272,0.3313665108318573,0.20604762203096508,0.7939523779689917,nan,1.8041124150158794e-14,21
2004,narrow,lit_only,theil_l,governorate,0.42666164894636643,0.09886225386133453,0.32779939508501954,0.2317111324757525,0.7682888675242185,nan,1.2378986724570495e-14,21
2005,narrow,lit_only,theil_l,governorate,0.3984382478443682,0.09284777507995533,0.3055904727644002,0.2330292726219951,0.7669707273779731,nan,1.2656542480726785e-14,21
2006,narrow,lit_only,theil_l,governorate,0.40305342556451884,0.09380935835997894,0.30924406720452313,0.23274670902148775,0.7672532909784706,nan,1.6764367671839864e-14,21
2007,narrow,lit_only,theil_l,governorate,0.3759107146220001,0.08430978555724061,0.29160092906473833,0.22428141119100306,0.7757185888089406,nan,2.1149748619109232e-14,21
2008,narrow,lit_only,theil_l,governorate,0.3583728342836587,0.08143712802583636,0.27693570625779795,0.22724135379462768,0.7727586462053043,nan,2.4369395390522186e-14,21
2009,narrow,lit_only,theil_l,governorate,0.3679242672825511,0.08161442012203833,0.2863098471604882,0.22182396590698847,0.7781760340929447,nan,2.4591439995447217e-14,21
2010,narrow,lit_only,theil_l,governorate,0.345002691618434,0.07385285172880598,0.2711498398896043,0.21406456680774463,0.7859354331921866,nan,2.375877272697835e-14,21
2011,narrow,lit_only,theil_l,governorate,0.3325412585987046,0.07222576837844874,0.2603154902202349,0.21719340536209208,0.782806594637845,nan,2.09277040141842e-14,21
2012,narrow,lit_only,theil_l,governorate,0.3426727418746644,0.07556709725381304,0.26710564462083275,0.22052263871473143,0.7794773612852143,nan,1.8596235662471372e-14,21
2013,narrow,lit_only,theil_l,governorate,0.35703540638803855,0.07461527572559813,0.28242013066242333,0.2089856478953901,0.7910143521045621,nan,1.709743457922741e-14,21
2014,narrow,lit_only,theil_l,governorate,0.3787267824079537,0.07496289700216342,0.30376388540577887,0.19793397373575636,0.8020660262642135,nan,1.1435297153639112e-14,21
2015,narrow,lit_only,theil_l,governorate,0.38656336192039387,0.07214946361371949,0.3144138983066615,0.18664330539575927,0.8133566946042075,nan,1.2878587085651816e-14,21
2016,narrow,lit_only,theil_l,governorate,0.40580351590040503,0.0730292842365483,0.33277423166384706,0.1799621771992523,0.8200378228007239,nan,9.658940314238862e-15,21
2017,narrow,lit_only,theil_l,governorate,0.444689938926321,0.07796027648594069,0.3667296624403817,0.17531378531785857,0.8246862146821444,nan,1.3322676295501878e-15,21
2018,narrow,lit_only,theil_l,governorate,0.4364472855986816,0.07659064814430698,0.3598566374543759,0.17548659522362794,0.8245134047763749,nan,1.27675647831893e-15,21
2019,narrow,lit_only,theil_l,governorate,0.45485147672700466,0.07832747504230071,0.37652400168470435,0.1722045086143839,0.827795491385617,nan,3.885780586188048e-16,21
2020,narrow,lit_only,theil_l,governorate,0.47856485029867846,0.07700554912830751,0.401559301170365,0.16090932938398497,0.8390906706160025,nan,5.995204332975845e-15,21
2021,narrow,lit_only,theil_l,governorate,0.4432380802378534,0.0747749275453329,0.3684631526925124,0.1687014967333282,0.8312985032666536,nan,8.104628079763643e-15,21
2022,narrow,lit_only,theil_l,governorate,0.449860332438716,0.07483069903515802,0.37502963340354756,0.1663420702810069,0.83365792971897,nan,1.0380585280245214e-14,21
1992,wide,lit_only,theil_l,governorate,0.4738384807777559,0.07255011439404384,0.40128836638370957,0.15311148700916075,0.846888512990834,nan,2.4980018054066022e-15,18
1993,wide,lit_only,theil_l,governorate,0.42097651900210376,0.07786680130259588,0.3431097176995081,0.18496708910790047,0.8150329108921001,nan,2.220446049250313e-16,18
1994,wide,lit_only,theil_l,governorate,0.4394722856520693,0.07677565250054635,0.3626966331515208,0.17469964547737082,0.8253003545226243,nan,2.1649348980190553e-15,18
1995,wide,lit_only,theil_l,governorate,0.38823056669527134,0.06743146794638501,0.32079909874887835,0.17368922936795209,0.8263107706320274,nan,7.993605777301127e-15,18
1996,wide,lit_only,theil_l,governorate,0.38284231344621855,0.07027019287820832,0.31257212056799555,0.18354865805103812,0.8164513419489235,nan,1.4654943925052066e-14,18
1997,wide,lit_only,theil_l,governorate,0.4293357403104188,0.08376837836586115,0.34556736194454096,0.19511158867252665,0.8048884113274345,nan,1.6708856520608606e-14,18
1998,wide,lit_only,theil_l,governorate,0.44023806460691756,0.08851876020370489,0.35171930440319665,0.20107021023441501,0.7989297897655486,nan,1.6042722705833512e-14,18
1999,wide,lit_only,theil_l,governorate,0.4162822781530966,0.08714074081912768,0.3291415373339495,0.20933089250337925,0.7906691074965742,nan,1.942890293094024e-14,18
2000,wide,lit_only,theil_l,governorate,0.42917109657231545,0.09484787781015971,0.3343232187621337,0.22100248261750735,0.7789975173824414,nan,2.19824158875781e-14,18
2001,wide,lit_only,theil_l,governorate,0.4346656344328914,0.10309678835340935,0.33156884607946596,0.23718642603968407,0.7628135739602789,nan,1.609823385706477e-14,18
2002,wide,lit_only,theil_l,governorate,0.3848622171058026,0.0930793181050935,0.29178289900068943,0.241851015683114,0.7581489843168349,nan,1.965094753586527e-14,18
2003,wide,lit_only,theil_l,governorate,0.4034941614917704,0.09930853616484298,0.3041856253269077,0.2461213708711085,0.7538786291288425,nan,1.9761969838327786e-14,18
2004,wide,lit_only,theil_l,governorate,0.4176507141518291,0.10926763002728496,0.3083830841245305,0.26162442999573743,0.73837557000423,nan,1.3600232051658168e-14,18
2005,wide,lit_only,theil_l,governorate,0.3869703390325473,0.1034109166014642,0.2835594224310694,0.2672321523659893,0.7327678476339754,nan,1.3655743202889425e-14,18
2006,wide,lit_only,theil_l,governorate,0.38826772512846863,0.10550502114733554,0.2827627039811136,0.2717326584701997,0.72826734152975,nan,1.9539925233402755e-14,18
2007,wide,lit_only,theil_l,governorate,0.36576467055575856,0.09425266474203828,0.2715120058136966,0.25768662839641326,0.742313371603522,nan,2.3647750424515834e-14,18
2008,wide,lit_only,theil_l,governorate,0.3502903661071741,0.08988061265189005,0.26040975345525724,0.25658887982203415,0.7434111201778892,nan,2.681188604469753e-14,18
2009,wide,lit_only,theil_l,governorate,0.3571939685610195,0.09127134470135842,0.26592262385963455,0.2555231967355197,0.7444768032644061,nan,2.653433028854124e-14,18
2010,wide,lit_only,theil_l,governorate,0.3322442652248239,0.08558640079693786,0.24665786442786186,0.25760083695958763,0.7423991630403395,nan,2.4202861936828413e-14,18
2011,wide,lit_only,theil_l,governorate,0.32479706828032145,0.08155944526402553,0.2432376230162747,0.2511089330204,0.7488910669795346,nan,2.1260770921571748e-14,18
2012,wide,lit_only,theil_l,governorate,0.33585319578229367,0.08474861412641406,0.2511045816558609,0.25233826919232205,0.7476617308076223,nan,1.8707257964933888e-14,18
2013,wide,lit_only,theil_l,governorate,0.34555948347718435,0.08628470872558625,0.259274774751582,0.24969567571217652,0.7503043242877769,nan,1.609823385706477e-14,18
2014,wide,lit_only,theil_l,governorate,0.3669619160496952,0.08636279884543491,0.2805991172042496,0.2353453998036662,0.7646546001963047,nan,1.0658141036401503e-14,18
2015,wide,lit_only,theil_l,governorate,0.3752200795465869,0.08338127975601663,0.2918387997905578,0.22221966334204163,0.7777803366579251,nan,1.2490009027033011e-14,18
2016,wide,lit_only,theil_l,governorate,0.39452759896783884,0.08441711228035789,0.3101104866874718,0.21397010627699944,0.7860298937229774,nan,9.103828801926284e-15,18
2017,wide,lit_only,theil_l,governorate,0.4302866665637227,0.08936753510051529,0.34091913146321084,0.20769301501765342,0.7923069849823545,nan,3.4416913763379853e-15,18
2018,wide,lit_only,theil_l,governorate,0.4208583119614478,0.08829545734740825,0.3325628546140428,0.20979853513145405,0.7902014648685537,nan,3.219646771412954e-15,18
2019,wide,lit_only,theil_l,governorate,0.43991365132217336,0.09071198364522023,0.34920166767695454,0.20620406612202807,0.7937959338779752,nan,1.3877787807814457e-15,18
2020,wide,lit_only,theil_l,governorate,0.4688171501274237,0.08945097158831855,0.3793661785390987,0.19080140639907464,0.8091985936009116,nan,6.439293542825908e-15,18
2021,wide,lit_only,theil_l,governorate,0.42889908588101083,0.08658831587761659,0.3423107700033864,0.20188505578125368,0.798114944218728,nan,7.827072323607354e-15,18
2022,wide,lit_only,theil_l,governorate,0.43274319308857884,0.0866901881888132,0.3460530048997557,0.20032709831918363,0.7996729016807934,nan,9.936496070395151e-15,18
1992,all,zeros_included,theil_l,governorate,nan,nan,nan,nan,nan,nan,nan,0
1993,all,zeros_included,theil_l,governorate,nan,nan,nan,nan,nan,nan,nan,0
1994,all,zeros_included,theil_l,governorate,nan,nan,nan,nan,nan,nan,nan,0
1995,all,zeros_included,theil_l,governorate,nan,nan,nan,nan,nan,nan,nan,0
1996,all,zeros_included,theil_l,governorate,nan,nan,nan,nan,nan,nan,nan,0
1997,all,zeros_included,theil_l,governorate,nan,nan,nan,nan,nan,nan,nan,0
1998,all,zeros_included,theil_l,governorate,nan,nan,nan,nan,nan,nan,nan,0
1999,all,zeros_included,theil_l,governorate,nan,nan,nan,nan,nan,nan,nan,0
2000,all,zeros_included,theil_l,governorate,nan,nan,nan,nan,nan,nan,nan,0
2001,all,zeros_included,theil_l,governorate,nan,nan,nan,nan,nan,nan,nan,0
2002,all,zeros_included,theil_l,governorate,nan,nan,nan,nan,nan,nan,nan,0
2003,all,zeros_included,theil_l,governorate,nan,nan,nan,nan,nan,nan,nan,0
2004,all,zeros_included,theil_l,governorate,nan,nan,nan,nan,nan,nan,nan,0
2005,all,zeros_included,theil_l,governorate,nan,nan,nan,nan,nan,nan,nan,0
2006,all,zeros_included,theil_l,governorate,nan,nan,nan,nan,nan,nan,nan,0
2007,all,zeros_included,theil_l,governorate,nan,nan,nan,nan,nan,nan,nan,0
2008,all,zeros_included,theil_l,governorate,nan,nan,nan,nan,nan,nan,nan,0
2009,all,zeros_included,theil_l,governorate,nan,nan,nan,nan,nan,nan,nan,0
2010,all,zeros_included,theil_l,governorate,nan,nan,nan,nan,nan,nan,nan,0
2011,all,zeros_included,theil_l,governorate,nan,nan,nan,nan,nan,nan,nan,0
2012,all,zeros_included,theil_l,governorate,nan,nan,nan,nan,nan,nan,nan,0
2013,all,zeros_included,theil_l,governorate,nan,nan,nan,nan,nan,nan,nan,0
2014,all,zeros_included,theil_l,governorate,nan,nan,nan,nan,nan,nan,nan,0
2015,all,zeros_included,theil_l,governorate,nan,nan,nan,nan,nan,nan,nan,0
2016,all,zeros_included,theil_l,governorate,nan,nan,nan,nan,nan,nan,nan,0
2017,all,zeros_included,theil_l,governorate,nan,nan,nan,nan,nan,nan,nan,0
2018,all,zeros_included,theil_l,governorate,nan,nan,nan,nan,nan,nan,nan,0
2019,all,zeros_included,theil_l,governorate,nan,nan,nan,nan,nan,nan,nan,0
2020,all,zeros_included,theil_l,governorate,nan,nan,nan,nan,nan,nan,nan,0
2021,all,zeros_included,theil_l,governorate,nan,nan,nan,nan,nan,nan,nan,0
2022,all,zeros_included,theil_l,governorate,nan,nan,nan,nan,nan,nan,nan,0
1992,narrow,zeros_included,theil_l,governorate,nan,nan,nan,nan,nan,nan,nan,0
1993,narrow,zeros_included,theil_l,governorate,nan,nan,nan,nan,nan,nan,nan,0
1994,narrow,zeros_included,theil_l,governorate,nan,nan,nan,nan,nan,nan,nan,0
1995,narrow,zeros_included,theil_l,governorate,nan,nan,nan,nan,nan,nan,nan,0
1996,narrow,zeros_included,theil_l,governorate,nan,nan,nan,nan,nan,nan,nan,0
1997,narrow,zeros_included,theil_l,governorate,nan,nan,nan,nan,nan,nan,nan,0
1998,narrow,zeros_included,theil_l,governorate,nan,nan,nan,nan,nan,nan,nan,0
1999,narrow,zeros_included,theil_l,governorate,nan,nan,nan,nan,nan,nan,nan,0
2000,narrow,zeros_included,theil_l,governorate,nan,nan,nan,nan,nan,nan,nan,0
2001,narrow,zeros_included,theil_l,governorate,nan,nan,nan,nan,nan,nan,nan,0
2002,narrow,zeros_included,theil_l,governorate,nan,nan,nan,nan,nan,nan,nan,0
2003,narrow,zeros_included,theil_l,governorate,nan,nan,nan,nan,nan,nan,nan,0
2004,narrow,zeros_included,theil_l,governorate,nan,nan,nan,nan,nan,nan,nan,0
2005,narrow,zeros_included,theil_l,governorate,nan,nan,nan,nan,nan,nan,nan,0
2006,narrow,zeros_included,theil_l,governorate,nan,nan,nan,nan,nan,nan,nan,0
2007,narrow,zeros_included,theil_l,governorate,nan,nan,nan,nan,nan,nan,nan,0
2008,narrow,zeros_included,theil_l,governorate,nan,nan,nan,nan,nan,nan,nan,0
2009,narrow,zeros_included,theil_l,governorate,nan,nan,nan,nan,nan,nan,nan,0
2010,narrow,zeros_included,theil_l,governorate,nan,nan,nan,nan,nan,nan,nan,0
2011,narrow,zeros_included,theil_l,governorate,nan,nan,nan,nan,nan,nan,nan,0
2012,narrow,zeros_included,theil_l,governorate,nan,nan,nan,nan,nan,nan,nan,0
2013,narrow,zeros_included,theil_l,governorate,nan,nan,nan,nan,nan,nan,nan,0
2014,narrow,zeros_included,theil_l,governorate,nan,nan,nan,nan,nan,nan,nan,0
2015,narrow,zeros_included,theil_l,governorate,nan,nan,nan,nan,nan,nan,nan,0
2016,narrow,zeros_included,theil_l,governorate,nan,nan,nan,nan,nan,nan,nan,0
2017,narrow,zeros_included,theil_l,governorate,nan,nan,nan,nan,nan,nan,nan,0
2018,narrow,zeros_included,theil_l,governorate,nan,nan,nan,nan,nan,nan,nan,0
2019,narrow,zeros_included,theil_l,governorate,nan,nan,nan,nan,nan,nan,nan,0
2020,narrow,zeros_included,theil_l,governorate,nan,nan,nan,nan,nan,nan,nan,0
2021,narrow,zeros_included,theil_l,governorate,nan,nan,nan,nan,nan,nan,nan,0
2022,narrow,zeros_included,theil_l,governorate,nan,nan,nan,nan,nan,nan,nan,0
1992,wide,zeros_included,theil_l,governorate,nan,nan,nan,nan,nan,nan,nan,0
1993,wide,zeros_included,theil_l,governorate,nan,nan,nan,nan,nan,nan,nan,0
1994,wide,zeros_included,theil_l,governorate,nan,nan,nan,nan,nan,nan,nan,0
1995,wide,zeros_included,theil_l,governorate,nan,nan,nan,nan,nan,nan,nan,0
1996,wide,zeros_included,theil_l,governorate,nan,nan,nan,nan,nan,nan,nan,0
1997,wide,zeros_included,theil_l,governorate,nan,nan,nan,nan,nan,nan,nan,0
1998,wide,zeros_included,theil_l,governorate,nan,nan,nan,nan,nan,nan,nan,0
1999,wide,zeros_included,theil_l,governorate,nan,nan,nan,nan,nan,nan,nan,0
2000,wide,zeros_included,theil_l,governorate,nan,nan,nan,nan,nan,nan,nan,0
2001,wide,zeros_included,theil_l,governorate,nan,nan,nan,nan,nan,nan,nan,0
2002,wide,zeros_included,theil_l,governorate,nan,nan,nan,nan,nan,nan,nan,0
2003,wide,zeros_included,theil_l,governorate,nan,nan,nan,nan,nan,nan,nan,0
2004,wide,zeros_included,theil_l,governorate,nan,nan,nan,nan,nan,nan,nan,0
2005,wide,zeros_included,theil_l,governorate,nan,nan,nan,nan,nan,nan,nan,0
2006,wide,zeros_included,theil_l,governorate,nan,nan,nan,nan,nan,nan,nan,0
2007,wide,zeros_included,theil_l,governorate,nan,nan,nan,nan,nan,nan,nan,0
2008,wide,zeros_included,theil_l,governorate,nan,nan,nan,nan,nan,nan,nan,0
2009,wide,zeros_included,theil_l,governorate,nan,nan,nan,nan,nan,nan,nan,0
2010,wide,zeros_included,theil_l,governorate,nan,nan,nan,nan,nan,nan,nan,0
2011,wide,zeros_included,theil_l,governorate,nan,nan,nan,nan,nan,nan,nan,0
2012,wide,zeros_included,theil_l,governorate,nan,nan,nan,nan,nan,nan,nan,0
2013,wide,zeros_included,theil_l,governorate,nan,nan,nan,nan,nan,nan,nan,0
2014,wide,zeros_included,theil_l,governorate,nan,nan,nan,nan,nan,nan,nan,0
2015,wide,zeros_included,theil_l,governorate,nan,nan,nan,nan,nan,nan,nan,0
2016,wide,zeros_included,theil_l,governorate,nan,nan,nan,nan,nan,nan,nan,0
2017,wide,zeros_included,theil_l,governorate,nan,nan,nan,nan,nan,nan,nan,0
2018,wide,zeros_included,theil_l,governorate,nan,nan,nan,nan,nan,nan,nan,0
2019,wide,zeros_included,theil_l,governorate,nan,nan,nan,nan,nan,nan,nan,0
2020,wide,zeros_included,theil_l,governorate,nan,nan,nan,nan,nan,nan,nan,0
2021,wide,zeros_included,theil_l,governorate,nan,nan,nan,nan,nan,nan,nan,0
2022,wide,zeros_included,theil_l,governorate,nan,nan,nan,nan,nan,nan,nan,0
1992,all,lit_only,theil_l,nested,0.47409099287592493,0.05816609867572052,0.3037637368596261,0.12268973583082449,0.6407287660475013,0.11216115734057854,2.220446049250313e-16,266
1993,all,lit_only,theil_l,nested,0.430666792874546,0.06952026239005935,0.2542315624655626,0.16142471056576382,0.5903207924824162,0.10691496801892406,0.0,267
1994,all,lit_only,theil_l,nested,0.4523286927417886,0.06583207110113928,0.27280612239186397,0.14554033860221965,0.6031147852643411,0.11369049924878552,1.6653345369377348e-16,267
1995,all,lit_only,theil_l,nested,0.4006327328789026,0.05588843550048227,0.24137547722837654,0.13950042249137792,0.6024856618526374,0.10336882015004407,2.7755575615628914e-16,267
1996,all,lit_only,theil_l,nested,0.39470720512781643,0.059081195921563474,0.23489719837540607,0.14968360129740083,0.5951175841832942,0.10072881083084706,1.6653345369377348e-16,267
1997,all,lit_only,theil_l,nested,0.44539358580112254,0.07067833253936036,0.2697148542908552,0.15868736055601776,0.6055651964671275,0.10500039897090717,1.6653345369377348e-16,267
1998,all,lit_only,theil_l,nested,0.4569363891242751,0.0732288292879672,0.2832051660605298,0.1602604455038288,0.6197912287163131,0.10050239377577835,2.7755575615628914e-16,267
1999,all,lit_only,theil_l,nested,0.43448430607785327,0.07227041979358875,0.26726344417142095,0.16633608805340588,0.6151279584389205,0.09495044211284412,5.551115123125783e-16,267
2000,all,lit_only,theil_l,nested,0.44829965522253357,0.07696924675688327,0.27809374438674767,0.17169151450423523,0.6203300429680308,0.09323666407890324,6.106226635438361e-16,267
2001,all,lit_only,theil_l,nested,0.4554038388797545,0.08665987005005812,0.27370559415841833,0.19029235735744407,0.6010173186763319,0.09503837467127838,3.3306690738754696e-16,267
2002,all,lit_only,theil_l,nested,0.40835371179068036,0.07595776678539784,0.24086791838352836,0.18600973761769876,0.5898511790851452,0.09152802662175441,2.220446049250313e-16,267
2003,all,lit_only,theil_l,nested,0.42610823951325705,0.08132858101237296,0.25154784492315235,0.19086366671828384,0.5903379038398675,0.09323181357773201,2.7755575615628914e-16,267
2004,all,lit_only,theil_l,nested,0.43418848494960804,0.09443604387136406,0.24808491205233452,0.21750011146040485,0.5713760743358435,0.09166752902590986,3.885780586188048e-16,267
2005,all,lit_only,theil_l,nested,0.4063044611298976,0.08984515734612523,0.22394352184881966,0.22112766642107157,0.5511717031756237,0.09251578193495306,3.3306690738754696e-16,267
2006,all,lit_only,theil_l,nested,0.41227463790435115,0.09109675555370032,0.22761926588099354,0.22096133785177205,0.5521059142469051,0.09355861646965787,5.551115123125783e-16,267
2007,all,lit_only,theil_l,nested,0.38388945298876404,0.08003226601575088,0.2149114581526345,0.20847737647560044,0.5598264200265087,0.08894572882037934,6.661338147750939e-16,267
2008,all,lit_only,theil_l,nested,0.3646280566790212,0.07998956626208543,0.19469335635814788,0.219373042740097,0.5339505635726071,0.08994513405878847,5.551115123125783e-16,267
2009,all,lit_only,theil_l,nested,0.3755698614623252,0.07987062615220283,0.20677163290454081,0.2126651639224117,0.5505543818118187,0.08892760240558245,8.881784197001252e-16,267
2010,all,lit_only,theil_l,nested,0.34792997755783095,0.06597388724564263,0.20447755488696875,0.18961828960161048,0.5876974336107088,0.07747853542521854,9.992007221626409e-16,267
2011,all,lit_only,theil_l,nested,0.3366849963948375,0.0685160162358045,0.1857425649055671,0.20350183990810905,0.5516805527257381,0.08242641525346678,8.881784197001252e-16,267
2012,all,lit_only,theil_l,nested,0.34699558814582115,0.07233833577168938,0.19250285856659125,0.20847047698280813,0.5547703346755348,0.08215439380754139,8.326672684688674e-16,267
2013,all,lit_only,theil_l,nested,0.3656297217410446,0.06800774044805788,0.21725344104222694,0.18600167438309084,0.5941897721216866,0.08036854025076048,7.216449660063518e-16,267
2014,all,lit_only,theil_l,nested,0.39021022274332096,0.06744428383397733,0.24795860161118777,0.17284089422316842,0.6354487585382768,0.07480733729815722,1.3322676295501878e-15,267
2015,all,lit_only,theil_l,nested,0.397692536218508,0.06526670858078118,0.25653115548454164,0.16411348626598582,0.6450489564722263,0.07589467215318654,1.3877787807814457e-15,267
2016,all,lit_only,theil_l,nested,0.4180192258741873,0.06609209032127358,0.27464060123046785,0.15810777646185478,0.6570047122979157,0.07728653432244714,1.3322676295501878e-15,267
2017,all,lit_only,theil_l,nested,0.4554706743684829,0.07022362878896166,0.3151663223513579,0.1541781562255963,0.6919574411422664,0.07008072322816411,7.771561172376096e-16,267
2018,all,lit_only,theil_l,nested,0.4460021731541604,0.06921138432310249,0.310031534378358,0.15518171993117086,0.6951345823850857,0.0667592544527006,7.216449660063518e-16,267
2019,all,lit_only,theil_l,nested,0.4625580868448209,0.07096896023770768,0.32727588763394777,0.153427131112976,0.7075346793012449,0.0643132389731661,6.661338147750939e-16,267
2020,all,lit_only,theil_l,nested,0.4861697201351604,0.06927978960819385,0.3526504135852831,0.14250124337018216,0.7253648242166182,0.06423951694168438,9.43689570931383e-16,267
2021,all,lit_only,theil_l,nested,0.45190180544969616,0.06722109090217089,0.32709200920624304,0.14875154312622826,0.7238121318872526,0.0575887053412833,1.0547118733938987e-15,267
2022,all,lit_only,theil_l,nested,0.4610069657041906,0.0668620136405452,0.3364242321895176,0.14503471447207553,0.7297595420833345,0.05772071987412901,1.2212453270876722e-15,267
1992,narrow,lit_only,theil_l,nested,0.474072871663731,0.06279314751481091,0.292717187845165,0.1324546314882816,0.6174518841752981,0.11856253630375563,4.996003610813204e-16,249
1993,narrow,lit_only,theil_l,nested,0.42713638523202313,0.07001025491169374,0.24830713432673576,0.1639060902612259,0.5813298583585985,0.10881899599359374,1.1102230246251565e-16,250
1994,narrow,lit_only,theil_l,nested,0.4469966023352211,0.06796548162640914,0.26463102767687813,0.15204921306189043,0.5920202218414637,0.1144000930319341,2.7755575615628914e-16,250
1995,narrow,lit_only,theil_l,nested,0.39488884098939536,0.058975465715645575,0.2304294183717977,0.14934700501508816,0.5835298303047916,0.10548395690195247,3.885780586188048e-16,250
1996,narrow,lit_only,theil_l,nested,0.3895942701575128,0.06148972023557186,0.2268728018821668,0.15783014521931132,0.582330951095462,0.10123174803977442,2.7755575615628914e-16,250
1997,narrow,lit_only,theil_l,nested,0.43901732348784844,0.07326521949965505,0.2603889489891779,0.16688457511787222,0.5931177087056001,0.10536315499901565,1.6653345369377348e-16,250
1998,narrow,lit_only,theil_l,nested,0.4472467178557806,0.07815694320214887,0.26586869158677473,0.1747512951617711,0.594456439750793,0.10322108306685719,2.220446049250313e-16,250
1999,narrow,lit_only,theil_l,nested,0.42681627703895475,0.07718214884413852,0.25211010611189394,0.18083225264882352,0.5906759410885455,0.09752402208292266,3.3306690738754696e-16,250
2000,narrow,lit_only,theil_l,nested,0.4418869201708339,0.08264846908295963,0.2624436303676687,0.1870353371197492,0.593915815082754,0.09679482072020613,5.551115123125783e-16,250
2001,narrow,lit_only,theil_l,nested,0.4490937360823933,0.09090725568772393,0.2601149173703793,0.20242378903063918,0.579199611287068,0.09807156302429032,2.7755575615628914e-16,250
2002,narrow,lit_only,theil_l,nested,0.39972476236124166,0.08073465897251446,0.22455751181201175,0.20197562566702448,0.5617803372638528,0.0944325915767155,5.551115123125783e-17,250
2003,narrow,lit_only,theil_l,nested,0.41736320719830255,0.0859966963664272,0.2360785322741371,0.20604762203096508,0.5656428937732614,0.09528797855773843,2.220446049250313e-16,250
2004,narrow,lit_only,theil_l,nested,0.42666164894636643,0.09886225386133453,0.23386264312580024,0.2317111324757525,0.5481220158955462,0.09393675195923203,3.885780586188048e-16,250
2005,narrow,lit_only,theil_l,nested,0.3984382478443682,0.09284777507995533,0.21387169743742768,0.2330292726219951,0.5367750174450293,0.09171877532698562,4.440892098500626e-16,250
2006,narrow,lit_only,theil_l,nested,0.40305342556451884,0.09380935835997894,0.21591232781368086,0.23274670902148775,0.5356915835940926,0.0933317393908597,6.661338147750939e-16,250
2007,narrow,lit_only,theil_l,nested,0.3759107146220001,0.08430978555724061,0.19933754640706014,0.22428141119100306,0.5302789695885778,0.09226338265770001,6.661338147750939e-16,250
2008,narrow,lit_only,theil_l,nested,0.3583728342836587,0.08143712802583636,0.18850966756568366,0.22724135379462768,0.5260155054511604,0.08842603869213911,4.440892098500626e-16,250
2009,narrow,lit_only,theil_l,nested,0.3679242672825511,0.08161442012203833,0.199316018488417,0.22182396590698847,0.5417311012414147,0.08699382867209661,8.326672684688674e-16,250
2010,narrow,lit_only,theil_l,nested,0.345002691618434,0.07385285172880598,0.18552422936784302,0.21406456680774463,0.5377471940799495,0.08562561052178594,9.43689570931383e-16,250
2011,narrow,lit_only,theil_l,nested,0.3325412585987046,0.07222576837844874,0.17697529303229698,0.21719340536209208,0.5321904830036822,0.08334019718795976,8.881784197001252e-16,250
2012,narrow,lit_only,theil_l,nested,0.3426727418746644,0.07556709725381304,0.18364939375212563,0.22052263871473143,0.5359323089062539,0.08345625086872659,8.326672684688674e-16,250
2013,narrow,lit_only,theil_l,nested,0.35703540638803855,0.07461527572559813,0.19713177694132183,0.2089856478953901,0.5521350919664033,0.08528835372111974,1.1657341758564144e-15,250
2014,narrow,lit_only,theil_l,nested,0.3787267824079537,0.07496289700216342,0.2243514892416627,0.19793397373575636,0.5923834797614014,0.07941239616412916,1.609823385706477e-15,250
2015,narrow,lit_only,theil_l,nested,0.38656336192039387,0.07214946361371949,0.23517093950215007,0.18664330539575927,0.6083632404629684,0.07924295880452573,1.4432899320127035e-15,250
2016,narrow,lit_only,theil_l,nested,0.40580351590040503,0.0730292842365483,0.2521993324541365,0.1799621771992523,0.621481388337781,0.0805748992097217,1.4988010832439613e-15,250
2017,narrow,lit_only,theil_l,nested,0.444689938926321,0.07796027648594069,0.292414996338211,0.17531378531785857,0.657570524406805,0.07431466610217018,8.326672684688674e-16,250
2018,narrow,lit_only,theil_l,nested,0.4364472855986816,0.07659064814430698,0.2891094847015249,0.17548659522362794,0.6624155865809748,0.07074715275285041,6.661338147750939e-16,250
2019,narrow,lit_only,theil_l,nested,0.45485147672700466,0.07832747504230071,0.30820267214763214,0.1722045086143839,0.6775896922779718,0.06832132953707239,5.551115123125783e-16,250
2020,narrow,lit_only,theil_l,nested,0.47856485029867846,0.07700554912830751,0.3327335743210169,0.16090932938398497,0.6952737421341196,0.06882572684935481,7.771561172376096e-16,250
2021,narrow,lit_only,theil_l,nested,0.4432380802378534,0.0747749275453329,0.3070904642429833,0.1687014967333282,0.6928341176782247,0.06137268844953818,9.992007221626409e-16,250
2022,narrow,lit_only,theil_l,nested,0.449860332438716,0.07483069903515802,0.3132146907932987,0.1663420702810069,0.6962487425716017,0.061814942610260215,9.43689570931383e-16,250
1992,wide,lit_only,theil_l,nested,0.4738384807777559,0.07255011439404384,0.2814162351070296,0.15311148700916075,0.5939075160065399,0.11987213127668299,5.551115123125783e-16,219
1993,wide,lit_only,theil_l,nested,0.42097651900210376,0.07786680130259588,0.23684161255705471,0.18496708910790047,0.5626005296411108,0.10626810514245327,1.1102230246251565e-16,220
1994,wide,lit_only,theil_l,nested,0.4394722856520693,0.07677565250054635,0.2513795932533095,0.17469964547737082,0.5720032899920496,0.11131703989821379,3.3306690738754696e-16,220
1995,wide,lit_only,theil_l,nested,0.38823056669527134,0.06743146794638501,0.21720044210959852,0.17368922936795209,0.559462496625318,0.10359865663928815,3.3306690738754696e-16,220
1996,wide,lit_only,theil_l,nested,0.38284231344621855,0.07027019287820832,0.21434811245442467,0.18354865805103812,0.5598861591994223,0.09822400811358575,2.220446049250313e-16,220
1997,wide,lit_only,theil_l,nested,0.4293357403104188,0.08376837836586115,0.2452401412783055,0.19511158867252665,0.5712083068159937,0.10032722066625224,5.551115123125783e-17,220
1998,wide,lit_only,theil_l,nested,0.44023806460691756,0.08851876020370489,0.2535355146683128,0.20107021023441501,0.5759054817186041,0.09818378973489991,5.551115123125783e-17,220
1999,wide,lit_only,theil_l,nested,0.4162822781530966,0.08714074081912768,0.23670790111429996,0.20933089250337925,0.5686235363285046,0.0924336362196693,3.3306690738754696e-16,220
2000,wide,lit_only,theil_l,nested,0.42917109657231545,0.09484787781015971,0.24440112328191438,0.22100248261750735,0.5694724673536646,0.08992209548024202,6.661338147750939e-16,220
2001,wide,lit_only,theil_l,nested,0.4346656344328914,0.10309678835340935,0.24136567826113048,0.23718642603968407,0.555290455791474,0.09020316781835183,2.220446049250313e-16,220
2002,wide,lit_only,theil_l,nested,0.3848622171058026,0.0930793181050935,0.20519453871424123,0.241851015683114,0.5331636351765627,0.086588360286468,1.1102230246251565e-16,220
2003,wide,lit_only,theil_l,nested,0.4034941614917704,0.09930853616484298,0.21835210431360869,0.2461213708711085,0.541153070236091,0.0858335210133189,1.1102230246251565e-16,220
2004,wide,lit_only,theil_l,nested,0.4176507141518291,0.10926763002728496,0.22209499641496883,0.26162442999573743,0.5317720978066623,0.08628808770957563,3.3306690738754696e-16,220
2005,wide,lit_only,theil_l,nested,0.3869703390325473,0.1034109166014642,0.20000852472831437,0.2672321523659893,0.5168575070336129,0.0835508977027693,5.551115123125783e-16,220
2006,wide,lit_only,theil_l,nested,0.38826772512846863,0.10550502114733554,0.20002513021694315,0.2717326584701997,0.5151732098019725,0.08273757376419075,7.771561172376096e-16,220
2007,wide,lit_only,theil_l,nested,0.36576467055575856,0.09425266474203828,0.18754010546415864,0.25768662839641326,0.512734335930264,0.0839719003495624,7.771561172376096e-16,220
2008,wide,lit_only,theil_l,nested,0.3502903661071741,0.08988061265189005,0.178153895682782,0.25658887982203415,0.5085891960507827,0.08225585777250259,5.551115123125783e-16,220
2009,wide,lit_only,theil_l,nested,0.3571939685610195,0.09127134470135842,0.18567391394310323,0.2555231967355197,0.5198125676396592,0.08024870991655872,8.881784197001252e-16,220
2010,wide,lit_only,theil_l,nested,0.3322442652248239,0.08558640079693786,0.16858162770816948,0.25760083695958763,0.5074026713270527,0.07807623671971764,1.0547118733938987e-15,220
2011,wide,lit_only,theil_l,nested,0.32479706828032145,0.08155944526402553,0.16581968169288128,0.2511089330204,0.5105331848308676,0.07741794132341562,9.43689570931383e-16,220
2012,wide,lit_only,theil_l,nested,0.33585319578229367,0.08474861412641406,0.17386711031357066,0.25233826919232205,0.5176878246121397,0.07723747134230989,9.43689570931383e-16,220
2013,wide,lit_only,theil_l,nested,0.34555948347718435,0.08628470872558625,0.18220059071284897,0.24969567571217652,0.5272625971061761,0.07707418403875022,1.1102230246251565e-15,220
2014,wide,lit_only,theil_l,nested,0.3669619160496952,0.08636279884543491,0.20797272936119005,0.2353453998036662,0.566741997643771,0.0726263878430718,1.5543122344752192e-15,220
2015,wide,lit_only,theil_l,nested,0.3752200795465869,0.08338127975601663,0.219193011952948,0.22221966334204163,0.5841718604660474,0.07264578783762378,1.4988010832439613e-15,220
2016,wide,lit_only,theil_l,nested,0.39452759896783884,0.08441711228035789,0.23545691954466447,0.21397010627699944,0.5968072199781858,0.07465356714281801,1.5543122344752192e-15,220
2017,wide,lit_only,theil_l,nested,0.4302866665637227,0.08936753510051529,0.27041542403040353,0.20769301501765342,0.6284541098843385,0.07050370743280446,5.551115123125783e-16,220
2018,wide,lit_only,theil_l,nested,0.4208583119614478,0.08829545734740825,0.26567673588423085,0.20979853513145405,0.6312735862243535,0.06688611872980922,4.996003610813204e-16,220
2019,wide,lit_only,theil_l,nested,0.43991365132217336,0.09071198364522023,0.2846372642679541,0.20620406612202807,0.6470298510002326,0.0645644034089995,4.996003610813204e-16,220
2020,wide,lit_only,theil_l,nested,0.4688171501274237,0.08945097158831855,0.31294761336311555,0.19080140639907464,0.6675259496758106,0.06641856517599054,9.43689570931383e-16,220
2021,wide,lit_only,theil_l,nested,0.42889908588101083,0.08658831587761659,0.2835292609686606,0.20188505578125368,0.6610628707362644,0.05878150903473475,1.1102230246251565e-15,220
2022,wide,lit_only,theil_l,nested,0.43274319308857884,0.0866901881888132,0.28771004808490497,0.20032709831918363,0.6648517011474128,0.05834295681486186,1.1657341758564144e-15,220
1992,all,zeros_included,theil_l,nested,nan,nan,nan,nan,nan,nan,nan,0
1993,all,zeros_included,theil_l,nested,nan,nan,nan,nan,nan,nan,nan,0
1994,all,zeros_included,theil_l,nested,nan,nan,nan,nan,nan,nan,nan,0
1995,all,zeros_included,theil_l,nested,nan,nan,nan,nan,nan,nan,nan,0
1996,all,zeros_included,theil_l,nested,nan,nan,nan,nan,nan,nan,nan,0
1997,all,zeros_included,theil_l,nested,nan,nan,nan,nan,nan,nan,nan,0
1998,all,zeros_included,theil_l,nested,nan,nan,nan,nan,nan,nan,nan,0
1999,all,zeros_included,theil_l,nested,nan,nan,nan,nan,nan,nan,nan,0
2000,all,zeros_included,theil_l,nested,nan,nan,nan,nan,nan,nan,nan,0
2001,all,zeros_included,theil_l,nested,nan,nan,nan,nan,nan,nan,nan,0
2002,all,zeros_included,theil_l,nested,nan,nan,nan,nan,nan,nan,nan,0
2003,all,zeros_included,theil_l,nested,nan,nan,nan,nan,nan,nan,nan,0
2004,all,zeros_included,theil_l,nested,nan,nan,nan,nan,nan,nan,nan,0
2005,all,zeros_included,theil_l,nested,nan,nan,nan,nan,nan,nan,nan,0
2006,all,zeros_included,theil_l,nested,nan,nan,nan,nan,nan,nan,nan,0
2007,all,zeros_included,theil_l,nested,nan,nan,nan,nan,nan,nan,nan,0
2008,all,zeros_included,theil_l,nested,nan,nan,nan,nan,nan,nan,nan,0
2009,all,zeros_included,theil_l,nested,nan,nan,nan,nan,nan,nan,nan,0
2010,all,zeros_included,theil_l,nested,nan,nan,nan,nan,nan,nan,nan,0
2011,all,zeros_included,theil_l,nested,nan,nan,nan,nan,nan,nan,nan,0
2012,all,zeros_included,theil_l,nested,nan,nan,nan,nan,nan,nan,nan,0
2013,all,zeros_included,theil_l,nested,nan,nan,nan,nan,nan,nan,nan,0
2014,all,zeros_included,theil_l,nested,nan,nan,nan,nan,nan,nan,nan,0
2015,all,zeros_included,theil_l,nested,nan,nan,nan,nan,nan,nan,nan,0
2016,all,zeros_included,theil_l,nested,nan,nan,nan,nan,nan,nan,nan,0
2017,all,zeros_included,theil_l,nested,nan,nan,nan,nan,nan,nan,nan,0
2018,all,zeros_included,theil_l,nested,nan,nan,nan,nan,nan,nan,nan,0
2019,all,zeros_included,theil_l,nested,nan,nan,nan,nan,nan,nan,nan,0
2020,all,zeros_included,theil_l,nested,nan,nan,nan,nan,nan,nan,nan,0
2021,all,zeros_included,theil_l,nested,nan,nan,nan,nan,nan,nan,nan,0
2022,all,zeros_included,theil_l,nested,nan,nan,nan,nan,nan,nan,nan,0
1992,narrow,zeros_included,theil_l,nested,nan,nan,nan,nan,nan,nan,nan,0
1993,narrow,zeros_included,theil_l,nested,nan,nan,nan,nan,nan,nan,nan,0
1994,narrow,zeros_included,theil_l,nested,nan,nan,nan,nan,nan,nan,nan,0
1995,narrow,zeros_included,theil_l,nested,nan,nan,nan,nan,nan,nan,nan,0
1996,narrow,zeros_included,theil_l,nested,nan,nan,nan,nan,nan,nan,nan,0
1997,narrow,zeros_included,theil_l,nested,nan,nan,nan,nan,nan,nan,nan,0
1998,narrow,zeros_included,theil_l,nested,nan,nan,nan,nan,nan,nan,nan,0
1999,narrow,zeros_included,theil_l,nested,nan,nan,nan,nan,nan,nan,nan,0
2000,narrow,zeros_included,theil_l,nested,nan,nan,nan,nan,nan,nan,nan,0
2001,narrow,zeros_included,theil_l,nested,nan,nan,nan,nan,nan,nan,nan,0
2002,narrow,zeros_included,theil_l,nested,nan,nan,nan,nan,nan,nan,nan,0
2003,narrow,zeros_included,theil_l,nested,nan,nan,nan,nan,nan,nan,nan,0
2004,narrow,zeros_included,theil_l,nested,nan,nan,nan,nan,nan,nan,nan,0
2005,narrow,zeros_included,theil_l,nested,nan,nan,nan,nan,nan,nan,nan,0
2006,narrow,zeros_included,theil_l,nested,nan,nan,nan,nan,nan,nan,nan,0
2007,narrow,zeros_included,theil_l,nested,nan,nan,nan,nan,nan,nan,nan,0
2008,narrow,zeros_included,theil_l,nested,nan,nan,nan,nan,nan,nan,nan,0
2009,narrow,zeros_included,theil_l,nested,nan,nan,nan,nan,nan,nan,nan,0
2010,narrow,zeros_included,theil_l,nested,nan,nan,nan,nan,nan,nan,nan,0
2011,narrow,zeros_included,theil_l,nested,nan,nan,nan,nan,nan,nan,nan,0
2012,narrow,zeros_included,theil_l,nested,nan,nan,nan,nan,nan,nan,nan,0
2013,narrow,zeros_included,theil_l,nested,nan,nan,nan,nan,nan,nan,nan,0
2014,narrow,zeros_included,theil_l,nested,nan,nan,nan,nan,nan,nan,nan,0
2015,narrow,zeros_included,theil_l,nested,nan,nan,nan,nan,nan,nan,nan,0
2016,narrow,zeros_included,theil_l,nested,nan,nan,nan,nan,nan,nan,nan,0
2017,narrow,zeros_included,theil_l,nested,nan,nan,nan,nan,nan,nan,nan,0
2018,narrow,zeros_included,theil_l,nested,nan,nan,nan,nan,nan,nan,nan,0
2019,narrow,zeros_included,theil_l,nested,nan,nan,nan,nan,nan,nan,nan,0
2020,narrow,zeros_included,theil_l,nested,nan,nan,nan,nan,nan,nan,nan,0
2021,narrow,zeros_included,theil_l,nested,nan,nan,nan,nan,nan,nan,nan,0
2022,narrow,zeros_included,theil_l,nested,nan,nan,nan,nan,nan,nan,nan,0
1992,wide,zeros_included,theil_l,nested,nan,nan,nan,nan,nan,nan,nan,0
1993,wide,zeros_included,theil_l,nested,nan,nan,nan,nan,nan,nan,nan,0
1994,wide,zeros_included,theil_l,nested,nan,nan,nan,nan,nan,nan,nan,0
1995,wide,zeros_included,theil_l,nested,nan,nan,nan,nan,nan,nan,nan,0
1996,wide,zeros_included,theil_l,nested,nan,nan,nan,nan,nan,nan,nan,0
1997,wide,zeros_included,theil_l,nested,nan,nan,nan,nan,nan,nan,nan,0
1998,wide,zeros_included,theil_l,nested,nan,nan,nan,nan,nan,nan,nan,0
1999,wide,zeros_included,theil_l,nested,nan,nan,nan,nan,nan,nan,nan,0
2000,wide,zeros_included,theil_l,nested,nan,nan,nan,nan,nan,nan,nan,0
2001,wide,zeros_included,theil_l,nested,nan,nan,nan,nan,nan,nan,nan,0
2002,wide,zeros_included,theil_l,nested,nan,nan,nan,nan,nan,nan,nan,0
2003,wide,zeros_included,theil_l,nested,nan,nan,nan,nan,nan,nan,nan,0
2004,wide,zeros_included,theil_l,nested,nan,nan,nan,nan,nan,nan,nan,0
2005,wide,zeros_included,theil_l,nested,nan,nan,nan,nan,nan,nan,nan,0
2006,wide,zeros_included,theil_l,nested,nan,nan,nan,nan,nan,nan,nan,0
2007,wide,zeros_included,theil_l,nested,nan,nan,nan,nan,nan,nan,nan,0
2008,wide,zeros_included,theil_l,nested,nan,nan,nan,nan,nan,nan,nan,0
2009,wide,zeros_included,theil_l,nested,nan,nan,nan,nan,nan,nan,nan,0
2010,wide,zeros_included,theil_l,nested,nan,nan,nan,nan,nan,nan,nan,0
2011,wide,zeros_included,theil_l,nested,nan,nan,nan,nan,nan,nan,nan,0
2012,wide,zeros_included,theil_l,nested,nan,nan,nan,nan,nan,nan,nan,0
2013,wide,zeros_included,theil_l,nested,nan,nan,nan,nan,nan,nan,nan,0
2014,wide,zeros_included,theil_l,nested,nan,nan,nan,nan,nan,nan,nan,0
2015,wide,zeros_included,theil_l,nested,nan,nan,nan,nan,nan,nan,nan,0
2016,wide,zeros_included,theil_l,nested,nan,nan,nan,nan,nan,nan,nan,0
2017,wide,zeros_included,theil_l,nested,nan,nan,nan,nan,nan,nan,nan,0
2018,wide,zeros_included,theil_l,nested,nan,nan,nan,nan,nan,nan,nan,0
2019,wide,zeros_included,theil_l,nested,nan,nan,nan,nan,nan,nan,nan,0
2020,wide,zeros_included,theil_l,nested,nan,nan,nan,nan,nan,nan,nan,0
2021,wide,zeros_included,theil_l,nested,nan,nan,nan,nan,nan,nan,nan,0
2022,wide,zeros_included,theil_l,nested,nan,nan,nan,nan,nan,nan,nan,0
1992,all,lit_only,theil_t,delegation,0.45559679058149954,0.19315427345787017,0.2624425171236288,0.4239588106214232,0.5760411893785756,nan,5.551115123125783e-16,266
1993,all,lit_only,theil_t,delegation,0.46107277452538836,0.20706290069105887,0.25400987383432794,0.44908941089441234,0.5509105891055843,nan,1.5543122344752192e-15,267
1994,all,lit_only,theil_t,delegation,0.4694644858455784,0.20858533644489702,0.26087914940067997,0.4443048254634266,0.5556951745365704,nan,1.4432899320127035e-15,267
1995,all,lit_only,theil_t,delegation,0.4308969205384349,0.18726368777351626,0.24363323276491722,0.43459045272246916,0.5654095472775275,nan,1.4432899320127035e-15,267
1996,all,lit_only,theil_t,delegation,0.430055945656597,0.1897003532413192,0.24035559241527635,0.44110622154447876,0.5588937784555179,nan,1.4432899320127035e-15,267
1997,all,lit_only,theil_t,delegation,0.4691292413187982,0.20744550923166477,0.2616837320871319,0.4421926645384583,0.5578073354615385,nan,1.4988010832439613e-15,267
1998,all,lit_only,theil_t,delegation,0.48395254684040184,0.2058001063908531,0.2781524404495471,0.4252485243325354,0.5747514756674612,nan,1.609823385706477e-15,267
1999,all,lit_only,theil_t,delegation,0.47203264901201236,0.20107689083996833,0.2709557581720431,0.42598089615375584,0.5740191038462421,nan,9.43689570931383e-16,267
2000,all,lit_only,theil_t,delegation,0.48805444836090767,0.20703435390745284,0.28102009445345366,0.4242033949342361,0.5757966050657616,nan,1.1657341758564144e-15,267
2001,all,lit_only,theil_t,delegation,0.505154191048399,0.2226127256687478,0.2825414653796496,0.44068272542040376,0.559317274579593,nan,1.5543122344752192e-15,267
2002,all,lit_only,theil_t,delegation,0.46725415610356913,0.20490584031626802,0.26234831578729895,0.4385318731565218,0.5614681268434736,nan,2.1649348980190553e-15,267
2003,all,lit_only,theil_t,delegation,0.48130054362324076,0.21354309881648403,0.26775744480675456,0.4436793218825955,0.5563206781174,nan,2.1649348980190553e-15,267
2004,all,lit_only,theil_t,delegation,0.49602713553094946,0.22817425684806344,0.26785287868288365,0.46000357743296605,0.5399964225670292,nan,2.3314683517128287e-15,267
2005,all,lit_only,theil_t,delegation,0.47369452810262924,0.22434262420848217,0.24935190389414436,0.4736018908790873,0.526398109120907,nan,2.7200464103316335e-15,267
2006,all,lit_only,theil_t,delegation,0.4774085734035953,0.22714710823282436,0.25026146517076814,0.4757918497638646,0.5242081502361294,nan,2.831068712794149e-15,267
2007,all,lit_only,theil_t,delegation,0.4490117472144582,0.20692255856497985,0.242089188649476,0.46083996654579495,0.5391600334541998,nan,2.3314683517128287e-15,267
2008,all,lit_only,theil_t,delegation,0.42383531499208016,0.20543711294623612,0.21839820204584165,0.4847097579635971,0.5152902420363973,nan,2.3869795029440866e-15,267
2009,all,lit_only,theil_t,delegation,0.4266542010294321,0.20471368906980134,0.22194051195962855,0.4798117270985912,0.5201882729014037,nan,2.220446049250313e-15,267
2010,all,lit_only,theil_t,delegation,0.4059452812917037,0.1786422197658032,0.22730306152590346,0.4400647771969904,0.5599352228030169,nan,2.942091015256665e-15,267
2011,all,lit_only,theil_t,delegation,0.3887487467886261,0.18109096205270875,0.20765778473591603,0.4658303429880203,0.5341696570119764,nan,1.27675647831893e-15,267
2012,all,lit_only,theil_t,delegation,0.39627147980228034,0.18500325171225526,0.21126822809002382,0.4668598704215671,0.5331401295784297,nan,1.27675647831893e-15,267
2013,all,lit_only,theil_t,delegation,0.41011136266529713,0.1803681323004891,0.22974323036480745,0.4398028163089262,0.5601971836910724,nan,5.551115123125783e-16,267
2014,all,lit_only,theil_t,delegation,0.4128204144991998,0.17286547722360593,0.2399549372755938,0.4187425600870836,0.5812574399129162,nan,1.1102230246251565e-16,267
2015,all,lit_only,theil_t,delegation,0.41410101677037114,0.17026677450152258,0.24383424226884842,0.41117207542607787,0.5888279245739217,nan,1.1102230246251565e-16,267
2016,all,lit_only,theil_t,delegation,0.42736141380519854,0.17258296241555318,0.2547784513896454,0.40383375017151313,0.596166249828487,nan,0.0,267
2017,all,lit_only,theil_t,delegation,0.4432963049958317,0.16933532377856708,0.27396098121726453,0.3819912818361058,0.6180087181638939,nan,1.1102230246251565e-16,267
2018,all,lit_only,theil_t,delegation,0.4322054682684162,0.16307356237904636,0.2691319058893698,0.3773056436152525,0.6226943563847475,nan,5.551115123125783e-17,267
2019,all,lit_only,theil_t,delegation,0.4401094475594758,0.16186736677004826,0.27824208078942747,0.36778889357555483,0.6322111064244451,nan,5.551115123125783e-17,267
2020,all,lit_only,theil_t,delegation,0.4489244539555729,0.15909338768584894,0.2898310662697238,0.35438788483015754,0.6456121151698422,nan,1.1102230246251565e-16,267
2021,all,lit_only,theil_t,delegation,0.4191683507812709,0.1472226895393883,0.2719456612418826,0.3512256811970319,0.648774318802968,nan,0.0,267
2022,all,lit_only,theil_t,delegation,0.42437318928231926,0.14715982668369368,0.2772133625986255,0.3467698488035112,0.6532301511964886,nan,1.1102230246251565e-16,267
1992,narrow,lit_only,theil_t,delegation,0.45793079423332606,0.20916684579072783,0.24876394844259747,0.4567651890301848,0.5432348109698135,nan,7.771561172376096e-16,249
1993,narrow,lit_only,theil_t,delegation,0.46321249442817225,0.21569086610645224,0.2475216283217183,0.46564129573559726,0.5343587042643991,nan,1.6653345369377348e-15,250
1994,narrow,lit_only,theil_t,delegation,0.4702603761747117,0.21702586530806414,0.25323451086664606,0.4615014921593871,0.5384985078406097,nan,1.5543122344752192e-15,250
1995,narrow,lit_only,theil_t,delegation,0.43063201013290364,0.1974905646962011,0.23314144543670096,0.45860632755853575,0.5413936724414605,nan,1.5543122344752192e-15,250
1996,narrow,lit_only,theil_t,delegation,0.4297515588830251,0.1969053339074912,0.23284622497553215,0.4581841062293558,0.5418158937706402,nan,1.7208456881689926e-15,250
1997,narrow,lit_only,theil_t,delegation,0.4683789851627202,0.21528530358120393,0.2530936815815147,0.4596391178959734,0.5403608821040232,nan,1.609823385706477e-15,250
1998,narrow,lit_only,theil_t,delegation,0.4807038910016995,0.21982715193826147,0.26087673906343645,0.4573026265299864,0.5426973734700103,nan,1.609823385706477e-15,250
1999,narrow,lit_only,theil_t,delegation,0.46964994293865814,0.21534412551317955,0.2543058174254768,0.45852049755557206,0.5414795024444242,nan,1.7763568394002505e-15,250
2000,narrow,lit_only,theil_t,delegation,0.48630866286439944,0.22309466731714675,0.26321399554725095,0.4587511684515348,0.5412488315484616,nan,1.7763568394002505e-15,250
2001,narrow,lit_only,theil_t,delegation,0.5039067525943659,0.23740189627028102,0.26650485632408283,0.47112267308984535,0.5288773269101505,nan,1.9984014443252818e-15,250
2002,narrow,lit_only,theil_t,delegation,0.464181593553179,0.21923847795604884,0.2449431155971277,0.4723118731999694,0.5276881268000252,nan,2.4424906541753444e-15,250
2003,narrow,lit_only,theil_t,delegation,0.4781236349459693,0.22730667975713145,0.2508169551888353,0.4754140208584719,0.5245859791415227,nan,2.55351295663786e-15,250
2004,narrow,lit_only,theil_t,delegation,0.49408636348354784,0.24282289572386798,0.251263467759677,0.49145840417826775,0.5085415958217264,nan,2.886579864025407e-15,250
2005,narrow,lit_only,theil_t,delegation,0.47157062996122756,0.2329650042321606,0.23860562572906388,0.4940193248492064,0.505980675150787,nan,3.1086244689504383e-15,250
2006,narrow,lit_only,theil_t,delegation,0.47479100984580247,0.23606451151349908,0.2387264983323002,0.49719667520698335,0.5028033247930099,nan,3.219646771412954e-15,250
2007,narrow,lit_only,theil_t,delegation,0.44714583102682404,0.22142527809082824,0.2257205529359929,0.49519700895421087,0.5048029910457826,nan,2.886579864025407e-15,250
2008,narrow,lit_only,theil_t,delegation,0.4226511453440662,0.20866274904127757,0.21398839630278632,0.49369971272977903,0.5063002872702155,nan,2.3314683517128287e-15,250
2009,narrow,lit_only,theil_t,delegation,0.4247016318483706,0.2078597915211458,0.21684184032722248,0.48942545997882364,0.5105745400211709,nan,2.3314683517128287e-15,250
2010,narrow,lit_only,theil_t,delegation,0.4060348635101415,0.19861796681125074,0.20741689669888863,0.4891648098742385,0.5108351901257563,nan,2.1094237467877974e-15,250
2011,narrow,lit_only,theil_t,delegation,0.3910801456033377,0.19120039374548878,0.1998797518578475,0.4889033511289993,0.5110966488709972,nan,1.4432899320127035e-15,250
2012,narrow,lit_only,theil_t,delegation,0.3989631317633917,0.19559213418518956,0.20337099757820087,0.4902511500766618,0.5097488499233349,nan,1.27675647831893e-15,250
2013,narrow,lit_only,theil_t,delegation,0.40882158261327756,0.19809749528876808,0.21072408732450829,0.48455733188665157,0.5154426681133455,nan,1.1657341758564144e-15,250
2014,narrow,lit_only,theil_t,delegation,0.40947318543466615,0.19069641456087782,0.218776770873788,0.4657116054093963,0.5342883945906028,nan,3.3306690738754696e-16,250
2015,narrow,lit_only,theil_t,delegation,0.41098753520795633,0.18596501032782892,0.225022524880127,0.4524833344002322,0.5475166655997667,nan,3.885780586188048e-16,250
2016,narrow,lit_only,theil_t,delegation,0.4229298147477435,0.18843777034029643,0.23449204440744678,0.4455532898589572,0.5544467101410421,nan,2.7755575615628914e-16,250
2017,narrow,lit_only,theil_t,delegation,0.43893958780274084,0.18644366774768642,0.2524959200550544,0.42475929018157754,0.5752407098184225,nan,5.551115123125783e-17,250
2018,narrow,lit_only,theil_t,delegation,0.4284703513754887,0.17918769247513308,0.24928265890035545,0.418203247669061,0.5817967523309386,nan,2.220446049250313e-16,250
2019,narrow,lit_only,theil_t,delegation,0.43741341530479955,0.17789518569859297,0.25951822960620613,0.4066980560590068,0.5933019439409922,nan,4.440892098500626e-16,250
2020,narrow,lit_only,theil_t,delegation,0.4451364727582231,0.17554000155997432,0.26959647119824837,0.39435097392102325,0.6056490260789759,nan,4.440892098500626e-16,250
2021,narrow,lit_only,theil_t,delegation,0.4138614116716474,0.1617160329609427,0.25214537871070436,0.3907492421382021,0.609250757861797,nan,3.885780586188048e-16,250
2022,narrow,lit_only,theil_t,delegation,0.4169923454512646,0.1619731149815256,0.25501923046973857,0.3884318663121743,0.6115681336878247,nan,4.440892098500626e-16,250
1992,wide,lit_only,theil_t,delegation,0.46508163127192176,0.22952578705266324,0.2355558442192577,0.49351720562462975,0.5064827943753685,nan,8.326672684688674e-16,219
1993,wide,lit_only,theil_t,delegation,0.4656630501697514,0.23075852309254333,0.23490452707720627,0.4955482789721523,0.5044517210278439,nan,1.7763568394002505e-15,220
1994,wide,lit_only,theil_t,delegation,0.4711374062096211,0.23147048671505102,0.23966691949456836,0.49130144128709635,0.5086985587129,nan,1.6653345369377348e-15,220
1995,wide,lit_only,theil_t,delegation,0.43080867079238744,0.21110002471461545,0.21970864607777033,0.4900087649729488,0.5099912350270474,nan,1.6653345369377348e-15,220
1996,wide,lit_only,theil_t,delegation,0.4292752830044948,0.20972128780830623,0.21955399519618687,0.4885473170979432,0.5114526829020528,nan,1.6653345369377348e-15,220
1997,wide,lit_only,theil_t,delegation,0.4661663605686552,0.22838006866821337,0.23778629190044,0.48991108751309914,0.5100889124868969,nan,1.8318679906315083e-15,220
1998,wide,lit_only,theil_t,delegation,0.47963505567468245,0.23346964451818203,0.2461654111564987,0.48676518064295804,0.5132348193570384,nan,1.7208456881689926e-15,220
1999,wide,lit_only,theil_t,delegation,0.4661928805927767,0.22841184792292896,0.2377810326698458,0.4899513858566377,0.5100486141433581,nan,1.942890293094024e-15,220
2000,wide,lit_only,theil_t,delegation,0.4800781712909175,0.2363515638311657,0.24372660745974958,0.49231891380443854,0.5076810861955569,nan,2.220446049250313e-15,220
2001,wide,lit_only,theil_t,delegation,0.4962003689809831,0.2504695862679032,0.24573078271307736,0.5047750907204636,0.4952249092795314,nan,2.4980018054066022e-15,220
2002,wide,lit_only,theil_t,delegation,0.45586078470659175,0.23127420047437935,0.2245865842322096,0.5073351519438893,0.4926648480561045,nan,2.7755575615628914e-15,220
2003,wide,lit_only,theil_t,delegation,0.4703801445125743,0.23902500894810252,0.2313551355644689,0.5081528456006349,0.49184715439935894,nan,2.886579864025407e-15,220
2004,wide,lit_only,theil_t,delegation,0.49025436179471416,0.2543099631741398,0.23594439862057143,0.5187306488068083,0.48126935119318576,nan,2.942091015256665e-15,220
2005,wide,lit_only,theil_t,delegation,0.46583090434225116,0.2433952367733946,0.22243566756885333,0.5224969715503663,0.4775030284496268,nan,3.219646771412954e-15,220
2006,wide,lit_only,theil_t,delegation,0.46591935110131283,0.24512440803822347,0.22079494306308592,0.5261090947581653,0.4738909052418273,nan,3.4416913763379853e-15,220
2007,wide,lit_only,theil_t,delegation,0.4425356130142838,0.23083079312986524,0.2117048198844155,0.5216095300389184,0.4783904699610747,nan,3.0531133177191805e-15,220
2008,wide,lit_only,theil_t,delegation,0.4204217994355216,0.21861621853036053,0.20180558090515846,0.5199925855982851,0.48000741440170863,nan,2.609024107869118e-15,220
2009,wide,lit_only,theil_t,delegation,0.42026498166596626,0.21796349782013777,0.20230148384582586,0.5186334986943519,0.48136650130564174,nan,2.6645352591003757e-15,220
2010,wide,lit_only,theil_t,delegation,0.39844630666899417,0.20859428116068213,0.18985202550830974,0.5235191735230966,0.4764808264768976,nan,2.3314683517128287e-15,220
2011,wide,lit_only,theil_t,delegation,0.38800117366428705,0.20092670296574489,0.1870744706985406,0.5178507607804148,0.4821492392195812,nan,1.5543122344752192e-15,220
2012,wide,lit_only,theil_t,delegation,0.39663744798720685,0.20514927212991096,0.19148817585729438,0.5172211377694419,0.48277886223055433,nan,1.4988010832439613e-15,220
2013,wide,lit_only,theil_t,delegation,0.4023340763628284,0.20733856553129865,0.19499551083152833,0.5153393105691572,0.48466068943083923,nan,1.4432899320127035e-15,220
2014,wide,lit_only,theil_t,delegation,0.4026912161281677,0.20038024295442747,0.20231097317373958,0.4976027162476046,0.5023972837523937,nan,6.661338147750939e-16,220
2015,wide,lit_only,theil_t,delegation,0.4044446810035811,0.19538810673612178,0.20905657426745866,0.483102179144227,0.5168978208557714,nan,6.661338147750939e-16,220
2016,wide,lit_only,theil_t,delegation,0.4163611382514295,0.19840030913284631,0.21796082911858294,0.4765101516583846,0.5234898483416148,nan,2.220446049250313e-16,220
2017,wide,lit_only,theil_t,delegation,0.42862746936276064,0.19701584985318754,0.23161161950957304,0.45964354581868144,0.5403564541813184,nan,5.551115123125783e-17,220
2018,wide,lit_only,theil_t,delegation,0.41645357096209934,0.1895430329031196,0.22691053805897943,0.4551360490564014,0.5448639509435979,nan,3.3306690738754696e-16,220
2019,wide,lit_only,theil_t,delegation,0.4254584704791572,0.1888053628317014,0.23665310764745534,0.443769194720853,0.5562308052791459,nan,4.440892098500626e-16,220
2020,wide,lit_only,theil_t,delegation,0.43512644848467635,0.18700391692362797,0.248122531561048,0.4297691339491481,0.5702308660508509,nan,3.885780586188048e-16,220
2021,wide,lit_only,theil_t,delegation,0.4000003562375074,0.17131751109392518,0.22868284514358198,0.4282933962993831,0.5717066037006162,nan,2.220446049250313e-16,220
2022,wide,lit_only,theil_t,delegation,0.4007912235275689,0.17032960237916062,0.23046162114840796,0.4249833638571287,0.5750166361428705,nan,3.3306690738754696e-16,220
1992,all,zeros_included,theil_t,delegation,2.4392440394233015,1.1682306434132566,1.2710133960100445,0.4789314330719675,0.5210685669280323,nan,4.440892098500626e-16,268
1993,all,zeros_included,theil_t,delegation,2.1134170422631398,1.0030208772619231,1.1103961650012155,0.4745967583321105,0.525403241667889,nan,8.881784197001252e-16,268
1994,all,zeros_included,theil_t,delegation,2.121606590436983,1.0042848737744263,1.1173217166625555,0.4733605552986031,0.5266394447013963,nan,1.3322676295501878e-15,268
1995,all,zeros_included,theil_t,delegation,2.0647780980813764,0.9672755948502844,1.0975025032310903,0.46846467218394644,0.5315353278160527,nan,1.7763568394002505e-15,268
1996,all,zeros_included,theil_t,delegation,1.9881505278306442,0.9419279174216602,1.0462226104089825,0.4737709264144289,0.5262290735855703,nan,1.5543122344752192e-15,268
1997,all,zeros_included,theil_t,delegation,1.9373059239244914,0.9170804170471178,1.020225506877372,0.47337924574625007,0.5266207542537491,nan,1.5543122344752192e-15,268
1998,all,zeros_included,theil_t,delegation,1.8570917350982392,0.8678120117344457,0.9892797233637921,0.4672962543169893,0.5327037456830099,nan,1.3322676295501878e-15,268
1999,all,zeros_included,theil_t,delegation,1.7699757514664856,0.8150503292832023,0.9549254221832824,0.4604867205711181,0.5395132794288814,nan,8.881784197001252e-16,268
2000,all,zeros_included,theil_t,delegation,1.701900324900322,0.8017783651539991,0.9001219597463213,0.4711077102596818,0.5288922897403173,nan,1.5543122344752192e-15,268
2001,all,zeros_included,theil_t,delegation,1.6086075684470986,0.7742436158844428,0.8343639525626543,0.4813129262047886,0.5186870737952104,nan,1.5543122344752192e-15,268
2002,all,zeros_included,theil_t,delegation,1.6533210640121925,0.7877079270110203,0.8656131370011704,0.4764397818167587,0.5235602181832403,nan,1.7763568394002505e-15,268
2003,all,zeros_included,theil_t,delegation,1.631857075974582,0.7845932033957116,0.8472638725788689,0.48079774567704386,0.5192022543229552,nan,1.5543122344752192e-15,268
2004,all,zeros_included,theil_t,delegation,1.5516537779376223,0.7631606636603618,0.788493114277258,0.4918369513299,0.5081630486700984,nan,2.4424906541753444e-15,268
2005,all,zeros_included,theil_t,delegation,1.5614290478880832,0.769078940580378,0.7923501073077025,0.49254811905837065,0.5074518809416275,nan,2.6645352591003757e-15,268
2006,all,zeros_included,theil_t,delegation,1.5193984733279815,0.7395277687135396,0.7798707046144389,0.48672404355766596,0.513275956442332,nan,3.1086244689504383e-15,268
2007,all,zeros_included,theil_t,delegation,1.5819742969140194,0.755462276676461,0.826512020237556,0.4775439639886391,0.5224560360113595,nan,2.220446049250313e-15,268
2008,all,zeros_included,theil_t,delegation,1.6904065810003037,0.8293872917229802,0.861019289277321,0.4906436717917813,0.5093563282082172,nan,2.6645352591003757e-15,268
2009,all,zeros_included,theil_t,delegation,1.6467356535226414,0.8023323683490053,0.8444032851736336,0.48722596528027007,0.5127740347197285,nan,2.4424906541753444e-15,268
2010,all,zeros_included,theil_t,delegation,1.5482729867962708,0.712711221811765,0.835561764984509,0.4603265883276352,0.5396734116723669,nan,3.1086244689504383e-15,268
2011,all,zeros_included,theil_t,delegation,1.615236961438185,0.7514609022392582,0.8637760591989256,0.465232606843127,0.5347673931568723,nan,1.1102230246251565e-15,268
2012,all,zeros_included,theil_t,delegation,1.5850267036298775,0.7304308956178933,0.8545958080119832,0.46083191781257055,0.5391680821874288,nan,8.881784197001252e-16,268
2013,all,zeros_included,theil_t,delegation,1.5259220604519765,0.69458687098505,0.831335189466926,0.4551915782509325,0.5448084217490672,nan,6.661338147750939e-16,268
2014,all,zeros_included,theil_t,delegation,1.5203889839126872,0.6895835994002983,0.8308053845123891,0.4535573505838422,0.5464426494161579,nan,2.220446049250313e-16,268
2015,all,zeros_included,theil_t,delegation,1.545261042448939,0.697602783157913,0.8476582592910256,0.45144656080395834,0.5485534391960414,nan,4.440892098500626e-16,268
2016,all,zeros_included,theil_t,delegation,1.5363968183454213,0.6977841607526827,0.8386126575927386,0.4541692305143807,0.5458307694856194,nan,0.0,268
2017,all,zeros_included,theil_t,delegation,1.4159614949964987,0.6583090830733496,0.7576524119231489,0.4649201870245613,0.5350798129754386,nan,2.220446049250313e-16,268
2018,all,zeros_included,theil_t,delegation,1.4080520515279482,0.6538115721420721,0.7542404793858761,0.46433764393339594,0.5356623560666041,nan,0.0,268
2019,all,zeros_included,theil_t,delegation,1.3906335116829294,0.6461082427907412,0.744525268892188,0.46461431956204485,0.535385680437955,nan,2.220446049250313e-16,268
2020,all,zeros_included,theil_t,delegation,1.3087788943971304,0.6141711188674038,0.6946077755297263,0.46927034161130227,0.5307296583886976,nan,2.220446049250313e-16,268
2021,all,zeros_included,theil_t,delegation,1.2518592710982397,0.5992785851598801,0.6525806859383596,0.4787108255659926,0.5212891744340074,nan,0.0,268
2022,all,zeros_included,theil_t,delegation,1.2314434791290054,0.5863422418301792,0.6451012372988263,0.4761422280175592,0.523857771982441,nan,0.0,268
1992,narrow,zeros_included,theil_t,delegation,1.9723865467971586,0.982536646393322,0.9898499004038358,0.49814609006982175,0.5018539099301779,nan,6.661338147750939e-16,251
1993,narrow,zeros_included,theil_t,delegation,1.6209151933090427,0.7755485595040721,0.8453666338049686,0.47846337840835235,0.5215366215916464,nan,1.9984014443252818e-15,251
1994,narrow,zeros_included,theil_t,delegation,1.6340687920659813,0.7805156486921925,0.8535531433737873,0.47765164629658774,0.5223483537034114,nan,1.5543122344752192e-15,251
1995,narrow,zeros_included,theil_t,delegation,1.5834985997391386,0.743235513454096,0.8402630862850409,0.469362911704838,0.5306370882951609,nan,1.7763568394002505e-15,251
1996,narrow,zeros_included,theil_t,delegation,1.4996443417848404,0.6996787734485033,0.7999655683363354,0.46656314030816304,0.5334368596918359,nan,1.7763568394002505e-15,251
1997,narrow,zeros_included,theil_t,delegation,1.4471374295333304,0.6767749950760147,0.7703624344573141,0.4676646331331915,0.5323353668668075,nan,1.5543122344752192e-15,251
1998,narrow,zeros_included,theil_t,delegation,1.3729768349509937,0.6362547046689729,0.7367221302820188,0.4634125561861232,0.5365874438138755,nan,1.7763568394002505e-15,251
1999,narrow,zeros_included,theil_t,delegation,1.2910887114091971,0.6010275170131838,0.6900611943960115,0.4655199226063827,0.5344800773936159,nan,1.7763568394002505e-15,251
2000,narrow,zeros_included,theil_t,delegation,1.2209270398309924,0.5725047708798214,0.648422268951169,0.4689098956798195,0.5310901043201789,nan,1.9984014443252818e-15,251
2001,narrow,zeros_included,theil_t,delegation,1.1175531771810294,0.529337083902021,0.5882160932790064,0.4736571777615511,0.5263428222384471,nan,1.9984014443252818e-15,251
2002,narrow,zeros_included,theil_t,delegation,1.165274130073042,0.5461195773398585,0.6191545527331812,0.4686618910055323,0.5313381089944657,nan,2.4424906541753444e-15,251
2003,narrow,zeros_included,theil_t,delegation,1.1396287769478861,0.5351356999976767,0.6044930769502069,0.4695701888389116,0.5304298111610862,nan,2.4424906541753444e-15,251
2004,narrow,zeros_included,theil_t,delegation,1.0542090656539245,0.5042037547674341,0.5500053108864873,0.4782768154765176,0.5217231845234794,nan,3.1086244689504383e-15,251
2005,narrow,zeros_included,theil_t,delegation,1.058993162576248,0.5025886822775681,0.556404480298677,0.47459105501201143,0.5254089449879857,nan,3.1086244689504383e-15,251
2006,narrow,zeros_included,theil_t,delegation,1.0182493111097088,0.48033496870467135,0.5379143424050343,0.47172628889990853,0.5282737111000884,nan,3.1086244689504383e-15,251
2007,narrow,zeros_included,theil_t,delegation,1.0911184349298304,0.5099772522893067,0.5811411826405208,0.4673894565094606,0.5326105434905367,nan,2.886579864025407e-15,251
2008,narrow,zeros_included,theil_t,delegation,1.1841042662287973,0.5498113808624294,0.6342928853663654,0.4643268304517642,0.5356731695482337,nan,2.4424906541753444e-15,251
2009,narrow,zeros_included,theil_t,delegation,1.142745305369723,0.5313327165701102,0.6114125887996105,0.46496162712145483,0.5350383728785432,nan,2.220446049250313e-15,251
2010,narrow,zeros_included,theil_t,delegation,1.108028248967753,0.516040691255512,0.591987557712239,0.46572882210923694,0.5342711778907612,nan,2.220446049250313e-15,251
2011,narrow,zeros_included,theil_t,delegation,1.1339937440712031,0.5203370921117152,0.6136566519594866,0.4588535825988149,0.5411464174011839,nan,1.3322676295501878e-15,251
2012,narrow,zeros_included,theil_t,delegation,1.1051016248731589,0.5071297132432881,0.5979719116298692,0.4588987128685974,0.5411012871314013,nan,1.5543122344752192e-15,251
2013,narrow,zeros_included,theil_t,delegation,1.0639998297820352,0.4872763332672163,0.5767234965148176,0.4579665518997657,0.542033448100233,nan,1.3322676295501878e-15,251
2014,narrow,zeros_included,theil_t,delegation,1.0587369226561587,0.4782125804395838,0.5805243422165742,0.45168216032349595,0.5483178396765034,nan,6.661338147750939e-16,251
2015,narrow,zeros_included,theil_t,delegation,1.0793736681401611,0.4802408734963217,0.5991327946438388,0.4449255041804118,0.5550744958195877,nan,6.661338147750939e-16,251
2016,narrow,zeros_included,theil_t,delegation,1.0683863574705477,0.4754615391075,0.5929248183630476,0.44502771472407826,0.5549722852759216,nan,0.0,251
2017,narrow,zeros_included,theil_t,delegation,0.9486396546331302,0.4238002484753517,0.5248394061577785,0.4467452382003249,0.553254761799675,nan,0.0,251
2018,narrow,zeros_included,theil_t,delegation,0.9392196261502033,0.4155762718791067,0.5236433542710965,0.4424697486172912,0.5575302513827087,nan,0.0,251
2019,narrow,zeros_included,theil_t,delegation,0.9204176391780573,0.40258036586826784,0.517837273309789,0.43738879909752315,0.5626112009024764,nan,4.440892098500626e-16,251
2020,narrow,zeros_included,theil_t,delegation,0.8408570811592602,0.36596463487621217,0.4748924462830475,0.4352281060316095,0.5647718939683899,nan,4.440892098500626e-16,251
2021,narrow,zeros_included,theil_t,delegation,0.7815340193555816,0.3404088709191174,0.4411251484364639,0.4355650073937965,0.5644349926062031,nan,3.3306690738754696e-16,251
2022,narrow,zeros_included,theil_t,delegation,0.7650738269592714,0.3310505313301351,0.4340232956291358,0.432704034126838,0.5672959658731613,nan,4.440892098500626e-16,251
1992,wide,zeros_included,theil_t,delegation,1.8429497652118523,0.9838006688042358,0.8591490964076158,0.5338184943370635,0.4661815056629361,nan,6.661338147750939e-16,221
1993,wide,zeros_included,theil_t,delegation,1.4635608002403298,0.746649396124057,0.7169114041162713,0.5101594658735398,0.4898405341264593,nan,1.3322676295501878e-15,221
1994,wide,zeros_included,theil_t,delegation,1.4807071928509652,0.7522100331250662,0.7284971597258976,0.5080072797355398,0.4919927202644592,nan,1.3322676295501878e-15,221
1995,wide,zeros_included,theil_t,delegation,1.4325819820265457,0.7125433136312304,0.7200386683953139,0.4973839700421605,0.5026160299578385,nan,1.3322676295501878e-15,221
1996,wide,zeros_included,theil_t,delegation,1.349192364014768,0.6653096305043849,0.6838827335103816,0.493116955186905,0.5068830448130938,nan,1.5543122344752192e-15,221
1997,wide,zeros_included,theil_t,delegation,1.2933285837074682,0.6397063845643913,0.6536221991430754,0.4946201550193864,0.5053798449806125,nan,1.5543122344752192e-15,221
1998,wide,zeros_included,theil_t,delegation,1.2135284950411487,0.5926413566973086,0.6208871383438384,0.4883621267395234,0.5116378732604752,nan,1.7763568394002505e-15,221
1999,wide,zeros_included,theil_t,delegation,1.1256892617351248,0.5516599130345533,0.5740293487005695,0.490064116081405,0.5099358839185932,nan,1.9984014443252818e-15,221
2000,wide,zeros_included,theil_t,delegation,1.0596717146809305,0.5242055528947547,0.5354661617861738,0.49468674650110306,0.505313253498895,nan,1.9984014443252818e-15,221
2001,wide,zeros_included,theil_t,delegation,0.9500878544438794,0.47662231052913917,0.473465543914738,0.5016613024783095,0.498338697521688,nan,2.3314683517128287e-15,221
2002,wide,zeros_included,theil_t,delegation,1.0058507110319392,0.4995095349373475,0.506341176094589,0.4966040481543054,0.5033959518456919,nan,2.6645352591003757e-15,221
2003,wide,zeros_included,theil_t,delegation,0.9823712543475732,0.49018897964659913,0.49218227470097137,0.4989854675380853,0.501014532461912,nan,2.7755575615628914e-15,221
2004,wide,zeros_included,theil_t,delegation,0.8789143103448404,0.4464968961415283,0.43241741420330904,0.5080095873809883,0.4919904126190082,nan,2.9976021664879227e-15,221
2005,wide,zeros_included,theil_t,delegation,0.8858571353254037,0.44532459956995823,0.44053253575544243,0.5027047610858564,0.4972952389141402,nan,2.9976021664879227e-15,221
2006,wide,zeros_included,theil_t,delegation,0.8539323345880909,0.4272703483552943,0.4266619862327932,0.5003562121364049,0.49964378786359115,nan,3.3306690738754696e-15,221
2007,wide,zeros_included,theil_t,delegation,0.9214037894663478,0.4559901964011271,0.46541359306521757,0.4948863914106803,0.5051136085893162,nan,3.1086244689504383e-15,221
2008,wide,zeros_included,theil_t,delegation,1.0104203860809484,0.4956341278122347,0.5147862582687108,0.4905226919803335,0.5094773080196636,nan,2.886579864025407e-15,221
2009,wide,zeros_included,theil_t,delegation,0.9726478391127694,0.4774772951071261,0.49517054400564076,0.49090459661399305,0.5090954033860043,nan,2.55351295663786e-15,221
2010,wide,zeros_included,theil_t,delegation,0.9572749843742268,0.4706834347096069,0.4865915496646177,0.4916909377061534,0.5083090622938443,nan,2.220446049250313e-15,221
2011,wide,zeros_included,theil_t,delegation,0.9776040788846199,0.47491723413799186,0.5026868447466266,0.4857971078433309,0.5142028921566677,nan,1.3322676295501878e-15,221
2012,wide,zeros_included,theil_t,delegation,0.945595830706235,0.46106380009860787,0.4845320306076257,0.4875907709473023,0.5124092290526961,nan,1.4432899320127035e-15,221
2013,wide,zeros_included,theil_t,delegation,0.9134104523869033,0.44314040663462134,0.4702700457522806,0.48514926173290107,0.5148507382670974,nan,1.3322676295501878e-15,221
2014,wide,zeros_included,theil_t,delegation,0.9086344985566925,0.43236918091354093,0.47626531764315116,0.4758449977414808,0.5241550022585186,nan,4.440892098500626e-16,221
2015,wide,zeros_included,theil_t,delegation,0.9300195940955671,0.43423806881722393,0.4957815252783427,0.46691281729339823,0.5330871827066012,nan,4.440892098500626e-16,221
2016,wide,zeros_included,theil_t,delegation,0.9199421637569367,0.4277811051935352,0.4921610585634013,0.46500869516245125,0.5349913048375485,nan,2.220446049250313e-16,221
2017,wide,zeros_included,theil_t,delegation,0.7997601922039262,0.3701635111580686,0.4295966810458578,0.462843130686458,0.5371568693135422,nan,1.1102230246251565e-16,221
2018,wide,zeros_included,theil_t,delegation,0.791431971023496,0.36294847309506895,0.42848349792842677,0.4585971838182081,0.5414028161817915,nan,3.3306690738754696e-16,221
2019,wide,zeros_included,theil_t,delegation,0.7765125000515283,0.3518869522306537,0.42462554782087425,0.45316328096109587,0.5468367190389036,nan,3.3306690738754696e-16,221
2020,wide,zeros_included,theil_t,delegation,0.6996366769178515,0.31267310112188146,0.3869635757959697,0.44690781863998,0.5530921813600195,nan,3.3306690738754696e-16,221
2021,wide,zeros_included,theil_t,delegation,0.6465646273537935,0.2886305113129646,0.3579341160408287,0.44640628191221626,0.5535937180877835,nan,2.220446049250313e-16,221
2022,wide,zeros_included,theil_t,delegation,0.6345842343207613,0.2816053102007773,0.3529789241199838,0.44376348319179193,0.5562365168082077,nan,2.220446049250313e-16,221
1992,all,lit_only,theil_t,governorate,0.45559679058149954,0.0676982543319468,0.3878985362495652,0.14859247416018964,0.8514075258398377,nan,1.2490009027033011e-14,24
1993,all,lit_only,theil_t,governorate,0.46107277452538836,0.0799778906530258,0.3810948838723843,0.1734604493517366,0.8265395506483106,nan,2.1760371282653068e-14,24
1994,all,lit_only,theil_t,governorate,0.4694644858455784,0.07601904966053966,0.39344543618505673,0.16192715733037302,0.8380728426696652,nan,1.7985612998927536e-14,24
1995,all,lit_only,theil_t,governorate,0.4308969205384349,0.06550171300409768,0.36539520753436666,0.15201248809633833,0.8479875119037299,nan,2.942091015256665e-14,24
1996,all,lit_only,theil_t,governorate,0.430055945656597,0.06876595623743348,0.36128998941919827,0.1599000244780795,0.8400999755220013,nan,3.47499806707674e-14,24
1997,all,lit_only,theil_t,governorate,0.4691292413187982,0.08092480011137171,0.3882044412074605,0.17250001275528895,0.8274999872447836,nan,3.402833570476105e-14,24
1998,all,lit_only,theil_t,governorate,0.48395254684040184,0.08359422213743833,0.4003583247029986,0.1727322703087377,0.8272677296913348,nan,3.5083047578154947e-14,24
1999,all,lit_only,theil_t,governorate,0.47203264901201236,0.08284279175470347,0.38918985725734795,0.17550224953315732,0.8244977504669254,nan,3.907985046680551e-14,24
2000,all,lit_only,theil_t,governorate,0.48805444836090767,0.08897622018072085,0.39907822818022404,0.18230797911901112,0.8176920208810652,nan,3.7247982476174e-14,24
2001,all,lit_only,theil_t,governorate,0.505154191048399,0.10033946777559612,0.40481472327284124,0.19863136751840302,0.8013686324816729,nan,3.8413716652030416e-14,24
2002,all,lit_only,theil_t,governorate,0.46725415610356913,0.08830900019398896,0.37894515590962274,0.1889956441059774,0.8110043558941137,nan,4.2577052994374753e-14,24
2003,all,lit_only,theil_t,governorate,0.48130054362324076,0.09473746473565123,0.38656307888763203,0.19683639669813288,0.8031636033019555,nan,4.246603069191224e-14,24
2004,all,lit_only,theil_t,governorate,0.49602713553094946,0.10829847055115258,0.3877286649798397,0.21833174597440008,0.7816682540256863,nan,4.285460875053104e-14,24
2005,all,lit_only,theil_t,governorate,0.47369452810262924,0.10295839419270791,0.3707361339099646,0.21735187570163625,0.7826481242984551,nan,4.3298697960381105e-14,24
2006,all,lit_only,theil_t,governorate,0.4774085734035953,0.10472165712210775,0.37268691628152956,0.21935437056673332,0.7806456294333546,nan,4.196643033083092e-14,24
2007,all,lit_only,theil_t,governorate,0.4490117472144582,0.09155400554040247,0.3574577416740975,0.20390113645885127,0.7960988635412418,nan,4.1799896877137144e-14,24
2008,all,lit_only,theil_t,governorate,0.42383531499208016,0.08907439213384741,0.3347609228582734,0.21016274242157443,0.7898372575785215,nan,4.063416270128073e-14,24
2009,all,lit_only,theil_t,governorate,0.4266542010294321,0.08930161476543148,0.3373525862640401,0.20930677478380472,0.7906932252162878,nan,3.9468428525424315e-14,24
2010,all,lit_only,theil_t,governorate,0.4059452812917037,0.0774418053669368,0.32850347592481943,0.19076907390207784,0.8092309260980516,nan,5.2513549064769904e-14,24
2011,all,lit_only,theil_t,governorate,0.3887487467886261,0.07737749526628654,0.3113712515223839,0.19904243011838935,0.8009575698817247,nan,4.4353409833775004e-14,24
2012,all,lit_only,theil_t,governorate,0.39627147980228034,0.08119171765580052,0.31507976214652555,0.20488912726273192,0.7951108727373835,nan,4.574118861455645e-14,24
2013,all,lit_only,theil_t,governorate,0.41011136266529713,0.07858825687310197,0.33152310579224226,0.1916266263932803,0.8083733736068346,nan,4.707345624410664e-14,24
2014,all,lit_only,theil_t,governorate,0.4128204144991998,0.07789912944785736,0.33492128505137714,0.1886997995056961,0.8113002004943879,nan,3.469446951953614e-14,24
2015,all,lit_only,theil_t,governorate,0.41410101677037114,0.07541609195087506,0.33868492481952617,0.18212003568369667,0.817879964316376,nan,3.008704396734174e-14,24
2016,all,lit_only,theil_t,governorate,0.42736141380519854,0.07687302143076234,0.35048839237446383,0.1798782457833287,0.8201217542167359,nan,2.7644553313166398e-14,24
2017,all,lit_only,theil_t,governorate,0.4432963049958317,0.08218332070250259,0.36111298429333755,0.18539139572407523,0.8146086042759437,nan,8.43769498715119e-15,24
2018,all,lit_only,theil_t,governorate,0.4322054682684162,0.08030328070742644,0.3519021875609991,0.18579885402457474,0.8142011459754469,nan,9.325873406851315e-15,24
2019,all,lit_only,theil_t,governorate,0.4401094475594758,0.08210248108936039,0.35800696647012364,0.18655014461661873,0.8134498553834,nan,8.215650382226158e-15,24
2020,all,lit_only,theil_t,governorate,0.4489244539555729,0.08087738191565316,0.36804707203992043,0.18015811168900384,0.8198418883109977,nan,6.661338147750939e-16,24
2021,all,lit_only,theil_t,governorate,0.4191683507812709,0.07800189192545545,0.34116645885581476,0.1860872648902783,0.8139127351097201,nan,6.661338147750939e-16,24
2022,all,lit_only,theil_t,governorate,0.42437318928231926,0.07762474643266806,0.3467484428496509,0.18291623597603685,0.8170837640239624,nan,3.3306690738754696e-16,24
1992,narrow,lit_only,theil_t,governorate,0.45793079423332606,0.0741477309802297,0.38378306325310974,0.16191907579477993,0.8380809242052493,nan,1.3378187446733136e-14,21
1993,narrow,lit_only,theil_t,governorate,0.46321249442817225,0.08295561628820944,0.380256878139987,0.1790876051187192,0.8209123948813329,nan,2.4202861936828413e-14,21
1994,narrow,lit_only,theil_t,governorate,0.4702603761747117,0.08049762289031688,0.3897627532844147,0.17117670756170683,0.8288232924383353,nan,1.9817480989559044e-14,21
1995,narrow,lit_only,theil_t,governorate,0.43063201013290364,0.07053565085409391,0.3600963592788423,0.16379565195890772,0.8362043480411679,nan,3.2585045772748344e-14,21
1996,narrow,lit_only,theil_t,governorate,0.4297515588830251,0.07312907683817482,0.3566224820448883,0.1701659373342261,0.8298340626658623,nan,3.802513859341161e-14,21
1997,narrow,lit_only,theil_t,governorate,0.4683789851627202,0.08583687596633721,0.3825421091964202,0.18326372165590757,0.8167362783441718,nan,3.7192471324942744e-14,21
1998,narrow,lit_only,theil_t,governorate,0.4807038910016995,0.09096824226027495,0.38973564874146327,0.18923966284257376,0.8107603371575067,nan,3.8691272408186705e-14,21
1999,narrow,lit_only,theil_t,governorate,0.46964994293865814,0.09038810503673117,0.3792618379019689,0.19245846059548427,0.8075415394046049,nan,4.191091917959966e-14,21
2000,narrow,lit_only,theil_t,governorate,0.48630866286439944,0.097349732056777,0.38895893080766253,0.20018095397145258,0.7998190460286299,nan,4.007905118896815e-14,21
2001,narrow,lit_only,theil_t,governorate,0.5039067525943659,0.10786650620814114,0.39604024638626517,0.21406044997966392,0.7859395500204163,nan,4.04121180963557e-14,21
2002,narrow,lit_only,theil_t,governorate,0.464181593553179,0.09580545557134189,0.3683761379818824,0.20639649848667668,0.7936035015134209,nan,4.529709940470639e-14,21
2003,narrow,lit_only,theil_t,governorate,0.4781236349459693,0.1024215389462237,0.3757020959997909,0.21421559500566817,0.7857844049944265,nan,4.524158825347513e-14,21
2004,narrow,lit_only,theil_t,governorate,0.49408636348354784,0.11626971619455903,0.3778166472890342,0.23532265771271502,0.7646773422873768,nan,4.54081217071689e-14,21
2005,narrow,lit_only,theil_t,governorate,0.47157062996122756,0.1092860304472332,0.3622845995140407,0.23174901807650464,0.7682509819235936,nan,4.629630012686903e-14,21
2006,narrow,lit_only,theil_t,governorate,0.47479100984580247,0.11089350226603842,0.3638975075798091,0.23356276754703764,0.7664372324530573,nan,4.5075054799781356e-14,21
2007,narrow,lit_only,theil_t,governorate,0.44714583102682404,0.09867962499382277,0.3484662060330459,0.22068778941137668,0.7793122105887231,nan,4.463096558993129e-14,21
2008,narrow,lit_only,theil_t,governorate,0.4226511453440662,0.09279935798626135,0.32985178735784826,0.2195649036055882,0.7804350963945145,nan,4.340972026284362e-14,21
2009,narrow,lit_only,theil_t,governorate,0.4247016318483706,0.09343890944323036,0.3312627224051828,0.22001071443160936,0.7799892855684908,nan,4.2521541843143495e-14,21
2010,narrow,lit_only,theil_t,governorate,0.4060348635101415,0.08649856839355066,0.31953629511664094,0.2130323678261933,0.7869676321739301,nan,5.007105841059456e-14,21
2011,narrow,lit_only,theil_t,governorate,0.3910801456033377,0.08358022332668172,0.3074999222767044,0.21371635524411137,0.7862836447560125,nan,4.8405723873656825e-14,21
2012,narrow,lit_only,theil_t,governorate,0.3989631317633917,0.08726545631757575,0.3116976754458657,0.21873062789503375,0.7812693721050908,nan,4.973799150320701e-14,21
2013,narrow,lit_only,theil_t,governorate,0.40882158261327756,0.08756076408582972,0.32126081852749805,0.2141784284629056,0.7858215715372172,nan,5.0237591864288333e-14,21
2014,narrow,lit_only,theil_t,governorate,0.40947318543466615,0.08762685730237693,0.3218463281323268,0.2139990124368188,0.786000987563273,nan,3.752553823233029e-14,21
2015,narrow,lit_only,theil_t,governorate,0.41098753520795633,0.08450877613918514,0.32647875906880397,0.2056236963401442,0.7943763036599355,nan,3.2807090377673376e-14,21
2016,narrow,lit_only,theil_t,governorate,0.4229298147477435,0.08607890102456994,0.33685091372320397,0.20352999013775303,0.7964700098623189,nan,3.042011087472929e-14,21
2017,narrow,lit_only,theil_t,governorate,0.43893958780274084,0.09216671087052226,0.34677287693222825,0.2099758450403018,0.7900241549597202,nan,9.658940314238862e-15,21
2018,narrow,lit_only,theil_t,governorate,0.4284703513754887,0.08983931177992922,0.3386310395955703,0.20967451188051706,0.7903254881195081,nan,1.0769163338864018e-14,21
2019,narrow,lit_only,theil_t,governorate,0.43741341530479955,0.09165116633710448,0.34576224896770463,0.20952984780597064,0.7904701521940513,nan,9.547918011776346e-15,21
2020,narrow,lit_only,theil_t,governorate,0.4451364727582231,0.0905969144235759,0.35453955833464873,0.20352615426501755,0.7964738457349859,nan,1.5543122344752192e-15,21
2021,narrow,lit_only,theil_t,governorate,0.4138614116716474,0.08713399550469794,0.3267274161669494,0.2105390670581025,0.7894609329418973,nan,5.551115123125783e-17,21
2022,narrow,lit_only,theil_t,governorate,0.4169923454512646,0.08690996989055988,0.3300823755607052,0.20842101980674693,0.7915789801932541,nan,4.440892098500626e-16,21
1992,wide,lit_only,theil_t,governorate,0.46508163127192176,0.08840982280191315,0.3766718084700204,0.19009527974718507,0.8099047202528403,nan,1.1823875212257917e-14,18
1993,wide,lit_only,theil_t,governorate,0.4656630501697514,0.09582095096728761,0.36984209920248556,0.20577314633909075,0.794226853660956,nan,2.1760371282653068e-14,18
1994,wide,lit_only,theil_t,governorate,0.4711374062096211,0.09381997932356857,0.3773174268860706,0.19913506778917414,0.8008649322108643,nan,1.8096635301390052e-14,18
1995,wide,lit_only,theil_t,governorate,0.43080867079238744,0.08272111915976735,0.34808755163265126,0.1920135892520877,0.8079864107479847,nan,3.114175584073564e-14,18
1996,wide,lit_only,theil_t,governorate,0.4292752830044948,0.08565672738867847,0.3436185556158528,0.19953799060865468,0.8004620093914303,nan,3.647082635893639e-14,18
1997,wide,lit_only,theil_t,governorate,0.4661663605686552,0.10055186766275852,0.3656144929059329,0.2156995359770273,0.7843004640230504,nan,3.624878175401136e-14,18
1998,wide,lit_only,theil_t,governorate,0.47963505567468245,0.1060317562995475,0.373603299375173,0.22106757011410913,0.7789324298859702,nan,3.808064974464287e-14,18
1999,wide,lit_only,theil_t,governorate,0.4661928805927767,0.10506728713807617,0.3611255934547425,0.22537299798418267,0.7746270020159074,nan,4.196643033083092e-14,18
2000,wide,lit_only,theil_t,governorate,0.4800781712909175,0.11426818735170416,0.3658099839392541,0.23801996046693819,0.7619800395331467,nan,4.08006961549745e-14,18
2001,wide,lit_only,theil_t,governorate,0.4962003689809831,0.12530458627903068,0.3708957827019932,0.25252820052585045,0.7474717994742318,nan,4.08006961549745e-14,18
2002,wide,lit_only,theil_t,governorate,0.45586078470659175,0.11243131629694704,0.34342946840969046,0.2466352010719936,0.7533647989281068,nan,4.574118861455645e-14,18
2003,wide,lit_only,theil_t,governorate,0.4703801445125743,0.12033613460812814,0.3500440099044921,0.2558274111098482,0.7441725888902494,nan,4.590772206825022e-14,18
2004,wide,lit_only,theil_t,governorate,0.49025436179471416,0.13307106236801222,0.35718329942674704,0.27143269440962875,0.7285673055904632,nan,4.5075054799781356e-14,18
2005,wide,lit_only,theil_t,governorate,0.46583090434225116,0.1256106862146438,0.34022021812765335,0.2696486751818343,0.7303513248182645,nan,4.596323321948148e-14,18
2006,wide,lit_only,theil_t,governorate,0.46591935110131283,0.1276195189238694,0.3382998321774882,0.27390903301657227,0.7260909669835239,nan,4.4797499043625066e-14,18
2007,wide,lit_only,theil_t,governorate,0.4425356130142838,0.11348618024261589,0.3290494327717115,0.2564453049769644,0.7435546950231342,nan,4.363176486776865e-14,18
2008,wide,lit_only,theil_t,governorate,0.4204217994355216,0.10575427671035745,0.3146675227252067,0.25154327594893555,0.7484567240511657,nan,4.2521541843143495e-14,18
2009,wide,lit_only,theil_t,governorate,0.42026498166596626,0.10726907293824631,0.31299590872776173,0.255241520511708,0.7447584794883915,nan,4.1744385725905886e-14,18
2010,wide,lit_only,theil_t,governorate,0.39844630666899417,0.10168720938333686,0.2967590972857044,0.2552093159889988,0.7447906840111194,nan,4.707345624410664e-14,18
2011,wide,lit_only,theil_t,governorate,0.38800117366428705,0.09661217926331182,0.29138899440102217,0.24899970881764458,0.7510002911824765,nan,4.696243394164412e-14,18
2012,wide,lit_only,theil_t,governorate,0.39663744798720685,0.10041785941884693,0.29621958856840874,0.25317291629530103,0.7468270837048221,nan,4.879430193227563e-14,18
2013,wide,lit_only,theil_t,governorate,0.4023340763628284,0.10278227715820962,0.2995517992046677,0.2554650058165087,0.7445349941836128,nan,4.8905324234738146e-14,18
2014,wide,lit_only,theil_t,governorate,0.4026912161281677,0.10214970616343408,0.3005415099647706,0.25366757970435116,0.7463324202957405,nan,3.697042672001771e-14,18
2015,wide,lit_only,theil_t,governorate,0.4044446810035811,0.09863562052167905,0.3058090604819341,0.24387913886499027,0.756120861135089,nan,3.2085445411667024e-14,18
2016,wide,lit_only,theil_t,governorate,0.4163611382514295,0.10025386973531361,0.316107268516146,0.24078584796925245,0.7592141520308199,nan,3.008704396734174e-14,18
2017,wide,lit_only,theil_t,governorate,0.42862746936276064,0.105842072069057,0.3227853972937106,0.24693254547220725,0.753067454527809,nan,6.938893903907228e-15,18
2018,wide,lit_only,theil_t,governorate,0.41645357096209934,0.10338782044340955,0.31306575051869895,0.2482577354410984,0.7517422645589236,nan,9.159339953157541e-15,18
2019,wide,lit_only,theil_t,governorate,0.4254584704791572,0.10576319696529683,0.3196952735138676,0.24858641748555355,0.7514135825144636,nan,7.271960811294775e-15,18
2020,wide,lit_only,theil_t,governorate,0.43512644848467635,0.10454293892969282,0.33058350955498195,0.2402587553428724,0.759741244657124,nan,1.609823385706477e-15,18
2021,wide,lit_only,theil_t,governorate,0.4000003562375074,0.09963710949535967,0.3003632467421448,0.24909255189812468,0.750907448101868,nan,2.886579864025407e-15,18
2022,wide,lit_only,theil_t,governorate,0.4007912235275689,0.0993852725548713,0.30140595097269446,0.2479726768468895,0.7520273231531026,nan,3.164135620181696e-15,18
1992,all,zeros_included,theil_t,governorate,2.4392440394233015,0.7131377109172643,1.7261063285060496,0.2923601326441564,0.7076398673558487,nan,1.2434497875801753e-14,24
1993,all,zeros_included,theil_t,governorate,2.1134170422631398,0.6381510809122374,1.4752659613509245,0.30195227356966764,0.6980477264303429,nan,2.220446049250313e-14,24
1994,all,zeros_included,theil_t,governorate,2.121606590436983,0.6374238843281144,1.4841827061088866,0.3004439594038145,0.6995560405961938,nan,1.7763568394002505e-14,24
1995,all,zeros_included,theil_t,governorate,2.0647780980813764,0.6169014264373774,1.4478766716440283,0.29877371665779084,0.7012262833422234,nan,2.930988785010413e-14,24
1996,all,zeros_included,theil_t,governorate,1.9881505278306442,0.6091772267181055,1.3789733011125733,0.30640397605245956,0.6935960239475579,nan,3.4638958368304884e-14,24
1997,all,zeros_included,theil_t,governorate,1.9373059239244914,0.5945982984869492,1.342707625437576,0.3069201880529243,0.6930798119470931,nan,3.375077994860476e-14,24
1998,all,zeros_included,theil_t,governorate,1.8570917350982392,0.5613468244263304,1.2957449106719439,0.3022719954093358,0.6977280045906831,nan,3.5083047578154947e-14,24
1999,all,zeros_included,theil_t,governorate,1.7699757514664856,0.5347626088855313,1.2352131425809934,0.3021299068320355,0.6978700931679865,nan,3.907985046680551e-14,24
2000,all,zeros_included,theil_t,governorate,1.701900324900322,0.5348789068577042,1.1670214180426546,0.31428333318464546,0.6857166668153762,nan,3.68594044175552e-14,24
2001,all,zeros_included,theil_t,governorate,1.6086075684470986,0.523913671309645,1.084693897137492,0.32569389923697517,0.6743061007630486,nan,3.8413716652030416e-14,24
2002,all,zeros_included,theil_t,governorate,1.6533210640121925,0.5310420282184494,1.122279035793786,0.3211971587235117,0.6788028412765142,nan,4.285460875053104e-14,24
2003,all,zeros_included,theil_t,governorate,1.631857075974582,0.5306813413186608,1.101175734655964,0.3252008703039915,0.6747991296960347,nan,4.285460875053104e-14,24
2004,all,zeros_included,theil_t,governorate,1.5516537779376223,0.5192496142685772,1.0324041636690877,0.3346427029351463,0.6653572970648812,nan,4.263256414560601e-14,24
2005,all,zeros_included,theil_t,governorate,1.5614290478880832,0.5229346628153023,1.0384943850728243,0.3349077330939882,0.6650922669060396,nan,4.3520742565306136e-14,24
2006,all,zeros_included,theil_t,governorate,1.5193984733279815,0.5033434074181262,1.0160550659098972,0.3312780789595233,0.6687219210405043,nan,4.196643033083092e-14,24
2007,all,zeros_included,theil_t,governorate,1.5819742969140194,0.5078241127840891,1.074150184129972,0.3210065509753914,0.6789934490246351,nan,4.1744385725905886e-14,24
2008,all,zeros_included,theil_t,governorate,1.6904065810003037,0.5572211504845983,1.1331854305157458,0.3296373527810456,0.6703626472189783,nan,4.04121180963557e-14,24
2009,all,zeros_included,theil_t,governorate,1.6467356535226414,0.5398923412912937,1.106843312231387,0.32785610740641596,0.6721438925936079,nan,3.930189507173054e-14,24
2010,all,zeros_included,theil_t,governorate,1.5482729867962708,0.46803562502309654,1.080237361773227,0.3022952857890835,0.6977047142109506,nan,5.284661597215745e-14,24
2011,all,zeros_included,theil_t,governorate,1.615236961438185,0.49898468015001907,1.1162522812882103,0.30892351528764544,0.691076484712382,nan,4.440892098500626e-14,24
2012,all,zeros_included,theil_t,governorate,1.5850267036298775,0.4839008904353839,1.1011258131945396,0.30529510280628086,0.6947048971937482,nan,4.596323321948148e-14,24
2013,all,zeros_included,theil_t,governorate,1.5259220604519765,0.45745201372592115,1.0684700467261026,0.2997872732703165,0.7002127267297144,nan,4.729550084903167e-14,24
2014,all,zeros_included,theil_t,governorate,1.5203889839126872,0.4556092307637591,1.064779753148963,0.29966622725143593,0.700333772748587,nan,3.4861002973229915e-14,24
2015,all,zeros_included,theil_t,governorate,1.545261042448939,0.4621211831750889,1.0831398592738801,0.2990570333946402,0.7009429666053792,nan,2.9976021664879227e-14,24
2016,all,zeros_included,theil_t,governorate,1.5363968183454213,0.4651044557414844,1.0712923626039645,0.30272417267979335,0.6972758273202246,nan,2.7755575615628914e-14,24
2017,all,zeros_included,theil_t,governorate,1.4159614949964987,0.447217791653797,0.9687437033427101,0.3158403623503214,0.6841596376496845,nan,8.43769498715119e-15,24
2018,all,zeros_included,theil_t,governorate,1.4080520515279482,0.4482873552072924,0.9597646963206654,0.3183741358999003,0.6816258641001065,nan,9.547918011776346e-15,24
2019,all,zeros_included,theil_t,governorate,1.3906335116829294,0.4458247603710447,0.9448087513118929,0.320591123847945,0.6794088761520609,nan,8.215650382226158e-15,24
2020,all,zeros_included,theil_t,governorate,1.3087788943971304,0.4288042880057155,0.8799746063914154,0.32763692159265595,0.6723630784073445,nan,6.661338147750939e-16,24
2021,all,zeros_included,theil_t,governorate,1.2518592710982397,0.42947474987298095,0.8223845212252581,0.3430695125149398,0.6569304874850597,nan,6.661338147750939e-16,24
2022,all,zeros_included,theil_t,governorate,1.2314434791290054,0.41970519376177384,0.8117382853672312,0.3408237575455996,0.6591762424544001,nan,4.440892098500626e-16,24
1992,narrow,zeros_included,theil_t,governorate,1.9723865467971586,0.5094780689183506,1.4629084778788213,0.25830538630759864,0.7416946136924081,nan,1.3100631690576847e-14,21
1993,narrow,zeros_included,theil_t,governorate,1.6209151933090427,0.40393625919856235,1.216978934110504,0.24920258682623633,0.7507974131737782,nan,2.353672812205332e-14,21
1994,narrow,zeros_included,theil_t,governorate,1.6340687920659813,0.4065213385292764,1.2275474535367246,0.24877859518711234,0.7512214048128997,nan,1.9539925233402755e-14,21
1995,narrow,zeros_included,theil_t,governorate,1.5834985997391386,0.3874438121159772,1.196054787623194,0.24467581605680214,0.7553241839432184,nan,3.26405569239796e-14,21
1996,narrow,zeros_included,theil_t,governorate,1.4996443417848404,0.3649794367063606,1.1346649050785178,0.24337733056890737,0.756622669431118,nan,3.7969627442180354e-14,21
1997,narrow,zeros_included,theil_t,governorate,1.4471374295333304,0.35154935711299395,1.0955880724203735,0.24292741652488445,0.7570725834751412,nan,3.708144902248023e-14,21
1998,narrow,zeros_included,theil_t,governorate,1.3729768349509937,0.3267832522689743,1.0461935826820579,0.23801075440623756,0.7619892455937906,nan,3.863576125695545e-14,21
1999,narrow,zeros_included,theil_t,governorate,1.2910887114091971,0.3113083286879962,0.9797803827212428,0.24112078894114833,0.7588792110588841,nan,4.1744385725905886e-14,21
2000,narrow,zeros_included,theil_t,governorate,1.2209270398309924,0.2997296742627144,0.9211973655683178,0.2454935180272563,0.7545064819727763,nan,3.9745984281580604e-14,21
2001,narrow,zeros_included,theil_t,governorate,1.1175531771810294,0.27574491710534144,0.8418082600757285,0.24673986234900594,0.7532601376510303,nan,4.04121180963557e-14,21
2002,narrow,zeros_included,theil_t,governorate,1.165274130073042,0.28570438233441775,0.8795697477386695,0.24518212063672018,0.7548178793633186,nan,4.5075054799781356e-14,21
2003,narrow,zeros_included,theil_t,governorate,1.1396287769478861,0.28008267022893385,0.8595461067189977,0.24576658285081346,0.7542334171492264,nan,4.529709940470639e-14,21
2004,narrow,zeros_included,theil_t,governorate,1.0542090656539245,0.2603735571353287,0.793835508518641,0.2469847448843739,0.753015255115669,nan,4.529709940470639e-14,21
2005,narrow,zeros_included,theil_t,governorate,1.058993162576248,0.25683637327695286,0.8021567892993415,0.24252883054706267,0.7574711694529811,nan,4.618527782440651e-14,21
2006,narrow,zeros_included,theil_t,governorate,1.0182493111097088,0.24310026097411758,0.7751490501356364,0.2387433591378343,0.76125664086221,nan,4.5075054799781356e-14,21
2007,narrow,zeros_included,theil_t,governorate,1.0911184349298304,0.2583683938001977,0.8327500411296774,0.2367922541944893,0.7632077458055517,nan,4.463096558993129e-14,21
2008,narrow,zeros_included,theil_t,governorate,1.1841042662287973,0.2789931587287878,0.9051111075000529,0.23561536486760676,0.7643846351324299,nan,4.3520742565306136e-14,21
2009,narrow,zeros_included,theil_t,governorate,1.142745305369723,0.26872219707987266,0.8740231082898927,0.23515493418975847,0.7648450658102787,nan,4.241051954068098e-14,21
2010,narrow,zeros_included,theil_t,governorate,1.108028248967753,0.2614728152404998,0.8465554337273034,0.23598027891805984,0.7640197210819853,nan,5.0182080713057076e-14,21
2011,narrow,zeros_included,theil_t,governorate,1.1339937440712031,0.26356964885368483,0.8704240952175668,0.23242601666163634,0.7675739833384064,nan,4.8405723873656825e-14,21
2012,narrow,zeros_included,theil_t,governorate,1.1051016248731589,0.2579252059012773,0.8471764189719313,0.23339501100713828,0.7666049889929067,nan,4.973799150320701e-14,21
2013,narrow,zeros_included,theil_t,governorate,1.0639998297820352,0.24732016038394425,0.8166796693981411,0.23244379694553974,0.7675562030545073,nan,5.0182080713057076e-14,21
2014,narrow,zeros_included,theil_t,governorate,1.0587369226561587,0.24364187984168698,0.8150950428145092,0.23012504299031938,0.769874957009716,nan,3.752553823233029e-14,21
2015,narrow,zeros_included,theil_t,governorate,1.0793736681401611,0.24494038540723995,0.8344332827329538,0.22692825722651724,0.773071742773513,nan,3.26405569239796e-14,21
2016,narrow,zeros_included,theil_t,governorate,1.0683863574705477,0.24419249519541245,0.8241938622751659,0.2285619743156858,0.7714380256843428,nan,3.064215547965432e-14,21
2017,narrow,zeros_included,theil_t,governorate,0.9486396546331302,0.21925742947086124,0.7293822251622786,0.23112825655138275,0.7688717434486274,nan,9.658940314238862e-15,21
2018,narrow,zeros_included,theil_t,governorate,0.9392196261502033,0.217545405344241,0.7216742208059732,0.23162357268442596,0.7683764273155856,nan,1.0880185641326534e-14,21
2019,narrow,zeros_included,theil_t,governorate,0.9204176391780573,0.21079908382165743,0.7096185553564094,0.2290254715347516,0.7709745284652587,nan,9.547918011776346e-15,21
2020,narrow,zeros_included,theil_t,governorate,0.8408570811592602,0.1915245222411775,0.6493325589180842,0.22777297894325793,0.7722270210567438,nan,1.5543122344752192e-15,21
2021,narrow,zeros_included,theil_t,governorate,0.7815340193555816,0.18370691628850888,0.5978271030670728,0.23505939823321506,0.7649406017667849,nan,0.0,21
2022,narrow,zeros_included,theil_t,governorate,0.7650738269592714,0.17748763690149622,0.5875861900577756,0.23198759472260022,0.7680124052774003,nan,4.440892098500626e-16,21
1992,wide,zeros_included,theil_t,governorate,1.8429497652118523,0.5916327896159934,1.2513169755958709,0.3210249138548731,0.6789750861451335,nan,1.199040866595169e-14,18
1993,wide,zeros_included,theil_t,governorate,1.4635608002403298,0.447735508812285,1.0158252914280668,0.30592204214458524,0.6940779578554298,nan,2.19824158875781e-14,18
1994,wide,zeros_included,theil_t,governorate,1.4807071928509652,0.4501784537962692,1.0305287390547146,0.30402935568205897,0.6959706443179536,nan,1.865174681370263e-14,18
1995,wide,zeros_included,theil_t,governorate,1.4325819820265457,0.42564903900559103,1.0069329430209861,0.2971201958044058,0.7028798041956161,nan,3.1530333899354446e-14,18
1996,wide,zeros_included,theil_t,governorate,1.349192364014768,0.3996776480517669,0.9495147159630377,0.2962347391757045,0.7037652608243227,nan,3.6637359812630166e-14,18
1997,wide,zeros_included,theil_t,governorate,1.2933285837074682,0.3827590150951278,0.9105695686123769,0.29594877892353316,0.7040512210764951,nan,3.6637359812630166e-14,18
1998,wide,zeros_included,theil_t,governorate,1.2135284950411487,0.35097207897858906,0.8625564160625976,0.28921618273717437,0.7107838172628569,nan,3.7969627442180354e-14,18
1999,wide,zeros_included,theil_t,governorate,1.1256892617351248,0.32904971072704864,0.7966395510081182,0.29230954039648127,0.707690459603556,nan,4.196643033083092e-14,18
2000,wide,zeros_included,theil_t,governorate,1.0596717146809305,0.31657618092637,0.7430955337546012,0.29874929805188943,0.7012507019481491,nan,4.085620730620576e-14,18
2001,wide,zeros_included,theil_t,governorate,0.9500878544438794,0.28533150811884034,0.6647563463250801,0.3003211827035249,0.6996788172965182,nan,4.0967229608668276e-14,18
2002,wide,zeros_included,theil_t,governorate,1.0058507110319392,0.2996134696289897,0.7062372414029952,0.297870714155588,0.7021292858444573,nan,4.574118861455645e-14,18
2003,wide,zeros_included,theil_t,governorate,0.9823712543475732,0.29404963999289824,0.6883216143547211,0.29932638876754064,0.7006736112325063,nan,4.6074255521943996e-14,18
2004,wide,zeros_included,theil_t,governorate,0.8789143103448404,0.26542247364083665,0.6134918367040488,0.30198902272588857,0.6980109772741628,nan,4.518607710224387e-14,18
2005,wide,zeros_included,theil_t,governorate,0.8858571353254037,0.2618999585289644,0.6239571767964854,0.29564581926944705,0.7043541807306051,nan,4.618527782440651e-14,18
2006,wide,zeros_included,theil_t,governorate,0.8539323345880909,0.24874052129564875,0.6051918132924871,0.291288327213459,0.7087116727865936,nan,4.4853010194856324e-14,18
2007,wide,zeros_included,theil_t,governorate,0.9214037894663478,0.2630566958847219,0.6583470935816693,0.2854955654535318,0.7145044345465154,nan,4.340972026284362e-14,18
2008,wide,zeros_included,theil_t,governorate,1.0104203860809484,0.2847587105493894,0.7256616755316015,0.2818220163330873,0.7181779836669548,nan,4.263256414560601e-14,18
2009,wide,zeros_included,theil_t,governorate,0.9726478391127694,0.27277709595495514,0.6998707431578562,0.2804479534995699,0.7195520465004732,nan,4.196643033083092e-14,18
2010,wide,zeros_included,theil_t,governorate,0.9572749843742268,0.2731369544456945,0.6841380299285793,0.2853275797489317,0.7146724202511174,nan,4.707345624410664e-14,18
2011,wide,zeros_included,theil_t,governorate,0.9776040788846199,0.2750628309478207,0.7025412479368464,0.2813642423235885,0.7186357576764598,nan,4.718447854656915e-14,18
2012,wide,zeros_included,theil_t,governorate,0.945595830706235,0.26722591064910334,0.6783699200571806,0.2826005593209108,0.7173994406791409,nan,4.8960835385969403e-14,18
2013,wide,zeros_included,theil_t,governorate,0.9134104523869033,0.2567727691777862,0.656637683209166,0.28111433201447766,0.7188856679855758,nan,4.884981308350689e-14,18
2014,wide,zeros_included,theil_t,governorate,0.9086344985566925,0.2504784780084612,0.6581560205482684,0.2756647237215075,0.7243352762785332,nan,3.708144902248023e-14,18
2015,wide,zeros_included,theil_t,governorate,0.9300195940955671,0.25116108456002423,0.678858509535575,0.2700599924502401,0.7299400075497945,nan,3.219646771412954e-14,18
2016,wide,zeros_included,theil_t,governorate,0.9199421637569367,0.24843186585415267,0.6715102979028142,0.270051613722743,0.7299483862772899,nan,3.019806626980426e-14,18
2017,wide,zeros_included,theil_t,governorate,0.7997601922039262,0.21520842577850202,0.5845517664254314,0.26909119493112665,0.7309088050688823,nan,7.216449660063518e-15,18
2018,wide,zeros_included,theil_t,governorate,0.791431971023496,0.21315229731616658,0.5782796737073386,0.2693248505497114,0.7306751494503001,nan,9.103828801926284e-15,18
2019,wide,zeros_included,theil_t,governorate,0.7765125000515283,0.2074001959738714,0.5691123040776643,0.26709189608680944,0.7329081039132002,nan,7.438494264988549e-15,18
2020,wide,zeros_included,theil_t,governorate,0.6996366769178515,0.1830313677050364,0.5166053092128134,0.26160916621946506,0.7383908337805326,nan,1.6653345369377348e-15,18
2021,wide,zeros_included,theil_t,governorate,0.6465646273537935,0.17471098391784523,0.4718536434359454,0.2702142624672927,0.7297857375327028,nan,2.886579864025407e-15,18
2022,wide,zeros_included,theil_t,governorate,0.6345842343207613,0.17157373849544677,0.4630104958253115,0.2703718895240028,0.7296281104759925,nan,2.9976021664879227e-15,18
1992,all,lit_only,theil_t,nested,0.45559679058149954,0.0676982543319468,0.2624425171236288,0.14859247416018964,0.5760411893785756,0.12545601912592336,5.551115123125783e-16,266
1993,all,lit_only,theil_t,nested,0.46107277452538836,0.0799778906530258,0.25400987383432794,0.1734604493517366,0.5509105891055843,0.12708501003803307,1.5543122344752192e-15,267
1994,all,lit_only,theil_t,nested,0.4694644858455784,0.07601904966053966,0.26087914940067997,0.16192715733037302,0.5556951745365704,0.13256628678435736,1.4432899320127035e-15,267
1995,all,lit_only,theil_t,nested,0.4308969205384349,0.06550171300409768,0.24363323276491722,0.15201248809633833,0.5654095472775275,0.12176197476941858,1.4432899320127035e-15,267
1996,all,lit_only,theil_t,nested,0.430055945656597,0.06876595623743348,0.24035559241527635,0.1599000244780795,0.5588937784555179,0.12093439700388572,1.4432899320127035e-15,267
1997,all,lit_only,theil_t,nested,0.4691292413187982,0.08092480011137171,0.2616837320871319,0.17250001275528895,0.5578073354615385,0.12652070912029306,1.4988010832439613e-15,267
1998,all,lit_only,theil_t,nested,0.48395254684040184,0.08359422213743833,0.2781524404495471,0.1727322703087377,0.5747514756674612,0.12220588425341478,1.609823385706477e-15,267
1999,all,lit_only,theil_t,nested,0.47203264901201236,0.08284279175470347,0.2709557581720431,0.17550224953315732,0.5740191038462421,0.11823409908526486,9.43689570931383e-16,267
2000,all,lit_only,theil_t,nested,0.48805444836090767,0.08897622018072085,0.28102009445345366,0.18230797911901112,0.5757966050657616,0.11805813372673199,1.1657341758564144e-15,267
2001,all,lit_only,theil_t,nested,0.505154191048399,0.10033946777559612,0.2825414653796496,0.19863136751840302,0.559317274579593,0.12227325789315167,1.5543122344752192e-15,267
2002,all,lit_only,theil_t,nested,0.46725415610356913,0.08830900019398896,0.26234831578729895,0.1889956441059774,0.5614681268434736,0.11659684012227906,2.1649348980190553e-15,267
2003,all,lit_only,theil_t,nested,0.48130054362324076,0.09473746473565123,0.26775744480675456,0.19683639669813288,0.5563206781174,0.1188056340808328,2.1649348980190553e-15,267
2004,all,lit_only,theil_t,nested,0.49602713553094946,0.10829847055115258,0.26785287868288365,0.21833174597440008,0.5399964225670292,0.11987578629691087,2.3314683517128287e-15,267
2005,all,lit_only,theil_t,nested,0.47369452810262924,0.10295839419270791,0.24935190389414436,0.21735187570163625,0.526398109120907,0.12138423001577425,2.7200464103316335e-15,267
2006,all,lit_only,theil_t,nested,0.4774085734035953,0.10472165712210775,0.25026146517076814,0.21935437056673332,0.5242081502361294,0.12242545111071661,2.831068712794149e-15,267
2007,all,lit_only,theil_t,nested,0.4490117472144582,0.09155400554040247,0.242089188649476,0.20390113645885127,0.5391600334541998,0.11536855302457738,2.3314683517128287e-15,267
2008,all,lit_only,theil_t,nested,0.42383531499208016,0.08907439213384741,0.21839820204584165,0.21016274242157443,0.5152902420363973,0.11636272081238871,2.3869795029440866e-15,267
2009,all,lit_only,theil_t,nested,0.4266542010294321,0.08930161476543148,0.22194051195962855,0.20930677478380472,0.5201882729014037,0.11541207430436985,2.220446049250313e-15,267
2010,all,lit_only,theil_t,nested,0.4059452812917037,0.0774418053669368,0.22730306152590346,0.19076907390207784,0.5599352228030169,0.10120041439886639,2.942091015256665e-15,267
2011,all,lit_only,theil_t,nested,0.3887487467886261,0.07737749526628654,0.20765778473591603,0.19904243011838935,0.5341696570119764,0.10371346678642221,1.27675647831893e-15,267
2012,all,lit_only,theil_t,nested,0.39627147980228034,0.08119171765580052,0.21126822809002382,0.20488912726273192,0.5331401295784297,0.10381153405645474,1.27675647831893e-15,267
2013,all,lit_only,theil_t,nested,0.41011136266529713,0.07858825687310197,0.22974323036480745,0.1916266263932803,0.5601971836910724,0.10177987542738712,5.551115123125783e-16,267
2014,all,lit_only,theil_t,nested,0.4128204144991998,0.07789912944785736,0.2399549372755938,0.1886997995056961,0.5812574399129162,0.09496634777574857,1.1102230246251565e-16,267
2015,all,lit_only,theil_t,nested,0.41410101677037114,0.07541609195087506,0.24383424226884842,0.18212003568369667,0.5888279245739217,0.09485068255064752,1.1102230246251565e-16,267
2016,all,lit_only,theil_t,nested,0.42736141380519854,0.07687302143076234,0.2547784513896454,0.1798782457833287,0.596166249828487,0.09570994098479084,0.0,267
2017,all,lit_only,theil_t,nested,0.4432963049958317,0.08218332070250259,0.27396098121726453,0.18539139572407523,0.6180087181638939,0.0871520030760645,1.1102230246251565e-16,267
2018,all,lit_only,theil_t,nested,0.4322054682684162,0.08030328070742644,0.2691319058893698,0.18579885402457474,0.6226943563847475,0.08277028167161991,5.551115123125783e-17,267
2019,all,lit_only,theil_t,nested,0.4401094475594758,0.08210248108936039,0.27824208078942747,0.18655014461661873,0.6322111064244451,0.07976488568068787,5.551115123125783e-17,267
2020,all,lit_only,theil_t,nested,0.4489244539555729,0.08087738191565316,0.2898310662697238,0.18015811168900384,0.6456121151698422,0.07821600577019577,1.1102230246251565e-16,267
2021,all,lit_only,theil_t,nested,0.4191683507812709,0.07800189192545545,0.2719456612418826,0.1860872648902783,0.648774318802968,0.06922079761393285,0.0,267
2022,all,lit_only,theil_t,nested,0.42437318928231926,0.07762474643266806,0.2772133625986255,0.18291623597603685,0.6532301511964886,0.06953508025102562,1.1102230246251565e-16,267
1992,narrow,lit_only,theil_t,nested,0.45793079423332606,0.0741477309802297,0.24876394844259747,0.16191907579477993,0.5432348109698135,0.13501911481049814,7.771561172376096e-16,249
1993,narrow,lit_only,theil_t,nested,0.46321249442817225,0.08295561628820944,0.2475216283217183,0.1790876051187192,0.5343587042643991,0.1327352498182428,1.6653345369377348e-15,250
1994,narrow,lit_only,theil_t,nested,0.4702603761747117,0.08049762289031688,0.25323451086664606,0.17117670756170683,0.5384985078406097,0.13652824241774725,1.5543122344752192e-15,250
1995,narrow,lit_only,theil_t,nested,0.43063201013290364,0.07053565085409391,0.23314144543670096,0.16379565195890772,0.5413936724414605,0.1269549138421072,1.5543122344752192e-15,250
1996,narrow,lit_only,theil_t,nested,0.4297515588830251,0.07312907683817482,0.23284622497553215,0.1701659373342261,0.5418158937706402,0.12377625706931639,1.7208456881689926e-15,250
1997,narrow,lit_only,theil_t,nested,0.4683789851627202,0.08583687596633721,0.2530936815815147,0.18326372165590757,0.5403608821040232,0.12944842761486672,1.609823385706477e-15,250
1998,narrow,lit_only,theil_t,nested,0.4807038910016995,0.09096824226027495,0.26087673906343645,0.18923966284257376,0.5426973734700103,0.12885890967798652,1.609823385706477e-15,250
1999,narrow,lit_only,theil_t,nested,0.46964994293865814,0.09038810503673117,0.2543058174254768,0.19245846059548427,0.5414795024444242,0.12495602047644838,1.7763568394002505e-15,250
2000,narrow,lit_only,theil_t,nested,0.48630866286439944,0.097349732056777,0.26321399554725095,0.20018095397145258,0.5412488315484616,0.12574493526036976,1.7763568394002505e-15,250
2001,narrow,lit_only,theil_t,nested,0.5039067525943659,0.10786650620814114,0.26650485632408283,0.21406044997966392,0.5288773269101505,0.12953539006213988,1.9984014443252818e-15,250
2002,narrow,lit_only,theil_t,nested,0.464181593553179,0.09580545557134189,0.2449431155971277,0.20639649848667668,0.5276881268000252,0.12343302238470695,2.4424906541753444e-15,250
2003,narrow,lit_only,theil_t,nested,0.4781236349459693,0.1024215389462237,0.2508169551888353,0.21421559500566817,0.5245859791415227,0.12488514081090775,2.55351295663786e-15,250
2004,narrow,lit_only,theil_t,nested,0.49408636348354784,0.11626971619455903,0.251263467759677,0.23532265771271502,0.5085415958217264,0.12655317952930895,2.886579864025407e-15,250
2005,narrow,lit_only,theil_t,nested,0.47157062996122756,0.1092860304472332,0.23860562572906388,0.23174901807650464,0.505980675150787,0.1236789737849274,3.1086244689504383e-15,250
2006,narrow,lit_only,theil_t,nested,0.47479100984580247,0.11089350226603842,0.2387264983323002,0.23356276754703764,0.5028033247930099,0.12517100924746066,3.219646771412954e-15,250
2007,narrow,lit_only,theil_t,nested,0.44714583102682404,0.09867962499382277,0.2257205529359929,0.22068778941137668,0.5048029910457826,0.12274565309700547,2.886579864025407e-15,250
2008,narrow,lit_only,theil_t,nested,0.4226511453440662,0.09279935798626135,0.21398839630278632,0.2195649036055882,0.5063002872702155,0.11586339105501622,2.3314683517128287e-15,250
2009,narrow,lit_only,theil_t,nested,0.4247016318483706,0.09343890944323036,0.21684184032722248,0.22001071443160936,0.5105745400211709,0.11442088207791545,2.3314683517128287e-15,250
2010,narrow,lit_only,theil_t,nested,0.4060348635101415,0.08649856839355066,0.20741689669888863,0.2130323678261933,0.5108351901257563,0.11211939841770008,2.1094237467877974e-15,250
2011,narrow,lit_only,theil_t,nested,0.3910801456033377,0.08358022332668172,0.1998797518578475,0.21371635524411137,0.5110966488709972,0.10762017041880706,1.4432899320127035e-15,250
2012,narrow,lit_only,theil_t,nested,0.3989631317633917,0.08726545631757575,0.20337099757820087,0.21873062789503375,0.5097488499233349,0.10832667786761381,1.27675647831893e-15,250
2013,narrow,lit_only,theil_t,nested,0.40882158261327756,0.08756076408582972,0.21072408732450829,0.2141784284629056,0.5154426681133455,0.11053673120293836,1.1657341758564144e-15,250
2014,narrow,lit_only,theil_t,nested,0.40947318543466615,0.08762685730237693,0.218776770873788,0.2139990124368188,0.5342883945906028,0.1030695572585009,3.3306690738754696e-16,250
2015,narrow,lit_only,theil_t,nested,0.41098753520795633,0.08450877613918514,0.225022524880127,0.2056236963401442,0.5475166655997667,0.10145623418864377,3.885780586188048e-16,250
2016,narrow,lit_only,theil_t,nested,0.4229298147477435,0.08607890102456994,0.23449204440744678,0.20352999013775303,0.5544467101410421,0.10235886931572649,2.7755575615628914e-16,250
2017,narrow,lit_only,theil_t,nested,0.43893958780274084,0.09216671087052226,0.2524959200550544,0.2099758450403018,0.5752407098184225,0.09427695687716416,5.551115123125783e-17,250
2018,narrow,lit_only,theil_t,nested,0.4284703513754887,0.08983931177992922,0.24928265890035545,0.20967451188051706,0.5817967523309386,0.08934838069520386,2.220446049250313e-16,250
2019,narrow,lit_only,theil_t,nested,0.43741341530479955,0.09165116633710448,0.25951822960620613,0.20952984780597064,0.5933019439409922,0.0862440193614885,4.440892098500626e-16,250
2020,narrow,lit_only,theil_t,nested,0.4451364727582231,0.0905969144235759,0.26959647119824837,0.20352615426501755,0.6056490260789759,0.08494308713639842,4.440892098500626e-16,250
2021,narrow,lit_only,theil_t,nested,0.4138614116716474,0.08713399550469794,0.25214537871070436,0.2105390670581025,0.609250757861797,0.07458203745624475,3.885780586188048e-16,250
2022,narrow,lit_only,theil_t,nested,0.4169923454512646,0.08690996989055988,0.25501923046973857,0.20842101980674693,0.6115681336878247,0.07506314509096573,4.440892098500626e-16,250
1992,wide,lit_only,theil_t,nested,0.46508163127192176,0.08840982280191315,0.2355558442192577,0.19009527974718507,0.5064827943753685,0.1411159642507501,8.326672684688674e-16,219
1993,wide,lit_only,theil_t,nested,0.4656630501697514,0.09582095096728761,0.23490452707720627,0.20577314633909075,0.5044517210278439,0.1349375721252557,1.8318679906315083e-15,220
1994,wide,lit_only,theil_t,nested,0.4711374062096211,0.09381997932356857,0.23966691949456836,0.19913506778917414,0.5086985587129,0.13765050739148244,1.7208456881689926e-15,220
1995,wide,lit_only,theil_t,nested,0.43080867079238744,0.08272111915976735,0.21970864607777033,0.1920135892520877,0.5099912350270474,0.1283789055548481,1.6653345369377348e-15,220
1996,wide,lit_only,theil_t,nested,0.4292752830044948,0.08565672738867847,0.21955399519618687,0.19953799060865468,0.5114526829020528,0.12406456041962777,1.6653345369377348e-15,220
1997,wide,lit_only,theil_t,nested,0.4661663605686552,0.10055186766275852,0.23778629190044,0.2156995359770273,0.5100889124868969,0.12782820100545483,1.8318679906315083e-15,220
1998,wide,lit_only,theil_t,nested,0.47963505567468245,0.1060317562995475,0.2461654111564987,0.22106757011410913,0.5132348193570384,0.12743788821863453,1.7208456881689926e-15,220
1999,wide,lit_only,theil_t,nested,0.4661928805927767,0.10506728713807617,0.2377810326698458,0.22537299798418267,0.5100486141433581,0.12334456078485279,1.942890293094024e-15,220
2000,wide,lit_only,theil_t,nested,0.4800781712909175,0.11426818735170416,0.24372660745974958,0.23801996046693819,0.5076810861955569,0.12208337647946155,2.220446049250313e-15,220
2001,wide,lit_only,theil_t,nested,0.4962003689809831,0.12530458627903068,0.24573078271307736,0.25252820052585045,0.4952249092795314,0.12516499998887254,2.4980018054066022e-15,220
2002,wide,lit_only,theil_t,nested,0.45586078470659175,0.11243131629694704,0.2245865842322096,0.2466352010719936,0.4926648480561045,0.11884288417743231,2.7755575615628914e-15,220
2003,wide,lit_only,theil_t,nested,0.4703801445125743,0.12033613460812814,0.2313551355644689,0.2558274111098482,0.49184715439935894,0.11868887433997438,2.886579864025407e-15,220
2004,wide,lit_only,theil_t,nested,0.49025436179471416,0.13307106236801222,0.23594439862057143,0.27143269440962875,0.48126935119318576,0.12123890080612756,2.942091015256665e-15,220
2005,wide,lit_only,theil_t,nested,0.46583090434225116,0.1256106862146438,0.22243566756885333,0.2696486751818343,0.4775030284496268,0.11778455055875081,3.219646771412954e-15,220
2006,wide,lit_only,theil_t,nested,0.46591935110131283,0.1276195189238694,0.22079494306308592,0.27390903301657227,0.4738909052418273,0.11750488911435406,3.4416913763379853e-15,220
2007,wide,lit_only,theil_t,nested,0.4425356130142838,0.11348618024261589,0.2117048198844155,0.2564453049769644,0.4783904699610747,0.11734461288724934,3.0531133177191805e-15,220
2008,wide,lit_only,theil_t,nested,0.4204217994355216,0.10575427671035745,0.20180558090515846,0.25154327594893555,0.48000741440170863,0.11286194182000309,2.609024107869118e-15,220
2009,wide,lit_only,theil_t,nested,0.42026498166596626,0.10726907293824631,0.20230148384582586,0.255241520511708,0.48136650130564174,0.11069442488189146,2.6645352591003757e-15,220
2010,wide,lit_only,theil_t,nested,0.39844630666899417,0.10168720938333686,0.18985202550830974,0.2552093159889988,0.4764808264768976,0.10690707177734526,2.3314683517128287e-15,220
2011,wide,lit_only,theil_t,nested,0.38800117366428705,0.09661217926331182,0.1870744706985406,0.24899970881764458,0.4821492392195812,0.10431452370243306,1.5543122344752192e-15,220
2012,wide,lit_only,theil_t,nested,0.39663744798720685,0.10041785941884693,0.19148817585729438,0.25317291629530103,0.48277886223055433,0.10473141271106404,1.4988010832439613e-15,220
2013,wide,lit_only,theil_t,nested,0.4023340763628284,0.10278227715820962,0.19499551083152833,0.2554650058165087,0.48466068943083923,0.10455628837308903,1.4432899320127035e-15,220
2014,wide,lit_only,theil_t,nested,0.4026912161281677,0.10214970616343408,0.20231097317373958,0.25366757970435116,0.5023972837523937,0.09823053679099339,6.661338147750939e-16,220
2015,wide,lit_only,theil_t,nested,0.4044446810035811,0.09863562052167905,0.20905657426745866,0.24387913886499027,0.5168978208557714,0.09675248621444273,6.661338147750939e-16,220
2016,wide,lit_only,theil_t,nested,0.4163611382514295,0.10025386973531361,0.21796082911858294,0.24078584796925245,0.5234898483416148,0.0981464393975327,2.220446049250313e-16,220
2017,wide,lit_only,theil_t,nested,0.42862746936276064,0.105842072069057,0.23161161950957304,0.24693254547220725,0.5403564541813184,0.09117377778413054,5.551115123125783e-17,220
2018,wide,lit_only,theil_t,nested,0.41645357096209934,0.10338782044340955,0.22691053805897943,0.2482577354410984,0.5448639509435979,0.08615521245971006,3.3306690738754696e-16,220
2019,wide,lit_only,theil_t,nested,0.4254584704791572,0.10576319696529683,0.23665310764745534,0.24858641748555355,0.5562308052791459,0.08304216586640457,4.440892098500626e-16,220
2020,wide,lit_only,theil_t,nested,0.43512644848467635,0.10454293892969282,0.248122531561048,0.2402587553428724,0.5702308660508509,0.08246097799393515,3.885780586188048e-16,220
2021,wide,lit_only,theil_t,nested,0.4000003562375074,0.09963710949535967,0.22868284514358198,0.24909255189812468,0.5717066037006162,0.07168040159856551,2.220446049250313e-16,220
2022,wide,lit_only,theil_t,nested,0.4007912235275689,0.0993852725548713,0.23046162114840796,0.2479726768468895,0.5750166361428705,0.07094432982428932,3.3306690738754696e-16,220
1992,all,zeros_included,theil_t,nested,2.4392440394233015,0.7131377109172643,1.2710133960100445,0.2923601326441564,0.5210685669280323,0.45509293249599225,4.440892098500626e-16,268
1993,all,zeros_included,theil_t,nested,2.1134170422631398,0.6381510809122374,1.1103961650012155,0.30195227356966764,0.525403241667889,0.36486979634968575,8.881784197001252e-16,268
1994,all,zeros_included,theil_t,nested,2.121606590436983,0.6374238843281144,1.1173217166625555,0.3004439594038145,0.5266394447013963,0.36686098944631196,1.3322676295501878e-15,268
1995,all,zeros_included,theil_t,nested,2.0647780980813764,0.6169014264373774,1.0975025032310903,0.29877371665779084,0.5315353278160527,0.3503741684129069,1.7763568394002505e-15,268
1996,all,zeros_included,theil_t,nested,1.9881505278306442,0.6091772267181055,1.0462226104089825,0.30640397605245956,0.5262290735855703,0.3327506907035547,1.5543122344752192e-15,268
1997,all,zeros_included,theil_t,nested,1.9373059239244914,0.5945982984869492,1.020225506877372,0.3069201880529243,0.5266207542537491,0.3224821185601686,1.5543122344752192e-15,268
1998,all,zeros_included,theil_t,nested,1.8570917350982392,0.5613468244263304,0.9892797233637921,0.3022719954093358,0.5327037456830099,0.30646518730811523,1.3322676295501878e-15,268
1999,all,zeros_included,theil_t,nested,1.7699757514664856,0.5347626088855313,0.9549254221832824,0.3021299068320355,0.5395132794288814,0.280287720397671,8.881784197001252e-16,268
2000,all,zeros_included,theil_t,nested,1.701900324900322,0.5348789068577042,0.9001219597463213,0.31428333318464546,0.5288922897403173,0.2668994582962949,1.5543122344752192e-15,268
2001,all,zeros_included,theil_t,nested,1.6086075684470986,0.523913671309645,0.8343639525626543,0.32569389923697517,0.5186870737952104,0.25032994457479785,1.5543122344752192e-15,268
2002,all,zeros_included,theil_t,nested,1.6533210640121925,0.5310420282184494,0.8656131370011704,0.3211971587235117,0.5235602181832403,0.25666589879257096,1.7763568394002505e-15,268
2003,all,zeros_included,theil_t,nested,1.631857075974582,0.5306813413186608,0.8472638725788689,0.3252008703039915,0.5192022543229552,0.25391186207705074,1.5543122344752192e-15,268
2004,all,zeros_included,theil_t,nested,1.5516537779376223,0.5192496142685772,0.788493114277258,0.3346427029351463,0.5081630486700984,0.24391104939178465,2.4424906541753444e-15,268
2005,all,zeros_included,theil_t,nested,1.5614290478880832,0.5229346628153023,0.7923501073077025,0.3349077330939882,0.5074518809416275,0.24614427776507564,2.6645352591003757e-15,268
2006,all,zeros_included,theil_t,nested,1.5193984733279815,0.5033434074181262,0.7798707046144389,0.3312780789595233,0.513275956442332,0.23618436129541343,3.1086244689504383e-15,268
2007,all,zeros_included,theil_t,nested,1.5819742969140194,0.5078241127840891,0.826512020237556,0.3210065509753914,0.5224560360113595,0.24763816389237192,2.220446049250313e-15,268
2008,all,zeros_included,theil_t,nested,1.6904065810003037,0.5572211504845983,0.861019289277321,0.3296373527810456,0.5093563282082172,0.2721661412383819,2.6645352591003757e-15,268
2009,all,zeros_included,theil_t,nested,1.6467356535226414,0.5398923412912937,0.8444032851736336,0.32785610740641596,0.5127740347197285,0.26244002705771163,2.4424906541753444e-15,268
2010,all,zeros_included,theil_t,nested,1.5482729867962708,0.46803562502309654,0.835561764984509,0.3022952857890835,0.5396734116723669,0.24467559678866851,3.1086244689504383e-15,268
2011,all,zeros_included,theil_t,nested,1.615236961438185,0.49898468015001907,0.8637760591989256,0.30892351528764544,0.5347673931568723,0.25247622208923914,1.1102230246251565e-15,268
2012,all,zeros_included,theil_t,nested,1.5850267036298775,0.4839008904353839,0.8545958080119832,0.30529510280628086,0.5391680821874288,0.2465300051825094,8.881784197001252e-16,268
2013,all,zeros_included,theil_t,nested,1.5259220604519765,0.45745201372592115,0.831335189466926,0.2997872732703165,0.5448084217490672,0.23713485725912886,6.661338147750939e-16,268
2014,all,zeros_included,theil_t,nested,1.5203889839126872,0.4556092307637591,0.8308053845123891,0.29966622725143593,0.5464426494161579,0.23397436863653925,2.220446049250313e-16,268
2015,all,zeros_included,theil_t,nested,1.545261042448939,0.4621211831750889,0.8476582592910256,0.2990570333946402,0.5485534391960414,0.23548159998282414,4.440892098500626e-16,268
2016,all,zeros_included,theil_t,nested,1.5363968183454213,0.4651044557414844,0.8386126575927386,0.30272417267979335,0.5458307694856194,0.23267970501119828,0.0,268
2017,all,zeros_included,theil_t,nested,1.4159614949964987,0.447217791653797,0.7576524119231489,0.3158403623503214,0.5350798129754386,0.21109129141955257,2.220446049250313e-16,268
2018,all,zeros_included,theil_t,nested,1.4080520515279482,0.4482873552072924,0.7542404793858761,0.3183741358999003,0.5356623560666041,0.20552421693477968,0.0,268
2019,all,zeros_included,theil_t,nested,1.3906335116829294,0.4458247603710447,0.744525268892188,0.320591123847945,0.535385680437955,0.2002834824196965,2.220446049250313e-16,268
2020,all,zeros_included,theil_t,nested,1.3087788943971304,0.4288042880057155,0.6946077755297263,0.32763692159265595,0.5307296583886976,0.18536683086168831,2.220446049250313e-16,268
2021,all,zeros_included,theil_t,nested,1.2518592710982397,0.42947474987298095,0.6525806859383596,0.3430695125149398,0.5212891744340074,0.16980383528689913,0.0,268
2022,all,zeros_included,theil_t,nested,1.2314434791290054,0.41970519376177384,0.6451012372988263,0.3408237575455996,0.523857771982441,0.1666370480684054,0.0,268
1992,narrow,zeros_included,theil_t,nested,1.9723865467971586,0.5094780689183506,0.9898499004038358,0.25830538630759864,0.5018539099301779,0.4730585774749715,6.661338147750939e-16,251
1993,narrow,zeros_included,theil_t,nested,1.6209151933090427,0.40393625919856235,0.8453666338049686,0.24920258682623633,0.5215366215916464,0.37161230030550974,1.9984014443252818e-15,251
1994,narrow,zeros_included,theil_t,nested,1.6340687920659813,0.4065213385292764,0.8535531433737873,0.24877859518711234,0.5223483537034114,0.37399431016291607,1.5543122344752192e-15,251
1995,narrow,zeros_included,theil_t,nested,1.5834985997391386,0.3874438121159772,0.8402630862850409,0.24467581605680214,0.5306370882951609,0.35579170133811877,1.7763568394002505e-15,251
1996,narrow,zeros_included,theil_t,nested,1.4996443417848404,0.3649794367063606,0.7999655683363354,0.24337733056890737,0.5334368596918359,0.33469933674214264,1.7763568394002505e-15,251
1997,narrow,zeros_included,theil_t,nested,1.4471374295333304,0.35154935711299395,0.7703624344573141,0.24292741652488445,0.5323353668668075,0.32522563796302073,1.5543122344752192e-15,251
1998,narrow,zeros_included,theil_t,nested,1.3729768349509937,0.3267832522689743,0.7367221302820188,0.23801075440623756,0.5365874438138755,0.3094714523999986,1.7763568394002505e-15,251
1999,narrow,zeros_included,theil_t,nested,1.2910887114091971,0.3113083286879962,0.6900611943960115,0.24112078894114833,0.5344800773936159,0.2897191883251876,1.7763568394002505e-15,251
2000,narrow,zeros_included,theil_t,nested,1.2209270398309924,0.2997296742627144,0.648422268951169,0.2454935180272563,0.5310901043201789,0.272775096617107,1.9984014443252818e-15,251
2001,narrow,zeros_included,theil_t,nested,1.1175531771810294,0.27574491710534144,0.5882160932790064,0.24673986234900594,0.5263428222384471,0.2535921667966796,1.9984014443252818e-15,251
2002,narrow,zeros_included,theil_t,nested,1.165274130073042,0.28570438233441775,0.6191545527331812,0.24518212063672018,0.5313381089944657,0.26041519500544075,2.4424906541753444e-15,251
2003,narrow,zeros_included,theil_t,nested,1.1396287769478861,0.28008267022893385,0.6044930769502069,0.24576658285081346,0.5304298111610862,0.2550530297687429,2.4424906541753444e-15,251
2004,narrow,zeros_included,theil_t,nested,1.0542090656539245,0.2603735571353287,0.5500053108864873,0.2469847448843739,0.5217231845234794,0.24383019763210534,3.1086244689504383e-15,251
2005,narrow,zeros_included,theil_t,nested,1.058993162576248,0.25683637327695286,0.556404480298677,0.24252883054706267,0.5254089449879857,0.2457523090006153,3.1086244689504383e-15,251
2006,narrow,zeros_included,theil_t,nested,1.0182493111097088,0.24310026097411758,0.5379143424050343,0.2387433591378343,0.5282737111000884,0.23723470773055377,3.1086244689504383e-15,251
2007,narrow,zeros_included,theil_t,nested,1.0911184349298304,0.2583683938001977,0.5811411826405208,0.2367922541944893,0.5326105434905367,0.25160885848910897,2.886579864025407e-15,251
2008,narrow,zeros_included,theil_t,nested,1.1841042662287973,0.2789931587287878,0.6342928853663654,0.23561536486760676,0.5356731695482337,0.2708182221336416,2.4424906541753444e-15,251
2009,narrow,zeros_included,theil_t,nested,1.142745305369723,0.26872219707987266,0.6114125887996105,0.23515493418975847,0.5350383728785432,0.2626105194902375,2.220446049250313e-15,251
2010,narrow,zeros_included,theil_t,nested,1.108028248967753,0.2614728152404998,0.591987557712239,0.23598027891805984,0.5342711778907612,0.2545678760150122,2.220446049250313e-15,251
2011,narrow,zeros_included,theil_t,nested,1.1339937440712031,0.26356964885368483,0.6136566519594866,0.23242601666163634,0.5411464174011839,0.25676744325803036,1.3322676295501878e-15,251
2012,narrow,zeros_included,theil_t,nested,1.1051016248731589,0.2579252059012773,0.5979719116298692,0.23339501100713828,0.5411012871314013,0.24920450734201083,1.5543122344752192e-15,251
2013,narrow,zeros_included,theil_t,nested,1.0639998297820352,0.24732016038394425,0.5767234965148176,0.23244379694553974,0.542033448100233,0.23995617288327206,1.3322676295501878e-15,251
2014,narrow,zeros_included,theil_t,nested,1.0587369226561587,0.24364187984168698,0.5805243422165742,0.23012504299031938,0.5483178396765034,0.23457070059789684,6.661338147750939e-16,251
2015,narrow,zeros_included,theil_t,nested,1.0793736681401611,0.24494038540723995,0.5991327946438388,0.22692825722651724,0.5550744958195877,0.23530048808908177,6.661338147750939e-16,251
2016,narrow,zeros_included,theil_t,nested,1.0683863574705477,0.24419249519541245,0.5929248183630476,0.2285619743156858,0.5549722852759216,0.23126904391208755,0.0,251
2017,narrow,zeros_included,theil_t,nested,0.9486396546331302,0.21925742947086124,0.5248394061577785,0.23112825655138275,0.553254761799675,0.20454281900449045,0.0,251
2018,narrow,zeros_included,theil_t,nested,0.9392196261502033,0.217545405344241,0.5236433542710965,0.23162357268442596,0.5575302513827087,0.19803086653486568,0.0,251
2019,narrow,zeros_included,theil_t,nested,0.9204176391780573,0.21079908382165743,0.517837273309789,0.2290254715347516,0.5626112009024764,0.1917812820466104,4.440892098500626e-16,251
2020,narrow,zeros_included,theil_t,nested,0.8408570811592602,0.1915245222411775,0.4748924462830475,0.22777297894325793,0.5647718939683899,0.17444011263503467,4.440892098500626e-16,251
2021,narrow,zeros_included,theil_t,nested,0.7815340193555816,0.18370691628850888,0.4411251484364639,0.23505939823321506,0.5644349926062031,0.15670195463060854,3.3306690738754696e-16,251
2022,narrow,zeros_included,theil_t,nested,0.7650738269592714,0.17748763690149622,0.4340232956291358,0.23198759472260022,0.5672959658731613,0.1535628944286389,4.440892098500626e-16,251
1992,wide,zeros_included,theil_t,nested,1.8429497652118523,0.5916327896159934,0.8591490964076158,0.3210249138548731,0.4661815056629361,0.39216787918824236,6.661338147750939e-16,221
1993,wide,zeros_included,theil_t,nested,1.4635608002403298,0.447735508812285,0.7169114041162713,0.30592204214458524,0.4898405341264593,0.298913887311772,1.3322676295501878e-15,221
1994,wide,zeros_included,theil_t,nested,1.4807071928509652,0.4501784537962692,0.7284971597258976,0.30402935568205897,0.4919927202644592,0.302031579328797,1.3322676295501878e-15,221
1995,wide,zeros_included,theil_t,nested,1.4325819820265457,0.42564903900559103,0.7200386683953139,0.2971201958044058,0.5026160299578385,0.2868942746256393,1.3322676295501878e-15,221
1996,wide,zeros_included,theil_t,nested,1.349192364014768,0.3996776480517669,0.6838827335103816,0.2962347391757045,0.5068830448130938,0.26563198245261793,1.5543122344752192e-15,221
1997,wide,zeros_included,theil_t,nested,1.2933285837074682,0.3827590150951278,0.6536221991430754,0.29594877892353316,0.5053798449806125,0.25694736946926355,1.5543122344752192e-15,221
1998,wide,zeros_included,theil_t,nested,1.2135284950411487,0.35097207897858906,0.6208871383438384,0.28921618273717437,0.5116378732604752,0.2416692777187195,1.7763568394002505e-15,221
1999,wide,zeros_included,theil_t,nested,1.1256892617351248,0.32904971072704864,0.5740293487005695,0.29230954039648127,0.5099358839185932,0.22261020230750467,1.9984014443252818e-15,221
2000,wide,zeros_included,theil_t,nested,1.0596717146809305,0.31657618092637,0.5354661617861738,0.29874929805188943,0.505313253498895,0.20762937196838466,1.9984014443252818e-15,221
2001,wide,zeros_included,theil_t,nested,0.9500878544438794,0.28533150811884034,0.473465543914738,0.3003211827035249,0.498338697521688,0.19129080241029883,2.3314683517128287e-15,221
2002,wide,zeros_included,theil_t,nested,1.0058507110319392,0.2996134696289897,0.506341176094589,0.297870714155588,0.5033959518456919,0.1998960653083578,2.6645352591003757e-15,221
2003,wide,zeros_included,theil_t,nested,0.9823712543475732,0.29404963999289824,0.49218227470097137,0.29932638876754064,0.501014532461912,0.1961393396537009,2.7755575615628914e-15,221
2004,wide,zeros_included,theil_t,nested,0.8789143103448404,0.26542247364083665,0.43241741420330904,0.30198902272588857,0.4919904126190082,0.18107442250069167,2.9976021664879227e-15,221
2005,wide,zeros_included,theil_t,nested,0.8858571353254037,0.2618999585289644,0.44053253575544243,0.29564581926944705,0.4972952389141402,0.18342464104099382,2.9976021664879227e-15,221
2006,wide,zeros_included,theil_t,nested,0.8539323345880909,0.24874052129564875,0.4266619862327932,0.291288327213459,0.49964378786359115,0.17852982705964557,3.3306690738754696e-15,221
2007,wide,zeros_included,theil_t,nested,0.9214037894663478,0.2630566958847219,0.46541359306521757,0.2854955654535318,0.5051136085893162,0.19293350051640518,3.1086244689504383e-15,221
2008,wide,zeros_included,theil_t,nested,1.0104203860809484,0.2847587105493894,0.5147862582687108,0.2818220163330873,0.5094773080196636,0.2108754172628453,2.886579864025407e-15,221
2009,wide,zeros_included,theil_t,nested,0.9726478391127694,0.27277709595495514,0.49517054400564076,0.2804479534995699,0.5090954033860043,0.20470019915217097,2.55351295663786e-15,221
2010,wide,zeros_included,theil_t,nested,0.9572749843742268,0.2731369544456945,0.4865915496646177,0.2853275797489317,0.5083090622938443,0.19754648026391236,2.220446049250313e-15,221
2011,wide,zeros_included,theil_t,nested,0.9776040788846199,0.2750628309478207,0.5026868447466266,0.2813642423235885,0.5142028921566677,0.19985440319017117,1.3322676295501878e-15,221
2012,wide,zeros_included,theil_t,nested,0.945595830706235,0.26722591064910334,0.4845320306076257,0.2826005593209108,0.5124092290526961,0.19383788944950453,1.4432899320127035e-15,221
2013,wide,zeros_included,theil_t,nested,0.9134104523869033,0.2567727691777862,0.4702700457522806,0.28111433201447766,0.5148507382670974,0.18636763745683516,1.3322676295501878e-15,221
2014,wide,zeros_included,theil_t,nested,0.9086344985566925,0.2504784780084612,0.47626531764315116,0.2756647237215075,0.5241550022585186,0.18189070290507975,4.440892098500626e-16,221
2015,wide,zeros_included,theil_t,nested,0.9300195940955671,0.25116108456002423,0.4957815252783427,0.2700599924502401,0.5330871827066012,0.1830769842571997,4.440892098500626e-16,221
2016,wide,zeros_included,theil_t,nested,0.9199421637569367,0.24843186585415267,0.4921610585634013,0.270051613722743,0.5349913048375485,0.17934923933938252,2.220446049250313e-16,221
2017,wide,zeros_included,theil_t,nested,0.7997601922039262,0.21520842577850202,0.4295966810458578,0.26909119493112665,0.5371568693135422,0.1549550853795666,1.1102230246251565e-16,221
2018,wide,zeros_included,theil_t,nested,0.791431971023496,0.21315229731616658,0.42848349792842677,0.2693248505497114,0.5414028161817915,0.14979617577890236,3.3306690738754696e-16,221
2019,wide,zeros_included,theil_t,nested,0.7765125000515283,0.2074001959738714,0.42462554782087425,0.26709189608680944,0.5468367190389036,0.14448675625678228,3.3306690738754696e-16,221
2020,wide,zeros_included,theil_t,nested,0.6996366769178515,0.1830313677050364,0.3869635757959697,0.26160916621946506,0.5530921813600195,0.12964173341684507,3.3306690738754696e-16,221
2021,wide,zeros_included,theil_t,nested,0.6465646273537935,0.17471098391784523,0.3579341160408287,0.2702142624672927,0.5535937180877835,0.11391952739511935,2.220446049250313e-16,221
2022,wide,zeros_included,theil_t,nested,0.6345842343207613,0.17157373849544677,0.3529789241199838,0.2703718895240028,0.5562365168082077,0.11003157170533051,2.220446049250313e-16,221
