year,scope,zeros,grouping,unit,pixels,mean_dn,population_share,value_share,theil_t,within_contribution
1992,all,zeros_included,region,Austurland,22467,0.2185427515912227,0.21982720663776992,0.12447712004056281,4.920447556575525,0.6124831411531455
1992,all,zeros_included,region,Höfuðborgarsvæði,1034,17.365570599613154,0.01011711984971087,0.4552161237165674,0.9829875937277772,0.4474718020782347
1992,all,zeros_included,region,Norðurland eystra,21869,0.10265672870272989,0.21397610637652514,0.05691469134237546,5.480101118757046,0.3118982636990637
1992,all,zeros_included,region,Norðurland vestra,12430,0.011987127916331455,0.12162069606567322,0.0037774115857523135,7.571880098082234,0.028602107608423195
1992,all,zeros_included,region,Suðurland,24726,0.25479252608590147,0.24193027601929493,0.15971606033717836,4.839196195658433,0.7728973515692262
1992,all,zeros_included,region,Suðurnes,831,7.123947051744886,0.008130876784438813,0.1500823932057295,1.564893398544109,0.23486294636534732
1992,all,zeros_included,region,Vestfirðir,9235,0.11250676773145642,0.09035938279698248,0.02634047407782989,5.703162988129688,0.1502240168504689
1992,all,zeros_included,region,Vesturland,9611,0.09634793465820414,0.0940383354696046,0.023475725694004308,5.764248143338134,0.13531990824517964
1992,all,zeros_included,municipality,Austur-Hérað,1563,0.5438259756877799,0.015293093157735096,0.02154899226771454,4.201540196744464,0.09053895721213828
1992,all,zeros_included,municipality,Borgarfjarðarhreppur,419,0.0,0.004099683962310304,0.0,0.0,0.0
1992,all,zeros_included,municipality,Breiðdalshreppur,452,0.0,0.004422570766024481,0.0,0.0,0.0
1992,all,zeros_included,municipality,Búðahreppur,25,15.88,0.00024461121493498235,0.010064646976803144,0.8071506990578916,0.008123686843097553
1992,all,zeros_included,municipality,Djúpavogshreppur,1146,0.11605584642233857,0.011212978092619591,0.0033717834960070984,5.219926458067295,0.017600461881682097
1992,all,zeros_included,municipality,Fáskrúðsfjarðarhr.,219,0.5159817351598174,0.0021427942428304454,0.00286474838382558,3.7156433095539505,0.01064438316591701
1992,all,zeros_included,municipality,Fellahreppur,336,0.5773809523809523,0.0032875747287261625,0.00491824058816073,3.9076950812788684,0.019218984554901775
1992,all,zeros_included,municipality,Fjarðabyggð,635,2.8488188976377953,0.006213124859348551,0.04586132589681836,2.350373327368023,0.10779123714561425
1992,all,zeros_included,municipality,Fljótsdalshreppur,1531,0.0,0.014979990802618318,0.0,0.0,0.0
1992,all,zeros_included,municipality,Mjóafjarðarhreppur,187,0.8235294117647058,0.0018296918877136678,0.003904170363797693,3.2040149852070505,0.01250902035040907
1992,all,zeros_included,municipality,Norður-Hérað,6977,0.0,0.06826609786405487,0.0,0.0,0.0
1992,all,zeros_included,municipality,Seyðisfjörður,208,3.3028846153846154,0.002035165308259053,0.017416656103435162,2.194065447799659,0.03821328337275613
1992,all,zeros_included,municipality,Skeggjastaðahreppur,589,0.0,0.005763040223868184,0.0,0.0,0.0
1992,all,zeros_included,municipality,Stöðvarhreppur,85,0.8823529411764706,0.00083167813077894,0.0019013816706806947,2.8672278929058748,0.00545169456123566
1992,all,zeros_included,municipality,Sveitarfélagið Hornafjörður,6214,0.04859993562922433,0.06080056358423921,0.00765623019394093,6.323048230915863,0.048410712783282815
1992,all,zeros_included,municipality,Vopnafjarðarhreppur,1881,0.10419989367357789,0.018404547811708073,0.004968944099378882,5.715345198838868,0.028399230801683818
1992,all,zeros_included,municipality,Bessastaðahreppur,6,61.333333333333336,5.870669158439576e-05,0.009329446064139942,0.00034360635074826007,3.2056569166018432e-06
1992,all,zeros_included,municipality,Garðabær,36,51.916666666666664,0.0003522401495063746,0.04738243123336291,0.03187033654270399,0.0015100940296188048
1992,all,zeros_included,municipality,Hafnarfjörður,143,22.265734265734267,0.001399176149428099,0.08071998985929775,0.6510915406001252,0.052556102554716655
1992,all,zeros_included,municipality,Kjósarhreppur,273,0.0,0.002671154467090007,0.0,0.0,0.0
1992,all,zeros_included,municipality,Kópavogur,107,17.934579439252335,0.0010469359999217243,0.04865001901381671,0.9238127387001764,0.04494350730296967
1992,all,zeros_included,municipality,Mosfellsbær,198,15.848484848484848,0.0019373208222850601,0.07955380910128027,1.031919338038712,0.08209311402625119
1992,all,zeros_included,municipality,Reykjavík,271,27.59409594095941,0.0026515855698952084,0.1895804284446698,0.5303600069969607,0.10054587735640189
1992,all,zeros_included,municipality,Aðaldælahreppur,561,0.0,0.005489075663141003,0.0,0.0,0.0
1992,all,zeros_included,municipality,Akureyri,117,0.6410256410256411,0.0011447804858957173,0.0019013816706806947,3.195837825353335,0.006076507463594882
1992,all,zeros_included,municipality,Arnarneshreppur,77,0.0,0.0007534025419997456,0.0,0.0,0.0
1992,all,zeros_included,municipality,Bárðdælahreppur,3151,0.0,0.030830797530405175,0.0,0.0,0.0
1992,all,zeros_included,municipality,Dalvíkurbyggð,575,0.16,0.005626057943504594,0.0023323615160349854,5.41623102579271,0.01263260880651361
1992,all,zeros_included,municipality,Eyjafjarðarsveit,1796,0.3279510022271715,0.01757286968092913,0.014932184053745723,4.214785567414195,0.06293595383969985
1992,all,zeros_included,municipality,Glæsibæjarhreppur,120,0.13333333333333333,0.0011741338316879153,0.00040562808974521484,4.102177535505588,0.0016639584375228648
1992,all,zeros_included,municipality,Grímseyjarhreppur,5,0.0,4.892224298699647e-05,0.0,0.0,0.0
1992,all,zeros_included,municipality,Grýtubakkahreppur,490,1.6244897959183673,0.004794379812725654,0.020179997464824437,2.9031385591707783,0.05858532876410038
1992,all,zeros_included,municipality,Hálshreppur,1471,0.02991162474507138,0.01439292388677436,0.0011154772467993409,6.064564128835224,0.006764883297471159
1992,all,zeros_included,municipality,Hríseyjarhreppur,7,0.0,6.849114018179505e-05,0.0,0.0,0.0
1992,all,zeros_included,municipality,Húsavík,66,0.0,0.0006457736074283534,0.0,0.0,0.0
1992,all,zeros_included,municipality,Kelduneshreppur,720,0.0,0.0070448029901274915,0.0,0.0,0.0
1992,all,zeros_included,municipality,Ljósavatnshreppur,401,0.0,0.003923563887557117,0.0,0.0,0.0
1992,all,zeros_included,municipality,Ólafsfjörður,202,0.504950495049505,0.0019764586166746575,0.0025858790721257447,3.6596863833982836,0.009463506429373176
1992,all,zeros_included,municipality,Öxarfjarðarhreppur,2684,0.0,0.026261460035419702,0.0,0.0,0.0
1992,all,zeros_included,municipality,Öxnadalshreppur,289,0.0,0.0028277056446483957,0.0,0.0,0.0
1992,all,zeros_included,municipality,Reykdælahreppur,390,0.0,0.0038159349529857246,0.0,0.0,0.0
1992,all,zeros_included,municipality,Reykjahreppur,191,0.0,0.0018688296821032652,0.0,0.0,0.0
1992,all,zeros_included,municipality,Siglufjörður,137,0.0,0.0013404694578437032,0.0,0.0,0.0
1992,all,zeros_included,municipality,Skriðuhreppur,403,0.0,0.003943132784751916,0.0,0.0,0.0
1992,all,zeros_included,municipality,Skútustaðahreppur,6033,0.08801591248135256,0.05902957838810994,0.013461782228419318,5.60160327989135,0.07540756348389674
1992,all,zeros_included,municipality,Svalbarðshreppur,1098,0.0,0.010743324559944424,0.0,0.0,0.0
1992,all,zeros_included,municipality,Þórshafnarhreppur,709,0.0,0.006937174055556099,0.0,0.0,0.0
1992,all,zeros_included,municipality,Tjörneshreppur,176,0.0,0.0017220629531422757,0.0,0.0,0.0
1992,all,zeros_included,municipality,Akrahreppur,1359,0.0,0.01329706564386564,0.0,0.0,0.0
1992,all,zeros_included,municipality,Áshreppur,1150,0.0,0.011252115887009188,0.0,0.0,0.0
1992,all,zeros_included,municipality,Blönduós,15,0.0,0.00014676672896098941,0.0,0.0,0.0
1992,all,zeros_included,municipality,Bólstaðarhlíðarhreppur,1340,0.0,0.013111161120515054,0.0,0.0,0.0
1992,all,zeros_included,municipality,Engihlíðarhreppur,166,0.0,0.0016242184671682828,0.0,0.0,0.0
1992,all,zeros_included,municipality,Höfðahreppur,48,0.0,0.00046965353267516607,0.0,0.0,0.0
1992,all,zeros_included,municipality,Húnaþing vestra,2461,0.0,0.02407952799819966,0.0,0.0,0.0
1992,all,zeros_included,municipality,Skagahreppur,272,0.0,0.0026613700184926078,0.0,0.0,0.0
1992,all,zeros_included,municipality,Sveinsstaðahreppur,118,0.0,0.0011545649344931166,0.0,0.0,0.0
1992,all,zeros_included,municipality,Sveitarfélagið Skagafjörður,4110,0.0,0.040214083735311094,0.0,0.0,0.0
1992,all,zeros_included,municipality,Svínavatnshreppur,979,0.15219611848825332,0.009578975176853908,0.0037774115857523135,5.030543556107988,0.019002433511473956
1992,all,zeros_included,municipality,Torfalækjarhreppur,187,0.0,0.0018296918877136678,0.0,0.0,0.0
1992,all,zeros_included,municipality,Vindhælishreppur,225,0.0,0.002201500934414841,0.0,0.0,0.0
1992,all,zeros_included,municipality,Ásahreppur,137,0.0,0.0013404694578437032,0.0,0.0,0.0
1992,all,zeros_included,municipality,Austur-Eyjafjallahreppur,282,0.0,0.0027592145044666007,0.0,0.0,0.0
1992,all,zeros_included,municipality,Austur-Landeyjahreppur,200,0.0,0.001956889719479859,0.0,0.0,0.0
1992,all,zeros_included,municipality,Biskupstungnahreppur,1989,0.32176973353443944,0.019461268260227194,0.016225123589808595,4.572782755663834,0.07419396535999122
1992,all,zeros_included,municipality,Djúpárhreppur,120,1.125,0.0011741338316879153,0.0034224870072252504,2.8228242552071845,0.009661079337126883
1992,all,zeros_included,municipality,Fljótshlíðarhreppur,414,0.0,0.0040507617193233075,0.0,0.0,0.0
1992,all,zeros_included,municipality,Gaulverjabæjarhreppur,84,0.0,0.0008218936821815406,0.0,0.0,0.0
1992,all,zeros_included,municipality,Gnúpverjahreppur,1127,0.048802129547471165,0.011027073569269004,0.001394346558499176,5.578722730181902,0.007778672839650262
1992,all,zeros_included,municipality,Grímsnes- og Grafningshreppur,889,0.4983127109111361,0.008698374803087971,0.011230827734820637,4.061240689596751,0.04561109457450528
1992,all,zeros_included,municipality,Holta- og Landasveit,1604,0.08603491271820449,0.015694255550228468,0.003498542274052478,5.21787729282481,0.0182549642897661
1992,all,zeros_included,municipality,Hraungerðishreppur,98,1.2755102040816326,0.0009588759625451307,0.003168969451134491,3.0734721501166904,0.009739739352632433
1992,all,zeros_included,municipality,Hrunamannahreppur,1212,0.20214521452145215,0.011858751700047944,0.006211180124223602,4.758916174687901,0.029558485557067703
1992,all,zeros_included,municipality,Hveragerði,11,48.36363636363637,0.00010762893457139223,0.013487133984028394,0.017883815203910025,0.00024120141180073858
1992,all,zeros_included,municipality,Hvolhreppur,238,1.8739495798319328,0.002328698766181032,0.011306883001647864,2.662522412963625,0.03010482941264487
1992,all,zeros_included,municipality,Laugardalshreppur,649,0.35130970724191063,0.006350107139712142,0.005780200278869311,4.279414723564386,0.024735874178544302
1992,all,zeros_included,municipality,Mýrdalshreppur,764,0.09554973821989529,0.007475318728413061,0.0018506781594625427,5.000569045839438,0.009254443918019493
1992,all,zeros_included,municipality,Ölfushreppur,739,2.408660351826793,0.007230707513478078,0.04512612498415515,2.6925955290813035,0.12150640237710027
1992,all,zeros_included,municipality,Rangárvallahreppur,1446,0.0318118948824343,0.014148312671839379,0.0011661807580174927,5.957500445248828,0.006947522385129828
1992,all,zeros_included,municipality,Skaftárhreppur,6922,0.0066454781854955215,0.06772795319119791,0.0011661807580174927,7.706948815731064,0.008987695411931269
1992,all,zeros_included,municipality,Skeiðahreppur,1280,0.0,0.012524094204671096,0.0,0.0,0.0
1992,all,zeros_included,municipality,Sveitarfélagið Árborg,149,5.604026845637584,0.0014578828410124946,0.0211687159335784,1.9326706381907592,0.04091215573302786
1992,all,zeros_included,municipality,Þingvallahreppur,647,0.0,0.006330538242517343,0.0,0.0,0.0
1992,all,zeros_included,municipality,Uten navn - sysla,123,0.0,0.0012034871774801131,0.0,0.0,0.0
1992,all,zeros_included,municipality,Vestmannaeyjar,15,33.46666666666667,0.00014676672896098941,0.012726581315756116,0.24197885244113726,0.003079563542285484
1992,all,zeros_included,municipality,Vestur-Eyjafjallahreppur,469,0.0,0.0045889063921802685,0.0,0.0,0.0
1992,all,zeros_included,municipality,Vestur-Landeyjahreppur,186,0.0,0.0018199074391162687,0.0,0.0,0.0
1992,all,zeros_included,municipality,Villingaholtshreppur,2932,0.010572987721691678,0.028688003287574728,0.0007859044238813538,6.755384967503174,0.005309086930982339
1992,all,zeros_included,municipality,Grindavík,456,2.383771929824561,0.004461708560414078,0.027557358347065533,2.4951868185417396,0.0687607573014291
1992,all,zeros_included,municipality,Reykjanesbær,132,15.636363636363637,0.0012915472148567067,0.052326023577132716,0.8075784853027743,0.04225737086233809
1992,all,zeros_included,municipality,Sandgerði,88,30.5,0.0008610314765711379,0.0680441120547598,0.18464433193975616,0.01256395961278503
1992,all,zeros_included,municipality,Vatnsleysustrandarhreppur,155,0.5483870967741935,0.0015165895325968905,0.002154899226771454,3.195566122367758,0.006886122966187336
1992,all,zeros_included,municipality,Árneshreppur,682,0.0,0.006672993943426318,0.0,0.0,0.0
1992,all,zeros_included,municipality,Bæjarhreppur,497,0.0,0.004862870952907449,0.0,0.0,0.0
1992,all,zeros_included,municipality,Bolungarvík,85,2.835294117647059,0.00083167813077894,0.006109773101787299,2.424605116155489,0.014813787121142676
1992,all,zeros_included,municipality,Broddaneshreppur,284,0.0,0.0027787834016613994,0.0,0.0,0.0
1992,all,zeros_included,municipality,Hólmavíkurhreppur,1327,0.0,0.012983963288748863,0.0,0.0,0.0
1992,all,zeros_included,municipality,Ísafjarðarbær,2337,0.34146341463414637,0.02286625637212215,0.02023070097604259,4.608540511302394,0.09323400502013716
1992,all,zeros_included,municipality,Kaldrananeshreppur,471,0.0,0.004608475289375067,0.0,0.0,0.0
1992,all,zeros_included,municipality,Kirkjubólshreppur,159,0.0,0.0015557273269864876,0.0,0.0,0.0
1992,all,zeros_included,municipality,Reykhólahreppur,1149,0.0,0.011242331438411789,0.0,0.0,0.0
1992,all,zeros_included,municipality,Súðavíkurhreppur,733,0.0,0.007172000821893682,0.0,0.0,0.0
1992,all,zeros_included,municipality,Vesturbyggð,1511,0.0,0.014784301830670333,0.0,0.0,0.0
1992,all,zeros_included,municipality,Akranes,7,40.285714285714285,6.849114018179505e-05,0.007149195081759411,0.18445124681613567,0.0013186779465623084
1992,all,zeros_included,municipality,Borgarbyggð,1847,0.05305901461829995,0.018071876559396495,0.002484472049689441,6.30700827271893,0.01566958577073026
1992,all,zeros_included,municipality,Borgarfjarðarsveit,1259,0.0,0.012318620784125711,0.0,0.0,0.0
1992,all,zeros_included,municipality,Dalabyggð,2172,0.0,0.021251822353551265,0.0,0.0,0.0
1992,all,zeros_included,municipality,Eyja- og Miklaholtshreppur,405,0.0,0.003962701681946714,0.0,0.0,0.0
1992,all,zeros_included,municipality,Eyrarsveit,141,0.16312056737588654,0.0013796072522333004,0.0005830903790087463,4.1716188944455554,0.0024324308422423065
1992,all,zeros_included,municipality,Helgafellssveit,246,0.04065040650406504,0.0024069743549602262,0.0002535175560907593,4.832319868923106,0.001225077923418204
1992,all,zeros_included,municipality,Hvalfjarðarstrandarhreppur,291,0.12714776632302405,0.0028472745418431943,0.0009380149575358094,4.998180678592568,0.004688368236986311
1992,all,zeros_included,municipality,Hvítársíðuhreppur,1477,0.0,0.014451630578358757,0.0,0.0,0.0
1992,all,zeros_included,municipality,Innri-Akraneshreppur,28,7.107142857142857,0.0002739645607271802,0.005044999366206109,1.407387366529007,0.007100268372145326
1992,all,zeros_included,municipality,Kolbeinsstaðahreppur,391,0.0,0.003825719401583124,0.0,0.0,0.0
1992,all,zeros_included,municipality,Leirár- og Melahreppur,136,0.0,0.0013306850092463039,0.0,0.0,0.0
1992,all,zeros_included,municipality,Saurbæjarhreppur,255,0.0,0.00249503439233682,0.0,0.0,0.0
1992,all,zeros_included,municipality,Skilmannahreppur,52,1.9038461538461537,0.0005087913270647633,0.002509823805298517,2.232545910876965,0.005603296873540868
1992,all,zeros_included,municipality,Skorradalshreppur,207,0.0,0.0020253808596616537,0.0,0.0,0.0
1992,all,zeros_included,municipality,Snæfellsbær,697,0.25538020086083213,0.0068197606723873075,0.0045126124984155155,4.804224607951691,0.021679604011038182
1992,all,lit_only,region,Austurland,205,23.951219512195124,0.16040688575899845,0.12447712004056281,0.22365469079645628,0.027839891793905447
1992,all,lit_only,region,Höfuðborgarsvæði,427,42.05152224824356,0.33411580594679186,0.4552161237165674,0.09858155188802709,0.04487591192043135
1992,all,lit_only,region,Norðurland eystra,111,20.225225225225227,0.08685446009389672,0.05691469134237546,0.19680593218105713,0.011201148884433344
1992,all,lit_only,region,Norðurland vestra,8,18.625,0.006259780907668232,0.0037774115857523135,0.2234534552573133,0.0008440756707653615
1992,all,lit_only,region,Suðurland,240,26.25,0.18779342723004694,0.15971606033717836,0.2042245184335516,0.03261793550846432
1992,all,lit_only,region,Suðurnes,208,28.46153846153846,0.162754303599374,0.1500823932057295,0.1798016833899787,0.026985066945586868
1992,all,lit_only,region,Vestfirðir,37,28.08108108108108,0.028951486697965573,0.02634047407782989,0.18332500814057218,0.004828867624744695
1992,all,lit_only,region,Vesturland,42,22.047619047619047,0.03286384976525822,0.023475725694004308,0.3312542067982176,0.0077764328937799335
1992,all,lit_only,municipality,Austur-Hérað,28,30.357142857142858,0.02190923317683881,0.02154899226771454,0.17938237649819078,0.0038655094441237717
1992,all,lit_only,municipality,Búðahreppur,12,33.083333333333336,0.009389671361502348,0.010064646976803144,0.07318152397769095,0.0007365462040599141
1992,all,lit_only,municipality,Djúpavogshreppur,7,19.0,0.005477308294209703,0.0033717834960070984,0.12180370984792344,0.00041069573861766555
1992,all,lit_only,municipality,Fáskrúðsfjarðarhr.,7,16.142857142857142,0.005477308294209703,0.00286474838382558,0.272481728792763,0.0007805915921810678
1992,all,lit_only,municipality,Fellahreppur,9,21.555555555555557,0.007042253521126761,0.00491824058816073,0.28780849865188385,0.001415511439687298
1992,all,lit_only,municipality,Fjarðabyggð,76,23.80263157894737,0.0594679186228482,0.04586132589681836,0.22748166876166254,0.010432610946630689
1992,all,lit_only,municipality,Mjóafjarðarhreppur,12,12.833333333333334,0.009389671361502348,0.003904170363797693,0.4578130181404645,0.001787380017584777
1992,all,lit_only,municipality,Seyðisfjörður,27,25.444444444444443,0.02112676056338028,0.017416656103435162,0.15236423410266964,0.002653675467829485
1992,all,lit_only,municipality,Stöðvarhreppur,6,12.5,0.004694835680751174,0.0019013816706806947,0.21633610564361305,0.0004113375059772083
1992,all,lit_only,municipality,Sveitarfélagið Hornafjörður,13,23.23076923076923,0.010172143974960876,0.00765623019394093,0.15343749842440735,0.0011747528083197113
1992,all,lit_only,municipality,Vopnafjarðarhreppur,8,24.5,0.006259780907668232,0.004968944099378882,0.25522791121767296,0.0012682132234418534
1992,all,lit_only,municipality,Bessastaðahreppur,6,61.333333333333336,0.004694835680751174,0.009329446064139942,0.00034360635074826007,3.2056569166018432e-06
1992,all,lit_only,municipality,Garðabær,36,51.916666666666664,0.028169014084507043,0.04738243123336291,0.03187033654270399,0.0015100940296188048
1992,all,lit_only,municipality,Hafnarfjörður,84,37.904761904761905,0.06572769953051644,0.08071998985929775,0.1190637091835316,0.009610821397905046
1992,all,lit_only,municipality,Kópavogur,47,40.829787234042556,0.036776212832550864,0.04865001901381671,0.10113150594832865,0.004920049687282106
1992,all,lit_only,municipality,Mosfellsbær,80,39.225,0.06259780907668232,0.07955380910128027,0.12567894201805796,0.009998238561355455
1992,all,lit_only,municipality,Reykjavík,174,42.97701149425287,0.13615023474178403,0.1895804284446698,0.0872964853317888,0.016549705090914354
1992,all,lit_only,municipality,Akureyri,7,10.714285714285714,0.005477308294209703,0.0019013816706806947,0.3795740396108922,0.0007217151215823784
1992,all,lit_only,municipality,Dalvíkurbyggð,3,30.666666666666668,0.002347417840375587,0.0023323615160349854,0.16047327366346886,0.00037428168784482533
1992,all,lit_only,municipality,Eyjafjarðarsveit,34,17.323529411764707,0.026604068857589983,0.014932184053745723,0.2478288431682114,0.003700625900014616
1992,all,lit_only,municipality,Glæsibæjarhreppur,2,8.0,0.001564945226917058,0.00040562808974521484,0.007832973283487199,3.177273990006216e-06
1992,all,lit_only,municipality,Grýtubakkahreppur,30,26.533333333333335,0.023474178403755867,0.020179997464824437,0.10993054972826144,0.0022183982148230724
1992,all,lit_only,municipality,Hálshreppur,5,8.8,0.003912363067292645,0.0011154772467993409,0.3803043206678862,0.00042422081656450736
1992,all,lit_only,municipality,Ólafsfjörður,6,17.0,0.004694835680751174,0.0025858790721257447,0.14317815522513389,0.00037024139518224505
1992,all,lit_only,municipality,Skútustaðahreppur,24,22.125,0.018779342723004695,0.013461782228419318,0.07465743179853446,0.0010050220886049384
1992,all,lit_only,municipality,Svínavatnshreppur,8,18.625,0.006259780907668232,0.0037774115857523135,0.2234534552573133,0.0008440756707653615
1992,all,lit_only,municipality,Biskupstungnahreppur,23,27.82608695652174,0.017996870109546165,0.016225123589808595,0.11288969273901106,0.0018316492167059725
1992,all,lit_only,municipality,Djúpárhreppur,8,16.875,0.006259780907668232,0.0034224870072252504,0.11477405410497443,0.0003928127089408429
1992,all,lit_only,municipality,Gnúpverjahreppur,5,11.0,0.003912363067292645,0.001394346558499176,0.16084612857622504,0.00022427524582817535
1992,all,lit_only,municipality,Grímsnes- og Grafningshreppur,19,23.31578947368421,0.01486697965571205,0.011230827734820637,0.21558243324928705,0.0024211691704762116
1992,all,lit_only,municipality,Holta- og Landasveit,11,12.545454545454545,0.008607198748043818,0.003498542274052478,0.23551677719672126,0.000823965401271328
1992,all,lit_only,municipality,Hraungerðishreppur,5,25.0,0.003912363067292645,0.003168969451134491,0.09794258388021904,0.00031037705628159156
1992,all,lit_only,municipality,Hrunamannahreppur,13,18.846153846153847,0.010172143974960876,0.006211180124223602,0.22383836552017788,0.0013903004069576266
1992,all,lit_only,municipality,Hveragerði,11,48.36363636363637,0.008607198748043818,0.013487133984028394,0.017883815203910025,0.00024120141180073858
1992,all,lit_only,municipality,Hvolhreppur,18,24.77777777777778,0.014084507042253521,0.011306883001647864,0.08062349718831507,0.0009116004498919641
1992,all,lit_only,municipality,Laugardalshreppur,10,22.8,0.00782472613458529,0.005780200278869311,0.10656709985434132,0.0006159791802963575
1992,all,lit_only,municipality,Mýrdalshreppur,7,10.428571428571429,0.005477308294209703,0.0018506781594625427,0.3079114057282304,0.0005698449136306457
1992,all,lit_only,municipality,Ölfushreppur,59,30.16949152542373,0.04616588419405321,0.04512612498415515,0.16483505203882132,0.0074383671600735685
1992,all,lit_only,municipality,Rangárvallahreppur,5,9.2,0.003912363067292645,0.0011661807580174927,0.2903819549642175,0.0003386378483547726
1992,all,lit_only,municipality,Skaftárhreppur,4,11.5,0.003129890453834116,0.0011661807580174927,0.25078315265566564,0.00029245848706200075
1992,all,lit_only,municipality,Sveitarfélagið Árborg,24,34.791666666666664,0.018779342723004695,0.0211687159335784,0.1067781625932458,0.0022603565918458673
1992,all,lit_only,municipality,Vestmannaeyjar,12,41.833333333333336,0.009389671361502348,0.012726581315756116,0.01883530112692755,0.0002397089913985963
1992,all,lit_only,municipality,Villingaholtshreppur,6,5.166666666666667,0.004694835680751174,0.0007859044238813538,0.5637043737246867,0.00044301776107149926
1992,all,lit_only,municipality,Grindavík,45,24.155555555555555,0.035211267605633804,0.027557358347065533,0.17935649879767324,0.00494259130924251
1992,all,lit_only,municipality,Reykjanesbær,74,27.89189189189189,0.057902973395931145,0.052326023577132716,0.22884165592057304,0.011974373883129998
1992,all,lit_only,municipality,Sandgerði,81,33.135802469135804,0.06338028169014084,0.0680441120547598,0.10175667213398842,0.006923942401004562
1992,all,lit_only,municipality,Vatnsleysustrandarhreppur,8,10.625,0.006259780907668232,0.002154899226771454,0.23158254712834747,0.0004990370517406398
1992,all,lit_only,municipality,Bolungarvík,10,24.1,0.00782472613458529,0.006109773101787299,0.28453895265921814,0.0017384684393680207
1992,all,lit_only,municipality,Ísafjarðarbær,27,29.555555555555557,0.02112676056338028,0.02023070097604259,0.14775404276786475,0.00298916785723808
1992,all,lit_only,municipality,Akranes,7,40.285714285714285,0.005477308294209703,0.007149195081759411,0.18445124681613567,0.0013186779465623084
1992,all,lit_only,municipality,Borgarbyggð,6,16.333333333333332,0.004694835680751174,0.002484472049689441,0.5774497617477454,0.0014346577931621004
1992,all,lit_only,municipality,Eyrarsveit,3,7.666666666666667,0.002347417840375587,0.0005830903790087463,0.32147129273549657,0.00018744681792157234
1992,all,lit_only,municipality,Helgafellssveit,2,5.0,0.001564945226917058,0.0002535175560907593,0.0201355135506891,5.104706186003068e-06
1992,all,lit_only,municipality,Hvalfjarðarstrandarhreppur,2,18.5,0.001564945226917058,0.0009380149575358094,0.018004591981021,1.6888576582526988e-05
1992,all,lit_only,municipality,Innri-Akraneshreppur,8,24.875,0.006259780907668232,0.005044999366206109,0.15462439803363903,0.0007800799900797101
1992,all,lit_only,municipality,Skilmannahreppur,8,12.375,0.006259780907668232,0.002509823805298517,0.3607437339753732,0.000905403211143667
1992,all,lit_only,municipality,Snæfellsbær,6,29.666666666666668,0.004694835680751174,0.0045126124984155155,0.049198666419222103,0.0002220145169887574
1993,all,zeros_included,region,Austurland,22467,0.3502025192504562,0.21982720663776992,0.11897417286638844,4.469690777281816,0.5317777631956289
1993,all,zeros_included,region,Höfuðborgarsvæði,1034,18.58220502901354,0.01011711984971087,0.2905401318574971,0.8976808012763566,0.26081229836877634
1993,all,zeros_included,region,Norðurland eystra,21869,0.5439663450546436,0.21397610637652514,0.17988265892457508,3.928945413183553,0.7067491476929708
1993,all,zeros_included,region,Norðurland vestra,12430,0.2756234915526951,0.12162069606567322,0.051805479949192525,4.683399620592173,0.2426257651386437
1993,all,zeros_included,region,Suðurland,24726,0.37547520828277925,0.24193027601929493,0.14038589487691283,4.452421112794527,0.6250571222885197
1993,all,zeros_included,region,Suðurnes,831,11.10589651022864,0.008130876784438813,0.1395542248835662,1.3166847181711487,0.18374891526041148
1993,all,zeros_included,region,Vestfirðir,9235,0.3190037899296156,0.09035938279698248,0.0445472690981673,4.510339172691725,0.20092329284990354
1993,all,zeros_included,region,Vesturland,9611,0.2360836541462907,0.0940383354696046,0.034310167543700476,4.884101907929459,0.1675743547615669
1993,all,zeros_included,municipality,Austur-Hérað,1563,0.7472808701215611,0.015293093157735096,0.017661646404161374,3.8299918419350334,0.06764396164307929
1993,all,zeros_included,municipality,Borgarfjarðarhreppur,419,0.0,0.004099683962310304,0.0,0.0,0.0
1993,all,zeros_included,municipality,Breiðdalshreppur,452,0.1592920353982301,0.004422570766024481,0.0010887316276537834,4.778540285854522,0.005202547943227569
1993,all,zeros_included,municipality,Búðahreppur,25,20.4,0.00024461121493498235,0.007711849029214298,0.5334620906327423,0.004113979105768744
1993,all,zeros_included,municipality,Djúpavogshreppur,1146,0.22600349040139617,0.011212978092619591,0.003916409605032359,4.77767847961175,0.018711345887307856
1993,all,zeros_included,municipality,Fáskrúðsfjarðarhr.,219,1.2420091324200913,0.0021427942428304454,0.004112986148914292,2.7780308425600992,0.01142600237670639
1993,all,zeros_included,municipality,Fellahreppur,336,1.8422619047619047,0.0032875747287261625,0.009360067743301276,2.863703253781426,0.026804456452106436
1993,all,zeros_included,municipality,Fjarðabyggð,635,3.952755905511811,0.006213124859348551,0.03795439424181939,2.104590828920072,0.07987847003854989
1993,all,zeros_included,municipality,Fljótsdalshreppur,1531,0.0,0.014979990802618318,0.0,0.0,0.0
1993,all,zeros_included,municipality,Mjóafjarðarhreppur,187,1.2727272727272727,0.0018296918877136678,0.003598862880300006,3.026208029472282,0.010890907745333623
1993,all,zeros_included,municipality,Norður-Hérað,6977,0.0,0.06826609786405487,0.0,0.0,0.0
1993,all,zeros_included,municipality,Seyðisfjörður,208,5.634615384615385,0.002035165308259053,0.017722131494586586,1.7412628372758752,0.030858888968839985
1993,all,zeros_included,municipality,Skeggjastaðahreppur,589,0.0,0.005763040223868184,0.0,0.0,0.0
1993,all,zeros_included,municipality,Stöðvarhreppur,85,1.7058823529411764,0.00083167813077894,0.0021925845279138693,2.542522929927245,0.005574696438024716
1993,all,zeros_included,municipality,Sveitarfélagið Hornafjörður,6214,0.07322175732217573,0.06080056358423921,0.006880179035867659,5.834195007863659,0.040140306184267296
1993,all,zeros_included,municipality,Vopnafjarðarhreppur,1881,0.2381711855396066,0.018404547811708073,0.0067743301276235405,4.674281846248982,0.03166512833604826
1993,all,zeros_included,municipality,Bessastaðahreppur,6,61.333333333333336,5.870669158439576e-05,0.005564628319119337,0.00034360635074826007,1.9120416300030198e-06
1993,all,zeros_included,municipality,Garðabær,36,52.638888888888886,0.0003522401495063746,0.028654811588943327,0.026810893286774995,0.000768261095663803
1993,all,zeros_included,municipality,Hafnarfjörður,143,24.181818181818183,0.001399176149428099,0.0522893606725942,0.5473903617937981,0.028622692056537738
1993,all,zeros_included,municipality,Kjósarhreppur,273,0.0,0.002671154467090007,0.0,0.0,0.0
1993,all,zeros_included,municipality,Kópavogur,107,19.242990654205606,0.0010469359999217243,0.03113470029637694,0.7992593939631218,0.024884701690105666
1993,all,zeros_included,municipality,Mosfellsbær,198,17.762626262626263,0.0019373208222850601,0.05318151575636606,0.8703200295566731,0.04628493836494919
1993,all,zeros_included,municipality,Reykjavík,271,29.214022140221402,0.0026515855698952084,0.11971511522409727,0.477315019476483,0.057141822554819394
1993,all,zeros_included,municipality,Aðaldælahreppur,561,0.6292335115864528,0.005489075663141003,0.0053378092300247985,3.474520009386257,0.018546324976007812
1993,all,zeros_included,municipality,Akureyri,117,18.752136752136753,0.0011447804858957173,0.03317607209822779,0.6667687116220224,0.02212076684961467
1993,all,zeros_included,municipality,Arnarneshreppur,77,1.5974025974025974,0.0007534025419997456,0.0018599165305752132,2.5547661280946237,0.004751651753396823
1993,all,zeros_included,municipality,Bárðdælahreppur,3151,0.0,0.030830797530405175,0.0,0.0,0.0
1993,all,zeros_included,municipality,Dalvíkurbyggð,575,2.0782608695652174,0.005626057943504594,0.018069920764531542,2.567626074728933,0.046396799723296966
1993,all,zeros_included,municipality,Eyjafjarðarsveit,1796,0.9031180400890868,0.01757286968092913,0.024526704167422732,3.1829209529083324,0.07806656060027393
1993,all,zeros_included,municipality,Glæsibæjarhreppur,120,13.883333333333333,0.0011741338316879153,0.025192040162100044,0.7481240642891769,0.01884677147380646
1993,all,zeros_included,municipality,Grímseyjarhreppur,5,0.0,4.892224298699647e-05,0.0,0.0,0.0
1993,all,zeros_included,municipality,Grýtubakkahreppur,490,1.8122448979591836,0.004794379812725654,0.013427690074396662,2.847642744218287,0.03823726421196756
1993,all,zeros_included,municipality,Hálshreppur,1471,0.06730115567641061,0.01439292388677436,0.0014970059880239522,5.242092013802021,0.007847443134434164
1993,all,zeros_included,municipality,Hríseyjarhreppur,7,0.0,6.849114018179505e-05,0.0,0.0,0.0
1993,all,zeros_included,municipality,Húsavík,66,12.181818181818182,0.0006457736074283534,0.012157503175467247,0.9759595524766729,0.011865231358362743
1993,all,zeros_included,municipality,Kelduneshreppur,720,0.0,0.0070448029901274915,0.0,0.0,0.0
1993,all,zeros_included,municipality,Ljósavatnshreppur,401,0.0,0.003923563887557117,0.0,0.0,0.0
1993,all,zeros_included,municipality,Ólafsfjörður,202,3.133663366336634,0.0019764586166746575,0.009571765559789511,2.016085713706543,0.019297499800039947
1993,all,zeros_included,municipality,Öxarfjarðarhreppur,2684,0.03464977645305514,0.026261460035419702,0.0014062783523861367,6.201504625551839,0.008721041707136045
1993,all,zeros_included,municipality,Öxnadalshreppur,289,0.04152249134948097,0.0028277056446483957,0.00018145527127563056,4.84246747161135,0.0008786912487046543
1993,all,zeros_included,municipality,Reykdælahreppur,390,0.3282051282051282,0.0038159349529857246,0.001935522893606726,3.766929937360401,0.007290979132373606
1993,all,zeros_included,municipality,Reykjahreppur,191,0.44502617801047123,0.0018688296821032652,0.0012853081715357164,3.5828333746416283,0.004605045013677772
1993,all,zeros_included,municipality,Siglufjörður,137,8.832116788321168,0.0013404694578437032,0.018296739853626082,1.3104528632240617,0.0239770151288501
1993,all,zeros_included,municipality,Skriðuhreppur,403,0.08933002481389578,0.003943132784751916,0.0005443658138268917,5.305789381386738,0.002888290354592672
1993,all,zeros_included,municipality,Skútustaðahreppur,6033,0.08370628211503398,0.05902957838810994,0.007636242666182786,5.637156717198616,0.04304669663983096
1993,all,zeros_included,municipality,Svalbarðshreppur,1098,0.0,0.010743324559944424,0.0,0.0,0.0
1993,all,zeros_included,municipality,Þórshafnarhreppur,709,0.2750352609308886,0.006937174055556099,0.0029486481582289966,4.175345250929318,0.012311624084122922
1993,all,zeros_included,municipality,Tjörneshreppur,176,0.3125,0.0017220629531422757,0.00083166999334664,3.9612549659143674,0.0032944568911463467
1993,all,zeros_included,municipality,Akrahreppur,1359,0.0,0.01329706564386564,0.0,0.0,0.0
1993,all,zeros_included,municipality,Áshreppur,1150,0.0,0.011252115887009188,0.0,0.0,0.0
1993,all,zeros_included,municipality,Blönduós,15,21.066666666666666,0.00014676672896098941,0.0047783221435916045,0.603281906912299,0.0028826752946272075
1993,all,zeros_included,municipality,Bólstaðarhlíðarhreppur,1340,0.014925373134328358,0.013111161120515054,0.00030242545212605095,6.777715805138966,0.002049753766751033
1993,all,zeros_included,municipality,Engihlíðarhreppur,166,0.6566265060240963,0.0016242184671682828,0.0016482187140869776,3.701650756340876,0.0061011300496152466
1993,all,zeros_included,municipality,Höfðahreppur,48,4.083333333333333,0.00046965353267516607,0.002963769430835299,1.9695883035012096,0.005837405605247642
1993,all,zeros_included,municipality,Húnaþing vestra,2461,0.11499390491670053,0.02407952799819966,0.00427932014758362,5.563289273925948,0.023807095876747158
1993,all,zeros_included,municipality,Skagahreppur,272,0.0,0.0026613700184926078,0.0,0.0,0.0
1993,all,zeros_included,municipality,Sveinsstaðahreppur,118,0.0,0.0011545649344931166,0.0,0.0,0.0
1993,all,zeros_included,municipality,Sveitarfélagið Skagafjörður,4110,0.4530413625304136,0.040214083735311094,0.02815580959293534,4.179579054897859,0.11767943204832476
1993,all,zeros_included,municipality,Svínavatnshreppur,979,0.5628192032686414,0.009578975176853908,0.008331821206072704,4.00040069874526,0.03333062337459382
1993,all,zeros_included,municipality,Torfalækjarhreppur,187,0.27807486631016043,0.0018296918877136678,0.0007863061755277324,3.959927136594007,0.003113715162143718
1993,all,zeros_included,municipality,Vindhælishreppur,225,0.16444444444444445,0.002201500934414841,0.0005594870864331943,4.732111969236638,0.0026475555383438524
1993,all,zeros_included,municipality,Ásahreppur,137,0.0,0.0013404694578437032,0.0,0.0,0.0
1993,all,zeros_included,municipality,Austur-Eyjafjallahreppur,282,0.0,0.0027592145044666007,0.0,0.0,0.0
1993,all,zeros_included,municipality,Austur-Landeyjahreppur,200,0.0,0.001956889719479859,0.0,0.0,0.0
1993,all,zeros_included,municipality,Biskupstungnahreppur,1989,0.3911513323278029,0.019461268260227194,0.01176435008770338,4.363121854166941,0.051329292967729395
1993,all,zeros_included,municipality,Djúpárhreppur,120,2.658333333333333,0.0011741338316879153,0.004823685961410512,2.3084949262742596,0.01113545456785654
1993,all,zeros_included,municipality,Fljótshlíðarhreppur,414,0.0,0.0040507617193233075,0.0,0.0,0.0
1993,all,zeros_included,municipality,Gaulverjabæjarhreppur,84,0.0,0.0008218936821815406,0.0,0.0,0.0
1993,all,zeros_included,municipality,Gnúpverjahreppur,1127,0.06388642413487133,0.011027073569269004,0.0010887316276537834,5.374195671753699,0.005851056801038323
1993,all,zeros_included,municipality,Grímsnes- og Grafningshreppur,889,1.3813273340832395,0.008698374803087971,0.018568922760539525,3.1072264880000566,0.05769784865517555
1993,all,zeros_included,municipality,Holta- og Landasveit,1604,0.11034912718204488,0.015694255550228468,0.0026764652513155507,5.31536207373872,0.01422638188852225
1993,all,zeros_included,municipality,Hraungerðishreppur,98,1.336734693877551,0.0009588759625451307,0.0019808867114256335,3.0927062407174613,0.006126300694580346
1993,all,zeros_included,municipality,Hrunamannahreppur,1212,0.4405940594059406,0.011858751700047944,0.00807475957176556,4.139467530623027,0.033425205064911034
1993,all,zeros_included,municipality,Hveragerði,11,50.0,0.00010762893457139223,0.0083166999334664,0.015094284071468067,0.0001255346313329014
1993,all,zeros_included,municipality,Hvolhreppur,238,2.0,0.002328698766181032,0.007197725760600012,2.7682215834094483,0.01992489980195514
1993,all,zeros_included,municipality,Laugardalshreppur,649,0.4206471494607088,0.006350107139712142,0.004128107421520595,4.437913801416196,0.018320184899694874
1993,all,zeros_included,municipality,Mýrdalshreppur,764,0.12172774869109948,0.007475318728413061,0.0014062783523861367,4.925408333777884,0.006926495116454109
1993,all,zeros_included,municipality,Ölfushreppur,739,3.0622462787550746,0.007230707513478078,0.034219439908062664,2.4320860006079803,0.08322462074904524
1993,all,zeros_included,municipality,Rangárvallahreppur,1446,0.07192254495159059,0.014148312671839379,0.0015726123510554648,5.695203969919909,0.008956348104876164
1993,all,zeros_included,municipality,Skaftárhreppur,6922,0.012135221034383126,0.06772795319119791,0.001270186898929414,7.240745934771079,0.009197100624822638
1993,all,zeros_included,municipality,Skeiðahreppur,1280,0.0,0.012524094204671096,0.0,0.0,0.0
1993,all,zeros_included,municipality,Sveitarfélagið Árborg,149,9.697986577181208,0.0014578828410124946,0.02185023891610718,1.1967012642990982,0.02614820853614282
1993,all,zeros_included,municipality,Þingvallahreppur,647,0.0,0.006330538242517343,0.0,0.0,0.0
1993,all,zeros_included,municipality,Uten navn - sysla,123,0.0,0.0012034871774801131,0.0,0.0,0.0
1993,all,zeros_included,municipality,Vestmannaeyjar,15,33.86666666666667,0.00014676672896098941,0.0076816064840016934,0.24354633656531366,0.001870827118114972
1993,all,zeros_included,municipality,Vestur-Eyjafjallahreppur,469,0.0,0.0045889063921802685,0.0,0.0,0.0
1993,all,zeros_included,municipality,Vestur-Landeyjahreppur,186,0.0,0.0018199074391162687,0.0,0.0,0.0
1993,all,zeros_included,municipality,Villingaholtshreppur,2932,0.084924965893588,0.028688003287574728,0.003765196878969334,5.673929569270687,0.02136346190570981
1993,all,zeros_included,municipality,Grindavík,456,4.083333333333333,0.004461708560414078,0.02815580959293534,2.105478718250196,0.05928145789303007
1993,all,zeros_included,municipality,Reykjanesbær,132,19.113636363636363,0.0012915472148567067,0.03815097078570132,0.6990534288930887,0.026669566943344564
1993,all,zeros_included,municipality,Sandgerði,88,48.67045454545455,0.0008610314765711379,0.0647644105727938,0.04079495934561761,0.0026420614963600106
1993,all,zeros_included,municipality,Vatnsleysustrandarhreppur,155,3.6193548387096772,0.0015165895325968905,0.008483033932135729,1.936772633744154,0.016429707970883542
1993,all,zeros_included,municipality,Árneshreppur,682,0.0,0.006672993943426318,0.0,0.0,0.0
1993,all,zeros_included,municipality,Bæjarhreppur,497,0.2012072434607646,0.004862870952907449,0.0015121272606302546,4.467841485732597,0.006755944906751039
1993,all,zeros_included,municipality,Bolungarvík,85,9.611764705882353,0.00083167813077894,0.01235407971934918,1.2277671648678732,0.015167933431577033
1993,all,zeros_included,municipality,Broddaneshreppur,284,0.0,0.0027787834016613994,0.0,0.0,0.0
1993,all,zeros_included,municipality,Hólmavíkurhreppur,1327,0.28334589299171065,0.012983963288748863,0.0056855984999697575,4.622526643364743,0.026281830549584825
1993,all,zeros_included,municipality,Ísafjarðarbær,2337,0.6743688489516474,0.02286625637212215,0.023831125627532812,3.7681707607429855,0.08979975078526198
1993,all,zeros_included,municipality,Kaldrananeshreppur,471,0.0,0.004608475289375067,0.0,0.0,0.0
1993,all,zeros_included,municipality,Kirkjubólshreppur,159,0.0,0.0015557273269864876,0.0,0.0,0.0
1993,all,zeros_included,municipality,Reykhólahreppur,1149,0.0,0.011242331438411789,0.0,0.0,0.0
1993,all,zeros_included,municipality,Súðavíkurhreppur,733,0.0,0.007172000821893682,0.0,0.0,0.0
1993,all,zeros_included,municipality,Vesturbyggð,1511,0.050959629384513566,0.014784301830670333,0.001164337990685296,5.593372201276011,0.006512575749988703
1993,all,zeros_included,municipality,Akranes,7,44.0,6.849114018179505e-05,0.004657351962741184,0.10873159116365505,0.0005064012895180209
1993,all,zeros_included,municipality,Borgarbyggð,1847,0.4298863021115322,0.018071876559396495,0.012006290449404221,4.331456656719971,0.05200472668958533
1993,all,zeros_included,municipality,Borgarfjarðarsveit,1259,0.005559968228752979,0.012318620784125711,0.00010584890824411782,7.138073034044347,0.0007555572376203719
1993,all,zeros_included,municipality,Dalabyggð,2172,0.04465930018416206,0.021251822353551265,0.001466763442811347,6.340701615413284,0.009300309331263058
1993,all,zeros_included,municipality,Eyja- og Miklaholtshreppur,405,0.0,0.003962701681946714,0.0,0.0,0.0
1993,all,zeros_included,municipality,Eyrarsveit,141,1.070921985815603,0.0013796072522333004,0.0022833121635516844,2.898253048583931,0.006617616438882441
1993,all,zeros_included,municipality,Helgafellssveit,246,0.8373983739837398,0.0024069743549602262,0.0031149821568983247,3.7826154210869474,0.011782779543094283
1993,all,zeros_included,municipality,Hvalfjarðarstrandarhreppur,291,0.05154639175257732,0.0028472745418431943,0.0002268190890945382,5.673323267171492,0.0012868180155986872
1993,all,zeros_included,municipality,Hvítársíðuhreppur,1477,0.0,0.014451630578358757,0.0,0.0,0.0
1993,all,zeros_included,municipality,Innri-Akraneshreppur,28,7.607142857142857,0.0002739645607271802,0.003220831065142442,1.3177835732781027,0.004244358269948525
1993,all,zeros_included,municipality,Kolbeinsstaðahreppur,391,0.0,0.003825719401583124,0.0,0.0,0.0
1993,all,zeros_included,municipality,Leirár- og Melahreppur,136,0.0,0.0013306850092463039,0.0,0.0,0.0
1993,all,zeros_included,municipality,Saurbæjarhreppur,255,0.0,0.00249503439233682,0.0,0.0,0.0
1993,all,zeros_included,municipality,Skilmannahreppur,52,4.326923076923077,0.0005087913270647633,0.003402286336418073,1.7633887798630699,0.00599955355152106
1993,all,zeros_included,municipality,Skorradalshreppur,207,0.0,0.0020253808596616537,0.0,0.0,0.0
1993,all,zeros_included,municipality,Snæfellsbær,697,0.3629842180774749,0.0068197606723873075,0.0038256819693945443,4.337757232154846,0.01659487963066558
1993,all,lit_only,region,Austurland,305,25.79672131147541,0.13695554557700942,0.11897417286638844,0.17019970897174996,0.020249369597013983
1993,all,lit_only,region,Höfuðborgarsvæði,462,41.58874458874459,0.2074539739559946,0.2905401318574971,0.09205563728972121,0.026745856996381528
1993,all,lit_only,region,Norðurland eystra,516,23.05426356589147,0.23170184104176023,0.17988265892457508,0.18222679077679294,0.03277943965222175
1993,all,lit_only,region,Norðurland vestra,146,23.465753424657535,0.0655590480466996,0.051805479949192525,0.23913805779575315,0.012388661858226733
1993,all,lit_only,region,Suðurland,341,27.225806451612904,0.15312079030085315,0.14038589487691283,0.1686929895111713,0.02368211629198745
1993,all,lit_only,region,Suðurnes,249,37.06425702811245,0.11180960933991918,0.1395542248835662,0.11150781978040802,0.015561387357911233
1993,all,lit_only,region,Vestfirðir,120,24.55,0.05388414907947912,0.0445472690981673,0.16707502284043052,0.007442736002055106
1993,all,lit_only,region,Vesturland,88,25.78409090909091,0.03951504265828469,0.034310167543700476,0.1907751675843814,0.006545527962997662
1993,all,lit_only,municipality,Austur-Hérað,44,26.545454545454547,0.019757521329142345,0.017661646404161374,0.25981914543181794,0.004588833875648148
1993,all,lit_only,municipality,Breiðdalshreppur,4,18.0,0.001796138302649304,0.0010887316276537834,0.05115246714218147,5.5691308810213904e-05
1993,all,lit_only,municipality,Búðahreppur,16,31.875,0.007184553210597216,0.007711849029214298,0.08717498800432288,0.0006722803466129055
1993,all,lit_only,municipality,Djúpavogshreppur,10,25.9,0.00449034575662326,0.003916409605032359,0.03623067533111124,0.000141894164863573
1993,all,lit_only,municipality,Fáskrúðsfjarðarhr.,15,18.133333333333333,0.00673551863493489,0.004112986148914292,0.09700931384580835,0.00039899796416348923
1993,all,lit_only,municipality,Fellahreppur,21,29.476190476190474,0.009429726088908847,0.009360067743301276,0.09111453154164462,0.0008528381876289544
1993,all,lit_only,municipality,Fjarðabyggð,91,27.582417582417584,0.040862146385271664,0.03795439424181939,0.1618253365442306,0.006141982621514831
1993,all,lit_only,municipality,Mjóafjarðarhreppur,10,23.8,0.00449034575662326,0.003598862880300006,0.09768450561174102,0.0003515531412265524
1993,all,lit_only,municipality,Seyðisfjörður,43,27.25581395348837,0.019308486753480018,0.017722131494586586,0.16492487326811966,0.0029228202907856447
1993,all,lit_only,municipality,Stöðvarhreppur,7,20.714285714285715,0.003143242029636282,0.0021925845279138693,0.04578182249224172,0.00010038051565618837
1993,all,lit_only,municipality,Sveitarfélagið Hornafjörður,23,19.782608695652176,0.010327795240233499,0.006880179035867659,0.23512913383981537,0.0016177305373664187
1993,all,lit_only,municipality,Vopnafjarðarhreppur,21,21.333333333333332,0.009429726088908847,0.0067743301276235405,0.1792454546713742,0.00121426788381987
1993,all,lit_only,municipality,Bessastaðahreppur,6,61.333333333333336,0.002694207453973956,0.005564628319119337,0.00034360635074826007,1.9120416300030198e-06
1993,all,lit_only,municipality,Garðabær,36,52.638888888888886,0.016165244723843737,0.028654811588943327,0.026810893286774995,0.000768261095663803
1993,all,lit_only,municipality,Hafnarfjörður,92,37.58695652173913,0.041311180960933995,0.0522893606725942,0.10633430858293114,0.005560153013363815
1993,all,lit_only,municipality,Kópavogur,54,38.129629629629626,0.024247867085765602,0.03113470029637694,0.11541460606549014,0.003593399169673444
1993,all,lit_only,municipality,Mosfellsbær,93,37.81720430107527,0.04176021553659632,0.05318151575636606,0.11465249201539374,0.006097393310623296
1993,all,lit_only,municipality,Reykjavík,181,43.74033149171271,0.081275258194881,0.11971511522409727,0.07369322986260762,0.008822193504237958
1993,all,lit_only,municipality,Aðaldælahreppur,21,16.80952380952381,0.009429726088908847,0.0053378092300247985,0.18932154158698378,0.0010105622721255257
1993,all,lit_only,municipality,Akureyri,70,31.34285714285714,0.03143242029636282,0.03317607209822779,0.1530900188736255,0.005078925503670452
1993,all,lit_only,municipality,Arnarneshreppur,6,20.5,0.002694207453973956,0.0018599165305752132,0.0027201754689949453,5.059299320848882e-06
1993,all,lit_only,municipality,Dalvíkurbyggð,54,22.12962962962963,0.024247867085765602,0.018069920764531542,0.2022400804958573,0.003654462229972622
1993,all,lit_only,municipality,Eyjafjarðarsveit,81,20.02469135802469,0.03637180062864841,0.024526704167422732,0.08405285871862622,0.002061539600217924
1993,all,lit_only,municipality,Glæsibæjarhreppur,65,25.630769230769232,0.02918724741805119,0.025192040162100044,0.13501959140276787,0.003401418969288866
1993,all,lit_only,municipality,Grýtubakkahreppur,31,28.64516129032258,0.013920071845532105,0.013427690074396662,0.08722455759876091,0.0011712243263125217
1993,all,lit_only,municipality,Hálshreppur,8,12.375,0.003592276605298608,0.0014970059880239522,0.02783583488041952,4.1670411497634015e-05
1993,all,lit_only,municipality,Húsavík,32,25.125,0.014369106421194431,0.012157503175467247,0.2520407132499738,0.003064185771683586
1993,all,lit_only,municipality,Ólafsfjörður,32,19.78125,0.014369106421194431,0.009571765559789511,0.173553919105065,0.001661217425656356
1993,all,lit_only,municipality,Öxarfjarðarhreppur,7,13.285714285714286,0.003143242029636282,0.0014062783523861367,0.2523512765155793,0.00035487613736086726
1993,all,lit_only,municipality,Öxnadalshreppur,3,4.0,0.001347103726986978,0.00018145527127563056,0.2746530721670273,4.983724771675327e-05
1993,all,lit_only,municipality,Reykdælahreppur,11,11.636363636363637,0.004939380332285586,0.001935522893606726,0.19867847103507952,0.0003845467291551772
1993,all,lit_only,municipality,Reykjahreppur,7,12.142857142857142,0.003143242029636282,0.0012853081715357164,0.2764700956503119,0.000355349273124607
1993,all,lit_only,municipality,Siglufjörður,45,26.88888888888889,0.02020655590480467,0.018296739853626082,0.1971344271662563,0.00360691733005459
1993,all,lit_only,municipality,Skriðuhreppur,2,18.0,0.000898069151324652,0.0005443658138268917,0.0,0.0
1993,all,lit_only,municipality,Skútustaðahreppur,24,21.041666666666668,0.010776829815895825,0.007636242666182786,0.11021086910580014,0.0008415969409427972
1993,all,lit_only,municipality,Þórshafnarhreppur,13,15.0,0.0058374494836102376,0.0029486481582289966,0.17643908185872803,0.0005202567737623535
1993,all,lit_only,municipality,Tjörneshreppur,4,13.75,0.001796138302649304,0.00083166999334664,0.1770653319961064,0.00014725992348312242
1993,all,lit_only,municipality,Blönduós,9,35.111111111111114,0.004041311180960934,0.0047783221435916045,0.0924562831463085,0.00044178590507218114
1993,all,lit_only,municipality,Bólstaðarhlíðarhreppur,2,10.0,0.000898069151324652,0.00030242545212605095,0.27043809275395425,8.178736247322152e-05
1993,all,lit_only,municipality,Engihlíðarhreppur,5,21.8,0.00224517287831163,0.0016482187140869776,0.19910088041843288,0.00032816179709685455
1993,all,lit_only,municipality,Höfðahreppur,7,28.0,0.003143242029636282,0.002963769430835299,0.04429744164863214,0.00013128740342242636
1993,all,lit_only,municipality,Húnaþing vestra,14,20.214285714285715,0.006286484059272564,0.00427932014758362,0.39402355315015036,0.0016861529296179239
1993,all,lit_only,municipality,Sveitarfélagið Skagafjörður,83,22.433734939759034,0.037269869779973056,0.02815580959293534,0.27724135520417725,0.007805954808416168
1993,all,lit_only,municipality,Svínavatnshreppur,20,27.55,0.00898069151324652,0.008331821206072704,0.10960132976874037,0.0009131786835809585
1993,all,lit_only,municipality,Torfalækjarhreppur,4,13.0,0.001796138302649304,0.0007863061755277324,0.11511288085931115,9.051396910246446e-05
1993,all,lit_only,municipality,Vindhælishreppur,2,18.5,0.000898069151324652,0.0005594870864331943,0.009158747592163952,5.1242010057168424e-06
1993,all,lit_only,municipality,Biskupstungnahreppur,31,25.096774193548388,0.013920071845532105,0.01176435008770338,0.20172177979811545,0.0023731256378596416
1993,all,lit_only,municipality,Djúpárhreppur,15,21.266666666666666,0.00673551863493489,0.004823685961410512,0.22905338459442381,0.001104881595681685
1993,all,lit_only,municipality,Gnúpverjahreppur,6,12.0,0.002694207453973956,0.0010887316276537834,0.13864062694197754,0.0001509424354294802
1993,all,lit_only,municipality,Grímsnes- og Grafningshreppur,45,27.288888888888888,0.02020655590480467,0.018568922760539525,0.1237917422564716,0.002298679300353038
1993,all,lit_only,municipality,Holta- og Landasveit,10,17.7,0.00449034575662326,0.0026764652513155507,0.2376913783063066,0.0006361727145741286
1993,all,lit_only,municipality,Hraungerðishreppur,5,26.2,0.00224517287831163,0.0019808867114256335,0.1171766744809899,0.00023211371736844003
1993,all,lit_only,municipality,Hrunamannahreppur,25,21.36,0.01122586439155815,0.00807475957176556,0.2583161888619685,0.00208584111855518
1993,all,lit_only,municipality,Hveragerði,11,50.0,0.004939380332285586,0.0083166999334664,0.015094284071468067,0.0001255346313329014
1993,all,lit_only,municipality,Hvolhreppur,16,29.75,0.007184553210597216,0.007197725760600012,0.06853963197775492,0.0004933294747083309
1993,all,lit_only,municipality,Laugardalshreppur,8,34.125,0.003592276605298608,0.004128107421520595,0.041922626391941,0.0001730611051382068
1993,all,lit_only,municipality,Mýrdalshreppur,6,15.5,0.002694207453973956,0.0014062783523861367,0.07860001383941828,0.00011053349795962469
1993,all,lit_only,municipality,Ölfushreppur,75,30.173333333333332,0.03367759317467445,0.034219439908062664,0.14427619319608853,0.0049370505232375905
1993,all,lit_only,municipality,Rangárvallahreppur,6,17.333333333333332,0.002694207453973956,0.0015726123510554648,0.21040703642925385,0.0003308887042376217
1993,all,lit_only,municipality,Skaftárhreppur,5,16.8,0.00224517287831163,0.001270186898929414,0.007723823009889941,9.810698796811756e-06
1993,all,lit_only,municipality,Sveitarfélagið Árborg,52,27.78846153846154,0.02334979793444095,0.02185023891610718,0.14399867693506607,0.003146405494634526
1993,all,lit_only,municipality,Vestmannaeyjar,12,42.333333333333336,0.005388414907947912,0.0076816064840016934,0.02040278525110395,0.0001567261674765742
1993,all,lit_only,municipality,Villingaholtshreppur,13,19.153846153846153,0.0058374494836102376,0.003765196878969334,0.2554388637256815,0.000961777612467409
1993,all,lit_only,municipality,Grindavík,64,29.09375,0.028738212842388863,0.02815580959293534,0.14186899209548143,0.003994436328582024
1993,all,lit_only,municipality,Reykjanesbær,73,34.56164383561644,0.0327795240233498,0.03815097078570132,0.10671094745510912,0.0040711262388743764
1993,all,lit_only,municipality,Sandgerði,87,49.229885057471265,0.03906600808262236,0.0647644105727938,0.029366263521994895,0.0019018887477273354
1993,all,lit_only,municipality,Vatnsleysustrandarhreppur,25,22.44,0.01122586439155815,0.008483033932135729,0.11222334169310777,0.0009519944155602955
1993,all,lit_only,municipality,Bæjarhreppur,7,14.285714285714286,0.003143242029636282,0.0015121272606302546,0.2051616086912822,0.0003102304613368448
1993,all,lit_only,municipality,Bolungarvík,29,28.17241379310345,0.013022002694207453,0.01235407971934918,0.15241173836403066,0.0018829067659138245
1993,all,lit_only,municipality,Hólmavíkurhreppur,14,26.857142857142858,0.006286484059272564,0.0056855984999697575,0.0709079386477951,0.0004031540696118514
1993,all,lit_only,municipality,Ísafjarðarbær,63,25.015873015873016,0.02828917826672654,0.023831125627532812,0.15468215259566032,0.0036862498108443816
1993,all,lit_only,municipality,Vesturbyggð,7,11.0,0.003143242029636282,0.001164337990685296,0.21875538805858463,0.00025470520898371465
1993,all,lit_only,municipality,Akranes,7,44.0,0.003143242029636282,0.004657351962741184,0.10873159116365505,0.0005064012895180209
1993,all,lit_only,municipality,Borgarbyggð,30,26.466666666666665,0.01347103726986978,0.012006290449404221,0.2113360581828867,0.0025373620969759273
1993,all,lit_only,municipality,Borgarfjarðarsveit,1,7.0,0.000449034575662326,0.00010584890824411782,0.0,0.0
1993,all,lit_only,municipality,Dalabyggð,4,24.25,0.001796138302649304,0.001466763442811347,0.04359229547934884,6.393958539733923e-05
1993,all,lit_only,municipality,Eyrarsveit,9,16.77777777777778,0.004041311180960934,0.0022833121635516844,0.1467177355419822,0.0003350023901717672
1993,all,lit_only,municipality,Helgafellssveit,7,29.428571428571427,0.003143242029636282,0.0031149821568983247,0.22319403420989792,0.0006952454340899863
1993,all,lit_only,municipality,Hvalfjarðarstrandarhreppur,1,15.0,0.000449034575662326,0.0002268190890945382,0.0,0.0
1993,all,lit_only,municipality,Innri-Akraneshreppur,9,23.666666666666668,0.004041311180960934,0.003220831065142442,0.182803640439118,0.0005887796439474405
1993,all,lit_only,municipality,Skilmannahreppur,9,25.0,0.004041311180960934,0.003402286336418073,0.009369638617862108,3.187819344672737e-05
1993,all,lit_only,municipality,Snæfellsbær,11,23.0,0.004939380332285586,0.0038256819693945443,0.18886709419269243,0.0007225454368649244
1994,all,zeros_included,region,Austurland,22467,0.35104820403258113,0.21982720663776992,0.1156095630377743,4.47888785455916,0.5178022677607789
1994,all,zeros_included,region,Höfuðborgarsvæði,1034,16.947775628626694,0.01011711984971087,0.25687105143577493,1.0545856455463882,0.2708925236005762
1994,all,zeros_included,region,Norðurland eystra,21869,0.6886003017970643,0.21397610637652514,0.22073848228551327,3.692344482701036,0.8150425171867153
1994,all,zeros_included,region,Norðurland vestra,12430,0.34529364440868865,0.12162069606567322,0.06291317922633793,4.48125614739644,0.2819300711602809
1994,all,zeros_included,region,Suðurland,24726,0.3574375151662218,0.24193027601929493,0.12954955219067443,4.472044337735081,0.579351341330421
1994,all,zeros_included,region,Suðurnes,831,9.873646209386282,0.008130876784438813,0.120270884331804,1.5198933189365262,0.18279891355849662
1994,all,zeros_included,region,Vestfirðir,9235,0.38635625338386576,0.09035938279698248,0.05230061124873572,4.172534863418802,0.21822612381346337
1994,all,zeros_included,region,Vesturland,9611,0.2963271251690771,0.0940383354696046,0.04174667624338547,4.646119746223903,0.19396005683360953
1994,all,zeros_included,municipality,Austur-Hérað,1563,0.9046705054382598,0.015293093157735096,0.02072675569106287,3.562684213323568,0.07384288529396411
1994,all,zeros_included,municipality,Borgarfjarðarhreppur,419,0.0,0.004099683962310304,0.0,0.0,0.0
1994,all,zeros_included,municipality,Breiðdalshreppur,452,0.0,0.004422570766024481,0.0,0.0,0.0
1994,all,zeros_included,municipality,Búðahreppur,25,17.96,0.00024461121493498235,0.006581551135280925,0.7067716376432545,0.00465165367411532
1994,all,zeros_included,municipality,Djúpavogshreppur,1146,0.18760907504363003,0.011212978092619591,0.0031515222585420913,5.001280786239072,0.015761647719051326
1994,all,zeros_included,municipality,Fáskrúðsfjarðarhr.,219,0.7579908675799086,0.0021427942428304454,0.002433268348455754,3.3760269665711413,0.00821477956129065
1994,all,zeros_included,municipality,Fellahreppur,336,1.7380952380952381,0.0032875747287261625,0.0085604139487841,2.982292657134819,0.0255296596614933
1994,all,zeros_included,municipality,Fjarðabyggð,635,4.020472440944882,0.006213124859348551,0.03742249453980446,2.073707672696509,0.07760331405863571
1994,all,zeros_included,municipality,Fljótsdalshreppur,1531,0.0,0.014979990802618318,0.0,0.0,0.0
1994,all,zeros_included,municipality,Mjóafjarðarhreppur,187,1.2032085561497325,0.0018296918877136678,0.0032981046891719557,3.039460917693731,0.01002446030520059
1994,all,zeros_included,municipality,Norður-Hérað,6977,0.0,0.06826609786405487,0.0,0.0,0.0
1994,all,zeros_included,municipality,Seyðisfjörður,208,6.427884615384615,0.002035165308259053,0.019598070975212913,1.5527125670279884,0.030430171092719553
1994,all,zeros_included,municipality,Skeggjastaðahreppur,589,0.0,0.005763040223868184,0.0,0.0,0.0
1994,all,zeros_included,municipality,Stöðvarhreppur,85,1.611764705882353,0.00083167813077894,0.0020081792996291463,2.6345883168177533,0.005290725720878207
1994,all,zeros_included,municipality,Sveitarfélagið Hornafjörður,6214,0.06147409076279369,0.06080056358423921,0.0055994488500608315,6.222539551267692,0.03484279193480392
1994,all,zeros_included,municipality,Vopnafjarðarhreppur,1881,0.22594364699627859,0.018404547811708073,0.0062297533017692495,4.759596157618103,0.029651109878009608
1994,all,zeros_included,municipality,Bessastaðahreppur,6,61.333333333333336,5.870669158439576e-05,0.005394233447179021,0.00034360635074826007,1.8534928698693908e-06
1994,all,zeros_included,municipality,Garðabær,36,52.638888888888886,0.0003522401495063746,0.02777737060435936,0.026810893286774995,0.0007447361190606795
1994,all,zeros_included,municipality,Hafnarfjörður,143,19.566433566433567,0.001399176149428099,0.041013764090236146,0.8889145039722379,0.03645772976230665
1994,all,zeros_included,municipality,Kjósarhreppur,273,0.0,0.002671154467090007,0.0,0.0,0.0
1994,all,zeros_included,municipality,Kópavogur,107,16.345794392523363,0.0010469359999217243,0.025637267117163336,1.0804130218438286,0.02769883723787186
1994,all,zeros_included,municipality,Mosfellsbær,198,17.22222222222222,0.0019373208222850601,0.04998460884478386,0.9152260517723985,0.045747216202399237
1994,all,zeros_included,municipality,Reykjavík,271,26.952029520295202,0.0026515855698952084,0.10706380733205317,0.6200575691441843,0.06638572411763419
1994,all,zeros_included,municipality,Aðaldælahreppur,561,0.8128342245989305,0.005489075663141003,0.006684158836721831,2.918940517457025,0.019510662053625765
1994,all,zeros_included,municipality,Akureyri,117,23.034188034188034,0.0011447804858957173,0.03950396505474854,0.5973790241768668,0.02359884009552273
1994,all,zeros_included,municipality,Arnarneshreppur,77,1.077922077922078,0.0007534025419997456,0.001216634174227877,2.960718196973818,0.00360211093869669
1994,all,zeros_included,municipality,Bárðdælahreppur,3151,0.0,0.030830797530405175,0.0,0.0,0.0
1994,all,zeros_included,municipality,Dalvíkurbyggð,575,2.6052173913043477,0.005626057943504594,0.021958048108353733,2.412389530668617,0.05297136537051038
1994,all,zeros_included,municipality,Eyjafjarðarsveit,1796,1.3502227171492205,0.01757286968092913,0.03554623942774219,2.881433955126435,0.1024241412641504
1994,all,zeros_included,municipality,Glæsibæjarhreppur,120,14.983333333333333,0.0011741338316879153,0.026355521027249675,0.6399141244087483,0.01686527016148883
1994,all,zeros_included,municipality,Grímseyjarhreppur,5,0.0,4.892224298699647e-05,0.0,0.0,0.0
1994,all,zeros_included,municipality,Grýtubakkahreppur,490,2.0448979591836736,0.004794379812725654,0.014687559549112444,2.688775720286954,0.039491553505922344
1994,all,zeros_included,municipality,Hálshreppur,1471,0.21278042148198503,0.01439292388677436,0.0045880300787147655,4.060638851243213,0.018630333188301634
1994,all,zeros_included,municipality,Hríseyjarhreppur,7,0.0,6.849114018179505e-05,0.0,0.0,0.0
1994,all,zeros_included,municipality,Húsavík,66,13.075757575757576,0.0006457736074283534,0.012650063763357325,0.8449957850422893,0.01068925056055314
1994,all,zeros_included,municipality,Kelduneshreppur,720,0.0,0.0070448029901274915,0.0,0.0,0.0
1994,all,zeros_included,municipality,Ljósavatnshreppur,401,0.0,0.003923563887557117,0.0,0.0,0.0
1994,all,zeros_included,municipality,Ólafsfjörður,202,5.569306930693069,0.0019764586166746575,0.01649052344585978,1.672992120720606,0.02758851579148183
1994,all,zeros_included,municipality,Öxarfjarðarhreppur,2684,0.05365126676602087,0.026261460035419702,0.002110787001070052,5.417022672981165,0.01143418104263039
1994,all,zeros_included,municipality,Öxnadalshreppur,289,0.04844290657439446,0.0028277056446483957,0.0002052154028818106,4.973279507552487,0.0010205935577862362
1994,all,zeros_included,municipality,Reykdælahreppur,390,0.35384615384615387,0.0038159349529857246,0.002022837542692133,3.3930888154218666,0.006863667441524129
1994,all,zeros_included,municipality,Reykjahreppur,191,0.6387434554973822,0.0018688296821032652,0.0017883056536843493,3.0303722823034764,0.005419231885211652
1994,all,zeros_included,municipality,Siglufjörður,137,9.875912408759124,0.0013404694578437032,0.019832602864220693,1.1221286993587656,0.022254732856926893
1994,all,zeros_included,municipality,Skriðuhreppur,403,0.04466501240694789,0.003943132784751916,0.0002638483751337565,5.9989365619466835,0.001582809664400116
1994,all,zeros_included,municipality,Skútustaðahreppur,6033,0.1296204210177358,0.05902957838810994,0.01146274607525542,5.040007164630817,0.05777232234563109
1994,all,zeros_included,municipality,Svalbarðshreppur,1098,0.0,0.010743324559944424,0.0,0.0,0.0
1994,all,zeros_included,municipality,Þórshafnarhreppur,709,0.2566995768688293,0.006937174055556099,0.0026678002374635377,4.233594396164835,0.01129438413541285
1994,all,zeros_included,municipality,Tjörneshreppur,176,0.2727272727272727,0.0017220629531422757,0.0007035956670233506,4.005751898773663,0.0028184296791477085
1994,all,zeros_included,municipality,Akrahreppur,1359,0.0,0.01329706564386564,0.0,0.0,0.0
1994,all,zeros_included,municipality,Áshreppur,1150,0.0,0.011252115887009188,0.0,0.0,0.0
1994,all,zeros_included,municipality,Blönduós,15,27.4,0.00014676672896098941,0.006024537898887439,0.35839692305053994,0.0021591758457626233
1994,all,zeros_included,municipality,Bólstaðarhlíðarhreppur,1340,0.03507462686567164,0.013111161120515054,0.0006889374239603641,5.900456447779575,0.0040650452653235815
1994,all,zeros_included,municipality,Engihlíðarhreppur,166,0.8554216867469879,0.0016242184671682828,0.002081470514944079,3.354225987089344,0.0069817224925856685
1994,all,zeros_included,municipality,Höfðahreppur,48,4.375,0.00046965353267516607,0.0030782310432271587,1.9436180267374086,0.005982905346079005
1994,all,zeros_included,municipality,Húnaþing vestra,2461,0.15400243803331978,0.02407952799819966,0.005555474120871872,5.293437651618492,0.029407555884015304
1994,all,zeros_included,municipality,Skagahreppur,272,0.0,0.0026613700184926078,0.0,0.0,0.0
1994,all,zeros_included,municipality,Sveinsstaðahreppur,118,0.0,0.0011545649344931166,0.0,0.0,0.0
1994,all,zeros_included,municipality,Sveitarfélagið Skagafjörður,4110,0.5177615571776155,0.040214083735311094,0.03119274123803521,4.068967717791949,0.12692225712700295
1994,all,zeros_included,municipality,Svínavatnshreppur,979,0.686414708886619,0.009578975176853908,0.009850339338326908,3.816489591476983,0.03759371755724092
1994,all,zeros_included,municipality,Torfalækjarhreppur,187,1.0160427807486632,0.0018296918877136678,0.0027850661819674295,3.371979151484317,0.009391185101098199
1994,all,zeros_included,municipality,Vindhælishreppur,225,0.5022222222222222,0.002201500934414841,0.0016563814661174712,3.8644132410916114,0.006400942469963092
1994,all,zeros_included,municipality,Ásahreppur,137,0.0,0.0013404694578437032,0.0,0.0,0.0
1994,all,zeros_included,municipality,Austur-Eyjafjallahreppur,282,0.0,0.0027592145044666007,0.0,0.0,0.0
1994,all,zeros_included,municipality,Austur-Landeyjahreppur,200,0.0,0.001956889719479859,0.0,0.0,0.0
1994,all,zeros_included,municipality,Biskupstungnahreppur,1989,0.6540975364504776,0.019461268260227194,0.019070374224945397,3.590763382848337,0.06847720146414867
1994,all,zeros_included,municipality,Djúpárhreppur,120,0.0,0.0011741338316879153,0.0,0.0,0.0
1994,all,zeros_included,municipality,Fljótshlíðarhreppur,414,0.0,0.0040507617193233075,0.0,0.0,0.0
1994,all,zeros_included,municipality,Gaulverjabæjarhreppur,84,0.0,0.0008218936821815406,0.0,0.0,0.0
1994,all,zeros_included,municipality,Gnúpverjahreppur,1127,0.14463176574977818,0.011027073569269004,0.0023892936192667948,4.865327706730199,0.011624696445332414
1994,all,zeros_included,municipality,Grímsnes- og Grafningshreppur,889,0.4251968503937008,0.008698374803087971,0.005540815877808886,4.37508867811733,0.02424156081453439
1994,all,zeros_included,municipality,Holta- og Landasveit,1604,0.08603491271820449,0.015694255550228468,0.002022837542692133,5.642951894054695,0.011414774942899518
1994,all,zeros_included,municipality,Hraungerðishreppur,98,1.4591836734693877,0.0009588759625451307,0.002096128758007065,3.0335433761298214,0.006358697509367562
1994,all,zeros_included,municipality,Hrunamannahreppur,1212,0.7665016501650165,0.011858751700047944,0.01361750780551443,3.393826650046556,0.046215460897571864
1994,all,zeros_included,municipality,Hveragerði,11,52.09090909090909,0.00010762893457139223,0.008399173275091248,0.006958653089298217,5.8446933058264735e-05
1994,all,zeros_included,municipality,Hvolhreppur,238,1.546218487394958,0.002328698766181032,0.005394233447179021,3.0958287547009964,0.016699623015346693
1994,all,zeros_included,municipality,Laugardalshreppur,649,0.37442218798151,0.006350107139712142,0.0035619530643057123,4.57540507896862,0.016297378141472196
1994,all,zeros_included,municipality,Mýrdalshreppur,764,0.0,0.007475318728413061,0.0,0.0,0.0
1994,all,zeros_included,municipality,Ölfushreppur,739,3.4952638700947225,0.007230707513478078,0.03786224183169405,2.2525865950373007,0.08528797840813455
1994,all,zeros_included,municipality,Rangárvallahreppur,1446,0.0,0.014148312671839379,0.0,0.0,0.0
1994,all,zeros_included,municipality,Skaftárhreppur,6922,0.0,0.06772795319119791,0.0,0.0,0.0
1994,all,zeros_included,municipality,Skeiðahreppur,1280,0.0,0.012524094204671096,0.0,0.0,0.0
1994,all,zeros_included,municipality,Sveitarfélagið Árborg,149,8.61744966442953,0.0014578828410124946,0.01882118409287463,1.3597663100458708,0.025592412044662175
1994,all,zeros_included,municipality,Þingvallahreppur,647,0.0,0.006330538242517343,0.0,0.0,0.0
1994,all,zeros_included,municipality,Uten navn - sysla,123,0.0,0.0012034871774801131,0.0,0.0,0.0
1994,all,zeros_included,municipality,Vestmannaeyjar,15,33.86666666666667,0.00014676672896098941,0.007446387475997127,0.24354633656531366,0.0018135403904249328
1994,all,zeros_included,municipality,Vestur-Eyjafjallahreppur,469,0.0,0.0045889063921802685,0.0,0.0,0.0
1994,all,zeros_included,municipality,Vestur-Landeyjahreppur,186,0.0,0.0018199074391162687,0.0,0.0,0.0
1994,all,zeros_included,municipality,Villingaholtshreppur,2932,0.07742155525238745,0.028688003287574728,0.0033274211752979286,5.874431464799297,0.01954670764880961
1994,all,zeros_included,municipality,Grindavík,456,3.1184210526315788,0.004461708560414078,0.02084402163556676,2.5212008893073956,0.05255196588433351
1994,all,zeros_included,municipality,Reykjanesbær,132,16.795454545454547,0.0012915472148567067,0.032497324870641005,0.9153442984029825,0.029746241033690685
1994,all,zeros_included,municipality,Sandgerði,88,46.59090909090909,0.0008610314765711379,0.06009879655824453,0.11242484806590358,0.0067565980720042905
1994,all,zeros_included,municipality,Vatnsleysustrandarhreppur,155,3.0064516129032257,0.0015165895325968905,0.006830741267351695,2.2517193281711587,0.015380912137432168
1994,all,zeros_included,municipality,Árneshreppur,682,0.0,0.006672993943426318,0.0,0.0,0.0
1994,all,zeros_included,municipality,Bæjarhreppur,497,0.17303822937625754,0.004862870952907449,0.0012606089034168364,4.707276091851973,0.005934034152229807
1994,all,zeros_included,municipality,Bolungarvík,85,9.68235294117647,0.00083167813077894,0.012063734040837866,1.2109490808575551,0.014608567648462613
1994,all,zeros_included,municipality,Broddaneshreppur,284,0.0,0.0027787834016613994,0.0,0.0,0.0
1994,all,zeros_included,municipality,Hólmavíkurhreppur,1327,0.2607385079125848,0.012983963288748863,0.005071752099793319,4.7635667061298355,0.024159629444319538
1994,all,zeros_included,municipality,Ísafjarðarbær,2337,0.8305519897304237,0.02286625637212215,0.02845164978525674,3.4131181913230706,0.09710884345521292
1994,all,zeros_included,municipality,Kaldrananeshreppur,471,0.0,0.004608475289375067,0.0,0.0,0.0
1994,all,zeros_included,municipality,Kirkjubólshreppur,159,0.0,0.0015557273269864876,0.0,0.0,0.0
1994,all,zeros_included,municipality,Reykhólahreppur,1149,0.0,0.011242331438411789,0.0,0.0,0.0
1994,all,zeros_included,municipality,Súðavíkurhreppur,733,0.03819918144611187,0.007172000821893682,0.0004104308057636212,5.227070665726986,0.0021453508251177145
1994,all,zeros_included,municipality,Vesturbyggð,1511,0.22766379880873594,0.014784301830670333,0.005042435613667346,4.01740023718407,0.020257482030332598
1994,all,zeros_included,municipality,Akranes,7,44.0,6.849114018179505e-05,0.004514738863399833,0.10873159116365505,0.0004908947403058553
1994,all,zeros_included,municipality,Borgarbyggð,1847,0.6746074715755279,0.018071876559396495,0.018264170856481143,3.866742202108395,0.07062284023727386
1994,all,zeros_included,municipality,Borgarfjarðarsveit,1259,0.006354249404289118,0.012318620784125711,0.00011726594450389176,6.476509795886365,0.0007594740383033218
1994,all,zeros_included,municipality,Dalabyggð,2172,0.04419889502762431,0.021251822353551265,0.0014071913340467012,6.322628461816562,0.00889714797986529
1994,all,zeros_included,municipality,Eyja- og Miklaholtshreppur,405,0.0,0.003962701681946714,0.0,0.0,0.0
1994,all,zeros_included,municipality,Eyrarsveit,141,2.049645390070922,0.0013796072522333004,0.00423623224520309,2.611787463309927,0.011064138269690695
1994,all,zeros_included,municipality,Helgafellssveit,246,0.9715447154471545,0.0024069743549602262,0.0035033200920537664,3.4161485404959495,0.01196786181935961
1994,all,zeros_included,municipality,Hvalfjarðarstrandarhreppur,291,0.0,0.0028472745418431943,0.0,0.0,0.0
1994,all,zeros_included,municipality,Hvítársíðuhreppur,1477,0.0,0.014451630578358757,0.0,0.0,0.0
1994,all,zeros_included,municipality,Innri-Akraneshreppur,28,7.928571428571429,0.0002739645607271802,0.0032541299599829964,1.2913914424472002,0.004202355582933091
1994,all,zeros_included,municipality,Kolbeinsstaðahreppur,391,0.0,0.003825719401583124,0.0,0.0,0.0
1994,all,zeros_included,municipality,Leirár- og Melahreppur,136,0.0,0.0013306850092463039,0.0,0.0,0.0
1994,all,zeros_included,municipality,Saurbæjarhreppur,255,0.0,0.00249503439233682,0.0,0.0,0.0
1994,all,zeros_included,municipality,Skilmannahreppur,52,3.3461538461538463,0.0005087913270647633,0.002550534292959646,2.0173195899077054,0.005145242793918892
1994,all,zeros_included,municipality,Skorradalshreppur,207,0.0,0.0020253808596616537,0.0,0.0,0.0
1994,all,zeros_included,municipality,Snæfellsbær,697,0.381635581061693,0.0068197606723873075,0.003899092654754401,4.134197863062581,0.01611962052116865
1994,all,lit_only,region,Austurland,295,26.735593220338984,0.1256388415672913,0.1156095630377743,0.14606036598150274,0.016885975088258925
1994,all,lit_only,region,Höfuðborgarsvæði,383,45.75456919060052,0.1631175468483816,0.25687105143577493,0.061430579658659834,0.01577973758722908
1994,all,lit_only,region,Norðurland eystra,676,22.276627218934912,0.2879045996592845,0.22073848228551327,0.21571217085567662,0.047615977205195385
1994,all,lit_only,region,Norðurland vestra,166,25.85542168674699,0.0706984667802385,0.06291317922633793,0.1653757512482268,0.010404314277969971
1994,all,lit_only,region,Suðurland,337,26.225519287833826,0.14352640545144804,0.12954955219067443,0.1765166675205707,0.022867655231480103
1994,all,lit_only,region,Suðurnes,196,41.86224489795919,0.08347529812606473,0.120270884331804,0.0753781833115954,0.009065800766210408
1994,all,lit_only,region,Vestfirðir,181,19.712707182320443,0.07708688245315162,0.05230061124873572,0.2402760020512873,0.012566581775684805
1994,all,lit_only,region,Vesturland,114,24.982456140350877,0.048551959114139696,0.04174667624338547,0.211654639795114,0.008835877722936994
1994,all,lit_only,municipality,Austur-Hérað,53,26.67924528301887,0.022572402044293016,0.02072675569106287,0.1786137964542136,0.003702084522159717
1994,all,lit_only,municipality,Búðahreppur,13,34.53846153846154,0.005536626916524702,0.006581551135280925,0.05284517023659019,0.0003478031901647439
1994,all,lit_only,municipality,Djúpavogshreppur,8,26.875,0.0034071550255536627,0.0031515222585420913,0.036689430644223364,0.00011562755732850623
1994,all,lit_only,municipality,Fáskrúðsfjarðarhr.,8,20.75,0.0034071550255536627,0.002433268348455754,0.06639677843447611,0.00016156117940404032
1994,all,lit_only,municipality,Fellahreppur,18,32.44444444444444,0.007666098807495741,0.0085604139487841,0.05555325506777997,0.00047555885958258464
1994,all,lit_only,municipality,Fjarðabyggð,95,26.873684210526317,0.04045996592844974,0.03742249453980446,0.17395956540435797,0.006510000886491343
1994,all,lit_only,municipality,Mjóafjarðarhreppur,11,20.454545454545453,0.004684838160136286,0.0032981046891719557,0.20624757363751467,0.0006802260897442253
1994,all,lit_only,municipality,Seyðisfjörður,50,26.74,0.02129471890971039,0.019598070975212913,0.12719749275481673,0.0024928254908780285
1994,all,lit_only,municipality,Stöðvarhreppur,7,19.571428571428573,0.002981260647359455,0.0020081792996291463,0.13784720938275008,0.0002768219123940833
1994,all,lit_only,municipality,Sveitarfélagið Hornafjörður,13,29.384615384615383,0.005536626916524702,0.0055994488500608315,0.05292881877623623,0.0002963722134316741
1994,all,lit_only,municipality,Vopnafjarðarhreppur,19,22.36842105263158,0.008091993185689948,0.0062297533017692495,0.16447630748351294,0.001024646819608229
1994,all,lit_only,municipality,Bessastaðahreppur,6,61.333333333333336,0.002555366269165247,0.005394233447179021,0.00034360635074826007,1.8534928698693908e-06
1994,all,lit_only,municipality,Garðabær,36,52.638888888888886,0.015332197614991482,0.02777737060435936,0.026810893286774995,0.0007447361190606795
1994,all,lit_only,municipality,Hafnarfjörður,61,45.868852459016395,0.025979557069846677,0.041013764090236146,0.03694373788564187,0.001515201750253235
1994,all,lit_only,municipality,Kópavogur,39,44.84615384615385,0.016609880749574105,0.025637267117163336,0.07114583351156911,0.0018239847380093282
1994,all,lit_only,municipality,Mosfellsbær,89,38.31460674157304,0.0379045996592845,0.04998460884478386,0.11559539081000292,0.005777990393897919
1994,all,lit_only,municipality,Reykjavík,152,48.05263157894737,0.06473594548551959,0.10706380733205317,0.04181926911075973,0.004477330170841662
1994,all,lit_only,municipality,Aðaldælahreppur,39,11.692307692307692,0.016609880749574105,0.006684158836721831,0.2527812580639748,0.0016896300798459785
1994,all,lit_only,municipality,Akureyri,71,37.95774647887324,0.030238500851788756,0.03950396505474854,0.09788496642042599,0.0038668442928577428
1994,all,lit_only,municipality,Arnarneshreppur,4,20.75,0.0017035775127768314,0.001216634174227877,0.003207136240024777,3.901911551018843e-06
1994,all,lit_only,municipality,Dalvíkurbyggð,61,24.557377049180328,0.025979557069846677,0.021958048108353733,0.16889335404457784,0.0037085683932920597
1994,all,lit_only,municipality,Eyjafjarðarsveit,115,21.08695652173913,0.048977853492333905,0.03554623942774219,0.13304883462754002,0.004729385731252613
1994,all,lit_only,municipality,Glæsibæjarhreppur,76,23.657894736842106,0.03236797274275979,0.026355521027249675,0.1831557219130331,0.004827164480140037
1994,all,lit_only,municipality,Grýtubakkahreppur,38,26.36842105263158,0.016183986371379896,0.014687559549112444,0.13195648890866796,0.0019381187887378565
1994,all,lit_only,municipality,Hálshreppur,30,10.433333333333334,0.012776831345826235,0.0045880300787147655,0.16813851230393073,0.0007714245518407869
1994,all,lit_only,municipality,Húsavík,34,25.38235294117647,0.014480408858603067,0.012650063763357325,0.18170156763202527,0.0022985364164471033
1994,all,lit_only,municipality,Ólafsfjörður,46,24.456521739130434,0.019591141396933562,0.01649052344585978,0.1933658198084962,0.0031887035851799043
1994,all,lit_only,municipality,Öxarfjarðarhreppur,15,9.6,0.006388415672913117,0.002110787001070052,0.23000937599180293,0.0004855008009677317
1994,all,lit_only,municipality,Öxnadalshreppur,2,7.0,0.0008517887563884157,0.0002052154028818106,0.0,0.0
1994,all,lit_only,municipality,Reykdælahreppur,16,8.625,0.0068143100511073255,0.002022837542692133,0.19953079853795552,0.000403618390205917
1994,all,lit_only,municipality,Reykjahreppur,11,11.090909090909092,0.004684838160136286,0.0017883056536843493,0.17599412705521722,0.00031473129242808663
1994,all,lit_only,municipality,Siglufjörður,54,25.055555555555557,0.022998296422487224,0.019832602864220693,0.19113182009491503,0.003790641482658126
1994,all,lit_only,municipality,Skriðuhreppur,1,18.0,0.00042589437819420784,0.0002638483751337565,0.0,0.0
1994,all,lit_only,municipality,Skútustaðahreppur,47,16.638297872340427,0.02001703577512777,0.01146274607525542,0.1851550879001138,0.0021223857571406016
1994,all,lit_only,municipality,Þórshafnarhreppur,12,15.166666666666666,0.005110732538330494,0.0026678002374635377,0.1546455194207086,0.0004125633534332385
1994,all,lit_only,municipality,Tjörneshreppur,4,12.0,0.0017035775127768314,0.0007035956670233506,0.22156226485540165,0.0001558902495281406
1994,all,lit_only,municipality,Blönduós,12,34.25,0.005110732538330494,0.006024537898887439,0.13525337173633023,0.0008148390639778327
1994,all,lit_only,municipality,Bólstaðarhlíðarhreppur,4,11.75,0.0017035775127768314,0.0006889374239603641,0.08632591595450867,5.9473154158718104e-05
1994,all,lit_only,municipality,Engihlíðarhreppur,7,20.285714285714285,0.002981260647359455,0.002081470514944079,0.1881483477881143,0.0003916252383564039
1994,all,lit_only,municipality,Höfðahreppur,7,30.0,0.002981260647359455,0.0030782310432271587,0.018327164884830882,5.641524788282912e-05
1994,all,lit_only,municipality,Húnaþing vestra,14,27.071428571428573,0.00596252129471891,0.005555474120871872,0.12417193084269451,0.0006898339483352811
1994,all,lit_only,municipality,Sveitarfélagið Skagafjörður,86,24.74418604651163,0.036626916524701875,0.03119274123803521,0.20213670655517602,0.006305197982284261
1994,all,lit_only,municipality,Svínavatnshreppur,24,28.0,0.010221465076660987,0.009850339338326908,0.10801177929441863,0.0010639526785864955
1994,all,lit_only,municipality,Torfalækjarhreppur,7,27.142857142857142,0.002981260647359455,0.0027850661819674295,0.08678068368504421,0.00024168994737922927
1994,all,lit_only,municipality,Vindhælishreppur,5,22.6,0.002129471890971039,0.0016563814661174712,0.057750751321291816,9.565727414294682e-05
1994,all,lit_only,municipality,Biskupstungnahreppur,67,19.417910447761194,0.028534923339011926,0.019070374224945397,0.20006872338533066,0.0038153854256653403
1994,all,lit_only,municipality,Gnúpverjahreppur,10,16.3,0.004258943781942078,0.0023892936192667948,0.14059828568446875,0.0003359305868657511
1994,all,lit_only,municipality,Grímsnes- og Grafningshreppur,12,31.5,0.005110732538330494,0.005540815877808886,0.0698980923914263,0.0003872924601509673
1994,all,lit_only,municipality,Holta- og Landasveit,6,23.0,0.002555366269165247,0.002022837542692133,0.054455574856290934,0.00011015478122818706
1994,all,lit_only,municipality,Hraungerðishreppur,5,28.6,0.002129471890971039,0.002096128758007065,0.05801380989335003,0.00012160441527900579
1994,all,lit_only,municipality,Hrunamannahreppur,51,18.215686274509803,0.0217206132879046,0.01361750780551443,0.22562511614162162,0.003072451780178632
1994,all,lit_only,municipality,Hveragerði,11,52.09090909090909,0.004684838160136286,0.008399173275091248,0.006958653089298217,5.8446933058264735e-05
1994,all,lit_only,municipality,Hvolhreppur,11,33.45454545454545,0.004684838160136286,0.005394233447179021,0.021453353827892485,0.00011572439877258373
1994,all,lit_only,municipality,Laugardalshreppur,7,34.714285714285715,0.002981260647359455,0.0035619530643057123,0.045882511319843555,0.00016343135179375828
1994,all,lit_only,municipality,Ölfushreppur,93,27.774193548387096,0.03960817717206133,0.03786224183169405,0.17988816724235468,0.006810969290790257
1994,all,lit_only,municipality,Sveitarfélagið Árborg,43,29.86046511627907,0.018313458262350937,0.01882118409287463,0.11702011979397398,0.0022024572172126265
1994,all,lit_only,municipality,Vestmannaeyjar,12,42.333333333333336,0.005110732538330494,0.007446387475997127,0.02040278525110395,0.00015192704456927934
1994,all,lit_only,municipality,Villingaholtshreppur,9,25.22222222222222,0.0038330494037478705,0.0033274211752979286,0.08821597912897428,0.0002935317169533891
1994,all,lit_only,municipality,Grindavík,41,34.68292682926829,0.01746166950596252,0.02084402163556676,0.1122801464973171,0.002340369802834683
1994,all,lit_only,municipality,Reykjanesbær,57,38.89473684210526,0.024275979557069848,0.032497324870641005,0.07559364365116217,0.0024565911958872857
1994,all,lit_only,municipality,Sandgerði,80,51.25,0.034071550255536626,0.06009879655824453,0.017114668261578814,0.0010285709660144697
1994,all,lit_only,municipality,Vatnsleysustrandarhreppur,18,25.88888888888889,0.007666098807495741,0.006830741267351695,0.0986659691480769,0.0006739617071430181
1994,all,lit_only,municipality,Bæjarhreppur,5,17.2,0.002129471890971039,0.0012606089034168364,0.10812397818944541,0.0001363020495784627
1994,all,lit_only,municipality,Bolungarvík,30,27.433333333333334,0.012776831345826235,0.012063734040837866,0.16949520602939394,0.002044745086735627
1994,all,lit_only,municipality,Hólmavíkurhreppur,12,28.833333333333332,0.005110732538330494,0.005071752099793319,0.05779732158562867,0.00029313368711434193
1994,all,lit_only,municipality,Ísafjarðarbær,100,19.41,0.04258943781942078,0.02845164978525674,0.2616650427723042,0.007444802158001824
1994,all,lit_only,municipality,Súðavíkurhreppur,4,7.0,0.0017035775127768314,0.0004104308057636212,0.016219324960224935,6.6569106123671326e-06
1994,all,lit_only,municipality,Vesturbyggð,30,11.466666666666667,0.012776831345826235,0.005042435613667346,0.09807065657348524,0.0004945149713618816
1994,all,lit_only,municipality,Akranes,7,44.0,0.002981260647359455,0.004514738863399833,0.10873159116365505,0.0004908947403058553
1994,all,lit_only,municipality,Borgarbyggð,47,26.51063829787234,0.02001703577512777,0.018264170856481143,0.19557182361921344,0.0035719572012949084
1994,all,lit_only,municipality,Borgarfjarðarsveit,2,4.0,0.0008517887563884157,0.00011726594450389176,0.03158394240196327,3.703720836922739e-06
1994,all,lit_only,municipality,Dalabyggð,4,24.0,0.0017035775127768314,0.0014071913340467012,0.025519141882626606,3.591031530954038e-05
1994,all,lit_only,municipality,Eyrarsveit,12,24.083333333333332,0.005110732538330494,0.00423623224520309,0.14793422271975887,0.0006266837244544981
1994,all,lit_only,municipality,Helgafellssveit,12,19.916666666666668,0.005110732538330494,0.0035033200920537664,0.39572365435158696,0.0013863466291908545
1994,all,lit_only,municipality,Innri-Akraneshreppur,9,24.666666666666668,0.0038330494037478705,0.0032541299599829964,0.15641150960821548,0.0005089833795022623
1994,all,lit_only,municipality,Skilmannahreppur,7,24.857142857142858,0.002981260647359455,0.002550534292959646,0.0119860203815918,3.057075601936315e-05
1994,all,lit_only,municipality,Snæfellsbær,14,19.0,0.00596252129471891,0.003899092654754401,0.2264697819173156,0.0008830266631976363
1995,all,zeros_included,region,Austurland,22467,0.3636889660390795,0.21982720663776992,0.11193764041865308,4.419160770869922,0.4946704293218551
1995,all,zeros_included,region,Höfuðborgarsvæði,1034,17.049323017408124,0.01011711984971087,0.24150638391144721,1.0380519193410382,0.2506961653523914
1995,all,zeros_included,region,Norðurland eystra,21869,0.7848095477616718,0.21397610637652514,0.23512247246424461,3.558373664786722,0.8366536140163092
1995,all,zeros_included,region,Norðurland vestra,12430,0.3517296862429606,0.12162069606567322,0.05989369280508521,4.456888812736117,0.26693952941643795
1995,all,zeros_included,region,Suðurland,24726,0.40499878670225675,0.24193027601929493,0.13718559921091567,4.354738631561808,0.5974074285777295
1995,all,zeros_included,region,Suðurnes,831,9.929001203369435,0.008130876784438813,0.11303359088169215,1.505823336953961,0.17020861900935852
1995,all,zeros_included,region,Vestfirðir,9235,0.4851109907958852,0.09035938279698248,0.06137322593018796,3.9815520037391274,0.24436069067827404
1995,all,zeros_included,region,Vesturland,9611,0.30340235147227135,0.0940383354696046,0.03994739437777412,4.62151135805123,0.18461733684143497
1995,all,zeros_included,municipality,Austur-Hérað,1563,0.9008317338451696,0.015293093157735096,0.019288728149487643,3.5950583835730465,0.06934410384227696
1995,all,zeros_included,municipality,Borgarfjarðarhreppur,419,0.0,0.004099683962310304,0.0,0.0,0.0
1995,all,zeros_included,municipality,Breiðdalshreppur,452,0.0,0.004422570766024481,0.0,0.0,0.0
1995,all,zeros_included,municipality,Búðahreppur,25,17.96,0.00024461121493498235,0.006151021973806784,0.7067716376432545,0.004347367873607064
1995,all,zeros_included,municipality,Djúpavogshreppur,1146,0.15794066317626526,0.011212978092619591,0.0024795879226258972,5.173344626811626,0.012827762856223687
1995,all,zeros_included,municipality,Fáskrúðsfjarðarhr.,219,0.7579908675799086,0.0021427942428304454,0.0022740972108060715,3.3760269665711413,0.0076774135082855145
1995,all,zeros_included,municipality,Fellahreppur,336,1.7886904761904763,0.0032875747287261625,0.008233327853581019,2.9166097989380373,0.024013404695623877
1995,all,zeros_included,municipality,Fjarðabyggð,635,4.303937007874016,0.006213124859348551,0.03744040769357225,1.9623994141347902,0.07347303412283387
1995,all,zeros_included,municipality,Fljótsdalshreppur,1531,0.0,0.014979990802618318,0.0,0.0,0.0
1995,all,zeros_included,municipality,Mjóafjarðarhreppur,187,1.3636363636363635,0.0018296918877136678,0.0034933421009370378,2.785936063764391,0.00973222774206696
1995,all,zeros_included,municipality,Norður-Hérað,6977,0.0,0.06826609786405487,0.0,0.0,0.0
1995,all,zeros_included,municipality,Seyðisfjörður,208,6.740384615384615,0.002035165308259053,0.019206531864759714,1.480607561355862,0.02843733630638554
1995,all,zeros_included,municipality,Skeggjastaðahreppur,589,0.0,0.005763040223868184,0.0,0.0,0.0
1995,all,zeros_included,municipality,Stöðvarhreppur,85,1.9294117647058824,0.00083167813077894,0.0022466984492300946,2.2521111054206306,0.005059814528042405
1995,all,zeros_included,municipality,Sveitarfélagið Hornafjörður,6214,0.06147409076279369,0.06080056358423921,0.005233163461011562,6.222539551267692,0.03256356661439337
1995,all,zeros_included,municipality,Vopnafjarðarhreppur,1881,0.22860180754917597,0.018404547811708073,0.005890733738835005,4.766496167979938,0.028078159792747182
1995,all,zeros_included,municipality,Bessastaðahreppur,6,61.333333333333336,5.870669158439576e-05,0.005041372129979725,0.00034360635074826007,1.7322474803463162e-06
1995,all,zeros_included,municipality,Garðabær,36,52.638888888888886,0.0003522401495063746,0.025960326593237985,0.026810893286774995,0.0006960195459811307
1995,all,zeros_included,municipality,Hafnarfjörður,143,19.566433566433567,0.001399176149428099,0.03833086744479149,0.8889145039722379,0.03407286402151243
1995,all,zeros_included,municipality,Kjósarhreppur,273,0.0,0.002671154467090007,0.0,0.0,0.0
1995,all,zeros_included,municipality,Kópavogur,107,16.345794392523363,0.0010469359999217243,0.02396021699819168,1.0804130218438286,0.02588693045105014
1995,all,zeros_included,municipality,Mosfellsbær,198,17.292929292929294,0.0019373208222850601,0.04690667981807222,0.9052218177143345,0.042460949967859624
1995,all,zeros_included,municipality,Reykjavík,271,27.28782287822878,0.0026515855698952084,0.1013069209271741,0.5851087429703772,0.05927556515789823
1995,all,zeros_included,municipality,Aðaldælahreppur,561,1.0766488413547237,0.005489075663141003,0.008274425995944983,2.8341125089503754,0.023450654219491843
1995,all,zeros_included,municipality,Akureyri,117,23.974358974358974,0.0011447804858957173,0.03842676311030741,0.6060171357946582,0.02328727691796833
1995,all,zeros_included,municipality,Arnarneshreppur,77,1.2727272727272727,0.0007534025419997456,0.0013425393172228615,2.706943386006606,0.0036341779252102497
1995,all,zeros_included,municipality,Bárðdælahreppur,3151,0.0,0.030830797530405175,0.0,0.0,0.0
1995,all,zeros_included,municipality,Dalvíkurbyggð,575,2.666086956521739,0.005626057943504594,0.02100115074798619,2.381636105593089,0.050017098880407215
1995,all,zeros_included,municipality,Eyjafjarðarsveit,1796,1.6180400890868596,0.01757286968092913,0.03981040056989424,2.678612271911277,0.1066366275162224
1995,all,zeros_included,municipality,Glæsibæjarhreppur,120,17.791666666666668,0.0011741338316879153,0.029248177982355197,0.46901438308329135,0.013717816152704627
1995,all,zeros_included,municipality,Grímseyjarhreppur,5,1.4,4.892224298699647e-05,9.589566551591868e-05,1.6094379124341003,0.00015433811971941888
1995,all,zeros_included,municipality,Grýtubakkahreppur,490,2.2551020408163267,0.004794379812725654,0.015137815770727163,2.556324925227992,0.03869717576821923
1995,all,zeros_included,municipality,Hálshreppur,1471,0.3079537729435758,0.01439292388677436,0.006205819496958738,3.9298929003065606,0.024388205981682173
1995,all,zeros_included,municipality,Hríseyjarhreppur,7,7.0,6.849114018179505e-05,0.0006712696586114307,0.561649848389669,0.00037701850198769497
1995,all,zeros_included,municipality,Húsavík,66,14.090909090909092,0.0006457736074283534,0.012740424132829196,0.8341702911169695,0.010627683307835794
1995,all,zeros_included,municipality,Kelduneshreppur,720,0.0,0.0070448029901274915,0.0,0.0,0.0
1995,all,zeros_included,municipality,Ljósavatnshreppur,401,0.029925187032418952,0.003923563887557117,0.0001643925694558606,5.03434663339452,0.0008276091785951867
1995,all,zeros_included,municipality,Ólafsfjörður,202,5.663366336633663,0.0019764586166746575,0.01567209162145871,1.6591139798886092,0.026001786303257286
1995,all,zeros_included,municipality,Öxarfjarðarhreppur,2684,0.084575260804769,0.026261460035419702,0.003109759438873363,5.130992882716608,0.01595615354782002
1995,all,zeros_included,municipality,Öxnadalshreppur,289,0.04152249134948097,0.0028277056446483957,0.0001643925694558606,5.666426688112432,0.0009315184428920652
1995,all,zeros_included,municipality,Reykdælahreppur,390,0.7128205128205128,0.0038159349529857246,0.0038084278590607705,2.827065598045882,0.010766675382990235
1995,all,zeros_included,municipality,Reykjahreppur,191,0.8167539267015707,0.0018688296821032652,0.0021371034029261876,2.9577591540092483,0.006321037153069246
1995,all,zeros_included,municipality,Siglufjörður,137,11.05109489051095,0.0013404694578437032,0.02074086251301441,1.0865980499960584,0.022536980761877805
1995,all,zeros_included,municipality,Skriðuhreppur,403,0.20595533498759305,0.003943132784751916,0.0011370486054030357,3.986551973733259,0.004532903362100121
1995,all,zeros_included,municipality,Skútustaðahreppur,6033,0.1427150671307807,0.05902957838810994,0.011795166858457998,4.935327361500362,0.05821300973001003
1995,all,zeros_included,municipality,Svalbarðshreppur,1098,0.0,0.010743324559944424,0.0,0.0,0.0
1995,all,zeros_included,municipality,Þórshafnarhreppur,709,0.2820874471086037,0.006937174055556099,0.0027398761575976767,4.178650934014656,0.011448986065030019
1995,all,zeros_included,municipality,Tjörneshreppur,176,0.2897727272727273,0.0017220629531422757,0.0006986684201874075,3.916529011410569,0.002736355137020371
1995,all,zeros_included,municipality,Akrahreppur,1359,0.0,0.01329706564386564,0.0,0.0,0.0
1995,all,zeros_included,municipality,Áshreppur,1150,0.0,0.011252115887009188,0.0,0.0,0.0
1995,all,zeros_included,municipality,Blönduós,15,27.4,0.00014676672896098941,0.005630445503863225,0.35839692305053994,0.002017934343988327
1995,all,zeros_included,municipality,Bólstaðarhlíðarhreppur,1340,0.03731343283582089,0.013111161120515054,0.0006849690393994192,5.751487031988894,0.003939590547419649
1995,all,zeros_included,municipality,Engihlíðarhreppur,166,0.8614457831325302,0.0016242184671682828,0.0019590114526823387,3.3467987892996014,0.006556417158061305
1995,all,zeros_included,municipality,Höfðahreppur,48,4.375,0.00046965353267516607,0.0028768699654775605,1.9436180267374086,0.005591536325481613
1995,all,zeros_included,municipality,Húnaþing vestra,2461,0.15765948801300284,0.02407952799819966,0.005315359745739492,5.241543681869493,0.02786069029214427
1995,all,zeros_included,municipality,Skagahreppur,272,0.0,0.0026613700184926078,0.0,0.0,0.0
1995,all,zeros_included,municipality,Sveinsstaðahreppur,118,0.0,0.0011545649344931166,0.0,0.0,0.0
1995,all,zeros_included,municipality,Sveitarfélagið Skagafjörður,4110,0.5374695863746959,0.040214083735311094,0.030261932160666336,4.031003406648741,0.12198595163141908
1995,all,zeros_included,municipality,Svínavatnshreppur,979,0.686414708886619,0.009578975176853908,0.009205983889528193,3.7918571508830423,0.034907775842421565
1995,all,zeros_included,municipality,Torfalækjarhreppur,187,0.9411764705882353,0.0018296918877136678,0.0024110910186859553,3.5080858302001143,0.008458314237974959
1995,all,zeros_included,municipality,Vindhælishreppur,225,0.5022222222222222,0.002201500934414841,0.0015480300290426872,3.8644132410916114,0.005982227741839993
1995,all,zeros_included,municipality,Ásahreppur,137,0.0,0.0013404694578437032,0.0,0.0,0.0
1995,all,zeros_included,municipality,Austur-Eyjafjallahreppur,282,0.0,0.0027592145044666007,0.0,0.0,0.0
1995,all,zeros_included,municipality,Austur-Landeyjahreppur,200,0.0,0.001956889719479859,0.0,0.0,0.0
1995,all,zeros_included,municipality,Biskupstungnahreppur,1989,0.9497234791352438,0.019461268260227194,0.025878130308510057,3.382753822579754,0.0875393442223294
1995,all,zeros_included,municipality,Djúpárhreppur,120,0.0,0.0011741338316879153,0.0,0.0,0.0
1995,all,zeros_included,municipality,Fljótshlíðarhreppur,414,0.0,0.0040507617193233075,0.0,0.0,0.0
1995,all,zeros_included,municipality,Gaulverjabæjarhreppur,84,0.0,0.0008218936821815406,0.0,0.0,0.0
1995,all,zeros_included,municipality,Gnúpverjahreppur,1127,0.15971606033717836,0.011027073569269004,0.002465888541837909,4.781064281912194,0.01178957163055777
1995,all,zeros_included,municipality,Grímsnes- og Grafningshreppur,889,0.43532058492688414,0.008698374803087971,0.0053016603649515045,4.32079862115163,0.022907406794696706
1995,all,zeros_included,municipality,Holta- og Landasveit,1604,0.08603491271820449,0.015694255550228468,0.0018905145487423968,5.642951894054695,0.010668082653563865
1995,all,zeros_included,municipality,Hraungerðishreppur,98,1.469387755102041,0.0009588759625451307,0.001972710833470327,3.030455848058161,0.005978213081817841
1995,all,zeros_included,municipality,Hrunamannahreppur,1212,1.108085808580858,0.011858751700047944,0.0183982683982684,3.137767802250199,0.05772949419724392
1995,all,zeros_included,municipality,Hveragerði,11,52.09090909090909,0.00010762893457139223,0.007849745191517344,0.006958653089298217,5.462365362715598e-05
1995,all,zeros_included,municipality,Hvolhreppur,238,1.546218487394958,0.002328698766181032,0.005041372129979725,3.0958287547009964,0.01560722480313944
1995,all,zeros_included,municipality,Laugardalshreppur,649,0.4422187981510015,0.006350107139712142,0.003931722286152666,4.188339734860277,0.016467388677528897
1995,all,zeros_included,municipality,Mýrdalshreppur,764,0.0,0.007475318728413061,0.0,0.0,0.0
1995,all,zeros_included,municipality,Ölfushreppur,739,3.6319350473612992,0.007230707513478078,0.03676913803496082,2.2051848805531282,0.08108274726566655
1995,all,zeros_included,municipality,Rangárvallahreppur,1446,0.0,0.014148312671839379,0.0,0.0,0.0
1995,all,zeros_included,municipality,Skaftárhreppur,6922,0.0,0.06772795319119791,0.0,0.0,0.0
1995,all,zeros_included,municipality,Skeiðahreppur,1280,0.0,0.012524094204671096,0.0,0.0,0.0
1995,all,zeros_included,municipality,Sveitarfélagið Árborg,149,8.630872483221477,0.0014578828410124946,0.01761740369335306,1.3570800842917703,0.023908227689177716
1995,all,zeros_included,municipality,Þingvallahreppur,647,0.0,0.006330538242517343,0.0,0.0,0.0
1995,all,zeros_included,municipality,Uten navn - sysla,123,0.0,0.0012034871774801131,0.0,0.0,0.0
1995,all,zeros_included,municipality,Vestmannaeyjar,15,33.86666666666667,0.00014676672896098941,0.006959285440298098,0.24354633656531366,0.0016949084740969277
1995,all,zeros_included,municipality,Vestur-Eyjafjallahreppur,469,0.0,0.0045889063921802685,0.0,0.0,0.0
1995,all,zeros_included,municipality,Vestur-Landeyjahreppur,186,0.0,0.0018199074391162687,0.0,0.0,0.0
1995,all,zeros_included,municipality,Villingaholtshreppur,2932,0.07742155525238745,0.028688003287574728,0.003109759438873363,5.874431464799297,0.01826806869567429
1995,all,zeros_included,municipality,Grindavík,456,3.1732456140350878,0.004461708560414078,0.01982300400021919,2.4837156126289877,0.04923470452455128
1995,all,zeros_included,municipality,Reykjanesbær,132,16.863636363636363,0.0012915472148567067,0.03049482163406214,0.9050696823505291,0.027599938529676665
1995,all,zeros_included,municipality,Sandgerði,88,46.59090909090909,0.0008610314765711379,0.05616746123075237,0.11242484806590358,0.006314618295114865
1995,all,zeros_included,municipality,Vatnsleysustrandarhreppur,155,3.0838709677419356,0.0015165895325968905,0.006548304016658447,2.1903969492980258,0.01434338514116467
1995,all,zeros_included,municipality,Árneshreppur,682,0.0,0.006672993943426318,0.0,0.0,0.0
1995,all,zeros_included,municipality,Bæjarhreppur,497,0.14084507042253522,0.004862870952907449,0.0009589566551591868,4.954372635146196,0.004751028610612003
1995,all,zeros_included,municipality,Bolungarvík,85,11.564705882352941,0.00083167813077894,0.01346649131459258,0.9689966672081369,0.013048985202827533
1995,all,zeros_included,municipality,Broddaneshreppur,284,0.0,0.0027787834016613994,0.0,0.0,0.0
1995,all,zeros_included,municipality,Hólmavíkurhreppur,1327,0.2607385079125848,0.012983963288748863,0.0047399857526439805,4.7635667061298355,0.022579238318824635
1995,all,zeros_included,municipality,Ísafjarðarbær,2337,1.0821566110397947,0.02286625637212215,0.03464573401282262,3.2234783700310348,0.11167977420418225
1995,all,zeros_included,municipality,Kaldrananeshreppur,471,0.0,0.004608475289375067,0.0,0.0,0.0
1995,all,zeros_included,municipality,Kirkjubólshreppur,159,0.0,0.0015557273269864876,0.0,0.0,0.0
1995,all,zeros_included,municipality,Reykhólahreppur,1149,0.0,0.011242331438411789,0.0,0.0,0.0
1995,all,zeros_included,municipality,Súðavíkurhreppur,733,0.16916780354706684,0.007172000821893682,0.0016987232177105595,4.28390129631183,0.00727716259442527
1995,all,zeros_included,municipality,Vesturbyggð,1511,0.28325612177365983,0.014784301830670333,0.005863334977259028,4.023877659507333,0.023593342625200537
1995,all,zeros_included,municipality,Akranes,7,44.57142857142857,6.849114018179505e-05,0.004274206805852375,0.08680187881834689,0.00037100918120615143
1995,all,zeros_included,municipality,Borgarbyggð,1847,0.7049269085002707,0.018071876559396495,0.017836593785960874,3.825617982392482,0.06823599393220192
1995,all,zeros_included,municipality,Borgarfjarðarsveit,1259,0.012708498808578236,0.012318620784125711,0.00021919009260781412,6.043292808036399,0.0013246299102496353
1995,all,zeros_included,municipality,Dalabyggð,2172,0.0363720073664825,0.021251822353551265,0.0010822510822510823,6.597226442323251,0.007139855457059795
1995,all,zeros_included,municipality,Eyja- og Miklaholtshreppur,405,0.0,0.003962701681946714,0.0,0.0,0.0
1995,all,zeros_included,municipality,Eyrarsveit,141,2.127659574468085,0.0013796072522333004,0.004109814236396515,2.5341062668351784,0.010414706011980843
1995,all,zeros_included,municipality,Helgafellssveit,246,0.9878048780487805,0.0024069743549602262,0.003328949531481177,3.4009447639464794,0.011321573478532994
1995,all,zeros_included,municipality,Hvalfjarðarstrandarhreppur,291,0.0,0.0028472745418431943,0.0,0.0,0.0
1995,all,zeros_included,municipality,Hvítársíðuhreppur,1477,0.0,0.014451630578358757,0.0,0.0,0.0
1995,all,zeros_included,municipality,Innri-Akraneshreppur,28,7.285714285714286,0.0002739645607271802,0.00279467368074963,1.4650013412760134,0.004094200690726981
1995,all,zeros_included,municipality,Kolbeinsstaðahreppur,391,0.0,0.003825719401583124,0.0,0.0,0.0
1995,all,zeros_included,municipality,Leirár- og Melahreppur,136,0.0,0.0013306850092463039,0.0,0.0,0.0
1995,all,zeros_included,municipality,Saurbæjarhreppur,255,0.0,0.00249503439233682,0.0,0.0,0.0
1995,all,zeros_included,municipality,Skilmannahreppur,52,3.3653846153846154,0.0005087913270647633,0.002397391637897967,1.993159594224202,0.004778384144189207
1995,all,zeros_included,municipality,Skorradalshreppur,207,0.0,0.0020253808596616537,0.0,0.0,0.0
1995,all,zeros_included,municipality,Snæfellsbær,697,0.40889526542324245,0.0068197606723873075,0.0039043235245766893,4.0500379235858635,0.015812658340484016
1995,all,lit_only,region,Austurland,313,26.105431309904155,0.12371541501976284,0.11193764041865308,0.1455611164925985,0.016293767916886165
1995,all,lit_only,region,Höfuðborgarsvæði,398,44.29396984924623,0.15731225296442689,0.24150638391144721,0.08331386955710185,0.020120831366405675
1995,all,lit_only,region,Norðurland eystra,754,22.76259946949602,0.29802371541501976,0.23512247246424461,0.19094064490635487,0.04489443652429953
1995,all,lit_only,region,Norðurland vestra,170,25.71764705882353,0.06719367588932806,0.05989369280508521,0.1648190652816215,0.009871622464398723
1995,all,lit_only,region,Suðurland,376,26.632978723404257,0.14861660079051384,0.13718559921091567,0.16871717438483058,0.023145566665155534
1995,all,lit_only,region,Suðurnes,201,41.049751243781095,0.07944664031620553,0.11303359088169215,0.08649845015758872,0.009777230427013324
1995,all,lit_only,region,Vestfirðir,204,21.96078431372549,0.08063241106719368,0.06137322593018796,0.16891610495000364,0.010366926272343913
1995,all,lit_only,region,Vesturland,114,25.57894736842105,0.045059288537549404,0.03994739437777412,0.1870462516224416,0.007472010380446047
1995,all,lit_only,municipality,Austur-Hérað,49,28.73469387755102,0.019367588932806323,0.019288728149487643,0.13251635126219652,0.0025560718748585225
1995,all,lit_only,municipality,Búðahreppur,13,34.53846153846154,0.005138339920948616,0.006151021973806784,0.05284517023659019,0.0003250518033348265
1995,all,lit_only,municipality,Djúpavogshreppur,7,25.857142857142858,0.002766798418972332,0.0024795879226258972,0.07522187859225404,0.00018651926167458465
1995,all,lit_only,municipality,Fáskrúðsfjarðarhr.,8,20.75,0.0031620553359683794,0.0022740972108060715,0.06639677843447611,0.00015099272864435085
1995,all,lit_only,municipality,Fellahreppur,20,30.05,0.007905138339920948,0.008233327853581019,0.09523091252882399,0.0007840673246455041
1995,all,lit_only,municipality,Fjarðabyggð,105,26.02857142857143,0.041501976284584984,0.03744040769357225,0.16273476539962184,0.006092855962479677
1995,all,lit_only,municipality,Mjóafjarðarhreppur,14,18.214285714285715,0.005533596837944664,0.0034933421009370378,0.19388477652506309,0.0006773058525657719
1995,all,lit_only,municipality,Seyðisfjörður,55,25.490909090909092,0.021739130434782608,0.019206531864759714,0.1504026668870151,0.0028887136141102963
1995,all,lit_only,municipality,Stöðvarhreppur,11,14.909090909090908,0.004347826086956522,0.0022466984492300946,0.2073551217286851,0.0004658644304277543
1995,all,lit_only,municipality,Sveitarfélagið Hornafjörður,13,29.384615384615383,0.005138339920948616,0.005233163461011562,0.05292881877623623,0.0002769851604543021
1995,all,lit_only,municipality,Vopnafjarðarhreppur,18,23.88888888888889,0.0071146245059288534,0.005890733738835005,0.11730909657507249,0.0006910366530670334
1995,all,lit_only,municipality,Bessastaðahreppur,6,61.333333333333336,0.0023715415019762848,0.005041372129979725,0.00034360635074826007,1.7322474803463162e-06
1995,all,lit_only,municipality,Garðabær,36,52.638888888888886,0.014229249011857707,0.025960326593237985,0.026810893286774995,0.0006960195459811307
1995,all,lit_only,municipality,Hafnarfjörður,61,45.868852459016395,0.024110671936758893,0.03833086744479149,0.03694373788564187,0.00141608551980966
1995,all,lit_only,municipality,Kópavogur,39,44.84615384615385,0.01541501976284585,0.02396021699819168,0.07114583351156911,0.0017046696094544136
1995,all,lit_only,municipality,Mosfellsbær,91,37.62637362637363,0.03596837944664032,0.04690667981807222,0.12781429353664953,0.005995344143096717
1995,all,lit_only,municipality,Reykjavík,165,44.81818181818182,0.06521739130434782,0.1013069209271741,0.08893539599125688,0.009009771129313176
1995,all,lit_only,municipality,Aðaldælahreppur,39,15.487179487179487,0.01541501976284585,0.008274425995944983,0.1679532495573257,0.0013897167342405712
1995,all,lit_only,municipality,Akureyri,70,40.07142857142857,0.02766798418972332,0.03842676311030741,0.09233844304626126,0.0035482674769132944
1995,all,lit_only,municipality,Arnarneshreppur,6,16.333333333333332,0.0023715415019762848,0.0013425393172228615,0.1548974333809774,0.00020795589445087105
1995,all,lit_only,municipality,Dalvíkurbyggð,62,24.725806451612904,0.02450592885375494,0.02100115074798619,0.1544004498408298,0.003242587122664147
1995,all,lit_only,municipality,Eyjafjarðarsveit,141,20.609929078014183,0.055731225296442685,0.03981040056989424,0.13405491342730036,0.005336779801903321
1995,all,lit_only,municipality,Glæsibæjarhreppur,88,24.261363636363637,0.034782608695652174,0.029248177982355197,0.15885945477945196,0.004646349607569318
1995,all,lit_only,municipality,Grímseyjarhreppur,1,7.0,0.0003952569169960474,9.589566551591868e-05,0.0,0.0
1995,all,lit_only,municipality,Grýtubakkahreppur,45,24.555555555555557,0.017786561264822136,0.015137815770727163,0.16858202389363974,0.002551963619958243
1995,all,lit_only,municipality,Hálshreppur,32,14.15625,0.012648221343873518,0.006205819496958738,0.10193108250485006,0.0006325658991547081
1995,all,lit_only,municipality,Hríseyjarhreppur,5,9.8,0.001976284584980237,0.0006712696586114307,0.22517761176845585,0.00015115489857874865
1995,all,lit_only,municipality,Húsavík,32,29.0625,0.012648221343873518,0.012740424132829196,0.11025145189027041,0.0014046502583422583
1995,all,lit_only,municipality,Ljósavatnshreppur,3,4.0,0.0011857707509881424,0.0001643925694558606,0.13899749475606038,2.2850155310876278e-05
1995,all,lit_only,municipality,Ólafsfjörður,45,25.42222222222222,0.017786561264822136,0.01567209162145871,0.15750877225772397,0.002468491910006524
1995,all,lit_only,municipality,Öxarfjarðarhreppur,19,11.947368421052632,0.007509881422924901,0.003109759438873363,0.18036836379147614,0.0005609022217746874
1995,all,lit_only,municipality,Öxnadalshreppur,1,12.0,0.0003952569169960474,0.0001643925694558606,0.0,0.0
1995,all,lit_only,municipality,Reykdælahreppur,26,10.692307692307692,0.010276679841897233,0.0038084278590607705,0.11901539694367225,0.00045326155337745746
1995,all,lit_only,municipality,Reykjahreppur,11,14.181818181818182,0.004347826086956522,0.0021371034029261876,0.10338099876098905,0.0002209358842500177
1995,all,lit_only,municipality,Siglufjörður,54,28.037037037037038,0.021343873517786563,0.02074086251301441,0.1556011707322078,0.003227302489020804
1995,all,lit_only,municipality,Skriðuhreppur,8,10.375,0.0031620553359683794,0.0011370486054030357,0.06705695346641205,7.624701542156008e-05
1995,all,lit_only,municipality,Skútustaðahreppur,50,17.22,0.019762845849802372,0.011795166858457998,0.14235068848774635,0.0016790501231293443
1995,all,lit_only,municipality,Þórshafnarhreppur,12,16.666666666666668,0.0047430830039525695,0.0027398761575976767,0.09970205727052894,0.00027317128957896037
1995,all,lit_only,municipality,Tjörneshreppur,4,12.75,0.0015810276679841897,0.0006986684201874075,0.13233937749230806,9.246134380113583e-05
1995,all,lit_only,municipality,Blönduós,12,34.25,0.0047430830039525695,0.005630445503863225,0.13525337173633023,0.000761536738775162
1995,all,lit_only,municipality,Bólstaðarhlíðarhreppur,5,10.0,0.001976284584980237,0.0006849690393994192,0.1605000514780368,0.0001099375660844682
1995,all,lit_only,municipality,Engihlíðarhreppur,7,20.428571428571427,0.002766798418972332,0.0019590114526823387,0.18072114999837163,0.00035403480258873286
1995,all,lit_only,municipality,Höfðahreppur,7,30.0,0.002766798418972332,0.0028768699654775605,0.018327164884830882,5.272487020952498e-05
1995,all,lit_only,municipality,Húnaþing vestra,15,25.866666666666667,0.005928853754940711,0.005315359745739492,0.14127083258064754,0.0007509052967462771
1995,all,lit_only,municipality,Sveitarfélagið Skagafjörður,88,25.102272727272727,0.034782608695652174,0.030261932160666336,0.1871619136366669,0.005663881133533305
1995,all,lit_only,municipality,Svínavatnshreppur,25,26.88,0.009881422924901186,0.009205983889528193,0.12420133322073301,0.001143395472687991
1995,all,lit_only,municipality,Torfalækjarhreppur,6,29.333333333333332,0.0023715415019762848,0.0024110910186859553,0.06873668257358245,0.00016573039800743208
1995,all,lit_only,municipality,Vindhælishreppur,5,22.6,0.001976284584980237,0.0015480300290426872,0.057750751321291816,8.939989724513637e-05
1995,all,lit_only,municipality,Biskupstungnahreppur,80,23.6125,0.03162055335968379,0.025878130308510057,0.1693931783996634,0.00438357874399918
1995,all,lit_only,municipality,Gnúpverjahreppur,10,18.0,0.003952569169960474,0.002465888541837909,0.05633486086646311,0.00013891548791664421
1995,all,lit_only,municipality,Grímsnes- og Grafningshreppur,13,29.76923076923077,0.005138339920948616,0.0053016603649515045,0.09565074309926169,0.0005071077535675143
1995,all,lit_only,municipality,Holta- og Landasveit,6,23.0,0.0023715415019762848,0.0018905145487423968,0.054455574856290934,0.00010294905652594867
1995,all,lit_only,municipality,Hraungerðishreppur,5,28.8,0.001976284584980237,0.001972710833470327,0.05492628182168957,0.0001083536711918913
1995,all,lit_only,municipality,Hrunamannahreppur,66,20.348484848484848,0.02608695652173913,0.0183982683982684,0.2273953776473645,0.004183681190481815
1995,all,lit_only,municipality,Hveragerði,11,52.09090909090909,0.004347826086956522,0.007849745191517344,0.006958653089298217,5.462365362715598e-05
1995,all,lit_only,municipality,Hvolhreppur,11,33.45454545454545,0.004347826086956522,0.005041372129979725,0.021453353827892485,0.00010815434008253102
1995,all,lit_only,municipality,Laugardalshreppur,13,22.076923076923077,0.005138339920948616,0.003931722286152666,0.2778563756177239,0.0010924541043658114
1995,all,lit_only,municipality,Ölfushreppur,97,27.670103092783506,0.0383399209486166,0.03676913803496082,0.1745979381083096,0.006419815686923981
1995,all,lit_only,municipality,Sveitarfélagið Árborg,43,29.906976744186046,0.01699604743083004,0.01761740369335306,0.11433389403987393,0.002014266367133512
1995,all,lit_only,municipality,Vestmannaeyjar,12,42.333333333333336,0.0047430830039525695,0.006959285440298098,0.02040278525110395,0.0001419888063395365
1995,all,lit_only,municipality,Villingaholtshreppur,9,25.22222222222222,0.0035573122529644267,0.003109759438873363,0.08821597912897428,0.00027433047375578334
1995,all,lit_only,municipality,Grindavík,43,33.651162790697676,0.01699604743083004,0.01982300400021919,0.12242291880816403,0.0024267900092527447
1995,all,lit_only,municipality,Reykjanesbær,58,38.37931034482759,0.02292490118577075,0.03049482163406214,0.08271077031057761,0.0025222501878369467
1995,all,lit_only,municipality,Sandgerði,80,51.25,0.03162055335968379,0.05616746123075237,0.017114668261578814,0.0009612874660594161
1995,all,lit_only,municipality,Vatnsleysustrandarhreppur,20,23.9,0.007905138339920948,0.006548304016658447,0.14270410593276983,0.0009344698700732092
1995,all,lit_only,municipality,Bæjarhreppur,4,17.5,0.0015810276679841897,0.0009589566551591868,0.13207697016945774,0.0001266560895372629
1995,all,lit_only,municipality,Bolungarvík,38,25.86842105263158,0.015019762845849802,0.01346649131459258,0.16393157044420636,0.002207583069574427
1995,all,lit_only,municipality,Hólmavíkurhreppur,12,28.833333333333332,0.0047430830039525695,0.0047399857526439805,0.05779732158562867,0.0002739584808568623
1995,all,lit_only,municipality,Ísafjarðarbær,108,23.416666666666668,0.042687747035573126,0.03464573401282262,0.14898626261639647,0.00516173842617221
1995,all,lit_only,municipality,Súðavíkurhreppur,11,11.272727272727273,0.004347826086956522,0.0016987232177105595,0.08465086722354975,0.00014379839355197778
1995,all,lit_only,municipality,Vesturbyggð,31,13.806451612903226,0.01225296442687747,0.005863334977259028,0.13733790171973892,0.000805258122856708
1995,all,lit_only,municipality,Akranes,7,44.57142857142857,0.002766798418972332,0.004274206805852375,0.08680187881834689,0.00037100918120615143
1995,all,lit_only,municipality,Borgarbyggð,46,28.304347826086957,0.01818181818181818,0.017836593785960874,0.13294139868233668,0.0023712217256343137
1995,all,lit_only,municipality,Borgarfjarðarsveit,3,5.333333333333333,0.0011857707509881424,0.00021919009260781412,0.0038320626601617835,8.399501693598079e-07
1995,all,lit_only,municipality,Dalabyggð,3,26.333333333333332,0.0011857707509881424,0.0010822510822510823,0.012435049937534526,1.3457846252742993e-05
1995,all,lit_only,municipality,Eyrarsveit,13,23.076923076923077,0.005138339920948616,0.004109814236396515,0.15029573391854711,0.0006176875469281075
1995,all,lit_only,municipality,Helgafellssveit,12,20.25,0.0047430830039525695,0.003328949531481177,0.3805198778021168,0.0012667314689286315
1995,all,lit_only,municipality,Innri-Akraneshreppur,7,29.142857142857142,0.002766798418972332,0.00279467368074963,0.07870698015612287,0.0002199603259336
1995,all,lit_only,municipality,Skilmannahreppur,8,21.875,0.0031620553359683794,0.002397391637897967,0.1213574173226104,0.00029094125748612006
1995,all,lit_only,municipality,Snæfellsbær,15,19.0,0.005928853754940711,0.0039043235245766893,0.2113027139275494,0.0008249941567942295
1996,all,zeros_included,region,Austurland,22467,0.28268126585658965,0.21982720663776992,0.09601632776475924,4.830072721920825,0.4637658455955727
1996,all,zeros_included,region,Höfuðborgarsvæði,1034,15.885880077369439,0.01011711984971087,0.24833320734749414,1.1585244996829678,0.2877001047969224
1996,all,zeros_included,region,Norðurland eystra,21869,0.5098541314189035,0.21397610637652514,0.16856905283846096,4.305832187976662,0.725830053608584
1996,all,zeros_included,region,Norðurland vestra,12430,0.2829444891391794,0.12162069606567322,0.053171063572454456,4.836661703173377,0.2571704468978875
1996,all,zeros_included,region,Suðurland,24726,0.493933511283669,0.24193027601929493,0.184639806485751,4.212498386843963,0.7777948869684077
1996,all,zeros_included,region,Suðurnes,831,10.233453670276775,0.008130876784438813,0.12856602917832036,1.4607546307550794,0.1878034224800241
1996,all,zeros_included,region,Vestfirðir,9235,0.49171629669734707,0.09035938279698248,0.06865220349232747,4.154534717748064,0.2852179628587793
1996,all,zeros_included,region,Vesturland,9611,0.3582353553220268,0.0940383354696046,0.05205230932043238,4.416349492579482,0.2298811898548818
1996,all,zeros_included,municipality,Austur-Hérað,1563,0.6404350607805502,0.015293093157735096,0.015133419003703984,4.2014803601603985,0.06358276272614043
1996,all,zeros_included,municipality,Borgarfjarðarhreppur,419,0.0,0.004099683962310304,0.0,0.0,0.0
1996,all,zeros_included,municipality,Breiðdalshreppur,452,0.05752212389380531,0.004422570766024481,0.0003930758182780255,5.423496503813427,0.0021318453261644733
1996,all,zeros_included,municipality,Búðahreppur,25,17.4,0.00024461121493498235,0.006576460805805428,0.7317391168458638,0.004812253622011501
1996,all,zeros_included,municipality,Djúpavogshreppur,1146,0.12914485165794065,0.011212978092619591,0.0022375085040441454,5.397260602143834,0.012076416495839253
1996,all,zeros_included,municipality,Fáskrúðsfjarðarhr.,219,0.8812785388127854,0.0021427942428304454,0.0029178320356791896,3.1851410375515283,0.009293706557524302
1996,all,zeros_included,municipality,Fellahreppur,336,1.0922619047619047,0.0032875747287261625,0.005548416358001361,3.637378079284667,0.020181688035338617
1996,all,zeros_included,municipality,Fjarðabyggð,635,3.7433070866141733,0.006213124859348551,0.035936200771033336,2.2164488787108514,0.07965075190408487
1996,all,zeros_included,municipality,Fljótsdalshreppur,1531,0.0,0.014979990802618318,0.0,0.0,0.0
1996,all,zeros_included,municipality,Mjóafjarðarhreppur,187,0.839572192513369,0.0018296918877136678,0.0023735732103711544,3.6424962800428733,0.008645731589186351
1996,all,zeros_included,municipality,Norður-Hérað,6977,0.0,0.06826609786405487,0.0,0.0,0.0
1996,all,zeros_included,municipality,Seyðisfjörður,208,5.235576923076923,0.002035165308259053,0.01646382946556807,1.916609608612124,0.03155473374825917
1996,all,zeros_included,municipality,Skeggjastaðahreppur,589,0.0,0.005763040223868184,0.0,0.0,0.0
1996,all,zeros_included,municipality,Stöðvarhreppur,85,0.0,0.00083167813077894,0.0,0.0,0.0
1996,all,zeros_included,municipality,Sveitarfélagið Hornafjörður,6214,0.06356614097199871,0.06080056358423921,0.005971728777685388,6.210650204291603,0.037088318553105806
1996,all,zeros_included,municipality,Vopnafjarðarhreppur,1881,0.08665603402445508,0.018404547811708073,0.00246428301458916,6.161972935677178,0.015184845241747373
1996,all,zeros_included,municipality,Bessastaðahreppur,6,61.5,5.870669158439576e-05,0.0055786529594073625,0.0003900327679842164,2.175857455380994e-06
1996,all,zeros_included,municipality,Garðabær,36,50.22222222222222,0.0003522401495063746,0.027333887671025778,0.10416322399416877,0.0028471858641085064
1996,all,zeros_included,municipality,Hafnarfjörður,143,18.972027972027973,0.001399176149428099,0.041015949807241665,0.926495631625496,0.03800109832338001
1996,all,zeros_included,municipality,Kjósarhreppur,273,0.0,0.002671154467090007,0.0,0.0,0.0
1996,all,zeros_included,municipality,Kópavogur,107,13.542056074766355,0.0010469359999217243,0.021906417718648423,1.3838892378574528,0.030316055720847366
1996,all,zeros_included,municipality,Mosfellsbær,198,14.3989898989899,0.0019373208222850601,0.043102275304255804,1.2304551794259542,0.053035417893164946
1996,all,zeros_included,municipality,Reykjavík,271,26.70110701107011,0.0026515855698952084,0.1093960238869151,0.622776008539117,0.06812921910634288
1996,all,zeros_included,municipality,Aðaldælahreppur,561,0.6488413547237076,0.005489075663141003,0.005503061455892358,3.6605979029131466,0.020144495225041734
1996,all,zeros_included,municipality,Akureyri,117,20.88888888888889,0.0011447804858957173,0.0369491269181344,0.9184462712574453,0.03393578784417864
1996,all,zeros_included,municipality,Arnarneshreppur,77,0.0,0.0007534025419997456,0.0,0.0,0.0
1996,all,zeros_included,municipality,Bárðdælahreppur,3151,0.0,0.030830797530405175,0.0,0.0,0.0
1996,all,zeros_included,municipality,Dalvíkurbyggð,575,1.8156521739130436,0.005626057943504594,0.015783505933933024,3.0330741885873547,0.047872544453627604
1996,all,zeros_included,municipality,Eyjafjarðarsveit,1796,0.6119153674832962,0.01757286968092913,0.01661501247259808,3.9913355117262146,0.0663160893096547
1996,all,zeros_included,municipality,Glæsibæjarhreppur,120,11.308333333333334,0.0011741338316879153,0.020515534053972332,1.2861812989051562,0.0263866962372711
1996,all,zeros_included,municipality,Grímseyjarhreppur,5,0.0,4.892224298699647e-05,0.0,0.0,0.0
1996,all,zeros_included,municipality,Grýtubakkahreppur,490,1.3510204081632653,0.004794379812725654,0.010008315065386651,3.4001340460083633,0.03402961279699957
1996,all,zeros_included,municipality,Hálshreppur,1471,0.0,0.01439292388677436,0.0,0.0,0.0
1996,all,zeros_included,municipality,Hríseyjarhreppur,7,8.142857142857142,6.849114018179505e-05,0.000861743140071056,0.5651019511232072,0.0004869727298211929
1996,all,zeros_included,municipality,Húsavík,66,12.333333333333334,0.0006457736074283534,0.0123062967722428,1.1856389942010317,0.014590825327381356
1996,all,zeros_included,municipality,Kelduneshreppur,720,0.0,0.0070448029901274915,0.0,0.0,0.0
1996,all,zeros_included,municipality,Ljósavatnshreppur,401,0.0,0.003923563887557117,0.0,0.0,0.0
1996,all,zeros_included,municipality,Ólafsfjörður,202,4.787128712871287,0.0019764586166746575,0.01461939677980195,1.9827177361667485,0.028986137287372375
1996,all,zeros_included,municipality,Öxarfjarðarhreppur,2684,0.06184798807749627,0.026261460035419702,0.002509637916698163,5.663951548096737,0.01421446756344483
1996,all,zeros_included,municipality,Öxnadalshreppur,289,0.0,0.0028277056446483957,0.0,0.0,0.0
1996,all,zeros_included,municipality,Reykdælahreppur,390,0.45384615384615384,0.0038159349529857246,0.0026759392244311737,3.5351194898501213,0.00945976490594106
1996,all,zeros_included,municipality,Reykjahreppur,191,0.4869109947643979,0.0018688296821032652,0.0014060019653790914,3.8680236736957188,0.005438448887349034
1996,all,zeros_included,municipality,Siglufjörður,137,9.094890510948906,0.0013404694578437032,0.018837402675939224,1.4510796990512822,0.02733457260590971
1996,all,zeros_included,municipality,Skriðuhreppur,403,0.0,0.003943132784751916,0.0,0.0,0.0
1996,all,zeros_included,municipality,Skútustaðahreppur,6033,0.09099950273495773,0.05902957838810994,0.00829994708594754,5.622826244434441,0.04666916030228298
1996,all,zeros_included,municipality,Svalbarðshreppur,1098,0.0,0.010743324559944424,0.0,0.0,0.0
1996,all,zeros_included,municipality,Þórshafnarhreppur,709,0.12129760225669958,0.006937174055556099,0.0013001738604580845,5.226422807125983,0.006795258317527169
1996,all,zeros_included,municipality,Tjörneshreppur,176,0.14204545454545456,0.0017220629531422757,0.00037795751757502456,5.170483995038151,0.0019542232954260154
1996,all,zeros_included,municipality,Akrahreppur,1359,0.0,0.01329706564386564,0.0,0.0,0.0
1996,all,zeros_included,municipality,Áshreppur,1150,0.0,0.011252115887009188,0.0,0.0,0.0
1996,all,zeros_included,municipality,Blönduós,15,28.533333333333335,0.00014676672896098941,0.00647063270088442,0.3679293138982369,0.0023807354501239005
1996,all,zeros_included,municipality,Bólstaðarhlíðarhreppur,1340,0.0,0.013111161120515054,0.0,0.0,0.0
1996,all,zeros_included,municipality,Engihlíðarhreppur,166,0.9337349397590361,0.0016242184671682828,0.0023433366089651523,3.528684411230267,0.008268895362320528
1996,all,zeros_included,municipality,Höfðahreppur,48,3.8333333333333335,0.00046965353267516607,0.0027817673293521806,2.098600279311452,0.005837817694357958
1996,all,zeros_included,municipality,Húnaþing vestra,2461,0.1251523770824868,0.02407952799819966,0.004656436616524303,5.66356063706907,0.026372011130354124
1996,all,zeros_included,municipality,Skagahreppur,272,0.0,0.0026613700184926078,0.0,0.0,0.0
1996,all,zeros_included,municipality,Sveinsstaðahreppur,118,0.0,0.0011545649344931166,0.0,0.0,0.0
1996,all,zeros_included,municipality,Sveitarfélagið Skagafjörður,4110,0.4048661800486618,0.040214083735311094,0.025156852369793634,4.4921304978520915,0.11300786376031265
1996,all,zeros_included,municipality,Svínavatnshreppur,979,0.5720122574055159,0.009578975176853908,0.00846624839368055,4.093161412182235,0.03465372123096307
1996,all,zeros_included,municipality,Torfalækjarhreppur,187,0.8770053475935828,0.0018296918877136678,0.0024794013152921613,3.649134218774727,0.00904766818170769
1996,all,zeros_included,municipality,Vindhælishreppur,225,0.24,0.002201500934414841,0.0008163882379620531,4.722953221644476,0.0038557634585955356
1996,all,zeros_included,municipality,Ásahreppur,137,0.0,0.0013404694578437032,0.0,0.0,0.0
1996,all,zeros_included,municipality,Austur-Eyjafjallahreppur,282,0.0,0.0027592145044666007,0.0,0.0,0.0
1996,all,zeros_included,municipality,Austur-Landeyjahreppur,200,0.0,0.001956889719479859,0.0,0.0,0.0
1996,all,zeros_included,municipality,Biskupstungnahreppur,1989,1.4062342885872297,0.019461268260227194,0.04228588706629375,3.07841303970135,0.13017342614021735
1996,all,zeros_included,municipality,Djúpárhreppur,120,0.0,0.0011741338316879153,0.0,0.0,0.0
1996,all,zeros_included,municipality,Fljótshlíðarhreppur,414,0.0,0.0040507617193233075,0.0,0.0,0.0
1996,all,zeros_included,municipality,Gaulverjabæjarhreppur,84,0.0,0.0008218936821815406,0.0,0.0,0.0
1996,all,zeros_included,municipality,Gnúpverjahreppur,1127,0.22803904170363798,0.011027073569269004,0.0038854032806712527,4.853096920416627,0.018856238696002316
1996,all,zeros_included,municipality,Grímsnes- og Grafningshreppur,889,0.6737907761529809,0.008698374803087971,0.009055862121097588,3.7215208695208832,0.03370157987516833
1996,all,zeros_included,municipality,Holta- og Landasveit,1604,0.11845386533665836,0.015694255550228468,0.0028724771335701866,5.245390415146977,0.015067264024157919
1996,all,zeros_included,municipality,Hraungerðishreppur,98,2.0918367346938775,0.0009588759625451307,0.0030992516441152016,2.602233452596706,0.008064976306331918
1996,all,zeros_included,municipality,Hrunamannahreppur,1212,1.8003300330033003,0.011858751700047944,0.03298813213394815,2.868457569440095,0.0946250573213136
1996,all,zeros_included,municipality,Hveragerði,11,52.18181818181818,0.00010762893457139223,0.008677904603522564,0.006709299445844863,5.822266054750852e-05
1996,all,zeros_included,municipality,Hvolhreppur,238,1.4789915966386555,0.002328698766181032,0.005321641847456346,3.104940786943719,0.016523382825673734
1996,all,zeros_included,municipality,Laugardalshreppur,649,0.576271186440678,0.006350107139712142,0.005654244462922367,3.969372615392999,0.02244380313186154
1996,all,zeros_included,municipality,Mýrdalshreppur,764,0.0,0.007475318728413061,0.0,0.0,0.0
1996,all,zeros_included,municipality,Ölfushreppur,739,3.5534506089309876,0.007230707513478078,0.03970065764608058,2.335237010588151,0.09271044507981684
1996,all,zeros_included,municipality,Rangárvallahreppur,1446,0.0,0.014148312671839379,0.0,0.0,0.0
1996,all,zeros_included,municipality,Skaftárhreppur,6922,0.0,0.06772795319119791,0.0,0.0,0.0
1996,all,zeros_included,municipality,Skeiðahreppur,1280,0.0,0.012524094204671096,0.0,0.0,0.0
1996,all,zeros_included,municipality,Sveitarfélagið Árborg,149,8.812080536912752,0.0014578828410124946,0.01985032882304029,1.3663107389127944,0.027121717441870117
1996,all,zeros_included,municipality,Þingvallahreppur,647,0.0,0.006330538242517343,0.0,0.0,0.0
1996,all,zeros_included,municipality,Uten navn - sysla,123,0.0,0.0012034871774801131,0.0,0.0,0.0
1996,all,zeros_included,municipality,Vestmannaeyjar,15,33.86666666666667,0.00014676672896098941,0.007680096757124499,0.24354633656531366,0.0018704594296648173
1996,all,zeros_included,municipality,Vestur-Eyjafjallahreppur,469,0.0,0.0045889063921802685,0.0,0.0,0.0
1996,all,zeros_included,municipality,Vestur-Landeyjahreppur,186,0.0,0.0018199074391162687,0.0,0.0,0.0
1996,all,zeros_included,municipality,Villingaholtshreppur,2932,0.08049113233287858,0.028688003287574728,0.003567918965908232,5.831815228434125,0.020807444159202562
1996,all,zeros_included,municipality,Grindavík,456,2.8530701754385963,0.004461708560414078,0.019668909214604277,2.6826091024604644,0.05276399489456594
1996,all,zeros_included,municipality,Reykjanesbær,132,16.477272727272727,0.0012915472148567067,0.032882304029027136,0.9906782956127689,0.032575784911297485
1996,all,zeros_included,municipality,Sandgerði,88,46.26136363636363,0.0008610314765711379,0.061546602161917,0.12206930911130076,0.007512951204053298
1996,all,zeros_included,municipality,Vatnsleysustrandarhreppur,155,6.174193548387096,0.0015165895325968905,0.01446821377277194,1.3041841039267728,0.018869214414663566
1996,all,zeros_included,municipality,Árneshreppur,682,0.0,0.006672993943426318,0.0,0.0,0.0
1996,all,zeros_included,municipality,Bæjarhreppur,497,0.0,0.004862870952907449,0.0,0.0,0.0
1996,all,zeros_included,municipality,Bolungarvík,85,11.341176470588236,0.00083167813077894,0.014574041877692947,1.169847190601876,0.017049401946333184
1996,all,zeros_included,municipality,Broddaneshreppur,284,0.0,0.0027787834016613994,0.0,0.0,0.0
1996,all,zeros_included,municipality,Hólmavíkurhreppur,1327,0.26601356443104746,0.012983963288748863,0.005336760148159347,4.814099733206851,0.02569169560544287
1996,all,zeros_included,municipality,Ísafjarðarbær,2337,1.0577663671373556,0.02286625637212215,0.037372439337818426,3.4383500266905958,0.12849952779468066
1996,all,zeros_included,municipality,Kaldrananeshreppur,471,0.0,0.004608475289375067,0.0,0.0,0.0
1996,all,zeros_included,municipality,Kirkjubólshreppur,159,0.0,0.0015557273269864876,0.0,0.0,0.0
1996,all,zeros_included,municipality,Reykhólahreppur,1149,0.006092254134029591,0.011242331438411789,0.00010582810492100688,7.046647277848756,0.0007457333274615057
1996,all,zeros_included,municipality,Súðavíkurhreppur,733,0.17053206002728513,0.007172000821893682,0.001889787587875123,4.384538337692965,0.00828584612913479
1996,all,zeros_included,municipality,Vesturbyggð,1511,0.41032428855062875,0.014784301830670333,0.00937334643586061,4.056299713376497,0.03802110246115999
1996,all,zeros_included,municipality,Akranes,7,43.0,6.849114018179505e-05,0.004550608511603296,0.17700043673780952,0.0008054596939765766
1996,all,zeros_included,municipality,Borgarbyggð,1847,0.7682728749323227,0.018071876559396495,0.021452868697558393,3.722928619753769,0.0798674988499599
1996,all,zeros_included,municipality,Borgarfjarðarsveit,1259,0.023828435266084195,0.012318620784125711,0.0004535490210900295,5.669910375781882,0.002571582300604074
1996,all,zeros_included,municipality,Dalabyggð,2172,0.053406998158379376,0.021251822353551265,0.001753722881548114,5.945407990011663,0.010426598032222434
1996,all,zeros_included,municipality,Eyja- og Miklaholtshreppur,405,0.0,0.003962701681946714,0.0,0.0,0.0
1996,all,zeros_included,municipality,Eyrarsveit,141,2.0851063829787235,0.0013796072522333004,0.004444780406682289,2.6787340159928124,0.011906384468998214
1996,all,zeros_included,municipality,Helgafellssveit,246,1.3211382113821137,0.0024069743549602262,0.00491344772847532,3.1891474117806977,0.015669709106186813
1996,all,zeros_included,municipality,Hvalfjarðarstrandarhreppur,291,0.46048109965635736,0.0028472745418431943,0.0020258522942021317,3.487891028512285,0.007065952042038645
1996,all,zeros_included,municipality,Hvítársíðuhreppur,1477,0.0,0.014451630578358757,0.0,0.0,0.0
1996,all,zeros_included,municipality,Innri-Akraneshreppur,28,6.964285714285714,0.0002739645607271802,0.0029480686370851918,1.5679844956768894,0.004622525915140879
1996,all,zeros_included,municipality,Kolbeinsstaðahreppur,391,0.0,0.003825719401583124,0.0,0.0,0.0
1996,all,zeros_included,municipality,Leirár- og Melahreppur,136,0.0,0.0013306850092463039,0.0,0.0,0.0
1996,all,zeros_included,municipality,Saurbæjarhreppur,255,0.0,0.00249503439233682,0.0,0.0,0.0
1996,all,zeros_included,municipality,Skilmannahreppur,52,5.211538461538462,0.0005087913270647633,0.004097059490513266,1.4970732857339915,0.006133598313310329
1996,all,zeros_included,municipality,Skorradalshreppur,207,0.0,0.0020253808596616537,0.0,0.0,0.0
1996,all,zeros_included,municipality,Snæfellsbær,697,0.5136298421807748,0.0068197606723873075,0.005412351651674352,3.8442407083294654,0.020806382547160763
1996,all,lit_only,region,Austurland,192,33.078125,0.10289389067524116,0.09601632776475924,0.06776524903112913,0.006506570362033428
1996,all,lit_only,region,Höfuðborgarsvæði,339,48.45427728613569,0.18167202572347266,0.24833320734749414,0.04333455199504366,0.010761408285895942
1996,all,lit_only,region,Norðurland eystra,323,34.52012383900929,0.17309753483386925,0.16856905283846096,0.09065912331099613,0.015282322547699853
1996,all,lit_only,region,Norðurland vestra,106,33.179245283018865,0.05680600214362272,0.053171063572454456,0.0722326127806876,0.0038406848461664264
1996,all,lit_only,region,Suðurland,402,30.380597014925375,0.21543408360128619,0.184639806485751,0.09333987489611228,0.017234256438222382
1996,all,lit_only,region,Suðurnes,210,40.49523809523809,0.11254019292604502,0.12856602917832036,0.08523236661710021,0.010957986933431403
1996,all,lit_only,region,Vestfirðir,160,28.38125,0.0857449088960343,0.06865220349232747,0.09895264034854989,0.006793316801311741
1996,all,lit_only,region,Vesturland,134,25.69402985074627,0.07181136120042872,0.05205230932043238,0.14352573770710908,0.007470846094573687
1996,all,lit_only,municipality,Austur-Hérað,24,41.708333333333336,0.012861736334405145,0.015133419003703984,0.025171860086867337,0.00038093630579717595
1996,all,lit_only,municipality,Breiðdalshreppur,2,13.0,0.0010718113612004287,0.0003930758182780255,0.002961504541140858,1.1640958208430312e-06
1996,all,lit_only,municipality,Búðahreppur,13,33.46153846153846,0.006966773847802787,0.006576460805805428,0.07781264943919952,0.0005117318392327733
1996,all,lit_only,municipality,Djúpavogshreppur,6,24.666666666666668,0.003215434083601286,0.0022375085040441454,0.14498717409720374,0.0003244100350198224
1996,all,lit_only,municipality,Fáskrúðsfjarðarhr.,10,19.3,0.0053590568060021436,0.0029178320356791896,0.09865440072907328,0.0002878569709080224
1996,all,lit_only,municipality,Fellahreppur,9,40.77777777777778,0.00482315112540193,0.005548416358001361,0.017491496657681793,9.705010618140778e-05
1996,all,lit_only,municipality,Fjarðabyggð,74,32.12162162162162,0.03965702036441586,0.035936200771033336,0.06688897302232988,0.0024037355638986788
1996,all,lit_only,municipality,Mjóafjarðarhreppur,5,31.4,0.0026795284030010718,0.0023735732103711544,0.02082557562238696,4.943102838785627e-05
1996,all,lit_only,municipality,Seyðisfjörður,32,34.03125,0.01714898177920686,0.01646382946556807,0.0448074317105327,0.0007377019144722973
1996,all,lit_only,municipality,Sveitarfélagið Hornafjörður,13,30.384615384615383,0.006966773847802787,0.005971728777685388,0.041039471800147886,0.0002450765947699511
1996,all,lit_only,municipality,Vopnafjarðarhreppur,4,40.75,0.0021436227224008574,0.00246428301458916,0.008708467496038264,2.1460128533588888e-05
1996,all,lit_only,municipality,Bessastaðahreppur,6,61.5,0.003215434083601286,0.0055786529594073625,0.0003900327679842164,2.175857455380994e-06
1996,all,lit_only,municipality,Garðabær,33,54.78787878787879,0.017684887459807074,0.027333887671025778,0.017151847004538645,0.0004688266593726793
1996,all,lit_only,municipality,Hafnarfjörður,59,45.983050847457626,0.03161843515541265,0.041015949807241665,0.04118844527130827,0.0016893832038863005
1996,all,lit_only,municipality,Kópavogur,28,51.75,0.015005359056806002,0.021906417718648423,0.04326491357075035,0.0009477792692420781
1996,all,lit_only,municipality,Mosfellsbær,60,47.516666666666666,0.03215434083601286,0.043102275304255804,0.0365327109535194,0.0015746429651293946
1996,all,lit_only,municipality,Reykjavík,153,47.294117647058826,0.0819935691318328,0.1093960238869151,0.05109510905185166,0.005589601770340897
1996,all,lit_only,municipality,Aðaldælahreppur,16,22.75,0.00857449088960343,0.005503061455892358,0.10346571963023132,0.0005693782137032913
1996,all,lit_only,municipality,Akureyri,48,50.916666666666664,0.02572347266881029,0.0369491269181344,0.027473347367580114,0.0010151161987507114
1996,all,lit_only,municipality,Dalvíkurbyggð,29,36.0,0.015541264737406217,0.015783505933933024,0.04599997777647857,0.0007260409221958368
1996,all,lit_only,municipality,Eyjafjarðarsveit,35,31.4,0.018756698821007504,0.01661501247259808,0.05336632435348365,0.0008866821447498455
1996,all,lit_only,municipality,Glæsibæjarhreppur,35,38.77142857142857,0.018756698821007504,0.020515534053972332,0.0540376176125239,0.0011086105843252693
1996,all,lit_only,municipality,Grýtubakkahreppur,17,38.94117647058823,0.009110396570203644,0.010008315065386651,0.03894199895990713,0.00038974379486670985
1996,all,lit_only,municipality,Hríseyjarhreppur,4,14.25,0.0021436227224008574,0.000861743140071056,0.0054861631877844985,4.727663492383648e-06
1996,all,lit_only,municipality,Húsavík,21,38.76190476190476,0.011254019292604502,0.0123062967722428,0.04050668989802908,0.0004984873471463553
1996,all,lit_only,municipality,Ólafsfjörður,30,32.233333333333334,0.01607717041800643,0.01461939677980195,0.0756474204276989,0.0011059196546010254
1996,all,lit_only,municipality,Öxarfjarðarhreppur,10,16.6,0.0053590568060021436,0.002509637916698163,0.07147314299920948,0.00017937170969640597
1996,all,lit_only,municipality,Reykdælahreppur,12,14.75,0.006430868167202572,0.0026759392244311737,0.05387940051442941,0.0001441780012253988
1996,all,lit_only,municipality,Reykjahreppur,4,23.25,0.0021436227224008574,0.0014060019653790914,0.002044606768979218,2.8747211356121743e-06
1996,all,lit_only,municipality,Siglufjörður,34,36.64705882352941,0.01822079314040729,0.018837402675939224,0.05745929783931869,0.0010823839308759708
1996,all,lit_only,municipality,Skútustaðahreppur,23,23.869565217391305,0.01232583065380493,0.00829994708594754,0.05332078192282852,0.0004425596685408248
1996,all,lit_only,municipality,Þórshafnarhreppur,4,21.5,0.0021436227224008574,0.0013001738604580845,0.04886164171374707,6.352862933528231e-05
1996,all,lit_only,municipality,Tjörneshreppur,1,25.0,0.0005359056806002144,0.00037795751757502456,0.0,0.0
1996,all,lit_only,municipality,Blönduós,11,38.90909090909091,0.005894962486602358,0.00647063270088442,0.057774385594397515,0.0003738368287006143
1996,all,lit_only,municipality,Engihlíðarhreppur,5,31.0,0.0026795284030010718,0.0023433366089651523,0.026134535307823725,6.12420133451157e-05
1996,all,lit_only,municipality,Höfðahreppur,6,30.666666666666668,0.003215434083601286,0.0027817673293521806,0.01915873763161624,5.3295150415260234e-05
1996,all,lit_only,municipality,Húnaþing vestra,9,34.22222222222222,0.00482315112540193,0.004656436616524303,0.05246216401423354,0.00024428674149798066
1996,all,lit_only,municipality,Sveitarfélagið Skagafjörður,51,32.627450980392155,0.027331189710610933,0.025156852369793634,0.10277782308613714,0.00258556652226672
1996,all,lit_only,municipality,Svínavatnshreppur,17,32.94117647058823,0.009110396570203644,0.00846624839368055,0.03984311370794069,0.0003373216974290844
1996,all,lit_only,municipality,Torfalækjarhreppur,5,32.8,0.0026795284030010718,0.0024794013152921613,0.027463514354240992,6.809307361245027e-05
1996,all,lit_only,municipality,Vindhælishreppur,2,27.0,0.0010718113612004287,0.0008163882379620531,4.440892098500626e-16,3.6254920752745305e-19
1996,all,lit_only,municipality,Biskupstungnahreppur,101,27.693069306930692,0.05412647374062165,0.04228588706629375,0.09814627768863726,0.004150202414318821
1996,all,lit_only,municipality,Gnúpverjahreppur,9,28.555555555555557,0.00482315112540193,0.0038854032806712527,0.02300698371306975,8.939140999711129e-05
1996,all,lit_only,municipality,Grímsnes- og Grafningshreppur,23,26.043478260869566,0.01232583065380493,0.009055862121097588,0.06691784993612826,0.0006059988224618766
1996,all,lit_only,municipality,Holta- og Landasveit,9,21.11111111111111,0.00482315112540193,0.0028724771335701866,0.06235920405673623,0.00017912538772061202
1996,all,lit_only,municipality,Hraungerðishreppur,8,25.625,0.004287245444801715,0.0030992516441152016,0.0967075156059698,0.0002997209267400984
1996,all,lit_only,municipality,Hrunamannahreppur,77,28.337662337662337,0.04126473740621651,0.03298813213394815,0.11223582466451898,0.0037024502141957886
1996,all,lit_only,municipality,Hveragerði,11,52.18181818181818,0.005894962486602358,0.008677904603522564,0.006709299445844863,5.822266054750852e-05
1996,all,lit_only,municipality,Hvolhreppur,11,32.0,0.005894962486602358,0.005321641847456346,0.030565386070615208,0.00016265803759704517
1996,all,lit_only,municipality,Laugardalshreppur,13,28.76923076923077,0.006966773847802787,0.005654244462922367,0.058889256150445934,0.00033297425051427587
1996,all,lit_only,municipality,Ölfushreppur,77,34.103896103896105,0.04126473740621651,0.03970065764608058,0.07374451149363326,0.0029277056040861883
1996,all,lit_only,municipality,Sveitarfélagið Árborg,42,31.261904761904763,0.022508038585209004,0.01985032882304029,0.10003405125070364,0.001985708810827332
1996,all,lit_only,municipality,Vestmannaeyjar,12,42.333333333333336,0.006430868167202572,0.007680096757124499,0.02040278525110395,0.00015669536484331102
1996,all,lit_only,municipality,Villingaholtshreppur,9,26.22222222222222,0.00482315112540193,0.003567918965908232,0.04559974276380219,0.0001626961870475065
1996,all,lit_only,municipality,Grindavík,33,39.42424242424242,0.017684887459807074,0.019668909214604277,0.05662385441255857,0.0011137294518215844
1996,all,lit_only,municipality,Reykjanesbær,52,41.82692307692308,0.027867095391211148,0.032882304029027136,0.05912009160782539,0.00194400482647245
1996,all,lit_only,municipality,Sandgerði,80,50.8875,0.04287245444801715,0.061546602161917,0.02675912930697555,0.0016469334856557178
1996,all,lit_only,municipality,Vatnsleysustrandarhreppur,45,21.266666666666666,0.024115755627009645,0.01446821377277194,0.06742147677784605,0.0009754683388978557
1996,all,lit_only,municipality,Bolungarvík,28,34.42857142857143,0.015005359056806002,0.014574041877692947,0.0594004442867635,0.000865704562588858
1996,all,lit_only,municipality,Hólmavíkurhreppur,11,32.09090909090909,0.005894962486602358,0.005336760148159347,0.021318971673013998,0.00011377423842427911
1996,all,lit_only,municipality,Ísafjarðarbær,82,30.146341463414632,0.04394426580921758,0.037372439337818426,0.08844593941599088,0.003305440505500483
1996,all,lit_only,municipality,Reykhólahreppur,1,7.0,0.0005359056806002144,0.00010582810492100688,0.0,0.0
1996,all,lit_only,municipality,Súðavíkurhreppur,10,12.5,0.0053590568060021436,0.001889787587875123,0.08997772880035892,0.00017003879507211227
1996,all,lit_only,municipality,Vesturbyggð,28,22.142857142857142,0.015005359056806002,0.00937334643586061,0.06797726127896064,0.0006371744197287111
1996,all,lit_only,municipality,Akranes,6,50.166666666666664,0.003215434083601286,0.004550608511603296,0.022849756910551022,0.0001039802982852197
1996,all,lit_only,municipality,Borgarbyggð,51,27.823529411764707,0.027331189710610933,0.021452868697558393,0.13343627227885513,0.00286259082868993
1996,all,lit_only,municipality,Borgarfjarðarsveit,5,6.0,0.0026795284030010718,0.0004535490210900295,0.14127525417163556,6.407525323379041e-05
1996,all,lit_only,municipality,Dalabyggð,7,16.571428571428573,0.0037513397642015005,0.001753722881548114,0.20791445801315067,0.00036462434242233693
1996,all,lit_only,municipality,Eyrarsveit,10,29.4,0.0053590568060021436,0.004444780406682289,0.03255921860868982,0.0001447185769287899
1996,all,lit_only,municipality,Helgafellssveit,11,29.545454545454547,0.005894962486602358,0.00491344772847532,0.08171114864670503,0.00040148345770926204
1996,all,lit_only,municipality,Hvalfjarðarstrandarhreppur,9,14.88888888888889,0.00482315112540193,0.0020258522942021317,0.011792338677011571,2.3889536362832422e-05
1996,all,lit_only,municipality,Innri-Akraneshreppur,6,32.5,0.003215434083601286,0.0029480686370851918,0.02753945472974051,8.118820277117544e-05
1996,all,lit_only,municipality,Skilmannahreppur,12,22.583333333333332,0.006430868167202572,0.004097059490513266,0.030736216940564276,0.0001259281093188135
1996,all,lit_only,municipality,Snæfellsbær,17,21.058823529411764,0.009110396570203644,0.005412351651674352,0.1306686416251579,0.0007072246383219673
1997,all,zeros_included,region,Austurland,22467,0.279966172608715,0.21982720663776992,0.09819839510413089,4.847877914567718,0.47605383087131087
1997,all,zeros_included,region,Höfuðborgarsvæði,1034,15.819148936170214,0.01011711984971087,0.2553626627533019,1.1672652691861076,0.29807596727881414
1997,all,zeros_included,region,Norðurland eystra,21869,0.5062874388403676,0.21397610637652514,0.17285415430730322,4.320712815051006,0.746853159650369
1997,all,zeros_included,region,Norðurland vestra,12430,0.27892196299275945,0.12162069606567322,0.05412620601367596,4.867390274909008,0.2634533687686878
1997,all,zeros_included,region,Suðurland,24726,0.4609318126668284,0.24193027601929493,0.17792799825147532,4.329023074878652,0.7702544100976051
1997,all,zeros_included,region,Suðurnes,831,10.134777376654633,0.008130876784438813,0.1314828113778999,1.479712093975539,0.1945567061457831
1997,all,zeros_included,region,Vestfirðir,9235,0.4298863021115322,0.09035938279698248,0.06197895525650233,4.369912239629689,0.2708425951748504
1997,all,zeros_included,region,Vesturland,9611,0.32036208511081055,0.0940383354696046,0.048068816935710496,4.598394563251573,0.22103938645910629
1997,all,zeros_included,municipality,Austur-Hérað,1563,0.6404350607805502,0.015293093157735096,0.01562743934805008,4.2014803601603985,0.06565837950043024
1997,all,zeros_included,municipality,Borgarfjarðarhreppur,419,0.0,0.004099683962310304,0.0,0.0,0.0
1997,all,zeros_included,municipality,Breiðdalshreppur,452,0.05752212389380531,0.004422570766024481,0.0004059075155337684,5.423496503813427,0.002201437991368987
1997,all,zeros_included,municipality,Búðahreppur,25,17.4,0.00024461121493498235,0.006791144971430355,0.7317391168458638,0.004969346423766677
1997,all,zeros_included,municipality,Djúpavogshreppur,1146,0.1300174520069808,0.011212978092619591,0.0023261623005589034,5.368040395609246,0.01248693319614353
1997,all,zeros_included,municipality,Fáskrúðsfjarðarhr.,219,0.8584474885844748,0.0021427942428304454,0.002935023573859556,3.2170485919863214,0.009442113455731545
1997,all,zeros_included,municipality,Fellahreppur,336,1.0922619047619047,0.0032875747287261625,0.0057295407000343464,3.637378079284667,0.020840505746674256
1997,all,zeros_included,municipality,Fjarðabyggð,635,3.678740157480315,0.006213124859348551,0.036469229087957036,2.2498189276636307,0.08204916187938678
1997,all,zeros_included,municipality,Fljótsdalshreppur,1531,0.0,0.014979990802618318,0.0,0.0,0.0
1997,all,zeros_included,municipality,Mjóafjarðarhreppur,187,0.839572192513369,0.0018296918877136678,0.0024510569207231397,3.6424962800428733,0.008927965715907376
1997,all,zeros_included,municipality,Norður-Hérað,6977,0.0,0.06826609786405487,0.0,0.0,0.0
1997,all,zeros_included,municipality,Seyðisfjörður,208,5.235576923076923,0.002035165308259053,0.017001280169856685,1.916609608612124,0.03258481693225409
1997,all,zeros_included,municipality,Skeggjastaðahreppur,589,0.0,0.005763040223868184,0.0,0.0,0.0
1997,all,zeros_included,municipality,Stöðvarhreppur,85,0.0,0.00083167813077894,0.0,0.0,0.0
1997,all,zeros_included,municipality,Sveitarfélagið Hornafjörður,6214,0.060991309945284844,0.06080056358423921,0.005916882630280701,6.2808076651973686,0.03716280177834019
1997,all,zeros_included,municipality,Vopnafjarðarhreppur,1881,0.08665603402445508,0.018404547811708073,0.002544727885846317,6.161972935677178,0.01568054436124801
1997,all,zeros_included,municipality,Bessastaðahreppur,6,61.5,5.870669158439576e-05,0.0057607643550754055,0.0003900327679842164,2.2468868671148695e-06
1997,all,zeros_included,municipality,Garðabær,36,50.22222222222222,0.0003522401495063746,0.02822618415711743,0.10416322399416877,0.0029401303428584808
1997,all,zeros_included,municipality,Hafnarfjörður,143,18.74125874125874,0.001399176149428099,0.0418396977550192,0.9518555785996812,0.039825349715039586
1997,all,zeros_included,municipality,Kjósarhreppur,273,0.0,0.002671154467090007,0.0,0.0,0.0
1997,all,zeros_included,municipality,Kópavogur,107,13.542056074766355,0.0010469359999217243,0.022621538077247323,1.3838892378574528,0.031305703088885146
1997,all,zeros_included,municipality,Mosfellsbær,198,14.3989898989899,0.0019373208222850601,0.04450932026102976,1.2304551794259542,0.05476672364791263
1997,all,zeros_included,municipality,Reykjavík,271,26.568265682656826,0.0026515855698952084,0.11240515814781278,0.6328413764080967,0.07113463499763162
1997,all,zeros_included,municipality,Aðaldælahreppur,561,0.6238859180035651,0.005489075663141003,0.005464139632185344,3.744160751048126,0.020458617149074907
1997,all,zeros_included,municipality,Akureyri,117,20.88888888888889,0.0011447804858957173,0.038155306460174225,0.9184462712574453,0.03504359894703213
1997,all,zeros_included,municipality,Arnarneshreppur,77,0.0,0.0007534025419997456,0.0,0.0,0.0
1997,all,zeros_included,municipality,Bárðdælahreppur,3151,0.0,0.030830797530405175,0.0,0.0,0.0
1997,all,zeros_included,municipality,Dalvíkurbyggð,575,1.8156521739130436,0.005626057943504594,0.016298747931432853,3.0330741885873547,0.04943531165712053
1997,all,zeros_included,municipality,Eyjafjarðarsveit,1796,0.6119153674832962,0.01757286968092913,0.017157398445061978,3.9913355117262146,0.068480933702612
1997,all,zeros_included,municipality,Glæsibæjarhreppur,120,11.308333333333334,0.0011741338316879153,0.021185249945358604,1.2861812989051562,0.027248072292351717
1997,all,zeros_included,municipality,Grímseyjarhreppur,5,0.0,4.892224298699647e-05,0.0,0.0,0.0
1997,all,zeros_included,municipality,Grýtubakkahreppur,490,1.3510204081632653,0.004794379812725654,0.010335029818590564,3.4001340460083633,0.035140486752701414
1997,all,zeros_included,municipality,Hálshreppur,1471,0.0,0.01439292388677436,0.0,0.0,0.0
1997,all,zeros_included,municipality,Hríseyjarhreppur,7,8.142857142857142,6.849114018179505e-05,0.0008898741686701845,0.5651019511232072,0.0005028696289696632
1997,all,zeros_included,municipality,Húsavík,66,12.333333333333334,0.0006457736074283534,0.012708027601711056,1.1856389942010317,0.015067133063971646
1997,all,zeros_included,municipality,Kelduneshreppur,720,0.0,0.0070448029901274915,0.0,0.0,0.0
1997,all,zeros_included,municipality,Ljósavatnshreppur,401,0.0,0.003923563887557117,0.0,0.0,0.0
1997,all,zeros_included,municipality,Ólafsfjörður,202,4.787128712871287,0.0019764586166746575,0.015096637212352078,1.9827177361667485,0.029932370357405407
1997,all,zeros_included,municipality,Öxarfjarðarhreppur,2684,0.04992548435171386,0.026261460035419702,0.0020919848877509603,5.922336145722166,0.012389437717032041
1997,all,zeros_included,municipality,Öxnadalshreppur,289,0.0,0.0028277056446483957,0.0,0.0,0.0
1997,all,zeros_included,municipality,Reykdælahreppur,390,0.4205128205128205,0.0038159349529857246,0.0025603397133668465,3.6039631157975016,0.009227369890885663
1997,all,zeros_included,municipality,Reykjahreppur,191,0.4869109947643979,0.0018688296821032652,0.0014518999594092484,3.8680236736957188,0.005615983414832826
1997,all,zeros_included,municipality,Siglufjörður,137,9.094890510948906,0.0013404694578437032,0.019452337090579825,1.4510796990512822,0.028226891451242665
1997,all,zeros_included,municipality,Skriðuhreppur,403,0.0,0.003943132784751916,0.0,0.0,0.0
1997,all,zeros_included,municipality,Skútustaðahreppur,6033,0.08785015746726338,0.05902957838810994,0.008274268585880663,5.691731310155761,0.047094913578895205
1997,all,zeros_included,municipality,Svalbarðshreppur,1098,0.0,0.010743324559944424,0.0,0.0,0.0
1997,all,zeros_included,municipality,Þórshafnarhreppur,709,0.12129760225669958,0.006937174055556099,0.0013426171667655416,5.226422807125983,0.007017084981622296
1997,all,zeros_included,municipality,Tjörneshreppur,176,0.14204545454545456,0.0017220629531422757,0.0003902956880132388,5.170483995038151,0.002018017608204855
1997,all,zeros_included,municipality,Akrahreppur,1359,0.0,0.01329706564386564,0.0,0.0,0.0
1997,all,zeros_included,municipality,Áshreppur,1150,0.0,0.011252115887009188,0.0,0.0,0.0
1997,all,zeros_included,municipality,Blönduós,15,28.533333333333335,0.00014676672896098941,0.006681862178786649,0.3679293138982369,0.00245845296700355
1997,all,zeros_included,municipality,Bólstaðarhlíðarhreppur,1340,0.0,0.013111161120515054,0.0,0.0,0.0
1997,all,zeros_included,municipality,Engihlíðarhreppur,166,0.9337349397590361,0.0016242184671682828,0.0024198332656820806,3.528684411230267,0.008538827922388787
1997,all,zeros_included,municipality,Höfðahreppur,48,3.8333333333333335,0.00046965353267516607,0.0028725762637774378,2.098600279311452,0.006028389349506778
1997,all,zeros_included,municipality,Húnaþing vestra,2461,0.1251523770824868,0.02407952799819966,0.004808442876323102,5.66356063706907,0.0272329077999387
1997,all,zeros_included,municipality,Skagahreppur,272,0.0,0.0026613700184926078,0.0,0.0,0.0
1997,all,zeros_included,municipality,Sveinsstaðahreppur,118,0.0,0.0011545649344931166,0.0,0.0,0.0
1997,all,zeros_included,municipality,Sveitarfélagið Skagafjörður,4110,0.3970802919708029,0.040214083735311094,0.025478502513504232,4.539137874867825,0.11565043575396212
1997,all,zeros_included,municipality,Svínavatnshreppur,979,0.5536261491317671,0.009578975176853908,0.008461610516127017,4.147226117569064,0.03509221212917901
1997,all,zeros_included,municipality,Torfalækjarhreppur,187,0.8770053475935828,0.0018296918877136678,0.0025603397133668465,3.649134218774727,0.009343023259734835
1997,all,zeros_included,municipality,Vindhælishreppur,225,0.24,0.002201500934414841,0.0008430386861085959,4.722953221644476,0.0039816322785275185
1997,all,zeros_included,municipality,Ásahreppur,137,0.0,0.0013404694578437032,0.0,0.0,0.0
1997,all,zeros_included,municipality,Austur-Eyjafjallahreppur,282,0.0,0.0027592145044666007,0.0,0.0,0.0
1997,all,zeros_included,municipality,Austur-Landeyjahreppur,200,0.0,0.001956889719479859,0.0,0.0,0.0
1997,all,zeros_included,municipality,Biskupstungnahreppur,1989,1.339366515837104,0.019461268260227194,0.04158990851469073,3.165947512866039,0.1316714674224112
1997,all,zeros_included,municipality,Djúpárhreppur,120,0.0,0.0011741338316879153,0.0,0.0,0.0
1997,all,zeros_included,municipality,Fljótshlíðarhreppur,414,0.0,0.0040507617193233075,0.0,0.0,0.0
1997,all,zeros_included,municipality,Gaulverjabæjarhreppur,84,0.0,0.0008218936821815406,0.0,0.0,0.0
1997,all,zeros_included,municipality,Gnúpverjahreppur,1127,0.21561668145519078,0.011027073569269004,0.0037936740874886816,4.951503398445354,0.018784390136794282
1997,all,zeros_included,municipality,Grímsnes- og Grafningshreppur,889,0.5849268841394826,0.008698374803087971,0.008118150310675368,3.9145138129313852,0.03177861152659195
1997,all,zeros_included,municipality,Holta- og Landasveit,1604,0.09912718204488778,0.015694255550228468,0.002482280575764199,5.493358627075784,0.013636057415696906
1997,all,zeros_included,municipality,Hraungerðishreppur,98,1.663265306122449,0.0009588759625451307,0.002544727885846317,3.003131616496499,0.0076421527693653684
1997,all,zeros_included,municipality,Hrunamannahreppur,1212,1.5957095709570956,0.011858751700047944,0.030193274424704156,3.0720510153916853,0.0927552793544122
1997,all,zeros_included,municipality,Hveragerði,11,52.18181818181818,0.00010762893457139223,0.008961188996783963,0.006709299445844863,6.0123300370233725e-05
1997,all,zeros_included,municipality,Hvolhreppur,238,1.365546218487395,0.002328698766181032,0.005073843944172105,3.2014007476501782,0.016243407796332907
1997,all,zeros_included,municipality,Laugardalshreppur,649,0.576271186440678,0.006350107139712142,0.005838823492678053,3.969372615392999,0.023176466077949567
1997,all,zeros_included,municipality,Mýrdalshreppur,764,0.0,0.007475318728413061,0.0,0.0,0.0
1997,all,zeros_included,municipality,Ölfushreppur,739,3.4370771312584574,0.007230707513478078,0.03965404190214507,2.390605788086409,0.09479718209228899
1997,all,zeros_included,municipality,Rangárvallahreppur,1446,0.0,0.014148312671839379,0.0,0.0,0.0
1997,all,zeros_included,municipality,Skaftárhreppur,6922,0.0,0.06772795319119791,0.0,0.0,0.0
1997,all,zeros_included,municipality,Skeiðahreppur,1280,0.0,0.012524094204671096,0.0,0.0,0.0
1997,all,zeros_included,municipality,Sveitarfélagið Árborg,149,7.899328859060403,0.0014578828410124946,0.018375120991663284,1.5447761282942358,0.028385448262439748
1997,all,zeros_included,municipality,Þingvallahreppur,647,0.0,0.006330538242517343,0.0,0.0,0.0
1997,all,zeros_included,municipality,Uten navn - sysla,123,0.0,0.0012034871774801131,0.0,0.0,0.0
1997,all,zeros_included,municipality,Vestmannaeyjar,15,33.86666666666667,0.00014676672896098941,0.007930808380429012,0.24354633656531366,0.0019315193270549743
1997,all,zeros_included,municipality,Vestur-Eyjafjallahreppur,469,0.0,0.0045889063921802685,0.0,0.0,0.0
1997,all,zeros_included,municipality,Vestur-Landeyjahreppur,186,0.0,0.0018199074391162687,0.0,0.0,0.0
1997,all,zeros_included,municipality,Villingaholtshreppur,2932,0.07366984993178717,0.028688003287574728,0.0033721547444343835,5.949671838451421,0.0200632141178616
1997,all,zeros_included,municipality,Grindavík,456,2.8464912280701755,0.004461708560414078,0.02026415212164736,2.691001795764691,0.05453086974900192
1997,all,zeros_included,municipality,Reykjanesbær,132,16.477272727272727,0.0012915472148567067,0.03395572485715178,0.9906782956127689,0.033639199627779254
1997,all,zeros_included,municipality,Sandgerði,88,46.23863636363637,0.0008610314765711379,0.06352452618103475,0.12416465616583361,0.007887500951365676
1997,all,zeros_included,municipality,Vatnsleysustrandarhreppur,155,5.67741935483871,0.0015165895325968905,0.013738408218066007,1.4026606286550778,0.019270324307872552
1997,all,zeros_included,municipality,Árneshreppur,682,0.0,0.006672993943426318,0.0,0.0,0.0
1997,all,zeros_included,municipality,Bæjarhreppur,497,0.0,0.004862870952907449,0.0,0.0,0.0
1997,all,zeros_included,municipality,Bolungarvík,85,9.16470588235294,0.00083167813077894,0.012161613638492523,1.51601815325053,0.01843722704877389
1997,all,zeros_included,municipality,Broddaneshreppur,284,0.0,0.0027787834016613994,0.0,0.0,0.0
1997,all,zeros_included,municipality,Hólmavíkurhreppur,1327,0.24868123587038432,0.012983963288748863,0.005151903081774753,4.906175570277235,0.025276141040239297
1997,all,zeros_included,municipality,Ísafjarðarbær,2337,0.9679075738125802,0.02286625637212215,0.035313953851437846,3.589670651253449,0.12676546372022512
1997,all,zeros_included,municipality,Kaldrananeshreppur,471,0.0,0.004608475289375067,0.0,0.0,0.0
1997,all,zeros_included,municipality,Kirkjubólshreppur,159,0.0,0.0015557273269864876,0.0,0.0,0.0
1997,all,zeros_included,municipality,Reykhólahreppur,1149,0.0,0.011242331438411789,0.0,0.0,0.0
1997,all,zeros_included,municipality,Súðavíkurhreppur,733,0.17462482946793997,0.007172000821893682,0.0019983139226277826,4.3729886920696135,0.008738604186856565
1997,all,zeros_included,municipality,Vesturbyggð,1511,0.3117140966247518,0.014784301830670333,0.00735317076216942,4.452213179534144,0.03273788377869582
1997,all,zeros_included,municipality,Akranes,7,43.0,6.849114018179505e-05,0.004699160083679396,0.17700043673780952,0.0008317533871121346
1997,all,zeros_included,municipality,Borgarbyggð,1847,0.7314564158094207,0.018071876559396495,0.021091578980235427,3.7910720266615527,0.07995969507009333
1997,all,zeros_included,municipality,Borgarfjarðarsveit,1259,0.0,0.012318620784125711,0.0,0.0,0.0
1997,all,zeros_included,municipality,Dalabyggð,2172,0.0,0.021251822353551265,0.0,0.0,0.0
1997,all,zeros_included,municipality,Eyja- og Miklaholtshreppur,405,0.0,0.003962701681946714,0.0,0.0,0.0
1997,all,zeros_included,municipality,Eyrarsveit,141,2.0851063829787235,0.0013796072522333004,0.004589877291035689,2.6787340159928124,0.01229506042873024
1997,all,zeros_included,municipality,Helgafellssveit,246,1.1219512195121952,0.0024069743549602262,0.004308864395666157,3.464997724210469,0.01493020532491475
1997,all,zeros_included,municipality,Hvalfjarðarstrandarhreppur,291,0.2268041237113402,0.0028472745418431943,0.0010303806163549506,4.298593275491612,0.004429187188660293
1997,all,zeros_included,municipality,Hvítársíðuhreppur,1477,0.0,0.014451630578358757,0.0,0.0,0.0
1997,all,zeros_included,municipality,Innri-Akraneshreppur,28,6.964285714285714,0.0002739645607271802,0.0030443063665032627,1.5679844956768894,0.004773425182767562
1997,all,zeros_included,municipality,Kolbeinsstaðahreppur,391,0.0,0.003825719401583124,0.0,0.0,0.0
1997,all,zeros_included,municipality,Leirár- og Melahreppur,136,0.0,0.0013306850092463039,0.0,0.0,0.0
1997,all,zeros_included,municipality,Saurbæjarhreppur,255,0.0,0.00249503439233682,0.0,0.0,0.0
1997,all,zeros_included,municipality,Skilmannahreppur,52,5.211538461538462,0.0005087913270647633,0.004230805258063509,1.4970732857339915,0.006333825528989785
1997,all,zeros_included,municipality,Skorradalshreppur,207,0.0,0.0020253808596616537,0.0,0.0,0.0
1997,all,zeros_included,municipality,Snæfellsbær,697,0.46628407460545196,0.0068197606723873075,0.005073843944172105,4.006625217877681,0.02032899109829591
1997,all,lit_only,region,Austurland,189,33.28042328042328,0.10931174089068826,0.09819839510413089,0.06982208470988382,0.006856416661335268
1997,all,lit_only,region,Höfuðborgarsvæði,335,48.82686567164179,0.1937536148062464,0.2553626627533019,0.0402057459427998,0.01026704634193612
1997,all,lit_only,region,Norðurland eystra,316,35.037974683544306,0.1827646038172354,0.17285415430730322,0.08362964074959445,0.014455730826794732
1997,all,lit_only,region,Norðurland vestra,101,34.32673267326733,0.05841526894158473,0.05412620601367596,0.05464260724551062,0.0029575970168948906
1997,all,lit_only,region,Suðurland,349,32.656160458452725,0.20185078079814922,0.17792799825147532,0.06848439651420613,0.01218529158323301
1997,all,lit_only,region,Suðurnes,204,41.28431372549019,0.11798727588201273,0.1314828113778999,0.07520229296430747,0.009887808901011609
1997,all,lit_only,region,Vestfirðir,126,31.50793650793651,0.0728744939271255,0.06197895525650233,0.075438253947826,0.004675584166060968
1997,all,lit_only,region,Vesturland,109,28.24770642201835,0.06304222093695779,0.048068816935710496,0.11907889065743271,0.0057239813959196195
1997,all,lit_only,municipality,Austur-Hérað,24,41.708333333333336,0.013880855986119144,0.01562743934805008,0.025171860086867337,0.000393371716785122
1997,all,lit_only,municipality,Breiðdalshreppur,2,13.0,0.001156737998843262,0.0004059075155337684,0.002961504541140858,1.2020969505364584e-06
1997,all,lit_only,municipality,Búðahreppur,13,33.46153846153846,0.007518796992481203,0.006791144971430355,0.07781264943919952,0.0005284369829526928
1997,all,lit_only,municipality,Djúpavogshreppur,7,21.285714285714285,0.004048582995951417,0.0023261623005589034,0.269917647389875,0.0006278722556138785
1997,all,lit_only,municipality,Fáskrúðsfjarðarhr.,10,18.8,0.00578368999421631,0.002935023573859556,0.13056195516386593,0.0003832024162551409
1997,all,lit_only,municipality,Fellahreppur,9,40.77777777777778,0.005205320994794679,0.0057295407000343464,0.017491496657681793,0.00010021824200470257
1997,all,lit_only,municipality,Fjarðabyggð,71,32.901408450704224,0.0410641989589358,0.036469229087957036,0.05887380581225443,0.0021470823114470034
1997,all,lit_only,municipality,Mjóafjarðarhreppur,5,31.4,0.002891844997108155,0.0024510569207231397,0.02082557562238696,5.104467125729467e-05
1997,all,lit_only,municipality,Seyðisfjörður,32,34.03125,0.01850780798149219,0.017001280169856685,0.0448074317105327,0.0007617837002024872
1997,all,lit_only,municipality,Sveitarfélagið Hornafjörður,12,31.583333333333332,0.006940427993059572,0.005916882630280701,0.03115422503237575,0.00018433589295392027
1997,all,lit_only,municipality,Vopnafjarðarhreppur,4,40.75,0.002313475997686524,0.002544727885846317,0.008708467496038264,2.216068008015482e-05
1997,all,lit_only,municipality,Bessastaðahreppur,6,61.5,0.003470213996529786,0.0057607643550754055,0.0003900327679842164,2.2468868671148695e-06
1997,all,lit_only,municipality,Garðabær,33,54.78787878787879,0.019086176980913822,0.02822618415711743,0.017151847004538645,0.00048413119218481077
1997,all,lit_only,municipality,Hafnarfjörður,57,47.01754385964912,0.03296703296703297,0.0418396977550192,0.03206221617432403,0.0013414734340898055
1997,all,lit_only,municipality,Kópavogur,28,51.75,0.016194331983805668,0.022621538077247323,0.04326491357075035,0.0009787188897495435
1997,all,lit_only,municipality,Mosfellsbær,60,47.516666666666666,0.03470213996529786,0.04450932026102976,0.0365327109535194,0.0016260461318338248
1997,all,lit_only,municipality,Reykjavík,151,47.682119205298015,0.08733371891266628,0.11240515814781278,0.04800239234331993,0.0053957165028242346
1997,all,lit_only,municipality,Aðaldælahreppur,14,25.0,0.008097165991902834,0.005464139632185344,0.0534971751406883,0.0002923160348961955
1997,all,lit_only,municipality,Akureyri,48,50.916666666666664,0.027761711972238288,0.038155306460174225,0.027473347367580114,0.00104825398829684
1997,all,lit_only,municipality,Dalvíkurbyggð,29,36.0,0.0167727009832273,0.016298747931432853,0.04599997777647857,0.0007497420426303374
1997,all,lit_only,municipality,Eyjafjarðarsveit,35,31.4,0.020242914979757085,0.017157398445061978,0.05336632435348365,0.0009156272904811335
1997,all,lit_only,municipality,Glæsibæjarhreppur,35,38.77142857142857,0.020242914979757085,0.021185249945358604,0.0540376176125239,0.001144800435573031
1997,all,lit_only,municipality,Grýtubakkahreppur,17,38.94117647058823,0.009832272990167727,0.010335029818590564,0.03894199895990713,0.00040246672044616294
1997,all,lit_only,municipality,Hríseyjarhreppur,4,14.25,0.002313475997686524,0.0008898741686701845,0.0054861631877844985,4.8819949059187e-06
1997,all,lit_only,municipality,Húsavík,21,38.76190476190476,0.012145748987854251,0.012708027601711056,0.04050668989802908,0.000514760133278104
1997,all,lit_only,municipality,Ólafsfjörður,30,32.233333333333334,0.01735106998264893,0.015096637212352078,0.0756474204276989,0.0011420216622472419
1997,all,lit_only,municipality,Öxarfjarðarhreppur,8,16.75,0.004626951995373048,0.0020919848877509603,0.10671418931042931,0.00022324447134601318
1997,all,lit_only,municipality,Reykdælahreppur,11,14.909090909090908,0.006362058993637941,0.0025603397133668465,0.035711649472180085,9.143395437345886e-05
1997,all,lit_only,municipality,Reykjahreppur,4,23.25,0.002313475997686524,0.0014518999594092484,0.002044606768979218,2.968564484888801e-06
1997,all,lit_only,municipality,Siglufjörður,34,36.64705882352941,0.019664545980335454,0.019452337090579825,0.05745929783931869,0.001117717630558452
1997,all,lit_only,municipality,Skútustaðahreppur,21,25.238095238095237,0.012145748987854251,0.008274268585880663,0.03125406943842268,0.0002586045649352737
1997,all,lit_only,municipality,Þórshafnarhreppur,4,21.5,0.002313475997686524,0.0013426171667655416,0.04886164171374707,6.56024789612241e-05
1997,all,lit_only,municipality,Tjörneshreppur,1,25.0,0.000578368999421631,0.0003902956880132388,0.0,0.0
1997,all,lit_only,municipality,Blönduós,11,38.90909090909091,0.006362058993637941,0.006681862178786649,0.057774385594397515,0.000386040482005841
1997,all,lit_only,municipality,Engihlíðarhreppur,5,31.0,0.002891844997108155,0.0024198332656820806,0.026134535307823725,6.324121792101473e-05
1997,all,lit_only,municipality,Höfðahreppur,6,30.666666666666668,0.003470213996529786,0.0028725762637774378,0.01915873763161624,5.503493496452038e-05
1997,all,lit_only,municipality,Húnaþing vestra,9,34.22222222222222,0.005205320994794679,0.004808442876323102,0.05246216401423354,0.00025226131883073546
1997,all,lit_only,municipality,Sveitarfélagið Skagafjörður,47,34.723404255319146,0.027183342972816656,0.025478502513504232,0.0681071690876025,0.001735268678786138
1997,all,lit_only,municipality,Svínavatnshreppur,16,33.875,0.009253903990746095,0.008461610516127017,0.03328319727833451,0.00028162945210068543
1997,all,lit_only,municipality,Torfalækjarhreppur,5,32.8,0.002891844997108155,0.0025603397133668465,0.027463514354240992,7.031592646978366e-05
1997,all,lit_only,municipality,Vindhælishreppur,2,27.0,0.001156737998843262,0.0008430386861085959,4.440892098500626e-16,3.743843839870013e-19
1997,all,lit_only,municipality,Biskupstungnahreppur,90,29.6,0.05205320994794679,0.04158990851469073,0.07036990434233203,0.002926677883785127
1997,all,lit_only,municipality,Gnúpverjahreppur,8,30.375,0.004626951995373048,0.0037936740874886816,0.0036304260854134185,1.3772653366775857e-05
1997,all,lit_only,municipality,Grímsnes- og Grafningshreppur,19,27.36842105263158,0.01098901098901099,0.008118150310675368,0.06885555658392084,0.0005589797580734824
1997,all,lit_only,municipality,Holta- og Landasveit,7,22.714285714285715,0.004048582995951417,0.002482280575764199,0.05901298770463814,0.00014648679309703475
1997,all,lit_only,municipality,Hraungerðishreppur,5,32.6,0.002891844997108155,0.002544727885846317,0.0276020502600276,7.023970700322382e-05
1997,all,lit_only,municipality,Hrunamannahreppur,60,32.233333333333334,0.03470213996529786,0.030193274424704156,0.06636841098452617,0.0020038796459873483
1997,all,lit_only,municipality,Hveragerði,11,52.18181818181818,0.006362058993637941,0.008961188996783963,0.006709299445844863,6.0123300370233725e-05
1997,all,lit_only,municipality,Hvolhreppur,10,32.5,0.00578368999421631,0.005073843944172105,0.03171516697274912,0.00016091780788309026
1997,all,lit_only,municipality,Laugardalshreppur,13,28.76923076923077,0.007518796992481203,0.005838823492678053,0.058889256150445934,0.0003438439722775592
1997,all,lit_only,municipality,Ölfushreppur,72,35.27777777777778,0.04164256795835743,0.03965404190214507,0.061973986154262306,0.002457519043804076
1997,all,lit_only,municipality,Sveitarfélagið Árborg,34,34.61764705882353,0.019664545980335454,0.018375120991663284,0.0671903469649382,0.0012346307549525753
1997,all,lit_only,municipality,Vestmannaeyjar,12,42.333333333333336,0.006940427993059572,0.007930808380429012,0.02040278525110395,0.00016181058025354866
1997,all,lit_only,municipality,Villingaholtshreppur,8,27.0,0.004626951995373048,0.0033721547444343835,0.045673317124714785,0.00015401749303616314
1997,all,lit_only,municipality,Grindavík,32,40.5625,0.01850780798149219,0.02026415212164736,0.034244889050031535,0.0006939436410987749
1997,all,lit_only,municipality,Reykjanesbær,52,41.82692307692308,0.03007518796992481,0.03395572485715178,0.05912009160782539,0.002007465564164927
1997,all,lit_only,municipality,Sandgerði,79,51.50632911392405,0.04569115095430885,0.06352452618103475,0.01627569415464869,0.001033905759441495
1997,all,lit_only,municipality,Vatnsleysustrandarhreppur,41,21.463414634146343,0.02371312897628687,0.013738408218066007,0.07280757844013896,0.0010002602339794905
1997,all,lit_only,municipality,Bolungarvík,19,41.0,0.01098901098901099,0.012161613638492523,0.017805875926653503,0.00021654818351489493
1997,all,lit_only,municipality,Hólmavíkurhreppur,10,33.0,0.00578368999421631,0.005151903081774753,0.018084628939073255,9.317025556396439e-05
1997,all,lit_only,municipality,Ísafjarðarbær,69,32.78260869565217,0.03990746096009254,0.035313953851437846,0.06715382131185033,0.002371466946754386
1997,all,lit_only,municipality,Súðavíkurhreppur,10,12.8,0.00578368999421631,0.0019983139226277826,0.07842808317700767,0.0001567239305376242
1997,all,lit_only,municipality,Vesturbyggð,18,26.166666666666668,0.010410641989589358,0.00735317076216942,0.022057975157569576,0.0001621960580013
1997,all,lit_only,municipality,Akranes,6,50.166666666666664,0.003470213996529786,0.004699160083679396,0.022849756910551022,0.0001073746655958388
1997,all,lit_only,municipality,Borgarbyggð,49,27.571428571428573,0.02834008097165992,0.021091578980235427,0.1615743445729394,0.0034078580497399246
1997,all,lit_only,municipality,Eyrarsveit,10,29.4,0.00578368999421631,0.004589877291035689,0.03255921860868982,0.00014944281810589201
1997,all,lit_only,municipality,Helgafellssveit,8,34.5,0.004626951995373048,0.004308864395666157,0.03910772995794165,0.0001685099052111015
1997,all,lit_only,municipality,Hvalfjarðarstrandarhreppur,4,16.5,0.002313475997686524,0.0010303806163549506,0.011564369440010047,1.1915702111353908e-05
1997,all,lit_only,municipality,Innri-Akraneshreppur,6,32.5,0.003470213996529786,0.0030443063665032627,0.02753945472974051,8.383853736377742e-05
1997,all,lit_only,municipality,Skilmannahreppur,12,22.583333333333332,0.006940427993059572,0.004230805258063509,0.030736216940564276,0.00013003894824512003
1997,all,lit_only,municipality,Snæfellsbær,14,23.214285714285715,0.008097165991902834,0.005073843944172105,0.09889713673241562,0.0005017886383057277
1998,all,zeros_included,region,Austurland,22467,0.2506342635865937,0.21982720663776992,0.12673583759087123,4.828608681703086,0.6119577656741931
1998,all,zeros_included,region,Höfuðborgarsvæði,1034,16.28916827852998,0.01011711984971087,0.37908217235713804,1.0849007913300097,0.4112665487693582
1998,all,zeros_included,region,Norðurland eystra,21869,0.0026978828478668435,0.21397610637652514,0.001327901690261304,8.631501302209637,0.011461785168696824
1998,all,zeros_included,region,Norðurland vestra,12430,0.0,0.12162069606567322,0.0,0.0,0.0
1998,all,zeros_included,region,Suðurland,24726,0.4772708889428132,0.24193027601929493,0.26560284486057034,4.237919775403537,1.1256035486380487
1998,all,zeros_included,region,Suðurnes,831,10.749699157641396,0.008130876784438813,0.20105331862888523,1.3278480580332666,0.26696825870250884
1998,all,zeros_included,region,Vestfirðir,9235,0.0,0.09035938279698248,0.0,0.0,0.0
1998,all,zeros_included,region,Vesturland,9611,0.12111122671938404,0.0940383354696046,0.02619792487227386,5.586139571214984,0.14634526481272628
1998,all,zeros_included,municipality,Austur-Hérað,1563,0.7402431222008957,0.015293093157735096,0.026040377214107267,3.93197004121326,0.10238998306776219
1998,all,zeros_included,municipality,Borgarfjarðarhreppur,419,0.0,0.004099683962310304,0.0,0.0,0.0
1998,all,zeros_included,municipality,Breiðdalshreppur,452,0.0,0.004422570766024481,0.0,0.0,0.0
1998,all,zeros_included,municipality,Búðahreppur,25,13.84,0.00024461121493498235,0.007787355675091715,0.969669290056205,0.007551159648881342
1998,all,zeros_included,municipality,Djúpavogshreppur,1146,0.16143106457242584,0.011212978092619591,0.004163759537260022,4.964394053008505,0.020670543084931093
1998,all,zeros_included,municipality,Fáskrúðsfjarðarhr.,219,0.9726027397260274,0.0021427942428304454,0.004793950169926403,3.041409621405761,0.014580366171353944
1998,all,zeros_included,municipality,Fellahreppur,336,1.25,0.0032875747287261625,0.009452859489995724,3.3491489501603144,0.031659034436932146
1998,all,zeros_included,municipality,Fjarðabyggð,635,2.896062992125984,0.006213124859348551,0.04139002048119556,2.334871203744437,0.09664036694393599
1998,all,zeros_included,municipality,Fljótsdalshreppur,1531,0.0,0.014979990802618318,0.0,0.0,0.0
1998,all,zeros_included,municipality,Mjóafjarðarhreppur,187,0.11229946524064172,0.0018296918877136678,0.0004726429744997862,5.039664534896868,0.0023819620362547375
1998,all,zeros_included,municipality,Norður-Hérað,6977,0.0,0.06826609786405487,0.0,0.0,0.0
1998,all,zeros_included,municipality,Seyðisfjörður,208,4.75,0.002035165308259053,0.022236726609799463,1.944971185905263,0.04324979252491278
1998,all,zeros_included,municipality,Skeggjastaðahreppur,589,0.0,0.005763040223868184,0.0,0.0,0.0
1998,all,zeros_included,municipality,Stöðvarhreppur,85,0.6823529411764706,0.00083167813077894,0.0013053948819517903,2.055478726213763,0.0026832114091602313
1998,all,zeros_included,municipality,Sveitarfélagið Hornafjörður,6214,0.06501448342452526,0.06080056358423921,0.009092750557043505,6.102780135009949,0.05549105747212575
1998,all,zeros_included,municipality,Vopnafjarðarhreppur,1881,0.0,0.018404547811708073,0.0,0.0,0.0
1998,all,zeros_included,municipality,Bessastaðahreppur,6,61.5,5.870669158439576e-05,0.008305012266210528,0.0003900327679842164,3.2392269223329617e-06
1998,all,zeros_included,municipality,Garðabær,36,50.22222222222222,0.0003522401495063746,0.04069230942360064,0.10416322399416877,0.004238642141330538
1998,all,zeros_included,municipality,Hafnarfjörður,143,19.39160839160839,0.001399176149428099,0.06241137944228129,0.8611856870812122,0.05374778668668726
1998,all,zeros_included,municipality,Kjósarhreppur,273,0.0,0.002671154467090007,0.0,0.0,0.0
1998,all,zeros_included,municipality,Kópavogur,107,13.30841121495327,0.0010469359999217243,0.032049695032747405,1.3363693169068105,0.04283022905798425
1998,all,zeros_included,municipality,Mosfellsbær,198,15.202020202020202,0.0019373208222850601,0.06774549301163602,1.0982236697578092,0.07439970394479092
1998,all,zeros_included,municipality,Reykjavík,271,27.523985239852397,0.0026515855698952084,0.16787828318066214,0.5444999670813457,0.09140971966554337
1998,all,zeros_included,municipality,Aðaldælahreppur,561,0.0,0.005489075663141003,0.0,0.0,0.0
1998,all,zeros_included,municipality,Akureyri,117,0.0,0.0011447804858957173,0.0,0.0,0.0
1998,all,zeros_included,municipality,Arnarneshreppur,77,0.0,0.0007534025419997456,0.0,0.0,0.0
1998,all,zeros_included,municipality,Bárðdælahreppur,3151,0.0,0.030830797530405175,0.0,0.0,0.0
1998,all,zeros_included,municipality,Dalvíkurbyggð,575,0.0,0.005626057943504594,0.0,0.0,0.0
1998,all,zeros_included,municipality,Eyjafjarðarsveit,1796,0.03285077951002227,0.01757286968092913,0.001327901690261304,6.131993163183459,0.008142684086062077
1998,all,zeros_included,municipality,Glæsibæjarhreppur,120,0.0,0.0011741338316879153,0.0,0.0,0.0
1998,all,zeros_included,municipality,Grímseyjarhreppur,5,0.0,4.892224298699647e-05,0.0,0.0,0.0
1998,all,zeros_included,municipality,Grýtubakkahreppur,490,0.0,0.004794379812725654,0.0,0.0,0.0
1998,all,zeros_included,municipality,Hálshreppur,1471,0.0,0.01439292388677436,0.0,0.0,0.0
1998,all,zeros_included,municipality,Hríseyjarhreppur,7,0.0,6.849114018179505e-05,0.0,0.0,0.0
1998,all,zeros_included,municipality,Húsavík,66,0.0,0.0006457736074283534,0.0,0.0,0.0
1998,all,zeros_included,municipality,Kelduneshreppur,720,0.0,0.0070448029901274915,0.0,0.0,0.0
1998,all,zeros_included,municipality,Ljósavatnshreppur,401,0.0,0.003923563887557117,0.0,0.0,0.0
1998,all,zeros_included,municipality,Ólafsfjörður,202,0.0,0.0019764586166746575,0.0,0.0,0.0
1998,all,zeros_included,municipality,Öxarfjarðarhreppur,2684,0.0,0.026261460035419702,0.0,0.0,0.0
1998,all,zeros_included,municipality,Öxnadalshreppur,289,0.0,0.0028277056446483957,0.0,0.0,0.0
1998,all,zeros_included,municipality,Reykdælahreppur,390,0.0,0.0038159349529857246,0.0,0.0,0.0
1998,all,zeros_included,municipality,Reykjahreppur,191,0.0,0.0018688296821032652,0.0,0.0,0.0
1998,all,zeros_included,municipality,Siglufjörður,137,0.0,0.0013404694578437032,0.0,0.0,0.0
1998,all,zeros_included,municipality,Skriðuhreppur,403,0.0,0.003943132784751916,0.0,0.0,0.0
1998,all,zeros_included,municipality,Skútustaðahreppur,6033,0.0,0.05902957838810994,0.0,0.0,0.0
1998,all,zeros_included,municipality,Svalbarðshreppur,1098,0.0,0.010743324559944424,0.0,0.0,0.0
1998,all,zeros_included,municipality,Þórshafnarhreppur,709,0.0,0.006937174055556099,0.0,0.0,0.0
1998,all,zeros_included,municipality,Tjörneshreppur,176,0.0,0.0017220629531422757,0.0,0.0,0.0
1998,all,zeros_included,municipality,Akrahreppur,1359,0.0,0.01329706564386564,0.0,0.0,0.0
1998,all,zeros_included,municipality,Áshreppur,1150,0.0,0.011252115887009188,0.0,0.0,0.0
1998,all,zeros_included,municipality,Blönduós,15,0.0,0.00014676672896098941,0.0,0.0,0.0
1998,all,zeros_included,municipality,Bólstaðarhlíðarhreppur,1340,0.0,0.013111161120515054,0.0,0.0,0.0
1998,all,zeros_included,municipality,Engihlíðarhreppur,166,0.0,0.0016242184671682828,0.0,0.0,0.0
1998,all,zeros_included,municipality,Höfðahreppur,48,0.0,0.00046965353267516607,0.0,0.0,0.0
1998,all,zeros_included,municipality,Húnaþing vestra,2461,0.0,0.02407952799819966,0.0,0.0,0.0
1998,all,zeros_included,municipality,Skagahreppur,272,0.0,0.0026613700184926078,0.0,0.0,0.0
1998,all,zeros_included,municipality,Sveinsstaðahreppur,118,0.0,0.0011545649344931166,0.0,0.0,0.0
1998,all,zeros_included,municipality,Sveitarfélagið Skagafjörður,4110,0.0,0.040214083735311094,0.0,0.0,0.0
1998,all,zeros_included,municipality,Svínavatnshreppur,979,0.0,0.009578975176853908,0.0,0.0,0.0
1998,all,zeros_included,municipality,Torfalækjarhreppur,187,0.0,0.0018296918877136678,0.0,0.0,0.0
1998,all,zeros_included,municipality,Vindhælishreppur,225,0.0,0.002201500934414841,0.0,0.0,0.0
1998,all,zeros_included,municipality,Ásahreppur,137,0.0,0.0013404694578437032,0.0,0.0,0.0
1998,all,zeros_included,municipality,Austur-Eyjafjallahreppur,282,0.0,0.0027592145044666007,0.0,0.0,0.0
1998,all,zeros_included,municipality,Austur-Landeyjahreppur,200,0.0,0.001956889719479859,0.0,0.0,0.0
1998,all,zeros_included,municipality,Biskupstungnahreppur,1989,1.2031171442936148,0.019461268260227194,0.05385879228466611,3.3319730365022657,0.17945604367108375
1998,all,zeros_included,municipality,Djúpárhreppur,120,0.14166666666666666,0.0011741338316879153,0.0003826157412617317,3.4694679410714424,0.0013274730480568638
1998,all,zeros_included,municipality,Fljótshlíðarhreppur,414,0.0,0.0040507617193233075,0.0,0.0,0.0
1998,all,zeros_included,municipality,Gaulverjabæjarhreppur,84,0.0,0.0008218936821815406,0.0,0.0,0.0
1998,all,zeros_included,municipality,Gnúpverjahreppur,1127,0.5190771960958296,0.011027073569269004,0.013166482861065473,3.6625476562824595,0.04822287094427852
1998,all,zeros_included,municipality,Grímsnes- og Grafningshreppur,889,0.6681664791901012,0.008698374803087971,0.013369044135851094,3.63976753329055,0.04866021279679923
1998,all,zeros_included,municipality,Holta- og Landasveit,1604,0.10286783042394015,0.015694255550228468,0.003713623371069749,5.409233933700943,0.020087857555775374
1998,all,zeros_included,municipality,Hraungerðishreppur,98,1.663265306122449,0.0009588759625451307,0.0036686097544507213,3.003131616496499,0.011017317942178419
1998,all,zeros_included,municipality,Hrunamannahreppur,1212,1.5577557755775577,0.011858751700047944,0.04249285408836173,3.1636480682191883,0.13443243574976543
1998,all,zeros_included,municipality,Hveragerði,11,52.18181818181818,0.00010762893457139223,0.012918907969660822,0.006709299445844863,8.667682208176614e-05
1998,all,zeros_included,municipality,Hvolhreppur,238,1.411764705882353,0.002328698766181032,0.007562287591996579,2.95188942573613,0.022323036777190244
1998,all,zeros_included,municipality,Laugardalshreppur,649,0.576271186440678,0.006350107139712142,0.008417546307758096,3.969372615392999,0.03341237780281744
1998,all,zeros_included,municipality,Mýrdalshreppur,764,0.03795811518324607,0.007475318728413061,0.0006526974409758952,4.911621265644382,0.0032058026311288755
1998,all,zeros_included,municipality,Ölfushreppur,739,3.682002706359946,0.007230707513478078,0.061241025410186584,2.2278945922508475,0.13643854933525143
1998,all,zeros_included,municipality,Rangárvallahreppur,1446,0.006224066390041493,0.014148312671839379,0.00020256127478562264,6.589594826121387,0.0013347967282998916
1998,all,zeros_included,municipality,Skaftárhreppur,6922,0.001444669170759896,0.06772795319119791,0.00022506808309513628,7.8921894849620555,0.0017762799588040006
1998,all,zeros_included,municipality,Skeiðahreppur,1280,0.0,0.012524094204671096,0.0,0.0,0.0
1998,all,zeros_included,municipality,Sveitarfélagið Árborg,149,8.442953020134228,0.0014578828410124946,0.028313564853368143,1.3753258960249917,0.03894037895162025
1998,all,zeros_included,municipality,Þingvallahreppur,647,0.0,0.006330538242517343,0.0,0.0,0.0
1998,all,zeros_included,municipality,Uten navn - sysla,123,0.0,0.0012034871774801131,0.0,0.0,0.0
1998,all,zeros_included,municipality,Vestmannaeyjar,15,33.86666666666667,0.00014676672896098941,0.011433458621232923,0.24354633656531366,0.0027845769614723804
1998,all,zeros_included,municipality,Vestur-Eyjafjallahreppur,469,0.0,0.0045889063921802685,0.0,0.0,0.0
1998,all,zeros_included,municipality,Vestur-Landeyjahreppur,186,0.005376344086021506,0.0018199074391162687,2.250680830951363e-05,5.225746673713201,0.00011761487865934148
1998,all,zeros_included,municipality,Villingaholtshreppur,2932,0.06002728512960437,0.028688003287574728,0.003961198262474398,6.163230108647998,0.024413776397606345
1998,all,zeros_included,municipality,Grindavík,456,3.293859649122807,0.004461708560414078,0.03380522608088947,2.3433140478627914,0.07921626116652591
1998,all,zeros_included,municipality,Reykjanesbær,132,17.189393939393938,0.0012915472148567067,0.051067948054286424,0.8698102911687777,0.04441942676649089
1998,all,zeros_included,municipality,Sandgerði,88,46.43181818181818,0.0008610314765711379,0.09196281875267269,0.11075965702495072,0.010185770264093733
1998,all,zeros_included,municipality,Vatnsleysustrandarhreppur,155,6.941935483870968,0.0015165895325968905,0.024217325741036664,1.040530969365005,0.025198877428748972
1998,all,zeros_included,municipality,Árneshreppur,682,0.0,0.006672993943426318,0.0,0.0,0.0
1998,all,zeros_included,municipality,Bæjarhreppur,497,0.0,0.004862870952907449,0.0,0.0,0.0
1998,all,zeros_included,municipality,Bolungarvík,85,0.0,0.00083167813077894,0.0,0.0,0.0
1998,all,zeros_included,municipality,Broddaneshreppur,284,0.0,0.0027787834016613994,0.0,0.0,0.0
1998,all,zeros_included,municipality,Hólmavíkurhreppur,1327,0.0,0.012983963288748863,0.0,0.0,0.0
1998,all,zeros_included,municipality,Ísafjarðarbær,2337,0.0,0.02286625637212215,0.0,0.0,0.0
1998,all,zeros_included,municipality,Kaldrananeshreppur,471,0.0,0.004608475289375067,0.0,0.0,0.0
1998,all,zeros_included,municipality,Kirkjubólshreppur,159,0.0,0.0015557273269864876,0.0,0.0,0.0
1998,all,zeros_included,municipality,Reykhólahreppur,1149,0.0,0.011242331438411789,0.0,0.0,0.0
1998,all,zeros_included,municipality,Súðavíkurhreppur,733,0.0,0.007172000821893682,0.0,0.0,0.0
1998,all,zeros_included,municipality,Vesturbyggð,1511,0.0,0.014784301830670333,0.0,0.0,0.0
1998,all,zeros_included,municipality,Akranes,7,44.142857142857146,6.849114018179505e-05,0.006954603767639711,0.10264621395459583,0.000713863746302584
1998,all,zeros_included,municipality,Borgarbyggð,1847,0.0,0.018071876559396495,0.0,0.0,0.0
1998,all,zeros_included,municipality,Borgarfjarðarsveit,1259,0.0,0.012318620784125711,0.0,0.0,0.0
1998,all,zeros_included,municipality,Dalabyggð,2172,0.0,0.021251822353551265,0.0,0.0,0.0
1998,all,zeros_included,municipality,Eyja- og Miklaholtshreppur,405,0.0,0.003962701681946714,0.0,0.0,0.0
1998,all,zeros_included,municipality,Eyrarsveit,141,0.0,0.0013796072522333004,0.0,0.0,0.0
1998,all,zeros_included,municipality,Helgafellssveit,246,0.8861788617886179,0.0024069743549602262,0.004906484211473971,3.7568791712237055,0.01843306833802453
1998,all,zeros_included,municipality,Hvalfjarðarstrandarhreppur,291,0.37800687285223367,0.0028472745418431943,0.002475748914046499,3.9804570984175687,0.009854612338815974
1998,all,zeros_included,municipality,Hvítársíðuhreppur,1477,0.0,0.014451630578358757,0.0,0.0,0.0
1998,all,zeros_included,municipality,Innri-Akraneshreppur,28,7.535714285714286,0.0002739645607271802,0.004748936553307375,1.3512388040355146,0.006416947348731597
1998,all,zeros_included,municipality,Kolbeinsstaðahreppur,391,0.0,0.003825719401583124,0.0,0.0,0.0
1998,all,zeros_included,municipality,Leirár- og Melahreppur,136,0.0,0.0013306850092463039,0.0,0.0,0.0
1998,all,zeros_included,municipality,Saurbæjarhreppur,255,0.0,0.00249503439233682,0.0,0.0,0.0
1998,all,zeros_included,municipality,Skilmannahreppur,52,3.673076923076923,0.0005087913270647633,0.004298800387117103,1.9356810601874848,0.008321106490869205
1998,all,zeros_included,municipality,Skorradalshreppur,207,0.0,0.0020253808596616537,0.0,0.0,0.0
1998,all,zeros_included,municipality,Snæfellsbær,697,0.1793400286944046,0.0068197606723873075,0.0028133510386892033,4.838553071605569,0.013612548309754361
1998,all,lit_only,region,Austurland,224,25.138392857142858,0.16196673897324657,0.12673583759087126,0.22045188864064968,0.027939154755362215
1998,all,lit_only,region,Höfuðborgarsvæði,403,41.79404466501241,0.2913955169920463,0.3790821723571381,0.14264729820831823,0.054075047685685766
1998,all,lit_only,region,Norðurland eystra,4,14.75,0.0028922631959508315,0.0013279016902613043,0.024970275441205114,3.315807096466661e-05
1998,all,lit_only,region,Suðurland,430,27.44418604651163,0.3109182935647144,0.26560284486057034,0.1860943835242721,0.04942719767662072
1998,all,lit_only,region,Suðurnes,279,32.017921146953405,0.2017353579175705,0.20105331862888526,0.2364300449991843,0.04753504517066268
1998,all,lit_only,region,Vesturland,43,27.069767441860463,0.03109182935647144,0.02619792487227387,0.17667613208526145,0.004628548035093614
1998,all,lit_only,municipality,Austur-Hérað,35,33.05714285714286,0.025307302964569775,0.02604037721410727,0.13295577228119715,0.0034622184629953213
1998,all,lit_only,municipality,Búðahreppur,11,31.454545454545453,0.007953723788864787,0.007787355675091716,0.14868873798637505,0.001157892087580423
1998,all,lit_only,municipality,Djúpavogshreppur,10,18.5,0.0072306579898770785,0.004163759537260022,0.22294624872786617,0.0009282945694369977
1998,all,lit_only,municipality,Fáskrúðsfjarðarhr.,12,17.75,0.008676789587852495,0.004793950169926404,0.13724454137726072,0.0006579434924569904
1998,all,lit_only,municipality,Fellahreppur,14,30.0,0.01012292118582791,0.009452859489995726,0.1710951198123687,0.0016173381270103051
1998,all,lit_only,municipality,Fjarðabyggð,72,25.541666666666668,0.052060737527114966,0.04139002048119557,0.15791232386780063,0.006535994319121456
1998,all,lit_only,municipality,Mjóafjarðarhreppur,2,10.5,0.0014461315979754157,0.00047264297449978626,0.5017030986022277,0.00023712644483911646
1998,all,lit_only,municipality,Seyðisfjörður,37,26.7027027027027,0.02675343456254519,0.02223672660979947,0.21835101884816943,0.004855411911097915
1998,all,lit_only,municipality,Stöðvarhreppur,13,4.461538461538462,0.009399855386840203,0.0013053948819517905,0.17777682718498333,0.00023206896033690517
1998,all,lit_only,municipality,Sveitarfélagið Hornafjörður,18,22.444444444444443,0.013015184381778741,0.009092750557043507,0.25859180295312134,0.002351310760348879
1998,all,lit_only,municipality,Bessastaðahreppur,6,61.5,0.004338394793926247,0.00830501226621053,0.0003900327679842164,3.2392269223329626e-06
1998,all,lit_only,municipality,Garðabær,33,54.78787878787879,0.02386117136659436,0.040692309423600644,0.017151847004538645,0.0006979482654949444
1998,all,lit_only,municipality,Hafnarfjörður,70,39.614285714285714,0.05061460592913955,0.0624113794422813,0.14683629887066374,0.009164255964717215
1998,all,lit_only,municipality,Kópavogur,35,40.68571428571428,0.025307302964569775,0.03204969503274741,0.21888854393431822,0.007015311079257032
1998,all,lit_only,municipality,Mosfellsbær,79,38.10126582278481,0.05712219812002892,0.06774549301163603,0.17940449153029547,0.012153845727221748
1998,all,lit_only,municipality,Reykjavík,180,41.43888888888889,0.1301518438177874,0.16787828318066217,0.13533799709185512,0.022720310600890088
1998,all,lit_only,municipality,Eyjafjarðarsveit,4,14.75,0.0028922631959508315,0.0013279016902613043,0.024970275441205114,3.315807096466661e-05
1998,all,lit_only,municipality,Biskupstungnahreppur,75,31.906666666666666,0.05422993492407809,0.05385879228466612,0.05407387118460383,0.0029123533961593704
1998,all,lit_only,municipality,Djúpárhreppur,4,4.25,0.0028922631959508315,0.00038261574126173173,0.06827055940928717,2.6121390694737504e-05
1998,all,lit_only,municipality,Gnúpverjahreppur,35,16.714285714285715,0.025307302964569775,0.013166482861065474,0.19058120373209686,0.0025092841525798807
1998,all,lit_only,municipality,Grímsnes- og Grafningshreppur,31,19.161290322580644,0.022415039768618944,0.013369044135851098,0.28365750226179154,0.0037922296672031736
1998,all,lit_only,municipality,Holta- og Landasveit,8,20.625,0.005784526391901663,0.0037136233710697492,0.1084196869543188,0.0004026298833576243
1998,all,lit_only,municipality,Hraungerðishreppur,5,32.6,0.0036153289949385392,0.003668609754450722,0.0276020502600276,0.00010126115082677634
1998,all,lit_only,municipality,Hrunamannahreppur,55,34.32727272727273,0.03976861894432393,0.04249285408836174,0.07095408682239945,0.0030150416583171703
1998,all,lit_only,municipality,Hveragerði,11,52.18181818181818,0.007953723788864787,0.012918907969660824,0.006709299445844863,8.667682208176615e-05
1998,all,lit_only,municipality,Hvolhreppur,17,19.764705882352942,0.012292118582791034,0.00756228759199658,0.3128320961208715,0.002365726278873148
1998,all,lit_only,municipality,Laugardalshreppur,13,28.76923076923077,0.009399855386840203,0.008417546307758098,0.058889256150445934,0.000495703040675807
1998,all,lit_only,municipality,Mýrdalshreppur,7,4.142857142857143,0.005061460592913955,0.0006526974409758953,0.21896362553317483,0.00014291699805230742
1998,all,lit_only,municipality,Ölfushreppur,98,27.76530612244898,0.07086044830079537,0.06124102541018659,0.20756414997321793,0.01271144138275362
1998,all,lit_only,municipality,Rangárvallahreppur,2,4.5,0.0014461315979754157,0.0002025612747856227,0.006185603962622022,1.2529638239877159e-06
1998,all,lit_only,municipality,Skaftárhreppur,3,3.3333333333333335,0.0021691973969631237,0.0002250680830951363,0.1483417494348751,3.3386993188286356e-05
1998,all,lit_only,municipality,Sveitarfélagið Árborg,46,27.347826086956523,0.033261026753434564,0.02831356485336815,0.20002098656862755,0.005663307175245515
1998,all,lit_only,municipality,Vestmannaeyjar,12,42.333333333333336,0.008676789587852495,0.011433458621232925,0.02040278525110395,0.00023327440092639842
1998,all,lit_only,municipality,Vestur-Landeyjahreppur,1,1.0,0.0007230657989877079,2.2506808309513633e-05,0.0,0.0
1998,all,lit_only,municipality,Villingaholtshreppur,7,25.142857142857142,0.005061460592913955,0.003961198262474399,0.12570019469676907,0.0004979233928255353
1998,all,lit_only,municipality,Grindavík,62,24.225806451612904,0.04483007953723789,0.033805226080889476,0.34795562339349706,0.011762718514934004
1998,all,lit_only,municipality,Reykjanesbær,69,32.88405797101449,0.049891540130151846,0.05106794805428643,0.22111487317966594,0.011291882857569312
1998,all,lit_only,municipality,Sandgerði,82,49.829268292682926,0.05929139551699204,0.0919628187526727,0.04014208981099765,0.0036915797296422866
1998,all,lit_only,municipality,Vatnsleysustrandarhreppur,66,16.303030303030305,0.04772234273318872,0.024217325741036667,0.18676059447218396,0.004522842151922531
1998,all,lit_only,municipality,Akranes,7,44.142857142857146,0.005061460592913955,0.006954603767639712,0.10264621395459583,0.0007138637463025842
1998,all,lit_only,municipality,Helgafellssveit,6,36.333333333333336,0.004338394793926247,0.004906484211473972,0.04330710451939801,0.00021248562456907945
1998,all,lit_only,municipality,Hvalfjarðarstrandarhreppur,7,15.714285714285714,0.005061460592913955,0.0024757489140464994,0.25304398030138975,0.0006264733594371695
1998,all,lit_only,municipality,Innri-Akraneshreppur,9,23.444444444444443,0.006507592190889371,0.004748936553307376,0.21625887119652987,0.0010269996584021924
1998,all,lit_only,municipality,Skilmannahreppur,8,23.875,0.005784526391901663,0.004298800387117103,0.0638788832858932,0.00027460256819800594
1998,all,lit_only,municipality,Snæfellsbær,6,20.833333333333332,0.004338394793926247,0.002813351038689204,0.08352713007309998,0.00023499113814988407
1999,all,zeros_included,region,Austurland,22467,0.24711799528196912,0.21982720663776992,0.1128157194237295,4.858650741347656,0.5481321788137725
1999,all,zeros_included,region,Höfuðborgarsvæði,1034,16.820116054158607,0.01011711984971087,0.3534025562351411,1.0165084241375983,0.3592366755247823
1999,all,zeros_included,region,Norðurland eystra,21869,0.0026978828478668435,0.21397610637652514,0.0011988702172190276,8.631501302209637,0.010348049841106387
1999,all,zeros_included,region,Norðurland vestra,12430,0.0,0.12162069606567322,0.0,0.0,0.0
1999,all,zeros_included,region,Suðurland,24726,0.6214915473590552,0.24193027601929493,0.3122548920000813,3.9335072635553465,1.22825688576301
1999,all,zeros_included,region,Suðurnes,831,11.457280385078219,0.008130876784438813,0.19346514132444678,1.2311548495082638,0.23818554695239427
1999,all,zeros_included,region,Vestfirðir,9235,0.0,0.09035938279698248,0.0,0.0,0.0
1999,all,zeros_included,region,Vesturland,9611,0.13755072312974717,0.0940383354696046,0.026862820799382278,5.303721597454333,0.14247292284222926
1999,all,zeros_included,municipality,Austur-Hérað,1563,0.7428023032629558,0.015293093157735096,0.023591327494767642,3.9261097065039756,0.09262213986652136
1999,all,zeros_included,municipality,Borgarfjarðarhreppur,419,0.0,0.004099683962310304,0.0,0.0,0.0
1999,all,zeros_included,municipality,Breiðdalshreppur,452,0.0,0.004422570766024481,0.0,0.0,0.0
1999,all,zeros_included,municipality,Búðahreppur,25,14.36,0.00024461121493498235,0.00729482047426493,0.9200703183764629,0.006711747796256075
1999,all,zeros_included,municipality,Djúpavogshreppur,1146,0.1631762652705061,0.011212978092619591,0.0037998089935586126,4.948963724038507,0.018805116867396846
1999,all,zeros_included,municipality,Fáskrúðsfjarðarhr.,219,1.0410958904109588,0.0021427942428304454,0.004632922195354886,2.932896169349069,0.013587879759648624
1999,all,zeros_included,municipality,Fellahreppur,336,1.2976190476190477,0.0032875747287261625,0.008859447706906711,3.2890747513641085,0.029139385763817513
1999,all,zeros_included,municipality,Fjarðabyggð,635,2.8456692913385826,0.006213124859348551,0.03671794038160649,2.394401909982099,0.0879175065803274
1999,all,zeros_included,municipality,Fljótsdalshreppur,1531,0.0,0.014979990802618318,0.0,0.0,0.0
1999,all,zeros_included,municipality,Mjóafjarðarhreppur,187,0.10695187165775401,0.0018296918877136678,0.0004063966838030602,5.231108616854586,0.0021259051945033166
1999,all,zeros_included,municipality,Norður-Hérað,6977,0.0,0.06826609786405487,0.0,0.0,0.0
1999,all,zeros_included,municipality,Seyðisfjörður,208,3.860576923076923,0.002035165308259053,0.016316826854692865,2.2987676473795378,0.03750859368146158
1999,all,zeros_included,municipality,Skeggjastaðahreppur,589,0.0,0.005763040223868184,0.0,0.0,0.0
1999,all,zeros_included,municipality,Stöðvarhreppur,85,0.9411764705882353,0.00083167813077894,0.0016255867352122407,2.205829019911772,0.003585766394914794
1999,all,zeros_included,municipality,Sveitarfélagið Hornafjörður,6214,0.07579658834888961,0.06080056358423921,0.009570641903562067,5.814835434738757,0.0556517076740283
1999,all,zeros_included,municipality,Vopnafjarðarhreppur,1881,0.0,0.018404547811708073,0.0,0.0,0.0
1999,all,zeros_included,municipality,Bessastaðahreppur,6,61.5,5.870669158439576e-05,0.00749801881616646,0.0003900327679842164,2.924473033267142e-06
1999,all,zeros_included,municipality,Garðabær,36,50.72222222222222,0.0003522401495063746,0.037104017231219394,0.0763433458431595,0.0028326448196535313
1999,all,zeros_included,municipality,Hafnarfjörður,143,20.363636363636363,0.001399176149428099,0.05917135716172556,0.7776296465889931,0.04601340155786374
1999,all,zeros_included,municipality,Kjósarhreppur,273,0.0,0.002671154467090007,0.0,0.0,0.0
1999,all,zeros_included,municipality,Kópavogur,107,13.85981308411215,0.0010469359999217243,0.03013431410399691,1.2321695499687642,0.03713058424813925
1999,all,zeros_included,municipality,Mosfellsbær,198,16.48989898989899,0.0019373208222850601,0.06634425863084957,0.9201010171146358,0.06104341984596114
1999,all,zeros_included,municipality,Reykjavík,271,27.81180811808118,0.0026515855698952084,0.15315059029118322,0.5246957963900374,0.0803574709404367
1999,all,zeros_included,municipality,Aðaldælahreppur,561,0.0,0.005489075663141003,0.0,0.0,0.0
1999,all,zeros_included,municipality,Akureyri,117,0.0,0.0011447804858957173,0.0,0.0,0.0
1999,all,zeros_included,municipality,Arnarneshreppur,77,0.0,0.0007534025419997456,0.0,0.0,0.0
1999,all,zeros_included,municipality,Bárðdælahreppur,3151,0.0,0.030830797530405175,0.0,0.0,0.0
1999,all,zeros_included,municipality,Dalvíkurbyggð,575,0.0,0.005626057943504594,0.0,0.0,0.0
1999,all,zeros_included,municipality,Eyjafjarðarsveit,1796,0.03285077951002227,0.01757286968092913,0.0011988702172190276,6.131993163183459,0.007351463975531346
1999,all,zeros_included,municipality,Glæsibæjarhreppur,120,0.0,0.0011741338316879153,0.0,0.0,0.0
1999,all,zeros_included,municipality,Grímseyjarhreppur,5,0.0,4.892224298699647e-05,0.0,0.0,0.0
1999,all,zeros_included,municipality,Grýtubakkahreppur,490,0.0,0.004794379812725654,0.0,0.0,0.0
1999,all,zeros_included,municipality,Hálshreppur,1471,0.0,0.01439292388677436,0.0,0.0,0.0
1999,all,zeros_included,municipality,Hríseyjarhreppur,7,0.0,6.849114018179505e-05,0.0,0.0,0.0
1999,all,zeros_included,municipality,Húsavík,66,0.0,0.0006457736074283534,0.0,0.0,0.0
1999,all,zeros_included,municipality,Kelduneshreppur,720,0.0,0.0070448029901274915,0.0,0.0,0.0
1999,all,zeros_included,municipality,Ljósavatnshreppur,401,0.0,0.003923563887557117,0.0,0.0,0.0
1999,all,zeros_included,municipality,Ólafsfjörður,202,0.0,0.0019764586166746575,0.0,0.0,0.0
1999,all,zeros_included,municipality,Öxarfjarðarhreppur,2684,0.0,0.026261460035419702,0.0,0.0,0.0
1999,all,zeros_included,municipality,Öxnadalshreppur,289,0.0,0.0028277056446483957,0.0,0.0,0.0
1999,all,zeros_included,municipality,Reykdælahreppur,390,0.0,0.0038159349529857246,0.0,0.0,0.0
1999,all,zeros_included,municipality,Reykjahreppur,191,0.0,0.0018688296821032652,0.0,0.0,0.0
1999,all,zeros_included,municipality,Siglufjörður,137,0.0,0.0013404694578437032,0.0,0.0,0.0
1999,all,zeros_included,municipality,Skriðuhreppur,403,0.0,0.003943132784751916,0.0,0.0,0.0
1999,all,zeros_included,municipality,Skútustaðahreppur,6033,0.0,0.05902957838810994,0.0,0.0,0.0
1999,all,zeros_included,municipality,Svalbarðshreppur,1098,0.0,0.010743324559944424,0.0,0.0,0.0
1999,all,zeros_included,municipality,Þórshafnarhreppur,709,0.0,0.006937174055556099,0.0,0.0,0.0
1999,all,zeros_included,municipality,Tjörneshreppur,176,0.0,0.0017220629531422757,0.0,0.0,0.0
1999,all,zeros_included,municipality,Akrahreppur,1359,0.0,0.01329706564386564,0.0,0.0,0.0
1999,all,zeros_included,municipality,Áshreppur,1150,0.0,0.011252115887009188,0.0,0.0,0.0
1999,all,zeros_included,municipality,Blönduós,15,0.0,0.00014676672896098941,0.0,0.0,0.0
1999,all,zeros_included,municipality,Bólstaðarhlíðarhreppur,1340,0.0,0.013111161120515054,0.0,0.0,0.0
1999,all,zeros_included,municipality,Engihlíðarhreppur,166,0.0,0.0016242184671682828,0.0,0.0,0.0
1999,all,zeros_included,municipality,Höfðahreppur,48,0.0,0.00046965353267516607,0.0,0.0,0.0
1999,all,zeros_included,municipality,Húnaþing vestra,2461,0.0,0.02407952799819966,0.0,0.0,0.0
1999,all,zeros_included,municipality,Skagahreppur,272,0.0,0.0026613700184926078,0.0,0.0,0.0
1999,all,zeros_included,municipality,Sveinsstaðahreppur,118,0.0,0.0011545649344931166,0.0,0.0,0.0
1999,all,zeros_included,municipality,Sveitarfélagið Skagafjörður,4110,0.0,0.040214083735311094,0.0,0.0,0.0
1999,all,zeros_included,municipality,Svínavatnshreppur,979,0.0,0.009578975176853908,0.0,0.0,0.0
1999,all,zeros_included,municipality,Torfalækjarhreppur,187,0.0,0.0018296918877136678,0.0,0.0,0.0
1999,all,zeros_included,municipality,Vindhælishreppur,225,0.0,0.002201500934414841,0.0,0.0,0.0
1999,all,zeros_included,municipality,Ásahreppur,137,0.0,0.0013404694578437032,0.0,0.0,0.0
1999,all,zeros_included,municipality,Austur-Eyjafjallahreppur,282,0.0,0.0027592145044666007,0.0,0.0,0.0
1999,all,zeros_included,municipality,Austur-Landeyjahreppur,200,0.0,0.001956889719479859,0.0,0.0,0.0
1999,all,zeros_included,municipality,Biskupstungnahreppur,1989,1.2161890397184514,0.019461268260227194,0.04915367890598013,3.30006354073652,0.1622102636506948
1999,all,zeros_included,municipality,Djúpárhreppur,120,1.3916666666666666,0.0011741338316879153,0.0033934123097555525,2.36967246266496,0.008041275704896031
1999,all,zeros_included,municipality,Fljótshlíðarhreppur,414,0.0,0.0040507617193233075,0.0,0.0,0.0
1999,all,zeros_included,municipality,Gaulverjabæjarhreppur,84,0.0,0.0008218936821815406,0.0,0.0,0.0
1999,all,zeros_included,municipality,Gnúpverjahreppur,1127,0.4028393966282165,0.011027073569269004,0.009225204722329466,4.1212950037828815,0.03801979013101067
1999,all,zeros_included,municipality,Grímsnes- og Grafningshreppur,889,0.8863892013498312,0.008698374803087971,0.01601202934184057,3.2157443660398792,0.051490593144889046
1999,all,zeros_included,municipality,Holta- og Landasveit,1604,0.10162094763092269,0.015694255550228468,0.0033121329729949404,5.161930369975296,0.01709699978269915
1999,all,zeros_included,municipality,Hraungerðishreppur,98,4.051020408163265,0.0009588759625451307,0.008066974173490744,1.8671572788575586,0.01506230954638918
1999,all,zeros_included,municipality,Hrunamannahreppur,1212,1.556105610561056,0.011858751700047944,0.03832320728262857,3.1569312582965914,0.12098373098870971
1999,all,zeros_included,municipality,Hveragerði,11,56.36363636363637,0.00010762893457139223,0.012598297197894865,0.0050056073787185795,6.306212941307214e-05
1999,all,zeros_included,municipality,Hvolhreppur,238,1.6554621848739495,0.002328698766181032,0.008006014670920285,2.7176254951007666,0.02175734958384374
1999,all,zeros_included,municipality,Laugardalshreppur,649,0.48536209553158705,0.006350107139712142,0.006400747769898197,4.180685182697815,0.026759511359799475
1999,all,zeros_included,municipality,Mýrdalshreppur,764,0.13219895287958114,0.007475318728413061,0.0020523032532054537,4.620746870276803,0.009483173834108
1999,all,zeros_included,municipality,Ölfushreppur,739,6.046008119079838,0.007230707513478078,0.09078901916160365,1.7420229647071312,0.15815655632274933
1999,all,zeros_included,municipality,Rangárvallahreppur,1446,0.0338865836791148,0.014148312671839379,0.0009956718753174974,5.94701384308143,0.005921274425680004
1999,all,zeros_included,municipality,Skaftárhreppur,6922,0.0,0.06772795319119791,0.0,0.0,0.0
1999,all,zeros_included,municipality,Skeiðahreppur,1280,0.0,0.012524094204671096,0.0,0.0,0.0
1999,all,zeros_included,municipality,Sveitarfélagið Árborg,149,14.201342281879194,0.0014578828410124946,0.042996769146363766,0.7886861918745609,0.03391095812095525
1999,all,zeros_included,municipality,Þingvallahreppur,647,0.0,0.006330538242517343,0.0,0.0,0.0
1999,all,zeros_included,municipality,Uten navn - sysla,123,0.0,0.0012034871774801131,0.0,0.0,0.0
1999,all,zeros_included,municipality,Vestmannaeyjar,15,33.86666666666667,0.00014676672896098941,0.010322475768597728,0.24354633656531366,0.002514001157726197
1999,all,zeros_included,municipality,Vestur-Eyjafjallahreppur,469,0.0,0.0045889063921802685,0.0,0.0,0.0
1999,all,zeros_included,municipality,Vestur-Landeyjahreppur,186,0.005376344086021506,0.0018199074391162687,2.031983419015301e-05,5.225746673713201,0.00010618630592959585
1999,all,zeros_included,municipality,Villingaholtshreppur,2932,0.1776944065484311,0.028688003287574728,0.010586633613069718,4.6271003802741255,0.04898541641685773
1999,all,zeros_included,municipality,Grindavík,456,3.482456140350877,0.004461708560414078,0.032267896693962975,2.245216618447251,0.07244841789962478
1999,all,zeros_included,municipality,Reykjanesbær,132,17.71969696969697,0.0012915472148567067,0.04752809217076789,0.808935755344967,0.038447173140265335
1999,all,zeros_included,municipality,Sandgerði,88,46.75,0.0008610314765711379,0.08359579785828948,0.0952853895000092,0.007965458159491148
1999,all,zeros_included,municipality,Vatnsleysustrandarhreppur,155,9.548387096774194,0.0015165895325968905,0.030073354601426454,0.8298615247422734,0.02495671990365482
1999,all,zeros_included,municipality,Árneshreppur,682,0.0,0.006672993943426318,0.0,0.0,0.0
1999,all,zeros_included,municipality,Bæjarhreppur,497,0.0,0.004862870952907449,0.0,0.0,0.0
1999,all,zeros_included,municipality,Bolungarvík,85,0.0,0.00083167813077894,0.0,0.0,0.0
1999,all,zeros_included,municipality,Broddaneshreppur,284,0.0,0.0027787834016613994,0.0,0.0,0.0
1999,all,zeros_included,municipality,Hólmavíkurhreppur,1327,0.0,0.012983963288748863,0.0,0.0,0.0
1999,all,zeros_included,municipality,Ísafjarðarbær,2337,0.0,0.02286625637212215,0.0,0.0,0.0
1999,all,zeros_included,municipality,Kaldrananeshreppur,471,0.0,0.004608475289375067,0.0,0.0,0.0
1999,all,zeros_included,municipality,Kirkjubólshreppur,159,0.0,0.0015557273269864876,0.0,0.0,0.0
1999,all,zeros_included,municipality,Reykhólahreppur,1149,0.0,0.011242331438411789,0.0,0.0,0.0
1999,all,zeros_included,municipality,Súðavíkurhreppur,733,0.0,0.007172000821893682,0.0,0.0,0.0
1999,all,zeros_included,municipality,Vesturbyggð,1511,0.0,0.014784301830670333,0.0,0.0,0.0
1999,all,zeros_included,municipality,Akranes,7,45.142857142857146,6.849114018179505e-05,0.0064210676040883504,0.06997527502022427,0.00044931597151953484
1999,all,zeros_included,municipality,Borgarbyggð,1847,0.0,0.018071876559396495,0.0,0.0,0.0
1999,all,zeros_included,municipality,Borgarfjarðarsveit,1259,0.0,0.012318620784125711,0.0,0.0,0.0
1999,all,zeros_included,municipality,Dalabyggð,2172,0.0,0.021251822353551265,0.0,0.0,0.0
1999,all,zeros_included,municipality,Eyja- og Miklaholtshreppur,405,0.0,0.003962701681946714,0.0,0.0,0.0
1999,all,zeros_included,municipality,Eyrarsveit,141,0.0,0.0013796072522333004,0.0,0.0,0.0
1999,all,zeros_included,municipality,Helgafellssveit,246,0.967479674796748,0.0024069743549602262,0.004836120537256416,3.525624205769707,0.01705034362817122
1999,all,zeros_included,municipality,Hvalfjarðarstrandarhreppur,291,0.41924398625429554,0.0028472745418431943,0.002479019771198667,3.89925143379554,0.009666321397253893
1999,all,zeros_included,municipality,Hvítársíðuhreppur,1477,0.0,0.014451630578358757,0.0,0.0,0.0
1999,all,zeros_included,municipality,Innri-Akraneshreppur,28,10.214285714285714,0.0002739645607271802,0.00581147257838376,0.7150026742323794,0.004155218434772529
1999,all,zeros_included,municipality,Kolbeinsstaðahreppur,391,0.0,0.003825719401583124,0.0,0.0,0.0
1999,all,zeros_included,municipality,Leirár- og Melahreppur,136,0.014705882352941176,0.0013306850092463039,4.063966838030602e-05,4.912654885736052,0.00019964866542320332
1999,all,zeros_included,municipality,Saurbæjarhreppur,255,0.0,0.00249503439233682,0.0,0.0,0.0
1999,all,zeros_included,municipality,Skilmannahreppur,52,4.461538461538462,0.0005087913270647633,0.004714201532115498,1.5110775442310558,0.007123524074159367
1999,all,zeros_included,municipality,Skorradalshreppur,207,0.0,0.0020253808596616537,0.0,0.0,0.0
1999,all,zeros_included,municipality,Snæfellsbær,697,0.18077474892395984,0.0068197606723873075,0.002560299107959279,4.838107770079755,0.012387003007946052
1999,all,lit_only,region,Austurland,203,27.34975369458128,0.12864385297845374,0.1128157194237295,0.15205387547196603,0.017154067352536027
1999,all,lit_only,region,Höfuðborgarsvæði,436,39.88990825688074,0.27629911280101394,0.3534025562351411,0.1529606124182581,0.054056671431905075
1999,all,lit_only,region,Norðurland eystra,4,14.75,0.0025348542458808617,0.0011988702172190276,0.024970275441205114,2.9936119542216525e-05
1999,all,lit_only,region,Suðurland,576,26.678819444444443,0.3650190114068441,0.3122548920000813,0.17400432368436558,0.05433370129960876
1999,all,lit_only,region,Suðurnes,294,32.3843537414966,0.18631178707224336,0.19346514132444678,0.1921048219914976,0.037165586535692775
1999,all,lit_only,region,Vesturland,65,20.338461538461537,0.041191381495564006,0.026862820799382278,0.30744531252668583,0.008258848336014441
1999,all,lit_only,municipality,Austur-Hérað,35,33.17142857142857,0.022179974651457542,0.023591327494767642,0.12709543757191266,0.0029983500908497876
1999,all,lit_only,municipality,Búðahreppur,11,32.63636363636363,0.00697084917617237,0.00729482047426493,0.09908976630663258,0.0007228420560437505
1999,all,lit_only,municipality,Djúpavogshreppur,10,18.7,0.0063371356147021544,0.0037998089935586126,0.20751591975786798,0.0007885208582025341
1999,all,lit_only,municipality,Fáskrúðsfjarðarhr.,13,17.53846153846154,0.008238276299112801,0.004632922195354886,0.10877379699410472,0.0005039405383670144
1999,all,lit_only,municipality,Fellahreppur,14,31.142857142857142,0.008871989860583017,0.008859447706906711,0.11102092101616279,0.0009835840441153145
1999,all,lit_only,municipality,Fjarðabyggð,64,28.234375,0.04055766793409379,0.03671794038160649,0.09965999444907903,0.003659309734612517
1999,all,lit_only,municipality,Mjóafjarðarhreppur,1,20.0,0.0006337135614702154,0.0004063966838030602,0.0,0.0
1999,all,lit_only,municipality,Seyðisfjörður,22,36.5,0.01394169835234474,0.016316826854692865,0.0522720210365355,0.0008529135165980128
1999,all,lit_only,municipality,Stöðvarhreppur,10,8.0,0.0063371356147021544,0.0016255867352122407,0.06576285641550106,0.00010690322705870573
1999,all,lit_only,municipality,Sveitarfélagið Hornafjörður,23,20.47826086956522,0.014575411913814956,0.009570641903562067,0.21576956071491482,0.0020650531992913433
1999,all,lit_only,municipality,Bessastaðahreppur,6,61.5,0.0038022813688212928,0.00749801881616646,0.0003900327679842164,2.924473033267142e-06
1999,all,lit_only,municipality,Garðabær,35,52.17142857142857,0.022179974651457542,0.037104017231219394,0.04817246887646354,0.001787392115262683
1999,all,lit_only,municipality,Hafnarfjörður,74,39.351351351351354,0.046894803548795945,0.05917135716172556,0.11885010953325548,0.0070325222799024634
1999,all,lit_only,municipality,Kópavogur,42,35.30952380952381,0.026615969581749048,0.03013431410399691,0.29701033379022634,0.008950202690567647
1999,all,lit_only,municipality,Mosfellsbær,98,33.316326530612244,0.062103929024081114,0.06634425863084957,0.21680146509067244,0.014383532471522676
1999,all,lit_only,municipality,Reykjavík,181,41.64088397790055,0.114702154626109,0.15315059029118322,0.12107400677616242,0.018542555606687994
1999,all,lit_only,municipality,Eyjafjarðarsveit,4,14.75,0.0025348542458808617,0.0011988702172190276,0.024970275441205114,2.9936119542216525e-05
1999,all,lit_only,municipality,Biskupstungnahreppur,79,30.620253164556964,0.050063371356147024,0.04915367890598013,0.07412411434956967,0.0036434729159289018
1999,all,lit_only,municipality,Djúpárhreppur,14,11.928571428571429,0.008871989860583017,0.0033934123097555525,0.22123804949817272,0.0007507519205534075
1999,all,lit_only,municipality,Gnúpverjahreppur,20,22.7,0.012674271229404309,0.009225204722329466,0.08971276329709621,0.0008276186076215976
1999,all,lit_only,municipality,Grímsnes- og Grafningshreppur,43,18.325581395348838,0.027249683143219267,0.01601202934184057,0.18684724621953697,0.0029918035889093353
1999,all,lit_only,municipality,Holta- og Landasveit,11,14.818181818181818,0.00697084917617237,0.0033121329729949404,0.17956985434720663,0.0005947592355392819
1999,all,lit_only,municipality,Hraungerðishreppur,19,20.894736842105264,0.012040557667934094,0.008066974173490744,0.22662877935342696,0.0018282085100138276
1999,all,lit_only,municipality,Hrunamannahreppur,57,33.08771929824562,0.03612167300380228,0.03832320728262857,0.09995535950188161,0.0038306099612002665
1999,all,lit_only,municipality,Hveragerði,11,56.36363636363637,0.00697084917617237,0.012598297197894865,0.0050056073787185795,6.306212941307214e-05
1999,all,lit_only,municipality,Hvolhreppur,20,19.7,0.012674271229404309,0.008006014670920285,0.2410870949832833,0.0019301468194057184
1999,all,lit_only,municipality,Laugardalshreppur,11,28.636363636363637,0.00697084917617237,0.006400747769898197,0.10314773879209493,0.0006602226590435434
1999,all,lit_only,municipality,Mýrdalshreppur,9,11.222222222222221,0.005703422053231939,0.0020523032532054537,0.17940365844650197,0.0003681907118667161
1999,all,lit_only,municipality,Ölfushreppur,152,29.394736842105264,0.09632446134347275,0.09078901916160365,0.16060556460520603,0.014581221682402223
1999,all,lit_only,municipality,Rangárvallahreppur,4,12.25,0.0025348542458808617,0.0009956718753174974,0.056751801482610276,5.65061726098369e-05
1999,all,lit_only,municipality,Sveitarfélagið Árborg,78,27.128205128205128,0.049429657794676805,0.042996769146363766,0.1414487126186934,0.0060818376425163115
1999,all,lit_only,municipality,Vestmannaeyjar,12,42.333333333333336,0.0076045627376425855,0.010322475768597728,0.02040278525110395,0.00021060725636642364
1999,all,lit_only,municipality,Vestur-Landeyjahreppur,1,1.0,0.0006337135614702154,2.031983419015301e-05,0.0,0.0
1999,all,lit_only,municipality,Villingaholtshreppur,35,14.885714285714286,0.022179974651457542,0.010586633613069718,0.1990083787569974,0.002106828791831338
1999,all,lit_only,municipality,Grindavík,60,26.466666666666665,0.03802281368821293,0.032267896693962975,0.21706837115496525,0.007004339775955231
1999,all,lit_only,municipality,Reykjanesbær,72,32.486111111111114,0.045627376425855515,0.04752809217076789,0.20279995177465127,0.009638694800172909
1999,all,lit_only,municipality,Sandgerði,84,48.976190476190474,0.053231939163498096,0.08359579785828948,0.04876537386511659,0.0040765803361121995
1999,all,lit_only,municipality,Vatnsleysustrandarhreppur,78,18.974358974358974,0.049429657794676805,0.030073354601426454,0.14314523451261874,0.004304857397002332
1999,all,lit_only,municipality,Akranes,7,45.142857142857146,0.004435994930291508,0.0064210676040883504,0.06997527502022427,0.00044931597151953484
1999,all,lit_only,municipality,Helgafellssveit,9,26.444444444444443,0.005703422053231939,0.004836120537256416,0.2175172471735638,0.0010519396262635519
1999,all,lit_only,municipality,Hvalfjarðarstrandarhreppur,7,17.428571428571427,0.004435994930291508,0.002479019771198667,0.1718383156793606,0.0004259905820186128
1999,all,lit_only,municipality,Innri-Akraneshreppur,19,15.052631578947368,0.012040557667934094,0.00581147257838376,0.32723714322361586,0.0019017296844726825
1999,all,lit_only,municipality,Leirár- og Melahreppur,1,2.0,0.0006337135614702154,4.063966838030602e-05,0.0,0.0
1999,all,lit_only,municipality,Skilmannahreppur,16,14.5,0.010139416983523447,0.004714201532115498,0.3324225478894096,0.0015671068845699923
1999,all,lit_only,municipality,Snæfellsbær,6,21.0,0.0038022813688212928,0.002560299107959279,0.08308182854728585,0.00021271433151724171
2000,all,zeros_included,region,Austurland,22467,0.25869052387946767,0.21982720663776992,0.09282417389360036,4.850743839966357,0.4502662897143479
2000,all,zeros_included,region,Höfuðborgarsvæði,1034,16.84816247582205,0.01011711984971087,0.27823295481768956,1.014743520328826,0.28233508804319346
2000,all,zeros_included,region,Norðurland eystra,21869,0.39311353971375007,0.21397610637652514,0.13730375481130117,4.366399796845456,0.5995230871141837
2000,all,zeros_included,region,Norðurland vestra,12430,0.17144006436041834,0.12162069606567322,0.034034465686039635,5.107666009147273,0.17383668352407386
2000,all,zeros_included,region,Suðurland,24726,0.5840815336083475,0.24193027601929493,0.2306549758037468,4.066799278289259,0.938027489132504
2000,all,zeros_included,region,Suðurnes,831,10.823104693140793,0.008130876784438813,0.14364429112165203,1.3418869153796327,0.1927543947251276
2000,all,zeros_included,region,Vestfirðir,9235,0.16838115863562533,0.09035938279698248,0.024835098142558253,4.699708461164831,0.11671772087444
2000,all,zeros_included,region,Vesturland,9611,0.38091769847050255,0.0940383354696046,0.05847028572341206,4.295031421452221,0.25113171440334403
2000,all,zeros_included,municipality,Austur-Hérað,1563,0.7479206653870761,0.015293093157735096,0.01867024419848913,3.929838592570665,0.07337104618394115
2000,all,zeros_included,municipality,Borgarfjarðarhreppur,419,0.0,0.004099683962310304,0.0,0.0,0.0
2000,all,zeros_included,municipality,Breiðdalshreppur,452,0.0,0.004422570766024481,0.0,0.0,0.0
2000,all,zeros_included,municipality,Búðahreppur,25,13.84,0.00024461121493498235,0.005526008975771804,1.0411356097947952,0.0057533247247216895
2000,all,zeros_included,municipality,Djúpavogshreppur,1146,0.13089005235602094,0.011212978092619591,0.002395668631114944,5.373867577902509,0.012874005984146682
2000,all,zeros_included,municipality,Fáskrúðsfjarðarhr.,219,0.634703196347032,0.0021427942428304454,0.002219986264833181,3.55374315423042,0.007889260991136477
2000,all,zeros_included,municipality,Fellahreppur,336,1.3154761904761905,0.0032875747287261625,0.007059236899685368,3.2333907750797306,0.022825271470545107
2000,all,zeros_included,municipality,Fjarðabyggð,635,2.9937007874015746,0.006213124859348551,0.030361107118330056,2.381588747552458,0.07230767107624969
2000,all,zeros_included,municipality,Fljótsdalshreppur,1531,0.0,0.014979990802618318,0.0,0.0,0.0
2000,all,zeros_included,municipality,Mjóafjarðarhreppur,187,0.5775401069518716,0.0018296918877136678,0.0017248814144027597,3.360016316399255,0.005795629696247097
2000,all,zeros_included,municipality,Norður-Hérað,6977,0.0,0.06826609786405487,0.0,0.0,0.0
2000,all,zeros_included,municipality,Seyðisfjörður,208,4.552884615384615,0.002035165308259053,0.015124654624439012,2.04554649993897,0.03093818432980698
2000,all,zeros_included,municipality,Skeggjastaðahreppur,589,0.0,0.005763040223868184,0.0,0.0,0.0
2000,all,zeros_included,municipality,Stöðvarhreppur,85,0.0,0.00083167813077894,0.0,0.0,0.0
2000,all,zeros_included,municipality,Sveitarfélagið Hornafjörður,6214,0.06678467975539105,0.06080056358423921,0.006628016546084678,6.114830077854761,0.040529194932517616
2000,all,zeros_included,municipality,Vopnafjarðarhreppur,1881,0.10366826156299841,0.018404547811708073,0.003114369220449427,5.473787488420309,0.017047395273217386
2000,all,zeros_included,municipality,Bessastaðahreppur,6,61.5,5.870669158439576e-05,0.005893344832542762,0.0003900327679842164,2.2985975977221316e-06
2000,all,zeros_included,municipality,Garðabær,36,51.27777777777778,0.0003522401495063746,0.029482695286921243,0.053101088102636584,0.0015655631999339933
2000,all,zeros_included,municipality,Hafnarfjörður,143,19.95104895104895,0.001399176149428099,0.04556561736380623,0.8259961305007519,0.03763702362638182
2000,all,zeros_included,municipality,Kjósarhreppur,273,0.0,0.002671154467090007,0.0,0.0,0.0
2000,all,zeros_included,municipality,Kópavogur,107,13.91588785046729,0.0010469359999217243,0.023781003944867676,1.2111520151616815,0.02880241085039438
2000,all,zeros_included,municipality,Mosfellsbær,198,17.136363636363637,0.0019373208222850601,0.05419002443582003,0.8472462010024873,0.04591229233548047
2000,all,zeros_included,municipality,Reykjavík,271,27.568265682656826,0.0026515855698952084,0.11932026895373164,0.5459224839465899,0.06513961761239635
2000,all,zeros_included,municipality,Aðaldælahreppur,561,0.7290552584670231,0.005489075663141003,0.006532189800840081,3.3537633679763075,0.021907418866725915
2000,all,zeros_included,municipality,Akureyri,117,21.623931623931625,0.0011447804858957173,0.040406944244805384,0.7967928207978359,0.03219596308463936
2000,all,zeros_included,municipality,Arnarneshreppur,77,0.0,0.0007534025419997456,0.0,0.0,0.0
2000,all,zeros_included,municipality,Bárðdælahreppur,3151,0.0,0.030830797530405175,0.0,0.0,0.0
2000,all,zeros_included,municipality,Dalvíkurbyggð,575,0.9165217391304348,0.005626057943504594,0.00841678245731717,2.978335517545611,0.025068002136082554
2000,all,zeros_included,municipality,Eyjafjarðarsveit,1796,0.6625835189309577,0.01757286968092913,0.01900563780684522,3.8085141924526127,0.07238324132398398
2000,all,zeros_included,municipality,Glæsibæjarhreppur,120,9.191666666666666,0.0011741338316879153,0.017616150000798553,1.216449590837628,0.02142915846060568
2000,all,zeros_included,municipality,Grímseyjarhreppur,5,0.0,4.892224298699647e-05,0.0,0.0,0.0
2000,all,zeros_included,municipality,Grýtubakkahreppur,490,1.279591836734694,0.004794379812725654,0.010013894878060465,3.3935025460509873,0.03398217776458513
2000,all,zeros_included,municipality,Hálshreppur,1471,0.037389530931339225,0.01439292388677436,0.0008784118314088127,6.2013296697355,0.005447321352362169
2000,all,zeros_included,municipality,Hríseyjarhreppur,7,0.0,6.849114018179505e-05,0.0,0.0,0.0
2000,all,zeros_included,municipality,Húsavík,66,10.636363636363637,0.0006457736074283534,0.011211729193617938,1.2627354448401706,0.014157447850730673
2000,all,zeros_included,municipality,Kelduneshreppur,720,0.0,0.0070448029901274915,0.0,0.0,0.0
2000,all,zeros_included,municipality,Ljósavatnshreppur,401,0.0,0.003923563887557117,0.0,0.0,0.0
2000,all,zeros_included,municipality,Ólafsfjörður,202,1.801980198019802,0.0019764586166746575,0.005813489211505598,2.1354609276066854,0.012414479064233201
2000,all,zeros_included,municipality,Öxarfjarðarhreppur,2684,0.0007451564828614009,0.026261460035419702,3.194224841486592e-05,7.895063498091573,0.00025218607950718133
2000,all,zeros_included,municipality,Öxnadalshreppur,289,0.0,0.0028277056446483957,0.0,0.0,0.0
2000,all,zeros_included,municipality,Reykdælahreppur,390,0.05128205128205128,0.0038159349529857246,0.0003194224841486592,5.966146739123692,0.0019057214122063122
2000,all,zeros_included,municipality,Reykjahreppur,191,0.33507853403141363,0.0018688296821032652,0.0010221519492757095,4.559614608240604,0.004660618959759134
2000,all,zeros_included,municipality,Siglufjörður,137,3.4525547445255476,0.0013404694578437032,0.00755434175011579,1.5331665217512294,0.01158206386514512
2000,all,zeros_included,municipality,Skriðuhreppur,403,0.0,0.003943132784751916,0.0,0.0,0.0
2000,all,zeros_included,municipality,Skútustaðahreppur,6033,0.08238024200232057,0.05902957838810994,0.00793764873109418,5.468979094504477,0.043410834969874065
2000,all,zeros_included,municipality,Svalbarðshreppur,1098,0.0,0.010743324559944424,0.0,0.0,0.0
2000,all,zeros_included,municipality,Þórshafnarhreppur,709,0.047954866008462625,0.006937174055556099,0.0005430182230527206,5.08182927037455,0.002759525900256092
2000,all,zeros_included,municipality,Tjörneshreppur,176,0.0,0.0017220629531422757,0.0,0.0,0.0
2000,all,zeros_included,municipality,Akrahreppur,1359,0.0,0.01329706564386564,0.0,0.0,0.0
2000,all,zeros_included,municipality,Áshreppur,1150,0.0,0.011252115887009188,0.0,0.0,0.0
2000,all,zeros_included,municipality,Blönduós,15,17.2,0.00014676672896098941,0.004120550045517704,0.7646072244020465,0.003150602333313018
2000,all,zeros_included,municipality,Bólstaðarhlíðarhreppur,1340,0.0,0.013111161120515054,0.0,0.0,0.0
2000,all,zeros_included,municipality,Engihlíðarhreppur,166,0.14457831325301204,0.0016242184671682828,0.000383306980978391,5.111987788356544,0.001959460605953349
2000,all,zeros_included,municipality,Höfðahreppur,48,0.0,0.00046965353267516607,0.0,0.0,0.0
2000,all,zeros_included,municipality,Húnaþing vestra,2461,0.016659894351889477,0.02407952799819966,0.0006548160925047514,6.30186171261804,0.004126560462161846
2000,all,zeros_included,municipality,Skagahreppur,272,0.0,0.0026613700184926078,0.0,0.0,0.0
2000,all,zeros_included,municipality,Sveinsstaðahreppur,118,0.0,0.0011545649344931166,0.0,0.0,0.0
2000,all,zeros_included,municipality,Sveitarfélagið Skagafjörður,4110,0.32019464720194646,0.040214083735311094,0.021017999456981774,4.535828508205812,0.09533404112243221
2000,all,zeros_included,municipality,Svínavatnshreppur,979,0.37895812053115424,0.009578975176853908,0.005925287080957628,4.128447709202454,0.024462237875746414
2000,all,zeros_included,municipality,Torfalækjarhreppur,187,0.6470588235294118,0.0018296918877136678,0.0019325060290993881,3.62734163517844,0.007009859579585568
2000,all,zeros_included,municipality,Vindhælishreppur,225,0.0,0.002201500934414841,0.0,0.0,0.0
2000,all,zeros_included,municipality,Ásahreppur,137,0.0,0.0013404694578437032,0.0,0.0,0.0
2000,all,zeros_included,municipality,Austur-Eyjafjallahreppur,282,0.0,0.0027592145044666007,0.0,0.0,0.0
2000,all,zeros_included,municipality,Austur-Landeyjahreppur,200,0.0,0.001956889719479859,0.0,0.0,0.0
2000,all,zeros_included,municipality,Biskupstungnahreppur,1989,1.4364002011060835,0.019461268260227194,0.04562950186063597,3.1064481044587686,0.14174567956237047
2000,all,zeros_included,municipality,Djúpárhreppur,120,0.0,0.0011741338316879153,0.0,0.0,0.0
2000,all,zeros_included,municipality,Fljótshlíðarhreppur,414,0.0,0.0040507617193233075,0.0,0.0,0.0
2000,all,zeros_included,municipality,Gaulverjabæjarhreppur,84,0.0,0.0008218936821815406,0.0,0.0,0.0
2000,all,zeros_included,municipality,Gnúpverjahreppur,1127,0.12777284826974267,0.011027073569269004,0.002299841885870346,5.3689483109571166,0.012347732208612025
2000,all,zeros_included,municipality,Grímsnes- og Grafningshreppur,889,0.156355455568054,0.008698374803087971,0.002219986264833181,4.851108808637061,0.010769394924385533
2000,all,zeros_included,municipality,Holta- og Landasveit,1604,0.04738154613466334,0.015694255550228468,0.001213805439764905,6.186143179335087,0.007508774242241492
2000,all,zeros_included,municipality,Hraungerðishreppur,98,2.7448979591836733,0.0009588759625451307,0.004296232411799466,2.5862025717224544,0.01111092731211314
2000,all,zeros_included,municipality,Hrunamannahreppur,1212,1.8259075907590758,0.011858751700047944,0.03534409787104914,2.887082047977334,0.10204131046545989
2000,all,zeros_included,municipality,Hveragerði,11,56.81818181818182,0.00010762893457139223,0.0099819526296456,0.003498709699257141,3.4923954482866385e-05
2000,all,zeros_included,municipality,Hvolhreppur,238,1.1512605042016806,0.002328698766181032,0.004376088032836631,3.2383748780829498,0.014171413549817581
2000,all,zeros_included,municipality,Laugardalshreppur,649,0.4591679506933744,0.006350107139712142,0.004759395013815022,4.308834207386427,0.020507444041990563
2000,all,zeros_included,municipality,Mýrdalshreppur,764,0.0,0.007475318728413061,0.0,0.0,0.0
2000,all,zeros_included,municipality,Ölfushreppur,739,5.949932341001353,0.007230707513478078,0.07022503314008272,1.7826894686969692,0.12518942701772112
2000,all,zeros_included,municipality,Rangárvallahreppur,1446,0.027662517289073305,0.014148312671839379,0.0006388449682973184,6.588417589005122,0.0042089774257774715
2000,all,zeros_included,municipality,Skaftárhreppur,6922,0.0,0.06772795319119791,0.0,0.0,0.0
2000,all,zeros_included,municipality,Skeiðahreppur,1280,0.0,0.012524094204671096,0.0,0.0,0.0
2000,all,zeros_included,municipality,Sveitarfélagið Árborg,149,11.859060402684564,0.0014578828410124946,0.02822097647453404,1.0981378425337298,0.030990522219939955
2000,all,zeros_included,municipality,Þingvallahreppur,647,0.0,0.006330538242517343,0.0,0.0,0.0
2000,all,zeros_included,municipality,Uten navn - sysla,123,0.0,0.0012034871774801131,0.0,0.0,0.0
2000,all,zeros_included,municipality,Vestmannaeyjar,15,33.86666666666667,0.00014676672896098941,0.008113331097375944,0.24354633656531366,0.0019759720661073473
2000,all,zeros_included,municipality,Vestur-Eyjafjallahreppur,469,0.0,0.0045889063921802685,0.0,0.0,0.0
2000,all,zeros_included,municipality,Vestur-Landeyjahreppur,186,0.026881720430107527,0.0018199074391162687,7.98556210371648e-05,5.225746673713201,0.0004173052460122658
2000,all,zeros_included,municipality,Villingaholtshreppur,2932,0.2830832196452933,0.028688003287574728,0.013256033092169356,4.5152701208997215,0.05985457014273023
2000,all,zeros_included,municipality,Grindavík,456,3.175438596491228,0.004461708560414078,0.023126187852362926,2.4555018204090606,0.05678639637059907
2000,all,zeros_included,municipality,Reykjanesbær,132,17.772727272727273,0.0012915472148567067,0.03746825739063772,0.8070136767654641,0.03023739615881332
2000,all,zeros_included,municipality,Sandgerði,88,47.14772727272727,0.0008610314765711379,0.06626419433663935,0.07421905024341635,0.004918065568810541
2000,all,zeros_included,municipality,Vatnsleysustrandarhreppur,155,6.780645161290322,0.0015165895325968905,0.01678565154201204,1.2464065233742183,0.020921745581050314
2000,all,zeros_included,municipality,Árneshreppur,682,0.0,0.006672993943426318,0.0,0.0,0.0
2000,all,zeros_included,municipality,Bæjarhreppur,497,0.028169014084507043,0.004862870952907449,0.00022359573890406143,6.208590026096628,0.0013882142744374615
2000,all,zeros_included,municipality,Bolungarvík,85,2.5176470588235293,0.00083167813077894,0.0034178205803906533,1.935886129943627,0.006616511456214143
2000,all,zeros_included,municipality,Broddaneshreppur,284,0.0,0.0027787834016613994,0.0,0.0,0.0
2000,all,zeros_included,municipality,Hólmavíkurhreppur,1327,0.016578749058025623,0.012983963288748863,0.0003513647325635251,7.190676034332208,0.0025265499617540856
2000,all,zeros_included,municipality,Ísafjarðarbær,2337,0.5117672229353872,0.02286625637212215,0.01910146455208982,3.6357125197827314,0.06944743381821901
2000,all,zeros_included,municipality,Kaldrananeshreppur,471,0.0,0.004608475289375067,0.0,0.0,0.0
2000,all,zeros_included,municipality,Kirkjubólshreppur,159,0.0,0.0015557273269864876,0.0,0.0,0.0
2000,all,zeros_included,municipality,Reykhólahreppur,1149,0.0,0.011242331438411789,0.0,0.0,0.0
2000,all,zeros_included,municipality,Súðavíkurhreppur,733,0.036834924965893585,0.007172000821893682,0.0004312203536006899,5.9046845492754185,0.0025462201592390764
2000,all,zeros_included,municipality,Vesturbyggð,1511,0.054268696227663796,0.014784301830670333,0.0013096321850095028,5.395928814155833,0.007066682043038639
2000,all,zeros_included,municipality,Akranes,7,45.285714285714285,6.849114018179505e-05,0.005062846373756248,0.06637678476061826,0.0003360554640268952
2000,all,zeros_included,municipality,Borgarbyggð,1847,0.8911748781808337,0.018071876559396495,0.026288470445434652,3.474724452013859,0.09134519106279544
2000,all,zeros_included,municipality,Borgarfjarðarsveit,1259,0.023828435266084195,0.012318620784125711,0.0004791337262229888,6.128459275870309,0.002936351528853581
2000,all,zeros_included,municipality,Dalabyggð,2172,0.0,0.021251822353551265,0.0,0.0,0.0
2000,all,zeros_included,municipality,Eyja- og Miklaholtshreppur,405,0.0,0.003962701681946714,0.0,0.0,0.0
2000,all,zeros_included,municipality,Eyrarsveit,141,1.8794326241134751,0.0013796072522333004,0.0042323479149697345,2.6391481134967956,0.011169793015454472
2000,all,zeros_included,municipality,Helgafellssveit,246,1.2560975609756098,0.0024069743549602262,0.004935077380096784,3.2795373216099963,0.016184770453060687
2000,all,zeros_included,municipality,Hvalfjarðarstrandarhreppur,291,0.4020618556701031,0.0028472745418431943,0.0018686215322696563,3.9750668512706624,0.007427895510495703
2000,all,zeros_included,municipality,Hvítársíðuhreppur,1477,0.0,0.014451630578358757,0.0,0.0,0.0
2000,all,zeros_included,municipality,Innri-Akraneshreppur,28,6.607142857142857,0.0002739645607271802,0.0029546579783750974,1.5329183788461436,0.004529249518255578
2000,all,zeros_included,municipality,Kolbeinsstaðahreppur,391,0.0,0.003825719401583124,0.0,0.0,0.0
2000,all,zeros_included,municipality,Leirár- og Melahreppur,136,0.125,0.0013306850092463039,0.0002715091115263603,3.956610504768906,0.0010742558028056697
2000,all,zeros_included,municipality,Saurbæjarhreppur,255,0.0,0.00249503439233682,0.0,0.0,0.0
2000,all,zeros_included,municipality,Skilmannahreppur,52,7.596153846153846,0.0005087913270647633,0.006308594061936019,0.9507241539253952,0.005997732751992894
2000,all,zeros_included,municipality,Skorradalshreppur,207,0.0,0.0020253808596616537,0.0,0.0,0.0
2000,all,zeros_included,municipality,Snæfellsbær,697,0.5451936872309899,0.0068197606723873075,0.006069027198824525,3.788716665471559,0.02299382449138665
2000,all,lit_only,region,Austurland,199,29.20603015075377,0.09660194174757282,0.09282417389360037,0.12424581977337334,0.011533015580196539
2000,all,lit_only,region,Höfuðborgarsvæði,441,39.50340136054422,0.21407766990291263,0.2782329548176896,0.1625983407072975,0.04524021678344481
2000,all,lit_only,region,Norðurland eystra,332,25.89457831325301,0.16116504854368932,0.13730375481130117,0.1787093778736213,0.024537468602039866
2000,all,lit_only,region,Norðurland vestra,88,24.21590909090909,0.04271844660194175,0.03403446568603964,0.15713463912072267,0.005347993483242458
2000,all,lit_only,region,Suðurland,496,29.116935483870968,0.2407766990291262,0.23065497580374683,0.15776460444731422,0.03638919102148295
2000,all,lit_only,region,Suðurnes,250,35.976,0.12135922330097088,0.14364429112165206,0.14071803838643104,0.02021334287204831
2000,all,lit_only,region,Vestfirðir,94,16.54255319148936,0.04563106796116505,0.024835098142558253,0.1122473508014945,0.002787673973397281
2000,all,lit_only,region,Vesturland,160,22.88125,0.07766990291262135,0.05847028572341207,0.19954168186276444,0.01166725915224603
2000,all,lit_only,municipality,Austur-Hérað,34,34.38235294117647,0.01650485436893204,0.01867024419848913,0.10183678676535024,0.001901317677298555
2000,all,lit_only,municipality,Búðahreppur,9,38.44444444444444,0.004368932038834952,0.005526008975771804,0.019484362262814248,0.00010767076075150096
2000,all,lit_only,municipality,Djúpavogshreppur,6,25.0,0.002912621359223301,0.0023956686311149443,0.12159414985587835,0.0002912992905368175
2000,all,lit_only,municipality,Fáskrúðsfjarðarhr.,7,19.857142857142858,0.0033980582524271844,0.0022199862648331816,0.11058157346923236,0.0002454895742453372
2000,all,lit_only,municipality,Fellahreppur,16,27.625,0.007766990291262136,0.007059236899685369,0.1888683373563076,0.0013332663362478712
2000,all,lit_only,municipality,Fjarðabyggð,64,29.703125,0.031067961165048542,0.03036110711833006,0.08684683201943821,0.0026367659698297804
2000,all,lit_only,municipality,Mjóafjarðarhreppur,9,12.0,0.004368932038834952,0.0017248814144027599,0.32613227688088786,0.0005625395030286984
2000,all,lit_only,municipality,Seyðisfjörður,30,31.566666666666666,0.014563106796116505,0.015124654624439014,0.10920580189980766,0.0016517000367194969
2000,all,lit_only,municipality,Sveitarfélagið Hornafjörður,15,27.666666666666668,0.007281553398058253,0.006628016546084679,0.08832018900397864,0.0005853876740716966
2000,all,lit_only,municipality,Vopnafjarðarhreppur,9,21.666666666666668,0.004368932038834952,0.0031143692204494275,0.1314532364554979,0.0004093939135454632
2000,all,lit_only,municipality,Bessastaðahreppur,6,61.5,0.002912621359223301,0.005893344832542763,0.0003900327679842164,2.298597597722132e-06
2000,all,lit_only,municipality,Garðabær,36,51.27777777777778,0.017475728155339806,0.029482695286921247,0.053101088102636584,0.0015655631999339935
2000,all,lit_only,municipality,Hafnarfjörður,71,40.183098591549296,0.03446601941747573,0.04556561736380624,0.12583137728215998,0.005733584389599642
2000,all,lit_only,municipality,Kópavogur,44,33.84090909090909,0.021359223300970873,0.02378100394486768,0.32251281461803627,0.007669678516701899
2000,all,lit_only,municipality,Mosfellsbær,109,31.128440366972477,0.052912621359223304,0.054190024435820036,0.25032705253709553,0.013565229093932013
2000,all,lit_only,municipality,Reykjavík,175,42.691428571428574,0.08495145631067962,0.11932026895373166,0.10858963699040336,0.012956944691283017
2000,all,lit_only,municipality,Aðaldælahreppur,21,19.476190476190474,0.010194174757281554,0.006532189800840081,0.0685649001770341,0.0004478789416320404
2000,all,lit_only,municipality,Akureyri,56,45.17857142857143,0.027184466019417475,0.04040694424480539,0.05997057673522921,0.00242322775046923
2000,all,lit_only,municipality,Dalvíkurbyggð,33,15.969696969696969,0.016019417475728156,0.008416782457317171,0.12047303821474076,0.0010139953546255312
2000,all,lit_only,municipality,Eyjafjarðarsveit,43,27.674418604651162,0.02087378640776699,0.019005637806845225,0.07639705928403018,0.00145197483826036
2000,all,lit_only,municipality,Glæsibæjarhreppur,40,27.575,0.019417475728155338,0.017616150000798556,0.11783730216951849,0.002075839590707663
2000,all,lit_only,municipality,Grýtubakkahreppur,17,36.88235294117647,0.00825242718446602,0.010013894878060467,0.032310499002531134,0.00032355394046902435
2000,all,lit_only,municipality,Hálshreppur,3,18.333333333333332,0.0014563106796116505,0.0008784118314088128,0.0062442378021727585,5.485012363558713e-06
2000,all,lit_only,municipality,Húsavík,20,35.1,0.009708737864077669,0.01121172919361794,0.06881297636773631,0.0007715124560418906
2000,all,lit_only,municipality,Ólafsfjörður,27,13.481481481481481,0.013106796116504855,0.005813489211505598,0.12303009620980987,0.0007152341370062254
2000,all,lit_only,municipality,Öxarfjarðarhreppur,1,2.0,0.0004854368932038835,3.194224841486592e-05,0.0,0.0
2000,all,lit_only,municipality,Reykdælahreppur,1,20.0,0.0004854368932038835,0.00031942248414865924,0.0,0.0
2000,all,lit_only,municipality,Reykjahreppur,2,32.0,0.000970873786407767,0.0010221519492757095,0.0004883607539203361,4.991788965694266e-07
2000,all,lit_only,municipality,Siglufjörður,34,13.911764705882353,0.01650485436893204,0.007554341750115791,0.13954612053926585,0.0010541790844564667
2000,all,lit_only,municipality,Skútustaðahreppur,29,17.137931034482758,0.01407766990291262,0.007937648731094182,0.13127524605018914,0.0010420167902343604
2000,all,lit_only,municipality,Þórshafnarhreppur,5,6.8,0.0024271844660194173,0.0005430182230527206,0.1274116562765233,6.91868511874817e-05
2000,all,lit_only,municipality,Blönduós,7,36.857142857142854,0.0033980582524271844,0.004120550045517704,0.002467172355149927,1.0166107160313052e-05
2000,all,lit_only,municipality,Engihlíðarhreppur,1,24.0,0.0004854368932038835,0.00038330698097839105,0.0,0.0
2000,all,lit_only,municipality,Húnaþing vestra,5,8.2,0.0024271844660194173,0.0006548160925047514,0.10297657466108401,6.743071823909482e-05
2000,all,lit_only,municipality,Sveitarfélagið Skagafjörður,53,24.830188679245282,0.025728155339805825,0.021017999456981778,0.1849421142676535,0.0038871132572506034
2000,all,lit_only,municipality,Svínavatnshreppur,17,21.823529411764707,0.00825242718446602,0.005925287080957628,0.07512941072815904,0.0004451633267875202
2000,all,lit_only,municipality,Torfalækjarhreppur,5,24.2,0.0024271844660194173,0.0019325060290993883,0.005670930757953663,1.0959107880350618e-05
2000,all,lit_only,municipality,Biskupstungnahreppur,104,27.471153846153847,0.05048543689320388,0.04562950186063597,0.15545172474616908,0.007093184763544392
2000,all,lit_only,municipality,Gnúpverjahreppur,6,24.0,0.002912621359223301,0.002299841885870346,0.13339326614539493,0.00030678342077423005
2000,all,lit_only,municipality,Grímsnes- og Grafningshreppur,10,13.9,0.0048543689320388345,0.0022199862648331816,0.363596666117203,0.0008071796047193269
2000,all,lit_only,municipality,Holta- og Landasveit,4,19.0,0.001941747572815534,0.0012138054397649051,0.19218175202851784,0.00023327125603576505
2000,all,lit_only,municipality,Hraungerðishreppur,8,33.625,0.003883495145631068,0.004296232411799467,0.08067663473171827,0.0003466055730093146
2000,all,lit_only,municipality,Hrunamannahreppur,80,27.6625,0.038834951456310676,0.03534409787104914,0.16908151602195565,0.005976033650465363
2000,all,lit_only,municipality,Hveragerði,11,56.81818181818182,0.005339805825242718,0.0099819526296456,0.003498709699257141,3.4923954482866385e-05
2000,all,lit_only,municipality,Hvolhreppur,10,27.4,0.0048543689320388345,0.004376088032836631,0.06868929740552066,0.0003005904123602552
2000,all,lit_only,municipality,Laugardalshreppur,9,33.111111111111114,0.004368932038834952,0.0047593950138150225,0.03062606801855683,0.0001457615554202791
2000,all,lit_only,municipality,Ölfushreppur,148,29.70945945945946,0.07184466019417475,0.07022503314008273,0.17460382151288245,0.01226155915212726
2000,all,lit_only,municipality,Rangárvallahreppur,2,20.0,0.000970873786407767,0.0006388449682973185,0.005008366846357415,3.1995699591825434e-06
2000,all,lit_only,municipality,Sveitarfélagið Árborg,54,32.72222222222222,0.02621359223300971,0.028220976474534042,0.08317558315254514,0.0023472961754036265
2000,all,lit_only,municipality,Vestmannaeyjar,12,42.333333333333336,0.005825242718446602,0.008113331097375944,0.02040278525110395,0.00016553455205086493
2000,all,lit_only,municipality,Vestur-Landeyjahreppur,1,5.0,0.0004854368932038835,7.985562103716481e-05,0.0,0.0
2000,all,lit_only,municipality,Villingaholtshreppur,37,22.43243243243243,0.017961165048543688,0.013256033092169358,0.14274797053740373,0.0018922718212838405
2000,all,lit_only,municipality,Grindavík,44,32.90909090909091,0.021359223300970873,0.023126187852362926,0.11719864481293563,0.002710357875986309
2000,all,lit_only,municipality,Reykjanesbær,70,33.51428571428571,0.03398058252427184,0.03746825739063773,0.17270699622845198,0.006471030187851538
2000,all,lit_only,municipality,Sandgerði,87,47.689655172413794,0.04223300970873786,0.06626419433663935,0.06279035441979364,0.0041607522477396675
2000,all,lit_only,municipality,Vatnsleysustrandarhreppur,49,21.448979591836736,0.02378640776699029,0.01678565154201204,0.09480170456559822,0.0015913083784269038
2000,all,lit_only,municipality,Bæjarhreppur,1,14.0,0.0004854368932038835,0.00022359573890406146,0.0,0.0
2000,all,lit_only,municipality,Bolungarvík,13,16.46153846153846,0.006310679611650485,0.0034178205803906537,0.05818423091484748,0.00019886326187496783
2000,all,lit_only,municipality,Hólmavíkurhreppur,1,22.0,0.0004854368932038835,0.00035136473256352515,4.440892098500626e-16,1.5603728645331445e-19
2000,all,lit_only,municipality,Ísafjarðarbær,69,17.333333333333332,0.03349514563106796,0.01910146455208982,0.11319568984113282,0.0021622034569497525
2000,all,lit_only,municipality,Súðavíkurhreppur,2,13.5,0.000970873786407767,0.00043122035360068997,0.0006860279487121979,2.9582921462362994e-07
2000,all,lit_only,municipality,Vesturbyggð,8,10.25,0.003883495145631068,0.0013096321850095028,0.15484339356292942,0.00020278789184610563
2000,all,lit_only,municipality,Akranes,7,45.285714285714285,0.0033980582524271844,0.005062846373756248,0.06637678476061826,0.0003360554640268952
2000,all,lit_only,municipality,Borgarbyggð,70,23.514285714285716,0.03398058252427184,0.026288470445434656,0.2019017138639776,0.00530768723779578
2000,all,lit_only,municipality,Borgarfjarðarsveit,3,10.0,0.0014563106796116505,0.00047913372622298883,0.08899853049407103,4.264219754399455e-05
2000,all,lit_only,municipality,Eyrarsveit,11,24.09090909090909,0.005339805825242718,0.0042323479149697345,0.0882834959169978,0.0003736464698705447
2000,all,lit_only,municipality,Helgafellssveit,10,30.9,0.0048543689320388345,0.004935077380096785,0.07679087867167933,0.00037896892833036135
2000,all,lit_only,municipality,Hvalfjarðarstrandarhreppur,6,19.5,0.002912621359223301,0.0018686215322696565,0.09350305332722497,0.00017472181878021054
2000,all,lit_only,municipality,Innri-Akraneshreppur,7,26.428571428571427,0.0033980582524271844,0.002954657978375098,0.146624017726253,0.0004332238237962852
2000,all,lit_only,municipality,Leirár- og Melahreppur,3,5.666666666666667,0.0014563106796116505,0.0002715091115263603,0.14256790770096406,3.8708485952060895e-05
2000,all,lit_only,municipality,Skilmannahreppur,23,17.17391304347826,0.01116504854368932,0.0063085940619360195,0.13497465127311736,0.0008515002835334732
2000,all,lit_only,municipality,Snæfellsbær,20,19.0,0.009708737864077669,0.006069027198824525,0.23766352826502635,0.001442386417209046
2001,all,zeros_included,region,Austurland,22467,0.21226688031334848,0.21982720663776992,0.08898716226302433,5.137571343648822,0.45717789479514165
2001,all,zeros_included,region,Höfuðborgarsvæði,1034,14.634429400386848,0.01011711984971087,0.28235557545902373,1.2659460192239602,0.35744691675804163
2001,all,zeros_included,region,Norðurland eystra,21869,0.32754126846220677,0.21397610637652514,0.13365800865800867,4.595194104491249,0.6141844934033217
2001,all,zeros_included,region,Norðurland vestra,12430,0.14440868865647627,0.12162069606567322,0.033493805045529186,5.388737842683085,0.18048933474429277
2001,all,zeros_included,region,Suðurland,24726,0.5336083474884736,0.24193027601929493,0.24619346171070308,4.18403077038801,1.0300810192659242
2001,all,zeros_included,region,Suðurnes,831,8.803850782190132,0.008130876784438813,0.13651291237498134,1.703813679917154,0.23259256758982494
2001,all,zeros_included,region,Vestfirðir,9235,0.14217650243638333,0.09035938279698248,0.02449992536199433,4.971466714268113,0.12180056343920795
2001,all,zeros_included,region,Vesturland,9611,0.3027780667984601,0.0940383354696046,0.054299149126735335,4.686506048025844,0.2544732907851024
2001,all,zeros_included,municipality,Austur-Hérað,1563,0.6481126039667306,0.015293093157735096,0.018902074936557694,4.19981391242464,0.07938519729224809
2001,all,zeros_included,municipality,Borgarfjarðarhreppur,419,0.0,0.004099683962310304,0.0,0.0,0.0
2001,all,zeros_included,municipality,Breiðdalshreppur,452,0.0,0.004422570766024481,0.0,0.0,0.0
2001,all,zeros_included,municipality,Búðahreppur,25,13.84,0.00024461121493498235,0.00645618749067025,1.0411356097947952,0.006721766700048499
2001,all,zeros_included,municipality,Djúpavogshreppur,1146,0.0968586387434555,0.011212978092619591,0.002071204657411554,5.795551806446386,0.0120037738937817
2001,all,zeros_included,municipality,Fáskrúðsfjarðarhr.,219,0.4520547945205479,0.0021427942428304454,0.0018472906403940886,3.932856718900971,0.007265129406836769
2001,all,zeros_included,municipality,Fellahreppur,336,1.2351190476190477,0.0032875747287261625,0.007743693088520675,3.37458578793667,0.026131756642665285
2001,all,zeros_included,municipality,Fjarðabyggð,635,2.335433070866142,0.006213124859348551,0.027672040603075085,2.7122209963877713,0.07505268953655517
2001,all,zeros_included,municipality,Fljótsdalshreppur,1531,0.0,0.014979990802618318,0.0,0.0,0.0
2001,all,zeros_included,municipality,Mjóafjarðarhreppur,187,0.5614973262032086,0.0018296918877136678,0.001959247648902821,3.4503164721766395,0.006760024436082757
2001,all,zeros_included,municipality,Norður-Hérað,6977,0.0,0.06826609786405487,0.0,0.0,0.0
2001,all,zeros_included,municipality,Seyðisfjörður,208,3.3846153846153846,0.002035165308259053,0.013136288998357963,2.4746410622794874,0.032507600161306896
2001,all,zeros_included,municipality,Skeggjastaðahreppur,589,0.0,0.005763040223868184,0.0,0.0,0.0
2001,all,zeros_included,municipality,Stöðvarhreppur,85,0.0,0.00083167813077894,0.0,0.0,0.0
2001,all,zeros_included,municipality,Sveitarfélagið Hornafjörður,6214,0.05954296749275829,0.06080056358423921,0.00690401552470518,6.256590124642615,0.04319559535224973
2001,all,zeros_included,municipality,Vopnafjarðarhreppur,1881,0.06539074960127592,0.018404547811708073,0.002295118674429019,5.887226564924078,0.013511883629751859
2001,all,zeros_included,municipality,Bessastaðahreppur,6,61.5,5.870669158439576e-05,0.006885356023287058,0.0003900327679842164,2.685514468319448e-06
2001,all,zeros_included,municipality,Garðabær,36,46.583333333333336,0.0003522401495063746,0.03129198387819077,0.1975301956153177,0.0061811116966503914
2001,all,zeros_included,municipality,Hafnarfjörður,143,16.181818181818183,0.001399176149428099,0.04317808628153456,1.1499513440261357,0.049652698351927115
2001,all,zeros_included,municipality,Kjósarhreppur,273,0.0,0.002671154467090007,0.0,0.0,0.0
2001,all,zeros_included,municipality,Kópavogur,107,11.345794392523365,0.0010469359999217243,0.02265263472160024,1.6781355068367412,0.03801419064972018
2001,all,zeros_included,municipality,Mosfellsbær,198,13.61111111111111,0.0019373208222850601,0.05028735632183908,1.2975182523665167,0.06524876269084495
2001,all,zeros_included,municipality,Reykjavík,271,25.324723247232473,0.0026515855698952084,0.12806015823257202,0.6799384454434931,0.08707302491190277
2001,all,zeros_included,municipality,Aðaldælahreppur,561,0.6203208556149733,0.005489075663141003,0.006493506493506494,3.5098029281550476,0.022790928104902908
2001,all,zeros_included,municipality,Akureyri,117,19.35042735042735,0.0011447804858957173,0.042245111210628454,0.9807675003995033,0.041432632126147104
2001,all,zeros_included,municipality,Arnarneshreppur,77,0.0,0.0007534025419997456,0.0,0.0,0.0
2001,all,zeros_included,municipality,Bárðdælahreppur,3151,0.0,0.030830797530405175,0.0,0.0,0.0
2001,all,zeros_included,municipality,Dalvíkurbyggð,575,0.7078260869565217,0.005626057943504594,0.007594417077175698,3.1818514347653615,0.024164306873218057
2001,all,zeros_included,municipality,Eyjafjarðarsveit,1796,0.29287305122494434,0.01757286968092913,0.009814897745932229,4.867012639168716,0.0477692313816007
2001,all,zeros_included,municipality,Glæsibæjarhreppur,120,8.916666666666666,0.0011741338316879153,0.019965666517390655,1.2778301510581835,0.025512730661894616
2001,all,zeros_included,municipality,Grímseyjarhreppur,5,0.0,4.892224298699647e-05,0.0,0.0,0.0
2001,all,zeros_included,municipality,Grýtubakkahreppur,490,1.1734693877551021,0.004794379812725654,0.010729213315420212,3.514553447914903,0.0377083936511246
2001,all,zeros_included,municipality,Hálshreppur,1471,0.0,0.01439292388677436,0.0,0.0,0.0
2001,all,zeros_included,municipality,Hríseyjarhreppur,7,0.0,6.849114018179505e-05,0.0,0.0,0.0
2001,all,zeros_included,municipality,Húsavík,66,9.681818181818182,0.0006457736074283534,0.011923421406180027,1.373607869126721,0.01637810547044288
2001,all,zeros_included,municipality,Kelduneshreppur,720,0.0,0.0070448029901274915,0.0,0.0,0.0
2001,all,zeros_included,municipality,Ljósavatnshreppur,401,0.0,0.003923563887557117,0.0,0.0,0.0
2001,all,zeros_included,municipality,Ólafsfjörður,202,1.9702970297029703,0.0019764586166746575,0.007426481564412599,1.956931597934294,0.014533116434875523
2001,all,zeros_included,municipality,Öxarfjarðarhreppur,2684,0.0029806259314456036,0.026261460035419702,0.00014927601134497685,6.812867968052805,0.00101699775609088
2001,all,zeros_included,municipality,Öxnadalshreppur,289,0.0,0.0028277056446483957,0.0,0.0,0.0
2001,all,zeros_included,municipality,Reykdælahreppur,390,0.05128205128205128,0.0038159349529857246,0.00037319002836244214,5.966146739123692,0.0022265064707880622
2001,all,zeros_included,municipality,Reykjahreppur,191,0.33507853403141363,0.0018688296821032652,0.0011942080907598148,4.559614608240604,0.005445128655907573
2001,all,zeros_included,municipality,Siglufjörður,137,3.5693430656934306,0.0013404694578437032,0.009124496193461711,1.4973942862401641,0.013662968464909693
2001,all,zeros_included,municipality,Skriðuhreppur,403,0.0,0.003943132784751916,0.0,0.0,0.0
2001,all,zeros_included,municipality,Skútustaðahreppur,6033,0.05469915464942814,0.05902957838810994,0.006157635467980296,5.864712169683185,0.036112759665536856
2001,all,zeros_included,municipality,Svalbarðshreppur,1098,0.0,0.010743324559944424,0.0,0.0,0.0
2001,all,zeros_included,municipality,Þórshafnarhreppur,709,0.03526093088857546,0.006937174055556099,0.0004664875354530527,5.334273458926562,0.0024883720792872824
2001,all,zeros_included,municipality,Tjörneshreppur,176,0.0,0.0017220629531422757,0.0,0.0,0.0
2001,all,zeros_included,municipality,Akrahreppur,1359,0.0,0.01329706564386564,0.0,0.0,0.0
2001,all,zeros_included,municipality,Áshreppur,1150,0.0,0.011252115887009188,0.0,0.0,0.0
2001,all,zeros_included,municipality,Blönduós,15,17.2,0.00014676672896098941,0.0048141513658755035,0.7646072244020465,0.00368093491371339
2001,all,zeros_included,municipality,Bólstaðarhlíðarhreppur,1340,0.0,0.013111161120515054,0.0,0.0,0.0
2001,all,zeros_included,municipality,Engihlíðarhreppur,166,0.14457831325301204,0.0016242184671682828,0.0004478280340349306,5.111987788356544,0.002289291441270284
2001,all,zeros_included,municipality,Höfðahreppur,48,0.0,0.00046965353267516607,0.0,0.0,0.0
2001,all,zeros_included,municipality,Húnaþing vestra,2461,0.0,0.02407952799819966,0.0,0.0,0.0
2001,all,zeros_included,municipality,Skagahreppur,272,0.0,0.0026613700184926078,0.0,0.0,0.0
2001,all,zeros_included,municipality,Sveinsstaðahreppur,118,0.0,0.0011545649344931166,0.0,0.0,0.0
2001,all,zeros_included,municipality,Sveitarfélagið Skagafjörður,4110,0.2815085158150852,0.040214083735311094,0.02158904314076728,4.77359804734761,0.10305741418087
2001,all,zeros_included,municipality,Svínavatnshreppur,979,0.24004085801838612,0.009578975176853908,0.0043849828332586955,4.614410056573065,0.020234108883689175
2001,all,zeros_included,municipality,Torfalækjarhreppur,187,0.6470588235294118,0.0018296918877136678,0.002257799671592775,3.62734163517844,0.00818981075266068
2001,all,zeros_included,municipality,Vindhælishreppur,225,0.0,0.002201500934414841,0.0,0.0,0.0
2001,all,zeros_included,municipality,Ásahreppur,137,0.0,0.0013404694578437032,0.0,0.0,0.0
2001,all,zeros_included,municipality,Austur-Eyjafjallahreppur,282,0.0,0.0027592145044666007,0.0,0.0,0.0
2001,all,zeros_included,municipality,Austur-Landeyjahreppur,200,0.0,0.001956889719479859,0.0,0.0,0.0
2001,all,zeros_included,municipality,Biskupstungnahreppur,1989,1.477124183006536,0.019461268260227194,0.05482161516644275,3.0380779026680944,0.16655233762574378
2001,all,zeros_included,municipality,Djúpárhreppur,120,0.0,0.0011741338316879153,0.0,0.0,0.0
2001,all,zeros_included,municipality,Fljótshlíðarhreppur,414,0.0,0.0040507617193233075,0.0,0.0,0.0
2001,all,zeros_included,municipality,Gaulverjabæjarhreppur,84,0.0,0.0008218936821815406,0.0,0.0,0.0
2001,all,zeros_included,municipality,Gnúpverjahreppur,1127,0.0,0.011027073569269004,0.0,0.0,0.0
2001,all,zeros_included,municipality,Grímsnes- og Grafningshreppur,889,0.23172103487064116,0.008698374803087971,0.003843857292133154,4.167385173714572,0.016018833889110348
2001,all,zeros_included,municipality,Holta- og Landasveit,1604,0.03740648379052369,0.015694255550228468,0.0011195700850873264,6.696024023296159,0.0074966681855084625
2001,all,zeros_included,municipality,Hraungerðishreppur,98,2.0408163265306123,0.0009588759625451307,0.0037319002836244215,3.0234957491561962,0.011283384643813241
2001,all,zeros_included,municipality,Hrunamannahreppur,1212,1.8226072607260726,0.011858751700047944,0.04121883863263174,2.888241140176962,0.1190499454890825
2001,all,zeros_included,municipality,Hveragerði,11,56.81818181818182,0.00010762893457139223,0.011662188386326317,0.003498709699257141,4.080261162180387e-05
2001,all,zeros_included,municipality,Hvolhreppur,238,0.453781512605042,0.002328698766181032,0.0020152261531571876,4.375481912897558,0.008817585583537398
2001,all,zeros_included,municipality,Laugardalshreppur,649,0.5053929121725732,0.006350107139712142,0.0061203164651440515,4.030070834418975,0.02466530888359128
2001,all,zeros_included,municipality,Mýrdalshreppur,764,0.0,0.007475318728413061,0.0,0.0,0.0
2001,all,zeros_included,municipality,Ölfushreppur,739,5.426251691474966,0.007230707513478078,0.07482460068666966,1.9327487111680928,0.14461715054082797
2001,all,zeros_included,municipality,Rangárvallahreppur,1446,0.0,0.014148312671839379,0.0,0.0,0.0
2001,all,zeros_included,municipality,Skaftárhreppur,6922,0.0,0.06772795319119791,0.0,0.0,0.0
2001,all,zeros_included,municipality,Skeiðahreppur,1280,0.0015625,0.012524094204671096,3.731900283624421e-05,7.154615356913663,0.0002670031107968974
2001,all,zeros_included,municipality,Sveitarfélagið Árborg,149,9.25503355704698,0.0014578828410124946,0.025731452455590387,1.4674043248015058,0.03775844461675766
2001,all,zeros_included,municipality,Þingvallahreppur,647,0.0,0.006330538242517343,0.0,0.0,0.0
2001,all,zeros_included,municipality,Uten navn - sysla,123,0.0,0.0012034871774801131,0.0,0.0,0.0
2001,all,zeros_included,municipality,Vestmannaeyjar,15,31.933333333333334,0.00014676672896098941,0.00893790117928049,0.32646449537295963,0.002917907398187186
2001,all,zeros_included,municipality,Vestur-Eyjafjallahreppur,469,0.0,0.0045889063921802685,0.0,0.0,0.0
2001,all,zeros_included,municipality,Vestur-Landeyjahreppur,186,0.0,0.0018199074391162687,0.0,0.0,0.0
2001,all,zeros_included,municipality,Villingaholtshreppur,2932,0.22169167803547066,0.028688003287574728,0.01212867592177937,4.854507160320917,0.058878744107489854
2001,all,zeros_included,municipality,Grindavík,456,2.800438596491228,0.004461708560414078,0.02382818331094193,2.68062451495089,0.0638744123300546
2001,all,zeros_included,municipality,Reykjanesbær,132,11.871212121212121,0.0012915472148567067,0.029239438722197343,1.4745364382252948,0.043114617829135636
2001,all,zeros_included,municipality,Sandgerði,88,44.36363636363637,0.0008610314765711379,0.0728466935363487,0.18436396099081387,0.013430304965445165
2001,all,zeros_included,municipality,Vatnsleysustrandarhreppur,155,3.664516129032258,0.0015165895325968905,0.010598596805493358,2.095141171374358,0.022205556525985885
2001,all,zeros_included,municipality,Árneshreppur,682,0.0,0.006672993943426318,0.0,0.0,0.0
2001,all,zeros_included,municipality,Bæjarhreppur,497,0.0,0.004862870952907449,0.0,0.0,0.0
2001,all,zeros_included,municipality,Bolungarvík,85,1.9058823529411764,0.00083167813077894,0.0030228392297357814,2.369922652348254,0.007163895164957776
2001,all,zeros_included,municipality,Broddaneshreppur,284,0.0,0.0027787834016613994,0.0,0.0,0.0
2001,all,zeros_included,municipality,Hólmavíkurhreppur,1327,0.016578749058025623,0.012983963288748863,0.00041050903119868636,7.190676034332208,0.0029518374525173267
2001,all,zeros_included,municipality,Ísafjarðarbær,2337,0.4548566538296962,0.02286625637212215,0.0198350500074638,3.8348334037414284,0.07606411233350385
2001,all,zeros_included,municipality,Kaldrananeshreppur,471,0.0,0.004608475289375067,0.0,0.0,0.0
2001,all,zeros_included,municipality,Kirkjubólshreppur,159,0.0,0.0015557273269864876,0.0,0.0,0.0
2001,all,zeros_included,municipality,Reykhólahreppur,1149,0.0,0.011242331438411789,0.0,0.0,0.0
2001,all,zeros_included,municipality,Súðavíkurhreppur,733,0.017735334242837655,0.007172000821893682,0.0002425735184355874,6.597145701886651,0.0016002928445388578
2001,all,zeros_included,municipality,Vesturbyggð,1511,0.03507610853739246,0.014784301830670333,0.0009889535751604716,5.9446491990732255,0.0058789820784983
2001,all,zeros_included,municipality,Akranes,7,43.0,6.849114018179505e-05,0.005616509926854755,0.17700043673780952,0.0009941247099955342
2001,all,zeros_included,municipality,Borgarbyggð,1847,0.7644829453167298,0.018071876559396495,0.026347216002388416,3.749097927379117,0.0987782929067643
2001,all,zeros_included,municipality,Borgarfjarðarsveit,1259,0.0,0.012318620784125711,0.0,0.0,0.0
2001,all,zeros_included,municipality,Dalabyggð,2172,0.0,0.021251822353551265,0.0,0.0,0.0
2001,all,zeros_included,municipality,Eyja- og Miklaholtshreppur,405,0.0,0.003962701681946714,0.0,0.0,0.0
2001,all,zeros_included,municipality,Eyrarsveit,141,1.7588652482269505,0.0013796072522333004,0.004627556351694283,2.782793763097542,0.012877534953877265
2001,all,zeros_included,municipality,Helgafellssveit,246,0.6991869918699187,0.0024069743549602262,0.0032094342439170026,4.129137519727915,0.013252195353657289
2001,all,zeros_included,municipality,Hvalfjarðarstrandarhreppur,291,0.2646048109965636,0.0028472745418431943,0.0014367816091954023,4.579385918794214,0.006579577469531917
2001,all,zeros_included,municipality,Hvítársíðuhreppur,1477,0.0,0.014451630578358757,0.0,0.0,0.0
2001,all,zeros_included,municipality,Innri-Akraneshreppur,28,4.142857142857143,0.0002739645607271802,0.0021645021645021645,2.2486822431859945,0.004867277582653668
2001,all,zeros_included,municipality,Kolbeinsstaðahreppur,391,0.0,0.003825719401583124,0.0,0.0,0.0
2001,all,zeros_included,municipality,Leirár- og Melahreppur,136,0.0,0.0013306850092463039,0.0,0.0,0.0
2001,all,zeros_included,municipality,Saurbæjarhreppur,255,0.0,0.00249503439233682,0.0,0.0,0.0
2001,all,zeros_included,municipality,Skilmannahreppur,52,5.634615384615385,0.0005087913270647633,0.0054672339155097775,1.4872196349492652,0.008130977628006693
2001,all,zeros_included,municipality,Skorradalshreppur,207,0.0,0.0020253808596616537,0.0,0.0,0.0
2001,all,zeros_included,municipality,Snæfellsbær,697,0.41750358680057387,0.0068197606723873075,0.005429914912673533,4.18596094018394,0.0227294117329737
2001,all,lit_only,region,Austurland,144,33.11805555555556,0.09254498714652956,0.08898716226302433,0.08758179830734525,0.007793655697263201
2001,all,lit_only,region,Höfuðborgarsvæði,309,48.970873786407765,0.198586118251928,0.28235557545902373,0.05809724105333114,0.016404079930194933
2001,all,lit_only,region,Norðurland eystra,271,26.431734317343174,0.17416452442159383,0.13365800865800867,0.2044875374826267,0.027331397055307793
2001,all,lit_only,region,Norðurland vestra,61,29.42622950819672,0.03920308483290488,0.033493805045529186,0.07174352235163983,0.00240296355092539
2001,all,lit_only,region,Suðurland,446,29.582959641255606,0.2866323907455013,0.24619346171070308,0.168739121841202,0.041542468532109626
2001,all,lit_only,region,Suðurnes,159,46.0125786163522,0.10218508997429306,0.13651291237498134,0.050088087281937366,0.006837670670149533
2001,all,lit_only,region,Vestfirðir,69,19.028985507246375,0.04434447300771208,0.02449992536199433,0.07481732623203197,0.0018330189084687636
2001,all,lit_only,region,Vesturland,97,30.0,0.062339331619537273,0.054299149126735335,0.09055347170594308,0.004916976464104612
2001,all,lit_only,municipality,Austur-Hérað,24,42.208333333333336,0.015424164524421594,0.018902074936557694,0.02350541235110848,0.0004443010656753412
2001,all,lit_only,municipality,Búðahreppur,9,38.44444444444444,0.005784061696658098,0.00645618749067025,0.019484362262814248,0.00012579469590486881
2001,all,lit_only,municipality,Djúpavogshreppur,4,27.75,0.002570694087403599,0.002071204657411554,0.13781327029159174,0.0002854394872810622
2001,all,lit_only,municipality,Fáskrúðsfjarðarhr.,5,19.8,0.003213367609254499,0.0018472906403940886,0.15322290151857,0.0002830472318692795
2001,all,lit_only,municipality,Fellahreppur,13,31.923076923076923,0.008354755784061696,0.007743693088520675,0.12242398543500244,0.0009480137698821841
2001,all,lit_only,municipality,Fjarðabyggð,44,33.70454545454545,0.028277634961439587,0.027672040603075085,0.04278563141334102,0.0011839657296981775
2001,all,lit_only,municipality,Mjóafjarðarhreppur,7,15.0,0.004498714652956298,0.001959247648902821,0.16511800437736612,0.0003235070618678803
2001,all,lit_only,municipality,Seyðisfjörður,18,39.111111111111114,0.011568123393316195,0.013136288998357963,0.027474740474334514,0.00036091613102574074
2001,all,lit_only,municipality,Sveitarfélagið Hornafjörður,13,28.46153846153846,0.008354755784061696,0.00690401552470518,0.08697939215115946,0.0006005070737410248
2001,all,lit_only,municipality,Vopnafjarðarhreppur,7,17.571428571428573,0.004498714652956298,0.002295118674429019,0.2935778846783612,0.0006737960855246758
2001,all,lit_only,municipality,Bessastaðahreppur,6,61.5,0.0038560411311053984,0.006885356023287058,0.0003900327679842164,2.685514468319448e-06
2001,all,lit_only,municipality,Garðabær,30,55.9,0.019280205655526992,0.03129198387819077,0.015208638821363252,0.0004759084808073252
2001,all,lit_only,municipality,Hafnarfjörður,47,49.234042553191486,0.030205655526992288,0.04317808628153456,0.037254315476287214,0.0016085700479946375
2001,all,lit_only,municipality,Kópavogur,20,60.7,0.012853470437017995,0.02265263472160024,0.0010389459288262515,2.3534862621194756e-05
2001,all,lit_only,municipality,Mosfellsbær,58,46.46551724137931,0.037275064267352186,0.05028735632183908,0.0696942322184011,0.0035047386891437333
2001,all,lit_only,municipality,Reykjavík,148,46.37162162162162,0.09511568123393316,0.12806015823257202,0.07503189832790724,0.009608596772362058
2001,all,lit_only,municipality,Aðaldælahreppur,18,19.333333333333332,0.011568123393316195,0.006493506493506494,0.07045378052851614,0.00045749208135400095
2001,all,lit_only,municipality,Akureyri,45,50.31111111111111,0.02892030848329049,0.042245111210628454,0.025256055372066655,0.001066944867934746
2001,all,lit_only,municipality,Dalvíkurbyggð,26,15.653846153846153,0.016709511568123392,0.007594417077175698,0.08557793198949293,0.0006499145081303856
2001,all,lit_only,municipality,Eyjafjarðarsveit,14,37.57142857142857,0.008997429305912597,0.009814897745932229,0.012752719921830025,0.00012516664201527454
2001,all,lit_only,municipality,Glæsibæjarhreppur,37,28.91891891891892,0.02377892030848329,0.019965666517390655,0.10125632092036208,0.002021649936273836
2001,all,lit_only,municipality,Grýtubakkahreppur,15,38.333333333333336,0.009640102827763496,0.010729213315420212,0.028198257912440905,0.0003025451242658143
2001,all,lit_only,municipality,Húsavík,18,35.5,0.011568123393316195,0.011923421406180027,0.0743248849964604,0.0008862069247786646
2001,all,lit_only,municipality,Ólafsfjörður,33,12.06060606060606,0.021208226221079693,0.007426481564412599,0.14517146199956965,0.001078113186218628
2001,all,lit_only,municipality,Öxarfjarðarhreppur,3,2.6666666666666665,0.0019280205655526992,0.00014927601134497685,0.016416758629342443,2.450628247401469e-06
2001,all,lit_only,municipality,Reykdælahreppur,1,20.0,0.0006426735218508997,0.00037319002836244214,0.0,0.0
2001,all,lit_only,municipality,Reykjahreppur,2,32.0,0.0012853470437017994,0.0011942080907598148,0.0004883607539203361,5.832043635412283e-07
2001,all,lit_only,municipality,Siglufjörður,33,14.818181818181818,0.021208226221079693,0.009124496193461711,0.07392092187851951,0.0006744911702977318
2001,all,lit_only,municipality,Skútustaðahreppur,22,15.0,0.014138817480719794,0.006157635467980296,0.25075494460073866,0.0015440575406449426
2001,all,lit_only,municipality,Þórshafnarhreppur,4,6.25,0.002570694087403599,0.0004664875354530527,0.15671229351432547,7.31043315766931e-05
2001,all,lit_only,municipality,Blönduós,7,36.857142857142854,0.004498714652956298,0.0048141513658755035,0.002467172355149927,1.1877341163395304e-05
2001,all,lit_only,municipality,Engihlíðarhreppur,1,24.0,0.0006426735218508997,0.0004478280340349306,0.0,0.0
2001,all,lit_only,municipality,Sveitarfélagið Skagafjörður,38,30.44736842105263,0.02442159383033419,0.02158904314076728,0.09000589958371608,0.001943141249036414
2001,all,lit_only,municipality,Svínavatnshreppur,10,23.5,0.006426735218508998,0.0043849828332586955,0.030463507036599946,0.00013358195539634623
2001,all,lit_only,municipality,Torfalækjarhreppur,5,24.2,0.003213367609254499,0.002257799671592775,0.005670930757953663,1.2803825602933145e-05
2001,all,lit_only,municipality,Biskupstungnahreppur,115,25.547826086956523,0.07390745501285347,0.05482161516644275,0.18762275217737212,0.010285782316336754
2001,all,lit_only,municipality,Grímsnes- og Grafningshreppur,17,12.117647058823529,0.010925449871465296,0.003843857292133154,0.21050128225688347,0.0008091368888065009
2001,all,lit_only,municipality,Holta- og Landasveit,2,30.0,0.0012853470437017994,0.0011195700850873264,0.008915415429644913,9.981432411156418e-06
2001,all,lit_only,municipality,Hraungerðishreppur,5,40.0,0.003213367609254499,0.0037319002836244215,0.047966182919724876,0.00017900501164250213
2001,all,lit_only,municipality,Hrunamannahreppur,82,26.9390243902439,0.05269922879177378,0.04121883863263174,0.1949332208119552,0.008034920972787152
2001,all,lit_only,municipality,Hveragerði,11,56.81818181818182,0.007069408740359897,0.011662188386326317,0.003498709699257141,4.080261162180387e-05
2001,all,lit_only,municipality,Hvolhreppur,3,36.0,0.0019280205655526992,0.0020152261531571876,0.0018235278941935995,3.674821103390595e-06
2001,all,lit_only,municipality,Laugardalshreppur,16,20.5,0.010282776349614395,0.0061203164651440515,0.32722683995466584,0.0020027318164115987
2001,all,lit_only,municipality,Ölfushreppur,122,32.868852459016395,0.07840616966580977,0.07482460068666966,0.1314718349531474,0.009837327551912993
2001,all,lit_only,municipality,Skeiðahreppur,1,2.0,0.0006426735218508997,3.731900283624421e-05,0.0,0.0
2001,all,lit_only,municipality,Sveitarfélagið Árborg,36,38.30555555555556,0.02313624678663239,0.025731452455590387,0.046976957312156564,0.0012087853435860559
2001,all,lit_only,municipality,Vestmannaeyjar,11,43.54545454545455,0.007069408740359897,0.00893790117928049,0.016309567069120234,0.00014577329874064399
2001,all,lit_only,municipality,Villingaholtshreppur,25,26.0,0.016066838046272493,0.01212867592177937,0.08994292218257627,0.0010908885546102884
2001,all,lit_only,municipality,Grindavík,34,37.55882352941177,0.021850899742930592,0.02382818331094193,0.08449223005266537,0.0020132963460451872
2001,all,lit_only,municipality,Reykjanesbær,31,50.54838709677419,0.01992287917737789,0.029239438722197343,0.025721720124070035,0.000752088659397256
2001,all,lit_only,municipality,Sandgerði,74,52.75675675675676,0.04755784061696658,0.0728466935363487,0.011092239716777197,0.0008080329872797838
2001,all,lit_only,municipality,Vatnsleysustrandarhreppur,20,28.4,0.012853470437017995,0.010598596805493358,0.0474483280091027,0.0005028856976632769
2001,all,lit_only,municipality,Bolungarvík,8,20.25,0.005141388174807198,0.0030228392297357814,0.006712937537773023,2.0292130935946216e-05
2001,all,lit_only,municipality,Hólmavíkurhreppur,1,22.0,0.0006426735218508997,0.00041050903119868636,4.440892098500626e-16,1.8230263130133933e-19
2001,all,lit_only,municipality,Ísafjarðarbær,55,19.327272727272728,0.03534704370179949,0.0198350500074638,0.0855432544350414,0.0016967547295202458
2001,all,lit_only,municipality,Súðavíkurhreppur,1,13.0,0.0006426735218508997,0.0002425735184355874,0.0,0.0
2001,all,lit_only,municipality,Vesturbyggð,4,13.25,0.002570694087403599,0.0009889535751604716,0.010416597920376525,1.0301531754365497e-05
2001,all,lit_only,municipality,Akranes,6,50.166666666666664,0.0038560411311053984,0.005616509926854755,0.022849756910551022,0.00012833588651432786
2001,all,lit_only,municipality,Borgarbyggð,48,29.416666666666668,0.030848329048843187,0.026347216002388416,0.09898095808776786,0.0026078726828617743
2001,all,lit_only,municipality,Eyrarsveit,9,27.555555555555557,0.005784061696658098,0.004627556351694283,0.03125845005559302,0.000144650239098878
2001,all,lit_only,municipality,Helgafellssveit,4,43.0,0.002570694087403599,0.0032094342439170026,0.010100344915442871,3.2416392846995334e-05
2001,all,lit_only,municipality,Hvalfjarðarstrandarhreppur,3,25.666666666666668,0.0019280205655526992,0.0014367816091954023,0.004674940290831042,6.716868233952646e-06
2001,all,lit_only,municipality,Innri-Akraneshreppur,3,38.666666666666664,0.0019280205655526992,0.0021645021645021645,0.015090021678900278,3.266238458636424e-05
2001,all,lit_only,municipality,Skilmannahreppur,12,24.416666666666668,0.007712082262210797,0.0054672339155097775,0.0208825661558385,0.00011416987393007689
2001,all,lit_only,municipality,Snæfellsbær,12,24.25,0.007712082262210797,0.005429914912673533,0.12408217921141684,0.0006737556752971021
2002,all,zeros_included,region,Austurland,22467,0.21453687630747317,0.21982720663776992,0.08817987230383638,5.10225223453246,0.4499159505030362
2002,all,zeros_included,region,Höfuðborgarsvæði,1034,14.646034816247582,0.01011711984971087,0.2770531091637548,1.2631793754231606,0.34996777339251656
2002,all,zeros_included,region,Norðurland eystra,21869,0.34052768759431157,0.21397610637652514,0.13623973216735882,4.490279990149606,0.6117545432144329
2002,all,zeros_included,region,Norðurland vestra,12430,0.16041834271922767,0.12162069606567322,0.03647939115640036,5.106347066106478,0.18627643200483557
2002,all,zeros_included,region,Suðurland,24726,0.5394726199142603,0.24193027601929493,0.2440313934981065,4.155888402114643,1.0141672379906554
2002,all,zeros_included,region,Suðurnes,831,8.81468110709988,0.008130876784438813,0.13400779349078867,1.6993322867832985,0.22772377015948594
2002,all,zeros_included,region,Vestfirðir,9235,0.1746616134271792,0.09035938279698248,0.029509156436947733,4.53615400715467,0.1338580782192145
2002,all,zeros_included,region,Vesturland,9611,0.3099573405472896,0.0940383354696046,0.05449955178280676,4.621030916175885,0.25184411370607857
2002,all,zeros_included,municipality,Austur-Hérað,1563,0.653870761356366,0.015293093157735096,0.018697060061103894,4.171102950440382,0.07798736238543148
2002,all,zeros_included,municipality,Borgarfjarðarhreppur,419,0.0,0.004099683962310304,0.0,0.0,0.0
2002,all,zeros_included,municipality,Breiðdalshreppur,452,0.0,0.004422570766024481,0.0,0.0,0.0
2002,all,zeros_included,municipality,Búðahreppur,25,14.8,0.00024461121493498235,0.006768994346974992,0.8238296749267016,0.005576498412449088
2002,all,zeros_included,municipality,Djúpavogshreppur,1146,0.0968586387434555,0.011212978092619591,0.0020306983040924973,5.795551806446386,0.011769017224630885
2002,all,zeros_included,municipality,Fáskrúðsfjarðarhr.,219,0.4520547945205479,0.0021427942428304454,0.0018111633522987138,3.932856718900971,0.007123045959115203
2002,all,zeros_included,municipality,Fellahreppur,336,1.2410714285714286,0.0032875747287261625,0.0076288395748339765,3.3559046764518077,0.02560165840508596
2002,all,zeros_included,municipality,Fjarðabyggð,635,2.3433070866141734,0.006213124859348551,0.027222334022429153,2.7006179495750815,0.0735171238903006
2002,all,zeros_included,municipality,Fljótsdalshreppur,1531,0.0,0.014979990802618318,0.0,0.0,0.0
2002,all,zeros_included,municipality,Mjóafjarðarhreppur,187,0.5614973262032086,0.0018296918877136678,0.0019209308281956056,3.4503164721766395,0.0066278192784352125
2002,all,zeros_included,municipality,Norður-Hérað,6977,0.0,0.06826609786405487,0.0,0.0,0.0
2002,all,zeros_included,municipality,Seyðisfjörður,208,3.4086538461538463,0.002035165308259053,0.012970856735149375,2.448117805210682,0.03175418532215608
2002,all,zeros_included,municipality,Skeggjastaðahreppur,589,0.0,0.005763040223868184,0.0,0.0,0.0
2002,all,zeros_included,municipality,Stöðvarhreppur,85,0.0,0.00083167813077894,0.0,0.0,0.0
2002,all,zeros_included,municipality,Sveitarfélagið Hornafjörður,6214,0.061313163823624076,0.06080056358423921,0.0069702347194526264,6.165864170669557,0.042977520517829916
2002,all,zeros_included,municipality,Vopnafjarðarhreppur,1881,0.06273258904837853,0.018404547811708073,0.0021587603593055376,5.994421811871566,0.012940520184424814
2002,all,zeros_included,municipality,Bessastaðahreppur,6,61.5,5.870669158439576e-05,0.0067506997676588425,0.0003900327679842164,2.6329941162103846e-06
2002,all,zeros_included,municipality,Garðabær,36,46.583333333333336,0.0003522401495063746,0.030680009513181245,0.1975301956153177,0.0060602282806185
2002,all,zeros_included,municipality,Hafnarfjörður,143,16.181818181818183,0.001399176149428099,0.04233365653756792,1.1499513440261357,0.048681645232917035
2002,all,zeros_included,municipality,Kjósarhreppur,273,0.0,0.002671154467090007,0.0,0.0,0.0
2002,all,zeros_included,municipality,Kópavogur,107,11.345794392523365,0.0010469359999217243,0.02220961928980443,1.6781355068367412,0.03727075072354702
2002,all,zeros_included,municipality,Mosfellsbær,198,13.61111111111111,0.0019373208222850601,0.049303891257020546,1.2975182523665167,0.06397269881867808
2002,all,zeros_included,municipality,Reykjavík,271,25.3690036900369,0.0026515855698952084,0.1257752327985218,0.6739089849069742,0.08476105946169019
2002,all,zeros_included,municipality,Aðaldælahreppur,561,0.6417112299465241,0.005489075663141003,0.006586048553813505,3.4210350384364685,0.022531102867439833
2002,all,zeros_included,municipality,Akureyri,117,19.35042735042735,0.0011447804858957173,0.04141892757176049,0.9807675003995033,0.040622338063783604
2002,all,zeros_included,municipality,Arnarneshreppur,77,0.0,0.0007534025419997456,0.0,0.0,0.0
2002,all,zeros_included,municipality,Bárðdælahreppur,3151,0.0,0.030830797530405175,0.0,0.0,0.0
2002,all,zeros_included,municipality,Dalvíkurbyggð,575,0.8191304347826087,0.005626057943504594,0.008616746857906003,2.87284971436033,0.024754618749450532
2002,all,zeros_included,municipality,Eyjafjarðarsveit,1796,0.29287305122494434,0.01757286968092913,0.009622948720294178,4.867012639168716,0.046835013047744185
2002,all,zeros_included,municipality,Glæsibæjarhreppur,120,9.041666666666666,0.0011741338316879153,0.019849618558021257,1.2382454794985889,0.02457870044924112
2002,all,zeros_included,municipality,Grímseyjarhreppur,5,0.0,4.892224298699647e-05,0.0,0.0,0.0
2002,all,zeros_included,municipality,Grýtubakkahreppur,490,1.2244897959183674,0.004794379812725654,0.010976747589689174,3.381999028361836,0.037123349682901916
2002,all,zeros_included,municipality,Hálshreppur,1471,0.0,0.01439292388677436,0.0,0.0,0.0
2002,all,zeros_included,municipality,Hríseyjarhreppur,7,2.7142857142857144,6.849114018179505e-05,0.0003475970070068239,0.5639314925726131,0.00019602089897513124
2002,all,zeros_included,municipality,Húsavík,66,9.681818181818182,0.0006457736074283534,0.011690236183018971,1.373607869126721,0.016057800412944783
2002,all,zeros_included,municipality,Kelduneshreppur,720,0.0,0.0070448029901274915,0.0,0.0,0.0
2002,all,zeros_included,municipality,Ljósavatnshreppur,401,0.0,0.003923563887557117,0.0,0.0,0.0
2002,all,zeros_included,municipality,Ólafsfjörður,202,2.103960396039604,0.0019764586166746575,0.0077751962093631655,1.8553152663524006,0.014425440226116797
2002,all,zeros_included,municipality,Öxarfjarðarhreppur,2684,0.019001490312965722,0.026261460035419702,0.0009330235451235799,5.511352571097966,0.005142221714311781
2002,all,zeros_included,municipality,Öxnadalshreppur,289,0.0,0.0028277056446483957,0.0,0.0,0.0
2002,all,zeros_included,municipality,Reykdælahreppur,390,0.05128205128205128,0.0038159349529857246,0.0003658915863229725,5.966146739123692,0.0021829628946135973
2002,all,zeros_included,municipality,Reykjahreppur,191,0.38219895287958117,0.0018688296821032652,0.0013355042900788496,4.186892341337739,0.005591612683954829
2002,all,zeros_included,municipality,Siglufjörður,137,3.875912408759124,0.0013404694578437032,0.00971442161687492,1.3875165622569627,0.013478920886161014
2002,all,zeros_included,municipality,Skriðuhreppur,403,0.0,0.003943132784751916,0.0,0.0,0.0
2002,all,zeros_included,municipality,Skútustaðahreppur,6033,0.05934029504392508,0.05902957838810994,0.006549459395181208,5.666515227533001,0.03711261139490339
2002,all,zeros_included,municipality,Svalbarðshreppur,1098,0.0,0.010743324559944424,0.0,0.0,0.0
2002,all,zeros_included,municipality,Þórshafnarhreppur,709,0.03526093088857546,0.006937174055556099,0.00045736448290371564,5.334273458926562,0.002439707222208962
2002,all,zeros_included,municipality,Tjörneshreppur,176,0.0,0.0017220629531422757,0.0,0.0,0.0
2002,all,zeros_included,municipality,Akrahreppur,1359,0.0,0.01329706564386564,0.0,0.0,0.0
2002,all,zeros_included,municipality,Áshreppur,1150,0.0,0.011252115887009188,0.0,0.0,0.0
2002,all,zeros_included,municipality,Blönduós,15,19.133333333333333,0.00014676672896098941,0.005250544263734655,0.48700835795048647,0.0025570589402277603
2002,all,zeros_included,municipality,Bólstaðarhlíðarhreppur,1340,0.0,0.013111161120515054,0.0,0.0,0.0
2002,all,zeros_included,municipality,Engihlíðarhreppur,166,0.3674698795180723,0.0016242184671682828,0.001115969338285066,3.3798510205560413,0.0037718101069120305
2002,all,zeros_included,municipality,Höfðahreppur,48,1.2083333333333333,0.00046965353267516607,0.0010610856003366203,1.9354657096317616,0.0020536947944355603
2002,all,zeros_included,municipality,Húnaþing vestra,2461,0.014221861032100772,0.02407952799819966,0.0006403102760652019,5.971403692996609,0.003823551147159425
2002,all,zeros_included,municipality,Skagahreppur,272,0.0,0.0026613700184926078,0.0,0.0,0.0
2002,all,zeros_included,municipality,Sveinsstaðahreppur,118,0.0,0.0011545649344931166,0.0,0.0,0.0
2002,all,zeros_included,municipality,Sveitarfélagið Skagafjörður,4110,0.29148418491484185,0.040214083735311094,0.021916906020746054,4.66377082463537,0.10221542686583074
2002,all,zeros_included,municipality,Svínavatnshreppur,979,0.24208375893769152,0.009578975176853908,0.004335815297927224,4.58488634310423,0.019879220345688932
2002,all,zeros_included,municipality,Torfalækjarhreppur,187,0.5401069518716578,0.0018296918877136678,0.001847752510931011,3.846881226382754,0.007108084445302101
2002,all,zeros_included,municipality,Vindhælishreppur,225,0.07555555555555556,0.002201500934414841,0.00031100784837452663,4.387706235490048,0.0013646110755992538
2002,all,zeros_included,municipality,Ásahreppur,137,0.0,0.0013404694578437032,0.0,0.0,0.0
2002,all,zeros_included,municipality,Austur-Eyjafjallahreppur,282,0.0,0.0027592145044666007,0.0,0.0,0.0
2002,all,zeros_included,municipality,Austur-Landeyjahreppur,200,0.0,0.001956889719479859,0.0,0.0,0.0
2002,all,zeros_included,municipality,Biskupstungnahreppur,1989,1.5093011563599799,0.019461268260227194,0.05492032710707817,2.988459835164156,0.16412719169358034
2002,all,zeros_included,municipality,Djúpárhreppur,120,0.0,0.0011741338316879153,0.0,0.0,0.0
2002,all,zeros_included,municipality,Fljótshlíðarhreppur,414,0.0,0.0040507617193233075,0.0,0.0,0.0
2002,all,zeros_included,municipality,Gaulverjabæjarhreppur,84,0.0,0.0008218936821815406,0.0,0.0,0.0
2002,all,zeros_included,municipality,Gnúpverjahreppur,1127,0.0044365572315882874,0.011027073569269004,9.147289658074313e-05,7.027314514039777,0.0006428088137831157
2002,all,zeros_included,municipality,Grímsnes- og Grafningshreppur,889,0.22722159730033745,0.008698374803087971,0.003695505021862022,4.186243998798437,0.015470285720299378
2002,all,zeros_included,municipality,Holta- og Landasveit,1604,0.03740648379052369,0.015694255550228468,0.0010976747589689175,6.696024023296159,0.007350056555821693
2002,all,zeros_included,municipality,Hraungerðishreppur,98,2.0408163265306123,0.0009588759625451307,0.003658915863229725,3.0234957491561962,0.011062716558995248
2002,all,zeros_included,municipality,Hrunamannahreppur,1212,1.8547854785478548,0.011858751700047944,0.04112621430270211,2.8481708721665835,0.11713448565943688
2002,all,zeros_included,municipality,Hveragerði,11,56.81818181818182,0.00010762893457139223,0.011434112072592892,0.003498709699257141,4.000463881077392e-05
2002,all,zeros_included,municipality,Hvolhreppur,238,0.47478991596638653,0.002328698766181032,0.002067287462724795,4.220654216112341,0.008725305545465589
2002,all,zeros_included,municipality,Laugardalshreppur,649,0.5454545454545454,0.006350107139712142,0.006476281077916614,3.8384281955255704,0.024858739891623863
2002,all,zeros_included,municipality,Mýrdalshreppur,764,0.0,0.007475318728413061,0.0,0.0,0.0
2002,all,zeros_included,municipality,Ölfushreppur,739,5.415426251691475,0.007230707513478078,0.0732149064232268,1.9383322018797475,0.14191481077775286
2002,all,zeros_included,municipality,Rangárvallahreppur,1446,0.0,0.014148312671839379,0.0,0.0,0.0
2002,all,zeros_included,municipality,Skaftárhreppur,6922,0.0,0.06772795319119791,0.0,0.0,0.0
2002,all,zeros_included,municipality,Skeiðahreppur,1280,0.0,0.012524094204671096,0.0,0.0,0.0
2002,all,zeros_included,municipality,Sveitarfélagið Árborg,149,9.281879194630873,0.0014578828410124946,0.02530140319423355,1.4578375092943894,0.03688533461433455
2002,all,zeros_included,municipality,Þingvallahreppur,647,0.0,0.006330538242517343,0.0,0.0,0.0
2002,all,zeros_included,municipality,Uten navn - sysla,123,0.0,0.0012034871774801131,0.0,0.0,0.0
2002,all,zeros_included,municipality,Vestmannaeyjar,15,31.933333333333334,0.00014676672896098941,0.008763103492435191,0.32646449537295963,0.002860842159558875
2002,all,zeros_included,municipality,Vestur-Eyjafjallahreppur,469,0.0,0.0045889063921802685,0.0,0.0,0.0
2002,all,zeros_included,municipality,Vestur-Landeyjahreppur,186,0.0,0.0018199074391162687,0.0,0.0,0.0
2002,all,zeros_included,municipality,Villingaholtshreppur,2932,0.2271487039563438,0.028688003287574728,0.012184189824554985,4.790617940788488,0.058369798367485654
2002,all,zeros_included,municipality,Grindavík,456,2.800438596491228,0.004461708560414078,0.023362177786721793,2.68062451495089,0.06262522649772756
2002,all,zeros_included,municipality,Reykjanesbær,132,11.871212121212121,0.0012915472148567067,0.028667605788404896,1.4745364382252948,0.0422714293316814
2002,all,zeros_included,municipality,Sandgerði,88,44.36363636363637,0.0008610314765711379,0.07142203765024423,0.18436396099081387,0.013167649763234066
2002,all,zeros_included,municipality,Vatnsleysustrandarhreppur,155,3.7225806451612904,0.0015165895325968905,0.010555972265417757,2.0457042362916957,0.021594397181542754
2002,all,zeros_included,municipality,Árneshreppur,682,0.0,0.006672993943426318,0.0,0.0,0.0
2002,all,zeros_included,municipality,Bæjarhreppur,497,0.0,0.004862870952907449,0.0,0.0,0.0
2002,all,zeros_included,municipality,Bolungarvík,85,3.1294117647058823,0.00083167813077894,0.004866358098095535,1.5450019827075587,0.0075185329101225854
2002,all,zeros_included,municipality,Broddaneshreppur,284,0.0,0.0027787834016613994,0.0,0.0,0.0
2002,all,zeros_included,municipality,Hólmavíkurhreppur,1327,0.07159005275056518,0.012983963288748863,0.0017379850350341193,4.703420551692689,0.008174474532313816
2002,all,zeros_included,municipality,Ísafjarðarbær,2337,0.4715447154471545,0.02286625637212215,0.020160626406395786,3.7425367336207427,0.07545188489874058
2002,all,zeros_included,municipality,Kaldrananeshreppur,471,0.0,0.004608475289375067,0.0,0.0,0.0
2002,all,zeros_included,municipality,Kirkjubólshreppur,159,0.0,0.0015557273269864876,0.0,0.0,0.0
2002,all,zeros_included,municipality,Reykhólahreppur,1149,0.0,0.011242331438411789,0.0,0.0,0.0
2002,all,zeros_included,municipality,Súðavíkurhreppur,733,0.04638472032742155,0.007172000821893682,0.0006220156967490533,4.83159060604848,0.003005325197227426
2002,all,zeros_included,municipality,Vesturbyggð,1511,0.07677035076108538,0.014784301830670333,0.0021221712006732406,4.599666939680094,0.009761280712077915
2002,all,zeros_included,municipality,Akranes,7,43.0,6.849114018179505e-05,0.005506668374160736,0.17700043673780952,0.0009746827071967338
2002,all,zeros_included,municipality,Borgarbyggð,1847,0.7888467785598268,0.018071876559396495,0.026655202063628546,3.669070984075857,0.0977998284663384
2002,all,zeros_included,municipality,Borgarfjarðarsveit,1259,0.0,0.012318620784125711,0.0,0.0,0.0
2002,all,zeros_included,municipality,Dalabyggð,2172,0.0,0.021251822353551265,0.0,0.0,0.0
2002,all,zeros_included,municipality,Eyja- og Miklaholtshreppur,405,0.0,0.003962701681946714,0.0,0.0,0.0
2002,all,zeros_included,municipality,Eyrarsveit,141,1.872340425531915,0.0013796072522333004,0.004829768939463237,2.604616016069961,0.012579693533643178
2002,all,zeros_included,municipality,Helgafellssveit,246,0.6991869918699187,0.0024069743549602262,0.0031466676423775636,4.129137519727915,0.01299302342425498
2002,all,zeros_included,municipality,Hvalfjarðarstrandarhreppur,291,0.2646048109965636,0.0028472745418431943,0.001408682607343444,4.579385918794214,0.0064509012961188866
2002,all,zeros_included,municipality,Hvítársíðuhreppur,1477,0.0,0.014451630578358757,0.0,0.0,0.0
2002,all,zeros_included,municipality,Innri-Akraneshreppur,28,4.142857142857143,0.0002739645607271802,0.0021221712006732406,2.2486822431859945,0.004772088695954618
2002,all,zeros_included,municipality,Kolbeinsstaðahreppur,391,0.0,0.003825719401583124,0.0,0.0,0.0
2002,all,zeros_included,municipality,Leirár- og Melahreppur,136,0.0,0.0013306850092463039,0.0,0.0,0.0
2002,all,zeros_included,municipality,Saurbæjarhreppur,255,0.0,0.00249503439233682,0.0,0.0,0.0
2002,all,zeros_included,municipality,Skilmannahreppur,52,5.634615384615385,0.0005087913270647633,0.005360311739631547,1.4872196349492652,0.00797196086862909
2002,all,zeros_included,municipality,Skorradalshreppur,207,0.0,0.0020253808596616537,0.0,0.0,0.0
2002,all,zeros_included,municipality,Snæfellsbær,697,0.42898134863701576,0.0068197606723873075,0.005470079215528439,4.093394083572908,0.022391189897519245
2002,all,lit_only,region,Austurland,160,30.125,0.08998875140607424,0.08817987230383638,0.15762320484881043,0.013899194075689547
2002,all,lit_only,region,Höfuðborgarsvæði,312,48.53846153846154,0.17547806524184478,0.2770531091637548,0.0649925081642686,0.018006376459261335
2002,all,lit_only,region,Norðurland eystra,330,22.566666666666666,0.1856017997750281,0.13623973216735882,0.29654725672180904,0.04040151883074426
2002,all,lit_only,region,Norðurland vestra,103,19.359223300970875,0.05793025871766029,0.03647939115640036,0.31320786983135696,0.011425632396840997
2002,all,lit_only,region,Suðurland,469,28.44136460554371,0.2637795275590551,0.2440313934981065,0.19088056999404968,0.0465808514873608
2002,all,lit_only,region,Suðurnes,162,45.21604938271605,0.09111361079865017,0.13400779349078867,0.06429882716023405,0.008616543951788559
2002,all,lit_only,region,Vestfirðir,128,12.6015625,0.0719910011248594,0.029509156436947733,0.257428378440947,0.007596494290723689
2002,all,lit_only,region,Vesturland,114,26.13157894736842,0.06411698537682789,0.05449955178280676,0.1865658097470959,0.010167753009213127
2002,all,lit_only,municipality,Austur-Hérað,26,39.30769230769231,0.014623172103487065,0.018697060061103894,0.07483715804038704,0.0013992348386834407
2002,all,lit_only,municipality,Búðahreppur,16,23.125,0.008998875140607425,0.006768994346974992,0.3775425722982817,0.002555583537629466
2002,all,lit_only,municipality,Djúpavogshreppur,4,27.75,0.0022497187851518562,0.0020306983040924973,0.13781327029159174,0.00027985717426257627
2002,all,lit_only,municipality,Fáskrúðsfjarðarhr.,5,19.8,0.00281214848143982,0.0018111633522987138,0.15322290151857,0.0002775117039633089
2002,all,lit_only,municipality,Fellahreppur,14,29.785714285714285,0.007874015748031496,0.0076288395748339765,0.17785084610386237,0.0013567955731748525
2002,all,lit_only,municipality,Fjarðabyggð,46,32.34782608695652,0.025871766029246346,0.027222334022429153,0.07563434717148487,0.002058943462270531
2002,all,lit_only,municipality,Mjóafjarðarhreppur,7,15.0,0.003937007874015748,0.0019209308281956056,0.16511800437736612,0.00031718026489861956
2002,all,lit_only,municipality,Seyðisfjörður,20,35.45,0.01124859392575928,0.012970856735149375,0.10631199906335498,0.0013789577090781119
2002,all,lit_only,municipality,Sveitarfélagið Hornafjörður,16,23.8125,0.008998875140607425,0.0069702347194526264,0.2038928029563456,0.0014211806942128332
2002,all,lit_only,municipality,Vopnafjarðarhreppur,6,19.666666666666668,0.003374578177727784,0.0021587603593055376,0.24662245179859132,0.0005323987726575396
2002,all,lit_only,municipality,Bessastaðahreppur,6,61.5,0.003374578177727784,0.0067506997676588425,0.0003900327679842164,2.6329941162103846e-06
2002,all,lit_only,municipality,Garðabær,30,55.9,0.01687289088863892,0.030680009513181245,0.015208638821363252,0.00046660118372196215
2002,all,lit_only,municipality,Hafnarfjörður,47,49.234042553191486,0.026434195725534307,0.04233365653756792,0.037254315476287214,0.0015771113959153439
2002,all,lit_only,municipality,Kópavogur,20,60.7,0.01124859392575928,0.02220961928980443,0.0010389459288262515,2.3074593541923296e-05
2002,all,lit_only,municipality,Mosfellsbær,58,46.46551724137931,0.03262092238470191,0.049303891257020546,0.0696942322184011,0.0034361968465375856
2002,all,lit_only,municipality,Reykjavík,151,45.52980132450331,0.08492688413948256,0.1257752327985218,0.08907000084219785,0.011202800091291966
2002,all,lit_only,municipality,Aðaldælahreppur,21,17.142857142857142,0.011811023622047244,0.006586048553813505,0.13583657063719512,0.000894626249600085
2002,all,lit_only,municipality,Akureyri,45,50.31111111111111,0.02530933633295838,0.04141892757176049,0.025256055372066655,0.0010460787282040012
2002,all,lit_only,municipality,Dalvíkurbyggð,40,11.775,0.02249718785151856,0.008616746857906003,0.207359127676916,0.0017867611118681957
2002,all,lit_only,municipality,Eyjafjarðarsveit,14,37.57142857142857,0.007874015748031496,0.009622948720294178,0.012752719921830025,0.0001227187698520443
2002,all,lit_only,municipality,Glæsibæjarhreppur,40,27.125,0.02249718785151856,0.019849618558021257,0.13963319083047931,0.0027716655760244057
2002,all,lit_only,municipality,Grýtubakkahreppur,21,28.571428571428573,0.011811023622047244,0.010976747589689174,0.23211607498058662,0.002547879566571266
2002,all,lit_only,municipality,Hríseyjarhreppur,4,4.75,0.0022497187851518562,0.0003475970070068239,0.004315704637190443,1.5001260150128686e-06
2002,all,lit_only,municipality,Húsavík,18,35.5,0.010123734533183352,0.011690236183018971,0.0743248849964604,0.0008688754598843452
2002,all,lit_only,municipality,Ólafsfjörður,37,11.486486486486486,0.02080989876265467,0.0077751962093631655,0.15796548159542034,0.001228212613710939
2002,all,lit_only,municipality,Öxarfjarðarhreppur,13,3.923076923076923,0.007311586051743532,0.0009330235451235799,0.18123843046792976,0.00016909972290782125
2002,all,lit_only,municipality,Reykdælahreppur,1,20.0,0.0005624296962879641,0.0003658915863229725,0.0,0.0
2002,all,lit_only,municipality,Reykjahreppur,4,18.25,0.0022497187851518562,0.0013355042900788496,0.32091327441099926,0.0004285810547191406
2002,all,lit_only,municipality,Siglufjörður,39,13.615384615384615,0.021934758155230598,0.00971442161687492,0.13109728255848418,0.0012735342755996982
2002,all,lit_only,municipality,Skútustaðahreppur,29,12.344827586206897,0.016310461192350956,0.006549459395181208,0.32881137907871283,0.002153536775949565
2002,all,lit_only,municipality,Þórshafnarhreppur,4,6.25,0.0022497187851518562,0.00045736448290371564,0.15671229351432547,7.167463708783478e-05
2002,all,lit_only,municipality,Blönduós,12,23.916666666666668,0.006749156355455568,0.005250544263734655,0.2638648066362763,0.0013854338468855545
2002,all,lit_only,municipality,Engihlíðarhreppur,8,7.625,0.0044994375703037125,0.001115969338285066,0.3473047738793342,0.0003875814786893651
2002,all,lit_only,municipality,Höfðahreppur,7,8.285714285714286,0.003937007874015748,0.0010610856003366203,0.010174847779183871,1.0796384464109045e-05
2002,all,lit_only,municipality,Húnaþing vestra,7,5.0,0.003937007874015748,0.0006403102760652019,0.10899079166086656,6.978792389693437e-05
2002,all,lit_only,municipality,Sveitarfélagið Skagafjörður,51,23.49019607843137,0.028683914510686165,0.021916906020746054,0.2744181498694154,0.006014396801074982
2002,all,lit_only,municipality,Svínavatnshreppur,11,21.545454545454547,0.006186726659167604,0.004335815297927224,0.09624997337208985,0.00041732210697179516
2002,all,lit_only,municipality,Torfalækjarhreppur,4,25.25,0.0022497187851518562,0.001847752510931011,0.002066970648058053,3.8192502049699664e-06
2002,all,lit_only,municipality,Vindhælishreppur,3,5.666666666666667,0.001687289088863892,0.00031100784837452663,0.07021812195373744,2.1838387025731996e-05
2002,all,lit_only,municipality,Biskupstungnahreppur,124,24.20967741935484,0.06974128233970754,0.05492032710707817,0.2133541219152204,0.01171747816522734
2002,all,lit_only,municipality,Gnúpverjahreppur,1,5.0,0.0005624296962879641,9.147289658074313e-05,0.0,0.0
2002,all,lit_only,municipality,Grímsnes- og Grafningshreppur,17,11.882352941176471,0.009561304836895388,0.003695505021862022,0.22936010734074808,0.000847601428492547
2002,all,lit_only,municipality,Holta- og Landasveit,2,30.0,0.0011248593925759281,0.0010976747589689175,0.008915415429644913,9.786226482843248e-06
2002,all,lit_only,municipality,Hraungerðishreppur,5,40.0,0.00281214848143982,0.003658915863229725,0.047966182919724876,0.00017550422758356004
2002,all,lit_only,municipality,Hrunamannahreppur,86,26.13953488372093,0.048368953880764905,0.04112621430270211,0.20249100179083168,0.00832768833401858
2002,all,lit_only,municipality,Hveragerði,11,56.81818181818182,0.006186726659167604,0.011434112072592892,0.003498709699257141,4.000463881077392e-05
2002,all,lit_only,municipality,Hvolhreppur,5,22.6,0.00281214848143982,0.002067287462724795,0.3578214548749665,0.0007397198075569642
2002,all,lit_only,municipality,Laugardalshreppur,21,16.857142857142858,0.011811023622047244,0.006476281077916614,0.407517916544903,0.002639200571831757
2002,all,lit_only,municipality,Ölfushreppur,121,33.074380165289256,0.06805399325084364,0.0732149064232268,0.12882482652828697,0.009431897619256956
2002,all,lit_only,municipality,Sveitarfélagið Árborg,37,37.37837837837838,0.02080989876265467,0.02530140319423355,0.06480911599315453,0.0016397615744046527
2002,all,lit_only,municipality,Vestmannaeyjar,11,43.54545454545455,0.006186726659167604,0.008763103492435191,0.016309567069120234,0.00014292242414351352
2002,all,lit_only,municipality,Villingaholtshreppur,28,23.785714285714285,0.015748031496062992,0.012184189824554985,0.13938238795714986,0.0016982614730696806
2002,all,lit_only,municipality,Grindavík,34,37.55882352941177,0.019122609673790775,0.023362177786721793,0.08449223005266537,0.0019739225000869665
2002,all,lit_only,municipality,Reykjanesbær,31,50.54838709677419,0.017435320584926885,0.028667605788404896,0.025721720124070035,0.0007373801327165209
2002,all,lit_only,municipality,Sandgerði,74,52.75675675675676,0.04161979752530934,0.07142203765024423,0.011092239716777197,0.0007922303626771953
2002,all,lit_only,municipality,Vatnsleysustrandarhreppur,23,25.08695652173913,0.012935883014623173,0.010555972265417757,0.13777333530159908,0.0014543315063577811
2002,all,lit_only,municipality,Bolungarvík,22,12.090909090909092,0.012373453318335208,0.004866358098095535,0.1933931795755579,0.0009411204655439602
2002,all,lit_only,municipality,Hólmavíkurhreppur,15,6.333333333333333,0.00843644544431946,0.0017379850350341193,0.22079471846269172,0.00038373791650272976
2002,all,lit_only,municipality,Ísafjarðarbær,65,16.953846153846154,0.03655793025871766,0.020160626406395786,0.16030066897752215,0.0032317618999511428
2002,all,lit_only,municipality,Súðavíkurhreppur,7,4.857142857142857,0.003937007874015748,0.0006220156967490533,0.18035505321714185,0.00011218367408907307
2002,all,lit_only,municipality,Vesturbyggð,19,6.105263157894737,0.010686164229471317,0.0021221712006732406,0.22357895657379467,0.00047447282271748017
2002,all,lit_only,municipality,Akranes,6,50.166666666666664,0.003374578177727784,0.005506668374160736,0.022849756910551022,0.00012582603373659205
2002,all,lit_only,municipality,Borgarbyggð,57,25.56140350877193,0.032058492688413945,0.026655202063628546,0.19080427171116687,0.005085926417064637
2002,all,lit_only,municipality,Eyrarsveit,13,20.307692307692307,0.007311586051743532,0.004829768939463237,0.2208054831533297,0.001066439464197125
2002,all,lit_only,municipality,Helgafellssveit,4,43.0,0.0022497187851518562,0.0031466676423775636,0.010100344915442871,3.1782428522276835e-05
2002,all,lit_only,municipality,Hvalfjarðarstrandarhreppur,3,25.666666666666668,0.001687289088863892,0.001408682607343444,0.004674940290831042,6.585507078062791e-06
2002,all,lit_only,municipality,Innri-Akraneshreppur,3,38.666666666666664,0.001687289088863892,0.0021221712006732406,0.015090021678900278,3.2023609424497034e-05
2002,all,lit_only,municipality,Skilmannahreppur,12,24.416666666666668,0.006749156355455568,0.005360311739631547,0.0208825661558385,0.00011193706451877354
2002,all,lit_only,municipality,Snæfellsbær,16,18.6875,0.008998875140607425,0.005470079215528439,0.31919739505216516,0.0017460350363256688
2003,all,zeros_included,region,Austurland,22467,0.3537187875550808,0.21982720663776992,0.10834651251567869,4.171180002249844,0.4519328063189114
2003,all,zeros_included,region,Höfuðborgarsvæði,1034,16.28239845261122,0.01011711984971087,0.22953591099961826,1.000414272735413,0.2296310014693436
2003,all,zeros_included,region,Norðurland eystra,21869,0.5437834377429238,0.21397610637652514,0.16213121012161205,3.8015826918557805,0.6163552022079531
2003,all,zeros_included,region,Norðurland vestra,12430,0.22823813354786807,0.12162069606567322,0.03867862791078148,4.507689772886846,0.1743512554627254
2003,all,zeros_included,region,Suðurland,24726,0.6706301059613362,0.24193027601929493,0.22607296722473688,3.770887045618642,0.8524956234723281
2003,all,zeros_included,region,Suðurnes,831,10.819494584837544,0.008130876784438813,0.12258002944865572,1.2855641017967048,0.1575844854563747
2003,all,zeros_included,region,Vestfirðir,9235,0.38159177043854897,0.09035938279698248,0.048044936467252004,3.7377385246643158,0.17957940994869728
2003,all,zeros_included,region,Vesturland,9611,0.49308084486525855,0.0940383354696046,0.06460980531166494,3.8036087260621265,0.2457504192726239
2003,all,zeros_included,municipality,Austur-Hérað,1563,0.855406269993602,0.015293093157735096,0.01822817254730872,3.5945579976969246,0.06552222341332808
2003,all,zeros_included,municipality,Borgarfjarðarhreppur,419,0.0,0.004099683962310304,0.0,0.0,0.0
2003,all,zeros_included,municipality,Breiðdalshreppur,452,0.0,0.004422570766024481,0.0,0.0,0.0
2003,all,zeros_included,municipality,Búðahreppur,25,17.12,0.00024461121493498235,0.005835196597044227,0.5959695869295651,0.0034775997055932523
2003,all,zeros_included,municipality,Djúpavogshreppur,1146,0.1457242582897033,0.011212978092619591,0.002276817363799967,4.924685257047068,0.01121260890449447
2003,all,zeros_included,municipality,Fáskrúðsfjarðarhr.,219,1.095890410958904,0.0021427942428304454,0.0032720728581556416,2.6398619557875036,0.008637820654809959
2003,all,zeros_included,municipality,Fellahreppur,336,1.5595238095238095,0.0032875747287261625,0.0071440257403064845,2.899659697746902,0.020715243518833186
2003,all,zeros_included,municipality,Fjarðabyggð,635,3.296062992125984,0.006213124859348551,0.02853520205049899,1.9945105550337334,0.056913761679740466
2003,all,zeros_included,municipality,Fljótsdalshreppur,1531,0.14892227302416722,0.014979990802618318,0.0031084692152478595,3.682049646241966,0.011445537974357422
2003,all,zeros_included,municipality,Mjóafjarðarhreppur,187,0.93048128342246,0.0018296918877136678,0.00237225282216284,2.6455898964463977,0.0062760080981304625
2003,all,zeros_included,municipality,Norður-Hérað,6977,0.15981080693707897,0.06826609786405487,0.015201505153514752,4.556328171874897,0.0692630461858607
2003,all,zeros_included,municipality,Seyðisfjörður,208,5.086538461538462,0.002035165308259053,0.014424387849702786,1.691526305426825,0.02439923148745134
2003,all,zeros_included,municipality,Skeggjastaðahreppur,589,0.0,0.005763040223868184,0.0,0.0,0.0
2003,all,zeros_included,municipality,Stöðvarhreppur,85,0.27058823529411763,0.00083167813077894,0.0003135736489065823,3.758034978689012,0.0011784207409860838
2003,all,zeros_included,municipality,Sveitarfélagið Hornafjörður,6214,0.05535886707434825,0.06080056358423921,0.004689971096689753,6.308949766138813,0.029588792053658608
2003,all,zeros_included,municipality,Vopnafjarðarhreppur,1881,0.11483253588516747,0.018404547811708073,0.0029448655723400773,4.9959194602090715,0.014712311220553517
2003,all,zeros_included,municipality,Bessastaðahreppur,6,61.5,5.870669158439576e-05,0.005030812019414299,0.0003900327679842164,1.9621815371404244e-06
2003,all,zeros_included,municipality,Garðabær,36,49.166666666666664,0.0003522401495063746,0.02413153732889786,0.08386087081530302,0.0020236917345133657
2003,all,zeros_included,municipality,Hafnarfjörður,143,18.60839160839161,0.001399176149428099,0.036279107814800676,0.8208322941382682,0.029779063296912413
2003,all,zeros_included,municipality,Kjósarhreppur,273,0.03296703296703297,0.002671154467090007,0.00012270273218083655,4.336443458595334,0.0005320934603173638
2003,all,zeros_included,municipality,Kópavogur,107,14.280373831775702,0.0010469359999217243,0.02083219719692425,1.0398352471375674,0.021662052920682268
2003,all,zeros_included,municipality,Mosfellsbær,198,15.868686868686869,0.0019373208222850601,0.04283688716802094,0.9267492997407083,0.03969905518603514
2003,all,zeros_included,municipality,Reykjavík,271,27.14760147601476,0.0026515855698952084,0.1003026667393794,0.5090207640110909,0.05105614005602874
2003,all,zeros_included,municipality,Aðaldælahreppur,561,0.9090909090909091,0.005489075663141003,0.006953154823580739,2.844757175500325,0.019780037076746002
2003,all,zeros_included,municipality,Akureyri,117,21.974358974358974,0.0011447804858957173,0.03505208049299231,0.7174182394897146,0.025147001877734314
2003,all,zeros_included,municipality,Arnarneshreppur,77,0.8311688311688312,0.0007534025419997456,0.0008725527621748377,1.9100302445920314,0.001666602165756258
2003,all,zeros_included,municipality,Bárðdælahreppur,3151,0.0,0.030830797530405175,0.0,0.0,0.0
2003,all,zeros_included,municipality,Dalvíkurbyggð,575,2.1582608695652175,0.005626057943504594,0.016919343404046463,2.1184938102819215,0.03584352427550669
2003,all,zeros_included,municipality,Eyjafjarðarsveit,1796,0.737750556792873,0.01757286968092913,0.01806456890440094,3.2761643460686076,0.05918249657169801
2003,all,zeros_included,municipality,Glæsibæjarhreppur,120,11.725,0.0011741338316879153,0.01918252713093745,0.7535462728325468,0.014454921823027123
2003,all,zeros_included,municipality,Grímseyjarhreppur,5,0.0,4.892224298699647e-05,0.0,0.0,0.0
2003,all,zeros_included,municipality,Grýtubakkahreppur,490,1.7693877551020407,0.004794379812725654,0.011820363200087254,2.7007969118337996,0.03192440042754954
2003,all,zeros_included,municipality,Hálshreppur,1471,0.07341944255608429,0.01439292388677436,0.0014724327861700387,4.745038838746784,0.006986750757820972
2003,all,zeros_included,municipality,Hríseyjarhreppur,7,4.285714285714286,6.849114018179505e-05,0.0004090091072694552,0.45509428588679546,0.00018613770759398843
2003,all,zeros_included,municipality,Húsavík,66,11.075757575757576,0.0006457736074283534,0.009966188580465725,1.0690695531617886,0.010654548772444613
2003,all,zeros_included,municipality,Kelduneshreppur,720,0.0,0.0070448029901274915,0.0,0.0,0.0
2003,all,zeros_included,municipality,Ljósavatnshreppur,401,0.0,0.003923563887557117,0.0,0.0,0.0
2003,all,zeros_included,municipality,Ólafsfjörður,202,4.237623762376238,0.0019764586166746575,0.011670393194088455,1.4870578636743508,0.017354549971440862
2003,all,zeros_included,municipality,Öxarfjarðarhreppur,2684,0.03353204172876304,0.026261460035419702,0.0012270273218083657,5.44403871562624,0.00667998424505592
2003,all,zeros_included,municipality,Öxnadalshreppur,289,0.0,0.0028277056446483957,0.0,0.0,0.0
2003,all,zeros_included,municipality,Reykdælahreppur,390,0.12051282051282051,0.0038159349529857246,0.0006407809347221464,4.1795499902305036,0.00267817594945784
2003,all,zeros_included,municipality,Reykjahreppur,191,0.5968586387434555,0.0018688296821032652,0.0015542346076239297,3.6042867896152737,0.005601907264221808
2003,all,zeros_included,municipality,Siglufjörður,137,8.788321167883211,0.0013404694578437032,0.016414898838414134,1.091941861575458,0.01792411519519075
2003,all,zeros_included,municipality,Skriðuhreppur,403,0.07196029776674938,0.003943132784751916,0.00039537547036047334,4.066890462028223,0.0016079487293289313
2003,all,zeros_included,municipality,Skútustaðahreppur,6033,0.10243659870711089,0.05902957838810994,0.008425587609750778,4.915835452361048,0.04141880227898685
2003,all,zeros_included,municipality,Svalbarðshreppur,1098,0.0,0.010743324559944424,0.0,0.0,0.0
2003,all,zeros_included,municipality,Þórshafnarhreppur,709,0.11283497884344147,0.006937174055556099,0.0010906909527185471,4.784216459021925,0.005218101607702377
2003,all,zeros_included,municipality,Tjörneshreppur,176,0.0,0.0017220629531422757,0.0,0.0,0.0
2003,all,zeros_included,municipality,Akrahreppur,1359,0.0,0.01329706564386564,0.0,0.0,0.0
2003,all,zeros_included,municipality,Áshreppur,1150,0.0,0.011252115887009188,0.0,0.0,0.0
2003,all,zeros_included,municipality,Blönduós,15,19.066666666666666,0.00014676672896098941,0.003899220155968806,0.5665649991997088,0.002209161664545955
2003,all,zeros_included,municipality,Bólstaðarhlíðarhreppur,1340,0.006716417910447761,0.013111161120515054,0.00012270273218083655,6.851592797101925,0.0008407091559949463
2003,all,zeros_included,municipality,Engihlíðarhreppur,166,0.4457831325301205,0.0016242184671682828,0.001008889131264656,3.4187260805901545,0.0034491155854784235
2003,all,zeros_included,municipality,Höfðahreppur,48,1.2708333333333333,0.00046965353267516607,0.0008316518514478922,2.298872988537303,0.0019118619771605972
2003,all,zeros_included,municipality,Húnaþing vestra,2461,0.12108898821617228,0.02407952799819966,0.004062823798876588,4.485706567465656,0.01822463539707648
2003,all,zeros_included,municipality,Skagahreppur,272,0.0,0.0026613700184926078,0.0,0.0,0.0
2003,all,zeros_included,municipality,Sveinsstaðahreppur,118,0.0,0.0011545649344931166,0.0,0.0,0.0
2003,all,zeros_included,municipality,Sveitarfélagið Skagafjörður,4110,0.3883211678832117,0.040214083735311094,0.021759284506735015,4.101866644979721,0.0892536833368004
2003,all,zeros_included,municipality,Svínavatnshreppur,979,0.355464759959142,0.009578975176853908,0.00474450564432568,3.9537079609457297,0.018758389736722392
2003,all,zeros_included,municipality,Torfalækjarhreppur,187,0.6363636363636364,0.0018296918877136678,0.001622402792168839,3.4761275271560175,0.005639679005992884
2003,all,zeros_included,municipality,Vindhælishreppur,225,0.20444444444444446,0.002201500934414841,0.0006271472978131646,3.911292946080971,0.002452956802090373
2003,all,zeros_included,municipality,Ásahreppur,137,0.06569343065693431,0.0013404694578437032,0.00012270273218083655,4.919980925828125,0.0006036951018767127
2003,all,zeros_included,municipality,Austur-Eyjafjallahreppur,282,0.0,0.0027592145044666007,0.0,0.0,0.0
2003,all,zeros_included,municipality,Austur-Landeyjahreppur,200,0.0,0.001956889719479859,0.0,0.0,0.0
2003,all,zeros_included,municipality,Biskupstungnahreppur,1989,1.6887883358471594,0.019461268260227194,0.04579538637727,2.9084008532228305,0.13319134081332126
2003,all,zeros_included,municipality,Djúpárhreppur,120,1.8,0.0011741338316879153,0.0029448655723400773,2.4424043891414646,0.0071925525993149966
2003,all,zeros_included,municipality,Fljótshlíðarhreppur,414,0.0,0.0040507617193233075,0.0,0.0,0.0
2003,all,zeros_included,municipality,Gaulverjabæjarhreppur,84,0.0,0.0008218936821815406,0.0,0.0,0.0
2003,all,zeros_included,municipality,Gnúpverjahreppur,1127,0.06832298136645963,0.011027073569269004,0.0010497900419916017,5.188794791653216,0.0054471451022154345
2003,all,zeros_included,municipality,Grímsnes- og Grafningshreppur,889,0.9448818897637795,0.008698374803087971,0.011452255003544746,2.7369591882261703,0.03134435455786092
2003,all,zeros_included,municipality,Holta- og Landasveit,1604,0.11097256857855362,0.015694255550228468,0.0024267873697987677,4.793168258330818,0.011632000190637586
2003,all,zeros_included,municipality,Hraungerðishreppur,98,2.63265306122449,0.0009588759625451307,0.0035174783225173146,2.4140924749125334,0.00849151794905701
2003,all,zeros_included,municipality,Hrunamannahreppur,1212,2.2656765676567656,0.011858751700047944,0.03743796695206413,2.62500903345435,0.09827500144333376
2003,all,zeros_included,municipality,Hveragerði,11,56.81818181818182,0.00010762893457139223,0.00852102306811365,0.003498709699257141,2.9812586056003065e-05
2003,all,zeros_included,municipality,Hvolhreppur,238,1.903361344537815,0.002328698766181032,0.006176037519768774,2.3892128144614326,0.014755867984826157
2003,all,zeros_included,municipality,Laugardalshreppur,649,0.9075500770416025,0.006350107139712142,0.008030212139390303,2.940696591945182,0.023614417470901896
2003,all,zeros_included,municipality,Mýrdalshreppur,764,0.0,0.007475318728413061,0.0,0.0,0.0
2003,all,zeros_included,municipality,Ölfushreppur,739,6.079837618403247,0.007230707513478078,0.06125593063205541,1.6387910103862304,0.10038566845265492
2003,all,zeros_included,municipality,Rangárvallahreppur,1446,0.06708160442600276,0.014148312671839379,0.0013224627801712385,5.445276205090332,0.007201175108984052
2003,all,zeros_included,municipality,Skaftárhreppur,6922,0.0,0.06772795319119791,0.0,0.0,0.0
2003,all,zeros_included,municipality,Skeiðahreppur,1280,0.01796875,0.012524094204671096,0.0003135736489065823,5.306839604547518,0.0016640850589599294
2003,all,zeros_included,municipality,Sveitarfélagið Árborg,149,12.06711409395973,0.0014578828410124946,0.024513279162349348,0.9825590609819033,0.02408574455534523
2003,all,zeros_included,municipality,Þingvallahreppur,647,0.0,0.006330538242517343,0.0,0.0,0.0
2003,all,zeros_included,municipality,Uten navn - sysla,123,0.0,0.0012034871774801131,0.0,0.0,0.0
2003,all,zeros_included,municipality,Vestmannaeyjar,15,32.93333333333333,0.00014676672896098941,0.006735016633037029,0.2627733602949571,0.0017697829523055683
2003,all,zeros_included,municipality,Vestur-Eyjafjallahreppur,469,0.0,0.0045889063921802685,0.0,0.0,0.0
2003,all,zeros_included,municipality,Vestur-Landeyjahreppur,186,0.0,0.0018199074391162687,0.0,0.0,0.0
2003,all,zeros_included,municipality,Villingaholtshreppur,2932,0.11152796725784447,0.028688003287574728,0.004458199269237062,5.3186335179938995,0.023711528063260146
2003,all,zeros_included,municipality,Grindavík,456,3.337719298245614,0.004461708560414078,0.02075039537547036,2.280835099683331,0.04732823010467947
2003,all,zeros_included,municipality,Reykjanesbær,132,15.977272727272727,0.0012915472148567067,0.028753340241042702,0.8665551339896158,0.02491635460522577
2003,all,zeros_included,municipality,Sandgerði,88,46.86363636363637,0.0008610314765711379,0.05622511861264111,0.07283163481634558,0.004094967306301592
2003,all,zeros_included,municipality,Vatnsleysustrandarhreppur,155,7.974193548387097,0.0015165895325968905,0.016851175219501555,1.0184508683474403,0.017162094034976226
2003,all,zeros_included,municipality,Árneshreppur,682,0.0,0.006672993943426318,0.0,0.0,0.0
2003,all,zeros_included,municipality,Bæjarhreppur,497,0.12877263581488935,0.004862870952907449,0.0008725527621748377,4.1298742991187884,0.003603533227130971
2003,all,zeros_included,municipality,Bolungarvík,85,6.258823529411765,0.00083167813077894,0.007253094835578339,1.0027500097174316,0.007273040916857632
2003,all,zeros_included,municipality,Broddaneshreppur,284,0.0,0.0027787834016613994,0.0,0.0,0.0
2003,all,zeros_included,municipality,Hólmavíkurhreppur,1327,0.13489073097211757,0.012983963288748863,0.0024404210067077493,4.494518270446935,0.010968516802230483
2003,all,zeros_included,municipality,Ísafjarðarbær,2337,0.8703465982028241,0.02286625637212215,0.02773081747286906,3.0089185321138636,0.08343977060478265
2003,all,zeros_included,municipality,Kaldrananeshreppur,471,0.008492569002123142,0.004608475289375067,5.453454763592736e-05,6.154858094016418,0.0003356524019205114
2003,all,zeros_included,municipality,Kirkjubólshreppur,159,0.0,0.0015557273269864876,0.0,0.0,0.0
2003,all,zeros_included,municipality,Reykhólahreppur,1149,0.0,0.011242331438411789,0.0,0.0,0.0
2003,all,zeros_included,municipality,Súðavíkurhreppur,733,0.18281036834924966,0.007172000821893682,0.0018269073458035666,4.078574095185156,0.007451176974897897
2003,all,zeros_included,municipality,Vesturbyggð,1511,0.3818663136995367,0.014784301830670333,0.007866608496482522,3.60824668583144,0.028384664036166508
2003,all,zeros_included,municipality,Akranes,7,44.142857142857146,6.849114018179505e-05,0.004212793804875389,0.10264621395459583,0.000432427334241835
2003,all,zeros_included,municipality,Borgarbyggð,1847,1.1223605847319977,0.018071876559396495,0.028262529312319356,3.0324499531436304,0.0857047056888633
2003,all,zeros_included,municipality,Borgarfjarðarsveit,1259,0.022239872915011914,0.012318620784125711,0.00038174183345149153,5.42854773494494,0.0020723037653168227
2003,all,zeros_included,municipality,Dalabyggð,2172,0.04189686924493554,0.021251822353551265,0.0012406609587173475,5.67809658328577,0.007044592750709018
2003,all,zeros_included,municipality,Eyja- og Miklaholtshreppur,405,0.0,0.003962701681946714,0.0,0.0,0.0
2003,all,zeros_included,municipality,Eyrarsveit,141,2.9290780141843973,0.0013796072522333004,0.0056306920434095,2.062925502447081,0.011615698212775324
2003,all,zeros_included,municipality,Helgafellssveit,246,1.1788617886178863,0.0024069743549602262,0.003953754703604734,3.1106812148585505,0.012298870484661882
2003,all,zeros_included,municipality,Hvalfjarðarstrandarhreppur,291,0.8556701030927835,0.0028472745418431943,0.003394775590336478,3.044944359305297,0.010336902784902369
2003,all,zeros_included,municipality,Hvítársíðuhreppur,1477,0.0,0.014451630578358757,0.0,0.0,0.0
2003,all,zeros_included,municipality,Innri-Akraneshreppur,28,7.714285714285714,0.0002739645607271802,0.0029448655723400773,0.8820697437885445,0.0025975768208857174
2003,all,zeros_included,municipality,Kolbeinsstaðahreppur,391,0.0,0.003825719401583124,0.0,0.0,0.0
2003,all,zeros_included,municipality,Leirár- og Melahreppur,136,0.39705882352941174,0.0013306850092463039,0.0007362163930850193,3.129011073211504,0.0023036292462428587
2003,all,zeros_included,municipality,Saurbæjarhreppur,255,0.0,0.00249503439233682,0.0,0.0,0.0
2003,all,zeros_included,municipality,Skilmannahreppur,52,10.076923076923077,0.0005087913270647633,0.0071440257403064845,0.6150056650211662,0.004393616301345518
2003,all,zeros_included,municipality,Skorradalshreppur,207,0.033816425120772944,0.0020253808596616537,9.543545836287288e-05,4.377018902152835,0.00041772280518991445
2003,all,zeros_included,municipality,Snæfellsbær,697,0.6958393113342898,0.0068197606723873075,0.0066123139008561925,3.28570312934187,0.02172610047623394
2003,all,lit_only,region,Austurland,483,16.453416149068325,0.13835577198510454,0.10834651251567869,0.3313938109849408,0.03590536368949834
2003,all,lit_only,region,Höfuðborgarsvæði,514,32.75486381322957,0.14723574906903467,0.22953591099961826,0.30144748312220404,0.06919302265699716
2003,all,lit_only,region,Norðurland eystra,682,17.436950146627566,0.19535949584646234,0.16213121012161205,0.33378696181091927,0.05411728404122065
2003,all,lit_only,region,Norðurland vestra,192,14.776041666666666,0.054998567745631624,0.03867862791078148,0.3373169604098707,0.013046957199689195
2003,all,lit_only,region,Suðurland,768,21.591145833333332,0.2199942709825265,0.22607296722473688,0.2990661781994417,0.06761077830210971
2003,all,lit_only,region,Suðurnes,290,31.00344827586207,0.08307075336579776,0.12258002944865572,0.23281522992177583,0.028538497739906833
2003,all,lit_only,region,Vestfirðir,278,12.676258992805755,0.0796333428816958,0.048044936467252004,0.23460374572161236,0.01127152205817421
2003,all,lit_only,region,Vesturland,284,16.68661971830986,0.08135204812374677,0.06460980531166494,0.28191940940004834,0.018214758154916685
2003,all,lit_only,municipality,Austur-Hérað,60,22.283333333333335,0.01718705242050988,0.01822817254730872,0.3345402294975486,0.0060980570272975735
2003,all,lit_only,municipality,Búðahreppur,17,25.176470588235293,0.0048696648524778,0.005835196597044227,0.2103071061175803,0.0012271833099515238
2003,all,lit_only,municipality,Djúpavogshreppur,12,13.916666666666666,0.0034374104841019765,0.002276817363799967,0.3655590095603838,0.0008323111004606
2003,all,lit_only,municipality,Fáskrúðsfjarðarhr.,19,12.631578947368421,0.005442566599828129,0.0032720728581556416,0.1952292051374429,0.0006388041832495269
2003,all,lit_only,municipality,Fellahreppur,23,22.782608695652176,0.006588370094528788,0.0071440257403064845,0.21804275371284687,0.0015577030450118854
2003,all,lit_only,municipality,Fjarðabyggð,118,17.73728813559322,0.033801203093669435,0.02853520205049899,0.31157018060670616,0.008890718056522822
2003,all,lit_only,municipality,Fljótsdalshreppur,42,5.428571428571429,0.012030936694356918,0.0031084692152478595,0.08604286886765045,0.0002674616090666999
2003,all,lit_only,municipality,Mjóafjarðarhreppur,16,10.875,0.004583213978802635,0.00237225282216284,0.18707000183159206,0.00044377733978700194
2003,all,lit_only,municipality,Norður-Hérað,96,11.614583333333334,0.027499283872815812,0.015201505153514752,0.2703020594034973,0.004108998149027914
2003,all,lit_only,municipality,Seyðisfjörður,48,22.041666666666668,0.013749641936407906,0.014424387849702786,0.22518923663339807,0.0032482168887786327
2003,all,lit_only,municipality,Stöðvarhreppur,2,11.5,0.0005729017473503294,0.0003135736489065823,0.008530902758641101,2.675066306494319e-06
2003,all,lit_only,municipality,Sveitarfélagið Hornafjörður,13,26.46153846153846,0.0037238613577771414,0.004689971096689753,0.13933903364735745,0.0006534960404467874
2003,all,lit_only,municipality,Vopnafjarðarhreppur,17,12.705882352941176,0.0048696648524778,0.0029448655723400773,0.2895739749642572,0.0008527564295179084
2003,all,lit_only,municipality,Bessastaðahreppur,6,61.5,0.0017187052420509883,0.005030812019414299,0.0003900327679842164,1.9621815371404244e-06
2003,all,lit_only,municipality,Garðabær,36,49.166666666666664,0.01031223145230593,0.02413153732889786,0.08386087081530302,0.0020236917345133657
2003,all,lit_only,municipality,Hafnarfjörður,88,30.238636363636363,0.025207676883414496,0.036279107814800676,0.3353244783565672,0.012165272903239698
2003,all,lit_only,municipality,Kjósarhreppur,4,2.25,0.0011458034947006588,0.00012270273218083655,0.11326602453026491,1.3898050673125159e-05
2003,all,lit_only,municipality,Kópavogur,67,22.80597014925373,0.019192208536236037,0.02083219719692425,0.5716990320666273,0.011909746973302701
2003,all,lit_only,municipality,Mosfellsbær,109,28.825688073394495,0.031223145230592952,0.04283688716802094,0.329830151275317,0.014128896974792034
2003,all,lit_only,municipality,Reykjavík,204,36.06372549019608,0.0584359782297336,0.1003026667393794,0.22502193697560635,0.02257030035351388
2003,all,lit_only,municipality,Aðaldælahreppur,39,13.076923076923077,0.011171584073331424,0.006953154823580739,0.17859791610727527,0.0012418189618627691
2003,all,lit_only,municipality,Akureyri,68,37.80882352941177,0.0194786594099112,0.03505208049299231,0.17475200986806483,0.006125421516207596
2003,all,lit_only,municipality,Arnarneshreppur,13,4.923076923076923,0.0037238613577771414,0.0008725527621748377,0.13117418019988425,0.00011445639325942892
2003,all,lit_only,municipality,Dalvíkurbyggð,90,13.78888888888889,0.025780578630764824,0.016919343404046463,0.2639334398148363,0.004465580504038445
2003,all,lit_only,municipality,Eyjafjarðarsveit,92,14.402173913043478,0.026353480378115152,0.01806456890440094,0.30463567425550275,0.0055031121283271684
2003,all,lit_only,municipality,Glæsibæjarhreppur,73,19.273972602739725,0.020910913778287025,0.01918252713093745,0.25651397119889197,0.004920586211987253
2003,all,lit_only,municipality,Grýtubakkahreppur,46,18.847826086956523,0.013176740189057576,0.011820363200087254,0.33503291721822226,0.003960210765504154
2003,all,lit_only,municipality,Hálshreppur,16,6.75,0.004583213978802635,0.0014724327861700387,0.22392984038512753,0.0003297216387848854
2003,all,lit_only,municipality,Hríseyjarhreppur,5,6.0,0.0014322543683758235,0.0004090091072694552,0.11862204926558251,4.851749847258924e-05
2003,all,lit_only,municipality,Húsavík,32,22.84375,0.00916642795760527,0.009966188580465725,0.34515071393508956,0.0034398371037594818
2003,all,lit_only,municipality,Ólafsfjörður,55,15.563636363636364,0.015754798052134058,0.011670393194088455,0.18612335150561687,0.0021721326946720844
2003,all,lit_only,municipality,Öxarfjarðarhreppur,12,7.5,0.0034374104841019765,0.0012270273218083657,0.033881867322667514,4.15739769187991e-05
2003,all,lit_only,municipality,Reykdælahreppur,9,5.222222222222222,0.0025780578630764826,0.0006407809347221464,0.41062782844303136,0.00026312248373265085
2003,all,lit_only,municipality,Reykjahreppur,7,16.285714285714285,0.002005156115726153,0.0015542346076239297,0.29792351062395683,0.0004630430306365692
2003,all,lit_only,municipality,Siglufjörður,54,22.296296296296298,0.015468347178458894,0.016414898838414134,0.16094498231160737,0.002641895603195387
2003,all,lit_only,municipality,Skriðuhreppur,8,3.625,0.0022916069894013177,0.00039537547036047334,0.14739544176137565,5.827654211539365e-05
2003,all,lit_only,municipality,Skútustaðahreppur,56,11.035714285714286,0.016041248925809225,0.008425587609750778,0.23618746465543472,0.0019900181757792805
2003,all,lit_only,municipality,Þórshafnarhreppur,7,11.428571428571429,0.002005156115726153,0.0010906909527185471,0.16627108154511117,0.00018135036433998054
2003,all,lit_only,municipality,Blönduós,9,31.77777777777778,0.0025780578630764826,0.003899220155968806,0.055739375433717875,0.00021734009617226525
2003,all,lit_only,municipality,Bólstaðarhlíðarhreppur,2,4.5,0.0005729017473503294,0.00012270273218083655,0.3443150847169132,4.224840162584145e-05
2003,all,lit_only,municipality,Engihlíðarhreppur,6,12.333333333333334,0.0017187052420509883,0.001008889131264656,0.09849776146166622,9.937332099257375e-05
2003,all,lit_only,municipality,Höfðahreppur,5,12.2,0.0014322543683758235,0.0008316518514478922,0.037109890063512285,3.086250877834773e-05
2003,all,lit_only,municipality,Húnaþing vestra,40,7.45,0.011458034947006588,0.004062823798876588,0.36626297118853657,0.0014880619159920365
2003,all,lit_only,municipality,Sveitarfélagið Skagafjörður,96,16.625,0.027499283872815812,0.021759284506735015,0.345036528957277,0.007507747998797705
2003,all,lit_only,municipality,Svínavatnshreppur,22,15.818181818181818,0.006301919220853624,0.00474450564432568,0.1582187717735355,0.0007506698557178158
2003,all,lit_only,municipality,Torfalækjarhreppur,7,17.0,0.002005156115726153,0.001622402792168839,0.1909290593567441,0.0003097638390065516
2003,all,lit_only,municipality,Vindhælishreppur,5,9.2,0.0014322543683758235,0.0006271472978131646,0.10463045631065127,6.561870794418332e-05
2003,all,lit_only,municipality,Ásahreppur,1,9.0,0.0002864508736751647,0.00012270273218083655,0.0,0.0
2003,all,lit_only,municipality,Biskupstungnahreppur,130,25.838461538461537,0.03723861357777141,0.04579538637727,0.18054802482444066,0.008268266556488196
2003,all,lit_only,municipality,Djúpárhreppur,11,19.636363636363637,0.003150959610426812,0.0029448655723400773,0.05280791915778904,0.00015551222307469095
2003,all,lit_only,municipality,Gnúpverjahreppur,8,9.625,0.0022916069894013177,0.0010497900419916017,0.24092181929327605,0.00025291732679258135
2003,all,lit_only,municipality,Grímsnes- og Grafningshreppur,74,11.35135135135135,0.02119736465196219,0.011452255003544746,0.25092704591643544,0.0028736805171212
2003,all,lit_only,municipality,Holta- og Landasveit,17,10.470588235294118,0.0048696648524778,0.0024267873697987677,0.24612581396057376,0.0005972950167009617
2003,all,lit_only,municipality,Hraungerðishreppur,12,21.5,0.0034374104841019765,0.0035174783225173146,0.3140316460299619,0.0011045995074948215
2003,all,lit_only,municipality,Hrunamannahreppur,109,25.192660550458715,0.031223145230592952,0.03743796695206413,0.2163297490542342,0.008098945995840746
2003,all,lit_only,municipality,Hveragerði,11,56.81818181818182,0.003150959610426812,0.00852102306811365,0.003498709699257141,2.9812586056003065e-05
2003,all,lit_only,municipality,Hvolhreppur,26,17.423076923076923,0.007447722715554283,0.006176037519768774,0.17503867881143975,0.0010810454477502074
2003,all,lit_only,municipality,Laugardalshreppur,51,11.549019607843137,0.0146089945574334,0.008030212139390303,0.397089507965418,0.003188712987288422
2003,all,lit_only,municipality,Ölfushreppur,207,21.705314009661837,0.059295330850759095,0.06125593063205541,0.3662118827033978,0.022432649683513745
2003,all,lit_only,municipality,Rangárvallahreppur,7,13.857142857142858,0.002005156115726153,0.0013224627801712385,0.11462995142693533,0.00015159384425495894
2003,all,lit_only,municipality,Skeiðahreppur,8,2.875,0.0022916069894013177,0.0003135736489065823,0.2316657893136913,7.264428688191771e-05
2003,all,lit_only,municipality,Sveitarfélagið Árborg,67,26.83582089552239,0.019192208536236037,0.024513279162349348,0.1833053744274098,0.004493415815298069
2003,all,lit_only,municipality,Vestmannaeyjar,12,41.166666666666664,0.0034374104841019765,0.006735016633037029,0.039629808980747416,0.0002669074226494141
2003,all,lit_only,municipality,Villingaholtshreppur,17,19.235294117647058,0.0048696648524778,0.004458199269237062,0.16840679904357359,0.0007507910684306125
2003,all,lit_only,municipality,Grindavík,63,24.158730158730158,0.018046405041535377,0.02075039537547036,0.30147701656047765,0.006255767290247137
2003,all,lit_only,municipality,Reykjanesbær,74,28.5,0.02119736465196219,0.028753340241042702,0.28781830460741453,0.00827573763997706
2003,all,lit_only,municipality,Sandgerði,87,47.40229885057471,0.02492122600973933,0.05622511861264111,0.061402938992722866,0.003452387528030609
2003,all,lit_only,municipality,Vatnsleysustrandarhreppur,66,18.727272727272727,0.01890575766256087,0.016851175219501555,0.1646804934546191,0.0027750598504377656
2003,all,lit_only,municipality,Bæjarhreppur,9,7.111111111111111,0.0025780578630764826,0.0008725527621748377,0.1185088503583791,0.0001034052247223682
2003,all,lit_only,municipality,Bolungarvík,38,14.0,0.010885133199656259,0.007253094835578339,0.197684912953501,0.0014338274212147915
2003,all,lit_only,municipality,Hólmavíkurhreppur,18,9.944444444444445,0.005156115726152965,0.0024404210067077493,0.1942139940108918,0.00047396391078079333
2003,all,lit_only,municipality,Ísafjarðarbær,146,13.931506849315069,0.04182182755657405,0.02773081747286906,0.23590181928334175,0.006541750292064093
2003,all,lit_only,municipality,Kaldrananeshreppur,1,4.0,0.0002864508736751647,5.453454763592736e-05,0.0,0.0
2003,all,lit_only,municipality,Súðavíkurhreppur,14,9.571428571428571,0.004010312231452306,0.0018269073458035666,0.12048572291376347,0.0002201162522556076
2003,all,lit_only,municipality,Vesturbyggð,52,11.096153846153847,0.014895445431108566,0.007866608496482522,0.23896344214012766,0.0018798318442882378
2003,all,lit_only,municipality,Akranes,7,44.142857142857146,0.002005156115726153,0.004212793804875389,0.10264621395459583,0.000432427334241835
2003,all,lit_only,municipality,Borgarbyggð,117,17.71794871794872,0.03351475221999427,0.028262529312319356,0.27330590774214647,0.007724316228792464
2003,all,lit_only,municipality,Borgarfjarðarsveit,7,4.0,0.002005156115726153,0.00038174183345149153,0.2363848499559058,9.023798602232321e-05
2003,all,lit_only,municipality,Dalabyggð,8,11.375,0.0022916069894013177,0.0012406609587173475,0.07413444391177926,9.197571025756548e-05
2003,all,lit_only,municipality,Eyrarsveit,21,19.666666666666668,0.006015468347178459,0.0056306920434095,0.15868804979233575,0.0008935235393498754
2003,all,lit_only,municipality,Helgafellssveit,15,19.333333333333332,0.00429676310512747,0.003953754703604734,0.31339988002839814,0.0012391062497714384
2003,all,lit_only,municipality,Hvalfjarðarstrandarhreppur,15,16.6,0.00429676310512747,0.003394775590336478,0.0796712932360144,0.0002704661615281615
2003,all,lit_only,municipality,Innri-Akraneshreppur,17,12.705882352941176,0.0048696648524778,0.0029448655723400773,0.3830785776695569,0.0011281149148800824
2003,all,lit_only,municipality,Leirár- og Melahreppur,7,7.714285714285714,0.002005156115726153,0.0007362163930850193,0.16226633653076528,0.00011946313699979992
2003,all,lit_only,municipality,Skilmannahreppur,32,16.375,0.00916642795760527,0.0071440257403064845,0.1294978492394656,0.0009251359682810709
2003,all,lit_only,municipality,Skorradalshreppur,3,2.3333333333333335,0.0008593526210254941,9.543545836287288e-05,0.1429123975555754,1.3638910166453451e-05
2003,all,lit_only,municipality,Snæfellsbær,35,13.857142857142858,0.010025780578630765,0.0066123139008561925,0.29426578007075976,0.001945777708108176
2004,all,zeros_included,region,Austurland,22467,0.38932656785507636,0.21982720663776992,0.10903356892661706,4.064100112016541,0.4431233396882276
2004,all,zeros_included,region,Höfuðborgarsvæði,1034,16.982591876208897,0.01011711984971087,0.21888984455829374,0.8957549630278243,0.1960716646194806
2004,all,zeros_included,region,Norðurland eystra,21869,0.6155745575929398,0.21397610637652514,0.1678072373259539,3.5556803533924506,0.5966688969169586
2004,all,zeros_included,region,Norðurland vestra,12430,0.26267095736122287,0.12162069606567322,0.04069905139423856,4.248959517255636,0.17292862176482618
2004,all,zeros_included,region,Suðurland,24726,0.7530534659872199,0.24193027601929493,0.23210301285167595,3.6144495482950494,0.8389246299596602
2004,all,zeros_included,region,Suðurnes,831,10.972322503008424,0.008130876784438813,0.11365817782930082,1.2456808691868448,0.14158181774859643
2004,all,zeros_included,region,Vestfirðir,9235,0.49085002707092584,0.09035938279698248,0.05650499233386934,3.5064958525871743,0.1981345212691829
2004,all,zeros_included,region,Vesturland,9611,0.5117053376339611,0.0940383354696046,0.06130411478005061,3.7235483974877823,0.22826883834866452
2004,all,zeros_included,municipality,Austur-Hérað,1563,0.8330134357005758,0.015293093157735096,0.016229759545267567,3.672511318556248,0.05960397562744145
2004,all,zeros_included,municipality,Borgarfjarðarhreppur,419,0.0,0.004099683962310304,0.0,0.0,0.0
2004,all,zeros_included,municipality,Breiðdalshreppur,452,0.0,0.004422570766024481,0.0,0.0,0.0
2004,all,zeros_included,municipality,Búðahreppur,25,17.12,0.00024461121493498235,0.005335128329780736,0.5959695869295651,0.003179574226915646
2004,all,zeros_included,municipality,Djúpavogshreppur,1146,0.14834205933682373,0.011212978092619591,0.0021190930281839372,4.895314507677156,0.010373626843986345
2004,all,zeros_included,municipality,Fáskrúðsfjarðarhr.,219,1.095890410958904,0.0021427942428304454,0.002991660745671441,2.6492342081978175,0.007925609986755372
2004,all,zeros_included,municipality,Fellahreppur,336,1.5595238095238095,0.0032875747287261625,0.006531792628049313,2.899659697746902,0.01893997583759491
2004,all,zeros_included,municipality,Fjarðabyggð,635,3.5968503937007874,0.006213124859348551,0.028470638096306546,1.833545566931528,0.05220221226919474
2004,all,zeros_included,municipality,Fljótsdalshreppur,1531,0.23383409536250815,0.014979990802618318,0.004462560612293233,3.5086101909401517,0.01565738564198016
2004,all,zeros_included,municipality,Mjóafjarðarhreppur,187,0.9090909090909091,0.0018296918877136678,0.0021190930281839372,2.7269945631553276,0.005778755166677956
2004,all,zeros_included,municipality,Norður-Hérað,6977,0.22817830012899526,0.06826609786405487,0.019844682946287225,4.374095876480741,0.08680254584542263
2004,all,zeros_included,municipality,Seyðisfjörður,208,4.961538461538462,0.002035165308259053,0.012864141206387196,1.7453382238216888,0.022452277364147226
2004,all,zeros_included,municipality,Skeggjastaðahreppur,589,0.023769100169779286,0.005763040223868184,0.00017451354349750072,4.828600137773385,0.0008426561201753536
2004,all,zeros_included,municipality,Stöðvarhreppur,85,0.27058823529411763,0.00083167813077894,0.00028670082146017975,3.758034978689012,0.0010774317154662288
2004,all,zeros_included,municipality,Sveitarfélagið Hornafjörður,6214,0.05568072095268748,0.06080056358423921,0.0043129775750096605,6.287419214044087,0.027117498074857013
2004,all,zeros_included,municipality,Vopnafjarðarhreppur,1881,0.14035087719298245,0.018404547811708073,0.003290826820238585,4.831743127478274,0.015900429872408965
2004,all,zeros_included,municipality,Bessastaðahreppur,6,61.5,5.870669158439576e-05,0.004599678396469841,0.0003900327679842164,1.7940252968123338e-06
2004,all,zeros_included,municipality,Garðabær,36,49.638888888888886,0.0003522401495063746,0.02227540730214527,0.06769346186751246,0.0015078994347910795
2004,all,zeros_included,municipality,Hafnarfjörður,143,19.762237762237763,0.001399176149428099,0.035226805280281215,0.7048299331599077,0.024828906811137693
2004,all,zeros_included,municipality,Kjósarhreppur,273,0.16483516483516483,0.002671154467090007,0.0005609363898133952,3.145873607966737,0.0017646349844621014
2004,all,zeros_included,municipality,Kópavogur,107,16.39252336448598,0.0010469359999217243,0.021864053949615447,0.7165160368363499,0.015665945285154602
2004,all,zeros_included,municipality,Mosfellsbær,198,16.525252525252526,0.0019373208222850601,0.04078630816598731,0.8187185437773383,0.03339250682771089
2004,all,zeros_included,municipality,Reykjavík,271,27.70110701107011,0.0026515855698952084,0.09357665507398127,0.453743719710471,0.04245981955133198
2004,all,zeros_included,municipality,Aðaldælahreppur,561,1.0944741532976827,0.005489075663141003,0.0076536654076761025,2.4981046457198888,0.01911965711170128
2004,all,zeros_included,municipality,Akureyri,117,22.495726495726494,0.0011447804858957173,0.03280854617753014,0.6524603816738441,0.021406276561155253
2004,all,zeros_included,municipality,Arnarneshreppur,77,1.896103896103896,0.0007534025419997456,0.001819926953616793,1.4867045545844726,0.0027056936909531305
2004,all,zeros_included,municipality,Bárðdælahreppur,3151,0.0,0.030830797530405175,0.0,0.0,0.0
2004,all,zeros_included,municipality,Dalvíkurbyggð,575,2.5408695652173914,0.005626057943504594,0.018211734789274896,1.8840591005569367,0.034311984666662736
2004,all,zeros_included,municipality,Eyjafjarðarsveit,1796,0.8674832962138085,0.01757286968092913,0.019420864340650438,2.9787880436295464,0.05785063849488094
2004,all,zeros_included,municipality,Glæsibæjarhreppur,120,13.816666666666666,0.0011741338316879153,0.02066738965134687,0.4405645894666317,0.009105320037092546
2004,all,zeros_included,municipality,Grímseyjarhreppur,5,0.0,4.892224298699647e-05,0.0,0.0,0.0
2004,all,zeros_included,municipality,Grýtubakkahreppur,490,1.9489795918367347,0.004794379812725654,0.011904316717150941,2.513333237829876,0.029919514878869295
2004,all,zeros_included,municipality,Hálshreppur,1471,0.1699524133242692,0.01439292388677436,0.0031163132767410844,3.850067806640454,0.011998017422187073
2004,all,zeros_included,municipality,Hríseyjarhreppur,7,6.428571428571429,6.849114018179505e-05,0.0005609363898133952,0.32429558927989066,0.00018190919708306944
2004,all,zeros_included,municipality,Húsavík,66,11.318181818181818,0.0006457736074283534,0.00931154407090236,1.0498749047938865,0.009775956444922693
2004,all,zeros_included,municipality,Kelduneshreppur,720,0.0,0.0070448029901274915,0.0,0.0,0.0
2004,all,zeros_included,municipality,Ljósavatnshreppur,401,0.0,0.003923563887557117,0.0,0.0,0.0
2004,all,zeros_included,municipality,Ólafsfjörður,202,4.391089108910891,0.0019764586166746575,0.011056679505877368,1.4455201001119835,0.01598265246624197
2004,all,zeros_included,municipality,Öxarfjarðarhreppur,2684,0.03502235469448584,0.026261460035419702,0.0011717337920546477,5.468557937080231,0.00640769412868556
2004,all,zeros_included,municipality,Öxnadalshreppur,289,0.1695501730103806,0.0028277056446483957,0.0006107974022412525,2.955924044970063,0.0018054707278901696
2004,all,zeros_included,municipality,Reykdælahreppur,390,0.2794871794871795,0.0038159349529857246,0.0013587125886591128,3.028081018697778,0.004114291799584381
2004,all,zeros_included,municipality,Reykjahreppur,191,0.9057591623036649,0.0018688296821032652,0.0021564887875048303,2.7368604702994412,0.0059020089171659415
2004,all,zeros_included,municipality,Siglufjörður,137,9.24087591240876,0.0013404694578437032,0.01578101043341685,0.9920397556505418,0.015655389734285503
2004,all,zeros_included,municipality,Skriðuhreppur,403,0.2878411910669975,0.003943132784751916,0.0014459693604078631,3.229568774313308,0.0046698574949870205
2004,all,zeros_included,municipality,Skútustaðahreppur,6033,0.10160782363666501,0.05902957838810994,0.007641200154569139,4.94507650828559,0.03778631937946807
2004,all,zeros_included,municipality,Svalbarðshreppur,1098,0.0,0.010743324559944424,0.0,0.0,0.0
2004,all,zeros_included,municipality,Þórshafnarhreppur,709,0.12552891396332863,0.006937174055556099,0.001109407526519826,4.581965732887879,0.005083267270321743
2004,all,zeros_included,municipality,Tjörneshreppur,176,0.0,0.0017220629531422757,0.0,0.0,0.0
2004,all,zeros_included,municipality,Akrahreppur,1359,0.0051508462104488595,0.01329706564386564,8.725677174875036e-05,6.531596309450673,0.0005699260083287176
2004,all,zeros_included,municipality,Áshreppur,1150,0.0,0.011252115887009188,0.0,0.0,0.0
2004,all,zeros_included,municipality,Blönduós,15,19.066666666666666,0.00014676672896098941,0.0035650623885918,0.5665649991997088,0.0020198395693394253
2004,all,zeros_included,municipality,Bólstaðarhlíðarhreppur,1340,0.005970149253731343,0.013111161120515054,9.97220248557147e-05,7.200424892944957,0.0007180409501459638
2004,all,zeros_included,municipality,Engihlíðarhreppur,166,0.4578313253012048,0.0016242184671682828,0.0009473592361292896,3.4171409393801246,0.003237260030077278
2004,all,zeros_included,municipality,Höfðahreppur,48,1.4375,0.00046965353267516607,0.0008601024643805393,2.290146188548045,0.001969760380561873
2004,all,zeros_included,municipality,Húnaþing vestra,2461,0.20804550995530272,0.02407952799819966,0.006382209590765741,3.914719925318614,0.024984563052530204
2004,all,zeros_included,municipality,Skagahreppur,272,0.0,0.0026613700184926078,0.0,0.0,0.0
2004,all,zeros_included,municipality,Sveinsstaðahreppur,118,0.23728813559322035,0.0011545649344931166,0.00034902708699500144,2.7509926715424413,0.0009601709584930551
2004,all,zeros_included,municipality,Sveitarfélagið Skagafjörður,4110,0.41605839416058393,0.040214083735311094,0.021315582812909017,3.952917187167825,0.08425873365564715
2004,all,zeros_included,municipality,Svínavatnshreppur,979,0.4004085801838611,0.009578975176853908,0.00488637921793002,3.74437977140115,0.018296459499012138
2004,all,zeros_included,municipality,Torfalækjarhreppur,187,0.679144385026738,0.0018296918877136678,0.0015830871445844709,3.34262905415723,0.005291673084750859
2004,all,zeros_included,municipality,Vindhælishreppur,225,0.2222222222222222,0.002201500934414841,0.0006232626553482169,3.7529081708022596,0.0023390475118122357
2004,all,zeros_included,municipality,Ásahreppur,137,0.06569343065693431,0.0013404694578437032,0.00011218727796267903,4.919980925828125,0.0005519592676969588
2004,all,zeros_included,municipality,Austur-Eyjafjallahreppur,282,0.0,0.0027592145044666007,0.0,0.0,0.0
2004,all,zeros_included,municipality,Austur-Landeyjahreppur,200,0.0,0.001956889719479859,0.0,0.0,0.0
2004,all,zeros_included,municipality,Biskupstungnahreppur,1989,1.9592760180995474,0.019461268260227194,0.048577091357840024,2.781098315653778,0.1350976669546486
2004,all,zeros_included,municipality,Djúpárhreppur,120,1.8,0.0011741338316879153,0.002692494671104297,2.4424043891414646,0.006576160802445139
2004,all,zeros_included,municipality,Fljótshlíðarhreppur,414,0.0,0.0040507617193233075,0.0,0.0,0.0
2004,all,zeros_included,municipality,Gaulverjabæjarhreppur,84,0.0,0.0008218936821815406,0.0,0.0,0.0
2004,all,zeros_included,municipality,Gnúpverjahreppur,1127,0.14108251996450755,0.011027073569269004,0.0019819752440073295,4.091063681365198,0.008108386938123312
2004,all,zeros_included,municipality,Grímsnes- og Grafningshreppur,889,1.1586051743532058,0.008698374803087971,0.012839210700173267,2.5233283939395053,0.03239754491551912
2004,all,zeros_included,municipality,Holta- og Landasveit,1604,0.11408977556109726,0.015694255550228468,0.0022811413185744736,4.724873837986385,0.010778104936882296
2004,all,zeros_included,municipality,Hraungerðishreppur,98,2.5918367346938775,0.0009588759625451307,0.0031661742891689417,2.4643874939549413,0.0078026803219096155
2004,all,zeros_included,municipality,Hrunamannahreppur,1212,2.801980198019802,0.011858751700047944,0.04233199955125089,2.446091903089591,0.103547961343907
2004,all,zeros_included,municipality,Hveragerði,11,56.81818181818182,0.00010762893457139223,0.007790783191852711,0.003498709699257141,2.7257688718144588e-05
2004,all,zeros_included,municipality,Hvolhreppur,238,1.7983193277310925,0.002328698766181032,0.005335128329780736,2.45679564790363,0.013107320061612675
2004,all,zeros_included,municipality,Laugardalshreppur,649,1.0523882896764252,0.006350107139712142,0.008513767872056642,2.780752949759421,0.023674685123788498
2004,all,zeros_included,municipality,Mýrdalshreppur,764,0.0,0.007475318728413061,0.0,0.0,0.0
2004,all,zeros_included,municipality,Ölfushreppur,739,6.654939106901218,0.007230707513478078,0.06130411478005061,1.4246226119721033,0.08733522812259331
2004,all,zeros_included,municipality,Rangárvallahreppur,1446,0.06293222683264177,0.014148312671839379,0.0011343380327337547,5.571875236086553,0.006320389993940346
2004,all,zeros_included,municipality,Skaftárhreppur,6922,0.0,0.06772795319119791,0.0,0.0,0.0
2004,all,zeros_included,municipality,Skeiðahreppur,1280,0.08828125,0.012524094204671096,0.0014085736010869701,4.226480775616357,0.005953309246034783
2004,all,zeros_included,municipality,Sveitarfélagið Árborg,149,12.208053691275168,0.0014578828410124946,0.02267429540156813,0.9581479517871827,0.02172532969723004
2004,all,zeros_included,municipality,Þingvallahreppur,647,0.0,0.006330538242517343,0.0,0.0,0.0
2004,all,zeros_included,municipality,Uten navn - sysla,123,0.0,0.0012034871774801131,0.0,0.0,0.0
2004,all,zeros_included,municipality,Vestmannaeyjar,15,32.93333333333333,0.00014676672896098941,0.006157835034840383,0.2627733602949571,0.0016181150042470218
2004,all,zeros_included,municipality,Vestur-Eyjafjallahreppur,469,0.0,0.0045889063921802685,0.0,0.0,0.0
2004,all,zeros_included,municipality,Vestur-Landeyjahreppur,186,0.0,0.0018199074391162687,0.0,0.0,0.0
2004,all,zeros_included,municipality,Villingaholtshreppur,2932,0.10402455661664393,0.028688003287574728,0.0038019021976241226,5.395422368340564,0.02051286815930434
2004,all,zeros_included,municipality,Grindavík,456,3.557017543859649,0.004461708560414078,0.020218640539496156,2.107297115816388,0.04260668289460855
2004,all,zeros_included,municipality,Reykjanesbær,132,16.053030303030305,0.0012915472148567067,0.02641387133365743,0.8524102418100452,0.022515454450662352
2004,all,zeros_included,municipality,Sandgerði,88,46.88636363636363,0.0008610314765711379,0.051431634319334854,0.07179759440495292,0.003692667620443461
2004,all,zeros_included,municipality,Vatnsleysustrandarhreppur,155,8.070967741935483,0.0015165895325968905,0.015594031636812385,0.9993251330027402,0.015583507739506475
2004,all,zeros_included,municipality,Árneshreppur,682,0.0,0.006672993943426318,0.0,0.0,0.0
2004,all,zeros_included,municipality,Bæjarhreppur,497,0.1529175050301811,0.004862870952907449,0.0009473592361292896,3.8006278463666234,0.003600559893345591
2004,all,zeros_included,municipality,Bolungarvík,85,10.223529411764705,0.00083167813077894,0.010832304949952009,0.5596135674866058,0.006061904817145463
2004,all,zeros_included,municipality,Broddaneshreppur,284,0.0,0.0027787834016613994,0.0,0.0,0.0
2004,all,zeros_included,municipality,Hólmavíkurhreppur,1327,0.20422004521477016,0.012983963288748863,0.0033780835919873355,4.181965787862999,0.014127030010232387
2004,all,zeros_included,municipality,Ísafjarðarbær,2337,1.0658964484381686,0.02286625637212215,0.031050945489448162,2.826355358436263,0.08776100616861413
2004,all,zeros_included,municipality,Kaldrananeshreppur,471,0.008492569002123142,0.004608475289375067,4.986101242785735e-05,6.154858094016418,0.000306887455917451
2004,all,zeros_included,municipality,Kirkjubólshreppur,159,0.0,0.0015557273269864876,0.0,0.0,0.0
2004,all,zeros_included,municipality,Reykhólahreppur,1149,0.017406440382941687,0.011242331438411789,0.00024930506213928673,5.281590025623126,0.0013167271295322104
2004,all,zeros_included,municipality,Súðavíkurhreppur,733,0.2742155525238745,0.007172000821893682,0.0025055158744998317,3.6940046820956747,0.009255387371467418
2004,all,zeros_included,municipality,Vesturbyggð,1511,0.39774983454665785,0.014784301830670333,0.007491617117285567,3.587111368082297,0.02687326492673498
2004,all,zeros_included,municipality,Akranes,7,44.142857142857146,6.849114018179505e-05,0.00385176321005198,0.10264621395459583,0.00039536891056143636
2004,all,zeros_included,municipality,Borgarbyggð,1847,1.1326475365457498,0.018071876559396495,0.026077309499769392,3.0126664825118765,0.0785622362840438
2004,all,zeros_included,municipality,Borgarfjarðarsveit,1259,0.03812549642573471,0.012318620784125711,0.0005983321491342882,4.592711495529261,0.002747966939473773
2004,all,zeros_included,municipality,Dalabyggð,2172,0.04419889502762431,0.021251822353551265,0.0011966642982685763,5.577935268318393,0.006674915993649774
2004,all,zeros_included,municipality,Eyja- og Miklaholtshreppur,405,0.0,0.003962701681946714,0.0,0.0,0.0
2004,all,zeros_included,municipality,Eyrarsveit,141,2.9574468085106385,0.0013796072522333004,0.005198010545604128,2.034417996887501,0.010574926201988057
2004,all,zeros_included,municipality,Helgafellssveit,246,1.2479674796747968,0.0024069743549602262,0.0038268327038380513,3.013688748182339,0.011532882660732931
2004,all,zeros_included,municipality,Hvalfjarðarstrandarhreppur,291,0.8556701030927835,0.0028472745418431943,0.00310384802363412,2.993544591199527,0.009291507463055262
2004,all,zeros_included,municipality,Hvítársíðuhreppur,1477,0.0,0.014451630578358757,0.0,0.0,0.0
2004,all,zeros_included,municipality,Innri-Akraneshreppur,28,9.071428571428571,0.0002739645607271802,0.0031661742891689417,0.6085884961018402,0.0019268972490416392
2004,all,zeros_included,municipality,Kolbeinsstaðahreppur,391,0.0,0.003825719401583124,0.0,0.0,0.0
2004,all,zeros_included,municipality,Leirár- og Melahreppur,136,0.4264705882352941,0.0013306850092463039,0.0007229846802039316,3.044204326919214,0.0022009130917731126
2004,all,zeros_included,municipality,Saurbæjarhreppur,255,0.0,0.00249503439233682,0.0,0.0,0.0
2004,all,zeros_included,municipality,Skilmannahreppur,52,10.557692307692308,0.0005087913270647633,0.006843423955723421,0.5355924280257662,0.003665286052455601
2004,all,zeros_included,municipality,Skorradalshreppur,207,0.043478260869565216,0.0020253808596616537,0.00011218727796267903,4.337691803085848,0.0004866338360292264
2004,all,zeros_included,municipality,Snæfellsbær,697,0.7604017216642754,0.0068197606723873075,0.006606584146691099,3.1260244071959695,0.020652343290750334
2004,all,lit_only,region,Austurland,535,16.349532710280375,0.1275023832221163,0.10903356892661706,0.3265640139950703,0.03560643992888424
2004,all,lit_only,region,Höfuðborgarsvæði,591,29.712351945854483,0.14084842707340325,0.21888984455829374,0.3363809253655483,0.07363036846563988
2004,all,lit_only,region,Norðurland eystra,902,14.92461197339246,0.2149666348903718,0.1678072373259539,0.3674694855667515,0.06166403917454606
2004,all,lit_only,region,Norðurland vestra,257,12.704280155642023,0.06124880838894185,0.04069905139423856,0.3701674176460994,0.015065462755251169
2004,all,lit_only,region,Suðurland,923,20.173347778981583,0.21997140133460438,0.23210301285167595,0.32646818223102914,0.07577424869603185
2004,all,lit_only,region,Suðurnes,312,29.224358974358974,0.07435653002859867,0.11365817782930082,0.26605426214087924,0.030239242638651468
2004,all,lit_only,region,Vestfirðir,352,12.877840909090908,0.08388941849380362,0.05650499233386934,0.23937113555193124,0.013525664179311473
2004,all,lit_only,region,Vesturland,324,15.179012345679013,0.07721639656816015,0.06130411478005061,0.33362835845682737,0.020452791180717213
2004,all,lit_only,municipality,Austur-Hérað,52,25.03846153846154,0.012392755004766444,0.016229759545267567,0.26939270671619875,0.0043721788532526925
2004,all,lit_only,municipality,Búðahreppur,17,25.176470588235293,0.004051477597712107,0.005335128329780736,0.2103071061175803,0.0011220153998021062
2004,all,lit_only,municipality,Djúpavogshreppur,12,14.166666666666666,0.002859866539561487,0.0021190930281839372,0.3361882601904722,0.0007124141983269171
2004,all,lit_only,municipality,Fáskrúðsfjarðarhr.,18,13.333333333333334,0.004289799809342231,0.002991660745671441,0.15053423627748108,0.00045034736555096995
2004,all,lit_only,municipality,Fellahreppur,23,22.782608695652176,0.00548141086749285,0.006531792628049313,0.21804275371284687,0.0014242100513011452
2004,all,lit_only,municipality,Fjarðabyggð,138,16.55072463768116,0.0328884652049571,0.028470638096306546,0.30717425319604086,0.008745446995247713
2004,all,lit_only,municipality,Fljótsdalshreppur,53,6.754716981132075,0.012631077216396568,0.004462560612293233,0.14522570883459007,0.000648078528137607
2004,all,lit_only,municipality,Mjóafjarðarhreppur,14,12.142857142857142,0.003336510962821735,0.0021190930281839372,0.13494327591599964,0.00028595735519389625
2004,all,lit_only,municipality,Norður-Hérað,123,12.94308943089431,0.029313632030505243,0.019844682946287225,0.33590592791392204,0.006665946639230195
2004,all,lit_only,municipality,Seyðisfjörður,44,23.454545454545453,0.010486177311725452,0.012864141206387196,0.19198977803863215,0.0024697836148718996
2004,all,lit_only,municipality,Skeggjastaðahreppur,5,2.8,0.0011916110581506197,0.00017451354349750072,0.059611866555898896,1.040307806717007e-05
2004,all,lit_only,municipality,Stöðvarhreppur,2,11.5,0.00047664442326024784,0.00028670082146017975,0.008530902758641101,2.445816828699317e-06
2004,all,lit_only,municipality,Sveitarfélagið Hornafjörður,14,24.714285714285715,0.003336510962821735,0.0043129775750096605,0.1919164537063529,0.0008277313611108798
2004,all,lit_only,municipality,Vopnafjarðarhreppur,20,13.2,0.004766444232602479,0.003290826820238585,0.287916571731234,0.0009474835762442912
2004,all,lit_only,municipality,Bessastaðahreppur,6,61.5,0.0014299332697807435,0.004599678396469841,0.0003900327679842164,1.7940252968123338e-06
2004,all,lit_only,municipality,Garðabær,36,49.638888888888886,0.008579599618684462,0.02227540730214527,0.06769346186751246,0.0015078994347910795
2004,all,lit_only,municipality,Hafnarfjörður,93,30.387096774193548,0.022163965681601526,0.035226805280281215,0.2745847960532566,0.0096727451434938
2004,all,lit_only,municipality,Kjósarhreppur,13,3.4615384615384617,0.003098188751191611,0.0005609363898133952,0.10135117024331386,5.685155953964728e-05
2004,all,lit_only,municipality,Kópavogur,89,19.707865168539325,0.02121067683508103,0.021864053949615447,0.5323235721065838,0.011638751299190356
2004,all,lit_only,municipality,Mosfellsbær,130,25.16923076923077,0.03098188751191611,0.04078630816598731,0.39798596353838533,0.016232378154613973
2004,all,lit_only,municipality,Reykjavík,224,33.513392857142854,0.05338417540514776,0.09357665507398127,0.26327095068580997,0.024636014943325173
2004,all,lit_only,municipality,Aðaldælahreppur,60,10.233333333333333,0.014299332697807437,0.0076536654076761025,0.26272830241929324,0.0020108345198440103
2004,all,lit_only,municipality,Akureyri,77,34.18181818181818,0.01835081029551954,0.03280854617753014,0.23409186872977195,0.007680213885005046
2004,all,lit_only,municipality,Arnarneshreppur,20,7.3,0.004766444232602479,0.001819926953616793,0.13863140628477977,0.0002522990329154712
2004,all,lit_only,municipality,Dalvíkurbyggð,113,12.929203539823009,0.026930409914204003,0.018211734789274896,0.25707687847192684,0.004681815931185385
2004,all,lit_only,municipality,Eyjafjarðarsveit,126,12.365079365079366,0.030028598665395614,0.019420864340650438,0.3217527017188795,0.006248715571320123
2004,all,lit_only,municipality,Glæsibæjarhreppur,103,16.097087378640776,0.024547187797902766,0.02066738965134687,0.2878018349142213,0.005948112664544818
2004,all,lit_only,municipality,Grýtubakkahreppur,55,17.363636363636363,0.013107721639656816,0.011904316717150941,0.32626103195767486,0.0038839146568886663
2004,all,lit_only,municipality,Hálshreppur,39,6.410256410256411,0.009294566253574834,0.0031163132767410844,0.2199317321686629,0.0006853761769338685
2004,all,lit_only,municipality,Hríseyjarhreppur,6,7.5,0.0014299332697807435,0.0005609363898133952,0.1701449094526324,9.544047125348663e-05
2004,all,lit_only,municipality,Húsavík,29,25.75862068965517,0.006911344137273594,0.00931154407090236,0.22751599275393497,0.0021185251933633674
2004,all,lit_only,municipality,Ólafsfjörður,57,15.56140350877193,0.013584366062917064,0.011056679505877368,0.18030367054532892,0.001993559898953003
2004,all,lit_only,municipality,Öxarfjarðarhreppur,12,7.833333333333333,0.002859866539561487,0.0011717337920546477,0.058401088776658394,6.843052921239406e-05
2004,all,lit_only,municipality,Öxnadalshreppur,16,3.0625,0.0038131553860819827,0.0006107974022412525,0.06208607909741204,3.79220158280442e-05
2004,all,lit_only,municipality,Reykdælahreppur,25,4.36,0.005958055290753098,0.0013587125886591128,0.28081010444228616,0.0003815402239284144
2004,all,lit_only,municipality,Reykjahreppur,19,9.105263157894736,0.004528122020972355,0.0021564887875048303,0.4290260214192516,0.0009251898047384232
2004,all,lit_only,municipality,Siglufjörður,63,20.095238095238095,0.015014299332697807,0.01578101043341685,0.21519355621394975,0.003395971755816416
2004,all,lit_only,municipality,Skriðuhreppur,20,5.8,0.004766444232602479,0.0014459693604078631,0.22636448592061598,0.0003273161109256878
2004,all,lit_only,municipality,Skútustaðahreppur,53,11.566037735849056,0.012631077216396568,0.007641200154569139,0.21036874339695055,0.001607469674561294
2004,all,lit_only,municipality,Þórshafnarhreppur,9,9.88888888888889,0.0021448999046711154,0.001109407526519826,0.2153347836919708,0.00023889402974939107
2004,all,lit_only,municipality,Akrahreppur,2,3.5,0.00047664442326024784,8.725677174875036e-05,0.0102390758594737,8.934287051882366e-07
2004,all,lit_only,municipality,Blönduós,9,31.77777777777778,0.0021448999046711154,0.0035650623885918,0.055739375433717875,0.00019871435092234536
2004,all,lit_only,municipality,Bólstaðarhlíðarhreppur,1,8.0,0.00023832221163012392,9.97220248557147e-05,0.0,0.0
2004,all,lit_only,municipality,Engihlíðarhreppur,6,12.666666666666666,0.0014299332697807435,0.0009473592361292896,0.09691262025163638,9.181106589287817e-05
2004,all,lit_only,municipality,Höfðahreppur,5,13.8,0.0011916110581506197,0.0008601024643805393,0.028383090074254547,2.441236571960116e-05
2004,all,lit_only,municipality,Húnaþing vestra,64,8.0,0.015252621544327931,0.006382209590765741,0.26527995828723006,0.0016930722940186954
2004,all,lit_only,municipality,Sveinsstaðahreppur,9,3.111111111111111,0.0021448999046711154,0.00034902708699500144,0.17753262441299578,6.19636947454456e-05
2004,all,lit_only,municipality,Sveitarfélagið Skagafjörður,118,14.491525423728813,0.028122020972354625,0.021315582812909017,0.4024235041432096,0.00857789152842562
2004,all,lit_only,municipality,Svínavatnshreppur,29,13.517241379310345,0.006911344137273594,0.00488637921793002,0.2251439588571138,0.0011001387616018923
2004,all,lit_only,municipality,Torfalækjarhreppur,8,15.875,0.0019065776930409914,0.0015830871445844709,0.19096197898247924,0.0003023094540315728
2004,all,lit_only,municipality,Vindhælishreppur,6,8.333333333333334,0.0014299332697807435,0.0006232626553482169,0.1285672378258944,8.013115803815266e-05
2004,all,lit_only,municipality,Ásahreppur,1,9.0,0.00023832221163012392,0.00011218727796267903,0.0,0.0
2004,all,lit_only,municipality,Biskupstungnahreppur,147,26.510204081632654,0.03503336510962822,0.048577091357840024,0.1761436235785423,0.008556544894675833
2004,all,lit_only,municipality,Djúpárhreppur,11,19.636363636363637,0.002621544327931363,0.002692494671104297,0.05280791915778904,0.0001421850409244535
2004,all,lit_only,municipality,Gnúpverjahreppur,25,6.36,0.005958055290753098,0.0019819752440073295,0.28262499219362236,0.0005601557378655242
2004,all,lit_only,municipality,Grímsnes- og Grafningshreppur,93,11.075268817204302,0.022163965681601526,0.012839210700173267,0.26583065157885644,0.003413055746185285
2004,all,lit_only,municipality,Holta- og Landasveit,19,9.631578947368421,0.004528122020972355,0.0022811413185744736,0.28905702872636585,0.0006593799316520817
2004,all,lit_only,municipality,Hraungerðishreppur,11,23.09090909090909,0.002621544327931363,0.0031661742891689417,0.2773152880827401,0.0008780285351210499
2004,all,lit_only,municipality,Hrunamannahreppur,126,26.952380952380953,0.030028598665395614,0.04233199955125089,0.18234664341180906,0.007719098027080807
2004,all,lit_only,municipality,Hveragerði,11,56.81818181818182,0.002621544327931363,0.007790783191852711,0.003498709699257141,2.7257688718144588e-05
2004,all,lit_only,municipality,Hvolhreppur,25,17.12,0.005958055290753098,0.005335128329780736,0.2034007991003559,0.001085169365580349
2004,all,lit_only,municipality,Laugardalshreppur,56,12.196428571428571,0.01334604385128694,0.008513767872056642,0.33067192379048027,0.0028152640009585536
2004,all,lit_only,municipality,Ölfushreppur,272,18.080882352941178,0.06482364156339371,0.06130411478005061,0.4251267573198989,0.026062019526809803
2004,all,lit_only,municipality,Rangárvallahreppur,6,15.166666666666666,0.0014299332697807435,0.0011343380327337547,0.087078302595899,9.877623046042667e-05
2004,all,lit_only,municipality,Skeiðahreppur,22,5.136363636363637,0.005243088655862726,0.0014085736010869701,0.16290787206100976,0.00022946772799439192
2004,all,lit_only,municipality,Sveitarfélagið Árborg,69,26.36231884057971,0.01644423260247855,0.02267429540156813,0.1883081504389832,0.004269754629576436
2004,all,lit_only,municipality,Vestmannaeyjar,12,41.166666666666664,0.002859866539561487,0.006157835034840383,0.039629808980747416,0.00024403382616567848
2004,all,lit_only,municipality,Villingaholtshreppur,17,17.941176470588236,0.004051477597712107,0.0038019021976241226,0.2451956493902383,0.0009322098782646209
2004,all,lit_only,municipality,Grindavík,83,19.542168674698797,0.019780743565300286,0.020218640539496156,0.4036449140985998,0.008161151423755394
2004,all,lit_only,municipality,Reykjanesbær,76,27.88157894736842,0.01811248808388942,0.02641387133365743,0.3003416595100057,0.00793318595043444
2004,all,lit_only,municipality,Sandgerði,87,47.42528735632184,0.020734032411820782,0.051431634319334854,0.06036889858133021,0.0031048711160959882
2004,all,lit_only,municipality,Vatnsleysustrandarhreppur,66,18.954545454545453,0.01572926596758818,0.015594031636812385,0.14555475810991902,0.0022697855028546514
2004,all,lit_only,municipality,Bæjarhreppur,13,5.846153846153846,0.003098188751191611,0.0009473592361292896,0.15698717773153148,0.00014872325277783669
2004,all,lit_only,municipality,Bolungarvík,58,14.982758620689655,0.013822688274547188,0.010832304949952009,0.17740532154270872,0.0019217085426949114
2004,all,lit_only,municipality,Hólmavíkurhreppur,25,10.84,0.005958055290753098,0.0033780835919873355,0.2101655783989922,0.0007099568919901635
2004,all,lit_only,municipality,Ísafjarðarbær,175,14.234285714285715,0.041706387035271686,0.031050945489448162,0.2345179978209191,0.007282005566631881
2004,all,lit_only,municipality,Kaldrananeshreppur,1,4.0,0.00023832221163012392,4.986101242785735e-05,0.0,0.0
2004,all,lit_only,municipality,Reykhólahreppur,6,3.3333333333333335,0.0014299332697807435,0.00024930506213928673,0.02670221700242581,6.656997869046485e-06
2004,all,lit_only,municipality,Súðavíkurhreppur,22,9.136363636363637,0.005243088655862726,0.0025055158744998317,0.18790143356733902,0.00047079002464424347
2004,all,lit_only,municipality,Vesturbyggð,52,11.557692307692308,0.012392755004766444,0.007491617117285567,0.21782812439098453,0.0016318849053137093
2004,all,lit_only,municipality,Akranes,7,44.142857142857146,0.0016682554814108675,0.00385176321005198,0.10264621395459583,0.00039536891056143636
2004,all,lit_only,municipality,Borgarbyggð,125,16.736,0.02979027645376549,0.026077309499769392,0.31966223961493734,0.008335931157828165
2004,all,lit_only,municipality,Borgarfjarðarsveit,16,3.0,0.0038131553860819827,0.0005983321491342882,0.22722718372469508,0.00013595732917972856
2004,all,lit_only,municipality,Dalabyggð,9,10.666666666666666,0.0021448999046711154,0.0011966642982685763,0.09175616460078606,0.00010980132632381564
2004,all,lit_only,municipality,Eyrarsveit,22,18.954545454545453,0.005243088655862726,0.005198010545604128,0.17670055986764854,0.0009184913736061907
2004,all,lit_only,municipality,Helgafellssveit,17,18.058823529411764,0.004051477597712107,0.0038268327038380513,0.34157055630619215,0.0013071333755406925
2004,all,lit_only,municipality,Hvalfjarðarstrandarhreppur,18,13.833333333333334,0.004289799809342231,0.00310384802363412,0.21059308192419923,0.0006536489211214441
2004,all,lit_only,municipality,Innri-Akraneshreppur,23,11.043478260869565,0.00548141086749285,0.0031661742891689417,0.41187820185578605,0.0013040781729849254
2004,all,lit_only,municipality,Leirár- og Melahreppur,7,8.285714285714286,0.0016682554814108675,0.0007229846802039316,0.07745959023847515,5.6002097077291535e-05
2004,all,lit_only,municipality,Skilmannahreppur,37,14.837837837837839,0.008817921830314586,0.006843423955723421,0.1952666220885635,0.0013362922793540674
2004,all,lit_only,municipality,Skorradalshreppur,3,3.0,0.0007149666348903718,0.00011218727796267903,0.10358529848858833,1.1620952674386335e-05
2004,all,lit_only,municipality,Snæfellsbær,40,13.25,0.009532888465204958,0.006606584146691099,0.2681184505493821,0.001771347104834929
2005,all,zeros_included,region,Austurland,22467,0.4902301152801887,0.21982720663776992,0.12278296155089573,3.713976702223388,0.4560130586300168
2005,all,zeros_included,region,Höfuðborgarsvæði,1034,17.689555125725338,0.01011711984971087,0.2039062238721113,0.8033789269091383,0.1638139633244713
2005,all,zeros_included,region,Norðurland eystra,21869,0.6625817367049248,0.21397610637652514,0.16153305909501353,3.449733859997172,0.5572460634689923
2005,all,zeros_included,region,Norðurland vestra,12430,0.36862429605792435,0.12162069606567322,0.05107967403542802,3.651492479690446,0.18651704560540477
2005,all,zeros_included,region,Suðurland,24726,0.8410984388902369,0.24193027601929493,0.23184285921318126,3.4317588861043395,0.7956287922846721
2005,all,zeros_included,region,Suðurnes,831,11.433212996389893,0.008130876784438813,0.10591619009397679,1.1539370836686418,0.12222061951033707
2005,all,zeros_included,region,Vestfirðir,9235,0.5718462371413102,0.09035938279698248,0.058872055561129503,3.4876122597156476,0.20532290272965603
2005,all,zeros_included,region,Vesturland,9611,0.5979606700655499,0.0940383354696046,0.06406697657826382,3.4833799821364635,0.22316962372872987
2005,all,zeros_included,municipality,Austur-Hérað,1563,0.7978246960972489,0.015293093157735096,0.013901430275464588,3.6914166215079036,0.051315970781583176
2005,all,zeros_included,municipality,Borgarfjarðarhreppur,419,0.0,0.004099683962310304,0.0,0.0,0.0
2005,all,zeros_included,municipality,Breiðdalshreppur,452,0.03761061946902655,0.004422570766024481,0.0001895142860327971,4.3313793470196345,0.000820858264487629
2005,all,zeros_included,municipality,Búðahreppur,25,17.04,0.00024461121493498235,0.004749005049998328,0.6025407797327009,0.002861469205780527
2005,all,zeros_included,municipality,Djúpavogshreppur,1146,0.15357766143106458,0.011212978092619591,0.00196203025539837,4.8768260126888725,0.009568480187209363
2005,all,zeros_included,municipality,Fáskrúðsfjarðarhr.,219,1.4018264840182648,0.0021427942428304454,0.003422405047768748,2.202555301822381,0.007538036382946736
2005,all,zeros_included,municipality,Fellahreppur,336,1.6517857142857142,0.0032875747287261625,0.006187084044011906,2.782821122454273,0.017217548164076137
2005,all,zeros_included,municipality,Fjarðabyggð,635,4.563779527559055,0.006213124859348551,0.03230661181900271,1.4637178581065295,0.04728776465438974
2005,all,zeros_included,municipality,Fljótsdalshreppur,1531,0.5519268451992162,0.014979990802618318,0.009419974805747857,2.8003566795358457,0.02637928936833539
2005,all,zeros_included,municipality,Mjóafjarðarhreppur,187,0.8342245989304813,0.0018296918877136678,0.0017390722718303735,2.7504416487120484,0.00478321680656254
2005,all,zeros_included,municipality,Norður-Hérað,6977,0.3601834599398022,0.06826609786405487,0.028014670635318775,3.9497621359006474,0.11065128532510983
2005,all,zeros_included,municipality,Seyðisfjörður,208,5.418269230769231,0.002035165308259053,0.012563682374056608,1.571014036355462,0.01973772135795465
2005,all,zeros_included,municipality,Skeggjastaðahreppur,589,0.04753820033955857,0.005763040223868184,0.00031214117699519524,4.398581293463044,0.0013729783420506029
2005,all,zeros_included,municipality,Stöðvarhreppur,85,0.7764705882352941,0.00083167813077894,0.0007357613457743889,2.134547594411454,0.0015705176106836556
2005,all,zeros_included,municipality,Sveitarfélagið Hornafjörður,6214,0.058577405857740586,0.06080056358423921,0.004057835300937538,6.113970664799593,0.024809485992520336
2005,all,zeros_included,municipality,Vopnafjarðarhreppur,1881,0.15364167995746944,0.018404547811708073,0.003221742862557551,4.720866518214404,0.015209418010144173
2005,all,zeros_included,municipality,Bessastaðahreppur,6,61.5,5.870669158439576e-05,0.004113574796829537,0.0003900327679842164,1.604428964317535e-06
2005,all,zeros_included,municipality,Garðabær,36,49.888888888888886,0.0003522401495063746,0.020021626924406094,0.06391235823149577,0.0012796293923700033
2005,all,zeros_included,municipality,Hafnarfjörður,143,20.643356643356643,0.001399176149428099,0.0329085983746363,0.6339415306376477,0.02086212722475654
2005,all,zeros_included,municipality,Kjósarhreppur,273,0.34065934065934067,0.002671154467090007,0.0010367546235911843,2.425760233058432,0.002514918137346958
2005,all,zeros_included,municipality,Kópavogur,107,17.91588785046729,0.0010469359999217243,0.021370522724992475,0.5235651009905364,0.011188859888731239
2005,all,zeros_included,municipality,Mosfellsbær,198,17.858585858585858,0.0019373208222850601,0.0394189714948218,0.6424037742334803,0.0253228960646755
2005,all,zeros_included,municipality,Reykjavík,271,28.14760147601476,0.0026515855698952084,0.08503617493283391,0.4189713400948971,0.03562772016815352
2005,all,zeros_included,municipality,Aðaldælahreppur,561,1.1871657754010696,0.005489075663141003,0.007424500852814287,2.3641343173692797,0.017552517255475738
2005,all,zeros_included,municipality,Akureyri,117,24.35042735042735,0.0011447804858957173,0.03176036475926112,0.5224952694618326,0.01659464034309623
2005,all,zeros_included,municipality,Arnarneshreppur,77,2.103896103896104,0.0007534025419997456,0.0018059596669007724,1.3572945587197154,0.0024512192291516882
2005,all,zeros_included,municipality,Bárðdælahreppur,3151,0.0,0.030830797530405175,0.0,0.0,0.0
2005,all,zeros_included,municipality,Dalvíkurbyggð,575,2.8417391304347825,0.005626057943504594,0.018215667257505324,1.7012780293960397,0.03098991449598262
2005,all,zeros_included,municipality,Eyjafjarðarsveit,1796,0.9432071269487751,0.01757286968092913,0.018884541208209312,2.896113854097481,0.05469178142136977
2005,all,zeros_included,municipality,Glæsibæjarhreppur,120,14.808333333333334,0.0011741338316879153,0.019809816840016498,0.3752635585255324,0.0074339023611236085
2005,all,zeros_included,municipality,Grímseyjarhreppur,5,0.0,4.892224298699647e-05,0.0,0.0,0.0
2005,all,zeros_included,municipality,Grýtubakkahreppur,490,1.8775510204081634,0.004794379812725654,0.010256067244127844,2.6206476685264706,0.026877538711574337
2005,all,zeros_included,municipality,Hálshreppur,1471,0.16927260367097213,0.01439292388677436,0.002775826895421558,3.9627759420470365,0.010999980040463665
2005,all,zeros_included,municipality,Hríseyjarhreppur,7,6.714285714285714,6.849114018179505e-05,0.000523951261384792,0.2763165884756813,0.0001447764250733757
2005,all,zeros_included,municipality,Húsavík,66,10.984848484848484,0.0006457736074283534,0.008082226904339877,1.1145068989235747,0.009007697643552519
2005,all,zeros_included,municipality,Kelduneshreppur,720,0.0,0.0070448029901274915,0.0,0.0,0.0
2005,all,zeros_included,municipality,Ljósavatnshreppur,401,0.0,0.003923563887557117,0.0,0.0,0.0
2005,all,zeros_included,municipality,Ólafsfjörður,202,4.9950495049504955,0.0019764586166746575,0.01124823027100543,1.2327793971358831,0.013866586532335665
2005,all,zeros_included,municipality,Öxarfjarðarhreppur,2684,0.04843517138599106,0.026261460035419702,0.001449226893191978,5.085895598783747,0.007370616677724123
2005,all,zeros_included,municipality,Öxnadalshreppur,289,0.2906574394463668,0.0028277056446483957,0.0009364235309855857,2.949493502110847,0.0027619751198656806
2005,all,zeros_included,municipality,Reykdælahreppur,390,0.3923076923076923,0.0038159349529857246,0.0017056285742951742,2.7936902125517626,0.004764997854257045
2005,all,zeros_included,municipality,Reykjahreppur,191,1.0052356020942408,0.0018688296821032652,0.0021403966422527676,2.601767421595697,0.005568814253106071
2005,all,zeros_included,municipality,Siglufjörður,137,9.072992700729927,0.0013404694578437032,0.01385683867875099,1.0447287516909824,0.014476637775234844
2005,all,zeros_included,municipality,Skriðuhreppur,403,0.6104218362282878,0.003943132784751916,0.0027423831978863585,2.3596699672292303,0.006471119270686495
2005,all,zeros_included,municipality,Skútustaðahreppur,6033,0.10442565887618101,0.05902957838810994,0.007023176482391893,4.961568749993678,0.03484597296072614
2005,all,zeros_included,municipality,Svalbarðshreppur,1098,0.0,0.010743324559944424,0.0,0.0,0.0
2005,all,zeros_included,municipality,Þórshafnarhreppur,709,0.11283497884344147,0.006937174055556099,0.0008918319342719864,4.831955021644037,0.004309291793268039
2005,all,zeros_included,municipality,Tjörneshreppur,176,0.0,0.0017220629531422757,0.0,0.0,0.0
2005,all,zeros_included,municipality,Akrahreppur,1359,0.0029433406916850625,0.01329706564386564,4.459159671359932e-05,7.214504414151144,0.00032170627132430997
2005,all,zeros_included,municipality,Áshreppur,1150,0.0,0.011252115887009188,0.0,0.0,0.0
2005,all,zeros_included,municipality,Blönduós,15,20.8,0.00014676672896098941,0.003478144543660747,0.34694384241605114,0.0012067208324560823
2005,all,zeros_included,municipality,Bólstaðarhlíðarhreppur,1340,0.008955223880597015,0.013111161120515054,0.00013377479014079798,6.563910724650144,0.0008780857796930063
2005,all,zeros_included,municipality,Engihlíðarhreppur,166,0.6445783132530121,0.0016242184671682828,0.0011928252120887819,2.6627371416949273,0.0031761799957789284
2005,all,zeros_included,municipality,Höfðahreppur,48,1.8125,0.00046965353267516607,0.0009698672285207852,2.066048769704911,0.00200379299426248
2005,all,zeros_included,municipality,Húnaþing vestra,2461,0.3157253149126371,0.02407952799819966,0.008661917661616668,3.4448700010980096,0.029839180304484278
2005,all,zeros_included,municipality,Skagahreppur,272,0.0,0.0026613700184926078,0.0,0.0,0.0
2005,all,zeros_included,municipality,Sveinsstaðahreppur,118,1.4322033898305084,0.0011545649344931166,0.0018839949611495713,1.3791310078935255,0.0025982758696365318
2005,all,zeros_included,municipality,Sveitarfélagið Skagafjörður,4110,0.5411192214111922,0.040214083735311094,0.024792927772761222,3.4240869240503446,0.08489313979563634
2005,all,zeros_included,municipality,Svínavatnshreppur,979,0.5097037793667007,0.009578975176853908,0.005562801690021516,3.3264130356322275,0.018504176056324553
2005,all,zeros_included,municipality,Torfalækjarhreppur,187,1.6524064171122994,0.0018296918877136678,0.003444700846125548,1.9607785922438798,0.006754295675767353
2005,all,zeros_included,municipality,Vindhælishreppur,225,0.36444444444444446,0.002201500934414841,0.0009141277326287861,3.4170376464323526,0.0031236088760404103
2005,all,zeros_included,municipality,Ásahreppur,137,0.0,0.0013404694578437032,0.0,0.0,0.0
2005,all,zeros_included,municipality,Austur-Eyjafjallahreppur,282,0.0,0.0027592145044666007,0.0,0.0,0.0
2005,all,zeros_included,municipality,Austur-Landeyjahreppur,200,0.0,0.001956889719479859,0.0,0.0,0.0
2005,all,zeros_included,municipality,Biskupstungnahreppur,1989,2.111111111111111,0.019461268260227194,0.046810028650100886,2.7289737227661237,0.12774333814805472
2005,all,zeros_included,municipality,Djúpárhreppur,120,1.725,0.0011741338316879153,0.002307615129928765,2.522878638942219,0.0058218329181971545
2005,all,zeros_included,municipality,Fljótshlíðarhreppur,414,0.0,0.0040507617193233075,0.0,0.0,0.0
2005,all,zeros_included,municipality,Gaulverjabæjarhreppur,84,0.0,0.0008218936821815406,0.0,0.0,0.0
2005,all,zeros_included,municipality,Gnúpverjahreppur,1127,0.24489795918367346,0.011027073569269004,0.0030768201732383534,3.554064660015597,0.0109352178429295
2005,all,zeros_included,municipality,Grímsnes- og Grafningshreppur,889,1.8830146231721034,0.008698374803087971,0.018661583224641315,1.8451693024613207,0.0344337805014353
2005,all,zeros_included,municipality,Holta- og Landasveit,1604,0.1396508728179551,0.015694255550228468,0.002497129415961562,4.510116375983951,0.01126234427187948
2005,all,zeros_included,municipality,Hraungerðishreppur,98,2.877551020408163,0.0009588759625451307,0.0031437075683087524,2.1269537324578773,0.0066865205461703785
2005,all,zeros_included,municipality,Hrunamannahreppur,1212,3.01980198019802,0.011858751700047944,0.04080131099294338,2.3834314688014344,0.09724712858893515
2005,all,zeros_included,municipality,Hveragerði,11,56.81818181818182,0.00010762893457139223,0.006967436986499894,0.003498709699257141,2.4377039363630127e-05
2005,all,zeros_included,municipality,Hvolhreppur,238,1.8907563025210083,0.002328698766181032,0.005016554630279924,2.407846701645589,0.012079094520144423
2005,all,zeros_included,municipality,Laugardalshreppur,649,1.0477657935285054,0.006350107139712142,0.007580571441311885,2.8008734895846112,0.021232221585872665
2005,all,zeros_included,municipality,Mýrdalshreppur,764,0.10471204188481675,0.007475318728413061,0.0008918319342719864,4.227006627044491,0.003769779496377594
2005,all,zeros_included,municipality,Ölfushreppur,739,7.108254397834912,0.007230707513478078,0.05855991438413431,1.2972701984723876,0.07596803175563194
2005,all,zeros_included,municipality,Rangárvallahreppur,1446,0.03872752420470263,0.014148312671839379,0.0006242823539903905,6.059684890504837,0.003782954347884361
2005,all,zeros_included,municipality,Skaftárhreppur,6922,0.004334007512279688,0.06772795319119791,0.00033443697535199494,7.038260241235019,0.002353854466818842
2005,all,zeros_included,municipality,Skeiðahreppur,1280,0.21875,0.012524094204671096,0.0031214117699519526,3.859648069435586,0.01204755091180857
2005,all,zeros_included,municipality,Sveitarfélagið Árborg,149,13.328859060402685,0.0014578828410124946,0.022139727768302062,0.8029415888614264,0.0177769081912399
2005,all,zeros_included,municipality,Þingvallahreppur,647,0.0,0.006330538242517343,0.0,0.0,0.0
2005,all,zeros_included,municipality,Uten navn - sysla,123,0.0,0.0012034871774801131,0.0,0.0,0.0
2005,all,zeros_included,municipality,Vestmannaeyjar,15,33.2,0.00014676672896098941,0.005551653790843116,0.2553002721090425,0.0014173387234574448
2005,all,zeros_included,municipality,Vestur-Eyjafjallahreppur,469,0.0,0.0045889063921802685,0.0,0.0,0.0
2005,all,zeros_included,municipality,Vestur-Landeyjahreppur,186,0.0,0.0018199074391162687,0.0,0.0,0.0
2005,all,zeros_included,municipality,Villingaholtshreppur,2932,0.11493860845839017,0.028688003287574728,0.003756842023120743,5.086785694331422,0.019110250259073713
2005,all,zeros_included,municipality,Grindavík,456,3.870614035087719,0.004461708560414078,0.019676042049875702,1.9104368384550487,0.037589835567073134
2005,all,zeros_included,municipality,Reykjanesbær,132,15.636363636363637,0.0012915472148567067,0.02300926390421725,0.9636755304905633,0.02217346459909393
2005,all,zeros_included,municipality,Sandgerði,88,47.28409090909091,0.0008610314765711379,0.046386408481321695,0.05785706999230289,0.002683781682195382
2005,all,zeros_included,municipality,Vatnsleysustrandarhreppur,155,9.748387096774193,0.0015165895325968905,0.016844475658562143,0.6360548359885905,0.010714010202320549
2005,all,zeros_included,municipality,Árneshreppur,682,0.0,0.006672993943426318,0.0,0.0,0.0
2005,all,zeros_included,municipality,Bæjarhreppur,497,0.36217303822937624,0.004862870952907449,0.0020066218521119696,3.0929922224146478,0.006206465781909597
2005,all,zeros_included,municipality,Bolungarvík,85,13.141176470588235,0.00083167813077894,0.012452203382272611,0.5789072178557837,0.0072086704162058176
2005,all,zeros_included,municipality,Broddaneshreppur,284,0.0,0.0027787834016613994,0.0,0.0,0.0
2005,all,zeros_included,municipality,Hólmavíkurhreppur,1327,0.22758100979653353,0.012983963288748863,0.0033666655518767487,4.144345172634759,0.013952624127796142
2005,all,zeros_included,municipality,Ísafjarðarbær,2337,1.1780059905862217,0.02286625637212215,0.030690166438134735,2.8639250036434487,0.08789433502815307
2005,all,zeros_included,municipality,Kaldrananeshreppur,471,0.0,0.004608475289375067,0.0,0.0,0.0
2005,all,zeros_included,municipality,Kirkjubólshreppur,159,0.0,0.0015557273269864876,0.0,0.0,0.0
2005,all,zeros_included,municipality,Reykhólahreppur,1149,0.0,0.011242331438411789,0.0,0.0,0.0
2005,all,zeros_included,municipality,Súðavíkurhreppur,733,0.3506139154160982,0.007172000821893682,0.0028650100888487563,3.6792018051772986,0.010540950290743516
2005,all,zeros_included,municipality,Vesturbyggð,1511,0.4447385837193911,0.014784301830670333,0.007491388247884686,3.41857492773632,0.025609872038157108
2005,all,zeros_included,municipality,Akranes,7,44.142857142857146,6.849114018179505e-05,0.003444700846125548,0.10264621395459583,0.00035358550006098026
2005,all,zeros_included,municipality,Borgarbyggð,1847,1.1987005955603682,0.018071876559396495,0.024681448780977226,2.9186550421609176,0.07203663493243562
2005,all,zeros_included,municipality,Borgarfjarðarsveit,1259,0.1636219221604448,0.012318620784125711,0.002296467230750365,3.689312510345791,0.008472385284006475
2005,all,zeros_included,municipality,Dalabyggð,2172,0.04696132596685083,0.021251822353551265,0.0011370857161967828,5.5523731932295775,0.006313524249015272
2005,all,zeros_included,municipality,Eyja- og Miklaholtshreppur,405,0.0,0.003962701681946714,0.0,0.0,0.0
2005,all,zeros_included,municipality,Eyrarsveit,141,3.4893617021276597,0.0013796072522333004,0.005484766395772717,1.7648308384508296,0.009679684876958498
2005,all,zeros_included,municipality,Helgafellssveit,246,1.4634146341463414,0.0024069743549602262,0.004013243704223939,2.9358656510542773,0.011782344340540894
2005,all,zeros_included,municipality,Hvalfjarðarstrandarhreppur,291,1.0274914089347078,0.0028472745418431943,0.0033332218543415493,2.629576615123145,0.008764962241193944
2005,all,zeros_included,municipality,Hvítársíðuhreppur,1477,0.0,0.014451630578358757,0.0,0.0,0.0
2005,all,zeros_included,municipality,Innri-Akraneshreppur,28,11.285714285714286,0.0002739645607271802,0.0035227361403743465,0.29204369553518195,0.0010287928808302676
2005,all,zeros_included,municipality,Kolbeinsstaðahreppur,391,0.0,0.003825719401583124,0.0,0.0,0.0
2005,all,zeros_included,municipality,Leirár- og Melahreppur,136,0.8235294117647058,0.0013306850092463039,0.001248564707980781,2.180774559294015,0.002722838150796848
2005,all,zeros_included,municipality,Saurbæjarhreppur,255,0.0,0.00249503439233682,0.0,0.0,0.0
2005,all,zeros_included,municipality,Skilmannahreppur,52,12.326923076923077,0.0005087913270647633,0.007145803373354291,0.3387357109371467,0.002420538785890227
2005,all,zeros_included,municipality,Skorradalshreppur,207,0.1111111111111111,0.0020253808596616537,0.0002564016811031961,4.236026129956418,0.0010861242209178913
2005,all,zeros_included,municipality,Snæfellsbær,697,0.9655667144906743,0.0068197606723873075,0.007502536147063086,2.904020296199898,0.021787517244044586
2005,all,lit_only,region,Austurland,783,14.066411238825031,0.15358964299725383,0.12278296155089573,0.35730655329671457,0.04387115679531358
2005,all,lit_only,region,Höfuðborgarsvæði,655,27.925190839694658,0.12848175755198116,0.2039062238721113,0.3468241074760159,0.07071959410324968
2005,all,lit_only,region,Norðurland eystra,972,14.907407407407407,0.19066300510003922,0.16153305909501353,0.3362642765692878,0.05431779725860874
2005,all,lit_only,region,Norðurland vestra,467,9.811563169164883,0.09160455080423696,0.05107967403542802,0.36995355285458675,0.01889710688806078
2005,all,lit_only,region,Suðurland,1118,18.601967799642217,0.21930168693605334,0.23184285921318126,0.3354449392525116,0.0777705138248942
2005,all,lit_only,region,Suðurnes,356,26.68820224719101,0.06983130639466457,0.10591619009397679,0.3062380196652241,0.03243556430486488
2005,all,lit_only,region,Vestfirðir,358,14.751396648044693,0.07022361710474696,0.058872055561129503,0.23738935348300716,0.013975599207872209
2005,all,lit_only,region,Vesturland,389,14.773778920308484,0.07630443311102393,0.06406697657826382,0.2762957709316254,0.01770143468494979
2005,all,lit_only,municipality,Austur-Hérað,58,21.5,0.011377010592389172,0.013901430275464588,0.3974973016328467,0.005525781023334334
2005,all,lit_only,municipality,Breiðdalshreppur,6,2.8333333333333335,0.0011769321302471558,0.0001895142860327971,0.009456636415458686,1.7921676985474026e-06
2005,all,lit_only,municipality,Búðahreppur,17,25.058823529411764,0.0033346410357002745,0.004749005049998328,0.21687829892071608,0.0010299561368095277
2005,all,lit_only,municipality,Djúpavogshreppur,12,14.666666666666666,0.0023538642604943117,0.00196203025539837,0.317699765202188,0.0006233365514596511
2005,all,lit_only,municipality,Fáskrúðsfjarðarhr.,33,9.303030303030303,0.0064731267163593564,0.003422405047768748,0.3099911334723604,0.0010609152199593619
2005,all,lit_only,municipality,Fellahreppur,28,19.821428571428573,0.005492349941153394,0.006187084044011906,0.2979144726662728,0.0018432218803137175
2005,all,lit_only,municipality,Fjarðabyggð,199,14.56281407035176,0.03903491565319733,0.03230661181900271,0.30339768393833033,0.009801751201780113
2005,all,lit_only,municipality,Fljótsdalshreppur,110,7.681818181818182,0.02157708905453119,0.009419974805747857,0.1671606496705782,0.0015746491084092905
2005,all,lit_only,municipality,Mjóafjarðarhreppur,17,9.176470588235293,0.0033346410357002745,0.0017390722718303735,0.35254637591367777,0.0006131036268857645
2005,all,lit_only,municipality,Norður-Hérað,181,13.883977900552486,0.03550411926245586,0.028014670635318775,0.2978848632272366,0.008345146330558016
2005,all,lit_only,municipality,Seyðisfjörður,57,19.771929824561404,0.01118085523734798,0.012563682374056608,0.27652722448869405,0.0034742002162554
2005,all,lit_only,municipality,Skeggjastaðahreppur,8,3.5,0.001569242840329541,0.00031214117699519524,0.09959665149129293,3.108821602127244e-05
2005,all,lit_only,municipality,Stöðvarhreppur,13,5.076923076923077,0.0025500196155355042,0.0007357613457743889,0.2568456953826743,0.0001889771344911152
2005,all,lit_only,municipality,Sveitarfélagið Hornafjörður,22,16.545454545454547,0.004315417810906237,0.004057835300937538,0.47045302820491663,0.001909020905282874
2005,all,lit_only,municipality,Vopnafjarðarhreppur,22,13.136363636363637,0.004315417810906237,0.003221742862557551,0.27235014227168897,0.0008774421269803475
2005,all,lit_only,municipality,Bessastaðahreppur,6,61.5,0.0011769321302471558,0.004113574796829537,0.0003900327679842164,1.604428964317535e-06
2005,all,lit_only,municipality,Garðabær,36,49.888888888888886,0.007061592781482934,0.020021626924406094,0.06391235823149577,0.0012796293923700033
2005,all,lit_only,municipality,Hafnarfjörður,98,30.122448979591837,0.01922322479403688,0.0329085983746363,0.25606437904831214,0.008426719808151538
2005,all,lit_only,municipality,Kjósarhreppur,25,3.72,0.004903883876029816,0.0010367546235911843,0.03516426274167306,3.645671198260476e-05
2005,all,lit_only,municipality,Kópavogur,104,18.432692307692307,0.020400156924284034,0.021370522724992475,0.49512716567000314,0.010581126345711917
2005,all,lit_only,municipality,Mosfellsbær,156,22.666666666666668,0.03060023538642605,0.0394189714948218,0.4039927507884822,0.015924978727445825
2005,all,lit_only,municipality,Reykjavík,230,33.165217391304346,0.0451157316594743,0.08503617493283391,0.25493182813839166,0.021678427533523423
2005,all,lit_only,municipality,Aðaldælahreppur,71,9.380281690140846,0.013927030207924676,0.007424500852814287,0.29709328888789877,0.002205769376713606
2005,all,lit_only,municipality,Akureyri,87,32.747126436781606,0.01706551588858376,0.03176036475926112,0.2262294533186604,0.00718512995668889
2005,all,lit_only,municipality,Arnarneshreppur,23,7.043478260869565,0.004511573165947431,0.0018059596669007724,0.14898335279518138,0.00026905792618774603
2005,all,lit_only,municipality,Dalvíkurbyggð,133,12.285714285714286,0.02608866222047862,0.018215667257505324,0.23725711682044315,0.004321796694476262
2005,all,lit_only,municipality,Eyjafjarðarsveit,130,13.03076923076923,0.02550019615535504,0.018884541208209312,0.27033105569091864,0.005105077961053879
2005,all,lit_only,municipality,Glæsibæjarhreppur,104,17.08653846153846,0.020400156924284034,0.019809816840016498,0.23216271488485907,0.00459910085895003
2005,all,lit_only,municipality,Grýtubakkahreppur,45,20.444444444444443,0.008826990976853669,0.010256067244127844,0.23290476719211828,0.0023886869538003053
2005,all,lit_only,municipality,Hálshreppur,33,7.545454545454546,0.0064731267163593564,0.002775826895421558,0.16558578291207882,0.0004596374697067838
2005,all,lit_only,municipality,Hríseyjarhreppur,6,7.833333333333333,0.0011769321302471558,0.000523951261384792,0.12216590864842303,6.400898193456052e-05
2005,all,lit_only,municipality,Húsavík,26,27.884615384615383,0.0051000392310710085,0.008082226904339877,0.1829486949186312,0.0014786328641852291
2005,all,lit_only,municipality,Ólafsfjörður,71,14.211267605633802,0.013927030207924676,0.01124823027100543,0.18719157677599396,0.002105573960368972
2005,all,lit_only,municipality,Öxarfjarðarhreppur,20,6.5,0.003923107100823852,0.001449226893191978,0.18656437424616534,0.00027037410846907566
2005,all,lit_only,municipality,Öxnadalshreppur,16,5.25,0.003138485680659082,0.0009364235309855857,0.05565553623819608,5.211715376306779e-05
2005,all,lit_only,municipality,Reykdælahreppur,28,5.464285714285714,0.005492349941153394,0.0017056285742951742,0.1597479836032747,0.0002724707255197823
2005,all,lit_only,municipality,Reykjahreppur,21,9.142857142857142,0.004119262455865045,0.0021403966422527676,0.3940164312724903,0.0008433514464880566
2005,all,lit_only,municipality,Siglufjörður,57,21.80701754385965,0.01118085523734798,0.01385683867875099,0.1677990936974072,0.0023251649718055933
2005,all,lit_only,municipality,Skriðuhreppur,44,5.590909090909091,0.008630835621812475,0.0027423831978863585,0.1449230392008085,0.0003974345076909233
2005,all,lit_only,municipality,Skútustaðahreppur,51,12.352941176470589,0.010003923107100824,0.007023176482391893,0.18839470427724114,0.0013231292564870954
2005,all,lit_only,municipality,Þórshafnarhreppur,6,13.333333333333334,0.0011769321302471558,0.0008918319342719864,0.05985896433996363,5.3384135950827624e-05
2005,all,lit_only,municipality,Akrahreppur,1,4.0,0.00019615535504119262,4.459159671359932e-05,0.0,0.0
2005,all,lit_only,municipality,Blönduós,13,24.0,0.0025500196155355042,0.003478144543660747,0.20384299877537781,0.0007089954139540246
2005,all,lit_only,municipality,Bólstaðarhlíðarhreppur,2,6.0,0.00039231071008238524,0.00013377479014079798,0.0566330122651324,7.576069330809324e-06
2005,all,lit_only,municipality,Engihlíðarhreppur,16,6.6875,0.003138485680659082,0.0011928252120887819,0.3233380755781654,0.0003856858085779037
2005,all,lit_only,municipality,Höfðahreppur,7,12.428571428571429,0.0013730874852883484,0.0009698672285207852,0.1407579078523331,0.0001365164819811264
2005,all,lit_only,municipality,Húnaþing vestra,93,8.35483870967742,0.018242448018830914,0.008661917661616668,0.1691464438602095,0.0014651325694724007
2005,all,lit_only,municipality,Sveinsstaðahreppur,31,5.451612903225806,0.006080816006276971,0.0018839949611495713,0.04243358791300711,7.994466581160274e-05
2005,all,lit_only,municipality,Sveitarfélagið Skagafjörður,216,10.296296296296296,0.04236955668889761,0.024792927772761222,0.47818702424422943,0.0118556563539588
2005,all,lit_only,municipality,Svínavatnshreppur,46,10.847826086956522,0.009023146331894862,0.005562801690021516,0.2685227895908122,0.0014937390277450621
2005,all,lit_only,municipality,Torfalækjarhreppur,34,9.088235294117647,0.006669282071400549,0.003444700846125548,0.2560305000054548,0.0008819484800027372
2005,all,lit_only,municipality,Vindhælishreppur,8,10.25,0.001569242840329541,0.0009141277326287861,0.08037878590776826,7.347647731332282e-05
2005,all,lit_only,municipality,Biskupstungnahreppur,161,26.080745341614907,0.03158101216163201,0.046810028650100886,0.21499080889661437,0.010063725923958882
2005,all,lit_only,municipality,Djúpárhreppur,10,20.7,0.001961553550411926,0.002307615129928765,0.03797198915421873,8.762473668576611e-05
2005,all,lit_only,municipality,Gnúpverjahreppur,39,7.076923076923077,0.007650058846606513,0.0030768201732383534,0.19031179210546756,0.0005855551611552462
2005,all,lit_only,municipality,Grímsnes- og Grafningshreppur,180,9.3,0.035307963907414676,0.018661583224641315,0.24802891783762648,0.004628612292344589
2005,all,lit_only,municipality,Holta- og Landasveit,21,10.666666666666666,0.004119262455865045,0.002497129415961562,0.17438302528091354,0.00043545698207333793
2005,all,lit_only,municipality,Hraungerðishreppur,21,13.428571428571429,0.004119262455865045,0.0031437075683087524,0.586508691510728,0.001843811812381139
2005,all,lit_only,municipality,Hrunamannahreppur,133,27.518796992481203,0.02608866222047862,0.04080131099294338,0.17375343039392854,0.0070893677495934195
2005,all,lit_only,municipality,Hveragerði,11,56.81818181818182,0.0021577089054531187,0.006967436986499894,0.003498709699257141,2.4377039363630127e-05
2005,all,lit_only,municipality,Hvolhreppur,26,17.307692307692307,0.0051000392310710085,0.005016554630279924,0.19367256599559646,0.0009715690077034036
2005,all,lit_only,municipality,Laugardalshreppur,53,12.830188679245284,0.01039623381718321,0.007580571441311885,0.2957326864326433,0.0022418227570337383
2005,all,lit_only,municipality,Mýrdalshreppur,12,6.666666666666667,0.0023538642604943117,0.0008918319342719864,0.07334548766597093,6.541184813526498e-05
2005,all,lit_only,municipality,Ölfushreppur,290,18.113793103448277,0.05688505296194586,0.05855991438413431,0.36185320050470526,0.021190092441180527
2005,all,lit_only,municipality,Rangárvallahreppur,4,14.0,0.0007846214201647705,0.0006242823539903905,0.16942284890601833,0.00010576769493480738
2005,all,lit_only,municipality,Skaftárhreppur,7,4.285714285714286,0.0013730874852883484,0.00033443697535199494,0.14171036609504273,4.739318621284998e-05
2005,all,lit_only,municipality,Skeiðahreppur,30,9.333333333333334,0.005884660651235779,0.0031214117699519526,0.10623009418407836,0.00033158786630928667
2005,all,lit_only,municipality,Sveitarfélagið Árborg,82,24.21951219512195,0.016084739113377794,0.022139727768302062,0.20571453018022012,0.004554463696174232
2005,all,lit_only,municipality,Vestmannaeyjar,12,41.5,0.0023538642604943117,0.005551653790843116,0.03215672079483323,0.00017852298090171955
2005,all,lit_only,municipality,Villingaholtshreppur,26,12.961538461538462,0.0051000392310710085,0.003756842023120743,0.36144216934636164,0.0013578811307283355
2005,all,lit_only,municipality,Grindavík,108,16.34259259259259,0.021184778344448804,0.019676042049875702,0.4700752560648822,0.00924922050493871
2005,all,lit_only,municipality,Reykjanesbær,58,35.58620689655172,0.011377010592389172,0.02300926390421725,0.14131661845061183,0.0032515913679817044
2005,all,lit_only,municipality,Sandgerði,88,47.28409090909091,0.01726167124362495,0.046386408481321695,0.05785706999230289,0.002683781682195382
2005,all,lit_only,municipality,Vatnsleysustrandarhreppur,102,14.813725490196079,0.02000784621420165,0.016844475658562143,0.21760253235361482,0.0036654005594719463
2005,all,lit_only,municipality,Bæjarhreppur,25,7.2,0.004903883876029816,0.0020066218521119696,0.10327802118621965,0.0002072399341551513
2005,all,lit_only,municipality,Bolungarvík,57,19.596491228070175,0.01118085523734798,0.012452203382272611,0.1793072292000173,0.002232770085910386
2005,all,lit_only,municipality,Hólmavíkurhreppur,24,12.583333333333334,0.004707728520988623,0.0033666655518767487,0.13172296865049704,0.0004434671809465693
2005,all,lit_only,municipality,Ísafjarðarbær,170,16.194117647058825,0.03334641035700275,0.030690166438134735,0.2431001061548521,0.007460782719020634
2005,all,lit_only,municipality,Súðavíkurhreppur,21,12.238095238095237,0.004119262455865045,0.0028650100888487563,0.1265785410140703,0.00036264879703706745
2005,all,lit_only,municipality,Vesturbyggð,61,11.01639344262295,0.01196547665751275,0.007491388247884686,0.2089218296368922,0.0015651145392683806
2005,all,lit_only,municipality,Akranes,7,44.142857142857146,0.0013730874852883484,0.003444700846125548,0.10264621395459583,0.00035358550006098026
2005,all,lit_only,municipality,Borgarbyggð,130,17.03076923076923,0.02550019615535504,0.024681448780977226,0.26487151241726004,0.0065374126672665765
2005,all,lit_only,municipality,Borgarfjarðarsveit,36,5.722222222222222,0.007061592781482934,0.002296467230750365,0.134758414757554,0.0003094682835585892
2005,all,lit_only,municipality,Dalabyggð,9,11.333333333333334,0.0017653981953707335,0.0011370857161967828,0.06619408951197059,7.526835368071302e-05
2005,all,lit_only,municipality,Eyrarsveit,28,17.571428571428573,0.005492349941153394,0.005484766395772717,0.14827545824786537,0.0008132562507156925
2005,all,lit_only,municipality,Helgafellssveit,15,24.0,0.0029423303256178894,0.004013243704223939,0.13858431622412448,0.0005561726345906471
2005,all,lit_only,municipality,Hvalfjarðarstrandarhreppur,26,11.5,0.0051000392310710085,0.0033332218543415493,0.21434988597313476,0.0007144757244012718
2005,all,lit_only,municipality,Innri-Akraneshreppur,27,11.703703703703704,0.005296194586112201,0.0035227361403743465,0.2556760513643068,0.0009006792663692514
2005,all,lit_only,municipality,Leirár- og Melahreppur,17,6.588235294117647,0.0033346410357002745,0.001248564707980781,0.10133301761417912,0.0001265208295462589
2005,all,lit_only,municipality,Skilmannahreppur,46,13.934782608695652,0.009023146331894862,0.007145803373354291,0.21613338884481426,0.0015444466991017683
2005,all,lit_only,municipality,Skorradalshreppur,3,7.666666666666667,0.0005884660651235779,0.0002564016811031961,0.001919625359158239,4.921951691764991e-07
2005,all,lit_only,municipality,Snæfellsbær,45,14.955555555555556,0.008826990976853669,0.007502536147063086,0.1638973752096935,0.0012296459819194868
2006,all,zeros_included,region,Austurland,22467,0.535719054613433,0.21982720663776992,0.13065141169957556,3.6019581625956167,0.47060091882592664
2006,all,zeros_included,region,Höfuðborgarsvæði,1034,17.815280464216634,0.01011711984971087,0.19996092181105696,0.7902142143149593,0.1580119627226194
2006,all,zeros_included,region,Norðurland eystra,21869,0.7175453838767205,0.21397610637652514,0.17033748358173312,3.3299222553976717,0.5672105775072486
2006,all,zeros_included,region,Norðurland vestra,12430,0.3753821399839099,0.12162069606567322,0.0506496748911781,3.6259610217697014,0.18365374692071934
2006,all,zeros_included,region,Suðurland,24726,0.8525034376769393,0.24193027601929493,0.2288136513140041,3.41563267079301,0.7815433829515523
2006,all,zeros_included,region,Suðurnes,831,11.471720818291216,0.008130876784438813,0.10348121533167613,1.1488767179939314,0.11888715904427938
2006,all,zeros_included,region,Vestfirðir,9235,0.5672983216025989,0.09035938279698248,0.05686961996461253,3.523024553574754,0.200353067487795
2006,all,zeros_included,region,Vesturland,9611,0.5677869108313391,0.0940383354696046,0.0592360214061635,3.582145001445064,0.2121920179855814
2006,all,zeros_included,municipality,Austur-Hérað,1563,0.8861164427383237,0.015293093157735096,0.015034247690587584,3.3693108695731224,0.05065505415975136
2006,all,zeros_included,municipality,Borgarfjarðarhreppur,419,0.0,0.004099683962310304,0.0,0.0,0.0
2006,all,zeros_included,municipality,Breiðdalshreppur,452,0.059734513274336286,0.004422570766024481,0.00029308641707282654,4.3617399201018054,0.001278366725386155
2006,all,zeros_included,municipality,Búðahreppur,25,17.4,0.00024461121493498235,0.004721947830617761,0.534011956893615,0.0025215766013777507
2006,all,zeros_included,municipality,Djúpavogshreppur,1146,0.15881326352530542,0.011212978092619591,0.0019756195521205347,4.811201155518795,0.009505103072027841
2006,all,zeros_included,municipality,Fáskrúðsfjarðarhr.,219,1.5662100456621004,0.0021427942428304454,0.003723283002073315,2.0685777497058244,0.007701900373946764
2006,all,zeros_included,municipality,Fellahreppur,336,1.8363095238095237,0.0032875747287261625,0.006697567382738296,2.5619985846617253,0.017159158155252048
2006,all,zeros_included,municipality,Fjarðabyggð,635,5.420472440944882,0.006213124859348551,0.037363090650543294,1.3628237485581631,0.05091930725809187
2006,all,zeros_included,municipality,Fljótsdalshreppur,1531,0.6701502286087524,0.014979990802618318,0.011137283848767408,2.59285107382346,0.02887731838675325
2006,all,zeros_included,municipality,Mjóafjarðarhreppur,187,0.8502673796791443,0.0018296918877136678,0.001725953344984423,2.679627320023835,0.0046249117363067836
2006,all,zeros_included,municipality,Norður-Hérað,6977,0.3567435860685108,0.06826609786405487,0.027018225633120938,3.9914001507545342,0.10784054986515894
2006,all,zeros_included,municipality,Seyðisfjörður,208,5.485576923076923,0.002035165308259053,0.012385614884447966,1.538749443953922,0.019058358016471728
2006,all,zeros_included,municipality,Skeggjastaðahreppur,589,0.06112054329371817,0.005763040223868184,0.0003907818894304354,4.029844553296454,0.0015747902686481371
2006,all,zeros_included,municipality,Stöðvarhreppur,85,0.9176470588235294,0.00083167813077894,0.0008466940937659434,1.8767665424683357,0.0015890471468854705
2006,all,zeros_included,municipality,Sveitarfélagið Hornafjörður,6214,0.061313163823624076,0.06080056358423921,0.004135774996472108,6.000091707635374,0.024815029260978012
2006,all,zeros_included,municipality,Vopnafjarðarhreppur,1881,0.1568314726209463,0.018404547811708073,0.0032022404828327346,4.67868782768574,0.014982283568352024
2006,all,zeros_included,municipality,Bessastaðahreppur,6,61.5,5.870669158439576e-05,0.004005514366661963,0.0003900327679842164,1.5622818556297108e-06
2006,all,zeros_included,municipality,Garðabær,36,49.888888888888886,0.0003522401495063746,0.019495674261585053,0.06391235823149577,0.0012460145173709756
2006,all,zeros_included,municipality,Hafnarfjörður,143,20.776223776223777,0.001399176149428099,0.032250360930495096,0.6224187376156518,0.020073228938007896
2006,all,zeros_included,municipality,Kjósarhreppur,273,0.23809523809523808,0.002671154467090007,0.0007055784114716195,2.846459776200383,0.0020084005672093277
2006,all,zeros_included,municipality,Kópavogur,107,18.60747663551402,0.0010469359999217243,0.021612409495999914,0.4631472178137006,0.010009727328322763
2006,all,zeros_included,municipality,Mosfellsbær,198,18.035353535353536,0.0019373208222850601,0.03876339242100236,0.6198933372253981,0.024029168690032854
2006,all,zeros_included,municipality,Reykjavík,271,28.25830258302583,0.0026515855698952084,0.08312799192384095,0.4081174383544539,0.0339259831195077
2006,all,zeros_included,municipality,Aðaldælahreppur,561,1.8270944741532977,0.005489075663141003,0.01112642879628323,1.9042650075925218,0.02118766901623194
2006,all,zeros_included,municipality,Akureyri,117,25.196581196581196,0.0011447804858957173,0.03200069472335899,0.502760089832825,0.016088672153828774
2006,all,zeros_included,municipality,Arnarneshreppur,77,2.155844155844156,0.0007534025419997456,0.0018019387123736743,1.3251355151580837,0.002387812983904583
2006,all,zeros_included,municipality,Bárðdælahreppur,3151,0.0,0.030830797530405175,0.0,0.0,0.0
2006,all,zeros_included,municipality,Dalvíkurbyggð,575,2.8956521739130436,0.005626057943504594,0.018073662386157638,1.6612716798250688,0.03002526347284326
2006,all,zeros_included,municipality,Eyjafjarðarsveit,1796,0.9905345211581291,0.01757286968092913,0.019311138369354015,2.832103506560976,0.05469114269153171
2006,all,zeros_included,municipality,Glæsibæjarhreppur,120,15.275,0.0011741338316879153,0.01989731120349967,0.3721266108603558,0.0074043189833921195
2006,all,zeros_included,municipality,Grímseyjarhreppur,5,0.0,4.892224298699647e-05,0.0,0.0,0.0
2006,all,zeros_included,municipality,Grýtubakkahreppur,490,1.883673469387755,0.004794379812725654,0.010019213442896996,2.6103975092927167,0.026154129816410424
2006,all,zeros_included,municipality,Hálshreppur,1471,0.18830727396329028,0.01439292388677436,0.003006849538117517,3.8044122685823205,0.011439295272595365
2006,all,zeros_included,municipality,Hríseyjarhreppur,7,6.714285714285714,6.849114018179505e-05,0.0005101874667564018,0.2763165884756813,0.00014097326029717901
2006,all,zeros_included,municipality,Húsavík,66,11.0,0.0006457736074283534,0.00788076810351378,1.1120160643548935,0.008763540730562973
2006,all,zeros_included,municipality,Kelduneshreppur,720,0.0,0.0070448029901274915,0.0,0.0,0.0
2006,all,zeros_included,municipality,Ljósavatnshreppur,401,0.0798004987531172,0.003923563887557117,0.0003473616794937204,3.3791549353002797,0.0011737889335953992
2006,all,zeros_included,municipality,Ólafsfjörður,202,5.024752475247524,0.0019764586166746575,0.011017878271441442,1.222658282334972,0.013471100122336405
2006,all,zeros_included,municipality,Öxarfjarðarhreppur,2684,0.05216095380029806,0.026261460035419702,0.0015197073477850266,4.953880367620036,0.007528448394720157
2006,all,zeros_included,municipality,Öxnadalshreppur,289,0.2698961937716263,0.0028277056446483957,0.0008466940937659434,3.0709300376625395,0.002600138325257298
2006,all,zeros_included,municipality,Reykdælahreppur,390,0.4666666666666667,0.0038159349529857246,0.0019756195521205347,2.669539103534896,0.005273993648093865
2006,all,zeros_included,municipality,Reykjahreppur,191,3.0,0.0018688296821032652,0.00621994507343443,1.306650681632268,0.008127295469918364
2006,all,zeros_included,municipality,Siglufjörður,137,9.175182481751825,0.0013404694578437032,0.013644800972612703,1.0403791684807557,0.01419576668997221
2006,all,zeros_included,municipality,Skriðuhreppur,403,0.674937965260546,0.003943132784751916,0.002952574275696623,2.2069930856994886,0.006516311011476623
2006,all,zeros_included,municipality,Skútustaðahreppur,6033,0.11171887949610476,0.05902957838810994,0.007316305374336485,4.8792320491546795,0.035697951663865204
2006,all,zeros_included,municipality,Svalbarðshreppur,1098,0.0,0.010743324559944424,0.0,0.0,0.0
2006,all,zeros_included,municipality,Þórshafnarhreppur,709,0.11283497884344147,0.006937174055556099,0.0008684041987343009,4.831955021644037,0.004196090028890971
2006,all,zeros_included,municipality,Tjörneshreppur,176,0.0,0.0017220629531422757,0.0,0.0,0.0
2006,all,zeros_included,municipality,Akrahreppur,1359,0.0051508462104488595,0.01329706564386564,7.598536738925133e-05,6.531596309450673,0.0004963057452118875
2006,all,zeros_included,municipality,Áshreppur,1150,0.0,0.011252115887009188,0.0,0.0,0.0
2006,all,zeros_included,municipality,Blönduós,15,21.466666666666665,0.00014676672896098941,0.003495326899905561,0.30764031557751137,0.0010753034705335114
2006,all,zeros_included,municipality,Bólstaðarhlíðarhreppur,1340,0.008955223880597015,0.013111161120515054,0.00013026062981014513,6.563910724650144,0.0008550191450104939
2006,all,zeros_included,municipality,Engihlíðarhreppur,166,0.6024096385542169,0.0016242184671682828,0.0010855052484178762,2.914311676161096,0.003163500619998368
2006,all,zeros_included,municipality,Höfðahreppur,48,1.8958333333333333,0.00046965353267516607,0.0009878097760602673,2.0419616853330638,0.0020170697151125
2006,all,zeros_included,municipality,Húnaþing vestra,2461,0.24908573750507923,0.02407952799819966,0.00665414717280158,3.7702151708977905,0.02508756662028316
2006,all,zeros_included,municipality,Skagahreppur,272,0.0,0.0026613700184926078,0.0,0.0,0.0
2006,all,zeros_included,municipality,Sveinsstaðahreppur,118,1.2457627118644068,0.0011545649344931166,0.0015956927151742778,1.5174085008242058,0.0024213176907087073
2006,all,zeros_included,municipality,Sveitarfélagið Skagafjörður,4110,0.6087591240875913,0.040214083735311094,0.02715934131541526,3.202029777476974,0.08696501962862031
2006,all,zeros_included,municipality,Svínavatnshreppur,979,0.49540347293156284,0.009578975176853908,0.0052647004548266995,3.392821374333786,0.01786218823260083
2006,all,zeros_included,municipality,Torfalækjarhreppur,187,1.625668449197861,0.0018296918877136678,0.0032999359551903434,1.9970368407716443,0.0065900936747020815
2006,all,zeros_included,municipality,Vindhælishreppur,225,0.3688888888888889,0.002201500934414841,0.0009009693561868371,3.4173786389744865,0.0030789534322034928
2006,all,zeros_included,municipality,Ásahreppur,137,0.0,0.0013404694578437032,0.0,0.0,0.0
2006,all,zeros_included,municipality,Austur-Eyjafjallahreppur,282,0.0,0.0027592145044666007,0.0,0.0,0.0
2006,all,zeros_included,municipality,Austur-Landeyjahreppur,200,0.0,0.001956889719479859,0.0,0.0,0.0
2006,all,zeros_included,municipality,Biskupstungnahreppur,1989,2.148818501759678,0.019461268260227194,0.046394494317380026,2.7056556355821426,0.12552752500980296
2006,all,zeros_included,municipality,Djúpárhreppur,120,1.725,0.0011741338316879153,0.0022469958642250035,2.522878638942219,0.005668897867644772
2006,all,zeros_included,municipality,Fljótshlíðarhreppur,414,0.0,0.0040507617193233075,0.0,0.0,0.0
2006,all,zeros_included,municipality,Gaulverjabæjarhreppur,84,0.0,0.0008218936821815406,0.0,0.0,0.0
2006,all,zeros_included,municipality,Gnúpverjahreppur,1127,0.2315882874889086,0.011027073569269004,0.0028331686983706565,3.644351475153146,0.01032506252526482
2006,all,zeros_included,municipality,Grímsnes- og Grafningshreppur,889,1.9437570303712035,0.008698374803087971,0.0187575306926609,1.8622989154183012,0.03493212906486789
2006,all,zeros_included,municipality,Holta- og Landasveit,1604,0.14214463840399003,0.015694255550228468,0.0024749519663927575,4.491498840592465,0.011116243887575112
2006,all,zeros_included,municipality,Hraungerðishreppur,98,2.438775510204082,0.0009588759625451307,0.002594357543718724,2.583687972834181,0.006703010382937695
2006,all,zeros_included,municipality,Hrunamannahreppur,1212,3.072607260726073,0.011858751700047944,0.040424215451081706,2.3539743510791347,0.09515756633434319
2006,all,zeros_included,municipality,Hveragerði,11,56.81818181818182,0.00010762893457139223,0.0067844078026117255,0.003498709699257141,2.373667338271347e-05
2006,all,zeros_included,municipality,Hvolhreppur,238,1.9075630252100841,0.002328698766181032,0.004928193827817158,2.3817350570967553,0.011737652007879976
2006,all,zeros_included,municipality,Laugardalshreppur,649,1.12326656394453,0.006350107139712142,0.007913333260966316,2.6551986819442104,0.021011472044303044
2006,all,zeros_included,municipality,Mýrdalshreppur,764,0.1099476439790576,0.007475318728413061,0.000911824408671016,4.205314383260231,0.0038345083007919785
2006,all,zeros_included,municipality,Ölfushreppur,739,7.23680649526387,0.007230707513478078,0.058052820685388015,1.2663449944745844,0.07351489889007172
2006,all,zeros_included,municipality,Rangárvallahreppur,1446,0.03665283540802213,0.014148312671839379,0.0005753177816614744,6.211529642585214,0.003573603454696616
2006,all,zeros_included,municipality,Skaftárhreppur,6922,0.008523548107483386,0.06772795319119791,0.0006404480965665469,6.323543792324468,0.004049901585349409
2006,all,zeros_included,municipality,Skeiðahreppur,1280,0.22578125,0.012524094204671096,0.003137110167927662,3.8522473933573416,0.012084924467074149
2006,all,zeros_included,municipality,Sveitarfélagið Árborg,149,12.986577181208053,0.0014578828410124946,0.0210045265568859,0.858742779806795,0.018037485523985847
2006,all,zeros_included,municipality,Þingvallahreppur,647,0.0,0.006330538242517343,0.0,0.0,0.0
2006,all,zeros_included,municipality,Uten navn - sysla,123,0.0,0.0012034871774801131,0.0,0.0,0.0
2006,all,zeros_included,municipality,Vestmannaeyjar,15,33.2,0.00014676672896098941,0.005405816137121023,0.2553002721090425,0.00138010633077845
2006,all,zeros_included,municipality,Vestur-Eyjafjallahreppur,469,0.0,0.0045889063921802685,0.0,0.0,0.0
2006,all,zeros_included,municipality,Vestur-Landeyjahreppur,186,0.0,0.0018199074391162687,0.0,0.0,0.0
2006,all,zeros_included,municipality,Villingaholtshreppur,2932,0.11732605729877217,0.028688003287574728,0.0037341380545574936,5.060147676054027,0.018895289998834004
2006,all,zeros_included,municipality,Grindavík,456,3.901315789473684,0.004461708560414078,0.019311138369354015,1.8890701260714227,0.036480094593978274
2006,all,zeros_included,municipality,Reykjanesbær,132,15.636363636363637,0.0012915472148567067,0.022404828327344962,0.9636755304905633,0.021590984823904157
2006,all,zeros_included,municipality,Sandgerði,88,47.31818181818182,0.0008610314765711379,0.04520043854412036,0.05681037302974312,0.002567853774799457
2006,all,zeros_included,municipality,Vatnsleysustrandarhreppur,155,9.845161290322581,0.0015165895325968905,0.01656481009085679,0.641175338701125,0.010620947720524914
2006,all,zeros_included,municipality,Árneshreppur,682,0.0,0.006672993943426318,0.0,0.0,0.0
2006,all,zeros_included,municipality,Bæjarhreppur,497,0.3561368209255533,0.004862870952907449,0.0019213442896996408,3.129271021397699,0.006012407007885031
2006,all,zeros_included,municipality,Bolungarvík,85,13.152941176470588,0.00083167813077894,0.012135948677311855,0.5780983846531242,0.007015772326587203
2006,all,zeros_included,municipality,Broddaneshreppur,284,0.0,0.0027787834016613994,0.0,0.0,0.0
2006,all,zeros_included,municipality,Hólmavíkurhreppur,1327,0.23285606631499622,0.012983963288748863,0.0033542112176112374,4.1670616878376245,0.013977205057822977
2006,all,zeros_included,municipality,Ísafjarðarbær,2337,1.177150192554557,0.02286625637212215,0.029862249383975772,2.8858886618345823,0.08617912691409242
2006,all,zeros_included,municipality,Kaldrananeshreppur,471,0.0,0.004608475289375067,0.0,0.0,0.0
2006,all,zeros_included,municipality,Kirkjubólshreppur,159,0.0,0.0015557273269864876,0.0,0.0,0.0
2006,all,zeros_included,municipality,Reykhólahreppur,1149,0.0,0.011242331438411789,0.0,0.0,0.0
2006,all,zeros_included,municipality,Súðavíkurhreppur,733,0.3451568894952251,0.007172000821893682,0.0027463282784972267,3.714569631812444,0.010201427622293547
2006,all,zeros_included,municipality,Vesturbyggð,1511,0.41760423560555926,0.014784301830670333,0.006849538117516798,3.55694830317133,0.02436345298460872
2006,all,zeros_included,municipality,Akranes,7,44.142857142857146,6.849114018179505e-05,0.0033542112176112374,0.10264621395459583,0.0003442970822918285
2006,all,zeros_included,municipality,Borgarbyggð,1847,1.1526800216567405,0.018071876559396495,0.02311040673881658,2.974617999971662,0.06874463187195021
2006,all,zeros_included,municipality,Borgarfjarðarsveit,1259,0.13820492454328834,0.012318620784125711,0.0018887791322471045,4.027432149286939,0.007606929800114276
2006,all,zeros_included,municipality,Dalabyggð,2172,0.04281767955801105,0.021251822353551265,0.0010095198810286248,5.762899480025469,0.005817761597455235
2006,all,zeros_included,municipality,Eyja- og Miklaholtshreppur,405,0.0,0.003962701681946714,0.0,0.0,0.0
2006,all,zeros_included,municipality,Eyrarsveit,141,3.1347517730496453,0.0013796072522333004,0.004797933198007013,1.9457359554060147,0.00933551113499841
2006,all,zeros_included,municipality,Helgafellssveit,246,1.2845528455284554,0.0024069743549602262,0.0034301965850004885,3.1889592960159003,0.010938757286899303
2006,all,zeros_included,municipality,Hvalfjarðarstrandarhreppur,291,1.0274914089347078,0.0028472745418431943,0.0032456606927694495,2.6455644302833567,0.008586604481559694
2006,all,zeros_included,municipality,Hvítársíðuhreppur,1477,0.0,0.014451630578358757,0.0,0.0,0.0
2006,all,zeros_included,municipality,Innri-Akraneshreppur,28,10.857142857142858,0.0002739645607271802,0.0032999359551903434,0.36667405041917833,0.0012100008828135234
2006,all,zeros_included,municipality,Kolbeinsstaðahreppur,391,0.0,0.003825719401583124,0.0,0.0,0.0
2006,all,zeros_included,municipality,Leirár- og Melahreppur,136,0.875,0.0013306850092463039,0.0012917512456172725,2.230568818461456,0.002881340049682633
2006,all,zeros_included,municipality,Saurbæjarhreppur,255,0.0,0.00249503439233682,0.0,0.0,0.0
2006,all,zeros_included,municipality,Skilmannahreppur,52,12.576923076923077,0.0005087913270647633,0.00709920432465291,0.31830043001855746,0.002259679789326624
2006,all,zeros_included,municipality,Skorradalshreppur,207,0.033816425120772944,0.0020253808596616537,7.598536738925133e-05,5.332718793265369,0.00040520859668983404
2006,all,zeros_included,municipality,Snæfellsbær,697,0.8766140602582496,0.0068197606723873075,0.006632437067833223,3.0900727924577525,0.020494713330999715
2006,all,lit_only,region,Austurland,901,13.358490566037736,0.16974378296910325,0.13065141169957556,0.3856605752864777,0.05038709859804875
2006,all,lit_only,region,Höfuðborgarsvæði,656,28.08079268292683,0.12358703843255464,0.19996092181105696,0.3351849481906739,0.06702389121739852
2006,all,lit_only,region,Norðurland eystra,1116,14.060931899641577,0.21024868123587037,0.17033748358173312,0.35460301045060527,0.06040218447066311
2006,all,lit_only,region,Norðurland vestra,474,9.843881856540085,0.0892991710625471,0.0506496748911781,0.3593001589600209,0.01819843623967367
2006,all,lit_only,region,Suðurland,1124,18.75355871886121,0.21175584024114544,0.2288136513140041,0.3246711006797738,0.07428918002267568
2006,all,lit_only,region,Suðurnes,355,26.853521126760562,0.06688018085908064,0.10348121533167613,0.29836471261389885,0.030875143073372534
2006,all,lit_only,region,Vestfirðir,338,15.5,0.06367746797287113,0.05686961996461253,0.21531455642443253,0.0122448569967066
2006,all,lit_only,region,Vesturland,344,15.863372093023257,0.06480783722682742,0.0592360214061635,0.2521231039951779,0.014934769585246744
2006,all,lit_only,municipality,Austur-Hérað,104,13.317307692307692,0.019593067068575734,0.015034247690587584,0.6593394382930184,0.009912672427470128
2006,all,lit_only,municipality,Breiðdalshreppur,6,4.5,0.0011303692539562924,0.00029308641707282654,0.039817209497629014,1.1669883269498208e-05
2006,all,lit_only,municipality,Búðahreppur,20,21.75,0.0037678975131876413,0.004721947830617761,0.3108684055794053,0.0014679043933332751
2006,all,lit_only,municipality,Djúpavogshreppur,13,14.0,0.0024491333835719668,0.0019756195521205347,0.3321176157056467,0.0006561380551917296
2006,all,lit_only,municipality,Fáskrúðsfjarðarhr.,39,8.794871794871796,0.0073474001507159,0.003723283002073315,0.34306766601896976,0.001277338009449395
2006,all,lit_only,municipality,Fellahreppur,38,16.236842105263158,0.007159005275056519,0.006697567382738296,0.38247358442490675,0.0025616426038032572
2006,all,lit_only,municipality,Fjarðabyggð,221,15.574660633484163,0.04163526752072343,0.037363090650543294,0.30736145118322433,0.011483973763041349
2006,all,lit_only,municipality,Fljótsdalshreppur,137,7.489051094890511,0.025810097965335344,0.011137283848767408,0.17915560399390085,0.0019953068147774418
2006,all,lit_only,municipality,Mjóafjarðarhreppur,20,7.95,0.0037678975131876413,0.001725953344984423,0.444250976723239,0.0007667564592880714
2006,all,lit_only,municipality,Norður-Hérað,167,14.904191616766466,0.03146194423511681,0.027018225633120938,0.25901965923205283,0.0069982515965457005
2006,all,lit_only,municipality,Seyðisfjörður,60,19.016666666666666,0.011303692539562924,0.012385614884447966,0.29555592647470474,0.003660641882131912
2006,all,lit_only,municipality,Skeggjastaðahreppur,12,3.0,0.002260738507912585,0.0003907818894304354,0.13632501943286712,5.327334867061663e-05
2006,all,lit_only,municipality,Stöðvarhreppur,17,4.588235294117647,0.003202712886209495,0.0008466940937659434,0.26732863003423546,0.00022634557214452815
2006,all,lit_only,municipality,Sveitarfélagið Hornafjörður,24,15.875,0.00452147701582517,0.004135774996472108,0.4435854480303272,0.0018345696047627048
2006,all,lit_only,municipality,Vopnafjarðarhreppur,23,12.826086956521738,0.004333082140165787,0.0032022404828327346,0.2746232143138596,0.0008794095744014914
2006,all,lit_only,municipality,Bessastaðahreppur,6,61.5,0.0011303692539562924,0.004005514366661963,0.0003900327679842164,1.5622818556297108e-06
2006,all,lit_only,municipality,Garðabær,36,49.888888888888886,0.006782215523737754,0.019495674261585053,0.06391235823149577,0.0012460145173709756
2006,all,lit_only,municipality,Hafnarfjörður,98,30.316326530612244,0.01846269781461944,0.032250360930495096,0.2445415860263167,0.00788655441186443
2006,all,lit_only,municipality,Kjósarhreppur,17,3.823529411764706,0.003202712886209495,0.0007055784114716195,0.07020132507163912,4.9532539427249904e-05
2006,all,lit_only,municipality,Kópavogur,106,18.78301886792453,0.019969856819894497,0.021612409495999914,0.4537574774638613,0.009806792414820922
2006,all,lit_only,municipality,Mosfellsbær,158,22.60126582278481,0.029766390354182368,0.03876339242100236,0.39422133955782934,0.01528135648601336
2006,all,lit_only,municipality,Reykjavík,235,32.58723404255319,0.044272795779954785,0.08312799192384095,0.2655841316189118,0.022077475548317214
2006,all,lit_only,municipality,Aðaldælahreppur,111,9.234234234234235,0.02091183119819141,0.01112642879628323,0.28407430338215933,0.0031607325094353557
2006,all,lit_only,municipality,Akureyri,88,33.5,0.016578749058025623,0.03200069472335899,0.21792296951327517,0.006973686420602186
2006,all,lit_only,municipality,Arnarneshreppur,23,7.217391304347826,0.004333082140165787,0.0018019387123736743,0.1168243092335497,0.00021051024535424648
2006,all,lit_only,municipality,Dalvíkurbyggð,142,11.725352112676056,0.026752072343632253,0.018073662386157638,0.262728696628979,0.0047484697620273995
2006,all,lit_only,municipality,Eyjafjarðarsveit,140,12.707142857142857,0.02637528259231349,0.019311138369354015,0.28042868030813484,0.005415397048165733
2006,all,lit_only,municipality,Glæsibæjarhreppur,104,17.625,0.019593067068575734,0.01989731120349967,0.22902576721968249,0.004556996963990295
2006,all,lit_only,municipality,Grýtubakkahreppur,46,20.065217391304348,0.008666164280331574,0.010019213442896996,0.24463351467713945,0.0024510353988363353
2006,all,lit_only,municipality,Hálshreppur,38,7.2894736842105265,0.007159005275056519,0.003006849538117517,0.14830070770726866,0.00044591791447210166
2006,all,lit_only,municipality,Hríseyjarhreppur,6,7.833333333333333,0.0011303692539562924,0.0005101874667564018,0.12216590864842303,6.232751545733295e-05
2006,all,lit_only,municipality,Húsavík,26,27.923076923076923,0.0048982667671439335,0.00788076810351378,0.18045786034995004,0.0014221465498742304
2006,all,lit_only,municipality,Ljósavatnshreppur,15,2.1333333333333333,0.002825923134890731,0.0003473616794937204,0.09324370909592028,3.238929139378276e-05
2006,all,lit_only,municipality,Ólafsfjörður,72,14.097222222222221,0.013564431047475508,0.011017878271441442,0.19105670394982255,0.00210503950706197
2006,all,lit_only,municipality,Öxarfjarðarhreppur,23,6.086956521739131,0.004333082140165787,0.0015197073477850266,0.19431108545761244,0.0002952959843260179
2006,all,lit_only,municipality,Öxnadalshreppur,14,5.571428571428571,0.0026375282592313487,0.0008466940937659434,0.04356067916536577,3.688256976974838e-05
2006,all,lit_only,municipality,Reykdælahreppur,32,5.6875,0.006028636021100226,0.0019756195521205347,0.16912826721093066,0.00033413311151818094
2006,all,lit_only,municipality,Reykjahreppur,68,8.426470588235293,0.01281085154483798,0.00621994507343443,0.2738849587617449,0.0017035493999379072
2006,all,lit_only,municipality,Siglufjörður,57,22.05263157894737,0.010738507912584778,0.013644800972612703,0.16344951048718137,0.0022302360396685623
2006,all,lit_only,municipality,Skriðuhreppur,51,5.333333333333333,0.009608138658628486,0.002952574275696623,0.13988215647713154,0.00041301245684334834
2006,all,lit_only,municipality,Skútustaðahreppur,54,12.481481481481481,0.010173323285606632,0.007316305374336485,0.16321641727819225,0.0011941411509123843
2006,all,lit_only,municipality,Þórshafnarhreppur,6,13.333333333333334,0.0011303692539562924,0.0008684041987343009,0.05985896433996363,5.19817759647112e-05
2006,all,lit_only,municipality,Akrahreppur,2,3.5,0.00037678975131876413,7.598536738925133e-05,0.0102390758594737,7.780199409085234e-07
2006,all,lit_only,municipality,Blönduós,13,24.76923076923077,0.0024491333835719668,0.003495326899905561,0.1645394719368376,0.0005751192423570846
2006,all,lit_only,municipality,Bólstaðarhlíðarhreppur,2,6.0,0.00037678975131876413,0.00013026062981014513,0.0566330122651324,7.37705184570182e-06
2006,all,lit_only,municipality,Engihlíðarhreppur,11,9.090909090909092,0.002072343632253203,0.0010855052484178762,0.2002191606029231,0.00021733894966829469
2006,all,lit_only,municipality,Höfðahreppur,7,13.0,0.0013187641296156744,0.0009878097760602673,0.11667082348048607,0.00011524858001502594
2006,all,lit_only,municipality,Húnaþing vestra,65,9.430769230769231,0.012245666917859834,0.00665414717280158,0.1362793904023718,0.0009068231203570652
2006,all,lit_only,municipality,Sveinsstaðahreppur,27,5.444444444444445,0.005086661642803316,0.0015956927151742778,0.04256074236287,6.791386654084093e-05
2006,all,lit_only,municipality,Sveitarfélagið Skagafjörður,265,9.441509433962263,0.04992464204973625,0.02715934131541526,0.4605812959729163,0.01250908462082473
2006,all,lit_only,municipality,Svínavatnshreppur,41,11.829268292682928,0.007724189902034665,0.0052647004548266995,0.21986179850758347,0.0011575065106018908
2006,all,lit_only,municipality,Torfalækjarhreppur,33,9.212121212121213,0.0062170308967596085,0.0032999359551903434,0.26243578538353773,0.0008660212841157525
2006,all,lit_only,municipality,Vindhælishreppur,8,10.375,0.0015071590052750565,0.0009009693561868371,0.08071977844990208,7.272604682155241e-05
2006,all,lit_only,municipality,Biskupstungnahreppur,162,26.382716049382715,0.030519969856819894,0.046394494317380026,0.19786469196055467,0.009179832326774103
2006,all,lit_only,municipality,Djúpárhreppur,10,20.7,0.0018839487565938207,0.0022469958642250035,0.03797198915421873,8.532290258592619e-05
2006,all,lit_only,municipality,Gnúpverjahreppur,35,7.457142857142857,0.0065938206480783725,0.0028331686983706565,0.17238502260278343,0.0004883958501061241
2006,all,lit_only,municipality,Grímsnes- og Grafningshreppur,170,10.16470588235294,0.03202712886209495,0.0187575306926609,0.2080001169546586,0.003901568577854065
2006,all,lit_only,municipality,Holta- og Landasveit,21,10.857142857142858,0.003956292388847023,0.0024749519663927575,0.15576548988942873,0.00038551210549797284
2006,all,lit_only,municipality,Hraungerðishreppur,11,21.727272727272727,0.002072343632253203,0.002594357543718724,0.39661576696197987,0.0010289631069756
2006,all,lit_only,municipality,Hrunamannahreppur,138,26.985507246376812,0.025998492840994723,0.040424215451081706,0.1812008696070797,0.007324902992919953
2006,all,lit_only,municipality,Hveragerði,11,56.81818181818182,0.002072343632253203,0.0067844078026117255,0.003498709699257141,2.373667338271347e-05
2006,all,lit_only,municipality,Hvolhreppur,27,16.814814814814813,0.005086661642803316,0.004928193827817158,0.2053012494296098,0.0010117643502821538
2006,all,lit_only,municipality,Laugardalshreppur,63,11.571428571428571,0.01186887716654107,0.007913333260966316,0.32290069163165347,0.0025552207830777914
2006,all,lit_only,municipality,Mýrdalshreppur,12,7.0,0.002260738507912585,0.000911824408671016,0.051653243881710775,4.70986885583807e-05
2006,all,lit_only,municipality,Ölfushreppur,301,17.767441860465116,0.056706857573474004,0.058052820685388015,0.36815733827525854,0.02137257194290332
2006,all,lit_only,municipality,Rangárvallahreppur,3,17.666666666666668,0.0005651846269781462,0.0005753177816614744,0.03358552853461383,1.9322351772462175e-05
2006,all,lit_only,municipality,Skaftárhreppur,16,3.6875,0.003014318010550113,0.0006404480965665469,0.25367249036895956,0.00016246406360809586
2006,all,lit_only,municipality,Skeiðahreppur,30,9.633333333333333,0.005651846269781462,0.003137110167927662,0.09882941810583423,0.00031003877243018676
2006,all,lit_only,municipality,Sveitarfélagið Árborg,77,25.12987012987013,0.014506405425772419,0.0210045265568859,0.19860189571501952,0.004171538792794012
2006,all,lit_only,municipality,Vestmannaeyjar,12,41.5,0.002260738507912585,0.005405816137121023,0.03215672079483323,0.00017383332018960462
2006,all,lit_only,municipality,Villingaholtshreppur,25,13.76,0.004709871891484552,0.0037341380545574936,0.2955834379156852,0.0011037493638178925
2006,all,lit_only,municipality,Grindavík,110,16.172727272727272,0.020723436322532027,0.019311138369354015,0.467057682349453,0.00901941553032008
2006,all,lit_only,municipality,Reykjanesbær,58,35.58620689655172,0.01092690278824416,0.022404828327344962,0.14131661845061183,0.0031661745761868676
2006,all,lit_only,municipality,Sandgerði,88,47.31818181818182,0.016578749058025623,0.04520043854412036,0.05681037302974312,0.002567853774799457
2006,all,lit_only,municipality,Vatnsleysustrandarhreppur,99,15.414141414141413,0.018651092690278825,0.01656481009085679,0.192870071916468,0.003194856113506184
2006,all,lit_only,municipality,Bæjarhreppur,23,7.695652173913044,0.004333082140165787,0.0019213442896996408,0.056175211230219624,0.0001079319213198536
2006,all,lit_only,municipality,Bolungarvík,57,19.614035087719298,0.010738507912584778,0.012135948677311855,0.17849839599735784,0.0021662473728064225
2006,all,lit_only,municipality,Hólmavíkurhreppur,22,14.045454545454545,0.004144687264506406,0.0033542112176112374,0.06742810686373302,0.00022616811242462254
2006,all,lit_only,municipality,Ísafjarðarbær,164,16.774390243902438,0.03089675960813866,0.029862249383975772,0.2291317551199228,0.006842389613179202
2006,all,lit_only,municipality,Súðavíkurhreppur,20,12.65,0.0037678975131876413,0.0027463282784972267,0.11315620347978372,0.00031076408150391635
2006,all,lit_only,municipality,Vesturbyggð,52,12.134615384615385,0.009796533534287867,0.006849538117516798,0.18766505948001821,0.001285418978234442
2006,all,lit_only,municipality,Akranes,7,44.142857142857146,0.0013187641296156744,0.0033542112176112374,0.10264621395459583,0.0003442970822918285
2006,all,lit_only,municipality,Borgarbyggð,123,17.308943089430894,0.023172569706103995,0.02311040673881658,0.26548437514483947,0.006135451892397808
2006,all,lit_only,municipality,Borgarfjarðarsveit,24,7.25,0.00452147701582517,0.0018887791322471045,0.06741294559053834,0.00012732816487471827
2006,all,lit_only,municipality,Dalabyggð,7,13.285714285714286,0.0013187641296156744,0.0010095198810286248,0.025405948026956615,2.5647809629592668e-05
2006,all,lit_only,municipality,Eyrarsveit,23,19.217391304347824,0.004333082140165787,0.004797933198007013,0.13247028095699642,0.0006355835587528893
2006,all,lit_only,municipality,Helgafellssveit,11,28.727272727272727,0.002072343632253203,0.0034301965850004885,0.0815230328819081,0.00027964002899040366
2006,all,lit_only,municipality,Hvalfjarðarstrandarhreppur,25,11.96,0.004709871891484552,0.0032456606927694495,0.19111698798006493,0.0006203008956073881
2006,all,lit_only,municipality,Innri-Akraneshreppur,25,12.16,0.004709871891484552,0.0032999359551903434,0.2533453651121751,0.0008360234794144918
2006,all,lit_only,municipality,Leirár- og Melahreppur,16,7.4375,0.003014318010550113,0.0012917512456172725,0.09050265496518506,0.00011690691728294803
2006,all,lit_only,municipality,Skilmannahreppur,46,14.217391304347826,0.008666164280331574,0.00709920432465291,0.195698107926225,0.0013893008541162484
2006,all,lit_only,municipality,Skorradalshreppur,1,7.0,0.00018839487565938207,7.598536738925133e-05,0.0,0.0
2006,all,lit_only,municipality,Snæfellsbær,36,16.97222222222222,0.006782215523737754,0.006632437067833223,0.1268063201533387,0.0008410349382205307
2007,all,zeros_included,region,Austurland,22467,0.5664752748475542,0.21982720663776992,0.12739357176461166,3.540310186124964,0.4510127597650963
2007,all,zeros_included,region,Höfuðborgarsvæði,1034,18.27369439071567,0.01011711984971087,0.189133459455672,0.7309738022237431,0.13825160398604272
2007,all,zeros_included,region,Norðurland eystra,21869,0.8433856143399332,0.21397610637652514,0.18461908050809284,3.1458858926258384,0.5807905608799632
2007,all,zeros_included,region,Norðurland vestra,12430,0.40257441673370875,0.12162069606567322,0.0500885859283505,3.5581947435412244,0.17822494316166967
2007,all,zeros_included,region,Suðurland,24726,0.9229960365607053,0.24193027601929493,0.22844158834069048,3.24041036990246,0.7402444917761624
2007,all,zeros_included,region,Suðurnes,831,12.575210589651023,0.008130876784438813,0.10460146341951693,0.9512987602271625,0.09950724246893335
2007,all,zeros_included,region,Vestfirðir,9235,0.6333513806172171,0.09035938279698248,0.058546790386675075,3.406839454991577,0.19945951545244622
2007,all,zeros_included,region,Vesturland,9611,0.5943190094683175,0.0940383354696046,0.0571754601963905,3.5078883030171295,0.2005651280425397
2007,all,zeros_included,municipality,Austur-Hérað,1563,1.1842610364683301,0.015293093157735096,0.01852797213296898,2.8271534287299254,0.05238141994313576
2007,all,zeros_included,municipality,Borgarfjarðarhreppur,419,0.11217183770883055,0.004099683962310304,0.0004704563426523728,3.701856001047411,0.0017415616352785032
2007,all,zeros_included,municipality,Breiðdalshreppur,452,0.14823008849557523,0.004422570766024481,0.0006706505310150846,3.8314855099769884,0.0025695877918426695
2007,all,zeros_included,municipality,Búðahreppur,25,19.28,0.00024461121493498235,0.004824679939541355,0.3120220248115184,0.001505406403803208
2007,all,zeros_included,municipality,Djúpavogshreppur,1146,0.1806282722513089,0.011212978092619591,0.0020720098495540674,4.75962208398852,0.00986198383817927
2007,all,zeros_included,municipality,Fáskrúðsfjarðarhr.,219,2.65296803652968,0.0021427942428304454,0.005815641171936779,1.5395416219397773,0.008953421642463296
2007,all,zeros_included,municipality,Fellahreppur,336,2.6964285714285716,0.0032875747287261625,0.009068796732830845,1.9763474663730478,0.017923093445982415
2007,all,zeros_included,municipality,Fjarðabyggð,635,6.774803149606299,0.006213124859348551,0.043061769916819315,1.16546304572021,0.05018690152135915
2007,all,zeros_included,municipality,Fljótsdalshreppur,1531,0.47485303723056826,0.014979990802618318,0.007277058746984575,3.2370416979779266,0.02355614260262407
2007,all,zeros_included,municipality,Mjóafjarðarhreppur,187,1.2406417112299466,0.0018296918877136678,0.0023222525850074573,2.180381749889309,0.005063397154983531
2007,all,zeros_included,municipality,Norður-Hérað,6977,0.140174860255124,0.06826609786405487,0.009789495810936608,5.223102920791803,0.051131544163182115
2007,all,zeros_included,municipality,Seyðisfjörður,208,6.211538461538462,0.002035165308259053,0.012932544568231185,1.3130536495267202,0.01698112484298292
2007,all,zeros_included,municipality,Skeggjastaðahreppur,589,0.07470288624787776,0.005763040223868184,0.00044042721439796603,4.055645316931123,0.0017862165695221308
2007,all,zeros_included,municipality,Stöðvarhreppur,85,1.9529411764705882,0.00083167813077894,0.001661611763410508,1.4953487963436,0.00248468915040627
2007,all,zeros_included,municipality,Sveitarfélagið Hornafjörður,6214,0.08207273897650466,0.06080056358423921,0.005104951803249152,5.446055074343306,0.027801848672363055
2007,all,zeros_included,municipality,Vopnafjarðarhreppur,1881,0.17809675704412548,0.018404547811708073,0.0033532526550754233,4.528832641724948,0.015186320080256426
2007,all,zeros_included,municipality,Bessastaðahreppur,6,61.5,5.870669158439576e-05,0.003693582775292033,0.0003900327679842164,1.4406183136259756e-06
2007,all,zeros_included,municipality,Garðabær,36,49.888888888888886,0.0003522401495063746,0.017977438114971524,0.06391235823149577,0.001148980464888606
2007,all,zeros_included,municipality,Hafnarfjörður,143,21.265734265734267,0.001399176149428099,0.030439526340550332,0.5890995778111026,0.017931912115988137
2007,all,zeros_included,municipality,Kjósarhreppur,273,0.46153846153846156,0.002671154467090007,0.0012612233866850845,2.04946476781619,0.0025848328953568954
2007,all,zeros_included,municipality,Kópavogur,107,19.49532710280374,0.0010469359999217243,0.020880253846230844,0.40645938984035723,0.00848697523805076
2007,all,zeros_included,municipality,Mosfellsbær,198,18.82323232323232,0.0019373208222850601,0.03730618700139135,0.511249174735692,0.019072757316996727
2007,all,zeros_included,municipality,Reykjavík,271,28.59778597785978,0.0026515855698952084,0.07757524799055084,0.3778378576554373,0.029310865507838995
2007,all,zeros_included,municipality,Aðaldælahreppur,561,3.1889483065953654,0.005489075663141003,0.017907370149044574,1.69505123366083,0.03035390986275913
2007,all,zeros_included,municipality,Akureyri,117,25.974358974358974,0.0011447804858957173,0.03041950692171406,0.49176226084188635,0.014959165497517517
2007,all,zeros_included,municipality,Arnarneshreppur,77,3.909090909090909,0.0007534025419997456,0.003012922534858813,0.6121018602453054,0.0018442154883620806
2007,all,zeros_included,municipality,Bárðdælahreppur,3151,0.0,0.030830797530405175,0.0,0.0,0.0
2007,all,zeros_included,municipality,Dalvíkurbyggð,575,3.2417391304347825,0.005626057943504594,0.018658098355404742,1.558218547355005,0.029073394915765584
2007,all,zeros_included,municipality,Eyjafjarðarsveit,1796,1.1069042316258353,0.01757286968092913,0.019899302323253557,2.6890406879917257,0.05351003360987709
2007,all,zeros_included,municipality,Glæsibæjarhreppur,120,16.458333333333332,0.0011741338316879153,0.019769176100817795,0.3440202573882969,0.0068009970505579056
2007,all,zeros_included,municipality,Grímseyjarhreppur,5,0.0,4.892224298699647e-05,0.0,0.0,0.0
2007,all,zeros_included,municipality,Grýtubakkahreppur,490,2.026530612244898,0.004794379812725654,0.009939641452208643,2.4219266866339506,0.02407308288867715
2007,all,zeros_included,municipality,Hálshreppur,1471,0.2726036709721278,0.01439292388677436,0.004013893476672372,3.1712278622987777,0.012728970829522734
2007,all,zeros_included,municipality,Hríseyjarhreppur,7,6.714285714285714,6.849114018179505e-05,0.0004704563426523728,0.2763165884756813,0.0001299948916284498
2007,all,zeros_included,municipality,Húsavík,66,11.56060606060606,0.0006457736074283534,0.007637408286037456,0.9856725847263337,0.0075279839659088575
2007,all,zeros_included,municipality,Kelduneshreppur,720,0.0,0.0070448029901274915,0.0,0.0,0.0
2007,all,zeros_included,municipality,Ljósavatnshreppur,401,0.12219451371571072,0.003923563887557117,0.0004904757614886439,3.732204736079199,0.0018305559599599683
2007,all,zeros_included,municipality,Ólafsfjörður,202,5.712871287128713,0.0019764586166746575,0.011551204668528473,1.0397663608162535,0.012010554041239569
2007,all,zeros_included,municipality,Öxarfjarðarhreppur,2684,0.06855439642324888,0.026261460035419702,0.001841786532936949,4.7554932710576505,0.00875860346410626
2007,all,zeros_included,municipality,Öxnadalshreppur,289,0.3391003460207612,0.0028277056446483957,0.0009809515229772879,2.8537242466503643,0.002799365145908888
2007,all,zeros_included,municipality,Reykdælahreppur,390,0.6897435897435897,0.0038159349529857246,0.0026926118334784743,2.4628344810671043,0.006631457267620103
2007,all,zeros_included,municipality,Reykjahreppur,191,4.717277486910994,0.0018688296821032652,0.009018748185740168,1.2951219410991854,0.011680378656600564
2007,all,zeros_included,municipality,Siglufjörður,137,10.05109489051095,0.0013404694578437032,0.01378336986877271,0.8953334374333441,0.012340711924023452
2007,all,zeros_included,municipality,Skriðuhreppur,403,0.9081885856079405,0.003943132784751916,0.0036635536470376266,2.0391865337463924,0.007470669262696612
2007,all,zeros_included,municipality,Skútustaðahreppur,6033,0.12696834079230895,0.05902957838810994,0.007667437414291863,4.655492990134309,0.0356957011345293
2007,all,zeros_included,municipality,Svalbarðshreppur,1098,0.0,0.010743324559944424,0.0,0.0,0.0
2007,all,zeros_included,municipality,Þórshafnarhreppur,709,0.1622002820874471,0.006937174055556099,0.001151116583085593,4.140364430783234,0.004766042156292323
2007,all,zeros_included,municipality,Tjörneshreppur,176,0.028409090909090908,0.0017220629531422757,5.0048547090677956e-05,4.497472328028895,0.00022509195559837516
2007,all,zeros_included,municipality,Akrahreppur,1359,0.0029433406916850625,0.01329706564386564,4.0038837672542366e-05,7.214504414151144,0.00028886037112603805
2007,all,zeros_included,municipality,Áshreppur,1150,0.0,0.011252115887009188,0.0,0.0,0.0
2007,all,zeros_included,municipality,Blönduós,15,21.666666666666668,0.00014676672896098941,0.003253155560894067,0.27736179228739744,0.0009023010569592921
2007,all,zeros_included,municipality,Bólstaðarhlíðarhreppur,1340,0.008955223880597015,0.013111161120515054,0.0001201165130176271,6.563910724650144,0.0007884340680039812
2007,all,zeros_included,municipality,Engihlíðarhreppur,166,0.536144578313253,0.0016242184671682828,0.0008908641382140677,3.163919329692777,0.0028186222670255863
2007,all,zeros_included,municipality,Höfðahreppur,48,2.1875,0.00046965353267516607,0.001051019488904237,1.691525637719963,0.001777826411224849
2007,all,zeros_included,municipality,Húnaþing vestra,2461,0.2336448598130841,0.02407952799819966,0.005755582915427965,3.848188993446284,0.02214857082601737
2007,all,zeros_included,municipality,Skagahreppur,272,0.0,0.0026613700184926078,0.0,0.0,0.0
2007,all,zeros_included,municipality,Sveinsstaðahreppur,118,1.0593220338983051,0.0011545649344931166,0.0012512136772669488,1.7215847227726118,0.00215407035170692
2007,all,zeros_included,municipality,Sveitarfélagið Skagafjörður,4110,0.7041362530413625,0.040214083735311094,0.0289680990560844,3.039019292610475,0.08803461190169179
2007,all,zeros_included,municipality,Svínavatnshreppur,979,0.4933605720122574,0.009578975176853908,0.004834689648959491,3.4450164702117743,0.016655585469027828
2007,all,zeros_included,municipality,Torfalækjarhreppur,187,1.7593582887700534,0.0018296918877136678,0.0032931943985666096,1.8391802831809867,0.006056778206525776
2007,all,zeros_included,municipality,Vindhælishreppur,225,0.28,0.002201500934414841,0.0006306116933425422,3.753723443011597,0.0023671418967371413
2007,all,zeros_included,municipality,Ásahreppur,137,0.072992700729927,0.0013404694578437032,0.00010009709418135591,4.919980925828125,0.0004924757941030925
2007,all,zeros_included,municipality,Austur-Eyjafjallahreppur,282,0.0,0.0027592145044666007,0.0,0.0,0.0
2007,all,zeros_included,municipality,Austur-Landeyjahreppur,200,0.0,0.001956889719479859,0.0,0.0,0.0
2007,all,zeros_included,municipality,Biskupstungnahreppur,1989,2.1890397184514834,0.019461268260227194,0.04358227480656236,2.662560477639971,0.11604044242559716
2007,all,zeros_included,municipality,Djúpárhreppur,120,1.8916666666666666,0.0011741338316879153,0.0022722040379167794,2.4215768826695916,0.005502316770927773
2007,all,zeros_included,municipality,Fljótshlíðarhreppur,414,0.0,0.0040507617193233075,0.0,0.0,0.0
2007,all,zeros_included,municipality,Gaulverjabæjarhreppur,84,0.09523809523809523,0.0008218936821815406,8.007767534508473e-05,3.1099284556939915,0.0002490358412215042
2007,all,zeros_included,municipality,Gnúpverjahreppur,1127,0.30967169476486245,0.011027073569269004,0.0034933885869293216,3.166430165673991,0.011061571002074241
2007,all,zeros_included,municipality,Grímsnes- og Grafningshreppur,889,2.481439820022497,0.008698374803087971,0.022081418976407113,1.4544265188461392,0.032115801333038874
2007,all,zeros_included,municipality,Holta- og Landasveit,1604,0.13528678304239403,0.015694255550228468,0.002172106943735423,4.666244961036288,0.01013558308103735
2007,all,zeros_included,municipality,Hraungerðishreppur,98,2.6122448979591835,0.0009588759625451307,0.0025624856110427114,2.3390688650429876,0.005993830309910662
2007,all,zeros_included,municipality,Hrunamannahreppur,1212,3.080858085808581,0.011858751700047944,0.0373762549673183,2.347603633650586,0.0877446319735272
2007,all,zeros_included,municipality,Hveragerði,11,56.81818181818182,0.00010762893457139223,0.006256068386334745,0.003498709699257141,2.1888167142485343e-05
2007,all,zeros_included,municipality,Hvolhreppur,238,1.949579831932773,0.002328698766181032,0.004644505170014915,2.4210474049575215,0.0112445671891764
2007,all,zeros_included,municipality,Laugardalshreppur,649,1.189522342064715,0.006350107139712142,0.007727495670800676,2.531631229156299,0.019563169363369094
2007,all,zeros_included,municipality,Mýrdalshreppur,764,0.22905759162303665,0.007475318728413061,0.0017516991481737285,3.856503212592955,0.006755433392428327
2007,all,zeros_included,municipality,Ölfushreppur,739,8.38700947225981,0.007230707513478078,0.06204017897360439,0.9777977199361669,0.0606627455448221
2007,all,zeros_included,municipality,Rangárvallahreppur,1446,0.03872752420470263,0.014148312671839379,0.0005605437274155931,6.059684890504837,0.0033967183554875313
2007,all,zeros_included,municipality,Skaftárhreppur,6922,0.019936434556486565,0.06772795319119791,0.0013813398997027117,6.08213019116762,0.008401489108246315
2007,all,zeros_included,municipality,Skeiðahreppur,1280,0.259375,0.012524094204671096,0.003323223526821016,3.5429568339743454,0.011774037505174846
2007,all,zeros_included,municipality,Sveitarfélagið Árborg,149,13.838926174496644,0.0014578828410124946,0.02064002082019559,0.732725278907985,0.015123465012144432
2007,all,zeros_included,municipality,Þingvallahreppur,647,0.0015455950540958269,0.006330538242517343,1.0009709418135591e-05,6.472346294500901,6.478630566150067e-05
2007,all,zeros_included,municipality,Uten navn - sysla,123,0.0,0.0012034871774801131,0.0,0.0,0.0
2007,all,zeros_included,municipality,Vestmannaeyjar,15,33.2,0.00014676672896098941,0.0049848352902315245,0.2553002721090425,0.0012726298060148661
2007,all,zeros_included,municipality,Vestur-Eyjafjallahreppur,469,0.0,0.0045889063921802685,0.0,0.0,0.0
2007,all,zeros_included,municipality,Vestur-Landeyjahreppur,186,0.0,0.0018199074391162687,0.0,0.0,0.0
2007,all,zeros_included,municipality,Villingaholtshreppur,2932,0.047748976807639835,0.028688003287574728,0.0014013593185389828,5.931819369119037,0.008312610348804992
2007,all,zeros_included,municipality,Grindavík,456,5.182017543859649,0.004461708560414078,0.023652943355054402,1.4019013303676284,0.03315909275656092
2007,all,zeros_included,municipality,Reykjanesbær,132,16.446969696969695,0.0012915472148567067,0.02173107914677237,0.8149749852408874,0.017710285906909366
2007,all,zeros_included,municipality,Sandgerði,88,47.31818181818182,0.0008610314765711379,0.041680430017116604,0.05681037302974312,0.0023678807773124966
2007,all,zeros_included,municipality,Vatnsleysustrandarhreppur,155,11.303225806451612,0.0015165895325968905,0.017537010900573555,0.4586171793661724,0.008042774473734863
2007,all,zeros_included,municipality,Árneshreppur,682,0.0,0.006672993943426318,0.0,0.0,0.0
2007,all,zeros_included,municipality,Bæjarhreppur,497,0.2012072434607646,0.004862870952907449,0.0010009709418135591,3.779620682934711,0.003783290474695165
2007,all,zeros_included,municipality,Bolungarvík,85,13.941176470588236,0.00083167813077894,0.011861505660490676,0.48701921085671396,0.005776781126344614
2007,all,zeros_included,municipality,Broddaneshreppur,284,0.0,0.0027787834016613994,0.0,0.0,0.0
2007,all,zeros_included,municipality,Hólmavíkurhreppur,1327,0.2554634513941221,0.012983963288748863,0.0033932914927479654,4.127822519453879,0.014006905038836321
2007,all,zeros_included,municipality,Ísafjarðarbær,2337,1.3470261018399659,0.02286625637212215,0.031510565248290844,2.7602237095023847,0.08697620929815428
2007,all,zeros_included,municipality,Kaldrananeshreppur,471,0.029723991507430998,0.004608475289375067,0.00014013593185389827,4.717156650373477,0.0006610431429009006
2007,all,zeros_included,municipality,Kirkjubólshreppur,159,0.0,0.0015557273269864876,0.0,0.0,0.0
2007,all,zeros_included,municipality,Reykhólahreppur,1149,0.0278503046127067,0.011242331438411789,0.00032031070138033893,5.054195976595287,0.0016189130581769236
2007,all,zeros_included,municipality,Súðavíkurhreppur,733,0.39154160982264663,0.007172000821893682,0.0028727866030049147,3.5400703550654087,0.010169866689726758
2007,all,zeros_included,municipality,Vesturbyggð,1511,0.4923891462607545,0.014784301830670333,0.00744722380709288,3.3477691670875473,0.02493158624178588
2007,all,zeros_included,municipality,Akranes,7,44.142857142857146,6.849114018179505e-05,0.003093000210203898,0.10264621395459583,0.0003174847613381992
2007,all,zeros_included,municipality,Borgarbyggð,1847,1.2295614510016242,0.018071876559396495,0.022732050088585927,2.8532135746108027,0.06485939389148607
2007,all,zeros_included,municipality,Borgarfjarðarsveit,1259,0.16521048451151707,0.012318620784125711,0.002082019558972203,3.713630677635243,0.0077318517056357726
2007,all,zeros_included,municipality,Dalabyggð,2172,0.040515653775322284,0.021251822353551265,0.0008808544287959321,5.814989215441317,0.005122159003822066
2007,all,zeros_included,municipality,Eyja- og Miklaholtshreppur,405,0.0,0.003962701681946714,0.0,0.0,0.0
2007,all,zeros_included,municipality,Eyrarsveit,141,2.950354609929078,0.0013796072522333004,0.004164039117944406,2.059018092734152,0.008573831882700292
2007,all,zeros_included,municipality,Helgafellssveit,246,1.2845528455284554,0.0024069743549602262,0.003163068176130847,3.1889592960159003,0.010086895664204523
2007,all,zeros_included,municipality,Hvalfjarðarstrandarhreppur,291,1.0240549828178693,0.0028472745418431943,0.0029828934066044063,2.5831281125471137,0.00770519581533127
2007,all,zeros_included,municipality,Hvítársíðuhreppur,1477,0.0,0.014451630578358757,0.0,0.0,0.0
2007,all,zeros_included,municipality,Innri-Akraneshreppur,28,11.357142857142858,0.0002739645607271802,0.003183087594967118,0.3053938398761056,0.000972095343289006
2007,all,zeros_included,municipality,Kolbeinsstaðahreppur,391,0.0,0.003825719401583124,0.0,0.0,0.0
2007,all,zeros_included,municipality,Leirár- og Melahreppur,136,1.161764705882353,0.0013306850092463039,0.0015815340880654236,1.9183223763107442,0.0030338922300341092
2007,all,zeros_included,municipality,Saurbæjarhreppur,255,0.0,0.00249503439233682,0.0,0.0,0.0
2007,all,zeros_included,municipality,Skilmannahreppur,52,14.807692307692308,0.0005087913270647633,0.0077074762519644055,0.20950166276746307,0.0016147290905272772
2007,all,zeros_included,municipality,Skorradalshreppur,207,0.03864734299516908,0.0020253808596616537,8.007767534508473e-05,4.955948632008932,0.00039686084558092805
2007,all,zeros_included,municipality,Snæfellsbær,697,0.7919655667144907,0.0068197606723873075,0.005525359598810847,3.257239533006815,0.017997419719325364
2007,all,lit_only,region,Austurland,910,13.985714285714286,0.1478472786352559,0.12739357176461166,0.3339519407183831,0.042543330525838675
2007,all,lit_only,region,Höfuðborgarsvæði,713,26.50070126227209,0.11584077985377741,0.189133459455672,0.35926516756966453,0.06794906400437235
2007,all,lit_only,region,Norðurland eystra,1330,13.867669172932331,0.21608448415922016,0.18461908050809284,0.3459947259533145,0.06387722816615049
2007,all,lit_only,region,Norðurland vestra,498,10.048192771084338,0.08090982940698618,0.0500885859283505,0.3409266360611203,0.0170765331056109
2007,all,lit_only,region,Suðurland,1446,15.782849239280775,0.23493095044679121,0.22844158834069048,0.4013561720542973,0.09168644143442313
2007,all,lit_only,region,Suðurnes,469,22.281449893390192,0.07619821283509343,0.10460146341951693,0.3792717338179936,0.03967237839101962
2007,all,lit_only,region,Vestfirðir,393,14.882951653944021,0.06385052802599513,0.058546790386675075,0.2498931742274979,0.014630443290558194
2007,all,lit_only,region,Vesturland,396,14.424242424242424,0.06433793663688059,0.0571754601963905,0.31863895944832565,0.01821832914295703
2007,all,lit_only,municipality,Austur-Hérað,149,12.422818791946309,0.024207961007311127,0.01852797213296898,0.47673740425390765,0.008832977340760368
2007,all,lit_only,municipality,Borgarfjarðarhreppur,12,3.9166666666666665,0.0019496344435418359,0.0004704563426523728,0.14889173091327357,7.004705917663992e-05
2007,all,lit_only,municipality,Breiðdalshreppur,11,6.090909090909091,0.0017871649065800163,0.0006706505310150846,0.11569860294312795,7.759332950151219e-05
2007,all,lit_only,municipality,Búðahreppur,25,19.28,0.004061738424045491,0.004824679939541355,0.3120220248115184,0.001505406403803208
2007,all,lit_only,municipality,Djúpavogshreppur,12,17.25,0.0019496344435418359,0.0020720098495540674,0.20049583650183544,0.00041542934802638493
2007,all,lit_only,municipality,Fáskrúðsfjarðarhr.,56,10.375,0.0090982940698619,0.005815641171936779,0.17582158285842553,0.0010225152361865533
2007,all,lit_only,municipality,Fellahreppur,65,13.938461538461539,0.010560519902518278,0.009068796732830845,0.33362357630548045,0.0030255643987944832
2007,all,lit_only,municipality,Fjarðabyggð,257,16.739299610894943,0.04175467099918765,0.043061769916819315,0.26091413172273814,0.011235424308291237
2007,all,lit_only,municipality,Fljótsdalshreppur,67,10.850746268656716,0.010885458976441918,0.007277058746984575,0.1080579217112092,0.0007863438443695294
2007,all,lit_only,municipality,Mjóafjarðarhreppur,29,8.0,0.00471161657189277,0.0023222525850074573,0.31656896302119675,0.0007351530927091043
2007,all,lit_only,municipality,Norður-Hérað,50,19.56,0.008123476848090982,0.009789495810936608,0.28475162228071227,0.002787574813474436
2007,all,lit_only,municipality,Seyðisfjörður,78,16.564102564102566,0.012672623883021933,0.012932544568231185,0.3322243965149938,0.004296506814583867
2007,all,lit_only,municipality,Skeggjastaðahreppur,11,4.0,0.0017871649065800163,0.00044042721439796603,0.07511440607790698,3.308242863005022e-05
2007,all,lit_only,municipality,Stöðvarhreppur,22,7.545454545454546,0.0035743298131600326,0.001661611763410508,0.14373999321159925,0.0002388400635929399
2007,all,lit_only,municipality,Sveitarfélagið Hornafjörður,40,12.75,0.006498781478472786,0.005104951803249152,0.4003744385042496,0.0020438922118171357
2007,all,lit_only,municipality,Vopnafjarðarhreppur,26,12.884615384615385,0.004224207961007311,0.0033532526550754233,0.24737035044540034,0.0008294952844179767
2007,all,lit_only,municipality,Bessastaðahreppur,6,61.5,0.0009748172217709179,0.003693582775292033,0.0003900327679842164,1.4406183136259756e-06
2007,all,lit_only,municipality,Garðabær,36,49.888888888888886,0.005848903330625508,0.017977438114971524,0.06391235823149577,0.001148980464888606
2007,all,lit_only,municipality,Hafnarfjörður,98,31.03061224489796,0.015922014622258326,0.030439526340550332,0.21122242622176746,0.00642951060669244
2007,all,lit_only,municipality,Kjósarhreppur,39,3.230769230769231,0.006336311941510966,0.0012612233866850845,0.1035546187608769,0.00013060550698047597
2007,all,lit_only,municipality,Kópavogur,106,19.67924528301887,0.017221770917952885,0.020880253846230844,0.39706964949051793,0.00829091507599592
2007,all,lit_only,municipality,Mosfellsbær,181,20.591160220994475,0.029406986190089357,0.03730618700139135,0.4214791753069824,0.015723780931194493
2007,all,lit_only,municipality,Reykjavík,247,31.37651821862348,0.04012997562956946,0.07757524799055084,0.2851073734037137,0.02211727519572767
2007,all,lit_only,municipality,Aðaldælahreppur,122,14.663934426229508,0.019821283509341998,0.017907370149044574,0.16935137287139046,0.0030326377192568545
2007,all,lit_only,municipality,Akureyri,88,34.53409090909091,0.01429731925264013,0.03041950692171406,0.2069251405223369,0.006294560744395882
2007,all,lit_only,municipality,Arnarneshreppur,46,6.543478260869565,0.007473598700243705,0.003012922534858813,0.09693783488071661,0.0002920661871925337
2007,all,lit_only,municipality,Dalvíkurbyggð,154,12.103896103896103,0.025020308692120227,0.018658098355404742,0.24080110897128382,0.004492890775276748
2007,all,lit_only,municipality,Eyjafjarðarsveit,157,12.662420382165605,0.025507717303005686,0.019899302323253557,0.25196924447788893,0.005014012172027299
2007,all,lit_only,municipality,Glæsibæjarhreppur,108,18.287037037037038,0.017546709991876522,0.019769176100817795,0.23865974173047055,0.0047181064624453655
2007,all,lit_only,municipality,Grýtubakkahreppur,62,16.016129032258064,0.01007311129163282,0.009939641452208643,0.3546556805743699,0.003525150303898275
2007,all,lit_only,municipality,Hálshreppur,77,5.207792207792208,0.012510154346060114,0.004013893476672372,0.2213355635510239,0.000888417374693058
2007,all,lit_only,municipality,Hríseyjarhreppur,6,7.833333333333333,0.0009748172217709179,0.0004704563426523728,0.12216590864842303,5.7473726579540975e-05
2007,all,lit_only,municipality,Húsavík,33,23.12121212121212,0.0053614947197400484,0.007637408286037456,0.2925254041663883,0.0022341359456568297
2007,all,lit_only,municipality,Ljósavatnshreppur,10,4.9,0.0016246953696181965,0.0004904757614886439,0.04082840176667535,2.0025341446874388e-05
2007,all,lit_only,municipality,Ólafsfjörður,92,12.543478260869565,0.01494719740048741,0.011551204668528473,0.25328724046408935,0.0029257727545274827
2007,all,lit_only,municipality,Öxarfjarðarhreppur,27,6.814814814814815,0.004386677497969131,0.001841786532936949,0.1562666389704075,0.0002878097912030167
2007,all,lit_only,municipality,Öxnadalshreppur,18,5.444444444444445,0.002924451665312754,0.0009809515229772879,0.07766931643409669,7.618983424463205e-05
2007,all,lit_only,municipality,Reykdælahreppur,38,7.078947368421052,0.006173842404549147,0.0026926118334784743,0.13427390166979802,0.00036154749656342323
2007,all,lit_only,municipality,Reykjahreppur,72,12.51388888888889,0.011697806661251016,0.009018748185740168,0.31951463206861064,0.0028816220082862197
2007,all,lit_only,municipality,Siglufjörður,73,18.863013698630137,0.011860276198212834,0.01378336986877271,0.26581195275361,0.003663784460343744
2007,all,lit_only,municipality,Skriðuhreppur,59,6.203389830508475,0.00958570268074736,0.0036635536470376266,0.11778741570542883,0.0004315205163827608
2007,all,lit_only,municipality,Skútustaðahreppur,72,10.63888888888889,0.011697806661251016,0.007667437414291863,0.2271594307096021,0.001741730718032043
2007,all,lit_only,municipality,Þórshafnarhreppur,14,8.214285714285714,0.002274573517465475,0.001151116583085593,0.2155662338663653,0.0002481418665568803
2007,all,lit_only,municipality,Tjörneshreppur,2,2.5,0.0003249390739236393,5.0048547090677956e-05,0.020135513550688877,1.0077531981366363e-06
2007,all,lit_only,municipality,Akrahreppur,1,4.0,0.00016246953696181965,4.0038837672542366e-05,0.0,0.0
2007,all,lit_only,municipality,Blönduós,14,23.214285714285715,0.002274573517465475,0.003253155560894067,0.20836892080044622,0.0006778565134194671
2007,all,lit_only,municipality,Bólstaðarhlíðarhreppur,2,6.0,0.0003249390739236393,0.0001201165130176271,0.0566330122651324,6.802559954972211e-06
2007,all,lit_only,municipality,Engihlíðarhreppur,8,11.125,0.0012997562956945572,0.0008908641382140677,0.13137308301606998,0.00011703556838563636
2007,all,lit_only,municipality,Höfðahreppur,12,8.75,0.0019496344435418359,0.001051019488904237,0.3052312766000722,0.0003208040203297957
2007,all,lit_only,municipality,Húnaþing vestra,62,9.274193548387096,0.01007311129163282,0.005755582915427965,0.16700032810031917,0.0009611842352850617
2007,all,lit_only,municipality,Sveinsstaðahreppur,22,5.681818181818182,0.0035743298131600326,0.0012512136772669488,0.04194255166526295,5.247909430305265e-05
2007,all,lit_only,municipality,Sveitarfélagið Skagafjörður,294,9.843537414965986,0.04776604386677498,0.0289680990560844,0.40142075245887643,0.01162839612039667
2007,all,lit_only,municipality,Svínavatnshreppur,38,12.710526315789474,0.006173842404549147,0.004834689648959491,0.1960709874076496,0.0009479423732810302
2007,all,lit_only,municipality,Torfalækjarhreppur,39,8.435897435897436,0.006336311941510966,0.0032931943985666096,0.2716333124560464,0.0008945413030443456
2007,all,lit_only,municipality,Vindhælishreppur,6,10.5,0.0009748172217709179,0.0006306116933425422,0.12938251003523238,8.159012374222636e-05
2007,all,lit_only,municipality,Ásahreppur,1,10.0,0.00016246953696181965,0.00010009709418135591,0.0,0.0
2007,all,lit_only,municipality,Biskupstungnahreppur,179,24.324022346368714,0.02908204711616572,0.04358227480656236,0.25455900462675407,0.011094260494128176
2007,all,lit_only,municipality,Djúpárhreppur,11,20.636363636363637,0.0017871649065800163,0.0022722040379167794,0.031980412685916004,7.266602283918334e-05
2007,all,lit_only,municipality,Gaulverjabæjarhreppur,4,2.0,0.0006498781478472786,8.007767534508473e-05,0.06540601797056855,5.237561872661967e-06
2007,all,lit_only,municipality,Gnúpverjahreppur,60,5.816666666666666,0.00974817221770918,0.0034933885869293216,0.23346021385631532,0.0008155672465877306
2007,all,lit_only,municipality,Grímsnes- og Grafningshreppur,274,8.05109489051095,0.04451665312753859,0.022081418976407113,0.27745738972030454,0.006126652870514317
2007,all,lit_only,municipality,Holta- og Landasveit,18,12.055555555555555,0.002924451665312754,0.002172106943735423,0.17636093050599255,0.00038307480175570687
2007,all,lit_only,municipality,Hraungerðishreppur,19,13.473684210526315,0.0030869212022745737,0.0025624856110427114,0.698540365538856,0.0017899996354258344
2007,all,lit_only,municipality,Hrunamannahreppur,140,26.67142857142857,0.022745735174654752,0.0373762549673183,0.18921888963063083,0.007072293463467319
2007,all,lit_only,municipality,Hveragerði,11,56.81818181818182,0.0017871649065800163,0.006256068386334745,0.003498709699257141,2.1888167142485343e-05
2007,all,lit_only,municipality,Hvolhreppur,24,19.333333333333332,0.0038992688870836717,0.004644505170014915,0.12683056163399264,0.0005890651992249741
2007,all,lit_only,municipality,Laugardalshreppur,75,10.293333333333333,0.012185215272136474,0.007727495670800676,0.373686625988519,0.0028876617845623918
2007,all,lit_only,municipality,Mýrdalshreppur,17,10.294117647058824,0.002761982128350934,0.0017516991481737285,0.05114876748265074,8.95972524294954e-05
2007,all,lit_only,municipality,Ölfushreppur,426,14.549295774647888,0.06921202274573518,0.06204017897360439,0.42693914525733545,0.026487380982602775
2007,all,lit_only,municipality,Rangárvallahreppur,4,14.0,0.0006498781478472786,0.0005605437274155931,0.16942284890601833,9.496891523514835e-05
2007,all,lit_only,municipality,Skaftárhreppur,18,7.666666666666667,0.002924451665312754,0.0013813398997027117,0.13004192486849542,0.00017963209945499504
2007,all,lit_only,municipality,Skeiðahreppur,49,6.775510204081633,0.007961007311129163,0.003323223526821016,0.28016177517130925,0.0009310402025652349
2007,all,lit_only,municipality,Sveitarfélagið Árborg,92,22.41304347826087,0.01494719740048741,0.02064002082019559,0.25056755001156583,0.0051717194491041184
2007,all,lit_only,municipality,Þingvallahreppur,1,1.0,0.00016246953696181965,1.0009709418135591e-05,0.0,0.0
2007,all,lit_only,municipality,Vestmannaeyjar,12,41.5,0.0019496344435418359,0.0049848352902315245,0.03215672079483323,0.00016029595663620658
2007,all,lit_only,municipality,Villingaholtshreppur,11,12.727272727272727,0.0017871649065800163,0.0014013593185389828,0.34627457891086477,0.0004852551079299027
2007,all,lit_only,municipality,Grindavík,177,13.350282485875706,0.02875710804224208,0.023652943355054402,0.45555825342707124,0.010775293563238034
2007,all,lit_only,municipality,Reykjanesbær,80,27.1375,0.012997562956945572,0.02173107914677237,0.31419969732839803,0.00682789849053534
2007,all,lit_only,municipality,Sandgerði,88,47.31818181818182,0.01429731925264013,0.041680430017116604,0.05681037302974312,0.0023678807773124966
2007,all,lit_only,municipality,Vatnsleysustrandarhreppur,124,14.129032258064516,0.02014622258326564,0.017537010900573555,0.23547362805196226,0.004129503581944865
2007,all,lit_only,municipality,Bæjarhreppur,12,8.333333333333334,0.0019496344435418359,0.0010009709418135591,0.05593730662608287,5.5991618496024015e-05
2007,all,lit_only,municipality,Bolungarvík,62,19.112903225806452,0.01007311129163282,0.011861505660490676,0.1715023394114894,0.0020342759697167746
2007,all,lit_only,municipality,Hólmavíkurhreppur,23,14.73913043478261,0.0037367993501218524,0.0033932914927479654,0.07264070105082077,0.0002464910729029983
2007,all,lit_only,municipality,Ísafjarðarbær,192,16.395833333333332,0.031194151096669374,0.031510565248290844,0.26109574699130844,0.008227274571620863
2007,all,lit_only,municipality,Kaldrananeshreppur,5,2.8,0.0008123476848090983,0.00014013593185389827,0.1717364687911591,2.4066450087347e-05
2007,all,lit_only,municipality,Reykhólahreppur,8,4.0,0.0012997562956945572,0.00032031070138033893,0.08699024042636783,2.7863904924214193e-05
2007,all,lit_only,municipality,Súðavíkurhreppur,25,11.48,0.004061738424045491,0.0028727866030049147,0.16180047804695796,0.0004648182456930916
2007,all,lit_only,municipality,Vesturbyggð,66,11.272727272727273,0.010722989439480097,0.00744722380709288,0.21689694684123317,0.0016152801062017904
2007,all,lit_only,municipality,Akranes,7,44.142857142857146,0.0011372867587327376,0.003093000210203898,0.10264621395459583,0.0003174847613381992
2007,all,lit_only,municipality,Borgarbyggð,151,15.039735099337749,0.02453290008123477,0.022732050088585927,0.34917543122648675,0.007937473392344088
2007,all,lit_only,municipality,Borgarfjarðarsveit,37,5.621621621621622,0.006011372867587328,0.002082019558972203,0.1864755562351199,0.00038824575535174064
2007,all,lit_only,municipality,Dalabyggð,7,12.571428571428571,0.0011372867587327376,0.0008808544287959321,0.07749568344280444,6.826241597316187e-05
2007,all,lit_only,municipality,Eyrarsveit,20,20.8,0.003249390739236393,0.004164039117944406,0.10599047590997435,0.0004413484878186774
2007,all,lit_only,municipality,Helgafellssveit,11,28.727272727272727,0.0017871649065800163,0.003163068176130847,0.0815230328819081,0.00025786291093043214
2007,all,lit_only,municipality,Hvalfjarðarstrandarhreppur,30,9.933333333333334,0.00487408610885459,0.0029828934066044063,0.31100222703777636,0.0009276864924702697
2007,all,lit_only,municipality,Innri-Akraneshreppur,26,12.23076923076923,0.004224207961007311,0.003183087594967118,0.2312858677223839,0.0007362031764383259
2007,all,lit_only,municipality,Leirár- og Melahreppur,24,6.583333333333333,0.0038992688870836717,0.0015815340880654236,0.18372132092263804,0.0002905615317435594
2007,all,lit_only,municipality,Skilmannahreppur,52,14.807692307692308,0.008448415922014622,0.0077074762519644055,0.20950166276746307,0.0016147290905272772
2007,all,lit_only,municipality,Skorradalshreppur,2,4.0,0.0003249390739236393,8.007767534508473e-05,0.3163770193035085,2.5334736238431957e-05
2007,all,lit_only,municipality,Snæfellsbær,29,19.03448275862069,0.00471161657189277,0.005525359598810847,0.07774995223276493,0.00042959644487639253
2008,all,zeros_included,region,Austurland,22467,0.36106289224195487,0.21982720663776992,0.10510358767054068,4.302822846421247,0.4522421182696409
2008,all,zeros_included,region,Höfuðborgarsvæði,1034,16.11218568665377,0.01011711984971087,0.2158562340472396,1.035736106386402,0.22357009539131983
2008,all,zeros_included,region,Norðurland eystra,21869,0.6286524303809045,0.21397610637652514,0.17812674103730192,3.702833118204511,0.6595735959507601
2008,all,zeros_included,region,Norðurland vestra,12430,0.20225261464199518,0.12162069606567322,0.03257278345706845,4.741462457563792,0.15444262990004498
2008,all,zeros_included,region,Suðurland,24726,0.725268947666424,0.24193027601929493,0.23234993068242185,3.689655223100963,0.8572911353295445
2008,all,zeros_included,region,Suðurnes,831,12.117930204572804,0.008130876784438813,0.1304725256215908,1.0631989105377624,0.13871824709598565
2008,all,zeros_included,region,Vestfirðir,9235,0.4541418516513265,0.09035938279698248,0.05433979865510942,3.976356556084224,0.21607441463854105
2008,all,zeros_included,region,Vesturland,9611,0.41098741025907815,0.0940383354696046,0.051178398828727274,4.093348536391471,0.20949102394042973
2008,all,zeros_included,municipality,Austur-Hérað,1563,0.8835572616762636,0.015293093157735096,0.017893004755056296,3.5418397382223743,0.06337415527766029
2008,all,zeros_included,municipality,Borgarfjarðarhreppur,419,0.0,0.004099683962310304,0.0,0.0,0.0
2008,all,zeros_included,municipality,Breiðdalshreppur,452,0.03982300884955752,0.004422570766024481,0.00023321801997901038,5.420534999272286,0.001264166439757209
2008,all,zeros_included,municipality,Búðahreppur,25,12.36,0.00024461121493498235,0.004003576009639678,1.097608668382926,0.004394359732710435
2008,all,zeros_included,municipality,Djúpavogshreppur,1146,0.16666666666666666,0.011212978092619591,0.00247470232311061,4.952942787582286,0.012257059022663823
2008,all,zeros_included,municipality,Fáskrúðsfjarðarhr.,219,1.7945205479452055,0.0021427942428304454,0.0050919267695417264,2.1683721183359097,0.01104119203568252
2008,all,zeros_included,municipality,Fellahreppur,336,1.9761904761904763,0.0032875747287261625,0.008603153625892384,2.652361491261824,0.022818673380726493
2008,all,zeros_included,municipality,Fjarðabyggð,635,5.543307086614173,0.006213124859348551,0.04560707946256203,1.5800783410936445,0.07206275845933104
2008,all,zeros_included,municipality,Fljótsdalshreppur,1531,0.0,0.014979990802618318,0.0,0.0,0.0
2008,all,zeros_included,municipality,Mjóafjarðarhreppur,187,0.5080213903743316,0.0018296918877136678,0.0012308728832225548,3.47052728716346,0.004271777928253439
2008,all,zeros_included,municipality,Norður-Hérað,6977,0.0,0.06826609786405487,0.0,0.0,0.0
2008,all,zeros_included,municipality,Seyðisfjörður,208,4.725961538461538,0.002035165308259053,0.012736295202187067,1.779161068121243,0.022659920575830605
2008,all,zeros_included,municipality,Skeggjastaðahreppur,589,0.0,0.005763040223868184,0.0,0.0,0.0
2008,all,zeros_included,municipality,Stöðvarhreppur,85,0.9294117647058824,0.00083167813077894,0.0010235679765745456,2.361874265115713,0.0024175388624679823
2008,all,zeros_included,municipality,Sveitarfélagið Hornafjörður,6214,0.032990022529771484,0.06080056358423921,0.0026560941164276183,6.986156373242957,0.018555888839413927
2008,all,zeros_included,municipality,Vopnafjarðarhreppur,1881,0.14566719829877725,0.018404547811708073,0.003550096526347158,4.922112852098511,0.017473975738523627
2008,all,zeros_included,municipality,Bessastaðahreppur,6,61.5,5.870669158439576e-05,0.004780969409569713,0.0003900327679842164,1.8647347324623397e-06
2008,all,zeros_included,municipality,Garðabær,36,49.888888888888886,0.0003522401495063746,0.023269975771239036,0.06391235823149577,0.0014872390275296563
2008,all,zeros_included,municipality,Hafnarfjörður,143,21.20979020979021,0.001399176149428099,0.03929723636646325,0.5958663132724844,0.023415899355481856
2008,all,zeros_included,municipality,Kjósarhreppur,273,0.007326007326007326,0.002671154467090007,2.5913113331001153e-05,4.916324614625014,0.00012739727691076855
2008,all,zeros_included,municipality,Kópavogur,107,15.30841121495327,0.0010469359999217243,0.021222839818089943,0.9479575743345325,0.020118351754446876
2008,all,zeros_included,municipality,Mosfellsbær,198,14.48989898989899,0.0019373208222850601,0.037172361073321156,1.132205550363122,0.04208675352731627
2008,all,zeros_included,municipality,Reykjavík,271,25.656826568265682,0.0026515855698952084,0.0900869384952255,0.6232310732617932,0.056144979365248544
2008,all,zeros_included,municipality,Aðaldælahreppur,561,1.4491978609625669,0.005489075663141003,0.010533680569051969,2.8363364653425855,0.029877062312272735
2008,all,zeros_included,municipality,Akureyri,117,25.914529914529915,0.0011447804858957173,0.03928427980979775,0.4995079630560473,0.019622810587915877
2008,all,zeros_included,municipality,Arnarneshreppur,77,0.45454545454545453,0.0007534025419997456,0.00045347948329252017,3.246017577384101,0.0014720023737505802
2008,all,zeros_included,municipality,Bárðdælahreppur,3151,0.0,0.030830797530405175,0.0,0.0,0.0
2008,all,zeros_included,municipality,Dalvíkurbyggð,575,2.266086956521739,0.005626057943504594,0.016882393335147253,2.18409757296185,0.03687279430908243
2008,all,zeros_included,municipality,Eyjafjarðarsveit,1796,0.987750556792873,0.01757286968092913,0.02298493152459802,2.9307940326264195,0.06736410015261875
2008,all,zeros_included,municipality,Glæsibæjarhreppur,120,15.041666666666666,0.0011741338316879153,0.023386584781228542,0.5319585000973546,0.012440692562621954
2008,all,zeros_included,municipality,Grímseyjarhreppur,5,0.0,4.892224298699647e-05,0.0,0.0,0.0
2008,all,zeros_included,municipality,Grýtubakkahreppur,490,1.8510204081632653,0.004794379812725654,0.011751596895609022,2.6667259262232523,0.03133828811604527
2008,all,zeros_included,municipality,Hálshreppur,1471,0.1114887831407206,0.01439292388677436,0.0021248752931420944,4.5003355328869485,0.009562651784680938
2008,all,zeros_included,municipality,Hríseyjarhreppur,7,0.0,6.849114018179505e-05,0.0,0.0,0.0
2008,all,zeros_included,municipality,Húsavík,66,7.4393939393939394,0.0006457736074283534,0.006361669322760783,1.7302306284068383,0.011007155110036894
2008,all,zeros_included,municipality,Kelduneshreppur,720,0.0,0.0070448029901274915,0.0,0.0,0.0
2008,all,zeros_included,municipality,Ljósavatnshreppur,401,0.0,0.003923563887557117,0.0,0.0,0.0
2008,all,zeros_included,municipality,Ólafsfjörður,202,4.425742574257426,0.0019764586166746575,0.011583161658957515,1.4371749359454102,0.0166470296152576
2008,all,zeros_included,municipality,Öxarfjarðarhreppur,2684,0.028315946348733235,0.026261460035419702,0.0009846983065780438,5.8679952855577415,0.0057782050206966525
2008,all,zeros_included,municipality,Öxnadalshreppur,289,0.06920415224913495,0.0028277056446483957,0.00025913113331001153,4.570359359665577,0.0011843224005041596
2008,all,zeros_included,municipality,Reykdælahreppur,390,0.2564102564102564,0.0038159349529857246,0.0012956556665500577,3.5775608480678636,0.0046352869852267576
2008,all,zeros_included,municipality,Reykjahreppur,191,2.900523560209424,0.0018688296821032652,0.007177932392687319,2.314717931259886,0.016614888818724513
2008,all,zeros_included,municipality,Siglufjörður,137,8.708029197080291,0.0013404694578437032,0.015457172101942187,1.0861223203755674,0.016788379629805936
2008,all,zeros_included,municipality,Skriðuhreppur,403,0.41687344913151364,0.003943132784751916,0.002176701519804097,3.122689749000175,0.006797163522525355
2008,all,zeros_included,municipality,Skútustaðahreppur,6033,0.05619094977623073,0.05902957838810994,0.004392272709604695,5.6324972985917325,0.024739464171526636
2008,all,zeros_included,municipality,Svalbarðshreppur,1098,0.0,0.010743324559944424,0.0,0.0,0.0
2008,all,zeros_included,municipality,Þórshafnarhreppur,709,0.11283497884344147,0.006937174055556099,0.0010365245332400461,4.747828563267879,0.004921240785444997
2008,all,zeros_included,municipality,Tjörneshreppur,176,0.0,0.0017220629531422757,0.0,0.0,0.0
2008,all,zeros_included,municipality,Akrahreppur,1359,0.0,0.01329706564386564,0.0,0.0,0.0
2008,all,zeros_included,municipality,Áshreppur,1150,0.0,0.011252115887009188,0.0,0.0,0.0
2008,all,zeros_included,municipality,Blönduós,15,12.733333333333333,0.00014676672896098941,0.00247470232311061,1.0996211581644375,0.002721235034651113
2008,all,zeros_included,municipality,Bólstaðarhlíðarhreppur,1340,0.0,0.013111161120515054,0.0,0.0,0.0
2008,all,zeros_included,municipality,Engihlíðarhreppur,166,0.26506024096385544,0.0016242184671682828,0.0005700884932820254,4.422978549879884,0.002521489177319741
2008,all,zeros_included,municipality,Höfðahreppur,48,0.4375,0.00046965353267516607,0.0002720876899755121,3.8712010109078907,0.0010533061404887952
2008,all,zeros_included,municipality,Húnaþing vestra,2461,0.07761072734660707,0.02407952799819966,0.00247470232311061,5.271535691028386,0.013045481620948441
2008,all,zeros_included,municipality,Skagahreppur,272,0.0,0.0026613700184926078,0.0,0.0,0.0
2008,all,zeros_included,municipality,Sveinsstaðahreppur,118,0.0,0.0011545649344931166,0.0,0.0,0.0
2008,all,zeros_included,municipality,Sveitarfélagið Skagafjörður,4110,0.4218978102189781,0.040214083735311094,0.022466669257977998,4.048930350807667,0.09096597904018468
2008,all,zeros_included,municipality,Svínavatnshreppur,979,0.11542390194075587,0.009578975176853908,0.0014640909032015651,5.1348879574845725,0.0075179427475124275
2008,all,zeros_included,municipality,Torfalækjarhreppur,187,1.0,0.0018296918877136678,0.002422876096448608,2.855552961626905,0.006918651012868857
2008,all,zeros_included,municipality,Vindhælishreppur,225,0.14666666666666667,0.002201500934414841,0.00042756636996151904,4.727091163727762,0.002021145209352252
2008,all,zeros_included,municipality,Ásahreppur,137,0.072992700729927,0.0013404694578437032,0.00012956556665500577,4.919980925828125,0.0006374601165867409
2008,all,zeros_included,municipality,Austur-Eyjafjallahreppur,282,0.0,0.0027592145044666007,0.0,0.0,0.0
2008,all,zeros_included,municipality,Austur-Landeyjahreppur,200,0.0,0.001956889719479859,0.0,0.0,0.0
2008,all,zeros_included,municipality,Biskupstungnahreppur,1989,1.9612870789341377,0.019461268260227194,0.05054352755211775,2.920316179618145,0.14760308128542496
2008,all,zeros_included,municipality,Djúpárhreppur,120,1.7166666666666666,0.0011741338316879153,0.0026690506730931186,2.5201301833641128,0.00672635516219027
2008,all,zeros_included,municipality,Fljótshlíðarhreppur,414,0.0,0.0040507617193233075,0.0,0.0,0.0
2008,all,zeros_included,municipality,Gaulverjabæjarhreppur,84,0.0,0.0008218936821815406,0.0,0.0,0.0
2008,all,zeros_included,municipality,Gnúpverjahreppur,1127,0.09671694764862467,0.011027073569269004,0.0014122646765395628,4.5361464956946485,0.006406239463478274
2008,all,zeros_included,municipality,Grímsnes- og Grafningshreppur,889,1.6602924634420697,0.008698374803087971,0.01912387763827885,2.077095860783498,0.0397221270845991
2008,all,zeros_included,municipality,Holta- og Landasveit,1604,0.03615960099750624,0.015694255550228468,0.0007514802865990335,5.836887757393004,0.004386306084772085
2008,all,zeros_included,municipality,Hraungerðishreppur,98,0.7653061224489796,0.0009588759625451307,0.0009717417499125432,3.5351046136184836,0.0034352087433615302
2008,all,zeros_included,municipality,Hrunamannahreppur,1212,2.853960396039604,0.011858751700047944,0.0448167295059665,2.5396497465794945,0.11381879573234957
2008,all,zeros_included,municipality,Hveragerði,11,56.81818181818182,0.00010762893457139223,0.00809784791593786,0.003498709699257141,2.8332019046601016e-05
2008,all,zeros_included,municipality,Hvolhreppur,238,1.596638655462185,0.002328698766181032,0.004923491532890219,2.684731699051276,0.013218253788360931
2008,all,zeros_included,municipality,Laugardalshreppur,649,0.9522342064714946,0.006350107139712142,0.008007152019279356,3.022640045424334,0.0242027383432741
2008,all,zeros_included,municipality,Mýrdalshreppur,764,0.07853403141361257,0.007475318728413061,0.0007773933999300346,5.051922221447732,0.003927330991913346
2008,all,zeros_included,municipality,Ölfushreppur,739,5.554803788903924,0.007230707513478078,0.05318666511187987,1.6312498359171679,0.08676073873673538
2008,all,zeros_included,municipality,Rangárvallahreppur,1446,0.03665283540802213,0.014148312671839379,0.0006866975032715306,6.211529642585214,0.004265441897060369
2008,all,zeros_included,municipality,Skaftárhreppur,6922,0.010401618029471251,0.06772795319119791,0.0009328720799160415,6.955481197393413,0.006488574211429313
2008,all,zeros_included,municipality,Skeiðahreppur,1280,0.21953125,0.012524094204671096,0.003640792423005662,3.904121875074055,0.014214097341260277
2008,all,zeros_included,municipality,Sveitarfélagið Árborg,149,13.06711409395973,0.0014578828410124946,0.025226415827729623,0.7987147150836265,0.02014870953042615
2008,all,zeros_included,municipality,Þingvallahreppur,647,0.0,0.006330538242517343,0.0,0.0,0.0
2008,all,zeros_included,municipality,Uten navn - sysla,123,0.0,0.0012034871774801131,0.0,0.0,0.0
2008,all,zeros_included,municipality,Vestmannaeyjar,15,33.2,0.00014676672896098941,0.006452365219419287,0.2553002721090425,0.0016472905962646657
2008,all,zeros_included,municipality,Vestur-Eyjafjallahreppur,469,0.0,0.0045889063921802685,0.0,0.0,0.0
2008,all,zeros_included,municipality,Vestur-Landeyjahreppur,186,0.0,0.0018199074391162687,0.0,0.0,0.0
2008,all,zeros_included,municipality,Villingaholtshreppur,2932,0.0,0.028688003287574728,0.0,0.0,0.0
2008,all,zeros_included,municipality,Grindavík,456,4.4144736842105265,0.004461708560414078,0.02608154856765266,1.802267947224445,0.04700593899745802
2008,all,zeros_included,municipality,Reykjanesbær,132,16.522727272727273,0.0012915472148567067,0.028258250087456756,0.8110538282009352,0.022918961911691214
2008,all,zeros_included,municipality,Sandgerði,88,47.31818181818182,0.0008610314765711379,0.0539511019551444,0.05681037302974312,0.003064982227437457
2008,all,zeros_included,municipality,Vatnsleysustrandarhreppur,155,11.04516129032258,0.0015165895325968905,0.022181625011336987,0.5350109378857328,0.011867412001145031
2008,all,zeros_included,municipality,Árneshreppur,682,0.0,0.006672993943426318,0.0,0.0,0.0
2008,all,zeros_included,municipality,Bæjarhreppur,497,0.0,0.004862870952907449,0.0,0.0,0.0
2008,all,zeros_included,municipality,Bolungarvík,85,12.505882352941176,0.00083167813077894,0.013772819735427114,0.7063220979400575,0.009728046930077106
2008,all,zeros_included,municipality,Broddaneshreppur,284,0.0,0.0027787834016613994,0.0,0.0,0.0
2008,all,zeros_included,municipality,Hólmavíkurhreppur,1327,0.15523737754333083,0.012983963288748863,0.0026690506730931186,4.731425646526774,0.012628414806552331
2008,all,zeros_included,municipality,Ísafjarðarbær,2337,1.0577663671373556,0.02286625637212215,0.032028608077117424,3.22824800772783,0.1033962902152498
2008,all,zeros_included,municipality,Kaldrananeshreppur,471,0.0,0.004608475289375067,0.0,0.0,0.0
2008,all,zeros_included,municipality,Kirkjubólshreppur,159,0.0,0.0015557273269864876,0.0,0.0,0.0
2008,all,zeros_included,municipality,Reykhólahreppur,1149,0.0,0.011242331438411789,0.0,0.0,0.0
2008,all,zeros_included,municipality,Súðavíkurhreppur,733,0.24693042291950887,0.007172000821893682,0.002345136756455604,4.085670013201695,0.009581454922707748
2008,all,zeros_included,municipality,Vesturbyggð,1511,0.1800132362673726,0.014784301830670333,0.003524183413016157,4.412557466597018,0.015550661832761808
2008,all,zeros_included,municipality,Akranes,7,45.142857142857146,6.849114018179505e-05,0.004094271906298182,0.06997527502022427,0.0002864978026507932
2008,all,zeros_included,municipality,Borgarbyggð,1847,0.6762317271250676,0.018071876559396495,0.01618273927521022,3.7757444777215317,0.06110188845278233
2008,all,zeros_included,municipality,Borgarfjarðarsveit,1259,0.048451151707704525,0.012318620784125711,0.0007903499565955352,4.913965835352384,0.0038837526846826993
2008,all,zeros_included,municipality,Dalabyggð,2172,0.020257826887661142,0.021251822353551265,0.0005700884932820254,6.516537407732631,0.0037150029921902516
2008,all,zeros_included,municipality,Eyja- og Miklaholtshreppur,405,0.0,0.003962701681946714,0.0,0.0,0.0
2008,all,zeros_included,municipality,Eyrarsveit,141,2.3617021276595747,0.0013796072522333004,0.004314533369611692,2.3437173195685364,0.01011204658421532
2008,all,zeros_included,municipality,Helgafellssveit,246,1.2520325203252032,0.0024069743549602262,0.003990619452974177,3.21367898502808,0.012824569873267366
2008,all,zeros_included,municipality,Hvalfjarðarstrandarhreppur,291,0.2920962199312715,0.0028472745418431943,0.001101307316567549,4.1630755335776195,0.004584825544552386
2008,all,zeros_included,municipality,Hvítársíðuhreppur,1477,0.0,0.014451630578358757,0.0,0.0,0.0
2008,all,zeros_included,municipality,Innri-Akraneshreppur,28,11.071428571428571,0.0002739645607271802,0.004016532566305179,0.3837142461087111,0.0015412007656508782
2008,all,zeros_included,municipality,Kolbeinsstaðahreppur,391,0.0,0.003825719401583124,0.0,0.0,0.0
2008,all,zeros_included,municipality,Leirár- og Melahreppur,136,0.5735294117647058,0.0013306850092463039,0.001010611419909045,2.782717851828377,0.0028122464394425236
2008,all,zeros_included,municipality,Saurbæjarhreppur,255,0.0,0.00249503439233682,0.0,0.0,0.0
2008,all,zeros_included,municipality,Skilmannahreppur,52,11.961538461538462,0.0005087913270647633,0.008058978245941359,0.6063214315058918,0.004886331226554005
2008,all,zeros_included,municipality,Skorradalshreppur,207,0.0,0.0020253808596616537,0.0,0.0,0.0
2008,all,zeros_included,municipality,Snæfellsbær,697,0.7804878048780488,0.0068197606723873075,0.007048366826032314,3.2610727305294223,0.022985236851142198
2008,all,lit_only,region,Austurland,366,22.16393442622951,0.1157495256166983,0.10510358767054068,0.1856533349051359,0.019512831561530202
2008,all,lit_only,region,Höfuðborgarsvæði,437,38.12356979405034,0.13820366856419988,0.2158562340472396,0.17447924641361734,0.037662433050243777
2008,all,lit_only,region,Norðurland eystra,672,20.458333333333332,0.2125237191650854,0.17812674103730192,0.22026607083933758,0.03923527735970268
2008,all,lit_only,region,Norðurland vestra,136,18.485294117647058,0.043010752688172046,0.03257278345706845,0.226249158795087,0.007369564856776262
2008,all,lit_only,region,Suðurland,779,23.020539152759948,0.2463630613535737,0.23234993068242185,0.23205566840483938,0.0539181184683275
2008,all,lit_only,region,Suðurnes,372,27.06989247311828,0.11764705882352941,0.1304725256215908,0.2594629699554609,0.03385278899536792
2008,all,lit_only,region,Vestfirðir,201,20.865671641791046,0.0635673624288425,0.05433979865510942,0.14890557150995942,0.008091498774475193
2008,all,lit_only,region,Vesturland,199,19.849246231155778,0.06293485135989879,0.051178398828727274,0.21598980629267883,0.011054012449386265
2008,all,lit_only,municipality,Austur-Hérað,59,23.406779661016948,0.01865907653383934,0.017893004755056296,0.2650148517066171,0.004741912001747039
2008,all,lit_only,municipality,Breiðdalshreppur,2,9.0,0.0006325110689437065,0.00023321801997901038,0.0,0.0
2008,all,lit_only,municipality,Búðahreppur,10,30.9,0.0031625553447185324,0.004003576009639678,0.18131793650877137,0.0007259201407238874
2008,all,lit_only,municipality,Djúpavogshreppur,9,21.22222222222222,0.0028462998102466793,0.00247470232311061,0.10613446764382051,0.0002626512136402705
2008,all,lit_only,municipality,Fáskrúðsfjarðarhr.,29,13.551724137931034,0.009171410499683744,0.0050919267695417264,0.1465962185058829,0.0007464572093236933
2008,all,lit_only,municipality,Fellahreppur,28,23.714285714285715,0.008855154965211892,0.008603153625892384,0.16745484147382417,0.0014406397265987647
2008,all,lit_only,municipality,Fjarðabyggð,149,23.624161073825505,0.04712207463630613,0.04560707946256203,0.13039964814641225,0.0059471471149035535
2008,all,lit_only,municipality,Mjóafjarðarhreppur,7,13.571428571428571,0.002213788741302973,0.0012308728832225548,0.18532881936418688,0.00022811621823502876
2008,all,lit_only,municipality,Seyðisfjörður,43,22.86046511627907,0.01359898798228969,0.012736295202187067,0.20282310411348758,0.0025832149278133
2008,all,lit_only,municipality,Stöðvarhreppur,9,8.777777777777779,0.0028462998102466793,0.0010235679765745456,0.11644758596161608,0.00011919201993972184
2008,all,lit_only,municipality,Sveitarfélagið Hornafjörður,6,34.166666666666664,0.0018975332068311196,0.0026560941164276183,0.04335575251801904,0.00011515695917640228
2008,all,lit_only,municipality,Vopnafjarðarhreppur,15,18.266666666666666,0.004743833017077799,0.003550096526347158,0.0906042238996907,0.0003216537405386721
2008,all,lit_only,municipality,Bessastaðahreppur,6,61.5,0.0018975332068311196,0.004780969409569713,0.0003900327679842164,1.8647347324623397e-06
2008,all,lit_only,municipality,Garðabær,36,49.888888888888886,0.011385199240986717,0.023269975771239036,0.06391235823149577,0.0014872390275296563
2008,all,lit_only,municipality,Hafnarfjörður,97,31.2680412371134,0.030676786843769767,0.03929723636646325,0.20773266151595982,0.008163319500627176
2008,all,lit_only,municipality,Kjósarhreppur,2,1.0,0.0006325110689437065,2.5913113331001153e-05,0.0,0.0
2008,all,lit_only,municipality,Kópavogur,58,28.24137931034483,0.018342820999367487,0.021222839818089943,0.3355717504190454,0.007121785506619458
2008,all,lit_only,municipality,Mosfellsbær,74,38.770270270270274,0.02340290955091714,0.037172361073321156,0.1480036128727562,0.0055016437378621365
2008,all,lit_only,municipality,Reykjavík,164,42.396341463414636,0.05186590765338393,0.0900869384952255,0.12097868020629043,0.010898598922977641
2008,all,lit_only,municipality,Aðaldælahreppur,37,21.972972972972972,0.01170145477545857,0.010533680569051969,0.1175334724641135,0.001238060055108437
2008,all,lit_only,municipality,Akureyri,86,35.25581395348837,0.02719797596457938,0.03928427980979775,0.19168132451179876,0.007530062786434146
2008,all,lit_only,municipality,Arnarneshreppur,3,11.666666666666666,0.0009487666034155598,0.00045347948329252017,0.0008244441985270079,3.7386852915154347e-07
2008,all,lit_only,municipality,Dalvíkurbyggð,76,17.144736842105264,0.02403542061986085,0.016882393335147253,0.16046087245083074,0.002708963563615818
2008,all,lit_only,municipality,Eyjafjarðarsveit,112,15.839285714285714,0.03542061986084757,0.02298493152459802,0.15597565505936917,0.003585089751043921
2008,all,lit_only,municipality,Glæsibæjarhreppur,85,21.235294117647058,0.026881720430107527,0.023386584781228542,0.18711801380562498,0.004376051293960341
2008,all,lit_only,municipality,Grýtubakkahreppur,41,22.121951219512194,0.012966476913345983,0.011751596895609022,0.18589260182288792,0.002184534922498534
2008,all,lit_only,municipality,Hálshreppur,17,9.647058823529411,0.005376344086021506,0.0021248752931420944,0.03985115634172676,8.467873751367808e-05
2008,all,lit_only,municipality,Húsavík,12,40.916666666666664,0.003795066413662239,0.006361669322760783,0.02548253616841345,0.00016211146860873793
2008,all,lit_only,municipality,Ólafsfjörður,56,15.964285714285714,0.017710309930423784,0.011583161658957515,0.1542589292793548,0.0017868061151804615
2008,all,lit_only,municipality,Öxarfjarðarhreppur,8,9.5,0.002530044275774826,0.0009846983065780438,0.05237332914600534,5.1571928519925964e-05
2008,all,lit_only,municipality,Öxnadalshreppur,3,6.666666666666667,0.0009487666034155598,0.00025913113331001153,0.0025449602212543887,6.594784263625474e-07
2008,all,lit_only,municipality,Reykdælahreppur,11,9.090909090909092,0.003478810879190386,0.0012956556665500577,0.00930938174254159,1.2061753206801661e-05
2008,all,lit_only,municipality,Reykjahreppur,20,27.7,0.006325110689437065,0.007177932392687319,0.058176776767246974,0.0004175889704597611
2008,all,lit_only,municipality,Siglufjörður,56,21.303571428571427,0.017710309930423784,0.015457172101942187,0.191493085282592,0.0029599415755449175
2008,all,lit_only,municipality,Skriðuhreppur,18,9.333333333333334,0.0056925996204933585,0.002176701519804097,0.014124944949656548,3.074578913906661e-05
2008,all,lit_only,municipality,Skútustaðahreppur,24,14.125,0.007590132827324478,0.004392272709604695,0.10555145049891657,0.0004636107554855821
2008,all,lit_only,municipality,Þórshafnarhreppur,7,11.428571428571429,0.002213788741302973,0.0010365245332400461,0.12988318579106473,0.00013462710852781356
2008,all,lit_only,municipality,Blönduós,5,38.2,0.0015812776723592662,0.00247470232311061,0.0010088694963279465,2.4966516862782004e-06
2008,all,lit_only,municipality,Engihlíðarhreppur,2,22.0,0.0006325110689437065,0.0005700884932820254,0.00413794208328655,2.3589931675491146e-06
2008,all,lit_only,municipality,Höfðahreppur,1,21.0,0.00031625553447185326,0.0002720876899755121,0.0,0.0
2008,all,lit_only,municipality,Húnaþing vestra,15,12.733333333333333,0.004743833017077799,0.00247470232311061,0.17126284173953987,0.00042382455231536407
2008,all,lit_only,municipality,Sveitarfélagið Skagafjörður,93,18.64516129032258,0.029411764705882353,0.022466669257977998,0.2603515364706426,0.005849231860692323
2008,all,lit_only,municipality,Svínavatnshreppur,6,18.833333333333332,0.0018975332068311196,0.0014640909032015651,0.04011578418211714,5.873315469583495e-05
2008,all,lit_only,municipality,Torfalækjarhreppur,12,15.583333333333334,0.003795066413662239,0.002422876096448608,0.1093509945603186,0.0002649439108430777
2008,all,lit_only,municipality,Vindhælishreppur,2,16.5,0.0006325110689437065,0.00042756636996151904,0.004137942083286994,1.7692448756620257e-06
2008,all,lit_only,municipality,Ásahreppur,1,10.0,0.00031625553447185326,0.00012956556665500577,0.0,0.0
2008,all,lit_only,municipality,Biskupstungnahreppur,114,34.219298245614034,0.036053130929791274,0.05054352755211775,0.06112734915866813,0.0030895918563890647
2008,all,lit_only,municipality,Djúpárhreppur,10,20.6,0.0031625553447185324,0.0026690506730931186,0.03522353357611241,9.401339600004089e-05
2008,all,lit_only,municipality,Gnúpverjahreppur,14,7.785714285714286,0.004427577482605946,0.0014122646765395628,0.14788931127013027,0.00020885885034456925
2008,all,lit_only,municipality,Grímsnes- og Grafningshreppur,130,11.353846153846154,0.041113219481340925,0.01912387763827885,0.15453307572517616,0.0029552716312351486
2008,all,lit_only,municipality,Holta- og Landasveit,5,11.6,0.0015812776723592662,0.0007514802865990335,0.06606988140064418,4.965021341052024e-05
2008,all,lit_only,municipality,Hraungerðishreppur,3,25.0,0.0009487666034155598,0.0009717417499125432,0.04874942361602175,4.737185021186083e-05
2008,all,lit_only,municipality,Hrunamannahreppur,104,33.25961538461539,0.03289057558507274,0.0448167295059665,0.08401347909160739,0.00376520936730374
2008,all,lit_only,municipality,Hveragerði,11,56.81818181818182,0.003478810879190386,0.00809784791593786,0.003498709699257141,2.8332019046601016e-05
2008,all,lit_only,municipality,Hvolhreppur,18,21.11111111111111,0.0056925996204933585,0.004923491532890219,0.10283278327596657,0.0005062963377627563
2008,all,lit_only,municipality,Laugardalshreppur,39,15.846153846153847,0.012333965844402278,0.008007152019279356,0.21076897484989043,0.00168765922257074
2008,all,lit_only,municipality,Mýrdalshreppur,5,12.0,0.0015812776723592662,0.0007773933999300346,0.022792344715311774,1.7718618350613577e-05
2008,all,lit_only,municipality,Ölfushreppur,193,21.269430051813472,0.06103731815306768,0.05318666511187987,0.2886421038738516,0.015351910915926987
2008,all,lit_only,municipality,Rangárvallahreppur,3,17.666666666666668,0.0009487666034155598,0.0006866975032715306,0.03358552853461383,2.3063098590774063e-05
2008,all,lit_only,municipality,Skaftárhreppur,7,10.285714285714286,0.002213788741302973,0.0009328720799160415,0.05893132225343756,5.4975385162766794e-05
2008,all,lit_only,municipality,Skeiðahreppur,28,10.035714285714286,0.008855154965211892,0.003640792423005662,0.08171102833559596,0.0002974928928402387
2008,all,lit_only,municipality,Sveitarfélagið Árborg,82,23.74390243902439,0.025932953826691967,0.025226415827729623,0.20148765640242017,0.00508281140456216
2008,all,lit_only,municipality,Vestmannaeyjar,12,41.5,0.003795066413662239,0.006452365219419287,0.03215672079483323,0.00020748690682715885
2008,all,lit_only,municipality,Grindavík,102,19.735294117647058,0.03225806451612903,0.02608154856765266,0.30474795099432983,0.007948298484751246
2008,all,lit_only,municipality,Reykjanesbær,77,28.324675324675326,0.024351676154332702,0.028258250087456756,0.2720573274682483,0.007687863997722879
2008,all,lit_only,municipality,Sandgerði,88,47.31818181818182,0.027830487033523088,0.0539511019551444,0.05681037302974312,0.003064982227437457
2008,all,lit_only,municipality,Vatnsleysustrandarhreppur,105,16.304761904761904,0.03320683111954459,0.022181625011336987,0.14554617112400958,0.003228450589708664
2008,all,lit_only,municipality,Bolungarvík,47,22.617021276595743,0.014864010120177103,0.013772819735427114,0.11381844315979972,0.0015676009002068788
2008,all,lit_only,municipality,Hólmavíkurhreppur,12,17.166666666666668,0.003795066413662239,0.0026690506730931186,0.025656261982566875,6.847786331362351e-05
2008,all,lit_only,municipality,Ísafjarðarbær,107,23.102803738317757,0.033839342188488296,0.032028608077117424,0.14445350765087817,0.00462664478191486
2008,all,lit_only,municipality,Súðavíkurhreppur,14,12.928571428571429,0.004427577482605946,0.002345136756455604,0.12758164093030233,0.0002991963955945728
2008,all,lit_only,municipality,Vesturbyggð,21,12.952380952380953,0.006641366223908918,0.003524183413016157,0.13655294204770163,0.00048123761336306664
2008,all,lit_only,municipality,Akranes,7,45.142857142857146,0.002213788741302973,0.004094271906298182,0.06997527502022427,0.0002864978026507932
2008,all,lit_only,municipality,Borgarbyggð,49,25.489795918367346,0.01549652118912081,0.01618273927521022,0.1462467956329183,0.00236667376356247
2008,all,lit_only,municipality,Borgarfjarðarsveit,10,6.1,0.0031625553447185324,0.0007903499565955352,0.0784778943020823,6.202500035535975e-05
2008,all,lit_only,municipality,Dalabyggð,4,11.0,0.001265022137887413,0.0005700884932820254,0.2194280877986956,0.00012509342795691438
2008,all,lit_only,municipality,Eyrarsveit,16,20.8125,0.005060088551549652,0.004314533369611692,0.16754615143014906,0.0007228834612953918
2008,all,lit_only,municipality,Helgafellssveit,12,25.666666666666668,0.003795066413662239,0.003990619452974177,0.19325409888371725,0.0007712035663723573
2008,all,lit_only,municipality,Hvalfjarðarstrandarhreppur,6,14.166666666666666,0.0018975332068311196,0.001101307316567549,0.2815117356341821,0.00031003093415355435
2008,all,lit_only,municipality,Innri-Akraneshreppur,24,12.916666666666666,0.007590132827324478,0.004016532566305179,0.22956356628145258,0.0009220495400066117
2008,all,lit_only,municipality,Leirár- og Melahreppur,9,8.666666666666666,0.0028462998102466793,0.001010611419909045,0.0672875434285447,6.80015598065131e-05
2008,all,lit_only,municipality,Skilmannahreppur,31,20.06451612903226,0.00980392156862745,0.008058978245941359,0.08906491740961053,0.0007177722318806151
2008,all,lit_only,municipality,Snæfellsbær,31,17.548387096774192,0.00980392156862745,0.007048366826032314,0.14827452425404442,0.0010450932378979305
2009,all,zeros_included,region,Austurland,22467,0.3697422886900788,0.21982720663776992,0.10517053655078115,4.26735905051973,0.448800440997992
2009,all,zeros_included,region,Höfuðborgarsvæði,1034,16.15377176015474,0.01011711984971087,0.21146785506292254,1.036326331516357,0.21914970647099116
2009,all,zeros_included,region,Norðurland eystra,21869,0.6356029082262563,0.21397610637652514,0.17598055351581293,3.692990562437574,0.6498945233064376
2009,all,zeros_included,region,Norðurland vestra,12430,0.22904263877715206,0.12162069606567322,0.036044362292051754,4.516483425345447,0.16279376486919817
2009,all,zeros_included,region,Suðurland,24726,0.7499797783709455,0.24193027601929493,0.23477578305016078,3.6729442276437094,0.8623183571446199
2009,all,zeros_included,region,Suðurnes,831,12.23826714801444,0.008130876784438813,0.12875699491049047,1.0506317269402161,0.13527618391844123
2009,all,zeros_included,region,Vestfirðir,9235,0.45554953979426094,0.09035938279698248,0.053262603499354313,3.9686417890042334,0.21138019403870065
2009,all,zeros_included,region,Vesturland,9611,0.4482363957964832,0.0940383354696046,0.05454131111842605,3.9379659282963044,0.21478182486897018
2009,all,zeros_included,municipality,Austur-Hérað,1563,0.891874600127959,0.015293093157735096,0.017648697237485123,3.529793526107549,0.06229625725310717
2009,all,zeros_included,municipality,Borgarfjarðarhreppur,419,0.0,0.004099683962310304,0.0,0.0,0.0
2009,all,zeros_included,municipality,Breiðdalshreppur,452,0.0420353982300885,0.004422570766024481,0.00024054895804319752,5.250824379194841,0.0012630803332831385
2009,all,zeros_included,municipality,Búðahreppur,25,12.36,0.00024461121493498235,0.003912085686070949,1.097608668382926,0.00429393916048824
2009,all,zeros_included,municipality,Djúpavogshreppur,1146,0.17539267015706805,0.011212978092619591,0.0025447547666675105,4.85919497794993,0.012365459582304913
2009,all,zeros_included,municipality,Fáskrúðsfjarðarhr.,219,1.8721461187214612,0.0021427942428304454,0.005190793305142684,2.0964095363609827,0.010882028586179867
2009,all,zeros_included,municipality,Fellahreppur,336,1.9791666666666667,0.0032875747287261625,0.008419213531511913,2.651145215674538,0.022320557673810137
2009,all,zeros_included,municipality,Fjarðabyggð,635,5.719685039370079,0.006213124859348551,0.0459828324006786,1.543843667157526,0.07099030459975356
2009,all,zeros_included,municipality,Fljótsdalshreppur,1531,0.0,0.014979990802618318,0.0,0.0,0.0
2009,all,zeros_included,municipality,Mjóafjarðarhreppur,187,0.5454545454545454,0.0018296918877136678,0.001291368090547692,3.3521070605305963,0.004328804094068833
2009,all,zeros_included,municipality,Norður-Hérað,6977,0.0,0.06826609786405487,0.0,0.0,0.0
2009,all,zeros_included,municipality,Seyðisfjörður,208,4.769230769230769,0.002035165308259053,0.012559187704150102,1.7664996045338743,0.02218580011264785
2009,all,zeros_included,municipality,Skeggjastaðahreppur,589,0.001697792869269949,0.005763040223868184,1.2660471475957765e-05,6.3784261836515865,8.075388275962305e-05
2009,all,zeros_included,municipality,Stöðvarhreppur,85,1.1058823529411765,0.00083167813077894,0.00119008431874003,2.1323274800127128,0.002537649496381574
2009,all,zeros_included,municipality,Sveitarfélagið Hornafjörður,6214,0.032990022529771484,0.06080056358423921,0.002595396652571342,6.986156373242957,0.018131846865454715
2009,all,zeros_included,municipality,Vopnafjarðarhreppur,1881,0.15045188729399256,0.018404547811708073,0.0035829134276960475,4.8651487966794225,0.017431406951361972
2009,all,zeros_included,municipality,Bessastaðahreppur,6,61.5,5.870669158439576e-05,0.004671713974628415,0.0003900327679842164,1.822121532754866e-06
2009,all,zeros_included,municipality,Garðabær,36,49.97222222222222,0.0003522401495063746,0.022776188185248018,0.0630184462746799,0.0014353199914940511
2009,all,zeros_included,municipality,Hafnarfjörður,143,21.552447552447553,0.001399176149428099,0.03901957308890183,0.5929133547376844,0.023135225980573056
2009,all,zeros_included,municipality,Kjósarhreppur,273,0.014652014652014652,0.002671154467090007,5.064188590383106e-05,5.047136650566151,0.0002555965183990151
2009,all,zeros_included,municipality,Kópavogur,107,15.30841121495327,0.0010469359999217243,0.020737852277618818,0.9479575743345325,0.019658604141999395
2009,all,zeros_included,municipality,Mosfellsbær,198,14.45959595959596,0.0019373208222850601,0.03624692983566708,1.138519594672334,0.041267839864620216
2009,all,zeros_included,municipality,Reykjavík,271,25.638376383763838,0.0026515855698952084,0.08796495581495455,0.6255758078593772,0.055028748297254605
2009,all,zeros_included,municipality,Aðaldælahreppur,561,1.4420677361853833,0.005489075663141003,0.010242321424049832,2.8507284988001604,0.0291980775774103
2009,all,zeros_included,municipality,Akureyri,117,26.333333333333332,0.0011447804858957173,0.03900691261742587,0.501872824041715,0.019576509392455924
2009,all,zeros_included,municipality,Arnarneshreppur,77,0.45454545454545453,0.0007534025419997456,0.00044311650165852176,3.246017577384101,0.0014383639532125128
2009,all,zeros_included,municipality,Bárðdælahreppur,3151,0.0,0.030830797530405175,0.0,0.0,0.0
2009,all,zeros_included,municipality,Dalvíkurbyggð,575,2.266086956521739,0.005626057943504594,0.016496594333172968,2.18409757296185,0.03603017164521929
2009,all,zeros_included,municipality,Eyjafjarðarsveit,1796,0.994988864142539,0.01757286968092913,0.022624262527536524,2.929512323309629,0.0662780558802105
2009,all,zeros_included,municipality,Glæsibæjarhreppur,120,15.133333333333333,0.0011741338316879153,0.0229914162003393,0.534736045222675,0.01229433897303798
2009,all,zeros_included,municipality,Grímseyjarhreppur,5,0.0,4.892224298699647e-05,0.0,0.0,0.0
2009,all,zeros_included,municipality,Grýtubakkahreppur,490,1.8571428571428572,0.004794379812725654,0.011521029043121566,2.65769821104654,0.030619418277319416
2009,all,zeros_included,municipality,Hálshreppur,1471,0.11080897348742352,0.01439292388677436,0.0020636568505811156,4.552427790394133,0.009394648796422704
2009,all,zeros_included,municipality,Hríseyjarhreppur,7,0.0,6.849114018179505e-05,0.0,0.0,0.0
2009,all,zeros_included,municipality,Húsavík,66,7.4393939393939394,0.0006457736074283534,0.006216291494695263,1.7302306284068383,0.010755617939226669
2009,all,zeros_included,municipality,Kelduneshreppur,720,0.0,0.0070448029901274915,0.0,0.0,0.0
2009,all,zeros_included,municipality,Ljósavatnshreppur,401,0.0,0.003923563887557117,0.0,0.0,0.0
2009,all,zeros_included,municipality,Ólafsfjörður,202,4.46039603960396,0.0019764586166746575,0.011407084799837946,1.4299978004537457,0.01631210617335762
2009,all,zeros_included,municipality,Öxarfjarðarhreppur,2684,0.03390461997019374,0.026261460035419702,0.0011521029043121565,5.654670178057719,0.006514761935067637
2009,all,zeros_included,municipality,Öxnadalshreppur,289,0.06920415224913495,0.0028277056446483957,0.0002532094295191553,4.570359359665577,0.0011572580861584525
2009,all,zeros_included,municipality,Reykdælahreppur,390,0.2564102564102564,0.0038159349529857246,0.0012660471475957765,3.5775608480678636,0.004529360707046646
2009,all,zeros_included,municipality,Reykjahreppur,191,2.900523560209424,0.0018688296821032652,0.007013901197680601,2.314717931259886,0.01623520287035648
2009,all,zeros_included,municipality,Siglufjörður,137,8.72992700729927,0.0013404694578437032,0.015141923885245486,1.08221038166606,0.016386747227009946
2009,all,zeros_included,municipality,Skriðuhreppur,403,0.41687344913151364,0.003943132784751916,0.0021269592079609045,3.122689749000175,0.006641833715241048
2009,all,zeros_included,municipality,Skútustaðahreppur,6033,0.0648102105088679,0.05902957838810994,0.004950244347099486,5.356272175234872,0.02651485605698269
2009,all,zeros_included,municipality,Svalbarðshreppur,1098,0.0,0.010743324559944424,0.0,0.0,0.0
2009,all,zeros_included,municipality,Þórshafnarhreppur,709,0.11847672778561354,0.006937174055556099,0.0010634796039804522,4.707169460304256,0.00500597871351325
2009,all,zeros_included,municipality,Tjörneshreppur,176,0.0,0.0017220629531422757,0.0,0.0,0.0
2009,all,zeros_included,municipality,Akrahreppur,1359,0.0,0.01329706564386564,0.0,0.0,0.0
2009,all,zeros_included,municipality,Áshreppur,1150,0.0,0.011252115887009188,0.0,0.0,0.0
2009,all,zeros_included,municipality,Blönduós,15,12.733333333333333,0.00014676672896098941,0.0024181500519079332,1.0996211581644375,0.0026590489606943962
2009,all,zeros_included,municipality,Bólstaðarhlíðarhreppur,1340,0.0,0.013111161120515054,0.0,0.0,0.0
2009,all,zeros_included,municipality,Engihlíðarhreppur,166,0.26506024096385544,0.0016242184671682828,0.0005570607449421417,4.422978549879884,0.002463867725859202
2009,all,zeros_included,municipality,Höfðahreppur,48,0.4375,0.00046965353267516607,0.00026586990099511306,3.8712010109078907,0.0010292358295022625
2009,all,zeros_included,municipality,Húnaþing vestra,2461,0.09183258837870784,0.02407952799819966,0.0028612665535664547,4.9686890239222095,0.014216743719221372
2009,all,zeros_included,municipality,Skagahreppur,272,0.0,0.0026613700184926078,0.0,0.0,0.0
2009,all,zeros_included,municipality,Sveinsstaðahreppur,118,0.0,0.0011545649344931166,0.0,0.0,0.0
2009,all,zeros_included,municipality,Sveitarfélagið Skagafjörður,4110,0.4929440389294404,0.040214083735311094,0.025650115210290432,3.7735307455857283,0.09679149837384708
2009,all,zeros_included,municipality,Svínavatnshreppur,979,0.12155260469867211,0.009578975176853908,0.001506596105638974,5.000738205439771,0.00753409270563559
2009,all,zeros_included,municipality,Torfalækjarhreppur,187,1.0,0.0018296918877136678,0.002367508166004102,2.855552961626905,0.006760544955108896
2009,all,zeros_included,municipality,Vindhælishreppur,225,0.14666666666666667,0.002201500934414841,0.00041779555870660626,4.727091163727762,0.0019749576938067016
2009,all,zeros_included,municipality,Ásahreppur,137,0.16058394160583941,0.0013404694578437032,0.00027853037247107084,3.8605026331742707,0.0010752672363435794
2009,all,zeros_included,municipality,Austur-Eyjafjallahreppur,282,0.0,0.0027592145044666007,0.0,0.0,0.0
2009,all,zeros_included,municipality,Austur-Landeyjahreppur,200,0.0,0.001956889719479859,0.0,0.0,0.0
2009,all,zeros_included,municipality,Biskupstungnahreppur,1989,2.0281548516842633,0.019461268260227194,0.051072341934013624,2.915969817189572,0.148925407572769
2009,all,zeros_included,municipality,Djúpárhreppur,120,1.9416666666666667,0.0011741338316879153,0.002949889853898159,2.2984236000911418,0.006780096457868939
2009,all,zeros_included,municipality,Fljótshlíðarhreppur,414,0.0,0.0040507617193233075,0.0,0.0,0.0
2009,all,zeros_included,municipality,Gaulverjabæjarhreppur,84,0.0,0.0008218936821815406,0.0,0.0,0.0
2009,all,zeros_included,municipality,Gnúpverjahreppur,1127,0.0940550133096717,0.011027073569269004,0.001342009976451523,4.589642388649849,0.006159345873912895
2009,all,zeros_included,municipality,Grímsnes- og Grafningshreppur,889,1.7154105736782903,0.008698374803087971,0.019307219000835592,2.1158901531198824,0.040851954567997124
2009,all,zeros_included,municipality,Holta- og Landasveit,1604,0.02743142144638404,0.015694255550228468,0.0005570607449421417,6.291617510484217,0.003504813137281361
2009,all,zeros_included,municipality,Hraungerðishreppur,98,0.7653061224489796,0.0009588759625451307,0.0009495353606968324,3.5351046136184836,0.003356706834393263
2009,all,zeros_included,municipality,Hrunamannahreppur,1212,2.957920792079208,0.011858751700047944,0.04538779024130859,2.5381848936357887,0.11520260354599933
2009,all,zeros_included,municipality,Hveragerði,11,56.81818181818182,0.00010762893457139223,0.007912794672473604,0.003498709699257141,2.7684571468813627e-05
2009,all,zeros_included,municipality,Hvolhreppur,238,1.7478991596638656,0.002328698766181032,0.0052667561339984304,2.5158130945927506,0.013250174047939942
2009,all,zeros_included,municipality,Laugardalshreppur,649,0.9676425269645609,0.006350107139712142,0.007950776086901477,3.001627047521233,0.023865264551228504
2009,all,zeros_included,municipality,Mýrdalshreppur,764,0.07853403141361257,0.007475318728413061,0.0007596282885574658,5.051922221447732,0.003837583031003772
2009,all,zeros_included,municipality,Ölfushreppur,739,5.564276048714479,0.007230707513478078,0.052059858709138325,1.6525960695886512,0.08603391788606252
2009,all,zeros_included,municipality,Rangárvallahreppur,1446,0.06293222683264177,0.014148312671839379,0.0011521029043121565,5.337825226715278,0.006149723946409368
2009,all,zeros_included,municipality,Skaftárhreppur,6922,0.011412886449003179,0.06772795319119791,0.0010001772466006634,6.76716783531682,0.006768367292811749
2009,all,zeros_included,municipality,Skeiðahreppur,1280,0.2546875,0.012524094204671096,0.004127313701162231,3.8776240953601553,0.016004171056736773
2009,all,zeros_included,municipality,Sveitarfélagið Árborg,149,13.818791946308725,0.0014578828410124946,0.026067910768997036,0.7566925056225204,0.01972539271613665
2009,all,zeros_included,municipality,Þingvallahreppur,647,0.0,0.006330538242517343,0.0,0.0,0.0
2009,all,zeros_included,municipality,Uten navn - sysla,123,0.0,0.0012034871774801131,0.0,0.0,0.0
2009,all,zeros_included,municipality,Vestmannaeyjar,15,33.2,0.00014676672896098941,0.006304914795026967,0.2553002721090425,0.0016096464627947124
2009,all,zeros_included,municipality,Vestur-Eyjafjallahreppur,469,0.0,0.0045889063921802685,0.0,0.0,0.0
2009,all,zeros_included,municipality,Vestur-Landeyjahreppur,186,0.0967741935483871,0.0018199074391162687,0.00022788848656723977,4.15370333013813,0.0009465811655544824
2009,all,zeros_included,municipality,Villingaholtshreppur,2932,0.002728512960436562,0.028688003287574728,0.00010128377180766212,7.421104918387734,0.0007516374971147023
2009,all,zeros_included,municipality,Grindavík,456,4.5394736842105265,0.004461708560414078,0.026207175955232573,1.7796627508544556,0.046639934852615944
2009,all,zeros_included,municipality,Reykjanesbær,132,16.689393939393938,0.0012915472148567067,0.027891018661534955,0.7964529925309365,0.02221388527771571
2009,all,zeros_included,municipality,Sandgerði,88,47.31818181818182,0.0008610314765711379,0.05271820322588813,0.05681037302974312,0.002994940790720512
2009,all,zeros_included,municipality,Vatnsleysustrandarhreppur,155,11.180645161290322,0.0015165895325968905,0.021940597067834806,0.5222023952454369,0.011457432341938346
2009,all,zeros_included,municipality,Árneshreppur,682,0.0,0.006672993943426318,0.0,0.0,0.0
2009,all,zeros_included,municipality,Bæjarhreppur,497,0.0,0.004862870952907449,0.0,0.0,0.0
2009,all,zeros_included,municipality,Bolungarvík,85,12.505882352941176,0.00083167813077894,0.013458081178943104,0.7063220979400575,0.009505740132558695
2009,all,zeros_included,municipality,Broddaneshreppur,284,0.0,0.0027787834016613994,0.0,0.0,0.0
2009,all,zeros_included,municipality,Hólmavíkurhreppur,1327,0.1657874905802562,0.012983963288748863,0.0027853037247107084,4.607607579032307,0.012833586551883975
2009,all,zeros_included,municipality,Ísafjarðarbær,2337,1.0556268720581943,0.02286625637212215,0.031233383131187807,3.2307989063950457,0.10090878006325904
2009,all,zeros_included,municipality,Kaldrananeshreppur,471,0.0,0.004608475289375067,0.0,0.0,0.0
2009,all,zeros_included,municipality,Kirkjubólshreppur,159,0.0,0.0015557273269864876,0.0,0.0,0.0
2009,all,zeros_included,municipality,Reykhólahreppur,1149,0.0,0.011242331438411789,0.0,0.0,0.0
2009,all,zeros_included,municipality,Súðavíkurhreppur,733,0.24965893587994542,0.007172000821893682,0.002316866280100271,4.06804067522281,0.009425106266500066
2009,all,zeros_included,municipality,Vesturbyggð,1511,0.1813368630046327,0.014784301830670333,0.0034689691844124277,4.405882945993909,0.015283872169781115
2009,all,zeros_included,municipality,Akranes,7,45.142857142857146,6.849114018179505e-05,0.0040007089864026535,0.06997527502022427,0.00027995071159940836
2009,all,zeros_included,municipality,Borgarbyggð,1847,0.6843530048727666,0.018071876559396495,0.016002835945610614,3.7645230993112087,0.06024304557173889
2009,all,zeros_included,municipality,Borgarfjarðarsveit,1259,0.06115965051628276,0.012318620784125711,0.0009748563036487479,4.775289916605624,0.0046552214769532965
2009,all,zeros_included,municipality,Dalabyggð,2172,0.02532228360957643,0.021251822353551265,0.0006963259311776771,6.118411884078403,0.00426040885250946
2009,all,zeros_included,municipality,Eyja- og Miklaholtshreppur,405,0.0,0.003962701681946714,0.0,0.0,0.0
2009,all,zeros_included,municipality,Eyrarsveit,141,2.9078014184397163,0.0013796072522333004,0.005190793305142684,1.962581086466728,0.010187352764431145
2009,all,zeros_included,municipality,Helgafellssveit,246,1.3699186991869918,0.0024069743549602262,0.004266578887397766,2.985570181879692,0.012738170704852203
2009,all,zeros_included,municipality,Hvalfjarðarstrandarhreppur,291,0.29553264604810997,0.0028472745418431943,0.0010888005469323677,4.146374942591108,0.004514575305279863
2009,all,zeros_included,municipality,Hvítársíðuhreppur,1477,0.0,0.014451630578358757,0.0,0.0,0.0
2009,all,zeros_included,municipality,Innri-Akraneshreppur,28,11.607142857142858,0.0002739645607271802,0.004114653229686274,0.35777239700986563,0.0014721093488492434
2009,all,zeros_included,municipality,Kolbeinsstaðahreppur,391,0.0,0.003825719401583124,0.0,0.0,0.0
2009,all,zeros_included,municipality,Leirár- og Melahreppur,136,0.6691176470588235,0.0013306850092463039,0.0011521029043121565,2.6392163148260663,0.0030406487814191377
2009,all,zeros_included,municipality,Saurbæjarhreppur,255,0.0,0.00249503439233682,0.0,0.0,0.0
2009,all,zeros_included,municipality,Skilmannahreppur,52,12.192307692307692,0.0005087913270647633,0.008026738915757222,0.596434298382059,0.004787422393515628
2009,all,zeros_included,municipality,Skorradalshreppur,207,0.0,0.0020253808596616537,0.0,0.0,0.0
2009,all,zeros_included,municipality,Snæfellsbær,697,1.0229555236728838,0.0068197606723873075,0.009026916162357887,2.823690360278355,0.02548921615069085
2009,all,lit_only,region,Austurland,382,21.74607329842932,0.11667684789248625,0.10517053655078115,0.19297681420882817,0.020295475092202867
2009,all,lit_only,region,Höfuðborgarsvæði,435,38.39770114942529,0.13286499694563225,0.21146785506292254,0.1704823075366666,0.0360515279009564
2009,all,lit_only,region,Norðurland eystra,678,20.50147492625369,0.20708613317043373,0.17598055351581293,0.2193124624896461,0.03859472854184388
2009,all,lit_only,region,Norðurland vestra,178,15.99438202247191,0.05436774587660354,0.036044362292051754,0.2703987911327759,0.009746351990922605
2009,all,lit_only,region,Suðurland,787,23.56289707750953,0.2403787416004887,0.23477578305016078,0.22556187549424056,0.0529564659454232
2009,all,lit_only,region,Suðurnes,375,27.12,0.11453879047037263,0.12875699491049047,0.25492795805517865,0.03282375779785237
2009,all,lit_only,region,Vestfirðir,204,20.622549019607842,0.06230910201588271,0.053262603499354313,0.15600589021510958,0.00830927987409118
2009,all,lit_only,region,Vesturland,235,18.33191489361702,0.07177764202810018,0.05454131111842605,0.22688788761717937,0.012374762867531065
2009,all,lit_only,municipality,Austur-Hérað,60,23.233333333333334,0.01832620647525962,0.017648697237485123,0.26977575790817276,0.004761190673334424
2009,all,lit_only,municipality,Breiðdalshreppur,3,6.333333333333333,0.0009163103237629811,0.00024054895804319752,0.2357544880307194,5.6710496449797034e-05
2009,all,lit_only,municipality,Búðahreppur,10,30.9,0.0030543677458766036,0.003912085686070949,0.18131793650877137,0.0007093313040438857
2009,all,lit_only,municipality,Djúpavogshreppur,10,20.1,0.0030543677458766036,0.0025447547666675105,0.117747173669291,0.0002996376814565554
2009,all,lit_only,municipality,Fáskrúðsfjarðarhr.,32,12.8125,0.009773976786805132,0.005190793305142684,0.17307370934420874,0.0008983898517601294
2009,all,lit_only,municipality,Fellahreppur,28,23.75,0.00855222968845449,0.008419213531511913,0.16623856588653751,0.0013995979833710712
2009,all,lit_only,municipality,Fjarðabyggð,154,23.584415584415584,0.047037263286499695,0.0459828324006786,0.1271712706784638,0.005847695225789133
2009,all,lit_only,municipality,Mjóafjarðarhreppur,8,12.75,0.002443494196701283,0.001291368090547692,0.20043998535584562,0.00025884180115838567
2009,all,lit_only,municipality,Seyðisfjörður,43,23.069767441860463,0.013133781307269395,0.012559187704150102,0.1901616405261186,0.0023882757374966406
2009,all,lit_only,municipality,Skeggjastaðahreppur,1,1.0,0.00030543677458766036,1.2660471475957765e-05,0.0,0.0
2009,all,lit_only,municipality,Stöðvarhreppur,11,8.545454545454545,0.003359804520464264,0.00119008431874003,0.08757149632076722,0.00010421746453994528
2009,all,lit_only,municipality,Sveitarfélagið Hornafjörður,6,34.166666666666664,0.0018326206475259622,0.002595396652571342,0.04335575251801904,0.00011252537495497814
2009,all,lit_only,municipality,Vopnafjarðarhreppur,16,17.6875,0.004886988393402566,0.0035829134276960475,0.09817868961817311,0.00035176574534655496
2009,all,lit_only,municipality,Bessastaðahreppur,6,61.5,0.0018326206475259622,0.004671713974628415,0.0003900327679842164,1.822121532754866e-06
2009,all,lit_only,municipality,Garðabær,36,49.97222222222222,0.010995723885155772,0.022776188185248018,0.0630184462746799,0.0014353199914940511
2009,all,lit_only,municipality,Hafnarfjörður,97,31.77319587628866,0.029627367135003056,0.03901957308890183,0.20477970298115977,0.007990416587596973
2009,all,lit_only,municipality,Kjósarhreppur,2,2.0,0.0006108735491753207,5.064188590383106e-05,0.130812035941137,6.624568198978908e-06
2009,all,lit_only,municipality,Kópavogur,58,28.24137931034483,0.0177153329260843,0.020737852277618818,0.3355717504190454,0.0069590373887321345
2009,all,lit_only,municipality,Mosfellsbær,73,39.21917808219178,0.022296884544899205,0.03624692983566708,0.1407120051261903,0.0051003781768450464
2009,all,lit_only,municipality,Reykjavík,163,42.625766871165645,0.04978619425778864,0.08796495581495455,0.11720718778643846,0.01031012509482914
2009,all,lit_only,municipality,Aðaldælahreppur,36,22.47222222222222,0.010995723885155772,0.010242321424049832,0.10452653173357396,0.001070594335356409
2009,all,lit_only,municipality,Akureyri,82,37.573170731707314,0.02504581551618815,0.03900691261742587,0.146418136508212,0.005711319456382159
2009,all,lit_only,municipality,Arnarneshreppur,3,11.666666666666666,0.0009163103237629811,0.00044311650165852176,0.0008244441985270079,3.6532482906395156e-07
2009,all,lit_only,municipality,Dalvíkurbyggð,76,17.144736842105264,0.023213194868662187,0.016496594333172968,0.16046087245083074,0.0026470579191683647
2009,all,lit_only,municipality,Eyjafjarðarsveit,112,15.955357142857142,0.03420891875381796,0.022624262527536524,0.1546939457425789,0.0034998364399005956
2009,all,lit_only,municipality,Glæsibæjarhreppur,84,21.61904761904762,0.02565668906536347,0.0229914162003393,0.1780611012839426,0.0040938768887098945
2009,all,lit_only,municipality,Grýtubakkahreppur,42,21.666666666666668,0.012828344532681736,0.011521029043121566,0.20096243822523618,0.0023152940873694696
2009,all,lit_only,municipality,Hálshreppur,16,10.1875,0.004886988393402566,0.0020636568505811156,0.03131879203247667,6.463123972974575e-05
2009,all,lit_only,municipality,Húsavík,12,40.916666666666664,0.0036652412950519244,0.006216291494695263,0.02548253616841345,0.00015840687284697294
2009,all,lit_only,municipality,Ólafsfjörður,56,16.089285714285715,0.01710445937690898,0.011407084799837946,0.14708179378768982,0.0016777744942484557
2009,all,lit_only,municipality,Öxarfjarðarhreppur,10,9.1,0.0030543677458766036,0.0011521029043121565,0.06219177296019218,7.165132225175966e-05
2009,all,lit_only,municipality,Öxnadalshreppur,3,6.666666666666667,0.0009163103237629811,0.0002532094295191553,0.0025449602212543887,6.44407925772767e-07
2009,all,lit_only,municipality,Reykdælahreppur,11,9.090909090909092,0.003359804520464264,0.0012660471475957765,0.00930938174254159,1.1786116201024978e-05
2009,all,lit_only,municipality,Reykjahreppur,20,27.7,0.006108735491753207,0.007013901197680601,0.058176776767246974,0.0004080461642449905
2009,all,lit_only,municipality,Siglufjörður,56,21.357142857142858,0.01710445937690898,0.015141923885245486,0.1875811465730841,0.002840339443716717
2009,all,lit_only,municipality,Skriðuhreppur,18,9.333333333333334,0.005497861942577886,0.0021269592079609045,0.014124944949656548,3.004318172261287e-05
2009,all,lit_only,municipality,Skútustaðahreppur,34,11.5,0.010384850335980453,0.004950244347099486,0.17763302141027149,0.0008793268600943983
2009,all,lit_only,municipality,Þórshafnarhreppur,7,12.0,0.0021380574221136223,0.0010634796039804522,0.08922408282744199,9.488799227084707e-05
2009,all,lit_only,municipality,Blönduós,5,38.2,0.0015271838729383018,0.0024181500519079332,0.0010088694963279465,2.439597824913754e-06
2009,all,lit_only,municipality,Engihlíðarhreppur,2,22.0,0.0006108735491753207,0.0005570607449421417,0.00413794208328655,2.305085099443043e-06
2009,all,lit_only,municipality,Höfðahreppur,1,21.0,0.00030543677458766036,0.00026586990099511306,0.0,0.0
2009,all,lit_only,municipality,Húnaþing vestra,22,10.272727272727273,0.006719609040928528,0.0028612665535664547,0.2514084268894696,0.0007193465231435967
2009,all,lit_only,municipality,Sveitarfélagið Skagafjörður,126,16.07936507936508,0.038485033598045205,0.025650115210290432,0.2886343450469262,0.007403504204100379
2009,all,lit_only,municipality,Svínavatnshreppur,8,14.875,0.002443494196701283,0.001506596105638974,0.19364810458909654,0.00029174948023830155
2009,all,lit_only,municipality,Torfalækjarhreppur,12,15.583333333333334,0.0036652412950519244,0.002367508166004102,0.1093509945603186,0.0002588893725822244
2009,all,lit_only,municipality,Vindhælishreppur,2,16.5,0.0006108735491753207,0.00041779555870660626,0.004137942083286994,1.728813824582468e-06
2009,all,lit_only,municipality,Ásahreppur,3,7.333333333333333,0.0009163103237629811,0.00027853037247107084,0.0391339960142556,1.0900006486132014e-05
2009,all,lit_only,municipality,Biskupstungnahreppur,114,35.3859649122807,0.03481979230299328,0.051072341934013624,0.05678098673009524,0.002899937969630114
2009,all,lit_only,municipality,Djúpárhreppur,13,17.923076923076923,0.003970678069639585,0.002949889853898159,0.07588121477063225,0.0002238412255533552
2009,all,lit_only,municipality,Gnúpverjahreppur,13,8.153846153846153,0.003970678069639585,0.001342009976451523,0.12727723207160935,0.00017080731521523548
2009,all,lit_only,municipality,Grímsnes- og Grafningshreppur,125,12.2,0.03817959682345754,0.019307219000835592,0.1541066549082788,0.002975370935800334
2009,all,lit_only,municipality,Holta- og Landasveit,3,14.666666666666666,0.0009163103237629811,0.0005570607449421417,0.009974010725867455,5.556129845012636e-06
2009,all,lit_only,municipality,Hraungerðishreppur,3,25.0,0.0009163103237629811,0.0009495353606968324,0.04874942361602175,4.628930153700189e-05
2009,all,lit_only,municipality,Hrunamannahreppur,104,34.47115384615385,0.03176542455711668,0.04538779024130859,0.0825486261479016,0.003746699728309159
2009,all,lit_only,municipality,Hveragerði,11,56.81818181818182,0.003359804520464264,0.007912794672473604,0.003498709699257141,2.7684571468813627e-05
2009,all,lit_only,municipality,Hvolhreppur,22,18.90909090909091,0.006719609040928528,0.0052667561339984304,0.13458487427959165,0.0007088257121554469
2009,all,lit_only,municipality,Laugardalshreppur,40,15.7,0.012217470983506415,0.007950776086901477,0.21507378493107954,0.0017100035061494185
2009,all,lit_only,municipality,Mýrdalshreppur,5,12.0,0.0015271838729383018,0.0007596282885574658,0.022792344715311774,1.7313709808304085e-05
2009,all,lit_only,municipality,Ölfushreppur,184,22.347826086956523,0.056200366524129505,0.052059858709138325,0.2622339062494352,0.013651860108091022
2009,all,lit_only,municipality,Rangárvallahreppur,8,11.375,0.002443494196701283,0.0011521029043121565,0.14071036567640416,0.0001621128209626108
2009,all,lit_only,municipality,Skaftárhreppur,9,8.777777777777779,0.002748930971288943,0.0010001772466006634,0.12193238845774967,0.00012195400055911458
2009,all,lit_only,municipality,Skeiðahreppur,30,10.866666666666667,0.00916310323762981,0.004127313701162231,0.12420612010864795,0.0005126376212926245
2009,all,lit_only,municipality,Sveitarfélagið Árborg,83,24.80722891566265,0.02535125229077581,0.026067910768997036,0.17158680747365906,0.004472909586360418
2009,all,lit_only,municipality,Vestmannaeyjar,12,41.5,0.0036652412950519244,0.006304914795026967,0.03215672079483323,0.00020274538469889535
2009,all,lit_only,municipality,Vestur-Landeyjahreppur,3,6.0,0.0009163103237629811,0.00022788848656723977,0.026568945093039087,6.054756686940769e-06
2009,all,lit_only,municipality,Villingaholtshreppur,2,4.0,0.0006108735491753207,0.00010128377180766212,0.1308120359411371,1.3249136397957825e-05
2009,all,lit_only,municipality,Grindavík,104,19.903846153846153,0.03176542455711668,0.026207175955232573,0.30156084048144205,0.007903058007704973
2009,all,lit_only,municipality,Reykjanesbær,77,28.61038961038961,0.023518631643249847,0.027891018661534955,0.2574564917982496,0.0071807238172783006
2009,all,lit_only,municipality,Sandgerði,88,47.31818181818182,0.02687843616371411,0.05271820322588813,0.05681037302974312,0.002994940790720512
2009,all,lit_only,municipality,Vatnsleysustrandarhreppur,106,16.349056603773583,0.032376298106292,0.021940597067834806,0.14221637243825747,0.0031203121241169347
2009,all,lit_only,municipality,Bolungarvík,47,22.617021276595743,0.014355528405620037,0.013458081178943104,0.11381844315979972,0.001531777847705506
2009,all,lit_only,municipality,Hólmavíkurhreppur,14,15.714285714285714,0.004276114844227245,0.0027853037247107084,0.05598887431535848,0.0001559460201729277
2009,all,lit_only,municipality,Ísafjarðarbær,108,22.84259259259259,0.032987171655467315,0.031233383131187807,0.1563067989804079,0.004881990138564636
2009,all,lit_only,municipality,Súðavíkurhreppur,14,13.071428571428571,0.004276114844227245,0.002316866280100271,0.10995230295141711,0.00025474478312750783
2009,all,lit_only,municipality,Vesturbyggð,21,13.047619047619047,0.006414172266340868,0.0034689691844124277,0.12987842144459316,0.0004505442417114239
2009,all,lit_only,municipality,Akranes,7,45.142857142857146,0.0021380574221136223,0.0040007089864026535,0.06997527502022427,0.00027995071159940836
2009,all,lit_only,municipality,Borgarbyggð,49,25.79591836734694,0.014966401954795358,0.016002835945610614,0.1350254172225953,0.002160789600300819
2009,all,lit_only,municipality,Borgarfjarðarsveit,12,6.416666666666667,0.0036652412950519244,0.0009748563036487479,0.12212353234927753,0.00011905289533454499
2009,all,lit_only,municipality,Dalabyggð,6,9.166666666666666,0.0018326206475259622,0.0006963259311776771,0.2267676722526324,0.00015790421054230855
2009,all,lit_only,municipality,Eyrarsveit,24,17.083333333333332,0.007330482590103849,0.005190793305142684,0.19187502643650545,0.000995983602650688
2009,all,lit_only,municipality,Helgafellssveit,17,19.823529411764707,0.005192425167990226,0.004266578887397766,0.3134519900035446,0.0013373676427619393
2009,all,lit_only,municipality,Hvalfjarðarstrandarhreppur,6,14.333333333333334,0.0018326206475259622,0.0010888005469323677,0.26481114464767064,0.0002883265191261701
2009,all,lit_only,municipality,Innri-Akraneshreppur,24,13.541666666666666,0.007330482590103849,0.004114653229686274,0.20362171718260713,0.0008378327562396794
2009,all,lit_only,municipality,Leirár- og Melahreppur,10,9.1,0.0030543677458766036,0.0011521029043121565,0.029146522084059878,3.357979274364379e-05
2009,all,lit_only,municipality,Skilmannahreppur,31,20.451612903225808,0.009468540012217471,0.008026738915757222,0.07917778428577771,0.0006355394023900826
2009,all,lit_only,municipality,Snæfellsbær,49,14.551020408163266,0.014966401954795358,0.009026916162357887,0.16872524762845753,0.00152306866481516
2010,all,zeros_included,region,Austurland,22467,0.4006765478256999,0.21982720663776992,0.09761016655100624,4.025507409325514,0.39293044867657306
2010,all,zeros_included,region,Höfuðborgarsvæði,1034,17.53384912959381,0.01011711984971087,0.19658657182512143,0.7948402011133293,0.15625491028565947
2010,all,zeros_included,region,Norðurland eystra,21869,0.828204307467191,0.21397610637652514,0.1963913948646773,3.1649784938150685,0.6215745411170467
2010,all,zeros_included,region,Norðurland vestra,12430,0.3747385358004827,0.12162069606567322,0.050507460097154754,3.5044704285792494,0.17700190033312527
2010,all,zeros_included,region,Suðurland,24726,0.8681549785650732,0.24193027601929493,0.2327593684941013,3.297556165046942,0.7675370905501567
2010,all,zeros_included,region,Suðurnes,831,13.267148014440433,0.008130876784438813,0.11954588827203332,0.8259440212510079,0.09873821168342689
2010,all,zeros_included,region,Vestfirðir,9235,0.4672441797509475,0.09035938279698248,0.04678825468424705,3.815103900079965,0.1785020529238056
2010,all,zeros_included,region,Vesturland,9611,0.5739257101238164,0.0940383354696046,0.05981089521165857,3.375380592634764,0.20188453492554387
2010,all,zeros_included,municipality,Austur-Hérað,1563,1.1324376199616122,0.015293093157735096,0.01919240111034004,2.957679497025228,0.056764971262736955
2010,all,zeros_included,municipality,Borgarfjarðarhreppur,419,0.002386634844868735,0.004099683962310304,1.0843164469118667e-05,6.037870919922137,6.546962742802457e-05
2010,all,zeros_included,municipality,Breiðdalshreppur,452,0.0,0.004422570766024481,0.0,0.0,0.0
2010,all,zeros_included,municipality,Búðahreppur,25,16.56,0.00024461121493498235,0.004489070090215128,0.4710124858925111,0.0021144080625379465
2010,all,zeros_included,municipality,Djúpavogshreppur,1146,0.12652705061082026,0.011212978092619591,0.0015722588480222067,5.290260546382793,0.00831765895239314
2010,all,zeros_included,municipality,Fáskrúðsfjarðarhr.,219,2.0,0.0021427942428304454,0.004749306037473976,1.8687700598590902,0.00887536092793938
2010,all,zeros_included,municipality,Fellahreppur,336,1.4375,0.0032875747287261625,0.005237248438584316,3.0737651936019854,0.016098071960766815
2010,all,zeros_included,municipality,Fjarðabyggð,635,6.280314960629921,0.006213124859348551,0.043242539902845246,1.3282700068251856,0.057437768771890614
2010,all,zeros_included,municipality,Fljótsdalshreppur,1531,0.026779882429784456,0.014979990802618318,0.00044456974323386537,5.209495352710899,0.002315984011332699
2010,all,zeros_included,municipality,Mjóafjarðarhreppur,187,0.47593582887700536,0.0018296918877136678,0.0009650416377515614,3.222628134069043,0.0031099703323662475
2010,all,zeros_included,municipality,Norður-Hérað,6977,0.007883044288376093,0.06826609786405487,0.0005963740458015267,6.917536425719346,0.004125439185185679
2010,all,zeros_included,municipality,Seyðisfjörður,208,4.625,0.002035165308259053,0.010431124219292159,1.744655518403507,0.01819871843234054
2010,all,zeros_included,municipality,Skeggjastaðahreppur,589,0.0730050933786078,0.005763040223868184,0.00046625607217210273,4.401468265146967,0.002052211305097584
2010,all,zeros_included,municipality,Stöðvarhreppur,85,0.8941176470588236,0.00083167813077894,0.0008240804996530188,2.215845984702843,0.0018260354662280544
2010,all,zeros_included,municipality,Sveitarfélagið Hornafjörður,6214,0.047956227872545866,0.06080056358423921,0.003231263011797363,6.08497736037532,0.019662162272205123
2010,all,zeros_included,municipality,Vopnafjarðarhreppur,1881,0.10579479000531632,0.018404547811708073,0.0021577897293546147,5.369413364215271,0.01158606500996312
2010,all,zeros_included,municipality,Bessastaðahreppur,6,61.5,5.870669158439576e-05,0.004001127689104788,0.0003900327679842164,1.5605709076398317e-06
2010,all,zeros_included,municipality,Garðabær,36,49.97222222222222,0.0003522401495063746,0.019506852879944483,0.0630184462746799,0.0012292915602028663
2010,all,zeros_included,municipality,Hafnarfjörður,143,21.594405594405593,0.001399176149428099,0.03348369188063845,0.5873318468996405,0.019666038593273875
2010,all,zeros_included,municipality,Kjósarhreppur,273,0.575091575091575,0.002671154467090007,0.0017023768216516309,1.944758812753408,0.0033107123265341456
2010,all,zeros_included,municipality,Kópavogur,107,18.49532710280374,0.0010469359999217243,0.021458622484385844,0.4638095536564175,0.009952714116564563
2010,all,zeros_included,municipality,Mosfellsbær,198,16.893939393939394,0.0019373208222850601,0.036270385149201945,0.6933909131652372,0.025149555479459993
2010,all,zeros_included,municipality,Reykjavík,271,27.280442804428045,0.0026515855698952084,0.08016351492019431,0.4379104663935509,0.03510444220644867
2010,all,zeros_included,municipality,Aðaldælahreppur,561,3.1853832442067738,0.005489075663141003,0.019376734906315057,1.6759837640340338,0.03247509310297556
2010,all,zeros_included,municipality,Akureyri,117,26.273504273504273,0.0011447804858957173,0.03333188757807078,0.5081188100558065,0.016936559053083243
2010,all,zeros_included,municipality,Arnarneshreppur,77,3.4415584415584415,0.0007534025419997456,0.002873438584316447,0.7532311091910595,0.0021643633320570653
2010,all,zeros_included,municipality,Bárðdælahreppur,3151,0.0,0.030830797530405175,0.0,0.0,0.0
2010,all,zeros_included,municipality,Dalvíkurbyggð,575,2.8156521739130436,0.005626057943504594,0.017555083275503123,1.7338851718206763,0.03043849858147201
2010,all,zeros_included,municipality,Eyjafjarðarsveit,1796,1.114142538975501,0.01757286968092913,0.021697172102706455,2.7038406462549878,0.05866569584008751
2010,all,zeros_included,municipality,Glæsibæjarhreppur,120,16.25,0.0011741338316879153,0.0211441707147814,0.3770083211106039,0.007971528302455734
2010,all,zeros_included,municipality,Grímseyjarhreppur,5,0.4,4.892224298699647e-05,2.1686328938237334e-05,1.6094379124341003,3.490279997471591e-05
2010,all,zeros_included,municipality,Grýtubakkahreppur,490,2.159183673469388,0.004794379812725654,0.01147206800832755,2.326942987746086,0.026694848206924002
2010,all,zeros_included,municipality,Hálshreppur,1471,0.3514615907545887,0.01439292388677436,0.005605916030534351,2.9918305516190644,0.016771950849963742
2010,all,zeros_included,municipality,Hríseyjarhreppur,7,4.571428571428571,6.849114018179505e-05,0.00034698126301179735,0.43266080207414115,0.00015012519155938275
2010,all,zeros_included,municipality,Húsavík,66,9.93939393939394,0.0006457736074283534,0.007113115891741846,1.0742014795225154,0.007640919614924207
2010,all,zeros_included,municipality,Kelduneshreppur,720,0.0,0.0070448029901274915,0.0,0.0,0.0
2010,all,zeros_included,municipality,Ljósavatnshreppur,401,0.24688279301745636,0.003923563887557117,0.0010734732824427481,3.0072221529352117,0.00322817263554591
2010,all,zeros_included,municipality,Ólafsfjörður,202,5.044554455445544,0.0019764586166746575,0.011049184594031923,1.2040687253019633,0.013303977609762109
2010,all,zeros_included,municipality,Öxarfjarðarhreppur,2684,0.04992548435171386,0.026261460035419702,0.0014529840388619014,5.030341787388812,0.007309006327095992
2010,all,zeros_included,municipality,Öxnadalshreppur,289,0.5501730103806228,0.0028277056446483957,0.0017240631505898681,2.4623324647181493,0.004245216666921688
2010,all,zeros_included,municipality,Reykdælahreppur,390,0.5769230769230769,0.0038159349529857246,0.0024397120055517003,2.6455292592216044,0.006454329494761244
2010,all,zeros_included,municipality,Reykjahreppur,191,5.507853403141361,0.0018688296821032652,0.011407009021512838,1.1992550629346086,0.013679913321990027
2010,all,zeros_included,municipality,Siglufjörður,137,10.540145985401459,0.0013404694578437032,0.015657529493407357,0.6650991949875591,0.010413810261559197
2010,all,zeros_included,municipality,Skriðuhreppur,403,0.7841191066997518,0.003943132784751916,0.003426439972241499,2.3209869895463555,0.007952722596034094
2010,all,zeros_included,municipality,Skútustaðahreppur,6033,0.0856953422841041,0.05902957838810994,0.005605916030534351,4.937487981221259,0.027679143024498944
2010,all,zeros_included,municipality,Svalbarðshreppur,1098,0.0,0.010743324559944424,0.0,0.0,0.0
2010,all,zeros_included,municipality,Þórshafnarhreppur,709,0.24823695345557123,0.006937174055556099,0.0019083969465648854,3.811033652957331,0.007272964986559792
2010,all,zeros_included,municipality,Tjörneshreppur,176,0.056818181818181816,0.0017220629531422757,0.00010843164469118667,3.9498767304851343,0.00042829163021395017
2010,all,zeros_included,municipality,Akrahreppur,1359,0.014716703458425313,0.01329706564386564,0.00021686328938237334,5.6473235593181546,0.0012246971632803075
2010,all,zeros_included,municipality,Áshreppur,1150,0.0,0.011252115887009188,0.0,0.0,0.0
2010,all,zeros_included,municipality,Blönduós,15,17.8,0.00014676672896098941,0.0028951249132546843,0.3516729712051929,0.0010181371802544512
2010,all,zeros_included,municipality,Bólstaðarhlíðarhreppur,1340,0.03805970149253731,0.013111161120515054,0.000553001387925052,4.866561604186561,0.002691215321537936
2010,all,zeros_included,municipality,Engihlíðarhreppur,166,0.5481927710843374,0.0016242184671682828,0.0009867279666897987,2.9477550831986647,0.002908632379544137
2010,all,zeros_included,municipality,Höfðahreppur,48,1.5625,0.00046965353267516607,0.0008132373351839,2.020194293490391,0.0016428974237918473
2010,all,zeros_included,municipality,Húnaþing vestra,2461,0.18447785453067858,0.02407952799819966,0.004922796668979875,3.866913865485681,0.019036030696245005
2010,all,zeros_included,municipality,Skagahreppur,272,0.0,0.0026613700184926078,0.0,0.0,0.0
2010,all,zeros_included,municipality,Sveinsstaðahreppur,118,0.00847457627118644,0.0011545649344931166,1.0843164469118667e-05,4.770684624465665,5.1729318013376834e-05
2010,all,zeros_included,municipality,Sveitarfélagið Skagafjörður,4110,0.7639902676399026,0.040214083735311094,0.03404753643303261,2.8217077411013785,0.09607219711851935
2010,all,zeros_included,municipality,Svínavatnshreppur,979,0.24616956077630234,0.009578975176853908,0.0026132026370575987,3.831983884053179,0.010013750390969987
2010,all,zeros_included,municipality,Torfalækjarhreppur,187,1.3155080213903743,0.0018296918877136678,0.002667418459403192,2.2656206198838333,0.00604335826348264
2010,all,zeros_included,municipality,Vindhælishreppur,225,0.32,0.002201500934414841,0.000780707841776544,3.459591187219913,0.00270092996920361
2010,all,zeros_included,municipality,Ásahreppur,137,0.0,0.0013404694578437032,0.0,0.0,0.0
2010,all,zeros_included,municipality,Austur-Eyjafjallahreppur,282,0.0,0.0027592145044666007,0.0,0.0,0.0
2010,all,zeros_included,municipality,Austur-Landeyjahreppur,200,0.0,0.001956889719479859,0.0,0.0,0.0
2010,all,zeros_included,municipality,Biskupstungnahreppur,1989,2.1734539969834086,0.019461268260227194,0.046875,2.7326020904268056,0.1280907229887565
2010,all,zeros_included,municipality,Djúpárhreppur,120,1.2583333333333333,0.0011741338316879153,0.0016373178348369189,2.9010530603917744,0.004749945915587677
2010,all,zeros_included,municipality,Fljótshlíðarhreppur,414,0.0,0.0040507617193233075,0.0,0.0,0.0
2010,all,zeros_included,municipality,Gaulverjabæjarhreppur,84,0.0,0.0008218936821815406,0.0,0.0,0.0
2010,all,zeros_included,municipality,Gnúpverjahreppur,1127,0.38864241348713396,0.011027073569269004,0.004749306037473976,2.7220669048510686,0.01292792878561728
2010,all,zeros_included,municipality,Grímsnes- og Grafningshreppur,889,2.0427446569178853,0.008698374803087971,0.0196911866759195,1.759648960108398,0.03464957615758209
2010,all,zeros_included,municipality,Holta- og Landasveit,1604,0.09600997506234414,0.015694255550228468,0.0016698473282442748,4.38924818743893,0.007329374358795924
2010,all,zeros_included,municipality,Hraungerðishreppur,98,2.0816326530612246,0.0009588759625451307,0.002212005551700208,1.6272263246517085,0.003599433664002304
2010,all,zeros_included,municipality,Hrunamannahreppur,1212,3.1435643564356437,0.011858751700047944,0.04131245662734212,2.3685464507033425,0.09785047251452696
2010,all,zeros_included,municipality,Hveragerði,11,56.81818181818182,0.00010762893457139223,0.006776977793199167,0.003498709699257141,2.371067793671618e-05
2010,all,zeros_included,municipality,Hvolhreppur,238,1.903361344537815,0.002328698766181032,0.004911953504510756,2.3109974209784125,0.011351511880890232
2010,all,zeros_included,municipality,Laugardalshreppur,649,1.2557781201848999,0.006350107139712142,0.008837179042331713,2.465294912444406,0.0217862525334207
2010,all,zeros_included,municipality,Mýrdalshreppur,764,0.09816753926701571,0.007475318728413061,0.0008132373351839,4.5201910888243,0.0036759881555974857
2010,all,zeros_included,municipality,Ölfushreppur,739,6.909336941813261,0.007230707513478078,0.05536519777931992,1.1334311940739707,0.06275264222915614
2010,all,zeros_included,municipality,Rangárvallahreppur,1446,0.06224066390041494,0.014148312671839379,0.0009758848022206801,5.20511914863755,0.00507959667090323
2010,all,zeros_included,municipality,Skaftárhreppur,6922,0.012135221034383126,0.06772795319119791,0.0009108258154059681,6.5116410609823845,0.005930970779000263
2010,all,zeros_included,municipality,Skeiðahreppur,1280,0.32734375,0.012524094204671096,0.004543285912560722,3.4029736272852906,0.01546068214166092
2010,all,zeros_included,municipality,Sveitarfélagið Árborg,149,14.496644295302014,0.0014578828410124946,0.023421235253296323,0.6313122758556928,0.014786113331110086
2010,all,zeros_included,municipality,Þingvallahreppur,647,0.0,0.006330538242517343,0.0,0.0,0.0
2010,all,zeros_included,municipality,Uten navn - sysla,123,0.0,0.0012034871774801131,0.0,0.0,0.0
2010,all,zeros_included,municipality,Vestmannaeyjar,15,33.6,0.00014676672896098941,0.005464954892435809,0.2199182396480004,0.0012018432597002103
2010,all,zeros_included,municipality,Vestur-Eyjafjallahreppur,469,0.0,0.0045889063921802685,0.0,0.0,0.0
2010,all,zeros_included,municipality,Vestur-Landeyjahreppur,186,0.11290322580645161,0.0018199074391162687,0.00022770645385149202,4.133960435618074,0.0009413294711569609
2010,all,zeros_included,municipality,Villingaholtshreppur,2932,0.07435197817189632,0.028688003287574728,0.0023638098542678697,4.230983461574391,0.010001240399713928
2010,all,zeros_included,municipality,Grindavík,456,5.782894736842105,0.004461708560414078,0.028593424705065925,1.1994093891669617,0.03429522205969463
2010,all,zeros_included,municipality,Reykjanesbær,132,17.522727272727273,0.0012915472148567067,0.02508023941707148,0.6522323295345118,0.016358142980279818
2010,all,zeros_included,municipality,Sandgerði,88,47.31818181818182,0.0008610314765711379,0.045150936849410135,0.05681037302974312,0.0025650415650573643
2010,all,zeros_included,municipality,Vatnsleysustrandarhreppur,155,12.329032258064515,0.0015165895325968905,0.020721287300485773,0.30844407890083936,0.006391358375037994
2010,all,zeros_included,municipality,Árneshreppur,682,0.0,0.006672993943426318,0.0,0.0,0.0
2010,all,zeros_included,municipality,Bæjarhreppur,497,0.10261569416498995,0.004862870952907449,0.000553001387925052,4.421019063194455,0.002444829677989647
2010,all,zeros_included,municipality,Bolungarvík,85,10.223529411764705,0.00083167813077894,0.009422709923664122,1.0130261503458873,0.009545451559795455
2010,all,zeros_included,municipality,Broddaneshreppur,284,0.0,0.0027787834016613994,0.0,0.0,0.0
2010,all,zeros_included,municipality,Hólmavíkurhreppur,1327,0.10248681235870384,0.012983963288748863,0.0014746703678001388,5.065880404716449,0.007470503719654722
2010,all,zeros_included,municipality,Ísafjarðarbær,2337,1.116816431322208,0.02286625637212215,0.028300659264399723,3.051292481425481,0.08635358883284726
2010,all,zeros_included,municipality,Kaldrananeshreppur,471,0.03821656050955414,0.004608475289375067,0.000195176960444136,4.8251967451616595,0.000941767234265591
2010,all,zeros_included,municipality,Kirkjubólshreppur,159,0.0,0.0015557273269864876,0.0,0.0,0.0
2010,all,zeros_included,municipality,Reykhólahreppur,1149,0.011314186248912098,0.011242331438411789,0.0001409611380985427,6.034316438745582,0.0008506041128523222
2010,all,zeros_included,municipality,Súðavíkurhreppur,733,0.2742155525238745,0.007172000821893682,0.0021794760582928524,3.8392589862132542,0.008367573042037476
2010,all,zeros_included,municipality,Vesturbyggð,1511,0.2759761747187293,0.014784301830670333,0.004521599583622485,3.6321772314312772,0.016423251057282734
2010,all,zeros_included,municipality,Akranes,7,45.142857142857146,6.849114018179505e-05,0.003426439972241499,0.06997527502022427,0.0002397660793978885
2010,all,zeros_included,municipality,Borgarbyggð,1847,1.016242555495398,0.018071876559396495,0.02035261970853574,2.8523142120790994,0.05805206644769767
2010,all,zeros_included,municipality,Borgarfjarðarsveit,1259,0.27720413026211277,0.012318620784125711,0.003784264399722415,3.0997138119165,0.011730136627763474
2010,all,zeros_included,municipality,Dalabyggð,2172,0.040515653775322284,0.021251822353551265,0.0009541984732824427,5.434708899420878,0.005185790934561906
2010,all,zeros_included,municipality,Eyja- og Miklaholtshreppur,405,0.0,0.003962701681946714,0.0,0.0,0.0
2010,all,zeros_included,municipality,Eyrarsveit,141,2.652482269503546,0.0013796072522333004,0.0040553435114503815,2.0377084122962734,0.008263607588033552
2010,all,zeros_included,municipality,Helgafellssveit,246,1.4878048780487805,0.0024069743549602262,0.0039685981956974325,2.814481458690069,0.011169546038781284
2010,all,zeros_included,municipality,Hvalfjarðarstrandarhreppur,291,0.738831615120275,0.0028472745418431943,0.0023312803608605136,2.5145820610763696,0.005862195774759493
2010,all,zeros_included,municipality,Hvítársíðuhreppur,1477,0.0,0.014451630578358757,0.0,0.0,0.0
2010,all,zeros_included,municipality,Innri-Akraneshreppur,28,12.428571428571429,0.0002739645607271802,0.0037734212352532963,0.21951814386827362,0.0008283344255959319
2010,all,zeros_included,municipality,Kolbeinsstaðahreppur,391,0.0,0.003825719401583124,0.0,0.0,0.0
2010,all,zeros_included,municipality,Leirár- og Melahreppur,136,1.088235294117647,0.0013306850092463039,0.0016047883414295628,1.8725789088836353,0.0030050928013833494
2010,all,zeros_included,municipality,Saurbæjarhreppur,255,0.0,0.00249503439233682,0.0,0.0,0.0
2010,all,zeros_included,municipality,Skilmannahreppur,52,14.288461538461538,0.0005087913270647633,0.00805647120055517,0.25406497729185906,0.002046867172621566
2010,all,zeros_included,municipality,Skorradalshreppur,207,0.1642512077294686,0.0020253808596616537,0.0003686675919500347,3.4699078600444295,0.0012792425750510778
2010,all,zeros_included,municipality,Snæfellsbær,697,0.9440459110473458,0.0068197606723873075,0.0071348022206800836,2.9045133731757335,0.020723128464929224
2010,all,lit_only,region,Austurland,538,16.732342007434944,0.09465165376495425,0.09761016655100624,0.2935631245698218,0.0286547454824941
2010,all,lit_only,region,Höfuðborgarsvæði,689,26.313497822931787,0.12121745249824067,0.19658657182512143,0.3888914170586135,0.07645083049176638
2010,all,lit_only,region,Norðurland eystra,1281,14.13895394223263,0.22536945812807882,0.1963913948646773,0.32754940782347974,0.06432788508955223
2010,all,lit_only,region,Norðurland vestra,518,8.992277992277993,0.09113300492610837,0.050507460097154754,0.32657748633397565,0.016494599359642377
2010,all,lit_only,region,Suðurland,1374,15.622998544395925,0.24173117522871218,0.2327593684941013,0.4074270372623645,0.09483245990061065
2010,all,lit_only,region,Suðurnes,538,20.492565055762082,0.09465165376495425,0.11954588827203332,0.3911727865573442,0.04676309823684421
2010,all,lit_only,region,Vestfirðir,272,15.863970588235293,0.04785362420830401,0.04678825468424705,0.2901500737426219,0.013575615546922857
2010,all,lit_only,region,Vesturland,474,11.637130801687764,0.08339197748064743,0.05981089521165857,0.3659243595065562,0.02188626352183991
2010,all,lit_only,municipality,Austur-Hérað,118,15.0,0.02076002814919071,0.01919240111034004,0.374001791069416,0.007177992390189823
2010,all,lit_only,municipality,Borgarfjarðarhreppur,1,1.0,0.00017593244194229416,1.0843164469118667e-05,0.0,0.0
2010,all,lit_only,municipality,Búðahreppur,21,19.714285714285715,0.003694581280788177,0.004489070090215128,0.2966590987477331,0.0013317234871786249
2010,all,lit_only,municipality,Djúpavogshreppur,7,20.714285714285715,0.0012315270935960591,0.0015722588480222067,0.19213779816342225,0.00030209035320194553
2010,all,lit_only,municipality,Fáskrúðsfjarðarhr.,41,10.682926829268293,0.007213230119634061,0.004749306037473976,0.19327039674689717,0.0009179002621350294
2010,all,lit_only,municipality,Fellahreppur,19,25.42105263157895,0.003342716396903589,0.005237248438584316,0.20109301280522152,0.0010531740673243623
2010,all,lit_only,municipality,Fjarðabyggð,207,19.265700483091788,0.036418015482054894,0.043242539902845246,0.20736380119786313,0.008966937447704265
2010,all,lit_only,municipality,Fljótsdalshreppur,9,4.555555555555555,0.0015833919774806474,0.00044456974323386537,0.07304353438943445,3.247294532840489e-05
2010,all,lit_only,municipality,Mjóafjarðarhreppur,9,9.88888888888889,0.0015833919774806474,0.0009650416377515614,0.18874409455067553,0.00018214591012111949
2010,all,lit_only,municipality,Norður-Hérað,7,7.857142857142857,0.0012315270935960591,0.0005963740458015267,0.013072270835423172,7.79596304593462e-06
2010,all,lit_only,municipality,Seyðisfjörður,48,20.041666666666668,0.00844475721323012,0.010431124219292159,0.2783184496100799,0.002903174320403549
2010,all,lit_only,municipality,Skeggjastaðahreppur,8,5.375,0.0014074595355383533,0.00046625607217210273,0.10248362317521664,4.778361160364239e-05
2010,all,lit_only,municipality,Stöðvarhreppur,11,6.909090909090909,0.0019352568613652356,0.0008240804996530188,0.17109000101089733,0.00014099193351869575
2010,all,lit_only,municipality,Sveitarfélagið Hornafjörður,22,13.545454545454545,0.0038705137227304713,0.003231263011797363,0.44145972378064346,0.0014264724766506738
2010,all,lit_only,municipality,Vopnafjarðarhreppur,10,19.9,0.0017593244194229415,0.0021577897293546147,0.13243962790828556,0.0002857768688600454
2010,all,lit_only,municipality,Bessastaðahreppur,6,61.5,0.001055594651653765,0.004001127689104788,0.0003900327679842164,1.5605709076398317e-06
2010,all,lit_only,municipality,Garðabær,36,49.97222222222222,0.0063335679099225895,0.019506852879944483,0.0630184462746799,0.0012292915602028663
2010,all,lit_only,municipality,Hafnarfjörður,98,31.510204081632654,0.017241379310344827,0.03348369188063845,0.20945469531030492,0.007013316480723257
2010,all,lit_only,municipality,Kjósarhreppur,45,3.488888888888889,0.007916959887403237,0.0017023768216516309,0.14194950733876777,0.00024165155113838632
2010,all,lit_only,municipality,Kópavogur,107,18.49532710280374,0.018824771287825476,0.021458622484385844,0.4638095536564175,0.009952714116564563
2010,all,lit_only,municipality,Mosfellsbær,155,21.580645161290324,0.027269528501055594,0.036270385149201945,0.44854899938994874,0.01626904496616259
2010,all,lit_only,municipality,Reykjavík,242,30.549586776859503,0.04257565095003519,0.08016351492019431,0.3247293716705366,0.02603144783093639
2010,all,lit_only,municipality,Aðaldælahreppur,128,13.9609375,0.022519352568613652,0.019376734906315057,0.19829312243095476,0.0038422732670900864
2010,all,lit_only,municipality,Akureyri,81,37.95061728395062,0.014250527797325828,0.03333188757807078,0.14039402993048933,0.004679598022275375
2010,all,lit_only,municipality,Arnarneshreppur,39,6.794871794871795,0.006861365235749472,0.002873438584316447,0.07298733346702213,0.0002097246201505125
2010,all,lit_only,municipality,Dalvíkurbyggð,131,12.358778625954198,0.023047149894440535,0.017555083275503123,0.25471245422447764,0.004471498345218482
2010,all,lit_only,municipality,Eyjafjarðarsveit,148,13.52027027027027,0.026038001407459536,0.021697172102706455,0.207735671156958,0.004507276608963751
2010,all,lit_only,municipality,Glæsibæjarhreppur,103,18.932038834951456,0.018121041520056298,0.0211441707147814,0.2242455665581935,0.0047414865413393185
2010,all,lit_only,municipality,Grímseyjarhreppur,1,2.0,0.00017593244194229416,2.1686328938237334e-05,0.0,0.0
2010,all,lit_only,municipality,Grýtubakkahreppur,64,16.53125,0.011259676284306826,0.01147206800832755,0.2914206800010857,0.0033431978600055156
2010,all,lit_only,municipality,Hálshreppur,86,6.011627906976744,0.015130190007037298,0.005605916030534351,0.15248012727113447,0.0008547907898071707
2010,all,lit_only,municipality,Hríseyjarhreppur,5,6.4,0.0008796622097114708,0.00034698126301179735,0.09618856545292798,3.337562992814989e-05
2010,all,lit_only,municipality,Húsavík,32,20.5,0.005629838142153413,0.007113115891741846,0.35028264029581635,0.002491601015289464
2010,all,lit_only,municipality,Ljósavatnshreppur,22,4.5,0.0038705137227304713,0.0010734732824427481,0.10430317898695818,0.00011196667591634348
2010,all,lit_only,municipality,Ólafsfjörður,72,14.152777777777779,0.012667135819845179,0.011049184594031923,0.17246714691681353,0.0019056213426898963
2010,all,lit_only,municipality,Öxarfjarðarhreppur,19,7.052631578947368,0.003342716396903589,0.0014529840388619014,0.07971726846368021,0.00011582791869939656
2010,all,lit_only,municipality,Öxnadalshreppur,27,5.888888888888889,0.004750175932441942,0.0017240631505898681,0.09174264261004583,0.0001581701094617159
2010,all,lit_only,municipality,Reykdælahreppur,30,7.5,0.005277973258268825,0.0024397120055517003,0.08057990176006768,0.00019659175373021372
2010,all,lit_only,municipality,Reykjahreppur,78,13.487179487179487,0.013722730471498945,0.011407009021512838,0.3036904615775704,0.0034641998349627433
2010,all,lit_only,municipality,Siglufjörður,98,14.73469387755102,0.017241379310344827,0.015657529493407357,0.3300857478300063,0.005168327332001748
2010,all,lit_only,municipality,Skriðuhreppur,41,7.7073170731707314,0.007213230119634061,0.003426439972241499,0.035622494303980456,0.00012205833839410376
2010,all,lit_only,municipality,Skútustaðahreppur,54,9.574074074074074,0.009500351864883884,0.005605916030534351,0.22147234934477167,0.0012415553935119594
2010,all,lit_only,municipality,Þórshafnarhreppur,18,9.777777777777779,0.0031667839549612948,0.0019083969465648854,0.13754988432136805,0.000262499779239252
2010,all,lit_only,municipality,Tjörneshreppur,4,2.5,0.0007037297677691766,0.00010843164469118667,0.1656870965668733,1.7965724384853542e-05
2010,all,lit_only,municipality,Akrahreppur,5,4.0,0.0008796622097114708,0.00021686328938237334,0.04225705760111054,9.164004510997254e-06
2010,all,lit_only,municipality,Blönduós,14,19.071428571428573,0.0024630541871921183,0.0028951249132546843,0.2826800997182417,0.0008183941991756
2010,all,lit_only,municipality,Bólstaðarhlíðarhreppur,11,4.636363636363637,0.0019352568613652356,0.000553001387925052,0.06403198403997457,3.5409776045700716e-05
2010,all,lit_only,municipality,Engihlíðarhreppur,12,7.583333333333333,0.00211118930330753,0.0009867279666897987,0.3206739446301219,0.00031641794935527727
2010,all,lit_only,municipality,Höfðahreppur,7,10.714285714285714,0.0012315270935960591,0.0008132373351839,0.09490343163781345,7.717901384494284e-05
2010,all,lit_only,municipality,Húnaþing vestra,64,7.09375,0.011259676284306826,0.004922796668979875,0.217473898454297,0.0010705797829008807
2010,all,lit_only,municipality,Sveinsstaðahreppur,1,1.0,0.00017593244194229416,1.0843164469118667e-05,0.0,0.0
2010,all,lit_only,municipality,Sveitarfélagið Skagafjörður,345,9.101449275362318,0.06069669247009148,0.03404753643303261,0.3440738506424581,0.011714866965402915
2010,all,lit_only,municipality,Svínavatnshreppur,25,9.64,0.004398311048557354,0.0026132026370575987,0.16432806639086905,0.0004294225364351952
2010,all,lit_only,municipality,Torfalækjarhreppur,25,9.84,0.004398311048557354,0.002667418459403192,0.2533878278974475,0.0006758913695217307
2010,all,lit_only,municipality,Vindhælishreppur,9,8.0,0.0015833919774806474,0.000780707841776544,0.24071536235171243,0.00018792837102406417
2010,all,lit_only,municipality,Biskupstungnahreppur,164,26.359756097560975,0.028852920478536243,0.046875,0.2370812393970314,0.011113183096735847
2010,all,lit_only,municipality,Djúpárhreppur,7,21.571428571428573,0.0012315270935960591,0.0016373178348369189,0.05947146666504155,9.737369303458183e-05
2010,all,lit_only,municipality,Gnúpverjahreppur,84,5.214285714285714,0.014778325123152709,0.004749306037473976,0.12556918965460606,0.0005963665105473353
2010,all,lit_only,municipality,Grímsnes- og Grafningshreppur,196,9.26530612244898,0.034482758620689655,0.0196911866759195,0.2476663838250106,0.004876844997248214
2010,all,lit_only,municipality,Holta- og Landasveit,23,6.695652173913044,0.004046446164672765,0.0016698473282442748,0.14448661494162018,0.00024127058792732377
2010,all,lit_only,municipality,Hraungerðishreppur,27,7.555555555555555,0.004750175932441942,0.002212005551700208,0.33809571198546573,0.0007478695919178848
2010,all,lit_only,municipality,Hrunamannahreppur,144,26.458333333333332,0.025334271639690358,0.04131245662734212,0.23833258365008358,0.009846104524926466
2010,all,lit_only,municipality,Hveragerði,11,56.81818181818182,0.0019352568613652356,0.006776977793199167,0.003498709699257141,2.371067793671618e-05
2010,all,lit_only,municipality,Hvolhreppur,30,15.1,0.005277973258268825,0.004911953504510756,0.239924128969093,0.001178496166106427
2010,all,lit_only,municipality,Laugardalshreppur,75,10.866666666666667,0.013194933145672062,0.008837179042331713,0.30735030927662654,0.0027161097117935746
2010,all,lit_only,municipality,Mýrdalshreppur,9,8.333333333333334,0.0015833919774806474,0.0008132373351839,0.07884787699399931,6.412203737150794e-05
2010,all,lit_only,municipality,Ölfushreppur,360,14.183333333333334,0.0633356790992259,0.05536519777931992,0.41423730457592445,0.022934330295418442
2010,all,lit_only,municipality,Rangárvallahreppur,11,8.181818181818182,0.0019352568613652356,0.0009758848022206801,0.3264580187172115,0.000318585419029201
2010,all,lit_only,municipality,Skaftárhreppur,12,7.0,0.00211118930330753,0.0009108258154059681,0.15408768657509575,0.00014034704276878084
2010,all,lit_only,municipality,Skeiðahreppur,53,7.90566037735849,0.00932441942294159,0.004543285912560722,0.21865018392374935,0.000993390300399581
2010,all,lit_only,municipality,Sveitarfélagið Árborg,104,20.76923076923077,0.018296973961998593,0.023421235253296323,0.27175686905160656,0.006364881561756921
2010,all,lit_only,municipality,Vestmannaeyjar,13,38.76923076923077,0.002287121745249824,0.005464954892435809,0.07681739600732707,0.000419803604134421
2010,all,lit_only,municipality,Vestur-Landeyjahreppur,3,7.0,0.0005277973258268825,0.00022770645385149202,0.006826050572982467,1.554335769784783e-06
2010,all,lit_only,municipality,Villingaholtshreppur,48,4.541666666666667,0.00844475721323012,0.0023638098542678697,0.11874440947573994,0.0002806892052579731
2010,all,lit_only,municipality,Grindavík,210,12.557142857142857,0.03694581280788178,0.028593424705065925,0.4240241103700444,0.012124301472998427
2010,all,lit_only,municipality,Reykjanesbær,100,23.13,0.017593244194229415,0.02508023941707148,0.37460059293623216,0.009395072556617638
2010,all,lit_only,municipality,Sandgerði,88,47.31818181818182,0.015482054890921885,0.045150936849410135,0.05681037302974312,0.0025650415650573643
2010,all,lit_only,municipality,Vatnsleysustrandarhreppur,140,13.65,0.024630541871921183,0.020721287300485773,0.2066613845908969,0.004282289924024158
2010,all,lit_only,municipality,Bæjarhreppur,6,8.5,0.001055594651653765,0.000553001387925052,0.004188506325881747,2.3162498115454662e-06
2010,all,lit_only,municipality,Bolungarvík,34,25.558823529411764,0.005981703026038001,0.009422709923664122,0.09673541847173217,0.0009115097876033924
2010,all,lit_only,municipality,Hólmavíkurhreppur,9,15.11111111111111,0.0015833919774806474,0.0014746703678001388,0.07242894772045982,0.00010680882297430751
2010,all,lit_only,municipality,Ísafjarðarbær,148,17.635135135135137,0.026038001407459536,0.028300659264399723,0.29188142065073786,0.008260436631445456
2010,all,lit_only,municipality,Kaldrananeshreppur,4,4.5,0.0007037297677691766,0.000195176960444136,0.0566330122651324,1.1053459194704016e-05
2010,all,lit_only,municipality,Reykhólahreppur,3,4.333333333333333,0.0005277973258268825,0.0001409611380985427,0.08628144956493644,1.2162331327465452e-05
2010,all,lit_only,municipality,Súðavíkurhreppur,19,10.578947368421053,0.003342716396903589,0.0021794760582928524,0.1865522634930432,0.0004065861919034274
2010,all,lit_only,municipality,Vesturbyggð,49,8.510204081632653,0.008620689655172414,0.004521599583622485,0.2034705672691648,0.0009200124322436863
2010,all,lit_only,municipality,Akranes,7,45.142857142857146,0.0012315270935960591,0.003426439972241499,0.06997527502022427,0.0002397660793978885
2010,all,lit_only,municipality,Borgarbyggð,161,11.658385093167702,0.02832512315270936,0.02035261970853574,0.4124005968643223,0.008393432515552707
2010,all,lit_only,municipality,Borgarfjarðarsveit,63,5.5396825396825395,0.011083743842364532,0.003784264399722415,0.10477550426368576,0.00039649821074803015
2010,all,lit_only,municipality,Dalabyggð,11,8.0,0.0019352568613652356,0.0009541984732824427,0.149200491165423,0.00014236688088303722
2010,all,lit_only,municipality,Eyrarsveit,25,14.96,0.004398311048557354,0.0040553435114503815,0.307824346786306,0.001248333467406298
2010,all,lit_only,municipality,Helgafellssveit,20,18.3,0.003518648838845883,0.0039685981956974325,0.3048821963116968,0.0012099549341828702
2010,all,lit_only,municipality,Hvalfjarðarstrandarhreppur,31,6.935483870967742,0.005453905700211119,0.0023312803608605136,0.2752459983900235,0.0006416755904521063
2010,all,lit_only,municipality,Innri-Akraneshreppur,28,12.428571428571429,0.0049261083743842365,0.0037734212352532963,0.21951814386827362,0.0008283344255959319
2010,all,lit_only,municipality,Leirár- og Melahreppur,24,6.166666666666667,0.00422237860661506,0.0016047883414295628,0.13797785349552893,0.0002214252506651011
2010,all,lit_only,municipality,Skilmannahreppur,49,15.16326530612245,0.008620689655172414,0.00805647120055517,0.194641556821058,0.0015681240969600764
2010,all,lit_only,municipality,Skorradalshreppur,7,4.857142857142857,0.0012315270935960591,0.0003686675919500347,0.08309921583437352,3.063598779459468e-05
2010,all,lit_only,municipality,Snæfellsbær,48,13.708333333333334,0.00844475721323012,0.0071348022206800836,0.22892897332310058,0.0016333629472436695
2011,all,zeros_included,region,Austurland,22467,0.40343615079894957,0.21982720663776992,0.09187852248307181,4.118744296797205,0.37842414047530576
2011,all,zeros_included,region,Höfuðborgarsvæði,1034,19.43907156673114,0.01011711984971087,0.20374650285853302,0.6688969614829112,0.136285416674842
2011,all,zeros_included,region,Norðurland eystra,21869,0.8929992226439252,0.21397610637652514,0.19795848031464136,3.1338210692075736,0.6203664564383358
2011,all,zeros_included,region,Norðurland vestra,12430,0.35671761866452134,0.12162069606567322,0.04494587033207639,3.8015881089511296,0.17086568620088097
2011,all,zeros_included,region,Suðurland,24726,0.9700719889994338,0.24193027601929493,0.24313749341118274,3.2279400276829,0.7848332472124441
2011,all,zeros_included,region,Suðurnes,831,12.31407942238267,0.008130876784438813,0.10372825690305315,1.0791164457085358,0.11193486790876461
2011,all,zeros_included,region,Vestfirðir,9235,0.47222523010286954,0.09035938279698248,0.044205895470948386,3.908425366230269,0.17277544319557844
2011,all,zeros_included,region,Vesturland,9611,0.7226095099365311,0.0940383354696046,0.07039897822649313,3.2607219767294406,0.22955149544242354
2011,all,zeros_included,municipality,Austur-Hérað,1563,1.1138835572616763,0.015293093157735096,0.017647893605806268,3.1254228316650416,0.05515712960638241
2011,all,zeros_included,municipality,Borgarfjarðarhreppur,419,0.0,0.004099683962310304,0.0,0.0,0.0
2011,all,zeros_included,municipality,Breiðdalshreppur,452,0.0,0.004422570766024481,0.0,0.0,0.0
2011,all,zeros_included,municipality,Búðahreppur,25,16.4,0.00024461121493498235,0.004156023192636743,0.5851551903477854,0.0024319185423771644
2011,all,zeros_included,municipality,Djúpavogshreppur,1146,0.11954624781849912,0.011212978092619591,0.0013887199448566678,5.403588293385951,0.007504070836819074
2011,all,zeros_included,municipality,Fáskrúðsfjarðarhr.,219,1.7488584474885844,0.0021427942428304454,0.0038823338604387137,2.2302457970307996,0.0086585587749138
2011,all,zeros_included,municipality,Fellahreppur,336,1.4375,0.0032875747287261625,0.004895998053764749,3.0737651936019854,0.015049148405605148
2011,all,zeros_included,municipality,Fjarðabyggð,635,6.415748031496063,0.006213124859348551,0.04129667923610266,1.3881911549869996,0.057327684845893
2011,all,zeros_included,municipality,Fljótsdalshreppur,1531,0.011757021554539516,0.014979990802618318,0.0001824595547986863,6.235064106989575,0.0011376470211025864
2011,all,zeros_included,municipality,Mjóafjarðarhreppur,187,0.3048128342245989,0.0018296918877136678,0.0005777885901958399,3.931425386530374,0.0022715327315435195
2011,all,zeros_included,municipality,Norður-Hérað,6977,0.007023075820553246,0.06826609786405487,0.0004966954547297571,7.06767002767195,0.003510479578274394
2011,all,zeros_included,municipality,Seyðisfjörður,208,4.7451923076923075,0.002035165308259053,0.010004865588127965,1.77759946862701,0.017784643753140927
2011,all,zeros_included,municipality,Skeggjastaðahreppur,589,0.0,0.005763040223868184,0.0,0.0,0.0
2011,all,zeros_included,municipality,Stöðvarhreppur,85,1.0705882352941176,0.00083167813077894,0.0009224344159266918,2.1867419867966973,0.0020171260673731853
2011,all,zeros_included,municipality,Sveitarfélagið Hornafjörður,6214,0.06758931445123914,0.06080056358423921,0.004257389611969347,5.610809682259886,0.02388740285599027
2011,all,zeros_included,municipality,Vopnafjarðarhreppur,1881,0.1137692716640085,0.018404547811708073,0.002169241373717715,5.3026442491006875,0.011502715295255516
2011,all,zeros_included,municipality,Bessastaðahreppur,6,61.5,5.870669158439576e-05,0.003740420873373069,0.0003900327679842164,1.4588867066676383e-06
2011,all,zeros_included,municipality,Garðabær,36,51.05555555555556,0.0003522401495063746,0.01863114787333252,0.043037568491955724,0.0008018393026823036
2011,all,zeros_included,municipality,Hafnarfjörður,143,21.251748251748253,0.001399176149428099,0.0308052548351782,0.6967748224814048,0.02146432596927573
2011,all,zeros_included,municipality,Kjósarhreppur,273,0.8717948717948718,0.002671154467090007,0.002412520780115963,2.0031959092268874,0.004832751757653157
2011,all,zeros_included,municipality,Kópavogur,107,20.981308411214954,0.0010469359999217243,0.022756761140169484,0.39104186919345674,0.008898846413040895
2011,all,zeros_included,municipality,Mosfellsbær,198,21.484848484848484,0.0019373208222850601,0.043121274784089524,0.4052028579033493,0.017472863778948706
2011,all,zeros_included,municipality,Reykjavík,271,29.952029520295202,0.0026515855698952084,0.08227912257227425,0.28725666505222547,0.02363522635353479
2011,all,zeros_included,municipality,Aðaldælahreppur,561,3.5294117647058822,0.005489075663141003,0.02007055102785549,1.6120125433192347,0.03235398000823181
2011,all,zeros_included,municipality,Akureyri,117,25.307692307692307,0.0011447804858957173,0.030014596764383894,0.593809620303074,0.017822956308208675
2011,all,zeros_included,municipality,Arnarneshreppur,77,3.6493506493506493,0.0007534025419997456,0.0028483963832461583,0.749391077854604,0.002134562835797994
2011,all,zeros_included,municipality,Bárðdælahreppur,3151,0.0,0.030830797530405175,0.0,0.0,0.0
2011,all,zeros_included,municipality,Dalvíkurbyggð,575,2.537391304347826,0.005626057943504594,0.01478936058062685,1.9699719314157889,0.02913462522742201
2011,all,zeros_included,municipality,Eyjafjarðarsveit,1796,1.2477728285077951,0.01757286968092913,0.022716214572436444,2.6632651963283176,0.06049930366309614
2011,all,zeros_included,municipality,Glæsibæjarhreppur,120,15.916666666666666,0.0011741338316879153,0.019360986092527267,0.41207523956040504,0.007978182982203845
2011,all,zeros_included,municipality,Grímseyjarhreppur,5,0.0,4.892224298699647e-05,0.0,0.0,0.0
2011,all,zeros_included,municipality,Grýtubakkahreppur,490,2.3877551020408165,0.004794379812725654,0.011859871061914608,2.210063860047174,0.026211072418756774
2011,all,zeros_included,municipality,Hálshreppur,1471,0.6091094493541809,0.01439292388677436,0.009082431172201273,2.630434979963013,0.0238907446584647
2011,all,zeros_included,municipality,Hríseyjarhreppur,7,5.142857142857143,6.849114018179505e-05,0.0003649191095973726,0.4237079167116813,0.00015461911569578443
2011,all,zeros_included,municipality,Húsavík,66,12.93939393939394,0.0006457736074283534,0.008656692211004338,0.8387361675254863,0.007260680848505507
2011,all,zeros_included,municipality,Kelduneshreppur,720,0.0,0.0070448029901274915,0.0,0.0,0.0
2011,all,zeros_included,municipality,Ljósavatnshreppur,401,0.40399002493765584,0.003923563887557117,0.0016421359931881765,2.655319166490093,0.0043603951766958094
2011,all,zeros_included,municipality,Ólafsfjörður,202,4.727722772277228,0.0019764586166746575,0.009680493046263634,1.4006645184371533,0.013559123130879064
2011,all,zeros_included,municipality,Öxarfjarðarhreppur,2684,0.039120715350223545,0.026261460035419702,0.0010643474029923368,5.376505208748389,0.005722469356106119
2011,all,zeros_included,municipality,Öxnadalshreppur,289,0.42560553633217996,0.0028277056446483957,0.001246806957791023,2.7916679187541282,0.0034806709849446314
2011,all,zeros_included,municipality,Reykdælahreppur,390,0.9538461538461539,0.0038159349529857246,0.00377083079917285,2.2199597356825573,0.008371092544235407
2011,all,zeros_included,municipality,Reykjahreppur,191,7.785340314136126,0.0018688296821032652,0.01507318655475814,0.9162685322501503,0.01381108652086094
2011,all,zeros_included,municipality,Siglufjörður,137,10.036496350364963,0.0013404694578437032,0.01393788265823298,1.0012499397193273,0.013955304171370829
2011,all,zeros_included,municipality,Skriðuhreppur,403,0.7468982630272953,0.003943132784751916,0.0030511292219113652,2.359205138327611,0.0071982397380348185
2011,all,zeros_included,municipality,Skútustaðahreppur,6033,0.10044753853804078,0.05902957838810994,0.006142805011555771,4.838722900147151,0.029723331280553596
2011,all,zeros_included,municipality,Svalbarðshreppur,1098,0.0,0.010743324559944424,0.0,0.0,0.0
2011,all,zeros_included,municipality,Þórshafnarhreppur,709,0.306064880112835,0.006937174055556099,0.002199651299517496,3.7848657103118137,0.008325384778186591
2011,all,zeros_included,municipality,Tjörneshreppur,176,0.2159090909090909,0.0017220629531422757,0.00038519239346389327,3.491189041290058,0.0013447794628494323
2011,all,zeros_included,municipality,Akrahreppur,1359,0.0,0.01329706564386564,0.0,0.0,0.0
2011,all,zeros_included,municipality,Áshreppur,1150,0.0,0.011252115887009188,0.0,0.0,0.0
2011,all,zeros_included,municipality,Blönduós,15,23.333333333333332,0.00014676672896098941,0.0035478246766411222,0.216732892334754,0.0007689303036650438
2011,all,zeros_included,municipality,Bólstaðarhlíðarhreppur,1340,0.04029850746268657,0.013111161120515054,0.0005473786643960588,5.389661164398349,0.002950185529715676
2011,all,zeros_included,municipality,Engihlíðarhreppur,166,0.7831325301204819,0.0016242184671682828,0.0013177634513238455,2.8220312465201625,0.0037187696351581433
2011,all,zeros_included,municipality,Höfðahreppur,48,2.0833333333333335,0.00046965353267516607,0.001013664193326035,1.7668998734739132,0.0017910431349328073
2011,all,zeros_included,municipality,Húnaþing vestra,2461,0.31897602600568875,0.02407952799819966,0.007957263917609375,3.595320824900199,0.028608916672207926
2011,all,zeros_included,municipality,Skagahreppur,272,0.0,0.0026613700184926078,0.0,0.0,0.0
2011,all,zeros_included,municipality,Sveinsstaðahreppur,118,0.0,0.0011545649344931166,0.0,0.0,0.0
2011,all,zeros_included,municipality,Sveitarfélagið Skagafjörður,4110,0.6119221411192214,0.040214083735311094,0.025493654462149778,3.310536976398101,0.08439768576046328
2011,all,zeros_included,municipality,Svínavatnshreppur,979,0.21756894790602654,0.009578975176853908,0.0021591047317844544,4.244907760532064,0.009165200431753333
2011,all,zeros_included,municipality,Torfalækjarhreppur,187,0.9679144385026738,0.0018296918877136678,0.0018347321899201232,2.8973400394008704,0.005315843035433215
2011,all,zeros_included,municipality,Vindhælishreppur,225,0.4711111111111111,0.002201500934414841,0.001074484044925597,3.494145185377149,0.0037544032523413387
2011,all,zeros_included,municipality,Ásahreppur,137,0.0,0.0013404694578437032,0.0,0.0,0.0
2011,all,zeros_included,municipality,Austur-Eyjafjallahreppur,282,0.0,0.0027592145044666007,0.0,0.0,0.0
2011,all,zeros_included,municipality,Austur-Landeyjahreppur,200,0.0,0.001956889719479859,0.0,0.0,0.0
2011,all,zeros_included,municipality,Biskupstungnahreppur,1989,2.40824534942182,0.019461268260227194,0.048554514860317075,2.6350013435732307,0.1279412118934819
2011,all,zeros_included,municipality,Djúpárhreppur,120,1.4833333333333334,0.0011741338316879153,0.0018043222641203423,2.558899227443671,0.004617078847716958
2011,all,zeros_included,municipality,Fljótshlíðarhreppur,414,0.004830917874396135,0.0040507617193233075,2.02732838665207e-05,6.025865973825314,0.0001221640914289688
2011,all,zeros_included,municipality,Gaulverjabæjarhreppur,84,0.0,0.0008218936821815406,0.0,0.0,0.0
2011,all,zeros_included,municipality,Gnúpverjahreppur,1127,0.5075421472937001,0.011027073569269004,0.00579815918582492,3.0650063601132294,0.017771394781502324
2011,all,zeros_included,municipality,Grímsnes- og Grafningshreppur,889,2.37007874015748,0.008698374803087971,0.021357904553379558,1.6000948333902405,0.034174672727904525
2011,all,zeros_included,municipality,Holta- og Landasveit,1604,0.10286783042394015,0.015694255550228468,0.0016725459189879577,4.377087794109108,0.00732088032708919
2011,all,zeros_included,municipality,Hraungerðishreppur,98,5.316326530612245,0.0009588759625451307,0.005281190447228642,1.1817361977305545,0.006240973918598902
2011,all,zeros_included,municipality,Hrunamannahreppur,1212,3.5635313531353137,0.011858751700047944,0.04378015650975145,2.3219088619926187,0.10165353337941573
2011,all,zeros_included,municipality,Hveragerði,11,56.81818181818182,0.00010762893457139223,0.006335401208287719,0.003498709699257141,2.216572965612165e-05
2011,all,zeros_included,municipality,Hvolhreppur,238,2.0714285714285716,0.002328698766181032,0.004997364473097352,2.2437350449127207,0.011212761800490322
2011,all,zeros_included,municipality,Laugardalshreppur,649,1.3667180277349769,0.006350107139712142,0.00899120139480193,2.3990466517278564,0.021570311601210403
2011,all,zeros_included,municipality,Mýrdalshreppur,764,0.112565445026178,0.007475318728413061,0.0008717512062603901,4.389395864097933,0.0038264611392817404
2011,all,zeros_included,municipality,Ölfushreppur,739,7.435723951285521,0.007230707513478078,0.05570084742326562,1.121580427425831,0.06247298026096725
2011,all,zeros_included,municipality,Rangárvallahreppur,1446,0.10304287690179806,0.014148312671839379,0.0015103596480557922,5.025190792447402,0.007589845396694066
2011,all,zeros_included,municipality,Skaftárhreppur,6922,0.008234614273331407,0.06772795319119791,0.0005777885901958399,6.93775805260708,0.0040085574443356805
2011,all,zeros_included,municipality,Skeiðahreppur,1280,0.3,0.012524094204671096,0.003892470502371974,3.6050985889021696,0.014032739915444523
2011,all,zeros_included,municipality,Sveitarfélagið Árborg,149,14.167785234899329,0.0014578828410124946,0.021398451121112598,0.7254034556914788,0.015522510389700277
2011,all,zeros_included,municipality,Þingvallahreppur,647,0.0,0.006330538242517343,0.0,0.0,0.0
2011,all,zeros_included,municipality,Uten navn - sysla,123,0.0,0.0012034871774801131,0.0,0.0,0.0
2011,all,zeros_included,municipality,Vestmannaeyjar,15,31.933333333333334,0.00014676672896098941,0.004855451486031707,0.32646449537295963,0.0015851325191952282
2011,all,zeros_included,municipality,Vestur-Eyjafjallahreppur,469,0.0,0.0045889063921802685,0.0,0.0,0.0
2011,all,zeros_included,municipality,Vestur-Landeyjahreppur,186,0.0,0.0018199074391162687,0.0,0.0,0.0
2011,all,zeros_included,municipality,Villingaholtshreppur,2932,0.19304229195088676,0.028688003287574728,0.005737339334225358,3.873712515301551,0.022224803183520637
2011,all,zeros_included,municipality,Grindavík,456,5.151315789473684,0.004461708560414078,0.02381097190122856,1.6341624068324416,0.038910995151131306
2011,all,zeros_included,municipality,Reykjanesbær,132,16.863636363636363,0.0012915472148567067,0.022564164943437538,0.8398280626696031,0.01895001893020452
2011,all,zeros_included,municipality,Sandgerði,88,46.35227272727273,0.0008610314765711379,0.04134736244576897,0.09374239761800629,0.003876000890847096
2011,all,zeros_included,municipality,Vatnsleysustrandarhreppur,155,10.187096774193549,0.0015165895325968905,0.01600575761261809,0.7548750811004612,0.012082347575899405
2011,all,zeros_included,municipality,Árneshreppur,682,0.0,0.006672993943426318,0.0,0.0,0.0
2011,all,zeros_included,municipality,Bæjarhreppur,497,0.08853118712273642,0.004862870952907449,0.0004460122450634554,4.600209872122518,0.002051749932828435
2011,all,zeros_included,municipality,Bolungarvík,85,9.976470588235294,0.00083167813077894,0.008595872359404776,1.039952253531236,0.008939296831229859
2011,all,zeros_included,municipality,Broddaneshreppur,284,0.0,0.0027787834016613994,0.0,0.0,0.0
2011,all,zeros_included,municipality,Hólmavíkurhreppur,1327,0.09495101733232857,0.012983963288748863,0.0012772168835908041,5.272374865584349,0.006733966194944127
2011,all,zeros_included,municipality,Ísafjarðarbær,2337,1.1044073598630724,0.02286625637212215,0.02616267282974496,3.168139250065316,0.08288699067853242
2011,all,zeros_included,municipality,Kaldrananeshreppur,471,0.06581740976645435,0.004608475289375067,0.00031423589993107086,4.4639179751052875,0.0014027232821256935
2011,all,zeros_included,municipality,Kirkjubólshreppur,159,0.0,0.0015557273269864876,0.0,0.0,0.0
2011,all,zeros_included,municipality,Reykhólahreppur,1149,0.005221932114882507,0.011242331438411789,6.08198515995621e-05,7.046647277848756,0.00042857604171321953
2011,all,zeros_included,municipality,Súðavíkurhreppur,733,0.286493860845839,0.007172000821893682,0.0021286948059846735,3.915484298525864,0.00833487108918655
2011,all,zeros_included,municipality,Vesturbyggð,1511,0.34083388484447386,0.014784301830670333,0.00522037059562908,3.8315068565303134,0.020001885730782057
2011,all,zeros_included,municipality,Akranes,7,46.857142857142854,6.849114018179505e-05,0.0033248185541093944,0.038219594524706135,0.0001270732170062808
2011,all,zeros_included,municipality,Borgarbyggð,1847,1.5430427720628046,0.018071876559396495,0.028889429509791995,2.489554663699834,0.07192181396773026
2011,all,zeros_included,municipality,Borgarfjarðarsveit,1259,0.47577442414614773,0.012318620784125711,0.0060718485180229495,3.0193548743746703,0.01833306541935721
2011,all,zeros_included,municipality,Dalabyggð,2172,0.05939226519337017,0.021251822353551265,0.001307626809390585,5.509878954123314,0.007204865436908603
2011,all,zeros_included,municipality,Eyja- og Miklaholtshreppur,405,0.0,0.003962701681946714,0.0,0.0,0.0
2011,all,zeros_included,municipality,Eyrarsveit,141,2.326241134751773,0.0013796072522333004,0.0033248185541093944,2.2869420576458737,0.007603667385434117
2011,all,zeros_included,municipality,Helgafellssveit,246,1.5528455284552845,0.0024069743549602262,0.0038721972185054537,2.9151929034454938,0.011288201852128478
2011,all,zeros_included,municipality,Hvalfjarðarstrandarhreppur,291,1.2096219931271477,0.0028472745418431943,0.003568097960507643,2.3732458458299344,0.008467973662289026
2011,all,zeros_included,municipality,Hvítársíðuhreppur,1477,0.0,0.014451630578358757,0.0,0.0,0.0
2011,all,zeros_included,municipality,Innri-Akraneshreppur,28,17.0,0.0002739645607271802,0.004825041560231926,0.3061597394720734,0.0014772334670225332
2011,all,zeros_included,municipality,Kolbeinsstaðahreppur,391,0.0,0.003825719401583124,0.0,0.0,0.0
2011,all,zeros_included,municipality,Leirár- og Melahreppur,136,1.588235294117647,0.0013306850092463039,0.0021895146575842354,1.7548503643798488,0.003842270594676715
2011,all,zeros_included,municipality,Saurbæjarhreppur,255,0.00392156862745098,0.00249503439233682,1.013664193326035e-05,5.541263545158426,5.616980441509981e-05
2011,all,zeros_included,municipality,Skilmannahreppur,52,15.961538461538462,0.0005087913270647633,0.00841341280460609,0.19791105343221327,0.0016651073911196632
2011,all,zeros_included,municipality,Skorradalshreppur,207,0.07246376811594203,0.0020253808596616537,0.00015204962899890526,5.33271879326537,0.0008108379140714892
2011,all,zeros_included,municipality,Snæfellsbær,697,0.629842180774749,0.0068197606723873075,0.0044499858087012935,3.6167306181179604,0.01609439992452038
2011,all,lit_only,region,Austurland,454,19.964757709251103,0.08958168902920284,0.0918785224830718,0.21703864992107613,0.019941190476469143
2011,all,lit_only,region,Höfuðborgarsvæði,684,29.385964912280702,0.13496448303078137,0.203746502858533,0.25566482403708735,0.05209081380149875
2011,all,lit_only,region,Norðurland eystra,1239,15.761904761904763,0.24447513812154695,0.19795848031464133,0.26305556294839283,0.05207407947957632
2011,all,lit_only,region,Norðurland vestra,355,12.490140845070423,0.07004735595895817,0.044945870332076386,0.24583771392178866,0.011049390012662802
2011,all,lit_only,region,Suðurland,1310,18.309923664122138,0.2584846093133386,0.2431374934111827,0.29011184331122486,0.070537066391589
2011,all,lit_only,region,Suðurnes,347,29.48991354466859,0.06846882399368587,0.10372825690305314,0.20581143079994701,0.021348460967601846
2011,all,lit_only,region,Vestfirðir,223,19.556053811659194,0.04400157853196527,0.04420589547094838,0.18484124505704758,0.0081710727577118
2011,all,lit_only,region,Vesturland,456,15.230263157894736,0.08997632202052092,0.07039897822649312,0.21255123142054222,0.014963389512789051
2011,all,lit_only,municipality,Austur-Hérað,92,18.92391304347826,0.018153117600631413,0.017647893605806268,0.2928490782926052,0.0051681693762663265
2011,all,lit_only,municipality,Búðahreppur,17,24.11764705882353,0.0033543804262036307,0.0041560231926367425,0.199492709535801,0.0008290963275927341
2011,all,lit_only,municipality,Djúpavogshreppur,6,22.833333333333332,0.0011838989739542227,0.0013887199448566676,0.15131486533932126,0.0002101339714500163
2011,all,lit_only,municipality,Fáskrúðsfjarðarhr.,27,14.185185185185185,0.005327545382794002,0.0038823338604387133,0.13701093321862778,0.0005319221852849859
2011,all,lit_only,municipality,Fellahreppur,19,25.42105263157895,0.003749013417521705,0.004895998053764748,0.20109301280522152,0.000984550999320054
2011,all,lit_only,municipality,Fjarðabyggð,185,22.021621621621623,0.03650355169692186,0.04129667923610266,0.15492198117263278,0.006397763363107751
2011,all,lit_only,municipality,Fljótsdalshreppur,3,6.0,0.0005919494869771113,0.00018245955479868626,4.440892098500626e-16,8.102831952014278e-20
2011,all,lit_only,municipality,Mjóafjarðarhreppur,5,11.4,0.0009865824782951855,0.0005777885901958399,0.30975468210988755,0.00017897272108283248
2011,all,lit_only,municipality,Norður-Hérað,6,8.166666666666666,0.0011838989739542227,0.000496695454729757,0.009055192960767844,4.497673185314279e-06
2011,all,lit_only,municipality,Seyðisfjörður,42,23.5,0.008287292817679558,0.010004865588127963,0.1777310072090601,0.0017781748379692482
2011,all,lit_only,municipality,Stöðvarhreppur,12,7.583333333333333,0.0023677979479084454,0.0009224344159266917,0.22899738009438098,0.00021123506455610294
2011,all,lit_only,municipality,Sveitarfélagið Hornafjörður,30,14.0,0.005919494869771113,0.004257389611969346,0.2774469739690488,0.0011811998648481581
2011,all,lit_only,municipality,Vopnafjarðarhreppur,10,21.4,0.001973164956590371,0.0021692413737177145,0.0656705127937034,0.0001424551933853599
2011,all,lit_only,municipality,Bessastaðahreppur,6,61.5,0.0011838989739542227,0.0037404208733730683,0.0003900327679842164,1.458886706667638e-06
2011,all,lit_only,municipality,Garðabær,36,51.05555555555556,0.007103393843725336,0.018631147873332518,0.043037568491955724,0.0008018393026823035
2011,all,lit_only,municipality,Hafnarfjörður,79,38.46835443037975,0.015588003157063931,0.030805254835178198,0.10337804468851886,0.003184587010992263
2011,all,lit_only,municipality,Kjósarhreppur,39,6.102564102564102,0.007695343330702447,0.0024125207801159627,0.05728576017157394,0.00013820308681866152
2011,all,lit_only,municipality,Kópavogur,96,23.385416666666668,0.018942383583267563,0.02275676114016948,0.2825612261993866,0.00643017833209284
2011,all,lit_only,municipality,Mosfellsbær,170,25.023529411764706,0.033543804262036306,0.043121274784089524,0.25273426425907575,0.0108982236564703
2011,all,lit_only,municipality,Reykjavík,258,31.46124031007752,0.05090765588003157,0.08227912257227424,0.23809742909414178,0.019590447552580267
2011,all,lit_only,municipality,Aðaldælahreppur,130,15.23076923076923,0.025651144435674823,0.020070551027855488,0.14982608825212074,0.003007092149568169
2011,all,lit_only,municipality,Akureyri,71,41.70422535211268,0.014009471191791634,0.03001459676438389,0.0943155625466332,0.0028308435784432234
2011,all,lit_only,municipality,Arnarneshreppur,37,7.594594594594595,0.007300710339384372,0.002848396383246158,0.016503568645144462,4.7008705239484176e-05
2011,all,lit_only,municipality,Dalvíkurbyggð,96,15.197916666666666,0.018942383583267563,0.014789360580626848,0.1799500820862745,0.0026613466504873135
2011,all,lit_only,municipality,Eyjafjarðarsveit,147,15.244897959183673,0.029005524861878452,0.02271621457243644,0.16038053424490917,0.0036432386291493472
2011,all,lit_only,municipality,Glæsibæjarhreppur,98,19.489795918367346,0.019337016574585635,0.019360986092527264,0.2095509754489311,0.004057113521342277
2011,all,lit_only,municipality,Grýtubakkahreppur,68,17.205882352941178,0.013417521704814523,0.011859871061914606,0.23516617411860796,0.00278904050317045
2011,all,lit_only,municipality,Hálshreppur,115,7.791304347826087,0.022691397000789267,0.009082431172201273,0.08166938772482535,0.0007417565928865457
2011,all,lit_only,municipality,Hríseyjarhreppur,5,7.2,0.0009865824782951855,0.0003649191095973725,0.08723568009046834,3.183396670373494e-05
2011,all,lit_only,municipality,Húsavík,33,25.87878787878788,0.006511444356748224,0.008656692211004338,0.1455889869655409,0.00126031904947261
2011,all,lit_only,municipality,Ljósavatnshreppur,29,5.586206896551724,0.005722178374112076,0.0016421359931881763,0.028653569169997617,4.7053057267360143e-05
2011,all,lit_only,municipality,Ólafsfjörður,56,17.053571428571427,0.011049723756906077,0.009680493046263632,0.11774851177109813,0.0011398636494080068
2011,all,lit_only,municipality,Öxarfjarðarhreppur,13,8.076923076923077,0.002565114443567482,0.0010643474029923365,0.04639106811835347,4.93762128738101e-05
2011,all,lit_only,municipality,Öxnadalshreppur,18,6.833333333333333,0.003551696921862668,0.0012468069577910228,0.015612988537861083,1.9466382740916685e-05
2011,all,lit_only,municipality,Reykdælahreppur,46,8.08695652173913,0.009076558800315706,0.0037708307991728496,0.0824543930479602,0.00031092156483235203
2011,all,lit_only,municipality,Reykjahreppur,103,14.436893203883495,0.020323599052880822,0.015073186554758138,0.29872409243315623,0.004502723973645778
2011,all,lit_only,municipality,Siglufjörður,56,24.553571428571427,0.011049723756906077,0.013937882658232979,0.10662070462635143,0.0014860668700202042
2011,all,lit_only,municipality,Skriðuhreppur,40,7.525,0.007892659826361484,0.003051129221911365,0.04914803049486416,0.00014995699204227092
2011,all,lit_only,municipality,Skútustaðahreppur,55,11.018181818181818,0.010852407261247041,0.0061428050115557705,0.14105640693886068,0.0008664820034560835
2011,all,lit_only,municipality,Þórshafnarhreppur,17,12.764705882352942,0.0033543804262036307,0.0021996512995174954,0.05422352783590201,0.00011927285346866494
2011,all,lit_only,municipality,Tjörneshreppur,6,6.333333333333333,0.0011838989739542227,0.0003851923934638932,0.11246451547996106,4.332047589748327e-05
2011,all,lit_only,municipality,Blönduós,13,26.923076923076923,0.002565114443567482,0.003547824676641122,0.07363204869408069,0.0002612335993485002
2011,all,lit_only,municipality,Bólstaðarhlíðarhreppur,7,7.714285714285714,0.0013812154696132596,0.0005473786643960588,0.13514642050870584,7.397626715596354e-05
2011,all,lit_only,municipality,Engihlíðarhreppur,11,11.818181818181818,0.002170481452249408,0.0013177634513238453,0.10793873096198947,0.00014223771464398724
2011,all,lit_only,municipality,Höfðahreppur,9,11.11111111111111,0.001775848460931334,0.0010136641933260347,0.09292343990224206,9.419316374958647e-05
2011,all,lit_only,municipality,Húnaþing vestra,80,9.8125,0.01578531965272297,0.007957263917609373,0.16902440918302464,0.0013449718323873244
2011,all,lit_only,municipality,Sveitarfélagið Skagafjörður,201,12.512437810945274,0.03966061562746646,0.025493654462149774,0.29266357696689616,0.007461064104850826
2011,all,lit_only,municipality,Svínavatnshreppur,15,14.2,0.0029597474348855564,0.002159104731784454,0.06642631910376418,0.0001434213798919613
2011,all,lit_only,municipality,Torfalækjarhreppur,12,15.083333333333334,0.0023677979479084454,0.001834732189920123,0.15113807233428433,0.00027729788643418747
2011,all,lit_only,municipality,Vindhælishreppur,7,15.142857142857142,0.0013812154696132596,0.001074484044925597,0.023954932228042125,2.5739192476305245e-05
2011,all,lit_only,municipality,Biskupstungnahreppur,172,27.848837209302324,0.03393843725335438,0.04855451486031707,0.18710854153271184,0.00908496446034231
2011,all,lit_only,municipality,Djúpárhreppur,11,16.181818181818183,0.002170481452249408,0.001804322264120342,0.16930275745999523,0.00030547673466203574
2011,all,lit_only,municipality,Fljótshlíðarhreppur,1,2.0,0.0001973164956590371,2.0273283866520697e-05,0.0,0.0
2011,all,lit_only,municipality,Gnúpverjahreppur,58,9.862068965517242,0.011444356748224152,0.0057981591858249195,0.09813485661987231,0.0005690015203601241
2011,all,lit_only,municipality,Grímsnes- og Grafningshreppur,210,10.033333333333333,0.04143646408839779,0.021357904553379554,0.15710512859380454,0.0033554363413528985
2011,all,lit_only,municipality,Holta- og Landasveit,22,7.5,0.004340962904498816,0.0016725459189879575,0.08787445904096414,0.00014697406785223898
2011,all,lit_only,municipality,Hraungerðishreppur,37,14.08108108108108,0.007300710339384372,0.005281190447228641,0.20768663170420698,0.001096832655373351
2011,all,lit_only,municipality,Hrunamannahreppur,136,31.75735294117647,0.026835043409629045,0.04378015650975144,0.13453658109941102,0.005890032576819083
2011,all,lit_only,municipality,Hveragerði,11,56.81818181818182,0.002170481452249408,0.006335401208287718,0.003498709699257141,2.2165729656121648e-05
2011,all,lit_only,municipality,Hvolhreppur,29,17.0,0.005722178374112076,0.004997364473097352,0.13876020122772026,0.0006934352998952488
2011,all,lit_only,municipality,Laugardalshreppur,74,11.986486486486486,0.014601420678768745,0.008991201394801928,0.22767902822793618,0.0020471079961701675
2011,all,lit_only,municipality,Mýrdalshreppur,10,8.6,0.001973164956590371,0.0008717512062603899,0.053413167925458804,4.656299356920748e-05
2011,all,lit_only,municipality,Ölfushreppur,318,17.27987421383648,0.0627466456195738,0.055700847423265615,0.278333889257806,0.015503433498273161
2011,all,lit_only,municipality,Rangárvallahreppur,10,14.9,0.001973164956590371,0.001510359648055792,0.051219482722737464,7.735983989871347e-05
2011,all,lit_only,municipality,Skaftárhreppur,7,8.142857142857142,0.0013812154696132596,0.0005777885901958399,0.0412081774671047,2.3809614763258402e-05
2011,all,lit_only,municipality,Skeiðahreppur,38,10.105263157894736,0.00749802683504341,0.0038924705023719738,0.08806939171489248,0.00034280750941206167
2011,all,lit_only,municipality,Sveitarfélagið Árborg,88,23.988636363636363,0.017363851617995266,0.021398451121112595,0.19879396422422602,0.004253882926624306
2011,all,lit_only,municipality,Vestmannaeyjar,11,43.54545454545455,0.002170481452249408,0.004855451486031706,0.016309567069120234,7.919031166229362e-05
2011,all,lit_only,municipality,Villingaholtshreppur,67,8.447761194029852,0.013220205209155485,0.005737339334225357,0.09496507168597468,0.0005448468411614732
2011,all,lit_only,municipality,Grindavík,117,20.076923076923077,0.02308602999210734,0.023810971901228557,0.2738435321158117,0.006520480648542772
2011,all,lit_only,municipality,Reykjanesbær,68,32.73529411764706,0.013417521704814523,0.022564164943437534,0.17653384525933902,0.003983338802531004
2011,all,lit_only,municipality,Sandgerði,84,48.55952380952381,0.016574585635359115,0.04134736244576896,0.04722238198311368,0.0019525209434083516
2011,all,lit_only,municipality,Vatnsleysustrandarhreppur,78,20.243589743589745,0.015390686661404893,0.01600575761261809,0.06815879087080656,0.0010909330858472565
2011,all,lit_only,municipality,Bæjarhreppur,5,8.8,0.0009865824782951855,0.00044601224506345534,0.0010577584599889,4.717732254745124e-07
2011,all,lit_only,municipality,Bolungarvík,34,24.941176470588236,0.006708760852407261,0.008595872359404776,0.12366152165708089,0.0010629786559340367
2011,all,lit_only,municipality,Hólmavíkurhreppur,7,18.0,0.0013812154696132596,0.001277216883590804,0.027608980307455067,3.5262655787407636e-05
2011,all,lit_only,municipality,Ísafjarðarbær,117,22.05982905982906,0.02308602999210734,0.026162672829744958,0.17368985032421413,0.004544190727879786
2011,all,lit_only,municipality,Kaldrananeshreppur,6,5.166666666666667,0.0011838989739542227,0.0003142358999310708,0.10081935031692435,3.168105927730461e-05
2011,all,lit_only,municipality,Reykhólahreppur,1,6.0,0.0001973164956590371,6.081985159956209e-05,2.220446049250313e-16,1.3504719920023798e-20
2011,all,lit_only,municipality,Súðavíkurhreppur,16,13.125,0.0031570639305445935,0.002128694805984673,0.09092731887899408,0.0001935565114198268
2011,all,lit_only,municipality,Vesturbyggð,37,13.91891891891892,0.007300710339384372,0.005220370595629079,0.12189780690179841,0.0006363517268218199
2011,all,lit_only,municipality,Akranes,7,46.857142857142854,0.0013812154696132596,0.003324818554109394,0.038219594524706135,0.00012707321700628076
2011,all,lit_only,municipality,Borgarbyggð,193,14.766839378238341,0.038082083662194156,0.02888942950979199,0.2309268724054796,0.006671345602274832
2011,all,lit_only,municipality,Borgarfjarðarsveit,65,9.215384615384615,0.012825572217837412,0.006071848518022949,0.05566911022596033,0.0003380144044251534
2011,all,lit_only,municipality,Dalabyggð,9,14.333333333333334,0.001775848460931334,0.0013076268093905848,0.02369985040570688,3.0990559769048645e-05
2011,all,lit_only,municipality,Eyrarsveit,16,20.5,0.0031570639305445935,0.003324818554109394,0.11077088950748637,0.0003682931086896923
2011,all,lit_only,municipality,Helgafellssveit,15,25.466666666666665,0.0029597474348855564,0.003872197218505453,0.11791156861534091,0.0004565768480219379
2011,all,lit_only,municipality,Hvalfjarðarstrandarhreppur,34,10.352941176470589,0.006708760852407261,0.0035680979605076427,0.2262831032746031,0.0008074002792914516
2011,all,lit_only,municipality,Innri-Akraneshreppur,24,19.833333333333332,0.004735595895816891,0.0048250415602319255,0.15200905964481537,0.0007334500303180077
2011,all,lit_only,municipality,Leirár- og Melahreppur,24,9.0,0.004735595895816891,0.0021895146575842354,0.020249308991742154,4.43361588433717e-05
2011,all,lit_only,municipality,Saurbæjarhreppur,1,1.0,0.0001973164956590371,1.0136641933260348e-05,0.0,0.0
2011,all,lit_only,municipality,Skilmannahreppur,47,17.659574468085108,0.009273875295974744,0.008413412804606089,0.09681493656084417,0.0008145440269381324
2011,all,lit_only,municipality,Skorradalshreppur,1,15.0,0.0001973164956590371,0.00015204962899890523,0.0,0.0
2011,all,lit_only,municipality,Snæfellsbær,20,21.95,0.003946329913180742,0.004449985808701293,0.06567748091142755,0.00029226385800710267
2012,all,zeros_included,region,Austurland,22467,0.4622780077446922,0.21982720663776992,0.10144460397925395,3.902515127514824,0.3958891016337891
2012,all,zeros_included,region,Höfuðborgarsvæði,1034,19.467117988394584,0.01011711984971087,0.19660874576337403,0.6722047765915042,0.1321613380218047
2012,all,zeros_included,region,Norðurland eystra,21869,0.9408752114865792,0.21397610637652514,0.20097479024428358,3.109465168355551,0.6249241099821627
2012,all,zeros_included,region,Norðurland vestra,12430,0.38632341110217217,0.12162069606567322,0.04690323399849581,3.8405699113326333,0.1801351492388168
2012,all,zeros_included,region,Suðurland,24726,0.9852382107902613,0.24193027601929493,0.23794454049091138,3.2447371996369756,0.7720675019813867
2012,all,zeros_included,region,Suðurnes,831,12.097472924187725,0.008130876784438813,0.0981920473525361,1.1343236387099873,0.11138156044531212
2012,all,zeros_included,region,Vestfirðir,9235,0.5190037899296156,0.09035938279698248,0.04681532706263857,3.7600089728763137,0.17602604982366035
2012,all,zeros_included,region,Vesturland,9611,0.7575694516699615,0.0940383354696046,0.07111671110850645,3.255655705460957,0.23153152627402768
2012,all,zeros_included,municipality,Austur-Hérað,1563,1.1772232885476648,0.015293093157735096,0.017972084664146664,3.0272792734814926,0.05440651940502579
2012,all,zeros_included,municipality,Borgarfjarðarhreppur,419,0.0,0.004099683962310304,0.0,0.0,0.0
2012,all,zeros_included,municipality,Breiðdalshreppur,452,0.017699115044247787,0.004422570766024481,7.813949853976811e-05,5.551347035213423,0.00043377947355180527
2012,all,zeros_included,municipality,Búðahreppur,25,17.96,0.00024461121493498235,0.004385579355544485,0.48811504828205665,0.002140667278876387
2012,all,zeros_included,municipality,Djúpavogshreppur,1146,0.1143106457242583,0.011212978092619591,0.0012795342885887028,5.4651394108692255,0.006992833268124637
2012,all,zeros_included,municipality,Fáskrúðsfjarðarhr.,219,1.82648401826484,0.0021427942428304454,0.003906974926988406,2.141915821603546,0.008368411410724827
2012,all,zeros_included,municipality,Fellahreppur,336,1.7410714285714286,0.0032875747287261625,0.005713950830720543,2.727345895703386,0.015583920346416626
2012,all,zeros_included,municipality,Fjarðabyggð,635,6.998425196850394,0.006213124859348551,0.043406491438841184,1.2721594925542914,0.05521998012239839
2012,all,zeros_included,municipality,Fljótsdalshreppur,1531,0.015676028739386023,0.014979990802618318,0.00023441849561930432,5.947382034537793,0.001394176349409627
2012,all,zeros_included,municipality,Mjóafjarðarhreppur,187,1.7058823529411764,0.0018296918877136678,0.0031158125042732533,2.0230033646968293,0.0063032991799092455
2012,all,zeros_included,municipality,Norður-Hérað,6977,0.010606277769815107,0.06826609786405487,0.000722790361492855,6.513837488594595,0.004708138953086998
2012,all,zeros_included,municipality,Seyðisfjörður,208,5.9951923076923075,0.002035165308259053,0.012179994334886354,1.3165356791168434,0.016035397113318913
2012,all,zeros_included,municipality,Skeggjastaðahreppur,589,0.013582342954159592,0.005763040223868184,7.813949853976811e-05,5.642804243892792,0.00044092589397585813
2012,all,zeros_included,municipality,Stöðvarhreppur,85,1.4588235294117646,0.00083167813077894,0.0012111622273664057,1.9688916011998874,0.0023846471371522645
2012,all,zeros_included,municipality,Sveitarfélagið Hornafjörður,6214,0.0738654650788542,0.06080056358423921,0.004483253728719196,5.598875237491873,0.02510117828511901
2012,all,zeros_included,municipality,Vopnafjarðarhreppur,1881,0.14566719829877725,0.018404547811708073,0.0026762778249870577,4.900034030682781,0.01311385241799828
2012,all,zeros_included,municipality,Bessastaðahreppur,6,61.5,5.870669158439576e-05,0.003604184370146804,0.0003900327679842164,1.4057500062138075e-06
2012,all,zeros_included,municipality,Garðabær,36,51.05555555555556,0.0003522401495063746,0.01795254978951172,0.043037568491955724,0.0007726340911713561
2012,all,zeros_included,municipality,Hafnarfjörður,143,21.251748251748253,0.001399176149428099,0.02968324200779441,0.6967748224814048,0.020682535680653525
2012,all,zeros_included,municipality,Kjósarhreppur,273,0.673992673992674,0.002671154467090007,0.0017972084664146664,2.2619365487565677,0.004065171515918074
2012,all,zeros_included,municipality,Kópavogur,107,21.485981308411215,0.0010469359999217243,0.02245533839286586,0.37408603268170415,0.008400228451912344
2012,all,zeros_included,municipality,Mosfellsbær,198,21.545454545454547,0.0019373208222850601,0.041667887596331346,0.4012864830221079,0.01672076006849232
2012,all,zeros_included,municipality,Reykjavík,271,30.014760147601475,0.0026515855698952084,0.07944833514030923,0.28525869109673563,0.022663328091939397
2012,all,zeros_included,municipality,Aðaldælahreppur,561,3.6666666666666665,0.005489075663141003,0.020091618562037877,1.576170956577631,0.031667825648120124
2012,all,zeros_included,municipality,Akureyri,117,25.316239316239315,0.0011447804858957173,0.028931149334349142,0.5938861515281415,0.017181808937462566
2012,all,zeros_included,municipality,Arnarneshreppur,77,3.7012987012987013,0.0007534025419997456,0.0027837196354792387,0.8696583682082308,0.002420885075740086
2012,all,zeros_included,municipality,Bárðdælahreppur,3151,0.0,0.030830797530405175,0.0,0.0,0.0
2012,all,zeros_included,municipality,Dalvíkurbyggð,575,2.667826086956522,0.005626057943504594,0.014983248845000536,1.9277705638096534,0.02888426607362702
2012,all,zeros_included,municipality,Eyjafjarðarsveit,1796,1.2633630289532294,0.01757286968092913,0.02216231527334173,2.663033735407425,0.059018993227644256
2012,all,zeros_included,municipality,Glæsibæjarhreppur,120,16.133333333333333,0.0011741338316879153,0.01890975864662388,0.40523223467826996,0.0076628437535981335
2012,all,zeros_included,municipality,Grímseyjarhreppur,5,0.0,4.892224298699647e-05,0.0,0.0,0.0
2012,all,zeros_included,municipality,Grýtubakkahreppur,490,2.526530612244898,0.004794379812725654,0.012092087399029115,2.1551255238571554,0.026059966190359128
2012,all,zeros_included,municipality,Hálshreppur,1471,0.6125084976206662,0.01439292388677436,0.008800461023041384,2.654777895227511,0.023363269391781554
2012,all,zeros_included,municipality,Hríseyjarhreppur,7,7.428571428571429,6.849114018179505e-05,0.0005079067405084928,0.1602013899901218,8.136736581481264e-05
2012,all,zeros_included,municipality,Húsavík,66,13.924242424242424,0.0006457736074283534,0.00897627489475586,0.811791477160912,0.007286863456216271
2012,all,zeros_included,municipality,Kelduneshreppur,720,0.0,0.0070448029901274915,0.0,0.0,0.0
2012,all,zeros_included,municipality,Ljósavatnshreppur,401,0.24937655860349128,0.003923563887557117,0.0009767437317471015,3.229075391749655,0.0031539791482302917
2012,all,zeros_included,municipality,Ólafsfjörður,202,4.821782178217822,0.0019764586166746575,0.009513483947216768,1.4672409610443105,0.013958573329593951
2012,all,zeros_included,municipality,Öxarfjarðarhreppur,2684,0.05849478390461997,0.026261460035419702,0.0015334876588429492,4.93165482178691,0.00756263180688355
2012,all,zeros_included,municipality,Öxnadalshreppur,289,0.47058823529411764,0.0028277056446483957,0.0013283714751760579,2.703191409203769,0.003590842359927257
2012,all,zeros_included,municipality,Reykdælahreppur,390,0.9974358974358974,0.0038159349529857246,0.0037995331164962245,2.238213377196979,0.008504165848444777
2012,all,zeros_included,municipality,Reykjahreppur,191,10.020942408376964,0.0018688296821032652,0.01869487502563952,0.7959266546645729,0.014879749338529535
2012,all,zeros_included,municipality,Siglufjörður,137,10.306569343065693,0.0013404694578437032,0.013791621492269071,1.0371459160333885,0.014303923906185173
2012,all,zeros_included,municipality,Skriðuhreppur,403,0.7642679900744417,0.003943132784751916,0.0030083706937810723,2.383957859305211,0.007171828959142858
2012,all,zeros_included,municipality,Skútustaðahreppur,6033,0.12232720039781203,0.05902957838810994,0.007208368740293608,4.6530958647859535,0.03354123077731252
2012,all,zeros_included,municipality,Svalbarðshreppur,1098,0.0,0.010743324559944424,0.0,0.0,0.0
2012,all,zeros_included,municipality,Þórshafnarhreppur,709,0.34978843441466856,0.006937174055556099,0.0024223244547328113,3.7200984115860063,0.00901128535639747
2012,all,zeros_included,municipality,Tjörneshreppur,176,0.26704545454545453,0.0017220629531422757,0.00045906955392113763,3.7277719297988012,0.001711306596932474
2012,all,zeros_included,municipality,Akrahreppur,1359,0.0,0.01329706564386564,0.0,0.0,0.0
2012,all,zeros_included,municipality,Áshreppur,1150,0.0,0.011252115887009188,0.0,0.0,0.0
2012,all,zeros_included,municipality,Blönduós,15,24.266666666666666,0.00014676672896098941,0.003555347183559449,0.2183636684504644,0.0007763586536170679
2012,all,zeros_included,municipality,Bólstaðarhlíðarhreppur,1340,0.04701492537313433,0.013111161120515054,0.0006153485510006738,5.376154435423709,0.003308208841793825
2012,all,zeros_included,municipality,Engihlíðarhreppur,166,1.3253012048192772,0.0016242184671682828,0.002148836209843623,2.675078151161182,0.00574830479537668
2012,all,zeros_included,municipality,Höfðahreppur,48,3.5625,0.00046965353267516607,0.0016702317812875434,1.5121590653897392,0.002525656129376011
2012,all,zeros_included,municipality,Húnaþing vestra,2461,0.3340105648110524,0.02407952799819966,0.008028833474961174,3.8262145946357435,0.030720039819796454
2012,all,zeros_included,municipality,Skagahreppur,272,0.0,0.0026613700184926078,0.0,0.0,0.0
2012,all,zeros_included,municipality,Sveinsstaðahreppur,118,0.0,0.0011545649344931166,0.0,0.0,0.0
2012,all,zeros_included,municipality,Sveitarfélagið Skagafjörður,4110,0.6206812652068127,0.040214083735311094,0.024916732596868555,3.384148566388034,0.08432192489676671
2012,all,zeros_included,municipality,Svínavatnshreppur,979,0.33401430030643514,0.009578975176853908,0.0031939520028130214,3.837012962506475,0.01225523523641708
2012,all,zeros_included,municipality,Torfalækjarhreppur,187,0.9518716577540107,0.0018296918877136678,0.0017386038425098403,2.9473109481553728,0.005124206139534252
2012,all,zeros_included,municipality,Vindhælishreppur,225,0.4711111111111111,0.002201500934414841,0.0010353483556519274,3.494145185377149,0.0036176574720893297
2012,all,zeros_included,municipality,Ásahreppur,137,0.0,0.0013404694578437032,0.0,0.0,0.0
2012,all,zeros_included,municipality,Austur-Eyjafjallahreppur,282,0.0,0.0027592145044666007,0.0,0.0,0.0
2012,all,zeros_included,municipality,Austur-Landeyjahreppur,200,0.0,0.001956889719479859,0.0,0.0,0.0
2012,all,zeros_included,municipality,Biskupstungnahreppur,1989,2.4972347913524384,0.019461268260227194,0.048514861155878525,2.620970165156945,0.12715600365628918
2012,all,zeros_included,municipality,Djúpárhreppur,120,1.55,0.0011741338316879153,0.0018167433410496085,2.4667322757887895,0.00448141943619143
2012,all,zeros_included,municipality,Fljótshlíðarhreppur,414,0.0,0.0040507617193233075,0.0,0.0,0.0
2012,all,zeros_included,municipality,Gaulverjabæjarhreppur,84,0.0,0.0008218936821815406,0.0,0.0,0.0
2012,all,zeros_included,municipality,Gnúpverjahreppur,1127,0.5527950310559007,0.011027073569269004,0.0060851134487844415,3.0416570206056135,0.018508828042676832
2012,all,zeros_included,municipality,Grímsnes- og Grafningshreppur,889,2.280089988751406,0.008698374803087971,0.019798595442513747,1.6924034335486133,0.03350721090635019
2012,all,zeros_included,municipality,Holta- og Landasveit,1604,0.10349127182044887,0.015694255550228468,0.0016213945947001884,4.393830494488391,0.007124133013792333
2012,all,zeros_included,municipality,Hraungerðishreppur,98,4.928571428571429,0.0009588759625451307,0.0047176722243385,1.4142783938455086,0.006672101896127021
2012,all,zeros_included,municipality,Hrunamannahreppur,1212,3.6435643564356437,0.011858751700047944,0.043133003193951996,2.324176455181643,0.10024871046465784
2012,all,zeros_included,municipality,Hveragerði,11,56.81818181818182,0.00010762893457139223,0.006104648323419384,0.003498709699257141,2.1358392299701243e-05
2012,all,zeros_included,municipality,Hvolhreppur,238,2.03781512605042,0.002328698766181032,0.004737207098973442,2.30343986541557,0.010911871682505066
2012,all,zeros_included,municipality,Laugardalshreppur,649,1.3266563944530045,0.006350107139712142,0.008409763530342543,2.5132169560770388,0.02113556030105518
2012,all,zeros_included,municipality,Mýrdalshreppur,764,0.1243455497382199,0.007475318728413061,0.0009279065451597463,4.367110012673383,0.004052269964192294
2012,all,zeros_included,municipality,Ölfushreppur,739,7.618403247631935,0.007230707513478078,0.05499067209736181,1.1134654335101537,0.06123021254590368
2012,all,zeros_included,municipality,Rangárvallahreppur,1446,0.0995850622406639,0.014148312671839379,0.001406510973715826,5.099016256568251,0.007171822320018636
2012,all,zeros_included,municipality,Skaftárhreppur,6922,0.004189540595203698,0.06772795319119791,0.0002832556822066594,7.462853591644432,0.0021138956853096616
2012,all,zeros_included,municipality,Skeiðahreppur,1280,0.2796875,0.012524094204671096,0.0034967425596546227,3.713435570400568,0.012984928201555007
2012,all,zeros_included,municipality,Sveitarfélagið Árborg,149,14.221476510067115,0.0014578828410124946,0.02069719967572108,0.7349470836665275,0.015211346541735006
2012,all,zeros_included,municipality,Þingvallahreppur,647,0.0,0.006330538242517343,0.0,0.0,0.0
2012,all,zeros_included,municipality,Uten navn - sysla,123,0.0,0.0012034871774801131,0.0,0.0,0.0
2012,all,zeros_included,municipality,Vestmannaeyjar,15,31.933333333333334,0.00014676672896098941,0.004678602475068616,0.32646449537295963,0.0015273975960739556
2012,all,zeros_included,municipality,Vestur-Eyjafjallahreppur,469,0.0,0.0045889063921802685,0.0,0.0,0.0
2012,all,zeros_included,municipality,Vestur-Landeyjahreppur,186,0.0,0.0018199074391162687,0.0,0.0,0.0
2012,all,zeros_included,municipality,Villingaholtshreppur,2932,0.22783083219645292,0.028688003287574728,0.0065246481280706375,3.7637323398543687,0.024557029165789727
2012,all,zeros_included,municipality,Grindavík,456,4.958333333333333,0.004461708560414078,0.022084175774801963,1.7791330675299546,0.03929068739009413
2012,all,zeros_included,municipality,Reykjanesbær,132,16.393939393939394,0.0012915472148567067,0.021136734355007274,0.9021085716954542,0.019067629239301852
2012,all,zeros_included,municipality,Sandgerði,88,46.35227272727273,0.0008610314765711379,0.039841376817964264,0.09374239761800629,0.0037348261873184243
2012,all,zeros_included,municipality,Vatnsleysustrandarhreppur,155,9.993548387096775,0.0015165895325968905,0.015129760404762601,0.7888349702511155,0.011934884098797411
2012,all,zeros_included,municipality,Árneshreppur,682,0.0,0.006672993943426318,0.0,0.0,0.0
2012,all,zeros_included,municipality,Bæjarhreppur,497,0.1267605633802817,0.004862870952907449,0.0006153485510006738,4.17351659698852,0.002568167390534149
2012,all,zeros_included,municipality,Bolungarvík,85,10.470588235294118,0.00083167813077894,0.008693019212549202,0.9203181844635582,0.008000343659200111
2012,all,zeros_included,municipality,Broddaneshreppur,284,0.0,0.0027787834016613994,0.0,0.0,0.0
2012,all,zeros_included,municipality,Hólmavíkurhreppur,1327,0.18462697814619441,0.012983963288748863,0.0023930221427803985,4.462348794570101,0.010678499474215671
2012,all,zeros_included,municipality,Ísafjarðarbær,2337,1.173727000427899,0.02286625637212215,0.02679208056182299,3.064728918633162,0.08211046408816834
2012,all,zeros_included,municipality,Kaldrananeshreppur,471,0.04670912951167728,0.004608475289375067,0.0002148836209843623,5.07049514314817,0.001089566356543301
2012,all,zeros_included,municipality,Kirkjubólshreppur,159,0.0,0.0015557273269864876,0.0,0.0,0.0
2012,all,zeros_included,municipality,Reykhólahreppur,1149,0.007832898172323759,0.011242331438411789,8.790693585723912e-05,6.410133109553943,0.0005634951600979232
2012,all,zeros_included,municipality,Súðavíkurhreppur,733,0.32605729877216916,0.007172000821893682,0.0023344175188755724,3.8703285360011925,0.00903496273824523
2012,all,zeros_included,municipality,Vesturbyggð,1511,0.38517538054268696,0.014784301830670333,0.00568464851876813,3.6954315246270735,0.021007229342680345
2012,all,zeros_included,municipality,Akranes,7,46.857142857142854,6.849114018179505e-05,0.0032037194401304927,0.038219594524706135,0.000122444857972706
2012,all,zeros_included,municipality,Borgarbyggð,1847,1.7336220898754737,0.018071876559396495,0.03127533429054219,2.4476693081671903,0.07655167584562901
2012,all,zeros_included,municipality,Borgarfjarðarsveit,1259,0.4598888006354249,0.012318620784125711,0.005655346206815717,3.0697010785393823,0.01736022235057581
2012,all,zeros_included,municipality,Dalabyggð,2172,0.062154696132596686,0.021251822353551265,0.0013186040378585868,5.502519963536816,0.00725564504231713
2012,all,zeros_included,municipality,Eyja- og Miklaholtshreppur,405,0.0,0.003962701681946714,0.0,0.0,0.0
2012,all,zeros_included,municipality,Eyrarsveit,141,2.24822695035461,0.0013796072522333004,0.0030962776296383113,2.3613522925521453,0.0073114022791243485
2012,all,zeros_included,municipality,Helgafellssveit,246,1.4715447154471544,0.0024069743549602262,0.003535812308924507,2.988833924677443,0.010567955780205645
2012,all,zeros_included,municipality,Hvalfjarðarstrandarhreppur,291,1.4158075601374571,0.0028472745418431943,0.004024184174798058,2.3026767585137153,0.009266395371286183
2012,all,zeros_included,municipality,Hvítársíðuhreppur,1477,0.0,0.014451630578358757,0.0,0.0,0.0
2012,all,zeros_included,municipality,Innri-Akraneshreppur,28,17.0,0.0002739645607271802,0.004649300163116202,0.3061597394720734,0.0014234285266671249
2012,all,zeros_included,municipality,Kolbeinsstaðahreppur,391,0.0,0.003825719401583124,0.0,0.0,0.0
2012,all,zeros_included,municipality,Leirár- og Melahreppur,136,1.6102941176470589,0.0013306850092463039,0.002139068772526152,1.7257301710466926,0.0036914555186921953
2012,all,zeros_included,municipality,Saurbæjarhreppur,255,0.0,0.00249503439233682,0.0,0.0,0.0
2012,all,zeros_included,municipality,Skilmannahreppur,52,15.884615384615385,0.0005087913270647633,0.008067903224231057,0.22537456199226824,0.0018183001553570832
2012,all,zeros_included,municipality,Skorradalshreppur,207,0.07246376811594203,0.0020253808596616537,0.0001465115597620652,5.33271879326537,0.0007813049481737874
2012,all,zeros_included,municipality,Snæfellsbær,697,0.5882352941176471,0.0068197606723873075,0.004004649300163116,3.719002965059165,0.014893302621328737
2012,all,lit_only,region,Austurland,595,17.455462184873948,0.11546671841645643,0.10144460397925396,0.2712736881429776,0.027519251863656002
2012,all,lit_only,region,Höfuðborgarsvæði,676,29.776627218934912,0.13118571705802445,0.19660874576337406,0.247207797566094,0.04860321502239582
2012,all,lit_only,region,Norðurland eystra,1255,16.395219123505974,0.24354744808849213,0.2009747902442836,0.2515306320331123,0.05055131601286683
2012,all,lit_only,region,Norðurland vestra,327,14.685015290519878,0.06345817970114496,0.046903233998495816,0.20266189772512977,0.00950549841158099
2012,all,lit_only,region,Suðurland,1260,19.334126984126986,0.24451775664661363,0.2379445404909114,0.267993599015627,0.06376761377227894
2012,all,lit_only,region,Suðurnes,321,31.317757009345794,0.062293809431399186,0.09819204735253612,0.183134966984555,0.017982397350052564
2012,all,lit_only,region,Vestfirðir,264,18.15530303030303,0.051232291868814284,0.04681532706263858,0.20520218338928986,0.009606607329337146
2012,all,lit_only,region,Vesturland,455,16.002197802197802,0.08829807878905492,0.07111671110850647,0.20528956958862343,0.014599519014023768
2012,all,lit_only,municipality,Austur-Hérað,107,17.19626168224299,0.02076460314379973,0.017972084664146667,0.34574577752192237,0.006213772385895207
2012,all,lit_only,municipality,Breiðdalshreppur,2,4.0,0.00038812342324859306,7.813949853976812e-05,0.1308120359411371,1.0221586891406578e-05
2012,all,lit_only,municipality,Búðahreppur,19,23.63157894736842,0.003687172520861634,0.004385579355544486,0.21367820258029635,0.0009371027139660001
2012,all,lit_only,municipality,Djúpavogshreppur,6,21.833333333333332,0.0011643702697457792,0.001279534288588703,0.2128659828225956,0.00027236932389564496
2012,all,lit_only,municipality,Fáskrúðsfjarðarhr.,31,12.903225806451612,0.006015913060353192,0.003906974926988406,0.18683129627219142,0.0007299451901121943
2012,all,lit_only,municipality,Fellahreppur,30,19.5,0.005821851348728896,0.005713950830720544,0.3114321174023371,0.0017795078059441422
2012,all,lit_only,municipality,Fjarðabyggð,219,20.292237442922374,0.04249951484572094,0.04340649143884119,0.20760622347810065,0.009011457762052326
2012,all,lit_only,municipality,Fljótsdalshreppur,4,6.0,0.0007762468464971861,0.00023441849561930435,2.220446049250313e-16,5.2051362246908617e-20
2012,all,lit_only,municipality,Mjóafjarðarhreppur,29,11.0,0.005627789637104599,0.0031158125042732537,0.1591905778287166,0.0004960079929611997
2012,all,lit_only,municipality,Norður-Hérað,11,6.7272727272727275,0.002134678827867262,0.0007227903614928551,0.06135845745372892,4.4349301643624695e-05
2012,all,lit_only,municipality,Seyðisfjörður,75,16.626666666666665,0.01455462837182224,0.012179994334886356,0.2964857129518359,0.0036111943041281036
2012,all,lit_only,municipality,Skeggjastaðahreppur,3,2.6666666666666665,0.0005821851348728896,7.813949853976812e-05,0.36299034890931514,2.836388383854935e-05
2012,all,lit_only,municipality,Stöðvarhreppur,12,10.333333333333334,0.0023287405394915583,0.0012111622273664059,0.011146994497571061,1.3500818684119237e-05
2012,all,lit_only,municipality,Sveitarfélagið Hornafjörður,29,15.827586206896552,0.005627789637104599,0.004483253728719196,0.23161097752535387,0.0010383707786028405
2012,all,lit_only,municipality,Vopnafjarðarhreppur,18,15.222222222222221,0.0034931108092373375,0.002676277824987058,0.2508469592779159,0.0006713361545809179
2012,all,lit_only,municipality,Bessastaðahreppur,6,61.5,0.0011643702697457792,0.0036041843701468046,0.0003900327679842164,1.4057500062138077e-06
2012,all,lit_only,municipality,Garðabær,36,51.05555555555556,0.006986221618474675,0.017952549789511725,0.043037568491955724,0.0007726340911713562
2012,all,lit_only,municipality,Hafnarfjörður,79,38.46835443037975,0.015330875218319426,0.029683242007794416,0.10337804468851886,0.0030685955187818915
2012,all,lit_only,municipality,Kjósarhreppur,30,6.133333333333334,0.005821851348728896,0.0017972084664146669,0.053662135233763175,9.644204376800797e-05
2012,all,lit_only,municipality,Kópavogur,96,23.947916666666668,0.018629924315932467,0.022455338392865863,0.26560538968763403,0.005964258904404827
2012,all,lit_only,municipality,Mosfellsbær,171,24.94736842105263,0.033184552687754706,0.04166788759633135,0.25468300883023254,0.010612102984633595
2012,all,lit_only,municipality,Reykjavík,258,31.527131782945737,0.050067921599068504,0.07944833514030923,0.23609945513865238,0.01875770863830006
2012,all,lit_only,municipality,Aðaldælahreppur,135,15.237037037037037,0.02619833106928003,0.020091618562037877,0.15172482949336397,0.0030483974005709033
2012,all,lit_only,municipality,Akureyri,71,41.71830985915493,0.013778381525325054,0.028931149334349145,0.0943920937717011,0.0027308717608909724
2012,all,lit_only,municipality,Arnarneshreppur,33,8.636363636363637,0.0064040364836017855,0.002783719635479239,0.022360507821026943,6.224538468067979e-05
2012,all,lit_only,municipality,Dalvíkurbyggð,100,15.34,0.019406171162429653,0.014983248845000538,0.1785707090003945,0.0026755693693810883
2012,all,lit_only,municipality,Eyjafjarðarsveit,148,15.33108108108108,0.028721133320395886,0.022162315273341733,0.1669287603093954,0.003699527814164915
2012,all,lit_only,municipality,Glæsibæjarhreppur,98,19.755102040816325,0.01901804773918106,0.018909758646623885,0.20270797056679601,0.003833158799165051
2012,all,lit_only,municipality,Grýtubakkahreppur,70,17.685714285714287,0.013584319813700757,0.012092087399029117,0.20921537480184194,0.002529850597324507
2012,all,lit_only,municipality,Hálshreppur,110,8.190909090909091,0.021346788278672618,0.008800461023041384,0.06156054041848957,0.0005417611365102812
2012,all,lit_only,municipality,Hríseyjarhreppur,6,8.666666666666666,0.0011643702697457792,0.0005079067405084928,0.006050710162863737,3.073196476581732e-06
2012,all,lit_only,municipality,Húsavík,33,27.848484848484848,0.0064040364836017855,0.008976274894755863,0.11864429660096709,0.0010649838209852293
2012,all,lit_only,municipality,Ljósavatnshreppur,16,6.25,0.0031049873859887445,0.0009767437317471015,0.007702686682866666,7.52355093510189e-06
2012,all,lit_only,municipality,Ólafsfjörður,52,18.73076923076923,0.01009120900446342,0.009513483947216768,0.11021698222453313,0.001048547491103772
2012,all,lit_only,municipality,Öxarfjarðarhreppur,21,7.476190476190476,0.004075295944110227,0.0015334876588429494,0.08111376141876026,0.00012438695209800022
2012,all,lit_only,municipality,Öxnadalshreppur,20,6.8,0.0038812342324859306,0.001328371475176058,0.03249699464532796,4.316808071580276e-05
2012,all,lit_only,municipality,Reykdælahreppur,44,8.840909090909092,0.008538715311469047,0.003799533116496225,0.05625627199154781,0.00021374756844250495
2012,all,lit_only,municipality,Reykjahreppur,118,16.220338983050848,0.02289928197166699,0.01869487502563952,0.3143378510836081,0.005876506841836141
2012,all,lit_only,municipality,Siglufjörður,53,26.641509433962263,0.010285270716087716,0.013791621492269073,0.08745690375738535,0.0012061725135076636
2012,all,lit_only,municipality,Skriðuhreppur,39,7.897435897435898,0.007568406753347565,0.0030083706937810728,0.04858294348817438,0.0001461555034074458
2012,all,lit_only,municipality,Skútustaðahreppur,65,11.353846153846154,0.012614011255579274,0.007208368740293609,0.12248345624082946,0.0008829059171695153
2012,all,lit_only,municipality,Þórshafnarhreppur,18,13.777777777777779,0.0034931108092373375,0.0024223244547328117,0.046614642950043805,0.00011291578956652956
2012,all,lit_only,municipality,Tjörneshreppur,5,9.4,0.0009703085581214826,0.00045906955392113774,0.16672584719474948,7.653876029881741e-05
2012,all,lit_only,municipality,Blönduós,13,28.0,0.002522802251115855,0.0035553471835594497,0.07526282480979107,0.000267585472214219
2012,all,lit_only,municipality,Bólstaðarhlíðarhreppur,7,9.0,0.0013584319813700757,0.000615348551000674,0.12163969153406473,7.485080792965568e-05
2012,all,lit_only,municipality,Engihlíðarhreppur,13,16.923076923076923,0.002522802251115855,0.0021488362098436233,0.12803972026617538,0.00027513638720620605
2012,all,lit_only,municipality,Höfðahreppur,11,15.545454545454545,0.002134678827867262,0.0016702317812875437,0.03885332728021895,6.489406203218801e-05
2012,all,lit_only,municipality,Húnaþing vestra,60,13.7,0.011643702697457792,0.008028833474961174,0.11223610646678805,0.0009011250086998542
2012,all,lit_only,municipality,Sveitarfélagið Skagafjörður,182,14.016483516483516,0.03531923151562197,0.02491673259686856,0.266976945974549,0.006652193172376462
2012,all,lit_only,municipality,Svínavatnshreppur,23,14.217391304347826,0.00446341936735882,0.003193952002813022,0.08597553590511442,0.00027460173509706305
2012,all,lit_only,municipality,Torfalækjarhreppur,11,16.181818181818183,0.002134678827867262,0.0017386038425098408,0.11409760409915659,0.0001983705329079602
2012,all,lit_only,municipality,Vindhælishreppur,7,15.142857142857142,0.0013584319813700757,0.0010353483556519276,0.023954932228042125,2.480169969205678e-05
2012,all,lit_only,municipality,Biskupstungnahreppur,174,28.54597701149425,0.033766737822627596,0.04851486115587853,0.18463818551750188,0.008957695934454946
2012,all,lit_only,municipality,Djúpárhreppur,13,14.307692307692308,0.002522802251115855,0.001816743341049609,0.24418989046828043,0.0004436303574598818
2012,all,lit_only,municipality,Gnúpverjahreppur,58,10.741379310344827,0.011255579274209199,0.006085113448784442,0.07478551711225645,0.0004550783559540908
2012,all,lit_only,municipality,Grímsnes- og Grafningshreppur,186,10.897849462365592,0.036095478362119154,0.019798595442513747,0.1280528717479097,0.0025352670029889623
2012,all,lit_only,municipality,Holta- og Landasveit,22,7.545454545454546,0.004269357655734524,0.0016213945947001886,0.10461715942024696,0.00016962569679687635
2012,all,lit_only,municipality,Hraungerðishreppur,29,16.655172413793103,0.005627789637104599,0.0047176722243385,0.19660674516141086,0.0009275261807655858
2012,all,lit_only,municipality,Hrunamannahreppur,136,32.470588235294116,0.026392392780904328,0.043133003193952,0.1368041742884354,0.00590077488652905
2012,all,lit_only,municipality,Hveragerði,11,56.81818181818182,0.002134678827867262,0.006104648323419385,0.003498709699257141,2.1358392299701246e-05
2012,all,lit_only,municipality,Hvolhreppur,26,18.653846153846153,0.00504560450223171,0.0047372070989734425,0.089265729765577,0.0004228702487405363
2012,all,lit_only,municipality,Laugardalshreppur,63,13.666666666666666,0.012225887832330681,0.008409763530342545,0.1809189657644814,0.001521485720233427
2012,all,lit_only,municipality,Mýrdalshreppur,10,9.5,0.0019406171162429653,0.0009279065451597465,0.031127316500907387,2.8883240714450943e-05
2012,all,lit_only,municipality,Ölfushreppur,317,17.7602523659306,0.061517562584902,0.05499067209736182,0.2670692864392321,0.014686319557856212
2012,all,lit_only,municipality,Rangárvallahreppur,9,16.0,0.0017465554046186688,0.0014065109737158262,0.019684431185760243,2.7686368474125814e-05
2012,all,lit_only,municipality,Skaftárhreppur,4,7.25,0.0007762468464971861,0.00028325568220665943,0.006687928569033552,1.8943937693710063e-06
2012,all,lit_only,municipality,Skeiðahreppur,34,10.529411764705882,0.006598098195226082,0.0034967425596546236,0.08518073810306648,0.0002978551121877868
2012,all,lit_only,municipality,Sveitarfélagið Árborg,84,25.226190476190474,0.01630118377644091,0.020697199675721083,0.16181757656438212,0.003349170693194301
2012,all,lit_only,municipality,Vestmannaeyjar,11,43.54545454545455,0.002134678827867262,0.004678602475068616,0.016309567069120234,7.630598085688352e-05
2012,all,lit_only,municipality,Villingaholtshreppur,73,9.150684931506849,0.014166504948573647,0.006524648128070638,0.07075171799621804,0.00046163006438180575
2012,all,lit_only,municipality,Grindavík,99,22.838383838383837,0.019212109450805356,0.022084175774801967,0.25176010815015815,0.005559914481471246
2012,all,lit_only,municipality,Reykjanesbær,63,34.34920634920635,0.012225887832330681,0.021136734355007278,0.16244137550061621,0.0034334802022185124
2012,all,lit_only,municipality,Sandgerði,84,48.55952380952381,0.01630118377644091,0.03984137681796427,0.04722238198311368,0.001881404714831079
2012,all,lit_only,municipality,Vatnsleysustrandarhreppur,75,20.653333333333332,0.01455462837182224,0.015129760404762603,0.06289796686817972,0.0009516311686622556
2012,all,lit_only,municipality,Bæjarhreppur,8,7.875,0.0015524936929943722,0.000615348551000674,0.044368112571727014,2.7301853781647003e-05
2012,all,lit_only,municipality,Bolungarvík,41,21.70731707317073,0.007956530176596158,0.008693019212549204,0.19123899467754946,0.0016624442549205323
2012,all,lit_only,municipality,Hólmavíkurhreppur,17,14.411764705882353,0.003299049097613041,0.002393022142780399,0.10488610429410894,0.00025099477004577697
2012,all,lit_only,municipality,Ísafjarðarbær,133,20.62406015037594,0.02581020764603144,0.026792080561822994,0.19845471231605805,0.005317014640245233
2012,all,lit_only,municipality,Kaldrananeshreppur,3,7.333333333333333,0.0005821851348728896,0.00021488362098436234,0.01424933779986226,3.0619493030637495e-06
2012,all,lit_only,municipality,Reykhólahreppur,2,4.5,0.00038812342324859306,8.790693585723914e-05,0.0566330122651324,4.978434576593231e-06
2012,all,lit_only,municipality,Súðavíkurhreppur,17,14.058823529411764,0.003299049097613041,0.002334417518875573,0.10639617817075742,0.00024837310226322293
2012,all,lit_only,municipality,Vesturbyggð,43,13.534883720930232,0.00834465359984475,0.0056846485187681305,0.1361046780478965,0.0007737072564623881
2012,all,lit_only,municipality,Akranes,7,46.857142857142854,0.0013584319813700757,0.003203719440130493,0.038219594524706135,0.000122444857972706
2012,all,lit_only,municipality,Borgarbyggð,197,16.253807106598984,0.038230157189986416,0.03127533429054219,0.209555056705939,0.006553904450751767
2012,all,lit_only,municipality,Borgarfjarðarsveit,61,9.491803278688524,0.011837764409082088,0.005655346206815718,0.042501908668346466,0.00024036300796996125
2012,all,lit_only,municipality,Dalabyggð,9,15.0,0.0017465554046186688,0.001318604037858587,0.01634085981920963,2.1547123739690958e-05
2012,all,lit_only,municipality,Eyrarsveit,15,21.133333333333333,0.002910925674364448,0.0030962776296383117,0.12064260327618692,0.00037354299370538727
2012,all,lit_only,municipality,Helgafellssveit,14,25.857142857142858,0.0027168639627401514,0.0035358123089245077,0.12255971836033863,0.0004333481607568063
2012,all,lit_only,municipality,Hvalfjarðarstrandarhreppur,38,10.842105263157896,0.007374345041723268,0.004024184174798058,0.2669396510686086,0.0010742143194564103
2012,all,lit_only,municipality,Innri-Akraneshreppur,24,19.833333333333332,0.004657481078983117,0.004649300163116203,0.15200905964481537,0.0007067357458017808
2012,all,lit_only,municipality,Leirár- og Melahreppur,25,8.76,0.004851542790607413,0.0021390687725261525,0.031951110178841446,6.834562203110223e-05
2012,all,lit_only,municipality,Skilmannahreppur,46,17.956521739130434,0.00892683873471764,0.008067903224231059,0.10277223989993578,0.0008291564856501397
2012,all,lit_only,municipality,Skorradalshreppur,1,15.0,0.00019406171162429653,0.00014651155976206523,0.0,0.0
2012,all,lit_only,municipality,Snæfellsbær,18,22.77777777777778,0.0034931108092373375,0.0040046493001631165,0.06258931219480601,0.00025064824527862073
2013,all,zeros_included,region,Austurland,22467,0.4288512039880714,0.21982720663776992,0.0912975912975913,4.030616962389848,0.3679856201094073
2013,all,zeros_included,region,Höfuðborgarsvæði,1034,20.150870406189554,0.01011711984971087,0.1974340023120511,0.5856085916490459,0.11561904803759472
2013,all,zeros_included,region,Norðurland eystra,21869,0.9229045681101102,0.21397610637652514,0.19124642295374003,3.146077390178584,0.6016760472072921
2013,all,zeros_included,region,Norðurland vestra,12430,0.3680611423974256,0.12162069606567322,0.04335095798510433,3.909583084453942,0.16948417203343744
2013,all,zeros_included,region,Suðurland,24726,1.0607862169376365,0.24193027601929493,0.24853601682869975,3.0843029812409837,0.7665603776505179
2013,all,zeros_included,region,Suðurnes,831,12.990373044524668,0.008130876784438813,0.10228930960638277,0.9410149177692353,0.09625576626792214
2013,all,zeros_included,region,Vestfirðir,9235,0.5378451543042772,0.09035938279698248,0.047065400723937306,3.6640278096517123,0.1724489371249081
2013,all,zeros_included,region,Vesturland,9611,0.8650504630111331,0.0940383354696046,0.07878029829249342,2.9863498004492,0.23526552808511617
2013,all,zeros_included,municipality,Austur-Hérað,1563,1.128598848368522,0.015293093157735096,0.016714992324748424,3.091890433981394,0.05168092487296208
2013,all,zeros_included,municipality,Borgarfjarðarhreppur,419,0.011933174224343675,0.004099683962310304,4.7378096158583963e-05,6.037870919922138,0.0002860628290371889
2013,all,zeros_included,municipality,Breiðdalshreppur,452,0.028761061946902654,0.004422570766024481,0.0001231830500123183,5.423496503813427,0.0006680828410708828
2013,all,zeros_included,municipality,Búðahreppur,25,17.8,0.00024461121493498235,0.004216650558113973,0.521181540874665,0.0021976404352078566
2013,all,zeros_included,municipality,Djúpavogshreppur,1146,0.1256544502617801,0.011212978092619591,0.0013644891693672181,5.242189948247233,0.007152911408149048
2013,all,zeros_included,municipality,Fáskrúðsfjarðarhr.,219,1.7945205479452055,0.0021427942428304454,0.0037239183580646995,2.109125858578598,0.007854212504229813
2013,all,zeros_included,municipality,Fellahreppur,336,1.4791666666666667,0.0032875747287261625,0.004709382758163246,3.0263656425549073,0.014252314176945715
2013,all,zeros_included,municipality,Fjarðabyggð,635,6.507086614173228,0.006213124859348551,0.039153258665453786,1.4208975398860149,0.05563276891626408
2013,all,zeros_included,municipality,Fljótsdalshreppur,1531,0.013716525146962769,0.014979990802618318,0.00019898800386605265,5.824947788701165,0.0011590947330976222
2013,all,zeros_included,municipality,Mjóafjarðarhreppur,187,0.7379679144385026,0.0018296918877136678,0.0013076354539769174,3.140377149056179,0.004106468498964814
2013,all,zeros_included,municipality,Norður-Hérað,6977,0.006736419664612298,0.06826609786405487,0.00044535410389068926,6.9853932228439355,0.0031109735390837546
2013,all,zeros_included,municipality,Seyðisfjörður,208,5.649038461538462,0.002035165308259053,0.011133852597267232,1.3833799704425498,0.01540234867691925
2013,all,zeros_included,municipality,Skeggjastaðahreppur,589,0.1035653650254669,0.005763040223868184,0.0005780127731347244,4.012915740520732,0.0023195165555343743
2013,all,zeros_included,municipality,Stöðvarhreppur,85,1.1294117647058823,0.00083167813077894,0.0009096594462448121,2.169203704391941,0.0019732366405293684
2013,all,zeros_included,municipality,Sveitarfélagið Hornafjörður,6214,0.07322175732217573,0.06080056358423921,0.004311406750431141,5.613362531845752,0.024201489112417016
2013,all,zeros_included,municipality,Vopnafjarðarhreppur,1881,0.13237639553429026,0.018404547811708073,0.0023594291886974814,5.1267370489921404,0.012096173036168846
2013,all,zeros_included,municipality,Bessastaðahreppur,6,61.5,5.870669158439576e-05,0.0034965034965034965,0.0003900327679842164,1.3637509370077495e-06
2013,all,zeros_included,municipality,Garðabær,36,51.05555555555556,0.0003522401495063746,0.017416188147895466,0.043037568491955724,0.0007495503902838386
2013,all,zeros_included,municipality,Hafnarfjörður,143,22.55944055944056,0.001399176149428099,0.030568347641518372,0.5523626940678987,0.016884814856473186
2013,all,zeros_included,municipality,Kjósarhreppur,273,1.4871794871794872,0.002671154467090007,0.003847101408077018,1.4705475849316618,0.005657345684634854
2013,all,zeros_included,municipality,Kópavogur,107,22.46728971962617,0.0010469359999217243,0.02277938863304717,0.2780584902440877,0.006334002411988429
2013,all,zeros_included,municipality,Mosfellsbær,198,22.217171717171716,0.0019373208222850601,0.04168324900032217,0.3291095491426441,0.0137183552852966
2013,all,zeros_included,municipality,Reykjavík,271,30.236162361623617,0.0026515855698952084,0.0776432239846874,0.2666290374746074,0.020701938077462553
2013,all,zeros_included,municipality,Aðaldælahreppur,561,3.7450980392156863,0.005489075663141003,0.019908276005836983,1.5422308368146833,0.03070315716401965
2013,all,zeros_included,municipality,Akureyri,117,26.042735042735043,0.0011447804858957173,0.028872211799041068,0.5116132700359781,0.014771406691678752
2013,all,zeros_included,municipality,Arnarneshreppur,77,3.1948051948051948,0.0007534025419997456,0.002331002331002331,1.0283696590816616,0.0023971320724514257
2013,all,zeros_included,municipality,Bárðdælahreppur,3151,0.0031735956839098697,0.030830797530405175,9.475619231716793e-05,6.775620915923607,0.0006420320385774829
2013,all,zeros_included,municipality,Dalvíkurbyggð,575,2.4260869565217393,0.005626057943504594,0.013218488828244926,1.9898647399150038,0.026303004834284972
2013,all,zeros_included,municipality,Eyjafjarðarsveit,1796,1.329621380846325,0.01757286968092913,0.022627778725339703,2.656852444050354,0.060118669209849394
2013,all,zeros_included,municipality,Glæsibæjarhreppur,120,16.716666666666665,0.0011741338316879153,0.019008092178823887,0.3238861117567198,0.006156457067712584
2013,all,zeros_included,municipality,Grímseyjarhreppur,5,1.2,4.892224298699647e-05,5.6853715390300756e-05,1.1588767035677956,6.588644627709339e-05
2013,all,zeros_included,municipality,Grýtubakkahreppur,490,2.4591836734693877,0.004794379812725654,0.011418121174218735,2.2065282618064894,0.025194407067644736
2013,all,zeros_included,municipality,Hálshreppur,1471,0.43779741672331746,0.01439292388677436,0.0061022987852256145,3.112674893172368,0.01899447221940801
2013,all,zeros_included,municipality,Hríseyjarhreppur,7,7.714285714285714,6.849114018179505e-05,0.0005116834385127068,0.16265716476276548,8.322897736453973e-05
2013,all,zeros_included,municipality,Húsavík,66,15.303030303030303,0.0006457736074283534,0.009570375424033961,0.5864438349501828,0.005612487665583458
2013,all,zeros_included,municipality,Kelduneshreppur,720,0.0,0.0070448029901274915,0.0,0.0,0.0
2013,all,zeros_included,municipality,Ljósavatnshreppur,401,0.38403990024937656,0.003923563887557117,0.001459245361684386,2.8074329105656206,0.0040967334529829775
2013,all,zeros_included,municipality,Ólafsfjörður,202,3.8415841584158414,0.0019764586166746575,0.007353080523812231,1.7953791278710542,0.013201567298007639
2013,all,zeros_included,municipality,Öxarfjarðarhreppur,2684,0.06073025335320417,0.026261460035419702,0.0015445259347698372,4.814832469036688,0.007436633619999054
2013,all,zeros_included,municipality,Öxnadalshreppur,289,0.2560553633217993,0.0028277056446483957,0.0007011958231470427,3.27425793113165,0.00229589598521559
2013,all,zeros_included,municipality,Reykdælahreppur,390,1.1128205128205129,0.0038159349529857246,0.004112418746565088,2.0923923697819586,0.008604793606661077
2013,all,zeros_included,municipality,Reykjahreppur,191,10.397905759162304,0.0018688296821032652,0.01881857979418955,0.7954440190132432,0.014969126743611547
2013,all,zeros_included,municipality,Siglufjörður,137,9.824817518248175,0.0013404694578437032,0.012754183485890804,1.0895876506971325,0.013896800820951925
2013,all,zeros_included,municipality,Skriðuhreppur,403,0.34739454094292804,0.003943132784751916,0.001326586692440351,3.3735918469484822,0.004475362049887121
2013,all,zeros_included,municipality,Skútustaðahreppur,6033,0.11437095972153158,0.05902957838810994,0.006538177269884587,4.744094568393367,0.03101773127325244
2013,all,zeros_included,municipality,Svalbarðshreppur,1098,0.0,0.010743324559944424,0.0,0.0,0.0
2013,all,zeros_included,municipality,Þórshafnarhreppur,709,0.37940761636107195,0.006937174055556099,0.0025489415733318172,3.500010018735233,0.008921321043832108
2013,all,zeros_included,municipality,Tjörneshreppur,176,0.2215909090909091,0.0017220629531422757,0.0003695491500369549,3.936684999657664,0.00145479859558672
2013,all,zeros_included,municipality,Akrahreppur,1359,0.0007358351729212656,0.01329706564386564,9.475619231716793e-06,7.214504414151143,6.836189677403626e-05
2013,all,zeros_included,municipality,Áshreppur,1150,0.0,0.011252115887009188,0.0,0.0,0.0
2013,all,zeros_included,municipality,Blönduós,15,23.533333333333335,0.00014676672896098941,0.003344893588796028,0.28050923179995024,0.0009382735310457524
2013,all,zeros_included,municipality,Bólstaðarhlíðarhreppur,1340,0.05970149253731343,0.013111161120515054,0.0007580495385373434,5.138879399907074,0.0038955251576986176
2013,all,zeros_included,municipality,Engihlíðarhreppur,166,1.0542168674698795,0.0016242184671682828,0.0016582333655504387,3.091924472857487,0.005127132324654237
2013,all,zeros_included,municipality,Höfðahreppur,48,2.8958333333333335,0.00046965353267516607,0.0013171110732086342,1.8141207023888102,0.0023893984652533272
2013,all,zeros_included,municipality,Húnaþing vestra,2461,0.32872815928484356,0.02407952799819966,0.007665775958458886,3.855893139817802,0.029558412929601853
2013,all,zeros_included,municipality,Skagahreppur,272,0.007352941176470588,0.0026613700184926078,1.8951238463433585e-05,5.605802066295998,0.00010623689173718418
2013,all,zeros_included,municipality,Sveinsstaðahreppur,118,0.0,0.0011545649344931166,0.0,0.0,0.0
2013,all,zeros_included,municipality,Sveitarfélagið Skagafjörður,4110,0.5795620437956205,0.040214083735311094,0.0225709250099494,3.4826323740481837,0.0786062341518636
2013,all,zeros_included,municipality,Svínavatnshreppur,979,0.36363636363636365,0.009578975176853908,0.003373320446491178,3.7040105153555913,0.012494814405467342
2013,all,zeros_included,municipality,Torfalækjarhreppur,187,0.93048128342246,0.0018296918877136678,0.001648757746318722,2.967074235937644,0.004891986630404893
2013,all,zeros_included,municipality,Vindhælishreppur,225,0.4622222222222222,0.002201500934414841,0.0009854644000985464,3.50674451113564,0.003455771875965154
2013,all,zeros_included,municipality,Ásahreppur,137,0.0,0.0013404694578437032,0.0,0.0,0.0
2013,all,zeros_included,municipality,Austur-Eyjafjallahreppur,282,0.0,0.0027592145044666007,0.0,0.0,0.0
2013,all,zeros_included,municipality,Austur-Landeyjahreppur,200,0.0,0.001956889719479859,0.0,0.0,0.0
2013,all,zeros_included,municipality,Biskupstungnahreppur,1989,2.5495223730517846,0.019461268260227194,0.048050865124035856,2.5794057069017633,0.12394267572250499
2013,all,zeros_included,municipality,Djúpárhreppur,120,1.3833333333333333,0.0011741338316879153,0.0015729527924649876,2.730411654911468,0.004294808637171942
2013,all,zeros_included,municipality,Fljótshlíðarhreppur,414,0.0,0.0040507617193233075,0.0,0.0,0.0
2013,all,zeros_included,municipality,Gaulverjabæjarhreppur,84,0.08333333333333333,0.0008218936821815406,6.632933462201755e-05,4.430816798843313,0.0002938931300993348
2013,all,zeros_included,municipality,Gnúpverjahreppur,1127,0.8553682342502218,0.011027073569269004,0.009134496939374988,2.4565166832835494,0.02243904412497718
2013,all,zeros_included,municipality,Grímsnes- og Grafningshreppur,889,2.5725534308211473,0.008698374803087971,0.021670741182936305,1.502514925469801,0.03256061207335489
2013,all,zeros_included,municipality,Holta- og Landasveit,1604,0.10660847880299251,0.015694255550228468,0.0016203308886235715,4.369174881862458,0.007079509018879985
2013,all,zeros_included,municipality,Hraungerðishreppur,98,5.928571428571429,0.0009588759625451307,0.005505334773627457,1.014168325897706,0.0055833361508761834
2013,all,zeros_included,municipality,Hrunamannahreppur,1212,3.7846534653465347,0.011858751700047944,0.04346466541588493,2.2507322333971027,0.0978273234653525
2013,all,zeros_included,municipality,Hveragerði,11,56.81818181818182,0.00010762893457139223,0.005922262019822996,0.003498709699257141,2.0720275570296903e-05
2013,all,zeros_included,municipality,Hvolhreppur,238,2.0798319327731094,0.002328698766181032,0.004690431519699813,2.2686323475280483,0.010640864669456138
2013,all,zeros_included,municipality,Laugardalshreppur,649,1.3759630200308166,0.006350107139712142,0.008461727973923095,2.4435224306788847,0.020676422106584078
2013,all,zeros_included,municipality,Mýrdalshreppur,764,0.10471204188481675,0.007475318728413061,0.0007580495385373434,4.588702561472356,0.003478463859209245
2013,all,zeros_included,municipality,Ölfushreppur,739,8.577807848443843,0.007230707513478078,0.06006595030985275,0.858073362850031,0.051540991975158205
2013,all,zeros_included,municipality,Rangárvallahreppur,1446,0.11687413554633472,0.014148312671839379,0.001601379650160138,4.789861387134868,0.007670386552445589
2013,all,zeros_included,municipality,Skaftárhreppur,6922,0.0,0.06772795319119791,0.0,0.0,0.0
2013,all,zeros_included,municipality,Skeiðahreppur,1280,0.33125,0.012524094204671096,0.00401766255424792,3.4593762252798763,0.013898606321362476
2013,all,zeros_included,municipality,Sveitarfélagið Árborg,149,14.832214765100671,0.0014578828410124946,0.02094111850209411,0.6282935051667367,0.013157168745792711
2013,all,zeros_included,municipality,Þingvallahreppur,647,0.0,0.006330538242517343,0.0,0.0,0.0
2013,all,zeros_included,municipality,Uten navn - sysla,123,0.0,0.0012034871774801131,0.0,0.0,0.0
2013,all,zeros_included,municipality,Vestmannaeyjar,15,32.46666666666667,0.00014676672896098941,0.0046146265658460785,0.2817995594343152,0.0013003997332093119
2013,all,zeros_included,municipality,Vestur-Eyjafjallahreppur,469,0.0,0.0045889063921802685,0.0,0.0,0.0
2013,all,zeros_included,municipality,Vestur-Landeyjahreppur,186,0.03225806451612903,0.0018199074391162687,5.6853715390300756e-05,4.532599493153256,0.0002576951215619567
2013,all,zeros_included,municipality,Villingaholtshreppur,2932,0.22748976807639837,0.028688003287574728,0.006320238027555101,3.7388662810506608,0.023630524849439904
2013,all,zeros_included,municipality,Grindavík,456,5.93640350877193,0.004461708560414078,0.025650501260257356,1.359425435836181,0.03486994385514187
2013,all,zeros_included,municipality,Reykjanesbær,132,17.03787878787879,0.0012915472148567067,0.021310667652131066,0.7877531079893405,0.01678754467629415
2013,all,zeros_included,municipality,Sandgerði,88,46.69318181818182,0.0008610314765711379,0.0389353194231243,0.07244849968513911,0.002820805476967012
2013,all,zeros_included,municipality,Vatnsleysustrandarhreppur,155,11.161290322580646,0.0015165895325968905,0.01639282127087005,0.5343002906781127,0.008758689170060216
2013,all,zeros_included,municipality,Árneshreppur,682,0.0,0.006672993943426318,0.0,0.0,0.0
2013,all,zeros_included,municipality,Bæjarhreppur,497,0.1227364185110664,0.004862870952907449,0.0005780127731347244,4.189560135004743,0.0024216192718487816
2013,all,zeros_included,municipality,Bolungarvík,85,11.235294117647058,0.00083167813077894,0.009049216366289537,0.7651045394784277,0.006923596520570607
2013,all,zeros_included,municipality,Broddaneshreppur,284,0.0,0.0027787834016613994,0.0,0.0,0.0
2013,all,zeros_included,municipality,Hólmavíkurhreppur,1327,0.18311981914091938,0.012983963288748863,0.0023025754733071806,4.47474341658028,0.010303434440360528
2013,all,zeros_included,municipality,Ísafjarðarbær,2337,1.1827128797603765,0.02286625637212215,0.026190611556465217,3.0164608968046718,0.07900295562347787
2013,all,zeros_included,municipality,Kaldrananeshreppur,471,0.0,0.004608475289375067,0.0,0.0,0.0
2013,all,zeros_included,municipality,Kirkjubólshreppur,159,0.0,0.0015557273269864876,0.0,0.0,0.0
2013,all,zeros_included,municipality,Reykhólahreppur,1149,0.03568320278503046,0.011242331438411789,0.0003885003885003885,4.986713693052113,0.0019373402070909532
2013,all,zeros_included,municipality,Súðavíkurhreppur,733,0.35743519781718963,0.007172000821893682,0.0024826122387097997,3.6567281269585776,0.009078238001621728
2013,all,zeros_included,municipality,Vesturbyggð,1511,0.4242223692918597,0.014784301830670333,0.0060738719275304645,3.5373792359844103,0.02148558843847487
2013,all,zeros_included,municipality,Akranes,7,46.857142857142854,6.849114018179505e-05,0.003108003108003108,0.038219594524706135,0.00011878661856940524
2013,all,zeros_included,municipality,Borgarbyggð,1847,1.7861396859772605,0.018071876559396495,0.0312600678454337,2.392236083527264,0.07478146227335686
2013,all,zeros_included,municipality,Borgarfjarðarsveit,1259,0.6544876886417792,0.012318620784125711,0.007807910246934637,2.6248588954759047,0.02049466266674385
2013,all,zeros_included,municipality,Dalabyggð,2172,0.07228360957642725,0.021251822353551265,0.0014876722193795365,5.250179625429323,0.0078105463755036636
2013,all,zeros_included,municipality,Eyja- og Miklaholtshreppur,405,0.0,0.003962701681946714,0.0,0.0,0.0
2013,all,zeros_included,municipality,Eyrarsveit,141,3.0,0.0013796072522333004,0.004008186935016204,1.7541429085771705,0.007030932688310338
2013,all,zeros_included,municipality,Helgafellssveit,246,1.508130081300813,0.0024069743549602262,0.00351545473496693,2.909966071918598,0.010229854006119353
2013,all,zeros_included,municipality,Hvalfjarðarstrandarhreppur,291,2.006872852233677,0.0028472745418431943,0.005533761631322607,1.7034089118823046,0.009426258879027288
2013,all,zeros_included,municipality,Hvítársíðuhreppur,1477,0.0,0.014451630578358757,0.0,0.0,0.0
2013,all,zeros_included,municipality,Innri-Akraneshreppur,28,18.214285714285715,0.0002739645607271802,0.004832565808175564,0.17088012894648408,0.0008257894684434104
2013,all,zeros_included,municipality,Kolbeinsstaðahreppur,391,0.0,0.003825719401583124,0.0,0.0,0.0
2013,all,zeros_included,municipality,Leirár- og Melahreppur,136,2.286764705882353,0.0013306850092463039,0.0029469175810639225,1.2024965205476303,0.003543658137570006
2013,all,zeros_included,municipality,Saurbæjarhreppur,255,0.0,0.00249503439233682,0.0,0.0,0.0
2013,all,zeros_included,municipality,Skilmannahreppur,52,16.557692307692307,0.0005087913270647633,0.008158508158508158,0.14156914663296583,0.0011549930377980895
2013,all,zeros_included,municipality,Skorradalshreppur,207,0.45893719806763283,0.0020253808596616537,0.0009001838270130953,2.5682443727944357,0.0023118920482069418
2013,all,zeros_included,municipality,Snæfellsbær,697,0.7905308464849354,0.0068197606723873075,0.005221066196675953,3.0852493071177873,0.016108290865710587
2013,all,lit_only,region,Austurland,530,18.17924528301887,0.09126915791286379,0.0912975912975913,0.28369112401853824,0.025900316295398792
2013,all,lit_only,region,Höfuðborgarsvæði,767,27.165580182529336,0.13208197003616326,0.1974340023120511,0.2869053379479274,0.0566448691557509
2013,all,lit_only,region,Norðurland eystra,1240,16.276612903225807,0.21353538832443603,0.19124642295374003,0.27611866088934356,0.05280670620586372
2013,all,lit_only,region,Norðurland vestra,312,14.663461538461538,0.053728258997761326,0.04335095798510433,0.22471808775866764,0.009741744380918987
2013,all,lit_only,region,Suðurland,1553,16.889246619446233,0.2674358532805235,0.24853601682869975,0.3166362038227981,0.07869550088187856
2013,all,lit_only,region,Suðurnes,451,23.93569844789357,0.0776648872050973,0.10228930960638277,0.3298524624164654,0.03374038065254557
2013,all,lit_only,region,Vestfirðir,308,16.126623376623378,0.05303943516445669,0.047065400723937306,0.26337169999194643,0.012395694599465554
2013,all,lit_only,region,Vesturland,646,12.869969040247678,0.11124504907869812,0.07878029829249342,0.28648574940851734,0.022569432794951515
2013,all,lit_only,municipality,Austur-Hérað,106,16.641509433962263,0.018253831582572756,0.016714992324748424,0.40096719767198463,0.006702163631563107
2013,all,lit_only,municipality,Borgarfjarðarhreppur,1,5.0,0.00017220595832615808,4.7378096158583963e-05,0.0,0.0
2013,all,lit_only,municipality,Breiðdalshreppur,2,6.5,0.00034441191665231615,0.0001231830500123183,0.002961504541141302,3.648071620031168e-07
2013,all,lit_only,municipality,Búðahreppur,17,26.176470588235293,0.0029275012915446876,0.004216650558113973,0.13551906006268055,0.000571436520248383
2013,all,lit_only,municipality,Djúpavogshreppur,8,18.0,0.0013776476666092646,0.0013644891693672181,0.2775985926523852,0.0003787802731057618
2013,all,lit_only,municipality,Fáskrúðsfjarðarhr.,34,11.558823529411764,0.005855002583089375,0.0037239183580646995,0.24641465337825919,0.000917628051411449
2013,all,lit_only,municipality,Fellahreppur,21,23.666666666666668,0.0036163251248493198,0.004709382758163246,0.2537769203151261,0.001195132652951823
2013,all,lit_only,municipality,Fjarðabyggð,179,23.083798882681563,0.030824866540382297,0.039153258665453786,0.1546583468340783,0.006055378258366133
2013,all,lit_only,municipality,Fljótsdalshreppur,6,3.5,0.0010332357499569485,0.00019898800386605265,0.2830308622715365,5.631974631590072e-05
2013,all,lit_only,municipality,Mjóafjarðarhreppur,11,12.545454545454545,0.0018942655415877389,0.0013076354539769174,0.30716380499996276,0.00040165828159640363
2013,all,lit_only,municipality,Norður-Hérað,7,6.714285714285714,0.0012054417082831067,0.00044535410389068926,0.08092906796001231,3.6042092540039974e-05
2013,all,lit_only,municipality,Seyðisfjörður,75,15.666666666666666,0.012915446874461856,0.011133852597267232,0.36333000427754225,0.004045262711790628
2013,all,lit_only,municipality,Skeggjastaðahreppur,11,5.545454545454546,0.0018942655415877389,0.0005780127731347244,0.032384829667516435,1.871884520361687e-05
2013,all,lit_only,municipality,Stöðvarhreppur,11,8.727272727272727,0.0018942655415877389,0.0009096594462448121,0.12444772069999566,0.00011320504469838709
2013,all,lit_only,municipality,Sveitarfélagið Hornafjörður,29,15.689655172413794,0.004993972791458585,0.004311406750431141,0.24609827187923283,0.0010610297506495627
2013,all,lit_only,municipality,Vopnafjarðarhreppur,12,20.75,0.002066471499913897,0.0023594291886974814,0.07208486947910986,0.00017007914511246
2013,all,lit_only,municipality,Bessastaðahreppur,6,61.5,0.0010332357499569485,0.0034965034965034965,0.0003900327679842164,1.3637509370077495e-06
2013,all,lit_only,municipality,Garðabær,36,51.05555555555556,0.006199414499741691,0.017416188147895466,0.043037568491955724,0.0007495503902838386
2013,all,lit_only,municipality,Hafnarfjörður,98,32.91836734693877,0.016876183915963492,0.030568347641518372,0.17448554247856363,0.005333734720903654
2013,all,lit_only,municipality,Kjósarhreppur,66,6.151515151515151,0.011365593249526434,0.003847101408077018,0.050730531773127696,0.00019516550021689546
2013,all,lit_only,municipality,Kópavogur,107,22.46728971962617,0.018426037540898915,0.02277938863304717,0.2780584902440877,0.006334002411988429
2013,all,lit_only,municipality,Mosfellsbær,188,23.398936170212767,0.03237472016531772,0.04168324900032217,0.27728448127805816,0.01155811807703847
2013,all,lit_only,municipality,Reykjavík,266,30.804511278195488,0.04580678491475805,0.0776432239846874,0.2480065253766055,0.01925602619947984
2013,all,lit_only,municipality,Aðaldælahreppur,144,14.590277777777779,0.024797657998966764,0.019908276005836983,0.18232323086798763,0.003629741202395835
2013,all,lit_only,municipality,Akureyri,85,35.84705882352941,0.014637506457723437,0.028872211799041068,0.19209059172853848,0.00554608024898949
2013,all,lit_only,municipality,Arnarneshreppur,29,8.482758620689655,0.004993972791458585,0.002331002331002331,0.0518600672144518,0.0001208859375628247
2013,all,lit_only,municipality,Bárðdælahreppur,4,2.5,0.0006888238333046323,9.475619231716793e-05,0.1064401352862232,1.0085861929446738e-05
2013,all,lit_only,municipality,Dalvíkurbyggð,104,13.413461538461538,0.01790941966592044,0.013218488828244926,0.27988559825902604,0.003699664653773583
2013,all,lit_only,municipality,Eyjafjarðarsveit,145,16.46896551724138,0.024969863957292924,0.022627778725339703,0.14026893760878334,0.00317397448225003
2013,all,lit_only,municipality,Glæsibæjarhreppur,111,18.07207207207207,0.019114861374203547,0.019008092178823887,0.24592457028700787,0.004674556901053099
2013,all,lit_only,municipality,Grímseyjarhreppur,2,3.0,0.00034441191665231615,5.6853715390300756e-05,0.2425859716936405,1.3791913792349793e-05
2013,all,lit_only,municipality,Grýtubakkahreppur,67,17.98507462686567,0.011537799207852592,0.011418121174218735,0.21681549009278323,0.0024756255383270205
2013,all,lit_only,municipality,Hálshreppur,72,8.944444444444445,0.012398828999483382,0.0061022987852256145,0.09564329158698559,0.0005836439420662414
2013,all,lit_only,municipality,Hríseyjarhreppur,6,9.0,0.0010332357499569485,0.0005116834385127068,0.008506484935506986,4.352627461456756e-06
2013,all,lit_only,municipality,Húsavík,46,21.956521739130434,0.007921474083003272,0.009570375424033961,0.22543048941285226,0.0021574544157047094
2013,all,lit_only,municipality,Ljósavatnshreppur,26,5.923076923076923,0.00447735491648011,0.001459245361684386,0.07156802128053341,0.00010443530309854782
2013,all,lit_only,municipality,Ólafsfjörður,38,20.42105263157895,0.006543826416394007,0.007353080523812231,0.12469759019623528,0.0009169114218382566
2013,all,lit_only,municipality,Öxarfjarðarhreppur,24,6.791666666666667,0.004132942999827794,0.0015445259347698372,0.09782280129306087,0.00015108985360896889
2013,all,lit_only,municipality,Öxnadalshreppur,12,6.166666666666667,0.002066471499913897,0.0007011958231470427,0.092737892807218,6.502742308387944e-05
2013,all,lit_only,municipality,Reykdælahreppur,52,8.346153846153847,0.00895470983296022,0.004112418746565088,0.07748934923969397,0.00031866865247244666
2013,all,lit_only,municipality,Reykjahreppur,118,16.83050847457627,0.020320303082486654,0.01881857979418955,0.313855215432278,0.005906309415434875
2013,all,lit_only,municipality,Siglufjörður,51,26.392156862745097,0.008782503874634062,0.012754183485890804,0.10143235759333358,0.0012936869001518659
2013,all,lit_only,municipality,Skriðuhreppur,14,10.0,0.0024108834165662133,0.001326586692440351,0.013712614617057639,1.8190972069551704e-05
2013,all,lit_only,municipality,Skútustaðahreppur,61,11.311475409836065,0.010504563457895643,0.006538177269884587,0.14996875412591626,0.000980522299418976
2013,all,lit_only,municipality,Þórshafnarhreppur,25,10.76,0.004305148958153952,0.0025489415733318172,0.1550303170713061,0.0003951632203098655
2013,all,lit_only,municipality,Tjörneshreppur,4,9.75,0.0006888238333046323,0.0003695491500369549,0.1524953657394028,5.635453279357088e-05
2013,all,lit_only,municipality,Akrahreppur,1,1.0,0.00017220595832615808,9.475619231716793e-06,0.0,0.0
2013,all,lit_only,municipality,Blönduós,12,29.416666666666668,0.002066471499913897,0.003344893588796028,0.05736568048574053,0.00019188209687367492
2013,all,lit_only,municipality,Bólstaðarhlíðarhreppur,8,10.0,0.0013776476666092646,0.0007580495385373434,0.017896048641953044,1.3566091414674357e-05
2013,all,lit_only,municipality,Engihlíðarhreppur,8,21.875,0.0013776476666092646,0.0016582333655504387,0.05937822618077959,9.846295584016931e-05
2013,all,lit_only,municipality,Höfðahreppur,8,17.375,0.0013776476666092646,0.0013171110732086342,0.022361233160755223,2.945222780663081e-05
2013,all,lit_only,municipality,Húnaþing vestra,58,13.948275862068966,0.00998794558291717,0.007665775958458886,0.10801309997316544,0.0008280042249729077
2013,all,lit_only,municipality,Skagahreppur,1,2.0,0.00017220595832615808,1.8951238463433585e-05,0.0,0.0
2013,all,lit_only,municipality,Sveitarfélagið Skagafjörður,170,14.011764705882353,0.029275012915446874,0.0225709250099494,0.29725250360816524,0.006709263967959612
2013,all,lit_only,municipality,Svínavatnshreppur,28,12.714285714285714,0.004821766833132427,0.003373320446491178,0.14968338300028483,0.0005049300163748309
2013,all,lit_only,municipality,Torfalækjarhreppur,11,15.818181818181818,0.0018942655415877389,0.001648757746318722,0.1338608918814277,0.00022070418241863682
2013,all,lit_only,municipality,Vindhælishreppur,7,14.857142857142858,0.0012054417082831067,0.0009854644000985464,0.03655425798653278,3.6022919917746025e-05
2013,all,lit_only,municipality,Biskupstungnahreppur,184,27.559782608695652,0.03168589633201309,0.048050865124035856,0.1989541856567767,0.009559920740856166
2013,all,lit_only,municipality,Djúpárhreppur,9,18.444444444444443,0.0015498536249354228,0.0015729527924649876,0.14014448946564162,0.00022044066605356102
2013,all,lit_only,municipality,Gaulverjabæjarhreppur,1,7.0,0.00017220595832615808,6.632933462201755e-05,0.0,0.0
2013,all,lit_only,municipality,Gnúpverjahreppur,109,8.844036697247706,0.01877044945755123,0.009134496939374988,0.1205500514729172,0.0011011640762208594
2013,all,lit_only,municipality,Grímsnes- og Grafningshreppur,229,9.986899563318778,0.0394351644566902,0.021670741182936305,0.14613969351013578,0.003166955474611789
2013,all,lit_only,municipality,Holta- og Landasveit,22,7.7727272727272725,0.0037885310831754777,0.0016203308886235715,0.07996154679431422,0.00012956416417294646
2013,all,lit_only,municipality,Hraungerðishreppur,49,11.857142857142858,0.008438091957981746,0.005505334773627457,0.3210211453377605,0.0017673288744976866
2013,all,lit_only,municipality,Hrunamannahreppur,152,30.17763157894737,0.026175305665576028,0.04346466541588493,0.17458558761411913,0.0075883041520833526
2013,all,lit_only,municipality,Hveragerði,11,56.81818181818182,0.0018942655415877389,0.005922262019822996,0.003498709699257141,2.0720275570296903e-05
2013,all,lit_only,municipality,Hvolhreppur,27,18.333333333333332,0.004649560874806269,0.004690431519699813,0.09219853986090287,0.00043245093743387843
2013,all,lit_only,municipality,Laugardalshreppur,69,12.942028985507246,0.011882211124504908,0.008461727973923095,0.2021962185720545,0.001710929398912622
2013,all,lit_only,municipality,Mýrdalshreppur,8,10.0,0.0013776476666092646,0.0007580495385373434,0.029576313985671288,2.2420311168473694e-05
2013,all,lit_only,municipality,Ölfushreppur,431,14.707656612529002,0.07422076803857414,0.06006595030985275,0.31888353200557695,0.019154042388077323
2013,all,lit_only,municipality,Rangárvallahreppur,14,12.071428571428571,0.0024108834165662133,0.001601379650160138,0.15236231403141698,0.0002439899091412196
2013,all,lit_only,municipality,Skeiðahreppur,45,9.422222222222222,0.007749268124677114,0.00401766255424792,0.11142335813653315,0.0004476614536537045
2013,all,lit_only,municipality,Sveitarfélagið Árborg,103,21.45631067961165,0.017737213707594283,0.02094111850209411,0.2590761874509129,0.005425345142480314
2013,all,lit_only,municipality,Vestmannaeyjar,12,40.583333333333336,0.002066471499913897,0.0046146265658460785,0.058656008120105074,0.00027067557331752015
2013,all,lit_only,municipality,Vestur-Landeyjahreppur,2,3.0,0.00034441191665231615,5.6853715390300756e-05,0.0,0.0
2013,all,lit_only,municipality,Villingaholtshreppur,76,8.776315789473685,0.013087652832788014,0.006320238027555101,0.08615955833044975,0.0005445489169974604
2013,all,lit_only,municipality,Grindavík,171,15.830409356725147,0.029447218873773034,0.025650501260257356,0.3785961828244546,0.009711181864667297
2013,all,lit_only,municipality,Reykjanesbær,81,27.765432098765434,0.013948682624418805,0.021310667652131066,0.2994003400754086,0.0063804211422820506
2013,all,lit_only,municipality,Sandgerði,88,46.69318181818182,0.015154124332701911,0.0389353194231243,0.07244849968513911,0.002820805476967012
2013,all,lit_only,municipality,Vatnsleysustrandarhreppur,111,15.585585585585585,0.019114861374203547,0.01639282127087005,0.20040537507120026,0.0032852094952638623
2013,all,lit_only,municipality,Bæjarhreppur,8,7.625,0.0013776476666092646,0.0005780127731347244,0.06041165058794995,3.4918705685986954e-05
2013,all,lit_only,municipality,Bolungarvík,49,19.489795918367346,0.008438091957981746,0.009049216366289537,0.21427358109873795,0.001939007996942168
2013,all,lit_only,municipality,Hólmavíkurhreppur,17,14.294117647058824,0.0029275012915446876,0.0023025754733071806,0.11728072630428787,0.00027004772387990555
2013,all,lit_only,municipality,Ísafjarðarbær,151,18.304635761589402,0.02600309970724987,0.026190611556465217,0.27711739908073785,0.007257874154861556
2013,all,lit_only,municipality,Reykhólahreppur,9,4.555555555555555,0.0015498536249354228,0.0003885003885003885,0.13729099253957777,5.3337603939229906e-05
2013,all,lit_only,municipality,Súðavíkurhreppur,23,11.391304347826088,0.003960737041501636,0.0024826122387097997,0.19507664100107558,0.00048429965643566813
2013,all,lit_only,municipality,Vesturbyggð,51,12.568627450980392,0.008782503874634062,0.0060738719275304645,0.14867790643599665,0.0009030505621456011
2013,all,lit_only,municipality,Akranes,7,46.857142857142854,0.0012054417082831067,0.003108003108003108,0.038219594524706135,0.00011878661856940524
2013,all,lit_only,municipality,Borgarbyggð,216,15.273148148148149,0.03719648699845015,0.0312600678454337,0.24619651101218887,0.007696119637550089
2013,all,lit_only,municipality,Borgarfjarðarsveit,103,8.0,0.017737213707594283,0.007807910246934637,0.1215148496611933,0.0009487770398243532
2013,all,lit_only,municipality,Dalabyggð,12,13.083333333333334,0.002066471499913897,0.0014876722193795365,0.051682594163497075,7.688675956250157e-05
2013,all,lit_only,municipality,Eyrarsveit,32,13.21875,0.005510590666437058,0.004008186935016204,0.2711189209987288,0.0010866953169827952
2013,all,lit_only,municipality,Helgafellssveit,17,21.823529411764707,0.0029275012915446876,0.00351545473496693,0.23784788004245128,0.0008361434560970818
2013,all,lit_only,municipality,Hvalfjarðarstrandarhreppur,70,8.342857142857143,0.012054417082831066,0.005533761631322607,0.2785808867601709,0.0015416002223732617
2013,all,lit_only,municipality,Innri-Akraneshreppur,28,18.214285714285715,0.004821766833132427,0.004832565808175564,0.17088012894648408,0.0008257894684434104
2013,all,lit_only,municipality,Leirár- og Melahreppur,47,6.617021276595745,0.00809368004132943,0.0029469175810639225,0.13998923652163686,0.0004125367422653274
2013,all,lit_only,municipality,Skilmannahreppur,51,16.88235294117647,0.008782503874634062,0.008158508158508158,0.12215106077586402,0.0009965704259103125
2013,all,lit_only,municipality,Skorradalshreppur,19,5.0,0.0032719132081970035,0.0009001838270130953,0.1799645586955072,0.0001620011851732445
2013,all,lit_only,municipality,Snæfellsbær,44,12.522727272727273,0.0075770621663509554,0.005221066196675953,0.3226535302755247,0.001684595440159703
2014,all,zeros_included,region,Austurland,22467,0.42082610051569425,0.21982720663776992,0.09090007699265182,4.067692838582716,0.36975359220962734
2014,all,zeros_included,region,Höfuðborgarsvæði,1034,20.175523980212628,0.01011711984971087,0.200568099499589,0.5839156357983586,0.11711484934017097
2014,all,zeros_included,region,Norðurland eystra,21869,0.8855457496913439,0.21397610637652514,0.18619003151727984,3.222752351006536,0.6000443618062946
2014,all,zeros_included,region,Norðurland vestra,12430,0.3671627779689798,0.12162069606567322,0.04387794441707443,3.9115886562228797,0.1716324696402064
2014,all,zeros_included,region,Suðurland,24726,1.049170509449614,0.24193027601929493,0.24941147892259288,3.11318039408548,0.7764629262416801
2014,all,zeros_included,region,Suðurnes,831,13.123956603550596,0.008130876784438813,0.10485334925231023,0.9150748857447022,0.09594866658700714
2014,all,zeros_included,region,Vestfirðir,9235,0.5226276845627368,0.09035938279698248,0.046402973295160445,3.7230772534630745,0.17276185436826635
2014,all,zeros_included,region,Vesturland,9611,0.8419231471825857,0.0940383354696046,0.07779604610334137,3.0418025666776627,0.23664021271451757
2014,all,zeros_included,municipality,Austur-Hérað,1563,1.1158029430582215,0.015293093157735096,0.01676729396706269,3.113207993895803,0.052200073614260434
2014,all,zeros_included,municipality,Borgarfjarðarhreppur,419,0.011933174224343675,0.004099683962310304,4.807137031841367e-05,6.037870919922138,0.00029024872892635813
2014,all,zeros_included,municipality,Breiðdalshreppur,452,0.01592920417279269,0.004422570766024481,6.922277600918156e-05,6.113682179832231,0.0004232060521258514
2014,all,zeros_included,municipality,Búðahreppur,25,17.8,0.00024461121493498235,0.004278351958338817,0.521181540874665,0.002229798066051165
2014,all,zeros_included,municipality,Djúpavogshreppur,1146,0.1256544502617801,0.011212978092619591,0.0013844554651703137,5.242189948247233,0.007257578523311766
2014,all,zeros_included,municipality,Fáskrúðsfjarðarhr.,219,1.7054794520547945,0.0021427942428304454,0.003590931362785501,2.197206362474774,0.007890017237522515
2014,all,zeros_included,municipality,Fellahreppur,336,1.4791666666666667,0.0032875747287261625,0.0047782942096503194,3.0263656425549073,0.014460865426104781
2014,all,zeros_included,municipality,Fjarðabyggð,635,6.425196850393701,0.006213124859348551,0.039226238179825554,1.4455201326958602,0.05670231701886085
2014,all,zeros_included,municipality,Fljótsdalshreppur,1531,0.013716525146962769,0.014979990802618318,0.00020189975533733742,5.824947788701165,0.0011760555333915298
2014,all,zeros_included,municipality,Mjóafjarðarhreppur,187,0.7005347593582888,0.0018296918877136678,0.0012594699023424382,3.2400234688605094,0.004080712041912953
2014,all,zeros_included,municipality,Norður-Hérað,6977,0.006736419664612298,0.06826609786405487,0.00045187088099308853,6.9853932228439355,0.0031564957896896392
2014,all,zeros_included,municipality,Seyðisfjörður,208,5.466346153846154,0.002035165308259053,0.01093142961040727,1.4432789716597247,0.01577710248687927
2014,all,zeros_included,municipality,Skeggjastaðahreppur,589,0.0933786078098472,0.005763040223868184,0.0005287850735025504,3.9393497967499167,0.002083069371826662
2014,all,zeros_included,municipality,Stöðvarhreppur,85,1.1294117647058823,0.00083167813077894,0.0009229703101135425,2.169203704391941,0.0020021106157420755
2014,all,zeros_included,municipality,Sveitarfélagið Hornafjörður,6214,0.068072095268748,0.06080056358423921,0.004066837928937797,5.765639429797222,0.023447921117678634
2014,all,zeros_included,municipality,Vopnafjarðarhreppur,1881,0.13237639553429026,0.018404547811708073,0.002393954241857001,5.1267370489921404,0.012273173905320177
2014,all,zeros_included,municipality,Bessastaðahreppur,6,61.5,5.870669158439576e-05,0.003547667129498929,0.0003900327679842164,1.3837064304050867e-06
2014,all,zeros_included,municipality,Garðabær,36,51.05555555555556,0.0003522401495063746,0.017671035729048865,0.043037568491955724,0.0007605184105127373
2014,all,zeros_included,municipality,Hafnarfjörður,143,22.736053733558922,0.001399176149428099,0.03125846319611051,0.540945351906903,0.016909120373688975
2014,all,zeros_included,municipality,Kjósarhreppur,273,1.4871794871794872,0.002671154467090007,0.0039033952698551903,1.4705475849316618,0.005740128487119222
2014,all,zeros_included,municipality,Kópavogur,107,22.46728971962617,0.0010469359999217243,0.023112714849093295,0.2780584902440877,0.006426686596380989
2014,all,zeros_included,municipality,Mosfellsbær,198,22.217171717171716,0.0019373208222850601,0.04229319160614035,0.3291095491426441,0.01391909322130031
2014,all,zeros_included,municipality,Reykjavík,271,30.237033622291257,0.0026515855698952084,0.07878163171984186,0.2665909281498373,0.021002468321351307
2014,all,zeros_included,municipality,Aðaldælahreppur,561,3.727272727272727,0.005489075663141003,0.020103447067160597,1.5496804300012221,0.03115391849554424
2014,all,zeros_included,municipality,Akureyri,117,25.4017094017094,0.0011447804858957173,0.02857362251726509,0.5768252725217327,0.01648198759545455
2014,all,zeros_included,municipality,Arnarneshreppur,77,2.038961038961039,0.0007534025419997456,0.0015094410279981893,1.5302137061747794,0.0023097673497053783
2014,all,zeros_included,municipality,Bárðdælahreppur,3151,0.0031735956839098697,0.030830797530405175,9.614274063682734e-05,6.775620915923607,0.0006514267643731059
2014,all,zeros_included,municipality,Dalvíkurbyggð,575,2.4278260869565216,0.005626057943504594,0.013421526592901098,1.987087875494733,0.026669752763383903
2014,all,zeros_included,municipality,Eyjafjarðarsveit,1796,1.3073496659242763,0.01757286968092913,0.02257431550152706,2.688328021250193,0.0606871649232978
2014,all,zeros_included,municipality,Glæsibæjarhreppur,120,14.5,0.0011741338316879153,0.016728836870807957,0.5976293849586685,0.009997644490174856
2014,all,zeros_included,municipality,Grímseyjarhreppur,5,1.2,4.892224298699647e-05,5.768564438209641e-05,1.1588767035677956,6.685054940470802e-05
2014,all,zeros_included,municipality,Grýtubakkahreppur,490,2.3102040816326532,0.004794379812725654,0.010883358240088856,2.334198090909519,0.025403914026699788
2014,all,zeros_included,municipality,Hálshreppur,1471,0.38885112168592795,0.01439292388677436,0.005499364764426524,3.2703930749085415,0.017985084441976548
2014,all,zeros_included,municipality,Hríseyjarhreppur,7,7.714285714285714,6.849114018179505e-05,0.0005191707994388676,0.16265716476276548,8.444685026434457e-05
2014,all,zeros_included,municipality,Húsavík,66,15.303030303030303,0.0006457736074283534,0.009710416804319562,0.5864438349501828,0.005694614069689863
2014,all,zeros_included,municipality,Kelduneshreppur,720,0.0,0.0070448029901274915,0.0,0.0,0.0
2014,all,zeros_included,municipality,Ljósavatnshreppur,401,0.40399002493765584,0.003923563887557117,0.001557512398316603,2.706099554577898,0.004214783607334113
2014,all,zeros_included,municipality,Ólafsfjörður,202,3.8415841584158414,0.0019764586166746575,0.007460676673417802,1.7953791278710542,0.013394743179248771
2014,all,zeros_included,municipality,Öxarfjarðarhreppur,2684,0.06184798807749627,0.026261460035419702,0.001595969494571334,4.768557151642716,0.007610471747141745
2014,all,zeros_included,municipality,Öxnadalshreppur,289,0.1695501730103806,0.0028277056446483957,0.000471099429120454,3.5793868597493015,0.0016862471062291506
2014,all,zeros_included,municipality,Reykdælahreppur,390,1.0974358974358975,0.0038159349529857246,0.00411490929925621,2.1120267554341736,0.008690798536214002
2014,all,zeros_included,municipality,Reykjahreppur,191,10.329842931937172,0.0018688296821032652,0.018968962727646036,0.8057808902949004,0.015284827674653405
2014,all,zeros_included,municipality,Siglufjörður,137,9.824817518248175,0.0013404694578437032,0.012940812889716961,1.0895876506971325,0.014100149914617874
2014,all,zeros_included,municipality,Skriðuhreppur,403,0.13647642679900746,0.003943132784751916,0.0005287850735025504,4.403303094992233,0.002328400950739476
2014,all,zeros_included,municipality,Skútustaðahreppur,6033,0.10425990386209183,0.05902957838810994,0.00604737838605644,4.8637478235163005,0.02941292346316153
2014,all,zeros_included,municipality,Svalbarðshreppur,1098,0.0,0.010743324559944424,0.0,0.0,0.0
2014,all,zeros_included,municipality,Þórshafnarhreppur,709,0.35966149506346967,0.006937174055556099,0.002451639886239097,3.530359078532139,0.008655169129675696
2014,all,zeros_included,municipality,Tjörneshreppur,176,0.2215909090909091,0.0017220629531422757,0.00037495668848362663,3.936684999657664,0.0014760863710748045
2014,all,zeros_included,municipality,Akrahreppur,1359,0.0007358351729212656,0.01329706564386564,9.614274063682735e-06,7.214504414151143,6.936222267129794e-05
2014,all,zeros_included,municipality,Áshreppur,1150,0.0,0.011252115887009188,0.0,0.0,0.0
2014,all,zeros_included,municipality,Blönduós,15,23.533333333333335,0.00014676672896098941,0.003393838744480005,0.28050923179995024,0.0009520030990669939
2014,all,zeros_included,municipality,Bólstaðarhlíðarhreppur,1340,0.061567164179104475,0.013111161120515054,0.0007931776102538256,5.057954849315303,0.004011856540151661
2014,all,zeros_included,municipality,Engihlíðarhreppur,166,1.0542168674698795,0.0016242184671682828,0.0016824979611444785,3.091924472857487,0.005202156621595439
2014,all,zeros_included,municipality,Höfðahreppur,48,2.8958333333333335,0.00046965353267516607,0.0013363840948519001,1.8141207023888102,0.0024243620528139635
2014,all,zeros_included,municipality,Húnaþing vestra,2461,0.329134498171475,0.02407952799819966,0.007787561991583015,3.8512709338931606,0.0299920111440748
2014,all,zeros_included,municipality,Skagahreppur,272,0.007352941176470588,0.0026613700184926078,1.922854812736547e-05,5.605802066295998,0.00010779143482425738
2014,all,zeros_included,municipality,Sveinsstaðahreppur,118,0.0,0.0011545649344931166,0.0,0.0,0.0
2014,all,zeros_included,municipality,Sveitarfélagið Skagafjörður,4110,0.5686131386861314,0.040214083735311094,0.02246855848682655,3.5040469474121507,0.07873088377851595
2014,all,zeros_included,municipality,Svínavatnshreppur,979,0.39462035766539216,0.009578975176853908,0.003714314516039809,3.6451974984173177,0.01353940998220344
2014,all,zeros_included,municipality,Torfalækjarhreppur,187,0.93048128342246,0.0018296918877136678,0.0016728836870807957,2.967074235937644,0.004963570087657801
2014,all,zeros_included,municipality,Vindhælishreppur,225,0.4622222222222222,0.002201500934414841,0.0009998845026230043,3.50674451113564,0.00350633949134281
2014,all,zeros_included,municipality,Ásahreppur,137,0.0,0.0013404694578437032,0.0,0.0,0.0
2014,all,zeros_included,municipality,Austur-Eyjafjallahreppur,282,0.0,0.0027592145044666007,0.0,0.0,0.0
2014,all,zeros_included,municipality,Austur-Landeyjahreppur,200,0.0,0.001956889719479859,0.0,0.0,0.0
2014,all,zeros_included,municipality,Biskupstungnahreppur,1989,2.548014077425842,0.019461268260227194,0.048725140954744096,2.5814280452584213,0.1257804453697461
2014,all,zeros_included,municipality,Djúpárhreppur,120,1.3833333333333333,0.0011741338316879153,0.001595969494571334,2.730411654911468,0.004357653708860735
2014,all,zeros_included,municipality,Fljótshlíðarhreppur,414,0.0,0.0040507617193233075,0.0,0.0,0.0
2014,all,zeros_included,municipality,Gaulverjabæjarhreppur,84,0.08333333333333333,0.0008218936821815406,6.729991844577914e-05,4.430816798843313,0.0002981936092103432
2014,all,zeros_included,municipality,Gnúpverjahreppur,1127,0.7622005323868678,0.011027073569269004,0.008258661420703469,2.5495954893124253,0.021056245905984112
2014,all,zeros_included,municipality,Grímsnes- og Grafningshreppur,889,2.8192971463412615,0.008698374803087971,0.024096785438944467,1.4740855405348587,0.035520722988918965
2014,all,zeros_included,municipality,Holta- og Landasveit,1604,0.10037406483790523,0.015694255550228468,0.0015478981242529203,4.449831587696357,0.006887885967836585
2014,all,zeros_included,municipality,Hraungerðishreppur,98,5.928571428571429,0.0009588759625451307,0.005585893230999669,1.014168325897706,0.005665035986726261
2014,all,zeros_included,municipality,Hrunamannahreppur,1212,3.809710146176933,0.011858751700047944,0.04439264810762787,2.249766081156939,0.09987307396527696
2014,all,zeros_included,municipality,Hveragerði,11,56.81818181818182,0.00010762893457139223,0.006008921289801709,0.003498709699257141,2.102347119870197e-05
2014,all,zeros_included,municipality,Hvolhreppur,238,2.0798319327731094,0.002328698766181032,0.004759065661522953,2.2686323475280483,0.010796570303740942
2014,all,zeros_included,municipality,Laugardalshreppur,649,1.3759630200308166,0.006350107139712142,0.008585546738868683,2.4435224306788847,0.020978976036067576
2014,all,zeros_included,municipality,Mýrdalshreppur,764,0.10471204188481675,0.007475318728413061,0.0007691419250946187,4.588702561472356,0.003529363521817456
2014,all,zeros_included,municipality,Ölfushreppur,739,8.592720031738281,0.007230707513478078,0.06105083358450742,0.8561443589510924,0.05226832678263793
2014,all,zeros_included,municipality,Rangárvallahreppur,1446,0.11687413554633472,0.014148312671839379,0.0016248123167623822,4.789861387134868,0.007782625777401283
2014,all,zeros_included,municipality,Skaftárhreppur,6922,0.0,0.06772795319119791,0.0,0.0,0.0
2014,all,zeros_included,municipality,Skeiðahreppur,1280,0.35595703125,0.012524094204671096,0.004380503620265446,3.317635762411019,0.01453291546796358
2014,all,zeros_included,municipality,Sveitarfélagið Árborg,149,14.832214765100671,0.0014578828410124946,0.021247545680738843,0.6282935051667367,0.013349694951941764
2014,all,zeros_included,municipality,Þingvallahreppur,647,0.0,0.006330538242517343,0.0,0.0,0.0
2014,all,zeros_included,municipality,Uten navn - sysla,123,0.0,0.0012034871774801131,0.0,0.0,0.0
2014,all,zeros_included,municipality,Vestmannaeyjar,15,32.56140352884928,0.00014676672896098941,0.004695813861367847,0.2706173107037788,0.0012707685187288939
2014,all,zeros_included,municipality,Vestur-Eyjafjallahreppur,469,0.0,0.0045889063921802685,0.0,0.0,0.0
2014,all,zeros_included,municipality,Vestur-Landeyjahreppur,186,0.03225806451612903,0.0018199074391162687,5.768564438209641e-05,4.532599493153256,0.00026146592248850914
2014,all,zeros_included,municipality,Villingaholtshreppur,2932,0.06957708049113233,0.028688003287574728,0.001961311908991278,4.8372750309856185,0.009487405125338246
2014,all,zeros_included,municipality,Grindavík,456,6.246700085830271,0.004461708560414078,0.02738621389817402,1.253896823067015,0.03433948660275414
2014,all,zeros_included,municipality,Reykjanesbær,132,16.65909090909091,0.0012915472148567067,0.021141788666038334,0.8478365274289277,0.017924780686250204
2014,all,zeros_included,municipality,Sandgerði,88,46.765043285760015,0.0008610314765711379,0.0395658509619369,0.06974309230869169,0.002759444795910303
2014,all,zeros_included,municipality,Vatnsleysustrandarhreppur,155,11.246379930742325,0.0015165895325968905,0.016759495726160985,0.508653627800046,0.00852477830121115
2014,all,zeros_included,municipality,Árneshreppur,682,0.0,0.006672993943426318,0.0,0.0,0.0
2014,all,zeros_included,municipality,Bæjarhreppur,497,0.11670020120724346,0.004862870952907449,0.0005576278956935986,4.2913650412737026,0.0023929848576185278
2014,all,zeros_included,municipality,Bolungarvík,85,10.8,0.00083167813077894,0.008825903590460751,0.8516485222285115,0.007516567750147213
2014,all,zeros_included,municipality,Broddaneshreppur,284,0.0,0.0027787834016613994,0.0,0.0,0.0
2014,all,zeros_included,municipality,Hólmavíkurhreppur,1327,0.1838733986435569,0.012983963288748863,0.002345882871538587,4.4649364933798035,0.010474218042327243
2014,all,zeros_included,municipality,Ísafjarðarbær,2337,1.1513336186333503,0.02286625637212215,0.025868806748113083,3.075761204143535,0.0795662721933327
2014,all,zeros_included,municipality,Kaldrananeshreppur,471,0.0,0.004608475289375067,0.0,0.0,0.0
2014,all,zeros_included,municipality,Kirkjubólshreppur,159,0.0,0.0015557273269864876,0.0,0.0,0.0
2014,all,zeros_included,municipality,Reykhólahreppur,1149,0.034812880765883375,0.011242331438411789,0.00038457096254730937,5.052747267690178,0.001943139880243899
2014,all,zeros_included,municipality,Súðavíkurhreppur,733,0.3219645293315143,0.007172000821893682,0.002268968679029125,3.7846503060127388,0.008587253005420898
2014,all,zeros_included,municipality,Vesturbyggð,1511,0.4234281933757345,0.014784301830670333,0.006151212547777991,3.5511123656249177,0.02184364694200158
2014,all,zeros_included,municipality,Akranes,7,46.857142857142854,6.849114018179505e-05,0.003153481892887937,0.038219594524706135,0.00012052479928717974
2014,all,zeros_included,municipality,Borgarbyggð,1847,1.7639415268002165,0.018071876559396495,0.03132330489947835,2.417416459219144,0.07572147282113861
2014,all,zeros_included,municipality,Borgarfjarðarsveit,1259,0.6424600027022237,0.012318620784125711,0.007776574255035313,2.6591396158803176,0.020678996677399367
2014,all,zeros_included,municipality,Dalabyggð,2172,0.06813996316758748,0.021251822353551265,0.0014229125614250446,5.335106228307355,0.007591389668795527
2014,all,zeros_included,municipality,Eyja- og Miklaholtshreppur,405,0.0,0.003962701681946714,0.0,0.0,0.0
2014,all,zeros_included,municipality,Eyrarsveit,141,3.013362059356473,0.0013796072522333004,0.004084951705537671,1.7504629026713086,0.007150556419747584
2014,all,zeros_included,municipality,Helgafellssveit,246,1.630081304689733,0.0024069743549602262,0.0038553239087056627,2.657414055822603,0.010245191944743366
2014,all,zeros_included,municipality,Hvalfjarðarstrandarhreppur,291,1.6190354488149952,0.0028472745418431943,0.004529662502403958,2.095557159430995,0.00949216668671873
2014,all,zeros_included,municipality,Hvítársíðuhreppur,1477,0.0,0.014451630578358757,0.0,0.0,0.0
2014,all,zeros_included,municipality,Innri-Akraneshreppur,28,18.214285714285715,0.0002739645607271802,0.004903279772478194,0.17088012894648408,0.0008378730797817609
2014,all,zeros_included,municipality,Kolbeinsstaðahreppur,391,0.0,0.003825719401583124,0.0,0.0,0.0
2014,all,zeros_included,municipality,Leirár- og Melahreppur,136,2.2404411768212036,0.0013306850092463039,0.0029294693076625735,1.193498366046727,0.0034963168320793184
2014,all,zeros_included,municipality,Saurbæjarhreppur,255,0.0,0.00249503439233682,0.0,0.0,0.0
2014,all,zeros_included,municipality,Skilmannahreppur,52,16.557692307692307,0.0005087913270647633,0.008277889968830835,0.14156914663296583,0.0011718938188089694
2014,all,zeros_included,municipality,Skorradalshreppur,207,0.14009661835748793,0.0020253808596616537,0.0002788139478467993,4.310486486221659,0.0012018237543637389
2014,all,zeros_included,municipality,Snæfellsbær,697,0.7849969256728075,0.0068197606723873075,0.00526038138104903,3.102511095188712,0.016320391599628732
2014,all,lit_only,region,Austurland,511,18.5023483371548,0.0900916784203103,0.09090007699265183,0.2842595838689439,0.02583921805958617
2014,all,lit_only,region,Höfuðborgarsvæði,768,27.163400775442522,0.13540197461212977,0.20056809949958904,0.2865153138776564,0.05746583198196977
2014,all,lit_only,region,Norðurland eystra,1150,16.84,0.20275035260930888,0.18619003151727986,0.27744418447550867,0.05165734145178097
2014,all,lit_only,region,Norðurland vestra,326,13.999488742804965,0.057475317348378,0.04387794441707444,0.2706178530848309,0.011874155115924226
2014,all,lit_only,region,Suðurland,1517,17.10071853437782,0.26745416078984485,0.2494114789225929,0.3220597728671404,0.08032540425226785
2014,all,lit_only,region,Suðurnes,501,21.768478917266556,0.08832863187588152,0.10485334925231025,0.40905119197411866,0.042890387494136074
2014,all,lit_only,region,Vestfirðir,289,16.70057670220372,0.050952045133991535,0.04640297329516045,0.2587480489421661,0.012006678805238202
2014,all,lit_only,region,Vesturland,610,13.26512027470792,0.10754583921015515,0.07779604610334137,0.28459796902173506,0.02214059671893222
2014,all,lit_only,municipality,Austur-Hérað,104,16.76923076923077,0.018335684062059238,0.016767293967062693,0.4032365626156995,0.0067611859836453165
2014,all,lit_only,municipality,Borgarfjarðarhreppur,1,5.0,0.0001763046544428773,4.807137031841368e-05,0.0,0.0
2014,all,lit_only,municipality,Breiðdalshreppur,1,7.200000286102295,0.0001763046544428773,6.922277600918158e-05,0.0,0.0
2014,all,lit_only,municipality,Búðahreppur,17,26.176470588235293,0.002997179125528914,0.004278351958338818,0.13551906006268055,0.0005797982360114052
2014,all,lit_only,municipality,Djúpavogshreppur,8,18.0,0.0014104372355430183,0.0013844554651703139,0.2775985926523852,0.0003843228887211824
2014,all,lit_only,municipality,Fáskrúðsfjarðarhr.,31,12.048387096774194,0.005465444287729196,0.0035909313627855016,0.2421218371434195,0.0008694428986135487
2014,all,lit_only,municipality,Fellahreppur,21,23.666666666666668,0.003702397743300423,0.0047782942096503194,0.2537769203151261,0.0012126207888846577
2014,all,lit_only,municipality,Fjarðabyggð,174,23.448275862068964,0.03067700987306065,0.03922623817982556,0.15095043301769762,0.005921217638900011
2014,all,lit_only,municipality,Fljótsdalshreppur,6,3.5,0.0010578279266572638,0.00020189975533733745,0.2830308622715365,5.7143861845538876e-05
2014,all,lit_only,municipality,Mjóafjarðarhreppur,10,13.1,0.001763046544428773,0.0012594699023424384,0.31149994499996847,0.00039232480530878525
2014,all,lit_only,municipality,Norður-Hérað,7,6.714285714285714,0.001234132581100141,0.0004518708809930886,0.08092906796001231,3.65694892370403e-05
2014,all,lit_only,municipality,Seyðisfjörður,71,16.014084507042252,0.012517630465444287,0.010931429610407271,0.36842076899972254,0.004027365703332584
2014,all,lit_only,municipality,Skeggjastaðahreppur,13,4.230769230769231,0.0022919605077574047,0.0005287850735025504,0.12587297055986668,6.655974798948347e-05
2014,all,lit_only,municipality,Stöðvarhreppur,11,8.727272727272727,0.0019393511988716502,0.0009229703101135427,0.12444772069999566,0.00011486155136739854
2014,all,lit_only,municipality,Sveitarfélagið Hornafjörður,24,17.625,0.004231311706629055,0.004066837928937798,0.2091331701921746,0.0008505107087365393
2014,all,lit_only,municipality,Vopnafjarðarhreppur,12,20.75,0.0021156558533145277,0.0023939542418570012,0.07208486947910986,0.00017256787906322333
2014,all,lit_only,municipality,Bessastaðahreppur,6,61.5,0.0010578279266572638,0.0035476671294989294,0.0003900327679842164,1.3837064304050867e-06
2014,all,lit_only,municipality,Garðabær,36,51.05555555555556,0.006346967559943582,0.017671035729048868,0.043037568491955724,0.0007605184105127374
2014,all,lit_only,municipality,Hafnarfjörður,99,32.84096650402955,0.017454160789844853,0.03125846319611052,0.17322057178158534,0.005414608867843906
2014,all,lit_only,municipality,Kjósarhreppur,66,6.151515151515151,0.0116361071932299,0.0039033952698551908,0.050730531773127696,0.00019802131776046512
2014,all,lit_only,municipality,Kópavogur,107,22.46728971962617,0.01886459802538787,0.023112714849093295,0.2780584902440877,0.006426686596380989
2014,all,lit_only,municipality,Mosfellsbær,188,23.398936170212767,0.03314527503526093,0.042293191606140354,0.27728448127805816,0.011727245696102152
2014,all,lit_only,municipality,Reykjavík,266,30.805398915943346,0.04689703808180536,0.07878163171984187,0.2479684160518354,0.01953535643154822
2014,all,lit_only,municipality,Aðaldælahreppur,143,14.622377622377622,0.02521156558533145,0.0201034470671606,0.18280415473843314,0.0036749936484411264
2014,all,lit_only,municipality,Akureyri,74,40.16216216216216,0.01304654442877292,0.028573622517265092,0.1187164309281461,0.0033921584839378214
2014,all,lit_only,municipality,Arnarneshreppur,18,8.722222222222221,0.003173483779971791,0.0015094410279981895,0.0767800422172602,0.00011589494585416563
2014,all,lit_only,municipality,Bárðdælahreppur,4,2.5,0.0007052186177715092,9.614274063682736e-05,0.1064401352862232,1.0233446320172173e-05
2014,all,lit_only,municipality,Dalvíkurbyggð,105,13.295238095238096,0.018511988716502115,0.0134215265929011,0.2866781848549058,0.0038476588816347356
2014,all,lit_only,municipality,Eyjafjarðarsveit,140,16.771428571428572,0.02468265162200282,0.022574315501527064,0.1366531949973524,0.003084852338161933
2014,all,lit_only,municipality,Glæsibæjarhreppur,79,22.025316455696203,0.013928067700987305,0.01672883687080796,0.17958549464364415,0.00300425644425688
2014,all,lit_only,municipality,Grímseyjarhreppur,2,3.0,0.0003526093088857546,5.7685644382096416e-05,0.2425859716936405,1.3993728095204653e-05
2014,all,lit_only,municipality,Grýtubakkahreppur,58,19.517241379310345,0.010225669957686883,0.010883358240088858,0.20023571035126597,0.0021792369682114964
2014,all,lit_only,municipality,Hálshreppur,62,9.225806451612904,0.010930888575458392,0.005499364764426525,0.1038297393521952,0.0005709976100930524
2014,all,lit_only,municipality,Hríseyjarhreppur,6,9.0,0.0010578279266572638,0.0005191707994388678,0.008506484935506986,4.4163185843818476e-06
2014,all,lit_only,municipality,Húsavík,46,21.956521739130434,0.008110014104372355,0.009710416804319564,0.22543048941285226,0.0021890240126005442
2014,all,lit_only,municipality,Ljósavatnshreppur,30,5.4,0.005289139633286318,0.0015575123983166033,0.11333550893348376,0.0001765214603334231
2014,all,lit_only,municipality,Ólafsfjörður,38,20.42105263157895,0.006699576868829337,0.007460676673417803,0.12469759019623528,0.000930328402408465
2014,all,lit_only,municipality,Öxarfjarðarhreppur,26,6.384615384615385,0.004583921015514809,0.0015959694945713342,0.13159019157262497,0.0002100139315347073
2014,all,lit_only,municipality,Öxnadalshreppur,9,5.444444444444445,0.0015867418899858955,0.00047109942912045407,0.11018474897308872,5.190797233900263e-05
2014,all,lit_only,municipality,Reykdælahreppur,51,8.392156862745098,0.008991537376586742,0.004114909299256211,0.07770564903480759,0.0003197516978180692
2014,all,lit_only,municipality,Reykjahreppur,117,16.863247863247864,0.020627644569816642,0.018968962727646036,0.3156813970460268,0.005988148654377312
2014,all,lit_only,municipality,Siglufjörður,51,26.392156862745097,0.008991537376586742,0.012940812889716963,0.10143235759333358,0.0013126171605781914
2014,all,lit_only,municipality,Skriðuhreppur,5,11.0,0.0008815232722143865,0.0005287850735025504,0.013804445479649985,7.299584717618668e-06
2014,all,lit_only,municipality,Skútustaðahreppur,56,11.232142857142858,0.009873060648801129,0.006047378386056441,0.184099835810688,0.0011133213679580941
2014,all,lit_only,municipality,Þórshafnarhreppur,26,9.807692307692308,0.004583921015514809,0.0024516398862390975,0.2246000900214935,0.0005506385391495854
2014,all,lit_only,municipality,Tjörneshreppur,4,9.75,0.0007052186177715092,0.0003749566884836267,0.1524953657394028,5.717915734674598e-05
2014,all,lit_only,municipality,Akrahreppur,1,1.0,0.0001763046544428773,9.614274063682737e-06,0.0,0.0
2014,all,lit_only,municipality,Blönduós,12,29.416666666666668,0.0021156558533145277,0.0033938387444800056,0.05736568048574053,0.0001946898690359668
2014,all,lit_only,municipality,Bólstaðarhlíðarhreppur,10,8.25,0.001763046544428773,0.0007931776102538257,0.16011504936439147,0.00012699967222052136
2014,all,lit_only,municipality,Engihlíðarhreppur,8,21.875,0.0014104372355430183,0.0016824979611444787,0.05937822618077959,9.990374448553737e-05
2014,all,lit_only,municipality,Höfðahreppur,8,17.375,0.0014104372355430183,0.0013363840948519003,0.022361233160755223,2.988319633730817e-05
2014,all,lit_only,municipality,Húnaþing vestra,59,13.728813559322035,0.01040197461212976,0.007787561991583016,0.12048532740782436,0.0009382869562646085
2014,all,lit_only,municipality,Skagahreppur,1,2.0,0.0001763046544428773,1.9228548127365473e-05,0.0,0.0
2014,all,lit_only,municipality,Sveitarfélagið Skagafjörður,175,13.354285714285714,0.030853314527503527,0.022468558486826554,0.34765461384538465,0.0078112980244001255
2014,all,lit_only,municipality,Svínavatnshreppur,34,11.362745004541734,0.005994358251057828,0.0037143145160398097,0.2850263805029689,0.0010586776225564637
2014,all,lit_only,municipality,Torfalækjarhreppur,11,15.818181818181818,0.0019393511988716502,0.0016728836870807961,0.1338608918814277,0.00022393370236652656
2014,all,lit_only,municipality,Vindhælishreppur,7,14.857142857142858,0.001234132581100141,0.0009998845026230046,0.03655425798653278,3.655003606561732e-05
2014,all,lit_only,municipality,Biskupstungnahreppur,183,27.693989071038253,0.03226375176304654,0.0487251409547441,0.19552691924586973,0.00952707670070187
2014,all,lit_only,municipality,Djúpárhreppur,9,18.444444444444443,0.0015867418899858955,0.0015959694945713342,0.14014448946564162,0.00022366633001943772
2014,all,lit_only,municipality,Gaulverjabæjarhreppur,1,7.0,0.0001763046544428773,6.729991844577915e-05,0.0,0.0
2014,all,lit_only,municipality,Gnúpverjahreppur,100,8.59,0.01763046544428773,0.00825866142070347,0.12745116126074052,0.0010525759885279345
2014,all,lit_only,municipality,Grímsnes- og Grafningshreppur,241,10.39981395476092,0.04248942172073343,0.02409678543894447,0.16878523851160887,0.004067181677675306
2014,all,lit_only,municipality,Holta- og Landasveit,20,8.05,0.003526093088857546,0.0015478981242529205,0.06530807282388773,0.00010109024342266895
2014,all,lit_only,municipality,Hraungerðishreppur,49,11.857142857142858,0.008638928067700988,0.00558589323099967,0.3210211453377605,0.0017931898427499574
2014,all,lit_only,municipality,Hrunamannahreppur,152,30.377425639252913,0.02679830747531735,0.04439264810762788,0.17361943537395597,0.0077074264992010675
2014,all,lit_only,municipality,Hveragerði,11,56.81818181818182,0.0019393511988716502,0.00600892128980171,0.003498709699257141,2.1023471198701973e-05
2014,all,lit_only,municipality,Hvolhreppur,27,18.333333333333332,0.004760225669957687,0.004759065661522954,0.09219853986090287,0.0004387789050945782
2014,all,lit_only,municipality,Laugardalshreppur,69,12.942028985507246,0.012165021156558533,0.008585546738868683,0.2021962185720545,0.001735965084972882
2014,all,lit_only,municipality,Mýrdalshreppur,8,10.0,0.0014104372355430183,0.0007691419250946188,0.029576313985671288,2.2748383076142113e-05
2014,all,lit_only,municipality,Ölfushreppur,433,14.665173449086813,0.07633991537376587,0.06105083358450743,0.3215841660053802,0.019632981402207077
2014,all,lit_only,municipality,Rangárvallahreppur,14,12.071428571428571,0.002468265162200282,0.0016248123167623824,0.15236231403141698,0.0002475601644486643
2014,all,lit_only,municipality,Skeiðahreppur,56,8.136160714285714,0.009873060648801129,0.004380503620265447,0.18837209623250528,0.0008251646495034805
2014,all,lit_only,municipality,Sveitarfélagið Árborg,103,21.45631067961165,0.01815937940761636,0.021247545680738847,0.2590761874509129,0.005504733127654932
2014,all,lit_only,municipality,Vestmannaeyjar,13,37.57085022559533,0.0022919605077574047,0.004695813861367848,0.1275164670631055,0.0005987935935875873
2014,all,lit_only,municipality,Vestur-Landeyjahreppur,2,3.0,0.0003526093088857546,5.7685644382096416e-05,0.0,0.0
2014,all,lit_only,municipality,Villingaholtshreppur,26,7.846153846153846,0.004583921015514809,0.001961311908991278,0.11193150600055812,0.00021953259571022332
2014,all,lit_only,municipality,Grindavík,216,13.187477958975014,0.0380818053596615,0.027386213898174024,0.506682421236794,0.013876113166435552
2014,all,lit_only,municipality,Reykjanesbær,77,28.558441558441558,0.013575458392101551,0.021141788666038337,0.3088400266962408,0.006529430576025561
2014,all,lit_only,municipality,Sandgerði,88,46.765043285760015,0.015514809590973202,0.0395658509619369,0.06974309230869169,0.002759444795910303
2014,all,lit_only,municipality,Vatnsleysustrandarhreppur,120,14.526574077208837,0.021156558533145273,0.016759495726160988,0.25272025366284545,0.0042354640111767795
2014,all,lit_only,municipality,Bæjarhreppur,7,8.285714285714286,0.001234132581100141,0.0005576278956935987,0.028685164232387095,1.59956477685313e-05
2014,all,lit_only,municipality,Bolungarvík,44,20.863636363636363,0.007757404795486601,0.008825903590460751,0.1931868996564563,0.0017050489513078986
2014,all,lit_only,municipality,Hólmavíkurhreppur,17,14.352941176470589,0.002997179125528914,0.0023458828715385875,0.1074738031038116,0.0002521209538403423
2014,all,lit_only,municipality,Ísafjarðarbær,141,19.082742317348508,0.024858956276445698,0.02586880674811309,0.26789775998284515,0.006930195381248606
2014,all,lit_only,municipality,Reykhólahreppur,8,5.0,0.0014104372355430183,0.0003845709625473094,0.08554153152125754,3.2896789114901025e-05
2014,all,lit_only,municipality,Súðavíkurhreppur,20,11.8,0.003526093088857546,0.0022689686790291256,0.18323687768007835,0.00041575873629918884
2014,all,lit_only,municipality,Vesturbyggð,52,12.303846157514132,0.009167842031029619,0.006151212547777992,0.18182912193360545,0.0011184695763894483
2014,all,lit_only,municipality,Akranes,7,46.857142857142854,0.001234132581100141,0.0031534818928879373,0.038219594524706135,0.00012052479928717975
2014,all,lit_only,municipality,Borgarbyggð,210,15.514285714285714,0.03702397743300423,0.031323304899478356,0.2432060097373725,0.007618015996389221
2014,all,lit_only,municipality,Borgarfjarðarsveit,98,8.253644320429588,0.017277856135401976,0.007776574255035314,0.10603406050654218,0.0008245817450920327
2014,all,lit_only,municipality,Dalabyggð,11,13.454545454545455,0.0019393511988716502,0.0014229125614250448,0.049597820051900054,7.057336117114756e-05
2014,all,lit_only,municipality,Eyrarsveit,32,13.27762657403946,0.005641748942172073,0.0040849517055376715,0.26743891509286666,0.0010924750523357502
2014,all,lit_only,municipality,Helgafellssveit,30,13.366666698455811,0.005289139633286318,0.003855323908705663,0.5532799015523957,0.0021330732326612666
2014,all,lit_only,municipality,Hvalfjarðarstrandarhreppur,46,10.24215903489486,0.008110014104372355,0.004529662502403959,0.25087528874859766,0.0011363803882242886
2014,all,lit_only,municipality,Innri-Akraneshreppur,28,18.214285714285715,0.004936530324400564,0.004903279772478195,0.17088012894648408,0.0008378730797817611
2014,all,lit_only,municipality,Leirár- og Melahreppur,51,5.9745098048565435,0.008991537376586742,0.002929469307662574,0.2126691130350009,0.0006230076393238578
2014,all,lit_only,municipality,Skilmannahreppur,51,16.88235294117647,0.008991537376586742,0.008277889968830835,0.12215106077586402,0.0010111530406785704
2014,all,lit_only,municipality,Skorradalshreppur,3,9.666666666666666,0.0005289139633286319,0.00027881394784679935,0.07637998162440018,2.1295804213165007e-05
2014,all,lit_only,municipality,Snæfellsbær,43,12.724252492882485,0.007581100141043724,0.00526038138104903,0.31692580012175053,0.0016671505781345227
2015,all,zeros_included,region,Austurland,22467,0.3841729775159356,0.21982720663776992,0.08895263232349808,4.227471923635836,0.37604475568108964
2015,all,zeros_included,region,Höfuðborgarsvæði,1034,20.07107523746601,0.01011711984971087,0.2138838944299802,0.5988575685970567,0.12808598898040752
2015,all,zeros_included,region,Norðurland eystra,21869,0.7685834728285273,0.21397610637652514,0.1732235248097813,3.4715979532700634,0.6013624341878627
2015,all,zeros_included,region,Norðurland vestra,12430,0.316248741633261,0.12162069606567322,0.04051229442611843,4.160245951863714,0.1685411088869701
2015,all,zeros_included,region,Suðurland,24726,0.96199778582704,0.24193027601929493,0.24514037317473444,3.289015803122296,0.8062705613549985
2015,all,zeros_included,region,Suðurnes,831,13.195040123987715,0.008130876784438813,0.11300525626448661,0.8977791550351379,0.10145376348366002
2015,all,zeros_included,region,Vestfirðir,9235,0.5020176864535213,0.09035938279698248,0.04777963450328179,3.80126049408565,0.1816228370591767
2015,all,zeros_included,region,Vesturland,9611,0.7824554376008793,0.0940383354696046,0.07750239006811914,3.1798592594163724,0.24644669268500813
2015,all,zeros_included,municipality,Austur-Hérað,1563,1.055022392834293,0.015293093157735096,0.016994467504058048,3.1962844892268487,0.054319152885890454
2015,all,zeros_included,municipality,Borgarfjarðarhreppur,419,0.011933174224343675,0.004099683962310304,5.1529616446507115e-05,6.037870919922138,0.00031112917265710687
2015,all,zeros_included,municipality,Breiðdalshreppur,452,0.0,0.004422570766024481,0.0,0.0,0.0
2015,all,zeros_included,municipality,Búðahreppur,25,17.44,0.00024461121493498235,0.0044933825541354205,0.5664493567274862,0.0025452736573205177
2015,all,zeros_included,municipality,Djúpavogshreppur,1146,0.12216404886561955,0.011212978092619591,0.0014428292605021993,5.32126585348332,0.007677678076316943
2015,all,zeros_included,municipality,Fáskrúðsfjarðarhr.,219,1.3721461187214612,0.0021427942428304454,0.003096929948435078,2.475151881084908,0.00766537198745727
2015,all,zeros_included,municipality,Fellahreppur,336,1.3660714285714286,0.0032875747287261625,0.004730418789789353,3.187301707758697,0.015077271887109434
2015,all,zeros_included,municipality,Fjarðabyggð,635,6.034645669291338,0.006213124859348551,0.03949229804460305,1.5499466891648304,0.06121095660174321
2015,all,zeros_included,municipality,Fljótsdalshreppur,1531,0.013716525146962769,0.014979990802618318,0.0002164243890753299,5.824947788701165,0.0012606607665653434
2015,all,zeros_included,municipality,Mjóafjarðarhreppur,187,0.44385026737967914,0.0018296918877136678,0.0008553916330120182,4.142009592736339,0.0035430403494821814
2015,all,zeros_included,municipality,Norður-Hérað,6977,0.001719936935645693,0.06826609786405487,0.0001236710794716171,7.810653533099319,0.0009659519538171926
2015,all,zeros_included,municipality,Seyðisfjörður,208,4.8173076923076925,0.002035165308259053,0.010326535135880026,1.6394300962637884,0.016929632491887184
2015,all,zeros_included,municipality,Skeggjastaðahreppur,589,0.03516856680904058,0.005763040223868184,0.00021347984096817155,4.841146251314053,0.001033487131834184
2015,all,zeros_included,municipality,Stöðvarhreppur,85,0.9176470588235294,0.00083167813077894,0.000803862016565511,2.3970331748787905,0.0019268839217324938
2015,all,zeros_included,municipality,Sveitarfélagið Hornafjörður,6214,0.06115223688445446,0.06080056358423921,0.003916250849934541,5.975715203389795,0.02340239974424204
2015,all,zeros_included,municipality,Vopnafjarðarhreppur,1881,0.11323763955342903,0.018404547811708073,0.0021951616606212033,5.386495064092172,0.011824227449820486
2015,all,zeros_included,municipality,Bessastaðahreppur,6,61.5,5.870669158439576e-05,0.003802885693752225,0.0003900327679842164,1.4832500334617574e-06
2015,all,zeros_included,municipality,Garðabær,36,51.05555555555556,0.0003522401495063746,0.018942287005736018,0.043037568491955724,0.0008152299744036467
2015,all,zeros_included,municipality,Hafnarfjörður,143,22.72206771957291,0.001399176149428099,0.03348657982558896,0.5433898763493392,0.018196268470789062
2015,all,zeros_included,municipality,Kjósarhreppur,273,1.3076923076923077,0.002671154467090007,0.0036792146142806082,1.630630216629746,0.005999438523511715
2015,all,zeros_included,municipality,Kópavogur,107,22.46728971962617,0.0010469359999217243,0.024775439587480623,0.2780584902440877,0.006889021326828465
2015,all,zeros_included,municipality,Mosfellsbær,198,22.106060606060606,0.0019373208222850601,0.04510902623727233,0.34268963860321566,0.015458395898993829
2015,all,zeros_included,municipality,Reykjavík,271,30.10788233077834,0.0026515855698952084,0.08408846146586946,0.2786050864146694,0.023427473073175158
2015,all,zeros_included,municipality,Aðaldælahreppur,561,3.251336898395722,0.005489075663141003,0.018798004079685796,1.7535590949356883,0.0329634110205712
2015,all,zeros_included,municipality,Akureyri,117,25.4017094017094,0.0011447804858957173,0.03062920401580383,0.5768252725217327,0.01766769895353979
2015,all,zeros_included,municipality,Arnarneshreppur,77,0.0,0.0007534025419997456,0.0,0.0,0.0
2015,all,zeros_included,municipality,Bárðdælahreppur,3151,0.0031735956839098697,0.030830797530405175,0.00010305923289301423,6.775620915923607,0.0006982902939689494
2015,all,zeros_included,municipality,Dalvíkurbyggð,575,1.8082981391575026,0.005626057943504594,0.010715804596147646,2.3921712226405205,0.02563403938234342
2015,all,zeros_included,municipality,Eyjafjarðarsveit,1796,1.1007795100222717,0.01757286968092913,0.020374810342948912,2.9618001937878287,0.06034611722213634
2015,all,zeros_included,municipality,Glæsibæjarhreppur,120,13.141666666666667,0.0011741338316879153,0.016252441027228344,0.7916975195770077,0.012867017248328276
2015,all,zeros_included,municipality,Grímseyjarhreppur,5,4.0722222328186035,4.892224298699647e-05,0.00020984004974208145,0.36106987986150885,7.576692155050639e-05
2015,all,zeros_included,municipality,Grýtubakkahreppur,490,2.122448979591837,0.004794379812725654,0.01071816022087348,2.4935132694623445,0.026725874734971476
2015,all,zeros_included,municipality,Hálshreppur,1471,0.34359522274284443,0.01439292388677436,0.005208908098000698,3.409174082823408,0.017758074487512952
2015,all,zeros_included,municipality,Hríseyjarhreppur,7,5.571428571428571,6.849114018179505e-05,0.0004019310082827555,0.560619630767907,0.00022533041345765097
2015,all,zeros_included,municipality,Húsavík,66,13.484848484848484,0.0006457736074283534,0.009172271727478266,0.8326378193959201,0.007637180330074353
2015,all,zeros_included,municipality,Kelduneshreppur,720,0.0,0.0070448029901274915,0.0,0.0,0.0
2015,all,zeros_included,municipality,Ljósavatnshreppur,401,0.24688279301745636,0.003923563887557117,0.0010202864056408408,3.1957998075080134,0.003260631098750042
2015,all,zeros_included,municipality,Ólafsfjörður,202,3.866336633663366,0.0019764586166746575,0.008048926088944412,1.7808360663336436,0.014333817874446006
2015,all,zeros_included,municipality,Öxarfjarðarhreppur,2684,0.04364487986273275,0.026261460035419702,0.0012072653038160928,5.245916656409456,0.006333213165994064
2015,all,zeros_included,municipality,Öxnadalshreppur,289,0.06228373702422145,0.0028277056446483957,0.00018550661920742562,4.534010360102144,0.0008410889333539911
2015,all,zeros_included,municipality,Reykdælahreppur,390,0.7504273512424566,0.0038159349529857246,0.003016200219278381,2.604183446362566,0.007854738681959902
2015,all,zeros_included,municipality,Reykjahreppur,191,9.198057319481336,0.0018688296821032652,0.018105744370727875,1.0094117755498306,0.018276151572907774
2015,all,zeros_included,municipality,Siglufjörður,137,8.800486616844678,0.0013404694578437032,0.012425508177496334,1.2391529949676152,0.015397105672139175
2015,all,zeros_included,municipality,Skriðuhreppur,403,0.0,0.003943132784751916,0.0,0.0,0.0
2015,all,zeros_included,municipality,Skútustaðahreppur,6033,0.05801425493121167,0.05902957838810994,0.0036070731512554983,5.519288110653923,0.01990847595798345
2015,all,zeros_included,municipality,Svalbarðshreppur,1098,0.0,0.010743324559944424,0.0,0.0,0.0
2015,all,zeros_included,municipality,Þórshafnarhreppur,709,0.35865404003934226,0.006937174055556099,0.0026206490660468434,3.5421875176170747,0.009282830409805973
2015,all,zeros_included,municipality,Tjörneshreppur,176,0.2215909090909091,0.0017220629531422757,0.0004019310082827555,3.936684999657664,0.0015822757712040038
2015,all,zeros_included,municipality,Akrahreppur,1359,0.0007358351729212656,0.01329706564386564,1.0305923289301423e-05,7.214504414151143,7.435212906256819e-05
2015,all,zeros_included,municipality,Áshreppur,1150,0.0,0.011252115887009188,0.0,0.0,0.0
2015,all,zeros_included,municipality,Blönduós,15,23.533333333333335,0.00014676672896098941,0.0036379909211234026,0.28050923179995024,0.0010204900385795191
2015,all,zeros_included,municipality,Bólstaðarhlíðarhreppur,1340,0.019402985074626865,0.013111161120515054,0.000267954005521837,6.510239216926152,0.0017444446750807098
2015,all,zeros_included,municipality,Engihlíðarhreppur,166,0.891566265060241,0.0016242184671682828,0.0015252766468166106,3.357254111959259,0.005120741294400496
2015,all,zeros_included,municipality,Höfðahreppur,48,2.4166666666666665,0.00046965353267516607,0.001195487101558965,2.0810762165495937,0.002487899774246171
2015,all,zeros_included,municipality,Húnaþing vestra,2461,0.1958553433563592,0.02407952799819966,0.004967455025443286,4.663429158721316,0.023165374610288957
2015,all,zeros_included,municipality,Skagahreppur,272,0.007352941176470588,0.0026613700184926078,2.0611846578602847e-05,5.605802066295998,0.00011554593214050793
2015,all,zeros_included,municipality,Sveinsstaðahreppur,118,0.0,0.0011545649344931166,0.0,0.0,0.0
2015,all,zeros_included,municipality,Sveitarfélagið Skagafjörður,4110,0.5266760409603444,0.040214083735311094,0.022308598622210664,3.6307379601130902,0.08099667585458684
2015,all,zeros_included,municipality,Svínavatnshreppur,979,0.3680626457144218,0.009578975176853908,0.003713567659149965,3.8075685260161394,0.014139663338210838
2015,all,zeros_included,municipality,Torfalækjarhreppur,187,1.0053475935828877,0.0018296918877136678,0.0019375135783886676,2.819009110782905,0.005461868429743242
2015,all,zeros_included,municipality,Vindhælishreppur,225,0.4,0.002201500934414841,0.0009275330960371281,3.655719259020666,0.0033908006025619945
2015,all,zeros_included,municipality,Ásahreppur,137,0.0072992700729927005,0.0013404694578437032,1.0305923289301423e-05,4.919980925828125,5.0704946006410856e-05
2015,all,zeros_included,municipality,Austur-Eyjafjallahreppur,282,0.0,0.0027592145044666007,0.0,0.0,0.0
2015,all,zeros_included,municipality,Austur-Landeyjahreppur,200,0.11,0.001956889719479859,0.0002267303123646313,3.3736384001940998,0.0007649060882813233
2015,all,zeros_included,municipality,Biskupstungnahreppur,1989,2.4560080442433385,0.019461268260227194,0.05034443526823745,2.677401437905056,0.13479226337769695
2015,all,zeros_included,municipality,Djúpárhreppur,120,1.45,0.0011741338316879153,0.0017932306523384476,2.5887390089341773,0.004642206141725021
2015,all,zeros_included,municipality,Fljótshlíðarhreppur,414,0.0,0.0040507617193233075,0.0,0.0,0.0
2015,all,zeros_included,municipality,Gaulverjabæjarhreppur,84,0.10714285714285714,0.0008218936821815406,9.275330960371281e-05,3.901110599785659,0.000361840919260245
2015,all,zeros_included,municipality,Gnúpverjahreppur,1127,0.4866269489464341,0.011027073569269004,0.005652062787155041,3.17137553752928,0.017924813659763058
2015,all,zeros_included,municipality,Grímsnes- og Grafningshreppur,889,2.524664332413432,0.008698374803087971,0.023130888280627426,1.6387337380903961,0.03790536701746392
2015,all,zeros_included,municipality,Holta- og Landasveit,1604,0.04177057356608479,0.015694255550228468,0.0006904968603831953,5.488978245110967,0.0037901222449607842
2015,all,zeros_included,municipality,Hraungerðishreppur,98,5.704081632653061,0.0009588759625451307,0.005761011118719496,1.0867373308324972,0.006260705846053564
2015,all,zeros_included,municipality,Hrunamannahreppur,1212,3.7151873505154853,0.011858751700047944,0.046405584237832254,2.3193429213996417,0.10763046331543102
2015,all,zeros_included,municipality,Hveragerði,11,56.81818181818182,0.00010762893457139223,0.0064412020558133895,0.003498709699257141,2.2535896107549343e-05
2015,all,zeros_included,municipality,Hvolhreppur,238,2.2399626499464533,0.002328698766181032,0.005494202211417139,2.0651173776087717,0.011346172462894077
2015,all,zeros_included,municipality,Laugardalshreppur,649,0.539291217257319,0.006350107139712142,0.0036070731512554983,4.0534418431967065,0.01462106124277044
2015,all,zeros_included,municipality,Mýrdalshreppur,764,0.07198952879581152,0.007475318728413061,0.0005668257809115783,5.056716406169291,0.002866277225775298
2015,all,zeros_included,municipality,Ölfushreppur,739,7.879594186000798,0.007230707513478078,0.06001159849826304,1.0265323119273626,0.0616038449488786
2015,all,zeros_included,municipality,Rangárvallahreppur,1446,0.11549100968188106,0.014148312671839379,0.0017210891893133377,4.721958571625098,0.008126911850009405
2015,all,zeros_included,municipality,Skaftárhreppur,6922,0.004045073678127709,0.06772795319119791,0.00028856585210043986,7.236900141536014,0.0020883222559081338
2015,all,zeros_included,municipality,Skeiðahreppur,1280,0.3119962180033326,0.012524094204671096,0.0041157236342969725,3.5200824746124946,0.014487686635437216
2015,all,zeros_included,municipality,Sveitarfélagið Árborg,149,15.018809606564925,0.0014578828410124946,0.02306262225558033,0.5839957529373834,0.01346847344885809
2015,all,zeros_included,municipality,Þingvallahreppur,647,0.0,0.006330538242517343,0.0,0.0,0.0
2015,all,zeros_included,municipality,Uten navn - sysla,123,0.0,0.0012034871774801131,0.0,0.0,0.0
2015,all,zeros_included,municipality,Vestmannaeyjar,15,32.62706773281097,0.00014676672896098941,0.0050437808581378744,0.266830127872955,0.0013458326913400919
2015,all,zeros_included,municipality,Vestur-Eyjafjallahreppur,469,0.0,0.0045889063921802685,0.0,0.0,0.0
2015,all,zeros_included,municipality,Vestur-Landeyjahreppur,186,0.1774193548387097,0.0018199074391162687,0.00034009546854694696,3.186071626364816,0.0010835685225926755
2015,all,zeros_included,municipality,Villingaholtshreppur,2932,0.011255115961800819,0.028688003287574728,0.00034009546854694696,5.553347839211752,0.0018886684353808963
2015,all,zeros_included,municipality,Grindavík,456,6.27762113825271,0.004461708560414078,0.029501686941899058,1.240782393006465,0.036605173721497096
2015,all,zeros_included,municipality,Reykjanesbær,132,16.800074924122203,0.0012915472148567067,0.02285451741177262,0.8168616951577317,0.018668979834992477
2015,all,zeros_included,municipality,Sandgerði,88,46.765043285760015,0.0008610314765711379,0.04241221148770349,0.06974309230869169,0.0029579587808026583
2015,all,zeros_included,municipality,Vatnsleysustrandarhreppur,155,11.416447773287373,0.0015165895325968905,0.018236840423111435,0.4711957841082812,0.008593122322825593
2015,all,zeros_included,municipality,Árneshreppur,682,0.0,0.006672993943426318,0.0,0.0,0.0
2015,all,zeros_included,municipality,Bæjarhreppur,497,0.11670020120724346,0.004862870952907449,0.0005977435507794825,4.2913650412737026,0.0025651357774618836
2015,all,zeros_included,municipality,Bolungarvík,85,10.423529411764706,0.00083167813077894,0.00913104803432106,0.9274555958397586,0.008468641595312696
2015,all,zeros_included,municipality,Broddaneshreppur,284,0.0,0.0027787834016613994,0.0,0.0,0.0
2015,all,zeros_included,municipality,Hólmavíkurhreppur,1327,0.1838733990028916,0.012983963288748863,0.0025146452875037945,4.464936491766533,0.011227731508024436
2015,all,zeros_included,municipality,Ísafjarðarbær,2337,1.0959920127217362,0.02286625637212215,0.02639690485575925,3.17773331880606,0.08388232407349965
2015,all,zeros_included,municipality,Kaldrananeshreppur,471,0.0,0.004608475289375067,0.0,0.0,0.0
2015,all,zeros_included,municipality,Kirkjubólshreppur,159,0.0,0.0015557273269864876,0.0,0.0,0.0
2015,all,zeros_included,municipality,Reykhólahreppur,1149,0.02959094865100087,0.011242331438411789,0.0003504013918362484,5.198187369198653,0.0018214520891928145
2015,all,zeros_included,municipality,Súðavíkurhreppur,733,0.3178717598908595,0.007172000821893682,0.0024012801264072315,3.817435813530377,0.009166732752865716
2015,all,zeros_included,municipality,Vesturbyggð,1511,0.4101919260031336,0.014784301830670333,0.006387611256674721,3.594778873640488,0.022962049998522457
2015,all,zeros_included,municipality,Akranes,7,46.857142857142854,6.849114018179505e-05,0.003380342838890867,0.038219594524706135,0.00012919533265690297
2015,all,zeros_included,municipality,Borgarbyggð,1847,1.7009893194300842,0.018071876559396495,0.032378400271313945,2.4914874992364218,0.08067037952125186
2015,all,zeros_included,municipality,Borgarfjarðarsveit,1259,0.4200612724158762,0.012318620784125711,0.00545036113615838,3.0970451546072333,0.016880014547598885
2015,all,zeros_included,municipality,Dalabyggð,2172,0.06813996316758748,0.021251822353551265,0.0015252766468166106,5.335106228307355,0.008137512938323056
2015,all,zeros_included,municipality,Eyja- og Miklaholtshreppur,405,0.0,0.003962701681946714,0.0,0.0,0.0
2015,all,zeros_included,municipality,Eyrarsveit,141,2.7965434189383864,0.0013796072522333004,0.004063755635059944,1.864876489324144,0.0075784023421817965
2015,all,zeros_included,municipality,Helgafellssveit,246,1.5406504103807899,0.0024069743549602262,0.003905944936473734,2.8447664431855753,0.01111150108421109
2015,all,zeros_included,municipality,Hvalfjarðarstrandarhreppur,291,1.2685199848974693,0.0028472745418431943,0.0038043214696920438,2.557103925876197,0.009728045365444629
2015,all,zeros_included,municipality,Hvítársíðuhreppur,1477,0.0,0.014451630578358757,0.0,0.0,0.0
2015,all,zeros_included,municipality,Innri-Akraneshreppur,28,18.214285714285715,0.0002739645607271802,0.005256020877543726,0.17088012894648408,0.0008981495253000844
2015,all,zeros_included,municipality,Kolbeinsstaðahreppur,391,0.0,0.003825719401583124,0.0,0.0,0.0
2015,all,zeros_included,municipality,Leirár- og Melahreppur,136,1.9411764705882353,0.0013306850092463039,0.0027207637483755757,1.4692025355312452,0.00399735299769489
2015,all,zeros_included,municipality,Saurbæjarhreppur,255,0.0,0.00249503439233682,0.0,0.0,0.0
2015,all,zeros_included,municipality,Skilmannahreppur,52,16.557692307692307,0.0005087913270647633,0.008873399952088525,0.14156914663296583,0.0012561996589501724
2015,all,zeros_included,municipality,Skorradalshreppur,207,0.07246376811594203,0.0020253808596616537,0.00015458884933952134,5.33271879326537,0.0008243788621021343
2015,all,zeros_included,municipality,Snæfellsbær,697,0.8337774134776855,0.0068197606723873075,0.005989213706366268,2.938696241924851,0.01760047981098336
2015,all,lit_only,region,Austurland,434,19.887590520392916,0.08794326241134752,0.08895263232349808,0.2807136128187637,0.024970214789268287
2015,all,lit_only,region,Höfuðborgarsvæði,747,27.7824522028646,0.1513677811550152,0.2138838944299802,0.27373269866149963,0.05854701562254977
2015,all,lit_only,region,Norðurland eystra,891,18.864368088986602,0.18054711246200608,0.1732235248097813,0.2711169928525501,0.04696384113774701
2015,all,lit_only,region,Norðurland vestra,258,15.236325032951296,0.052279635258358666,0.04051229442611843,0.28533735228057466,0.011559670826359716
2015,all,lit_only,region,Suðurland,1294,18.38203806210154,0.2622087132725431,0.24514037317473444,0.33889867761626924,0.08307774829927626
2015,all,lit_only,region,Suðurnes,523,20.965732969471876,0.10597771023302938,0.11300525626448661,0.4347308242446126,0.04912686819983394
2015,all,lit_only,region,Vestfirðir,266,17.42907268570778,0.05390070921985816,0.04777963450328179,0.2540009102340086,0.01213607065448182
2015,all,lit_only,region,Vesturland,522,14.40647358387366,0.10577507598784194,0.07750239006811914,0.2668632924757266,0.020682542988316326
2015,all,lit_only,municipality,Austur-Hérað,98,16.8265306122449,0.019858156028368795,0.016994467504058048,0.42688963747594366,0.007254762071904045
2015,all,lit_only,municipality,Borgarfjarðarhreppur,1,5.0,0.00020263424518743666,5.1529616446507115e-05,0.0,0.0
2015,all,lit_only,municipality,Búðahreppur,16,27.25,0.0032421479229989866,0.0044933825541354205,0.12016225409906678,0.0005399349762343341
2015,all,lit_only,municipality,Djúpavogshreppur,7,20.0,0.0014184397163120568,0.0014428292605021993,0.22314310526394898,0.00032195740155414795
2015,all,lit_only,municipality,Fáskrúðsfjarðarhr.,24,12.520833333333334,0.004863221884498481,0.003096929948435078,0.2641339816163528,0.0008180044380670834
2015,all,lit_only,municipality,Fellahreppur,18,25.5,0.00364741641337386,0.004730418789789353,0.26056230569165795,0.0012325688267546561
2015,all,lit_only,municipality,Fjarðabyggð,156,24.564102564102566,0.031610942249240125,0.03949229804460305,0.14617769752167575,0.005772893197999852
2015,all,lit_only,municipality,Fljótsdalshreppur,6,3.5,0.0012158054711246201,0.0002164243890753299,0.2830308622715365,6.125478145658113e-05
2015,all,lit_only,municipality,Mjóafjarðarhreppur,3,27.666666666666668,0.0006079027355623101,0.0008553916330120182,0.009513264549862122,8.137566898581902e-06
2015,all,lit_only,municipality,Norður-Hérað,3,4.0,0.0006079027355623101,0.0001236710794716171,0.05889151782819191,7.283177581534476e-06
2015,all,lit_only,municipality,Seyðisfjörður,60,16.7,0.0121580547112462,0.010326535135880026,0.39623657878457097,0.004091750952939766
2015,all,lit_only,municipality,Skeggjastaðahreppur,5,4.14285717010498,0.0010131712259371835,0.00021347984096817155,0.07215798009656726,1.5404274115599668e-05
2015,all,lit_only,municipality,Stöðvarhreppur,9,8.666666666666666,0.00182370820668693,0.000803862016565511,0.15160649572469342,0.00012187070337768258
2015,all,lit_only,municipality,Sveitarfélagið Hornafjörður,19,20.0,0.003850050658561297,0.003916250849934541,0.18559409260324244,0.0007268330229002781
2015,all,lit_only,municipality,Vopnafjarðarhreppur,9,23.666666666666668,0.00182370820668693,0.0021951616606212033,0.04416081212736067,9.694012168387802e-05
2015,all,lit_only,municipality,Bessastaðahreppur,6,61.5,0.0012158054711246201,0.003802885693752225,0.0003900327679842164,1.4832500334617574e-06
2015,all,lit_only,municipality,Garðabær,36,51.05555555555556,0.00729483282674772,0.018942287005736018,0.043037568491955724,0.0008152299744036467
2015,all,lit_only,municipality,Hafnarfjörður,98,33.15567024386659,0.019858156028368795,0.03348657982558896,0.16551272476000412,0.005542455069826612
2015,all,lit_only,municipality,Kjósarhreppur,56,6.375,0.011347517730496455,0.0036792146142806082,0.046510112179935614,0.00017112068444424962
2015,all,lit_only,municipality,Kópavogur,107,22.46728971962617,0.021681864235055723,0.024775439587480623,0.2780584902440877,0.006889021326828465
2015,all,lit_only,municipality,Mosfellsbær,184,23.78804347826087,0.037284701114488346,0.04510902623727233,0.2693583655176659,0.012150493577365182
2015,all,lit_only,municipality,Reykjavík,260,31.381677352465115,0.05268490374873354,0.08408846146586946,0.23716789655049597,0.019943083530027696
2015,all,lit_only,municipality,Aðaldælahreppur,119,15.327731092436975,0.024113475177304965,0.018798004079685796,0.20296168252452151,0.0038152745361158488
2015,all,lit_only,municipality,Akureyri,74,40.16216216216216,0.014994934143870315,0.03062920401580383,0.1187164309281461,0.0036361897829262704
2015,all,lit_only,municipality,Bárðdælahreppur,4,2.5,0.0008105369807497467,0.00010305923289301423,0.1064401352862232,1.096963869162682e-05
2015,all,lit_only,municipality,Dalvíkurbyggð,71,14.644668028388224,0.014387031408308004,0.010715804596147646,0.3004810588844853,0.0032198963118496788
2015,all,lit_only,municipality,Eyjafjarðarsveit,106,18.650943396226417,0.021479229989868287,0.020374810342948912,0.13192203903775068,0.0026878865254492726
2015,all,lit_only,municipality,Glæsibæjarhreppur,63,25.03174603174603,0.01276595744680851,0.016252441027228344,0.1473405031864945,0.0023946428389606516
2015,all,lit_only,municipality,Grímseyjarhreppur,4,5.090277791023254,0.0008105369807497467,0.00020984004974208145,0.13792632854729914,2.894246764310792e-05
2015,all,lit_only,municipality,Grýtubakkahreppur,49,21.224489795918366,0.009929078014184398,0.01071816022087348,0.19092817646829907,0.002046398786066435
2015,all,lit_only,municipality,Hálshreppur,54,9.35978838249489,0.01094224924012158,0.005208908098000698,0.10446040878624485,0.000544124669247134
2015,all,lit_only,municipality,Hríseyjarhreppur,4,9.75,0.0008105369807497467,0.0004019310082827555,0.0010038428324841142,4.0347556181775727e-07
2015,all,lit_only,municipality,Húsavík,35,25.428571428571427,0.0070921985815602835,0.009172271727478266,0.1983311388589084,0.0018191470976341316
2015,all,lit_only,municipality,Ljósavatnshreppur,18,5.5,0.00364741641337386,0.0010202864056408408,0.09221013809760858,9.408075036325463e-05
2015,all,lit_only,municipality,Ólafsfjörður,39,20.025641025641026,0.007902735562310031,0.008048926088944412,0.13613001506208544,0.0010957004297216153
2015,all,lit_only,municipality,Öxarfjarðarhreppur,16,7.321428596973419,0.0032421479229989866,0.0012072653038160928,0.12344188055766447,0.00014902709943507864
2015,all,lit_only,municipality,Öxnadalshreppur,4,4.5,0.0008105369807497467,0.00018550661920742562,0.253878033109602,4.709605561319313e-05
2015,all,lit_only,municipality,Reykdælahreppur,30,9.755555566151937,0.0060790273556231,0.003016200219278381,0.03923408890102875,0.00011833786754647043
2015,all,lit_only,municipality,Reykjahreppur,96,18.30030154188474,0.019452887537993922,0.018105744370727875,0.3214865389710373,0.005820753093239647
2015,all,lit_only,municipality,Siglufjörður,45,26.792592589060465,0.00911854103343465,0.012425508177496334,0.12583455890980977,0.0015635583407454855
2015,all,lit_only,municipality,Skútustaðahreppur,31,11.290322580645162,0.006281661600810537,0.0036070731512554983,0.24827563669830788,0.0008955483832453307
2015,all,lit_only,municipality,Þórshafnarhreppur,25,10.171428575515748,0.005065856129685917,0.0026206490660468434,0.19720781595314785,0.0005168124786947547
2015,all,lit_only,municipality,Tjörneshreppur,4,9.75,0.0008105369807497467,0.0004019310082827555,0.1524953657394028,6.129261611008574e-05
2015,all,lit_only,municipality,Akrahreppur,1,1.0,0.00020263424518743666,1.0305923289301423e-05,0.0,0.0
2015,all,lit_only,municipality,Blönduós,12,29.416666666666668,0.0024316109422492403,0.0036379909211234026,0.05736568048574053,0.00020869582479119
2015,all,lit_only,municipality,Bólstaðarhlíðarhreppur,2,13.0,0.0004052684903748733,0.000267954005521837,0.002961504541140858,7.935470041698028e-07
2015,all,lit_only,municipality,Engihlíðarhreppur,6,24.666666666666668,0.0012158054711246201,0.0015252766468166106,0.037025792830770676,5.64745771346444e-05
2015,all,lit_only,municipality,Höfðahreppur,6,19.333333333333332,0.0012158054711246201,0.001195487101558965,0.0016346748697579905,1.954232722038259e-06
2015,all,lit_only,municipality,Húnaþing vestra,26,18.53846153846154,0.0052684903748733535,0.004967455025443286,0.11320264635174171,0.0005623290545134384
2015,all,lit_only,municipality,Skagahreppur,1,2.0,0.00020263424518743666,2.0611846578602847e-05,0.0,0.0
2015,all,lit_only,municipality,Sveitarfélagið Skagafjörður,160,13.528990802168845,0.03242147922998987,0.022308598622210664,0.3847334678566372,0.008582864510944907
2015,all,lit_only,municipality,Svínavatnshreppur,24,15.013888756434122,0.004863221884498481,0.003713567659149965,0.09909071383357437,0.00036798007021444587
2015,all,lit_only,municipality,Torfalækjarhreppur,13,14.461538461538462,0.0026342451874366768,0.0019375135783886676,0.15284985138985485,0.0002961486625225337
2015,all,lit_only,municipality,Vindhælishreppur,7,12.857142857142858,0.0014184397163120568,0.0009275330960371281,0.18552900587155907,0.0001720842932207377
2015,all,lit_only,municipality,Ásahreppur,1,1.0,0.00020263424518743666,1.0305923289301423e-05,0.0,0.0
2015,all,lit_only,municipality,Austur-Landeyjahreppur,7,3.142857142857143,0.0014184397163120568,0.0002267303123646313,0.02123118270137625,4.813752685753594e-06
2015,all,lit_only,municipality,Biskupstungnahreppur,156,31.314102564102566,0.031610942249240125,0.05034443526823745,0.13187016630062054,0.006638929051133299
2015,all,lit_only,municipality,Djúpárhreppur,12,14.5,0.0024316109422492403,0.0017932306523384476,0.2861539159401314,0.0005131399733505231
2015,all,lit_only,municipality,Gaulverjabæjarhreppur,2,4.5,0.0004052684903748733,9.275330960371281e-05,0.16344098150229058,1.5159691959216658e-05
2015,all,lit_only,municipality,Gnúpverjahreppur,53,10.347708895521343,0.010739614994934144,0.005652062787155041,0.11435293704162586,0.0006463299800548568
2015,all,lit_only,municipality,Grímsnes- og Grafningshreppur,214,10.487974726708137,0.04336372847011145,0.023130888280627426,0.21461251759834266,0.004964178168191452
2015,all,lit_only,municipality,Holta- og Landasveit,7,9.571428571428571,0.0014184397163120568,0.0006904968603831953,0.05463260573982165,3.7723642737899786e-05
2015,all,lit_only,municipality,Hraungerðishreppur,48,11.645833333333334,0.009726443768996961,0.005761011118719496,0.3729708630698161,0.002148689289103617
2015,all,lit_only,municipality,Hrunamannahreppur,134,33.60303782705051,0.027152988855116515,0.046405584237832254,0.11715555472129324,0.00543667196354894
2015,all,lit_only,municipality,Hveragerði,11,56.81818181818182,0.0022289766970618034,0.0064412020558133895,0.003498709699257141,2.2535896107549343e-05
2015,all,lit_only,municipality,Hvolhreppur,40,13.327777767181397,0.008105369807497468,0.005494202211417139,0.2817261580512329,0.0015478604805791384
2015,all,lit_only,municipality,Laugardalshreppur,12,29.166666666666668,0.0024316109422492403,0.0036070731512554983,0.06291577628061695,0.00022694180741221094
2015,all,lit_only,municipality,Mýrdalshreppur,5,11.0,0.0010131712259371835,0.0005668257809115783,0.027586529436870677,1.5636756090694466e-05
2015,all,lit_only,municipality,Ölfushreppur,368,15.823424194170082,0.07456940222897669,0.06001159849826304,0.32931732914809153,0.019762859335355605
2015,all,lit_only,municipality,Rangárvallahreppur,19,8.789473684210526,0.003850050658561297,0.0017210891893133377,0.3898411480728292,0.0006709513854976464
2015,all,lit_only,municipality,Skaftárhreppur,5,5.6,0.0010131712259371835,0.00028856585210043986,0.003878029774825098,1.1190669664432814e-06
2015,all,lit_only,municipality,Skeiðahreppur,45,8.874559089872573,0.00911854103343465,0.0041157236342969725,0.17212960746915185,0.000708437893623049
2015,all,lit_only,municipality,Sveitarfélagið Árborg,118,18.964429079476048,0.023910840932117528,0.02306262225558033,0.35073407145758884,0.00808884740218809
2015,all,lit_only,municipality,Vestmannaeyjar,13,37.64661661478189,0.0026342451874366768,0.0050437808581378744,0.12372928423228169,0.0006240633954018827
2015,all,lit_only,municipality,Vestur-Landeyjahreppur,8,4.125,0.0016210739614994933,0.00034009546854694696,0.039766494331451074,1.3524404522124363e-05
2015,all,lit_only,municipality,Villingaholtshreppur,16,2.0625,0.0032421479229989866,0.00034009546854694696,0.34249649844499197,0.00011648150711433823
2015,all,lit_only,municipality,Grindavík,219,13.071211137183726,0.04437689969604863,0.029501686941899058,0.5073613133085795,0.014968014631660476
2015,all,lit_only,municipality,Reykjanesbær,85,26.089528117460365,0.017223910840932118,0.02285451741177262,0.3767110290616773,0.008609548772896885
2015,all,lit_only,municipality,Sandgerði,88,46.765043285760015,0.017831813576494427,0.04241221148770349,0.06974309230869169,0.0029579587808026583
2015,all,lit_only,municipality,Vatnsleysustrandarhreppur,131,13.508010724118648,0.026545086119554206,0.018236840423111435,0.30296799039018607,0.005525178894056583
2015,all,lit_only,municipality,Bæjarhreppur,7,8.285714285714286,0.0014184397163120568,0.0005977435507794825,0.028685164232387095,1.7146371922959673e-05
2015,all,lit_only,municipality,Bolungarvík,40,22.15,0.008105369807497468,0.00913104803432106,0.1736837934633786,0.001585915060897208
2015,all,lit_only,municipality,Hólmavíkurhreppur,17,14.352941204519833,0.0034447821681864235,0.0025146452875037945,0.10747380149054164,0.0002702584884483088
2015,all,lit_only,municipality,Ísafjarðarbær,126,20.328042331196013,0.02553191489361702,0.02639690485575925,0.2573918912186799,0.006794349263143428
2015,all,lit_only,municipality,Reykhólahreppur,7,4.857142857142857,0.0014184397163120568,0.0003504013918362484,0.09745024040521022,3.414669987276267e-05
2015,all,lit_only,municipality,Súðavíkurhreppur,19,12.263157894736842,0.003850050658561297,0.0024012801264072315,0.1647290908101655,0.00039556069200358257
2015,all,lit_only,municipality,Vesturbyggð,50,12.396000003814697,0.010131712259371834,0.006387611256674721,0.1862749167958948,0.0011898517553616047
2015,all,lit_only,municipality,Akranes,7,46.857142857142854,0.0014184397163120568,0.003380342838890867,0.038219594524706135,0.00012919533265690297
2015,all,lit_only,municipality,Borgarbyggð,194,16.19447047931632,0.03931104356636272,0.032378400271313945,0.23802767810051018,0.007706955437189787
2015,all,lit_only,municipality,Borgarfjarðarsveit,64,8.263392843306065,0.012968591691995946,0.00545036113615838,0.117855203922558,0.0006423534231535307
2015,all,lit_only,municipality,Dalabyggð,11,13.454545454545455,0.0022289766970618034,0.0015252766468166106,0.049597820051900054,7.565039665817577e-05
2015,all,lit_only,municipality,Eyrarsveit,30,13.143754069010416,0.0060790273556231,0.004063755635059944,0.3173139806081311,0.0012894864767795946
2015,all,lit_only,municipality,Helgafellssveit,20,18.950000047683716,0.004052684903748734,0.003905944936473734,0.3351671808072032,0.0013091445527460717
2015,all,lit_only,municipality,Hvalfjarðarstrandarhreppur,28,13.1835469858987,0.005673758865248227,0.0038043214696920438,0.2159851688799086,0.0008216770151048982
2015,all,lit_only,municipality,Innri-Akraneshreppur,28,18.214285714285715,0.005673758865248227,0.005256020877543726,0.17088012894648408,0.0008981495253000844
2015,all,lit_only,municipality,Leirár- og Melahreppur,33,8.0,0.006686930091185411,0.0027207637483755757,0.05305521126167356,0.00014435069546316903
2015,all,lit_only,municipality,Skilmannahreppur,51,16.88235294117647,0.01033434650455927,0.008873399952088525,0.12215106077586402,0.0010838952168361143
2015,all,lit_only,municipality,Skorradalshreppur,1,15.0,0.00020263424518743666,0.00015458884933952134,0.0,0.0
2015,all,lit_only,municipality,Snæfellsbær,55,10.56623376716267,0.011144883485309016,0.005989213706366268,0.3992440163967981,0.002391157735188422
2016,all,zeros_included,region,Austurland,22467,0.3843510164174356,0.21982720663776992,0.08888865953033298,4.226135652510279,0.3756555331449878
2016,all,zeros_included,region,Höfuðborgarsvæði,1034,20.07107523746601,0.01011711984971087,0.21363106985104802,0.5988575685970567,0.1279345830677866
2016,all,zeros_included,region,Norðurland eystra,21869,0.7701534272559392,0.21397610637652514,0.1733721818563486,3.465159727038559,0.6007623023574243
2016,all,zeros_included,region,Norðurland vestra,12430,0.3164900932020462,0.12162069606567322,0.04049528750030353,4.158881603399198,0.16841510620937386
2016,all,zeros_included,region,Suðurland,24726,0.96199778582704,0.24193027601929493,0.2448506014189304,3.289015803122296,0.8053174974708605
2016,all,zeros_included,region,Suðurnes,831,13.233547945889038,0.008130876784438813,0.11320107646478035,0.8885980125555899,0.10059025156575718
2016,all,zeros_included,region,Vestfirðir,9235,0.5057534742174629,0.09035938279698248,0.04807828995426717,3.7765552992532703,0.18157032070582294
2016,all,zeros_included,region,Vesturland,9611,0.7831837697203258,0.0940383354696046,0.07748283342398898,3.1770060500841146,0.24616343056567266
2016,all,zeros_included,municipality,Austur-Hérað,1563,1.055022392834293,0.015293093157735096,0.016974378945719695,3.1962844892268487,0.05425494413846265
2016,all,zeros_included,municipality,Borgarfjarðarhreppur,419,0.011933174224343675,0.004099683962310304,5.146870511133928e-05,6.037870919922138,0.00031076139787780335
2016,all,zeros_included,municipality,Breiðdalshreppur,452,0.0,0.004422570766024481,0.0,0.0,0.0
2016,all,zeros_included,municipality,Búðahreppur,25,17.44,0.00024461121493498235,0.004488071085708785,0.5664493567274862,0.002542264979446972
2016,all,zeros_included,municipality,Djúpavogshreppur,1146,0.12216404886561955,0.011212978092619591,0.0014411237431175,5.32126585348332,0.00766860256489522
2016,all,zeros_included,municipality,Fáskrúðsfjarðarhr.,219,1.3721461187214612,0.0021427942428304454,0.0030932691771914907,2.475151881084908,0.007656311022627484
2016,all,zeros_included,municipality,Fellahreppur,336,1.3660714285714286,0.0032875747287261625,0.0047248271292209465,3.187301707758697,0.015059449577830545
2016,all,zeros_included,municipality,Fjarðabyggð,635,6.0409448818897635,0.006213124859348551,0.039486790561419495,1.5468583771654503,0.06108047276730938
2016,all,zeros_included,municipality,Fljótsdalshreppur,1531,0.013716525146962769,0.014979990802618318,0.00021616856146762498,5.824947788701165,0.001259170584107554
2016,all,zeros_included,municipality,Mjóafjarðarhreppur,187,0.44385026737967914,0.0018296918877136678,0.0008543805048482321,4.142009592736339,0.0035388522469282932
2016,all,zeros_included,municipality,Norður-Hérað,6977,0.001719936935645693,0.06826609786405487,0.0001235248922672143,7.810653533099319,0.00096481013621263
2016,all,zeros_included,municipality,Seyðisfjörður,208,4.8173076923076925,0.002035165308259053,0.010314328504312392,1.6394300962637884,0.0169096205727212
2016,all,zeros_included,municipality,Skeggjastaðahreppur,589,0.03516856680904058,0.005763040223868184,0.0002132274940065308,4.841146251314053,0.0010322654832868063
2016,all,zeros_included,municipality,Stöðvarhreppur,85,0.9176470588235294,0.00083167813077894,0.0008029117997368928,2.3970331748787905,0.0019246062204709678
2016,all,zeros_included,municipality,Sveitarfélagið Hornafjörður,6214,0.06115223688445446,0.06080056358423921,0.003911621588461785,5.975715203389795,0.02337473659607883
2016,all,zeros_included,municipality,Vopnafjarðarhreppur,1881,0.11323763955342903,0.018404547811708073,0.0021925668377430533,5.386495064092172,0.011810250449195137
2016,all,zeros_included,municipality,Bessastaðahreppur,6,61.5,5.870669158439576e-05,0.003798390437216839,0.0003900327679842164,1.4814967361124616e-06
2016,all,zeros_included,municipality,Garðabær,36,51.05555555555556,0.0003522401495063746,0.01891989599892832,0.043037568491955724,0.0008142663199145567
2016,all,zeros_included,municipality,Hafnarfjörður,143,22.72206771957291,0.001399176149428099,0.03344699652518737,0.5433898763493392,0.018174759306078345
2016,all,zeros_included,municipality,Kjósarhreppur,273,1.3076923076923077,0.002671154467090007,0.0036748655449496247,1.630630216629746,0.005992346799646396
2016,all,zeros_included,municipality,Kópavogur,107,22.46728971962617,0.0010469359999217243,0.024746153417531926,0.2780584902440877,0.006880878058627498
2016,all,zeros_included,municipality,Mosfellsbær,198,22.106060606060606,0.0019373208222850601,0.045055704454466404,0.34268963860321566,0.015440123076514387
2016,all,zeros_included,municipality,Reykjavík,271,30.10788233077834,0.0026515855698952084,0.08398906347276752,0.2786050864146694,0.02339978028671755
2016,all,zeros_included,municipality,Aðaldælahreppur,561,3.251336898395722,0.005489075663141003,0.01877578362461657,1.7535590949356883,0.03292444613949095
2016,all,zeros_included,municipality,Akureyri,117,25.487179487179485,0.0011447804858957173,0.03069593572840275,0.5634733422335931,0.01729634149787066
2016,all,zeros_included,municipality,Arnarneshreppur,77,0.0,0.0007534025419997456,0.0,0.0,0.0
2016,all,zeros_included,municipality,Bárðdælahreppur,3151,0.0031735956839098697,0.030830797530405175,0.00010293741022267856,6.775620915923607,0.0006974648697357894
2016,all,zeros_included,municipality,Dalvíkurbyggð,575,1.8082981391575026,0.005626057943504594,0.010703137822933322,2.3921712226405205,0.025603738291976402
2016,all,zeros_included,municipality,Eyjafjarðarsveit,1796,1.1007795100222717,0.01757286968092913,0.020350726001023552,2.9618001937878287,0.06027478421355456
2016,all,zeros_included,municipality,Glæsibæjarhreppur,120,13.216666666666667,0.0011741338316879153,0.01632587326131682,0.7738900502564356,0.012634430878680672
2016,all,zeros_included,municipality,Grímseyjarhreppur,5,4.0722222328186035,4.892224298699647e-05,0.00020959200524878031,0.36106987986150885,7.567736015510984e-05
2016,all,zeros_included,municipality,Grýtubakkahreppur,490,2.1285714285714286,0.004794379812725654,0.010736371886225374,2.4844559947604856,0.026674043494710573
2016,all,zeros_included,municipality,Hálshreppur,1471,0.34359522274284443,0.01439292388677436,0.005202750832162224,3.409174082823408,0.01773708329639537
2016,all,zeros_included,municipality,Hríseyjarhreppur,7,5.571428571428571,6.849114018179505e-05,0.0004014558998684464,0.560619630767907,0.00022506405835384628
2016,all,zeros_included,municipality,Húsavík,66,13.484848484848484,0.0006457736074283534,0.009161429509818393,0.8326378193959201,0.00762815268960462
2016,all,zeros_included,municipality,Kelduneshreppur,720,0.0,0.0070448029901274915,0.0,0.0,0.0
2016,all,zeros_included,municipality,Ljósavatnshreppur,401,0.24688279301745636,0.003923563887557117,0.0010190803612045178,3.1957998075080134,0.0032567768221725946
2016,all,zeros_included,municipality,Ólafsfjörður,202,3.910891089108911,0.0019764586166746575,0.008132055407591607,1.748384993957547,0.01421796364466449
2016,all,zeros_included,municipality,Öxarfjarðarhreppur,2684,0.04451422910754265,0.026261460035419702,0.0012298569677053194,5.199716719523762,0.006394907837600145
2016,all,zeros_included,municipality,Öxnadalshreppur,289,0.06228373702422145,0.0028277056446483957,0.0001852873384008214,4.534010360102144,0.0008400947119050761
2016,all,zeros_included,municipality,Reykdælahreppur,390,0.7504273512424566,0.0038159349529857246,0.0030126348757893513,2.604183446362566,0.007845453873465174
2016,all,zeros_included,municipality,Reykjahreppur,191,9.198057319481336,0.0018688296821032652,0.018084342211350784,1.0094117755498306,0.018254547981210345
2016,all,zeros_included,municipality,Siglufjörður,137,8.800486616844678,0.0013404694578437032,0.012410820424211466,1.2391529949676152,0.015378905298666886
2016,all,zeros_included,municipality,Skriðuhreppur,403,0.0,0.003943132784751916,0.0,0.0,0.0
2016,all,zeros_included,municipality,Skútustaðahreppur,6033,0.05801425493121167,0.05902957838810994,0.0036028093577937497,5.519288110653923,0.019884942853423737
2016,all,zeros_included,municipality,Svalbarðshreppur,1098,0.0,0.010743324559944424,0.0,0.0,0.0
2016,all,zeros_included,municipality,Þórshafnarhreppur,709,0.3600644772748853,0.006937174055556099,0.002627845030593617,3.5284039253239907,0.00927209872108966
2016,all,zeros_included,municipality,Tjörneshreppur,176,0.2215909090909091,0.0017220629531422757,0.0004014558998684464,3.936684999657664,0.001580405419036182
2016,all,zeros_included,municipality,Akrahreppur,1359,0.0007358351729212656,0.01329706564386564,1.0293741022267856e-05,7.214504414151143,7.426424004328015e-05
2016,all,zeros_included,municipality,Áshreppur,1150,0.0,0.011252115887009188,0.0,0.0,0.0
2016,all,zeros_included,municipality,Blönduós,15,23.533333333333335,0.00014676672896098941,0.0036336905808605534,0.28050923179995024,0.0010192837534359089
2016,all,zeros_included,municipality,Bólstaðarhlíðarhreppur,1340,0.019402985074626865,0.013111161120515054,0.00026763726657896424,6.510239216926152,0.001742382628793292
2016,all,zeros_included,municipality,Engihlíðarhreppur,166,0.891566265060241,0.0016242184671682828,0.0015234736712956428,3.357254111959259,0.005114688247418966
2016,all,zeros_included,municipality,Höfðahreppur,48,2.4166666666666665,0.00046965353267516607,0.0011940739585830713,2.0810762165495937,0.002484958916008454
2016,all,zeros_included,municipality,Húnaþing vestra,2461,0.1958553433563592,0.02407952799819966,0.004961583172733107,4.663429158721316,0.02313799164114459
2016,all,zeros_included,municipality,Skagahreppur,272,0.007352941176470588,0.0026613700184926078,2.058748204453571e-05,5.605802066295998,0.00011540934938509004
2016,all,zeros_included,municipality,Sveinsstaðahreppur,118,0.0,0.0011545649344931166,0.0,0.0,0.0
2016,all,zeros_included,municipality,Sveitarfélagið Skagafjörður,4110,0.5274059679676436,0.040214083735311094,0.022313109640694,3.628288341511243,0.08095839557219216
2016,all,zeros_included,municipality,Svínavatnshreppur,979,0.3680626457144218,0.009578975176853908,0.0037091779823009295,3.8075685260161394,0.014122949342801068
2016,all,zeros_included,municipality,Torfalækjarhreppur,187,1.0053475935828877,0.0018296918877136678,0.001935223312186357,2.819009110782905,0.005455412148452811
2016,all,zeros_included,municipality,Vindhælishreppur,225,0.4,0.002201500934414841,0.0009264366920041071,3.655719259020666,0.0033867924572228117
2016,all,zeros_included,municipality,Ásahreppur,137,0.0072992700729927005,0.0013404694578437032,1.0293741022267856e-05,4.919980925828125,5.064500948497236e-05
2016,all,zeros_included,municipality,Austur-Eyjafjallahreppur,282,0.0,0.0027592145044666007,0.0,0.0,0.0
2016,all,zeros_included,municipality,Austur-Landeyjahreppur,200,0.11,0.001956889719479859,0.00022646230248989284,3.3736384001940998,0.0007640019198762744
2016,all,zeros_included,municipality,Biskupstungnahreppur,1989,2.4560080442433385,0.019461268260227194,0.050284924893778477,2.677401437905056,0.13463293021555023
2016,all,zeros_included,municipality,Djúpárhreppur,120,1.45,0.0011741338316879153,0.001791110937874607,2.5887390089341773,0.004636718754204675
2016,all,zeros_included,municipality,Fljótshlíðarhreppur,414,0.0,0.0040507617193233075,0.0,0.0,0.0
2016,all,zeros_included,municipality,Gaulverjabæjarhreppur,84,0.10714285714285714,0.0008218936821815406,9.26436692004107e-05,3.901110599785659,0.0003614131999207584
2016,all,zeros_included,municipality,Gnúpverjahreppur,1127,0.4866269489464341,0.011027073569269004,0.005645381683848646,3.17137553752928,0.01790362537217345
2016,all,zeros_included,municipality,Grímsnes- og Grafningshreppur,889,2.524664332413432,0.008698374803087971,0.023103546076552347,1.6387337380903961,0.03786056042517233
2016,all,zeros_included,municipality,Holta- og Landasveit,1604,0.04177057356608479,0.015694255550228468,0.0006896806484919464,5.488978245110967,0.003785642075646318
2016,all,zeros_included,municipality,Hraungerðishreppur,98,5.704081632653061,0.0009588759625451307,0.005754201231447732,1.0867373308324972,0.006253305287336577
2016,all,zeros_included,municipality,Hrunamannahreppur,1212,3.7151873505154853,0.011858751700047944,0.0463507298397192,2.3193429213996417,0.10750323715545987
2016,all,zeros_included,municipality,Hveragerði,11,56.81818181818182,0.00010762893457139223,0.00643358813891741,0.003498709699257141,2.250925722265604e-05
2016,all,zeros_included,municipality,Hvolhreppur,238,2.2399626499464533,0.002328698766181032,0.005487707709508185,2.0651173776087717,0.011332760554142982
2016,all,zeros_included,municipality,Laugardalshreppur,649,0.539291217257319,0.006350107139712142,0.0036028093577937497,4.0534418431967065,0.014603778203941839
2016,all,zeros_included,municipality,Mýrdalshreppur,764,0.07198952879581152,0.007475318728413061,0.0005661557562247321,5.056716406169291,0.0028628891009487845
2016,all,zeros_included,municipality,Ölfushreppur,739,7.879594186000798,0.007230707513478078,0.05994066091242093,1.0265323119273626,0.061531025224881554
2016,all,zeros_included,municipality,Rangárvallahreppur,1446,0.11549100968188106,0.014148312671839379,0.001719054750718732,4.721958571625098,0.008117305315249164
2016,all,zeros_included,municipality,Skaftárhreppur,6922,0.004045073678127709,0.06772795319119791,0.00028822474862349995,7.236900141536014,0.002085853724107589
2016,all,zeros_included,municipality,Skeiðahreppur,1280,0.3119962180033326,0.012524094204671096,0.004110858583108262,3.5200824746124946,0.014470561254009745
2016,all,zeros_included,municipality,Sveitarfélagið Árborg,149,15.018809606564925,0.0014578828410124946,0.02303536074635646,0.5839957529373834,0.013452552843252686
2016,all,zeros_included,municipality,Þingvallahreppur,647,0.0,0.006330538242517343,0.0,0.0,0.0
2016,all,zeros_included,municipality,Uten navn - sysla,123,0.0,0.0012034871774801131,0.0,0.0,0.0
2016,all,zeros_included,municipality,Vestmannaeyjar,15,32.62706773281097,0.00014676672896098941,0.005037818783363224,0.266830127872955,0.0013442418301655836
2016,all,zeros_included,municipality,Vestur-Eyjafjallahreppur,469,0.0,0.0045889063921802685,0.0,0.0,0.0
2016,all,zeros_included,municipality,Vestur-Landeyjahreppur,186,0.1774193548387097,0.0018199074391162687,0.00033969345373483927,3.186071626364816,0.0010822876746064407
2016,all,zeros_included,municipality,Villingaholtshreppur,2932,0.011255115961800819,0.028688003287574728,0.00033969345373483927,5.553347839211752,0.001886435907292747
2016,all,zeros_included,municipality,Grindavík,456,6.299550962814114,0.004461708560414078,0.029569751452510694,1.2308059334555053,0.03639462553855471
2016,all,zeros_included,municipality,Reykjanesbær,132,16.96674159078887,0.0012915472148567067,0.023053964198406447,0.784747951018109,0.018091551167544302
2016,all,zeros_included,municipality,Sandgerði,88,46.765043285760015,0.0008610314765711379,0.04236207751413086,0.06974309230869169,0.002954462282455981
2016,all,zeros_included,municipality,Vatnsleysustrandarhreppur,155,11.416447773287373,0.0015165895325968905,0.01821528329973235,0.4711957841082812,0.008582964697171864
2016,all,zeros_included,municipality,Árneshreppur,682,0.0,0.006672993943426318,0.0,0.0,0.0
2016,all,zeros_included,municipality,Bæjarhreppur,497,0.11871227364185111,0.004862870952907449,0.0006073307203138035,4.237944878664852,0.002573834115809719
2016,all,zeros_included,municipality,Bolungarvík,85,10.423529411764706,0.00083167813077894,0.00912025454572932,0.9274555958397586,0.008458631113919654
2016,all,zeros_included,municipality,Broddaneshreppur,284,0.0,0.0027787834016613994,0.0,0.0,0.0
2016,all,zeros_included,municipality,Hólmavíkurhreppur,1327,0.1838733990028916,0.012983963288748863,0.0025116728143417953,4.464936491766533,0.01121445960413263
2016,all,zeros_included,municipality,Ísafjarðarbær,2337,1.098773356324646,0.02286625637212215,0.02643261132577051,3.1698591211765583,0.08378765410750845
2016,all,zeros_included,municipality,Kaldrananeshreppur,471,0.010615711252653927,0.004608475289375067,5.146870511133928e-05,5.0999379260302735,0.0002624872012009874
2016,all,zeros_included,municipality,Kirkjubólshreppur,159,0.0,0.0015557273269864876,0.0,0.0,0.0
2016,all,zeros_included,municipality,Reykhólahreppur,1149,0.02959094865100087,0.011242331438411789,0.0003499871947571071,5.198187369198653,0.001819299015167663
2016,all,zeros_included,municipality,Súðavíkurhreppur,733,0.3274215552523875,0.007172000821893682,0.0024704978453442853,3.729430474048496,0.009213549950498126
2016,all,zeros_included,municipality,Vesturbyggð,1511,0.42011912653258426,0.014784301830670333,0.00653446680289901,3.525274790976095,0.02303579109273004
2016,all,zeros_included,municipality,Akranes,7,46.857142857142854,6.849114018179505e-05,0.003376347055303857,0.038219594524706135,0.00012904261542839897
2016,all,zeros_included,municipality,Borgarbyggð,1847,1.7042378305291639,0.018071876559396495,0.03240188935686138,2.485305330968427,0.08052858835205673
2016,all,zeros_included,municipality,Borgarfjarðarsveit,1259,0.42085555359141236,0.012318620784125711,0.00545421219825454,3.093564327804465,0.016872956292796223
2016,all,zeros_included,municipality,Dalabyggð,2172,0.06813996316758748,0.021251822353551265,0.0015234736712956428,5.335106228307355,0.008127893872391656
2016,all,zeros_included,municipality,Eyja- og Miklaholtshreppur,405,0.0,0.003962701681946714,0.0,0.0,0.0
2016,all,zeros_included,municipality,Eyrarsveit,141,2.7965434189383864,0.0013796072522333004,0.004058952013403177,1.864876489324144,0.007569444181090484
2016,all,zeros_included,municipality,Helgafellssveit,246,1.5406504103807899,0.0024069743549602262,0.003901327857256394,2.8447664431855753,0.011098366572188073
2016,all,zeros_included,municipality,Hvalfjarðarstrandarhreppur,291,1.2685199848974693,0.0028472745418431943,0.0037998245159767533,2.557103925876197,0.009716546187444776
2016,all,zeros_included,municipality,Hvítársíðuhreppur,1477,0.0,0.014451630578358757,0.0,0.0,0.0
2016,all,zeros_included,municipality,Innri-Akraneshreppur,28,18.214285714285715,0.0002739645607271802,0.005249807921356607,0.17088012894648408,0.0008970878545456906
2016,all,zeros_included,municipality,Kolbeinsstaðahreppur,391,0.0,0.003825719401583124,0.0,0.0,0.0
2016,all,zeros_included,municipality,Leirár- og Melahreppur,136,1.9411764705882353,0.0013306850092463039,0.002717547629878714,1.4692025355312452,0.0039926278682447325
2016,all,zeros_included,municipality,Saurbæjarhreppur,255,0.0,0.00249503439233682,0.0,0.0,0.0
2016,all,zeros_included,municipality,Skilmannahreppur,52,16.557692307692307,0.0005087913270647633,0.008862911020172625,0.14156914663296583,0.0012547147498097472
2016,all,zeros_included,municipality,Skorradalshreppur,207,0.07246376811594203,0.0020253808596616537,0.00015440611533401783,5.33271879326537,0.0008234043930368171
2016,all,zeros_included,municipality,Snæfellsbær,697,0.8337774134776855,0.0068197606723873075,0.005982134068895281,2.938696241924851,0.01757967490695318
2016,all,lit_only,region,Austurland,435,19.85106732379431,0.08736694115284194,0.08888865953033298,0.28167883868148635,0.025038054388458228
2016,all,lit_only,region,Höfuðborgarsvæði,747,27.7824522028646,0.15003012653143202,0.21363106985104802,0.27373269866149963,0.0584778092682707
2016,all,lit_only,region,Norðurland eystra,904,18.63106781046475,0.18156256276360716,0.1733721818563486,0.2791636995424125,0.048399219684758195
2016,all,lit_only,region,Norðurland vestra,258,15.247952939928041,0.051817634063064874,0.04049528750030353,0.28397300381605817,0.011499568431856068
2016,all,lit_only,region,Suðurland,1294,18.38203806210154,0.25989154448684476,0.2448506014189304,0.33889867761626924,0.08297954503442373
2016,all,lit_only,region,Suðurnes,532,20.671199892920658,0.10684876481221128,0.11320107646478035,0.4426117070417859,0.050104121693044165
2016,all,lit_only,region,Vestfirðir,284,16.44589202252912,0.05703956617794738,0.04807828995426717,0.2947736447811362,0.01417221276466362
2016,all,lit_only,region,Vesturland,525,14.33748421101343,0.10544286001205061,0.07748283342398898,0.2697407578524542,0.020900278208342258
2016,all,lit_only,municipality,Austur-Hérað,98,16.8265306122449,0.019682667202249447,0.016974378945719695,0.42688963747594366,0.007246186474517572
2016,all,lit_only,municipality,Borgarfjarðarhreppur,1,5.0,0.0002008435428800964,5.146870511133928e-05,0.0,0.0
2016,all,lit_only,municipality,Búðahreppur,16,27.25,0.0032134966860815424,0.004488071085708785,0.12016225409906678,0.0005392967382156136
2016,all,lit_only,municipality,Djúpavogshreppur,7,20.0,0.0014059048001606748,0.0014411237431175,0.22314310526394898,0.0003215768271088445
2016,all,lit_only,municipality,Fáskrúðsfjarðarhr.,24,12.520833333333334,0.004820245029122314,0.0030932691771914907,0.2641339816163528,0.000817037503982728
2016,all,lit_only,municipality,Fellahreppur,18,25.5,0.003615183771841735,0.0047248271292209465,0.26056230569165795,0.001231111850784307
2016,all,lit_only,municipality,Fjarðabyggð,157,24.43312101910828,0.03153243623217514,0.039486790561419495,0.1494791836210667,0.0059024532169370285
2016,all,lit_only,municipality,Fljótsdalshreppur,6,3.5,0.0012050612572805785,0.00021616856146762498,0.2830308622715365,6.118237434817954e-05
2016,all,lit_only,municipality,Mjóafjarðarhreppur,3,27.666666666666668,0.0006025306286402892,0.0008543805048482321,0.009513264549862122,8.127947768865988e-06
2016,all,lit_only,municipality,Norður-Hérað,3,4.0,0.0006025306286402892,0.0001235248922672143,0.05889151782819191,7.274568395180135e-06
2016,all,lit_only,municipality,Seyðisfjörður,60,16.7,0.012050612572805784,0.010314328504312392,0.39623657878457097,0.004086914239008923
2016,all,lit_only,municipality,Skeggjastaðahreppur,5,4.14285717010498,0.001004217714400482,0.0002132274940065308,0.07215798009656726,1.5386065268564165e-05
2016,all,lit_only,municipality,Stöðvarhreppur,9,8.666666666666666,0.0018075918859208676,0.0008029117997368928,0.15160649572469342,0.00012172664433411714
2016,all,lit_only,municipality,Sveitarfélagið Hornafjörður,19,20.0,0.0038160273147218315,0.003911621588461785,0.18559409260324244,0.0007259738593178188
2016,all,lit_only,municipality,Vopnafjarðarhreppur,9,23.666666666666668,0.0018075918859208676,0.0021925668377430533,0.04416081212736067,9.682553219825226e-05
2016,all,lit_only,municipality,Bessastaðahreppur,6,61.5,0.0012050612572805785,0.003798390437216839,0.0003900327679842164,1.4814967361124616e-06
2016,all,lit_only,municipality,Garðabær,36,51.05555555555556,0.00723036754368347,0.01891989599892832,0.043037568491955724,0.0008142663199145567
2016,all,lit_only,municipality,Hafnarfjörður,98,33.15567024386659,0.019682667202249447,0.03344699652518737,0.16551272476000412,0.005535903529922151
2016,all,lit_only,municipality,Kjósarhreppur,56,6.375,0.011247238401285399,0.0036748655449496247,0.046510112179935614,0.00017091840874178726
2016,all,lit_only,municipality,Kópavogur,107,22.46728971962617,0.021490259088170316,0.024746153417531926,0.2780584902440877,0.006880878058627498
2016,all,lit_only,municipality,Mosfellsbær,184,23.78804347826087,0.036955211889937736,0.045055704454466404,0.2693583655176659,0.012136130909102089
2016,all,lit_only,municipality,Reykjavík,260,31.381677352465115,0.05221932114882506,0.08398906347276752,0.23716789655049597,0.01991950951708237
2016,all,lit_only,municipality,Aðaldælahreppur,119,15.327731092436975,0.02390038160273147,0.01877578362461657,0.20296168252452151,0.0038107646351685383
2016,all,lit_only,municipality,Akureyri,79,37.74683544303797,0.015866639887527616,0.03069593572840275,0.17074725990285833,0.005241246915779019
2016,all,lit_only,municipality,Bárðdælahreppur,4,2.5,0.0008033741715203856,0.00010293741022267856,0.1064401352862232,1.0956671870115361e-05
2016,all,lit_only,municipality,Dalvíkurbyggð,71,14.644668028388224,0.014259891544486845,0.010703137822933322,0.3004810588844853,0.003216090186421589
2016,all,lit_only,municipality,Eyjafjarðarsveit,106,18.650943396226417,0.021289415545290218,0.020350726001023552,0.13192203903775068,0.0026847092699535968
2016,all,lit_only,municipality,Glæsibæjarhreppur,66,24.03030303030303,0.013255673830086363,0.01632587326131682,0.17605304950081502,0.0028742197734186424
2016,all,lit_only,municipality,Grímseyjarhreppur,4,5.090277791023254,0.0008033741715203856,0.00020959200524878031,0.13792632854729914,2.890825577683052e-05
2016,all,lit_only,municipality,Grýtubakkahreppur,50,20.86,0.01004217714400482,0.010736371886225374,0.20207360908395966,0.0021695374155171207
2016,all,lit_only,municipality,Hálshreppur,54,9.35978838249489,0.010845551315525205,0.005202750832162224,0.10446040878624485,0.0005434814787406415
2016,all,lit_only,municipality,Hríseyjarhreppur,4,9.75,0.0008033741715203856,0.0004014558998684464,0.0010038428324841142,4.029986276414002e-07
2016,all,lit_only,municipality,Húsavík,35,25.428571428571427,0.007029524000803374,0.009161429509818393,0.1983311388589084,0.001816996748257893
2016,all,lit_only,municipality,Ljósavatnshreppur,18,5.5,0.003615183771841735,0.0010190803612045178,0.09221013809760858,9.396954083922942e-05
2016,all,lit_only,municipality,Ólafsfjörður,41,19.26829268292683,0.008234585258083953,0.008132055407591607,0.15368936326064997,0.0012498104175930795
2016,all,lit_only,municipality,Öxarfjarðarhreppur,17,7.0280112308614395,0.003414340228961639,0.0012298569677053194,0.13786656548840526,0.00016955615617951692
2016,all,lit_only,municipality,Öxnadalshreppur,4,4.5,0.0008033741715203856,0.0001852873384008214,0.253878033109602,4.704038503331377e-05
2016,all,lit_only,municipality,Reykdælahreppur,30,9.755555566151937,0.006025306286402892,0.0030126348757893513,0.03923408890102875,0.00011819798454305912
2016,all,lit_only,municipality,Reykjahreppur,96,18.30030154188474,0.019280980116489255,0.018084342211350784,0.3214865389710373,0.005813872587094999
2016,all,lit_only,municipality,Siglufjörður,45,26.792592589060465,0.009037959429604338,0.012410820424211466,0.12583455890980977,0.001561710113789508
2016,all,lit_only,municipality,Skútustaðahreppur,31,11.290322580645162,0.006226149829282989,0.0036028093577937497,0.24827563669830788,0.0008944897872088649
2016,all,lit_only,municipality,Þórshafnarhreppur,26,9.818681322611296,0.005221932114882507,0.002627845030593617,0.22264493681334496,0.0005850763907917784
2016,all,lit_only,municipality,Tjörneshreppur,4,9.75,0.0008033741715203856,0.0004014558998684464,0.1524953657394028,6.122016427867981e-05
2016,all,lit_only,municipality,Akrahreppur,1,1.0,0.0002008435428800964,1.0293741022267856e-05,0.0,0.0
2016,all,lit_only,municipality,Blönduós,12,29.416666666666668,0.002410122514561157,0.0036336905808605534,0.05736568048574053,0.00020844913284569143
2016,all,lit_only,municipality,Bólstaðarhlíðarhreppur,2,13.0,0.0004016870857601928,0.00026763726657896424,0.002961504541140858,7.92608980352129e-07
2016,all,lit_only,municipality,Engihlíðarhreppur,6,24.666666666666668,0.0012050612572805785,0.0015234736712956428,0.037025792830770676,5.640782053652609e-05
2016,all,lit_only,municipality,Höfðahreppur,6,19.333333333333332,0.0012050612572805785,0.0011940739585830713,0.0016346748697579905,1.9519226927281905e-06
2016,all,lit_only,municipality,Húnaþing vestra,26,18.53846153846154,0.005221932114882507,0.004961583172733107,0.11320264635174171,0.0005616643452476585
2016,all,lit_only,municipality,Skagahreppur,1,2.0,0.0002008435428800964,2.058748204453571e-05,0.0,0.0
2016,all,lit_only,municipality,Sveitarfélagið Skagafjörður,160,13.547740802168846,0.03213496686081543,0.022313109640694,0.38228384925478975,0.008529941442288662
2016,all,lit_only,municipality,Svínavatnshreppur,24,15.013888756434122,0.004820245029122314,0.0037091779823009295,0.09909071383357437,0.0003675450940019762
2016,all,lit_only,municipality,Torfalækjarhreppur,13,14.461538461538462,0.0026109660574412533,0.001935223312186357,0.15284985138985485,0.0002957985956738674
2016,all,lit_only,municipality,Vindhælishreppur,7,12.857142857142858,0.0014059048001606748,0.0009264366920041071,0.18552900587155907,0.00017188087847045774
2016,all,lit_only,municipality,Ásahreppur,1,1.0,0.0002008435428800964,1.0293741022267856e-05,0.0,0.0
2016,all,lit_only,municipality,Austur-Landeyjahreppur,7,3.142857142857143,0.0014059048001606748,0.00022646230248989284,0.02123118270137625,4.808062519137249e-06
2016,all,lit_only,municipality,Biskupstungnahreppur,156,31.314102564102566,0.031331592689295036,0.050284924893778477,0.13187016630062054,0.006631081408156781
2016,all,lit_only,municipality,Djúpárhreppur,12,14.5,0.002410122514561157,0.001791110937874607,0.2861539159401314,0.0005125334087560203
2016,all,lit_only,municipality,Gaulverjabæjarhreppur,2,4.5,0.0004016870857601928,9.26436692004107e-05,0.16344098150229058,1.5141772224088654e-05
2016,all,lit_only,municipality,Gnúpverjahreppur,53,10.347708895521343,0.010644707772645109,0.005645381683848646,0.11435293704162586,0.000645565976269092
2016,all,lit_only,municipality,Grímsnes- og Grafningshreppur,214,10.487974726708137,0.04298051817634063,0.023103546076552347,0.21461251759834266,0.004958310188938211
2016,all,lit_only,municipality,Holta- og Landasveit,7,9.571428571428571,0.0014059048001606748,0.0006896806484919464,0.05463260573982165,3.7679050955445026e-05
2016,all,lit_only,municipality,Hraungerðishreppur,48,11.645833333333334,0.009640490058244628,0.005754201231447732,0.3729708630698161,0.002146149399570459
2016,all,lit_only,municipality,Hrunamannahreppur,134,33.60303782705051,0.02691303474593292,0.0463507298397192,0.11715555472129324,0.005430245466109102
2016,all,lit_only,municipality,Hveragerði,11,56.81818181818182,0.0022092789716810605,0.00643358813891741,0.003498709699257141,2.250925722265604e-05
2016,all,lit_only,municipality,Hvolhreppur,40,13.327777767181397,0.008033741715203857,0.005487707709508185,0.2817261580512329,0.0015460308095078723
2016,all,lit_only,municipality,Laugardalshreppur,12,29.166666666666668,0.002410122514561157,0.0036028093577937497,0.06291577628061695,0.0002266735475366648
2016,all,lit_only,municipality,Mýrdalshreppur,5,11.0,0.001004217714400482,0.0005661557562247321,0.027586529436870677,1.5618272434947352e-05
2016,all,lit_only,municipality,Ölfushreppur,368,15.823424194170082,0.07391042377987547,0.05994066091242093,0.32931732914809153,0.019739498359049867
2016,all,lit_only,municipality,Rangárvallahreppur,19,8.789473684210526,0.0038160273147218315,0.001719054750718732,0.3898411480728292,0.0006701582776202417
2016,all,lit_only,municipality,Skaftárhreppur,5,5.6,0.001004217714400482,0.00028822474862349995,0.003878029774825098,1.117744157003412e-06
2016,all,lit_only,municipality,Skeiðahreppur,45,8.874559089872573,0.009037959429604338,0.004110858583108262,0.17212960746915185,0.0007076004742716189
2016,all,lit_only,municipality,Sveitarfélagið Árborg,118,18.964429079476048,0.023699538059851376,0.02303536074635646,0.35073407145758884,0.008079285862063924
2016,all,lit_only,municipality,Vestmannaeyjar,13,37.64661661478189,0.0026109660574412533,0.005037818783363224,0.12372928423228169,0.0006233257121574758
2016,all,lit_only,municipality,Vestur-Landeyjahreppur,8,4.125,0.0016067483430407712,0.00033969345373483927,0.039766494331451074,1.3508417802377524e-05
2016,all,lit_only,municipality,Villingaholtshreppur,16,2.0625,0.0032134966860815424,0.00033969345373483927,0.34249649844499197,0.00011634381844886832
2016,all,lit_only,municipality,Grindavík,222,12.93961819388845,0.0445872665193814,0.029569751452510694,0.5109905058133988,0.015109862251494922
2016,all,lit_only,municipality,Reykjanesbær,91,24.611097692133306,0.018276762402088774,0.023053964198406447,0.4128055349485882,0.009516804023608773
2016,all,lit_only,municipality,Sandgerði,88,46.765043285760015,0.017674231773448484,0.04236207751413086,0.06974309230869169,0.002954462282455981
2016,all,lit_only,municipality,Vatnsleysustrandarhreppur,131,13.508010724118648,0.02631050411729263,0.01821528329973235,0.30296799039018607,0.005518647775707827
2016,all,lit_only,municipality,Bæjarhreppur,8,7.375,0.0016067483430407712,0.0006073307203138035,0.10879639424805898,6.607539248621822e-05
2016,all,lit_only,municipality,Bolungarvík,40,22.15,0.008033741715203857,0.00912025454572932,0.1736837934633786,0.001584040406853891
2016,all,lit_only,municipality,Hólmavíkurhreppur,17,14.352941204519833,0.003414340228961639,0.0025116728143417953,0.10747380149054164,0.00026993902545776016
2016,all,lit_only,municipality,Ísafjarðarbær,128,20.061197919771075,0.02570797348865234,0.02643261132577051,0.26526605055731745,0.007011674412303761
2016,all,lit_only,municipality,Kaldrananeshreppur,3,1.6666666666666667,0.0006025306286402892,5.146870511133928e-05,0.043692120681965485,2.24877687506913e-06
2016,all,lit_only,municipality,Reykhólahreppur,7,4.857142857142857,0.0014059048001606748,0.0003499871947571071,0.09745024040521022,3.410633626782522e-05
2016,all,lit_only,municipality,Súðavíkurhreppur,23,10.434782608695652,0.004619401486242217,0.0024704978453442853,0.2677789880909942,0.0006615474131072743
2016,all,lit_only,municipality,Vesturbyggð,58,10.944827589495429,0.011648925487045592,0.00653446680289901,0.2651908392497746,0.00173288073551058
2016,all,lit_only,municipality,Akranes,7,46.857142857142854,0.0014059048001606748,0.003376347055303857,0.038219594524706135,0.00012904261542839897
2016,all,lit_only,municipality,Borgarbyggð,197,15.97831103039272,0.03956617794737899,0.03240188935686138,0.24719107950717545,0.008009458008194623
2016,all,lit_only,municipality,Borgarfjarðarsveit,64,8.279017843306065,0.01285398674432617,0.00545421219825454,0.11437437711978982,0.0006238221228545226
2016,all,lit_only,municipality,Dalabyggð,11,13.454545454545455,0.0022092789716810605,0.0015234736712956428,0.049597820051900054,7.556097300272882e-05
2016,all,lit_only,municipality,Eyrarsveit,30,13.143754069010416,0.006025306286402892,0.004058952013403177,0.3173139806081311,0.0012879622204703504
2016,all,lit_only,municipality,Helgafellssveit,20,18.950000047683716,0.004016870857601928,0.003901327857256394,0.3351671808072032,0.0013075970593212324
2016,all,lit_only,municipality,Hvalfjarðarstrandarhreppur,28,13.1835469858987,0.005623619200642699,0.0037998245159767533,0.2159851688799086,0.000820705739797256
2016,all,lit_only,municipality,Innri-Akraneshreppur,28,18.214285714285715,0.005623619200642699,0.005249807921356607,0.17088012894648408,0.0008970878545456906
2016,all,lit_only,municipality,Leirár- og Melahreppur,33,8.0,0.006627836915043182,0.002717547629878714,0.05305521126167356,0.00014418006361687546
2016,all,lit_only,municipality,Skilmannahreppur,51,16.88235294117647,0.010243020686884917,0.008862911020172625,0.12215106077586402,0.0010826139826761814
2016,all,lit_only,municipality,Skorradalshreppur,1,15.0,0.0002008435428800964,0.00015440611533401783,0.0,0.0
2016,all,lit_only,municipality,Snæfellsbær,55,10.56623376716267,0.011046394858405303,0.005982134068895281,0.3992440163967981,0.002388331232289872
2017,all,zeros_included,region,Austurland,22467,0.45157887992200096,0.21982720663776992,0.09118658994112029,3.9108378307483234,0.35661596559866776
2017,all,zeros_included,region,Höfuðborgarsvæði,1034,20.36765719935788,0.01011711984971087,0.18928399052131617,0.5614729987265461,0.10627784976893052
2017,all,zeros_included,region,Norðurland eystra,21869,0.8741751296338495,0.21397610637652514,0.17182234375932987,3.2377106264271966,0.556311028247209
2017,all,zeros_included,region,Norðurland vestra,12430,0.3993458121319692,0.12162069606567322,0.04461414050135015,3.713558153148051,0.16567720520448154
2017,all,zeros_included,region,Suðurland,24726,1.2033019622658716,0.24193027601929493,0.2674119170407261,2.7793470943061376,0.743230534609976
2017,all,zeros_included,region,Suðurnes,831,14.195148598989999,0.008130876784438813,0.10602132672403862,0.6919624493845369,0.07336277692696402
2017,all,zeros_included,region,Vestfirðir,9235,0.49665907078584465,0.09035938279698248,0.041223754112577844,3.803749290818952,0.15680482547061284
2017,all,zeros_included,region,Vesturland,9611,1.0237830588924515,0.0940383354696046,0.08843593739954085,2.63458248409851,0.23299177163766266
2017,all,zeros_included,municipality,Austur-Hérað,1563,1.1060638397226559,0.015293093157735096,0.015537868438000745,3.102389630740994,0.048204521925871276
2017,all,zeros_included,municipality,Borgarfjarðarhreppur,419,0.011933174224343675,0.004099683962310304,4.493888284658632e-05,6.037870919922138,0.00027133517391319135
2017,all,zeros_included,municipality,Breiðdalshreppur,452,0.0,0.004422570766024481,0.0,0.0,0.0
2017,all,zeros_included,municipality,Búðahreppur,25,18.84,0.00024461121493498235,0.004233242764148431,0.39671981838370307,0.0016794113005670908
2017,all,zeros_included,municipality,Djúpavogshreppur,1146,0.1457242587057916,0.011212978092619591,0.0015009586913616888,4.93628677091429,0.007409162531857529
2017,all,zeros_included,municipality,Fáskrúðsfjarðarhr.,219,2.3900304472065406,0.0021427942428304454,0.00470435206408536,1.6918791347158657,0.007959195099583535
2017,all,zeros_included,municipality,Fellahreppur,336,1.5744047619047619,0.0032875747287261625,0.004754533805168833,2.8798181923515096,0.013692192948275452
2017,all,zeros_included,municipality,Fjarðabyggð,635,6.828015982259916,0.006213124859348551,0.03896911310827746,1.313138361335085,0.051171837329685055
2017,all,zeros_included,municipality,Fljótsdalshreppur,1531,0.013716525146962769,0.014979990802618318,0.00018874330795566252,5.824947788701165,0.0010994199143084793
2017,all,zeros_included,municipality,Mjóafjarðarhreppur,187,1.5614973262032086,0.0018296918877136678,0.002624430758240641,2.047114055354501,0.005372509092499087
2017,all,zeros_included,municipality,Norður-Hérað,6977,0.007596388132435144,0.06826609786405487,0.00047635215817381496,6.6410036800411225,0.003163456435427836
2017,all,zeros_included,municipality,Seyðisfjörður,208,5.6660714332874,0.002035165308259053,0.010592479886181103,1.3727276290516568,0.014540589799934748
2017,all,zeros_included,municipality,Skeggjastaðahreppur,589,0.11730940313614488,0.005763040223868184,0.0006210125651670376,3.8160317139968534,0.002369803643467953
2017,all,zeros_included,municipality,Stöðvarhreppur,85,0.9647058823529412,0.00083167813077894,0.0007369976786840156,2.3484849430106673,0.0017308279514232246
2017,all,zeros_included,municipality,Sveitarfélagið Hornafjörður,6214,0.07016414547795301,0.06080056358423921,0.003918670584222327,5.612407951665552,0.02199317794684728
2017,all,zeros_included,municipality,Vopnafjarðarhreppur,1881,0.13503455608718767,0.018404547811708073,0.002282895248606585,4.982005867338146,0.011373397523076383
2017,all,zeros_included,municipality,Bessastaðahreppur,6,61.5,5.870669158439576e-05,0.00331648955407807,0.0003900327679842164,1.2935396007678092e-06
2017,all,zeros_included,municipality,Garðabær,36,51.05555555555556,0.0003522401495063746,0.01651953333440513,0.043037568491955724,0.0007109605473346065
2017,all,zeros_included,municipality,Hafnarfjörður,143,22.881609816651245,0.001399176149428099,0.029408635910705184,0.5198049202804067,0.015286753645119614
2017,all,zeros_included,municipality,Kjósarhreppur,273,1.820512830992758,0.002671154467090007,0.004466924980664915,1.0725258727888072,0.004790892613569764
2017,all,zeros_included,municipality,Kópavogur,107,23.265907198469215,0.0010469359999217243,0.02237463898730733,0.26167998421730987,0.005854995177066588
2017,all,zeros_included,municipality,Mosfellsbær,198,22.2020202020202,0.0019373208222850601,0.03951026579871869,0.3268879947660124,0.012915431559615314
2017,all,zeros_included,municipality,Reykjavík,271,30.253266668847566,0.0026515855698952084,0.07368750195543684,0.26730360135037845,0.019696934647201323
2017,all,zeros_included,municipality,Aðaldælahreppur,561,4.050746120233587,0.005489075663141003,0.020424439798973102,1.4331728319963946,0.02927175222863415
2017,all,zeros_included,municipality,Akureyri,117,25.87912088377863,0.0011447804858957173,0.02721370348870929,0.5333039050432498,0.014513174341217775
2017,all,zeros_included,municipality,Arnarneshreppur,77,2.675324675324675,0.0007534025419997456,0.0018514819732793563,1.2273588953446604,0.0022724328694747028
2017,all,zeros_included,municipality,Bárðdælahreppur,3151,0.0031735956839098697,0.030830797530405175,8.987776569317264e-05,6.775620915923607,0.0006089776691071418
2017,all,zeros_included,municipality,Dalvíkurbyggð,575,1.9843478260869565,0.005626057943504594,0.010255053065590998,2.2209642927024302,0.0227761066784462
2017,all,zeros_included,municipality,Eyjafjarðarsveit,1796,1.3207647635835846,0.01757286968092913,0.02131984651790665,2.700163682723348,0.05756707528888737
2017,all,zeros_included,municipality,Glæsibæjarhreppur,120,13.75,0.0011741338316879153,0.014829831339373484,0.7228626025247138,0.01071993047698208
2017,all,zeros_included,municipality,Grímseyjarhreppur,5,4.0722222328186035,4.892224298699647e-05,0.00018300111784589937,0.36106987986150885,6.607619163514071e-05
2017,all,zeros_included,municipality,Grýtubakkahreppur,490,2.3318027214128145,0.004794379812725654,0.010269283713254319,2.288792988366607,0.023504264558443882
2017,all,zeros_included,municipality,Hálshreppur,1471,0.5053431292442462,0.01439292388677436,0.006681151281772232,3.2056053027966955,0.021417133977636005
2017,all,zeros_included,municipality,Hríseyjarhreppur,7,5.571428571428571,6.849114018179505e-05,0.0003505232862033733,0.560619630767907,0.00019651023528688852
2017,all,zeros_included,municipality,Húsavík,66,14.545454545454545,0.0006457736074283534,0.008628265506544573,0.6422640526038195,0.005541624771175065
2017,all,zeros_included,municipality,Kelduneshreppur,720,0.0,0.0070448029901274915,0.0,0.0,0.0
2017,all,zeros_included,municipality,Ljósavatnshreppur,401,0.24688279301745636,0.003923563887557117,0.000889789880362409,3.1957998075080134,0.002843590328384765
2017,all,zeros_included,municipality,Ólafsfjörður,202,3.547704769833253,0.0019764586166746575,0.006440967516642806,1.9320422283631398,0.012444221233669166
2017,all,zeros_included,municipality,Öxarfjarðarhreppur,2684,0.06165282825776966,0.026261460035419702,0.001487263032643816,4.803759912974142,0.007144454536262716
2017,all,zeros_included,municipality,Öxnadalshreppur,289,0.010380622837370242,0.0028277056446483957,2.696332970795179e-05,5.0299125198176196,0.00013562318967399708
2017,all,zeros_included,municipality,Reykdælahreppur,390,1.2412248941568227,0.0038159349529857246,0.004350782288172837,2.02539227708625,0.008812040845748909
2017,all,zeros_included,municipality,Reykjahreppur,191,10.146512391055442,0.0018688296821032652,0.017418165988765538,0.784100351278247,0.013657590070413872
2017,all,zeros_included,municipality,Siglufjörður,137,9.343992720555216,0.0013404694578437032,0.01150549548076178,1.1452989506586722,0.013177231900924562
2017,all,zeros_included,municipality,Skriðuhreppur,403,0.02481389578163772,0.003943132784751916,8.987776569317264e-05,5.9989365619466835,0.0005391710147228506
2017,all,zeros_included,municipality,Skútustaðahreppur,6033,0.08834742250953091,0.05902957838810994,0.004790484911446101,4.841977418980134,0.02319541976718707
2017,all,zeros_included,municipality,Svalbarðshreppur,1098,0.0,0.010743324559944424,0.0,0.0,0.0
2017,all,zeros_included,municipality,Þórshafnarhreppur,709,0.36151108217172123,0.006937174055556099,0.0023036692112290906,3.539427629585131,0.008153670455648828
2017,all,zeros_included,municipality,Tjörneshreppur,176,0.26704545454545453,0.0017220629531422757,0.00042242549875791136,3.5778634105066462,0.0015113807356709518
2017,all,zeros_included,municipality,Akrahreppur,1359,0.0007358351729212656,0.01329706564386564,8.987776569317263e-06,7.214504414151143,6.484235373274362e-05
2017,all,zeros_included,municipality,Áshreppur,1150,0.0,0.011252115887009188,0.0,0.0,0.0
2017,all,zeros_included,municipality,Blönduós,15,23.666666666666668,0.00014676672896098941,0.0031906606821076287,0.25939031668278245,0.0008276264847592005
2017,all,zeros_included,municipality,Bólstaðarhlíðarhreppur,1340,0.029104477611940297,0.013111161120515054,0.0003505232862033733,5.751151799069717,0.0020159126280643595
2017,all,zeros_included,municipality,Engihlíðarhreppur,166,0.9156626506024096,0.0016242184671682828,0.001366142038536224,3.245257480735865,0.004433482670307425
2017,all,zeros_included,municipality,Höfðahreppur,48,2.625,0.00046965353267516607,0.0011324598477339752,1.8952168686882735,0.0021462570065375833
2017,all,zeros_included,municipality,Húnaþing vestra,2461,0.34117793126205076,0.02407952799819966,0.007546486731766947,3.776698707052607,0.02850080668265388
2017,all,zeros_included,municipality,Skagahreppur,272,0.007352941176470588,0.0026613700184926078,1.7975553138634525e-05,5.605802066295998,0.00010076739292737093
2017,all,zeros_included,municipality,Sveinsstaðahreppur,118,0.0,0.0011545649344931166,0.0,0.0,0.0
2017,all,zeros_included,municipality,Sveitarfélagið Skagafjörður,4110,0.6661011155794426,0.040214083735311094,0.02460561647753813,3.1568481005718128,0.07767619364051474
2017,all,zeros_included,municipality,Svínavatnshreppur,979,0.4255232932740505,0.009578975176853908,0.003744193611002497,3.5550332616394185,0.013310732825131679
2017,all,zeros_included,municipality,Torfalækjarhreppur,187,1.0106951871657754,0.0018296918877136678,0.0016986897716009628,2.814708391004499,0.0047813163538387455
2017,all,zeros_included,municipality,Vindhælishreppur,225,0.4709629636340671,0.002201500934414841,0.0009524047251524596,3.3626153277217434,0.003202570726992275
2017,all,zeros_included,municipality,Ásahreppur,137,0.5797705946177462,0.0013404694578437032,0.0007138862535261787,1.7309602410419316,0.0012357087214801958
2017,all,zeros_included,municipality,Austur-Eyjafjallahreppur,282,0.0,0.0027592145044666007,0.0,0.0,0.0
2017,all,zeros_included,municipality,Austur-Landeyjahreppur,200,0.33666667103767395,0.001956889719479859,0.0006051769635244898,2.4796786575544285,0.0015006444004952723
2017,all,zeros_included,municipality,Biskupstungnahreppur,1989,2.527400703871292,0.019461268260227194,0.04518155281395788,2.5909750739574093,0.11706427714365511
2017,all,zeros_included,municipality,Djúpárhreppur,120,1.685425688823064,0.0011741338316879153,0.0018177875418395213,2.2670702337798505,0.004121052027440224
2017,all,zeros_included,municipality,Fljótshlíðarhreppur,414,0.0748792270531401,0.0040507617193233075,0.0002786210736488352,4.266893736513833,0.001188846514012974
2017,all,zeros_included,municipality,Gaulverjabæjarhreppur,84,0.23809523809523808,0.0008218936821815406,0.00017975553138634527,2.696833229094866,0.00048477069015630107
2017,all,zeros_included,municipality,Gnúpverjahreppur,1127,1.3996345419321001,0.011027073569269004,0.014177212064365653,1.9852801995922538,0.028145738396805554
2017,all,zeros_included,municipality,Grímsnes- og Grafningshreppur,889,2.985337564459802,0.008698374803087971,0.023853245294872125,1.3477043000976372,0.032147121255182896
2017,all,zeros_included,municipality,Holta- og Landasveit,1604,0.5049875311720698,0.015694255550228468,0.007280099021146983,2.4160807087704237,0.01758930680293167
2017,all,zeros_included,municipality,Hraungerðishreppur,98,7.462925170149122,0.0009588759625451307,0.0065733601903177645,0.47635782026920603,0.0031312715321041434
2017,all,zeros_included,municipality,Hrunamannahreppur,1212,3.792899261606802,0.011858751700047944,0.04131675410925944,2.2650186279912132,0.09358321770560514
2017,all,zeros_included,municipality,Hveragerði,11,56.81818181818182,0.00010762893457139223,0.005617360355823289,0.003498709699257141,1.9653513161141486e-05
2017,all,zeros_included,municipality,Hvolhreppur,238,2.7519197093338525,0.002328698766181032,0.005886606197237975,1.6215292052655697,0.009545303868718671
2017,all,zeros_included,municipality,Laugardalshreppur,649,1.7488443759630201,0.006350107139712142,0.010201126406175093,1.9046170458212237,0.019429239239778084
2017,all,zeros_included,municipality,Mýrdalshreppur,764,0.10340314136125654,0.007475318728413061,0.0007100343489760638,4.290056208216475,0.0030460872668717056
2017,all,zeros_included,municipality,Ölfushreppur,739,9.374938035366178,0.007230707513478078,0.06226802797725529,0.6384824803525468,0.03975704494957974
2017,all,zeros_included,municipality,Rangárvallahreppur,1446,0.2843509191958901,0.014148312671839379,0.003695516936952288,3.305127558028534,0.012214154869482205
2017,all,zeros_included,municipality,Skaftárhreppur,6922,0.0065010112684195315,0.06772795319119791,0.00040444994561927687,6.783174356291837,0.002743454499528307
2017,all,zeros_included,municipality,Skeiðahreppur,1280,0.5755683639086783,0.012524094204671096,0.006621542214628724,2.6480292083418195,0.017534037188605238
2017,all,zeros_included,municipality,Sveitarfélagið Árborg,149,15.550502384268997,0.0014578828410124946,0.020824901704596326,0.4879665240842712,0.010161854899188484
2017,all,zeros_included,municipality,Þingvallahreppur,647,0.0,0.006330538242517343,0.0,0.0,0.0
2017,all,zeros_included,municipality,Uten navn - sysla,123,0.0,0.0012034871774801131,0.0,0.0,0.0
2017,all,zeros_included,municipality,Vestmannaeyjar,15,33.15939860343933,0.00014676672896098941,0.004470438987309654,0.21525846909710689,0.000962299852600297
2017,all,zeros_included,municipality,Vestur-Eyjafjallahreppur,469,0.006396588486140725,0.0045889063921802685,2.696332970795179e-05,6.15060276844628,0.0001658407303482581
2017,all,zeros_included,municipality,Vestur-Landeyjahreppur,186,0.20430107526881722,0.0018199074391162687,0.000341535509634056,2.9489791430787173,0.0010071810945315915
2017,all,zeros_included,municipality,Villingaholtshreppur,2932,0.16567758087571938,0.028688003287574728,0.004365962268964865,3.4185277120240833,0.014925163006107937
2017,all,zeros_included,municipality,Grindavík,456,7.4132164000419145,0.004461708560414078,0.030382519694590288,0.8430695436307127,0.025614577013269375
2017,all,zeros_included,municipality,Reykjanesbær,132,18.699013483343702,0.0012915472148567067,0.022184257293652622,0.5130599150423447,0.011381853162358931
2017,all,zeros_included,municipality,Sandgerði,88,46.77816558967937,0.0008610314765711379,0.03699798965654557,0.06928202098171754,0.002563295495666159
2017,all,zeros_included,municipality,Vatnsleysustrandarhreppur,155,11.81286100418337,0.0015165895325968905,0.016456560079250136,0.38463996384721266,0.006329850673932255
2017,all,zeros_included,municipality,Árneshreppur,682,0.0,0.006672993943426318,0.0,0.0,0.0
2017,all,zeros_included,municipality,Bæjarhreppur,497,0.0,0.004862870952907449,0.0,0.0,0.0
2017,all,zeros_included,municipality,Bolungarvík,85,10.468973501990822,0.00083167813077894,0.007997887553409695,0.932785245496667,0.007460311504962
2017,all,zeros_included,municipality,Broddaneshreppur,284,0.0,0.0027787834016613994,0.0,0.0,0.0
2017,all,zeros_included,municipality,Hólmavíkurhreppur,1327,0.203427319429652,0.012983963288748863,0.002426232784635977,4.267581018650427,0.010354144978539863
2017,all,zeros_included,municipality,Ísafjarðarbær,2337,1.0678413069345118,0.02286625637212215,0.022429402085788756,3.2041374211885456,0.07186688655796017
2017,all,zeros_included,municipality,Kaldrananeshreppur,471,0.0,0.004608475289375067,0.0,0.0,0.0
2017,all,zeros_included,municipality,Kirkjubólshreppur,159,0.0,0.0015557273269864876,0.0,0.0,0.0
2017,all,zeros_included,municipality,Reykhólahreppur,1149,0.04525674499564839,0.011242331438411789,0.0004673643816044977,4.715275769962446,0.0022037519443231703
2017,all,zeros_included,municipality,Súðavíkurhreppur,733,0.3610732171577776,0.007172000821893682,0.002378764878917371,3.6424096867286884,0.008664436237418627
2017,all,zeros_included,municipality,Vesturbyggð,1511,0.4067663240716759,0.014784301830670333,0.005524102428221548,3.5938347392708963,0.019852711209833313
2017,all,zeros_included,municipality,Akranes,7,46.857142857142854,6.849114018179505e-05,0.0029479907147360626,0.038219594524706135,0.00011267100977981095
2017,all,zeros_included,municipality,Borgarbyggð,1847,2.089362028229863,0.018071876559396495,0.03468429414472284,2.032692251489644,0.07050249595636576
2017,all,zeros_included,municipality,Borgarfjarðarsveit,1259,0.868319500619405,0.012318620784125711,0.00982556543289658,2.261010245666669,0.022215704113247425
2017,all,zeros_included,municipality,Dalabyggð,2172,0.0749204758122481,0.021251822353551265,0.0014625563756304454,5.101212812026583,0.007460811321677192
2017,all,zeros_included,municipality,Eyja- og Miklaholtshreppur,405,0.3654320987654321,0.003962701681946714,0.001330190932258955,2.905472842122422,0.0038648336285158997
2017,all,zeros_included,municipality,Eyrarsveit,141,3.2693253121477492,0.0013796072522333004,0.004143139126757632,1.5414814540450146,0.006386572125425146
2017,all,zeros_included,municipality,Helgafellssveit,246,1.6260162640393265,0.0024069743549602262,0.003595110636298317,2.6837966049868225,0.009648545720249438
2017,all,zeros_included,municipality,Hvalfjarðarstrandarhreppur,291,1.9691930554576755,0.0028472745418431943,0.005150312156452687,1.7384181474888185,0.008953396118009624
2017,all,zeros_included,municipality,Hvítársíðuhreppur,1477,0.006770480704129994,0.014451630578358757,8.987776569317264e-05,6.604621101971435,0.0005936085878951722
2017,all,zeros_included,municipality,Innri-Akraneshreppur,28,18.238095249448502,0.0002739645607271802,0.004589757904255153,0.16963503319075457,0.0007785837344258511
2017,all,zeros_included,municipality,Kolbeinsstaðahreppur,391,0.0,0.003825719401583124,0.0,0.0,0.0
2017,all,zeros_included,municipality,Leirár- og Melahreppur,136,5.2857434784664825,0.0013306850092463039,0.006460963068656831,0.11314444526964218,0.0007310220823108222
2017,all,zeros_included,municipality,Saurbæjarhreppur,255,0.0,0.00249503439233682,0.0,0.0,0.0
2017,all,zeros_included,municipality,Skilmannahreppur,52,16.673076923076923,0.0005087913270647633,0.007792402285598067,0.12662010360021592,0.0009866747846969865
2017,all,zeros_included,municipality,Skorradalshreppur,207,0.20772946859903382,0.0020253808596616537,0.0003864743924806423,3.8128329892986272,0.0014735623131693384
2017,all,zeros_included,municipality,Snæfellsbær,697,0.9541577603587803,0.0068197606723873075,0.005977302463103463,2.7036691891667664,0.016160648503823455
2017,all,lit_only,region,Austurland,608,16.68687943290723,0.08211777417612101,0.0911865899411203,0.3012098677970134,0.02746630070102532
2017,all,lit_only,region,Höfuðborgarsvæði,826,25.496558770140492,0.11156131820637494,0.1892839905213162,0.3368777171791497,0.06376555862538082
2017,all,lit_only,region,Norðurland eystra,1138,16.799064947243107,0.15370070232306862,0.1718223437593299,0.2819128532251498,0.0484389271770252
2017,all,lit_only,region,Norðurland vestra,422,11.762721433176248,0.056996218260399786,0.04461414050135016,0.33069528267930615,0.014753685804588272
2017,all,lit_only,region,Suðurland,2481,11.992279048361926,0.33508914100486226,0.2674119170407261,0.4801534774310663,0.12839876187361243
2017,all,lit_only,region,Suðurnes,709,16.63775526905598,0.09575904916261481,0.10602132672403863,0.5331881810612162,0.05652931834968707
2017,all,lit_only,region,Vestfirðir,266,17.24303202521532,0.035926526202052944,0.04122375411257785,0.2564897069673102,0.010573468612427542
2017,all,lit_only,region,Vesturland,954,10.314024087018186,0.12884927066450566,0.08843593739954086,0.3245826007235122,0.02870476655856469
2017,all,lit_only,municipality,Austur-Hérað,107,16.15680169613562,0.014451647757968665,0.015537868438000748,0.4208561347814235,0.006539207253559269
2017,all,lit_only,municipality,Borgarfjarðarhreppur,1,5.0,0.0001350621285791464,4.4938882846586325e-05,0.0,0.0
2017,all,lit_only,municipality,Búðahreppur,20,23.55,0.002701242571582928,0.004233242764148432,0.17357626706949336,0.0007347904765998285
2017,all,lit_only,municipality,Djúpavogshreppur,11,15.181818225167014,0.0014856834143706105,0.001500958691361689,0.29014914643797596,0.00043550188313725547
2017,all,lit_only,municipality,Fáskrúðsfjarðarhr.,47,11.136524849749627,0.006347920043219881,0.0047043520640853605,0.15295500660942318,0.0007195542010552299
2017,all,lit_only,municipality,Fellahreppur,25,21.16,0.00337655321447866,0.004754533805168833,0.281582857256506,0.0013387952137820878
2017,all,lit_only,municipality,Fjarðabyggð,205,21.150195847488032,0.027687736358725012,0.03896911310827747,0.18252334158080163,0.007112772742963023
2017,all,lit_only,municipality,Fljótsdalshreppur,6,3.5,0.0008103727714748784,0.00018874330795566255,0.2830308622715365,5.342018119867333e-05
2017,all,lit_only,municipality,Mjóafjarðarhreppur,29,10.068965517241379,0.003916801728795246,0.0026244307582406414,0.18330126848638884,0.00048106148704020485
2017,all,lit_only,municipality,Norður-Hérað,10,5.3,0.001350621285791464,0.000476352158173815,0.093214469095932,4.440291352687359e-05
2017,all,lit_only,municipality,Seyðisfjörður,74,15.92625483951053,0.009994597514856833,0.010592479886181104,0.33925464255450866,0.003593547977552193
2017,all,lit_only,municipality,Skeggjastaðahreppur,14,4.935374174799238,0.0018908698001080498,0.0006210125651670377,0.07666285996052502,4.760859931712703e-05
2017,all,lit_only,municipality,Stöðvarhreppur,9,9.11111111111111,0.0012155591572123178,0.0007369976786840156,0.10305826385657024,7.595370123149706e-05
2017,all,lit_only,municipality,Sveitarfélagið Hornafjörður,33,13.212121212121213,0.004457050243111832,0.003918670584222328,0.37435542317903936,0.0014669755848558028
2017,all,lit_only,municipality,Vopnafjarðarhreppur,17,14.941176470588236,0.002296056185845489,0.002282895248606585,0.2756603820933319,0.0006293037765099432
2017,all,lit_only,municipality,Bessastaðahreppur,6,61.5,0.0008103727714748784,0.0033164895540780705,0.0003900327679842164,1.2935396007678094e-06
2017,all,lit_only,municipality,Garðabær,36,51.05555555555556,0.004862236628849271,0.01651953333440513,0.043037568491955724,0.0007109605473346065
2017,all,lit_only,municipality,Hafnarfjörður,106,30.86858682812385,0.01431658562938952,0.029408635910705187,0.22039938413256666,0.006481645242898307
2017,all,lit_only,municipality,Kjósarhreppur,110,4.518181844191118,0.014856834143706105,0.004466924980664915,0.16353444339626355,0.0007304960904059022
2017,all,lit_only,municipality,Kópavogur,107,23.265907198469215,0.014451647757968665,0.02237463898730733,0.26167998421730987,0.005854995177066588
2017,all,lit_only,municipality,Mosfellsbær,193,22.77720207253886,0.026066990815775258,0.0395102657987187,0.3013111529763628,0.011904883742214484
2017,all,lit_only,municipality,Reykjavík,268,30.591922639021234,0.036196650459211235,0.07368750195543686,0.2561717609815344,0.018876657138254517
2017,all,lit_only,municipality,Aðaldælahreppur,160,14.202928584069014,0.021609940572663425,0.020424439798973106,0.178625741707525,0.0036483307080522635
2017,all,lit_only,municipality,Akureyri,79,38.3273056126848,0.010669908157752567,0.027213703488709294,0.14057782271251495,0.0038256431843867247
2017,all,lit_only,municipality,Arnarneshreppur,23,8.956521739130435,0.0031064289573203676,0.0018514819732793565,0.019047689420125913,3.526645359398705e-05
2017,all,lit_only,municipality,Bárðdælahreppur,4,2.5,0.0005402485143165856,8.987776569317265e-05,0.1064401352862232,9.566601539604767e-06
2017,all,lit_only,municipality,Dalvíkurbyggð,84,13.583333333333334,0.011345218800648298,0.010255053065591,0.29741105074839336,0.0030499661077179516
2017,all,lit_only,municipality,Eyjafjarðarsveit,137,17.314551207270934,0.018503511615343058,0.02131984651790665,0.12682735968932812,0.0027039398428478165
2017,all,lit_only,municipality,Glæsibæjarhreppur,67,24.62686567164179,0.009049162614802809,0.014829831339373486,0.1400634791336337,0.0020771177723576456
2017,all,lit_only,municipality,Grímseyjarhreppur,4,5.090277791023254,0.0005402485143165856,0.0001830011178458994,0.13792632854729914,2.5240672304536528e-05
2017,all,lit_only,municipality,Grýtubakkahreppur,63,18.136243388766335,0.008508914100486223,0.010269283713254319,0.23752232365346782,0.002439184129828878
2017,all,lit_only,municipality,Hálshreppur,63,11.799361001877557,0.008508914100486223,0.006681151281772233,0.0550423085867906,0.0003677459905663388
2017,all,lit_only,municipality,Hríseyjarhreppur,4,9.75,0.0005402485143165856,0.00035052328620337333,0.0010038428324841142,3.5187028847403413e-07
2017,all,lit_only,municipality,Húsavík,47,20.425531914893618,0.006347920043219881,0.008628265506544573,0.3027569122874523,0.0026122670231577653
2017,all,lit_only,municipality,Ljósavatnshreppur,18,5.5,0.0024311183144246355,0.0008897898803624092,0.09221013809760858,8.204764774607237e-05
2017,all,lit_only,municipality,Ólafsfjörður,31,23.117302048590876,0.004186925985953539,0.006440967516642807,0.057761735447081186,0.00037204146171956534
2017,all,lit_only,municipality,Öxarfjarðarhreppur,24,6.894841293493907,0.0032414910858995136,0.0014872630326438162,0.08675024523051444,0.00012902043280412967
2017,all,lit_only,municipality,Öxnadalshreppur,2,1.5,0.0002701242571582928,2.6963329707951793e-05,0.056633012265132454,1.5270145820592441e-06
2017,all,lit_only,municipality,Reykdælahreppur,54,8.964402013354832,0.007293354943273906,0.004350782288172837,0.04822958452683235,0.0002098364221252769
2017,all,lit_only,municipality,Reykjahreppur,131,14.793769974744956,0.01769313884386818,0.01741816598876554,0.4070242464327687,0.007089615885818175
2017,all,lit_only,municipality,Siglufjörður,49,26.12504087175642,0.006618044300378174,0.011505495480761782,0.11713832294117354,0.0013477344452236864
2017,all,lit_only,municipality,Skriðuhreppur,1,10.0,0.0001350621285791464,8.987776569317265e-05,0.0,0.0
2017,all,lit_only,municipality,Skútustaðahreppur,62,8.596774193548388,0.008373851971907077,0.004790484911446102,0.26411212558446406,0.0012652251525423332
2017,all,lit_only,municipality,Þórshafnarhreppur,25,10.252454290390014,0.00337655321447866,0.002303669211229091,0.19444792792120413,0.0004479437047393715
2017,all,lit_only,municipality,Tjörneshreppur,6,7.833333333333333,0.0008103727714748784,0.0004224254987579114,0.19913888469654983,8.412134269003427e-05
2017,all,lit_only,municipality,Akrahreppur,1,1.0,0.0001350621285791464,8.987776569317264e-06,0.0,0.0
2017,all,lit_only,municipality,Blönduós,13,27.307692307692307,0.0017558076715289033,0.0031906606821076287,0.11628947304210913,0.0003710402493784726
2017,all,lit_only,municipality,Bólstaðarhlíðarhreppur,5,7.8,0.000675310642895732,0.00035052328620337333,0.16016481855885978,5.6141498535418564e-05
2017,all,lit_only,municipality,Engihlíðarhreppur,10,15.2,0.001350621285791464,0.0013661420385362242,0.43585478537336764,0.0005954395449957409
2017,all,lit_only,municipality,Höfðahreppur,9,14.0,0.0012155591572123178,0.0011324598477339754,0.22124043511660219,0.0002505459094647458
2017,all,lit_only,municipality,Húnaþing vestra,71,11.825899842759254,0.009589411129119395,0.007546486731766948,0.23105553370286636,0.001743657519390012
2017,all,lit_only,municipality,Skagahreppur,1,2.0,0.0001350621285791464,1.797555313863453e-05,0.0,0.0
2017,all,lit_only,municipality,Sveitarfélagið Skagafjörður,255,10.735982686398076,0.034440842787682335,0.024605616477538134,0.37693333823995845,0.009274677158330576
2017,all,lit_only,municipality,Svínavatnshreppur,34,12.252567768096924,0.004592112371690978,0.003744193611002498,0.19486214372506971,0.0007296015935616565
2017,all,lit_only,municipality,Torfalækjarhreppur,13,14.538461538461538,0.0017558076715289033,0.001698689771600963,0.1485491316114489,0.0002523388904485735
2017,all,lit_only,municipality,Vindhælishreppur,10,10.59666668176651,0.001350621285791464,0.0009524047251524597,0.2491000185113692,0.0002372440346657932
2017,all,lit_only,municipality,Ásahreppur,30,2.647619048754374,0.004051863857374392,0.0007138862535261788,0.21217669687596208,0.00015147002721834025
2017,all,lit_only,municipality,Austur-Landeyjahreppur,19,3.54385969513341,0.0025661804430037816,0.0006051769635244898,0.12580027017283202,7.613142551375492e-05
2017,all,lit_only,municipality,Biskupstungnahreppur,188,26.73936170212766,0.025391680172879523,0.04518155281395789,0.2320297579333861,0.010483464762477147
2017,all,lit_only,municipality,Djúpárhreppur,17,11.897122509339276,0.002296056185845489,0.0018177875418395216,0.31279183505402086,0.0005685891009503217
2017,all,lit_only,municipality,Fljótshlíðarhreppur,6,5.166666666666667,0.0008103727714748784,0.0002786210736488352,0.03278723191657251,9.13521375856879e-06
2017,all,lit_only,municipality,Gaulverjabæjarhreppur,7,2.857142857142857,0.0009454349000540249,0.0001797555313863453,0.21192657930686565,3.8094974878196085e-05
2017,all,lit_only,municipality,Gnúpverjahreppur,193,8.172995485790036,0.026066990815775258,0.014177212064365655,0.2206558744573628,0.003128285125430077
2017,all,lit_only,municipality,Grímsnes- og Grafningshreppur,317,8.372129636608088,0.04281469475958941,0.02385324529487213,0.3165088384610133,0.007549762961805608
2017,all,lit_only,municipality,Holta- og Landasveit,163,4.969325153374233,0.022015126958400865,0.007280099021146984,0.1295751211507261,0.0009433197126544031
2017,all,lit_only,municipality,Hraungerðishreppur,95,7.698596491311726,0.012830902215018909,0.006573360190317765,0.44526723319917494,0.002926901904764393
2017,all,lit_only,municipality,Hrunamannahreppur,152,30.24338095439108,0.020529443544030253,0.041316754109259446,0.1888719822082301,0.0078035772470258676
2017,all,lit_only,municipality,Hveragerði,11,56.81818181818182,0.0014856834143706105,0.00561736035582329,0.003498709699257141,1.965351316114149e-05
2017,all,lit_only,municipality,Hvolhreppur,66,9.92358925487056,0.008914100486223663,0.005886606197237976,0.33891327362052026,0.0019950489768207646
2017,all,lit_only,municipality,Laugardalshreppur,129,8.7984496124031,0.017423014586709886,0.010201126406175095,0.2889967334788057,0.002948092209188991
2017,all,lit_only,municipality,Mýrdalshreppur,14,5.642857142857143,0.0018908698001080498,0.0007100343489760639,0.290545748665213,0.00020629746150126757
2017,all,lit_only,municipality,Ölfushreppur,617,11.228653497788663,0.08333333333333333,0.0622680279772553,0.458053583309733,0.028522093340612495
2017,all,lit_only,municipality,Rangárvallahreppur,68,6.04663866407731,0.009184224743381956,0.0036955169369522886,0.2480788604859312,0.0009167796306255826
2017,all,lit_only,municipality,Skaftárhreppur,8,5.625,0.0010804970286331713,0.0004044499456192769,0.02015587377638295,8.152042052767094e-06
2017,all,lit_only,municipality,Skeiðahreppur,105,7.016452436220078,0.014181523500810372,0.006621542214628725,0.14737420158568026,0.0009758444971467855
2017,all,lit_only,municipality,Sveitarfélagið Árborg,140,16.550177537543433,0.0189086980010805,0.02082490170459633,0.4256626407481163,0.008864382652898423
2017,all,lit_only,municipality,Vestmannaeyjar,15,33.15939860343933,0.002025931928687196,0.004470438987309654,0.21525846909710689,0.000962299852600297
2017,all,lit_only,municipality,Vestur-Eyjafjallahreppur,1,3.0,0.0001350621285791464,2.6963329707951793e-05,0.0,0.0
2017,all,lit_only,municipality,Vestur-Landeyjahreppur,11,3.4545454545454546,0.0014856834143706105,0.00034153550963405605,0.12112774216388678,4.136942515076561e-05
2017,all,lit_only,municipality,Villingaholtshreppur,109,4.456574927776232,0.014721772015126958,0.004365962268964865,0.12643553124668494,0.0005520127588795547
2017,all,lit_only,municipality,Grindavík,339,9.971760113330717,0.04578606158833063,0.03038251969459029,0.5465768414967771,0.016606381651382788
2017,all,lit_only,municipality,Reykjanesbær,132,18.699013483343702,0.017828200972447326,0.022184257293652625,0.5130599150423447,0.011381853162358933
2017,all,lit_only,municipality,Sandgerði,88,46.77816558967937,0.011885467314964884,0.03699798965654558,0.06928202098171754,0.0025632954956661593
2017,all,lit_only,municipality,Vatnsleysustrandarhreppur,150,12.206623037656149,0.02025931928687196,0.01645656007925014,0.3518501410242214,0.005790242984657734
2017,all,lit_only,municipality,Bolungarvík,39,22.81699352998,0.00526742301458671,0.007997887553409697,0.15369563513599704,0.001229240407267589
2017,all,lit_only,municipality,Hólmavíkurhreppur,23,11.736871864484703,0.0031064289573203676,0.0024262327846359772,0.21239920024736847,0.0005153299030706273
2017,all,lit_only,municipality,Ísafjarðarbær,120,20.796209452549615,0.01620745542949757,0.02242940208578876,0.23500582943173365,0.005271040240828644
2017,all,lit_only,municipality,Reykhólahreppur,11,4.7272727272727275,0.0014856834143706105,0.00046736438160449774,0.06652376491206069,3.109083825012823e-05
2017,all,lit_only,municipality,Súðavíkurhreppur,22,12.030303098938681,0.002971366828741221,0.0023787648789173714,0.1363064382003527,0.0003242409679613202
2017,all,lit_only,municipality,Vesturbyggð,51,12.051449326907887,0.006888168557536467,0.005524102428221549,0.20513340972248262,0.0011331779667573321
2017,all,lit_only,municipality,Akranes,7,46.857142857142854,0.0009454349000540249,0.0029479907147360626,0.038219594524706135,0.00011267100977981095
2017,all,lit_only,municipality,Borgarbyggð,339,11.383633233452969,0.04578606158833063,0.03468429414472284,0.3373743786708543,0.011701592186713019
2017,all,lit_only,municipality,Borgarfjarðarsveit,147,7.436831641359394,0.01985413290113452,0.009825565432896581,0.11336979840105821,0.0011139223723038915
2017,all,lit_only,municipality,Dalabyggð,17,9.572192556717816,0.002296056185845489,0.0014625563756304456,0.2510224750289738,0.00036713452128015996
2017,all,lit_only,municipality,Eyja- og Miklaholtshreppur,23,6.434782608695652,0.0031064289573203676,0.0013301909322589551,0.03707999094503278,4.932346772332677e-05
2017,all,lit_only,municipality,Eyrarsveit,45,10.243885978062947,0.006077795786061589,0.004143139126757633,0.3993840534371662,0.0016547036983985846
2017,all,lit_only,municipality,Helgafellssveit,27,14.814814850136086,0.003646677471636953,0.0035951106362983173,0.4743019350587887,0.001705167931546725
2017,all,lit_only,municipality,Hvalfjarðarstrandarhreppur,66,8.682351199063389,0.008914100486223663,0.005150312156452688,0.25474962234375154,0.0013120400768087549
2017,all,lit_only,municipality,Hvítársíðuhreppur,2,5.0,0.0002701242571582928,8.987776569317265e-05,0.0,0.0
2017,all,lit_only,municipality,Innri-Akraneshreppur,28,18.238095249448502,0.0037817396002160996,0.004589757904255153,0.16963503319075457,0.0007785837344258511
2017,all,lit_only,municipality,Leirár- og Melahreppur,129,5.572566767995672,0.017423014586709886,0.006460963068656832,0.06030196389526221,0.00038960876169476683
2017,all,lit_only,municipality,Skilmannahreppur,52,16.673076923076923,0.007023230686115613,0.007792402285598068,0.12662010360021592,0.0009866747846969867
2017,all,lit_only,municipality,Skorradalshreppur,5,8.6,0.000675310642895732,0.0003864743924806424,0.08955210846735895,3.460959671528314e-05
2017,all,lit_only,municipality,Snæfellsbær,67,9.92608893985179,0.009049162614802809,0.005977302463103464,0.3615763977972084,0.002161251493153332
2018,all,zeros_included,region,Austurland,22467,0.42692049206425403,0.21982720663776992,0.08915742052540174,4.0325757954502714,0.35953405599551624
2018,all,zeros_included,region,Höfuðborgarsvæði,1034,20.364842203645686,0.01011711984971087,0.1957343268341422,0.5661598236275456,0.11081691195827431
2018,all,zeros_included,region,Norðurland eystra,21869,0.8368503588141769,0.21397610637652514,0.1701148159995123,3.3252416058509806,0.5656728639332624
2018,all,zeros_included,region,Norðurland vestra,12430,0.3647453830689072,0.12162069606567322,0.042143086587833035,3.908771068752202,0.16472767760244073
2018,all,zeros_included,region,Suðurland,24726,1.1598986685010866,0.24193027601929493,0.26658721845247413,2.8779207764698715,0.7672168947256877
2018,all,zeros_included,region,Suðurnes,831,13.996803400461998,0.008130876784438813,0.1081173256989779,0.7387465881320128,0.07987130547807751
2018,all,zeros_included,region,Vestfirðir,9235,0.488104658070034,0.09035938279698248,0.0419001193949705,3.8414044209986913,0.1609553038842127
2018,all,zeros_included,region,Vesturland,9611,0.9653913378901566,0.0940383354696046,0.08624568650668821,2.7597269398619613,0.23801454449939669
2018,all,zeros_included,municipality,Austur-Hérað,1563,1.0945475249433854,0.015293093157735096,0.015902265855986683,3.127706679998454,0.04973762314488088
2018,all,zeros_included,municipality,Borgarfjarðarhreppur,419,0.011933174224343675,0.004099683962310304,4.6476713773337216e-05,6.037870919922138,0.0002806203985455775
2018,all,zeros_included,municipality,Breiðdalshreppur,452,0.0,0.004422570766024481,0.0,0.0,0.0
2018,all,zeros_included,municipality,Búðahreppur,25,17.84,0.00024461121493498235,0.004145722868581679,0.5186015565269892,0.0021499783325759935
2018,all,zeros_included,municipality,Djúpavogshreppur,1146,0.1457242587057916,0.011212978092619591,0.0015523222444618278,4.93628677091429,0.007662707759532899
2018,all,zeros_included,municipality,Fáskrúðsfjarðarhr.,219,1.9379756526859928,0.0021427942428304454,0.003945098399279747,2.0400584661350605,0.008048231389186523
2018,all,zeros_included,municipality,Fellahreppur,336,1.5535714285714286,0.0032875747287261625,0.004852168917936405,2.9117491842320344,0.01412829888855736
2018,all,zeros_included,municipality,Fjarðabyggð,635,6.4768348798977105,0.006213124859348551,0.038229794110511944,1.42632156041154,0.0545279795899173
2018,all,zeros_included,municipality,Fljótsdalshreppur,1531,0.013716525146962769,0.014979990802618318,0.0001952021978480163,5.824947788701165,0.0011370426107044098
2018,all,zeros_included,municipality,Mjóafjarðarhreppur,187,1.2085561497326203,0.0018296918877136678,0.002100747462554842,2.472091357543813,0.00519323964656392
2018,all,zeros_included,municipality,Norður-Hérað,6977,0.001719936935645693,0.06826609786405487,0.00011154411305600931,7.810653533099319,0.000871232420737349
2018,all,zeros_included,municipality,Seyðisfjörður,208,5.627609894825862,0.002035165308259053,0.010880597075288592,1.3865631266898892,0.015086634700965013
2018,all,zeros_included,municipality,Skeggjastaðahreppur,589,0.07146899566585625,0.005763040223868184,0.0003912896697060797,4.35275657498989,0.0017031886825387608
2018,all,zeros_included,municipality,Stöðvarhreppur,85,0.8705882352941177,0.00083167813077894,0.0006878553638453908,2.476340328649645,0.001703363977768316
2018,all,zeros_included,municipality,Sveitarfélagið Hornafjörður,6214,0.06952043772127454,0.06080056358423921,0.004015588070016335,5.64394368387884,0.022663752924827914
2018,all,zeros_included,municipality,Vopnafjarðarhreppur,1881,0.12014885699096226,0.018404547811708073,0.002100747462554842,5.251923702604984,0.01103296539177905
2018,all,zeros_included,municipality,Bessastaðahreppur,6,61.5,5.870669158439576e-05,0.0034299814764722865,0.0003900327679842164,1.3378051694030752e-06
2018,all,zeros_included,municipality,Garðabær,36,51.05555555555556,0.0003522401495063746,0.017084839983078758,0.043037568491955724,0.0007352899709458557
2018,all,zeros_included,municipality,Hafnarfjörður,143,22.928220722225163,0.001399176149428099,0.030476970862588475,0.5188662769554706,0.01581347240435164
2018,all,zeros_included,municipality,Kjósarhreppur,273,1.7808709965520726,0.002671154467090007,0.004519189123939771,1.1964231617331278,0.0054068625401339845
2018,all,zeros_included,municipality,Kópavogur,107,23.282226402068808,0.0010469359999217243,0.023156541371392714,0.26092899137811854,0.006042212983843174
2018,all,zeros_included,municipality,Mosfellsbær,198,22.184343434343436,0.0019373208222850601,0.04082979304987674,0.33189930658812816,0.013551380001390863
2018,all,zeros_included,municipality,Reykjavík,271,30.264336783067765,0.0026515855698952084,0.07623701096679347,0.26725852680910966,0.02037499123931516
2018,all,zeros_included,municipality,Aðaldælahreppur,561,3.688892287791519,0.005489075663141003,0.019236419710240114,1.574196415182151,0.03028190294879926
2018,all,zeros_included,municipality,Akureyri,117,25.87912088377863,0.0011447804858957173,0.028144969960090766,0.5333039050432498,0.015009822387041363
2018,all,zeros_included,municipality,Arnarneshreppur,77,2.311688311688312,0.0007534025419997456,0.0016545710103308049,1.4152186251360153,0.002341579710430269
2018,all,zeros_included,municipality,Bárðdælahreppur,3151,0.0031735956839098697,0.030830797530405175,9.295342754667443e-05,6.775620915923607,0.0006298171878920369
2018,all,zeros_included,municipality,Dalvíkurbyggð,575,1.9582608695652175,0.005626057943504594,0.01046655594175554,2.2487192165822174,0.023536345477658472
2018,all,zeros_included,municipality,Eyjafjarðarsveit,1796,1.3207647635835846,0.01757286968092913,0.022049422271730932,2.700163682723348,0.0595370492431592
2018,all,zeros_included,municipality,Glæsibæjarhreppur,120,13.75,0.0011741338316879153,0.01533731554520128,0.7228626025247138,0.011086771830746947
2018,all,zeros_included,municipality,Grímseyjarhreppur,5,4.0722222328186035,4.892224298699647e-05,0.0001892635071361304,0.36106987986150885,6.833735178381042e-05
2018,all,zeros_included,municipality,Grýtubakkahreppur,490,2.270578231616896,0.004794379812725654,0.010341843427941207,2.3509988656151215,0.024313662167458977
2018,all,zeros_included,municipality,Hálshreppur,1471,0.341994580567734,0.01439292388677436,0.0046762455213718674,3.7153977965317324,0.017374112306146418
2018,all,zeros_included,municipality,Hríseyjarhreppur,7,5.571428571428571,6.849114018179505e-05,0.00036251836743203026,0.560619630767907,0.00020323491329632924
2018,all,zeros_included,municipality,Húsavík,66,14.303030303030303,0.0006457736074283534,0.008774803560406066,0.6951351100500105,0.006099674038630095
2018,all,zeros_included,municipality,Kelduneshreppur,720,0.0,0.0070448029901274915,0.0,0.0,0.0
2018,all,zeros_included,municipality,Ljósavatnshreppur,401,0.24688279301745636,0.003923563887557117,0.0009202389327120768,3.1957998075080134,0.0029408994040226346
2018,all,zeros_included,municipality,Ólafsfjörður,202,3.371287128712871,0.0019764586166746575,0.006330128415928529,2.0099054929537026,0.01272295987427707
2018,all,zeros_included,municipality,Öxarfjarðarhreppur,2684,0.022780498342613528,0.026261460035419702,0.0005683438179416935,5.668056611053668,0.003221404934635898
2018,all,zeros_included,municipality,Öxnadalshreppur,289,0.010380622837370242,0.0028277056446483957,2.7886028264002328e-05,5.0299125198176196,0.0001402642826930933
2018,all,zeros_included,municipality,Reykdælahreppur,390,1.1309684839004126,0.0038159349529857246,0.0040999684840065595,2.1721376637892615,0.00890569596445961
2018,all,zeros_included,municipality,Reykjahreppur,191,10.115098778489997,0.0018688296821032652,0.017958452237386055,0.7992107721976511,0.014352588480115945
2018,all,zeros_included,municipality,Siglufjörður,137,9.285598559971273,0.0013404694578437032,0.01182485651771358,1.1597469410344945,0.01371384117459013
2018,all,zeros_included,municipality,Skriðuhreppur,403,0.02481389578163772,0.003943132784751916,9.295342754667443e-05,5.9989365619466835,0.0005576217150680072
2018,all,zeros_included,municipality,Skútustaðahreppur,6033,0.07790485662191281,0.05902957838810994,0.0043688110946936975,5.079061997893541,0.02218946240703444
2018,all,zeros_included,municipality,Svalbarðshreppur,1098,0.0,0.010743324559944424,0.0,0.0,0.0
2018,all,zeros_included,municipality,Þórshafnarhreppur,709,0.3318918988802201,0.006937174055556099,0.002187299710930653,3.640033815227639,0.007961844911825217
2018,all,zeros_included,municipality,Tjörneshreppur,176,0.25,0.0017220629531422757,0.00040899508120536746,3.7228382916059743,0.001522622549389837
2018,all,zeros_included,municipality,Akrahreppur,1359,0.0007358351729212656,0.01329706564386564,9.295342754667442e-06,7.214504414151143,6.706129133459611e-05
2018,all,zeros_included,municipality,Áshreppur,1150,0.0,0.011252115887009188,0.0,0.0,0.0
2018,all,zeros_included,municipality,Blönduós,15,23.666666666666668,0.00014676672896098941,0.003299846677906942,0.25939031668278245,0.0008559482747869093
2018,all,zeros_included,municipality,Bólstaðarhlíðarhreppur,1340,0.026865671641791045,0.013111161120515054,0.00033463233916802794,5.924167528708778,0.0019824180377550934
2018,all,zeros_included,municipality,Engihlíðarhreppur,166,0.891566265060241,0.0016242184671682828,0.0013757107276907816,3.357254111959259,0.0046186104974063405
2018,all,zeros_included,municipality,Höfðahreppur,48,2.5833333333333335,0.00046965353267516607,0.001152622501578763,1.9573510449497449,0.0022560868578977806
2018,all,zeros_included,municipality,Húnaþing vestra,2461,0.3370129576740784,0.02407952799819966,0.007709453998642529,3.8162766496189677,0.029421409276331065
2018,all,zeros_included,municipality,Skagahreppur,272,0.007352941176470588,0.0026613700184926078,1.8590685509334884e-05,5.605802066295998,0.00010421570324208856
2018,all,zeros_included,municipality,Sveinsstaðahreppur,118,0.0,0.0011545649344931166,0.0,0.0,0.0
2018,all,zeros_included,municipality,Sveitarfélagið Skagafjörður,4110,0.5687775146062066,0.040214083735311094,0.021729495812085615,3.482054645078793,0.0756632918276929
2018,all,zeros_included,municipality,Svínavatnshreppur,979,0.42041604097578694,0.009578975176853908,0.0038258450652212165,3.593178930848795,0.01374694588104471
2018,all,zeros_included,municipality,Torfalækjarhreppur,187,1.0106951871657754,0.0018296918877136678,0.0017568197806321466,2.814708391004499,0.004944935378027986
2018,all,zeros_included,municipality,Vindhælishreppur,225,0.4450370380613539,0.002201500934414841,0.0009307736566430096,3.4929334240069574,0.0032511304154735437
2018,all,zeros_included,municipality,Ásahreppur,137,0.4191866530119068,0.0013404694578437032,0.0005338182556560706,2.340576310206085,0.001249442363144134
2018,all,zeros_included,municipality,Austur-Eyjafjallahreppur,282,0.0,0.0027592145044666007,0.0,0.0,0.0
2018,all,zeros_included,municipality,Austur-Landeyjahreppur,200,0.26166667103767394,0.001956889719479859,0.00048645627895359836,2.8655025897587283,0.0013939417271459304
2018,all,zeros_included,municipality,Biskupstungnahreppur,1989,2.532382009016203,0.019461268260227194,0.046819784572762736,2.5888573086141298,0.12120974147893589
2018,all,zeros_included,municipality,Djúpárhreppur,120,1.685425688823064,0.0011741338316879153,0.0018799931358158223,2.2670702337798505,0.00426207647791849
2018,all,zeros_included,municipality,Fljótshlíðarhreppur,414,0.012077294685990338,0.0040507617193233075,4.6476713773337216e-05,6.025865973825314,0.00028006244810197103
2018,all,zeros_included,municipality,Gaulverjabæjarhreppur,84,0.3390873046148391,0.0008218936821815406,0.00026476234849270554,2.5251894156800296,0.0006685750800843674
2018,all,zeros_included,municipality,Gnúpverjahreppur,1127,1.1192441248957203,0.011027073569269004,0.011725035003469336,2.219429324741201,0.026022886520316892
2018,all,zeros_included,municipality,Grímsnes- og Grafningshreppur,889,2.881683437440741,0.008698374803087971,0.02381296314743791,1.4415375238727588,0.0343272799316309
2018,all,zeros_included,municipality,Holta- og Landasveit,1604,0.3273067331670823,0.015694255550228468,0.004880054946200407,2.945915725858823,0.014376230609066912
2018,all,zeros_included,municipality,Hraungerðishreppur,98,7.075170068108306,0.0009588759625451307,0.006445080821401788,0.6092389720286169,0.003926594414272179
2018,all,zeros_included,municipality,Hrunamannahreppur,1212,3.8225536991660745,0.011858751700047944,0.043064719560227165,2.263465213041968,0.0974754946339822
2018,all,zeros_included,municipality,Hveragerði,11,56.81818181818182,0.00010762893457139223,0.005809589221667151,0.003498709699257141,2.0326066158546606e-05
2018,all,zeros_included,municipality,Hvolhreppur,238,2.5838524824430964,0.002328698766181032,0.005716235079530047,1.7649833475588057,0.010089059726102018
2018,all,zeros_included,municipality,Laugardalshreppur,649,1.6979969183359014,0.006350107139712142,0.010243467715643521,2.013485050778374,0.02062506911357913
2018,all,zeros_included,municipality,Mýrdalshreppur,764,0.09816753926701571,0.007475318728413061,0.0006971507066000582,4.472813780757567,0.003118225287745616
2018,all,zeros_included,municipality,Ölfushreppur,739,9.273667013854878,0.007230707513478078,0.06370321406647501,0.6770708578159375,0.04313158979362053
2018,all,zeros_included,municipality,Rangárvallahreppur,1446,0.2594546536357241,0.014148312671839379,0.0034873470257751394,3.47684880505767,0.012124978339387712
2018,all,zeros_included,municipality,Skaftárhreppur,6922,0.005345275931811615,0.06772795319119791,0.0003439276819226954,7.056990816822684,0.0024270944929795746
2018,all,zeros_included,municipality,Skeiðahreppur,1280,0.564720075763762,0.012524094204671096,0.006719061330772396,2.70850718566693,0.018198625895333838
2018,all,zeros_included,municipality,Sveitarfélagið Árborg,149,15.713934888775716,0.0014578828410124946,0.0217638952115389,0.4704515693206295,0.010238858656798208
2018,all,zeros_included,municipality,Þingvallahreppur,647,0.0,0.006330538242517343,0.0,0.0,0.0
2018,all,zeros_included,municipality,Uten navn - sysla,123,0.0,0.0012034871774801131,0.0,0.0,0.0
2018,all,zeros_included,municipality,Vestmannaeyjar,15,33.29273193677266,0.00014676672896098941,0.004642010318873477,0.2046889913390535,0.0009501684099556902
2018,all,zeros_included,municipality,Vestur-Eyjafjallahreppur,469,0.0,0.0045889063921802685,0.0,0.0,0.0
2018,all,zeros_included,municipality,Vestur-Landeyjahreppur,186,0.1989247311827957,0.0018199074391162687,0.0003439276819226954,3.0124262720282275,0.0010360567847016954
2018,all,zeros_included,municipality,Villingaholtshreppur,2932,0.11588221934775213,0.028688003287574728,0.0031582476275621276,3.8646631507610376,0.012205563227217824
2018,all,zeros_included,municipality,Grindavík,456,7.22230161543478,0.004461708560414078,0.030612998660832922,0.9199275571445216,0.02816174107492854
2018,all,zeros_included,municipality,Reykjanesbær,132,18.676868963422198,0.0012915472148567067,0.022916242615070605,0.5174670560674066,0.011858400602147033
2018,all,zeros_included,municipality,Sandgerði,88,46.77816558967937,0.0008610314765711379,0.038264079267978084,0.06928202098171754,0.0026510127426901606
2018,all,zeros_included,municipality,Vatnsleysustrandarhreppur,155,11.329992348917068,0.0015165895325968905,0.016324005155096296,0.4978306658245053,0.008126590355284246
2018,all,zeros_included,municipality,Árneshreppur,682,0.0,0.006672993943426318,0.0,0.0,0.0
2018,all,zeros_included,municipality,Bæjarhreppur,497,0.0,0.004862870952907449,0.0,0.0,0.0
2018,all,zeros_included,municipality,Bolungarvík,85,10.045444084616268,0.00083167813077894,0.007936946900595154,1.0189047240566254,0.008086992691602993
2018,all,zeros_included,municipality,Broddaneshreppur,284,0.0,0.0027787834016613994,0.0,0.0,0.0
2018,all,zeros_included,municipality,Hólmavíkurhreppur,1327,0.19513794490063918,0.012983963288748863,0.002407010907202613,4.373663817058932,0.010527456512098264
2018,all,zeros_included,municipality,Ísafjarðarbær,2337,1.0579996291622933,0.02286625637212215,0.02298315449089436,3.2270555320600525,0.07416791584403148
2018,all,zeros_included,municipality,Kaldrananeshreppur,471,0.0,0.004608475289375067,0.0,0.0,0.0
2018,all,zeros_included,municipality,Kirkjubólshreppur,159,0.0,0.0015557273269864876,0.0,0.0,0.0
2018,all,zeros_included,municipality,Reykhólahreppur,1149,0.04525674499564839,0.011242331438411789,0.000483357823242707,4.715275769962446,0.002279165432158127
2018,all,zeros_included,municipality,Súðavíkurhreppur,733,0.3487949088358131,0.007172000821893682,0.002376509311645798,3.692020408661081,0.008774120879969382
2018,all,zeros_included,municipality,Vesturbyggð,1511,0.4067663240716759,0.014784301830670333,0.005713139961389868,3.5938347392708963,0.020532080863559694
2018,all,zeros_included,municipality,Akranes,7,46.857142857142854,6.849114018179505e-05,0.003048872423530921,0.038219594524706135,0.00011652666778490992
2018,all,zeros_included,municipality,Borgarbyggð,1847,2.026481118212536,0.018071876559396495,0.03479163716260852,2.0989064999085665,0.07302439338305945
2018,all,zeros_included,municipality,Borgarfjarðarsveit,1259,0.8380044366368422,0.012318620784125711,0.009807028931805547,2.3400791721691694,0.022949224144178618
2018,all,zeros_included,municipality,Dalabyggð,2172,0.0762486749810628,0.021251822353551265,0.0015394214388650025,5.119797726290116,0.0078815263825033
2018,all,zeros_included,municipality,Eyja- og Miklaholtshreppur,405,0.0,0.003962701681946714,0.0,0.0,0.0
2018,all,zeros_included,municipality,Eyrarsveit,141,2.893438787325054,0.0013796072522333004,0.003792266242764833,1.8403932184275629,0.006979261075656172
2018,all,zeros_included,municipality,Helgafellssveit,246,1.5731707355840419,0.0024069743549602262,0.00359729765492103,2.7847941982034583,0.01001773363863499
2018,all,zeros_included,municipality,Hvalfjarðarstrandarhreppur,291,1.9245195159387751,0.0028472745418431943,0.005205718944760998,1.7877443795319732,0.00930649478491959
2018,all,zeros_included,municipality,Hvítársíðuhreppur,1477,0.003385240352064997,0.014451630578358757,4.6476713773337216e-05,7.29776828253138,0.0003391762876513497
2018,all,zeros_included,municipality,Innri-Akraneshreppur,28,18.238095249448502,0.0002739645607271802,0.004746821703005084,0.16963503319075457,0.0008052272571398615
2018,all,zeros_included,municipality,Kolbeinsstaðahreppur,391,0.0,0.003825719401583124,0.0,0.0,0.0
2018,all,zeros_included,municipality,Leirár- og Melahreppur,136,4.690155243172365,0.0013306850092463039,0.0059291376758727355,0.2799121594131935,0.0016596377303116606
2018,all,zeros_included,municipality,Saurbæjarhreppur,255,0.0,0.00249503439233682,0.0,0.0,0.0
2018,all,zeros_included,municipality,Skilmannahreppur,52,16.673076923076923,0.0005087913270647633,0.008059062168296672,0.12662010360021592,0.0010204392866703053
2018,all,zeros_included,municipality,Skorradalshreppur,207,0.15942028985507245,0.0020253808596616537,0.0003067463109040256,4.26900324028108,0.001309500995193553
2018,all,zeros_included,municipality,Snæfellsbær,697,0.8296527778743158,0.0068197606723873075,0.005375199135579506,2.995683905839342,0.016102397541137067
2018,all,lit_only,region,Austurland,525,18.269757514681135,0.08043511567335683,0.08915742052540174,0.2761712131244187,0.024622712985544148
2018,all,lit_only,region,Höfuðborgarsvæði,795,26.487102941597033,0.1218017465910832,0.1957343268341422,0.3033118832135031,0.05936854728159099
2018,all,lit_only,region,Norðurland eystra,1023,17.889619254063767,0.156733568254941,0.1701148159995123,0.262910983914284,0.044725053652829166
2018,all,lit_only,region,Norðurland vestra,329,13.780501858804001,0.05040600582197028,0.042143086587833035,0.27696063501281687,0.011671976022766364
2018,all,lit_only,region,Suðurland,2133,13.445688925156055,0.3267963842500383,0.26658721845247413,0.4275948943743497,0.11399133351573737
2018,all,lit_only,region,Suðurnes,645,18.03309089268825,0.0988202849701241,0.1081173256989779,0.4853671100723371,0.05247659392326253
2018,all,lit_only,region,Vestfirðir,253,17.81678465326784,0.038762065267351,0.0419001193949705,0.24403801709287132,0.01022522205310316
2018,all,lit_only,region,Vesturland,824,11.260165228716378,0.12624482917113528,0.08624568650668821,0.3032339149481489,0.026152617166813805
2018,all,lit_only,municipality,Austur-Hérað,104,16.449786360447224,0.015933813390531636,0.015902265855986683,0.4177352487183503,0.006642936982535927
2018,all,lit_only,municipality,Borgarfjarðarhreppur,1,5.0,0.00015320974413972729,4.6476713773337216e-05,0.0,0.0
2018,all,lit_only,municipality,Búðahreppur,17,26.235294117647058,0.002604565650375364,0.004145722868581679,0.1329390757150044,0.0005511285663198051
2018,all,lit_only,municipality,Djúpavogshreppur,11,15.181818225167014,0.001685307185537,0.0015523222444618278,0.29014914643797596,0.0004504049742272824
2018,all,lit_only,municipality,Fáskrúðsfjarðarhr.,33,12.861111149643406,0.005055921556611001,0.003945098399279747,0.14749429778503975,0.0005818795180946506
2018,all,lit_only,municipality,Fellahreppur,24,21.75,0.003677033859353455,0.004852168917936405,0.27269185461677603,0.0013231469411459538
2018,all,lit_only,municipality,Fjarðabyggð,177,23.23610253522625,0.027118124712731728,0.038229794110511944,0.14884629409267758,0.005690363177275774
2018,all,lit_only,municipality,Fljótsdalshreppur,6,3.5,0.0009192584648383637,0.0001952021978480163,0.2830308622715365,5.5248246374223123e-05
2018,all,lit_only,municipality,Mjóafjarðarhreppur,18,12.555555555555555,0.0027577753945150912,0.002100747462554842,0.13135449858539117,0.0002759426295984241
2018,all,lit_only,municipality,Norður-Hérað,3,4.0,0.00045962923241918186,0.00011154411305600931,0.05889151782819191,6.569002122667826e-06
2018,all,lit_only,municipality,Seyðisfjörður,73,16.034833672928485,0.011184311322200092,0.010880597075288592,0.3394844881369625,0.0036937939287288793
2018,all,lit_only,municipality,Skeggjastaðahreppur,8,5.261904805898666,0.0012256779531178183,0.0003912896697060797,0.05377193301813876,2.1040401910124957e-05
2018,all,lit_only,municipality,Stöðvarhreppur,8,9.25,0.0012256779531178183,0.0006878553638453908,0.11313061383916434,7.781749954439079e-05
2018,all,lit_only,municipality,Sveitarfélagið Hornafjörður,31,13.935483870967742,0.004749502068331546,0.004015588070016335,0.34337079841099305,0.0013788356816911676
2018,all,lit_only,municipality,Vopnafjarðarhreppur,11,20.545454545454547,0.001685307185537,0.002100747462554842,0.11026014610232338,0.00023162872214538198
2018,all,lit_only,municipality,Bessastaðahreppur,6,61.5,0.0009192584648383637,0.0034299814764722865,0.0003900327679842164,1.3378051694030752e-06
2018,all,lit_only,municipality,Garðabær,36,51.05555555555556,0.0055155507890301825,0.017084839983078758,0.043037568491955724,0.0007352899709458557
2018,all,lit_only,municipality,Hafnarfjörður,104,31.526303493059597,0.015933813390531636,0.030476970862588475,0.20041254583693613,0.0061079673199694795
2018,all,lit_only,municipality,Kjósarhreppur,89,5.462671708524897,0.01363566722843573,0.004519189123939771,0.0755877362803079,0.0003415952757011951
2018,all,lit_only,municipality,Kópavogur,107,23.282226402068808,0.01639344262295082,0.023156541371392714,0.26092899137811854,0.006042212983843174
2018,all,lit_only,municipality,Mosfellsbær,188,23.36436170212766,0.02880343189826873,0.04082979304987674,0.2800742387235422,0.011435373205684001
2018,all,lit_only,municipality,Reykjavík,265,30.949567049854206,0.04060058219702773,0.07623701096679347,0.24486953191563066,0.01866812119008552
2018,all,lit_only,municipality,Aðaldælahreppur,140,14.781918381793158,0.02144936417956182,0.019236419710240114,0.18611793226875895,0.003580242660723889
2018,all,lit_only,municipality,Akureyri,79,38.3273056126848,0.012103569787038455,0.028144969960090766,0.14057782271251495,0.003956558597298699
2018,all,lit_only,municipality,Arnarneshreppur,19,9.368421052631579,0.0029109851386548186,0.0016545710103308049,0.015852182448771845,2.6228561530212686e-05
2018,all,lit_only,municipality,Bárðdælahreppur,4,2.5,0.0006128389765589091,9.295342754667443e-05,0.1064401352862232,9.893975403386174e-06
2018,all,lit_only,municipality,Dalvíkurbyggð,81,13.901234567901234,0.01240998927531791,0.01046655594175554,0.28879833045730585,0.003022723881616995
2018,all,lit_only,municipality,Eyjafjarðarsveit,137,17.314551207270934,0.020989734947142638,0.022049422271730932,0.12682735968932812,0.002796470009398701
2018,all,lit_only,municipality,Glæsibæjarhreppur,67,24.62686567164179,0.010265052857361729,0.01533731554520128,0.1400634791336337,0.0021481977758312553
2018,all,lit_only,municipality,Grímseyjarhreppur,4,5.090277791023254,0.0006128389765589091,0.0001892635071361304,0.13792632854729914,2.610442066727202e-05
2018,all,lit_only,municipality,Grýtubakkahreppur,58,19.18247126710826,0.008886165160104183,0.010341843427941207,0.21703648505686868,0.0022445573466088374
2018,all,lit_only,municipality,Hálshreppur,37,13.596595351760453,0.005668760533169909,0.0046762455213718674,0.03261798857451925,0.0001525297229877544
2018,all,lit_only,municipality,Hríseyjarhreppur,4,9.75,0.0006128389765589091,0.00036251836743203026,0.0010038428324841142,3.6391146479048614e-07
2018,all,lit_only,municipality,Húsavík,42,22.476190476190474,0.006434809253868546,0.008774803560406066,0.24314998630695328,0.00213359336555894
2018,all,lit_only,municipality,Ljósavatnshreppur,18,5.5,0.0027577753945150912,0.0009202389327120768,0.09221013809760858,8.485535906817653e-05
2018,all,lit_only,municipality,Ólafsfjörður,28,24.321428571428573,0.004289872835912364,0.006330128415928529,0.03384230572770175,0.00021422614114746566
2018,all,lit_only,municipality,Öxarfjarðarhreppur,10,6.1142857551574705,0.001532097441397273,0.0005683438179416935,0.07557820595614118,4.2954406126296915e-05
2018,all,lit_only,municipality,Öxnadalshreppur,2,1.5,0.00030641948827945457,2.7886028264002328e-05,0.056633012265132454,1.579269780701074e-06
2018,all,lit_only,municipality,Reykdælahreppur,46,9.588645841764366,0.007047648230427455,0.0040999684840065595,0.034632321154664414,0.00014199142526211776
2018,all,lit_only,municipality,Reykjahreppur,124,15.58051505396443,0.018998008273326185,0.017958452237386055,0.3672189097560583,0.006594683251519153
2018,all,lit_only,municipality,Siglufjörður,48,26.50264588991801,0.00735406771870691,0.01182485651771358,0.11096702611426057,0.0013121691619985072
2018,all,lit_only,municipality,Skriðuhreppur,1,10.0,0.00015320974413972729,9.295342754667443e-05,0.0,0.0
2018,all,lit_only,municipality,Skútustaðahreppur,46,10.217391304347826,0.007047648230427455,0.0043688110946936975,0.2027037159418743,0.0008855742431425002
2018,all,lit_only,municipality,Þórshafnarhreppur,23,10.230928535046784,0.0035238241152137275,0.002187299710930653,0.21167250462466125,0.00046299120817748886
2018,all,lit_only,municipality,Tjörneshreppur,5,8.8,0.0007660487206986365,0.00040899508120536746,0.16179220900192304,6.61722176591373e-05
2018,all,lit_only,municipality,Akrahreppur,1,1.0,0.00015320974413972729,9.295342754667442e-06,0.0,0.0
2018,all,lit_only,municipality,Blönduós,13,27.307692307692307,0.0019917266738164545,0.003299846677906942,0.11628947304210913,0.00038373743129355267
2018,all,lit_only,municipality,Bólstaðarhlíðarhreppur,4,9.0,0.0006128389765589091,0.00033463233916802794,0.11003699688371116,3.682193766222126e-05
2018,all,lit_only,municipality,Engihlíðarhreppur,6,24.666666666666668,0.0009192584648383637,0.0013757107276907816,0.037025792830770676,5.093678039854765e-05
2018,all,lit_only,municipality,Höfðahreppur,7,17.714285714285715,0.001072468208978091,0.001152622501578763,0.03206018309716718,3.695328844253001e-05
2018,all,lit_only,municipality,Húnaþing vestra,65,12.759829059013953,0.009958633369082273,0.007709453998642529,0.18234086912354863,0.001405748542580496
2018,all,lit_only,municipality,Skagahreppur,1,2.0,0.00015320974413972729,1.8590685509334884e-05,0.0,0.0
2018,all,lit_only,municipality,Sveitarfélagið Skagafjörður,180,12.987086583508386,0.027577753945150912,0.021729495812085615,0.35383318847872314,0.007688616787225315
2018,all,lit_only,municipality,Svínavatnshreppur,31,13.277009810170819,0.004749502068331546,0.0038258450652212165,0.14063449280343088,0.0005380457802918947
2018,all,lit_only,municipality,Torfalækjarhreppur,13,14.538461538461538,0.0019917266738164545,0.0017568197806321466,0.1485491316114489,0.00026097405281072153
2018,all,lit_only,municipality,Vindhælishreppur,8,12.516666695475578,0.0012256779531178183,0.0009307736566430096,0.156274563482373,0.00014545624689277846
2018,all,lit_only,municipality,Ásahreppur,15,3.8285714308420817,0.0022981461620959092,0.0005338182556560706,0.12864558548017002,6.867336203887829e-05
2018,all,lit_only,municipality,Austur-Landeyjahreppur,12,4.361111183961232,0.0018385169296767274,0.00048645627895359836,0.05209187299869211,2.5340418702667187e-05
2018,all,lit_only,municipality,Biskupstungnahreppur,188,26.792062850708657,0.02880343189826873,0.046819784572762736,0.22991199259010697,0.010764429963763431
2018,all,lit_only,municipality,Djúpárhreppur,17,11.897122509339276,0.002604565650375364,0.0018799931358158223,0.31279183505402086,0.0005880465028407941
2018,all,lit_only,municipality,Fljótshlíðarhreppur,1,5.0,0.00015320974413972729,4.6476713773337216e-05,0.0,0.0
2018,all,lit_only,municipality,Gaulverjabæjarhreppur,8,3.5604166984558105,0.0012256779531178183,0.00026476234849270554,0.17381415851655202,4.601944481012571e-05
2018,all,lit_only,municipality,Gnúpverjahreppur,148,8.522892761874843,0.022675042132679638,0.011725035003469336,0.18932708446553992,0.0022198666924632513
2018,all,lit_only,municipality,Grímsnes- og Grafningshreppur,276,9.281944115524707,0.04228588938256473,0.02381296314743791,0.2718411540760042,0.006473343383968878
2018,all,lit_only,municipality,Holta- og Landasveit,93,5.645161290322581,0.014248506204994637,0.004880054946200407,0.09825943058561903,0.0004795114202401857
2018,all,lit_only,municipality,Hraungerðishreppur,80,8.667083333432675,0.012256779531178184,0.006445080821401788,0.40629812803192644,0.0026186242727500174
2018,all,lit_only,municipality,Hrunamannahreppur,152,30.479836074929487,0.02328788110923855,0.043064719560227165,0.18731856725898455,0.00806682156743172
2018,all,lit_only,municipality,Hveragerði,11,56.81818181818182,0.001685307185537,0.005809589221667151,0.003498709699257141,2.0326066158546606e-05
2018,all,lit_only,municipality,Hvolhreppur,55,11.181034378571944,0.008426535927685,0.005716235079530047,0.30004585911980186,0.0017151326653683419
2018,all,lit_only,municipality,Laugardalshreppur,109,10.110091743119266,0.016699862111230274,0.010243467715643521,0.2294002163034281,0.0023498537096658064
2018,all,lit_only,municipality,Mýrdalshreppur,10,7.5,0.001532097441397273,0.0006971507066000582,0.1368310845850922,9.539188730334935e-05
2018,all,lit_only,municipality,Ölfushreppur,568,12.065563245138652,0.0870231346713651,0.06370321406647501,0.4138943555888872,0.02636640073498461
2018,all,lit_only,municipality,Rangárvallahreppur,56,6.6994898063795905,0.008579745671824728,0.0034873470257751394,0.22564409307410904,0.0007868992568657229
2018,all,lit_only,municipality,Skaftárhreppur,6,6.166666666666667,0.0009192584648383637,0.0003439276819226954,0.006290261855449009,2.1633951786313305e-06
2018,all,lit_only,municipality,Skeiðahreppur,97,7.451976257501189,0.014861345181553546,0.006719061330772396,0.12860280725664985,0.0008640901492669317
2018,all,lit_only,municipality,Sveitarfélagið Árborg,137,17.090337944726873,0.020989734947142638,0.0217638952115389,0.38648618920329536,0.008411444922527517
2018,all,lit_only,municipality,Vestmannaeyjar,15,33.29273193677266,0.0022981461620959092,0.004642010318873477,0.2046889913390535,0.0009501684099556902
2018,all,lit_only,municipality,Vestur-Landeyjahreppur,10,3.7,0.001532097441397273,0.0003439276819226954,0.08926469130907178,3.070059835947403e-05
2018,all,lit_only,municipality,Villingaholtshreppur,69,4.924154596052308,0.010571472345641183,0.0031582476275621276,0.11532959235175522,0.0003642394114326382
2018,all,lit_only,municipality,Grindavík,301,10.941427032020798,0.04611613298605791,0.030612998660832922,0.504545012379011,0.015445635788288592
2018,all,lit_only,municipality,Reykjanesbær,131,18.81944048222695,0.020070476482304273,0.022916242615070605,0.5098624566821872,0.01168413175764493
2018,all,lit_only,municipality,Sandgerði,88,46.77816558967937,0.013482457484296,0.038264079267978084,0.06928202098171754,0.0026510127426901606
2018,all,lit_only,municipality,Vatnsleysustrandarhreppur,125,14.049190512657166,0.019151218017465912,0.016324005155096296,0.28271928620756004,0.004615111085497356
2018,all,lit_only,municipality,Bolungarvík,35,24.396078491210936,0.005362341044890455,0.007936946900595154,0.13160152905572264,0.001044514348152401
2018,all,lit_only,municipality,Hólmavíkurhreppur,19,13.628844888586746,0.0029109851386548186,0.002407010907202613,0.12742676189316526,0.0003067176057463591
2018,all,lit_only,municipality,Ísafjarðarbær,116,21.315044253036895,0.017772330320208366,0.02298315449089436,0.22402238862755874,0.005148741167246358
2018,all,lit_only,municipality,Reykhólahreppur,11,4.7272727272727275,0.001685307185537,0.000483357823242707,0.06652376491206069,3.2154782201803225e-05
2018,all,lit_only,municipality,Súðavíkurhreppur,21,12.174603246507191,0.003217404626934273,0.002376509311645798,0.13939714449785212,0.00033127861191598035
2018,all,lit_only,municipality,Vesturbyggð,51,12.051449326907887,0.007813696951126091,0.005713139961389868,0.20513340972248262,0.0011719558805016763
2018,all,lit_only,municipality,Akranes,7,46.857142857142854,0.001072468208978091,0.003048872423530921,0.038219594524706135,0.00011652666778490992
2018,all,lit_only,municipality,Borgarbyggð,316,11.844653877653654,0.04841427914815382,0.03479163716260852,0.33333073329623897,0.011597121927988976
2018,all,lit_only,municipality,Borgarfjarðarsveit,131,8.053798364318965,0.020070476482304273,0.009807028931805547,0.07720346132597378,0.0007571365788593555
2018,all,lit_only,municipality,Dalabyggð,15,11.040808137257894,0.0022981461620959092,0.0015394214388650025,0.14444424633850073,0.00022236056953418566
2018,all,lit_only,municipality,Eyrarsveit,29,14.068098931476987,0.0044430825800520915,0.003792266242764833,0.2589291580358686,0.000981928305286945
2018,all,lit_only,municipality,Helgafellssveit,22,17.590909134257924,0.003370614371074,0.00359729765492103,0.370505115629411,0.0013328171835899252
2018,all,lit_only,municipality,Hvalfjarðarstrandarhreppur,62,9.032825469970703,0.009499004136663092,0.005205718944760998,0.24155549740557225,0.0012574700290553537
2018,all,lit_only,municipality,Hvítársíðuhreppur,1,5.0,0.00015320974413972729,4.6476713773337216e-05,0.0,0.0
2018,all,lit_only,municipality,Innri-Akraneshreppur,28,18.238095249448502,0.004289872835912364,0.004746821703005084,0.16963503319075457,0.0008052272571398615
2018,all,lit_only,municipality,Leirár- og Melahreppur,109,5.8519368171691895,0.016699862111230274,0.0059291376758727355,0.05860515590628523,0.00034747803788435133
2018,all,lit_only,municipality,Skilmannahreppur,52,16.673076923076923,0.007966906695265818,0.008059062168296672,0.12662010360021592,0.0010204392866703053
2018,all,lit_only,municipality,Skorradalshreppur,3,11.0,0.00045962923241918186,0.0003067463109040256,0.0348967356838199,1.0704444933604625e-05
2018,all,lit_only,municipality,Snæfellsbær,49,11.801387473028534,0.0075072774628466375,0.005375199135579506,0.34071879318944465,0.0018314313626275952
2019,all,zeros_included,region,Austurland,22467,0.4250065738731293,0.21982720663776992,0.08819060414946947,4.038305115579514,0.3561405678828505
2019,all,zeros_included,region,Höfuðborgarsvæði,1034,20.364842203645686,0.01011711984971087,0.19448368416002101,0.5661598236275456,0.11010884832247278
2019,all,zeros_included,region,Norðurland eystra,21869,0.8496995974624918,0.21397610637652514,0.17162317097300436,3.2809495879542316,0.5630869720872773
2019,all,zeros_included,region,Norðurland vestra,12430,0.36723934927968754,0.12162069606567322,0.04216012818286757,3.8877236326800713,0.16390692669335538
2019,all,zeros_included,region,Suðurland,24726,1.1694560700285197,0.24193027601929493,0.2670664675650182,2.853218476748576,0.7619989797764842
2019,all,zeros_included,region,Suðurnes,831,14.023632645176637,0.008130876784438813,0.10763242750080565,0.7365839665118226,0.0792803203738396
2019,all,zeros_included,region,Vestfirðir,9235,0.5000158654333258,0.09035938279698248,0.042648353496229315,3.7773545882286865,0.16109795375938074
2019,all,zeros_included,region,Vesturland,9611,0.9710302022726178,0.0940383354696046,0.0861951639725844,2.7469153446180963,0.23677081854816498
2019,all,zeros_included,municipality,Austur-Hérað,1563,1.0951873202089004,0.015293093157735096,0.015809894425371042,3.125242376516975,0.04940975202642907
2019,all,zeros_included,municipality,Borgarfjarðarhreppur,419,0.011933174224343675,0.004099683962310304,4.6179751239794974e-05,6.037870919922138,0.0002788273770999964
2019,all,zeros_included,municipality,Breiðdalshreppur,452,0.033185840707964605,0.004422570766024481,0.0001385392537193849,4.62393186098164,0.0006405960692696831
2019,all,zeros_included,municipality,Búðahreppur,25,17.84,0.00024461121493498235,0.004119233810589712,0.5186015565269892,0.0021362410658704255
2019,all,zeros_included,municipality,Djúpavogshreppur,1146,0.1457242587057916,0.011212978092619591,0.0015424036958131963,4.93628677091429,0.007613746959051989
2019,all,zeros_included,municipality,Fáskrúðsfjarðarhr.,219,1.9379756526859928,0.0021427942428304454,0.003919891229482048,2.0400584661350605,0.007996807289033424
2019,all,zeros_included,municipality,Fellahreppur,336,1.556547619047619,0.0032875747287261625,0.004830401979682554,2.9034255458850247,0.014024712504703923
2019,all,zeros_included,municipality,Fjarðabyggð,635,6.4768348798977105,0.006213124859348551,0.03798552519401276,1.42632156041154,0.054179573567776154
2019,all,zeros_included,municipality,Fljótsdalshreppur,1531,0.013716525146962769,0.014979990802618318,0.00019395495520713887,5.824947788701165,0.001129777487441457
2019,all,zeros_included,municipality,Mjóafjarðarhreppur,187,1.1443850267379678,0.0018296918877136678,0.0019764933530632247,2.53055767053579,0.005001630415357146
2019,all,zeros_included,municipality,Norður-Hérað,6977,0.001719936935645693,0.06826609786405487,0.00011083140297550793,7.810653533099319,0.0008656656892290053
2019,all,zeros_included,municipality,Seyðisfjörður,208,5.392032971748939,0.002035165308259053,0.010358514038584959,1.465372548889538,0.015179082119429303
2019,all,zeros_included,municipality,Skeggjastaðahreppur,589,0.07146899566585625,0.005763040223868184,0.0003887895279742113,4.35275657498989,0.0016923061741769638
2019,all,zeros_included,municipality,Stöðvarhreppur,85,0.8823529411764706,0.00083167813077894,0.0006926962685969246,2.4317472527793242,0.0016844622481710602
2019,all,zeros_included,municipality,Sveitarfélagið Hornafjörður,6214,0.06952043772127454,0.06080056358423921,0.003989930507118286,5.64394368387884,0.022518943084765746
2019,all,zeros_included,municipality,Vopnafjarðarhreppur,1881,0.12014885699096226,0.018404547811708073,0.0020873247560387327,5.251923702604984,0.010962470361273985
2019,all,zeros_included,municipality,Bessastaðahreppur,6,61.5,5.870669158439576e-05,0.003408065641496869,0.0003900327679842164,1.3292572756249278e-06
2019,all,zeros_included,municipality,Garðabær,36,51.05555555555556,0.0003522401495063746,0.016975676555748633,0.043037568491955724,0.0007305918424653188
2019,all,zeros_included,municipality,Hafnarfjörður,143,22.928220722225163,0.001399176149428099,0.030282238538651248,0.5188662769554706,0.015712432368427443
2019,all,zeros_included,municipality,Kjósarhreppur,273,1.7808709965520726,0.002671154467090007,0.00449031380675735,1.1964231617331278,0.005372315441854546
2019,all,zeros_included,municipality,Kópavogur,107,23.282226402068808,0.0010469359999217243,0.023008582864101058,0.26092899137811854,0.0060036063197697505
2019,all,zeros_included,municipality,Mosfellsbær,198,22.184343434343436,0.0019373208222850601,0.04056891146415988,0.33189930658812816,0.013464793583989828
2019,all,zeros_included,municipality,Reykjavík,271,30.264336783067765,0.0026515855698952084,0.07574989528910599,0.26725852680910966,0.020244805420910783
2019,all,zeros_included,municipality,Aðaldælahreppur,561,3.765541129146243,0.005489075663141003,0.019510654644770736,1.5213783025358447,0.029683086644824396
2019,all,zeros_included,municipality,Akureyri,117,26.0500610547188,0.0011447804858957173,0.028149856939348215,0.5102020032680259,0.0143621134021638
2019,all,zeros_included,municipality,Arnarneshreppur,77,2.5584415584415585,0.0007534025419997456,0.001819482198847922,1.2059791410142982,0.0021942575792574235
2019,all,zeros_included,municipality,Bárðdælahreppur,3151,0.0031735956839098697,0.030830797530405175,9.235950247958995e-05,6.775620915923607,0.0006257929767850079
2019,all,zeros_included,municipality,Dalvíkurbyggð,575,1.9582608695652175,0.005626057943504594,0.010399679979201827,2.2487192165822174,0.023385960215536506
2019,all,zeros_included,municipality,Eyjafjarðarsveit,1796,1.3391389283942752,0.01757286968092913,0.022213324049887347,2.6542041459505987,0.05895869678855514
2019,all,zeros_included,municipality,Glæsibæjarhreppur,120,14.65,0.0011741338316879153,0.01623680053591191,0.5433679192824656,0.008822556523002878
2019,all,zeros_included,municipality,Grímseyjarhreppur,5,4.0722222328186035,4.892224298699647e-05,0.00018805420970472556,0.36106987986150885,6.790071090553625e-05
2019,all,zeros_included,municipality,Grýtubakkahreppur,490,2.270578231616896,0.004794379812725654,0.01027576431484306,2.3509988656151215,0.02415831024752438
2019,all,zeros_included,municipality,Hálshreppur,1471,0.34539362883421937,0.01439292388677436,0.004692546445027927,3.688718965509394,0.0173094850683082
2019,all,zeros_included,municipality,Hríseyjarhreppur,7,5.571428571428571,6.849114018179505e-05,0.0003602020596704008,0.560619630767907,0.0002019363456942597
2019,all,zeros_included,municipality,Húsavík,66,14.303030303030303,0.0006457736074283534,0.00871873703407329,0.6951351100500105,0.0060607002276776385
2019,all,zeros_included,municipality,Kelduneshreppur,720,0.0,0.0070448029901274915,0.0,0.0,0.0
2019,all,zeros_included,municipality,Ljósavatnshreppur,401,0.2543640897755611,0.003923563887557117,0.0009420669252918174,3.1130951317013897,0.0029327439588628535
2019,all,zeros_included,municipality,Ólafsfjörður,202,3.371287128712871,0.0019764586166746575,0.006289682118860075,2.0099054929537026,0.012641666639629548
2019,all,zeros_included,municipality,Öxarfjarðarhreppur,2684,0.022780498342613528,0.026261460035419702,0.0005647123903643879,5.668056611053668,0.0032008217975487887
2019,all,zeros_included,municipality,Öxnadalshreppur,289,0.06920415224913495,0.0028277056446483957,0.0001847190049591799,3.6934252817188193,0.0006822458429301789
2019,all,zeros_included,municipality,Reykdælahreppur,390,1.1335325864645152,0.0038159349529857246,0.00408300772348035,2.164681181227032,0.008838409981822538
2019,all,zeros_included,municipality,Reykjahreppur,191,10.141276788961202,0.0018688296821032652,0.017889886623862757,0.7902913238059077,0.0141382221827101
2019,all,zeros_included,municipality,Siglufjörður,137,9.285598559971273,0.0013404694578437032,0.011749301706170768,1.1597469410344945,0.013626216713022915
2019,all,zeros_included,municipality,Skriðuhreppur,403,0.09181141439205956,0.003943132784751916,0.0003417301591744828,4.003107770050102,0.0013679826554518302
2019,all,zeros_included,municipality,Skútustaðahreppur,6033,0.07790485662191281,0.05902957838810994,0.004340896616540728,5.079061997893541,0.022047683041856662
2019,all,zeros_included,municipality,Svalbarðshreppur,1098,0.0,0.010743324559944424,0.0,0.0,0.0
2019,all,zeros_included,municipality,Þórshafnarhreppur,709,0.3318918988802201,0.006937174055556099,0.0021733239796226703,3.640033815227639,0.007910972777271624
2019,all,zeros_included,municipality,Tjörneshreppur,176,0.25,0.0017220629531422757,0.00040638181091019575,3.7228382916059743,0.0015128937666686552
2019,all,zeros_included,municipality,Akrahreppur,1359,0.0007358351729212656,0.01329706564386564,9.235950247958994e-06,7.214504414151143,6.663280383278051e-05
2019,all,zeros_included,municipality,Áshreppur,1150,0.0,0.011252115887009188,0.0,0.0,0.0
2019,all,zeros_included,municipality,Blönduós,15,23.666666666666668,0.00014676672896098941,0.003278762338025443,0.25939031668278245,0.0008504792011879999
2019,all,zeros_included,municipality,Bólstaðarhlíðarhreppur,1340,0.026865671641791045,0.013111161120515054,0.0003324942089265238,5.924167528708778,0.0019697513960062244
2019,all,zeros_included,municipality,Engihlíðarhreppur,166,0.891566265060241,0.0016242184671682828,0.0013669206366979311,3.357254111959259,0.004589099928276098
2019,all,zeros_included,municipality,Höfðahreppur,48,2.5833333333333335,0.00046965353267516607,0.0011452578307469153,1.9573510449497449,0.0022416716117493528
2019,all,zeros_included,municipality,Húnaþing vestra,2461,0.34757776872649615,0.02407952799819966,0.007900329219945363,3.7316219913118474,0.02948104225575169
2019,all,zeros_included,municipality,Skagahreppur,272,0.007352941176470588,0.0026613700184926078,1.847190049591799e-05,5.605802066295998,0.00010354981796843113
2019,all,zeros_included,municipality,Sveinsstaðahreppur,118,0.0,0.0011545649344931166,0.0,0.0,0.0
2019,all,zeros_included,municipality,Sveitarfélagið Skagafjörður,4110,0.5687775146062066,0.040214083735311094,0.021590655399219456,3.482054645078793,0.07517984192314763
2019,all,zeros_included,municipality,Svínavatnshreppur,979,0.4214374914354396,0.009578975176853908,0.0038106358137483956,3.584143552794587,0.013657865783894467
2019,all,zeros_included,municipality,Torfalækjarhreppur,187,1.032085561497326,0.0018296918877136678,0.001782538397856086,2.735208807020198,0.00487561472466764
2019,all,zeros_included,municipality,Vindhælishreppur,225,0.4450370380613539,0.002201500934414841,0.000924826486957582,3.4929334240069574,0.0032303573477010725
2019,all,zeros_included,municipality,Ásahreppur,137,1.2294056311140966,0.0013404694578437032,0.001555597906363668,1.2471531958028972,0.0019400689003057448
2019,all,zeros_included,municipality,Austur-Eyjafjallahreppur,282,0.0,0.0027592145044666007,0.0,0.0,0.0
2019,all,zeros_included,municipality,Austur-Landeyjahreppur,200,0.26166667103767394,0.001956889719479859,0.00048334807105060185,2.8655025897587283,0.0013850351493503853
2019,all,zeros_included,municipality,Biskupstungnahreppur,1989,2.5499787913188676,0.019461268260227194,0.04684388825019366,2.5673045862320687,0.12026252914166469
2019,all,zeros_included,municipality,Djúpárhreppur,120,1.8687590221563974,0.0011741338316879153,0.0020711718424873183,1.9798899503782763,0.0041006923164471
2019,all,zeros_included,municipality,Fljótshlíðarhreppur,414,0.012077294685990338,0.0040507617193233075,4.6179751239794974e-05,6.025865973825314,0.0002782729916755979
2019,all,zeros_included,municipality,Gaulverjabæjarhreppur,84,0.3390873046148391,0.0008218936821815406,0.0002630706519115223,2.5251894156800296,0.0006643032257830214
2019,all,zeros_included,municipality,Gnúpverjahreppur,1127,1.109483698986226,0.011027073569269004,0.011548522547842601,2.222036888779787,0.02566124311221139
2019,all,zeros_included,municipality,Grímsnes- og Grafningshreppur,889,2.9109297816477153,0.008698374803087971,0.02390094514571579,1.417845608907539,0.03388785012359309
2019,all,zeros_included,municipality,Holta- og Landasveit,1604,0.3341645885286783,0.015694255550228468,0.004950469332906021,2.891944605189102,0.01431648308045166
2019,all,zeros_included,municipality,Hraungerðishreppur,98,7.075170068108306,0.0009588759625451307,0.006403900036999902,0.6092389720286169,0.003901505475515842
2019,all,zeros_included,municipality,Hrunamannahreppur,1212,3.859957440064685,0.011858751700047944,0.04320825434932003,2.2298509586210855,0.09634796738117496
2019,all,zeros_included,municipality,Hveragerði,11,56.81818181818182,0.00010762893457139223,0.005772468904974372,0.003498709699257141,2.0196192946494083e-05
2019,all,zeros_included,municipality,Hvolhreppur,238,2.5838524824430964,0.002328698766181032,0.005679711248266527,1.7649833475588057,0.010024595772132857
2019,all,zeros_included,municipality,Laugardalshreppur,649,1.6979969183359014,0.006350107139712142,0.010178017173250812,2.013485050778374,0.020493285424906076
2019,all,zeros_included,municipality,Mýrdalshreppur,764,0.09816753926701571,0.007475318728413061,0.0006926962685969246,4.472813780757567,0.0030983014160596697
2019,all,zeros_included,municipality,Ölfushreppur,739,9.331830716423479,0.007230707513478078,0.0636931715980352,0.664262217402654,0.0423089673991186
2019,all,zeros_included,municipality,Rangárvallahreppur,1446,0.26222090536463144,0.014148312671839379,0.0035020084551439347,3.451110153343376,0.012085816936641585
2019,all,zeros_included,municipality,Skaftárhreppur,6922,0.005489742848887605,0.06772795319119791,0.0003509661094224418,6.982284445917585,0.0024505452068645244
2019,all,zeros_included,municipality,Skeiðahreppur,1280,0.568626325763762,0.012524094204671096,0.006722309701675302,2.690742230971859,0.018088002603969575
2019,all,zeros_included,municipality,Sveitarfélagið Árborg,149,15.727357707567663,0.0014578828410124946,0.021643306904523454,0.46887286419215846,0.010147959298913831
2019,all,zeros_included,municipality,Þingvallahreppur,647,0.0,0.006330538242517343,0.0,0.0,0.0
2019,all,zeros_included,municipality,Uten navn - sysla,123,0.0,0.0012034871774801131,0.0,0.0,0.0
2019,all,zeros_included,municipality,Vestmannaeyjar,15,33.29273193677266,0.00014676672896098941,0.004612350236800017,0.2046889913390535,0.0009440973176730401
2019,all,zeros_included,municipality,Vestur-Eyjafjallahreppur,469,0.0,0.0045889063921802685,0.0,0.0,0.0
2019,all,zeros_included,municipality,Vestur-Landeyjahreppur,186,0.1989247311827957,0.0018199074391162687,0.0003417301591744828,3.0124262720282275,0.0010294369094416
2019,all,zeros_included,municipality,Villingaholtshreppur,2932,0.09610050038458706,0.028688003287574728,0.002602382919123822,3.9364869418795565,0.010244246378901327
2019,all,zeros_included,municipality,Grindavík,456,7.232174958576236,0.004461708560414078,0.030458979694486927,0.9209114096484532,0.02805002192690357
2019,all,zeros_included,municipality,Reykjanesbær,132,18.7842282770258,0.0012915472148567067,0.022900706111304753,0.5083731650442775,0.011642104447552827
2019,all,zeros_included,municipality,Sandgerði,88,46.810795458880335,0.0008610314765711379,0.03804611165745312,0.06815791154577155,0.002593143513009238
2019,all,zeros_included,municipality,Vatnsleysustrandarhreppur,155,11.334831058594489,0.0015165895325968905,0.016226630037560856,0.49710018798836364,0.00806626084208913
2019,all,zeros_included,municipality,Árneshreppur,682,0.0,0.006672993943426318,0.0,0.0,0.0
2019,all,zeros_included,municipality,Bæjarhreppur,497,0.05030181086519115,0.004862870952907449,0.00023089875619897485,4.319840585290198,0.0009974458181213582
2019,all,zeros_included,municipality,Bolungarvík,85,10.080738202263328,0.00083167813077894,0.007913941702398314,1.0075989472973297,0.007974079328308977
2019,all,zeros_included,municipality,Broddaneshreppur,284,0.0,0.0027787834016613994,0.0,0.0,0.0
2019,all,zeros_included,municipality,Hólmavíkurhreppur,1327,0.19363078589536412,0.012983963288748863,0.0023731594327386935,4.397346396338171,0.010435604079489432
2019,all,zeros_included,municipality,Ísafjarðarbær,2337,1.0691250035739321,0.02286625637212215,0.023076438543921725,3.197039356669471,0.07377628223668209
2019,all,zeros_included,municipality,Kaldrananeshreppur,471,0.004246284501061571,0.004608475289375067,1.847190049591799e-05,5.461710913456472,0.0001008881805308373
2019,all,zeros_included,municipality,Kirkjubólshreppur,159,0.0,0.0015557273269864876,0.0,0.0,0.0
2019,all,zeros_included,municipality,Reykhólahreppur,1149,0.04525674499564839,0.011242331438411789,0.0004802694128938677,4.715275769962446,0.002264602725672544
2019,all,zeros_included,municipality,Súðavíkurhreppur,733,0.35015916531603136,0.007172000821893682,0.0023705605775889487,3.677835854126258,0.008718532686634887
2019,all,zeros_included,municipality,Vesturbyggð,1511,0.4431660593463284,0.014784301830670333,0.0061846131699928725,3.4175895714576803,0.021136469473267465
2019,all,zeros_included,municipality,Akranes,7,46.857142857142854,6.849114018179505e-05,0.0030293916813305503,0.038219594524706135,0.00011578212171697142
2019,all,zeros_included,municipality,Borgarbyggð,1847,2.017382648033778,0.018071876559396495,0.034414127334116126,2.108191834568136,0.07255158223957171
2019,all,zeros_included,municipality,Borgarfjarðarsveit,1259,0.8594500283763179,0.012318620784125711,0.00999373766768749,2.2946701425038625,0.02293233143805867
2019,all,zeros_included,municipality,Dalabyggð,2172,0.07670908013760055,0.021251822353551265,0.00153882127004258,5.109957427730208,0.007863311178803314
2019,all,zeros_included,municipality,Eyja- og Miklaholtshreppur,405,0.0,0.003962701681946714,0.0,0.0,0.0
2019,all,zeros_included,municipality,Eyrarsveit,141,2.893438787325054,0.0013796072522333004,0.00376803559262011,1.8403932184275629,0.006934667151451733
2019,all,zeros_included,municipality,Helgafellssveit,246,1.5731707355840419,0.0024069743549602262,0.0035743127547682193,2.7847941982034583,0.009953725422043157
2019,all,zeros_included,municipality,Hvalfjarðarstrandarhreppur,291,2.017303021093414,0.0028472745418431943,0.00542182770832196,1.7073306121976537,0.009256852420479534
2019,all,zeros_included,municipality,Hvítársíðuhreppur,1477,0.003385240352064997,0.014451630578358757,4.6179751239794974e-05,7.29776828253138,0.00033700912389296494
2019,all,zeros_included,municipality,Innri-Akraneshreppur,28,18.238095249448502,0.0002739645607271802,0.004716491929560422,0.16963503319075457,0.0008000822650149083
2019,all,zeros_included,municipality,Kolbeinsstaðahreppur,391,0.0,0.003825719401583124,0.0,0.0,0.0
2019,all,zeros_included,municipality,Leirár- og Melahreppur,136,4.690155243172365,0.0013306850092463039,0.005891253505435581,0.2799121594131935,0.0016490334903570194
2019,all,zeros_included,municipality,Saurbæjarhreppur,255,0.0,0.00249503439233682,0.0,0.0,0.0
2019,all,zeros_included,municipality,Skilmannahreppur,52,16.673076923076923,0.0005087913270647633,0.008007568864980448,0.12662010360021592,0.0010139191992696876
2019,all,zeros_included,municipality,Skorradalshreppur,207,0.23671497584541062,0.0020253808596616537,0.0004525615621499907,3.6271652751470205,0.0016415155830967366
2019,all,zeros_included,municipality,Snæfellsbær,697,0.8296527778743158,0.0068197606723873075,0.005340854350331124,2.995683905839342,0.01599951142071898
2019,all,lit_only,region,Austurland,528,18.084512680317417,0.07787610619469026,0.08819060414946947,0.28759855436829884,0.025363490262254318
2019,all,lit_only,region,Höfuðborgarsvæði,795,26.487102941597033,0.1172566371681416,0.19448368416002101,0.3033118832135031,0.058989212496876116
2019,all,lit_only,region,Norðurland eystra,1124,16.5321000862164,0.1657817109144543,0.17162317097300436,0.31277323051954475,0.05367913361723473
2019,all,lit_only,region,Norðurland vestra,347,13.1550003214597,0.051179941002949855,0.04216012818286757,0.30918022812217405,0.013035078049239096
2019,all,lit_only,region,Suðurland,2221,13.01934749550886,0.3275811209439528,0.2670664675650182,0.4433207000761312,0.11839609336778324
2019,all,lit_only,region,Suðurnes,643,18.123854942677738,0.0948377581120944,0.10763242750080565,0.48009889589399357,0.0516742096055271
2019,all,lit_only,region,Vestfirðir,284,16.259318722805506,0.04188790560471976,0.042648353496229315,0.295572933756552,0.012605698962767002
2019,all,lit_only,region,Vesturland,838,11.136719897424976,0.12359882005899706,0.0861951639725844,0.30726989027689466,0.02648517857625495
2019,all,lit_only,municipality,Austur-Hérað,105,16.302645537966775,0.015486725663716814,0.015809894425371042,0.4248403962530216,0.006716681812393071
2019,all,lit_only,municipality,Borgarfjarðarhreppur,1,5.0,0.00014749262536873156,4.6179751239794974e-05,0.0,0.0
2019,all,lit_only,municipality,Breiðdalshreppur,5,3.0,0.0007374631268436578,0.0001385392537193849,0.11968759358350911,1.6581429894528395e-05
2019,all,lit_only,municipality,Búðahreppur,17,26.235294117647058,0.0025073746312684365,0.004119233810589712,0.1329390757150044,0.0005476071354337918
2019,all,lit_only,municipality,Djúpavogshreppur,11,15.181818225167014,0.0016224188790560472,0.0015424036958131963,0.29014914643797596,0.0004475271158029784
2019,all,lit_only,municipality,Fáskrúðsfjarðarhr.,33,12.861111149643406,0.0048672566371681415,0.003919891229482048,0.14749429778503975,0.0005781616042861907
2019,all,lit_only,municipality,Fellahreppur,25,20.92,0.003687315634218289,0.004830401979682554,0.30519021079002107,0.0014741913983798535
2019,all,lit_only,municipality,Fjarðabyggð,177,23.23610253522625,0.026106194690265486,0.03798552519401276,0.14884629409267758,0.005654004654292838
2019,all,lit_only,municipality,Fljótsdalshreppur,6,3.5,0.0008849557522123894,0.00019395495520713887,0.2830308622715365,5.4895238214113754e-05
2019,all,lit_only,municipality,Mjóafjarðarhreppur,18,11.88888888888889,0.002654867256637168,0.0019764933530632247,0.18982081157736808,0.0003751795723557348
2019,all,lit_only,municipality,Norður-Hérað,3,4.0,0.0004424778761061947,0.00011083140297550793,0.05889151782819191,6.527029544255646e-06
2019,all,lit_only,municipality,Seyðisfjörður,68,16.493277325349695,0.010029498525073746,0.010358514038584959,0.3473421743643268,0.003597948789345504
2019,all,lit_only,municipality,Skeggjastaðahreppur,8,5.261904805898666,0.0011799410029498525,0.0003887895279742113,0.05377193301813876,2.0905964456383077e-05
2019,all,lit_only,municipality,Stöðvarhreppur,9,8.333333333333334,0.001327433628318584,0.0006926962685969246,0.18632057362522714,0.00012906356611303338
2019,all,lit_only,municipality,Sveitarfélagið Hornafjörður,31,13.935483870967742,0.004572271386430678,0.003989930507118286,0.34337079841099305,0.0013700256238335842
2019,all,lit_only,municipality,Vopnafjarðarhreppur,11,20.545454545454547,0.0016224188790560472,0.0020873247560387327,0.11026014610232338,0.00023014873256382715
2019,all,lit_only,municipality,Bessastaðahreppur,6,61.5,0.0008849557522123894,0.003408065641496869,0.0003900327679842164,1.3292572756249278e-06
2019,all,lit_only,municipality,Garðabær,36,51.05555555555556,0.005309734513274336,0.016975676555748633,0.043037568491955724,0.0007305918424653188
2019,all,lit_only,municipality,Hafnarfjörður,104,31.526303493059597,0.015339233038348082,0.030282238538651248,0.20041254583693613,0.006068940519172477
2019,all,lit_only,municipality,Kjósarhreppur,89,5.462671708524897,0.013126843657817109,0.00449031380675735,0.0755877362803079,0.0003394126558410001
2019,all,lit_only,municipality,Kópavogur,107,23.282226402068808,0.015781710914454277,0.023008582864101058,0.26092899137811854,0.0060036063197697505
2019,all,lit_only,municipality,Mosfellsbær,188,23.36436170212766,0.027728613569321534,0.04056891146415988,0.2800742387235422,0.011362306994167364
2019,all,lit_only,municipality,Reykjavík,265,30.949567049854206,0.03908554572271387,0.07574989528910599,0.24486953191563066,0.018548841402101418
2019,all,lit_only,municipality,Aðaldælahreppur,153,13.80698414020289,0.02256637168141593,0.019510654644770736,0.22209531840558405,0.004333225055631744
2019,all,lit_only,municipality,Akureyri,86,35.44019934188488,0.012684365781710914,0.028149856939348215,0.20237536472377737,0.0056968375650227505
2019,all,lit_only,municipality,Arnarneshreppur,26,7.576923076923077,0.0038348082595870206,0.001819482198847922,0.12027025718209661,0.00021882959199368622
2019,all,lit_only,municipality,Bárðdælahreppur,4,2.5,0.0005899705014749262,9.235950247958995e-05,0.1064401352862232,9.830757938895822e-06
2019,all,lit_only,municipality,Dalvíkurbyggð,81,13.901234567901234,0.011946902654867256,0.010399679979201827,0.28879833045730585,0.003003410215283757
2019,all,lit_only,municipality,Eyjafjarðarsveit,156,15.417266124334091,0.023008849557522124,0.022213324049887347,0.21074290433799092,0.004681300425274202
2019,all,lit_only,municipality,Glæsibæjarhreppur,99,17.757575757575758,0.014601769911504425,0.01623680053591191,0.3509960266350096,0.005699052473370276
2019,all,lit_only,municipality,Grímseyjarhreppur,4,5.090277791023254,0.0005899705014749262,0.00018805420970472556,0.13792632854729914,2.593762671243667e-05
2019,all,lit_only,municipality,Grýtubakkahreppur,58,19.18247126710826,0.00855457227138643,0.01027576431484306,0.21703648505686868,0.0022302157681663402
2019,all,lit_only,municipality,Hálshreppur,39,13.027539179875301,0.005752212389380531,0.004692546445027927,0.058582891037602725,0.0002749029370779611
2019,all,lit_only,municipality,Hríseyjarhreppur,4,9.75,0.0005899705014749262,0.0003602020596704008,0.0010038428324841142,3.615862558461471e-07
2019,all,lit_only,municipality,Húsavík,42,22.476190476190474,0.006194690265486726,0.00871873703407329,0.24314998630695328,0.0021199607904488467
2019,all,lit_only,municipality,Ljósavatnshreppur,21,4.857142857142857,0.003097345132743363,0.0009420669252918174,0.16365614211824342,0.0001541750386104543
2019,all,lit_only,municipality,Ólafsfjörður,28,24.321428571428573,0.004129793510324484,0.006289682118860075,0.03384230572770175,0.0002128573451965216
2019,all,lit_only,municipality,Öxarfjarðarhreppur,10,6.1142857551574705,0.0014749262536873156,0.0005647123903643879,0.07557820595614118,4.26799493449445e-05
2019,all,lit_only,municipality,Öxnadalshreppur,8,2.5,0.0011799410029498525,0.0001847190049591799,0.10644013528622298,1.9661515877791603e-05
2019,all,lit_only,municipality,Reykdælahreppur,47,9.405908696194912,0.006932153392330383,0.00408300772348035,0.048682043813398135,0.00019876916088491336
2019,all,lit_only,municipality,Reykjahreppur,127,15.251841470012515,0.01873156342182891,0.017889886623862757,0.382204982217869,0.006837603798953158
2019,all,lit_only,municipality,Siglufjörður,48,26.50264588991801,0.007079646017699115,0.011749301706170768,0.11096702611426057,0.001303785069252978
2019,all,lit_only,municipality,Skriðuhreppur,9,4.111111111111111,0.001327433628318584,0.0003417301591744828,0.20139578543963776,6.882301381535739e-05
2019,all,lit_only,municipality,Skútustaðahreppur,46,10.217391304347826,0.006784660766961652,0.004340896616540728,0.2027037159418743,0.000879915874692315
2019,all,lit_only,municipality,Þórshafnarhreppur,23,10.230928535046784,0.003392330383480826,0.0021733239796226703,0.21167250462466125,0.0004600329301275669
2019,all,lit_only,municipality,Tjörneshreppur,5,8.8,0.0007374631268436578,0.00040638181091019575,0.16179220900192304,6.574941088536235e-05
2019,all,lit_only,municipality,Akrahreppur,1,1.0,0.00014749262536873156,9.235950247958994e-06,0.0,0.0
2019,all,lit_only,municipality,Blönduós,13,27.307692307692307,0.0019174041297935103,0.003278762338025443,0.11628947304210913,0.00038128554451929243
2019,all,lit_only,municipality,Bólstaðarhlíðarhreppur,4,9.0,0.0005899705014749262,0.0003324942089265238,0.11003699688371116,3.6586664231499906e-05
2019,all,lit_only,municipality,Engihlíðarhreppur,6,24.666666666666668,0.0008849557522123894,0.0013669206366979311,0.037025792830770676,5.061132031048275e-05
2019,all,lit_only,municipality,Höfðahreppur,7,17.714285714285715,0.001032448377581121,0.0011452578307469153,0.03206018309716718,3.671717574721061e-05
2019,all,lit_only,municipality,Húnaþing vestra,78,10.966524215844961,0.011504424778761062,0.007900329219945363,0.2800077676103836,0.0022121535482639842
2019,all,lit_only,municipality,Skagahreppur,1,2.0,0.00014749262536873156,1.847190049591799e-05,0.0,0.0
2019,all,lit_only,municipality,Sveitarfélagið Skagafjörður,180,12.987086583508386,0.02654867256637168,0.021590655399219456,0.35383318847872314,0.007639490441251179
2019,all,lit_only,municipality,Svínavatnshreppur,32,12.893353253602982,0.00471976401179941,0.0038106358137483956,0.1633478130638033,0.000622459026558407
2019,all,lit_only,municipality,Torfalækjarhreppur,17,11.352941176470589,0.0025073746312684365,0.001782538397856086,0.3373135342218272,0.0006012743268669499
2019,all,lit_only,municipality,Vindhælishreppur,8,12.516666695475578,0.0011799410029498525,0.000924826486957582,0.156274563482373,0.00014452685554623267
2019,all,lit_only,municipality,Ásahreppur,45,3.742857143614027,0.00663716814159292,0.001555597906363668,0.13383475974509218,0.0002081930720581499
2019,all,lit_only,municipality,Austur-Landeyjahreppur,12,4.361111183961232,0.0017699115044247787,0.00048334807105060185,0.05209187299869211,2.5178506331330764e-05
2019,all,lit_only,municipality,Biskupstungnahreppur,198,25.615696040066805,0.02920353982300885,0.04684388825019366,0.26018433807263186,0.012188046057124974
2019,all,lit_only,municipality,Djúpárhreppur,27,8.305595654028433,0.003982300884955752,0.0020711718424873183,0.4882350736005594,0.0010112187369562022
2019,all,lit_only,municipality,Fljótshlíðarhreppur,1,5.0,0.00014749262536873156,4.6179751239794974e-05,0.0,0.0
2019,all,lit_only,municipality,Gaulverjabæjarhreppur,8,3.5604166984558105,0.0011799410029498525,0.0002630706519115223,0.17381415851655202,4.572540399240201e-05
2019,all,lit_only,municipality,Gnúpverjahreppur,149,8.39186663595622,0.021976401179941003,0.011548522547842601,0.1986686806854694,0.0022943297384462854
2019,all,lit_only,municipality,Grímsnes- og Grafningshreppur,285,9.080058160999364,0.0420353982300885,0.02390094514571579,0.280237553662285,0.006697942397851858
2019,all,lit_only,municipality,Holta- og Landasveit,98,5.469387755102041,0.014454277286135693,0.004950469332906021,0.09665629543321419,0.00047849402637443117
2019,all,lit_only,municipality,Hraungerðishreppur,80,8.667083333432675,0.011799410029498525,0.006403900036999902,0.40629812803192644,0.0026018925971366446
2019,all,lit_only,municipality,Hrunamannahreppur,168,27.846835817609513,0.024778761061946902,0.04320825434932003,0.25378777139508424,0.010965726577185886
2019,all,lit_only,municipality,Hveragerði,11,56.81818181818182,0.0016224188790560472,0.005772468904974372,0.003498709699257141,2.0196192946494083e-05
2019,all,lit_only,municipality,Hvolhreppur,55,11.181034378571944,0.008112094395280236,0.005679711248266527,0.30004585911980186,0.0017041738410385322
2019,all,lit_only,municipality,Laugardalshreppur,109,10.110091743119266,0.01607669616519174,0.010178017173250812,0.2294002163034281,0.0023348393410837424
2019,all,lit_only,municipality,Mýrdalshreppur,10,7.5,0.0014749262536873156,0.0006926962685969246,0.1368310845850922,9.478238172016352e-05
2019,all,lit_only,municipality,Ölfushreppur,575,11.993431129455566,0.08480825958702065,0.0636931715980352,0.4133343372518028,0.026326574869939227
2019,all,lit_only,municipality,Rangárvallahreppur,58,6.537438433745812,0.00855457227138643,0.0035020084551439347,0.2349967611710857,0.0008229606445525821
2019,all,lit_only,municipality,Skaftárhreppur,7,5.428571428571429,0.001032448377581121,0.0003509661094224418,0.08573457077760871,3.0089928748820298e-05
2019,all,lit_only,municipality,Skeiðahreppur,100,7.278416969776154,0.014749262536873156,0.006722309701675302,0.14129706004628773,0.0009498425975673577
2019,all,lit_only,municipality,Sveitarfélagið Árborg,137,17.10493648487286,0.020206489675516224,0.021643306904523454,0.38490748407482434,0.008330670807679397
2019,all,lit_only,municipality,Vestmannaeyjar,15,33.29273193677266,0.0022123893805309734,0.004612350236800017,0.2046889913390535,0.0009440973176730401
2019,all,lit_only,municipality,Vestur-Landeyjahreppur,10,3.7,0.0014749262536873156,0.0003417301591744828,0.08926469130907178,3.0504437169710166e-05
2019,all,lit_only,municipality,Villingaholtshreppur,63,4.472486779803321,0.009292035398230088,0.002602382919123822,0.096181605264547,0.000250301366674367
2019,all,lit_only,municipality,Grindavík,299,11.029671508731651,0.04410029498525074,0.030458979694486927,0.4988621735247536,0.015194832813738084
2019,all,lit_only,municipality,Reykjanesbær,131,18.927619332575617,0.019321533923303835,0.022900706111304753,0.5007685656590581,0.011467953751937708
2019,all,lit_only,municipality,Sandgerði,88,46.810795458880335,0.012979351032448377,0.03804611165745312,0.06815791154577155,0.002593143513009238
2019,all,lit_only,municipality,Vatnsleysustrandarhreppur,125,14.055190512657166,0.018436578171091445,0.016226630037560856,0.2819888083714184,0.004575728068175649
2019,all,lit_only,municipality,Bæjarhreppur,7,3.5714285714285716,0.001032448377581121,0.00023089875619897485,0.057160708248882086,1.3198336438119356e-05
2019,all,lit_only,municipality,Bolungarvík,36,23.80174297756619,0.005309734513274336,0.007913941702398314,0.14846662926312337,0.0011749562487399418
2019,all,lit_only,municipality,Hólmavíkurhreppur,18,14.274891826841566,0.002654867256637168,0.0023731594327386935,0.0970421199021283,0.00023029642221869507
2019,all,lit_only,municipality,Ísafjarðarbær,124,20.149557527034514,0.018289085545722714,0.023076438543921725,0.2606975877356499,0.006015971861930367
2019,all,lit_only,municipality,Kaldrananeshreppur,2,1.0,0.0002949852507374631,1.847190049591799e-05,0.0,0.0
2019,all,lit_only,municipality,Reykhólahreppur,11,4.7272727272727275,0.0016224188790560472,0.0004802694128938677,0.06652376491206069,3.1949329517805066e-05
2019,all,lit_only,municipality,Súðavíkurhreppur,22,11.666666735302318,0.0032448377581120944,0.0023705605775889487,0.17173260559792247,0.0004071025447170662
2019,all,lit_only,municipality,Vesturbyggð,64,10.462873682379723,0.00943952802359882,0.0061846131699928725,0.2559456925446124,0.0015829251009143565
2019,all,lit_only,municipality,Akranes,7,46.857142857142854,0.001032448377581121,0.0030293916813305503,0.038219594524706135,0.00011578212171697142
2019,all,lit_only,municipality,Borgarbyggð,314,11.866578824580854,0.04631268436578171,0.034414127334116126,0.33626684027714937,0.011572329859538709
2019,all,lit_only,municipality,Borgarfjarðarsveit,139,7.78451500522147,0.020501474926253687,0.00999373766768749,0.09107104159020674,0.000910140098775583
2019,all,lit_only,municipality,Dalabyggð,15,11.10747480392456,0.0022123893805309734,0.00153882127004258,0.13460394777859275,0.0002071314178733992
2019,all,lit_only,municipality,Eyrarsveit,29,14.068098931476987,0.004277286135693215,0.00376803559262011,0.2589291580358686,0.0009756542834463102
2019,all,lit_only,municipality,Helgafellssveit,22,17.590909134257924,0.0032448377581120944,0.0035743127547682193,0.370505115629411,0.0013243011605010777
2019,all,lit_only,municipality,Hvalfjarðarstrandarhreppur,67,8.76171909161468,0.009882005899705015,0.00542182770832196,0.23869996441712704,0.0012941900810522452
2019,all,lit_only,municipality,Hvítársíðuhreppur,1,5.0,0.00014749262536873156,4.6179751239794974e-05,0.0,0.0
2019,all,lit_only,municipality,Innri-Akraneshreppur,28,18.238095249448502,0.004129793510324484,0.004716491929560422,0.16963503319075457,0.0008000822650149083
2019,all,lit_only,municipality,Leirár- og Melahreppur,109,5.8519368171691895,0.01607669616519174,0.005891253505435581,0.05860515590628523,0.00034525783016950163
2019,all,lit_only,municipality,Skilmannahreppur,52,16.673076923076923,0.007669616519174041,0.008007568864980448,0.12662010360021592,0.0010139191992696876
2019,all,lit_only,municipality,Skorradalshreppur,6,8.166666666666666,0.0008849557522123894,0.0004525615621499907,0.08620595110970664,3.901349990083456e-05
2019,all,lit_only,municipality,Snæfellsbær,49,11.801387473028534,0.0072271386430678465,0.005340854350331124,0.34071879318944465,0.001819729448845416
2020,all,zeros_included,region,Austurland,22467,0.4525024567235321,0.21982720663776992,0.08277664130412533,3.8979631601334406,0.32266029832306065
2020,all,zeros_included,region,Höfuðborgarsvæði,1034,20.545115191539896,0.01011711984971087,0.17297004299644514,0.5416040001631641,0.09368126719526917
2020,all,zeros_included,region,Norðurland eystra,21869,1.1045500630077345,0.21397610637652514,0.1966781449323842,2.7558070910875467,0.5420070264666086
2020,all,zeros_included,region,Norðurland vestra,12430,0.4928637725062075,0.12162069606567322,0.049881533858802854,3.2902084370357465,0.16412064355451741
2020,all,zeros_included,region,Suðurland,24726,1.3039956844702494,0.24193027601929493,0.2625256805895408,2.6096953110213685,0.6851120376572181
2020,all,zeros_included,region,Suðurnes,831,14.375332169440966,0.008130876784438813,0.09726591720498838,0.6692405891345925,0.06509429973298292
2020,all,zeros_included,region,Vestfirðir,9235,0.746295002582077,0.09035938279698248,0.05611632312270291,3.101994666866373,0.17407253505077458
2020,all,zeros_included,region,Vesturland,9611,1.0451222862937848,0.0940383354696046,0.0817857159910104,2.578922814572287,0.2109190488753462
2020,all,zeros_included,municipality,Austur-Hérað,1563,1.146370941450103,0.015293093157735096,0.014589013324755137,3.0085571279181913,0.043891880027485536
2020,all,zeros_included,municipality,Borgarfjarðarhreppur,419,0.011933174224343675,0.004099683962310304,4.071100075995938e-05,6.037870919922138,0.00024580776760948684
2020,all,zeros_included,municipality,Breiðdalshreppur,452,0.08849557522123894,0.004422570766024481,0.00032568800607967504,4.262597780156168,0.0013882769717387113
2020,all,zeros_included,municipality,Búðahreppur,25,17.88,0.00024461121493498235,0.0036395634679403685,0.5087555499878937,0.001851648113847848
2020,all,zeros_included,municipality,Djúpavogshreppur,1146,0.1457242587057916,0.011212978092619591,0.0013597474292651468,4.93628677091429,0.006712103246866258
2020,all,zeros_included,municipality,Fáskrúðsfjarðarhr.,219,2.0064688033709244,0.0021427942428304454,0.0035778184604744394,1.9320294027598799,0.006912450463373704
2020,all,zeros_included,municipality,Fellahreppur,336,1.7767857142857142,0.0032875747287261625,0.00486089349073915,2.5870486341567687,0.012575367865998244
2020,all,zeros_included,municipality,Fjarðabyggð,635,6.799669525567002,0.006213124859348551,0.035156311605299514,1.3120071877825215,0.04612533352207504
2020,all,zeros_included,municipality,Fljótsdalshreppur,1531,0.016329196603527107,0.014979990802618318,0.0002035550037997969,5.460319163078479,0.0011114752879885436
2020,all,zeros_included,municipality,Mjóafjarðarhreppur,187,1.9197860962566844,0.0018296918877136678,0.0029230498545650832,1.8114464511950121,0.005294948285718017
2020,all,zeros_included,municipality,Norður-Hérað,6977,0.002006593091586642,0.06826609786405487,0.00011399080212788626,7.870403121855931,0.0008971535649301778
2020,all,zeros_included,municipality,Seyðisfjörður,208,5.396840664056631,0.002035165308259053,0.00913996863003283,1.4616749255076082,0.013359662966445113
2020,all,zeros_included,municipality,Skeggjastaðahreppur,589,0.15763198378130616,0.005763040223868184,0.0007559645145964269,3.541034484768219,0.0026768964154470156
2020,all,zeros_included,municipality,Stöðvarhreppur,85,1.0705882352941176,0.00083167813077894,0.0007409402138312607,2.1071566478686417,0.001561277097247754
2020,all,zeros_included,municipality,Sveitarfélagið Hornafjörður,6214,0.05616350177019633,0.06080056358423921,0.0028416278530451647,6.161008865525666,0.017507294395135924
2020,all,zeros_included,municipality,Vopnafjarðarhreppur,1881,0.16374269005847952,0.018404547811708073,0.0025077976468134977,4.638363784069971,0.011632077782755624
2020,all,zeros_included,municipality,Bessastaðahreppur,6,61.5,5.870669158439576e-05,0.0030044718560850022,0.0003900327679842164,1.1718424743595097e-06
2020,all,zeros_included,municipality,Garðabær,36,51.05555555555556,0.0003522401495063746,0.014965363879361067,0.043037568491955724,0.0006440728729650421
2020,all,zeros_included,municipality,Hafnarfjörður,143,22.977158079614174,0.001399176149428099,0.02675310066116915,0.5170190300115478,0.013831862153638972
2020,all,zeros_included,municipality,Kjósarhreppur,273,2.106209683767605,0.002671154467090007,0.004681726360392724,0.9889829788707039,0.004630147682158694
2020,all,zeros_included,municipality,Kópavogur,107,23.390922519648186,0.0010469359999217243,0.020378532299733933,0.2560515552327076,0.005217954888706839
2020,all,zeros_included,municipality,Mosfellsbær,198,22.461900405209473,0.0019373208222850601,0.03621207920087795,0.2992058033656475,0.010834864248839142
2020,all,zeros_included,municipality,Reykjavík,271,30.352897672195716,0.0026515855698952084,0.06697476873882531,0.2577550223334182,0.017263083012051435
2020,all,zeros_included,municipality,Aðaldælahreppur,561,4.06713672691488,0.005489075663141003,0.01857776255586858,1.3855167649532907,0.025739801476477413
2020,all,zeros_included,municipality,Akureyri,117,26.930402951362804,0.0011447804858957173,0.025654909527443277,0.41667275800499626,0.010689701909168445
2020,all,zeros_included,municipality,Arnarneshreppur,77,6.363636388407125,0.0007534025419997456,0.003989678090006033,0.09173697207129639,0.00036600098751634653
2020,all,zeros_included,municipality,Bárðdælahreppur,3151,0.0031735956839098697,0.030830797530405175,8.142200151991876e-05,6.775620915923607,0.0005516846165147253
2020,all,zeros_included,municipality,Dalvíkurbyggð,575,3.271304347826087,0.005626057943504594,0.015315478485896717,1.4030057481024953,0.021487704350653197
2020,all,zeros_included,municipality,Eyjafjarðarsveit,1796,1.771565465990844,0.01757286968092913,0.025906295329191757,2.1837431817941555,0.05657269579066827
2020,all,zeros_included,municipality,Glæsibæjarhreppur,120,16.608333333333334,0.0011741338316879153,0.01622740490291981,0.29805833053143616,0.00483671321422192
2020,all,zeros_included,municipality,Grímseyjarhreppur,5,6.281666851043701,4.892224298699647e-05,0.00025573294394665174,0.11240785198072145,2.8746390909749366e-05
2020,all,zeros_included,municipality,Grýtubakkahreppur,490,3.4596938785241576,0.004794379812725654,0.013803064811546731,1.4792066592895408,0.020417585387845053
2020,all,zeros_included,municipality,Hálshreppur,1471,1.0627091451213118,0.01439292388677436,0.012728254918069885,2.047489914786715,0.026060973577582493
2020,all,zeros_included,municipality,Hríseyjarhreppur,7,11.700680324009486,6.849114018179505e-05,0.0006668849677879087,0.010722541043299394,7.150701438265245e-06
2020,all,zeros_included,municipality,Húsavík,66,14.970282381231135,0.0006457736074283534,0.008044808341668215,0.6087514811308927,0.004897288993404687
2020,all,zeros_included,municipality,Kelduneshreppur,720,0.0,0.0070448029901274915,0.0,0.0,0.0
2020,all,zeros_included,municipality,Ljósavatnshreppur,401,0.49875311720698257,0.003923563887557117,0.001628440030398375,2.525368794188631,0.004112411635975643
2020,all,zeros_included,municipality,Ólafsfjörður,202,4.410891089108911,0.0019764586166746575,0.007254700335424761,1.4545494251956523,0.010552320202858793
2020,all,zeros_included,municipality,Öxarfjarðarhreppur,2684,0.07345113917718879,0.026261460035419702,0.0016051766047205443,4.595621541890486,0.007376784183192362
2020,all,zeros_included,municipality,Öxnadalshreppur,289,0.39792387543252594,0.0028277056446483957,0.0009363530174790657,2.588135406121798,0.002423408397166553
2020,all,zeros_included,municipality,Reykdælahreppur,390,1.7671857919448462,0.0038159349529857246,0.005611624365270772,1.6156184252377277,0.009066243720044428
2020,all,zeros_included,municipality,Reykjahreppur,191,10.753842268938794,0.0018688296821032652,0.01672394780592017,0.6572058450124811,0.010991076249734395
2020,all,zeros_included,municipality,Siglufjörður,137,10.314795640263243,0.0013404694578437032,0.011505962896298563,0.9313286210032783,0.010715832557524627
2020,all,zeros_included,municipality,Skriðuhreppur,403,0.7121588089330024,0.003943132784751916,0.0023368114436216683,2.0485175791995305,0.00478699932153362
2020,all,zeros_included,municipality,Skútustaðahreppur,6033,0.10111055859439748,0.05902957838810994,0.0049667420927150445,4.674681809711469,0.023217938914343293
2020,all,zeros_included,municipality,Svalbarðshreppur,1098,0.0,0.010743324559944424,0.0,0.0,0.0
2020,all,zeros_included,municipality,Þórshafnarhreppur,709,0.393951142624504,0.006937174055556099,0.0022742089988284178,3.361271440272661,0.007644233756973042
2020,all,zeros_included,municipality,Tjörneshreppur,176,0.4064685268835588,0.0017220629531422757,0.0005824804658413358,2.87247590411252,0.001673161102745473
2020,all,zeros_included,municipality,Akrahreppur,1359,0.0014716703458425313,0.01329706564386564,1.6284400303983753e-05,6.521357233591198,0.00010619639171707915
2020,all,zeros_included,municipality,Áshreppur,1150,0.0,0.011252115887009188,0.0,0.0,0.0
2020,all,zeros_included,municipality,Blönduós,15,24.066666666666666,0.00014676672896098941,0.002939334254869067,0.21167035564779013,0.0006221699270958676
2020,all,zeros_included,municipality,Bólstaðarhlíðarhreppur,1340,0.041044776119402986,0.013111161120515054,0.00044782100835955317,5.060768239836335,0.0022663183362375086
2020,all,zeros_included,municipality,Engihlíðarhreppur,166,0.9759036144578314,0.0016242184671682828,0.0013190364246226838,3.0123279685170643,0.0039733703133836605
2020,all,zeros_included,municipality,Höfðahreppur,48,2.9583333333333335,0.00046965353267516607,0.0011561924215828464,1.659954271260222,0.0019192265486051453
2020,all,zeros_included,municipality,Húnaþing vestra,2461,0.44377850013649206,0.02407952799819966,0.00889241342667596,3.2623311068199574,0.029009996936548436
2020,all,zeros_included,municipality,Skagahreppur,272,0.007352941176470588,0.0026613700184926078,1.6284400303983753e-05,5.605802066295998,9.128712487246329e-05
2020,all,zeros_included,municipality,Sveinsstaðahreppur,118,0.0,0.0011545649344931166,0.0,0.0,0.0
2020,all,zeros_included,municipality,Sveitarfélagið Skagafjörður,4110,0.8431895091295822,0.040214083735311094,0.02821686695000457,2.7098663928731463,0.07646393945999039
2020,all,zeros_included,municipality,Svínavatnshreppur,979,0.4569045215144951,0.009578975176853908,0.003642083695166154,3.3762968374255915,0.012296755661628798
2020,all,zeros_included,municipality,Torfalækjarhreppur,187,1.4185707326878838,0.0018296918877136678,0.00215990363820157,2.0742372846833805,0.004480152657680979
2020,all,zeros_included,municipality,Vindhælishreppur,225,0.5869629658593072,0.002201500934414841,0.001075313238712482,3.1166628032194517,0.003351388772904631
2020,all,zeros_included,municipality,Ásahreppur,137,2.2513034413330746,0.0013404694578437032,0.002511287161441673,0.7783143376879709,0.00195457080380178
2020,all,zeros_included,municipality,Austur-Eyjafjallahreppur,282,0.0,0.0027592145044666007,0.0,0.0,0.0
2020,all,zeros_included,municipality,Austur-Landeyjahreppur,200,0.32666667103767394,0.001956889719479859,0.0005319570837147258,2.4755475752465728,0.0013168850687252276
2020,all,zeros_included,municipality,Biskupstungnahreppur,1989,2.635448878227376,0.019461268260227194,0.04268066263891395,2.47111567426015,0.10546885443482984
2020,all,zeros_included,municipality,Djúpárhreppur,120,1.8770923554897307,0.0011741338316879153,0.001834039399460553,1.9761838543136472,0.0036243990493890423
2020,all,zeros_included,municipality,Fljótshlíðarhreppur,414,0.021739130434782608,0.0040507617193233075,7.327980136792688e-05,5.389351805530501,0.00039493062981115325
2020,all,zeros_included,municipality,Gaulverjabæjarhreppur,84,0.5819444486073085,0.0008218936821815406,0.00039801788694370546,2.1109513734143635,0.0008401964050872979
2020,all,zeros_included,municipality,Gnúpverjahreppur,1127,1.2514535303970513,0.011027073569269004,0.011483662436336665,2.013455418288901,0.023121842354242778
2020,all,zeros_included,municipality,Grímsnes- og Grafningshreppur,889,4.0329698981262565,0.008698374803087971,0.029192313576459517,0.9486371375893397,0.027692912790782974
2020,all,zeros_included,municipality,Holta- og Landasveit,1604,0.5816708229426434,0.015694255550228468,0.00759667274180842,2.137270513889918,0.016236144654738414
2020,all,zeros_included,municipality,Hraungerðishreppur,98,8.045578234049739,0.0009588759625451307,0.006419853415373946,0.37009424408834546,0.002375950796920803
2020,all,zeros_included,municipality,Hrunamannahreppur,1212,3.9003864837558355,0.011858751700047944,0.038490365634086955,2.200336271383719,0.08469174760350293
2020,all,zeros_included,municipality,Hveragerði,11,56.81818181818182,0.00010762893457139223,0.005088875094994922,0.003498709699257141,1.780449665316684e-05
2020,all,zeros_included,municipality,Hvolhreppur,238,2.68609337846772,0.002328698766181032,0.0052052289596329696,1.6873585130955173,0.008783087397648014
2020,all,zeros_included,municipality,Laugardalshreppur,649,1.7503852080123266,0.006350107139712142,0.009249539372662771,1.9299375690692626,0.01785103353188722
2020,all,zeros_included,municipality,Mýrdalshreppur,764,0.15575916230366493,0.007475318728413061,0.0009689218180870332,3.735975901652303,0.0036198685629582924
2020,all,zeros_included,municipality,Ölfushreppur,739,10.213804193052775,0.007230707513478078,0.06145733732123318,0.47751410306476316,0.029346745307697257
2020,all,zeros_included,municipality,Rangárvallahreppur,1446,0.4360798264275283,0.014148312671839379,0.005134238785161202,2.703477486959293,0.013880298968356538
2020,all,zeros_included,municipality,Skaftárhreppur,6922,0.008523548107483386,0.06772795319119791,0.00048038980896752064,6.209390897510208,0.0029829281070595905
2020,all,zeros_included,municipality,Skeiðahreppur,1280,0.6239133346825838,0.012524094204671096,0.006502434878057334,2.574304053334048,0.016739244463123682
2020,all,zeros_included,municipality,Sveitarfélagið Árborg,149,15.954563981734665,0.0014578828410124946,0.01935588273827957,0.4365492566742426,0.00844979622166975
2020,all,zeros_included,municipality,Þingvallahreppur,647,0.0077279752704791345,0.006330538242517343,4.071100075995938e-05,5.799334627491644,0.00023609671642707108
2020,all,zeros_included,municipality,Uten navn - sysla,123,0.0,0.0012034871774801131,0.0,0.0,0.0
2020,all,zeros_included,municipality,Vestmannaeyjar,15,33.026065270105995,0.00014676672896098941,0.00403357250492926,0.23149382444880073,0.0009337471253576035
2020,all,zeros_included,municipality,Vestur-Eyjafjallahreppur,469,0.0021321961620469083,0.0045889063921802685,8.142200151991876e-06,6.150602768446279,5.007943879608495e-05
2020,all,zeros_included,municipality,Vestur-Landeyjahreppur,186,0.16290322683190786,0.0018199074391162687,0.00024670866615835525,3.313732404156068,0.0008175265014350633
2020,all,zeros_included,municipality,Villingaholtshreppur,2932,0.14835152363386844,0.028688003287574728,0.003541585664556696,3.509386819654874,0.012428794051873917
2020,all,zeros_included,municipality,Grindavík,456,7.608667407380907,0.004461708560414078,0.028249789571899598,0.8037517168990189,0.022705816870450302
2020,all,zeros_included,municipality,Reykjanesbær,132,18.894954591989517,0.0012915472148567067,0.020307738283902515,0.49587527405146403,0.010070105286895567
2020,all,zeros_included,municipality,Sandgerði,88,46.87922079996629,0.0008610314765711379,0.03358959988760167,0.06585669105323788,0.002212099902399657
2020,all,zeros_included,municipality,Vatnsleysustrandarhreppur,155,11.979633925807091,0.0015165895325968905,0.015118789461584597,0.36901461203812636,0.005579054227652753
2020,all,zeros_included,municipality,Árneshreppur,682,0.0,0.006672993943426318,0.0,0.0,0.0
2020,all,zeros_included,municipality,Bæjarhreppur,497,0.19517102615694165,0.004862870952907449,0.0007897934147432119,3.371681494892748,0.0026629318412778407
2020,all,zeros_included,municipality,Bolungarvík,85,13.434747819339528,0.00083167813077894,0.0092980144876109,0.48570937385819857,0.004516132794901949
2020,all,zeros_included,municipality,Broddaneshreppur,284,0.0,0.0027787834016613994,0.0,0.0,0.0
2020,all,zeros_included,municipality,Hólmavíkurhreppur,1327,0.23507765854042817,0.012983963288748863,0.002539943483598739,4.034950569192873,0.01024854640486446
2020,all,zeros_included,municipality,Ísafjarðarbær,2337,1.571718183500317,0.02286625637212215,0.029907159304150385,2.4932960729767473,0.07456740284692814
2020,all,zeros_included,municipality,Kaldrananeshreppur,471,0.07006369426751592,0.004608475289375067,0.0002686926050157319,3.939490653222722,0.0010585120060495406
2020,all,zeros_included,municipality,Kirkjubólshreppur,159,0.0,0.0015557273269864876,0.0,0.0,0.0
2020,all,zeros_included,municipality,Reykhólahreppur,1149,0.07328940537621188,0.011242331438411789,0.000685650821725031,4.199999082843827,0.0028797328223962465
2020,all,zeros_included,municipality,Súðavíkurhreppur,733,0.617763322502334,0.007172000821893682,0.0036869552692677826,2.836291497761681,0.01045727988285184
2020,all,zeros_included,municipality,Vesturbyggð,1511,0.72666928809183,0.014784301830670333,0.00894011373659113,2.8732035283669166,0.025686766331975173
2020,all,zeros_included,municipality,Akranes,7,46.857142857142854,6.849114018179505e-05,0.0026706416498533353,0.038219594524706135,0.0001020708409781867
2020,all,zeros_included,municipality,Borgarbyggð,1847,2.113917569889529,0.018071876559396495,0.03179045310400116,1.9938992791906125,0.06338696152921088
2020,all,zeros_included,municipality,Borgarfjarðarsveit,1259,1.1004913572852246,0.012318620784125711,0.011281169908760859,1.895028373751282,0.02137813706621099
2020,all,zeros_included,municipality,Dalabyggð,2172,0.08637758842489338,0.021251822353551265,0.0015275754487432366,4.811116470849443,0.007349343401913815
2020,all,zeros_included,municipality,Eyja- og Miklaholtshreppur,405,0.0049382716049382715,0.003962701681946714,1.6284400303983753e-05,5.310739886546594,8.6482214222858e-05
2020,all,zeros_included,municipality,Eyrarsveit,141,2.945448244717104,0.0013796072522333004,0.003381522509560593,1.7947214629602652,0.006068891025391655
2020,all,zeros_included,municipality,Helgafellssveit,246,1.6178861827385136,0.0024069743549602262,0.0032405956682577735,2.706053135151182,0.008769224067846288
2020,all,zeros_included,municipality,Hvalfjarðarstrandarhreppur,291,2.0825951173133457,0.0028472745418431943,0.004934459727691342,1.6453296854326955,0.0081188130715427
2020,all,zeros_included,municipality,Hvítársíðuhreppur,1477,0.007447528774542992,0.014451630578358757,8.956420167191063e-05,6.261569497712096,0.0005608124732757703
2020,all,zeros_included,municipality,Innri-Akraneshreppur,28,18.291666678019933,0.0002739645607271802,0.004170163513766842,0.1675833919621832,0.0006988501466739837
2020,all,zeros_included,municipality,Kolbeinsstaðahreppur,391,0.0,0.003825719401583124,0.0,0.0,0.0
2020,all,zeros_included,municipality,Leirár- og Melahreppur,136,5.381229596979478,0.0013306850092463039,0.005958846588170409,0.07573603656015537,0.0004512994230580312
2020,all,zeros_included,municipality,Saurbæjarhreppur,255,0.0,0.00249503439233682,0.0,0.0,0.0
2020,all,zeros_included,municipality,Skilmannahreppur,52,16.702087310644295,0.0005087913270647633,0.007071570367644098,0.12658821566189937,0.000895177474767628
2020,all,zeros_included,municipality,Skorradalshreppur,207,0.3188405797101449,0.0020253808596616537,0.0005373852100314638,3.0771687638430523,0.0016536249824600586
2020,all,zeros_included,municipality,Snæfellsbær,697,0.9013887893520777,0.0068197606723873075,0.005115483692553383,2.810831343289372,0.014378761899114703
2020,all,lit_only,region,Austurland,641,15.860175811556312,0.0683660409556314,0.08277664130412533,0.3411897721366337,0.028242543384790385
2020,all,lit_only,region,Höfuðborgarsvæði,831,25.563958012096574,0.08863054607508532,0.17297004299644514,0.3230437399502377,0.05587688958892506
2020,all,lit_only,region,Norðurland eystra,2000,12.077702663958073,0.21331058020477817,0.1966781449323842,0.36388416274130586,0.07156806209823383
2020,all,lit_only,region,Norðurland vestra,713,8.59228147580948,0.07604522184300341,0.049881533858802854,0.4318216729452855,0.021539927399985153
2020,all,lit_only,region,Suðurland,2899,11.121972160818002,0.30919368600682595,0.2625256805895408,0.46620583937615123,0.12239100527704223
2020,all,lit_only,region,Suðurnes,709,16.848943628780596,0.07561860068259385,0.09726591720498838,0.5104663208112719,0.049650974895964206
2020,all,lit_only,region,Vestfirðir,544,12.6691807883189,0.05802047781569966,0.05611632312270291,0.27018802108897555,0.015161958295312621
2020,all,lit_only,region,Vesturland,1039,9.667632621337406,0.11081484641638226,0.0817857159910104,0.35427325084823025,0.02897449147708534
2020,all,lit_only,municipality,Austur-Hérað,122,14.686703126938617,0.013011945392491467,0.014589013324755137,0.45821584222997114,0.006684917027906947
2020,all,lit_only,municipality,Borgarfjarðarhreppur,1,5.0,0.00010665529010238908,4.071100075995938e-05,0.0,0.0
2020,all,lit_only,municipality,Breiðdalshreppur,7,5.714285714285714,0.0007465870307167236,0.00032568800607967504,0.0948257493792497,3.088360924033882e-05
2020,all,lit_only,municipality,Búðahreppur,18,24.833333333333332,0.0019197952218430034,0.0036395634679403685,0.1802514830158577,0.0006560367126265895
2020,all,lit_only,municipality,Djúpavogshreppur,11,15.181818225167014,0.00117320819112628,0.0013597474292651468,0.29014914643797596,0.0003945295559725144
2020,all,lit_only,municipality,Fáskrúðsfjarðarhr.,43,10.218992277633312,0.00458617747440273,0.0035778184604744394,0.30415778863694154,0.0010882213510823322
2020,all,lit_only,municipality,Fellahreppur,37,16.135135135135137,0.003946245733788396,0.00486089349073915,0.3808553868377884,0.0018512974707927466
2020,all,lit_only,municipality,Fjarðabyggð,213,20.271315252277212,0.022717576791808875,0.035156311605299514,0.21967435459925522,0.007722940061984477
2020,all,lit_only,municipality,Fljótsdalshreppur,9,2.7777777777777777,0.0009598976109215017,0.0002035550037997969,0.3238673447570142,6.592481859264415e-05
2020,all,lit_only,municipality,Mjóafjarðarhreppur,36,9.972222222222221,0.0038395904436860067,0.0029230498545650832,0.16385677279653565,0.00047896151589241746
2020,all,lit_only,municipality,Norður-Hérað,3,4.666666666666667,0.0003199658703071672,0.00011399080212788626,0.11864110658480409,1.3523994904941867e-05
2020,all,lit_only,municipality,Seyðisfjörður,69,16.268737074257672,0.007359215017064847,0.00913996863003283,0.3582433504035496,0.0032743329846063023
2020,all,lit_only,municipality,Skeggjastaðahreppur,20,4.6422619223594666,0.0021331058020477816,0.0007559645145964269,0.15834057467062346,0.00011969985567179715
2020,all,lit_only,municipality,Stöðvarhreppur,13,7.0,0.001386518771331058,0.0007409402138312607,0.22945474883986194,0.00017001225067000552
2020,all,lit_only,municipality,Sveitarfélagið Hornafjörður,15,23.266666666666666,0.0015998293515358361,0.0028416278530451647,0.13449897667488298,0.0003821960383254194
2020,all,lit_only,municipality,Vopnafjarðarhreppur,24,12.833333333333334,0.002559726962457338,0.0025077976468134977,0.276858785116886,0.0006943058098157705
2020,all,lit_only,municipality,Bessastaðahreppur,6,61.5,0.0006399317406143345,0.0030044718560850022,0.0003900327679842164,1.1718424743595097e-06
2020,all,lit_only,municipality,Garðabær,36,51.05555555555556,0.0038395904436860067,0.014965363879361067,0.043037568491955724,0.0006440728729650421
2020,all,lit_only,municipality,Hafnarfjörður,104,31.593592359469486,0.011092150170648464,0.02675310066116915,0.19856529889301333,0.005312237429099925
2020,all,lit_only,municipality,Kjósarhreppur,109,5.275185721729874,0.011625426621160409,0.004681726360392724,0.07085906591488778,0.00033174275676653566
2020,all,lit_only,municipality,Kópavogur,107,23.390922519648186,0.011412116040955631,0.020378532299733933,0.2560515552327076,0.005217954888706839
2020,all,lit_only,municipality,Mosfellsbær,198,22.461900405209473,0.021117747440273036,0.03621207920087795,0.2992058033656475,0.010834864248839142
2020,all,lit_only,municipality,Reykjavík,271,30.352897672195716,0.02890358361774744,0.06697476873882531,0.2577550223334182,0.017263083012051435
2020,all,lit_only,municipality,Aðaldælahreppur,176,12.963998317041181,0.01877133105802048,0.01857776255586858,0.22627985446874588,0.004203773407496859
2020,all,lit_only,municipality,Akureyri,100,31.508571453094483,0.010665529010238909,0.025654909527443277,0.25966900919533176,0.006661784937987072
2020,all,lit_only,municipality,Arnarneshreppur,77,6.363636388407125,0.00821245733788396,0.003989678090006033,0.09173697207129639,0.00036600098751634653
2020,all,lit_only,municipality,Bárðdælahreppur,4,2.5,0.0004266211604095563,8.142200151991876e-05,0.1064401352862232,8.666568857055224e-06
2020,all,lit_only,municipality,Dalvíkurbyggð,189,9.952380952380953,0.020157849829351537,0.015315478485896717,0.29038272236478724,0.0044473503370540185
2020,all,lit_only,municipality,Eyjafjarðarsveit,266,11.961396905712615,0.028370307167235494,0.025906295329191757,0.27392224171371016,0.007096310491069625
2020,all,lit_only,municipality,Glæsibæjarhreppur,118,16.889830508474578,0.012585324232081911,0.01622740490291981,0.281251212215055,0.004563977300050723
2020,all,lit_only,municipality,Grímseyjarhreppur,5,6.281666851043701,0.0005332764505119454,0.00025573294394665174,0.11240785198072145,2.8746390909749366e-05
2020,all,lit_only,municipality,Grýtubakkahreppur,162,10.464506175782946,0.01727815699658703,0.013803064811546731,0.3723976034172525,0.005140228255633012
2020,all,lit_only,municipality,Hálshreppur,216,7.237246076265971,0.02303754266211604,0.012728254918069885,0.1290706018694423,0.001642843523022969
2020,all,lit_only,municipality,Hríseyjarhreppur,7,11.700680324009486,0.0007465870307167236,0.0006668849677879087,0.010722541043299394,7.150701438265245e-06
2020,all,lit_only,municipality,Húsavík,48,20.58413827419281,0.005119453924914676,0.008044808341668215,0.29029775001235825,0.002335389760866934
2020,all,lit_only,municipality,Ljósavatnshreppur,35,5.714285714285714,0.0037329351535836178,0.001628440030398375,0.08675542837147576,0.00014127601241447005
2020,all,lit_only,municipality,Ólafsfjörður,62,14.370967741935484,0.006612627986348123,0.007254700335424761,0.27341611283953915,0.001983551965527539
2020,all,lit_only,municipality,Öxarfjarðarhreppur,31,6.359447017792733,0.0033063139931740616,0.0016051766047205443,0.13454524828405923,0.00021596888482188883
2020,all,lit_only,municipality,Öxnadalshreppur,24,4.791666666666667,0.002559726962457338,0.0009363530174790657,0.09976254835731124,9.341296318576959e-05
2020,all,lit_only,municipality,Reykdælahreppur,87,7.9218673432010345,0.009279010238907849,0.005611624365270772,0.1153798047686192,0.0006474681236997683
2020,all,lit_only,municipality,Reykjahreppur,150,13.693225822448731,0.01599829351535836,0.01672394780592017,0.4155677110621072,0.006949932709628395
2020,all,lit_only,municipality,Siglufjörður,70,20.187528610229492,0.0074658703071672355,0.011505962896298563,0.2598429372245121,0.002989743194570473
2020,all,lit_only,municipality,Skriðuhreppur,54,5.314814814814815,0.00575938566552901,0.0023368114436216683,0.03856506381712177,9.011928245185009e-05
2020,all,lit_only,municipality,Skútustaðahreppur,74,8.243243243243244,0.007892491467576791,0.0049667420927150445,0.2737472244748771,0.001359631862563286
2020,all,lit_only,municipality,Þórshafnarhreppur,32,8.728480003774166,0.0034129692832764505,0.0022742089988284178,0.26315181654026,0.0005984622292339041
2020,all,lit_only,municipality,Tjörneshreppur,13,5.502958517808181,0.001386518771331058,0.0005824804658413358,0.266941266535905,0.00015548807328411013
2020,all,lit_only,municipality,Akrahreppur,2,1.0,0.00021331058020477816,1.6284400303983753e-05,0.0,0.0
2020,all,lit_only,municipality,Blönduós,15,24.066666666666666,0.0015998293515358361,0.002939334254869067,0.21167035564779013,0.0006221699270958676
2020,all,lit_only,municipality,Bólstaðarhlíðarhreppur,12,4.583333333333333,0.001279863481228669,0.00044782100835955317,0.3452499966793783,0.00015461020164909156
2020,all,lit_only,municipality,Engihlíðarhreppur,17,9.529411764705882,0.0018131399317406144,0.0013190364246226838,0.7335535242167373,0.0009675838178522144
2020,all,lit_only,municipality,Höfðahreppur,12,11.833333333333334,0.001279863481228669,0.0011561924215828464,0.2736599101403314,0.0003164035141952939
2020,all,lit_only,municipality,Húnaþing vestra,129,8.466192936712456,0.013758532423208191,0.00889241342667596,0.3138204607905739,0.002790621279099736
2020,all,lit_only,municipality,Skagahreppur,1,2.0,0.00010665529010238908,1.6284400303983753e-05,0.0,0.0
2020,all,lit_only,municipality,Sveitarfélagið Skagafjörður,430,8.059322982610658,0.045861774744027306,0.02821686695000457,0.45247329407047454,0.012767378737216872
2020,all,lit_only,municipality,Svínavatnshreppur,46,9.72412014266719,0.004906143344709898,0.003642083695166154,0.3184065913841758,0.0011596634549137389
2020,all,lit_only,municipality,Torfalækjarhreppur,38,6.980861237174587,0.0040529010238907846,0.00215990363820157,0.48071482755517936,0.0010382977049738723
2020,all,lit_only,municipality,Vindhælishreppur,11,12.00606066530401,0.00117320819112628,0.001075313238712482,0.09845767381340176,0.00010587284010438617
2020,all,lit_only,municipality,Ásahreppur,65,4.745054945578942,0.00693259385665529,0.002511287161441673,0.03272068175548304,8.217102800616334e-05
2020,all,lit_only,municipality,Austur-Landeyjahreppur,19,3.438596537238673,0.0020264505119453923,0.0005319570837147258,0.12166918786497627,6.472278635459188e-05
2020,all,lit_only,municipality,Biskupstungnahreppur,240,21.84128257830938,0.025597269624573378,0.04268066263891395,0.3563673187481693,0.015209993307024928
2020,all,lit_only,municipality,Djúpárhreppur,26,8.663503179183373,0.002773037542662116,0.001834039399460553,0.4467886495530835,0.0008194279865121287
2020,all,lit_only,municipality,Fljótshlíðarhreppur,2,4.5,0.00021331058020477816,7.327980136792688e-05,0.0566330122651324,4.150055889656269e-06
2020,all,lit_only,municipality,Gaulverjabæjarhreppur,11,4.443939425728538,0.00117320819112628,0.00039801788694370546,0.07802984736942031,3.105727496851653e-05
2020,all,lit_only,municipality,Gnúpverjahreppur,186,7.5827318750401975,0.01983788395904437,0.011483662436336665,0.2118875779623255,0.002433245419772314
2020,all,lit_only,municipality,Grímsnes- og Grafningshreppur,447,8.020828276139245,0.04767491467576792,0.029192313576459517,0.26109849668900376,0.007622069189687574
2020,all,lit_only,municipality,Holta- og Landasveit,220,4.240909090909091,0.023464163822525596,0.00759667274180842,0.1506422718158198,0.001144380040067333
2020,all,lit_only,municipality,Hraungerðishreppur,98,8.045578234049739,0.010452218430034129,0.006419853415373946,0.37009424408834546,0.002375950796920803
2020,all,lit_only,municipality,Hrunamannahreppur,178,26.55768774332625,0.018984641638225257,0.038490365634086955,0.28209265504654457,0.010857849435431865
2020,all,lit_only,municipality,Hveragerði,11,56.81818181818182,0.00117320819112628,0.005088875094994922,0.003498709699257141,1.780449665316684e-05
2020,all,lit_only,municipality,Hvolhreppur,60,10.654837067921957,0.0063993174061433445,0.0052052289596329696,0.30943240164614316,0.001610666498097285
2020,all,lit_only,municipality,Laugardalshreppur,127,8.94488188976378,0.013545221843003413,0.009249539372662771,0.2986919388237639,0.0027627628484473837
2020,all,lit_only,municipality,Mýrdalshreppur,24,4.958333333333333,0.002559726962457338,0.0009689218180870332,0.27546194283372816,0.0002669010864642423
2020,all,lit_only,municipality,Ölfushreppur,677,11.149189510584934,0.0722056313993174,0.06145733732123318,0.3898874550288367,0.02396144484102435
2020,all,lit_only,municipality,Rangárvallahreppur,116,5.435960594950052,0.012372013651877133,0.005134238785161202,0.18051127534694755,0.0009267879910452112
2020,all,lit_only,municipality,Skaftárhreppur,17,3.4705882352941178,0.0018131399317406144,0.00048038980896752064,0.20014421737113475,9.614724234887335e-05
2020,all,lit_only,municipality,Skeiðahreppur,113,7.067336888439887,0.012052047781569966,0.006502434878057334,0.14707651513272602,0.0009563554617421649
2020,all,lit_only,municipality,Sveitarfélagið Árborg,142,16.74105657238356,0.015145051194539249,0.01935588273827957,0.38843000833004426,0.007518405693265294
2020,all,lit_only,municipality,Þingvallahreppur,2,2.5,0.00021331058020477816,4.071100075995938e-05,0.020135513550688877,8.197369074642672e-07
2020,all,lit_only,municipality,Vestmannaeyjar,14,35.38506993225643,0.0014931740614334472,0.00403357250492926,0.16250095296184952,0.0006554593758917192
2020,all,lit_only,municipality,Vestur-Eyjafjallahreppur,1,1.0,0.00010665529010238908,8.142200151991876e-06,0.0,0.0
2020,all,lit_only,municipality,Vestur-Landeyjahreppur,7,4.328571455819266,0.0007465870307167236,0.00024670866615835525,0.03389587949818007,8.362407219260346e-06
2020,all,lit_only,municipality,Villingaholtshreppur,96,4.530902784317732,0.010238907849829351,0.003541585664556696,0.09029494811616812,0.00031978729383011164
2020,all,lit_only,municipality,Grindavík,342,10.144889876507877,0.036476109215017066,0.028249789571899598,0.5160696444472381,0.014578858860079522
2020,all,lit_only,municipality,Reykjanesbær,132,18.894954591989517,0.014078498293515358,0.020307738283902515,0.49587527405146403,0.010070105286895567
2020,all,lit_only,municipality,Sandgerði,88,46.87922079996629,0.00938566552901024,0.03358959988760167,0.06585669105323788,0.002212099902399657
2020,all,lit_only,municipality,Vatnsleysustrandarhreppur,147,12.631586792517682,0.015678327645051195,0.015118789461584597,0.3160220818976156,0.004777871321421695
2020,all,lit_only,municipality,Bæjarhreppur,18,5.388888888888889,0.0019197952218430034,0.0007897934147432119,0.05346322669228387,4.222490437248931e-05
2020,all,lit_only,municipality,Bolungarvík,63,18.126247057839045,0.006719283276450512,0.0092980144876109,0.18619284375941492,0.0017312237587645126
2020,all,lit_only,municipality,Hólmavíkurhreppur,30,10.398268429438273,0.0031996587030716723,0.002539943483598739,0.24547191652282008,0.0006234847947786305
2020,all,lit_only,municipality,Ísafjarðarbær,252,14.575815058889843,0.02687713310580205,0.029907159304150385,0.2661018259493124,0.007958349699791385
2020,all,lit_only,municipality,Kaldrananeshreppur,12,2.75,0.001279863481228669,0.0002686926050157319,0.2695392089943045,7.242319221855948e-05
2020,all,lit_only,municipality,Reykhólahreppur,19,4.432080356698287,0.0020264505119453923,0.000685650821725031,0.09779078416151155,6.705033151747554e-05
2020,all,lit_only,municipality,Súðavíkurhreppur,51,8.878833635180603,0.005439419795221843,0.0036869552692677826,0.17097142859935532,0.0006303640095686335
2020,all,lit_only,municipality,Vesturbyggð,99,11.090881760674293,0.010558873720136518,0.00894011373659113,0.14779641622876705,0.0013213167709457405
2020,all,lit_only,municipality,Akranes,7,46.857142857142854,0.0007465870307167236,0.0026706416498533353,0.038219594524706135,0.0001020708409781867
2020,all,lit_only,municipality,Borgarbyggð,368,10.609798238005327,0.03924914675767918,0.03179045310400116,0.3806642371603033,0.012101488579814997
2020,all,lit_only,municipality,Borgarfjarðarsveit,217,6.384878427751603,0.02314419795221843,0.011281169908760859,0.13685269324739457,0.001543858484995388
2020,all,lit_only,municipality,Dalabyggð,24,7.81717175245285,0.002559726962457338,0.0015275754487432366,0.30576662014356293,0.0004670815819765059
2020,all,lit_only,municipality,Eyja- og Miklaholtshreppur,2,1.0,0.00021331058020477816,1.6284400303983753e-05,0.0,0.0
2020,all,lit_only,municipality,Eyrarsveit,31,13.397038790487475,0.0033063139931740616,0.003381522509560593,0.2799487770672431,0.0009466530911768429
2020,all,lit_only,municipality,Helgafellssveit,25,15.920000038146974,0.002666382252559727,0.0032405956682577735,0.41959742408702017,0.0013597455949085175
2020,all,lit_only,municipality,Hvalfjarðarstrandarhreppur,74,8.189664582948428,0.007892491467576791,0.004934459727691342,0.2760715114653727,0.00136226375528876
2020,all,lit_only,municipality,Hvítársíðuhreppur,3,3.6666666666666665,0.0003199658703071672,8.956420167191063e-05,0.062413503848826046,5.590015645766826e-06
2020,all,lit_only,municipality,Innri-Akraneshreppur,28,18.291666678019933,0.0029863481228668944,0.004170163513766842,0.1675833919621832,0.0006988501466739837
2020,all,lit_only,municipality,Leirár- og Melahreppur,136,5.381229596979478,0.014505119453924915,0.005958846588170409,0.07573603656015537,0.0004512994230580312
2020,all,lit_only,municipality,Skilmannahreppur,52,16.702087310644295,0.005546075085324232,0.007071570367644098,0.12658821566189937,0.000895177474767628
2020,all,lit_only,municipality,Skorradalshreppur,12,5.5,0.001279863481228669,0.0005373852100314638,0.22935662036568316,0.00012325285560731936
2020,all,lit_only,municipality,Snæfellsbær,60,10.471133102973303,0.0063993174061433445,0.005115483692553383,0.35839049475094864,0.0018333407314646167
2021,all,zeros_included,region,Austurland,22467,0.47460206536460997,0.21982720663776992,0.08735943303734041,3.807469205141345,0.332618351068281
2021,all,zeros_included,region,Höfuðborgarsvæði,1034,20.55337047680665,0.01011711984971087,0.17411600218763204,0.5411486479282099,0.09422263916650232
2021,all,zeros_included,region,Norðurland eystra,21869,1.0393713064342867,0.21397610637652514,0.18622361177857452,2.933368879265594,0.5462625473757082
2021,all,zeros_included,region,Norðurland vestra,12430,0.4959480634449186,0.12162069606567322,0.050505936117710454,3.3822399403076444,0.1708231943599467
2021,all,zeros_included,region,Suðurland,24726,1.3020717274705869,0.24193027601929493,0.2637690720719306,2.6361204238199796,0.6953270380608605
2021,all,zeros_included,region,Suðurnes,831,14.492546172205149,0.008130876784438813,0.09866901986060948,0.653286568551831,0.06445914540711004
2021,all,zeros_included,region,Vestfirðir,9235,0.7173534763395044,0.09035938279698248,0.05427567142906391,3.1938298107702474,0.1733472574097153
2021,all,zeros_included,region,Vesturland,9611,1.0805135188024828,0.0940383354696046,0.08508125351713856,2.5389213663802583,0.2160146124330786
2021,all,zeros_included,municipality,Austur-Hérað,1563,1.1540484846362835,0.015293093157735096,0.014778083997868464,2.9972562739354833,0.04429370497935682
2021,all,zeros_included,municipality,Borgarfjarðarhreppur,419,0.011933174224343675,0.004099683962310304,4.0964258872536115e-05,6.037870919922138,0.00024733690740264826
2021,all,zeros_included,municipality,Breiðdalshreppur,452,0.25442477876106195,0.004422570766024481,0.0009421779540683306,3.5494363694675872,0.0033442006966806948
2021,all,zeros_included,municipality,Búðahreppur,25,19.08,0.00024461121493498235,0.003907990296439945,0.33952867074222093,0.0013268747506237524
2021,all,zeros_included,municipality,Djúpavogshreppur,1146,0.1474694602360484,0.011212978092619591,0.001384591961611689,4.90733448675016,0.006794655883294095
2021,all,zeros_included,municipality,Fáskrúðsfjarðarhr.,219,2.45395738784581,0.0021427942428304454,0.004402975101567506,1.588387557822747,0.006993630868733173
2021,all,zeros_included,municipality,Fellahreppur,336,1.7767857142857142,0.0032875747287261625,0.004891132509380812,2.5870486341567687,0.012653597677873399
2021,all,zeros_included,municipality,Fjarðabyggð,635,7.157149840527632,0.006213124859348551,0.037234792034826866,1.2106820705369463,0.045079495116736784
2021,all,zeros_included,municipality,Fljótsdalshreppur,1531,0.011103853690398433,0.014979990802618318,0.00013927848016662278,5.959107198468585,0.0008299753937526858
2021,all,zeros_included,municipality,Mjóafjarðarhreppur,187,1.9518716577540107,0.0018296918877136678,0.002990390897695136,1.777823204998221,0.005316386329937874
2021,all,zeros_included,municipality,Norður-Hérað,6977,0.002006593091586642,0.06826609786405487,0.00011469992484310112,7.870403121855931,0.0009027346465617837
2021,all,zeros_included,municipality,Seyðisfjörður,208,5.464148356364324,0.002035165308259053,0.009311527171982916,1.4231672792068144,0.013251860790611249
2021,all,zeros_included,municipality,Skeggjastaðahreppur,589,0.18227019496198826,0.005763040223868184,0.0008795611745478866,3.6450458200869,0.003206040782796498
2021,all,zeros_included,municipality,Stöðvarhreppur,85,1.4470588235294117,0.00083167813077894,0.0010077207682643884,1.736722073466418,0.0017501309021353004
2021,all,zeros_included,municipality,Sveitarfélagið Hornafjörður,6214,0.05616350177019633,0.06080056358423921,0.0028593052693030208,6.161008865525666,0.01761620511342016
2021,all,zeros_included,municipality,Vopnafjarðarhreppur,1881,0.16055289739500267,0.018404547811708073,0.0024742412359011813,4.748596520616592,0.011749173323966446
2021,all,zeros_included,municipality,Bessastaðahreppur,6,61.5,5.870669158439576e-05,0.003023162304793165,0.0003900327679842164,1.1791323618040213e-06
2021,all,zeros_included,municipality,Garðabær,36,51.05555555555556,0.0003522401495063746,0.015058461561544275,0.043037568491955724,0.0006480795708384443
2021,all,zeros_included,municipality,Hafnarfjörður,143,23.019184452670437,0.001399176149428099,0.02696876556528012,0.5148686010284669,0.013885370598060467
2021,all,zeros_included,municipality,Kjósarhreppur,273,2.106209683767605,0.002671154467090007,0.0047108508024231435,0.9889829788707039,0.004658951259595886
2021,all,zeros_included,municipality,Kópavogur,107,23.392257636952625,0.0010469359999217243,0.020506475045498206,0.2559828761743983,0.005249306462345156
2021,all,zeros_included,municipality,Mosfellsbær,198,22.473937456053918,0.0019373208222850601,0.036456876396665144,0.29862863521924465,0.010887067242692805
2021,all,zeros_included,municipality,Reykjavík,271,30.352897672195716,0.0026515855698952084,0.06739141051142798,0.2577550223334182,0.017370474521453672
2021,all,zeros_included,municipality,Aðaldælahreppur,561,3.990438616849522,0.005489075663141003,0.018340813449849058,1.443947806541248,0.02648317735109177
2021,all,zeros_included,municipality,Akureyri,117,26.37484739580725,0.0011447804858957173,0.025281970188824304,0.48566630364835195,0.012278601010554127
2021,all,zeros_included,municipality,Arnarneshreppur,77,4.155844180614917,0.0007534025419997456,0.002621712583468936,0.8051794903569223,0.0021109492018198477
2021,all,zeros_included,municipality,Bárðdælahreppur,3151,0.0031735956839098697,0.030830797530405175,8.192851774507223e-05,6.775620915923607,0.0005551165784441298
2021,all,zeros_included,municipality,Dalvíkurbyggð,575,3.0711552810668947,0.005626057943504594,0.014467873996708777,1.5951716921253232,0.023078743044785903
2021,all,zeros_included,municipality,Eyjafjarðarsveit,1796,1.7003200208158429,0.01757286968092913,0.02501912393998914,2.3403580929000247,0.05855370919022233
2021,all,zeros_included,municipality,Glæsibæjarhreppur,120,16.71666665871938,0.0011741338316879153,0.016434860651848175,0.31689085213726287,0.00520805699672134
2021,all,zeros_included,municipality,Grímseyjarhreppur,5,8.050555872917176,4.892224298699647e-05,0.0003297850548459951,0.1049634380034501,3.4615373158792e-05
2021,all,zeros_included,municipality,Grýtubakkahreppur,490,2.844387757048315,0.004794379812725654,0.011418787168532753,1.9868461491342524,0.022687373313582913
2021,all,zeros_included,municipality,Hálshreppur,1471,0.8200170988942554,0.01439292388677436,0.009882587737932838,2.4999111082578476,0.024705590864391096
2021,all,zeros_included,municipality,Hríseyjarhreppur,7,11.700680324009486,6.849114018179505e-05,0.00067103357688852,0.010722541043299394,7.195185069619156e-06
2021,all,zeros_included,municipality,Húsavík,66,15.303615714564469,0.0006457736074283534,0.008275096840787444,0.5508955823388137,0.004558714293015677
2021,all,zeros_included,municipality,Kelduneshreppur,720,0.0,0.0070448029901274915,0.0,0.0,0.0
2021,all,zeros_included,municipality,Ljósavatnshreppur,401,0.6259351620947631,0.003923563887557117,0.002056405795401313,2.4470999090930343,0.005032230434984942
2021,all,zeros_included,municipality,Ólafsfjörður,202,4.53960396039604,0.0019764586166746575,0.007512845077223123,1.4771745994172405,0.011097783917430853
2021,all,zeros_included,municipality,Öxarfjarðarhreppur,2684,0.05035128820848536,0.026261460035419702,0.0011072054003033957,4.877738883501319,0.005400658833082516
2021,all,zeros_included,municipality,Öxnadalshreppur,289,0.21453287197231835,0.0028277056446483957,0.0005079568100194478,3.5917679044052853,0.0018244629670519457
2021,all,zeros_included,municipality,Reykdælahreppur,390,1.7829433685693985,0.0038159349529857246,0.005696882389001576,1.6469001766668645,0.009382196612897045
2021,all,zeros_included,municipality,Reykjahreppur,191,10.770523141191893,0.0018688296821032652,0.016854088229269853,0.659323309015563,0.011112293221762451
2021,all,zeros_included,municipality,Siglufjörður,137,9.876839435883682,0.0013404694578437032,0.011085968965335948,1.0457272678426626,0.01159290003750931
2021,all,zeros_included,municipality,Skriðuhreppur,403,0.22084367245657568,0.003943132784751916,0.0007291638079311428,3.7092827989456296,0.002704674770372683
2021,all,zeros_included,municipality,Skútustaðahreppur,6033,0.10359688364765883,0.05902957838810994,0.005120532351253702,4.7116384780356135,0.024126097254193114
2021,all,zeros_included,municipality,Svalbarðshreppur,1098,0.0,0.010743324559944424,0.0,0.0,0.0
2021,all,zeros_included,municipality,Þórshafnarhreppur,709,0.3586902117359285,0.006937174055556099,0.0020835352780428228,3.551240830120718,0.007399135550382595
2021,all,zeros_included,municipality,Tjörneshreppur,176,0.44624125415628607,0.0017220629531422757,0.0006434539673711876,2.7402241105432985,0.0017632080754152691
2021,all,zeros_included,municipality,Akrahreppur,1359,0.0,0.01329706564386564,0.0,0.0,0.0
2021,all,zeros_included,municipality,Áshreppur,1150,0.0,0.011252115887009188,0.0,0.0,0.0
2021,all,zeros_included,municipality,Blönduós,15,24.266666666666666,0.00014676672896098941,0.002982198045920629,0.19541031321358648,0.0005827522542182957
2021,all,zeros_included,municipality,Bólstaðarhlíðarhreppur,1340,0.1373134328358209,0.013111161120515054,0.001507484726509329,3.591963353935247,0.005414829894238608
2021,all,zeros_included,municipality,Engihlíðarhreppur,166,1.0542168674698795,0.0016242184671682828,0.001433749060538764,2.8285147071890826,0.004055380304152424
2021,all,zeros_included,municipality,Höfðahreppur,48,3.1458333333333335,0.00046965353267516607,0.0012371206179505906,1.5795590340514931,0.0019541050482952214
2021,all,zeros_included,municipality,Húnaþing vestra,2461,0.39613526626022694,0.02407952799819966,0.007987120174566603,3.513089818014064,0.028059470560524647
2021,all,zeros_included,municipality,Skagahreppur,272,0.007352941176470588,0.0026613700184926078,1.6385703549014443e-05,5.605802066295998,9.185501081277883e-05
2021,all,zeros_included,municipality,Sveinsstaðahreppur,118,0.0,0.0011545649344931166,0.0,0.0,0.0
2021,all,zeros_included,municipality,Sveitarfélagið Skagafjörður,4110,0.8477154762495464,0.040214083735311094,0.028544801772298838,2.8572200386676783,0.0815587796236089
2021,all,zeros_included,municipality,Svínavatnshreppur,979,0.44437746336803496,0.009578975176853908,0.003564263596830401,3.502969241871633,0.01248550574961965
2021,all,zeros_included,municipality,Torfalækjarhreppur,187,1.3824744760033918,0.0018296918877136678,0.002118038382755907,2.2381382269439305,0.004740462670580496
2021,all,zeros_included,municipality,Vindhælishreppur,225,0.604740743637085,0.002201500934414841,0.0011147740367903796,3.0572400804610975,0.0034081318659329625
2021,all,zeros_included,municipality,Ásahreppur,137,2.054223149362272,0.0013404694578437032,0.0023057025711046507,0.8795848660728984,0.002028061087209022
2021,all,zeros_included,municipality,Austur-Eyjafjallahreppur,282,0.0,0.0027592145044666007,0.0,0.0,0.0
2021,all,zeros_included,municipality,Austur-Landeyjahreppur,200,0.35166667103767396,0.001956889719479859,0.0005762305819692109,2.432039734035939,0.0014014156713157743
2021,all,zeros_included,municipality,Biskupstungnahreppur,1989,2.718609198306061,0.019461268260227194,0.04430131960492707,2.430161469684748,0.10765935996008331
2021,all,zeros_included,municipality,Djúpárhreppur,120,2.3187590221563976,0.0011741338316879153,0.002279669876319441,1.5407088352610296,0.003512307519923781
2021,all,zeros_included,municipality,Fljótshlíðarhreppur,414,0.021739130434782608,0.0040507617193233075,7.3735665970565e-05,5.389351805530501,0.0003973874445304584
2021,all,zeros_included,municipality,Gaulverjabæjarhreppur,84,0.5948412758963448,0.0008218936821815406,0.0004093694978333108,2.116359854985829,0.0008663731710701273
2021,all,zeros_included,municipality,Gnúpverjahreppur,1127,1.2865023329497018,0.011027073569269004,0.011878718532434307,1.999743979021246,0.023754395863723594
2021,all,zeros_included,municipality,Grímsnes- og Grafningshreppur,889,4.102676367598792,0.008698374803087971,0.029881618609715933,0.9417407691988955,0.02814073849442191
2021,all,zeros_included,municipality,Holta- og Landasveit,1604,0.4445137157107232,0.015694255550228468,0.00584150331522365,2.6572722174681433,0.015522464467791859
2021,all,zeros_included,municipality,Hraungerðishreppur,98,8.03367347255045,0.0009588759625451307,0.006450232204608863,0.3749848579115196,0.0024187394067415624
2021,all,zeros_included,municipality,Hrunamannahreppur,1212,3.910773731300933,0.011858751700047944,0.03883295207907232,2.1996419478029665,0.0854185903501499
2021,all,zeros_included,municipality,Hveragerði,11,56.81818181818182,0.00010762893457139223,0.005120532359067014,0.003498709699257141,1.791525623002781e-05
2021,all,zeros_included,municipality,Hvolhreppur,238,2.68609337846772,0.002328698766181032,0.005237610046740584,1.6873585130955173,0.008837725900642334
2021,all,zeros_included,municipality,Laugardalshreppur,649,1.7966101694915255,0.006350107139712142,0.009552865169075421,1.869934747879801,0.01786323452146478
2021,all,zeros_included,municipality,Mýrdalshreppur,764,0.22251308900523561,0.007475318728413061,0.0013927848016662278,3.5599942094118378,0.004958305828888586
2021,all,zeros_included,municipality,Ölfushreppur,739,10.340165439252118,0.007230707513478078,0.0626047122053118,0.45901672540515603,0.02873660999141443
2021,all,zeros_included,municipality,Rangárvallahreppur,1446,0.32058881674564726,0.014148312671839379,0.003797972004809886,3.1928672962027926,0.012126420606051241
2021,all,zeros_included,municipality,Skaftárhreppur,6922,0.009968217278243282,0.06772795319119791,0.0005653067724409983,6.2153626127880885,0.0035135865781856846
2021,all,zeros_included,municipality,Skeiðahreppur,1280,0.603494356200099,0.012524094204671096,0.006328754953086816,2.638770694924012,0.01670013310556068
2021,all,zeros_included,municipality,Sveitarfélagið Árborg,149,15.969346743302058,0.0014578828410124946,0.019494339129733924,0.4355709148571303,0.008491167129273358
2021,all,zeros_included,municipality,Þingvallahreppur,647,0.0077279752704791345,0.006330538242517343,4.0964258872536115e-05,5.799334627491644,0.00023756544496903053
2021,all,zeros_included,municipality,Uten navn - sysla,123,0.0,0.0012034871774801131,0.0,0.0,0.0
2021,all,zeros_included,municipality,Vestmannaeyjar,15,33.026065270105995,0.00014676672896098941,0.004058664861797689,0.23149382444880073,0.0009395558510135102
2021,all,zeros_included,municipality,Vestur-Eyjafjallahreppur,469,0.008528784648187633,0.0045889063921802685,3.277140709802889e-05,6.150602768446279,0.00020156390722301653
2021,all,zeros_included,municipality,Vestur-Landeyjahreppur,186,0.16290322683190786,0.0018199074391162687,0.0002482434103302313,3.313732404156068,0.0008226122329294987
2021,all,zeros_included,municipality,Villingaholtshreppur,2932,0.10251250586600778,0.028688003287574728,0.0024624981527201534,3.8493455264566263,0.009479006248081028
2021,all,zeros_included,municipality,Grindavík,456,7.820081522067388,0.004461708560414078,0.02921535856133659,0.7635833763717899,0.02230836213217787
2021,all,zeros_included,municipality,Reykjanesbær,132,18.902530349565275,0.0012915472148567067,0.02044226306985885,0.49524839131915366,0.01012399790027054
2021,all,zeros_included,municipality,Sandgerði,88,46.87922079996629,0.0008610314765711379,0.03379855664402973,0.06585669105323788,0.0022258611029512265
2021,all,zeros_included,municipality,Vatnsleysustrandarhreppur,155,11.979633925807091,0.0015165895325968905,0.01521284158538431,0.36901461203812636,0.0056137608356280665
2021,all,zeros_included,municipality,Árneshreppur,682,0.0,0.006672993943426318,0.0,0.0,0.0
2021,all,zeros_included,municipality,Bæjarhreppur,497,0.16297786720321933,0.004862870952907449,0.0006636209937350851,3.7502629749877467,0.002488753242229265
2021,all,zeros_included,municipality,Bolungarvík,85,13.081806642868939,0.00083167813077894,0.009110070735262078,0.5468822331551566,0.0049821358279015645
2021,all,zeros_included,municipality,Broddaneshreppur,284,0.0,0.0027787834016613994,0.0,0.0,0.0
2021,all,zeros_included,municipality,Hólmavíkurhreppur,1327,0.22490433812949923,0.012983963288748863,0.0024451406909151755,4.149054710701154,0.010145022501968684
2021,all,zeros_included,municipality,Ísafjarðarbær,2337,1.462432774611911,0.02286625637212215,0.028000753704171783,2.6527892385670975,0.0742800980981947
2021,all,zeros_included,municipality,Kaldrananeshreppur,471,0.16348195329087048,0.004608475289375067,0.0006308495866370562,3.587627940778656,0.002263253603447768
2021,all,zeros_included,municipality,Kirkjubólshreppur,159,0.0,0.0015557273269864876,0.0,0.0,0.0
2021,all,zeros_included,municipality,Reykhólahreppur,1149,0.08078660915165595,0.011242331438411789,0.0007604917485521061,4.19397618485181,0.003189484282203844
2021,all,zeros_included,municipality,Súðavíkurhreppur,733,0.5563717808925114,0.007172000821893682,0.00334121303322791,3.053693879808845,0.010203041790705615
2021,all,zeros_included,municipality,Vesturbyggð,1511,0.7531489140146383,0.014784301830670333,0.00932353093656271,2.8110536469779706,0.026208945641936536
2021,all,zeros_included,municipality,Akranes,7,46.857142857142854,6.849114018179505e-05,0.0026872553820383688,0.038219594524706135,0.00010270581108584073
2021,all,zeros_included,municipality,Borgarbyggð,1847,2.217735723669489,0.018071876559396495,0.033559214369072055,1.932503294019964,0.06485329231295385
2021,all,zeros_included,municipality,Borgarfjarðarsveit,1259,1.157991758691971,0.012318620784125711,0.011944453837345896,1.8975504296659147,0.022665203511180388
2021,all,zeros_included,municipality,Dalabyggð,2172,0.08775880400427577,0.021251822353551265,0.0015616568644059154,4.825456701966463,0.007535707582519455
2021,all,zeros_included,municipality,Eyja- og Miklaholtshreppur,405,0.0,0.003962701681946714,0.0,0.0,0.0
2021,all,zeros_included,municipality,Eyrarsveit,141,2.945448244717104,0.0013796072522333004,0.003402558543861409,1.7947214629602652,0.006106644847646898
2021,all,zeros_included,municipality,Helgafellssveit,246,1.6178861827385136,0.0024069743549602262,0.003260755014067187,2.706053135151182,0.008823776328776447
2021,all,zeros_included,municipality,Hvalfjarðarstrandarhreppur,291,2.1410143612995998,0.0028472745418431943,0.005104434872982693,1.5811338506994275,0.008070794766363567
2021,all,zeros_included,municipality,Hvítársíðuhreppur,1477,0.009478672985781991,0.014451630578358757,0.00011469992484310112,6.1004281485346015,0.0006997186501476573
2021,all,zeros_included,municipality,Innri-Akraneshreppur,28,18.291666678019933,0.0002739645607271802,0.004196105586447886,0.1675833919621832,0.0007031976072084027
2021,all,zeros_included,municipality,Kolbeinsstaðahreppur,391,0.0,0.003825719401583124,0.0,0.0,0.0
2021,all,zeros_included,municipality,Leirár- og Melahreppur,136,5.454759008744183,0.0013306850092463039,0.00607784435530467,0.0655360613037419,0.00039831798026384853
2021,all,zeros_included,municipality,Saurbæjarhreppur,255,0.0,0.00249503439233682,0.0,0.0,0.0
2021,all,zeros_included,municipality,Skilmannahreppur,52,16.702087310644295,0.0005087913270647633,0.007115561734371308,0.12658821566189937,0.0009007462633861538
2021,all,zeros_included,municipality,Skorradalshreppur,207,0.5362318840579711,0.0020253808596616537,0.0009094065469703017,2.440035062744006,0.00221898386089649
2021,all,zeros_included,municipality,Snæfellsbær,697,0.9013887893520777,0.0068197606723873075,0.005147306485427768,2.810831343289372,0.01446821040275703
2021,all,lit_only,region,Austurland,699,15.254484409938042,0.08048359240069085,0.08735943303734041,0.33731710245767843,0.029467830824501252
2021,all,lit_only,region,Höfuðborgarsvæði,831,25.57422993142969,0.09568221070811744,0.17411600218763204,0.32258838771528353,0.056167800421139
2021,all,lit_only,region,Norðurland eystra,1543,14.731050615950366,0.17766263672999424,0.18622361177857452,0.2820273437404315,0.0525201505716607
2021,all,lit_only,region,Norðurland vestra,594,10.37817243875478,0.06839378238341969,0.050505936117710454,0.34125107516553266,0.0172352050024104
2021,all,lit_only,region,Suðurland,2767,11.63535436698147,0.3185952792170409,0.2637690720719306,0.44602880304003323,0.11764860349522348
2021,all,lit_only,region,Suðurnes,713,16.89103207447753,0.08209556706966033,0.09866901986060948,0.5001381941106788,0.04934814540775593
2021,all,lit_only,region,Vestfirðir,478,13.859329192458835,0.05503742084052965,0.05427567142906391,0.23268465062836308,0.012629115644091563
2021,all,lit_only,region,Vesturland,1060,9.796995687934588,0.12204951065054692,0.08508125351713856,0.3342819986630867,0.028441131474469857
2021,all,lit_only,municipality,Austur-Hérað,122,14.785063782676321,0.014047207829591249,0.014778083997868464,0.44691498824726317,0.006604547236224453
2021,all,lit_only,municipality,Borgarfjarðarhreppur,1,5.0,0.00011514104778353483,4.0964258872536115e-05,0.0,0.0
2021,all,lit_only,municipality,Breiðdalshreppur,17,6.764705882352941,0.0019573978123200923,0.0009421779540683306,0.2689675336915722,0.0002534152806043303
2021,all,lit_only,municipality,Búðahreppur,23,20.73913043478261,0.0026482440990213013,0.003907990296439945,0.25614706180317004,0.0010010202319883914
2021,all,lit_only,municipality,Djúpavogshreppur,12,14.083333452542623,0.001381692573402418,0.001384591961611689,0.3482082392634753,0.00048212632905116765
2021,all,lit_only,municipality,Fáskrúðsfjarðarhr.,57,9.428362595407586,0.0065630397236614854,0.004402975101567506,0.2423670958407964,0.001067136288426252
2021,all,lit_only,municipality,Fellahreppur,37,16.135135135135137,0.004260218767990789,0.004891132509380812,0.3808553868377884,0.001862814163935112
2021,all,lit_only,municipality,Fjarðabyggð,240,18.93662561972936,0.027633851468048358,0.037234792034826866,0.23769599498624583,0.008850560940824113
2021,all,lit_only,municipality,Fljótsdalshreppur,5,3.4,0.0005757052389176742,0.00013927848016662278,0.23486871524500152,3.271215769801112e-05
2021,all,lit_only,municipality,Mjóafjarðarhreppur,38,9.605263157894736,0.004375359815774324,0.002990390897695136,0.18430074787002004,0.0005511312788689141
2021,all,lit_only,municipality,Norður-Hérað,3,4.666666666666667,0.0003454231433506045,0.00011469992484310112,0.11864110658480409,1.3608126008579379e-05
2021,all,lit_only,municipality,Seyðisfjörður,75,15.153904774983724,0.008635578583765112,0.009311527171982916,0.4031173130418071,0.00375363781388553
2021,all,lit_only,municipality,Skeggjastaðahreppur,17,6.315126166624181,0.0019573978123200923,0.0008795611745478866,0.09983298049152922,8.78092135797457e-05
2021,all,lit_only,municipality,Stöðvarhreppur,18,6.833333333333333,0.002072538860103627,0.0010077207682643884,0.18444257487226623,0.0001858666132509421
2021,all,lit_only,municipality,Sveitarfélagið Hornafjörður,15,23.266666666666666,0.0017271157167530224,0.0028593052693030208,0.13449897667488298,0.00038457363272235696
2021,all,lit_only,municipality,Vopnafjarðarhreppur,19,15.894736842105264,0.002187679907887162,0.0024742412359011813,0.15347667048200186,0.00037973830685538666
2021,all,lit_only,municipality,Bessastaðahreppur,6,61.5,0.000690846286701209,0.003023162304793165,0.0003900327679842164,1.1791323618040213e-06
2021,all,lit_only,municipality,Garðabær,36,51.05555555555556,0.004145077720207254,0.015058461561544275,0.043037568491955724,0.0006480795708384443
2021,all,lit_only,municipality,Hafnarfjörður,104,31.651378622421852,0.011974668969487623,0.02696876556528012,0.1964148699099324,0.00529706658013596
2021,all,lit_only,municipality,Kjósarhreppur,109,5.275185721729874,0.012550374208405296,0.0047108508024231435,0.07085906591488778,0.00033380648752410347
2021,all,lit_only,municipality,Kópavogur,107,23.392257636952625,0.012320092112838226,0.020506475045498206,0.2559828761743983,0.005249306462345156
2021,all,lit_only,municipality,Mosfellsbær,198,22.473937456053918,0.022797927461139896,0.036456876396665144,0.29862863521924465,0.010887067242692805
2021,all,lit_only,municipality,Reykjavík,271,30.352897672195716,0.03120322394933794,0.06739141051142798,0.2577550223334182,0.017370474521453672
2021,all,lit_only,municipality,Aðaldælahreppur,166,13.485759422003504,0.01911341393206678,0.018340813449849058,0.22621468937509492,0.004148961417444168
2021,all,lit_only,municipality,Akureyri,85,36.30420170952292,0.00978698906160046,0.025281970188824304,0.16614362534091232,0.004200438182932139
2021,all,lit_only,municipality,Arnarneshreppur,35,9.142857197352818,0.004029936672423719,0.002621712583468936,0.01672212999265188,4.384061862413874e-05
2021,all,lit_only,municipality,Bárðdælahreppur,4,2.5,0.00046056419113413934,8.192851774507223e-05,0.1064401352862232,8.720482512585227e-06
2021,all,lit_only,municipality,Dalvíkurbyggð,141,12.524214798677052,0.01623488773747841,0.014467873996708777,0.18956154170614115,0.002742552500026306
2021,all,lit_only,municipality,Eyjafjarðarsveit,203,15.043225405838689,0.02337363270005757,0.02501912393998914,0.16024682307966698,0.0040092351276197
2021,all,lit_only,municipality,Glæsibæjarhreppur,109,18.403669716021337,0.012550374208405296,0.016434860651848175,0.2207469915843605,0.003627946046003667
2021,all,lit_only,municipality,Grímseyjarhreppur,5,8.050555872917176,0.0005757052389176742,0.0003297850548459951,0.1049634380034501,3.4615373158792e-05
2021,all,lit_only,municipality,Grýtubakkahreppur,81,17.20679013523055,0.00932642487046632,0.011418787168532753,0.1868899127020187,0.002134056137090018
2021,all,lit_only,municipality,Hálshreppur,131,9.207978263156104,0.015083477259643062,0.009882587737932838,0.08141071085756169,0.0008045484928573349
2021,all,lit_only,municipality,Hríseyjarhreppur,7,11.700680324009486,0.0008059873344847438,0.00067103357688852,0.010722541043299394,7.195185069619156e-06
2021,all,lit_only,municipality,Húsavík,52,19.42381994540875,0.0059873344847438115,0.008275096840787444,0.31248455889381566,0.002585839986097072
2021,all,lit_only,municipality,Ljósavatnshreppur,39,6.435897435897436,0.004490500863557859,0.002056405795401313,0.11670012791611173,0.00023998281937076668
2021,all,lit_only,municipality,Ólafsfjörður,52,17.634615384615383,0.0059873344847438115,0.007512845077223123,0.12015062059746295,0.0009026729984809526
2021,all,lit_only,municipality,Öxarfjarðarhreppur,25,5.4057143020629885,0.0028785261945883708,0.0011072054003033957,0.20155121027794753,0.00022315858845742877
2021,all,lit_only,municipality,Öxnadalshreppur,9,6.888888888888889,0.0010362694300518134,0.0005079568100194478,0.12256579362907227,6.225812954932552e-05
2021,all,lit_only,municipality,Reykdælahreppur,81,8.584542144963772,0.00932642487046632,0.005696882389001576,0.07520259221561121,0.0004284203232003825
2021,all,lit_only,municipality,Reykjahreppur,147,13.994353197058853,0.01692573402417962,0.016854088229269853,0.3974824677476696,0.006699204581007132
2021,all,lit_only,municipality,Siglufjörður,55,24.602309140292082,0.0063327576280944155,0.011085968965335948,0.13307952724700822,0.0014753155089819129
2021,all,lit_only,municipality,Skriðuhreppur,10,8.9,0.0011514104778353484,0.0007291638079311428,0.012931329992992069,9.429057819304295e-06
2021,all,lit_only,municipality,Skútustaðahreppur,67,9.328358194721279,0.007714450201496833,0.005120532351253702,0.21133141898581842,0.001082129367753234
2021,all,lit_only,municipality,Þórshafnarhreppur,25,10.172454404830933,0.0028785261945883708,0.0020835352780428228,0.20626112845679145,0.00042975233762864736
2021,all,lit_only,municipality,Tjörneshreppur,14,5.609890052250454,0.0016119746689694876,0.0006434539673711876,0.20879744512040554,0.00013435154443969277
2021,all,lit_only,municipality,Blönduós,15,24.266666666666666,0.0017271157167530224,0.002982198045920629,0.19541031321358648,0.0005827522542182957
2021,all,lit_only,municipality,Bólstaðarhlíðarhreppur,49,3.7551020408163267,0.0056419113413932066,0.001507484726509329,0.283358759100917,0.0004271590014672687
2021,all,lit_only,municipality,Engihlíðarhreppur,20,8.75,0.002302820955670697,0.001433749060538764,0.7122591923865302,0.0010212009479442863
2021,all,lit_only,municipality,Höfðahreppur,12,12.583333333333334,0.001381692573402418,0.0012371206179505906,0.19326467293160254,0.00023909171160516293
2021,all,lit_only,municipality,Húnaþing vestra,92,10.59661837246107,0.010592976396085205,0.007987120174566603,0.22655534467204852,0.001809524764086009
2021,all,lit_only,municipality,Skagahreppur,1,2.0,0.00011514104778353483,1.6385703549014443e-05,0.0,0.0
2021,all,lit_only,municipality,Sveitarfélagið Skagafjörður,331,10.526013919594064,0.03811168681635003,0.028544801772298838,0.3381601065544606,0.00965271320889653
2021,all,lit_only,municipality,Svínavatnshreppur,36,12.084598239925173,0.004145077720207254,0.003564263596830401,0.19995653779723277,0.0007126978086189189
2021,all,lit_only,municipality,Torfalækjarhreppur,26,9.943181808178242,0.0029936672423719057,0.002118038382755907,0.26512614811082624,0.0005615473579709575
2021,all,lit_only,municipality,Vindhælishreppur,12,11.338888943195343,0.001381692573402418,0.0011147740367903796,0.12604632804467775,0.00014051317393696985
2021,all,lit_only,municipality,Ásahreppur,59,4.769975787502224,0.006793321819228555,0.0023057025711046507,0.03714138415049306,8.563698493017738e-05
2021,all,lit_only,municipality,Austur-Landeyjahreppur,20,3.5166667103767395,0.002302820955670697,0.0005762305819692109,0.12945464104189353,7.45957231461856e-05
2021,all,lit_only,municipality,Biskupstungnahreppur,261,20.71767699398757,0.03005181347150259,0.04430131960492707,0.39929459815346924,0.017689277609317763
2021,all,lit_only,municipality,Djúpárhreppur,40,6.956277066469193,0.004605641911341394,0.002279669876319441,0.4420965465929201,0.001007834179692734
2021,all,lit_only,municipality,Fljótshlíðarhreppur,2,4.5,0.00023028209556706967,7.3735665970565e-05,0.0566330122651324,4.175872875288713e-06
2021,all,lit_only,municipality,Gaulverjabæjarhreppur,11,4.542424288662997,0.0012665515256188831,0.0004093694978333108,0.08343832894088576,3.415710681858101e-05
2021,all,lit_only,municipality,Gnúpverjahreppur,182,7.966418292496231,0.02095567069660334,0.011878718532434307,0.1764361520582649,0.002095835389245909
2021,all,lit_only,municipality,Grímsnes- og Grafningshreppur,453,8.05138916290359,0.05215889464594128,0.029881618609715933,0.26753565916802513,0.007994398531757879
2021,all,lit_only,municipality,Holta- og Landasveit,119,5.991596638655462,0.013701784686240644,0.00584150331522365,0.05613992215321306,0.0003279415413743917
2021,all,lit_only,municipality,Hraungerðishreppur,97,8.116494848556126,0.011168681635002878,0.006450232204608863,0.3647283577443301,0.0023525825990565806
2021,all,lit_only,municipality,Hrunamannahreppur,177,26.778857414331814,0.020379965457685664,0.03883295207907232,0.27576451374753574,0.010708750147466736
2021,all,lit_only,municipality,Hveragerði,11,56.81818181818182,0.0012665515256188831,0.005120532359067014,0.003498709699257141,1.791525623002781e-05
2021,all,lit_only,municipality,Hvolhreppur,60,10.654837067921957,0.0069084628670120895,0.005237610046740584,0.30943240164614316,0.001620686255648907
2021,all,lit_only,municipality,Laugardalshreppur,140,8.32857142857143,0.016119746689694875,0.009552865169075421,0.33614445378501534,0.0032111426443407554
2021,all,lit_only,municipality,Mýrdalshreppur,25,6.8,0.0028785261945883708,0.0013927848016662278,0.14030224511351808,0.00019541083463375775
2021,all,lit_only,municipality,Ölfushreppur,684,11.17161149065397,0.07875647668393783,0.0626047122053118,0.38167672207950476,0.02389476134125417
2021,all,lit_only,municipality,Rangárvallahreppur,72,6.438492069641749,0.008290155440414507,0.003797972004809886,0.19297701250013777,0.0007329212910473707
2021,all,lit_only,municipality,Skaftárhreppur,15,4.6,0.0017271157167530224,0.0005653067724409983,0.08095278969500863,4.576316026258024e-05
2021,all,lit_only,municipality,Skeiðahreppur,105,7.356883580344064,0.012089810017271158,0.006328754953086816,0.13811568816787267,0.0008741003455914183
2021,all,lit_only,municipality,Sveitarfélagið Árborg,142,16.75656806163385,0.016350028785261945,0.019494339129733924,0.38745166651293195,0.007553114183383668
2021,all,lit_only,municipality,Þingvallahreppur,2,2.5,0.00023028209556706967,4.0964258872536115e-05,0.020135513550688877,8.24836389621878e-07
2021,all,lit_only,municipality,Vestmannaeyjar,14,35.38506993225643,0.0016119746689694876,0.004058664861797689,0.16250095296184952,0.0006595369077948977
2021,all,lit_only,municipality,Vestur-Eyjafjallahreppur,1,4.0,0.00011514104778353483,3.277140709802889e-05,0.0,0.0
2021,all,lit_only,municipality,Vestur-Landeyjahreppur,7,4.328571455819266,0.0008059873344847438,0.0002482434103302313,0.03389587949818007,8.41442872277079e-06
2021,all,lit_only,municipality,Villingaholtshreppur,68,4.420098047046101,0.00782959124928037,0.0024624981527201534,0.08541316862619097,0.00021032976995997022
2021,all,lit_only,municipality,Grindavík,346,10.306234607117714,0.039838802533103054,0.02921535856133659,0.4875293419151281,0.014243344533222931
2021,all,lit_only,municipality,Reykjanesbær,132,18.902530349565275,0.015198618307426597,0.02044226306985885,0.49524839131915366,0.01012399790027054
2021,all,lit_only,municipality,Sandgerði,88,46.87922079996629,0.010132412204951065,0.03379855664402973,0.06585669105323788,0.0022258611029512265
2021,all,lit_only,municipality,Vatnsleysustrandarhreppur,147,12.631586792517682,0.01692573402417962,0.01521284158538431,0.3160220818976156,0.004807593869391773
2021,all,lit_only,municipality,Bæjarhreppur,12,6.75,0.001381692573402418,0.0006636209937350851,0.02657959867911841,1.7638779688516315e-05
2021,all,lit_only,municipality,Bolungarvík,58,19.171613183514825,0.00667818077144502,0.009110070735262078,0.16467398721125948,0.0015001916717522167
2021,all,lit_only,municipality,Hólmavíkurhreppur,24,12.43533569574356,0.002763385146804836,0.0024451406909151755,0.136432506716893,0.0003335966737370331
2021,all,lit_only,municipality,Ísafjarðarbær,206,16.59080288479629,0.023719055843408176,0.028000753704171783,0.22404207281782051,0.006273346900343912
2021,all,lit_only,municipality,Kaldrananeshreppur,15,5.133333333333334,0.0017271157167530224,0.0006308495866370562,0.14082004786444857,8.883626898549784e-05
2021,all,lit_only,municipality,Reykhólahreppur,19,4.8854638902764576,0.002187679907887162,0.0007604917485521061,0.09176788616949416,6.978872021396925e-05
2021,all,lit_only,municipality,Súðavíkurhreppur,38,10.732118826163443,0.004375359815774324,0.00334121303322791,0.09413433764857926,0.0003145228758257098
2021,all,lit_only,municipality,Vesturbyggð,106,10.735924613925645,0.012204951065054691,0.00932353093656271,0.15396577881729812,0.0014355047019750506
2021,all,lit_only,municipality,Akranes,7,46.857142857142854,0.0008059873344847438,0.0026872553820383688,0.038219594524706135,0.00010270581108584073
2021,all,lit_only,municipality,Borgarbyggð,380,10.779362846361963,0.04375359815774323,0.033559214369072055,0.3513565665411553,0.01179125033653576
2021,all,lit_only,municipality,Borgarfjarðarsveit,213,6.844655512644092,0.02452504317789292,0.011944453837345896,0.12076956133099248,0.0014425264502745537
2021,all,lit_only,municipality,Dalabyggð,23,8.287483578142913,0.0026482440990213013,0.0015616568644059154,0.2775472368417855,0.0004334335476108687
2021,all,lit_only,municipality,Eyrarsveit,31,13.397038790487475,0.0035693724812895797,0.003402558543861409,0.2799487770672431,0.0009525421032537009
2021,all,lit_only,municipality,Helgafellssveit,25,15.920000038146974,0.0028785261945883708,0.003260755014067187,0.41959742408702017,0.0013682044044814267
2021,all,lit_only,municipality,Hvalfjarðarstrandarhreppur,81,7.691792335039303,0.00932642487046632,0.005104434872982693,0.30225973820037355,0.0015428651483686058
2021,all,lit_only,municipality,Hvítársíðuhreppur,4,3.5,0.00046056419113413934,0.00011469992484310112,0.18895422712311216,2.1673035649807224e-05
2021,all,lit_only,municipality,Innri-Akraneshreppur,28,18.291666678019933,0.0032239493379389752,0.004196105586447886,0.1675833919621832,0.0007031976072084027
2021,all,lit_only,municipality,Leirár- og Melahreppur,136,5.454759008744183,0.01565918249856074,0.00607784435530467,0.0655360613037419,0.00039831798026384853
2021,all,lit_only,municipality,Skilmannahreppur,52,16.702087310644295,0.0059873344847438115,0.007115561734371308,0.12658821566189937,0.0009007462633861538
2021,all,lit_only,municipality,Skorradalshreppur,20,5.55,0.002302820955670697,0.0009094065469703017,0.103048543032628,9.371301968962278e-05
2021,all,lit_only,municipality,Snæfellsbær,60,10.471133102973303,0.0069084628670120895,0.005147306485427768,0.35839049475094864,0.0018447457179472245
2022,all,zeros_included,region,Austurland,22467,0.5228934415156009,0.21982720663776992,0.09352565002996836,3.6270213802182445,0.33921953225750434
2022,all,zeros_included,region,Höfuðborgarsvæði,1034,20.74166496971359,0.01011711984971087,0.1707405237068991,0.514679254604637,0.08787660547227219
2022,all,zeros_included,region,Norðurland eystra,21869,1.0410631990676946,0.21397610637652514,0.18125019174762386,2.9287739043052072,0.5308408317407558
2022,all,zeros_included,region,Norðurland vestra,12430,0.5016127494008715,0.12162069606567322,0.04963775719941783,3.362300911233831,0.1668970762632062
2022,all,zeros_included,region,Suðurland,24726,1.3487841121820456,0.24193027601929493,0.2655025899308571,2.5642467974866285,0.680814165954606
2022,all,zeros_included,region,Suðurnes,831,14.774352997935923,0.008130876784438813,0.09774216408875354,0.6049869309414673,0.0591327318756323
2022,all,zeros_included,region,Vestfirðir,9235,0.7425273751463836,0.09035938279698248,0.05459109742032653,3.143533569822959,0.17160894735427198
2022,all,zeros_included,region,Vesturland,9611,1.1371775181630117,0.0940383354696046,0.08701002587615367,2.424328995340965,0.21094092861692698
2022,all,zeros_included,municipality,Austur-Hérað,1563,1.363901331725215,0.015293093157735096,0.016971271720896738,2.636060924803476,0.04473730622767814
2022,all,zeros_included,municipality,Borgarfjarðarhreppur,419,0.011933174224343675,0.004099683962310304,3.980544282871381e-05,6.037870919922138,0.00024034012571011435
2022,all,zeros_included,municipality,Breiðdalshreppur,452,0.2676991150442478,0.004422570766024481,0.0009632917164548742,3.489472888061038,0.0033613803278630646
2022,all,zeros_included,municipality,Búðahreppur,25,19.695384635925294,0.00024461121493498235,0.003919917535574263,0.2803434405465728,0.0010989231685817316
2022,all,zeros_included,municipality,Djúpavogshreppur,1146,0.16055357893099959,0.011212978092619591,0.0014647957255834911,4.8058859801718254,0.007039641241397316
2022,all,zeros_included,municipality,Fáskrúðsfjarðarhr.,219,2.803652976745884,0.0021427942428304454,0.004888108394550627,1.4130541735455286,0.006907161967662697
2022,all,zeros_included,municipality,Fellahreppur,336,2.056547619047619,0.0032875747287261625,0.005501112198928249,2.3342151732935563,0.012840779564728599
2022,all,zeros_included,municipality,Fjarðabyggð,635,7.650063223350705,0.006213124859348551,0.03867329759268784,1.1075976807566725,0.04283445472087366
2022,all,zeros_included,municipality,Fljótsdalshreppur,1531,0.018288700195950358,0.014979990802618318,0.00022291047984079732,5.085119311954642,0.0011335263858755144
2022,all,zeros_included,municipality,Mjóafjarðarhreppur,187,2.0748663101604277,0.0018296918877136678,0.0030889023635081916,1.6858392484087115,0.005207392838904542
2022,all,zeros_included,municipality,Norður-Hérað,6977,0.018632650136161673,0.06826609786405487,0.001034941513546559,6.069466186073157,0.006281542521034214
2022,all,zeros_included,municipality,Seyðisfjörður,208,5.517032971748939,0.002035165308259053,0.009135690326508988,1.3954595343105338,0.012748486168635482
2022,all,zeros_included,municipality,Skeggjastaðahreppur,589,0.18227019496198826,0.005763040223868184,0.0008546797381776898,3.6450458200869,0.003115346807157554
2022,all,zeros_included,municipality,Stöðvarhreppur,85,1.6588235294117648,0.00083167813077894,0.0011225134877697295,1.5768397689205447,0.0017700239086650149
2022,all,zeros_included,municipality,Sveitarfélagið Hornafjörður,6214,0.06549726424203411,0.06080056358423921,0.0032401630462573043,5.740543670589684,0.018600297466870957
2022,all,zeros_included,municipality,Vopnafjarðarhreppur,1881,0.16055289739500267,0.018404547811708073,0.002404248746854314,4.748596520616592,0.011416807234009197
2022,all,zeros_included,municipality,Bessastaðahreppur,6,61.5,5.870669158439576e-05,0.0029376416807590793,0.0003900327679842164,1.1457765160922695e-06
2022,all,zeros_included,municipality,Garðabær,36,51.05555555555556,0.0003522401495063746,0.014632480783835196,0.043037568491955724,0.0006297463939415332
2022,all,zeros_included,municipality,Hafnarfjörður,143,23.026177459663444,0.001399176149428099,0.02621382164642532,0.5134559952090743,0.013459643881698487
2022,all,zeros_included,municipality,Kjósarhreppur,273,2.722113225049588,0.002671154467090007,0.005916178760473644,0.6723605264724224,0.003977805066097023
2022,all,zeros_included,municipality,Kópavogur,107,23.40253802326238,0.0010469359999217243,0.019935135531699916,0.25560014219974114,0.005095423476673611
2022,all,zeros_included,municipality,Mosfellsbær,198,22.50378354029222,0.0019373208222850601,0.035472613538056974,0.2965924255650134,0.01052090849038265
2022,all,zeros_included,municipality,Reykjavík,271,30.42133056105723,0.0026515855698952084,0.06563265176564897,0.25380465939865005,0.016657872826810746
2022,all,zeros_included,municipality,Aðaldælahreppur,561,3.9940036792381135,0.005489075663141003,0.017837902149519875,1.441149361583788,0.02570708129477465
2022,all,zeros_included,municipality,Akureyri,117,26.37484739580725,0.0011447804858957173,0.024566782035038648,0.48566630364835195,0.011931258223491958
2022,all,zeros_included,municipality,Arnarneshreppur,77,4.155844180614917,0.0007534025419997456,0.002547548356222255,0.8051794903569223,0.0020512336871226504
2022,all,zeros_included,municipality,Bárðdælahreppur,3151,0.003808314820691844,0.030830797530405175,9.553306278891314e-05,6.4228442146029225,0.0006135939796370685
2022,all,zeros_included,municipality,Dalvíkurbyggð,575,3.0711552810668947,0.005626057943504594,0.014058600035240237,1.5951716921253232,0.022425880807127298
2022,all,zeros_included,municipality,Eyjafjarðarsveit,1796,1.7003200208158429,0.01757286968092913,0.024311371303373623,2.3403580929000247,0.05689731457934788
2022,all,zeros_included,municipality,Glæsibæjarhreppur,120,16.71666665871938,0.0011741338316879153,0.015969943655287696,0.31689085213726287,0.005060729053508193
2022,all,zeros_included,municipality,Grímseyjarhreppur,5,8.050555872917176,4.892224298699647e-05,0.0003204559415387708,0.1049634380034501,3.3636157352541995e-05
2022,all,zeros_included,municipality,Grýtubakkahreppur,490,2.844387757048315,0.004794379812725654,0.01109576719609626,1.9868461491342524,0.022045582325254016
2022,all,zeros_included,municipality,Hálshreppur,1471,0.8200170988942554,0.01439292388677436,0.009603024490839015,2.4999111082578476,0.024006707597520615
2022,all,zeros_included,municipality,Hríseyjarhreppur,7,11.700680324009486,6.849114018179505e-05,0.0006520510663721827,0.010722541043299394,6.991644321502866e-06
2022,all,zeros_included,municipality,Húsavík,66,15.318767229715982,0.0006457736074283534,0.008048968133828611,0.5466628266220535,0.004400071671429583
2022,all,zeros_included,municipality,Kelduneshreppur,720,0.0,0.0070448029901274915,0.0,0.0,0.0
2022,all,zeros_included,municipality,Ljósavatnshreppur,401,0.6259351620947631,0.003923563887557117,0.001998233230001433,2.4470999090930343,0.004889876355483188
2022,all,zeros_included,municipality,Ólafsfjörður,202,4.5495049504950495,0.0019764586166746575,0.007316240391917598,1.4721351966763385,0.010770494988286985
2022,all,zeros_included,municipality,Öxarfjarðarhreppur,2684,0.05184160117420816,0.026261460035419702,0.0011077286122586152,4.838584870815543,0.0053598389042440325
2022,all,zeros_included,municipality,Öxnadalshreppur,289,0.21453287197231835,0.0028277056446483957,0.0004935874910760512,3.5917679044052853,0.001772851708462891
2022,all,zeros_included,municipality,Reykdælahreppur,390,1.7829433685693985,0.0038159349529857246,0.005535726325305041,1.6469001766668645,0.009116788663124285
2022,all,zeros_included,municipality,Reykjahreppur,191,10.843821570511263,0.0018688296821032652,0.01648876716756482,0.6401387616754812,0.010555098996200277
2022,all,zeros_included,municipality,Siglufjörður,137,9.876839435883682,0.0013404694578437032,0.010772363909320636,1.0457272678426626,0.011264954679100773
2022,all,zeros_included,municipality,Skriðuhreppur,403,0.22084367245657568,0.003943132784751916,0.0007085368823511058,3.7092827989456296,0.00262816367012352
2022,all,zeros_included,municipality,Skútustaðahreppur,6033,0.1050886787744614,0.05902957838810994,0.005047330143088625,4.683572971349428,0.02363953903564713
2022,all,zeros_included,municipality,Svalbarðshreppur,1098,0.0,0.010743324559944424,0.0,0.0,0.0
2022,all,zeros_included,municipality,Þórshafnarhreppur,709,0.3586902117359285,0.006937174055556099,0.002024595261195978,3.551240830120718,0.007189825356028077
2022,all,zeros_included,municipality,Tjörneshreppur,176,0.4632867087017406,0.0017220629531422757,0.0006491349073978604,2.6486075639175004,0.0017193036257368592
2022,all,zeros_included,municipality,Akrahreppur,1359,0.0,0.01329706564386564,0.0,0.0,0.0
2022,all,zeros_included,municipality,Áshreppur,1150,0.0,0.011252115887009188,0.0,0.0,0.0
2022,all,zeros_included,municipality,Blönduós,15,24.483333333333334,0.00014676672896098941,0.0029237097757690293,0.18566836496565653,0.000542840413701142
2022,all,zeros_included,municipality,Bólstaðarhlíðarhreppur,1340,0.16417910447761194,0.013111161120515054,0.0017514394844634076,3.414083941402721,0.00597956141824518
2022,all,zeros_included,municipality,Engihlíðarhreppur,166,1.144578313253012,0.0016242184671682828,0.0015126068274911248,2.71237008410196,0.004102749507895301
2022,all,zeros_included,municipality,Höfðahreppur,48,3.1666666666666665,0.00046965353267516607,0.0012100854619928997,1.5550265219940984,0.0018817149872784407
2022,all,zeros_included,municipality,Húnaþing vestra,2461,0.3989796384666471,0.02407952799819966,0.007816904417129834,3.4904152679288805,0.02728424252549068
2022,all,zeros_included,municipality,Skagahreppur,272,0.007352941176470588,0.0026613700184926078,1.5922177131485523e-05,5.605802066295998,8.925657346361243e-05
2022,all,zeros_included,municipality,Sveinsstaðahreppur,118,0.0,0.0011545649344931166,0.0,0.0,0.0
2022,all,zeros_included,municipality,Sveitarfélagið Skagafjörður,4110,0.8497013756248493,0.040214083735311094,0.027802291892767648,2.8562960227453567,0.07941157575651771
2022,all,zeros_included,municipality,Svínavatnshreppur,979,0.44437746336803496,0.009578975176853908,0.0034634360473006823,3.502969241871633,0.012132309944883757
2022,all,zeros_included,municipality,Torfalækjarhreppur,187,1.3824744760033918,0.0018296918877136678,0.00205812232600492,2.2381382269439305,0.00460636225355837
2022,all,zeros_included,municipality,Vindhælishreppur,225,0.604740743637085,0.002201500934414841,0.0010832387893667938,3.0572400804610975,0.0033117210435623184
2022,all,zeros_included,municipality,Ásahreppur,137,2.1783107406031474,0.0013404694578437032,0.0023758162879621,0.7818234341994154,0.0018574688492814363
2022,all,zeros_included,municipality,Austur-Eyjafjallahreppur,282,0.0,0.0027592145044666007,0.0,0.0,0.0
2022,all,zeros_included,municipality,Austur-Landeyjahreppur,200,0.38166667103767393,0.001956889719479859,0.0006076964341446261,2.3275103331024964,0.001414419729861158
2022,all,zeros_included,municipality,Biskupstungnahreppur,1989,2.7304914852313025,0.019461268260227194,0.04323625455390453,2.42132283629448,0.10468893050721023
2022,all,zeros_included,municipality,Djúpárhreppur,120,2.5687590221563976,0.0011741338316879153,0.0024540141695325425,1.3668121387187964,0.0033541763555050056
2022,all,zeros_included,municipality,Fljótshlíðarhreppur,414,0.033816425120772944,0.0040507617193233075,0.00011145523992039866,4.6942016635323,0.000523193372643727
2022,all,zeros_included,municipality,Gaulverjabæjarhreppur,84,0.6305555616106305,0.0008218936821815406,0.0004216723284147273,1.9676057830574702,0.0008296849119441264
2022,all,zeros_included,municipality,Gnúpverjahreppur,1127,1.3255440365876787,0.011027073569269004,0.011892975704146143,1.9637869765346156,0.023355270800044795
2022,all,zeros_included,municipality,Grímsnes- og Grafningshreppur,889,4.452207679689534,0.008698374803087971,0.03151008906981764,0.8079132162168134,0.02545741740367463
2022,all,zeros_included,municipality,Holta- og Landasveit,1604,0.48300083081918466,0.015694255550228468,0.006167720675932099,2.6174538519567125,0.016143724241011532
2022,all,zeros_included,municipality,Hraungerðishreppur,98,8.109264187666835,0.0009588759625451307,0.006326739899300127,0.3701949154647566,0.002342126942188913
2022,all,zeros_included,municipality,Hrunamannahreppur,1212,3.911598813809184,0.011858751700047944,0.037742388523551766,2.198679361938294,0.08298341071698997
2022,all,zeros_included,municipality,Hveragerði,11,56.81818181818182,0.00010762893457139223,0.004975680353589226,0.003498709699257141,1.7408461113505824e-05
2022,all,zeros_included,municipality,Hvolhreppur,238,2.8013894968673965,0.002328698766181032,0.005307902154225289,1.6086949231278393,0.008538795247961545
2022,all,zeros_included,municipality,Laugardalshreppur,649,1.8659476117103235,0.006350107139712142,0.009640878253114485,1.794706119123116,0.017302543194585542
2022,all,zeros_included,municipality,Mýrdalshreppur,764,0.23917182328189232,0.007475318728413061,0.0014547080036290735,3.5277865106455186,0.005131899272130718
2022,all,zeros_included,municipality,Ölfushreppur,739,10.86167520760522,0.007230707513478078,0.06390189038375732,0.37920183722802525,0.024231714235864656
2022,all,zeros_included,municipality,Rangárvallahreppur,1446,0.3269511957551104,0.014148312671839379,0.003763775218114475,3.1552584653288087,0.01187568361855048
2022,all,zeros_included,municipality,Skaftárhreppur,6922,0.021236636810170472,0.06772795319119791,0.001170280019164186,5.44841547260333,0.0063761717636926715
2022,all,zeros_included,municipality,Skeiðahreppur,1280,0.603494356200099,0.012524094204671096,0.006149724183852669,2.638770694924012,0.01622771195821591
2022,all,zeros_included,municipality,Sveitarfélagið Árborg,149,16.066249616194092,0.0014578828410124946,0.019057820580963922,0.4199566123166778,0.00800345776932067
2022,all,zeros_included,municipality,Þingvallahreppur,647,0.0633693972179289,0.006330538242517343,0.00032640463119545325,3.8497088545327878,0.0012565627988736453
2022,all,zeros_included,municipality,Uten navn - sysla,123,0.0,0.0012034871774801131,0.0,0.0,0.0
2022,all,zeros_included,municipality,Vestmannaeyjar,15,33.29273193677266,0.00014676672896098941,0.003975695813162696,0.20752304012492617,0.000825048481759463
2022,all,zeros_included,municipality,Vestur-Eyjafjallahreppur,469,0.07249466950959488,0.0045889063921802685,0.0002706770112352539,3.5674251960633896,0.000965619989875778
2022,all,zeros_included,municipality,Vestur-Landeyjahreppur,186,0.1752688205370339,0.0018199074391162687,0.00025953149217819975,3.1553963777215364,0.0008189247303237567
2022,all,zeros_included,municipality,Villingaholtshreppur,2932,0.10285356998606235,0.028688003287574728,0.002400798946048185,3.8408126313804005,0.009221018917386622
2022,all,zeros_included,municipality,Grindavík,456,8.159013320218053,0.004461708560414078,0.029619310209006856,0.6729575022286594,0.019932537015989085
2022,all,zeros_included,municipality,Reykjanesbær,132,19.06638316945596,0.0012915472148567067,0.020036169785336243,0.47937531998464333,0.009604845302112204
2022,all,zeros_included,municipality,Sandgerði,88,46.87922079996629,0.0008610314765711379,0.03284244732397569,0.06585669105323788,0.0021628949068473063
2022,all,zeros_included,municipality,Vatnsleysustrandarhreppur,155,12.353827474194189,0.0015165895325968905,0.015244236770434752,0.309272489777086,0.00471462306074376
2022,all,zeros_included,municipality,Árneshreppur,682,0.0,0.006672993943426318,0.0,0.0,0.0
2022,all,zeros_included,municipality,Bæjarhreppur,497,0.16498993963782696,0.004862870952907449,0.0006528092623909065,3.714381637230523,0.002424782736838785
2022,all,zeros_included,municipality,Bolungarvík,85,13.081806642868939,0.00083167813077894,0.008852360809123138,0.5468822331551566,0.004841198847988451
2022,all,zeros_included,municipality,Broddaneshreppur,284,0.0,0.0027787834016613994,0.0,0.0,0.0
2022,all,zeros_included,municipality,Hólmavíkurhreppur,1327,0.22641149713477426,0.012983963288748863,0.0023918935887768506,4.124688982881008,0.00986581713385159
2022,all,zeros_included,municipality,Ísafjarðarbær,2337,1.46414437067524,0.02286625637212215,0.02724049968964759,2.648074074557833,0.07213486100615649
2022,all,zeros_included,municipality,Kaldrananeshreppur,471,0.16348195329087048,0.004608475289375067,0.0006130038195621926,3.587627940778656,0.00219922963086536
2022,all,zeros_included,municipality,Kirkjubólshreppur,159,0.0,0.0015557273269864876,0.0,0.0,0.0
2022,all,zeros_included,municipality,Reykhólahreppur,1149,0.10165776067240742,0.011242331438411789,0.0009298930950882264,3.962096647617829,0.003684326314692029
2022,all,zeros_included,municipality,Súðavíkurhreppur,733,0.5700143456946941,0.007172000821893682,0.0033263061276375995,2.980369372815476,0.009913620907419547
2022,all,zeros_included,municipality,Vesturbyggð,1511,0.8798861756851782,0.014784301830670333,0.010584331028100025,2.6771204188075646,0.02833552871474504
2022,all,zeros_included,municipality,Akranes,7,46.857142857142854,6.849114018179505e-05,0.002611237049563626,0.038219594524706135,9.980042124221177e-05
2022,all,zeros_included,municipality,Borgarbyggð,1847,2.3110724484914047,0.018071876559396495,0.03398231106460003,1.8328472796256075,0.06228438639014334
2022,all,zeros_included,municipality,Borgarfjarðarsveit,1259,1.1969115366719847,0.012318620784125711,0.011996656904745414,1.8622131255110093,0.022340331950269188
2022,all,zeros_included,municipality,Dalabyggð,2172,0.11768513917922974,0.021251822353551265,0.002034950744086172,4.217856602926129,0.008583130432573298
2022,all,zeros_included,municipality,Eyja- og Miklaholtshreppur,405,0.0,0.003962701681946714,0.0,0.0,0.0
2022,all,zeros_included,municipality,Eyrarsveit,141,3.3284269681213594,0.0013796072522333004,0.003736204164772733,1.454708997422162,0.005435089814701049
2022,all,zeros_included,municipality,Helgafellssveit,246,1.670731711193798,0.0024069743549602262,0.0032720074081125606,2.5925121967720246,0.008482719113460232
2022,all,zeros_included,municipality,Hvalfjarðarstrandarhreppur,291,2.6564782788253734,0.0028472745418431943,0.006154201525553901,1.1613667612939784,0.0071472850940829955
2022,all,zeros_included,municipality,Hvítársíðuhreppur,1477,0.010832769126607989,0.014451630578358757,0.00012737741705188418,6.07498896633791,0.0007738164031508188
2022,all,zeros_included,municipality,Innri-Akraneshreppur,28,18.33588433265686,0.0002739645607271802,0.004087260774897899,0.16527349384261747,0.0006755158685132598
2022,all,zeros_included,municipality,Kolbeinsstaðahreppur,391,0.0,0.003825719401583124,0.0,0.0,0.0
2022,all,zeros_included,municipality,Leirár- og Melahreppur,136,5.660151186234811,0.0013306850092463039,0.006128291224918862,0.05204390075458076,0.00031894018030484547
2022,all,zeros_included,municipality,Saurbæjarhreppur,255,0.0,0.00249503439233682,0.0,0.0,0.0
2022,all,zeros_included,municipality,Skilmannahreppur,52,16.741189929155205,0.0005087913270647633,0.0069304609775401186,0.12462314676684683,0.000863695855565887
2022,all,zeros_included,municipality,Skorradalshreppur,207,0.5362318840579711,0.0020253808596616537,0.0008836808307974465,2.440035062744006,0.002156212211420523
2022,all,zeros_included,municipality,Snæfellsbær,697,0.9128665511885196,0.0068197606723873075,0.005065385789513019,2.766320968709824,0.01401248292413463
2022,all,lit_only,region,Austurland,855,13.740171871966089,0.09075469695361427,0.09352565002996838,0.3583200042375281,0.03351211131505584
2022,all,lit_only,region,Höfuðborgarsvæði,877,24.45482506121306,0.0930899055301985,0.17074052370689913,0.34999619190844555,0.059758533101868364
2022,all,lit_only,region,Norðurland eystra,1557,14.622357803732443,0.16526907971552915,0.18125019174762388,0.28646468825088256,0.05192177967439576
2022,all,lit_only,region,Norðurland vestra,613,10.171364559629419,0.06506740261118778,0.049637757199417834,0.35279766266528556,0.017512084719901563
2022,all,lit_only,region,Suðurland,3001,11.112974327828478,0.31854367901496655,0.2655025899308572,0.45533704236012307,0.1208931640380691
2022,all,lit_only,region,Suðurnes,759,16.175872649914034,0.08056469589215583,0.09774216408875355,0.5143589134816491,0.050274553322036335
2022,all,lit_only,region,Vestfirðir,521,13.161689653506434,0.0553019849272901,0.054591097420326536,0.26852771894298577,0.0146592228648746
2022,all,lit_only,region,Vesturland,1238,8.828282008937565,0.13140855535505785,0.08701002587615368,0.37491789376222195,0.03262161563768397
2022,all,lit_only,municipality,Austur-Hérað,179,11.90937308093023,0.01900010614584439,0.016971271720896738,0.46908440022275455,0.007960958816214241
2022,all,lit_only,municipality,Borgarfjarðarhreppur,1,5.0,0.00010614584439019212,3.980544282871381e-05,0.0,0.0
2022,all,lit_only,municipality,Breiðdalshreppur,17,7.117647058823529,0.001804479354633266,0.0009632917164548743,0.20900405228502295,0.00020133187227166404
2022,all,lit_only,municipality,Búðahreppur,25,19.695384635925294,0.0026536461097548033,0.003919917535574263,0.2803434405465728,0.0010989231685817316
2022,all,lit_only,municipality,Djúpavogshreppur,12,15.332866787910461,0.0012737501326823054,0.0014647957255834911,0.2467597326851405,0.0003614526016833187
2022,all,lit_only,municipality,Fáskrúðsfjarðarhr.,69,8.898550752280414,0.0073240632629232565,0.004888108394550628,0.25808894832628715,0.0012615667548544673
2022,all,lit_only,municipality,Fellahreppur,48,14.395833333333334,0.0050950005307292216,0.005501112198928249,0.38830502423824287,0.002136109505742127
2022,all,lit_only,municipality,Fjarðabyggð,263,18.47068496892661,0.027916357074620528,0.03867329759268784,0.22612671404174556,0.00874506570579305
2022,all,lit_only,municipality,Fljótsdalshreppur,12,2.3333333333333335,0.0012737501326823054,0.00022291047984079735,0.23634956608495905,5.268479518616247e-05
2022,all,lit_only,municipality,Mjóafjarðarhreppur,42,9.238095238095237,0.004458125464388069,0.003088902363508192,0.19240024983749304,0.0005943055864625989
2022,all,lit_only,municipality,Norður-Hérað,18,7.222222222222222,0.0019106251990234583,0.0010349415135465592,0.10946364003008568,0.0001132884652910526
2022,all,lit_only,municipality,Seyðisfjörður,79,14.525858963592142,0.008385521706825178,0.009135690326508988,0.42736930707623744,0.0039043136445032316
2022,all,lit_only,municipality,Skeggjastaðahreppur,17,6.315126166624181,0.001804479354633266,0.0008546797381776899,0.09983298049152922,8.532522562799861e-05
2022,all,lit_only,municipality,Stöðvarhreppur,21,6.714285714285714,0.0022290627321940345,0.0011225134877697295,0.17871095015365124,0.00020060545195961732
2022,all,lit_only,municipality,Sveitarfélagið Hornafjörður,33,12.333333333333334,0.00350281286487634,0.0032401630462573043,0.5024911421031719,0.0016281532297143255
2022,all,lit_only,municipality,Vopnafjarðarhreppur,19,15.894736842105264,0.0020167710434136504,0.0024042487468543144,0.15347667048200186,0.00036899609267772554
2022,all,lit_only,municipality,Bessastaðahreppur,6,61.5,0.0006368750663411527,0.0029376416807590793,0.0003900327679842164,1.1457765160922695e-06
2022,all,lit_only,municipality,Garðabær,36,51.05555555555556,0.0038212503980469166,0.014632480783835198,0.043037568491955724,0.0006297463939415333
2022,all,lit_only,municipality,Hafnarfjörður,105,31.359460730779738,0.011145313660970173,0.026213821646425325,0.20457171510669037,0.005362606453710114
2022,all,lit_only,municipality,Kjósarhreppur,154,4.825564353496997,0.016346460036089586,0.005916178760473645,0.09984133370109172,0.0005906791778597603
2022,all,lit_only,municipality,Kópavogur,107,23.40253802326238,0.011357605349750556,0.01993513553169992,0.25560014219974114,0.005095423476673612
2022,all,lit_only,municipality,Mosfellsbær,198,22.50378354029222,0.02101687718925804,0.035472613538056974,0.2965924255650134,0.01052090849038265
2022,all,lit_only,municipality,Reykjavík,271,30.42133056105723,0.028765523829742064,0.06563265176564897,0.25380465939865005,0.016657872826810746
2022,all,lit_only,municipality,Aðaldælahreppur,167,13.416982419476538,0.017726356013162085,0.01783790214951988,0.22942226847784664,0.004092411976028707
2022,all,lit_only,municipality,Akureyri,85,36.30420170952292,0.00902239677316633,0.02456678203503865,0.16614362534091232,0.004081614230261317
2022,all,lit_only,municipality,Arnarneshreppur,35,9.142857197352818,0.0037151045536567245,0.0025475483562222554,0.01672212999265188,4.2600434775315175e-05
2022,all,lit_only,municipality,Bárðdælahreppur,6,2.0,0.0006368750663411527,9.553306278891316e-05,0.1591285420737033,1.5202037001435306e-05
2022,all,lit_only,municipality,Dalvíkurbyggð,141,12.524214798677052,0.01496656405901709,0.014058600035240239,0.18956154170614115,0.00266496989691015
2022,all,lit_only,municipality,Eyjafjarðarsveit,203,15.043225405838689,0.021547606411209,0.024311371303373623,0.16024682307966698,0.003895820016075806
2022,all,lit_only,municipality,Glæsibæjarhreppur,109,18.403669716021337,0.011569897038530941,0.015969943655287696,0.2207469915843605,0.0035253170176765044
2022,all,lit_only,municipality,Grímseyjarhreppur,5,8.050555872917176,0.0005307292219509606,0.00032045594153877087,0.1049634380034501,3.3636157352542e-05
2022,all,lit_only,municipality,Grýtubakkahreppur,81,17.20679013523055,0.008597813395605561,0.011095767196096262,0.1868899127020187,0.002073686962640353
2022,all,lit_only,municipality,Hálshreppur,131,9.207978263156104,0.013905105615115168,0.009603024490839015,0.08141071085756169,0.0007817890501817786
2022,all,lit_only,municipality,Hríseyjarhreppur,7,11.700680324009486,0.0007430209107313449,0.0006520510663721828,0.010722541043299394,6.991644321502867e-06
2022,all,lit_only,municipality,Húsavík,53,19.076200701155752,0.005625729752680182,0.008048968133828611,0.3272999981477498,0.002634427255293402
2022,all,lit_only,municipality,Ljósavatnshreppur,39,6.435897435897436,0.004139687931217492,0.0019982332300014336,0.11670012791611173,0.0002331940735473924
2022,all,lit_only,municipality,Ólafsfjörður,53,17.339622641509433,0.005625729752680182,0.007316240391917599,0.13415941282725585,0.0009815425150827173
2022,all,lit_only,municipality,Öxarfjarðarhreppur,26,5.3516483673682576,0.0027597919541449954,0.0011077286122586154,0.20161791074545254,0.00022333792847654155
2022,all,lit_only,municipality,Öxnadalshreppur,9,6.888888888888889,0.0009553125995117292,0.0004935874910760513,0.12256579362907227,6.049694256911886e-05
2022,all,lit_only,municipality,Reykdælahreppur,81,8.584542144963772,0.008597813395605561,0.005535726325305042,0.07520259221561121,0.000416300969459139
2022,all,lit_only,municipality,Reykjahreppur,151,13.716357085878485,0.01602802250291901,0.01648876716756482,0.4051451704437756,0.006680344384510781
2022,all,lit_only,municipality,Siglufjörður,55,24.602309140292082,0.0058380214414605665,0.010772363909320636,0.13307952724700822,0.0014335810963851236
2022,all,lit_only,municipality,Skriðuhreppur,10,8.9,0.0010614584439019212,0.0007085368823511059,0.012931329992992069,9.162324237887949e-06
2022,all,lit_only,municipality,Skútustaðahreppur,69,9.188405783280082,0.0073240632629232565,0.005047330143088626,0.2126797975059258,0.0010734651527776445
2022,all,lit_only,municipality,Þórshafnarhreppur,25,10.172454404830933,0.0026536461097548033,0.0020245952611959786,0.20626112845679145,0.00041759530324255497
2022,all,lit_only,municipality,Tjörneshreppur,16,5.096153795719147,0.001698333510243074,0.0006491349073978604,0.25071229111912974,0.0001627460998791217
2022,all,lit_only,municipality,Blönduós,15,24.483333333333334,0.0015921876658528818,0.0029237097757690298,0.18566836496565653,0.0005428404137011421
2022,all,lit_only,municipality,Bólstaðarhlíðarhreppur,59,3.7288135593220337,0.006262604819021336,0.0017514394844634078,0.29119649236348355,0.0005100130344626523
2022,all,lit_only,municipality,Engihlíðarhreppur,21,9.047619047619047,0.0022290627321940345,0.001512606827491125,0.6449047334688398,0.0009754873029263113
2022,all,lit_only,municipality,Höfðahreppur,13,11.692307692307692,0.0013798959770724977,0.0012100854619929,0.248774868547744,0.0003010388517388198
2022,all,lit_only,municipality,Húnaþing vestra,98,10.019274390473658,0.010402292750238828,0.007816904417129834,0.2670596962083964,0.0020875801189287656
2022,all,lit_only,municipality,Skagahreppur,1,2.0,0.00010614584439019212,1.5922177131485526e-05,0.0,0.0
2022,all,lit_only,municipality,Sveitarfélagið Skagafjörður,332,10.518893535596778,0.035240420337543786,0.02780229189276765,0.34025268417156473,0.009459804442635526
2022,all,lit_only,municipality,Svínavatnshreppur,36,12.084598239925173,0.0038212503980469166,0.0034634360473006828,0.19995653779723277,0.0006925366809003774
2022,all,lit_only,municipality,Torfalækjarhreppur,26,9.943181808178242,0.0027597919541449954,0.0020581223260049204,0.26512614811082624,0.0005456620446345787
2022,all,lit_only,municipality,Vindhælishreppur,12,11.338888943195343,0.0012737501326823054,0.0010832387893667938,0.12604632804467775,0.00013653827179524648
2022,all,lit_only,municipality,Ásahreppur,68,4.388655462685754,0.007217917418533064,0.0023758162879621006,0.08135021354739691,0.00019327316237510071
2022,all,lit_only,municipality,Austur-Landeyjahreppur,22,3.4696970094333994,0.0023352085765842266,0.0006076964341446261,0.12023541991277553,7.306663593887546e-05
2022,all,lit_only,municipality,Biskupstungnahreppur,264,20.571771076231293,0.02802250291901072,0.043236254553904535,0.4018846605868234,0.01737598748644142
2022,all,lit_only,municipality,Djúpárhreppur,47,6.558533673590802,0.00498885468633903,0.002454014169532543,0.429467997646809,0.001053920551586038
2022,all,lit_only,municipality,Fljótshlíðarhreppur,5,2.8,0.0005307292219509606,0.00011145523992039868,0.2777736021410857,3.0959323470188073e-05
2022,all,lit_only,municipality,Gaulverjabæjarhreppur,14,3.7833333696637834,0.0014860418214626898,0.0004216723284147274,0.1758463138294153,7.414952459559643e-05
2022,all,lit_only,municipality,Gnúpverjahreppur,187,7.988706573445529,0.019849272900965928,0.011892975704146144,0.1675810793494259,0.0019930377051773094
2022,all,lit_only,municipality,Grímsnes- og Grafningshreppur,523,7.56790177293307,0.05551427661607048,0.03151008906981764,0.27739744476783157,0.008740818192374192
2022,all,lit_only,municipality,Holta- og Landasveit,126,6.148677243126763,0.013374376393164208,0.0061677206759321,0.07347997048173083,0.0004532039332070516
2022,all,lit_only,municipality,Hraungerðishreppur,97,8.19286484939536,0.010296146905848636,0.006326739899300128,0.3599384152975671,0.002277236733353977
2022,all,lit_only,municipality,Hrunamannahreppur,178,26.634032372678263,0.0188939603014542,0.037742388523551766,0.2804357456011193,0.010584314866369368
2022,all,lit_only,municipality,Hveragerði,11,56.81818181818182,0.0011676042882921133,0.004975680353589227,0.003498709699257141,1.7408461113505828e-05
2022,all,lit_only,municipality,Hvolhreppur,68,9.804863239035887,0.007217917418533064,0.00530790215422529,0.3559319546324713,0.0018892519887513126
2022,all,lit_only,municipality,Laugardalshreppur,152,7.967105263157895,0.016134168347309203,0.009640878253114486,0.3431539232653025,0.0033083051962793718
2022,all,lit_only,municipality,Mýrdalshreppur,25,7.309090919494629,0.0026536461097548033,0.0014547080036290737,0.10809454634719895,0.00015724600171992416
2022,all,lit_only,municipality,Ölfushreppur,730,10.995586271808572,0.07748646640484025,0.06390189038375732,0.3669484504222602,0.02344869965537288
2022,all,lit_only,municipality,Rangárvallahreppur,77,6.13988868911545,0.008173230018044793,0.0037637752181144753,0.22250748446378266,0.0008374681558697768
2022,all,lit_only,municipality,Skaftárhreppur,34,4.323529411764706,0.003608958709266532,0.0011702800191641862,0.13231597302420117,0.00015484673944649008
2022,all,lit_only,municipality,Skeiðahreppur,105,7.356883580344064,0.011145313660970173,0.00614972418385267,0.13811568816787267,0.0008493733876954206
2022,all,lit_only,municipality,Sveitarfélagið Árborg,145,16.509456502158066,0.015391147436577858,0.019057820580963922,0.3927440487917928,0.0074848456161153275
2022,all,lit_only,municipality,Þingvallahreppur,15,2.7333333333333334,0.0015921876658528818,0.0003264046311954533,0.08541276113409757,2.7879120797360465e-05
2022,all,lit_only,municipality,Vestmannaeyjar,15,33.29273193677266,0.0015921876658528818,0.0039756958131626965,0.20752304012492617,0.0008250484817594633
2022,all,lit_only,municipality,Vestur-Eyjafjallahreppur,15,2.2666666666666666,0.0015921876658528818,0.0002706770112352539,0.12487262871932026,3.380014992683514e-05
2022,all,lit_only,municipality,Vestur-Landeyjahreppur,9,3.6222222910987005,0.0009553125995117292,0.00025953149217819975,0.12687428134455492,3.292787155638907e-05
2022,all,lit_only,municipality,Villingaholtshreppur,69,4.370531408683114,0.0073240632629232565,0.0024007989460481855,0.09147907297111768,0.00021962286197452438
2022,all,lit_only,municipality,Grindavík,384,9.688828317758938,0.04076000424583377,0.02961931020900686,0.5011072453019998,0.014842450946580828
2022,all,lit_only,municipality,Reykjanesbær,132,19.06638316945596,0.01401125145950536,0.020036169785336247,0.47937531998464333,0.009604845302112206
2022,all,lit_only,municipality,Sandgerði,88,46.87922079996629,0.009340834306336906,0.03284244732397569,0.06585669105323788,0.0021628949068473063
2022,all,lit_only,municipality,Vatnsleysustrandarhreppur,155,12.353827474194189,0.016452605880479778,0.015244236770434754,0.309272489777086,0.004714623060743761
2022,all,lit_only,municipality,Bæjarhreppur,13,6.3076923076923075,0.0013798959770724977,0.0006528092623909066,0.07074096859543122,4.618035952960174e-05
2022,all,lit_only,municipality,Bolungarvík,58,19.171613183514825,0.006156458974631143,0.008852360809123138,0.16467398721125948,0.0014577535506709984
2022,all,lit_only,municipality,Hólmavíkurhreppur,26,11.555694488378672,0.0027597919541449954,0.0023918935887768506,0.19210948657028215,0.00045950544927067033
2022,all,lit_only,municipality,Ísafjarðarbær,210,16.29383521080017,0.022290627321940346,0.027240499689647594,0.23855827073644376,0.006498446499958963
2022,all,lit_only,municipality,Kaldrananeshreppur,15,5.133333333333334,0.0015921876658528818,0.0006130038195621927,0.14082004786444857,8.632322721183777e-05
2022,all,lit_only,municipality,Reykhólahreppur,28,4.171598821878433,0.0029720836429253795,0.0009298930950882265,0.24765387994427734,0.00023029163293199212
2022,all,lit_only,municipality,Súðavíkurhreppur,45,9.284900342093573,0.004776562997558646,0.0033263061276376,0.1898861606991442,0.0006316194998871414
2022,all,lit_only,municipality,Vesturbyggð,126,10.55165088460559,0.013374376393164208,0.010584331028100026,0.1928753634863032,0.00204145669430415
2022,all,lit_only,municipality,Akranes,7,46.857142857142854,0.0007430209107313449,0.0026112370495636264,0.038219594524706135,9.980042124221178e-05
2022,all,lit_only,municipality,Borgarbyggð,445,9.592249016547472,0.0472349007536355,0.033982311064600035,0.40960358159260757,0.01391927632285427
2022,all,lit_only,municipality,Borgarfjarðarsveit,219,6.880874998493281,0.023245939921452075,0.011996656904745415,0.11321182128316298,0.0013581633774954612
2022,all,lit_only,municipality,Dalabyggð,46,5.556785267332326,0.004882708841948837,0.0020349507440861722,0.36309431836139794,0.0007388790533229883
2022,all,lit_only,municipality,Eyrarsveit,55,8.53287640918385,0.0058380214414605665,0.0037362041647727336,0.5132822922764646,0.0019177274381074224
2022,all,lit_only,municipality,Helgafellssveit,33,12.454545483444676,0.00350281286487634,0.003272007408112561,0.5836882223061419,0.0019098321874137477
2022,all,lit_only,municipality,Hvalfjarðarstrandarhreppur,126,6.135199834430028,0.013374376393164208,0.006154201525553901,0.324325401073964,0.00199596387806527
2022,all,lit_only,municipality,Hvítársíðuhreppur,4,4.0,0.0004245833775607685,0.0001273774170518842,0.16351504492642133,2.0828124071850353e-05
2022,all,lit_only,municipality,Innri-Akraneshreppur,28,18.33588433265686,0.0029720836429253795,0.004087260774897899,0.16527349384261747,0.0006755158685132598
2022,all,lit_only,municipality,Leirár- og Melahreppur,136,5.660151186234811,0.014435834837066128,0.006128291224918863,0.05204390075458076,0.00031894018030484547
2022,all,lit_only,municipality,Skilmannahreppur,52,16.741189929155205,0.005519583908289991,0.006930460977540119,0.12462314676684683,0.0008636958555658871
2022,all,lit_only,municipality,Skorradalshreppur,20,5.55,0.0021229168878038425,0.0008836808307974466,0.103048543032628,9.106202211953914e-05
2022,all,lit_only,municipality,Snæfellsbær,67,9.49653710714027,0.007111771574142872,0.00506538578951302,0.4242281773402663,0.002148879381010394
