year,gid,name,pixels,area_km2,sum_of_lights,mean_dn,density_sol_per_km2
1992,PER.1.1_1,Bagua,5897,5891.871,132.0,0.022384263184670173,0.022403749234789706
1992,PER.1.2_1,Bongará,2824,2829.7375,0.0,0.0,0.0
1992,PER.1.3_1,Chachapoyas,2999,2997.3637,272.0,0.0906968989663221,0.09074641041899482
1992,PER.1.4_1,Condorcanqui,17948,17952.2232,0.0,0.0,0.0
1992,PER.1.5_1,Luya,3367,3359.4489,6.0,0.001782001782001782,0.0017860072026740015
1992,PER.1.6_1,Rodríguez de Mendoza,2682,2681.7449,36.0,0.013422818791946308,0.013424095731120512
1992,PER.1.7_1,Utcubamba,3871,3870.408,211.0,0.05450787910100749,0.054516215730600066
1992,PER.2.1_1,Aija,696,697.1118,16.0,0.022988505747126436,0.022951841951216568
1992,PER.2.2_1,Antonio Raymondi,559,561.5141,0.0,0.0,0.0
1992,PER.2.3_1,Asunción,524,524.8509,6.0,0.011450381679389313,0.011431817986436043
1992,PER.2.4_1,Bolognesi,3069,3067.2607,24.0,0.007820136852394917,0.007824571220754025
1992,PER.2.5_1,Carhuaz,817,816.2705,118.0,0.14443084455324356,0.1445599206534115
1992,PER.2.6_1,Carlos Fermin Fitzcarrald,628,627.065,0.0,0.0,0.0
1992,PER.2.7_1,Casma,2274,2279.5761,533.0,0.2343887423043096,0.23381540064675013
1992,PER.2.8_1,Corongo,1016,1015.6517,0.0,0.0,0.0
1992,PER.2.9_1,Huaraz,2499,2501.0478,1192.0,0.4769907963185274,0.4766002467491596
1992,PER.2.10_1,Huari,2799,2790.2845,0.0,0.0,0.0
1992,PER.2.11_1,Huarmey,3927,3933.9868,242.0,0.06162464985994398,0.0615152039721255
1992,PER.2.12_1,Huaylas,2277,2284.0483,394.0,0.17303469477382522,0.17250073266700544
1992,PER.2.13_1,Mariscal Luzuriaga,731,733.0131,0.0,0.0,0.0
1992,PER.2.14_1,Ocros,1943,1949.2401,0.0,0.0,0.0
1992,PER.2.15_1,Pallasca,2067,2063.679,0.0,0.0,0.0
1992,PER.2.16_1,Pomabamba,923,923.2323,5.0,0.005417118093174431,0.005415755269897124
1992,PER.2.17_1,Recuay,2322,2318.0851,84.0,0.03617571059431524,0.03623680661533324
1992,PER.2.18_1,Santa,3997,3987.845,5775.0,1.4448336252189142,1.448150564737382
1992,PER.2.19_1,Sihuas,1459,1456.9158,1.0,0.0006854009595613434,0.0006863814779497742
1992,PER.2.20_1,Yungay,1370,1362.6156,153.0,0.11167883211678832,0.11228405247792984
1992,PER.3.1_1,Abancay,3469,3461.1924,431.0,0.12424329778034016,0.12452356109048457
1992,PER.3.2_1,Andahuaylas,4011,4018.7208,131.0,0.032660184492645225,0.03259743763135541
1992,PER.3.3_1,Antabamba,3217,3220.4249,0.0,0.0,0.0
1992,PER.3.4_1,Aymaraes,4129,4128.1482,14.0,0.0033906514894647614,0.0033913511071299363
1992,PER.3.5_1,Chincheros,1523,1523.0751,0.0,0.0,0.0
1992,PER.3.6_1,Cotabambas,2622,2621.0521,0.0,0.0,0.0
1992,PER.3.7_1,Grau,2128,2129.1362,0.0,0.0,0.0
1992,PER.4.1_1,Arequipa,10399,10401.7538,12764.0,1.2274257140109626,1.2271007601862667
1992,PER.4.2_1,Camaná,4592,4594.9288,523.0,0.11389372822299651,0.11382113261135098
1992,PER.4.3_1,Caravelí,13035,13027.441,239.0,0.01833525124664365,0.018345890095896284
1992,PER.4.4_1,Castilla,7621,7620.9932,253.0,0.03319774307833618,0.033197772864229876
1992,PER.4.5_1,Caylloma,12048,12035.9001,0.0,0.0,0.0
1992,PER.4.6_1,Condesuyos,6838,6852.1717,96.0,0.014039192746417082,0.01401015673179731
1992,PER.4.7_1,Islay,3849,3849.9051,1073.0,0.2787737074564822,0.2787081720444647
1992,PER.4.8_1,La Unión,4893,4893.6009,3.0,0.0006131207847946045,0.0006130454931156363
1992,PER.5.1_1,Cangallo,1872,1872.5839,9.0,0.004807692307692308,0.004806193310422803
1992,PER.5.2_1,Huamanga,2955,2958.2366,1234.0,0.41759729272419627,0.41714040681359194
1992,PER.5.3_1,Huanca Sancos,2830,2831.2856,0.0,0.0,0.0
1992,PER.5.4_1,Huanta,3810,3814.0301,229.0,0.06010498687664042,0.06004147699881471
1992,PER.5.5_1,La Mar,4318,4312.4371,0.0,0.0,0.0
1992,PER.5.6_1,Lucanas,14484,14477.3422,105.0,0.007249378624689312,0.007252712442592785
1992,PER.5.7_1,Parinacochas,5934,5950.4746,59.0,0.009942703067071115,0.009915175544056295
1992,PER.5.8_1,Paucar del Sara Sara,2090,2081.7527,15.0,0.007177033492822967,0.007205466688893455
1992,PER.5.9_1,Sucre,1781,1786.8708,0.0,0.0,0.0
1992,PER.5.10_1,Victor Fajardo,2276,2265.2791,0.0,0.0,0.0
1992,PER.5.11_1,Vilcas Huamán,1214,1205.7813,0.0,0.0,0.0
1992,PER.6.1_1,Cajabamba,1792,1788.6443,62.0,0.03459821428571429,0.03466312449025504
1992,PER.6.2_1,Cajamarca,2977,2977.7902,1561.0,0.5243533758817601,0.5242142271770565
1992,PER.6.3_1,Celendín,2582,2580.2493,62.0,0.024012393493415957,0.024028686071544493
1992,PER.6.4_1,Chota,3840,3836.4892,185.0,0.048177083333333336,0.04822117038858177
1992,PER.6.5_1,Contumazá,2062,2060.9532,14.0,0.006789524733268671,0.0067929733304658325
1992,PER.6.6_1,Cutervo,3025,3030.0606,89.0,0.029421487603305783,0.029372349416935162
1992,PER.6.7_1,Hualgayoc,785,783.6578,70.0,0.08917197452229299,0.08932470541226016
1992,PER.6.8_1,Jaén,5027,5025.2434,506.0,0.10065645514223195,0.10069163983679318
1992,PER.6.9_1,San Ignacio,4891,4894.3699,37.0,0.0075649151502760175,0.007559706553735511
1992,PER.6.10_1,San Marcos,1343,1348.0813,22.0,0.016381236038719285,0.01631949033884326
1992,PER.6.11_1,San Miguel,2530,2527.3116,0.0,0.0,0.0
1992,PER.6.12_1,San Pablo,666,665.0983,0.0,0.0,0.0
1992,PER.6.13_1,Santa Cruz,1382,1383.2844,12.0,0.008683068017366137,0.008675005828444049
1992,PER.7.1_1,Callao,164,160.8378,7125.0,43.44512195121951,44.299301149201156
1992,PER.8.1_1,Acomayo,935,932.9494,60.0,0.06417112299465241,0.06431216800732001
1992,PER.8.2_1,Anta,1928,1932.7747,252.0,0.13070539419087138,0.13038249942382324
1992,PER.8.3_1,Calca,3559,3559.4921,190.0,0.05338578252318067,0.05337840213384326
1992,PER.8.4_1,Canas,2139,2134.9741,32.0,0.014960261804581581,0.014988472267202142
1992,PER.8.5_1,Canchis,3953,3950.2571,1068.0,0.27017455097394383,0.27036215269666897
1992,PER.8.6_1,Chumbivilcas,5329,5334.9773,0.0,0.0,0.0
1992,PER.8.7_1,Cusco,530,530.1969,4351.0,8.209433962264152,8.206384735889927
1992,PER.8.8_1,Espinar,5235,5235.9122,622.0,0.11881566380133715,0.11879496358160163
1992,PER.8.9_1,La Convención,31674,31679.4986,285.0,0.008997916272021216,0.008996354518058068
1992,PER.8.10_1,Paruro,1966,1966.4681,0.0,0.0,0.0
1992,PER.8.11_1,Paucartambo,5708,5714.5208,0.0,0.0,0.0
1992,PER.8.12_1,Quispicanchi,7819,7811.3434,94.0,0.012021997697915334,0.012033781594635678
1992,PER.8.13_1,Urubamba,1463,1459.7168,454.0,0.3103212576896787,0.3110192252329561
1992,PER.9.1_1,Acobamba,921,927.3542,10.0,0.010857763300760043,0.010783366177288497
1992,PER.9.2_1,Angaraes,1942,1944.836,57.0,0.029351184346035016,0.029308383890150936
1992,PER.9.3_1,Castrovirreyna,3960,3958.9592,0.0,0.0,0.0
1992,PER.9.4_1,Churcampa,1068,1062.7849,142.0,0.13295880149812733,0.13361123002924685
1992,PER.9.5_1,Huancavelica,3999,3992.4364,555.0,0.13878469617404351,0.13901285840906805
1992,PER.9.6_1,Huaytara,6463,6465.2905,0.0,0.0,0.0
1992,PER.9.7_1,Tayacaja,3735,3730.9345,453.0,0.121285140562249,0.12141730274403811
1992,PER.10.1_1,Ambo,1571,1576.1231,165.0,0.10502864417568428,0.10468725682696273
1992,PER.10.2_1,Dos de Mayo,1342,1335.5805,23.0,0.01713859910581222,0.017220976393731754
1992,PER.10.3_1,Huacaybamba,1763,1765.4566,0.0,0.0,0.0
1992,PER.10.4_1,Huamalíes,3158,3166.8282,13.0,0.004116529449018366,0.004105053735847067
1992,PER.10.5_1,Huenuco,4107,4110.2577,1618.0,0.3939615290966642,0.3936492818518313
1992,PER.10.6_1,Lauricocha,2076,2083.3213,49.0,0.023603082851637765,0.02352013611533876
1992,PER.10.7_1,Leoncio Prado,4962,4958.1773,907.0,0.18278919790407094,0.18293012683940074
1992,PER.10.8_1,Marañón,4875,4878.4786,0.0,0.0,0.0
1992,PER.10.9_1,Pachitea,2655,2647.0304,0.0,0.0,0.0
1992,PER.10.10_1,Puerto Inca,9819,9814.2188,26.0,0.0026479274875241877,0.0026492174911376272
1992,PER.10.11_1,Yarowilca,752,746.4216,0.0,0.0,0.0
1992,PER.11.1_1,Chincha,2899,2905.713,4036.0,1.3922042083477062,1.388987827833749
1992,PER.11.2_1,Ica,7867,7864.1979,6414.0,0.8153044362527011,0.8155949425037524
1992,PER.11.3_1,Nazca,5224,5209.8162,892.0,0.17075038284839203,0.17121525450507522
1992,PER.11.4_1,Palpa,1209,1219.3592,162.0,0.13399503722084366,0.1328566683408367
1992,PER.11.5_1,Pisco,3979,3968.9444,3366.0,0.845941191254084,0.8480844472814794
1992,PER.12.1_1,Chanchamayo,4671,4674.6736,666.0,0.14258188824662812,0.1424698408405277
1992,PER.12.2_1,Chupaca,1170,1163.9265,1102.0,0.9418803418803419,0.9467951856008245
1992,PER.12.3_1,Concepción,2242,2248.8693,873.0,0.3893844781445138,0.3881950842685286
1992,PER.12.4_1,Huancayo,3738,3734.3439,4471.0,1.1960941680042803,1.1972652080299055
1992,PER.12.5_1,Jauja,4385,4383.5123,2866.0,0.6535917901938426,0.6538136154769308
1992,PER.12.6_1,Junín,2633,2625.8821,376.0,0.1428028864413217,0.14318997553780838
1992,PER.12.7_1,Satipo,19490,19497.3878,167.0,0.008568496664956389,0.008565249974152183
1992,PER.12.8_1,Tarma,2663,2663.9461,1808.0,0.678933533608712,0.678692399301078
1992,PER.12.9_1,Yauli,3632,3637.3003,2136.0,0.5881057268722467,0.5872487401514047
1992,PER.13.1_1,Ascope,2653,2656.16,1149.0,0.4330946098756125,0.4325793612499836
1992,PER.13.2_1,Bolívar,1744,1745.5625,0.0,0.0,0.0
1992,PER.13.3_1,Chepén,1153,1150.5574,686.0,0.5949696444058976,0.5962327637485314
1992,PER.13.4_1,Gran Chimú,1305,1306.9247,14.0,0.010727969348659003,0.010712170384420686
1992,PER.13.5_1,Julcan,1107,1110.773,0.0,0.0,0.0
1992,PER.13.6_1,Otuzco,2088,2088.1443,91.0,0.0435823754789272,0.04357936348553685
1992,PER.13.7_1,Pacasmayo,1119,1119.8766,1060.0,0.9472743521000894,0.9465328955769833
1992,PER.13.8_1,Pataz,3991,3989.5251,58.0,0.01453269857178652,0.01453807104088699
1992,PER.13.9_1,Sánchez Carrión,2501,2494.8258,138.0,0.055177928828468614,0.05531448362825863
1992,PER.13.10_1,Santiago de Chuco,2668,2671.5263,44.0,0.01649175412293853,0.01646998543886291
1992,PER.13.11_1,Trujillo,1767,1766.3122,8983.0,5.083757781550651,5.08573749735354
1992,PER.13.12_1,Viru,3207,3207.8223,1108.0,0.3454942313688806,0.3454056677974515
1992,PER.14.1_1,Chiclayo,3211,3211.4229,7598.0,2.36624104640299,2.3659294514937472
1992,PER.14.2_1,Ferreñafe,1705,1705.7385,1046.0,0.6134897360703813,0.6132241249465629
1992,PER.14.3_1,Lambayeque,9365,9366.3112,2529.0,0.27004805125467163,0.2700102458490208
1992,PER.16.1_1,Barranca,1389,1382.5918,2333.0,1.679625629949604,1.687410501538406
1992,PER.16.2_1,Cajatambo,1525,1527.1172,0.0,0.0,0.0
1992,PER.16.3_1,Cañete,4605,4605.4107,4240.0,0.9207383279044516,0.9206562097982075
1992,PER.16.4_1,Canta,1690,1693.223,53.0,0.031360946745562134,0.03130125151490359
1992,PER.16.5_1,Huaral,3664,3664.9371,2314.0,0.6315502183406113,0.6313887407906614
1992,PER.16.6_1,Huarochiri,5742,5738.1299,2606.0,0.453848833159178,0.45415492928704587
1992,PER.16.7_1,Huaura,4947,4942.2427,2583.0,0.522134627046695,0.5226372218353278
1992,PER.16.8_1,Oyon,1871,1870.9257,12.0,0.006413682522715126,0.006413937095687102
1992,PER.16.9_1,Yauyos,6916,6912.2907,26.0,0.0037593984962406013,0.003761415889532525
1992,PER.15.1_1,Lima,2698,2705.3448,53122.0,19.689399555226093,19.63594430642394
1992,PER.17.1_1,Alto Amazonas,66273,66273.3598,289.0,0.004360750230108792,0.004360726555321125
1992,PER.17.2_1,Loreto,68509,68480.0481,8158.0,0.11907924506269249,0.11912958914026425
1992,PER.17.3_1,Mariscal Ramón Castilla,38974,38967.2339,181.0,0.004644121722173757,0.00464492810443098
1992,PER.17.4_1,Maynas,132141,132166.5145,1870.0,0.014151550238003345,0.01414881830255463
1992,PER.17.5_1,Requena,39626,39634.3226,35.0,0.0008832584666633019,0.0008830729964751437
1992,PER.17.6_1,Ucayali,29932,29924.9451,17.0,0.0005679540291327008,0.0005680879267076263
1992,PER.18.1_1,Manu,28191,28189.1616,0.0,0.0,0.0
1992,PER.18.2_1,Tahuamanu,20252,20245.0595,22.0,0.0010863124629666206,0.001086684878791539
1992,PER.18.3_1,Tambopata,35907,35901.8019,608.0,0.016932631520316373,0.016935083161096397
1992,PER.19.1_1,General Sánchez Cerro,5722,5725.7242,0.0,0.0,0.0
1992,PER.19.2_1,Ilo,1366,1372.4439,1233.0,0.9026354319180088,0.8983973483876829
1992,PER.19.3_1,Mariscal Nieto,8656,8657.94,1805.0,0.20852587800369685,0.20847915250213725
1992,PER.20.1_1,Daniel Alcides Carrión,1529,1523.3131,2.0,0.0013080444735120995,0.001312927751496485
1992,PER.20.2_1,Oxapampa,17693,17695.4834,302.0,0.01706889730401854,0.01706650186360308
1992,PER.20.3_1,Pasco,4753,4751.908,2176.0,0.45781611613717654,0.4579213226912235
1992,PER.21.1_1,Ayabaca,5206,5197.2449,44.0,0.008451786400307337,0.008466024064767642
1992,PER.21.2_1,Huancabamba,4280,4276.7233,44.0,0.010280373831775701,0.010288250395150366
1992,PER.21.3_1,Morropón,3810,3811.6782,384.0,0.10078740157480315,0.10074302647298344
1992,PER.21.4_1,Paita,1747,1750.2889,768.0,0.43961076130509447,0.43878470915179285
1992,PER.21.5_1,Piura,6150,6149.5744,5599.0,0.9104065040650406,0.9104695118465604
1992,PER.21.6_1,Sechura,6472,6478.1826,176.0,0.027194066749072928,0.027168113564937233
1992,PER.21.7_1,Sullana,5263,5254.043,2170.0,0.4123123693710811,0.41301527027730556
1992,PER.21.8_1,Talara,2932,2939.2512,4038.0,1.3772169167803547,1.3738192969095704
1992,PER.22.1_1,Azángaro,5245,5231.2106,88.0,0.016777883698760723,0.01682210990827365
1992,PER.22.2_1,Carabaya,11680,11690.4688,6.0,0.0005136986301369863,0.0005132386150086128
1992,PER.22.3_1,Chucuíto,3940,3941.2265,90.0,0.02284263959390863,0.022835530866602522
1992,PER.22.4_1,El Collao,5653,5651.7589,97.0,0.01715903060321953,0.017162798685366572
1992,PER.22.5_1,Huancane,2818,2828.4046,102.0,0.0361958836053939,0.03606273322954332
1992,PER.22.6_1,Lago Titicaca,5287,5283.4928,326.0,0.06166067713258937,0.061701607988911625
1992,PER.22.7_1,Lampa,5711,5717.1909,0.0,0.0,0.0
1992,PER.22.8_1,Melgar,6535,6541.587,237.0,0.03626625860749809,0.03622974033305433
1992,PER.22.9_1,Moho,1039,1031.7237,0.0,0.0,0.0
1992,PER.22.10_1,Puno,6525,6518.8824,1134.0,0.17379310344827587,0.17395619846434002
1992,PER.22.11_1,San Antonio de Putina,3149,3140.0951,37.0,0.011749761829152112,0.011783082455958679
1992,PER.22.12_1,San Román,2280,2280.1851,2117.0,0.9285087719298246,0.9284334001269632
1992,PER.22.13_1,Sandia,12540,12540.8815,0.0,0.0,0.0
1992,PER.22.14_1,Yunguyo,297,302.7066,156.0,0.5252525252525253,0.5153504594902423
1992,PER.23.1_1,Bellavista,7793,7790.7683,25.0,0.0032080071859360965,0.0032089261495070005
1992,PER.23.2_1,El Dorado,1319,1318.8251,0.0,0.0,0.0
1992,PER.23.3_1,Huallaga,2365,2359.6027,25.0,0.010570824524312896,0.01059500384727871
1992,PER.23.4_1,Lamas,5011,5010.8022,18.0,0.003592097385751347,0.0035922392131732556
1992,PER.23.5_1,Mariscal Cáceres,14425,14434.6489,126.0,0.008734835355285962,0.008728996504666178
1992,PER.23.6_1,Moyobamba,3795,3794.5532,575.0,0.15151515151515152,0.151532990995223
1992,PER.23.7_1,Picota,2126,2134.7792,56.0,0.02634054562558796,0.026232220504449715
1992,PER.23.8_1,Rioja,2593,2598.5485,196.0,0.07558812186656383,0.0754267249071413
1992,PER.23.9_1,San Martín,4817,4823.345,770.0,0.15985052937512975,0.15964025086826608
1992,PER.23.10_1,Tocache,6111,6102.5482,518.0,0.08476517754868271,0.08488257458633292
1992,PER.24.1_1,Candarave,2305,2304.2136,0.0,0.0,0.0
1992,PER.24.2_1,Jorge Basadre,2750,2746.7382,1115.0,0.40545454545454546,0.40593602628589265
1992,PER.24.3_1,Tacna,8159,8162.2685,2560.0,0.3137639416595171,0.3136382995122912
1992,PER.24.4_1,Tarata,2788,2785.0639,70.0,0.025107604017216643,0.02513407295210259
1992,PER.25.1_1,Contralmirante Villar,2134,2127.3485,17.0,0.007966260543580132,0.007991168288858418
1992,PER.25.2_1,Tumbes,1785,1786.2221,1226.0,0.6868347338935574,0.6863648253329255
1992,PER.25.3_1,Zarumilla,721,728.412,802.0,1.1123439667128987,1.10102518805855
1992,PER.26.1_1,Atalaya,38581,38583.1679,33.0,0.0008553433036987118,0.0008552952437283722
1992,PER.26.2_1,Coronel Portillo,39067,39060.4079,3578.0,0.09158624926408478,0.09160170589437898
1992,PER.26.3_1,Padre Abad,9291,9288.8146,50.0,0.005381552039608223,0.005382818159145179
1992,PER.26.4_1,Purús,18173,18145.6829,0.0,0.0,0.0
1993,PER.1.1_1,Bagua,5897,5891.871,337.0,0.057147702221468547,0.05719745069791008
1993,PER.1.2_1,Bongará,2824,2829.7375,22.0,0.007790368271954674,0.0077745728225062415
1993,PER.1.3_1,Chachapoyas,2999,2997.3637,573.0,0.1910636878959653,0.19116798959589718
1993,PER.1.4_1,Condorcanqui,17948,17952.2232,0.0,0.0,0.0
1993,PER.1.5_1,Luya,3367,3359.4489,32.0,0.009504009504009503,0.009525371747594675
1993,PER.1.6_1,Rodríguez de Mendoza,2682,2681.7449,104.0,0.03877703206562267,0.03878072100101481
1993,PER.1.7_1,Utcubamba,3871,3870.408,656.0,0.16946525445621285,0.16949117307712627
1993,PER.2.1_1,Aija,696,697.1118,37.0,0.05316091954022988,0.05307613451218831
1993,PER.2.2_1,Antonio Raymondi,559,561.5141,22.0,0.03935599284436494,0.03917978061462441
1993,PER.2.3_1,Asunción,524,524.8509,9.0,0.01717557251908397,0.017147726979654065
1993,PER.2.4_1,Bolognesi,3069,3067.2607,87.0,0.028347996089931573,0.028364070675233343
1993,PER.2.5_1,Carhuaz,817,816.2705,175.0,0.2141982864137087,0.21438971283344926
1993,PER.2.6_1,Carlos Fermin Fitzcarrald,628,627.065,0.0,0.0,0.0
1993,PER.2.7_1,Casma,2274,2279.5761,901.0,0.39621811785400174,0.3952489230445063
1993,PER.2.8_1,Corongo,1016,1015.6517,0.0,0.0,0.0
1993,PER.2.9_1,Huaraz,2499,2501.0478,1638.0,0.6554621848739496,0.654925506858325
1993,PER.2.10_1,Huari,2799,2790.2845,5.0,0.0017863522686673813,0.00179193195823862
1993,PER.2.11_1,Huarmey,3927,3933.9868,534.0,0.1359816653934301,0.13574016083105378
1993,PER.2.12_1,Huaylas,2277,2284.0483,678.0,0.2977602108036891,0.2968413623051515
1993,PER.2.13_1,Mariscal Luzuriaga,731,733.0131,0.0,0.0,0.0
1993,PER.2.14_1,Ocros,1943,1949.2401,2.0,0.001029336078229542,0.0010260408725408135
1993,PER.2.15_1,Pallasca,2067,2063.679,0.0,0.0,0.0
1993,PER.2.16_1,Pomabamba,923,923.2323,18.0,0.01950162513542795,0.019496718971629648
1993,PER.2.17_1,Recuay,2322,2318.0851,131.0,0.056416881998277345,0.05651216269772208
1993,PER.2.18_1,Santa,3997,3987.845,7928.0,1.9834876157117838,1.9880411562316822
1993,PER.2.19_1,Sihuas,1459,1456.9158,29.0,0.019876627827278958,0.01990506286054345
1993,PER.2.20_1,Yungay,1370,1362.6156,370.0,0.27007299270072993,0.27153659749564735
1993,PER.3.1_1,Abancay,3469,3461.1924,813.0,0.23436148746036323,0.23489015119852424
1993,PER.3.2_1,Andahuaylas,4011,4018.7208,385.0,0.09598603839441536,0.09580162967993766
1993,PER.3.3_1,Antabamba,3217,3220.4249,0.0,0.0,0.0
1993,PER.3.4_1,Aymaraes,4129,4128.1482,54.0,0.013078227173649794,0.013080925698929755
1993,PER.3.5_1,Chincheros,1523,1523.0751,0.0,0.0,0.0
1993,PER.3.6_1,Cotabambas,2622,2621.0521,0.0,0.0,0.0
1993,PER.3.7_1,Grau,2128,2129.1362,28.0,0.013157894736842105,0.013150873058950222
1993,PER.4.1_1,Arequipa,10399,10401.7538,17474.0,1.6803538801807867,1.6799090162562538
1993,PER.4.2_1,Camaná,4592,4594.9288,900.0,0.19599303135888502,0.19586810583215272
1993,PER.4.3_1,Caravelí,13035,13027.441,541.0,0.041503644035289604,0.04152772611665226
1993,PER.4.4_1,Castilla,7621,7620.9932,652.0,0.0855530770240126,0.08555315378449754
1993,PER.4.5_1,Caylloma,12048,12035.9001,30.0,0.00249003984063745,0.0024925431115322915
1993,PER.4.6_1,Condesuyos,6838,6852.1717,249.0,0.03641415618601931,0.03633884402309927
1993,PER.4.7_1,Islay,3849,3849.9051,1841.0,0.4783060535203949,0.47819361112195663
1993,PER.4.8_1,La Unión,4893,4893.6009,26.0,0.005313713468219906,0.005313060940335515
1993,PER.5.1_1,Cangallo,1872,1872.5839,45.0,0.02403846153846154,0.024030966552114015
1993,PER.5.2_1,Huamanga,2955,2958.2366,2034.0,0.6883248730964467,0.687571788864543
1993,PER.5.3_1,Huanca Sancos,2830,2831.2856,0.0,0.0,0.0
1993,PER.5.4_1,Huanta,3810,3814.0301,512.0,0.13438320209973753,0.13424120621569052
1993,PER.5.5_1,La Mar,4318,4312.4371,16.0,0.0037054191755442334,0.0037101990768837003
1993,PER.5.6_1,Lucanas,14484,14477.3422,214.0,0.014774924054128693,0.014781718692522438
1993,PER.5.7_1,Parinacochas,5934,5950.4746,187.0,0.03151331311088642,0.03142606485997504
1993,PER.5.8_1,Paucar del Sara Sara,2090,2081.7527,31.0,0.014832535885167464,0.01489129782371314
1993,PER.5.9_1,Sucre,1781,1786.8708,0.0,0.0,0.0
1993,PER.5.10_1,Victor Fajardo,2276,2265.2791,22.0,0.009666080843585237,0.009711827616978787
1993,PER.5.11_1,Vilcas Huamán,1214,1205.7813,0.0,0.0,0.0
1993,PER.6.1_1,Cajabamba,1792,1788.6443,159.0,0.08872767857142858,0.08889414183791212
1993,PER.6.2_1,Cajamarca,2977,2977.7902,2446.0,0.8216325159556601,0.8214144776906344
1993,PER.6.3_1,Celendín,2582,2580.2493,173.0,0.06700232378001549,0.06704778532866447
1993,PER.6.4_1,Chota,3840,3836.4892,562.0,0.14635416666666667,0.14648809599125923
1993,PER.6.5_1,Contumazá,2062,2060.9532,138.0,0.06692531522793405,0.0669593085431632
1993,PER.6.6_1,Cutervo,3025,3030.0606,143.0,0.04727272727272727,0.047193774905862115
1993,PER.6.7_1,Hualgayoc,785,783.6578,289.0,0.3681528662420382,0.3687834266306169
1993,PER.6.8_1,Jaén,5027,5025.2434,1141.0,0.22697433857171276,0.22705367797189924
1993,PER.6.9_1,San Ignacio,4891,4894.3699,137.0,0.02801063177264363,0.02799134588815581
1993,PER.6.10_1,San Marcos,1343,1348.0813,72.0,0.05361131794489948,0.05340924110894159
1993,PER.6.11_1,San Miguel,2530,2527.3116,0.0,0.0,0.0
1993,PER.6.12_1,San Pablo,666,665.0983,0.0,0.0,0.0
1993,PER.6.13_1,Santa Cruz,1382,1383.2844,109.0,0.0788712011577424,0.07879796960836678
1993,PER.7.1_1,Callao,164,160.8378,7407.0,45.16463414634146,46.05262085784322
1993,PER.8.1_1,Acomayo,935,932.9494,128.0,0.13689839572192514,0.13719929174894935
1993,PER.8.2_1,Anta,1928,1932.7747,673.0,0.34906639004149376,0.3482040560009248
1993,PER.8.3_1,Calca,3559,3559.4921,534.0,0.15004214667041305,0.15002140389195948
1993,PER.8.4_1,Canas,2139,2134.9741,95.0,0.04441327723235157,0.04449702704325636
1993,PER.8.5_1,Canchis,3953,3950.2571,1833.0,0.4636984568682014,0.46402043622939537
1993,PER.8.6_1,Chumbivilcas,5329,5334.9773,0.0,0.0,0.0
1993,PER.8.7_1,Cusco,530,530.1969,6176.0,11.652830188679244,11.648501983189194
1993,PER.8.8_1,Espinar,5235,5235.9122,1188.0,0.22693409742120343,0.22689456066711053
1993,PER.8.9_1,La Convención,31674,31679.4986,668.0,0.021089852876176044,0.021086192344079963
1993,PER.8.10_1,Paruro,1966,1966.4681,10.0,0.00508646998982706,0.005085259132341085
1993,PER.8.11_1,Paucartambo,5708,5714.5208,52.0,0.009110021023125438,0.009099625720070396
1993,PER.8.12_1,Quispicanchi,7819,7811.3434,436.0,0.05576160634352219,0.055816263566608036
1993,PER.8.13_1,Urubamba,1463,1459.7168,1130.0,0.7723855092276145,0.7741227412185913
1993,PER.9.1_1,Acobamba,921,927.3542,69.0,0.0749185667752443,0.07440522662329062
1993,PER.9.2_1,Angaraes,1942,1944.836,135.0,0.06951596292481978,0.06941459342404169
1993,PER.9.3_1,Castrovirreyna,3960,3958.9592,0.0,0.0,0.0
1993,PER.9.4_1,Churcampa,1068,1062.7849,258.0,0.24157303370786518,0.2427584320249696
1993,PER.9.5_1,Huancavelica,3999,3992.4364,879.0,0.21980495123780946,0.2201663108857132
1993,PER.9.6_1,Huaytara,6463,6465.2905,0.0,0.0,0.0
1993,PER.9.7_1,Tayacaja,3735,3730.9345,911.0,0.24390896921017402,0.24417475231748062
1993,PER.10.1_1,Ambo,1571,1576.1231,248.0,0.1578612348822406,0.15734811935204096
1993,PER.10.2_1,Dos de Mayo,1342,1335.5805,25.0,0.018628912071535022,0.018718452601882343
1993,PER.10.3_1,Huacaybamba,1763,1765.4566,0.0,0.0,0.0
1993,PER.10.4_1,Huamalíes,3158,3166.8282,25.0,0.007916402786573781,0.007894334107398206
1993,PER.10.5_1,Huenuco,4107,4110.2577,2405.0,0.5855855855855856,0.5851214603545453
1993,PER.10.6_1,Lauricocha,2076,2083.3213,151.0,0.07273603082851637,0.07248041945747251
1993,PER.10.7_1,Leoncio Prado,4962,4958.1773,1411.0,0.28436114469971785,0.28458038475236436
1993,PER.10.8_1,Marañón,4875,4878.4786,0.0,0.0,0.0
1993,PER.10.9_1,Pachitea,2655,2647.0304,0.0,0.0,0.0
1993,PER.10.10_1,Puerto Inca,9819,9814.2188,44.0,0.004481108055810164,0.004483291138848292
1993,PER.10.11_1,Yarowilca,752,746.4216,0.0,0.0,0.0
1993,PER.11.1_1,Chincha,2899,2905.713,5535.0,1.9092790617454294,1.9048680939196732
1993,PER.11.2_1,Ica,7867,7864.1979,8483.0,1.078301766874285,1.0786859833581746
1993,PER.11.3_1,Nazca,5224,5209.8162,1793.0,0.34322358346094944,0.34415801718340794
1993,PER.11.4_1,Palpa,1209,1219.3592,292.0,0.24152191894127378,0.23947004416990322
1993,PER.11.5_1,Pisco,3979,3968.9444,5243.0,1.317667755717517,1.3210061666954238
1993,PER.12.1_1,Chanchamayo,4671,4674.6736,1173.0,0.25112395632626844,0.2509266115704789
1993,PER.12.2_1,Chupaca,1170,1163.9265,1494.0,1.2769230769230768,1.2835862135096479
1993,PER.12.3_1,Concepción,2242,2248.8693,1449.0,0.6462979482604817,0.644323799662197
1993,PER.12.4_1,Huancayo,3738,3734.3439,6267.0,1.6765650080256822,1.6782064546462578
1993,PER.12.5_1,Jauja,4385,4383.5123,3895.0,0.8882554161915621,0.8885568849555637
1993,PER.12.6_1,Junín,2633,2625.8821,750.0,0.284846183061147,0.2856183022695646
1993,PER.12.7_1,Satipo,19490,19497.3878,318.0,0.016316059517701386,0.016309877196289783
1993,PER.12.8_1,Tarma,2663,2663.9461,2837.0,1.0653398422831393,1.0649614694785168
1993,PER.12.9_1,Yauli,3632,3637.3003,3622.0,0.9972466960352423,0.9957935097511179
1993,PER.13.1_1,Ascope,2653,2656.16,2777.0,1.046739540143234,1.0454942438565749
1993,PER.13.2_1,Bolívar,1744,1745.5625,0.0,0.0,0.0
1993,PER.13.3_1,Chepén,1153,1150.5574,1151.0,0.9982653946227233,1.000384710021224
1993,PER.13.4_1,Gran Chimú,1305,1306.9247,42.0,0.03218390804597701,0.03213651115326206
1993,PER.13.5_1,Julcan,1107,1110.773,0.0,0.0,0.0
1993,PER.13.6_1,Otuzco,2088,2088.1443,208.0,0.09961685823754789,0.09960997368122709
1993,PER.13.7_1,Pacasmayo,1119,1119.8766,2025.0,1.8096514745308312,1.8082350127767841
1993,PER.13.8_1,Pataz,3991,3989.5251,229.0,0.05737910298170885,0.057400314971777944
1993,PER.13.9_1,Sánchez Carrión,2501,2494.8258,301.0,0.12035185925629747,0.12064970704424527
1993,PER.13.10_1,Santiago de Chuco,2668,2671.5263,158.0,0.05922038980509745,0.059142220439553174
1993,PER.13.11_1,Trujillo,1767,1766.3122,11985.0,6.782682512733446,6.785323823420035
1993,PER.13.12_1,Viru,3207,3207.8223,1727.0,0.5385095104458996,0.5383714695723816
1993,PER.14.1_1,Chiclayo,3211,3211.4229,11104.0,3.458112737464964,3.4576573610669348
1993,PER.14.2_1,Ferreñafe,1705,1705.7385,1502.0,0.8809384164222874,0.8805570130685826
1993,PER.14.3_1,Lambayeque,9365,9366.3112,3668.0,0.39167111585691405,0.39161628381740143
1993,PER.16.1_1,Barranca,1389,1382.5918,3115.0,2.2426205903527716,2.2530148788221753
1993,PER.16.2_1,Cajatambo,1525,1527.1172,0.0,0.0,0.0
1993,PER.16.3_1,Cañete,4605,4605.4107,6485.0,1.4082519001085776,1.4081263020144754
1993,PER.16.4_1,Canta,1690,1693.223,130.0,0.07692307692307693,0.07677665465919747
1993,PER.16.5_1,Huaral,3664,3664.9371,4050.0,1.105349344978166,1.105066724374321
1993,PER.16.6_1,Huarochiri,5742,5738.1299,4000.0,0.6966213862765587,0.6970912191666092
1993,PER.16.7_1,Huaura,4947,4942.2427,4096.0,0.8279765514453203,0.8287735426393739
1993,PER.16.8_1,Oyon,1871,1870.9257,82.0,0.043826830571886695,0.043828570153861865
1993,PER.16.9_1,Yauyos,6916,6912.2907,159.0,0.022990167727009833,0.02300250486291044
1993,PER.15.1_1,Lima,2698,2705.3448,60778.0,22.527057079318013,22.46589780233866
1993,PER.17.1_1,Alto Amazonas,66273,66273.3598,846.0,0.012765379566339233,0.01276531026228952
1993,PER.17.2_1,Loreto,68509,68480.0481,16272.0,0.23751623874235503,0.23761665536778376
1993,PER.17.3_1,Mariscal Ramón Castilla,38974,38967.2339,256.0,0.006568481551803767,0.006569622070355419
1993,PER.17.4_1,Maynas,132141,132166.5145,3476.0,0.026305234560053275,0.02630015637416037
1993,PER.17.5_1,Requena,39626,39634.3226,95.0,0.0023974158380861053,0.0023969124190039615
1993,PER.17.6_1,Ucayali,29932,29924.9451,90.0,0.0030068154483495926,0.0030075243178639037
1993,PER.18.1_1,Manu,28191,28189.1616,92.0,0.003263452875031038,0.003263665707199284
1993,PER.18.2_1,Tahuamanu,20252,20245.0595,71.0,0.0035058265850286393,0.003507028472463603
1993,PER.18.3_1,Tambopata,35907,35901.8019,912.0,0.02539894728047456,0.02540262474164459
1993,PER.19.1_1,General Sánchez Cerro,5722,5725.7242,16.0,0.0027962250961202375,0.0027944063370004646
1993,PER.19.2_1,Ilo,1366,1372.4439,2234.0,1.6354319180087848,1.6277531843455666
1993,PER.19.3_1,Mariscal Nieto,8656,8657.94,3251.0,0.37557763401109057,0.37549347633487434
1993,PER.20.1_1,Daniel Alcides Carrión,1529,1523.3131,8.0,0.005232177894048398,0.00525171100598594
1993,PER.20.2_1,Oxapampa,17693,17695.4834,424.0,0.023964279658622054,0.023960916523734124
1993,PER.20.3_1,Pasco,4753,4751.908,3151.0,0.6629497159688618,0.663102062408109
1993,PER.21.1_1,Ayabaca,5206,5197.2449,172.0,0.033038801383019595,0.03309445770772805
1993,PER.21.2_1,Huancabamba,4280,4276.7233,228.0,0.05327102803738318,0.053311842956688255
1993,PER.21.3_1,Morropón,3810,3811.6782,849.0,0.22283464566929134,0.22273653509261185
1993,PER.21.4_1,Paita,1747,1750.2889,2322.0,1.3291356611333716,1.3266381440761237
1993,PER.21.5_1,Piura,6150,6149.5744,7318.0,1.189918699186992,1.190001051561552
1993,PER.21.6_1,Sechura,6472,6478.1826,632.0,0.09765142150803462,0.0975582259831837
1993,PER.21.7_1,Sullana,5263,5254.043,3003.0,0.5705871176135284,0.5715598417708518
1993,PER.21.8_1,Talara,2932,2939.2512,7276.0,2.481582537517053,2.4754604270218015
1993,PER.22.1_1,Azángaro,5245,5231.2106,244.0,0.04652049571020019,0.04664312292748603
1993,PER.22.2_1,Carabaya,11680,11690.4688,7.0,0.0005993150684931507,0.000598778384176715
1993,PER.22.3_1,Chucuíto,3940,3941.2265,199.0,0.05050761421319797,0.05049189602726557
1993,PER.22.4_1,El Collao,5653,5651.7589,217.0,0.038386697328851936,0.03839512695592316
1993,PER.22.5_1,Huancane,2818,2828.4046,194.0,0.0688431511710433,0.06858990437775887
1993,PER.22.6_1,Lago Titicaca,5287,5283.4928,600.0,0.11348590883298657,0.11356124169738337
1993,PER.22.7_1,Lampa,5711,5717.1909,64.0,0.01120644370513045,0.011194308697643335
1993,PER.22.8_1,Melgar,6535,6541.587,444.0,0.06794185156847743,0.06787343758597521
1993,PER.22.9_1,Moho,1039,1031.7237,0.0,0.0,0.0
1993,PER.22.10_1,Puno,6525,6518.8824,1610.0,0.2467432950191571,0.24697484967159386
1993,PER.22.11_1,San Antonio de Putina,3149,3140.0951,216.0,0.06859320419180692,0.06878772460775878
1993,PER.22.12_1,San Román,2280,2280.1851,2983.0,1.3083333333333333,1.3082271292294432
1993,PER.22.13_1,Sandia,12540,12540.8815,0.0,0.0,0.0
1993,PER.22.14_1,Yunguyo,297,302.7066,322.0,1.0841750841750841,1.0637362048452437
1993,PER.23.1_1,Bellavista,7793,7790.7683,112.0,0.014371872192993712,0.014375989149791362
1993,PER.23.2_1,El Dorado,1319,1318.8251,34.0,0.02577710386656558,0.025780522986652742
1993,PER.23.3_1,Huallaga,2365,2359.6027,102.0,0.04312896405919662,0.043227615696897134
1993,PER.23.4_1,Lamas,5011,5010.8022,196.0,0.03911394931151467,0.03911549365455323
1993,PER.23.5_1,Mariscal Cáceres,14425,14434.6489,301.0,0.020866551126516465,0.02085260276114698
1993,PER.23.6_1,Moyobamba,3795,3794.5532,1084.0,0.28563899868247694,0.28567262998055953
1993,PER.23.7_1,Picota,2126,2134.7792,83.0,0.039040451552210725,0.03887989824766654
1993,PER.23.8_1,Rioja,2593,2598.5485,630.0,0.2429618202853837,0.24244304434438274
1993,PER.23.9_1,San Martín,4817,4823.345,1273.0,0.264272368694208,0.26392472643545806
1993,PER.23.10_1,Tocache,6111,6102.5482,1046.0,0.17116674848633612,0.17140380891371473
1993,PER.24.1_1,Candarave,2305,2304.2136,82.0,0.03557483731019523,0.03558697922293797
1993,PER.24.2_1,Jorge Basadre,2750,2746.7382,1841.0,0.6694545454545454,0.670249528602985
1993,PER.24.3_1,Tacna,8159,8162.2685,4496.0,0.551047922539527,0.5508272635184615
1993,PER.24.4_1,Tarata,2788,2785.0639,195.0,0.0699426111908178,0.07001634608085722
1993,PER.25.1_1,Contralmirante Villar,2134,2127.3485,139.0,0.06513589503280225,0.06533955247948942
1993,PER.25.2_1,Tumbes,1785,1786.2221,2407.0,1.3484593837535015,1.3475368144994713
1993,PER.25.3_1,Zarumilla,721,728.412,1170.0,1.622746185852982,1.6062337531527475
1993,PER.26.1_1,Atalaya,38581,38583.1679,57.0,0.0014774111609341385,0.0014773281482580974
1993,PER.26.2_1,Coronel Portillo,39067,39060.4079,5788.0,0.14815573245962066,0.1481807360862676
1993,PER.26.3_1,Padre Abad,9291,9288.8146,205.0,0.022064363362393716,0.022069554452495234
1993,PER.26.4_1,Purús,18173,18145.6829,0.0,0.0,0.0
1994,PER.1.1_1,Bagua,5897,5891.871,399.0,0.06766152280820756,0.0677204238233416
1994,PER.1.2_1,Bongará,2824,2829.7375,11.0,0.003895184135977337,0.0038872864112531207
1994,PER.1.3_1,Chachapoyas,2999,2997.3637,637.0,0.21240413471157052,0.21252008616507242
1994,PER.1.4_1,Condorcanqui,17948,17952.2232,0.0,0.0,0.0
1994,PER.1.5_1,Luya,3367,3359.4489,40.0,0.01188001188001188,0.011906714684493344
1994,PER.1.6_1,Rodríguez de Mendoza,2682,2681.7449,109.0,0.04064131245339299,0.04064517874144822
1994,PER.1.7_1,Utcubamba,3871,3870.408,724.0,0.18703177473521054,0.18706038004243813
1994,PER.2.1_1,Aija,696,697.1118,37.0,0.05316091954022988,0.05307613451218831
1994,PER.2.2_1,Antonio Raymondi,559,561.5141,24.0,0.04293381037567084,0.04274157885231754
1994,PER.2.3_1,Asunción,524,524.8509,0.0,0.0,0.0
1994,PER.2.4_1,Bolognesi,3069,3067.2607,87.0,0.028347996089931573,0.028364070675233343
1994,PER.2.5_1,Carhuaz,817,816.2705,239.0,0.29253365973072215,0.292795093526825
1994,PER.2.6_1,Carlos Fermin Fitzcarrald,628,627.065,0.0,0.0,0.0
1994,PER.2.7_1,Casma,2274,2279.5761,972.0,0.42744063324538256,0.4263950645940734
1994,PER.2.8_1,Corongo,1016,1015.6517,0.0,0.0,0.0
1994,PER.2.9_1,Huaraz,2499,2501.0478,1645.0,0.6582633053221288,0.6577243338107109
1994,PER.2.10_1,Huari,2799,2790.2845,0.0,0.0,0.0
1994,PER.2.11_1,Huarmey,3927,3933.9868,550.0,0.1400560224089636,0.13980728175483068
1994,PER.2.12_1,Huaylas,2277,2284.0483,639.0,0.28063241106719367,0.27976641668582863
1994,PER.2.13_1,Mariscal Luzuriaga,731,733.0131,0.0,0.0,0.0
1994,PER.2.14_1,Ocros,1943,1949.2401,11.0,0.005661348430262481,0.005643224798974474
1994,PER.2.15_1,Pallasca,2067,2063.679,0.0,0.0,0.0
1994,PER.2.16_1,Pomabamba,923,923.2323,0.0,0.0,0.0
1994,PER.2.17_1,Recuay,2322,2318.0851,145.0,0.06244616709732989,0.06255163046694429
1994,PER.2.18_1,Santa,3997,3987.845,7927.0,1.9832374280710532,1.9877903942291304
1994,PER.2.19_1,Sihuas,1459,1456.9158,52.0,0.03564084989718986,0.035691836853388254
1994,PER.2.20_1,Yungay,1370,1362.6156,395.0,0.28832116788321166,0.2898836648940019
1994,PER.3.1_1,Abancay,3469,3461.1924,915.0,0.2637647737100029,0.26435976426402175
1994,PER.3.2_1,Andahuaylas,4011,4018.7208,467.0,0.11642981800049863,0.11620613262475556
1994,PER.3.3_1,Antabamba,3217,3220.4249,0.0,0.0,0.0
1994,PER.3.4_1,Aymaraes,4129,4128.1482,68.0,0.016468878663114556,0.016472276806059692
1994,PER.3.5_1,Chincheros,1523,1523.0751,5.0,0.003282994090610637,0.0032828322459368276
1994,PER.3.6_1,Cotabambas,2622,2621.0521,0.0,0.0,0.0
1994,PER.3.7_1,Grau,2128,2129.1362,49.0,0.023026315789473683,0.02301402785316289
1994,PER.4.1_1,Arequipa,10399,10401.7538,18440.0,1.7732474276372727,1.7727779706858944
1994,PER.4.2_1,Camaná,4592,4594.9288,1049.0,0.22844076655052264,0.22829515890880914
1994,PER.4.3_1,Caravelí,13035,13027.441,532.0,0.04081319524357499,0.04083687669881516
1994,PER.4.4_1,Castilla,7621,7620.9932,731.0,0.09591917071250491,0.09591925677372347
1994,PER.4.5_1,Caylloma,12048,12035.9001,43.0,0.0035690571049136785,0.0035726451265296177
1994,PER.4.6_1,Condesuyos,6838,6852.1717,277.0,0.04050892073705762,0.040425139736540154
1994,PER.4.7_1,Islay,3849,3849.9051,1979.0,0.5141595219537543,0.5140386509561935
1994,PER.4.8_1,La Unión,4893,4893.6009,33.0,0.00674432863274065,0.006743500424272
1994,PER.5.1_1,Cangallo,1872,1872.5839,59.0,0.031517094017094016,0.03150726725721616
1994,PER.5.2_1,Huamanga,2955,2958.2366,1996.0,0.6754653130287648,0.6747262982171228
1994,PER.5.3_1,Huanca Sancos,2830,2831.2856,0.0,0.0,0.0
1994,PER.5.4_1,Huanta,3810,3814.0301,539.0,0.14146981627296587,0.14132033232472108
1994,PER.5.5_1,La Mar,4318,4312.4371,0.0,0.0,0.0
1994,PER.5.6_1,Lucanas,14484,14477.3422,230.0,0.01587959127312897,0.01588689392186991
1994,PER.5.7_1,Parinacochas,5934,5950.4746,204.0,0.034378159757330634,0.034282979847245494
1994,PER.5.8_1,Paucar del Sara Sara,2090,2081.7527,36.0,0.01722488038277512,0.017293120053344293
1994,PER.5.9_1,Sucre,1781,1786.8708,0.0,0.0,0.0
1994,PER.5.10_1,Victor Fajardo,2276,2265.2791,22.0,0.009666080843585237,0.009711827616978787
1994,PER.5.11_1,Vilcas Huamán,1214,1205.7813,0.0,0.0,0.0
1994,PER.6.1_1,Cajabamba,1792,1788.6443,173.0,0.09654017857142858,0.09672129898087294
1994,PER.6.2_1,Cajamarca,2977,2977.7902,2669.0,0.8965401410816258,0.8963022244302138
1994,PER.6.3_1,Celendín,2582,2580.2493,180.0,0.069713400464756,0.0697607014980324
1994,PER.6.4_1,Chota,3840,3836.4892,661.0,0.17213541666666668,0.1722929385235273
1994,PER.6.5_1,Contumazá,2062,2060.9532,132.0,0.06401551891367604,0.06404803425867785
1994,PER.6.6_1,Cutervo,3025,3030.0606,143.0,0.04727272727272727,0.047193774905862115
1994,PER.6.7_1,Hualgayoc,785,783.6578,230.0,0.2929936305732484,0.29349546064028337
1994,PER.6.8_1,Jaén,5027,5025.2434,1187.0,0.23612492540282476,0.2362074634116077
1994,PER.6.9_1,San Ignacio,4891,4894.3699,140.0,0.02862400327131466,0.02860429506818842
1994,PER.6.10_1,San Marcos,1343,1348.0813,76.0,0.05658972449739389,0.05637642117054945
1994,PER.6.11_1,San Miguel,2530,2527.3116,0.0,0.0,0.0
1994,PER.6.12_1,San Pablo,666,665.0983,0.0,0.0,0.0
1994,PER.6.13_1,Santa Cruz,1382,1383.2844,111.0,0.08031837916063676,0.08024380391310745
1994,PER.7.1_1,Callao,164,160.8378,7618.0,46.451219512195124,47.36450191643711
1994,PER.8.1_1,Acomayo,935,932.9494,85.0,0.09090909090909091,0.09110890467703668
1994,PER.8.2_1,Anta,1928,1932.7747,719.0,0.3729253112033195,0.37200403605447985
1994,PER.8.3_1,Calca,3559,3559.4921,549.0,0.15425681371171676,0.1542354882709471
1994,PER.8.4_1,Canas,2139,2134.9741,191.0,0.08929406264609631,0.08946244384486278
1994,PER.8.5_1,Canchis,3953,3950.2571,1902.0,0.4811535542625854,0.48148765395979815
1994,PER.8.6_1,Chumbivilcas,5329,5334.9773,0.0,0.0,0.0
1994,PER.8.7_1,Cusco,530,530.1969,6344.0,11.969811320754717,11.965365379104963
1994,PER.8.8_1,Espinar,5235,5235.9122,1268.0,0.24221585482330468,0.24217365566152874
1994,PER.8.9_1,La Convención,31674,31679.4986,857.0,0.02705689208814801,0.02705219586658163
1994,PER.8.10_1,Paruro,1966,1966.4681,15.0,0.0076297049847405905,0.007627888698511627
1994,PER.8.11_1,Paucartambo,5708,5714.5208,75.0,0.013139453398738612,0.013124460173178453
1994,PER.8.12_1,Quispicanchi,7819,7811.3434,493.0,0.06305154111779,0.0631133438952701
1994,PER.8.13_1,Urubamba,1463,1459.7168,1233.0,0.8427887901572112,0.8446843716128523
1994,PER.9.1_1,Acobamba,921,927.3542,105.0,0.11400651465798045,0.11322534486152921
1994,PER.9.2_1,Angaraes,1942,1944.836,149.0,0.07672502574665294,0.07661314385320157
1994,PER.9.3_1,Castrovirreyna,3960,3958.9592,0.0,0.0,0.0
1994,PER.9.4_1,Churcampa,1068,1062.7849,266.0,0.24906367041198502,0.2502858252660539
1994,PER.9.5_1,Huancavelica,3999,3992.4364,907.0,0.22680670167541886,0.22717957221085536
1994,PER.9.6_1,Huaytara,6463,6465.2905,0.0,0.0,0.0
1994,PER.9.7_1,Tayacaja,3735,3730.9345,1036.0,0.277376171352075,0.27767842305259044
1994,PER.10.1_1,Ambo,1571,1576.1231,260.0,0.1654996817313813,0.1649617380303655
1994,PER.10.2_1,Dos de Mayo,1342,1335.5805,27.0,0.020119225037257823,0.02021592881003293
1994,PER.10.3_1,Huacaybamba,1763,1765.4566,0.0,0.0,0.0
1994,PER.10.4_1,Huamalíes,3158,3166.8282,34.0,0.010766307789740342,0.01073629438606156
1994,PER.10.5_1,Huenuco,4107,4110.2577,2499.0,0.6084733382030679,0.6079910725264069
1994,PER.10.6_1,Lauricocha,2076,2083.3213,146.0,0.07032755298651253,0.07008040556815222
1994,PER.10.7_1,Leoncio Prado,4962,4958.1773,1480.0,0.29826682789197906,0.2984967891094963
1994,PER.10.8_1,Marañón,4875,4878.4786,31.0,0.006358974358974359,0.006354440100836317
1994,PER.10.9_1,Pachitea,2655,2647.0304,0.0,0.0,0.0
1994,PER.10.10_1,Puerto Inca,9819,9814.2188,48.0,0.00488848151542927,0.004890863060561773
1994,PER.10.11_1,Yarowilca,752,746.4216,0.0,0.0,0.0
1994,PER.11.1_1,Chincha,2899,2905.713,5607.0,1.934115212142118,1.9296468658730999
1994,PER.11.2_1,Ica,7867,7864.1979,8745.0,1.1116054404474387,1.1120015235727028
1994,PER.11.3_1,Nazca,5224,5209.8162,1842.0,0.35260336906584994,0.353563339460032
1994,PER.11.4_1,Palpa,1209,1219.3592,323.0,0.26716294458229944,0.2648932337906806
1994,PER.11.5_1,Pisco,3979,3968.9444,5398.0,1.3566222669012316,1.3600593720812317
1994,PER.12.1_1,Chanchamayo,4671,4674.6736,1421.0,0.3042175123099979,0.3039784441957805
1994,PER.12.2_1,Chupaca,1170,1163.9265,1670.0,1.4273504273504274,1.4347985117544257
1994,PER.12.3_1,Concepción,2242,2248.8693,1566.0,0.6984834968777877,0.6963499449765359
1994,PER.12.4_1,Huancayo,3738,3734.3439,6439.0,1.7225789192081327,1.7242654159035031
1994,PER.12.5_1,Jauja,4385,4383.5123,3932.0,0.8966932725199543,0.8969976050437167
1994,PER.12.6_1,Junín,2633,2625.8821,794.0,0.3015571591340676,0.30237457600271234
1994,PER.12.7_1,Satipo,19490,19497.3878,349.0,0.017906618778860954,0.017899833778318035
1994,PER.12.8_1,Tarma,2663,2663.9461,2950.0,1.1077731881336839,1.1073797444348341
1994,PER.12.9_1,Yauli,3632,3637.3003,3730.0,1.0269823788546255,1.0254858617812452
1994,PER.13.1_1,Ascope,2653,2656.16,3105.0,1.1703731624575953,1.1689807804013916
1994,PER.13.2_1,Bolívar,1744,1745.5625,0.0,0.0,0.0
1994,PER.13.3_1,Chepén,1153,1150.5574,1302.0,1.1292281006071119,1.1316254495635392
1994,PER.13.4_1,Gran Chimú,1305,1306.9247,46.0,0.03524904214559387,0.035197131263096544
1994,PER.13.5_1,Julcan,1107,1110.773,0.0,0.0,0.0
1994,PER.13.6_1,Otuzco,2088,2088.1443,228.0,0.10919540229885058,0.10918785576596046
1994,PER.13.7_1,Pacasmayo,1119,1119.8766,2457.0,2.195710455764075,2.193991815502498
1994,PER.13.8_1,Pataz,3991,3989.5251,259.0,0.06489601603608118,0.06492000688947812
1994,PER.13.9_1,Sánchez Carrión,2501,2494.8258,319.0,0.12754898040783685,0.12786463969140943
1994,PER.13.10_1,Santiago de Chuco,2668,2671.5263,170.0,0.06371814092953523,0.06363403465015215
1994,PER.13.11_1,Trujillo,1767,1766.3122,12433.0,7.036219581211093,7.038959624245415
1994,PER.13.12_1,Viru,3207,3207.8223,1869.0,0.5827876520112254,0.5826382609327048
1994,PER.14.1_1,Chiclayo,3211,3211.4229,11333.0,3.5294300840859547,3.528965316369918
1994,PER.14.2_1,Ferreñafe,1705,1705.7385,1531.0,0.8979472140762463,0.8975584467430093
1994,PER.14.3_1,Lambayeque,9365,9366.3112,3918.0,0.4183662573411639,0.4183076881124806
1994,PER.16.1_1,Barranca,1389,1382.5918,3179.0,2.28869690424766,2.2993047511318445
1994,PER.16.2_1,Cajatambo,1525,1527.1172,0.0,0.0,0.0
1994,PER.16.3_1,Cañete,4605,4605.4107,6659.0,1.4460369163952227,1.445907948359968
1994,PER.16.4_1,Canta,1690,1693.223,162.0,0.09585798816568047,0.09567552349838454
1994,PER.16.5_1,Huaral,3664,3664.9371,4103.0,1.1198144104803494,1.1195280913846517
1994,PER.16.6_1,Huarochiri,5742,5738.1299,4055.0,0.7061999303378613,0.70667622343015
1994,PER.16.7_1,Huaura,4947,4942.2427,4103.0,0.8293915504346069,0.8301899036741579
1994,PER.16.8_1,Oyon,1871,1870.9257,117.0,0.06253340459647247,0.06253588668294925
1994,PER.16.9_1,Yauyos,6916,6912.2907,182.0,0.02631578947368421,0.026329911226727676
1994,PER.15.1_1,Lima,2698,2705.3448,61650.0,22.850259451445517,22.788222704172206
1994,PER.17.1_1,Alto Amazonas,66273,66273.3598,1379.0,0.020807870475155796,0.02080775750791637
1994,PER.17.2_1,Loreto,68509,68480.0481,14642.0,0.21372374432556307,0.21381410200928527
1994,PER.17.3_1,Mariscal Ramón Castilla,38974,38967.2339,288.0,0.007389541745779237,0.007390824829149847
1994,PER.17.4_1,Maynas,132141,132166.5145,3614.0,0.02734957356157438,0.027344293767610925
1994,PER.17.5_1,Requena,39626,39634.3226,102.0,0.0025740675314187655,0.0025735270182989903
1994,PER.17.6_1,Ucayali,29932,29924.9451,102.0,0.003407724174796205,0.003408527560245758
1994,PER.18.1_1,Manu,28191,28189.1616,380.0,0.013479479266432549,0.013480358355823131
1994,PER.18.2_1,Tahuamanu,20252,20245.0595,71.0,0.0035058265850286393,0.003507028472463603
1994,PER.18.3_1,Tambopata,35907,35901.8019,983.0,0.02737627760603782,0.027380241360785783
1994,PER.19.1_1,General Sánchez Cerro,5722,5725.7242,16.0,0.0027962250961202375,0.0027944063370004646
1994,PER.19.2_1,Ilo,1366,1372.4439,2365.0,1.7313323572474377,1.7232033486917033
1994,PER.19.3_1,Mariscal Nieto,8656,8657.94,3536.0,0.40850277264325324,0.40841123725626444
1994,PER.20.1_1,Daniel Alcides Carrión,1529,1523.3131,10.0,0.006540222367560497,0.006564638757482425
1994,PER.20.2_1,Oxapampa,17693,17695.4834,430.0,0.024303396823602556,0.02429998609718319
1994,PER.20.3_1,Pasco,4753,4751.908,3217.0,0.6768356827266989,0.6769912201735597
1994,PER.21.1_1,Ayabaca,5206,5197.2449,191.0,0.03668843641951594,0.03675024082660499
1994,PER.21.2_1,Huancabamba,4280,4276.7233,282.0,0.06588785046728972,0.06593833207800916
1994,PER.21.3_1,Morropón,3810,3811.6782,950.0,0.24934383202099739,0.249234049868058
1994,PER.21.4_1,Paita,1747,1750.2889,2481.0,1.4201488265598168,1.4174802908927058
1994,PER.21.5_1,Piura,6150,6149.5744,7859.0,1.2778861788617886,1.2779746193252577
1994,PER.21.6_1,Sechura,6472,6478.1826,780.0,0.12051915945611867,0.12040413966279001
1994,PER.21.7_1,Sullana,5263,5254.043,3341.0,0.6348090442713281,0.6358912525329391
1994,PER.21.8_1,Talara,2932,2939.2512,7585.0,2.5869713506139154,2.5805892439472737
1994,PER.22.1_1,Azángaro,5245,5231.2106,658.0,0.12545281220209722,0.12578350363231888
1994,PER.22.2_1,Carabaya,11680,11690.4688,10.0,0.0008561643835616438,0.0008553976916810214
1994,PER.22.3_1,Chucuíto,3940,3941.2265,222.0,0.05634517766497462,0.05632764280428622
1994,PER.22.4_1,El Collao,5653,5651.7589,238.0,0.04210153900583761,0.04211078440327056
1994,PER.22.5_1,Huancane,2818,2828.4046,214.0,0.07594038325053229,0.07566102854041443
1994,PER.22.6_1,Lago Titicaca,5287,5283.4928,598.0,0.11310762247020995,0.11318270422505874
1994,PER.22.7_1,Lampa,5711,5717.1909,226.0,0.039572754333741904,0.03952990258855303
1994,PER.22.8_1,Melgar,6535,6541.587,460.0,0.0703902065799541,0.07031932722871305
1994,PER.22.9_1,Moho,1039,1031.7237,0.0,0.0,0.0
1994,PER.22.10_1,Puno,6525,6518.8824,1821.0,0.2790804597701149,0.2793423610260698
1994,PER.22.11_1,San Antonio de Putina,3149,3140.0951,226.0,0.07176881549698316,0.07197234148774762
1994,PER.22.12_1,San Román,2280,2280.1851,3189.0,1.3986842105263158,1.3985706721799176
1994,PER.22.13_1,Sandia,12540,12540.8815,19.0,0.0015151515151515152,0.0015150450197780807
1994,PER.22.14_1,Yunguyo,297,302.7066,333.0,1.121212121212121,1.1000750192964788
1994,PER.23.1_1,Bellavista,7793,7790.7683,129.0,0.01655331707943026,0.016558058931456125
1994,PER.23.2_1,El Dorado,1319,1318.8251,50.0,0.03790750568612585,0.03791253380390109
1994,PER.23.3_1,Huallaga,2365,2359.6027,137.0,0.057928118393234675,0.05806062108308733
1994,PER.23.4_1,Lamas,5011,5010.8022,344.0,0.06864897226102575,0.06865168274064444
1994,PER.23.5_1,Mariscal Cáceres,14425,14434.6489,353.0,0.024471403812824956,0.024455045763072704
1994,PER.23.6_1,Moyobamba,3795,3794.5532,1213.0,0.31963109354413705,0.3196687270907922
1994,PER.23.7_1,Picota,2126,2134.7792,75.0,0.03527751646284102,0.0351324381756023
1994,PER.23.8_1,Rioja,2593,2598.5485,666.0,0.25684535287311994,0.2562969325926332
1994,PER.23.9_1,San Martín,4817,4823.345,1430.0,0.2968652688395267,0.29647475161249415
1994,PER.23.10_1,Tocache,6111,6102.5482,1011.0,0.16543937162493863,0.16566849982004359
1994,PER.24.1_1,Candarave,2305,2304.2136,158.0,0.0685466377440347,0.06857003313688048
1994,PER.24.2_1,Jorge Basadre,2750,2746.7382,1987.0,0.7225454545454545,0.7234034836144114
1994,PER.24.3_1,Tacna,8159,8162.2685,5234.0,0.6415001838460596,0.6412433045497392
1994,PER.24.4_1,Tarata,2788,2785.0639,197.0,0.07065997130559541,0.0707344624509173
1994,PER.25.1_1,Contralmirante Villar,2134,2127.3485,146.0,0.06841611996251172,0.06863003353960759
1994,PER.25.2_1,Tumbes,1785,1786.2221,2638.0,1.4778711484593838,1.4768600401535543
1994,PER.25.3_1,Zarumilla,721,728.412,1347.0,1.868238557558946,1.8492280901681633
1994,PER.26.1_1,Atalaya,38581,38583.1679,56.0,0.0014514916668826624,0.001451410110569359
1994,PER.26.2_1,Coronel Portillo,39067,39060.4079,5718.0,0.14636393887424168,0.146388640107339
1994,PER.26.3_1,Padre Abad,9291,9288.8146,291.0,0.03132063287051986,0.03132800168622494
1994,PER.26.4_1,Purús,18173,18145.6829,0.0,0.0,0.0
1995,PER.1.1_1,Bagua,5897,5891.871,614.0,0.1041207393589961,0.1042113790163703
1995,PER.1.2_1,Bongará,2824,2829.7375,55.0,0.019475920679886686,0.019436432056265603
1995,PER.1.3_1,Chachapoyas,2999,2997.3637,776.0,0.2587529176392131,0.25889417090124994
1995,PER.1.4_1,Condorcanqui,17948,17952.2232,21.0,0.001170046801872075,0.001169771550015959
1995,PER.1.5_1,Luya,3367,3359.4489,156.0,0.04633204633204633,0.04643618726952404
1995,PER.1.6_1,Rodríguez de Mendoza,2682,2681.7449,113.0,0.04213273676360925,0.04213674493379494
1995,PER.1.7_1,Utcubamba,3871,3870.408,1291.0,0.33350555412038235,0.33355656165025915
1995,PER.2.1_1,Aija,696,697.1118,50.0,0.07183908045977011,0.07172450609755178
1995,PER.2.2_1,Antonio Raymondi,559,561.5141,36.0,0.06440071556350627,0.06411236827847631
1995,PER.2.3_1,Asunción,524,524.8509,12.0,0.022900763358778626,0.022863635972872085
1995,PER.2.4_1,Bolognesi,3069,3067.2607,267.0,0.08699902248289346,0.08704835483088853
1995,PER.2.5_1,Carhuaz,817,816.2705,480.0,0.587515299877601,0.5880403552003179
1995,PER.2.6_1,Carlos Fermin Fitzcarrald,628,627.065,0.0,0.0,0.0
1995,PER.2.7_1,Casma,2274,2279.5761,1495.0,0.6574318381706244,0.6558236847408845
1995,PER.2.8_1,Corongo,1016,1015.6517,0.0,0.0,0.0
1995,PER.2.9_1,Huaraz,2499,2501.0478,1831.0,0.7326930772308924,0.7320931642598247
1995,PER.2.10_1,Huari,2799,2790.2845,215.0,0.07681314755269739,0.07705307420426066
1995,PER.2.11_1,Huarmey,3927,3933.9868,620.0,0.1578813343519226,0.1576009357963546
1995,PER.2.12_1,Huaylas,2277,2284.0483,781.0,0.34299516908212563,0.34193673150490167
1995,PER.2.13_1,Mariscal Luzuriaga,731,733.0131,20.0,0.027359781121751026,0.0272846432318477
1995,PER.2.14_1,Ocros,1943,1949.2401,91.0,0.04683479155944416,0.046684859700607005
1995,PER.2.15_1,Pallasca,2067,2063.679,0.0,0.0,0.0
1995,PER.2.16_1,Pomabamba,923,923.2323,101.0,0.1094257854821235,0.10939825645192192
1995,PER.2.17_1,Recuay,2322,2318.0851,203.0,0.08742463393626185,0.087572282653722
1995,PER.2.18_1,Santa,3997,3987.845,8827.0,2.2084063047285465,2.2134761965258654
1995,PER.2.19_1,Sihuas,1459,1456.9158,83.0,0.0568882796435915,0.05696966266983126
1995,PER.2.20_1,Yungay,1370,1362.6156,607.0,0.44306569343065694,0.44546679643204845
1995,PER.3.1_1,Abancay,3469,3461.1924,1601.0,0.4615162871144422,0.4625573580182501
1995,PER.3.2_1,Andahuaylas,4011,4018.7208,1014.0,0.25280478683620045,0.25231909739079683
1995,PER.3.3_1,Antabamba,3217,3220.4249,0.0,0.0,0.0
1995,PER.3.4_1,Aymaraes,4129,4128.1482,138.0,0.033422136110438365,0.033429032341709373
1995,PER.3.5_1,Chincheros,1523,1523.0751,78.0,0.05121470781352593,0.05121218303661451
1995,PER.3.6_1,Cotabambas,2622,2621.0521,0.0,0.0,0.0
1995,PER.3.7_1,Grau,2128,2129.1362,92.0,0.043233082706766915,0.043210011479407874
1995,PER.4.1_1,Arequipa,10399,10401.7538,19719.0,1.8962400230791423,1.8957380045528824
1995,PER.4.2_1,Camaná,4592,4594.9288,1456.0,0.3170731707317073,0.3168710689906826
1995,PER.4.3_1,Caravelí,13035,13027.441,796.0,0.06106635980053701,0.06110179295537005
1995,PER.4.4_1,Castilla,7621,7620.9932,882.0,0.11573284345886367,0.11573294729743379
1995,PER.4.5_1,Caylloma,12048,12035.9001,70.0,0.005810092961487384,0.005815933926908681
1995,PER.4.6_1,Condesuyos,6838,6852.1717,378.0,0.05527932143901726,0.05516499213145191
1995,PER.4.7_1,Islay,3849,3849.9051,2719.0,0.7064172512340868,0.7062511834006518
1995,PER.4.8_1,La Unión,4893,4893.6009,57.0,0.011649294911097487,0.01164786436919709
1995,PER.5.1_1,Cangallo,1872,1872.5839,91.0,0.04861111111111111,0.048595954583163896
1995,PER.5.2_1,Huamanga,2955,2958.2366,2118.0,0.716751269035533,0.7159670839798928
1995,PER.5.3_1,Huanca Sancos,2830,2831.2856,0.0,0.0,0.0
1995,PER.5.4_1,Huanta,3810,3814.0301,618.0,0.16220472440944883,0.1620333309400327
1995,PER.5.5_1,La Mar,4318,4312.4371,17.0,0.003937007874015748,0.0039420865191889315
1995,PER.5.6_1,Lucanas,14484,14477.3422,485.0,0.03348522507594587,0.033500624139595245
1995,PER.5.7_1,Parinacochas,5934,5950.4746,250.0,0.04213009774182676,0.042013455695153794
1995,PER.5.8_1,Paucar del Sara Sara,2090,2081.7527,103.0,0.049282296650717705,0.04947753793040172
1995,PER.5.9_1,Sucre,1781,1786.8708,0.0,0.0,0.0
1995,PER.5.10_1,Victor Fajardo,2276,2265.2791,27.0,0.011862917398945518,0.011919061166292148
1995,PER.5.11_1,Vilcas Huamán,1214,1205.7813,0.0,0.0,0.0
1995,PER.6.1_1,Cajabamba,1792,1788.6443,210.0,0.1171875,0.11740735714441224
1995,PER.6.2_1,Cajamarca,2977,2977.7902,3577.0,1.2015451797111185,1.2012263232622236
1995,PER.6.3_1,Celendín,2582,2580.2493,201.0,0.07784663051897754,0.07789945000613617
1995,PER.6.4_1,Chota,3840,3836.4892,1214.0,0.31614583333333335,0.3164351397391258
1995,PER.6.5_1,Contumazá,2062,2060.9532,508.0,0.2463627546071775,0.24648788941976021
1995,PER.6.6_1,Cutervo,3025,3030.0606,252.0,0.08330578512396694,0.0831666522816591
1995,PER.6.7_1,Hualgayoc,785,783.6578,218.0,0.27770700636942675,0.27818265399818165
1995,PER.6.8_1,Jaén,5027,5025.2434,1765.0,0.35110403819375374,0.3512267674149011
1995,PER.6.9_1,San Ignacio,4891,4894.3699,258.0,0.05274994888570844,0.05271362948280437
1995,PER.6.10_1,San Marcos,1343,1348.0813,112.0,0.08339538346984364,0.08308104172502025
1995,PER.6.11_1,San Miguel,2530,2527.3116,0.0,0.0,0.0
1995,PER.6.12_1,San Pablo,666,665.0983,41.0,0.06156156156156156,0.061645020292522376
1995,PER.6.13_1,Santa Cruz,1382,1383.2844,174.0,0.12590448625180897,0.1257875845124387
1995,PER.7.1_1,Callao,164,160.8378,7774.0,47.40243902439025,48.33442345738804
1995,PER.8.1_1,Acomayo,935,932.9494,109.0,0.11657754010695187,0.11683377187996469
1995,PER.8.2_1,Anta,1928,1932.7747,1047.0,0.5430497925311203,0.5417082416537419
1995,PER.8.3_1,Calca,3559,3559.4921,656.0,0.18432143860635009,0.18429595684105884
1995,PER.8.4_1,Canas,2139,2134.9741,265.0,0.12388966806919122,0.12412328596276773
1995,PER.8.5_1,Canchis,3953,3950.2571,2226.0,0.5631166202883886,0.5635076328677764
1995,PER.8.6_1,Chumbivilcas,5329,5334.9773,0.0,0.0,0.0
1995,PER.8.7_1,Cusco,530,530.1969,6693.0,12.628301886792453,12.623611362287123
1995,PER.8.8_1,Espinar,5235,5235.9122,1470.0,0.2808022922636103,0.2807533705224347
1995,PER.8.9_1,La Convención,31674,31679.4986,1374.0,0.04337942792195491,0.043371898623901006
1995,PER.8.10_1,Paruro,1966,1966.4681,38.0,0.019328585961342827,0.019323984702896122
1995,PER.8.11_1,Paucartambo,5708,5714.5208,119.0,0.020847932725998598,0.020824143474776482
1995,PER.8.12_1,Quispicanchi,7819,7811.3434,818.0,0.10461695869036962,0.10471950366395727
1995,PER.8.13_1,Urubamba,1463,1459.7168,1820.0,1.244019138755981,1.2468171584228638
1995,PER.9.1_1,Acobamba,921,927.3542,155.0,0.16829533116178066,0.1671421757479717
1995,PER.9.2_1,Angaraes,1942,1944.836,275.0,0.14160659114315138,0.1414000977156405
1995,PER.9.3_1,Castrovirreyna,3960,3958.9592,94.0,0.023737373737373738,0.023743614400465678
1995,PER.9.4_1,Churcampa,1068,1062.7849,311.0,0.29119850187265917,0.2926274122471533
1995,PER.9.5_1,Huancavelica,3999,3992.4364,1091.0,0.2728182045511378,0.27326671806178965
1995,PER.9.6_1,Huaytara,6463,6465.2905,72.0,0.01114033730465728,0.011136390533650762
1995,PER.9.7_1,Tayacaja,3735,3730.9345,1381.0,0.36974564926372155,0.3701485542814937
1995,PER.10.1_1,Ambo,1571,1576.1231,325.0,0.2068746021642266,0.2062021725379569
1995,PER.10.2_1,Dos de Mayo,1342,1335.5805,64.0,0.04769001490312966,0.0479192386608188
1995,PER.10.3_1,Huacaybamba,1763,1765.4566,0.0,0.0,0.0
1995,PER.10.4_1,Huamalíes,3158,3166.8282,74.0,0.023432552248258392,0.023367228957898688
1995,PER.10.5_1,Huenuco,4107,4110.2577,2901.0,0.706355003652301,0.7057951586230918
1995,PER.10.6_1,Lauricocha,2076,2083.3213,193.0,0.09296724470134875,0.09264053612776287
1995,PER.10.7_1,Leoncio Prado,4962,4958.1773,1814.0,0.3655783958081419,0.3658602536788015
1995,PER.10.8_1,Marañón,4875,4878.4786,70.0,0.014358974358974359,0.014348735711565877
1995,PER.10.9_1,Pachitea,2655,2647.0304,35.0,0.013182674199623353,0.013222364076536196
1995,PER.10.10_1,Puerto Inca,9819,9814.2188,117.0,0.011915673693858845,0.011921478710119322
1995,PER.10.11_1,Yarowilca,752,746.4216,0.0,0.0,0.0
1995,PER.11.1_1,Chincha,2899,2905.713,6375.0,2.1990341497067956,2.1939537667096505
1995,PER.11.2_1,Ica,7867,7864.1979,10170.0,1.292741832973179,1.2932024579456132
1995,PER.11.3_1,Nazca,5224,5209.8162,2302.0,0.4406584992343032,0.4418582016487479
1995,PER.11.4_1,Palpa,1209,1219.3592,489.0,0.4044665012406948,0.4010303136954886
1995,PER.11.5_1,Pisco,3979,3968.9444,6522.0,1.6391053028399096,1.6432581001692836
1995,PER.12.1_1,Chanchamayo,4671,4674.6736,2219.0,0.47505887390280455,0.47468555078848484
1995,PER.12.2_1,Chupaca,1170,1163.9265,1933.0,1.652136752136752,1.6607577983361106
1995,PER.12.3_1,Concepción,2242,2248.8693,1754.0,0.7823371989295272,0.7799475118064138
1995,PER.12.4_1,Huancayo,3738,3734.3439,7049.0,1.8857677902621723,1.8876140575716405
1995,PER.12.5_1,Jauja,4385,4383.5123,4353.0,0.9927023945267959,0.9930393119927007
1995,PER.12.6_1,Junín,2633,2625.8821,945.0,0.3589061906570452,0.3598790608596513
1995,PER.12.7_1,Satipo,19490,19497.3878,506.0,0.025962031811185223,0.025952194532461104
1995,PER.12.8_1,Tarma,2663,2663.9461,3430.0,1.2880210289147578,1.2875635672581291
1995,PER.12.9_1,Yauli,3632,3637.3003,4613.0,1.2700991189427313,1.2682483325460814
1995,PER.13.1_1,Ascope,2653,2656.16,4636.0,1.7474557105163966,1.7453767787249121
1995,PER.13.2_1,Bolívar,1744,1745.5625,0.0,0.0,0.0
1995,PER.13.3_1,Chepén,1153,1150.5574,2151.0,1.8655680832610582,1.8695286805001328
1995,PER.13.4_1,Gran Chimú,1305,1306.9247,75.0,0.05747126436781609,0.05738662705939653
1995,PER.13.5_1,Julcan,1107,1110.773,0.0,0.0,0.0
1995,PER.13.6_1,Otuzco,2088,2088.1443,346.0,0.1657088122605364,0.16569736006588737
1995,PER.13.7_1,Pacasmayo,1119,1119.8766,3447.0,3.0804289544235925,3.078017821748926
1995,PER.13.8_1,Pataz,3991,3989.5251,506.0,0.12678526685041344,0.12683213701187615
1995,PER.13.9_1,Sánchez Carrión,2501,2494.8258,381.0,0.1523390643742503,0.15271607436497492
1995,PER.13.10_1,Santiago de Chuco,2668,2671.5263,239.0,0.08958020989505247,0.08946196636109625
1995,PER.13.11_1,Trujillo,1767,1766.3122,13375.0,7.569326542161856,7.572274187588066
1995,PER.13.12_1,Viru,3207,3207.8223,2471.0,0.7705020268163393,0.7703045172630891
1995,PER.14.1_1,Chiclayo,3211,3211.4229,12070.0,3.758953597010277,3.758458604834105
1995,PER.14.2_1,Ferreñafe,1705,1705.7385,1584.0,0.9290322580645162,0.9286300324238581
1995,PER.14.3_1,Lambayeque,9365,9366.3112,4810.0,0.5136145221569675,0.513542618637323
1995,PER.16.1_1,Barranca,1389,1382.5918,3502.0,2.521238300935925,2.5329239504447054
1995,PER.16.2_1,Cajatambo,1525,1527.1172,50.0,0.03278688524590164,0.03274142953891498
1995,PER.16.3_1,Cañete,4605,4605.4107,8244.0,1.790228013029316,1.7900683475416093
1995,PER.16.4_1,Canta,1690,1693.223,310.0,0.1834319526627219,0.18308279187962473
1995,PER.16.5_1,Huaral,3664,3664.9371,4634.0,1.2647379912663756,1.2644146174692847
1995,PER.16.6_1,Huarochiri,5742,5738.1299,4795.0,0.8350748867990248,0.8356380989759727
1995,PER.16.7_1,Huaura,4947,4942.2427,4402.0,0.8898322215484131,0.8906887535885067
1995,PER.16.8_1,Oyon,1871,1870.9257,288.0,0.153928380545163,0.15393449029649045
1995,PER.16.9_1,Yauyos,6916,6912.2907,326.0,0.04713707345286293,0.04716236846106166
1995,PER.15.1_1,Lima,2698,2705.3448,63422.0,23.507042253521128,23.443222390008266
1995,PER.17.1_1,Alto Amazonas,66273,66273.3598,2711.0,0.040906553196626075,0.04090633111237221
1995,PER.17.2_1,Loreto,68509,68480.0481,15336.0,0.22385380023062662,0.22394844067848646
1995,PER.17.3_1,Mariscal Ramón Castilla,38974,38967.2339,400.0,0.010263252424693385,0.010265034484930343
1995,PER.17.4_1,Maynas,132141,132166.5145,4131.0,0.03126206098031648,0.0312560258865525
1995,PER.17.5_1,Requena,39626,39634.3226,165.0,0.004163932771412708,0.004163058411954248
1995,PER.17.6_1,Ucayali,29932,29924.9451,209.0,0.006982493652278498,0.006984139804817288
1995,PER.18.1_1,Manu,28191,28189.1616,721.0,0.02557553829236281,0.025577206248811782
1995,PER.18.2_1,Tahuamanu,20252,20245.0595,114.0,0.005629073671736125,0.005631003462828884
1995,PER.18.3_1,Tambopata,35907,35901.8019,1147.0,0.03194363216086,0.031948257213449946
1995,PER.19.1_1,General Sánchez Cerro,5722,5725.7242,35.0,0.00611674239776302,0.006112763862188516
1995,PER.19.2_1,Ilo,1366,1372.4439,2600.0,1.9033674963396778,1.8944307427477498
1995,PER.19.3_1,Mariscal Nieto,8656,8657.94,3986.0,0.46048983364140483,0.4603866492374067
1995,PER.20.1_1,Daniel Alcides Carrión,1529,1523.3131,54.0,0.03531720078482668,0.0354490492904051
1995,PER.20.2_1,Oxapampa,17693,17695.4834,614.0,0.034702989883004576,0.0346981196829546
1995,PER.20.3_1,Pasco,4753,4751.908,3694.0,0.7771933515674311,0.7773719512965899
1995,PER.21.1_1,Ayabaca,5206,5197.2449,348.0,0.06684594698424895,0.06695855396679862
1995,PER.21.2_1,Huancabamba,4280,4276.7233,501.0,0.11705607476635514,0.11714576018114393
1995,PER.21.3_1,Morropón,3810,3811.6782,1411.0,0.3703412073490814,0.37017815196192616
1995,PER.21.4_1,Paita,1747,1750.2889,2808.0,1.6073268460217516,1.6043065928362426
1995,PER.21.5_1,Piura,6150,6149.5744,9551.0,1.5530081300813008,1.5531156112960347
1995,PER.21.6_1,Sechura,6472,6478.1826,1247.0,0.1926761433868974,0.19249225917884505
1995,PER.21.7_1,Sullana,5263,5254.043,4313.0,0.8194945848375451,0.8208916408783496
1995,PER.21.8_1,Talara,2932,2939.2512,8619.0,2.939631650750341,2.9323795245328346
1995,PER.22.1_1,Azángaro,5245,5231.2106,1254.0,0.23908484270734032,0.2397150661928995
1995,PER.22.2_1,Carabaya,11680,11690.4688,29.0,0.0024828767123287673,0.002480653305874962
1995,PER.22.3_1,Chucuíto,3940,3941.2265,473.0,0.12005076142131979,0.12001340111003325
1995,PER.22.4_1,El Collao,5653,5651.7589,277.0,0.04900053069166814,0.049011291091201455
1995,PER.22.5_1,Huancane,2818,2828.4046,277.0,0.09829666430092264,0.09793506965277943
1995,PER.22.6_1,Lago Titicaca,5287,5283.4928,701.0,0.132589370153206,0.13267738404977622
1995,PER.22.7_1,Lampa,5711,5717.1909,868.0,0.15198739275083173,0.15182281171178774
1995,PER.22.8_1,Melgar,6535,6541.587,823.0,0.12593726090283092,0.1258104484983279
1995,PER.22.9_1,Moho,1039,1031.7237,53.0,0.05101058710298364,0.051370342133366866
1995,PER.22.10_1,Puno,6525,6518.8824,2554.0,0.3914176245210728,0.3917849478641309
1995,PER.22.11_1,San Antonio de Putina,3149,3140.0951,247.0,0.07843759923785329,0.07866003693572415
1995,PER.22.12_1,San Román,2280,2280.1851,3784.0,1.6596491228070176,1.6595144006048317
1995,PER.22.13_1,Sandia,12540,12540.8815,32.0,0.002551834130781499,0.002551654770152557
1995,PER.22.14_1,Yunguyo,297,302.7066,373.0,1.2558922558922558,1.2322161627555153
1995,PER.23.1_1,Bellavista,7793,7790.7683,390.0,0.050044912100603106,0.05005924793230921
1995,PER.23.2_1,El Dorado,1319,1318.8251,104.0,0.07884761182714177,0.07885807031211427
1995,PER.23.3_1,Huallaga,2365,2359.6027,280.0,0.11839323467230443,0.11866404308952154
1995,PER.23.4_1,Lamas,5011,5010.8022,677.0,0.13510277389742567,0.13510810818434968
1995,PER.23.5_1,Mariscal Cáceres,14425,14434.6489,633.0,0.04388214904679376,0.04385281577344199
1995,PER.23.6_1,Moyobamba,3795,3794.5532,1645.0,0.43346508563899866,0.4335161220645945
1995,PER.23.7_1,Picota,2126,2134.7792,176.0,0.08278457196613359,0.0824441215854134
1995,PER.23.8_1,Rioja,2593,2598.5485,829.0,0.3197069032009256,0.31902425993887823
1995,PER.23.9_1,San Martín,4817,4823.345,1982.0,0.4114594145733859,0.41091815223493944
1995,PER.23.10_1,Tocache,6111,6102.5482,1094.0,0.17902143675339552,0.17926937567074946
1995,PER.24.1_1,Candarave,2305,2304.2136,492.0,0.21344902386117137,0.21352187533762781
1995,PER.24.2_1,Jorge Basadre,2750,2746.7382,2329.0,0.846909090909091,0.8479148028877525
1995,PER.24.3_1,Tacna,8159,8162.2685,6499.0,0.7965436940801569,0.79622472989468
1995,PER.24.4_1,Tarata,2788,2785.0639,333.0,0.11944045911047346,0.11956637561500233
1995,PER.25.1_1,Contralmirante Villar,2134,2127.3485,451.0,0.211340206185567,0.21200099401618508
1995,PER.25.2_1,Tumbes,1785,1786.2221,3569.0,1.9994397759103641,1.9980718283957677
1995,PER.25.3_1,Zarumilla,721,728.412,1859.0,2.578363384188627,2.552126963342699
1995,PER.26.1_1,Atalaya,38581,38583.1679,65.0,0.0016847671133459474,0.001684672449768006
1995,PER.26.2_1,Coronel Portillo,39067,39060.4079,6193.0,0.15852253820359893,0.15854929139292595
1995,PER.26.3_1,Padre Abad,9291,9288.8146,381.0,0.04100742654181466,0.041017074372686264
1995,PER.26.4_1,Purús,18173,18145.6829,0.0,0.0,0.0
1996,PER.1.1_1,Bagua,5897,5891.871,633.0,0.10734271663557741,0.10743616110319609
1996,PER.1.2_1,Bongará,2824,2829.7375,42.0,0.014872521246458924,0.014842366297511915
1996,PER.1.3_1,Chachapoyas,2999,2997.3637,799.0,0.2664221407135712,0.26656758060579727
1996,PER.1.4_1,Condorcanqui,17948,17952.2232,15.0,0.0008357477156229106,0.0008355511071542564
1996,PER.1.5_1,Luya,3367,3359.4489,258.0,0.07662607662607662,0.07679830971498207
1996,PER.1.6_1,Rodríguez de Mendoza,2682,2681.7449,122.0,0.04548844146159582,0.04549276886657507
1996,PER.1.7_1,Utcubamba,3871,3870.408,1505.0,0.3887884267631103,0.38884788945285825
1996,PER.2.1_1,Aija,696,697.1118,52.0,0.07471264367816093,0.07459348634145384
1996,PER.2.2_1,Antonio Raymondi,559,561.5141,52.0,0.09302325581395349,0.09260675418002133
1996,PER.2.3_1,Asunción,524,524.8509,9.0,0.01717557251908397,0.017147726979654065
1996,PER.2.4_1,Bolognesi,3069,3067.2607,348.0,0.11339198435972629,0.11345628270093337
1996,PER.2.5_1,Carhuaz,817,816.2705,592.0,0.7246022031823746,0.7252497714137255
1996,PER.2.6_1,Carlos Fermin Fitzcarrald,628,627.065,0.0,0.0,0.0
1996,PER.2.7_1,Casma,2274,2279.5761,1625.0,0.7145998240985049,0.7128518312400919
1996,PER.2.8_1,Corongo,1016,1015.6517,105.0,0.10334645669291338,0.10338190238626663
1996,PER.2.9_1,Huaraz,2499,2501.0478,1983.0,0.7935174069627852,0.792867692368778
1996,PER.2.10_1,Huari,2799,2790.2845,256.0,0.09146123615576991,0.09174691626181734
1996,PER.2.11_1,Huarmey,3927,3933.9868,760.0,0.19353195823784058,0.1931882438794024
1996,PER.2.12_1,Huaylas,2277,2284.0483,836.0,0.3671497584541063,0.3660167830193314
1996,PER.2.13_1,Mariscal Luzuriaga,731,733.0131,29.0,0.03967168262653899,0.039562732686179165
1996,PER.2.14_1,Ocros,1943,1949.2401,87.0,0.04477611940298507,0.04463277795552538
1996,PER.2.15_1,Pallasca,2067,2063.679,86.0,0.04160619254958878,0.04167314839526941
1996,PER.2.16_1,Pomabamba,923,923.2323,110.0,0.11917659804983749,0.11914661593773673
1996,PER.2.17_1,Recuay,2322,2318.0851,209.0,0.09000861326442722,0.09016062598338866
1996,PER.2.18_1,Santa,3997,3987.845,10131.0,2.534650988241181,2.5404698478535788
1996,PER.2.19_1,Sihuas,1459,1456.9158,88.0,0.06031528444139822,0.06040157005958013
1996,PER.2.20_1,Yungay,1370,1362.6156,752.0,0.5489051094890511,0.5518797873425049
1996,PER.3.1_1,Abancay,3469,3461.1924,1673.0,0.4822715479965408,0.4833594378291895
1996,PER.3.2_1,Andahuaylas,4011,4018.7208,2488.0,0.6202941909748192,0.6191024795939868
1996,PER.3.3_1,Antabamba,3217,3220.4249,0.0,0.0,0.0
1996,PER.3.4_1,Aymaraes,4129,4128.1482,332.0,0.08040687817873578,0.0804234691119385
1996,PER.3.5_1,Chincheros,1523,1523.0751,156.0,0.10242941562705186,0.10242436607322902
1996,PER.3.6_1,Cotabambas,2622,2621.0521,0.0,0.0,0.0
1996,PER.3.7_1,Grau,2128,2129.1362,109.0,0.051221804511278196,0.051194470122341934
1996,PER.4.1_1,Arequipa,10399,10401.7538,24183.0,2.325512068468122,2.3248964026625263
1996,PER.4.2_1,Camaná,4592,4594.9288,1921.0,0.4183362369337979,0.4180695903372949
1996,PER.4.3_1,Caravelí,13035,13027.441,1004.0,0.07702339854238588,0.07706809061204965
1996,PER.4.4_1,Castilla,7621,7620.9932,1098.0,0.14407558063246292,0.14407570990088697
1996,PER.4.5_1,Caylloma,12048,12035.9001,116.0,0.009628154050464808,0.009637833364591527
1996,PER.4.6_1,Condesuyos,6838,6852.1717,513.0,0.07502193623866628,0.07486677503554187
1996,PER.4.7_1,Islay,3849,3849.9051,3021.0,0.7848791893998441,0.7846946763712281
1996,PER.4.8_1,La Unión,4893,4893.6009,62.0,0.01267116288575516,0.012669606857723151
1996,PER.5.1_1,Cangallo,1872,1872.5839,125.0,0.06677350427350427,0.06675268486698338
1996,PER.5.2_1,Huamanga,2955,2958.2366,2106.0,0.7126903553299493,0.7119106132491285
1996,PER.5.3_1,Huanca Sancos,2830,2831.2856,0.0,0.0,0.0
1996,PER.5.4_1,Huanta,3810,3814.0301,638.0,0.16745406824146983,0.16727712805783312
1996,PER.5.5_1,La Mar,4318,4312.4371,20.0,0.004631773969430292,0.004637748846104625
1996,PER.5.6_1,Lucanas,14484,14477.3422,560.0,0.03866335266500966,0.03868113302716152
1996,PER.5.7_1,Parinacochas,5934,5950.4746,267.0,0.04499494438827098,0.044870370682424256
1996,PER.5.8_1,Paucar del Sara Sara,2090,2081.7527,87.0,0.041626794258373206,0.041791706795582036
1996,PER.5.9_1,Sucre,1781,1786.8708,0.0,0.0,0.0
1996,PER.5.10_1,Victor Fajardo,2276,2265.2791,91.0,0.03998242530755712,0.04017165059750316
1996,PER.5.11_1,Vilcas Huamán,1214,1205.7813,0.0,0.0,0.0
1996,PER.6.1_1,Cajabamba,1792,1788.6443,223.0,0.12444196428571429,0.12467543163430442
1996,PER.6.2_1,Cajamarca,2977,2977.7902,3870.0,1.299966409136715,1.2996214344492047
1996,PER.6.3_1,Celendín,2582,2580.2493,281.0,0.10883036405886909,0.10890420622748391
1996,PER.6.4_1,Chota,3840,3836.4892,1246.0,0.32447916666666665,0.3247760989414751
1996,PER.6.5_1,Contumazá,2062,2060.9532,905.0,0.43889427740058196,0.43911720457654135
1996,PER.6.6_1,Cutervo,3025,3030.0606,287.0,0.09487603305785124,0.09471757620966732
1996,PER.6.7_1,Hualgayoc,785,783.6578,240.0,0.3057324840764331,0.30625613284203484
1996,PER.6.8_1,Jaén,5027,5025.2434,1911.0,0.3801472050925005,0.3802800864191932
1996,PER.6.9_1,San Ignacio,4891,4894.3699,421.0,0.08607646698016766,0.08601720159790946
1996,PER.6.10_1,San Marcos,1343,1348.0813,128.0,0.0953090096798213,0.09494976197145172
1996,PER.6.11_1,San Miguel,2530,2527.3116,86.0,0.03399209486166008,0.03402825367100221
1996,PER.6.12_1,San Pablo,666,665.0983,292.0,0.43843843843843844,0.43903282744918376
1996,PER.6.13_1,Santa Cruz,1382,1383.2844,212.0,0.15340086830680175,0.15325843630251154
1996,PER.7.1_1,Callao,164,160.8378,8045.0,49.05487804878049,50.019351262501516
1996,PER.8.1_1,Acomayo,935,932.9494,149.0,0.15935828877005348,0.15970855055151134
1996,PER.8.2_1,Anta,1928,1932.7747,1096.0,0.5684647302904564,0.5670603943194852
1996,PER.8.3_1,Calca,3559,3559.4921,829.0,0.23293059848271985,0.23289839667871612
1996,PER.8.4_1,Canas,2139,2134.9741,258.0,0.12061711079943899,0.12084455765431726
1996,PER.8.5_1,Canchis,3953,3950.2571,2331.0,0.5896787250189729,0.5900881815879545
1996,PER.8.6_1,Chumbivilcas,5329,5334.9773,0.0,0.0,0.0
1996,PER.8.7_1,Cusco,530,530.1969,6907.0,13.032075471698112,13.027234973751257
1996,PER.8.8_1,Espinar,5235,5235.9122,1779.0,0.33982808022922634,0.3397688749383751
1996,PER.8.9_1,La Convención,31674,31679.4986,1723.0,0.054397928900675636,0.054388487138996675
1996,PER.8.10_1,Paruro,1966,1966.4681,87.0,0.04425228891149542,0.04424175445136744
1996,PER.8.11_1,Paucartambo,5708,5714.5208,150.0,0.026278906797477224,0.026248920346356907
1996,PER.8.12_1,Quispicanchi,7819,7811.3434,965.0,0.1234173167924287,0.12353828977471733
1996,PER.8.13_1,Urubamba,1463,1459.7168,1929.0,1.3185235816814764,1.3214891750536837
1996,PER.9.1_1,Acobamba,921,927.3542,146.0,0.15852334419109662,0.15743714618841204
1996,PER.9.2_1,Angaraes,1942,1944.836,321.0,0.16529351184346036,0.1650524776971658
1996,PER.9.3_1,Castrovirreyna,3960,3958.9592,47.0,0.011868686868686869,0.011871807200232839
1996,PER.9.4_1,Churcampa,1068,1062.7849,319.0,0.29868913857677903,0.30015480548823764
1996,PER.9.5_1,Huancavelica,3999,3992.4364,1373.0,0.3433358339584896,0.3439002785507215
1996,PER.9.6_1,Huaytara,6463,6465.2905,84.0,0.012997060188766826,0.012992455622592556
1996,PER.9.7_1,Tayacaja,3735,3730.9345,1557.0,0.41686746987951806,0.41732172267652834
1996,PER.10.1_1,Ambo,1571,1576.1231,387.0,0.24633991088478677,0.24553920237596713
1996,PER.10.2_1,Dos de Mayo,1342,1335.5805,113.0,0.08420268256333831,0.0846074057605082
1996,PER.10.3_1,Huacaybamba,1763,1765.4566,8.0,0.0045377197958026095,0.004531405564782993
1996,PER.10.4_1,Huamalíes,3158,3166.8282,0.0,0.0,0.0
1996,PER.10.5_1,Huenuco,4107,4110.2577,3024.0,0.7363038714390066,0.7357202894437193
1996,PER.10.6_1,Lauricocha,2076,2083.3213,183.0,0.08815028901734104,0.08784050834912231
1996,PER.10.7_1,Leoncio Prado,4962,4958.1773,1871.0,0.37706569931479245,0.3773564137999105
1996,PER.10.8_1,Marañón,4875,4878.4786,94.0,0.019282051282051283,0.019268302241245608
1996,PER.10.9_1,Pachitea,2655,2647.0304,112.0,0.04218455743879473,0.04231156504491583
1996,PER.10.10_1,Puerto Inca,9819,9814.2188,103.0,0.010489866585191975,0.010494976984122138
1996,PER.10.11_1,Yarowilca,752,746.4216,30.0,0.0398936170212766,0.04019176040314231
1996,PER.11.1_1,Chincha,2899,2905.713,6505.0,2.2438771990341495,2.238693216070004
1996,PER.11.2_1,Ica,7867,7864.1979,10375.0,1.3188000508453033,1.3192699607852247
1996,PER.11.3_1,Nazca,5224,5209.8162,2355.0,0.4508039816232772,0.4520313053357087
1996,PER.11.4_1,Palpa,1209,1219.3592,523.0,0.4325889164598842,0.42891381198924444
1996,PER.11.5_1,Pisco,3979,3968.9444,6645.0,1.6700175923598894,1.6742487083141506
1996,PER.12.1_1,Chanchamayo,4671,4674.6736,2400.0,0.5138086062941555,0.5134048318577574
1996,PER.12.2_1,Chupaca,1170,1163.9265,2035.0,1.7393162393162394,1.7483921984552433
1996,PER.12.3_1,Concepción,2242,2248.8693,1865.0,0.8318465655664585,0.8293056496687353
1996,PER.12.4_1,Huancayo,3738,3734.3439,7557.0,2.021669341894061,2.0236486640755977
1996,PER.12.5_1,Jauja,4385,4383.5123,4344.0,0.9906499429874572,0.9909861638631499
1996,PER.12.6_1,Junín,2633,2625.8821,940.0,0.3570072161033042,0.3579749388445209
1996,PER.12.7_1,Satipo,19490,19497.3878,622.0,0.0319138019497178,0.03190170948456681
1996,PER.12.8_1,Tarma,2663,2663.9461,3838.0,1.4412316935786706,1.44071981665793
1996,PER.12.9_1,Yauli,3632,3637.3003,4894.0,1.347466960352423,1.345503433661505
1996,PER.13.1_1,Ascope,2653,2656.16,5370.0,2.0241236336223145,2.0217155525782524
1996,PER.13.2_1,Bolívar,1744,1745.5625,0.0,0.0,0.0
1996,PER.13.3_1,Chepén,1153,1150.5574,2683.0,2.3269731136166523,2.331913272794912
1996,PER.13.4_1,Gran Chimú,1305,1306.9247,271.0,0.20766283524904214,0.20735701244128615
1996,PER.13.5_1,Julcan,1107,1110.773,81.0,0.07317073170731707,0.07292218919974601
1996,PER.13.6_1,Otuzco,2088,2088.1443,439.0,0.21024904214559387,0.21023451175989757
1996,PER.13.7_1,Pacasmayo,1119,1119.8766,4076.0,3.642537980339589,3.6396868701620604
1996,PER.13.8_1,Pataz,3991,3989.5251,693.0,0.173640691556001,0.17370488329887387
1996,PER.13.9_1,Sánchez Carrión,2501,2494.8258,402.0,0.16073570571771292,0.16113349578666644
1996,PER.13.10_1,Santiago de Chuco,2668,2671.5263,395.0,0.14805097451274363,0.14785555109888293
1996,PER.13.11_1,Trujillo,1767,1766.3122,13820.0,7.821165817770232,7.824211534390061
1996,PER.13.12_1,Viru,3207,3207.8223,2863.0,0.8927346429685064,0.8925058004549673
1996,PER.14.1_1,Chiclayo,3211,3211.4229,12333.0,3.840859545312987,3.8403537674746495
1996,PER.14.2_1,Ferreñafe,1705,1705.7385,1626.0,0.9536656891495601,0.9532527984350968
1996,PER.14.3_1,Lambayeque,9365,9366.3112,5268.0,0.5625200213561132,0.562441271305908
1996,PER.16.1_1,Barranca,1389,1382.5918,3731.0,2.686105111591073,2.6985548998027404
1996,PER.16.2_1,Cajatambo,1525,1527.1172,112.0,0.07344262295081967,0.07334080216716954
1996,PER.16.3_1,Cañete,4605,4605.4107,8448.0,1.834527687296417,1.8343640708432212
1996,PER.16.4_1,Canta,1690,1693.223,611.0,0.36153846153846153,0.36085027689822813
1996,PER.16.5_1,Huaral,3664,3664.9371,4873.0,1.329967248908297,1.3296271970064362
1996,PER.16.6_1,Huarochiri,5742,5738.1299,4994.0,0.8697318007662835,0.8703183871295116
1996,PER.16.7_1,Huaura,4947,4942.2427,4783.0,0.9668485951081464,0.9677792613388978
1996,PER.16.8_1,Oyon,1871,1870.9257,552.0,0.29502939604489575,0.2950411064016067
1996,PER.16.9_1,Yauyos,6916,6912.2907,348.0,0.0503181029496819,0.050345104982973794
1996,PER.15.1_1,Lima,2698,2705.3448,66522.0,24.656041512231283,24.58910220157248
1996,PER.17.1_1,Alto Amazonas,66273,66273.3598,3491.0,0.05267605208757714,0.05267576610597248
1996,PER.17.2_1,Loreto,68509,68480.0481,16094.0,0.23491803996555197,0.23501735812986183
1996,PER.17.3_1,Mariscal Ramón Castilla,38974,38967.2339,464.0,0.011905372812644328,0.011907440002519198
1996,PER.17.4_1,Maynas,132141,132166.5145,4607.0,0.034864273768171875,0.03485754327265732
1996,PER.17.5_1,Requena,39626,39634.3226,237.0,0.005980921617120073,0.00597966571898883
1996,PER.17.6_1,Ucayali,29932,29924.9451,339.0,0.011325671522116798,0.011328341597287371
1996,PER.18.1_1,Manu,28191,28189.1616,1081.0,0.0383455712816147,0.038348072059591586
1996,PER.18.2_1,Tahuamanu,20252,20245.0595,176.0,0.008690499703732965,0.008693479030332312
1996,PER.18.3_1,Tambopata,35907,35901.8019,1226.0,0.034143760269585315,0.034148703874184505
1996,PER.19.1_1,General Sánchez Cerro,5722,5725.7242,45.0,0.007864383082838168,0.007859267822813806
1996,PER.19.2_1,Ilo,1366,1372.4439,3370.0,2.4670571010248903,2.4554736934845836
1996,PER.19.3_1,Mariscal Nieto,8656,8657.94,4368.0,0.5046210720887245,0.5045079989636208
1996,PER.20.1_1,Daniel Alcides Carrión,1529,1523.3131,17.0,0.011118378024852845,0.011159885887720123
1996,PER.20.2_1,Oxapampa,17693,17695.4834,1227.0,0.0693494602385124,0.06933972777033436
1996,PER.20.3_1,Pasco,4753,4751.908,3697.0,0.7778245318746055,0.7780032766495649
1996,PER.21.1_1,Ayabaca,5206,5197.2449,321.0,0.06165962351133308,0.06176349374523665
1996,PER.21.2_1,Huancabamba,4280,4276.7233,510.0,0.1191588785046729,0.11925017503469741
1996,PER.21.3_1,Morropón,3810,3811.6782,1764.0,0.462992125984252,0.4627882778602677
1996,PER.21.4_1,Paita,1747,1750.2889,2943.0,1.6846021751574127,1.6814367174918312
1996,PER.21.5_1,Piura,6150,6149.5744,10734.0,1.7453658536585366,1.745486647644397
1996,PER.21.6_1,Sechura,6472,6478.1826,1402.0,0.21662546353522869,0.21641872282978408
1996,PER.21.7_1,Sullana,5263,5254.043,4645.0,0.8825764772943189,0.884081073934601
1996,PER.21.8_1,Talara,2932,2939.2512,8992.0,3.0668485675306956,3.0592825948020943
1996,PER.22.1_1,Azángaro,5245,5231.2106,1778.0,0.33898951382268827,0.3398830842830744
1996,PER.22.2_1,Carabaya,11680,11690.4688,139.0,0.011900684931506849,0.011890027914366197
1996,PER.22.3_1,Chucuíto,3940,3941.2265,535.0,0.13578680203045684,0.13574454459591498
1996,PER.22.4_1,El Collao,5653,5651.7589,458.0,0.08101892800283035,0.08103671956595764
1996,PER.22.5_1,Huancane,2818,2828.4046,272.0,0.0965223562810504,0.09616728861211553
1996,PER.22.6_1,Lago Titicaca,5287,5283.4928,875.0,0.16550028371477207,0.1656101441420174
1996,PER.22.7_1,Lampa,5711,5717.1909,822.0,0.14393276133776922,0.1437769023353566
1996,PER.22.8_1,Melgar,6535,6541.587,1416.0,0.21667941851568479,0.21646123338229928
1996,PER.22.9_1,Moho,1039,1031.7237,50.0,0.04812319538017324,0.04846258691827063
1996,PER.22.10_1,Puno,6525,6518.8824,3161.0,0.48444444444444446,0.48489906820615414
1996,PER.22.11_1,San Antonio de Putina,3149,3140.0951,462.0,0.1467132422991426,0.14712929985548406
1996,PER.22.12_1,San Román,2280,2280.1851,4200.0,1.8421052631578947,1.841955730058217
1996,PER.22.13_1,Sandia,12540,12540.8815,36.0,0.0028708133971291866,0.0028706116164216268
1996,PER.22.14_1,Yunguyo,297,302.7066,431.0,1.4511784511784511,1.4238208207711183
1996,PER.23.1_1,Bellavista,7793,7790.7683,378.0,0.04850506865135378,0.04851896338054585
1996,PER.23.2_1,El Dorado,1319,1318.8251,92.0,0.06974981046247157,0.069759062199178
1996,PER.23.3_1,Huallaga,2365,2359.6027,304.0,0.12854122621564482,0.1288352467829091
1996,PER.23.4_1,Lamas,5011,5010.8022,738.0,0.14727599281580522,0.1472818077401035
1996,PER.23.5_1,Mariscal Cáceres,14425,14434.6489,580.0,0.04020797227036395,0.04018109502147923
1996,PER.23.6_1,Moyobamba,3795,3794.5532,1762.0,0.4642951251646904,0.46434979153666595
1996,PER.23.7_1,Picota,2126,2134.7792,210.0,0.09877704609595485,0.09837082689168643
1996,PER.23.8_1,Rioja,2593,2598.5485,950.0,0.366370998843039,0.36558871766216444
1996,PER.23.9_1,San Martín,4817,4823.345,2350.0,0.4878555117292921,0.4872137526499029
1996,PER.23.10_1,Tocache,6111,6102.5482,1020.0,0.16691212567501226,0.1671432935869876
1996,PER.24.1_1,Candarave,2305,2304.2136,477.0,0.206941431670282,0.20701206206513917
1996,PER.24.2_1,Jorge Basadre,2750,2746.7382,2584.0,0.9396363636363636,0.9407521900652436
1996,PER.24.3_1,Tacna,8159,8162.2685,7295.0,0.894104669689913,0.893746638649283
1996,PER.24.4_1,Tarata,2788,2785.0639,312.0,0.11190817790530846,0.11202615372937155
1996,PER.25.1_1,Contralmirante Villar,2134,2127.3485,556.0,0.260543580131209,0.26135820991795766
1996,PER.25.2_1,Tumbes,1785,1786.2221,4164.0,2.3327731092436976,2.331177106595679
1996,PER.25.3_1,Zarumilla,721,728.412,2480.0,3.439667128987517,3.404666416939157
1996,PER.26.1_1,Atalaya,38581,38583.1679,84.0,0.002177237500323994,0.0021771151658540383
1996,PER.26.2_1,Coronel Portillo,39067,39060.4079,6555.0,0.16778867074513015,0.16781698774109954
1996,PER.26.3_1,Padre Abad,9291,9288.8146,490.0,0.05273920998816058,0.05275161795962276
1996,PER.26.4_1,Purús,18173,18145.6829,0.0,0.0,0.0
1997,PER.1.1_1,Bagua,5897,5891.871,824.0,0.13973206715278955,0.13985370734444483
1997,PER.1.2_1,Bongará,2824,2829.7375,23.0,0.008144475920679886,0.008127962496256524
1997,PER.1.3_1,Chachapoyas,2999,2997.3637,809.0,0.2697565855285095,0.2699038456947309
1997,PER.1.4_1,Condorcanqui,17948,17952.2232,0.0,0.0,0.0
1997,PER.1.5_1,Luya,3367,3359.4489,240.0,0.07128007128007129,0.07144028810696007
1997,PER.1.6_1,Rodríguez de Mendoza,2682,2681.7449,88.0,0.03281133482475764,0.03281445623162792
1997,PER.1.7_1,Utcubamba,3871,3870.408,1362.0,0.3518470679411005,0.3519008806875701
1997,PER.2.1_1,Aija,696,697.1118,59.0,0.08477011494252873,0.0846349171951111
1997,PER.2.2_1,Antonio Raymondi,559,561.5141,82.0,0.14669051878354203,0.14603372774541826
1997,PER.2.3_1,Asunción,524,524.8509,17.0,0.03244274809160305,0.03239015096156879
1997,PER.2.4_1,Bolognesi,3069,3067.2607,369.0,0.12023460410557185,0.12030278251909314
1997,PER.2.5_1,Carhuaz,817,816.2705,615.0,0.7527539779681762,0.7534267051004074
1997,PER.2.6_1,Carlos Fermin Fitzcarrald,628,627.065,0.0,0.0,0.0
1997,PER.2.7_1,Casma,2274,2279.5761,1681.0,0.7392260334212841,0.7374178020397504
1997,PER.2.8_1,Corongo,1016,1015.6517,133.0,0.1309055118110236,0.13095040968927107
1997,PER.2.9_1,Huaraz,2499,2501.0478,2087.0,0.8351340536214485,0.8344502642327987
1997,PER.2.10_1,Huari,2799,2790.2845,296.0,0.10575205430510896,0.10608237192772631
1997,PER.2.11_1,Huarmey,3927,3933.9868,770.0,0.19607843137254902,0.19573019445676296
1997,PER.2.12_1,Huaylas,2277,2284.0483,875.0,0.38427755819060166,0.38309172863865426
1997,PER.2.13_1,Mariscal Luzuriaga,731,733.0131,29.0,0.03967168262653899,0.039562732686179165
1997,PER.2.14_1,Ocros,1943,1949.2401,87.0,0.04477611940298507,0.04463277795552538
1997,PER.2.15_1,Pallasca,2067,2063.679,147.0,0.07111756168359942,0.0712320094663326
1997,PER.2.16_1,Pomabamba,923,923.2323,116.0,0.1256771397616468,0.1256455222616133
1997,PER.2.17_1,Recuay,2322,2318.0851,215.0,0.09259259259259259,0.09274896931305532
1997,PER.2.18_1,Santa,3997,3987.845,10891.0,2.724793595196397,2.731048969793044
1997,PER.2.19_1,Sihuas,1459,1456.9158,116.0,0.07950651130911583,0.0796202514421738
1997,PER.2.20_1,Yungay,1370,1362.6156,773.0,0.5642335766423358,0.5672913239571227
1997,PER.3.1_1,Abancay,3469,3461.1924,1801.0,0.519169789564716,0.5203409130486374
1997,PER.3.2_1,Andahuaylas,4011,4018.7208,2541.0,0.6335078534031413,0.6322907558875885
1997,PER.3.3_1,Antabamba,3217,3220.4249,37.0,0.011501398818775257,0.011489167092037476
1997,PER.3.4_1,Aymaraes,4129,4128.1482,325.0,0.07871155243400339,0.07872779355837352
1997,PER.3.5_1,Chincheros,1523,1523.0751,275.0,0.18056467498358503,0.18055577352652552
1997,PER.3.6_1,Cotabambas,2622,2621.0521,3.0,0.0011441647597254005,0.0011445785278986651
1997,PER.3.7_1,Grau,2128,2129.1362,143.0,0.06719924812030076,0.06716338740821007
1997,PER.4.1_1,Arequipa,10399,10401.7538,25388.0,2.441388595057217,2.4407422516146142
1997,PER.4.2_1,Camaná,4592,4594.9288,2010.0,0.4377177700348432,0.4374387696918078
1997,PER.4.3_1,Caravelí,13035,13027.441,905.0,0.06942846183352512,0.06946874701584158
1997,PER.4.4_1,Castilla,7621,7620.9932,1099.0,0.14420679700826664,0.14420692639442145
1997,PER.4.5_1,Caylloma,12048,12035.9001,123.0,0.010209163346613545,0.010219426757282395
1997,PER.4.6_1,Condesuyos,6838,6852.1717,503.0,0.07355952032758116,0.07340738370931299
1997,PER.4.7_1,Islay,3849,3849.9051,3163.0,0.8217718888022864,0.8215787028673269
1997,PER.4.8_1,La Unión,4893,4893.6009,202.0,0.04128346617617004,0.04127839653645284
1997,PER.5.1_1,Cangallo,1872,1872.5839,96.0,0.05128205128205128,0.05126606197784323
1997,PER.5.2_1,Huamanga,2955,2958.2366,2119.0,0.7170896785109984,0.7163051232074565
1997,PER.5.3_1,Huanca Sancos,2830,2831.2856,0.0,0.0,0.0
1997,PER.5.4_1,Huanta,3810,3814.0301,691.0,0.18136482939632545,0.1811731904200042
1997,PER.5.5_1,La Mar,4318,4312.4371,18.0,0.0041685965724872626,0.004173973961494163
1997,PER.5.6_1,Lucanas,14484,14477.3422,465.0,0.03210439105219553,0.032119155102910905
1997,PER.5.7_1,Parinacochas,5934,5950.4746,270.0,0.0455005055611729,0.045374532150766096
1997,PER.5.8_1,Paucar del Sara Sara,2090,2081.7527,76.0,0.03636363636363636,0.03650769789039351
1997,PER.5.9_1,Sucre,1781,1786.8708,0.0,0.0,0.0
1997,PER.5.10_1,Victor Fajardo,2276,2265.2791,84.0,0.03690685413005272,0.03708152362846446
1997,PER.5.11_1,Vilcas Huamán,1214,1205.7813,0.0,0.0,0.0
1997,PER.6.1_1,Cajabamba,1792,1788.6443,219.0,0.12220982142857142,0.1224391010220299
1997,PER.6.2_1,Cajamarca,2977,2977.7902,4339.0,1.4575075579442391,1.4571207762467957
1997,PER.6.3_1,Celendín,2582,2580.2493,316.0,0.12238574748257165,0.12246878707432354
1997,PER.6.4_1,Chota,3840,3836.4892,1146.0,0.2984375,0.2987106014341336
1997,PER.6.5_1,Contumazá,2062,2060.9532,903.0,0.4379243452958293,0.43814677981504624
1997,PER.6.6_1,Cutervo,3025,3030.0606,275.0,0.09090909090909091,0.09075725943435022
1997,PER.6.7_1,Hualgayoc,785,783.6578,246.0,0.31337579617834393,0.31391253616308573
1997,PER.6.8_1,Jaén,5027,5025.2434,1908.0,0.3795504276904715,0.37968310041225567
1997,PER.6.9_1,San Ignacio,4891,4894.3699,431.0,0.08812103864240442,0.08806036553135149
1997,PER.6.10_1,San Marcos,1343,1348.0813,129.0,0.0960536113179449,0.09569155698685368
1997,PER.6.11_1,San Miguel,2530,2527.3116,284.0,0.11225296442687747,0.11237237258796079
1997,PER.6.12_1,San Pablo,666,665.0983,274.0,0.4114114114114114,0.4119691600036861
1997,PER.6.13_1,Santa Cruz,1382,1383.2844,190.0,0.13748191027496381,0.1373542589503641
1997,PER.7.1_1,Callao,164,160.8378,8325.0,50.76219512195122,51.76023607959293
1997,PER.8.1_1,Acomayo,935,932.9494,169.0,0.18074866310160428,0.1811459398872847
1997,PER.8.2_1,Anta,1928,1932.7747,1109.0,0.575207468879668,0.5737864756389682
1997,PER.8.3_1,Calca,3559,3559.4921,901.0,0.2531610002809778,0.2531260016978567
1997,PER.8.4_1,Canas,2139,2134.9741,257.0,0.12014960261804582,0.1203761678959672
1997,PER.8.5_1,Canchis,3953,3950.2571,2246.0,0.5681760688084999,0.5685705945287627
1997,PER.8.6_1,Chumbivilcas,5329,5334.9773,0.0,0.0,0.0
1997,PER.8.7_1,Cusco,530,530.1969,7001.0,13.209433962264152,13.204527588132699
1997,PER.8.8_1,Espinar,5235,5235.9122,1789.0,0.341738299904489,0.34167876181267737
1997,PER.8.9_1,La Convención,31674,31679.4986,1859.0,0.05869167140241207,0.05868148438270158
1997,PER.8.10_1,Paruro,1966,1966.4681,83.0,0.0422177009155646,0.04220765079843101
1997,PER.8.11_1,Paucartambo,5708,5714.5208,144.0,0.025227750525578137,0.025198963532502634
1997,PER.8.12_1,Quispicanchi,7819,7811.3434,1033.0,0.13211408108453768,0.13224357858785804
1997,PER.8.13_1,Urubamba,1463,1459.7168,1802.0,1.2317156527682844,1.2344859997131872
1997,PER.9.1_1,Acobamba,921,927.3542,137.0,0.1487513572204126,0.1477321166288524
1997,PER.9.2_1,Angaraes,1942,1944.836,324.0,0.16683831101956745,0.16659502421770006
1997,PER.9.3_1,Castrovirreyna,3960,3958.9592,49.0,0.012373737373737374,0.01237699048534913
1997,PER.9.4_1,Churcampa,1068,1062.7849,323.0,0.30243445692883897,0.3039185021087798
1997,PER.9.5_1,Huancavelica,3999,3992.4364,1458.0,0.36459114778694673,0.3651905361449031
1997,PER.9.6_1,Huaytara,6463,6465.2905,111.0,0.017174686678013307,0.017168602072711592
1997,PER.9.7_1,Tayacaja,3735,3730.9345,1571.0,0.420615796519411,0.42107413379886066
1997,PER.10.1_1,Ambo,1571,1576.1231,410.0,0.2609802673456397,0.2601319715094225
1997,PER.10.2_1,Dos de Mayo,1342,1335.5805,90.0,0.06706408345752608,0.06738642936677644
1997,PER.10.3_1,Huacaybamba,1763,1765.4566,0.0,0.0,0.0
1997,PER.10.4_1,Huamalíes,3158,3166.8282,20.0,0.006333122229259025,0.006315467285918565
1997,PER.10.5_1,Huenuco,4107,4110.2577,3091.0,0.752617482347212,0.7520209704598334
1997,PER.10.6_1,Lauricocha,2076,2083.3213,190.0,0.09152215799614644,0.0912005277941707
1997,PER.10.7_1,Leoncio Prado,4962,4958.1773,1914.0,0.3857315598548972,0.38602895564565937
1997,PER.10.8_1,Marañón,4875,4878.4786,95.0,0.019487179487179488,0.019473284179982262
1997,PER.10.9_1,Pachitea,2655,2647.0304,140.0,0.05273069679849341,0.052889456306144784
1997,PER.10.10_1,Puerto Inca,9819,9814.2188,111.0,0.011304613504430187,0.0113101208275491
1997,PER.10.11_1,Yarowilca,752,746.4216,30.0,0.0398936170212766,0.04019176040314231
1997,PER.11.1_1,Chincha,2899,2905.713,6608.0,2.2794066919627456,2.274140625947823
1997,PER.11.2_1,Ica,7867,7864.1979,10663.0,1.3554086691241896,1.3558916233111182
1997,PER.11.3_1,Nazca,5224,5209.8162,2560.0,0.4900459418070444,0.4913801026154625
1997,PER.11.4_1,Palpa,1209,1219.3592,529.0,0.43755169561621177,0.4338344293352014
1997,PER.11.5_1,Pisco,3979,3968.9444,6749.0,1.696154812767027,1.7004521493472087
1997,PER.12.1_1,Chanchamayo,4671,4674.6736,2617.0,0.5602654677799187,0.5598251854048963
1997,PER.12.2_1,Chupaca,1170,1163.9265,2038.0,1.741880341880342,1.7509696808116884
1997,PER.12.3_1,Concepción,2242,2248.8693,1860.0,0.8296164139161463,0.8270823101253875
1997,PER.12.4_1,Huancayo,3738,3734.3439,7698.0,2.059390048154093,2.0614063009201997
1997,PER.12.5_1,Jauja,4385,4383.5123,4246.0,0.9683010262257696,0.968629662008042
1997,PER.12.6_1,Junín,2633,2625.8821,951.0,0.3611849601215344,0.36216400727780784
1997,PER.12.7_1,Satipo,19490,19497.3878,833.0,0.042739866598255516,0.04272367202675909
1997,PER.12.8_1,Tarma,2663,2663.9461,4047.0,1.51971460758543,1.5191748561789065
1997,PER.12.9_1,Yauli,3632,3637.3003,4925.0,1.3560022026431717,1.3540262384108934
1997,PER.13.1_1,Ascope,2653,2656.16,5292.0,1.9947229551451187,1.992349851814546
1997,PER.13.2_1,Bolívar,1744,1745.5625,0.0,0.0,0.0
1997,PER.13.3_1,Chepén,1153,1150.5574,2895.0,2.510841283607979,2.516171794536441
1997,PER.13.4_1,Gran Chimú,1305,1306.9247,250.0,0.19157088122605365,0.19128875686465513
1997,PER.13.5_1,Julcan,1107,1110.773,54.0,0.04878048780487805,0.04861479279983067
1997,PER.13.6_1,Otuzco,2088,2088.1443,472.0,0.2260536398467433,0.22603801719970762
1997,PER.13.7_1,Pacasmayo,1119,1119.8766,4202.0,3.7551385165326185,3.75219927095706
1997,PER.13.8_1,Pataz,3991,3989.5251,721.0,0.18065647707341517,0.1807232624220607
1997,PER.13.9_1,Sánchez Carrión,2501,2494.8258,421.0,0.1683326669332267,0.16874925802533972
1997,PER.13.10_1,Santiago de Chuco,2668,2671.5263,460.0,0.1724137931034483,0.17218621140629406
1997,PER.13.11_1,Trujillo,1767,1766.3122,14028.0,7.938879456706282,7.941971013344702
1997,PER.13.12_1,Viru,3207,3207.8223,2634.0,0.8213283442469598,0.821117805937263
1997,PER.14.1_1,Chiclayo,3211,3211.4229,12221.0,3.805979445655559,3.8054782609509195
1997,PER.14.2_1,Ferreñafe,1705,1705.7385,1688.0,0.9900293255131964,0.9896006911183538
1997,PER.14.3_1,Lambayeque,9365,9366.3112,5301.0,0.5660437800320341,0.5659645366728585
1997,PER.16.1_1,Barranca,1389,1382.5918,3866.0,2.783297336213103,2.7961975992059487
1997,PER.16.2_1,Cajatambo,1525,1527.1172,99.0,0.06491803278688525,0.06482803048705164
1997,PER.16.3_1,Cañete,4605,4605.4107,8576.0,1.8623235613463627,1.8621574658559972
1997,PER.16.4_1,Canta,1690,1693.223,767.0,0.45384615384615384,0.4529822624892651
1997,PER.16.5_1,Huaral,3664,3664.9371,5671.0,1.5477620087336244,1.5473662701053763
1997,PER.16.6_1,Huarochiri,5742,5738.1299,5051.0,0.8796586555207245,0.8802519370026357
1997,PER.16.7_1,Huaura,4947,4942.2427,5191.0,1.04932282191227,1.0503328759377417
1997,PER.16.8_1,Oyon,1871,1870.9257,653.0,0.34901122394441475,0.34902507695697316
1997,PER.16.9_1,Yauyos,6916,6912.2907,331.0,0.04786003470213997,0.04788571767058715
1997,PER.15.1_1,Lima,2698,2705.3448,67533.0,25.03076352853966,24.96280687560197
1997,PER.17.1_1,Alto Amazonas,66273,66273.3598,3564.0,0.053777556470961024,0.05377726450921968
1997,PER.17.2_1,Loreto,68509,68480.0481,15906.0,0.232173874965333,0.2322720329572252
1997,PER.17.3_1,Mariscal Ramón Castilla,38974,38967.2339,480.0,0.012315902909632062,0.012318041381916412
1997,PER.17.4_1,Maynas,132141,132166.5145,4768.0,0.036082669269946493,0.0360757035650163
1997,PER.17.5_1,Requena,39626,39634.3226,237.0,0.005980921617120073,0.00597966571898883
1997,PER.17.6_1,Ucayali,29932,29924.9451,346.0,0.011559534945877322,0.011562260155343453
1997,PER.18.1_1,Manu,28191,28189.1616,1085.0,0.03848746053705083,0.038489970568600256
1997,PER.18.2_1,Tahuamanu,20252,20245.0595,160.0,0.007900454276120877,0.007903162754847556
1997,PER.18.3_1,Tambopata,35907,35901.8019,1243.0,0.03461720555880469,0.03462221771257042
1997,PER.19.1_1,General Sánchez Cerro,5722,5725.7242,51.0,0.008912967493883258,0.00890717019918898
1997,PER.19.2_1,Ilo,1366,1372.4439,3405.0,2.492679355783309,2.480975645790803
1997,PER.19.3_1,Mariscal Nieto,8656,8657.94,4456.0,0.5147874306839186,0.514672079528822
1997,PER.20.1_1,Daniel Alcides Carrión,1529,1523.3131,22.0,0.014388489208633094,0.014442205266461335
1997,PER.20.2_1,Oxapampa,17693,17695.4834,1252.0,0.07076244842593116,0.07075251765970547
1997,PER.20.3_1,Pasco,4753,4751.908,3703.0,0.7790868924889544,0.7792659273555149
1997,PER.21.1_1,Ayabaca,5206,5197.2449,300.0,0.05762581636573185,0.05772289135068846
1997,PER.21.2_1,Huancabamba,4280,4276.7233,472.0,0.1102803738317757,0.11036486787524938
1997,PER.21.3_1,Morropón,3810,3811.6782,1716.0,0.4503937007874016,0.4501953995511448
1997,PER.21.4_1,Paita,1747,1750.2889,2903.0,1.6617057813394391,1.6585833472235085
1997,PER.21.5_1,Piura,6150,6149.5744,10788.0,1.7541463414634146,1.7542677431328262
1997,PER.21.6_1,Sechura,6472,6478.1826,1358.0,0.20982694684796044,0.20962669443854978
1997,PER.21.7_1,Sullana,5263,5254.043,4666.0,0.88656659699791,0.8880779959050266
1997,PER.21.8_1,Talara,2932,2939.2512,8721.0,2.9744201909959074,2.9670822407994955
1997,PER.22.1_1,Azángaro,5245,5231.2106,2114.0,0.40305052430886557,0.4041129584783011
1997,PER.22.2_1,Carabaya,11680,11690.4688,227.0,0.019434931506849315,0.019417527601159185
1997,PER.22.3_1,Chucuíto,3940,3941.2265,508.0,0.12893401015228426,0.12889388533593424
1997,PER.22.4_1,El Collao,5653,5651.7589,673.0,0.11905183088625508,0.11907797438403818
1997,PER.22.5_1,Huancane,2818,2828.4046,244.0,0.08658623136976579,0.08626771478439775
1997,PER.22.6_1,Lago Titicaca,5287,5283.4928,915.0,0.17306601097030452,0.17318089358850963
1997,PER.22.7_1,Lampa,5711,5717.1909,754.0,0.1320259149010681,0.13188294934411054
1997,PER.22.8_1,Melgar,6535,6541.587,1416.0,0.21667941851568479,0.21646123338229928
1997,PER.22.9_1,Moho,1039,1031.7237,52.0,0.05004812319538017,0.05040109039500145
1997,PER.22.10_1,Puno,6525,6518.8824,3512.0,0.5382375478927203,0.5387426534451165
1997,PER.22.11_1,San Antonio de Putina,3149,3140.0951,440.0,0.13972689742775485,0.14012314271950863
1997,PER.22.12_1,San Román,2280,2280.1851,4342.0,1.9043859649122807,1.9042313761697092
1997,PER.22.13_1,Sandia,12540,12540.8815,20.0,0.001594896331738437,0.0015947842313453482
1997,PER.22.14_1,Yunguyo,297,302.7066,529.0,1.7811447811447811,1.7475666222457575
1997,PER.23.1_1,Bellavista,7793,7790.7683,434.0,0.05569100474785064,0.05570695795544153
1997,PER.23.2_1,El Dorado,1319,1318.8251,101.0,0.07657316148597422,0.07658331828388021
1997,PER.23.3_1,Huallaga,2365,2359.6027,319.0,0.13488372093023257,0.13519224909127633
1997,PER.23.4_1,Lamas,5011,5010.8022,748.0,0.14927160247455598,0.1492774961918664
1997,PER.23.5_1,Mariscal Cáceres,14425,14434.6489,580.0,0.04020797227036395,0.04018109502147923
1997,PER.23.6_1,Moyobamba,3795,3794.5532,1736.0,0.4574440052700922,0.45749786498731676
1997,PER.23.7_1,Picota,2126,2134.7792,251.0,0.1180620884289746,0.11757655976101569
1997,PER.23.8_1,Rioja,2593,2598.5485,1065.0,0.4107211723871963,0.40984419401074224
1997,PER.23.9_1,San Martín,4817,4823.345,2716.0,0.5638364127050031,0.5630947030626112
1997,PER.23.10_1,Tocache,6111,6102.5482,982.0,0.1606938307969236,0.1609163865710018
1997,PER.24.1_1,Candarave,2305,2304.2136,512.0,0.22212581344902385,0.22220162636761268
1997,PER.24.2_1,Jorge Basadre,2750,2746.7382,2693.0,0.9792727272727273,0.9804356222313084
1997,PER.24.3_1,Tacna,8159,8162.2685,7346.0,0.9003554357151612,0.8999949016473794
1997,PER.24.4_1,Tarata,2788,2785.0639,314.0,0.11262553802008608,0.11274427009943164
1997,PER.25.1_1,Contralmirante Villar,2134,2127.3485,615.0,0.2881911902530459,0.28909226456752507
1997,PER.25.2_1,Tumbes,1785,1786.2221,4177.0,2.3400560224089637,2.338455037043744
1997,PER.25.3_1,Zarumilla,721,728.412,2391.0,3.3162274618585297,3.2824828237506147
1997,PER.26.1_1,Atalaya,38581,38583.1679,82.0,0.0021253985122210413,0.0021252790904765615
1997,PER.26.2_1,Coronel Portillo,39067,39060.4079,6678.0,0.1709371080451532,0.17096595638978837
1997,PER.26.3_1,Padre Abad,9291,9288.8146,609.0,0.06554730384242816,0.06556272517838828
1997,PER.26.4_1,Purús,18173,18145.6829,11.0,0.0006052935673801794,0.000606204796495586
1998,PER.1.1_1,Bagua,5897,5891.871,992.0,0.16822112938782433,0.16836757000690444
1998,PER.1.2_1,Bongará,2824,2829.7375,99.0,0.035056657223796035,0.03498557770127809
1998,PER.1.3_1,Chachapoyas,2999,2997.3637,827.0,0.27575858619539845,0.27590912285481145
1998,PER.1.4_1,Condorcanqui,17948,17952.2232,0.0,0.0,0.0
1998,PER.1.5_1,Luya,3367,3359.4489,265.0,0.0787050787050787,0.0788819847847684
1998,PER.1.6_1,Rodríguez de Mendoza,2682,2681.7449,85.0,0.03169276659209545,0.031695781587367876
1998,PER.1.7_1,Utcubamba,3871,3870.408,1349.0,0.34848876259364503,0.3485420617089075
1998,PER.2.1_1,Aija,696,697.1118,78.0,0.11206896551724138,0.11189022951218076
1998,PER.2.2_1,Antonio Raymondi,559,561.5141,40.0,0.07155635062611806,0.07123596475386257
1998,PER.2.3_1,Asunción,524,524.8509,38.0,0.07251908396946564,0.07240151391409494
1998,PER.2.4_1,Bolognesi,3069,3067.2607,441.0,0.1436950146627566,0.1437764961813552
1998,PER.2.5_1,Carhuaz,817,816.2705,695.0,0.8506731946144431,0.8514334309671271
1998,PER.2.6_1,Carlos Fermin Fitzcarrald,628,627.065,0.0,0.0,0.0
1998,PER.2.7_1,Casma,2274,2279.5761,1717.0,0.7550571679859279,0.7532102118395309
1998,PER.2.8_1,Corongo,1016,1015.6517,176.0,0.1732283464566929,0.17328776019031358
1998,PER.2.9_1,Huaraz,2499,2501.0478,2925.0,1.1704681872749099,1.1695098336755803
1998,PER.2.10_1,Huari,2799,2790.2845,360.0,0.12861736334405144,0.12901910099318065
1998,PER.2.11_1,Huarmey,3927,3933.9868,780.0,0.19862490450725745,0.19827214503412352
1998,PER.2.12_1,Huaylas,2277,2284.0483,919.0,0.40360122968818624,0.402355769850198
1998,PER.2.13_1,Mariscal Luzuriaga,731,733.0131,22.0,0.030095759233926128,0.030013107555032472
1998,PER.2.14_1,Ocros,1943,1949.2401,90.0,0.04632012352032939,0.0461718392643366
1998,PER.2.15_1,Pallasca,2067,2063.679,660.0,0.3193033381712627,0.3198171853590443
1998,PER.2.16_1,Pomabamba,923,923.2323,123.0,0.13326110509209102,0.13322757963946927
1998,PER.2.17_1,Recuay,2322,2318.0851,249.0,0.10723514211886305,0.1074162481811664
1998,PER.2.18_1,Santa,3997,3987.845,11480.0,2.87215411558669,2.878747789296129
1998,PER.2.19_1,Sihuas,1459,1456.9158,108.0,0.07402330363262509,0.07412919961857561
1998,PER.2.20_1,Yungay,1370,1362.6156,792.0,0.5781021897810219,0.5812350951798722
1998,PER.3.1_1,Abancay,3469,3461.1924,1932.0,0.5569328336696454,0.558189141593541
1998,PER.3.2_1,Andahuaylas,4011,4018.7208,2540.0,0.6332585390177013,0.6320419204858225
1998,PER.3.3_1,Antabamba,3217,3220.4249,48.0,0.014920733602735468,0.014904865416697267
1998,PER.3.4_1,Aymaraes,4129,4128.1482,526.0,0.12739162024703318,0.12741790588216761
1998,PER.3.5_1,Chincheros,1523,1523.0751,261.0,0.17137229152987524,0.1713638432379024
1998,PER.3.6_1,Cotabambas,2622,2621.0521,39.0,0.014874141876430207,0.014879520862682646
1998,PER.3.7_1,Grau,2128,2129.1362,148.0,0.06954887218045112,0.06951175759730832
1998,PER.4.1_1,Arequipa,10399,10401.7538,25577.0,2.459563419559573,2.4589122644378048
1998,PER.4.2_1,Camaná,4592,4594.9288,2173.0,0.4732142857142857,0.47291265997029763
1998,PER.4.3_1,Caravelí,13035,13027.441,1055.0,0.08093594169543536,0.08098290397979321
1998,PER.4.4_1,Castilla,7621,7620.9932,1296.0,0.1700564230415956,0.17005657562071905
1998,PER.4.5_1,Caylloma,12048,12035.9001,175.0,0.014525232403718459,0.014539834817271701
1998,PER.4.6_1,Condesuyos,6838,6852.1717,527.0,0.07706931851418543,0.07690992289226231
1998,PER.4.7_1,Islay,3849,3849.9051,3553.0,0.923096908287867,0.9228799023988657
1998,PER.4.8_1,La Unión,4893,4893.6009,320.0,0.06539955037809116,0.06539151926566787
1998,PER.5.1_1,Cangallo,1872,1872.5839,88.0,0.04700854700854701,0.0469938901463563
1998,PER.5.2_1,Huamanga,2955,2958.2366,2372.0,0.8027072758037225,0.8018290477810698
1998,PER.5.3_1,Huanca Sancos,2830,2831.2856,0.0,0.0,0.0
1998,PER.5.4_1,Huanta,3810,3814.0301,757.0,0.19868766404199475,0.19847772090874555
1998,PER.5.5_1,La Mar,4318,4312.4371,117.0,0.027095877721167207,0.02713083074971206
1998,PER.5.6_1,Lucanas,14484,14477.3422,764.0,0.05274785970726319,0.05277211720134179
1998,PER.5.7_1,Parinacochas,5934,5950.4746,279.0,0.04701718907987867,0.04688701655579163
1998,PER.5.8_1,Paucar del Sara Sara,2090,2081.7527,71.0,0.03397129186602871,0.034105875660762355
1998,PER.5.9_1,Sucre,1781,1786.8708,7.0,0.0039303761931499155,0.003917462930699816
1998,PER.5.10_1,Victor Fajardo,2276,2265.2791,66.0,0.02899824253075571,0.02913548285093636
1998,PER.5.11_1,Vilcas Huamán,1214,1205.7813,0.0,0.0,0.0
1998,PER.6.1_1,Cajabamba,1792,1788.6443,318.0,0.17745535714285715,0.17778828367582425
1998,PER.6.2_1,Cajamarca,2977,2977.7902,4854.0,1.6305005038629492,1.6300678146812506
1998,PER.6.3_1,Celendín,2582,2580.2493,360.0,0.139426800929512,0.1395214029960648
1998,PER.6.4_1,Chota,3840,3836.4892,1126.0,0.29322916666666665,0.2934975019326653
1998,PER.6.5_1,Contumazá,2062,2060.9532,902.0,0.43743937924345294,0.4376615674342987
1998,PER.6.6_1,Cutervo,3025,3030.0606,264.0,0.08727272727272728,0.08712696905697621
1998,PER.6.7_1,Hualgayoc,785,783.6578,251.0,0.3197452229299363,0.3202928722639614
1998,PER.6.8_1,Jaén,5027,5025.2434,1966.0,0.3910881241296996,0.3912248298797142
1998,PER.6.9_1,San Ignacio,4891,4894.3699,389.0,0.07953383766101002,0.07947907701089496
1998,PER.6.10_1,San Marcos,1343,1348.0813,144.0,0.10722263588979895,0.10681848221788318
1998,PER.6.11_1,San Miguel,2530,2527.3116,442.0,0.17470355731225296,0.17488939677422066
1998,PER.6.12_1,San Pablo,666,665.0983,269.0,0.4039039039039039,0.404451474602159
1998,PER.6.13_1,Santa Cruz,1382,1383.2844,186.0,0.1345875542691751,0.13446259034088276
1998,PER.7.1_1,Callao,164,160.8378,8329.0,50.78658536585366,51.78510586269424
1998,PER.8.1_1,Acomayo,935,932.9494,145.0,0.15508021390374332,0.15542107268435668
1998,PER.8.2_1,Anta,1928,1932.7747,1086.0,0.5632780082987552,0.5618864856121907
1998,PER.8.3_1,Calca,3559,3559.4921,1015.0,0.2851924697948862,0.2851530429781627
1998,PER.8.4_1,Canas,2139,2134.9741,288.0,0.13464235624123422,0.13489625040481928
1998,PER.8.5_1,Canchis,3953,3950.2571,2191.0,0.5542625853781937,0.5546474499610503
1998,PER.8.6_1,Chumbivilcas,5329,5334.9773,358.0,0.06717958341152186,0.06710431525515996
1998,PER.8.7_1,Cusco,530,530.1969,7199.0,13.583018867924528,13.577973733319139
1998,PER.8.8_1,Espinar,5235,5235.9122,1816.0,0.3468958930276982,0.34683545637329355
1998,PER.8.9_1,La Convención,31674,31679.4986,1940.0,0.06124897392182863,0.06123834303520229
1998,PER.8.10_1,Paruro,1966,1966.4681,88.0,0.044760935910478125,0.04475028036460155
1998,PER.8.11_1,Paucartambo,5708,5714.5208,135.0,0.023651016117729504,0.023624028311721217
1998,PER.8.12_1,Quispicanchi,7819,7811.3434,1023.0,0.13083514515922753,0.1309633890565138
1998,PER.8.13_1,Urubamba,1463,1459.7168,1704.0,1.16473000683527,1.1673496911827252
1998,PER.9.1_1,Acobamba,921,927.3542,120.0,0.13029315960912052,0.12940039412746196
1998,PER.9.2_1,Angaraes,1942,1944.836,340.0,0.17507723995880536,0.17482193899388276
1998,PER.9.3_1,Castrovirreyna,3960,3958.9592,45.0,0.011363636363636364,0.011366623915116548
1998,PER.9.4_1,Churcampa,1068,1062.7849,416.0,0.3895131086142322,0.3914244485363851
1998,PER.9.5_1,Huancavelica,3999,3992.4364,1425.0,0.3563390847711928,0.35692490672598554
1998,PER.9.6_1,Huaytara,6463,6465.2905,130.0,0.020114497911186757,0.02010737179686943
1998,PER.9.7_1,Tayacaja,3735,3730.9345,1325.0,0.35475234270414996,0.35513890979216445
1998,PER.10.1_1,Ambo,1571,1576.1231,387.0,0.24633991088478677,0.24553920237596713
1998,PER.10.2_1,Dos de Mayo,1342,1335.5805,92.0,0.06855439642324888,0.06888390557492702
1998,PER.10.3_1,Huacaybamba,1763,1765.4566,0.0,0.0,0.0
1998,PER.10.4_1,Huamalíes,3158,3166.8282,50.0,0.015832805573147563,0.015788668214796412
1998,PER.10.5_1,Huenuco,4107,4110.2577,3219.0,0.7837837837837838,0.7831625700130067
1998,PER.10.6_1,Lauricocha,2076,2083.3213,209.0,0.10067437379576108,0.10032058057358777
1998,PER.10.7_1,Leoncio Prado,4962,4958.1773,1944.0,0.39177750906892383,0.3920795662357167
1998,PER.10.8_1,Marañón,4875,4878.4786,72.0,0.014769230769230769,0.014758699589039189
1998,PER.10.9_1,Pachitea,2655,2647.0304,337.0,0.12693032015065914,0.12731247696550566
1998,PER.10.10_1,Puerto Inca,9819,9814.2188,116.0,0.011813830328954068,0.011819585729690952
1998,PER.10.11_1,Yarowilca,752,746.4216,35.0,0.04654255319148936,0.04689038713699936
1998,PER.11.1_1,Chincha,2899,2905.713,6885.0,2.3749568816833393,2.369470068046423
1998,PER.11.2_1,Ica,7867,7864.1979,11052.0,1.404855726452269,1.405356299431162
1998,PER.11.3_1,Nazca,5224,5209.8162,3070.0,0.5876722817764165,0.5892722324333867
1998,PER.11.4_1,Palpa,1209,1219.3592,606.0,0.5012406947890818,0.49698235194164847
1998,PER.11.5_1,Pisco,3979,3968.9444,7115.0,1.7881377230459914,1.7926681052904712
1998,PER.12.1_1,Chanchamayo,4671,4674.6736,2893.0,0.6193534575037465,0.6188667410685385
1998,PER.12.2_1,Chupaca,1170,1163.9265,2027.0,1.7324786324786325,1.7415189121713897
1998,PER.12.3_1,Concepción,2242,2248.8693,1872.0,0.8349687778768956,0.8324183250294223
1998,PER.12.4_1,Huancayo,3738,3734.3439,7924.0,2.1198501872659175,2.1219256337349526
1998,PER.12.5_1,Jauja,4385,4383.5123,4043.0,0.9220068415051311,0.9223197653081756
1998,PER.12.6_1,Junín,2633,2625.8821,995.0,0.377895936194455,0.37892028101095565
1998,PER.12.7_1,Satipo,19490,19497.3878,889.0,0.045613134940995385,0.04559585165881012
1998,PER.12.8_1,Tarma,2663,2663.9461,4202.0,1.5779196395043185,1.577359215632262
1998,PER.12.9_1,Yauli,3632,3637.3003,5624.0,1.5484581497797356,1.5462017390503278
1998,PER.13.1_1,Ascope,2653,2656.16,5354.0,2.0180927252167358,2.015691819088261
1998,PER.13.2_1,Bolívar,1744,1745.5625,2.0,0.0011467889908256881,0.001145762482492508
1998,PER.13.3_1,Chepén,1153,1150.5574,3006.0,2.6071118820468344,2.6126467752596
1998,PER.13.4_1,Gran Chimú,1305,1306.9247,250.0,0.19157088122605365,0.19128875686465513
1998,PER.13.5_1,Julcan,1107,1110.773,37.0,0.03342366757000903,0.033310135807291384
1998,PER.13.6_1,Otuzco,2088,2088.1443,563.0,0.2696360153256705,0.2696173806852445
1998,PER.13.7_1,Pacasmayo,1119,1119.8766,4457.0,3.9830205540661305,3.9799029392326553
1998,PER.13.8_1,Pataz,3991,3989.5251,926.0,0.23202204961162615,0.2321078238596785
1998,PER.13.9_1,Sánchez Carrión,2501,2494.8258,498.0,0.1991203518592563,0.199613136571542
1998,PER.13.10_1,Santiago de Chuco,2668,2671.5263,618.0,0.23163418290854573,0.23132843184584723
1998,PER.13.11_1,Trujillo,1767,1766.3122,14239.0,8.058290888511602,8.061428946322726
1998,PER.13.12_1,Viru,3207,3207.8223,2571.0,0.8016838166510758,0.8014783139957111
1998,PER.14.1_1,Chiclayo,3211,3211.4229,12211.0,3.8028651510432887,3.802364376439872
1998,PER.14.2_1,Ferreñafe,1705,1705.7385,1695.0,0.9941348973607038,0.9937044854535603
1998,PER.14.3_1,Lambayeque,9365,9366.3112,5337.0,0.5698878804057661,0.5698080988913499
1998,PER.16.1_1,Barranca,1389,1382.5918,4093.0,2.9467242620590355,2.960381990054306
1998,PER.16.2_1,Cajatambo,1525,1527.1172,83.0,0.05442622950819672,0.05435077303459886
1998,PER.16.3_1,Cañete,4605,4605.4107,9241.0,2.0067318132464713,2.0065528383833104
1998,PER.16.4_1,Canta,1690,1693.223,1172.0,0.693491124260355,0.6921710712352265
1998,PER.16.5_1,Huaral,3664,3664.9371,6201.0,1.6924126637554586,1.6919799402086826
1998,PER.16.6_1,Huarochiri,5742,5738.1299,6179.0,1.076105886450714,1.0768316608076196
1998,PER.16.7_1,Huaura,4947,4942.2427,5482.0,1.1081463513240348,1.109213027526623
1998,PER.16.8_1,Oyon,1871,1870.9257,763.0,0.40780331373597006,0.4078195003341049
1998,PER.16.9_1,Yauyos,6916,6912.2907,342.0,0.04945054945054945,0.049477085931543215
1998,PER.15.1_1,Lima,2698,2705.3448,70345.0,26.07301704966642,26.002230756285382
1998,PER.17.1_1,Alto Amazonas,66273,66273.3598,4465.0,0.06737283660012373,0.06737247082875025
1998,PER.17.2_1,Loreto,68509,68480.0481,14091.0,0.2056810054153469,0.20576796280650447
1998,PER.17.3_1,Mariscal Ramón Castilla,38974,38967.2339,575.0,0.01475342536049674,0.014755987072087367
1998,PER.17.4_1,Maynas,132141,132166.5145,4931.0,0.03731620011956925,0.03730899628336731
1998,PER.17.5_1,Requena,39626,39634.3226,267.0,0.006738000302831474,0.006736585430253239
1998,PER.17.6_1,Ucayali,29932,29924.9451,327.0,0.010924762795670185,0.010927338354905518
1998,PER.18.1_1,Manu,28191,28189.1616,1031.0,0.036571955588663045,0.03657434069698328
1998,PER.18.2_1,Tahuamanu,20252,20245.0595,178.0,0.008789255382184476,0.008792268564767907
1998,PER.18.3_1,Tambopata,35907,35901.8019,1387.0,0.03862756565572172,0.03863315846125115
1998,PER.19.1_1,General Sánchez Cerro,5722,5725.7242,250.0,0.043691017126878715,0.043662599015632256
1998,PER.19.2_1,Ilo,1366,1372.4439,4105.0,3.005124450951684,2.9910146919151974
1998,PER.19.3_1,Mariscal Nieto,8656,8657.94,4925.0,0.5689695009242144,0.5688420089047236
1998,PER.20.1_1,Daniel Alcides Carrión,1529,1523.3131,59.0,0.03858731196860693,0.03873136866914631
1998,PER.20.2_1,Oxapampa,17693,17695.4834,1238.0,0.06997117504097666,0.06996135532165765
1998,PER.20.3_1,Pasco,4753,4751.908,3886.0,0.8175888912265937,0.8177767738869919
1998,PER.21.1_1,Ayabaca,5206,5197.2449,299.0,0.05743373031117941,0.057530481712852834
1998,PER.21.2_1,Huancabamba,4280,4276.7233,434.0,0.1014018691588785,0.10147956071580133
1998,PER.21.3_1,Morropón,3810,3811.6782,1590.0,0.41732283464566927,0.4171390939896971
1998,PER.21.4_1,Paita,1747,1750.2889,2733.0,1.564396107613051,1.5614565235831377
1998,PER.21.5_1,Piura,6150,6149.5744,10895.0,1.7715447154471544,1.771667321230269
1998,PER.21.6_1,Sechura,6472,6478.1826,1373.0,0.21214462299134734,0.2119421586628342
1998,PER.21.7_1,Sullana,5263,5254.043,4547.0,0.8639559186775603,0.8654287714059485
1998,PER.21.8_1,Talara,2932,2939.2512,8407.0,2.867326057298772,2.8602523103315396
1998,PER.22.1_1,Azángaro,5245,5231.2106,2184.0,0.4163965681601525,0.41749418226897334
1998,PER.22.2_1,Carabaya,11680,11690.4688,307.0,0.026284246575342465,0.026260709134607357
1998,PER.22.3_1,Chucuíto,3940,3941.2265,514.0,0.1304568527918782,0.1304162540603744
1998,PER.22.4_1,El Collao,5653,5651.7589,798.0,0.14116398372545552,0.1411949829992013
1998,PER.22.5_1,Huancane,2818,2828.4046,245.0,0.08694109297374024,0.08662127099253053
1998,PER.22.6_1,Lago Titicaca,5287,5283.4928,1134.0,0.21448836769434462,0.21463074680805455
1998,PER.22.7_1,Lampa,5711,5717.1909,707.0,0.12379618280511294,0.12366212889427873
1998,PER.22.8_1,Melgar,6535,6541.587,1430.0,0.21882172915072687,0.2186013868196949
1998,PER.22.9_1,Moho,1039,1031.7237,45.0,0.04331087584215592,0.04361632822644357
1998,PER.22.10_1,Puno,6525,6518.8824,3436.0,0.5265900383141763,0.5270842133363953
1998,PER.22.11_1,San Antonio de Putina,3149,3140.0951,330.0,0.10479517307081614,0.10509235703963146
1998,PER.22.12_1,San Román,2280,2280.1851,4543.0,1.9925438596491227,1.992382114679638
1998,PER.22.13_1,Sandia,12540,12540.8815,58.0,0.004625199362041467,0.00462487427090151
1998,PER.22.14_1,Yunguyo,297,302.7066,591.0,1.9898989898989898,1.9523853946072642
1998,PER.23.1_1,Bellavista,7793,7790.7683,501.0,0.06428846400615937,0.0643068800361203
1998,PER.23.2_1,El Dorado,1319,1318.8251,117.0,0.0887035633055345,0.08871532910112855
1998,PER.23.3_1,Huallaga,2365,2359.6027,265.0,0.11205073995771671,0.11230704078115432
1998,PER.23.4_1,Lamas,5011,5010.8022,750.0,0.14967072440630613,0.149676633882219
1998,PER.23.5_1,Mariscal Cáceres,14425,14434.6489,616.0,0.04270363951473137,0.04267509402281242
1998,PER.23.6_1,Moyobamba,3795,3794.5532,1759.0,0.4635046113306983,0.4635591846271257
1998,PER.23.7_1,Picota,2126,2134.7792,329.0,0.15475070555032927,0.15411429546364208
1998,PER.23.8_1,Rioja,2593,2598.5485,1463.0,0.56421133821828,0.5630066251997332
1998,PER.23.9_1,San Martín,4817,4823.345,2902.0,0.6024496574631514,0.6016571532723483
1998,PER.23.10_1,Tocache,6111,6102.5482,983.0,0.16085747013582066,0.1610802525451067
1998,PER.24.1_1,Candarave,2305,2304.2136,563.0,0.24425162689804772,0.2443349914940741
1998,PER.24.2_1,Jorge Basadre,2750,2746.7382,2948.0,1.072,1.0732730094087997
1998,PER.24.3_1,Tacna,8159,8162.2685,8113.0,0.9943620541733056,0.9939638765403198
1998,PER.24.4_1,Tarata,2788,2785.0639,322.0,0.11549497847919656,0.11561673557967193
1998,PER.25.1_1,Contralmirante Villar,2134,2127.3485,607.0,0.28444236176194937,0.2853317147845329
1998,PER.25.2_1,Tumbes,1785,1786.2221,4199.0,2.3523809523809525,2.350771534725085
1998,PER.25.3_1,Zarumilla,721,728.412,2390.0,3.3148404993065186,3.281109974388946
1998,PER.26.1_1,Atalaya,38581,38583.1679,117.0,0.0030325808040227056,0.0030324104095824107
1998,PER.26.2_1,Coronel Portillo,39067,39060.4079,6722.0,0.17206337829881999,0.17209241671940065
1998,PER.26.3_1,Padre Abad,9291,9288.8146,841.0,0.09051770530621031,0.0905390014368219
1998,PER.26.4_1,Purús,18173,18145.6829,19.0,0.0010455070709294008,0.0010470810121287395
1999,PER.1.1_1,Bagua,5897,5891.871,942.0,0.1597422418178735,0.1598813013573629
1999,PER.1.2_1,Bongará,2824,2829.7375,49.0,0.017351274787535412,0.0173160940137639
1999,PER.1.3_1,Chachapoyas,2999,2997.3637,1154.0,0.3847949316438813,0.38500499126294124
1999,PER.1.4_1,Condorcanqui,17948,17952.2232,4.0,0.00022286605749944285,0.0002228136285744684
1999,PER.1.5_1,Luya,3367,3359.4489,289.0,0.08583308583308584,0.08602601359546441
1999,PER.1.6_1,Rodríguez de Mendoza,2682,2681.7449,74.0,0.027591349739000747,0.027593974558414388
1999,PER.1.7_1,Utcubamba,3871,3870.408,1448.0,0.3740635494704211,0.37412076008487627
1999,PER.2.1_1,Aija,696,697.1118,90.0,0.12931034482758622,0.12910411097559318
1999,PER.2.2_1,Antonio Raymondi,559,561.5141,44.0,0.07871198568872988,0.07835956122924882
1999,PER.2.3_1,Asunción,524,524.8509,68.0,0.1297709923664122,0.12956060384627516
1999,PER.2.4_1,Bolognesi,3069,3067.2607,502.0,0.16357119582926036,0.16366394803410503
1999,PER.2.5_1,Carhuaz,817,816.2705,713.0,0.8727050183598531,0.873484944287139
1999,PER.2.6_1,Carlos Fermin Fitzcarrald,628,627.065,0.0,0.0,0.0
1999,PER.2.7_1,Casma,2274,2279.5761,1758.0,0.7730870712401056,0.7711960118892809
1999,PER.2.8_1,Corongo,1016,1015.6517,183.0,0.18011811023622049,0.1801798870160647
1999,PER.2.9_1,Huaraz,2499,2501.0478,3109.0,1.2440976390556222,1.2430789992811553
1999,PER.2.10_1,Huari,2799,2790.2845,1746.0,0.6237942122186495,0.6257426398169261
1999,PER.2.11_1,Huarmey,3927,3933.9868,810.0,0.20626432391138275,0.20589799676620518
1999,PER.2.12_1,Huaylas,2277,2284.0483,1037.0,0.4554238032498902,0.4540184258266108
1999,PER.2.13_1,Mariscal Luzuriaga,731,733.0131,25.0,0.03419972640218878,0.034105804039809624
1999,PER.2.14_1,Ocros,1943,1949.2401,90.0,0.04632012352032939,0.0461718392643366
1999,PER.2.15_1,Pallasca,2067,2063.679,862.0,0.417029511369134,0.4177006269386306
1999,PER.2.16_1,Pomabamba,923,923.2323,147.0,0.15926327193932827,0.15922320493497547
1999,PER.2.17_1,Recuay,2322,2318.0851,346.0,0.14900947459086994,0.1492611320107774
1999,PER.2.18_1,Santa,3997,3987.845,11962.0,2.992744558418814,2.9996150745261585
1999,PER.2.19_1,Sihuas,1459,1456.9158,108.0,0.07402330363262509,0.07412919961857561
1999,PER.2.20_1,Yungay,1370,1362.6156,807.0,0.589051094890511,0.5922433356188849
1999,PER.3.1_1,Abancay,3469,3461.1924,1948.0,0.5615451138656673,0.562811825995972
1999,PER.3.2_1,Andahuaylas,4011,4018.7208,2537.0,0.6325105958613813,0.6312954142805243
1999,PER.3.3_1,Antabamba,3217,3220.4249,48.0,0.014920733602735468,0.014904865416697267
1999,PER.3.4_1,Aymaraes,4129,4128.1482,333.0,0.0806490675708404,0.08066570847673349
1999,PER.3.5_1,Chincheros,1523,1523.0751,262.0,0.17202889034799737,0.1720204096870898
1999,PER.3.6_1,Cotabambas,2622,2621.0521,52.0,0.019832189168573607,0.01983936115024353
1999,PER.3.7_1,Grau,2128,2129.1362,155.0,0.07283834586466166,0.07279947586204587
1999,PER.4.1_1,Arequipa,10399,10401.7538,25262.0,2.42927204538898,2.4286289097324874
1999,PER.4.2_1,Camaná,4592,4594.9288,2319.0,0.5050087108013938,0.5046868193608469
1999,PER.4.3_1,Caravelí,13035,13027.441,1116.0,0.0856156501726122,0.08566532781180022
1999,PER.4.4_1,Castilla,7621,7620.9932,1304.0,0.1711061540480252,0.1711063075689951
1999,PER.4.5_1,Caylloma,12048,12035.9001,604.0,0.050132802124833994,0.05018320131218347
1999,PER.4.6_1,Condesuyos,6838,6852.1717,576.0,0.08423515647850248,0.08406094039078385
1999,PER.4.7_1,Islay,3849,3849.9051,3716.0,0.9654455702779943,0.9652186088697398
1999,PER.4.8_1,La Unión,4893,4893.6009,331.0,0.06764765992233804,0.06763935274042521
1999,PER.5.1_1,Cangallo,1872,1872.5839,96.0,0.05128205128205128,0.05126606197784323
1999,PER.5.2_1,Huamanga,2955,2958.2366,2419.0,0.8186125211505922,0.8177168914765631
1999,PER.5.3_1,Huanca Sancos,2830,2831.2856,0.0,0.0,0.0
1999,PER.5.4_1,Huanta,3810,3814.0301,801.0,0.21023622047244095,0.21001407456790647
1999,PER.5.5_1,La Mar,4318,4312.4371,138.0,0.03195924038906901,0.03200046703812192
1999,PER.5.6_1,Lucanas,14484,14477.3422,924.0,0.06379453189726594,0.06382386949481651
1999,PER.5.7_1,Parinacochas,5934,5950.4746,298.0,0.0502190765082575,0.050080039188623325
1999,PER.5.8_1,Paucar del Sara Sara,2090,2081.7527,72.0,0.03444976076555024,0.034586240106688586
1999,PER.5.9_1,Sucre,1781,1786.8708,9.0,0.0050533408197641775,0.005036738053756907
1999,PER.5.10_1,Victor Fajardo,2276,2265.2791,76.0,0.033391915641476276,0.03354994994956308
1999,PER.5.11_1,Vilcas Huamán,1214,1205.7813,46.0,0.03789126853377265,0.03814953821522934
1999,PER.6.1_1,Cajabamba,1792,1788.6443,358.0,0.19977678571428573,0.20015158979856942
1999,PER.6.2_1,Cajamarca,2977,2977.7902,5113.0,1.717500839771582,1.7170450631366367
1999,PER.6.3_1,Celendín,2582,2580.2493,362.0,0.1402013942680093,0.1402965219015985
1999,PER.6.4_1,Chota,3840,3836.4892,1120.0,0.2916666666666667,0.2919335720822248
1999,PER.6.5_1,Contumazá,2062,2060.9532,940.0,0.45586808923375366,0.4560996379027059
1999,PER.6.6_1,Cutervo,3025,3030.0606,273.0,0.09024793388429753,0.09009720663846403
1999,PER.6.7_1,Hualgayoc,785,783.6578,300.0,0.3821656050955414,0.38282016605254354
1999,PER.6.8_1,Jaén,5027,5025.2434,1982.0,0.3942709369405212,0.3944087552500476
1999,PER.6.9_1,San Ignacio,4891,4894.3699,396.0,0.08096503782457574,0.08090929176430439
1999,PER.6.10_1,San Marcos,1343,1348.0813,178.0,0.1325390915860015,0.13203951274155004
1999,PER.6.11_1,San Miguel,2530,2527.3116,448.0,0.17707509881422925,0.17726346098382548
1999,PER.6.12_1,San Pablo,666,665.0983,260.0,0.39039039039039036,0.39091964087941017
1999,PER.6.13_1,Santa Cruz,1382,1383.2844,191.0,0.138205499276411,0.13807717610273446
1999,PER.7.1_1,Callao,164,160.8378,8426.0,51.3780487804878,52.38819810290091
1999,PER.8.1_1,Acomayo,935,932.9494,205.0,0.2192513368983957,0.21973324069167668
1999,PER.8.2_1,Anta,1928,1932.7747,1052.0,0.5456431535269709,0.5442951960073891
1999,PER.8.3_1,Calca,3559,3559.4921,1049.0,0.294745715088508,0.2947049675705346
1999,PER.8.4_1,Canas,2139,2134.9741,279.0,0.13043478260869565,0.13068074257966866
1999,PER.8.5_1,Canchis,3953,3950.2571,2194.0,0.5550215026562104,0.5554068942101983
1999,PER.8.6_1,Chumbivilcas,5329,5334.9773,345.0,0.06474010133233252,0.06466756637717928
1999,PER.8.7_1,Cusco,530,530.1969,7424.0,14.007547169811321,14.002344352849187
1999,PER.8.8_1,Espinar,5235,5235.9122,1815.0,0.3467048710601719,0.3466444676858633
1999,PER.8.9_1,La Convención,31674,31679.4986,1927.0,0.06083854265328029,0.060827983004554026
1999,PER.8.10_1,Paruro,1966,1966.4681,102.0,0.05188199389623601,0.05186964314987907
1999,PER.8.11_1,Paucartambo,5708,5714.5208,139.0,0.024351786965662228,0.0243239995209574
1999,PER.8.12_1,Quispicanchi,7819,7811.3434,1060.0,0.13556720808287503,0.13570009032248742
1999,PER.8.13_1,Urubamba,1463,1459.7168,1766.0,1.2071086807928912,1.2098236822938337
1999,PER.9.1_1,Acobamba,921,927.3542,136.0,0.1476655808903366,0.14665378001112356
1999,PER.9.2_1,Angaraes,1942,1944.836,358.0,0.184346035015448,0.18407721811708833
1999,PER.9.3_1,Castrovirreyna,3960,3958.9592,23.0,0.005808080808080808,0.005809607778837347
1999,PER.9.4_1,Churcampa,1068,1062.7849,440.0,0.41198501872659177,0.4140066282596381
1999,PER.9.5_1,Huancavelica,3999,3992.4364,1472.0,0.36809202300575145,0.3686971668074742
1999,PER.9.6_1,Huaytara,6463,6465.2905,189.0,0.02924338542472536,0.029233025150833248
1999,PER.9.7_1,Tayacaja,3735,3730.9345,1374.0,0.3678714859437751,0.3682723487203275
1999,PER.10.1_1,Ambo,1571,1576.1231,385.0,0.24506683640993,0.2442702659295797
1999,PER.10.2_1,Dos de Mayo,1342,1335.5805,130.0,0.09687034277198212,0.09733595352978819
1999,PER.10.3_1,Huacaybamba,1763,1765.4566,0.0,0.0,0.0
1999,PER.10.4_1,Huamalíes,3158,3166.8282,147.0,0.04654844838505383,0.04641868455150145
1999,PER.10.5_1,Huenuco,4107,4110.2577,3296.0,0.8025322619917215,0.8018961884942125
1999,PER.10.6_1,Lauricocha,2076,2083.3213,225.0,0.10838150289017341,0.10800062501941267
1999,PER.10.7_1,Leoncio Prado,4962,4958.1773,1988.0,0.40064490124949614,0.40095379510113416
1999,PER.10.8_1,Marañón,4875,4878.4786,91.0,0.018666666666666668,0.01865335642503564
1999,PER.10.9_1,Pachitea,2655,2647.0304,289.0,0.1088512241054614,0.10917894908911316
1999,PER.10.10_1,Puerto Inca,9819,9814.2188,108.0,0.010999083409715857,0.01100444188626399
1999,PER.10.11_1,Yarowilca,752,746.4216,48.0,0.06382978723404255,0.0643068166450277
1999,PER.11.1_1,Chincha,2899,2905.713,7001.0,2.4149706795446706,2.409391422860277
1999,PER.11.2_1,Ica,7867,7864.1979,11552.0,1.4684123554086692,1.4689355746497268
1999,PER.11.3_1,Nazca,5224,5209.8162,3231.0,0.6184915773353752,0.6201754341994372
1999,PER.11.4_1,Palpa,1209,1219.3592,680.0,0.5624483043837882,0.5576699658751171
1999,PER.11.5_1,Pisco,3979,3968.9444,7184.0,1.8054787635084193,1.8100530805912503
1999,PER.12.1_1,Chanchamayo,4671,4674.6736,2997.0,0.6416184971098265,0.6411142837823746
1999,PER.12.2_1,Chupaca,1170,1163.9265,2027.0,1.7324786324786325,1.7415189121713897
1999,PER.12.3_1,Concepción,2242,2248.8693,1873.0,0.8354148082069581,0.8328629929380917
1999,PER.12.4_1,Huancayo,3738,3734.3439,7899.0,2.1131621187800964,2.1152310172731434
1999,PER.12.5_1,Jauja,4385,4383.5123,4415.0,1.0068415051311288,1.0071832213296057
1999,PER.12.6_1,Junín,2633,2625.8821,1122.0,0.42612988985947586,0.42728498019526856
1999,PER.12.7_1,Satipo,19490,19497.3878,911.0,0.04674191893278604,0.04672420794283017
1999,PER.12.8_1,Tarma,2663,2663.9461,4285.0,1.609087495306046,1.6085160016621236
1999,PER.12.9_1,Yauli,3632,3637.3003,5503.0,1.5151431718061674,1.5129353076091667
1999,PER.13.1_1,Ascope,2653,2656.16,6085.0,2.2936298529966077,2.290901142912228
1999,PER.13.2_1,Bolívar,1744,1745.5625,0.0,0.0,0.0
1999,PER.13.3_1,Chepén,1153,1150.5574,3104.0,2.692107545533391,2.697822884366533
1999,PER.13.4_1,Gran Chimú,1305,1306.9247,267.0,0.2045977011494253,0.20429639233145166
1999,PER.13.5_1,Julcan,1107,1110.773,29.0,0.026196928635953028,0.026107944281390547
1999,PER.13.6_1,Otuzco,2088,2088.1443,667.0,0.3194444444444444,0.319422367525858
1999,PER.13.7_1,Pacasmayo,1119,1119.8766,4610.0,4.119749776586238,4.1165251401980125
1999,PER.13.8_1,Pataz,3991,3989.5251,1040.0,0.26058631921824105,0.2606826531469391
1999,PER.13.9_1,Sánchez Carrión,2501,2494.8258,520.0,0.20791683326669333,0.20843138758474267
1999,PER.13.10_1,Santiago de Chuco,2668,2671.5263,816.0,0.3058470764617691,0.3054433663207303
1999,PER.13.11_1,Trujillo,1767,1766.3122,14486.0,8.198075834748161,8.201268327581362
1999,PER.13.12_1,Viru,3207,3207.8223,2693.0,0.8397256002494543,0.8395103460095099
1999,PER.14.1_1,Chiclayo,3211,3211.4229,12324.0,3.838056680161943,3.8375512714147066
1999,PER.14.2_1,Ferreñafe,1705,1705.7385,1700.0,0.9970674486803519,0.9966357671215649
1999,PER.14.3_1,Lambayeque,9365,9366.3112,5370.0,0.5734116390816871,0.5733313642583003
1999,PER.16.1_1,Barranca,1389,1382.5918,4444.0,3.199424046076314,3.2142530085026477
1999,PER.16.2_1,Cajatambo,1525,1527.1172,89.0,0.058360655737704915,0.058279744579268655
1999,PER.16.3_1,Cañete,4605,4605.4107,9935.0,2.1574375678610207,2.1572451519682057
1999,PER.16.4_1,Canta,1690,1693.223,1266.0,0.749112426035503,0.7476864984503384
1999,PER.16.5_1,Huaral,3664,3664.9371,6508.0,1.7762008733624455,1.7757467264760693
1999,PER.16.6_1,Huarochiri,5742,5738.1299,7064.0,1.2302333681644027,1.2310630930482318
1999,PER.16.7_1,Huaura,4947,4942.2427,6009.0,1.2146755609460278,1.2158447797167964
1999,PER.16.8_1,Oyon,1871,1870.9257,892.0,0.4767504008551577,0.47676932411274126
1999,PER.16.9_1,Yauyos,6916,6912.2907,346.0,0.05002891844997108,0.050055765299163606
1999,PER.15.1_1,Lima,2698,2705.3448,75160.0,27.857672349888805,27.78204085069883
1999,PER.17.1_1,Alto Amazonas,66273,66273.3598,4396.0,0.06633168862130882,0.0663313285023933
1999,PER.17.2_1,Loreto,68509,68480.0481,14255.0,0.20807485147936766,0.2081628209358258
1999,PER.17.3_1,Mariscal Ramón Castilla,38974,38967.2339,625.0,0.016036331913583415,0.01603911638270366
1999,PER.17.4_1,Maynas,132141,132166.5145,5030.0,0.03806539983805178,0.03805805136997315
1999,PER.17.5_1,Requena,39626,39634.3226,249.0,0.006283753091404633,0.006282433603494593
1999,PER.17.6_1,Ucayali,29932,29924.9451,329.0,0.010991580916744622,0.010994172228635827
1999,PER.18.1_1,Manu,28191,28189.1616,1043.0,0.03699762335497144,0.037000036224009276
1999,PER.18.2_1,Tahuamanu,20252,20245.0595,167.0,0.008246099150701165,0.008248926125372136
1999,PER.18.3_1,Tambopata,35907,35901.8019,1564.0,0.04355696660818225,0.04356327313150454
1999,PER.19.1_1,General Sánchez Cerro,5722,5725.7242,241.0,0.04211814051031108,0.04209074545106949
1999,PER.19.2_1,Ilo,1366,1372.4439,4431.0,3.2437774524158125,3.2285471619674153
1999,PER.19.3_1,Mariscal Nieto,8656,8657.94,5315.0,0.6140249537892791,0.6138873659550468
1999,PER.20.1_1,Daniel Alcides Carrión,1529,1523.3131,84.0,0.05493786788750817,0.05514296556285237
1999,PER.20.2_1,Oxapampa,17693,17695.4834,1261.0,0.07127112417340191,0.07126112201987908
1999,PER.20.3_1,Pasco,4753,4751.908,4305.0,0.9057437407952872,0.9059518815191714
1999,PER.21.1_1,Ayabaca,5206,5197.2449,307.0,0.058970418747598924,0.05906975881553786
1999,PER.21.2_1,Huancabamba,4280,4276.7233,431.0,0.10070093457943925,0.10077808909795016
1999,PER.21.3_1,Morropón,3810,3811.6782,1578.0,0.4141732283464567,0.41399087441241633
1999,PER.21.4_1,Paita,1747,1750.2889,2665.0,1.5254722381224957,1.5226057941269895
1999,PER.21.5_1,Piura,6150,6149.5744,11263.0,1.8313821138211381,1.8315088608551187
1999,PER.21.6_1,Sechura,6472,6478.1826,1479.0,0.22852286773794808,0.22830477251444412
1999,PER.21.7_1,Sullana,5263,5254.043,4579.0,0.8700361010830325,0.8715193191704065
1999,PER.21.8_1,Talara,2932,2939.2512,8488.0,2.8949522510231924,2.8878103497197705
1999,PER.22.1_1,Azángaro,5245,5231.2106,2149.0,0.4097235462345091,0.4108035703736372
1999,PER.22.2_1,Carabaya,11680,11690.4688,353.0,0.030222602739726028,0.030195538516340055
1999,PER.22.3_1,Chucuíto,3940,3941.2265,599.0,0.15203045685279187,0.15198314432327678
1999,PER.22.4_1,El Collao,5653,5651.7589,824.0,0.1457633115160092,0.14579532079115523
1999,PER.22.5_1,Huancane,2818,2828.4046,309.0,0.10965223562810504,0.10924886831302831
1999,PER.22.6_1,Lago Titicaca,5287,5283.4928,1156.0,0.21864951768488747,0.21879465900362527
1999,PER.22.7_1,Lampa,5711,5717.1909,703.0,0.12309578007354229,0.12296248460067602
1999,PER.22.8_1,Melgar,6535,6541.587,1497.0,0.2290742157612854,0.22884354969865964
1999,PER.22.9_1,Moho,1039,1031.7237,83.0,0.07988450433108758,0.08044789428432925
1999,PER.22.10_1,Puno,6525,6518.8824,3318.0,0.5085057471264368,0.5089829510623282
1999,PER.22.11_1,San Antonio de Putina,3149,3140.0951,367.0,0.11654493489996824,0.11687543949559015
1999,PER.22.12_1,San Román,2280,2280.1851,4603.0,2.018859649122807,2.018695767966184
1999,PER.22.13_1,Sandia,12540,12540.8815,158.0,0.012599681020733652,0.01259879542762825
1999,PER.22.14_1,Yunguyo,297,302.7066,523.0,1.760942760942761,1.727745450726902
1999,PER.23.1_1,Bellavista,7793,7790.7683,543.0,0.06967791607853202,0.06969787596729206
1999,PER.23.2_1,El Dorado,1319,1318.8251,117.0,0.0887035633055345,0.08871532910112855
1999,PER.23.3_1,Huallaga,2365,2359.6027,266.0,0.11247357293868922,0.11273084093504547
1999,PER.23.4_1,Lamas,5011,5010.8022,752.0,0.15006984633805628,0.15007577157257157
1999,PER.23.5_1,Mariscal Cáceres,14425,14434.6489,686.0,0.04755632582322357,0.04752453652540475
1999,PER.23.6_1,Moyobamba,3795,3794.5532,1813.0,0.477733860342556,0.477790108998851
1999,PER.23.7_1,Picota,2126,2134.7792,329.0,0.15475070555032927,0.15411429546364208
1999,PER.23.8_1,Rioja,2593,2598.5485,1590.0,0.6131893559583494,0.6118800642977279
1999,PER.23.9_1,San Martín,4817,4823.345,2968.0,0.616151131409591,0.615340603346771
1999,PER.23.10_1,Tocache,6111,6102.5482,1043.0,0.1706758304696449,0.17091221099140008
1999,PER.24.1_1,Candarave,2305,2304.2136,481.0,0.2086767895878525,0.20874801227113612
1999,PER.24.2_1,Jorge Basadre,2750,2746.7382,2988.0,1.0865454545454545,1.0878357368091904
1999,PER.24.3_1,Tacna,8159,8162.2685,8970.0,1.0993994362054174,1.0989591979004891
1999,PER.24.4_1,Tarata,2788,2785.0639,319.0,0.11441893830703014,0.11453956102458182
1999,PER.25.1_1,Contralmirante Villar,2134,2127.3485,587.0,0.27507029053420806,0.2759303403270524
1999,PER.25.2_1,Tumbes,1785,1786.2221,4255.0,2.38375350140056,2.3821226197321357
1999,PER.25.3_1,Zarumilla,721,728.412,2478.0,3.436893203883495,3.401920718215819
1999,PER.26.1_1,Atalaya,38581,38583.1679,132.0,0.0034213732147948474,0.0034211809749134887
1999,PER.26.2_1,Coronel Portillo,39067,39060.4079,6730.0,0.17226815470857756,0.17229722768842107
1999,PER.26.3_1,Padre Abad,9291,9288.8146,865.0,0.09310085028522226,0.0931227541532116
1999,PER.26.4_1,Purús,18173,18145.6829,27.0,0.001485720574478622,0.001487957227761893
2000,PER.1.1_1,Bagua,5897,5891.871,976.0,0.16550788536544006,0.16565196403905116
2000,PER.1.2_1,Bongará,2824,2829.7375,40.0,0.014164305949008499,0.014135586950011348
2000,PER.1.3_1,Chachapoyas,2999,2997.3637,1207.0,0.40246748916305436,0.4026871962342895
2000,PER.1.4_1,Condorcanqui,17948,17952.2232,21.0,0.001170046801872075,0.001169771550015959
2000,PER.1.5_1,Luya,3367,3359.4489,325.0,0.09652509652509653,0.09674205681150842
2000,PER.1.6_1,Rodríguez de Mendoza,2682,2681.7449,74.0,0.027591349739000747,0.027593974558414388
2000,PER.1.7_1,Utcubamba,3871,3870.408,1569.0,0.405321622319814,0.40538361365550474
2000,PER.2.1_1,Aija,696,697.1118,105.0,0.15086206896551724,0.15062146280485872
2000,PER.2.2_1,Antonio Raymondi,559,561.5141,26.0,0.046511627906976744,0.046303377090010665
2000,PER.2.3_1,Asunción,524,524.8509,85.0,0.16221374045801526,0.16195075480784393
2000,PER.2.4_1,Bolognesi,3069,3067.2607,587.0,0.19126751384815902,0.19137597110760887
2000,PER.2.5_1,Carhuaz,817,816.2705,845.0,1.0342717258261933,1.0351960419672264
2000,PER.2.6_1,Carlos Fermin Fitzcarrald,628,627.065,12.0,0.01910828025477707,0.019136772499796603
2000,PER.2.7_1,Casma,2274,2279.5761,1848.0,0.8126649076517151,0.8106770363887321
2000,PER.2.8_1,Corongo,1016,1015.6517,271.0,0.26673228346456695,0.2668237671112215
2000,PER.2.9_1,Huaraz,2499,2501.0478,3347.0,1.3393357342937176,1.3382391156622795
2000,PER.2.10_1,Huari,2799,2790.2845,2740.0,0.978921043229725,0.9819787131147638
2000,PER.2.11_1,Huarmey,3927,3933.9868,950.0,0.24191494779730074,0.24148530484925299
2000,PER.2.12_1,Huaylas,2277,2284.0483,1082.0,0.4751866490996926,0.4737202861565987
2000,PER.2.13_1,Mariscal Luzuriaga,731,733.0131,40.0,0.05471956224350205,0.0545692864636954
2000,PER.2.14_1,Ocros,1943,1949.2401,80.0,0.041173443129181676,0.04104163490163253
2000,PER.2.15_1,Pallasca,2067,2063.679,1166.0,0.5641025641025641,0.5650103608009783
2000,PER.2.16_1,Pomabamba,923,923.2323,151.0,0.1635969664138678,0.16355580915089316
2000,PER.2.17_1,Recuay,2322,2318.0851,394.0,0.16968130921619293,0.1699678786481107
2000,PER.2.18_1,Santa,3997,3987.845,12135.0,3.036027020265199,3.042996900967642
2000,PER.2.19_1,Sihuas,1459,1456.9158,113.0,0.0774503084304318,0.07756110700832448
2000,PER.2.20_1,Yungay,1370,1362.6156,828.0,0.6043795620437956,0.6076548722335027
2000,PER.3.1_1,Abancay,3469,3461.1924,1951.0,0.5624099164024214,0.5636785793214278
2000,PER.3.2_1,Andahuaylas,4011,4018.7208,2560.0,0.6382448267265021,0.6370186285211439
2000,PER.3.3_1,Antabamba,3217,3220.4249,51.0,0.015853279452906436,0.015836419505240847
2000,PER.3.4_1,Aymaraes,4129,4128.1482,413.0,0.10002421893921046,0.10004485766033312
2000,PER.3.5_1,Chincheros,1523,1523.0751,245.0,0.1608667104399212,0.16085878005090457
2000,PER.3.6_1,Cotabambas,2622,2621.0521,0.0,0.0,0.0
2000,PER.3.7_1,Grau,2128,2129.1362,188.0,0.08834586466165413,0.08829871911009435
2000,PER.4.1_1,Arequipa,10399,10401.7538,25260.0,2.4290797192037696,2.428436634464517
2000,PER.4.2_1,Camaná,4592,4594.9288,2346.0,0.5108885017421603,0.5105628625358114
2000,PER.4.3_1,Caravelí,13035,13027.441,1134.0,0.08699654775604143,0.08704702664747441
2000,PER.4.4_1,Castilla,7621,7620.9932,1444.0,0.18947644666054322,0.18947661666382584
2000,PER.4.5_1,Caylloma,12048,12035.9001,867.0,0.07196215139442232,0.07203449592328323
2000,PER.4.6_1,Condesuyos,6838,6852.1717,552.0,0.08072535829189821,0.08055840120783453
2000,PER.4.7_1,Islay,3849,3849.9051,3777.0,0.9812938425565082,0.9810631554631343
2000,PER.4.8_1,La Unión,4893,4893.6009,336.0,0.06866952789699571,0.06866109522895127
2000,PER.5.1_1,Cangallo,1872,1872.5839,157.0,0.08386752136752136,0.08384137219293113
2000,PER.5.2_1,Huamanga,2955,2958.2366,2726.0,0.9225042301184433,0.9214949343386156
2000,PER.5.3_1,Huanca Sancos,2830,2831.2856,0.0,0.0,0.0
2000,PER.5.4_1,Huanta,3810,3814.0301,843.0,0.22125984251968503,0.22102604851528732
2000,PER.5.5_1,La Mar,4318,4312.4371,183.0,0.04238073182028717,0.042435401941857326
2000,PER.5.6_1,Lucanas,14484,14477.3422,949.0,0.06552057442695389,0.06555070579067193
2000,PER.5.7_1,Parinacochas,5934,5950.4746,302.0,0.05089315807212673,0.05075225447974578
2000,PER.5.8_1,Paucar del Sara Sara,2090,2081.7527,94.0,0.044976076555023926,0.04515425791706565
2000,PER.5.9_1,Sucre,1781,1786.8708,0.0,0.0,0.0
2000,PER.5.10_1,Victor Fajardo,2276,2265.2791,68.0,0.029876977152899824,0.030018376270661704
2000,PER.5.11_1,Vilcas Huamán,1214,1205.7813,49.0,0.04036243822075782,0.04063755157709212
2000,PER.6.1_1,Cajabamba,1792,1788.6443,355.0,0.19810267857142858,0.19847434183936355
2000,PER.6.2_1,Cajamarca,2977,2977.7902,6024.0,2.0235136042996307,2.0229766204449637
2000,PER.6.3_1,Celendín,2582,2580.2493,372.0,0.14407436096049575,0.14417211642926694
2000,PER.6.4_1,Chota,3840,3836.4892,1185.0,0.30859375,0.30887614546199677
2000,PER.6.5_1,Contumazá,2062,2060.9532,963.0,0.4670223084384093,0.4672595226598998
2000,PER.6.6_1,Cutervo,3025,3030.0606,300.0,0.09917355371900827,0.09900791938292751
2000,PER.6.7_1,Hualgayoc,785,783.6578,354.0,0.45095541401273886,0.45172779594200135
2000,PER.6.8_1,Jaén,5027,5025.2434,2061.0,0.40998607519395264,0.41012938676606864
2000,PER.6.9_1,San Ignacio,4891,4894.3699,396.0,0.08096503782457574,0.08090929176430439
2000,PER.6.10_1,San Marcos,1343,1348.0813,177.0,0.13179448994787787,0.13129771772614807
2000,PER.6.11_1,San Miguel,2530,2527.3116,412.0,0.16284584980237155,0.16301907572619664
2000,PER.6.12_1,San Pablo,666,665.0983,262.0,0.3933933933933934,0.393926715040021
2000,PER.6.13_1,Santa Cruz,1382,1383.2844,198.0,0.14327062228654125,0.1431375961693268
2000,PER.7.1_1,Callao,164,160.8378,8459.0,51.579268292682926,52.59337381348668
2000,PER.8.1_1,Acomayo,935,932.9494,126.0,0.13475935828877006,0.13505555281537202
2000,PER.8.2_1,Anta,1928,1932.7747,1014.0,0.5259336099585062,0.5246343429196697
2000,PER.8.3_1,Calca,3559,3559.4921,985.0,0.27676313571227873,0.27672487422018743
2000,PER.8.4_1,Canas,2139,2134.9741,252.0,0.11781206171107994,0.11803421910421687
2000,PER.8.5_1,Canchis,3953,3950.2571,2087.0,0.527953453073615,0.5283200493239215
2000,PER.8.6_1,Chumbivilcas,5329,5334.9773,283.0,0.05310564833927566,0.05304614865142533
2000,PER.8.7_1,Cusco,530,530.1969,7473.0,14.1,14.094762843324618
2000,PER.8.8_1,Espinar,5235,5235.9122,1863.0,0.35587392550143265,0.3558119246825142
2000,PER.8.9_1,La Convención,31674,31679.4986,2075.0,0.06551114478752289,0.06549977412270348
2000,PER.8.10_1,Paruro,1966,1966.4681,107.0,0.05442522889114954,0.054412272716049606
2000,PER.8.11_1,Paucartambo,5708,5714.5208,132.0,0.023125437981779958,0.02309904990479408
2000,PER.8.12_1,Quispicanchi,7819,7811.3434,1118.0,0.14298503644967386,0.14312518960428391
2000,PER.8.13_1,Urubamba,1463,1459.7168,1760.0,1.2030075187969924,1.205713296057275
2000,PER.9.1_1,Acobamba,921,927.3542,139.0,0.15092290988056462,0.1498887898643101
2000,PER.9.2_1,Angaraes,1942,1944.836,360.0,0.18537590113285274,0.18510558246411118
2000,PER.9.3_1,Castrovirreyna,3960,3958.9592,133.0,0.03358585858585859,0.03359468846023335
2000,PER.9.4_1,Churcampa,1068,1062.7849,545.0,0.5102996254681648,0.5128036645488699
2000,PER.9.5_1,Huancavelica,3999,3992.4364,1518.0,0.37959489872468116,0.38021895327020777
2000,PER.9.6_1,Huaytara,6463,6465.2905,242.0,0.03744391149620919,0.03743064596032617
2000,PER.9.7_1,Tayacaja,3735,3730.9345,1426.0,0.3817938420348059,0.3822098757461332
2000,PER.10.1_1,Ambo,1571,1576.1231,420.0,0.2673456397199236,0.26647665374135965
2000,PER.10.2_1,Dos de Mayo,1342,1335.5805,141.0,0.10506706408345752,0.10557207267461641
2000,PER.10.3_1,Huacaybamba,1763,1765.4566,0.0,0.0,0.0
2000,PER.10.4_1,Huamalíes,3158,3166.8282,143.0,0.04528182393920203,0.045155591094317736
2000,PER.10.5_1,Huenuco,4107,4110.2577,3380.0,0.8229851473094716,0.8223328632009825
2000,PER.10.6_1,Lauricocha,2076,2083.3213,247.0,0.11897880539499037,0.11856068613242192
2000,PER.10.7_1,Leoncio Prado,4962,4958.1773,2026.0,0.4083031035872632,0.40861790184854013
2000,PER.10.8_1,Marañón,4875,4878.4786,104.0,0.021333333333333333,0.02131812162861216
2000,PER.10.9_1,Pachitea,2655,2647.0304,281.0,0.10583804143126177,0.10615669444304775
2000,PER.10.10_1,Puerto Inca,9819,9814.2188,121.0,0.012323047153477951,0.012329050631832802
2000,PER.10.11_1,Yarowilca,752,746.4216,64.0,0.0851063829787234,0.08574242219337026
2000,PER.11.1_1,Chincha,2899,2905.713,7029.0,2.4246291824767163,2.419027611953276
2000,PER.11.2_1,Ica,7867,7864.1979,11890.0,1.5113766365831955,1.5119151646974769
2000,PER.11.3_1,Nazca,5224,5209.8162,3183.0,0.6093032159264931,0.6109620572753973
2000,PER.11.4_1,Palpa,1209,1219.3592,875.0,0.7237386269644334,0.7175900296187168
2000,PER.11.5_1,Pisco,3979,3968.9444,7326.0,1.8411661221412414,1.8458308558479257
2000,PER.12.1_1,Chanchamayo,4671,4674.6736,3056.0,0.6542496253478912,0.6537354858988778
2000,PER.12.2_1,Chupaca,1170,1163.9265,2076.0,1.7743589743589743,1.7836177906599926
2000,PER.12.3_1,Concepción,2242,2248.8693,1913.0,0.8532560214094559,0.8506497092848743
2000,PER.12.4_1,Huancayo,3738,3734.3439,7988.0,2.13697164258962,2.139063851877183
2000,PER.12.5_1,Jauja,4385,4383.5123,4553.0,1.0383124287343215,1.0386648259827167
2000,PER.12.6_1,Junín,2633,2625.8821,1198.0,0.45499430307633876,0.45622763482525114
2000,PER.12.7_1,Satipo,19490,19497.3878,1003.0,0.05146228835300154,0.05144278876691401
2000,PER.12.8_1,Tarma,2663,2663.9461,4570.0,1.7161096507698086,1.715500146463455
2000,PER.12.9_1,Yauli,3632,3637.3003,5981.0,1.6467511013215859,1.6443514582610261
2000,PER.13.1_1,Ascope,2653,2656.16,6663.0,2.511496419148134,2.5085085152381557
2000,PER.13.2_1,Bolívar,1744,1745.5625,0.0,0.0,0.0
2000,PER.13.3_1,Chepén,1153,1150.5574,3132.0,2.7163920208152645,2.7221589155399424
2000,PER.13.4_1,Gran Chimú,1305,1306.9247,286.0,0.21915708812260537,0.21883433785316544
2000,PER.13.5_1,Julcan,1107,1110.773,29.0,0.026196928635953028,0.026107944281390547
2000,PER.13.6_1,Otuzco,2088,2088.1443,780.0,0.3735632183908046,0.3735374013046016
2000,PER.13.7_1,Pacasmayo,1119,1119.8766,4621.0,4.129579982126899,4.126347651378528
2000,PER.13.8_1,Pataz,3991,3989.5251,1108.0,0.27762465547481835,0.2777272881603928
2000,PER.13.9_1,Sánchez Carrión,2501,2494.8258,544.0,0.21751299480207917,0.21805129778096155
2000,PER.13.10_1,Santiago de Chuco,2668,2671.5263,892.0,0.3343328335832084,0.3338915229878572
2000,PER.13.11_1,Trujillo,1767,1766.3122,15046.0,8.514997170345218,8.518313078613087
2000,PER.13.12_1,Viru,3207,3207.8223,3144.0,0.980355472404116,0.9801041692736351
2000,PER.14.1_1,Chiclayo,3211,3211.4229,12634.0,3.934599813142323,3.9340816912571737
2000,PER.14.2_1,Ferreñafe,1705,1705.7385,1765.0,1.035190615835777,1.0347424288056248
2000,PER.14.3_1,Lambayeque,9365,9366.3112,5668.0,0.605232247730913,0.6051475181780347
2000,PER.16.1_1,Barranca,1389,1382.5918,4762.0,3.4283657307415405,3.444255811541316
2000,PER.16.2_1,Cajatambo,1525,1527.1172,106.0,0.06950819672131148,0.06941183062249974
2000,PER.16.3_1,Cañete,4605,4605.4107,10760.0,2.3365906623235615,2.336382268261489
2000,PER.16.4_1,Canta,1690,1693.223,1504.0,0.8899408284023669,0.8882468354417923
2000,PER.16.5_1,Huaral,3664,3664.9371,6990.0,1.9077510917030567,1.90726330947568
2000,PER.16.6_1,Huarochiri,5742,5738.1299,7400.0,1.2887495646116336,1.289618755458227
2000,PER.16.7_1,Huaura,4947,4942.2427,6502.0,1.314331918334344,1.3155970640237327
2000,PER.16.8_1,Oyon,1871,1870.9257,1060.0,0.5665419561731694,0.5665644434523607
2000,PER.16.9_1,Yauyos,6916,6912.2907,368.0,0.05320994794679005,0.05323850182107574
2000,PER.15.1_1,Lima,2698,2705.3448,75376.0,27.93773165307635,27.861882798859433
2000,PER.17.1_1,Alto Amazonas,66273,66273.3598,4471.0,0.0674633712069772,0.06746300494408564
2000,PER.17.2_1,Loreto,68509,68480.0481,14474.0,0.21127151177217593,0.21136083270607806
2000,PER.17.3_1,Mariscal Ramón Castilla,38974,38967.2339,682.0,0.01749884538410222,0.017501883796806235
2000,PER.17.4_1,Maynas,132141,132166.5145,5287.0,0.04001029203653673,0.040002568109949906
2000,PER.17.5_1,Requena,39626,39634.3226,248.0,0.006258517135214253,0.006257202946452447
2000,PER.17.6_1,Ucayali,29932,29924.9451,408.0,0.01363089669918482,0.013634110240983032
2000,PER.18.1_1,Manu,28191,28189.1616,951.0,0.03373417047994041,0.03373637051680999
2000,PER.18.2_1,Tahuamanu,20252,20245.0595,176.0,0.008690499703732965,0.008693479030332312
2000,PER.18.3_1,Tambopata,35907,35901.8019,1609.0,0.04481020413846882,0.04481669211546727
2000,PER.19.1_1,General Sánchez Cerro,5722,5725.7242,246.0,0.042991960852848655,0.04296399743138214
2000,PER.19.2_1,Ilo,1366,1372.4439,4562.0,3.3396778916544654,3.323997326313552
2000,PER.19.3_1,Mariscal Nieto,8656,8657.94,5546.0,0.6407116451016636,0.6405680774386998
2000,PER.20.1_1,Daniel Alcides Carrión,1529,1523.3131,145.0,0.09483322432962721,0.09518726198349517
2000,PER.20.2_1,Oxapampa,17693,17695.4834,1321.0,0.07466229582320692,0.07465181775436976
2000,PER.20.3_1,Pasco,4753,4751.908,4928.0,1.036818851251841,1.0370571131536532
2000,PER.21.1_1,Ayabaca,5206,5197.2449,311.0,0.059738762965808684,0.059839397366880376
2000,PER.21.2_1,Huancabamba,4280,4276.7233,473.0,0.11051401869158879,0.11059869174786643
2000,PER.21.3_1,Morropón,3810,3811.6782,1658.0,0.4351706036745407,0.43497900492762126
2000,PER.21.4_1,Paita,1747,1750.2889,2648.0,1.515741270749857,1.5128931117629525
2000,PER.21.5_1,Piura,6150,6149.5744,11752.0,1.9108943089430894,1.9110265588892263
2000,PER.21.6_1,Sechura,6472,6478.1826,1656.0,0.2558714462299135,0.2556272503610003
2000,PER.21.7_1,Sullana,5263,5254.043,4745.0,0.9015770473114193,0.9031140356985321
2000,PER.21.8_1,Talara,2932,2939.2512,8998.0,3.068894952251023,3.061323931053074
2000,PER.22.1_1,Azángaro,5245,5231.2106,2122.0,0.4045757864632984,0.4056422411972351
2000,PER.22.2_1,Carabaya,11680,11690.4688,419.0,0.03587328767123288,0.035841163281434794
2000,PER.22.3_1,Chucuíto,3940,3941.2265,688.0,0.1746192893401015,0.17456494706913928
2000,PER.22.4_1,El Collao,5653,5651.7589,836.0,0.14788607818857244,0.14791855361821088
2000,PER.22.5_1,Huancane,2818,2828.4046,408.0,0.1447835344215756,0.14425093291817329
2000,PER.22.6_1,Lago Titicaca,5287,5283.4928,1204.0,0.2277283903915264,0.22787955833941595
2000,PER.22.7_1,Lampa,5711,5717.1909,714.0,0.1250218875853616,0.12488650640808346
2000,PER.22.8_1,Melgar,6535,6541.587,1495.0,0.2287681713848508,0.2285378134933174
2000,PER.22.9_1,Moho,1039,1031.7237,254.0,0.24446583253128007,0.2461899415448148
2000,PER.22.10_1,Puno,6525,6518.8824,3304.0,0.506360153256705,0.5068353436738796
2000,PER.22.11_1,San Antonio de Putina,3149,3140.0951,459.0,0.1457605589075897,0.1461739147914874
2000,PER.22.12_1,San Román,2280,2280.1851,4602.0,2.018421052631579,2.018257207078075
2000,PER.22.13_1,Sandia,12540,12540.8815,171.0,0.013636363636363636,0.013635405178002727
2000,PER.22.14_1,Yunguyo,297,302.7066,439.0,1.4781144781144782,1.4502490494629254
2000,PER.23.1_1,Bellavista,7793,7790.7683,595.0,0.07635057102527909,0.07637244235826661
2000,PER.23.2_1,El Dorado,1319,1318.8251,118.0,0.08946171341925702,0.08947357977720657
2000,PER.23.3_1,Huallaga,2365,2359.6027,315.0,0.1331923890063425,0.13349704847571173
2000,PER.23.4_1,Lamas,5011,5010.8022,786.0,0.15685491917780883,0.1568611123085655
2000,PER.23.5_1,Mariscal Cáceres,14425,14434.6489,615.0,0.042634315424610054,0.04260581627277539
2000,PER.23.6_1,Moyobamba,3795,3794.5532,1844.0,0.48590250329380763,0.48595971373076735
2000,PER.23.7_1,Picota,2126,2134.7792,360.0,0.16933207902163688,0.16863570324289104
2000,PER.23.8_1,Rioja,2593,2598.5485,1635.0,0.6305437716930197,0.629197424608041
2000,PER.23.9_1,San Martín,4817,4823.345,3014.0,0.6257006435540793,0.6248775533986415
2000,PER.23.10_1,Tocache,6111,6102.5482,1120.0,0.18327605956471935,0.18352989099747657
2000,PER.24.1_1,Candarave,2305,2304.2136,476.0,0.20650759219088938,0.2065780745136399
2000,PER.24.2_1,Jorge Basadre,2750,2746.7382,3034.0,1.1032727272727272,1.1045828733196397
2000,PER.24.3_1,Tacna,8159,8162.2685,9169.0,1.1237896801078564,1.12333967508914
2000,PER.24.4_1,Tarata,2788,2785.0639,324.0,0.11621233859397417,0.116334851949732
2000,PER.25.1_1,Contralmirante Villar,2134,2127.3485,594.0,0.27835051546391754,0.2792208213871706
2000,PER.25.2_1,Tumbes,1785,1786.2221,4292.0,2.4044817927170867,2.4028367294689366
2000,PER.25.3_1,Zarumilla,721,728.412,2508.0,3.478502080443828,3.4431061990658893
2000,PER.26.1_1,Atalaya,38581,38583.1679,139.0,0.00360280967315518,0.0036026072387346586
2000,PER.26.2_1,Coronel Portillo,39067,39060.4079,6848.0,0.1752886067525021,0.17531818948147213
2000,PER.26.3_1,Padre Abad,9291,9288.8146,839.0,0.09030244322462598,0.0903236887104561
2000,PER.26.4_1,Purús,18173,18145.6829,36.0,0.0019809607659714962,0.0019839429703491906
2001,PER.1.1_1,Bagua,5897,5891.871,932.0,0.15804646430388333,0.15818404762745458
2001,PER.1.2_1,Bongará,2824,2829.7375,54.0,0.019121813031161474,0.01908304238251532
2001,PER.1.3_1,Chachapoyas,2999,2997.3637,1201.0,0.40046682227409136,0.4006854371809293
2001,PER.1.4_1,Condorcanqui,17948,17952.2232,24.0,0.001337196344996657,0.0013368817714468103
2001,PER.1.5_1,Luya,3367,3359.4489,345.0,0.10246510246510246,0.10269541415375509
2001,PER.1.6_1,Rodríguez de Mendoza,2682,2681.7449,80.0,0.02982848620432513,0.029831323846934474
2001,PER.1.7_1,Utcubamba,3871,3870.408,1627.0,0.42030483079307673,0.4203691137141531
2001,PER.2.1_1,Aija,696,697.1118,103.0,0.14798850574712644,0.14775248256095666
2001,PER.2.2_1,Antonio Raymondi,559,561.5141,30.0,0.05366726296958855,0.053426973565396926
2001,PER.2.3_1,Asunción,524,524.8509,102.0,0.1946564885496183,0.1943409057694127
2001,PER.2.4_1,Bolognesi,3069,3067.2607,529.0,0.17236884978820463,0.17246659065745332
2001,PER.2.5_1,Carhuaz,817,816.2705,924.0,1.130966952264382,1.1319776837606121
2001,PER.2.6_1,Carlos Fermin Fitzcarrald,628,627.065,16.0,0.025477707006369428,0.02551569666639547
2001,PER.2.7_1,Casma,2274,2279.5761,1820.0,0.8003518029903254,0.7983940509889029
2001,PER.2.8_1,Corongo,1016,1015.6517,223.0,0.21948818897637795,0.2195634688774996
2001,PER.2.9_1,Huaraz,2499,2501.0478,3460.0,1.3845538215286115,1.383420179322225
2001,PER.2.10_1,Huari,2799,2790.2845,2561.0,0.9149696320114327,0.9178275490098212
2001,PER.2.11_1,Huarmey,3927,3933.9868,928.0,0.2363127069009422,0.23589301357905976
2001,PER.2.12_1,Huaylas,2277,2284.0483,1088.0,0.47782169521299955,0.4763472008672638
2001,PER.2.13_1,Mariscal Luzuriaga,731,733.0131,39.0,0.0533515731874145,0.05320505430210302
2001,PER.2.14_1,Ocros,1943,1949.2401,59.0,0.030365414307771486,0.030268205739953993
2001,PER.2.15_1,Pallasca,2067,2063.679,1188.0,0.5747460087082729,0.5756709336462797
2001,PER.2.16_1,Pomabamba,923,923.2323,144.0,0.1560130010834236,0.15597375177303718
2001,PER.2.17_1,Recuay,2322,2318.0851,403.0,0.173557278208441,0.17385039364261068
2001,PER.2.18_1,Santa,3997,3987.845,12129.0,3.0345258944208156,3.04149232895233
2001,PER.2.19_1,Sihuas,1459,1456.9158,118.0,0.08087731322823852,0.08099301439807335
2001,PER.2.20_1,Yungay,1370,1362.6156,860.0,0.6277372262773723,0.6311391185033965
2001,PER.3.1_1,Abancay,3469,3461.1924,1889.0,0.5445373306428366,0.5457656772620078
2001,PER.3.2_1,Andahuaylas,4011,4018.7208,2527.0,0.6300174520069808,0.6288070602628636
2001,PER.3.3_1,Antabamba,3217,3220.4249,36.0,0.011190550202051602,0.01117864906252295
2001,PER.3.4_1,Aymaraes,4129,4128.1482,424.0,0.10268830225236135,0.10270949067307808
2001,PER.3.5_1,Chincheros,1523,1523.0751,226.0,0.14839133289560077,0.1483840175163446
2001,PER.3.6_1,Cotabambas,2622,2621.0521,0.0,0.0,0.0
2001,PER.3.7_1,Grau,2128,2129.1362,173.0,0.081296992481203,0.08125360854279959
2001,PER.4.1_1,Arequipa,10399,10401.7538,25470.0,2.449273968650832,2.4486255376013952
2001,PER.4.2_1,Camaná,4592,4594.9288,2343.0,0.5102351916376306,0.5099099688497043
2001,PER.4.3_1,Caravelí,13035,13027.441,1148.0,0.08807057920981971,0.08812168129744323
2001,PER.4.4_1,Castilla,7621,7620.9932,1461.0,0.19170712504920615,0.19170729705391243
2001,PER.4.5_1,Caylloma,12048,12035.9001,889.0,0.07378818061088978,0.07386236087174024
2001,PER.4.6_1,Condesuyos,6838,6852.1717,581.0,0.08496636443404504,0.08479063605389829
2001,PER.4.7_1,Islay,3849,3849.9051,3952.0,1.026760197453884,1.026518821919594
2001,PER.4.8_1,La Unión,4893,4893.6009,335.0,0.06846515430206418,0.06845674673124605
2001,PER.5.1_1,Cangallo,1872,1872.5839,75.0,0.04006410256410257,0.04005161092019003
2001,PER.5.2_1,Huamanga,2955,2958.2366,2647.0,0.8957698815566836,0.8947898353610841
2001,PER.5.3_1,Huanca Sancos,2830,2831.2856,42.0,0.014840989399293287,0.014834250519719962
2001,PER.5.4_1,Huanta,3810,3814.0301,824.0,0.2162729658792651,0.21604444125337693
2001,PER.5.5_1,La Mar,4318,4312.4371,173.0,0.040064844835572024,0.04011652751880501
2001,PER.5.6_1,Lucanas,14484,14477.3422,1145.0,0.07905274785970726,0.07908910235017846
2001,PER.5.7_1,Parinacochas,5934,5950.4746,298.0,0.0502190765082575,0.050080039188623325
2001,PER.5.8_1,Paucar del Sara Sara,2090,2081.7527,95.0,0.045454545454545456,0.04563462236299188
2001,PER.5.9_1,Sucre,1781,1786.8708,0.0,0.0,0.0
2001,PER.5.10_1,Victor Fajardo,2276,2265.2791,31.0,0.013620386643233744,0.013684848005742836
2001,PER.5.11_1,Vilcas Huamán,1214,1205.7813,50.0,0.04118616144975288,0.041466889364379714
2001,PER.6.1_1,Cajabamba,1792,1788.6443,357.0,0.19921875,0.1995925071455008
2001,PER.6.2_1,Cajamarca,2977,2977.7902,6372.0,2.140409808532079,2.1398418036977604
2001,PER.6.3_1,Celendín,2582,2580.2493,382.0,0.14794732765298219,0.14804771095693542
2001,PER.6.4_1,Chota,3840,3836.4892,1191.0,0.31015625,0.3104400753124373
2001,PER.6.5_1,Contumazá,2062,2060.9532,904.0,0.4384093113482056,0.4386319921957938
2001,PER.6.6_1,Cutervo,3025,3030.0606,274.0,0.09057851239669422,0.09042723303640712
2001,PER.6.7_1,Hualgayoc,785,783.6578,349.0,0.4445859872611465,0.44534745984112567
2001,PER.6.8_1,Jaén,5027,5025.2434,2052.0,0.40819574298786554,0.4083384287452561
2001,PER.6.9_1,San Ignacio,4891,4894.3699,458.0,0.09364138213044368,0.09357690815164497
2001,PER.6.10_1,San Marcos,1343,1348.0813,180.0,0.1340282948622487,0.13352310277235396
2001,PER.6.11_1,San Miguel,2530,2527.3116,401.0,0.15849802371541502,0.1586666246752545
2001,PER.6.12_1,San Pablo,666,665.0983,261.0,0.3918918918918919,0.3924231779597156
2001,PER.6.13_1,Santa Cruz,1382,1383.2844,198.0,0.14327062228654125,0.1431375961693268
2001,PER.7.1_1,Callao,164,160.8378,8459.0,51.579268292682926,52.59337381348668
2001,PER.8.1_1,Acomayo,935,932.9494,82.0,0.0877005347593583,0.08789329627667068
2001,PER.8.2_1,Anta,1928,1932.7747,861.0,0.4465767634854772,0.44547353969806275
2001,PER.8.3_1,Calca,3559,3559.4921,904.0,0.25400393368923857,0.2539688185736542
2001,PER.8.4_1,Canas,2139,2134.9741,138.0,0.06451612903225806,0.06463778665230924
2001,PER.8.5_1,Canchis,3953,3950.2571,1950.0,0.4932962307108525,0.4936387619461653
2001,PER.8.6_1,Chumbivilcas,5329,5334.9773,270.0,0.05066616626008632,0.05060939977344466
2001,PER.8.7_1,Cusco,530,530.1969,7440.0,14.037735849056604,14.03252181912688
2001,PER.8.8_1,Espinar,5235,5235.9122,1899.0,0.3627507163323782,0.36268751743000244
2001,PER.8.9_1,La Convención,31674,31679.4986,1911.0,0.06033339647660542,0.060322924505294626
2001,PER.8.10_1,Paruro,1966,1966.4681,99.0,0.05035605289928789,0.05034406541017674
2001,PER.8.11_1,Paucartambo,5708,5714.5208,133.0,0.02330063069376314,0.023274042707103124
2001,PER.8.12_1,Quispicanchi,7819,7811.3434,940.0,0.12021997697915335,0.12033781594635677
2001,PER.8.13_1,Urubamba,1463,1459.7168,1681.0,1.149008885850991,1.1515932106092495
2001,PER.9.1_1,Acobamba,921,927.3542,145.0,0.15743756786102062,0.1563588095706832
2001,PER.9.2_1,Angaraes,1942,1944.836,324.0,0.16683831101956745,0.16659502421770006
2001,PER.9.3_1,Castrovirreyna,3960,3958.9592,235.0,0.059343434343434344,0.05935903600116419
2001,PER.9.4_1,Churcampa,1068,1062.7849,549.0,0.5140449438202247,0.516567361169412
2001,PER.9.5_1,Huancavelica,3999,3992.4364,1470.0,0.3675918979744936,0.36819621956996407
2001,PER.9.6_1,Huaytara,6463,6465.2905,354.0,0.05477332508123162,0.05475392012378291
2001,PER.9.7_1,Tayacaja,3735,3730.9345,1379.0,0.3692101740294511,0.3696124955497319
2001,PER.10.1_1,Ambo,1571,1576.1231,411.0,0.26161680458306813,0.26076643973261626
2001,PER.10.2_1,Dos de Mayo,1342,1335.5805,133.0,0.09910581222056632,0.09958216784201407
2001,PER.10.3_1,Huacaybamba,1763,1765.4566,0.0,0.0,0.0
2001,PER.10.4_1,Huamalíes,3158,3166.8282,75.0,0.023749208359721344,0.023683002322194616
2001,PER.10.5_1,Huenuco,4107,4110.2577,3386.0,0.824446067689311,0.8237926256800375
2001,PER.10.6_1,Lauricocha,2076,2083.3213,197.0,0.09489402697495183,0.0945605472392191
2001,PER.10.7_1,Leoncio Prado,4962,4958.1773,2020.0,0.40709391374445786,0.40740777973052866
2001,PER.10.8_1,Marañón,4875,4878.4786,109.0,0.022358974358974357,0.02234303132229544
2001,PER.10.9_1,Pachitea,2655,2647.0304,246.0,0.09265536723163842,0.09293433036651155
2001,PER.10.10_1,Puerto Inca,9819,9814.2188,114.0,0.011610143599144515,0.011615799768834211
2001,PER.10.11_1,Yarowilca,752,746.4216,48.0,0.06382978723404255,0.0643068166450277
2001,PER.11.1_1,Chincha,2899,2905.713,6998.0,2.4139358399448088,2.408358974028884
2001,PER.11.2_1,Ica,7867,7864.1979,11863.0,1.50794457861955,1.5084818838356744
2001,PER.11.3_1,Nazca,5224,5209.8162,3160.0,0.6049004594180705,0.6065473141659615
2001,PER.11.4_1,Palpa,1209,1219.3592,950.0,0.7857733664185277,0.7790977464431783
2001,PER.11.5_1,Pisco,3979,3968.9444,7330.0,1.8421713998492084,1.8468386805030435
2001,PER.12.1_1,Chanchamayo,4671,4674.6736,2823.0,0.6043673731535003,0.6038924334726872
2001,PER.12.2_1,Chupaca,1170,1163.9265,2076.0,1.7743589743589743,1.7836177906599926
2001,PER.12.3_1,Concepción,2242,2248.8693,1900.0,0.847457627118644,0.84486902647217
2001,PER.12.4_1,Huancayo,3738,3734.3439,8043.0,2.151685393258427,2.1537920080931627
2001,PER.12.5_1,Jauja,4385,4383.5123,4407.0,1.0050171037628277,1.005358200770005
2001,PER.12.6_1,Junín,2633,2625.8821,1161.0,0.4409418913786555,0.44213713191328596
2001,PER.12.7_1,Satipo,19490,19497.3878,1135.0,0.05823499230374551,0.05821292647103429
2001,PER.12.8_1,Tarma,2663,2663.9461,4498.0,1.6890724746526473,1.6884725730399608
2001,PER.12.9_1,Yauli,3632,3637.3003,6041.0,1.663270925110132,1.6608472093888744
2001,PER.13.1_1,Ascope,2653,2656.16,6486.0,2.444779494911421,2.441870963505129
2001,PER.13.2_1,Bolívar,1744,1745.5625,0.0,0.0,0.0
2001,PER.13.3_1,Chepén,1153,1150.5574,3053.0,2.647875108412836,2.6534965418721086
2001,PER.13.4_1,Gran Chimú,1305,1306.9247,254.0,0.1946360153256705,0.1943493769744896
2001,PER.13.5_1,Julcan,1107,1110.773,35.0,0.031616982836495035,0.03150958792581618
2001,PER.13.6_1,Otuzco,2088,2088.1443,730.0,0.3496168582375479,0.34959269609276816
2001,PER.13.7_1,Pacasmayo,1119,1119.8766,4586.0,4.098302055406613,4.0950942067132505
2001,PER.13.8_1,Pataz,3991,3989.5251,1133.0,0.2838887496867953,0.28399369809180963
2001,PER.13.9_1,Sánchez Carrión,2501,2494.8258,627.0,0.25069972011195524,0.25132015387621853
2001,PER.13.10_1,Santiago de Chuco,2668,2671.5263,909.0,0.34070464767616193,0.34025492645287236
2001,PER.13.11_1,Trujillo,1767,1766.3122,14841.0,8.398981324278438,8.402252053681831
2001,PER.13.12_1,Viru,3207,3207.8223,2924.0,0.9117555347676957,0.9115218164618667
2001,PER.14.1_1,Chiclayo,3211,3211.4229,12811.0,3.989722827779508,3.9891974471027107
2001,PER.14.2_1,Ferreñafe,1705,1705.7385,1750.0,1.0263929618768328,1.025948583801611
2001,PER.14.3_1,Lambayeque,9365,9366.3112,5731.0,0.6119594233849439,0.6118737520603946
2001,PER.16.1_1,Barranca,1389,1382.5918,4672.0,3.363570914326854,3.3791606786058437
2001,PER.16.2_1,Cajatambo,1525,1527.1172,246.0,0.16131147540983606,0.16108783333146168
2001,PER.16.3_1,Cañete,4605,4605.4107,10860.0,2.3583061889250816,2.3580958581152203
2001,PER.16.4_1,Canta,1690,1693.223,1517.0,0.8976331360946745,0.895924500907712
2001,PER.16.5_1,Huaral,3664,3664.9371,7339.0,2.0030021834061134,2.0024900469588003
2001,PER.16.6_1,Huarochiri,5742,5738.1299,7506.0,1.3072100313479624,1.3080916727661422
2001,PER.16.7_1,Huaura,4947,4942.2427,6524.0,1.3187790580149585,1.3200484844187683
2001,PER.16.8_1,Oyon,1871,1870.9257,1022.0,0.5462319615179049,0.5462536426493515
2001,PER.16.9_1,Yauyos,6916,6912.2907,337.0,0.04872758820127241,0.04875373672201773
2001,PER.15.1_1,Lima,2698,2705.3448,75413.0,27.951445515196443,27.875559428868428
2001,PER.17.1_1,Alto Amazonas,66273,66273.3598,4821.0,0.07274455660676293,0.07274416167198319
2001,PER.17.2_1,Loreto,68509,68480.0481,15221.0,0.22217518866134375,0.22226911942926725
2001,PER.17.3_1,Mariscal Ramón Castilla,38974,38967.2339,679.0,0.01742187099091702,0.017424896038169258
2001,PER.17.4_1,Maynas,132141,132166.5145,5264.0,0.03983623553628321,0.03982854521104148
2001,PER.17.5_1,Requena,39626,39634.3226,287.0,0.0072427194266390755,0.007241198571096178
2001,PER.17.6_1,Ucayali,29932,29924.9451,375.0,0.012528397701456634,0.012531351324432933
2001,PER.18.1_1,Manu,28191,28189.1616,867.0,0.030754496115781634,0.030756501827628038
2001,PER.18.2_1,Tahuamanu,20252,20245.0595,171.0,0.008443610507604187,0.008446505194243326
2001,PER.18.3_1,Tambopata,35907,35901.8019,1566.0,0.043612666053972765,0.04361898064190289
2001,PER.19.1_1,General Sánchez Cerro,5722,5725.7242,288.0,0.05033205173016428,0.05029931406600836
2001,PER.19.2_1,Ilo,1366,1372.4439,4816.0,3.5256222547584186,3.509068637335832
2001,PER.19.3_1,Mariscal Nieto,8656,8657.94,5976.0,0.6903881700554528,0.6902334711095691
2001,PER.20.1_1,Daniel Alcides Carrión,1529,1523.3131,154.0,0.10071942446043165,0.10109543686522936
2001,PER.20.2_1,Oxapampa,17693,17695.4834,1230.0,0.06951901882100266,0.0695092625570589
2001,PER.20.3_1,Pasco,4753,4751.908,5096.0,1.0721649484536082,1.072411332920255
2001,PER.21.1_1,Ayabaca,5206,5197.2449,302.0,0.058009988474836724,0.05810771062635972
2001,PER.21.2_1,Huancabamba,4280,4276.7233,449.0,0.10490654205607476,0.10498691880505714
2001,PER.21.3_1,Morropón,3810,3811.6782,1576.0,0.4136482939632546,0.4134661711495362
2001,PER.21.4_1,Paita,1747,1750.2889,2474.0,1.4161419576416714,1.4134809510957493
2001,PER.21.5_1,Piura,6150,6149.5744,11571.0,1.8814634146341462,1.8815936277150473
2001,PER.21.6_1,Sechura,6472,6478.1826,1661.0,0.2566440049443758,0.2563990717690951
2001,PER.21.7_1,Sullana,5263,5254.043,4676.0,0.88846665399962,0.8899812920814196
2001,PER.21.8_1,Talara,2932,2939.2512,8974.0,3.0607094133697137,3.053158586049154
2001,PER.22.1_1,Azángaro,5245,5231.2106,2084.0,0.39733079122974263,0.3983781482822987
2001,PER.22.2_1,Carabaya,11680,11690.4688,417.0,0.03570205479452055,0.035670083743098595
2001,PER.22.3_1,Chucuíto,3940,3941.2265,691.0,0.17538071065989846,0.17532613143135936
2001,PER.22.4_1,El Collao,5653,5651.7589,859.0,0.1519547143109853,0.1519880832034009
2001,PER.22.5_1,Huancane,2818,2828.4046,396.0,0.14052519517388218,0.14000825842057996
2001,PER.22.6_1,Lago Titicaca,5287,5283.4928,1201.0,0.22716096084736145,0.22731175213092902
2001,PER.22.7_1,Lampa,5711,5717.1909,715.0,0.12519698826825423,0.12506141748148414
2001,PER.22.8_1,Melgar,6535,6541.587,1517.0,0.23213465952563123,0.23190091175208194
2001,PER.22.9_1,Moho,1039,1031.7237,248.0,0.2386910490856593,0.2403744311146223
2001,PER.22.10_1,Puno,6525,6518.8824,3365.0,0.5157088122605364,0.5161927758664058
2001,PER.22.11_1,San Antonio de Putina,3149,3140.0951,466.0,0.1479834868212131,0.14840314660747958
2001,PER.22.12_1,San Román,2280,2280.1851,4651.0,2.0399122807017545,2.039746690595421
2001,PER.22.13_1,Sandia,12540,12540.8815,180.0,0.014354066985645933,0.014353058082108133
2001,PER.22.14_1,Yunguyo,297,302.7066,429.0,1.4444444444444444,1.4172137635981663
2001,PER.23.1_1,Bellavista,7793,7790.7683,698.0,0.08956756063133581,0.08959321809423546
2001,PER.23.2_1,El Dorado,1319,1318.8251,117.0,0.0887035633055345,0.08871532910112855
2001,PER.23.3_1,Huallaga,2365,2359.6027,322.0,0.1361522198731501,0.13646364955294976
2001,PER.23.4_1,Lamas,5011,5010.8022,834.0,0.16643384553981241,0.1664404168770275
2001,PER.23.5_1,Mariscal Cáceres,14425,14434.6489,615.0,0.042634315424610054,0.04260581627277539
2001,PER.23.6_1,Moyobamba,3795,3794.5532,1820.0,0.4795783926218709,0.479634858454445
2001,PER.23.7_1,Picota,2126,2134.7792,392.0,0.18438381937911572,0.18362554353114802
2001,PER.23.8_1,Rioja,2593,2598.5485,1701.0,0.655996914770536,0.6545962197298334
2001,PER.23.9_1,San Martín,4817,4823.345,3077.0,0.6387793232302262,0.6379390284696814
2001,PER.23.10_1,Tocache,6111,6102.5482,1131.0,0.18507609229258715,0.18533241671263037
2001,PER.24.1_1,Candarave,2305,2304.2136,499.0,0.21648590021691974,0.21655978819812252
2001,PER.24.2_1,Jorge Basadre,2750,2746.7382,3059.0,1.1123636363636364,1.1136845779448838
2001,PER.24.3_1,Tacna,8159,8162.2685,9167.0,1.1235445520284348,1.123094645167646
2001,PER.24.4_1,Tarata,2788,2785.0639,325.0,0.11657101865136299,0.11669391013476203
2001,PER.25.1_1,Contralmirante Villar,2134,2127.3485,674.0,0.3158388003748828,0.31682631921709253
2001,PER.25.2_1,Tumbes,1785,1786.2221,4294.0,2.4056022408963584,2.4039564110763316
2001,PER.25.3_1,Zarumilla,721,728.412,2516.0,3.4895977808599166,3.4540889939592416
2001,PER.26.1_1,Atalaya,38581,38583.1679,155.0,0.004017521577978798,0.004017295841754476
2001,PER.26.2_1,Coronel Portillo,39067,39060.4079,6646.0,0.17011800240612282,0.17014671251370675
2001,PER.26.3_1,Padre Abad,9291,9288.8146,811.0,0.08728877408244538,0.0873093105413348
2001,PER.26.4_1,Purús,18173,18145.6829,31.0,0.0017058273262532328,0.0017083953355784697
2002,PER.1.1_1,Bagua,5897,5891.871,895.0,0.15177208750211973,0.15190420882679384
2002,PER.1.2_1,Bongará,2824,2829.7375,77.0,0.02726628895184136,0.027211004878771844
2002,PER.1.3_1,Chachapoyas,2999,2997.3637,1209.0,0.403134378126042,0.40335444925207625
2002,PER.1.4_1,Condorcanqui,17948,17952.2232,34.0,0.001894361488745264,0.0018939158428829812
2002,PER.1.5_1,Luya,3367,3359.4489,347.0,0.10305910305910305,0.10329074988797976
2002,PER.1.6_1,Rodríguez de Mendoza,2682,2681.7449,98.0,0.036539895600298286,0.03654337171249473
2002,PER.1.7_1,Utcubamba,3871,3870.408,1642.0,0.42417979850167914,0.42424467407414834
2002,PER.2.1_1,Aija,696,697.1118,107.0,0.15373563218390804,0.1534904430487608
2002,PER.2.2_1,Antonio Raymondi,559,561.5141,29.0,0.0518783542039356,0.05164607444655036
2002,PER.2.3_1,Asunción,524,524.8509,111.0,0.21183206106870228,0.2114886327490668
2002,PER.2.4_1,Bolognesi,3069,3067.2607,541.0,0.17627891821440209,0.17637887626783033
2002,PER.2.5_1,Carhuaz,817,816.2705,1052.0,1.2876376988984088,1.2887884451473635
2002,PER.2.6_1,Carlos Fermin Fitzcarrald,628,627.065,26.0,0.041401273885350316,0.04146300708289264
2002,PER.2.7_1,Casma,2274,2279.5761,1881.0,0.8271767810026385,0.825153412038531
2002,PER.2.8_1,Corongo,1016,1015.6517,218.0,0.21456692913385828,0.21464052114482024
2002,PER.2.9_1,Huaraz,2499,2501.0478,3536.0,1.4149659863945578,1.4138074433767016
2002,PER.2.10_1,Huari,2799,2790.2845,2607.0,0.9314040728831725,0.9343133230256165
2002,PER.2.11_1,Huarmey,3927,3933.9868,938.0,0.23885918003565063,0.23843496415642032
2002,PER.2.12_1,Huaylas,2277,2284.0483,1103.0,0.484409310496267,0.4829144876439264
2002,PER.2.13_1,Mariscal Luzuriaga,731,733.0131,39.0,0.0533515731874145,0.05320505430210302
2002,PER.2.14_1,Ocros,1943,1949.2401,55.0,0.028306742151312403,0.028216123994872368
2002,PER.2.15_1,Pallasca,2067,2063.679,1223.0,0.5916787614900823,0.5926309359001685
2002,PER.2.16_1,Pomabamba,923,923.2323,156.0,0.16901408450704225,0.16897156442079028
2002,PER.2.17_1,Recuay,2322,2318.0851,514.0,0.22136089577950044,0.22173474524144388
2002,PER.2.18_1,Santa,3997,3987.845,12094.0,3.0257693269952464,3.0327156588630126
2002,PER.2.19_1,Sihuas,1459,1456.9158,168.0,0.11514736120630568,0.11531208829556205
2002,PER.2.20_1,Yungay,1370,1362.6156,881.0,0.6430656934306569,0.6465506551180144
2002,PER.3.1_1,Abancay,3469,3461.1924,1850.0,0.5332948976650331,0.5344978840310822
2002,PER.3.2_1,Andahuaylas,4011,4018.7208,2502.0,0.6237845923709798,0.6225861752187117
2002,PER.3.3_1,Antabamba,3217,3220.4249,13.0,0.004041032017407522,0.004036734383688843
2002,PER.3.4_1,Aymaraes,4129,4128.1482,441.0,0.10680552191813998,0.106827559874593
2002,PER.3.5_1,Chincheros,1523,1523.0751,228.0,0.14970453053184504,0.14969715041471934
2002,PER.3.6_1,Cotabambas,2622,2621.0521,0.0,0.0,0.0
2002,PER.3.7_1,Grau,2128,2129.1362,173.0,0.081296992481203,0.08125360854279959
2002,PER.4.1_1,Arequipa,10399,10401.7538,26787.0,2.5759207616116933,2.5752388015598187
2002,PER.4.2_1,Camaná,4592,4594.9288,2371.0,0.5163327526132404,0.5160036432533712
2002,PER.4.3_1,Caravelí,13035,13027.441,1225.0,0.09397775220560031,0.09403228187227175
2002,PER.4.4_1,Castilla,7621,7620.9932,1547.0,0.20299173336832438,0.2029919154978799
2002,PER.4.5_1,Caylloma,12048,12035.9001,991.0,0.0822543160690571,0.08233700745095003
2002,PER.4.6_1,Condesuyos,6838,6852.1717,600.0,0.08774495466510676,0.08756347957373319
2002,PER.4.7_1,Islay,3849,3849.9051,3949.0,1.025980774227072,1.0257395819231976
2002,PER.4.8_1,La Unión,4893,4893.6009,362.0,0.07398324136521561,0.07397415616928678
2002,PER.5.1_1,Cangallo,1872,1872.5839,75.0,0.04006410256410257,0.04005161092019003
2002,PER.5.2_1,Huamanga,2955,2958.2366,2654.0,0.8981387478849407,0.89715610995403
2002,PER.5.3_1,Huanca Sancos,2830,2831.2856,49.0,0.017314487632508833,0.017306625606339953
2002,PER.5.4_1,Huanta,3810,3814.0301,841.0,0.22073490813648294,0.22050166880350727
2002,PER.5.5_1,La Mar,4318,4312.4371,288.0,0.0666975451597962,0.06678358338390661
2002,PER.5.6_1,Lucanas,14484,14477.3422,1405.0,0.09700359016846175,0.09704819982707488
2002,PER.5.7_1,Parinacochas,5934,5950.4746,305.0,0.051398719245028646,0.05125641594808763
2002,PER.5.8_1,Paucar del Sara Sara,2090,2081.7527,107.0,0.05119617224880383,0.051398995714106645
2002,PER.5.9_1,Sucre,1781,1786.8708,0.0,0.0,0.0
2002,PER.5.10_1,Victor Fajardo,2276,2265.2791,32.0,0.014059753954305799,0.014126294715605508
2002,PER.5.11_1,Vilcas Huamán,1214,1205.7813,55.0,0.045304777594728174,0.045613578300817685
2002,PER.6.1_1,Cajabamba,1792,1788.6443,393.0,0.21930803571428573,0.21971948265597147
2002,PER.6.2_1,Cajamarca,2977,2977.7902,7043.0,2.3658045011756803,2.3651766829007106
2002,PER.6.3_1,Celendín,2582,2580.2493,392.0,0.15182029434546862,0.1519233054846039
2002,PER.6.4_1,Chota,3840,3836.4892,1141.0,0.29713541666666665,0.2974073265587665
2002,PER.6.5_1,Contumazá,2062,2060.9532,954.0,0.4626576139670223,0.46289261123317177
2002,PER.6.6_1,Cutervo,3025,3030.0606,288.0,0.09520661157024793,0.09504760260761042
2002,PER.6.7_1,Hualgayoc,785,783.6578,321.0,0.4089171974522293,0.4096175776762216
2002,PER.6.8_1,Jaén,5027,5025.2434,2060.0,0.4097871493932763,0.4099303914304228
2002,PER.6.9_1,San Ignacio,4891,4894.3699,406.0,0.08300960948681252,0.08295245569774641
2002,PER.6.10_1,San Marcos,1343,1348.0813,194.0,0.14445271779597915,0.1439082329879815
2002,PER.6.11_1,San Miguel,2530,2527.3116,421.0,0.16640316205533598,0.16658017204060385
2002,PER.6.12_1,San Pablo,666,665.0983,285.0,0.42792792792792794,0.42850806788704576
2002,PER.6.13_1,Santa Cruz,1382,1383.2844,204.0,0.1476121562952243,0.14747509908354883
2002,PER.7.1_1,Callao,164,160.8378,8459.0,51.579268292682926,52.59337381348668
2002,PER.8.1_1,Acomayo,935,932.9494,75.0,0.08021390374331551,0.08039021000915
2002,PER.8.2_1,Anta,1928,1932.7747,839.0,0.43516597510373445,0.4340909405420147
2002,PER.8.3_1,Calca,3559,3559.4921,845.0,0.2374262433267772,0.23739342001630293
2002,PER.8.4_1,Canas,2139,2134.9741,137.0,0.06404862085086489,0.06416939689395916
2002,PER.8.5_1,Canchis,3953,3950.2571,1943.0,0.4915254237288136,0.49186672536482007
2002,PER.8.6_1,Chumbivilcas,5329,5334.9773,283.0,0.05310564833927566,0.05304614865142533
2002,PER.8.7_1,Cusco,530,530.1969,7429.0,14.016981132075472,14.011774811060965
2002,PER.8.8_1,Espinar,5235,5235.9122,2014.0,0.3847182425978988,0.3846512164844786
2002,PER.8.9_1,La Convención,31674,31679.4986,2453.0,0.07744522321146682,0.07743178116770681
2002,PER.8.10_1,Paruro,1966,1966.4681,94.0,0.04781281790437437,0.0478014358440062
2002,PER.8.11_1,Paucartambo,5708,5714.5208,162.0,0.028381219341275403,0.02834883397406546
2002,PER.8.12_1,Quispicanchi,7819,7811.3434,966.0,0.12354521038495972,0.12366630872785175
2002,PER.8.13_1,Urubamba,1463,1459.7168,1676.0,1.1455912508544088,1.1481678887454503
2002,PER.9.1_1,Acobamba,921,927.3542,205.0,0.22258414766558088,0.22105900663441416
2002,PER.9.2_1,Angaraes,1942,1944.836,346.0,0.17816683831101957,0.17790703203495128
2002,PER.9.3_1,Castrovirreyna,3960,3958.9592,238.0,0.0601010101010101,0.06011681092883863
2002,PER.9.4_1,Churcampa,1068,1062.7849,655.0,0.6132958801498127,0.6163053216137795
2002,PER.9.5_1,Huancavelica,3999,3992.4364,1445.0,0.36134033508377095,0.3619343791010871
2002,PER.9.6_1,Huaytara,6463,6465.2905,583.0,0.09020578678632214,0.09017382890442215
2002,PER.9.7_1,Tayacaja,3735,3730.9345,1388.0,0.371619812583668,0.3720247598426598
2002,PER.10.1_1,Ambo,1571,1576.1231,427.0,0.27180140038192235,0.27091793130371566
2002,PER.10.2_1,Dos de Mayo,1342,1335.5805,137.0,0.10208643815201192,0.10257712025831524
2002,PER.10.3_1,Huacaybamba,1763,1765.4566,0.0,0.0,0.0
2002,PER.10.4_1,Huamalíes,3158,3166.8282,69.0,0.021849271690943636,0.02178836213641905
2002,PER.10.5_1,Huenuco,4107,4110.2577,3411.0,0.8305332359386414,0.8298749693427666
2002,PER.10.6_1,Lauricocha,2076,2083.3213,194.0,0.09344894026974952,0.09312053890562692
2002,PER.10.7_1,Leoncio Prado,4962,4958.1773,2044.0,0.41193067311567916,0.41224826820257454
2002,PER.10.8_1,Marañón,4875,4878.4786,119.0,0.02441025641025641,0.024392850709661993
2002,PER.10.9_1,Pachitea,2655,2647.0304,263.0,0.09905838041431261,0.09935662148940057
2002,PER.10.10_1,Puerto Inca,9819,9814.2188,117.0,0.011915673693858845,0.011921478710119322
2002,PER.10.11_1,Yarowilca,752,746.4216,53.0,0.07047872340425532,0.07100544337888474
2002,PER.11.1_1,Chincha,2899,2905.713,6922.0,2.3877199034149705,2.3822036036336005
2002,PER.11.2_1,Ica,7867,7864.1979,11748.0,1.493326553959578,1.4938586505354043
2002,PER.11.3_1,Nazca,5224,5209.8162,3200.0,0.6125574272588055,0.6142251282693282
2002,PER.11.4_1,Palpa,1209,1219.3592,977.0,0.8081058726220016,0.8012405244999844
2002,PER.11.5_1,Pisco,3979,3968.9444,7137.0,1.793666750439809,1.798211140893618
2002,PER.12.1_1,Chanchamayo,4671,4674.6736,2767.0,0.5923785056733034,0.5919129873960062
2002,PER.12.2_1,Chupaca,1170,1163.9265,2073.0,1.7717948717948717,1.7810403083035475
2002,PER.12.3_1,Concepción,2242,2248.8693,1870.0,0.8340767172167708,0.8315289892120831
2002,PER.12.4_1,Huancayo,3738,3734.3439,7914.0,2.117174959871589,2.1192477871502287
2002,PER.12.5_1,Jauja,4385,4383.5123,4362.0,0.9947548460661345,0.9950924601222514
2002,PER.12.6_1,Junín,2633,2625.8821,1170.0,0.4443600455753893,0.4455645515405207
2002,PER.12.7_1,Satipo,19490,19497.3878,1287.0,0.06603386351975372,0.0660088426151728
2002,PER.12.8_1,Tarma,2663,2663.9461,4324.0,1.623732632369508,1.6231559372665163
2002,PER.12.9_1,Yauli,3632,3637.3003,5869.0,1.6159140969162995,1.6135593894890423
2002,PER.13.1_1,Ascope,2653,2656.16,6588.0,2.4832265359969847,2.4802722645038227
2002,PER.13.2_1,Bolívar,1744,1745.5625,0.0,0.0,0.0
2002,PER.13.3_1,Chepén,1153,1150.5574,3061.0,2.6548135299219426,2.6604496936359396
2002,PER.13.4_1,Gran Chimú,1305,1306.9247,259.0,0.19846743295019156,0.1981751521117827
2002,PER.13.5_1,Julcan,1107,1110.773,76.0,0.06865401987353206,0.06842081949605798
2002,PER.13.6_1,Otuzco,2088,2088.1443,852.0,0.40804597701149425,0.40801777680964174
2002,PER.13.7_1,Pacasmayo,1119,1119.8766,4666.0,4.1697944593386955,4.166530651662456
2002,PER.13.8_1,Pataz,3991,3989.5251,1179.0,0.2954146830368329,0.2955238923656166
2002,PER.13.9_1,Sánchez Carrión,2501,2494.8258,716.0,0.28628548580567775,0.2869939875205303
2002,PER.13.10_1,Santiago de Chuco,2668,2671.5263,1045.0,0.3916791604197901,0.3911621541729941
2002,PER.13.11_1,Trujillo,1767,1766.3122,14794.0,8.372382569326541,8.375642940648811
2002,PER.13.12_1,Viru,3207,3207.8223,2906.0,0.9061428125974431,0.9059105330499948
2002,PER.14.1_1,Chiclayo,3211,3211.4229,13045.0,4.062597321706633,4.062062344661218
2002,PER.14.2_1,Ferreñafe,1705,1705.7385,1820.0,1.067448680351906,1.0669865271536754
2002,PER.14.3_1,Lambayeque,9365,9366.3112,5932.0,0.6334223171382808,0.6333336411136383
2002,PER.16.1_1,Barranca,1389,1382.5918,4613.0,3.3210943124550036,3.3364872025703676
2002,PER.16.2_1,Cajatambo,1525,1527.1172,255.0,0.16721311475409836,0.16698129064846637
2002,PER.16.3_1,Cañete,4605,4605.4107,10772.0,2.3391965255157436,2.3389878990439366
2002,PER.16.4_1,Canta,1690,1693.223,1306.0,0.7727810650887574,0.7713100844993223
2002,PER.16.5_1,Huaral,3664,3664.9371,7386.0,2.015829694323144,2.0153142780811693
2002,PER.16.6_1,Huarochiri,5742,5738.1299,7377.0,1.2847439916405434,1.2856104809480189
2002,PER.16.7_1,Huaura,4947,4942.2427,6567.0,1.3274711946634323,1.3287489879181562
2002,PER.16.8_1,Oyon,1871,1870.9257,1102.0,0.5889898450026724,0.5890132232872656
2002,PER.16.9_1,Yauyos,6916,6912.2907,299.0,0.043233082706766915,0.04325628272962404
2002,PER.15.1_1,Lima,2698,2705.3448,75310.0,27.913269088213493,27.837486648032584
2002,PER.17.1_1,Alto Amazonas,66273,66273.3598,4999.0,0.07543041661008254,0.07543000709359966
2002,PER.17.2_1,Loreto,68509,68480.0481,15411.0,0.22494854690624588,0.22504365018884684
2002,PER.17.3_1,Mariscal Ramón Castilla,38974,38967.2339,676.0,0.01734489659773182,0.017347908279532278
2002,PER.17.4_1,Maynas,132141,132166.5145,5366.0,0.04060813827653794,0.04060029893663537
2002,PER.17.5_1,Requena,39626,39634.3226,376.0,0.0094887195275829,0.009486727047847258
2002,PER.17.6_1,Ucayali,29932,29924.9451,387.0,0.012929306427903247,0.012932354566814786
2002,PER.18.1_1,Manu,28191,28189.1616,884.0,0.0313575254513852,0.03135957049091486
2002,PER.18.2_1,Tahuamanu,20252,20245.0595,182.0,0.008986766739087498,0.008989847633639095
2002,PER.18.3_1,Tambopata,35907,35901.8019,1602.0,0.04461525607820202,0.044621715829073066
2002,PER.19.1_1,General Sánchez Cerro,5722,5725.7242,302.0,0.05277874868926949,0.05274441961088377
2002,PER.19.2_1,Ilo,1366,1372.4439,4767.0,3.4897510980966326,3.4733659041071245
2002,PER.19.3_1,Mariscal Nieto,8656,8657.94,6406.0,0.7400646950092421,0.7398988647804383
2002,PER.20.1_1,Daniel Alcides Carrión,1529,1523.3131,168.0,0.10987573577501634,0.11028593112570474
2002,PER.20.2_1,Oxapampa,17693,17695.4834,1255.0,0.07093200700842141,0.07092205244643002
2002,PER.20.3_1,Pasco,4753,4751.908,5340.0,1.1235009467704609,1.1237591282955577
2002,PER.21.1_1,Ayabaca,5206,5197.2449,345.0,0.06626968882059163,0.06638132505329174
2002,PER.21.2_1,Huancabamba,4280,4276.7233,543.0,0.12686915887850467,0.1269663628310602
2002,PER.21.3_1,Morropón,3810,3811.6782,1684.0,0.441994750656168,0.44180014734506284
2002,PER.21.4_1,Paita,1747,1750.2889,2602.0,1.4894104178591872,1.4866117359543816
2002,PER.21.5_1,Piura,6150,6149.5744,11502.0,1.8702439024390245,1.870373339035388
2002,PER.21.6_1,Sechura,6472,6478.1826,1725.0,0.2665327564894932,0.2662783857927087
2002,PER.21.7_1,Sullana,5263,5254.043,4698.0,0.8926467794033821,0.8941685436694845
2002,PER.21.8_1,Talara,2932,2939.2512,9031.0,3.080150068212824,3.0725512804334643
2002,PER.22.1_1,Azángaro,5245,5231.2106,2160.0,0.41182078169685415,0.4129063341121714
2002,PER.22.2_1,Carabaya,11680,11690.4688,500.0,0.04280821917808219,0.042769884584051066
2002,PER.22.3_1,Chucuíto,3940,3941.2265,729.0,0.1850253807106599,0.18496780001948043
2002,PER.22.4_1,El Collao,5653,5651.7589,842.0,0.14894746152485405,0.14898017003173872
2002,PER.22.5_1,Huancane,2818,2828.4046,396.0,0.14052519517388218,0.14000825842057996
2002,PER.22.6_1,Lago Titicaca,5287,5283.4928,1215.0,0.2298089653867978,0.2299615144372013
2002,PER.22.7_1,Lampa,5711,5717.1909,762.0,0.1334267203642094,0.13328223793131597
2002,PER.22.8_1,Melgar,6535,6541.587,1636.0,0.2503442999234889,0.2500922159699447
2002,PER.22.9_1,Moho,1039,1031.7237,265.0,0.2550529355149182,0.2568517106668343
2002,PER.22.10_1,Puno,6525,6518.8824,3636.0,0.5572413793103448,0.5577643188856617
2002,PER.22.11_1,San Antonio de Putina,3149,3140.0951,513.0,0.16290885995554144,0.1633708459434271
2002,PER.22.12_1,San Román,2280,2280.1851,4663.0,2.045175438596491,2.04500942125273
2002,PER.22.13_1,Sandia,12540,12540.8815,203.0,0.016188197767145137,0.016187059948155284
2002,PER.22.14_1,Yunguyo,297,302.7066,452.0,1.5218855218855218,1.4931949210871123
2002,PER.23.1_1,Bellavista,7793,7790.7683,711.0,0.09123572436802259,0.0912618596919791
2002,PER.23.2_1,El Dorado,1319,1318.8251,124.0,0.09401061410159212,0.0940230838336747
2002,PER.23.3_1,Huallaga,2365,2359.6027,322.0,0.1361522198731501,0.13646364955294976
2002,PER.23.4_1,Lamas,5011,5010.8022,1079.0,0.21532628217920574,0.21533478394521904
2002,PER.23.5_1,Mariscal Cáceres,14425,14434.6489,647.0,0.0448526863084922,0.04482270427396045
2002,PER.23.6_1,Moyobamba,3795,3794.5532,1865.0,0.4914361001317523,0.4914939620975494
2002,PER.23.7_1,Picota,2126,2134.7792,402.0,0.18908748824082786,0.1883098686212283
2002,PER.23.8_1,Rioja,2593,2598.5485,1787.0,0.6891631315079059,0.6876916194339873
2002,PER.23.9_1,San Martín,4817,4823.345,3231.0,0.6707494291052523,0.6698670786433346
2002,PER.23.10_1,Tocache,6111,6102.5482,1223.0,0.20013091147111767,0.20040808633028023
2002,PER.24.1_1,Candarave,2305,2304.2136,505.0,0.21908893709327548,0.21916371350711797
2002,PER.24.2_1,Jorge Basadre,2750,2746.7382,3129.0,1.1378181818181818,1.1391693508955678
2002,PER.24.3_1,Tacna,8159,8162.2685,8896.0,1.090329697266822,1.089893090805212
2002,PER.24.4_1,Tarata,2788,2785.0639,326.0,0.11692969870875179,0.11705296831979208
2002,PER.25.1_1,Contralmirante Villar,2134,2127.3485,660.0,0.30927835051546393,0.3102453570968562
2002,PER.25.2_1,Tumbes,1785,1786.2221,4315.0,2.4173669467787113,2.415713067953975
2002,PER.25.3_1,Zarumilla,721,728.412,2577.0,3.574202496532594,3.5378328050210515
2002,PER.26.1_1,Atalaya,38581,38583.1679,185.0,0.004795106399523082,0.004794836972416632
2002,PER.26.2_1,Coronel Portillo,39067,39060.4079,6886.0,0.17626129469885068,0.17629104158431907
2002,PER.26.3_1,Padre Abad,9291,9288.8146,841.0,0.09051770530621031,0.0905390014368219
2002,PER.26.4_1,Purús,18173,18145.6829,40.0,0.002201067517746107,0.0022043810781657673
2003,PER.1.1_1,Bagua,5897,5891.871,931.0,0.1578768865524843,0.15801432225446377
2003,PER.1.2_1,Bongará,2824,2829.7375,151.0,0.05347025495750708,0.05336184073629284
2003,PER.1.3_1,Chachapoyas,2999,2997.3637,1216.0,0.40546848949649883,0.4056898348143298
2003,PER.1.4_1,Condorcanqui,17948,17952.2232,38.0,0.0021172275462447068,0.00211672947145745
2003,PER.1.5_1,Luya,3367,3359.4489,351.0,0.10424710424710425,0.1044814213564291
2003,PER.1.6_1,Rodríguez de Mendoza,2682,2681.7449,84.0,0.03131991051454139,0.031322890039281195
2003,PER.1.7_1,Utcubamba,3871,3870.408,1695.0,0.4378713510720744,0.437938320679465
2003,PER.2.1_1,Aija,696,697.1118,143.0,0.20545977011494254,0.20513208743899808
2003,PER.2.2_1,Antonio Raymondi,559,561.5141,18.0,0.03220035778175313,0.03205618413923816
2003,PER.2.3_1,Asunción,524,524.8509,94.0,0.17938931297709923,0.179098481787498
2003,PER.2.4_1,Bolognesi,3069,3067.2607,544.0,0.17725643532095145,0.1773569476704246
2003,PER.2.5_1,Carhuaz,817,816.2705,1367.0,1.6731946144430845,1.6746899282475722
2003,PER.2.6_1,Carlos Fermin Fitzcarrald,628,627.065,48.0,0.07643312101910828,0.07654708999918641
2003,PER.2.7_1,Casma,2274,2279.5761,1965.0,0.8641160949868074,0.8620023682380188
2003,PER.2.8_1,Corongo,1016,1015.6517,229.0,0.22539370078740156,0.22547100615671484
2003,PER.2.9_1,Huaraz,2499,2501.0478,3748.0,1.4997999199679872,1.4985719167918206
2003,PER.2.10_1,Huari,2799,2790.2845,2644.0,0.9446230796713112,0.9475736195165823
2003,PER.2.11_1,Huarmey,3927,3933.9868,931.0,0.23707664884135474,0.23665559875226794
2003,PER.2.12_1,Huaylas,2277,2284.0483,1232.0,0.5410628019323671,0.5393931539232252
2003,PER.2.13_1,Mariscal Luzuriaga,731,733.0131,43.0,0.058823529411764705,0.05866198294847256
2003,PER.2.14_1,Ocros,1943,1949.2401,67.0,0.034482758620689655,0.034372369230117245
2003,PER.2.15_1,Pallasca,2067,2063.679,1053.0,0.5094339622641509,0.5102537820955662
2003,PER.2.16_1,Pomabamba,923,923.2323,159.0,0.1722643553629469,0.17222101758272856
2003,PER.2.17_1,Recuay,2322,2318.0851,609.0,0.2622739018087855,0.262716847961166
2003,PER.2.18_1,Santa,3997,3987.845,12102.0,3.0277708281210907,3.0347217548834284
2003,PER.2.19_1,Sihuas,1459,1456.9158,226.0,0.1549006168608636,0.15512221401664897
2003,PER.2.20_1,Yungay,1370,1362.6156,1051.0,0.7671532846715329,0.7713107134268253
2003,PER.3.1_1,Abancay,3469,3461.1924,1849.0,0.5330066301527818,0.5342089662559303
2003,PER.3.2_1,Andahuaylas,4011,4018.7208,2461.0,0.6135627025679382,0.6123839237463028
2003,PER.3.3_1,Antabamba,3217,3220.4249,0.0,0.0,0.0
2003,PER.3.4_1,Aymaraes,4129,4128.1482,378.0,0.09154759021554856,0.09156647989250828
2003,PER.3.5_1,Chincheros,1523,1523.0751,207.0,0.13591595535128037,0.13590925498178466
2003,PER.3.6_1,Cotabambas,2622,2621.0521,0.0,0.0,0.0
2003,PER.3.7_1,Grau,2128,2129.1362,170.0,0.07988721804511278,0.07984458642934064
2003,PER.4.1_1,Arequipa,10399,10401.7538,27213.0,2.616886239061448,2.6161934336374864
2003,PER.4.2_1,Camaná,4592,4594.9288,2381.0,0.5185104529616724,0.5181799555403952
2003,PER.4.3_1,Caravelí,13035,13027.441,1254.0,0.09620253164556962,0.09625835221863573
2003,PER.4.4_1,Castilla,7621,7620.9932,1638.0,0.21493242356646108,0.21493261640951988
2003,PER.4.5_1,Caylloma,12048,12035.9001,1038.0,0.08615537848605578,0.08624199165901729
2003,PER.4.6_1,Condesuyos,6838,6852.1717,617.0,0.09023106171395144,0.09004444482832229
2003,PER.4.7_1,Islay,3849,3849.9051,3923.0,1.0192257729280332,1.018986168621095
2003,PER.4.8_1,La Unión,4893,4893.6009,334.0,0.06826078070713264,0.06825239823354085
2003,PER.5.1_1,Cangallo,1872,1872.5839,76.0,0.0405982905982906,0.040585632399125895
2003,PER.5.2_1,Huamanga,2955,2958.2366,2834.0,0.9590524534686972,0.9580031709154939
2003,PER.5.3_1,Huanca Sancos,2830,2831.2856,36.0,0.012720848056537103,0.012715071874045681
2003,PER.5.4_1,Huanta,3810,3814.0301,937.0,0.24593175853018373,0.24567189496894926
2003,PER.5.5_1,La Mar,4318,4312.4371,553.0,0.12806855025474756,0.1282337555947929
2003,PER.5.6_1,Lucanas,14484,14477.3422,1419.0,0.09797017398508699,0.09801522815275392
2003,PER.5.7_1,Parinacochas,5934,5950.4746,306.0,0.05156723963599596,0.051424469770868245
2003,PER.5.8_1,Paucar del Sara Sara,2090,2081.7527,108.0,0.05167464114832536,0.051879360160032875
2003,PER.5.9_1,Sucre,1781,1786.8708,0.0,0.0,0.0
2003,PER.5.10_1,Victor Fajardo,2276,2265.2791,27.0,0.011862917398945518,0.011919061166292148
2003,PER.5.11_1,Vilcas Huamán,1214,1205.7813,49.0,0.04036243822075782,0.04063755157709212
2003,PER.6.1_1,Cajabamba,1792,1788.6443,454.0,0.2533482142857143,0.25382352449315787
2003,PER.6.2_1,Cajamarca,2977,2977.7902,7685.0,2.581457843466577,2.5807727968325938
2003,PER.6.3_1,Celendín,2582,2580.2493,411.0,0.15917893106119288,0.15928693508717398
2003,PER.6.4_1,Chota,3840,3836.4892,1183.0,0.30807291666666664,0.30835483551184995
2003,PER.6.5_1,Contumazá,2062,2060.9532,970.0,0.47041707080504364,0.4706560093251327
2003,PER.6.6_1,Cutervo,3025,3030.0606,318.0,0.10512396694214876,0.10494839454590316
2003,PER.6.7_1,Hualgayoc,785,783.6578,317.0,0.40382165605095544,0.404513308795521
2003,PER.6.8_1,Jaén,5027,5025.2434,2066.0,0.4109807041973344,0.4111243634442978
2003,PER.6.9_1,San Ignacio,4891,4894.3699,430.0,0.08791658147618074,0.08785604913800729
2003,PER.6.10_1,San Marcos,1343,1348.0813,218.0,0.16232315711094564,0.1617113133576287
2003,PER.6.11_1,San Miguel,2530,2527.3116,452.0,0.17865612648221343,0.17884617045689533
2003,PER.6.12_1,San Pablo,666,665.0983,328.0,0.4924924924924925,0.493160162340179
2003,PER.6.13_1,Santa Cruz,1382,1383.2844,216.0,0.15629522431259044,0.15615010491199288
2003,PER.7.1_1,Callao,164,160.8378,8459.0,51.579268292682926,52.59337381348668
2003,PER.8.1_1,Acomayo,935,932.9494,41.0,0.04385026737967915,0.04394664813833534
2003,PER.8.2_1,Anta,1928,1932.7747,838.0,0.4346473029045643,0.43357354967128525
2003,PER.8.3_1,Calca,3559,3559.4921,828.0,0.23264962067996628,0.23261745772011694
2003,PER.8.4_1,Canas,2139,2134.9741,129.0,0.06030855539971949,0.06042227882715863
2003,PER.8.5_1,Canchis,3953,3950.2571,1934.0,0.48924867189476345,0.48958839261737624
2003,PER.8.6_1,Chumbivilcas,5329,5334.9773,264.0,0.04954025145430663,0.04948474644514589
2003,PER.8.7_1,Cusco,530,530.1969,7434.0,14.026415094339622,14.021205269272745
2003,PER.8.8_1,Espinar,5235,5235.9122,2029.0,0.38758357211079275,0.38751604679593205
2003,PER.8.9_1,La Convención,31674,31679.4986,2664.0,0.08410683841636674,0.08409224012669016
2003,PER.8.10_1,Paruro,1966,1966.4681,108.0,0.054933875890132246,0.054920798629283715
2003,PER.8.11_1,Paucartambo,5708,5714.5208,158.0,0.027680448493342676,0.027648862764829276
2003,PER.8.12_1,Quispicanchi,7819,7811.3434,946.0,0.12098733853433943,0.1211059296651633
2003,PER.8.13_1,Urubamba,1463,1459.7168,1673.0,1.1435406698564594,1.146112695627171
2003,PER.9.1_1,Acobamba,921,927.3542,247.0,0.2681867535287731,0.26634914457902586
2003,PER.9.2_1,Angaraes,1942,1944.836,446.0,0.22966014418125644,0.22932524938609328
2003,PER.9.3_1,Castrovirreyna,3960,3958.9592,220.0,0.05555555555555555,0.05557016136279201
2003,PER.9.4_1,Churcampa,1068,1062.7849,868.0,0.8127340823970037,0.8167221666576497
2003,PER.9.5_1,Huancavelica,3999,3992.4364,1477.0,0.36934233558389595,0.3699495349012496
2003,PER.9.6_1,Huaytara,6463,6465.2905,451.0,0.06978183506111713,0.06975711292606242
2003,PER.9.7_1,Tayacaja,3735,3730.9345,1587.0,0.4248995983935743,0.4253626036529547
2003,PER.10.1_1,Ambo,1571,1576.1231,443.0,0.2819859961807766,0.28106942287481507
2003,PER.10.2_1,Dos de Mayo,1342,1335.5805,140.0,0.10432190760059612,0.10482333457054112
2003,PER.10.3_1,Huacaybamba,1763,1765.4566,0.0,0.0,0.0
2003,PER.10.4_1,Huamalíes,3158,3166.8282,130.0,0.04116529449018366,0.04105053735847067
2003,PER.10.5_1,Huenuco,4107,4110.2577,3457.0,0.8417336255174093,0.8410664816821883
2003,PER.10.6_1,Lauricocha,2076,2083.3213,215.0,0.1035645472061657,0.10320059724077212
2003,PER.10.7_1,Leoncio Prado,4962,4958.1773,2035.0,0.4101168883514712,0.41043308502555736
2003,PER.10.8_1,Marañón,4875,4878.4786,138.0,0.028307692307692308,0.028287507545658445
2003,PER.10.9_1,Pachitea,2655,2647.0304,293.0,0.11035781544256121,0.11069007641214587
2003,PER.10.10_1,Puerto Inca,9819,9814.2188,128.0,0.013035950707811387,0.013042301494831396
2003,PER.10.11_1,Yarowilca,752,746.4216,53.0,0.07047872340425532,0.07100544337888474
2003,PER.11.1_1,Chincha,2899,2905.713,6870.0,2.369782683684029,2.364307823889459
2003,PER.11.2_1,Ica,7867,7864.1979,11721.0,1.4898944959959324,1.4904253696736018
2003,PER.11.3_1,Nazca,5224,5209.8162,3176.0,0.6079632465543645,0.6096184398073081
2003,PER.11.4_1,Palpa,1209,1219.3592,933.0,0.771712158808933,0.7651559972963003
2003,PER.11.5_1,Pisco,3979,3968.9444,7106.0,1.785875848203066,1.7904004998164564
2003,PER.12.1_1,Chanchamayo,4671,4674.6736,2876.0,0.6157139798758295,0.615230123509546
2003,PER.12.2_1,Chupaca,1170,1163.9265,2068.0,1.7675213675213675,1.7767445043761392
2003,PER.12.3_1,Concepción,2242,2248.8693,1871.0,0.8345227475468332,0.8319736571207527
2003,PER.12.4_1,Huancayo,3738,3734.3439,7965.0,2.1308186195826644,2.132904804732319
2003,PER.12.5_1,Jauja,4385,4383.5123,4371.0,0.9968072976054732,0.9971456082518021
2003,PER.12.6_1,Junín,2633,2625.8821,1184.0,0.449677174325864,0.4508960931828859
2003,PER.12.7_1,Satipo,19490,19497.3878,1393.0,0.07147255002565418,0.0714454683472694
2003,PER.12.8_1,Tarma,2663,2663.9461,4248.0,1.5951933909125047,1.5946268319861612
2003,PER.12.9_1,Yauli,3632,3637.3003,5821.0,1.6026982378854626,1.6003627885867635
2003,PER.13.1_1,Ascope,2653,2656.16,6631.0,2.499434602336977,2.4964610482581735
2003,PER.13.2_1,Bolívar,1744,1745.5625,0.0,0.0,0.0
2003,PER.13.3_1,Chepén,1153,1150.5574,3106.0,2.693842150910668,2.6995611723074906
2003,PER.13.4_1,Gran Chimú,1305,1306.9247,266.0,0.20383141762452106,0.20353123730399306
2003,PER.13.5_1,Julcan,1107,1110.773,154.0,0.13911472448057813,0.13864218687359117
2003,PER.13.6_1,Otuzco,2088,2088.1443,1027.0,0.4918582375478927,0.49182424505105876
2003,PER.13.7_1,Pacasmayo,1119,1119.8766,4722.0,4.2198391420911525,4.216536163126901
2003,PER.13.8_1,Pataz,3991,3989.5251,1164.0,0.29165622650964673,0.2917640464067665
2003,PER.13.9_1,Sánchez Carrión,2501,2494.8258,745.0,0.29788084766093564,0.2986180456742948
2003,PER.13.10_1,Santiago de Chuco,2668,2671.5263,1136.0,0.4257871064467766,0.42522507860336967
2003,PER.13.11_1,Trujillo,1767,1766.3122,14884.0,8.42331635540464,8.426596561350339
2003,PER.13.12_1,Viru,3207,3207.8223,2938.0,0.9161209853445588,0.9158861480044338
2003,PER.14.1_1,Chiclayo,3211,3211.4229,13653.0,4.251946434132669,4.251386522932894
2003,PER.14.2_1,Ferreñafe,1705,1705.7385,2016.0,1.1824046920821114,1.1818927685394558
2003,PER.14.3_1,Lambayeque,9365,9366.3112,6064.0,0.6475173518419648,0.6474267025814401
2003,PER.16.1_1,Barranca,1389,1382.5918,4554.0,3.2786177105831533,3.2938137265348915
2003,PER.16.2_1,Cajatambo,1525,1527.1172,216.0,0.14163934426229507,0.1414429756081127
2003,PER.16.3_1,Cañete,4605,4605.4107,10636.0,2.309663409337676,2.309457416842862
2003,PER.16.4_1,Canta,1690,1693.223,1192.0,0.7053254437869823,0.7039828642597183
2003,PER.16.5_1,Huaral,3664,3664.9371,7723.0,2.1078056768558953,2.1072667437883656
2003,PER.16.6_1,Huarochiri,5742,5738.1299,7347.0,1.2795193312434692,1.2803822968042695
2003,PER.16.7_1,Huaura,4947,4942.2427,6597.0,1.3335354760460885,1.3348191066386594
2003,PER.16.8_1,Oyon,1871,1870.9257,1152.0,0.615713522180652,0.6157379611859618
2003,PER.16.9_1,Yauyos,6916,6912.2907,283.0,0.040919606709080396,0.040941565259142484
2003,PER.15.1_1,Lima,2698,2705.3448,75406.0,27.94885100074129,27.872971958326186
2003,PER.17.1_1,Alto Amazonas,66273,66273.3598,5041.0,0.07606415885805683,0.07606374590094736
2003,PER.17.2_1,Loreto,68509,68480.0481,16159.0,0.23586682041775534,0.2359665397055075
2003,PER.17.3_1,Mariscal Ramón Castilla,38974,38967.2339,696.0,0.01785805921896649,0.017861160003778798
2003,PER.17.4_1,Maynas,132141,132166.5145,5429.0,0.0410849017337541,0.04107697035538454
2003,PER.17.5_1,Requena,39626,39634.3226,327.0,0.008252157674254277,0.008250424852782056
2003,PER.17.6_1,Ucayali,29932,29924.9451,432.0,0.014432714152078044,0.01443611672574674
2003,PER.18.1_1,Manu,28191,28189.1616,922.0,0.03270547337802845,0.03270760632649718
2003,PER.18.2_1,Tahuamanu,20252,20245.0595,186.0,0.00918427809599052,0.009187426702510285
2003,PER.18.3_1,Tambopata,35907,35901.8019,1606.0,0.04472665496978305,0.044733130849869754
2003,PER.19.1_1,General Sánchez Cerro,5722,5725.7242,349.0,0.060992659909122685,0.06095298822582263
2003,PER.19.2_1,Ilo,1366,1372.4439,4760.0,3.4846266471449487,3.4682655136458806
2003,PER.19.3_1,Mariscal Nieto,8656,8657.94,6496.0,0.7504621072088724,0.7502939471766669
2003,PER.20.1_1,Daniel Alcides Carrión,1529,1523.3131,188.0,0.12295618051013735,0.1234152086406696
2003,PER.20.2_1,Oxapampa,17693,17695.4834,1295.0,0.07319278810829141,0.07318251626942379
2003,PER.20.3_1,Pasco,4753,4751.908,5576.0,1.1731537976015147,1.1734233893962602
2003,PER.21.1_1,Ayabaca,5206,5197.2449,363.0,0.06972723780253554,0.06984469853433303
2003,PER.21.2_1,Huancabamba,4280,4276.7233,549.0,0.1282710280373832,0.1283693060667625
2003,PER.21.3_1,Morropón,3810,3811.6782,1865.0,0.489501312335958,0.48928579263571387
2003,PER.21.4_1,Paita,1747,1750.2889,2706.0,1.5489410417859186,1.5460304986520201
2003,PER.21.5_1,Piura,6150,6149.5744,11705.0,1.9032520325203253,1.9033837535567046
2003,PER.21.6_1,Sechura,6472,6478.1826,1819.0,0.28105686032138444,0.28078862826489104
2003,PER.21.7_1,Sullana,5263,5254.043,4943.0,0.9391981759452783,0.9407992999911158
2003,PER.21.8_1,Talara,2932,2939.2512,9075.0,3.0951568894952253,3.0875210796073183
2003,PER.22.1_1,Azángaro,5245,5231.2106,2136.0,0.4072449952335558,0.4083184859553695
2003,PER.22.2_1,Carabaya,11680,11690.4688,510.0,0.04366438356164384,0.04362528227573209
2003,PER.22.3_1,Chucuíto,3940,3941.2265,735.0,0.1865482233502538,0.1864901687439206
2003,PER.22.4_1,El Collao,5653,5651.7589,847.0,0.14983194763842209,0.14986485037634523
2003,PER.22.5_1,Huancane,2818,2828.4046,433.0,0.15365507452093682,0.15308983812149274
2003,PER.22.6_1,Lago Titicaca,5287,5283.4928,1215.0,0.2298089653867978,0.2299615144372013
2003,PER.22.7_1,Lampa,5711,5717.1909,797.0,0.13955524426545263,0.13940412550033968
2003,PER.22.8_1,Melgar,6535,6541.587,1643.0,0.25141545524100994,0.2511622926886425
2003,PER.22.9_1,Moho,1039,1031.7237,258.0,0.24831568816169394,0.25006694849827643
2003,PER.22.10_1,Puno,6525,6518.8824,3724.0,0.570727969348659,0.5712635653273388
2003,PER.22.11_1,San Antonio de Putina,3149,3140.0951,528.0,0.1676722769133058,0.16814777126341035
2003,PER.22.12_1,San Román,2280,2280.1851,4692.0,2.057894736842105,2.057727687007894
2003,PER.22.13_1,Sandia,12540,12540.8815,207.0,0.016507177033492824,0.016506016794424355
2003,PER.22.14_1,Yunguyo,297,302.7066,473.0,1.5925925925925926,1.5625690214031065
2003,PER.23.1_1,Bellavista,7793,7790.7683,719.0,0.09226228666752213,0.09228871605982134
2003,PER.23.2_1,El Dorado,1319,1318.8251,125.0,0.09476876421531463,0.09478133450975272
2003,PER.23.3_1,Huallaga,2365,2359.6027,324.0,0.13699788583509515,0.13731124986073207
2003,PER.23.4_1,Lamas,5011,5010.8022,1089.0,0.2173218918379565,0.21733047239698197
2003,PER.23.5_1,Mariscal Cáceres,14425,14434.6489,733.0,0.05081455805892548,0.05078059077714531
2003,PER.23.6_1,Moyobamba,3795,3794.5532,1905.0,0.5019762845849802,0.5020353875580866
2003,PER.23.7_1,Picota,2126,2134.7792,432.0,0.20319849482596425,0.20236284389146922
2003,PER.23.8_1,Rioja,2593,2598.5485,1794.0,0.6918627072888546,0.6903854310378137
2003,PER.23.9_1,San Martín,4817,4823.345,3301.0,0.6852812954120822,0.6843798287222679
2003,PER.23.10_1,Tocache,6111,6102.5482,1251.0,0.20471281296023564,0.20499633360521716
2003,PER.24.1_1,Candarave,2305,2304.2136,518.0,0.22472885032537962,0.22480555167660815
2003,PER.24.2_1,Jorge Basadre,2750,2746.7382,3150.0,1.1454545454545455,1.1468147827807729
2003,PER.24.3_1,Tacna,8159,8162.2685,8849.0,1.0845691874004166,1.0841348876501036
2003,PER.24.4_1,Tarata,2788,2785.0639,324.0,0.11621233859397417,0.116334851949732
2003,PER.25.1_1,Contralmirante Villar,2134,2127.3485,667.0,0.3125585754451734,0.3135358381569744
2003,PER.25.2_1,Tumbes,1785,1786.2221,4334.0,2.4280112044817925,2.4263500432242244
2003,PER.25.3_1,Zarumilla,721,728.412,2613.0,3.6241331484049932,3.587255382041136
2003,PER.26.1_1,Atalaya,38581,38583.1679,213.0,0.005520852232964412,0.0055205420277013115
2003,PER.26.2_1,Coronel Portillo,39067,39060.4079,7363.0,0.18847108813064736,0.1885028956121611
2003,PER.26.3_1,Padre Abad,9291,9288.8146,1118.0,0.12033150360563986,0.1203598140384862
2003,PER.26.4_1,Purús,18173,18145.6829,54.0,0.002971441148957244,0.002975914455523786
2004,PER.1.1_1,Bagua,5897,5891.871,948.0,0.1607597083262676,0.1608996535953079
2004,PER.1.2_1,Bongará,2824,2829.7375,141.0,0.04992917847025496,0.04982794399879
2004,PER.1.3_1,Chachapoyas,2999,2997.3637,1186.0,0.3954651550516839,0.39568103954752887
2004,PER.1.4_1,Condorcanqui,17948,17952.2232,76.0,0.0042344550924894135,0.0042334589429149
2004,PER.1.5_1,Luya,3367,3359.4489,310.0,0.09207009207009206,0.09227703880482342
2004,PER.1.6_1,Rodríguez de Mendoza,2682,2681.7449,68.0,0.02535421327367636,0.025356625269894302
2004,PER.1.7_1,Utcubamba,3871,3870.408,1633.0,0.4218548178765177,0.4219193378581512
2004,PER.2.1_1,Aija,696,697.1118,157.0,0.22557471264367815,0.22521494914631257
2004,PER.2.2_1,Antonio Raymondi,559,561.5141,0.0,0.0,0.0
2004,PER.2.3_1,Asunción,524,524.8509,74.0,0.14122137404580154,0.14099242183271118
2004,PER.2.4_1,Bolognesi,3069,3067.2607,591.0,0.19257086999022482,0.19268006631106788
2004,PER.2.5_1,Carhuaz,817,816.2705,1393.0,1.7050183598531212,1.706542114154256
2004,PER.2.6_1,Carlos Fermin Fitzcarrald,628,627.065,37.0,0.0589171974522293,0.05900504854103953
2004,PER.2.7_1,Casma,2274,2279.5761,2003.0,0.8808267370272648,0.8786721341377871
2004,PER.2.8_1,Corongo,1016,1015.6517,239.0,0.23523622047244094,0.23531690162207358
2004,PER.2.9_1,Huaraz,2499,2501.0478,3904.0,1.5622248899559823,1.5609457745878514
2004,PER.2.10_1,Huari,2799,2790.2845,2687.0,0.9599857091818507,0.9629842343574344
2004,PER.2.11_1,Huarmey,3927,3933.9868,953.0,0.24267888973771326,0.24224789002246117
2004,PER.2.12_1,Huaylas,2277,2284.0483,1413.0,0.6205533596837944,0.618638414361621
2004,PER.2.13_1,Mariscal Luzuriaga,731,733.0131,62.0,0.08481532147742818,0.08458239401872787
2004,PER.2.14_1,Ocros,1943,1949.2401,55.0,0.028306742151312403,0.028216123994872368
2004,PER.2.15_1,Pallasca,2067,2063.679,986.0,0.47701983551040156,0.47778749206669346
2004,PER.2.16_1,Pomabamba,923,923.2323,166.0,0.17984832069339113,0.17980307496058454
2004,PER.2.17_1,Recuay,2322,2318.0851,615.0,0.2648578811369509,0.2653051912908327
2004,PER.2.18_1,Santa,3997,3987.845,12319.0,3.0820615461596197,3.0891371094371967
2004,PER.2.19_1,Sihuas,1459,1456.9158,217.0,0.1487320082248115,0.14894478071510098
2004,PER.2.20_1,Yungay,1370,1362.6156,1095.0,0.7992700729927007,0.8036015520479293
2004,PER.3.1_1,Abancay,3469,3461.1924,1823.0,0.5255116748342462,0.52669710410198
2004,PER.3.2_1,Andahuaylas,4011,4018.7208,2395.0,0.5971079531288955,0.5959607872297421
2004,PER.3.3_1,Antabamba,3217,3220.4249,0.0,0.0,0.0
2004,PER.3.4_1,Aymaraes,4129,4128.1482,426.0,0.1031726810365706,0.10319396940266806
2004,PER.3.5_1,Chincheros,1523,1523.0751,197.0,0.1293499671700591,0.129343590489911
2004,PER.3.6_1,Cotabambas,2622,2621.0521,0.0,0.0,0.0
2004,PER.3.7_1,Grau,2128,2129.1362,174.0,0.08176691729323309,0.08172328258061924
2004,PER.4.1_1,Arequipa,10399,10401.7538,27575.0,2.6516972785844795,2.650995257140105
2004,PER.4.2_1,Camaná,4592,4594.9288,2393.0,0.5211236933797909,0.5207915302848238
2004,PER.4.3_1,Caravelí,13035,13027.441,1240.0,0.09512850019179134,0.0951836975686669
2004,PER.4.4_1,Castilla,7621,7620.9932,1652.0,0.2167694528277129,0.21676964731900297
2004,PER.4.5_1,Caylloma,12048,12035.9001,1055.0,0.087566401062417,0.08765443275555225
2004,PER.4.6_1,Condesuyos,6838,6852.1717,576.0,0.08423515647850248,0.08406094039078385
2004,PER.4.7_1,Islay,3849,3849.9051,3931.0,1.021304234866199,1.021064141944819
2004,PER.4.8_1,La Unión,4893,4893.6009,377.0,0.07704884528918864,0.07703938363486497
2004,PER.5.1_1,Cangallo,1872,1872.5839,77.0,0.04113247863247863,0.04111965387806176
2004,PER.5.2_1,Huamanga,2955,2958.2366,3115.0,1.0541455160744502,1.0529921938608906
2004,PER.5.3_1,Huanca Sancos,2830,2831.2856,36.0,0.012720848056537103,0.012715071874045681
2004,PER.5.4_1,Huanta,3810,3814.0301,1028.0,0.2698162729658793,0.26953117185494113
2004,PER.5.5_1,La Mar,4318,4312.4371,477.0,0.11046780917091246,0.11061030997959533
2004,PER.5.6_1,Lucanas,14484,14477.3422,1451.0,0.10017950842308755,0.10022557861144886
2004,PER.5.7_1,Parinacochas,5934,5950.4746,311.0,0.05240984159083249,0.052264738884771324
2004,PER.5.8_1,Paucar del Sara Sara,2090,2081.7527,105.0,0.050239234449760764,0.050438266822254184
2004,PER.5.9_1,Sucre,1781,1786.8708,0.0,0.0,0.0
2004,PER.5.10_1,Victor Fajardo,2276,2265.2791,20.0,0.008787346221441126,0.008828934197253443
2004,PER.5.11_1,Vilcas Huamán,1214,1205.7813,46.0,0.03789126853377265,0.03814953821522934
2004,PER.6.1_1,Cajabamba,1792,1788.6443,530.0,0.29575892857142855,0.29631380612637376
2004,PER.6.2_1,Cajamarca,2977,2977.7902,7960.0,2.6738327175008396,2.673123157161672
2004,PER.6.3_1,Celendín,2582,2580.2493,531.0,0.2056545313710302,0.20579406941919556
2004,PER.6.4_1,Chota,3840,3836.4892,1273.0,0.33151041666666664,0.3318137832684573
2004,PER.6.5_1,Contumazá,2062,2060.9532,930.0,0.4510184287099903,0.45124751409523034
2004,PER.6.6_1,Cutervo,3025,3030.0606,386.0,0.12760330578512397,0.1273901896060334
2004,PER.6.7_1,Hualgayoc,785,783.6578,343.0,0.4369426751592357,0.4376910565200748
2004,PER.6.8_1,Jaén,5027,5025.2434,2207.0,0.43902924209269945,0.4391827057703607
2004,PER.6.9_1,San Ignacio,4891,4894.3699,499.0,0.1020241259456144,0.10195388027875729
2004,PER.6.10_1,San Marcos,1343,1348.0813,294.0,0.21891288160833955,0.21808773452817815
2004,PER.6.11_1,San Miguel,2530,2527.3116,462.0,0.1826086956521739,0.18280294413957002
2004,PER.6.12_1,San Pablo,666,665.0983,344.0,0.5165165165165165,0.5172167556250657
2004,PER.6.13_1,Santa Cruz,1382,1383.2844,204.0,0.1476121562952243,0.14747509908354883
2004,PER.7.1_1,Callao,164,160.8378,8459.0,51.579268292682926,52.59337381348668
2004,PER.8.1_1,Acomayo,935,932.9494,41.0,0.04385026737967915,0.04394664813833534
2004,PER.8.2_1,Anta,1928,1932.7747,805.0,0.4175311203319502,0.41649965093721314
2004,PER.8.3_1,Calca,3559,3559.4921,847.0,0.23798819893228434,0.23795529793350126
2004,PER.8.4_1,Canas,2139,2134.9741,117.0,0.0546984572230014,0.054801601726957826
2004,PER.8.5_1,Canchis,3953,3950.2571,1910.0,0.4831773336706299,0.48351283862419264
2004,PER.8.6_1,Chumbivilcas,5329,5334.9773,264.0,0.04954025145430663,0.04948474644514589
2004,PER.8.7_1,Cusco,530,530.1969,7464.0,14.083018867924528,14.077788018543417
2004,PER.8.8_1,Espinar,5235,5235.9122,2054.0,0.3923591212989494,0.3922907639816877
2004,PER.8.9_1,La Convención,31674,31679.4986,4036.0,0.1274231230662373,0.12740100643818372
2004,PER.8.10_1,Paruro,1966,1966.4681,117.0,0.0595116988809766,0.0594975318483907
2004,PER.8.11_1,Paucartambo,5708,5714.5208,172.0,0.030133146461107218,0.030098761997155922
2004,PER.8.12_1,Quispicanchi,7819,7811.3434,948.0,0.12124312571940146,0.12136196757143215
2004,PER.8.13_1,Urubamba,1463,1459.7168,1687.0,1.1531100478468899,1.1557035968458083
2004,PER.9.1_1,Acobamba,921,927.3542,279.0,0.30293159609120524,0.30085591634634906
2004,PER.9.2_1,Angaraes,1942,1944.836,490.0,0.25231719876416064,0.2519492650205958
2004,PER.9.3_1,Castrovirreyna,3960,3958.9592,178.0,0.04494949494949495,0.0449613123753499
2004,PER.9.4_1,Churcampa,1068,1062.7849,905.0,0.8473782771535581,0.8515363603976647
2004,PER.9.5_1,Huancavelica,3999,3992.4364,1601.0,0.40035008752188045,0.4010082636268792
2004,PER.9.6_1,Huaytara,6463,6465.2905,404.0,0.06250967043168808,0.062487524661040385
2004,PER.9.7_1,Tayacaja,3735,3730.9345,1632.0,0.43694779116465865,0.43742392511759426
2004,PER.10.1_1,Ambo,1571,1576.1231,453.0,0.2883513685550605,0.2874141051067522
2004,PER.10.2_1,Dos de Mayo,1342,1335.5805,145.0,0.10804769001490314,0.10856702509091759
2004,PER.10.3_1,Huacaybamba,1763,1765.4566,0.0,0.0,0.0
2004,PER.10.4_1,Huamalíes,3158,3166.8282,130.0,0.04116529449018366,0.04105053735847067
2004,PER.10.5_1,Huenuco,4107,4110.2577,3487.0,0.8490382274166058,0.8483652940774633
2004,PER.10.6_1,Lauricocha,2076,2083.3213,221.0,0.10645472061657033,0.10608061390795645
2004,PER.10.7_1,Leoncio Prado,4962,4958.1773,2022.0,0.407496977025393,0.4078111537698658
2004,PER.10.8_1,Marañón,4875,4878.4786,129.0,0.02646153846153846,0.026442670097028546
2004,PER.10.9_1,Pachitea,2655,2647.0304,286.0,0.10772128060263654,0.10804560359683864
2004,PER.10.10_1,Puerto Inca,9819,9814.2188,135.0,0.013748854262144821,0.013755552357829987
2004,PER.10.11_1,Yarowilca,752,746.4216,35.0,0.04654255319148936,0.04689038713699936
2004,PER.11.1_1,Chincha,2899,2905.713,6896.0,2.3787512935494997,2.3732557137615298
2004,PER.11.2_1,Ica,7867,7864.1979,11846.0,1.5057836532350324,1.5063201884782431
2004,PER.11.3_1,Nazca,5224,5209.8162,3161.0,0.6050918836140888,0.6067392595185457
2004,PER.11.4_1,Palpa,1209,1219.3592,944.0,0.7808105872622002,0.7741771290972214
2004,PER.11.5_1,Pisco,3979,3968.9444,7328.0,1.841668760995225,1.8463347681754847
2004,PER.12.1_1,Chanchamayo,4671,4674.6736,3011.0,0.6446157139798758,0.6441091453015448
2004,PER.12.2_1,Chupaca,1170,1163.9265,2082.0,1.7794871794871794,1.7887727553728827
2004,PER.12.3_1,Concepción,2242,2248.8693,1901.0,0.8479036574487065,0.8453136943808396
2004,PER.12.4_1,Huancayo,3738,3734.3439,8121.0,2.1725521669341896,2.1746792114540066
2004,PER.12.5_1,Jauja,4385,4383.5123,4449.0,1.0145952109464083,1.0149395587079084
2004,PER.12.6_1,Junín,2633,2625.8821,1175.0,0.44625902012913027,0.4474686735556511
2004,PER.12.7_1,Satipo,19490,19497.3878,1469.0,0.07537198563365828,0.07534342641933865
2004,PER.12.8_1,Tarma,2663,2663.9461,4286.0,1.6094630116410065,1.6088913846263386
2004,PER.12.9_1,Yauli,3632,3637.3003,5863.0,1.614262114537445,1.6119098143762574
2004,PER.13.1_1,Ascope,2653,2656.16,6690.0,2.5216735770825482,2.5186735655025156
2004,PER.13.2_1,Bolívar,1744,1745.5625,0.0,0.0,0.0
2004,PER.13.3_1,Chepén,1153,1150.5574,3120.0,2.7059843885516046,2.7117291878941954
2004,PER.13.4_1,Gran Chimú,1305,1306.9247,256.0,0.19616858237547893,0.19587968702940683
2004,PER.13.5_1,Julcan,1107,1110.773,166.0,0.14995483288166214,0.14944547416244244
2004,PER.13.6_1,Otuzco,2088,2088.1443,1048.0,0.5019157088122606,0.5018810212400288
2004,PER.13.7_1,Pacasmayo,1119,1119.8766,4740.0,4.2359249329758715,4.232609363240472
2004,PER.13.8_1,Pataz,3991,3989.5251,1205.0,0.3019293410172889,0.30204095869429004
2004,PER.13.9_1,Sánchez Carrión,2501,2494.8258,865.0,0.34586165533786484,0.3467175966553892
2004,PER.13.10_1,Santiago de Chuco,2668,2671.5263,1756.0,0.6581709145427287,0.6573021461509834
2004,PER.13.11_1,Trujillo,1767,1766.3122,14971.0,8.472552348613469,8.47585172802848
2004,PER.13.12_1,Viru,3207,3207.8223,3064.0,0.9554100405363268,0.9551651318875375
2004,PER.14.1_1,Chiclayo,3211,3211.4229,13714.0,4.270943631267518,4.270381218450283
2004,PER.14.2_1,Ferreñafe,1705,1705.7385,1975.0,1.1583577712609971,1.157856258861818
2004,PER.14.3_1,Lambayeque,9365,9366.3112,6085.0,0.6497597437266418,0.6496687805422268
2004,PER.16.1_1,Barranca,1389,1382.5918,4572.0,3.2915766738660905,3.3068327531219857
2004,PER.16.2_1,Cajatambo,1525,1527.1172,113.0,0.0740983606557377,0.07399563075794784
2004,PER.16.3_1,Cañete,4605,4605.4107,10818.0,2.349185667752443,2.3489761503766533
2004,PER.16.4_1,Canta,1690,1693.223,1223.0,0.7236686390532544,0.7222911434476809
2004,PER.16.5_1,Huaral,3664,3664.9371,7879.0,2.150382096069869,2.1498322768753764
2004,PER.16.6_1,Huarochiri,5742,5738.1299,7532.0,1.31173807035876,1.312622765690725
2004,PER.16.7_1,Huaura,4947,4942.2427,6698.0,1.3539518900343643,1.355255172997687
2004,PER.16.8_1,Oyon,1871,1870.9257,1099.0,0.5873864243719936,0.5874097390133438
2004,PER.16.9_1,Yauyos,6916,6912.2907,240.0,0.03470213996529786,0.03472076205722331
2004,PER.15.1_1,Lima,2698,2705.3448,75515.0,27.989251297257226,27.913262571055377
2004,PER.17.1_1,Alto Amazonas,66273,66273.3598,4815.0,0.07265402199990946,0.0726536275566478
2004,PER.17.2_1,Loreto,68509,68480.0481,14562.0,0.21255601453823586,0.21264587853156755
2004,PER.17.3_1,Mariscal Ramón Castilla,38974,38967.2339,764.0,0.019602812131164365,0.019606215866216956
2004,PER.17.4_1,Maynas,132141,132166.5145,5752.0,0.0435292604112274,0.043520857153098516
2004,PER.17.5_1,Requena,39626,39634.3226,335.0,0.008454045323777318,0.008452270109119232
2004,PER.17.6_1,Ucayali,29932,29924.9451,496.0,0.016570894026459976,0.016574800685116627
2004,PER.18.1_1,Manu,28191,28189.1616,961.0,0.034088893618530736,0.03409111678933165
2004,PER.18.2_1,Tahuamanu,20252,20245.0595,211.0,0.010418724076634406,0.010422295882955216
2004,PER.18.3_1,Tambopata,35907,35901.8019,1642.0,0.04572924499401231,0.045735866037039934
2004,PER.19.1_1,General Sánchez Cerro,5722,5725.7242,357.0,0.0623907724571828,0.062350191394322865
2004,PER.19.2_1,Ilo,1366,1372.4439,4831.0,3.5366032210834555,3.519998045467069
2004,PER.19.3_1,Mariscal Nieto,8656,8657.94,6710.0,0.7751848428835489,0.7750111430965878
2004,PER.20.1_1,Daniel Alcides Carrión,1529,1523.3131,178.0,0.11641595814257685,0.11685056988318718
2004,PER.20.2_1,Oxapampa,17693,17695.4834,1335.0,0.07545356920816142,0.07544298009241758
2004,PER.20.3_1,Pasco,4753,4751.908,5708.0,1.2009257311171893,1.2012017049271615
2004,PER.21.1_1,Ayabaca,5206,5197.2449,373.0,0.07164809834805994,0.07176879491268932
2004,PER.21.2_1,Huancabamba,4280,4276.7233,449.0,0.10490654205607476,0.10498691880505714
2004,PER.21.3_1,Morropón,3810,3811.6782,2033.0,0.5335958005249344,0.5333608667176442
2004,PER.21.4_1,Paita,1747,1750.2889,3381.0,1.9353176874642244,1.931681121929963
2004,PER.21.5_1,Piura,6150,6149.5744,12557.0,2.041788617886179,2.041929926818585
2004,PER.21.6_1,Sechura,6472,6478.1826,2182.0,0.33714462299134734,0.3368228624925741
2004,PER.21.7_1,Sullana,5263,5254.043,5464.0,1.038191145734372,1.039961030781197
2004,PER.21.8_1,Talara,2932,2939.2512,9365.0,3.1940654843110505,3.1861856650713536
2004,PER.22.1_1,Azángaro,5245,5231.2106,2088.0,0.398093422306959,0.3991427896417657
2004,PER.22.2_1,Carabaya,11680,11690.4688,576.0,0.049315068493150684,0.04927090704082683
2004,PER.22.3_1,Chucuíto,3940,3941.2265,742.0,0.1883248730964467,0.18826626558910078
2004,PER.22.4_1,El Collao,5653,5651.7589,810.0,0.14328675039801875,0.14331821582625695
2004,PER.22.5_1,Huancane,2818,2828.4046,475.0,0.16855926188786374,0.1679391988630694
2004,PER.22.6_1,Lago Titicaca,5287,5283.4928,1269.0,0.2400226971817666,0.2401820261899658
2004,PER.22.7_1,Lampa,5711,5717.1909,813.0,0.14235685519173524,0.1422027026747505
2004,PER.22.8_1,Melgar,6535,6541.587,1656.0,0.2534047436878347,0.25314957802336696
2004,PER.22.9_1,Moho,1039,1031.7237,280.0,0.2694898941289702,0.27139048674231553
2004,PER.22.10_1,Puno,6525,6518.8824,3820.0,0.5854406130268199,0.5859900159909867
2004,PER.22.11_1,San Antonio de Putina,3149,3140.0951,589.0,0.18704350587488092,0.18757393423134222
2004,PER.22.12_1,San Román,2280,2280.1851,4793.0,2.1021929824561405,2.102022336706913
2004,PER.22.13_1,Sandia,12540,12540.8815,199.0,0.01586921850079745,0.015868103101886213
2004,PER.22.14_1,Yunguyo,297,302.7066,502.0,1.6902356902356903,1.6583713504109079
2004,PER.23.1_1,Bellavista,7793,7790.7683,807.0,0.1035544719620172,0.10358413610608598
2004,PER.23.2_1,El Dorado,1319,1318.8251,133.0,0.10083396512509477,0.1008473399183769
2004,PER.23.3_1,Huallaga,2365,2359.6027,374.0,0.15813953488372093,0.1585012575552895
2004,PER.23.4_1,Lamas,5011,5010.8022,1144.0,0.22829774496108562,0.22830675888167803
2004,PER.23.5_1,Mariscal Cáceres,14425,14434.6489,763.0,0.05289428076256499,0.0528589232782563
2004,PER.23.6_1,Moyobamba,3795,3794.5532,2097.0,0.5525691699604743,0.5526342297686655
2004,PER.23.7_1,Picota,2126,2134.7792,481.0,0.2262464722483537,0.22531603683286272
2004,PER.23.8_1,Rioja,2593,2598.5485,1760.0,0.6787504820671038,0.6773012032477994
2004,PER.23.9_1,San Martín,4817,4823.345,3511.0,0.7288768943325722,0.7279180789590678
2004,PER.23.10_1,Tocache,6111,6102.5482,1303.0,0.21322205858288332,0.21351736425867143
2004,PER.24.1_1,Candarave,2305,2304.2136,615.0,0.2668112798264642,0.2669023441720348
2004,PER.24.2_1,Jorge Basadre,2750,2746.7382,3150.0,1.1454545454545455,1.1468147827807729
2004,PER.24.3_1,Tacna,8159,8162.2685,9006.0,1.1038117416350044,1.1033697364873807
2004,PER.24.4_1,Tarata,2788,2785.0639,296.0,0.10616929698708752,0.10628122276889096
2004,PER.25.1_1,Contralmirante Villar,2134,2127.3485,686.0,0.32146204311152765,0.3224671438915808
2004,PER.25.2_1,Tumbes,1785,1786.2221,4472.0,2.5053221288515406,2.503608074134456
2004,PER.25.3_1,Zarumilla,721,728.412,2651.0,3.676837725381415,3.6394236577845587
2004,PER.26.1_1,Atalaya,38581,38583.1679,215.0,0.005572691221067364,0.005572378103078789
2004,PER.26.2_1,Coronel Portillo,39067,39060.4079,7565.0,0.19364169247702664,0.19367437257992648
2004,PER.26.3_1,Padre Abad,9291,9288.8146,964.0,0.10375632332364654,0.10378073410831905
2004,PER.26.4_1,Purús,18173,18145.6829,100.0,0.005502668794365267,0.005510952695414418
2005,PER.1.1_1,Bagua,5897,5891.871,966.0,0.1638121078514499,0.16395471030914285
2005,PER.1.2_1,Bongará,2824,2829.7375,151.0,0.05347025495750708,0.05336184073629284
2005,PER.1.3_1,Chachapoyas,2999,2997.3637,1192.0,0.3974658219406469,0.39768279860088906
2005,PER.1.4_1,Condorcanqui,17948,17952.2232,65.0,0.003621573434365946,0.003620721464335111
2005,PER.1.5_1,Luya,3367,3359.4489,296.0,0.08791208791208792,0.08810968866525075
2005,PER.1.6_1,Rodríguez de Mendoza,2682,2681.7449,68.0,0.02535421327367636,0.025356625269894302
2005,PER.1.7_1,Utcubamba,3871,3870.408,1618.0,0.4179798501679153,0.4180437774981559
2005,PER.2.1_1,Aija,696,697.1118,185.0,0.26580459770114945,0.26538067256094156
2005,PER.2.2_1,Antonio Raymondi,559,561.5141,0.0,0.0,0.0
2005,PER.2.3_1,Asunción,524,524.8509,75.0,0.1431297709923664,0.14289772483045052
2005,PER.2.4_1,Bolognesi,3069,3067.2607,682.0,0.2222222222222222,0.22234823218976021
2005,PER.2.5_1,Carhuaz,817,816.2705,1399.0,1.7123623011015912,1.71389261859426
2005,PER.2.6_1,Carlos Fermin Fitzcarrald,628,627.065,41.0,0.06528662420382166,0.06538397270763839
2005,PER.2.7_1,Casma,2274,2279.5761,1941.0,0.8535620052770448,0.8514740950381651
2005,PER.2.8_1,Corongo,1016,1015.6517,222.0,0.21850393700787402,0.21857887933096373
2005,PER.2.9_1,Huaraz,2499,2501.0478,3970.0,1.5886354541816727,1.5873347144246337
2005,PER.2.10_1,Huari,2799,2790.2845,2860.0,1.021793497677742,1.0249850801124907
2005,PER.2.11_1,Huarmey,3927,3933.9868,983.0,0.25031830914183856,0.24987374175454283
2005,PER.2.12_1,Huaylas,2277,2284.0483,1667.0,0.7321036451471234,0.7298444704464419
2005,PER.2.13_1,Mariscal Luzuriaga,731,733.0131,77.0,0.10533515731874145,0.10504587644261365
2005,PER.2.14_1,Ocros,1943,1949.2401,73.0,0.03757076685537828,0.037450491847739686
2005,PER.2.15_1,Pallasca,2067,2063.679,976.0,0.47218190614417027,0.47294177713701097
2005,PER.2.16_1,Pomabamba,923,923.2323,191.0,0.20693391115926327,0.20688185131007014
2005,PER.2.17_1,Recuay,2322,2318.0851,584.0,0.25150732127476316,0.2519320840875549
2005,PER.2.18_1,Santa,3997,3987.845,12331.0,3.0850637978483864,3.0921462534678197
2005,PER.2.19_1,Sihuas,1459,1456.9158,251.0,0.1720356408498972,0.1722817509653933
2005,PER.2.20_1,Yungay,1370,1362.6156,1253.0,0.9145985401459854,0.9195550180055301
2005,PER.3.1_1,Abancay,3469,3461.1924,1839.0,0.5301239550302681,0.531319788504411
2005,PER.3.2_1,Andahuaylas,4011,4018.7208,2413.0,0.6015956120668162,0.6004398244615313
2005,PER.3.3_1,Antabamba,3217,3220.4249,2.0,0.0006216972334473111,0.0006210360590290527
2005,PER.3.4_1,Aymaraes,4129,4128.1482,450.0,0.10898522644708161,0.10900771415774796
2005,PER.3.5_1,Chincheros,1523,1523.0751,211.0,0.13854235062376888,0.13853552077853412
2005,PER.3.6_1,Cotabambas,2622,2621.0521,27.0,0.010297482837528604,0.010301206751087985
2005,PER.3.7_1,Grau,2128,2129.1362,185.0,0.08693609022556391,0.0868896969966354
2005,PER.4.1_1,Arequipa,10399,10401.7538,27646.0,2.6585248581594385,2.6578210291530495
2005,PER.4.2_1,Camaná,4592,4594.9288,2436.0,0.5304878048780488,0.5301496731190267
2005,PER.4.3_1,Caravelí,13035,13027.441,1283.0,0.09842731108553894,0.09848442256499972
2005,PER.4.4_1,Castilla,7621,7620.9932,1735.0,0.22766041201942003,0.22766061628236692
2005,PER.4.5_1,Caylloma,12048,12035.9001,1188.0,0.09860557768924302,0.09870470721667875
2005,PER.4.6_1,Condesuyos,6838,6852.1717,578.0,0.08452763966071951,0.08435281865602963
2005,PER.4.7_1,Islay,3849,3849.9051,3919.0,1.0181865419589504,1.017947181959233
2005,PER.4.8_1,La Unión,4893,4893.6009,483.0,0.09871244635193133,0.09870032439161745
2005,PER.5.1_1,Cangallo,1872,1872.5839,105.0,0.05608974358974359,0.05607225528826604
2005,PER.5.2_1,Huamanga,2955,2958.2366,3553.0,1.2023688663282572,1.2010533755337862
2005,PER.5.3_1,Huanca Sancos,2830,2831.2856,31.0,0.010954063604240283,0.010949089669317114
2005,PER.5.4_1,Huanta,3810,3814.0301,1172.0,0.30761154855643047,0.30728651110310407
2005,PER.5.5_1,La Mar,4318,4312.4371,510.0,0.11811023622047244,0.11826259557566796
2005,PER.5.6_1,Lucanas,14484,14477.3422,1487.0,0.10266500966583816,0.10271222287748068
2005,PER.5.7_1,Parinacochas,5934,5950.4746,305.0,0.051398719245028646,0.05125641594808763
2005,PER.5.8_1,Paucar del Sara Sara,2090,2081.7527,107.0,0.05119617224880383,0.051398995714106645
2005,PER.5.9_1,Sucre,1781,1786.8708,0.0,0.0,0.0
2005,PER.5.10_1,Victor Fajardo,2276,2265.2791,62.0,0.027240773286467488,0.027369696011485672
2005,PER.5.11_1,Vilcas Huamán,1214,1205.7813,53.0,0.04365733113673806,0.0439549027262425
2005,PER.6.1_1,Cajabamba,1792,1788.6443,584.0,0.32589285714285715,0.3265042693920797
2005,PER.6.2_1,Cajamarca,2977,2977.7902,8493.0,2.8528720188108836,2.85211494645403
2005,PER.6.3_1,Celendín,2582,2580.2493,685.0,0.2652982184353215,0.26547822514528996
2005,PER.6.4_1,Chota,3840,3836.4892,1276.0,0.33229166666666665,0.33259574819367754
2005,PER.6.5_1,Contumazá,2062,2060.9532,946.0,0.45877788554801163,0.4590109121871913
2005,PER.6.6_1,Cutervo,3025,3030.0606,515.0,0.17024793388429751,0.16996359494069221
2005,PER.6.7_1,Hualgayoc,785,783.6578,386.0,0.49171974522292994,0.492561946987606
2005,PER.6.8_1,Jaén,5027,5025.2434,2287.0,0.4549433061468072,0.45510233262202765
2005,PER.6.9_1,San Ignacio,4891,4894.3699,475.0,0.09711715395624616,0.09705028683849642
2005,PER.6.10_1,San Marcos,1343,1348.0813,330.0,0.2457185405807893,0.24479235508264896
2005,PER.6.11_1,San Miguel,2530,2527.3116,469.0,0.18537549407114626,0.1855726857174423
2005,PER.6.12_1,San Pablo,666,665.0983,378.0,0.5675675675675675,0.5683370163554502
2005,PER.6.13_1,Santa Cruz,1382,1383.2844,211.0,0.15267727930535455,0.15253551915014119
2005,PER.7.1_1,Callao,164,160.8378,8459.0,51.579268292682926,52.59337381348668
2005,PER.8.1_1,Acomayo,935,932.9494,57.0,0.06096256684491978,0.06109655960695401
2005,PER.8.2_1,Anta,1928,1932.7747,866.0,0.4491701244813278,0.44806049405171006
2005,PER.8.3_1,Calca,3559,3559.4921,902.0,0.25344197808373137,0.2534069406564559
2005,PER.8.4_1,Canas,2139,2134.9741,118.0,0.05516596540439458,0.055269991485307896
2005,PER.8.5_1,Canchis,3953,3950.2571,1959.0,0.4955729825449026,0.4959170946936091
2005,PER.8.6_1,Chumbivilcas,5329,5334.9773,273.0,0.05122912366297617,0.051171726437594045
2005,PER.8.7_1,Cusco,530,530.1969,7480.0,14.11320754716981,14.10796548482111
2005,PER.8.8_1,Espinar,5235,5235.9122,2176.0,0.41566380133715375,0.4155913838481755
2005,PER.8.9_1,La Convención,31674,31679.4986,3955.0,0.12486582054682073,0.12484414778568302
2005,PER.8.10_1,Paruro,1966,1966.4681,116.0,0.059003051881993895,0.05898900593515659
2005,PER.8.11_1,Paucartambo,5708,5714.5208,198.0,0.034688156972669935,0.03464857485719112
2005,PER.8.12_1,Quispicanchi,7819,7811.3434,1037.0,0.13262565545466173,0.13275565440039572
2005,PER.8.13_1,Urubamba,1463,1459.7168,1788.0,1.2221462747778538,1.2248950984945497
2005,PER.9.1_1,Acobamba,921,927.3542,293.0,0.31813246471226925,0.31595262899455295
2005,PER.9.2_1,Angaraes,1942,1944.836,582.0,0.2996910401647786,0.2992540249836464
2005,PER.9.3_1,Castrovirreyna,3960,3958.9592,155.0,0.039141414141414144,0.03915170459651255
2005,PER.9.4_1,Churcampa,1068,1062.7849,895.0,0.8380149812734082,0.8421271188463093
2005,PER.9.5_1,Huancavelica,3999,3992.4364,1770.0,0.4426106526631658,0.4433383051964873
2005,PER.9.6_1,Huaytara,6463,6465.2905,428.0,0.06622311619990716,0.06619965483892397
2005,PER.9.7_1,Tayacaja,3735,3730.9345,1716.0,0.45943775100401607,0.4599383918515881
2005,PER.10.1_1,Ambo,1571,1576.1231,519.0,0.3303628262253342,0.3292890078375373
2005,PER.10.2_1,Dos de Mayo,1342,1335.5805,146.0,0.10879284649776454,0.10931576319499288
2005,PER.10.3_1,Huacaybamba,1763,1765.4566,0.0,0.0,0.0
2005,PER.10.4_1,Huamalíes,3158,3166.8282,85.0,0.026915769474350856,0.0268407359651539
2005,PER.10.5_1,Huenuco,4107,4110.2577,3521.0,0.8573167762356951,0.8566372814587749
2005,PER.10.6_1,Lauricocha,2076,2083.3213,221.0,0.10645472061657033,0.10608061390795645
2005,PER.10.7_1,Leoncio Prado,4962,4958.1773,2037.0,0.4105199516324063,0.4108364590648945
2005,PER.10.8_1,Marañón,4875,4878.4786,135.0,0.027692307692307693,0.02767256172944848
2005,PER.10.9_1,Pachitea,2655,2647.0304,269.0,0.10131826741996233,0.10162331247394962
2005,PER.10.10_1,Puerto Inca,9819,9814.2188,117.0,0.011915673693858845,0.011921478710119322
2005,PER.10.11_1,Yarowilca,752,746.4216,32.0,0.0425531914893617,0.04287121109668513
2005,PER.11.1_1,Chincha,2899,2905.713,6881.0,2.3735770955501896,2.3680934696045655
2005,PER.11.2_1,Ica,7867,7864.1979,11937.0,1.5173509597050971,1.5178916165680219
2005,PER.11.3_1,Nazca,5224,5209.8162,3238.0,0.6198315467075038,0.6215190516675264
2005,PER.11.4_1,Palpa,1209,1219.3592,904.0,0.7477253928866832,0.7413730134575086
2005,PER.11.5_1,Pisco,3979,3968.9444,7367.0,1.8514702186479015,1.8561610585628814
2005,PER.12.1_1,Chanchamayo,4671,4674.6736,3367.0,0.7208306572468423,0.7202641953604455
2005,PER.12.2_1,Chupaca,1170,1163.9265,2067.0,1.7666666666666666,1.7758853435906574
2005,PER.12.3_1,Concepción,2242,2248.8693,1905.0,0.8496877787689563,0.8470923660155179
2005,PER.12.4_1,Huancayo,3738,3734.3439,8201.0,2.1939539860888178,2.1961019841317952
2005,PER.12.5_1,Jauja,4385,4383.5123,4560.0,1.039908779931585,1.0402617189723673
2005,PER.12.6_1,Junín,2633,2625.8821,1184.0,0.449677174325864,0.4508960931828859
2005,PER.12.7_1,Satipo,19490,19497.3878,1612.0,0.08270908158029759,0.08267774226546896
2005,PER.12.8_1,Tarma,2663,2663.9461,4276.0,1.6057078482914007,1.6051375549841866
2005,PER.12.9_1,Yauli,3632,3637.3003,5970.0,1.6437224669603525,1.6413272372209204
2005,PER.13.1_1,Ascope,2653,2656.16,6873.0,2.590652091971353,2.5875700172942886
2005,PER.13.2_1,Bolívar,1744,1745.5625,0.0,0.0,0.0
2005,PER.13.3_1,Chepén,1153,1150.5574,3158.0,2.738941890719861,2.744756658772394
2005,PER.13.4_1,Gran Chimú,1305,1306.9247,282.0,0.2160919540229885,0.21577371774333098
2005,PER.13.5_1,Julcan,1107,1110.773,191.0,0.17253839205058719,0.17195232268088256
2005,PER.13.6_1,Otuzco,2088,2088.1443,1130.0,0.5411877394636015,0.5411503377874356
2005,PER.13.7_1,Pacasmayo,1119,1119.8766,4737.0,4.233243967828418,4.229930496554877
2005,PER.13.8_1,Pataz,3991,3989.5251,1298.0,0.32523177148584315,0.32535200363916056
2005,PER.13.9_1,Sánchez Carrión,2501,2494.8258,939.0,0.3754498200719712,0.37637898642706413
2005,PER.13.10_1,Santiago de Chuco,2668,2671.5263,2038.0,0.7638680659670165,0.7628597801000593
2005,PER.13.11_1,Trujillo,1767,1766.3122,15047.0,8.515563101301641,8.518879229954216
2005,PER.13.12_1,Viru,3207,3207.8223,3153.0,0.9831618334892422,0.9829098109795711
2005,PER.14.1_1,Chiclayo,3211,3211.4229,13772.0,4.289006540018685,4.288441748614358
2005,PER.14.2_1,Ferreñafe,1705,1705.7385,2028.0,1.1894428152492669,1.1889278445426668
2005,PER.14.3_1,Lambayeque,9365,9366.3112,6188.0,0.6607581420181527,0.6606656391117993
2005,PER.16.1_1,Barranca,1389,1382.5918,4568.0,3.28869690424766,3.303939636102631
2005,PER.16.2_1,Cajatambo,1525,1527.1172,79.0,0.05180327868852459,0.05173145867148566
2005,PER.16.3_1,Cañete,4605,4605.4107,11281.0,2.449728555917481,2.449510071399429
2005,PER.16.4_1,Canta,1690,1693.223,1232.0,0.7289940828402367,0.7276064503087022
2005,PER.16.5_1,Huaral,3664,3664.9371,8003.0,2.1842248908296944,2.1836664185599237
2005,PER.16.6_1,Huarochiri,5742,5738.1299,7534.0,1.3120863810518983,1.3129713113003083
2005,PER.16.7_1,Huaura,4947,4942.2427,6705.0,1.3553668890236508,1.356671534032471
2005,PER.16.8_1,Oyon,1871,1870.9257,1030.0,0.5505077498663816,0.5505296007131429
2005,PER.16.9_1,Yauyos,6916,6912.2907,235.0,0.033979178716020825,0.03399741284769782
2005,PER.15.1_1,Lima,2698,2705.3448,75674.0,28.048183839881393,27.972035116229154
2005,PER.17.1_1,Alto Amazonas,66273,66273.3598,4333.0,0.0653810752493474,0.06538072029137174
2005,PER.17.2_1,Loreto,68509,68480.0481,13026.0,0.19013560262155338,0.19021598775938736
2005,PER.17.3_1,Mariscal Ramón Castilla,38974,38967.2339,790.0,0.020269923538769438,0.02027344310773743
2005,PER.17.4_1,Maynas,132141,132166.5145,6037.0,0.0456860474795862,0.0456772278569638
2005,PER.17.5_1,Requena,39626,39634.3226,375.0,0.00946348357139252,0.00946149639080511
2005,PER.17.6_1,Ucayali,29932,29924.9451,562.0,0.018775892021916343,0.01878031851821682
2005,PER.18.1_1,Manu,28191,28189.1616,1047.0,0.03713951261040758,0.03714193473301794
2005,PER.18.2_1,Tahuamanu,20252,20245.0595,260.0,0.012838238198696426,0.012842639476627279
2005,PER.18.3_1,Tambopata,35907,35901.8019,1824.0,0.05079789456094912,0.05080524948328918
2005,PER.19.1_1,General Sánchez Cerro,5722,5725.7242,403.0,0.07042991960852849,0.0703841096131992
2005,PER.19.2_1,Ilo,1366,1372.4439,4754.0,3.480234260614934,3.4638937503933858
2005,PER.19.3_1,Mariscal Nieto,8656,8657.94,6803.0,0.7859288354898336,0.7857527282393572
2005,PER.20.1_1,Daniel Alcides Carrión,1529,1523.3131,245.0,0.16023544800523218,0.1608336495583194
2005,PER.20.2_1,Oxapampa,17693,17695.4834,1299.0,0.07341886621827841,0.07340856265172317
2005,PER.20.3_1,Pasco,4753,4751.908,6445.0,1.3559856932463707,1.3562972999746945
2005,PER.21.1_1,Ayabaca,5206,5197.2449,377.0,0.0724164425662697,0.07253843346403184
2005,PER.21.2_1,Huancabamba,4280,4276.7233,444.0,0.10373831775700934,0.10381779944197186
2005,PER.21.3_1,Morropón,3810,3811.6782,2154.0,0.5653543307086614,0.5651054141218915
2005,PER.21.4_1,Paita,1747,1750.2889,3473.0,1.9879793932455638,1.9842438735471049
2005,PER.21.5_1,Piura,6150,6149.5744,12869.0,2.092520325203252,2.0926651451961753
2005,PER.21.6_1,Sechura,6472,6478.1826,2234.0,0.34517923362175523,0.3448498051367601
2005,PER.21.7_1,Sullana,5263,5254.043,5792.0,1.1005130153904616,1.102389145366891
2005,PER.21.8_1,Talara,2932,2939.2512,9501.0,3.240450204638472,3.2324559534269013
2005,PER.22.1_1,Azángaro,5245,5231.2106,2193.0,0.4181124880838894,0.41921462532777404
2005,PER.22.2_1,Carabaya,11680,11690.4688,730.0,0.0625,0.06244403149271456
2005,PER.22.3_1,Chucuíto,3940,3941.2265,742.0,0.1883248730964467,0.18826626558910078
2005,PER.22.4_1,El Collao,5653,5651.7589,833.0,0.14735538652043162,0.14738774541144697
2005,PER.22.5_1,Huancane,2818,2828.4046,508.0,0.18026969481902058,0.17960655373145107
2005,PER.22.6_1,Lago Titicaca,5287,5283.4928,1289.0,0.2438055608095328,0.24396740091321192
2005,PER.22.7_1,Lampa,5711,5717.1909,853.0,0.14936088250744178,0.1491991456107776
2005,PER.22.8_1,Melgar,6535,6541.587,1784.0,0.27299158377964805,0.27271669516526975
2005,PER.22.9_1,Moho,1039,1031.7237,298.0,0.28681424446583254,0.28883701803289297
2005,PER.22.10_1,Puno,6525,6518.8824,3954.0,0.6059770114942529,0.6065456867089951
2005,PER.22.11_1,San Antonio de Putina,3149,3140.0951,670.0,0.2127659574468085,0.21336933095925176
2005,PER.22.12_1,San Román,2280,2280.1851,4816.0,2.112280701754386,2.112109237133422
2005,PER.22.13_1,Sandia,12540,12540.8815,223.0,0.017783094098883574,0.01778184417950063
2005,PER.22.14_1,Yunguyo,297,302.7066,558.0,1.878787878787879,1.8433689512535592
2005,PER.23.1_1,Bellavista,7793,7790.7683,859.0,0.11022712690876428,0.11025870249706055
2005,PER.23.2_1,El Dorado,1319,1318.8251,132.0,0.10007581501137225,0.10008908924229888
2005,PER.23.3_1,Huallaga,2365,2359.6027,408.0,0.17251585623678647,0.17291046278758854
2005,PER.23.4_1,Lamas,5011,5010.8022,1192.0,0.2378766713230892,0.23788606345014005
2005,PER.23.5_1,Mariscal Cáceres,14425,14434.6489,815.0,0.05649913344887349,0.05646136628018202
2005,PER.23.6_1,Moyobamba,3795,3794.5532,2227.0,0.5868247694334651,0.5868938625154115
2005,PER.23.7_1,Picota,2126,2134.7792,535.0,0.2516462841015992,0.2506113923192964
2005,PER.23.8_1,Rioja,2593,2598.5485,1774.0,0.6841496336290012,0.6826888264554524
2005,PER.23.9_1,San Martín,4817,4823.345,3585.0,0.7442391529997924,0.7432601290425115
2005,PER.23.10_1,Tocache,6111,6102.5482,1326.0,0.21698576337751596,0.2172862816630839
2005,PER.24.1_1,Candarave,2305,2304.2136,658.0,0.2854663774403471,0.28556380888650224
2005,PER.24.2_1,Jorge Basadre,2750,2746.7382,3217.0,1.1698181818181819,1.1712073511764274
2005,PER.24.3_1,Tacna,8159,8162.2685,8970.0,1.0993994362054174,1.0989591979004891
2005,PER.24.4_1,Tarata,2788,2785.0639,300.0,0.10760401721664276,0.10771745550901111
2005,PER.25.1_1,Contralmirante Villar,2134,2127.3485,656.0,0.30740393626991563,0.3083650822053601
2005,PER.25.2_1,Tumbes,1785,1786.2221,4485.0,2.5126050420168067,2.510886004582521
2005,PER.25.3_1,Zarumilla,721,728.412,2688.0,3.7281553398058254,3.690219084166312
2005,PER.26.1_1,Atalaya,38581,38583.1679,254.0,0.006583551489074933,0.006583181572939592
2005,PER.26.2_1,Coronel Portillo,39067,39060.4079,7692.0,0.19689251798192847,0.19692574671312552
2005,PER.26.3_1,Padre Abad,9291,9288.8146,830.0,0.0893337638574965,0.08935478144180997
2005,PER.26.4_1,Purús,18173,18145.6829,125.0,0.006878335992956584,0.006888690869268023
2006,PER.1.1_1,Bagua,5897,5891.871,994.0,0.16856028489062236,0.16870702075288613
2006,PER.1.2_1,Bongará,2824,2829.7375,162.0,0.05736543909348442,0.05724912714754596
2006,PER.1.3_1,Chachapoyas,2999,2997.3637,1190.0,0.3967989329776592,0.3970155455831023
2006,PER.1.4_1,Condorcanqui,17948,17952.2232,44.0,0.0024515266324938714,0.002450949914319152
2006,PER.1.5_1,Luya,3367,3359.4489,314.0,0.09325809325809326,0.09346771027327275
2006,PER.1.6_1,Rodríguez de Mendoza,2682,2681.7449,75.0,0.02796420581655481,0.02796686610650107
2006,PER.1.7_1,Utcubamba,3871,3870.408,1630.0,0.42107982433479724,0.4211442257861521
2006,PER.2.1_1,Aija,696,697.1118,164.0,0.23563218390804597,0.23525637999996982
2006,PER.2.2_1,Antonio Raymondi,559,561.5141,29.0,0.0518783542039356,0.05164607444655036
2006,PER.2.3_1,Asunción,524,524.8509,85.0,0.16221374045801526,0.16195075480784393
2006,PER.2.4_1,Bolognesi,3069,3067.2607,701.0,0.22841316389703487,0.2285426844061905
2006,PER.2.5_1,Carhuaz,817,816.2705,1366.0,1.671970624235006,1.6734648441742381
2006,PER.2.6_1,Carlos Fermin Fitzcarrald,628,627.065,41.0,0.06528662420382166,0.06538397270763839
2006,PER.2.7_1,Casma,2274,2279.5761,1766.0,0.7766051011433597,0.7747054362892322
2006,PER.2.8_1,Corongo,1016,1015.6517,199.0,0.19586614173228348,0.19593331976063866
2006,PER.2.9_1,Huaraz,2499,2501.0478,4018.0,1.607843137254902,1.6065266706695664
2006,PER.2.10_1,Huari,2799,2790.2845,2969.0,1.060735977134691,1.0640491968020926
2006,PER.2.11_1,Huarmey,3927,3933.9868,925.0,0.23554876496052968,0.2351304284058516
2006,PER.2.12_1,Huaylas,2277,2284.0483,1726.0,0.7580149319279754,0.7556757984346483
2006,PER.2.13_1,Mariscal Luzuriaga,731,733.0131,116.0,0.15868673050615595,0.15825093074471666
2006,PER.2.14_1,Ocros,1943,1949.2401,134.0,0.06896551724137931,0.06874473846023449
2006,PER.2.15_1,Pallasca,2067,2063.679,844.0,0.40832123850991775,0.4089783400652021
2006,PER.2.16_1,Pomabamba,923,923.2323,195.0,0.2112676056338028,0.21121445552598786
2006,PER.2.17_1,Recuay,2322,2318.0851,590.0,0.2540913006029285,0.2545204274172216
2006,PER.2.18_1,Santa,3997,3987.845,11885.0,2.973480110082562,2.9803064003296598
2006,PER.2.19_1,Sihuas,1459,1456.9158,251.0,0.1720356408498972,0.1722817509653933
2006,PER.2.20_1,Yungay,1370,1362.6156,1251.0,0.9131386861313868,0.9180872526136616
2006,PER.3.1_1,Abancay,3469,3461.1924,1853.0,0.5341597002017873,0.535364637356538
2006,PER.3.2_1,Andahuaylas,4011,4018.7208,2360.0,0.5883819496384941,0.5872515481679296
2006,PER.3.3_1,Antabamba,3217,3220.4249,18.0,0.005595275101025801,0.005589324531261475
2006,PER.3.4_1,Aymaraes,4129,4128.1482,468.0,0.11334463550496489,0.11336802272405787
2006,PER.3.5_1,Chincheros,1523,1523.0751,214.0,0.14051214707813525,0.14050522012609623
2006,PER.3.6_1,Cotabambas,2622,2621.0521,63.0,0.02402745995423341,0.024036149085871965
2006,PER.3.7_1,Grau,2128,2129.1362,165.0,0.0775375939849624,0.07749621624024239
2006,PER.4.1_1,Arequipa,10399,10401.7538,27981.0,2.6907394941821328,2.69002713653807
2006,PER.4.2_1,Camaná,4592,4594.9288,2455.0,0.5346254355400697,0.5342846664643721
2006,PER.4.3_1,Caravelí,13035,13027.441,1281.0,0.09827387802071347,0.09833090047214703
2006,PER.4.4_1,Castilla,7621,7620.9932,1812.0,0.23776407295630494,0.23776428628452384
2006,PER.4.5_1,Caylloma,12048,12035.9001,1163.0,0.09653054448871182,0.09662758795706851
2006,PER.4.6_1,Condesuyos,6838,6852.1717,589.0,0.08613629716291313,0.08595814911488141
2006,PER.4.7_1,Islay,3849,3849.9051,3773.0,0.9802546115874253,0.9800241688012723
2006,PER.4.8_1,La Unión,4893,4893.6009,432.0,0.08828939301042306,0.08827855100865163
2006,PER.5.1_1,Cangallo,1872,1872.5839,88.0,0.04700854700854701,0.0469938901463563
2006,PER.5.2_1,Huamanga,2955,2958.2366,3580.0,1.2115059221658206,1.2101804346780058
2006,PER.5.3_1,Huanca Sancos,2830,2831.2856,24.0,0.008480565371024734,0.008476714582697121
2006,PER.5.4_1,Huanta,3810,3814.0301,1169.0,0.3068241469816273,0.30649994153543403
2006,PER.5.5_1,La Mar,4318,4312.4371,505.0,0.11695229272811487,0.1171031583641418
2006,PER.5.6_1,Lucanas,14484,14477.3422,1419.0,0.09797017398508699,0.09801522815275392
2006,PER.5.7_1,Parinacochas,5934,5950.4746,303.0,0.051061678463094035,0.0509203083025264
2006,PER.5.8_1,Paucar del Sara Sara,2090,2081.7527,117.0,0.05598086124401914,0.05620264017336895
2006,PER.5.9_1,Sucre,1781,1786.8708,5.0,0.002807411566535654,0.002798187807642726
2006,PER.5.10_1,Victor Fajardo,2276,2265.2791,179.0,0.07864674868189807,0.07901896106541831
2006,PER.5.11_1,Vilcas Huamán,1214,1205.7813,56.0,0.04612850082372323,0.04644291608810528
2006,PER.6.1_1,Cajabamba,1792,1788.6443,698.0,0.38950892857142855,0.39023969184190355
2006,PER.6.2_1,Cajamarca,2977,2977.7902,9612.0,3.2287537789721195,3.2278969581203505
2006,PER.6.3_1,Celendín,2582,2580.2493,872.0,0.337722695584818,0.3379518428126903
2006,PER.6.4_1,Chota,3840,3836.4892,1301.0,0.33880208333333334,0.33911212257051293
2006,PER.6.5_1,Contumazá,2062,2060.9532,999.0,0.4844810863239573,0.48472716836681196
2006,PER.6.6_1,Cutervo,3025,3030.0606,539.0,0.1781818181818182,0.17788422849132643
2006,PER.6.7_1,Hualgayoc,785,783.6578,763.0,0.9719745222929936,0.9736392889936357
2006,PER.6.8_1,Jaén,5027,5025.2434,2471.0,0.49154565347125523,0.49171747438086155
2006,PER.6.9_1,San Ignacio,4891,4894.3699,444.0,0.0907789818033122,0.09071647864482613
2006,PER.6.10_1,San Marcos,1343,1348.0813,359.0,0.2673119880863738,0.266304410529306
2006,PER.6.11_1,San Miguel,2530,2527.3116,538.0,0.2126482213438735,0.21287442412789753
2006,PER.6.12_1,San Pablo,666,665.0983,420.0,0.6306306306306306,0.631485573728278
2006,PER.6.13_1,Santa Cruz,1382,1383.2844,210.0,0.15195369030390737,0.15181260199777086
2006,PER.7.1_1,Callao,164,160.8378,8481.0,51.71341463414634,52.730157620543864
2006,PER.8.1_1,Acomayo,935,932.9494,48.0,0.051336898395721926,0.051449734405856005
2006,PER.8.2_1,Anta,1928,1932.7747,978.0,0.5072614107883817,0.5060082715734092
2006,PER.8.3_1,Calca,3559,3559.4921,917.0,0.2576566451250351,0.25762102503544354
2006,PER.8.4_1,Canas,2139,2134.9741,127.0,0.05937353903693315,0.059485499310458496
2006,PER.8.5_1,Canchis,3953,3950.2571,1853.0,0.4687579053883127,0.46908339789038167
2006,PER.8.6_1,Chumbivilcas,5329,5334.9773,277.0,0.05197973353349596,0.05192149532312656
2006,PER.8.7_1,Cusco,530,530.1969,7307.0,13.78679245283019,13.781671630693562
2006,PER.8.8_1,Espinar,5235,5235.9122,2285.0,0.4364851957975167,0.4364091507780703
2006,PER.8.9_1,La Convención,31674,31679.4986,4103.0,0.12953842268106333,0.12951593890383248
2006,PER.8.10_1,Paruro,1966,1966.4681,99.0,0.05035605289928789,0.05034406541017674
2006,PER.8.11_1,Paucartambo,5708,5714.5208,213.0,0.03731604765241766,0.03727346689182681
2006,PER.8.12_1,Quispicanchi,7819,7811.3434,1476.0,0.18877094257577695,0.18895597482640702
2006,PER.8.13_1,Urubamba,1463,1459.7168,1883.0,1.2870813397129186,1.2899762139067321
2006,PER.9.1_1,Acobamba,921,927.3542,292.0,0.31704668838219324,0.31487429237682407
2006,PER.9.2_1,Angaraes,1942,1944.836,633.0,0.3259526261585994,0.3254773158327288
2006,PER.9.3_1,Castrovirreyna,3960,3958.9592,191.0,0.04823232323232323,0.04824500372860579
2006,PER.9.4_1,Churcampa,1068,1062.7849,906.0,0.848314606741573,0.8524772845528003
2006,PER.9.5_1,Huancavelica,3999,3992.4364,1868.0,0.4671167791947987,0.46788471983448493
2006,PER.9.6_1,Huaytara,6463,6465.2905,488.0,0.0755067306204549,0.07547998028363294
2006,PER.9.7_1,Tayacaja,3735,3730.9345,1814.0,0.4856760374832664,0.48620526970791417
2006,PER.10.1_1,Ambo,1571,1576.1231,511.0,0.3252705283259071,0.3242132620519876
2006,PER.10.2_1,Dos de Mayo,1342,1335.5805,149.0,0.11102831594634874,0.11156197750721876
2006,PER.10.3_1,Huacaybamba,1763,1765.4566,0.0,0.0,0.0
2006,PER.10.4_1,Huamalíes,3158,3166.8282,90.0,0.028499050031665613,0.02841960278663354
2006,PER.10.5_1,Huenuco,4107,4110.2577,3505.0,0.8534209885561237,0.8527445815146283
2006,PER.10.6_1,Lauricocha,2076,2083.3213,201.0,0.0968208092485549,0.09648055835067532
2006,PER.10.7_1,Leoncio Prado,4962,4958.1773,2028.0,0.40870616686819833,0.4090212758878773
2006,PER.10.8_1,Marañón,4875,4878.4786,122.0,0.025025641025641025,0.02500779652587196
2006,PER.10.9_1,Pachitea,2655,2647.0304,252.0,0.09491525423728814,0.09520102135106062
2006,PER.10.10_1,Puerto Inca,9819,9814.2188,83.0,0.008452999287096445,0.008457117375554733
2006,PER.10.11_1,Yarowilca,752,746.4216,0.0,0.0,0.0
2006,PER.11.1_1,Chincha,2899,2905.713,6743.0,2.3259744739565367,2.3206008233604978
2006,PER.11.2_1,Ica,7867,7864.1979,11933.0,1.5168425066734461,1.5173829823662734
2006,PER.11.3_1,Nazca,5224,5209.8162,3242.0,0.6205972434915773,0.622286833077863
2006,PER.11.4_1,Palpa,1209,1219.3592,906.0,0.749379652605459,0.7430132192394943
2006,PER.11.5_1,Pisco,3979,3968.9444,7286.0,1.8311133450615733,1.8357526092967495
2006,PER.12.1_1,Chanchamayo,4671,4674.6736,3601.0,0.7709269963605224,0.7703211664665768
2006,PER.12.2_1,Chupaca,1170,1163.9265,2053.0,1.7547008547008547,1.7638570925939137
2006,PER.12.3_1,Concepción,2242,2248.8693,1924.0,0.8581623550401427,0.8555410562802395
2006,PER.12.4_1,Huancayo,3738,3734.3439,8068.0,2.1583734617442483,2.160486624554972
2006,PER.12.5_1,Jauja,4385,4383.5123,4594.0,1.0476624857468644,1.04801805635067
2006,PER.12.6_1,Junín,2633,2625.8821,1153.0,0.43790353209266997,0.43909053668907727
2006,PER.12.7_1,Satipo,19490,19497.3878,1673.0,0.08583889173935351,0.08580636650752456
2006,PER.12.8_1,Tarma,2663,2663.9461,4225.0,1.5865565152084116,1.5859930238092117
2006,PER.12.9_1,Yauli,3632,3637.3003,5879.0,1.6186674008810573,1.6163086813436838
2006,PER.13.1_1,Ascope,2653,2656.16,6739.0,2.5401432340746326,2.537121249315613
2006,PER.13.2_1,Bolívar,1744,1745.5625,0.0,0.0,0.0
2006,PER.13.3_1,Chepén,1153,1150.5574,3221.0,2.7935819601040763,2.7995127289125654
2006,PER.13.4_1,Gran Chimú,1305,1306.9247,322.0,0.2467432950191571,0.2463799188416758
2006,PER.13.5_1,Julcan,1107,1110.773,161.0,0.14543812104787715,0.1449441044587544
2006,PER.13.6_1,Otuzco,2088,2088.1443,1157.0,0.5541187739463601,0.5540804786018257
2006,PER.13.7_1,Pacasmayo,1119,1119.8766,4705.0,4.204647006255585,4.201355918575195
2006,PER.13.8_1,Pataz,3991,3989.5251,1421.0,0.35605111500876974,0.35618274050173127
2006,PER.13.9_1,Sánchez Carrión,2501,2494.8258,1008.0,0.4030387844862055,0.40403622824119345
2006,PER.13.10_1,Santiago de Chuco,2668,2671.5263,2084.0,0.7811094452773614,0.7800784012406887
2006,PER.13.11_1,Trujillo,1767,1766.3122,14711.0,8.325410299943407,8.32865237933518
2006,PER.13.12_1,Viru,3207,3207.8223,3130.0,0.9759900218272529,0.975739837731068
2006,PER.14.1_1,Chiclayo,3211,3211.4229,13752.0,4.282777950794145,4.282213979592263
2006,PER.14.2_1,Ferreñafe,1705,1705.7385,2040.0,1.1964809384164223,1.195962920545878
2006,PER.14.3_1,Lambayeque,9365,9366.3112,6302.0,0.6729311265349707,0.6728369194703554
2006,PER.16.1_1,Barranca,1389,1382.5918,4305.0,3.099352051835853,3.113717192080085
2006,PER.16.2_1,Cajatambo,1525,1527.1172,51.0,0.03344262295081967,0.033396258129693275
2006,PER.16.3_1,Cañete,4605,4605.4107,11282.0,2.449945711183496,2.4497272072979666
2006,PER.16.4_1,Canta,1690,1693.223,996.0,0.5893491124260355,0.5882272926196975
2006,PER.16.5_1,Huaral,3664,3664.9371,7966.0,2.1741266375545854,2.173570747250825
2006,PER.16.6_1,Huarochiri,5742,5738.1299,7274.0,1.266805990943922,1.2676603820544787
2006,PER.16.7_1,Huaura,4947,4942.2427,6510.0,1.3159490600363857,1.3172157623492002
2006,PER.16.8_1,Oyon,1871,1870.9257,1045.0,0.5585248530197755,0.5585470220827519
2006,PER.16.9_1,Yauyos,6916,6912.2907,244.0,0.035280508964719494,0.035299441424843696
2006,PER.15.1_1,Lima,2698,2705.3448,75410.0,27.950333580429948,27.87445051292175
2006,PER.17.1_1,Alto Amazonas,66273,66273.3598,3199.0,0.048270034554041615,0.048269772492983656
2006,PER.17.2_1,Loreto,68509,68480.0481,11900.0,0.17369980586492287,0.1737732423105105
2006,PER.17.3_1,Mariscal Ramón Castilla,38974,38967.2339,806.0,0.02068045363575717,0.02068404448713464
2006,PER.17.4_1,Maynas,132141,132166.5145,6193.0,0.04686660461174049,0.04685755708434269
2006,PER.17.5_1,Requena,39626,39634.3226,377.0,0.00951395548377328,0.009511957704889405
2006,PER.17.6_1,Ucayali,29932,29924.9451,528.0,0.01763998396365094,0.01764414266480157
2006,PER.18.1_1,Manu,28191,28189.1616,1264.0,0.04483700471781774,0.04483992884673799
2006,PER.18.2_1,Tahuamanu,20252,20245.0595,376.0,0.018566067548884062,0.01857243247389176
2006,PER.18.3_1,Tambopata,35907,35901.8019,2021.0,0.05628428997131479,0.056292439257526014
2006,PER.19.1_1,General Sánchez Cerro,5722,5725.7242,556.0,0.09716882209017826,0.09710562021076614
2006,PER.19.2_1,Ilo,1366,1372.4439,4635.0,3.3931185944363103,3.377187112552239
2006,PER.19.3_1,Mariscal Nieto,8656,8657.94,6864.0,0.7929759704251387,0.7927982840856898
2006,PER.20.1_1,Daniel Alcides Carrión,1529,1523.3131,250.0,0.16350555918901244,0.16411596893706062
2006,PER.20.2_1,Oxapampa,17693,17695.4834,1225.0,0.0692364211835189,0.06922670457918467
2006,PER.20.3_1,Pasco,4753,4751.908,6700.0,1.409636019356196,1.4099599549775723
2006,PER.21.1_1,Ayabaca,5206,5197.2449,439.0,0.08432577794852093,0.08446783100984079
2006,PER.21.2_1,Huancabamba,4280,4276.7233,595.0,0.13901869158878505,0.139125204207147
2006,PER.21.3_1,Morropón,3810,3811.6782,2451.0,0.6433070866141732,0.6430238486595896
2006,PER.21.4_1,Paita,1747,1750.2889,3410.0,1.9519175729822553,1.948249815374497
2006,PER.21.5_1,Piura,6150,6149.5744,13217.0,2.1491056910569104,2.149254427232718
2006,PER.21.6_1,Sechura,6472,6478.1826,2283.0,0.3527503090234858,0.3524136549360892
2006,PER.21.7_1,Sullana,5263,5254.043,6177.0,1.1736652099562987,1.175666048158026
2006,PER.21.8_1,Talara,2932,2939.2512,9486.0,3.2353342428376535,3.2273526127994514
2006,PER.22.1_1,Azángaro,5245,5231.2106,2278.0,0.43431839847473785,0.43546325421644744
2006,PER.22.2_1,Carabaya,11680,11690.4688,779.0,0.06669520547945205,0.06663548018195156
2006,PER.22.3_1,Chucuíto,3940,3941.2265,815.0,0.2068527918781726,0.20678841840312284
2006,PER.22.4_1,El Collao,5653,5651.7589,841.0,0.14877056430214045,0.14880323396281742
2006,PER.22.5_1,Huancane,2818,2828.4046,604.0,0.21433640880056778,0.21354794971219773
2006,PER.22.6_1,Lago Titicaca,5287,5283.4928,1299.0,0.24569699262341593,0.245860088274835
2006,PER.22.7_1,Lampa,5711,5717.1909,907.0,0.1588163193836456,0.15864434357441415
2006,PER.22.8_1,Melgar,6535,6541.587,1773.0,0.27130833970925783,0.27103514603588746
2006,PER.22.9_1,Moho,1039,1031.7237,290.0,0.2791145332050048,0.28108300412596965
2006,PER.22.10_1,Puno,6525,6518.8824,4066.0,0.6231417624521073,0.6237265458165843
2006,PER.22.11_1,San Antonio de Putina,3149,3140.0951,750.0,0.2381708478882185,0.23884626599916242
2006,PER.22.12_1,San Román,2280,2280.1851,4849.0,2.126754385964912,2.1265817464410226
2006,PER.22.13_1,Sandia,12540,12540.8815,238.0,0.0189792663476874,0.018977932353009642
2006,PER.22.14_1,Yunguyo,297,302.7066,650.0,2.1885521885521886,2.147293581209343
2006,PER.23.1_1,Bellavista,7793,7790.7683,826.0,0.10599255742332862,0.1060229199797113
2006,PER.23.2_1,El Dorado,1319,1318.8251,135.0,0.1023502653525398,0.10236384127053294
2006,PER.23.3_1,Huallaga,2365,2359.6027,384.0,0.16236786469344608,0.16273925909420098
2006,PER.23.4_1,Lamas,5011,5010.8022,1197.0,0.23887447615246457,0.23888390767602152
2006,PER.23.5_1,Mariscal Cáceres,14425,14434.6489,747.0,0.05178509532062392,0.05175047927766377
2006,PER.23.6_1,Moyobamba,3795,3794.5532,2220.0,0.5849802371541502,0.5850491130598175
2006,PER.23.7_1,Picota,2126,2134.7792,484.0,0.22765757290686736,0.2267213343598868
2006,PER.23.8_1,Rioja,2593,2598.5485,1792.0,0.6910913999228693,0.6896157705795776
2006,PER.23.9_1,San Martín,4817,4823.345,3506.0,0.7278389038820843,0.7268814539534296
2006,PER.23.10_1,Tocache,6111,6102.5482,1330.0,0.21764032073310424,0.21794174555950344
2006,PER.24.1_1,Candarave,2305,2304.2136,666.0,0.28893709327548805,0.2890357092984962
2006,PER.24.2_1,Jorge Basadre,2750,2746.7382,3277.0,1.1916363636363636,1.1930514422770135
2006,PER.24.3_1,Tacna,8159,8162.2685,8811.0,1.0799117538914083,1.079479319141718
2006,PER.24.4_1,Tarata,2788,2785.0639,307.0,0.11011477761836441,0.11023086280422137
2006,PER.25.1_1,Contralmirante Villar,2134,2127.3485,663.0,0.3106841611996251,0.3116555632654783
2006,PER.25.2_1,Tumbes,1785,1786.2221,4467.0,2.5025210084033613,2.500808870115969
2006,PER.25.3_1,Zarumilla,721,728.412,2829.0,3.9237170596393898,3.8837908441616436
2006,PER.26.1_1,Atalaya,38581,38583.1679,246.0,0.006376195536663124,0.006375837271429684
2006,PER.26.2_1,Coronel Portillo,39067,39060.4079,7884.0,0.20180715181611078,0.20184120996961538
2006,PER.26.3_1,Padre Abad,9291,9288.8146,870.0,0.09363900548918308,0.09366103596912612
2006,PER.26.4_1,Purús,18173,18145.6829,115.0,0.0063280691135200575,0.0063375955997265815
2007,PER.1.1_1,Bagua,5897,5891.871,907.0,0.15380702051890793,0.1539409133026838
2007,PER.1.2_1,Bongará,2824,2829.7375,130.0,0.04603399433427762,0.045940657587536876
2007,PER.1.3_1,Chachapoyas,2999,2997.3637,1167.0,0.3891297099033011,0.389342135878555
2007,PER.1.4_1,Condorcanqui,17948,17952.2232,0.0,0.0,0.0
2007,PER.1.5_1,Luya,3367,3359.4489,260.0,0.07722007722007722,0.07739364544920674
2007,PER.1.6_1,Rodríguez de Mendoza,2682,2681.7449,70.0,0.02609992542878449,0.026102408366067663
2007,PER.1.7_1,Utcubamba,3871,3870.408,1551.0,0.4006716610694911,0.40073294122351044
2007,PER.2.1_1,Aija,696,697.1118,98.0,0.14080459770114942,0.14058003195120147
2007,PER.2.2_1,Antonio Raymondi,559,561.5141,32.0,0.057245080500894455,0.05698877180309005
2007,PER.2.3_1,Asunción,524,524.8509,73.0,0.13931297709923665,0.13908711883497185
2007,PER.2.4_1,Bolognesi,3069,3067.2607,701.0,0.22841316389703487,0.2285426844061905
2007,PER.2.5_1,Carhuaz,817,816.2705,1357.0,1.6609547123623012,1.6624390875142323
2007,PER.2.6_1,Carlos Fermin Fitzcarrald,628,627.065,41.0,0.06528662420382166,0.06538397270763839
2007,PER.2.7_1,Casma,2274,2279.5761,1764.0,0.7757255936675461,0.7738280801892443
2007,PER.2.8_1,Corongo,1016,1015.6517,164.0,0.16141732283464566,0.1614726856318831
2007,PER.2.9_1,Huaraz,2499,2501.0478,3988.0,1.5958383353341337,1.5945316980164834
2007,PER.2.10_1,Huari,2799,2790.2845,2939.0,1.0500178635226867,1.0532976050526608
2007,PER.2.11_1,Huarmey,3927,3933.9868,908.0,0.23121976063152533,0.23080911242433866
2007,PER.2.12_1,Huaylas,2277,2284.0483,1654.0,0.7263943785682916,0.7241528219066675
2007,PER.2.13_1,Mariscal Luzuriaga,731,733.0131,114.0,0.15595075239398085,0.1555224664215319
2007,PER.2.14_1,Ocros,1943,1949.2401,161.0,0.08286155429747813,0.08259629023953548
2007,PER.2.15_1,Pallasca,2067,2063.679,770.0,0.3725205611998065,0.3731200495855517
2007,PER.2.16_1,Pomabamba,923,923.2323,192.0,0.20801733477789816,0.20796500236404958
2007,PER.2.17_1,Recuay,2322,2318.0851,550.0,0.2368647717484927,0.23726480521944385
2007,PER.2.18_1,Santa,3997,3987.845,11851.0,2.9649737302977233,2.9717804922428943
2007,PER.2.19_1,Sihuas,1459,1456.9158,270.0,0.1850582590815627,0.185322999046439
2007,PER.2.20_1,Yungay,1370,1362.6156,1270.0,0.927007299270073,0.9320310238364111
2007,PER.3.1_1,Abancay,3469,3461.1924,1838.0,0.5298356875180167,0.531030870729259
2007,PER.3.2_1,Andahuaylas,4011,4018.7208,2361.0,0.5886312640239342,0.5875003835696956
2007,PER.3.3_1,Antabamba,3217,3220.4249,18.0,0.005595275101025801,0.005589324531261475
2007,PER.3.4_1,Aymaraes,4129,4128.1482,459.0,0.11116493097602324,0.11118786844090292
2007,PER.3.5_1,Chincheros,1523,1523.0751,226.0,0.14839133289560077,0.1483840175163446
2007,PER.3.6_1,Cotabambas,2622,2621.0521,53.0,0.02021357742181541,0.02022088732620975
2007,PER.3.7_1,Grau,2128,2129.1362,160.0,0.07518796992481203,0.07514784605114412
2007,PER.4.1_1,Arequipa,10399,10401.7538,27833.0,2.676507356476584,2.67579876670827
2007,PER.4.2_1,Camaná,4592,4594.9288,2443.0,0.5320121951219512,0.5316730917199435
2007,PER.4.3_1,Caravelí,13035,13027.441,1295.0,0.09934790947449175,0.09940555512211584
2007,PER.4.4_1,Castilla,7621,7620.9932,1934.0,0.2537724708043564,0.2537726984957335
2007,PER.4.5_1,Caylloma,12048,12035.9001,1180.0,0.09794156706507304,0.09804002905360347
2007,PER.4.6_1,Condesuyos,6838,6852.1717,653.0,0.09549575899385786,0.09529825360274628
2007,PER.4.7_1,Islay,3849,3849.9051,3632.0,0.9436217199272539,0.9433998889706391
2007,PER.4.8_1,La Unión,4893,4893.6009,409.0,0.08358880032699775,0.08357853556143176
2007,PER.5.1_1,Cangallo,1872,1872.5839,84.0,0.04487179487179487,0.04485780423061283
2007,PER.5.2_1,Huamanga,2955,2958.2366,3583.0,1.2125211505922167,1.2111945523606968
2007,PER.5.3_1,Huanca Sancos,2830,2831.2856,26.0,0.009187279151943463,0.009183107464588548
2007,PER.5.4_1,Huanta,3810,3814.0301,1212.0,0.31811023622047246,0.3177741053387049
2007,PER.5.5_1,La Mar,4318,4312.4371,587.0,0.13594256600277907,0.13611792863317076
2007,PER.5.6_1,Lucanas,14484,14477.3422,1417.0,0.09783209058271196,0.09787708124908549
2007,PER.5.7_1,Parinacochas,5934,5950.4746,304.0,0.05123019885406134,0.05108836212530701
2007,PER.5.8_1,Paucar del Sara Sara,2090,2081.7527,121.0,0.05789473684210526,0.05812409795707387
2007,PER.5.9_1,Sucre,1781,1786.8708,6.0,0.003368893879842785,0.003357825369171271
2007,PER.5.10_1,Victor Fajardo,2276,2265.2791,258.0,0.11335676625659051,0.11389325114456941
2007,PER.5.11_1,Vilcas Huamán,1214,1205.7813,53.0,0.04365733113673806,0.0439549027262425
2007,PER.6.1_1,Cajabamba,1792,1788.6443,620.0,0.34598214285714285,0.34663124490255043
2007,PER.6.2_1,Cajamarca,2977,2977.7902,9704.0,3.259657373194491,3.2587923513940784
2007,PER.6.3_1,Celendín,2582,2580.2493,875.0,0.3388845855925639,0.33911452117099083
2007,PER.6.4_1,Chota,3840,3836.4892,1121.0,0.29192708333333334,0.2921942270572982
2007,PER.6.5_1,Contumazá,2062,2060.9532,979.0,0.4747817652764306,0.47502292075186076
2007,PER.6.6_1,Cutervo,3025,3030.0606,445.0,0.14710743801652892,0.1468617470846758
2007,PER.6.7_1,Hualgayoc,785,783.6578,1171.0,1.4917197452229298,1.494274714825095
2007,PER.6.8_1,Jaén,5027,5025.2434,2233.0,0.4442013129102845,0.4443565844971525
2007,PER.6.9_1,San Ignacio,4891,4894.3699,424.0,0.08668983847883868,0.08663015077794207
2007,PER.6.10_1,San Marcos,1343,1348.0813,372.0,0.27699180938198065,0.27594774572953157
2007,PER.6.11_1,San Miguel,2530,2527.3116,556.0,0.21976284584980238,0.21999661675671195
2007,PER.6.12_1,San Pablo,666,665.0983,348.0,0.5225225225225225,0.5232309039462875
2007,PER.6.13_1,Santa Cruz,1382,1383.2844,177.0,0.12807525325615052,0.12795633596954972
2007,PER.7.1_1,Callao,164,160.8378,8558.0,52.18292682926829,53.208900945244
2007,PER.8.1_1,Acomayo,935,932.9494,46.0,0.04919786096256684,0.04930599547227867
2007,PER.8.2_1,Anta,1928,1932.7747,962.0,0.49896265560165975,0.49773001764173797
2007,PER.8.3_1,Calca,3559,3559.4921,922.0,0.259061534138803,0.2590257198284394
2007,PER.8.4_1,Canas,2139,2134.9741,112.0,0.05236091631603553,0.0524596529352075
2007,PER.8.5_1,Canchis,3953,3950.2571,1850.0,0.467998988110296,0.46832395364123375
2007,PER.8.6_1,Chumbivilcas,5329,5334.9773,286.0,0.05366860574216551,0.053608475315574715
2007,PER.8.7_1,Cusco,530,530.1969,7176.0,13.539622641509434,13.534593625544957
2007,PER.8.8_1,Espinar,5235,5235.9122,2374.0,0.45348615090735434,0.4534071439593606
2007,PER.8.9_1,La Convención,31674,31679.4986,4206.0,0.13279030119340784,0.13276725299281486
2007,PER.8.10_1,Paruro,1966,1966.4681,93.0,0.04730417090539166,0.04729290993077209
2007,PER.8.11_1,Paucartambo,5708,5714.5208,233.0,0.04081990189208129,0.04077332293800773
2007,PER.8.12_1,Quispicanchi,7819,7811.3434,1560.0,0.19951400434838215,0.1997095668896985
2007,PER.8.13_1,Urubamba,1463,1459.7168,1911.0,1.30622009569378,1.309158016344007
2007,PER.9.1_1,Acobamba,921,927.3542,301.0,0.3268186753528773,0.3245793219363837
2007,PER.9.2_1,Angaraes,1942,1944.836,604.0,0.3110195674562307,0.3105660328008976
2007,PER.9.3_1,Castrovirreyna,3960,3958.9592,200.0,0.050505050505050504,0.0505183285116291
2007,PER.9.4_1,Churcampa,1068,1062.7849,903.0,0.8455056179775281,0.8496545120873936
2007,PER.9.5_1,Huancavelica,3999,3992.4364,1817.0,0.45436359089772443,0.45511056527797594
2007,PER.9.6_1,Huaytara,6463,6465.2905,413.0,0.06390221259477023,0.06387957347774673
2007,PER.9.7_1,Tayacaja,3735,3730.9345,1551.0,0.41526104417670684,0.41571354648124303
2007,PER.10.1_1,Ambo,1571,1576.1231,534.0,0.33991088478676,0.338806031185443
2007,PER.10.2_1,Dos de Mayo,1342,1335.5805,122.0,0.09090909090909091,0.09134604869718584
2007,PER.10.3_1,Huacaybamba,1763,1765.4566,0.0,0.0,0.0
2007,PER.10.4_1,Huamalíes,3158,3166.8282,112.0,0.03546548448385054,0.03536661680114396
2007,PER.10.5_1,Huenuco,4107,4110.2577,3526.0,0.8585342098855613,0.8578537501913208
2007,PER.10.6_1,Lauricocha,2076,2083.3213,180.0,0.08670520231213873,0.08640050001553014
2007,PER.10.7_1,Leoncio Prado,4962,4958.1773,2039.0,0.4109230149133414,0.4112398331042317
2007,PER.10.8_1,Marañón,4875,4878.4786,115.0,0.02358974358974359,0.02357292295471537
2007,PER.10.9_1,Pachitea,2655,2647.0304,177.0,0.06666666666666667,0.06686738404419734
2007,PER.10.10_1,Puerto Inca,9819,9814.2188,74.0,0.007536409002953458,0.0075400805516994
2007,PER.10.11_1,Yarowilca,752,746.4216,0.0,0.0,0.0
2007,PER.11.1_1,Chincha,2899,2905.713,6842.0,2.3601241807519835,2.3546716347964596
2007,PER.11.2_1,Ica,7867,7864.1979,11785.0,1.4980297445023516,1.498563516901578
2007,PER.11.3_1,Nazca,5224,5209.8162,3216.0,0.6156202143950995,0.6172962539106748
2007,PER.11.4_1,Palpa,1209,1219.3592,903.0,0.7468982630272953,0.7405529105665157
2007,PER.11.5_1,Pisco,3979,3968.9444,7234.0,1.8180447348580044,1.8226508887802204
2007,PER.12.1_1,Chanchamayo,4671,4674.6736,3524.0,0.7544423035752515,0.7538494281111404
2007,PER.12.2_1,Chupaca,1170,1163.9265,2046.0,1.7487179487179487,1.7578429670955418
2007,PER.12.3_1,Concepción,2242,2248.8693,1968.0,0.8777876895628903,0.8751064442617003
2007,PER.12.4_1,Huancayo,3738,3734.3439,8011.0,2.143124665596576,2.1452228990220474
2007,PER.12.5_1,Jauja,4385,4383.5123,4388.0,1.000684150513113,1.0010237769409533
2007,PER.12.6_1,Junín,2633,2625.8821,1081.0,0.4105582985187998,0.41167117967119904
2007,PER.12.7_1,Satipo,19490,19497.3878,1798.0,0.092252437147255,0.09221748175763847
2007,PER.12.8_1,Tarma,2663,2663.9461,4069.0,1.5279759669545625,1.5274332813916407
2007,PER.12.9_1,Yauli,3632,3637.3003,5808.0,1.5991189427312775,1.5967887091757298
2007,PER.13.1_1,Ascope,2653,2656.16,6732.0,2.537504711647192,2.534485865913742
2007,PER.13.2_1,Bolívar,1744,1745.5625,7.0,0.0040137614678899085,0.004010168688723778
2007,PER.13.3_1,Chepén,1153,1150.5574,3169.0,2.748482220294883,2.754317242447662
2007,PER.13.4_1,Gran Chimú,1305,1306.9247,359.0,0.275095785440613,0.27469065485764477
2007,PER.13.5_1,Julcan,1107,1110.773,163.0,0.14724480578139115,0.14674465234022963
2007,PER.13.6_1,Otuzco,2088,2088.1443,1049.0,0.5023946360153256,0.5023599153442655
2007,PER.13.7_1,Pacasmayo,1119,1119.8766,4683.0,4.184986595174263,4.181710896214163
2007,PER.13.8_1,Pataz,3991,3989.5251,1512.0,0.37885241794036584,0.37899247265208846
2007,PER.13.9_1,Sánchez Carrión,2501,2494.8258,961.0,0.38424630147940825,0.3851972374402648
2007,PER.13.10_1,Santiago de Chuco,2668,2671.5263,2104.0,0.7886056971514243,0.7875647582583537
2007,PER.13.11_1,Trujillo,1767,1766.3122,14697.0,8.317487266553481,8.320726260559388
2007,PER.13.12_1,Viru,3207,3207.8223,3119.0,0.9725600249454319,0.9723107200904796
2007,PER.14.1_1,Chiclayo,3211,3211.4229,13656.0,4.25288072251635,4.252320688286209
2007,PER.14.2_1,Ferreñafe,1705,1705.7385,1974.0,1.1577712609970674,1.1572700025282172
2007,PER.14.3_1,Lambayeque,9365,9366.3112,6303.0,0.6730379071009076,0.6729436850875358
2007,PER.16.1_1,Barranca,1389,1382.5918,4285.0,3.0849532037437006,3.0992516069833136
2007,PER.16.2_1,Cajatambo,1525,1527.1172,59.0,0.038688524590163934,0.03863488685591967
2007,PER.16.3_1,Cañete,4605,4605.4107,11612.0,2.5216069489685125,2.52138205381528
2007,PER.16.4_1,Canta,1690,1693.223,831.0,0.49171597633136094,0.49078000016763923
2007,PER.16.5_1,Huaral,3664,3664.9371,7836.0,2.138646288209607,2.1380994696783158
2007,PER.16.6_1,Huarochiri,5742,5738.1299,7105.0,1.2373737373737375,1.2382082780446895
2007,PER.16.7_1,Huaura,4947,4942.2427,6148.0,1.2427733980190014,1.2439696631217945
2007,PER.16.8_1,Oyon,1871,1870.9257,1062.0,0.5676109032602886,0.5676334329683086
2007,PER.16.9_1,Yauyos,6916,6912.2907,449.0,0.06492192018507809,0.06495675901538861
2007,PER.15.1_1,Lima,2698,2705.3448,75411.0,27.950704225352112,27.874820151570642
2007,PER.17.1_1,Alto Amazonas,66273,66273.3598,2937.0,0.044316690054773435,0.04431644945667178
2007,PER.17.2_1,Loreto,68509,68480.0481,11319.0,0.16521916828445898,0.16528901930358558
2007,PER.17.3_1,Mariscal Ramón Castilla,38974,38967.2339,835.0,0.021424539436547443,0.02142825948729209
2007,PER.17.4_1,Maynas,132141,132166.5145,6039.0,0.04570118282743433,0.045692360282955834
2007,PER.17.5_1,Requena,39626,39634.3226,385.0,0.00971584313329632,0.00971380296122658
2007,PER.17.6_1,Ucayali,29932,29924.9451,559.0,0.018675664840304692,0.01868006770762136
2007,PER.18.1_1,Manu,28191,28189.1616,1358.0,0.048171402220566845,0.048174543808441606
2007,PER.18.2_1,Tahuamanu,20252,20245.0595,454.0,0.022417539008492988,0.02242522431687994
2007,PER.18.3_1,Tambopata,35907,35901.8019,2155.0,0.060016152839279246,0.06002484245421502
2007,PER.19.1_1,General Sánchez Cerro,5722,5725.7242,570.0,0.09961551904928347,0.09955072575564154
2007,PER.19.2_1,Ilo,1366,1372.4439,4559.0,3.337481698389458,3.3218114446873046
2007,PER.19.3_1,Mariscal Nieto,8656,8657.94,6688.0,0.7726432532347505,0.7724701229552875
2007,PER.20.1_1,Daniel Alcides Carrión,1529,1523.3131,248.0,0.16219751471550034,0.16280304118556416
2007,PER.20.2_1,Oxapampa,17693,17695.4834,1217.0,0.06878426496354491,0.06877461181458591
2007,PER.20.3_1,Pasco,4753,4751.908,6618.0,1.3923837576267621,1.3927037286629214
2007,PER.21.1_1,Ayabaca,5206,5197.2449,390.0,0.0749135612754514,0.075039758755895
2007,PER.21.2_1,Huancabamba,4280,4276.7233,541.0,0.1264018691588785,0.12649871508582608
2007,PER.21.3_1,Morropón,3810,3811.6782,2132.0,0.5595800524934383,0.5593336782302102
2007,PER.21.4_1,Paita,1747,1750.2889,3426.0,1.9610761305094448,1.957391163481826
2007,PER.21.5_1,Piura,6150,6149.5744,13047.0,2.1214634146341464,2.121610237732108
2007,PER.21.6_1,Sechura,6472,6478.1826,2247.0,0.3471878862793572,0.3468565407978066
2007,PER.21.7_1,Sullana,5263,5254.043,5958.0,1.1320539616188485,1.1339838618950169
2007,PER.21.8_1,Talara,2932,2939.2512,9379.0,3.1988403819918143,3.190948782990307
2007,PER.22.1_1,Azángaro,5245,5231.2106,2138.0,0.407626310772164,0.408700806635103
2007,PER.22.2_1,Carabaya,11680,11690.4688,753.0,0.06446917808219178,0.06441144618358091
2007,PER.22.3_1,Chucuíto,3940,3941.2265,747.0,0.18959390862944162,0.18953490619280094
2007,PER.22.4_1,El Collao,5653,5651.7589,871.0,0.15407748098354856,0.15411131603045655
2007,PER.22.5_1,Huancane,2818,2828.4046,478.0,0.16962384669978708,0.16899986748746773
2007,PER.22.6_1,Lago Titicaca,5287,5283.4928,1184.0,0.22394552676376017,0.22409418361616984
2007,PER.22.7_1,Lampa,5711,5717.1909,912.0,0.15969182279810892,0.15951889894141755
2007,PER.22.8_1,Melgar,6535,6541.587,1759.0,0.2691660290742158,0.26889499259849187
2007,PER.22.9_1,Moho,1039,1031.7237,184.0,0.17709335899903753,0.1783423198592359
2007,PER.22.10_1,Puno,6525,6518.8824,3829.0,0.5868199233716475,0.5873706207407037
2007,PER.22.11_1,San Antonio de Putina,3149,3140.0951,659.0,0.20927278501111463,0.20986625239126405
2007,PER.22.12_1,San Román,2280,2280.1851,4647.0,2.038157894736842,2.0379924470429844
2007,PER.22.13_1,Sandia,12540,12540.8815,139.0,0.011084529505582138,0.01108375040785017
2007,PER.22.14_1,Yunguyo,297,302.7066,560.0,1.8855218855218856,1.8499760084265109
2007,PER.23.1_1,Bellavista,7793,7790.7683,795.0,0.10201462851276787,0.10204385155432262
2007,PER.23.2_1,El Dorado,1319,1318.8251,135.0,0.1023502653525398,0.10236384127053294
2007,PER.23.3_1,Huallaga,2365,2359.6027,367.0,0.1551797040169133,0.15553465647805145
2007,PER.23.4_1,Lamas,5011,5010.8022,1038.0,0.20714428257832768,0.20715246129299109
2007,PER.23.5_1,Mariscal Cáceres,14425,14434.6489,714.0,0.04949740034662045,0.04946431352644168
2007,PER.23.6_1,Moyobamba,3795,3794.5532,1962.0,0.51699604743083,0.5170569188393522
2007,PER.23.7_1,Picota,2126,2134.7792,474.0,0.22295390404515522,0.22203700926980652
2007,PER.23.8_1,Rioja,2593,2598.5485,1604.0,0.6185885075202469,0.6172676875053809
2007,PER.23.9_1,San Martín,4817,4823.345,3468.0,0.7199501764583766,0.7190031039105802
2007,PER.23.10_1,Tocache,6111,6102.5482,1312.0,0.21469481263295695,0.21499215802561544
2007,PER.24.1_1,Candarave,2305,2304.2136,601.0,0.26073752711496745,0.2608265184510454
2007,PER.24.2_1,Jorge Basadre,2750,2746.7382,3260.0,1.1854545454545455,1.1868622831318476
2007,PER.24.3_1,Tacna,8159,8162.2685,8640.0,1.0589533031008702,1.058529260853983
2007,PER.24.4_1,Tarata,2788,2785.0639,285.0,0.10222381635581061,0.10233158273356056
2007,PER.25.1_1,Contralmirante Villar,2134,2127.3485,651.0,0.30506091846298033,0.30601473859099
2007,PER.25.2_1,Tumbes,1785,1786.2221,4475.0,2.507002801120448,2.505287596545548
2007,PER.25.3_1,Zarumilla,721,728.412,2830.0,3.925104022191401,3.8851636935233125
2007,PER.26.1_1,Atalaya,38581,38583.1679,269.0,0.006972343899847075,0.006971952138270671
2007,PER.26.2_1,Coronel Portillo,39067,39060.4079,7567.0,0.19369288657946604,0.1937255753221816
2007,PER.26.3_1,Padre Abad,9291,9288.8146,916.0,0.09859003336562265,0.09861322867553968
2007,PER.26.4_1,Purús,18173,18145.6829,116.0,0.00638309580146371,0.006392705126680725
2008,PER.1.1_1,Bagua,5897,5891.871,783.0,0.13277937934542988,0.13289496705182074
2008,PER.1.2_1,Bongará,2824,2829.7375,78.0,0.02762039660056657,0.027564394552522128
2008,PER.1.3_1,Chachapoyas,2999,2997.3637,1000.0,0.33344448149383127,0.3336265088933633
2008,PER.1.4_1,Condorcanqui,17948,17952.2232,0.0,0.0,0.0
2008,PER.1.5_1,Luya,3367,3359.4489,185.0,0.054945054945054944,0.05506855541578171
2008,PER.1.6_1,Rodríguez de Mendoza,2682,2681.7449,29.0,0.01081282624906786,0.010813854894513746
2008,PER.1.7_1,Utcubamba,3871,3870.408,1508.0,0.38956342030483077,0.38962300152485735
2008,PER.2.1_1,Aija,696,697.1118,64.0,0.09195402298850575,0.09180736780486627
2008,PER.2.2_1,Antonio Raymondi,559,561.5141,0.0,0.0,0.0
2008,PER.2.3_1,Asunción,524,524.8509,87.0,0.16603053435114504,0.16576136080332263
2008,PER.2.4_1,Bolognesi,3069,3067.2607,786.0,0.2561094819159335,0.2562547074796943
2008,PER.2.5_1,Carhuaz,817,816.2705,1389.0,1.7001223990208079,1.70164177786092
2008,PER.2.6_1,Carlos Fermin Fitzcarrald,628,627.065,69.0,0.10987261146496816,0.11003644187383048
2008,PER.2.7_1,Casma,2274,2279.5761,1887.0,0.8298153034300791,0.8277854803384943
2008,PER.2.8_1,Corongo,1016,1015.6517,115.0,0.11318897637795275,0.11322779785162536
2008,PER.2.9_1,Huaraz,2499,2501.0478,4035.0,1.6146458583433374,1.6133238218396466
2008,PER.2.10_1,Huari,2799,2790.2845,3008.0,1.0746695248302964,1.0780262660763538
2008,PER.2.11_1,Huarmey,3927,3933.9868,915.0,0.23300229182582124,0.23258847782849104
2008,PER.2.12_1,Huaylas,2277,2284.0483,1731.0,0.7602108036890646,0.7578648940268691
2008,PER.2.13_1,Mariscal Luzuriaga,731,733.0131,120.0,0.16415868673050615,0.1637078593910862
2008,PER.2.14_1,Ocros,1943,1949.2401,123.0,0.06330416881111683,0.06310151366126002
2008,PER.2.15_1,Pallasca,2067,2063.679,774.0,0.37445573294629897,0.3750583355574247
2008,PER.2.16_1,Pomabamba,923,923.2323,194.0,0.21018418201516792,0.21013130447200842
2008,PER.2.17_1,Recuay,2322,2318.0851,516.0,0.2222222222222222,0.22259752635133276
2008,PER.2.18_1,Santa,3997,3987.845,12363.0,3.093069802351764,3.1001706375494815
2008,PER.2.19_1,Sihuas,1459,1456.9158,303.0,0.20767649074708705,0.20797358781878156
2008,PER.2.20_1,Yungay,1370,1362.6156,1370.0,1.0,1.0054192934298294
2008,PER.3.1_1,Abancay,3469,3461.1924,1907.0,0.5497261458633612,0.5509661972147426
2008,PER.3.2_1,Andahuaylas,4011,4018.7208,2500.0,0.6232859636000997,0.6220885044151796
2008,PER.3.3_1,Antabamba,3217,3220.4249,26.0,0.008082064034815045,0.008073468767377686
2008,PER.3.4_1,Aymaraes,4129,4128.1482,411.0,0.09953984015500121,0.09956037893074313
2008,PER.3.5_1,Chincheros,1523,1523.0751,233.0,0.15298752462245568,0.15297998266065618
2008,PER.3.6_1,Cotabambas,2622,2621.0521,74.0,0.02822273073989321,0.028232937021500405
2008,PER.3.7_1,Grau,2128,2129.1362,154.0,0.07236842105263158,0.07232980182422623
2008,PER.4.1_1,Arequipa,10399,10401.7538,27928.0,2.685642850274065,2.6849318419368577
2008,PER.4.2_1,Camaná,4592,4594.9288,2466.0,0.537020905923345,0.5366786099800985
2008,PER.4.3_1,Caravelí,13035,13027.441,1483.0,0.11377061756808592,0.11383663185026857
2008,PER.4.4_1,Castilla,7621,7620.9932,2223.0,0.29169400341162577,0.2916942651272056
2008,PER.4.5_1,Caylloma,12048,12035.9001,1220.0,0.10126162018592297,0.10136341986897986
2008,PER.4.6_1,Condesuyos,6838,6852.1717,832.0,0.12167300380228137,0.12142135834224335
2008,PER.4.7_1,Islay,3849,3849.9051,3618.0,0.9399844115354637,0.9397634356541222
2008,PER.4.8_1,La Unión,4893,4893.6009,375.0,0.07664009809932557,0.07663068663945453
2008,PER.5.1_1,Cangallo,1872,1872.5839,109.0,0.05822649572649573,0.05820834120400951
2008,PER.5.2_1,Huamanga,2955,2958.2366,3643.0,1.2328257191201353,1.231476906014518
2008,PER.5.3_1,Huanca Sancos,2830,2831.2856,0.0,0.0,0.0
2008,PER.5.4_1,Huanta,3810,3814.0301,1294.0,0.3396325459317585,0.3392736735216866
2008,PER.5.5_1,La Mar,4318,4312.4371,789.0,0.182723483094025,0.18295919197882748
2008,PER.5.6_1,Lucanas,14484,14477.3422,1397.0,0.09645125655896161,0.09649561221240115
2008,PER.5.7_1,Parinacochas,5934,5950.4746,516.0,0.08695652173913043,0.08671577255479743
2008,PER.5.8_1,Paucar del Sara Sara,2090,2081.7527,133.0,0.06363636363636363,0.06388847130818863
2008,PER.5.9_1,Sucre,1781,1786.8708,24.0,0.01347557551937114,0.013431301476685083
2008,PER.5.10_1,Victor Fajardo,2276,2265.2791,244.0,0.10720562390158173,0.107712997206492
2008,PER.5.11_1,Vilcas Huamán,1214,1205.7813,53.0,0.04365733113673806,0.0439549027262425
2008,PER.6.1_1,Cajabamba,1792,1788.6443,646.0,0.36049107142857145,0.36116739388233476
2008,PER.6.2_1,Cajamarca,2977,2977.7902,9470.0,3.181054753107155,3.1802105902413356
2008,PER.6.3_1,Celendín,2582,2580.2493,796.0,0.308288148721921,0.30849732440240996
2008,PER.6.4_1,Chota,3840,3836.4892,886.0,0.23072916666666668,0.2309403079150457
2008,PER.6.5_1,Contumazá,2062,2060.9532,874.0,0.4238603297769156,0.424075620773367
2008,PER.6.6_1,Cutervo,3025,3030.0606,394.0,0.13024793388429753,0.13003040078957812
2008,PER.6.7_1,Hualgayoc,785,783.6578,1200.0,1.5286624203821657,1.5312806642101742
2008,PER.6.8_1,Jaén,5027,5025.2434,1933.0,0.38452357270738013,0.3846579838034016
2008,PER.6.9_1,San Ignacio,4891,4894.3699,397.0,0.08116949499079942,0.08111360815764859
2008,PER.6.10_1,San Marcos,1343,1348.0813,391.0,0.2911392405063291,0.2900418510221689
2008,PER.6.11_1,San Miguel,2530,2527.3116,516.0,0.20395256916996046,0.20416952202601327
2008,PER.6.12_1,San Pablo,666,665.0983,262.0,0.3933933933933934,0.393926715040021
2008,PER.6.13_1,Santa Cruz,1382,1383.2844,129.0,0.09334298118668596,0.09325631265577353
2008,PER.7.1_1,Callao,164,160.8378,8643.0,52.701219512195124,53.73738383614675
2008,PER.8.1_1,Acomayo,935,932.9494,75.0,0.08021390374331551,0.08039021000915
2008,PER.8.2_1,Anta,1928,1932.7747,1226.0,0.6358921161825726,0.6343212075143146
2008,PER.8.3_1,Calca,3559,3559.4921,965.0,0.2711435796572071,0.27110609504820393
2008,PER.8.4_1,Canas,2139,2134.9741,140.0,0.06545114539504442,0.06557456616900936
2008,PER.8.5_1,Canchis,3953,3950.2571,1949.0,0.49304325828484696,0.49338561386311597
2008,PER.8.6_1,Chumbivilcas,5329,5334.9773,338.0,0.06342653405892287,0.06335547082749739
2008,PER.8.7_1,Cusco,530,530.1969,7155.0,13.5,13.494985701055485
2008,PER.8.8_1,Espinar,5235,5235.9122,2515.0,0.4804202483285578,0.4803365488870227
2008,PER.8.9_1,La Convención,31674,31679.4986,4864.0,0.1535644377091621,0.1535377837748577
2008,PER.8.10_1,Paruro,1966,1966.4681,92.0,0.04679552390640895,0.04678438401753798
2008,PER.8.11_1,Paucartambo,5708,5714.5208,283.0,0.04957953749124037,0.04952296305346003
2008,PER.8.12_1,Quispicanchi,7819,7811.3434,1761.0,0.225220616447116,0.22544137646971732
2008,PER.8.13_1,Urubamba,1463,1459.7168,2032.0,1.3889268626110731,1.3920508054479446
2008,PER.9.1_1,Acobamba,921,927.3542,329.0,0.3572204125950054,0.3547727472327915
2008,PER.9.2_1,Angaraes,1942,1944.836,666.0,0.3429454170957775,0.3424453275586057
2008,PER.9.3_1,Castrovirreyna,3960,3958.9592,232.0,0.05858585858585859,0.05860126107348976
2008,PER.9.4_1,Churcampa,1068,1062.7849,898.0,0.8408239700374532,0.8449498913117159
2008,PER.9.5_1,Huancavelica,3999,3992.4364,1734.0,0.43360840210052515,0.4343212549213045
2008,PER.9.6_1,Huaytara,6463,6465.2905,479.0,0.07411418845737273,0.07408793146692659
2008,PER.9.7_1,Tayacaja,3735,3730.9345,1437.0,0.38473895582329315,0.38515819877082286
2008,PER.10.1_1,Ambo,1571,1576.1231,516.0,0.32845321451304904,0.3273856031679562
2008,PER.10.2_1,Dos de Mayo,1342,1335.5805,125.0,0.09314456035767511,0.09359226300941172
2008,PER.10.3_1,Huacaybamba,1763,1765.4566,0.0,0.0,0.0
2008,PER.10.4_1,Huamalíes,3158,3166.8282,138.0,0.04369854338188727,0.0435767242728381
2008,PER.10.5_1,Huenuco,4107,4110.2577,3597.0,0.8758217677136596,0.8751276061934716
2008,PER.10.6_1,Lauricocha,2076,2083.3213,180.0,0.08670520231213873,0.08640050001553014
2008,PER.10.7_1,Leoncio Prado,4962,4958.1773,2156.0,0.43450221684804513,0.43483721440545536
2008,PER.10.8_1,Marañón,4875,4878.4786,112.0,0.022974358974358976,0.022957977138505406
2008,PER.10.9_1,Pachitea,2655,2647.0304,167.0,0.06290018832391714,0.06308956573661556
2008,PER.10.10_1,Puerto Inca,9819,9814.2188,24.0,0.002444240757714635,0.0024454315302808866
2008,PER.10.11_1,Yarowilca,752,746.4216,0.0,0.0,0.0
2008,PER.11.1_1,Chincha,2899,2905.713,7026.0,2.423594342876854,2.417995163121883
2008,PER.11.2_1,Ica,7867,7864.1979,11908.0,1.513664675225626,1.5142040186053451
2008,PER.11.3_1,Nazca,5224,5209.8162,3279.0,0.6276799387442573,0.6293888111234771
2008,PER.11.4_1,Palpa,1209,1219.3592,891.0,0.7369727047146402,0.730711675874602
2008,PER.11.5_1,Pisco,3979,3968.9444,7326.0,1.8411661221412414,1.8458308558479257
2008,PER.12.1_1,Chanchamayo,4671,4674.6736,3450.0,0.7385998715478485,0.7380194457955263
2008,PER.12.2_1,Chupaca,1170,1163.9265,2044.0,1.747008547008547,1.7561246455245785
2008,PER.12.3_1,Concepción,2242,2248.8693,1868.0,0.8331846565566459,0.830639653394744
2008,PER.12.4_1,Huancayo,3738,3734.3439,8077.0,2.160781166399144,2.162896686481223
2008,PER.12.5_1,Jauja,4385,4383.5123,4135.0,0.942987457240593,0.943307501743583
2008,PER.12.6_1,Junín,2633,2625.8821,996.0,0.3782757311052032,0.37930110541398177
2008,PER.12.7_1,Satipo,19490,19497.3878,1903.0,0.09763981528989225,0.09760281856773415
2008,PER.12.8_1,Tarma,2663,2663.9461,3903.0,1.4656402553511079,1.465119709331918
2008,PER.12.9_1,Yauli,3632,3637.3003,5795.0,1.5955396475770924,1.5932146297646959
2008,PER.13.1_1,Ascope,2653,2656.16,7194.0,2.711647191858274,2.708421170437234
2008,PER.13.2_1,Bolívar,1744,1745.5625,12.0,0.006880733944954129,0.006874574894955048
2008,PER.13.3_1,Chepén,1153,1150.5574,2916.0,2.529054640069384,2.534423817916498
2008,PER.13.4_1,Gran Chimú,1305,1306.9247,251.0,0.19233716475095786,0.19205391189211374
2008,PER.13.5_1,Julcan,1107,1110.773,209.0,0.18879855465221318,0.18815725361415944
2008,PER.13.6_1,Otuzco,2088,2088.1443,1117.0,0.5349616858237548,0.5349247144323589
2008,PER.13.7_1,Pacasmayo,1119,1119.8766,4517.0,4.036639857015192,4.03348027294456
2008,PER.13.8_1,Pataz,3991,3989.5251,1645.0,0.4121773991480832,0.4123297734872258
2008,PER.13.9_1,Sánchez Carrión,2501,2494.8258,1031.0,0.412235105957617,0.4132553088459032
2008,PER.13.10_1,Santiago de Chuco,2668,2671.5263,2261.0,0.8474512743628186,0.8463326608470236
2008,PER.13.11_1,Trujillo,1767,1766.3122,15056.0,8.520656479909452,8.523974592024368
2008,PER.13.12_1,Viru,3207,3207.8223,3293.0,1.0268163392578733,1.0265531264052419
2008,PER.14.1_1,Chiclayo,3211,3211.4229,13518.0,4.2099034568670195,4.209349082033756
2008,PER.14.2_1,Ferreñafe,1705,1705.7385,1712.0,1.0041055718475074,1.0036708431247758
2008,PER.14.3_1,Lambayeque,9365,9366.3112,5433.0,0.580138814735718,0.5800575981406603
2008,PER.16.1_1,Barranca,1389,1382.5918,4342.0,3.1259899208063353,3.1404785245091125
2008,PER.16.2_1,Cajatambo,1525,1527.1172,61.0,0.04,0.03994454403747627
2008,PER.16.3_1,Cañete,4605,4605.4107,12688.0,2.755266015200869,2.755020280641429
2008,PER.16.4_1,Canta,1690,1693.223,798.0,0.47218934911242605,0.47129054167722756
2008,PER.16.5_1,Huaral,3664,3664.9371,7847.0,2.1416484716157207,2.1411008854729126
2008,PER.16.6_1,Huarochiri,5742,5738.1299,6964.0,1.2128178335074886,1.2136358125690665
2008,PER.16.7_1,Huaura,4947,4942.2427,6206.0,1.2544976753588033,1.255705225981434
2008,PER.16.8_1,Oyon,1871,1870.9257,943.0,0.504008551576697,0.5040285567694115
2008,PER.16.9_1,Yauyos,6916,6912.2907,647.0,0.09355118565644882,0.09360138771259784
2008,PER.15.1_1,Lima,2698,2705.3448,75492.0,27.980726464047443,27.90476088213087
2008,PER.17.1_1,Alto Amazonas,66273,66273.3598,2857.0,0.04310956196339384,0.04310932791886662
2008,PER.17.2_1,Loreto,68509,68480.0481,9915.0,0.14472551051686638,0.14478669726963964
2008,PER.17.3_1,Mariscal Ramón Castilla,38974,38967.2339,812.0,0.02083440242212757,0.020838020004408597
2008,PER.17.4_1,Maynas,132141,132166.5145,6065.0,0.04589794234946005,0.045889081820852315
2008,PER.17.5_1,Requena,39626,39634.3226,449.0,0.011330944329480643,0.011328565011923987
2008,PER.17.6_1,Ucayali,29932,29924.9451,548.0,0.018308165174395295,0.01831248140210466
2008,PER.18.1_1,Manu,28191,28189.1616,1463.0,0.05189599517576531,0.05189937966991905
2008,PER.18.2_1,Tahuamanu,20252,20245.0595,401.0,0.019800513529527948,0.01980730165433669
2008,PER.18.3_1,Tambopata,35907,35901.8019,2679.0,0.07460940763639402,0.07462021017858099
2008,PER.19.1_1,General Sánchez Cerro,5722,5725.7242,641.0,0.11202376791331702,0.11195090387608111
2008,PER.19.2_1,Ilo,1366,1372.4439,4315.0,3.158857979502196,3.144026405752516
2008,PER.19.3_1,Mariscal Nieto,8656,8657.94,6283.0,0.725854898336414,0.7256922521722595
2008,PER.20.1_1,Daniel Alcides Carrión,1529,1523.3131,297.0,0.19424460431654678,0.19496977109722805
2008,PER.20.2_1,Oxapampa,17693,17695.4834,1206.0,0.06816255016108065,0.06815298426326262
2008,PER.20.3_1,Pasco,4753,4751.908,6697.0,1.4090048390490217,1.4093286296245973
2008,PER.21.1_1,Ayabaca,5206,5197.2449,382.0,0.07337687283903188,0.07350048165320998
2008,PER.21.2_1,Huancabamba,4280,4276.7233,366.0,0.08551401869158878,0.08557953737784167
2008,PER.21.3_1,Morropón,3810,3811.6782,1492.0,0.3916010498687664,0.3914286341085711
2008,PER.21.4_1,Paita,1747,1750.2889,3669.0,2.1001717229536347,2.0962253878618853
2008,PER.21.5_1,Piura,6150,6149.5744,11494.0,1.8689430894308943,1.8690724360000652
2008,PER.21.6_1,Sechura,6472,6478.1826,2125.0,0.32833745364647715,0.3280240984402933
2008,PER.21.7_1,Sullana,5263,5254.043,5248.0,0.997149914497435,0.9988498333711058
2008,PER.21.8_1,Talara,2932,2939.2512,9395.0,3.2042974079126876,3.196392346326254
2008,PER.22.1_1,Azángaro,5245,5231.2106,2207.0,0.4207816968541468,0.4218908700859085
2008,PER.22.2_1,Carabaya,11680,11690.4688,715.0,0.061215753424657536,0.06116093495519303
2008,PER.22.3_1,Chucuíto,3940,3941.2265,792.0,0.20101522842639594,0.2009526716261022
2008,PER.22.4_1,El Collao,5653,5651.7589,902.0,0.15956129488767026,0.159596334167017
2008,PER.22.5_1,Huancane,2818,2828.4046,476.0,0.16891412349183818,0.16829275507120217
2008,PER.22.6_1,Lago Titicaca,5287,5283.4928,1111.0,0.21013807452241345,0.21027756587632151
2008,PER.22.7_1,Lampa,5711,5717.1909,975.0,0.1707231658203467,0.1705382965656602
2008,PER.22.8_1,Melgar,6535,6541.587,1795.0,0.2746748278500383,0.274398244294652
2008,PER.22.9_1,Moho,1039,1031.7237,187.0,0.17998075072184794,0.18125007507433216
2008,PER.22.10_1,Puno,6525,6518.8824,3854.0,0.5906513409961686,0.5912056339343619
2008,PER.22.11_1,San Antonio de Putina,3149,3140.0951,684.0,0.21721181327405525,0.21782779459123613
2008,PER.22.12_1,San Román,2280,2280.1851,4728.0,2.0736842105263156,2.0735158789798214
2008,PER.22.13_1,Sandia,12540,12540.8815,157.0,0.01251993620414673,0.012519056216060982
2008,PER.22.14_1,Yunguyo,297,302.7066,572.0,1.9259259259259258,1.8896183514642217
2008,PER.23.1_1,Bellavista,7793,7790.7683,758.0,0.09726677787758245,0.09729464085305226
2008,PER.23.2_1,El Dorado,1319,1318.8251,140.0,0.10614101592115238,0.10615509465092306
2008,PER.23.3_1,Huallaga,2365,2359.6027,309.0,0.1306553911205074,0.13095424755236484
2008,PER.23.4_1,Lamas,5011,5010.8022,1082.0,0.21592496507683098,0.21593349048074792
2008,PER.23.5_1,Mariscal Cáceres,14425,14434.6489,698.0,0.04838821490467938,0.048355869525849145
2008,PER.23.6_1,Moyobamba,3795,3794.5532,1879.0,0.4951251646903821,0.49518346100873745
2008,PER.23.7_1,Picota,2126,2134.7792,465.0,0.2187206020696143,0.21782111668873425
2008,PER.23.8_1,Rioja,2593,2598.5485,1397.0,0.5387581951407636,0.5376078300779408
2008,PER.23.9_1,San Martín,4817,4823.345,3559.0,0.7388416026572555,0.7378696790131934
2008,PER.23.10_1,Tocache,6111,6102.5482,1480.0,0.24218622156766487,0.24252164167523693
2008,PER.24.1_1,Candarave,2305,2304.2136,375.0,0.16268980477223427,0.16274533181221632
2008,PER.24.2_1,Jorge Basadre,2750,2746.7382,3124.0,1.136,1.137349009970519
2008,PER.24.3_1,Tacna,8159,8162.2685,7383.0,0.9048903051844589,0.904527955195018
2008,PER.24.4_1,Tarata,2788,2785.0639,241.0,0.08644189383070301,0.08653302259223893
2008,PER.25.1_1,Contralmirante Villar,2134,2127.3485,662.0,0.31021555763823805,0.31118549454260425
2008,PER.25.2_1,Tumbes,1785,1786.2221,4615.0,2.585434173669468,2.583665309063174
2008,PER.25.3_1,Zarumilla,721,728.412,2885.0,4.0013869625520115,3.9606704084151083
2008,PER.26.1_1,Atalaya,38581,38583.1679,252.0,0.006531712500971981,0.006531345497562115
2008,PER.26.2_1,Coronel Portillo,39067,39060.4079,7337.0,0.18780556479893518,0.18783725996284475
2008,PER.26.3_1,Padre Abad,9291,9288.8146,956.0,0.10289527499730923,0.10291948320285582
2008,PER.26.4_1,Purús,18173,18145.6829,22.0,0.0012105871347603589,0.001212409592991172
2009,PER.1.1_1,Bagua,5897,5891.871,691.0,0.11717822621672036,0.1172802327366643
2009,PER.1.2_1,Bongará,2824,2829.7375,76.0,0.026912181303116147,0.02685761520502156
2009,PER.1.3_1,Chachapoyas,2999,2997.3637,912.0,0.3041013671223741,0.30426737611074733
2009,PER.1.4_1,Condorcanqui,17948,17952.2232,0.0,0.0,0.0
2009,PER.1.5_1,Luya,3367,3359.4489,173.0,0.05138105138105138,0.051496541010433716
2009,PER.1.6_1,Rodríguez de Mendoza,2682,2681.7449,19.0,0.0070842654735272185,0.007084939413646937
2009,PER.1.7_1,Utcubamba,3871,3870.408,1552.0,0.4009299922500646,0.40099131191417675
2009,PER.2.1_1,Aija,696,697.1118,48.0,0.06896551724137931,0.06885552585364971
2009,PER.2.2_1,Antonio Raymondi,559,561.5141,0.0,0.0,0.0
2009,PER.2.3_1,Asunción,524,524.8509,114.0,0.21755725190839695,0.2172045417422848
2009,PER.2.4_1,Bolognesi,3069,3067.2607,807.0,0.26295210166177907,0.26310120729785413
2009,PER.2.5_1,Carhuaz,817,816.2705,1372.0,1.6793145654834762,1.680815348614242
2009,PER.2.6_1,Carlos Fermin Fitzcarrald,628,627.065,98.0,0.15605095541401273,0.15628364208167225
2009,PER.2.7_1,Casma,2274,2279.5761,2014.0,0.8856640281442393,0.88349759268772
2009,PER.2.8_1,Corongo,1016,1015.6517,124.0,0.1220472440944882,0.12208910377044821
2009,PER.2.9_1,Huaraz,2499,2501.0478,4202.0,1.6814725890356141,1.6800958362751413
2009,PER.2.10_1,Huari,2799,2790.2845,3098.0,1.1068238656663094,1.1102810413246489
2009,PER.2.11_1,Huarmey,3927,3933.9868,951.0,0.24216959511077157,0.24173949990698906
2009,PER.2.12_1,Huaylas,2277,2284.0483,1709.0,0.7505489679402723,0.7482328734210972
2009,PER.2.13_1,Mariscal Luzuriaga,731,733.0131,127.0,0.17373461012311903,0.1732574845222329
2009,PER.2.14_1,Ocros,1943,1949.2401,123.0,0.06330416881111683,0.06310151366126002
2009,PER.2.15_1,Pallasca,2067,2063.679,931.0,0.45041122399612965,0.4511360599534398
2009,PER.2.16_1,Pomabamba,923,923.2323,219.0,0.2372697724810401,0.23721008082149406
2009,PER.2.17_1,Recuay,2322,2318.0851,491.0,0.21145564168819983,0.21181276247772168
2009,PER.2.18_1,Santa,3997,3987.845,12738.0,3.186890167625719,3.1942063885064544
2009,PER.2.19_1,Sihuas,1459,1456.9158,335.0,0.22960932145305005,0.22993779511317433
2009,PER.2.20_1,Yungay,1370,1362.6156,1392.0,1.0160583941605839,1.0215647127403813
2009,PER.3.1_1,Abancay,3469,3461.1924,2011.0,0.5797059671375036,0.5810136458305439
2009,PER.3.2_1,Andahuaylas,4011,4018.7208,2602.0,0.6487160309149838,0.647469715395319
2009,PER.3.3_1,Antabamba,3217,3220.4249,25.0,0.007771215418091389,0.00776295073786316
2009,PER.3.4_1,Aymaraes,4129,4128.1482,449.0,0.108743037054977,0.10876547479295295
2009,PER.3.5_1,Chincheros,1523,1523.0751,254.0,0.16677609980302036,0.16676787809359084
2009,PER.3.6_1,Cotabambas,2622,2621.0521,81.0,0.030892448512585814,0.030903620253263958
2009,PER.3.7_1,Grau,2128,2129.1362,157.0,0.0737781954887218,0.07373882393768517
2009,PER.4.1_1,Arequipa,10399,10401.7538,29677.0,2.8538320992403117,2.8530765637768596
2009,PER.4.2_1,Camaná,4592,4594.9288,2680.0,0.5836236933797909,0.5832516929224103
2009,PER.4.3_1,Caravelí,13035,13027.441,1681.0,0.12896049098580745,0.12903531904268473
2009,PER.4.4_1,Castilla,7621,7620.9932,2558.0,0.33565148930586536,0.33565179046126487
2009,PER.4.5_1,Caylloma,12048,12035.9001,1254.0,0.10408366533864542,0.10418830206204979
2009,PER.4.6_1,Condesuyos,6838,6852.1717,941.0,0.1376133372331091,0.1373287237981382
2009,PER.4.7_1,Islay,3849,3849.9051,3863.0,1.00363730839179,1.003401368693166
2009,PER.4.8_1,La Unión,4893,4893.6009,383.0,0.07827508685877785,0.07826547462109623
2009,PER.5.1_1,Cangallo,1872,1872.5839,107.0,0.057158119658119656,0.05714029824613777
2009,PER.5.2_1,Huamanga,2955,2958.2366,3951.0,1.3370558375634518,1.3355929881041344
2009,PER.5.3_1,Huanca Sancos,2830,2831.2856,0.0,0.0,0.0
2009,PER.5.4_1,Huanta,3810,3814.0301,1423.0,0.37349081364829395,0.3730961649314992
2009,PER.5.5_1,La Mar,4318,4312.4371,1005.0,0.23274664196387215,0.23304687951675743
2009,PER.5.6_1,Lucanas,14484,14477.3422,1463.0,0.10100800883733775,0.10105446003345947
2009,PER.5.7_1,Parinacochas,5934,5950.4746,617.0,0.10397708122682844,0.10368920865563956
2009,PER.5.8_1,Paucar del Sara Sara,2090,2081.7527,130.0,0.06220095693779904,0.062447377970409945
2009,PER.5.9_1,Sucre,1781,1786.8708,38.0,0.02133632790567097,0.021266227338084715
2009,PER.5.10_1,Victor Fajardo,2276,2265.2791,238.0,0.10456942003514938,0.10506431694731597
2009,PER.5.11_1,Vilcas Huamán,1214,1205.7813,52.0,0.042833607907743,0.043125564938954905
2009,PER.6.1_1,Cajabamba,1792,1788.6443,648.0,0.36160714285714285,0.36228555918847205
2009,PER.6.2_1,Cajamarca,2977,2977.7902,9672.0,3.2489082969432315,3.2480461276466945
2009,PER.6.3_1,Celendín,2582,2580.2493,754.0,0.29202168861347794,0.2922198273862024
2009,PER.6.4_1,Chota,3840,3836.4892,824.0,0.21458333333333332,0.21477969946049397
2009,PER.6.5_1,Contumazá,2062,2060.9532,869.0,0.42143549951503395,0.4216495588696292
2009,PER.6.6_1,Cutervo,3025,3030.0606,380.0,0.1256198347107438,0.12541003121837485
2009,PER.6.7_1,Hualgayoc,785,783.6578,1265.0,1.6114649681528663,1.6142250335215587
2009,PER.6.8_1,Jaén,5027,5025.2434,1875.0,0.372985876268152,0.3731162543359431
2009,PER.6.9_1,San Ignacio,4891,4894.3699,371.0,0.07585360866898384,0.07580138193069931
2009,PER.6.10_1,San Marcos,1343,1348.0813,401.0,0.29858525688756515,0.2974598011761886
2009,PER.6.11_1,San Miguel,2530,2527.3116,511.0,0.20197628458498024,0.2021911351846759
2009,PER.6.12_1,San Pablo,666,665.0983,261.0,0.3918918918918919,0.3924231779597156
2009,PER.6.13_1,Santa Cruz,1382,1383.2844,135.0,0.09768451519536903,0.09759381556999555
2009,PER.7.1_1,Callao,164,160.8378,8644.0,52.707317073170735,53.743601281922075
2009,PER.8.1_1,Acomayo,935,932.9494,95.0,0.10160427807486631,0.10182759934492334
2009,PER.8.2_1,Anta,1928,1932.7747,1439.0,0.7463692946058091,0.7445254629796891
2009,PER.8.3_1,Calca,3559,3559.4921,1133.0,0.31834785051980896,0.31830384009286533
2009,PER.8.4_1,Canas,2139,2134.9741,144.0,0.06732117812061711,0.06744812520240964
2009,PER.8.5_1,Canchis,3953,3950.2571,2034.0,0.5145459144953201,0.5149032009223078
2009,PER.8.6_1,Chumbivilcas,5329,5334.9773,355.0,0.06661662600863201,0.06654198859101057
2009,PER.8.7_1,Cusco,530,530.1969,7355.0,13.877358490566039,13.872204029526639
2009,PER.8.8_1,Espinar,5235,5235.9122,2617.0,0.49990448901623685,0.4998173950049059
2009,PER.8.9_1,La Convención,31674,31679.4986,5658.0,0.17863231672665278,0.17860131180060546
2009,PER.8.10_1,Paruro,1966,1966.4681,105.0,0.05340793489318413,0.053395220889581395
2009,PER.8.11_1,Paucartambo,5708,5714.5208,280.0,0.04905395935529082,0.0489979846465329
2009,PER.8.12_1,Quispicanchi,7819,7811.3434,1987.0,0.2541245683591252,0.25437365987809674
2009,PER.8.13_1,Urubamba,1463,1459.7168,2310.0,1.5789473684210527,1.5824987010751732
2009,PER.9.1_1,Acobamba,921,927.3542,350.0,0.3800217155266015,0.37741781620509735
2009,PER.9.2_1,Angaraes,1942,1944.836,640.0,0.329557157569516,0.32907659104730874
2009,PER.9.3_1,Castrovirreyna,3960,3958.9592,250.0,0.06313131313131314,0.06314791063953637
2009,PER.9.4_1,Churcampa,1068,1062.7849,905.0,0.8473782771535581,0.8515363603976647
2009,PER.9.5_1,Huancavelica,3999,3992.4364,1781.0,0.4453613403350838,0.44609351500279315
2009,PER.9.6_1,Huaytara,6463,6465.2905,437.0,0.06761565836298933,0.06759170365563032
2009,PER.9.7_1,Tayacaja,3735,3730.9345,1457.0,0.3900937081659973,0.39051878608844043
2009,PER.10.1_1,Ambo,1571,1576.1231,548.0,0.3488224061107575,0.347688586310155
2009,PER.10.2_1,Dos de Mayo,1342,1335.5805,161.0,0.11997019374068554,0.12054683475612228
2009,PER.10.3_1,Huacaybamba,1763,1765.4566,12.0,0.006806579693703914,0.006797108347174489
2009,PER.10.4_1,Huamalíes,3158,3166.8282,172.0,0.05446485117162761,0.054313018658899655
2009,PER.10.5_1,Huenuco,4107,4110.2577,3878.0,0.9442415388361334,0.9434931489625474
2009,PER.10.6_1,Lauricocha,2076,2083.3213,183.0,0.08815028901734104,0.08784050834912231
2009,PER.10.7_1,Leoncio Prado,4962,4958.1773,2336.0,0.47077791213220477,0.4711408779457995
2009,PER.10.8_1,Marañón,4875,4878.4786,141.0,0.028923076923076923,0.028902453361868412
2009,PER.10.9_1,Pachitea,2655,2647.0304,201.0,0.07570621468926554,0.07593414798239359
2009,PER.10.10_1,Puerto Inca,9819,9814.2188,14.0,0.0014258071086668703,0.0014265017259971838
2009,PER.10.11_1,Yarowilca,752,746.4216,17.0,0.022606382978723406,0.022775330895113976
2009,PER.11.1_1,Chincha,2899,2905.713,7300.0,2.5181096929975855,2.51229215638909
2009,PER.11.2_1,Ica,7867,7864.1979,12700.0,1.614338375492564,1.6149135905515521
2009,PER.11.3_1,Nazca,5224,5209.8162,3732.0,0.7143950995405819,0.7163400558441039
2009,PER.11.4_1,Palpa,1209,1219.3592,921.0,0.7617866004962779,0.7553147626043865
2009,PER.11.5_1,Pisco,3979,3968.9444,7911.0,1.9881879869313899,1.993225211658878
2009,PER.12.1_1,Chanchamayo,4671,4674.6736,3550.0,0.7600085634767716,0.7594113137895995
2009,PER.12.2_1,Chupaca,1170,1163.9265,2012.0,1.7196581196581198,1.7286315003891644
2009,PER.12.3_1,Concepción,2242,2248.8693,1880.0,0.8385370205173952,0.8359756682987787
2009,PER.12.4_1,Huancayo,3738,3734.3439,8149.0,2.180042803638309,2.1821771818912326
2009,PER.12.5_1,Jauja,4385,4383.5123,3981.0,0.9078677309007982,0.9081758559712707
2009,PER.12.6_1,Junín,2633,2625.8821,1013.0,0.38473224458792254,0.3857751202654252
2009,PER.12.7_1,Satipo,19490,19497.3878,2452.0,0.12580810672139559,0.12576043674623444
2009,PER.12.8_1,Tarma,2663,2663.9461,3773.0,1.4168231318062336,1.4163199239839421
2009,PER.12.9_1,Yauli,3632,3637.3003,5904.0,1.6255506607929515,1.6231819109802872
2009,PER.13.1_1,Ascope,2653,2656.16,7764.0,2.926498303807011,2.923016676018166
2009,PER.13.2_1,Bolívar,1744,1745.5625,14.0,0.008027522935779817,0.008020337377447556
2009,PER.13.3_1,Chepén,1153,1150.5574,2971.0,2.5767562879444927,2.582226736292838
2009,PER.13.4_1,Gran Chimú,1305,1306.9247,253.0,0.19386973180076628,0.19358422194703098
2009,PER.13.5_1,Julcan,1107,1110.773,205.0,0.18518518518518517,0.18455615785120902
2009,PER.13.6_1,Otuzco,2088,2088.1443,1371.0,0.6566091954022989,0.6565638169084728
2009,PER.13.7_1,Pacasmayo,1119,1119.8766,4551.0,4.067024128686327,4.063840762047972
2009,PER.13.8_1,Pataz,3991,3989.5251,1914.0,0.47957905286895514,0.47975634434927067
2009,PER.13.9_1,Sánchez Carrión,2501,2494.8258,1151.0,0.46021591363454617,0.4613548598269977
2009,PER.13.10_1,Santiago de Chuco,2668,2671.5263,2327.0,0.8721889055472264,0.8710376390053179
2009,PER.13.11_1,Trujillo,1767,1766.3122,15445.0,8.740803621958122,8.74420746372319
2009,PER.13.12_1,Viru,3207,3207.8223,3536.0,1.102588088556283,1.1023054524655131
2009,PER.14.1_1,Chiclayo,3211,3211.4229,13840.0,4.310183743382124,4.309616163289479
2009,PER.14.2_1,Ferreñafe,1705,1705.7385,1737.0,1.0187683284457478,1.018327251464799
2009,PER.14.3_1,Lambayeque,9365,9366.3112,5592.0,0.597116924719701,0.5970333312723306
2009,PER.16.1_1,Barranca,1389,1382.5918,4334.0,3.1202303815694745,3.134692290470404
2009,PER.16.2_1,Cajatambo,1525,1527.1172,68.0,0.04459016393442623,0.04452834417292437
2009,PER.16.3_1,Cañete,4605,4605.4107,13721.0,2.979587404994571,2.979321663830473
2009,PER.16.4_1,Canta,1690,1693.223,734.0,0.43431952662721895,0.4334928039988534
2009,PER.16.5_1,Huaral,3664,3664.9371,7920.0,2.1615720524017465,2.1610193721097835
2009,PER.16.6_1,Huarochiri,5742,5738.1299,7187.0,1.2516544757924069,1.252498648037605
2009,PER.16.7_1,Huaura,4947,4942.2427,6472.0,1.308267636951688,1.3095269453032294
2009,PER.16.8_1,Oyon,1871,1870.9257,945.0,0.5050774986638161,0.5050975462853593
2009,PER.16.9_1,Yauyos,6916,6912.2907,545.0,0.07880277617119723,0.07884506383827793
2009,PER.15.1_1,Lima,2698,2705.3448,76631.0,28.402891030392883,28.325779303218496
2009,PER.17.1_1,Alto Amazonas,66273,66273.3598,3072.0,0.046353718708976505,0.04635346705171797
2009,PER.17.2_1,Loreto,68509,68480.0481,9724.0,0.14193755564962268,0.1419975637165886
2009,PER.17.3_1,Mariscal Ramón Castilla,38974,38967.2339,842.0,0.021604146353979576,0.02160789759077837
2009,PER.17.4_1,Maynas,132141,132166.5145,6351.0,0.04806229709174291,0.04805301873771361
2009,PER.17.5_1,Requena,39626,39634.3226,518.0,0.013072225306616867,0.013069480347832126
2009,PER.17.6_1,Ucayali,29932,29924.9451,660.0,0.02204997995456368,0.022055178331001964
2009,PER.18.1_1,Manu,28191,28189.1616,1626.0,0.0576779823347877,0.05768174391202213
2009,PER.18.2_1,Tahuamanu,20252,20245.0595,413.0,0.020393047600237014,0.020400038860950254
2009,PER.18.3_1,Tambopata,35907,35901.8019,3250.0,0.09051159940958588,0.09052470439730803
2009,PER.19.1_1,General Sánchez Cerro,5722,5725.7242,718.0,0.12548060118839566,0.12539898437289584
2009,PER.19.2_1,Ilo,1366,1372.4439,4383.0,3.2086383601756956,3.1935730559474567
2009,PER.19.3_1,Mariscal Nieto,8656,8657.94,6860.0,0.7925138632162662,0.7923362804236352
2009,PER.20.1_1,Daniel Alcides Carrión,1529,1523.3131,286.0,0.18705035971223022,0.18774866846399738
2009,PER.20.2_1,Oxapampa,17693,17695.4834,1286.0,0.07268411236082066,0.0726739119092502
2009,PER.20.3_1,Pasco,4753,4751.908,7059.0,1.4851672627814012,1.4855085555502512
2009,PER.21.1_1,Ayabaca,5206,5197.2449,404.0,0.07760276603918556,0.07773349368559379
2009,PER.21.2_1,Huancabamba,4280,4276.7233,401.0,0.09369158878504673,0.09376337291943855
2009,PER.21.3_1,Morropón,3810,3811.6782,1575.0,0.41338582677165353,0.41320381951809615
2009,PER.21.4_1,Paita,1747,1750.2889,4727.0,2.705781339439038,2.7006970314590166
2009,PER.21.5_1,Piura,6150,6149.5744,12005.0,1.9520325203252034,1.9521676173813105
2009,PER.21.6_1,Sechura,6472,6478.1826,2350.0,0.3631025957972806,0.3627560618045596
2009,PER.21.7_1,Sullana,5263,5254.043,5593.0,1.0627018810564317,1.0645135514566682
2009,PER.21.8_1,Talara,2932,2939.2512,9708.0,3.311050477489768,3.3028820540857127
2009,PER.22.1_1,Azángaro,5245,5231.2106,2739.0,0.5222116301239276,0.5235881708950173
2009,PER.22.2_1,Carabaya,11680,11690.4688,848.0,0.07260273972602739,0.07253772425455061
2009,PER.22.3_1,Chucuíto,3940,3941.2265,904.0,0.22944162436548224,0.22937022114898534
2009,PER.22.4_1,El Collao,5653,5651.7589,1291.0,0.22837431452326198,0.2284244649774046
2009,PER.22.5_1,Huancane,2818,2828.4046,603.0,0.21398154719659332,0.21319439350406494
2009,PER.22.6_1,Lago Titicaca,5287,5283.4928,1308.0,0.24739928125591074,0.24756350690029574
2009,PER.22.7_1,Lampa,5711,5717.1909,1036.0,0.18140430747679917,0.18120787204310151
2009,PER.22.8_1,Melgar,6535,6541.587,1872.0,0.2864575363427697,0.2861690882003279
2009,PER.22.9_1,Moho,1039,1031.7237,260.0,0.2502406159769009,0.2520054519750073
2009,PER.22.10_1,Puno,6525,6518.8824,4490.0,0.6881226053639847,0.6887683695810288
2009,PER.22.11_1,San Antonio de Putina,3149,3140.0951,858.0,0.2724674499841219,0.2732401283030418
2009,PER.22.12_1,San Román,2280,2280.1851,5544.0,2.431578947368421,2.4313815636768465
2009,PER.22.13_1,Sandia,12540,12540.8815,274.0,0.02185007974481659,0.02184854396943127
2009,PER.22.14_1,Yunguyo,297,302.7066,864.0,2.909090909090909,2.854248698715188
2009,PER.23.1_1,Bellavista,7793,7790.7683,803.0,0.10304119081226742,0.10307070792216486
2009,PER.23.2_1,El Dorado,1319,1318.8251,143.0,0.10841546626231995,0.10842984667915712
2009,PER.23.3_1,Huallaga,2365,2359.6027,308.0,0.13023255813953488,0.1305304473984737
2009,PER.23.4_1,Lamas,5011,5010.8022,1194.0,0.23827579325483936,0.23828520114049262
2009,PER.23.5_1,Mariscal Cáceres,14425,14434.6489,745.0,0.05164644714038128,0.051611923777589705
2009,PER.23.6_1,Moyobamba,3795,3794.5532,2042.0,0.5380764163372859,0.5381397697604268
2009,PER.23.7_1,Picota,2126,2134.7792,455.0,0.21401693320790216,0.21313679159865392
2009,PER.23.8_1,Rioja,2593,2598.5485,1250.0,0.4820671037408407,0.4810377863975848
2009,PER.23.9_1,San Martín,4817,4823.345,3725.0,0.7733028856134524,0.772285629200378
2009,PER.23.10_1,Tocache,6111,6102.5482,2133.0,0.3490427098674521,0.34952612276573
2009,PER.24.1_1,Candarave,2305,2304.2136,383.0,0.16616052060737527,0.16621723222421025
2009,PER.24.2_1,Jorge Basadre,2750,2746.7382,3260.0,1.1854545454545455,1.1868622831318476
2009,PER.24.3_1,Tacna,8159,8162.2685,7912.0,0.969726682191445,0.969338369430175
2009,PER.24.4_1,Tarata,2788,2785.0639,248.0,0.08895265423242468,0.08904642988744918
2009,PER.25.1_1,Contralmirante Villar,2134,2127.3485,824.0,0.38612933458294285,0.3873366276481962
2009,PER.25.2_1,Tumbes,1785,1786.2221,4942.0,2.768627450980392,2.7667332518722008
2009,PER.25.3_1,Zarumilla,721,728.412,3148.0,4.366158113730929,4.321729790534059
2009,PER.26.1_1,Atalaya,38581,38583.1679,296.0,0.0076721702392369305,0.007671739155866612
2009,PER.26.2_1,Coronel Portillo,39067,39060.4079,7782.0,0.19919625259170143,0.19922987011460516
2009,PER.26.3_1,Padre Abad,9291,9288.8146,1087.0,0.11699494134108276,0.11702246677981619
2009,PER.26.4_1,Purús,18173,18145.6829,22.0,0.0012105871347603589,0.001212409592991172
2010,PER.1.1_1,Bagua,5897,5891.871,698.0,0.11836527047651348,0.11846831034760011
2010,PER.1.2_1,Bongará,2824,2829.7375,130.0,0.04603399433427762,0.045940657587536876
2010,PER.1.3_1,Chachapoyas,2999,2997.3637,945.0,0.31510503501167053,0.3152770509042283
2010,PER.1.4_1,Condorcanqui,17948,17952.2232,0.0,0.0,0.0
2010,PER.1.5_1,Luya,3367,3359.4489,191.0,0.056727056727056725,0.056854562618455715
2010,PER.1.6_1,Rodríguez de Mendoza,2682,2681.7449,21.0,0.007829977628635347,0.007830722509820299
2010,PER.1.7_1,Utcubamba,3871,3870.408,1618.0,0.4179798501679153,0.4180437774981559
2010,PER.2.1_1,Aija,696,697.1118,109.0,0.15660919540229884,0.15635942329266286
2010,PER.2.2_1,Antonio Raymondi,559,561.5141,91.0,0.16279069767441862,0.16206181981503734
2010,PER.2.3_1,Asunción,524,524.8509,130.0,0.2480916030534351,0.24768938970611426
2010,PER.2.4_1,Bolognesi,3069,3067.2607,906.0,0.29521016617790813,0.29537756358346445
2010,PER.2.5_1,Carhuaz,817,816.2705,1460.0,1.7870257037943695,1.7886227470676337
2010,PER.2.6_1,Carlos Fermin Fitzcarrald,628,627.065,118.0,0.18789808917197454,0.1881782629146666
2010,PER.2.7_1,Casma,2274,2279.5761,2404.0,1.0571679859278804,1.054582032185342
2010,PER.2.8_1,Corongo,1016,1015.6517,139.0,0.13681102362204725,0.1368579469684863
2010,PER.2.9_1,Huaraz,2499,2501.0478,4528.0,1.8119247699079633,1.8104412057719752
2010,PER.2.10_1,Huari,2799,2790.2845,3372.0,1.204715969989282,1.2084789126361253
2010,PER.2.11_1,Huarmey,3927,3933.9868,1141.0,0.2905525846702317,0.29003656087683966
2010,PER.2.12_1,Huaylas,2277,2284.0483,1818.0,0.7984189723320159,0.7959551573315125
2010,PER.2.13_1,Mariscal Luzuriaga,731,733.0131,182.0,0.24897400820793433,0.2482902534098141
2010,PER.2.14_1,Ocros,1943,1949.2401,122.0,0.06278950077200206,0.06258849322498962
2010,PER.2.15_1,Pallasca,2067,2063.679,1087.0,0.5258829221093372,0.5267292128564867
2010,PER.2.16_1,Pomabamba,923,923.2323,228.0,0.24702058504875407,0.24695844030730887
2010,PER.2.17_1,Recuay,2322,2318.0851,532.0,0.22911283376399655,0.22949977523044388
2010,PER.2.18_1,Santa,3997,3987.845,13294.0,3.325994495871904,3.333630061925326
2010,PER.2.19_1,Sihuas,1459,1456.9158,395.0,0.2707333790267306,0.2711206837901608
2010,PER.2.20_1,Yungay,1370,1362.6156,1425.0,1.0401459854014599,1.0457828417062094
2010,PER.3.1_1,Abancay,3469,3461.1924,2120.0,0.6111271259729029,0.6125056833221051
2010,PER.3.2_1,Andahuaylas,4011,4018.7208,2921.0,0.7282473198703565,0.7268482085586958
2010,PER.3.3_1,Antabamba,3217,3220.4249,60.0,0.018650917003419334,0.018631081770871583
2010,PER.3.4_1,Aymaraes,4129,4128.1482,480.0,0.1162509082102204,0.11627489510159782
2010,PER.3.5_1,Chincheros,1523,1523.0751,398.0,0.2613263296126067,0.2613134467765715
2010,PER.3.6_1,Cotabambas,2622,2621.0521,240.0,0.09153318077803203,0.09156628223189321
2010,PER.3.7_1,Grau,2128,2129.1362,131.0,0.06156015037593985,0.061527298954374254
2010,PER.4.1_1,Arequipa,10399,10401.7538,33207.0,3.193287816136167,3.192442411744387
2010,PER.4.2_1,Camaná,4592,4594.9288,3162.0,0.688588850174216,0.6881499451569633
2010,PER.4.3_1,Caravelí,13035,13027.441,2097.0,0.16087456846950518,0.16096791435604396
2010,PER.4.4_1,Castilla,7621,7620.9932,2887.0,0.3788216769452828,0.37882201683411715
2010,PER.4.5_1,Caylloma,12048,12035.9001,1322.0,0.1097277556440903,0.10983806644818965
2010,PER.4.6_1,Condesuyos,6838,6852.1717,958.0,0.14009944428195378,0.1398096890527273
2010,PER.4.7_1,Islay,3849,3849.9051,4157.0,1.0800207846193817,1.0797668883400184
2010,PER.4.8_1,La Unión,4893,4893.6009,454.0,0.09278561209891682,0.0927742179581663
2010,PER.5.1_1,Cangallo,1872,1872.5839,108.0,0.057692307692307696,0.057674319725073635
2010,PER.5.2_1,Huamanga,2955,2958.2366,4505.0,1.5245346869712353,1.522866720174418
2010,PER.5.3_1,Huanca Sancos,2830,2831.2856,22.0,0.0077738515901060075,0.007770321700805694
2010,PER.5.4_1,Huanta,3810,3814.0301,1575.0,0.41338582677165353,0.4129490230267824
2010,PER.5.5_1,La Mar,4318,4312.4371,1085.0,0.25127373784159335,0.2515978749011759
2010,PER.5.6_1,Lucanas,14484,14477.3422,1878.0,0.1296603148301574,0.12971994254465952
2010,PER.5.7_1,Parinacochas,5934,5950.4746,763.0,0.12858105830805527,0.1282250667816094
2010,PER.5.8_1,Paucar del Sara Sara,2090,2081.7527,128.0,0.06124401913875598,0.061486649078557484
2010,PER.5.9_1,Sucre,1781,1786.8708,57.0,0.032004491858506456,0.031899341007127074
2010,PER.5.10_1,Victor Fajardo,2276,2265.2791,294.0,0.12917398945518455,0.1297853326996256
2010,PER.5.11_1,Vilcas Huamán,1214,1205.7813,71.0,0.05848434925864909,0.058882982897419195
2010,PER.6.1_1,Cajabamba,1792,1788.6443,642.0,0.35825892857142855,0.35893106327006025
2010,PER.6.2_1,Cajamarca,2977,2977.7902,10300.0,3.459858918374202,3.458940768689098
2010,PER.6.3_1,Celendín,2582,2580.2493,787.0,0.3048024786986832,0.3050092893275083
2010,PER.6.4_1,Chota,3840,3836.4892,958.0,0.24947916666666667,0.24970746612033157
2010,PER.6.5_1,Contumazá,2062,2060.9532,919.0,0.4456838021338506,0.44591017790700715
2010,PER.6.6_1,Cutervo,3025,3030.0606,416.0,0.1375206611570248,0.13729098154432615
2010,PER.6.7_1,Hualgayoc,785,783.6578,1424.0,1.8140127388535032,1.8171197215294066
2010,PER.6.8_1,Jaén,5027,5025.2434,1979.0,0.39367415953849216,0.39381176924311007
2010,PER.6.9_1,San Ignacio,4891,4894.3699,404.0,0.08260069515436516,0.08254382291105801
2010,PER.6.10_1,San Marcos,1343,1348.0813,346.0,0.25763216679076695,0.2566610753290804
2010,PER.6.11_1,San Miguel,2530,2527.3116,621.0,0.24545454545454545,0.24571564569409735
2010,PER.6.12_1,San Pablo,666,665.0983,280.0,0.42042042042042044,0.4209903824855187
2010,PER.6.13_1,Santa Cruz,1382,1383.2844,409.0,0.2959479015918958,0.295673115319468
2010,PER.7.1_1,Callao,164,160.8378,8823.0,53.798780487804876,54.856524075705515
2010,PER.8.1_1,Acomayo,935,932.9494,115.0,0.12299465240641712,0.12326498868069669
2010,PER.8.2_1,Anta,1928,1932.7747,1671.0,0.866701244813278,0.8645601449889232
2010,PER.8.3_1,Calca,3559,3559.4921,1309.0,0.3677999438044394,0.3677490968063201
2010,PER.8.4_1,Canas,2139,2134.9741,161.0,0.07526881720430108,0.07541075109436077
2010,PER.8.5_1,Canchis,3953,3950.2571,2132.0,0.5393372122438654,0.5397117130611407
2010,PER.8.6_1,Chumbivilcas,5329,5334.9773,540.0,0.10133233252017264,0.10121879954688932
2010,PER.8.7_1,Cusco,530,530.1969,7555.0,14.254716981132075,14.24942235799779
2010,PER.8.8_1,Espinar,5235,5235.9122,2787.0,0.532378223495702,0.5322854718680446
2010,PER.8.9_1,La Convención,31674,31679.4986,8330.0,0.26299172823135697,0.2629460811769253
2010,PER.8.10_1,Paruro,1966,1966.4681,155.0,0.07884028484231943,0.07882151655128682
2010,PER.8.11_1,Paucartambo,5708,5714.5208,355.0,0.06219341275402943,0.06212244481971135
2010,PER.8.12_1,Quispicanchi,7819,7811.3434,1868.0,0.23890523084793452,0.23913940445510048
2010,PER.8.13_1,Urubamba,1463,1459.7168,2490.0,1.7019822282980177,1.70581028817194
2010,PER.9.1_1,Acobamba,921,927.3542,392.0,0.4256243213897937,0.4227079541497091
2010,PER.9.2_1,Angaraes,1942,1944.836,669.0,0.34449021627188464,0.34398787407913994
2010,PER.9.3_1,Castrovirreyna,3960,3958.9592,276.0,0.0696969696969697,0.06971529334604816
2010,PER.9.4_1,Churcampa,1068,1062.7849,938.0,0.8782771535580525,0.8825868575171376
2010,PER.9.5_1,Huancavelica,3999,3992.4364,1745.0,0.4363590897724431,0.43707646472761036
2010,PER.9.6_1,Huaytara,6463,6465.2905,371.0,0.05740368250038682,0.05738334566645045
2010,PER.9.7_1,Tayacaja,3735,3730.9345,1509.0,0.40401606425702813,0.4044563131142461
2010,PER.10.1_1,Ambo,1571,1576.1231,621.0,0.3952896244430299,0.3940047666032961
2010,PER.10.2_1,Dos de Mayo,1342,1335.5805,191.0,0.14232488822652756,0.1430089778783811
2010,PER.10.3_1,Huacaybamba,1763,1765.4566,5.0,0.0028360748723766306,0.0028321284779893705
2010,PER.10.4_1,Huamalíes,3158,3166.8282,211.0,0.06681443951868271,0.06662817986644086
2010,PER.10.5_1,Huenuco,4107,4110.2577,4176.0,1.016800584368152,1.015994685422279
2010,PER.10.6_1,Lauricocha,2076,2083.3213,211.0,0.10163776493256262,0.10128058612931588
2010,PER.10.7_1,Leoncio Prado,4962,4958.1773,2455.0,0.4947601773478436,0.49514163328636035
2010,PER.10.8_1,Marañón,4875,4878.4786,156.0,0.032,0.031977182442918244
2010,PER.10.9_1,Pachitea,2655,2647.0304,275.0,0.10357815442561205,0.10389000345849869
2010,PER.10.10_1,Puerto Inca,9819,9814.2188,14.0,0.0014258071086668703,0.0014265017259971838
2010,PER.10.11_1,Yarowilca,752,746.4216,60.0,0.0797872340425532,0.08038352080628462
2010,PER.11.1_1,Chincha,2899,2905.713,7506.0,2.5891686788547776,2.5831869761447277
2010,PER.11.2_1,Ica,7867,7864.1979,14246.0,1.810855472225753,1.8115007095273554
2010,PER.11.3_1,Nazca,5224,5209.8162,4362.0,0.8349923430321593,0.8372656279721279
2010,PER.11.4_1,Palpa,1209,1219.3592,947.0,0.7832919768403639,0.7766374377701998
2010,PER.11.5_1,Pisco,3979,3968.9444,8789.0,2.208846443830108,2.2144427234571964
2010,PER.12.1_1,Chanchamayo,4671,4674.6736,3655.0,0.7824876900021409,0.7818727751833764
2010,PER.12.2_1,Chupaca,1170,1163.9265,2004.0,1.7128205128205127,1.7217582141053107
2010,PER.12.3_1,Concepción,2242,2248.8693,1885.0,0.8407671721677074,0.8381990078421265
2010,PER.12.4_1,Huancayo,3738,3734.3439,8400.0,2.247191011235955,2.249391131167794
2010,PER.12.5_1,Jauja,4385,4383.5123,3911.0,0.8919042189281642,0.892206926074765
2010,PER.12.6_1,Junín,2633,2625.8821,1037.0,0.3938473224458792,0.3949149059380513
2010,PER.12.7_1,Satipo,19490,19497.3878,2667.0,0.13683940482298615,0.13678755497643036
2010,PER.12.8_1,Tarma,2663,2663.9461,3804.0,1.4284641381900112,1.4279567958746133
2010,PER.12.9_1,Yauli,3632,3637.3003,6162.0,1.6965859030837005,1.6941136408300355
2010,PER.13.1_1,Ascope,2653,2656.16,8185.0,3.0851865812287977,3.081516163473556
2010,PER.13.2_1,Bolívar,1744,1745.5625,32.0,0.01834862385321101,0.018332199719880128
2010,PER.13.3_1,Chepén,1153,1150.5574,3427.0,2.972246313963573,2.9785563868312206
2010,PER.13.4_1,Gran Chimú,1305,1306.9247,247.0,0.189272030651341,0.18899329178227925
2010,PER.13.5_1,Julcan,1107,1110.773,203.0,0.18337850045167117,0.18275560996973383
2010,PER.13.6_1,Otuzco,2088,2088.1443,1348.0,0.6455938697318008,0.6455492525110295
2010,PER.13.7_1,Pacasmayo,1119,1119.8766,4928.0,4.403932082216264,4.400485008871107
2010,PER.13.8_1,Pataz,3991,3989.5251,2163.0,0.5419694312202455,0.542169787266182
2010,PER.13.9_1,Sánchez Carrión,2501,2494.8258,1290.0,0.5157936825269892,0.5170701730467654
2010,PER.13.10_1,Santiago de Chuco,2668,2671.5263,2340.0,0.8770614692653673,0.8759037710668002
2010,PER.13.11_1,Trujillo,1767,1766.3122,16963.0,9.599886813808716,9.603625199555616
2010,PER.13.12_1,Viru,3207,3207.8223,4015.0,1.251948861864671,1.2516279388147726
2010,PER.14.1_1,Chiclayo,3211,3211.4229,14929.0,4.649330426658362,4.648718186542531
2010,PER.14.2_1,Ferreñafe,1705,1705.7385,2421.0,1.419941348973607,1.4193265836478286
2010,PER.14.3_1,Lambayeque,9365,9366.3112,7610.0,0.8126001067805659,0.8124863467422097
2010,PER.16.1_1,Barranca,1389,1382.5918,4563.0,3.285097192224622,3.3003232398284386
2010,PER.16.2_1,Cajatambo,1525,1527.1172,68.0,0.04459016393442623,0.04452834417292437
2010,PER.16.3_1,Cañete,4605,4605.4107,14712.0,3.194788273615635,3.1945033392809505
2010,PER.16.4_1,Canta,1690,1693.223,967.0,0.572189349112426,0.5711001927341842
2010,PER.16.5_1,Huaral,3664,3664.9371,8404.0,2.2936681222707422,2.2930816670720477
2010,PER.16.6_1,Huarochiri,5742,5738.1299,7701.0,1.3411703239289445,1.3420748697005143
2010,PER.16.7_1,Huaura,4947,4942.2427,6938.0,1.4024661410956134,1.403816122761713
2010,PER.16.8_1,Oyon,1871,1870.9257,1078.0,0.5761624799572421,0.5761853490958914
2010,PER.16.9_1,Yauyos,6916,6912.2907,525.0,0.07591093117408906,0.07595166700017598
2010,PER.15.1_1,Lima,2698,2705.3448,78618.0,29.139362490733877,29.060251298566268
2010,PER.17.1_1,Alto Amazonas,66273,66273.3598,3333.0,0.05029197410710244,0.050291701068807294
2010,PER.17.2_1,Loreto,68509,68480.0481,9377.0,0.1368725276970909,0.13693039438198798
2010,PER.17.3_1,Mariscal Ramón Castilla,38974,38967.2339,905.0,0.023220608610868783,0.0232246405221549
2010,PER.17.4_1,Maynas,132141,132166.5145,6624.0,0.05012827207301292,0.050118594885626665
2010,PER.17.5_1,Requena,39626,39634.3226,512.0,0.012920809569474587,0.012918096405579244
2010,PER.17.6_1,Ucayali,29932,29924.9451,702.0,0.02345316049712682,0.02345868967933845
2010,PER.18.1_1,Manu,28191,28189.1616,2238.0,0.07938703841651591,0.0793922157903478
2010,PER.18.2_1,Tahuamanu,20252,20245.0595,528.0,0.026071499111198895,0.026080437090996937
2010,PER.18.3_1,Tambopata,35907,35901.8019,3702.0,0.10309967415824213,0.10311460174733364
2010,PER.19.1_1,General Sánchez Cerro,5722,5725.7242,879.0,0.15361761621810555,0.15351769813896302
2010,PER.19.2_1,Ilo,1366,1372.4439,4978.0,3.644216691068814,3.627106245153192
2010,PER.19.3_1,Mariscal Nieto,8656,8657.94,7870.0,0.9091959334565619,0.9089922050924212
2010,PER.20.1_1,Daniel Alcides Carrión,1529,1523.3131,380.0,0.2485284499672989,0.24945627278433216
2010,PER.20.2_1,Oxapampa,17693,17695.4834,1404.0,0.07935341660543718,0.07934228018708187
2010,PER.20.3_1,Pasco,4753,4751.908,7559.0,1.590363980643804,1.5907294477127565
2010,PER.21.1_1,Ayabaca,5206,5197.2449,558.0,0.10718401844026124,0.10736457791228055
2010,PER.21.2_1,Huancabamba,4280,4276.7233,520.0,0.12149532710280374,0.12158841376086796
2010,PER.21.3_1,Morropón,3810,3811.6782,2975.0,0.7808398950131233,0.7804961035341816
2010,PER.21.4_1,Paita,1747,1750.2889,7877.0,4.508872352604465,4.500399940089417
2010,PER.21.5_1,Piura,6150,6149.5744,16154.0,2.6266666666666665,2.6268484540756094
2010,PER.21.6_1,Sechura,6472,6478.1826,4013.0,0.6200556242274413,0.6194638621368926
2010,PER.21.7_1,Sullana,5263,5254.043,7433.0,1.412312369371081,1.4147200479130009
2010,PER.21.8_1,Talara,2932,2939.2512,10590.0,3.611869031377899,3.6029584829797794
2010,PER.22.1_1,Azángaro,5245,5231.2106,2795.0,0.5328884652049571,0.5342931499275552
2010,PER.22.2_1,Carabaya,11680,11690.4688,1165.0,0.0997431506849315,0.09965383108083899
2010,PER.22.3_1,Chucuíto,3940,3941.2265,987.0,0.25050761421319795,0.25042965517040766
2010,PER.22.4_1,El Collao,5653,5651.7589,1570.0,0.2777286396603573,0.27778962820644865
2010,PER.22.5_1,Huancane,2818,2828.4046,640.0,0.22711142654364797,0.22627597320497772
2010,PER.22.6_1,Lago Titicaca,5287,5283.4928,1383.0,0.261585019860034,0.2617586621124687
2010,PER.22.7_1,Lampa,5711,5717.1909,1116.0,0.19541236210821222,0.19520075791515568
2010,PER.22.8_1,Melgar,6535,6541.587,2002.0,0.3063504208110176,0.30604194154757286
2010,PER.22.9_1,Moho,1039,1031.7237,267.0,0.2569778633301251,0.2587902141435652
2010,PER.22.10_1,Puno,6525,6518.8824,4593.0,0.7039080459770115,0.704568623938901
2010,PER.22.11_1,San Antonio de Putina,3149,3140.0951,1043.0,0.3312162591298825,0.3321555405828352
2010,PER.22.12_1,San Román,2280,2280.1851,5804.0,2.5456140350877194,2.5454073945852125
2010,PER.22.13_1,Sandia,12540,12540.8815,307.0,0.024481658692185007,0.024479937951151092
2010,PER.22.14_1,Yunguyo,297,302.7066,922.0,3.1043771043771042,3.0458533567307913
2010,PER.23.1_1,Bellavista,7793,7790.7683,873.0,0.11202361093288848,0.11205570114078446
2010,PER.23.2_1,El Dorado,1319,1318.8251,158.0,0.1197877179681577,0.11980360682032745
2010,PER.23.3_1,Huallaga,2365,2359.6027,375.0,0.15856236786469344,0.15892505770918064
2010,PER.23.4_1,Lamas,5011,5010.8022,1333.0,0.26601476751147474,0.2660252706199972
2010,PER.23.5_1,Mariscal Cáceres,14425,14434.6489,839.0,0.05816291161178509,0.05812403228107082
2010,PER.23.6_1,Moyobamba,3795,3794.5532,2210.0,0.5823451910408433,0.5824137566946832
2010,PER.23.7_1,Picota,2126,2134.7792,497.0,0.23377234242709313,0.23281095697699122
2010,PER.23.8_1,Rioja,2593,2598.5485,1339.0,0.5163902815271886,0.5152876767890928
2010,PER.23.9_1,San Martín,4817,4823.345,4000.0,0.8303923603902844,0.829300004510473
2010,PER.23.10_1,Tocache,6111,6102.5482,2131.0,0.348715431189658,0.3491983908175202
2010,PER.24.1_1,Candarave,2305,2304.2136,841.0,0.3648590021691974,0.3649835308108638
2010,PER.24.2_1,Jorge Basadre,2750,2746.7382,3778.0,1.3738181818181818,1.375449602966908
2010,PER.24.3_1,Tacna,8159,8162.2685,11059.0,1.3554357151611718,1.3548929509009486
2010,PER.24.4_1,Tarata,2788,2785.0639,443.0,0.15889526542324248,0.1590627759683064
2010,PER.25.1_1,Contralmirante Villar,2134,2127.3485,853.0,0.39971883786316775,0.4009686206115429
2010,PER.25.2_1,Tumbes,1785,1786.2221,5100.0,2.857142857142857,2.8551880988563787
2010,PER.25.3_1,Zarumilla,721,728.412,3241.0,4.495145631067961,4.449404781169277
2010,PER.26.1_1,Atalaya,38581,38583.1679,385.0,0.009979005209818304,0.009978444510164343
2010,PER.26.2_1,Coronel Portillo,39067,39060.4079,8328.0,0.21317224255765735,0.21320821875024823
2010,PER.26.3_1,Padre Abad,9291,9288.8146,1237.0,0.13313959745990744,0.13317092125725172
2010,PER.26.4_1,Purús,18173,18145.6829,84.0,0.004622241787266825,0.004629200264148111
2011,PER.1.1_1,Bagua,5897,5891.871,854.0,0.14481939969476004,0.14494546853416976
2011,PER.1.2_1,Bongará,2824,2829.7375,211.0,0.07471671388101983,0.07456522116130986
2011,PER.1.3_1,Chachapoyas,2999,2997.3637,948.0,0.31610536845615206,0.3162779304309084
2011,PER.1.4_1,Condorcanqui,17948,17952.2232,0.0,0.0,0.0
2011,PER.1.5_1,Luya,3367,3359.4489,184.0,0.054648054648054646,0.054770887548669385
2011,PER.1.6_1,Rodríguez de Mendoza,2682,2681.7449,214.0,0.07979120059656973,0.07979879129054972
2011,PER.1.7_1,Utcubamba,3871,3870.408,1830.0,0.47274606044949624,0.47281836391942234
2011,PER.2.1_1,Aija,696,697.1118,211.0,0.3031609195402299,0.3026774157316685
2011,PER.2.2_1,Antonio Raymondi,559,561.5141,147.0,0.2629695885509839,0.26179217047044495
2011,PER.2.3_1,Asunción,524,524.8509,162.0,0.30916030534351147,0.30865908563377314
2011,PER.2.4_1,Bolognesi,3069,3067.2607,968.0,0.3154121863799283,0.31559103923707904
2011,PER.2.5_1,Carhuaz,817,816.2705,1555.0,1.9033047735618116,1.9050057340343634
2011,PER.2.6_1,Carlos Fermin Fitzcarrald,628,627.065,133.0,0.21178343949044587,0.21209922853941235
2011,PER.2.7_1,Casma,2274,2279.5761,2474.0,1.0879507475813543,1.0852894956849153
2011,PER.2.8_1,Corongo,1016,1015.6517,118.0,0.11614173228346457,0.11618156649123297
2011,PER.2.9_1,Huaraz,2499,2501.0478,4512.0,1.8055222088835534,1.8040438870236644
2011,PER.2.10_1,Huari,2799,2790.2845,3367.0,1.2029296177206146,1.2066869806778868
2011,PER.2.11_1,Huarmey,3927,3933.9868,1311.0,0.33384262796027503,0.3332497206919691
2011,PER.2.12_1,Huaylas,2277,2284.0483,2204.0,0.9679402722880984,0.9649533370509645
2011,PER.2.13_1,Mariscal Luzuriaga,731,733.0131,193.0,0.2640218878248974,0.26329680718733034
2011,PER.2.14_1,Ocros,1943,1949.2401,97.0,0.049922799794132784,0.04976298231822945
2011,PER.2.15_1,Pallasca,2067,2063.679,1075.0,0.5200774068698597,0.5209143549408677
2011,PER.2.16_1,Pomabamba,923,923.2323,193.0,0.20910075839653305,0.209048153418029
2011,PER.2.17_1,Recuay,2322,2318.0851,750.0,0.32299741602067183,0.32354291620833253
2011,PER.2.18_1,Santa,3997,3987.845,13599.0,3.402301726294721,3.410112472703664
2011,PER.2.19_1,Sihuas,1459,1456.9158,362.0,0.2481151473612063,0.24847009501781825
2011,PER.2.20_1,Yungay,1370,1362.6156,1482.0,1.0817518248175182,1.0876141553744578
2011,PER.3.1_1,Abancay,3469,3461.1924,2138.0,0.6163159411934275,0.6177062032748399
2011,PER.3.2_1,Andahuaylas,4011,4018.7208,2746.0,0.6846173024183495,0.6833020132496332
2011,PER.3.3_1,Antabamba,3217,3220.4249,107.0,0.03326080198943115,0.03322542915805432
2011,PER.3.4_1,Aymaraes,4129,4128.1482,666.0,0.1612981351416808,0.16133141695346698
2011,PER.3.5_1,Chincheros,1523,1523.0751,490.0,0.3217334208798424,0.32171756010180913
2011,PER.3.6_1,Cotabambas,2622,2621.0521,750.0,0.28604118993135014,0.2861446319746663
2011,PER.3.7_1,Grau,2128,2129.1362,125.0,0.0587406015037594,0.05870925472745635
2011,PER.4.1_1,Arequipa,10399,10401.7538,34454.0,3.3132031926146746,3.3123260413238507
2011,PER.4.2_1,Camaná,4592,4594.9288,3320.0,0.7229965156794426,0.7225356792919412
2011,PER.4.3_1,Caravelí,13035,13027.441,2202.0,0.16892980437284236,0.16902782423081011
2011,PER.4.4_1,Castilla,7621,7620.9932,3155.0,0.41398766566067446,0.4139880371013646
2011,PER.4.5_1,Caylloma,12048,12035.9001,1224.0,0.10159362549800798,0.1016957589505175
2011,PER.4.6_1,Condesuyos,6838,6852.1717,1006.0,0.14711904065516232,0.14681476741862598
2011,PER.4.7_1,Islay,3849,3849.9051,4186.0,1.0875552091452325,1.0872995416385174
2011,PER.4.8_1,La Unión,4893,4893.6009,448.0,0.09155937052932761,0.09154812697193503
2011,PER.5.1_1,Cangallo,1872,1872.5839,130.0,0.06944444444444445,0.06942279226166272
2011,PER.5.2_1,Huamanga,2955,2958.2366,4792.0,1.62165820642978,1.6198839784851966
2011,PER.5.3_1,Huanca Sancos,2830,2831.2856,70.0,0.024734982332155476,0.024723750866199934
2011,PER.5.4_1,Huanta,3810,3814.0301,1719.0,0.4511811023622047,0.4507043622749453
2011,PER.5.5_1,La Mar,4318,4312.4371,1119.0,0.25914775358962483,0.2594820479395538
2011,PER.5.6_1,Lucanas,14484,14477.3422,1943.0,0.13414802540734605,0.13420971691388364
2011,PER.5.7_1,Parinacochas,5934,5950.4746,927.0,0.15621840242669363,0.15578589371763027
2011,PER.5.8_1,Paucar del Sara Sara,2090,2081.7527,147.0,0.07033492822966507,0.07061357355115586
2011,PER.5.9_1,Sucre,1781,1786.8708,53.0,0.029758562605277934,0.029660790761012894
2011,PER.5.10_1,Victor Fajardo,2276,2265.2791,391.0,0.171792618629174,0.1726056635563048
2011,PER.5.11_1,Vilcas Huamán,1214,1205.7813,98.0,0.08072487644151564,0.08127510315418424
2011,PER.6.1_1,Cajabamba,1792,1788.6443,784.0,0.4375,0.4383208000058057
2011,PER.6.2_1,Cajamarca,2977,2977.7902,11273.0,3.786698018139066,3.7856931345079805
2011,PER.6.3_1,Celendín,2582,2580.2493,1035.0,0.400852052672347,0.40112403361368626
2011,PER.6.4_1,Chota,3840,3836.4892,1485.0,0.38671875,0.38707263798402125
2011,PER.6.5_1,Contumazá,2062,2060.9532,852.0,0.4131910766246363,0.4134009483969207
2011,PER.6.6_1,Cutervo,3025,3030.0606,539.0,0.1781818181818182,0.17788422849132643
2011,PER.6.7_1,Hualgayoc,785,783.6578,2224.0,2.83312101910828,2.837973497669523
2011,PER.6.8_1,Jaén,5027,5025.2434,2484.0,0.4941316888800477,0.4943044137442574
2011,PER.6.9_1,San Ignacio,4891,4894.3699,488.0,0.09977509711715396,0.09970639995197106
2011,PER.6.10_1,San Marcos,1343,1348.0813,373.0,0.27773641102010427,0.2766895407449335
2011,PER.6.11_1,San Miguel,2530,2527.3116,932.0,0.3683794466403162,0.3687713072252798
2011,PER.6.12_1,San Pablo,666,665.0983,352.0,0.5285285285285285,0.5292450522675092
2011,PER.6.13_1,Santa Cruz,1382,1383.2844,582.0,0.4211287988422576,0.4207377826795364
2011,PER.7.1_1,Callao,164,160.8378,8823.0,53.798780487804876,54.856524075705515
2011,PER.8.1_1,Acomayo,935,932.9494,139.0,0.14866310160427806,0.14898985588362468
2011,PER.8.2_1,Anta,1928,1932.7747,1709.0,0.8864107883817427,0.8842209980766426
2011,PER.8.3_1,Calca,3559,3559.4921,1450.0,0.40741781399269456,0.40736148996880384
2011,PER.8.4_1,Canas,2139,2134.9741,201.0,0.09396914446002805,0.09414634142836345
2011,PER.8.5_1,Canchis,3953,3950.2571,2091.0,0.5289653427776373,0.5293326416561188
2011,PER.8.6_1,Chumbivilcas,5329,5334.9773,582.0,0.10921373616063051,0.10909137284498072
2011,PER.8.7_1,Cusco,530,530.1969,7681.0,14.492452830188679,14.487069904934618
2011,PER.8.8_1,Espinar,5235,5235.9122,4061.0,0.7757402101241643,0.7756050596541547
2011,PER.8.9_1,La Convención,31674,31679.4986,8692.0,0.274420660478626,0.27437302972266925
2011,PER.8.10_1,Paruro,1966,1966.4681,197.0,0.10020345879959308,0.10017960490711937
2011,PER.8.11_1,Paucartambo,5708,5714.5208,411.0,0.0720042046250876,0.07192204174901792
2011,PER.8.12_1,Quispicanchi,7819,7811.3434,1753.0,0.22419746770686788,0.22441722484464194
2011,PER.8.13_1,Urubamba,1463,1459.7168,2747.0,1.8776486671223513,1.8818718319712124
2011,PER.9.1_1,Acobamba,921,927.3542,509.0,0.5526601520086862,0.5488733384239844
2011,PER.9.2_1,Angaraes,1942,1944.836,738.0,0.3800205973223481,0.37946644405142793
2011,PER.9.3_1,Castrovirreyna,3960,3958.9592,343.0,0.08661616161616162,0.08663893339744391
2011,PER.9.4_1,Churcampa,1068,1062.7849,946.0,0.8857677902621723,0.8901142507582219
2011,PER.9.5_1,Huancavelica,3999,3992.4364,1758.0,0.43960990247561893,0.4403326217714264
2011,PER.9.6_1,Huaytara,6463,6465.2905,414.0,0.06405693950177936,0.06403424556849188
2011,PER.9.7_1,Tayacaja,3735,3730.9345,1435.0,0.38420348058902276,0.3846221400390611
2011,PER.10.1_1,Ambo,1571,1576.1231,528.0,0.3360916613621897,0.3349992218462807
2011,PER.10.2_1,Dos de Mayo,1342,1335.5805,154.0,0.11475409836065574,0.11530566802759523
2011,PER.10.3_1,Huacaybamba,1763,1765.4566,4.0,0.0022688598979013048,0.0022657027823914963
2011,PER.10.4_1,Huamalíes,3158,3166.8282,177.0,0.056048131728942366,0.055891885480379294
2011,PER.10.5_1,Huenuco,4107,4110.2577,4302.0,1.047479912344777,1.046649697482434
2011,PER.10.6_1,Lauricocha,2076,2083.3213,195.0,0.09393063583815028,0.09360054168349098
2011,PER.10.7_1,Leoncio Prado,4962,4958.1773,2313.0,0.466142684401451,0.4665020764934222
2011,PER.10.8_1,Marañón,4875,4878.4786,157.0,0.032205128205128206,0.032182164381654894
2011,PER.10.9_1,Pachitea,2655,2647.0304,313.0,0.11789077212806026,0.11824571302730942
2011,PER.10.10_1,Puerto Inca,9819,9814.2188,58.0,0.005906915164477034,0.005909792864845476
2011,PER.10.11_1,Yarowilca,752,746.4216,52.0,0.06914893617021277,0.06966571803211334
2011,PER.11.1_1,Chincha,2899,2905.713,8030.0,2.769920662297344,2.763521372027999
2011,PER.11.2_1,Ica,7867,7864.1979,14815.0,1.8831829159781366,1.8838539247260824
2011,PER.11.3_1,Nazca,5224,5209.8162,4743.0,0.9079249617151608,0.9103968073066948
2011,PER.11.4_1,Palpa,1209,1219.3592,1024.0,0.8469809760132341,0.8397853603766469
2011,PER.11.5_1,Pisco,3979,3968.9444,9252.0,2.3252073385272682,2.331098427287061
2011,PER.12.1_1,Chanchamayo,4671,4674.6736,3624.0,0.7758509955041747,0.7752412961052136
2011,PER.12.2_1,Chupaca,1170,1163.9265,1978.0,1.6905982905982906,1.6994200336827867
2011,PER.12.3_1,Concepción,2242,2248.8693,1878.0,0.8376449598572703,0.8350863324814396
2011,PER.12.4_1,Huancayo,3738,3734.3439,8814.0,2.3579454253611556,2.3602539797753495
2011,PER.12.5_1,Jauja,4385,4383.5123,3832.0,0.8738882554161915,0.8741848480487087
2011,PER.12.6_1,Junín,2633,2625.8821,1022.0,0.3881503987846563,0.38920253989265996
2011,PER.12.7_1,Satipo,19490,19497.3878,2591.0,0.13293996921498205,0.1328895969043611
2011,PER.12.8_1,Tarma,2663,2663.9461,3990.0,1.4983101764926774,1.49777802721864
2011,PER.12.9_1,Yauli,3632,3637.3003,6696.0,1.8436123348017621,1.8409258258678867
2011,PER.13.1_1,Ascope,2653,2656.16,8212.0,3.0953637391632114,3.0916812137379157
2011,PER.13.2_1,Bolívar,1744,1745.5625,54.0,0.03096330275229358,0.030935587027297717
2011,PER.13.3_1,Chepén,1153,1150.5574,3438.0,2.981786643538595,2.9881169705064883
2011,PER.13.4_1,Gran Chimú,1305,1306.9247,239.0,0.18314176245210728,0.1828720515626103
2011,PER.13.5_1,Julcan,1107,1110.773,237.0,0.2140921409214092,0.21336492395481238
2011,PER.13.6_1,Otuzco,2088,2088.1443,1408.0,0.6743295019157088,0.6742828987652295
2011,PER.13.7_1,Pacasmayo,1119,1119.8766,5194.0,4.641644325290438,4.638011188327218
2011,PER.13.8_1,Pataz,3991,3989.5251,2022.0,0.5066399398646956,0.5068272352529913
2011,PER.13.9_1,Sánchez Carrión,2501,2494.8258,1685.0,0.6737305077968813,0.6753978616928681
2011,PER.13.10_1,Santiago de Chuco,2668,2671.5263,2427.0,0.9096701649175413,0.9084694240936427
2011,PER.13.11_1,Trujillo,1767,1766.3122,16910.0,9.56989247311828,9.573619178475827
2011,PER.13.12_1,Viru,3207,3207.8223,3972.0,1.2385406922357343,1.2382232062197451
2011,PER.14.1_1,Chiclayo,3211,3211.4229,14997.0,4.6705076300218,4.669892601217653
2011,PER.14.2_1,Ferreñafe,1705,1705.7385,2287.0,1.341348973607038,1.3407682349453052
2011,PER.14.3_1,Lambayeque,9365,9366.3112,7732.0,0.8256273358248799,0.8255117520382083
2011,PER.16.1_1,Barranca,1389,1382.5918,4941.0,3.5572354211663066,3.5737227981574216
2011,PER.16.2_1,Cajatambo,1525,1527.1172,33.0,0.021639344262295083,0.021609343495683882
2011,PER.16.3_1,Cañete,4605,4605.4107,15853.0,3.4425624321389794,3.4422553995120246
2011,PER.16.4_1,Canta,1690,1693.223,1016.0,0.6011834319526628,0.6000390856441895
2011,PER.16.5_1,Huaral,3664,3664.9371,8729.0,2.382368995633188,2.3817598610033204
2011,PER.16.6_1,Huarochiri,5742,5738.1299,7774.0,1.3538836642284917,1.354796784450305
2011,PER.16.7_1,Huaura,4947,4942.2427,7601.0,1.5364867596523146,1.5379657464848342
2011,PER.16.8_1,Oyon,1871,1870.9257,1519.0,0.811865312667023,0.8118975373623923
2011,PER.16.9_1,Yauyos,6916,6912.2907,542.0,0.078368999421631,0.07841105431256264
2011,PER.15.1_1,Lima,2698,2705.3448,80401.0,29.800222386953298,29.719317009540138
2011,PER.17.1_1,Alto Amazonas,66273,66273.3598,3332.0,0.0502768850059602,0.05027661204958473
2011,PER.17.2_1,Loreto,68509,68480.0481,9286.0,0.1355442350640062,0.13560154017608408
2011,PER.17.3_1,Mariscal Ramón Castilla,38974,38967.2339,953.0,0.02445219890183199,0.024456444660346542
2011,PER.17.4_1,Maynas,132141,132166.5145,6867.0,0.05196721683656095,0.051957184643659164
2011,PER.17.5_1,Requena,39626,39634.3226,431.0,0.010876697118053802,0.01087441318516534
2011,PER.17.6_1,Ucayali,29932,29924.9451,696.0,0.023252706133903515,0.023258188058147524
2011,PER.18.1_1,Manu,28191,28189.1616,2434.0,0.08633961193288638,0.08634524273177237
2011,PER.18.2_1,Tahuamanu,20252,20245.0595,520.0,0.02567647639739285,0.025685278953254558
2011,PER.18.3_1,Tambopata,35907,35901.8019,4126.0,0.11490795666583117,0.11492459395178245
2011,PER.19.1_1,General Sánchez Cerro,5722,5725.7242,914.0,0.15973435861586857,0.15963046200115152
2011,PER.19.2_1,Ilo,1366,1372.4439,5115.0,3.7445095168374816,3.726928172751823
2011,PER.19.3_1,Mariscal Nieto,8656,8657.94,7907.0,0.9134704251386322,0.9132657389664262
2011,PER.20.1_1,Daniel Alcides Carrión,1529,1523.3131,327.0,0.21386527141922826,0.2146636873696753
2011,PER.20.2_1,Oxapampa,17693,17695.4834,1417.0,0.08008817046289493,0.08007693092955484
2011,PER.20.3_1,Pasco,4753,4751.908,7855.0,1.6526404376183463,1.6530202158729597
2011,PER.21.1_1,Ayabaca,5206,5197.2449,652.0,0.12524010756819054,0.12545108386882958
2011,PER.21.2_1,Huancabamba,4280,4276.7233,804.0,0.18785046728971963,0.1879943935841112
2011,PER.21.3_1,Morropón,3810,3811.6782,3494.0,0.9170603674540683,0.9166566002515734
2011,PER.21.4_1,Paita,1747,1750.2889,8050.0,4.607899255867201,4.5992407664999115
2011,PER.21.5_1,Piura,6150,6149.5744,17969.0,2.921788617886179,2.9219908302144746
2011,PER.21.6_1,Sechura,6472,6478.1826,4462.0,0.6894313967861557,0.6887734245838064
2011,PER.21.7_1,Sullana,5263,5254.043,8097.0,1.5384761542846286,1.5410989140255036
2011,PER.21.8_1,Talara,2932,2939.2512,11496.0,3.92087312414734,3.911200256877766
2011,PER.22.1_1,Azángaro,5245,5231.2106,2781.0,0.5302192564346997,0.5316169051694207
2011,PER.22.2_1,Carabaya,11680,11690.4688,1087.0,0.09306506849315069,0.09298172908572702
2011,PER.22.3_1,Chucuíto,3940,3941.2265,959.0,0.2434010152284264,0.24332526778968688
2011,PER.22.4_1,El Collao,5653,5651.7589,1426.0,0.25225543958959845,0.25231083428178075
2011,PER.22.5_1,Huancane,2818,2828.4046,681.0,0.24166075230660042,0.24077177773842162
2011,PER.22.6_1,Lago Titicaca,5287,5283.4928,1536.0,0.29052392661244564,0.2907167787453014
2011,PER.22.7_1,Lampa,5711,5717.1909,1258.0,0.2202766590789704,0.22003813033805183
2011,PER.22.8_1,Melgar,6535,6541.587,1983.0,0.30344299923488904,0.30313744759682165
2011,PER.22.9_1,Moho,1039,1031.7237,259.0,0.2492781520692974,0.25103620023664186
2011,PER.22.10_1,Puno,6525,6518.8824,4473.0,0.6855172413793104,0.6861605606093412
2011,PER.22.11_1,San Antonio de Putina,3149,3140.0951,1232.0,0.39123531279771356,0.39234479961462415
2011,PER.22.12_1,San Román,2280,2280.1851,6314.0,2.769298245614035,2.769073447520853
2011,PER.22.13_1,Sandia,12540,12540.8815,510.0,0.04066985645933014,0.040666997899306376
2011,PER.22.14_1,Yunguyo,297,302.7066,857.0,2.8855218855218854,2.831123998609857
2011,PER.23.1_1,Bellavista,7793,7790.7683,784.0,0.10060310535095598,0.10063192404853954
2011,PER.23.2_1,El Dorado,1319,1318.8251,152.0,0.1152388172858226,0.11525410276385932
2011,PER.23.3_1,Huallaga,2365,2359.6027,397.0,0.1678646934460888,0.1682486610947859
2011,PER.23.4_1,Lamas,5011,5010.8022,1333.0,0.26601476751147474,0.2660252706199972
2011,PER.23.5_1,Mariscal Cáceres,14425,14434.6489,859.0,0.059549393414211435,0.05950958728181148
2011,PER.23.6_1,Moyobamba,3795,3794.5532,2531.0,0.6669301712779974,0.6670086960154946
2011,PER.23.7_1,Picota,2126,2134.7792,491.0,0.23095014111006584,0.23000036192294304
2011,PER.23.8_1,Rioja,2593,2598.5485,1748.0,0.6741226378711916,0.6726832404983826
2011,PER.23.9_1,San Martín,4817,4823.345,4034.0,0.8374506954536018,0.8363490545488121
2011,PER.23.10_1,Tocache,6111,6102.5482,2013.0,0.32940598919980363,0.3298622058731432
2011,PER.24.1_1,Candarave,2305,2304.2136,793.0,0.3440347071583514,0.34415212833890013
2011,PER.24.2_1,Jorge Basadre,2750,2746.7382,3913.0,1.422909090909091,1.4245988079432268
2011,PER.24.3_1,Tacna,8159,8162.2685,11162.0,1.3680598112513789,1.3675119918578886
2011,PER.24.4_1,Tarata,2788,2785.0639,495.0,0.17754662840746055,0.17773380158986835
2011,PER.25.1_1,Contralmirante Villar,2134,2127.3485,1001.0,0.4690721649484536,0.47053879159689854
2011,PER.25.2_1,Tumbes,1785,1786.2221,5206.0,2.9165266106442576,2.9145312240482957
2011,PER.25.3_1,Zarumilla,721,728.412,3259.0,4.520110957004161,4.47411606967932
2011,PER.26.1_1,Atalaya,38581,38583.1679,504.0,0.013063425001943962,0.01306269099512423
2011,PER.26.2_1,Coronel Portillo,39067,39060.4079,8325.0,0.21309545140399827,0.21313141463686558
2011,PER.26.3_1,Padre Abad,9291,9288.8146,1172.0,0.12614357980841676,0.126173257650363
2011,PER.26.4_1,Purús,18173,18145.6829,70.0,0.003851868156055687,0.003857666886790093
2012,PER.1.1_1,Bagua,5897,5891.871,887.0,0.1504154654909276,0.1505464058428672
2012,PER.1.2_1,Bongará,2824,2829.7375,243.0,0.08604815864022664,0.08587369072131894
2012,PER.1.3_1,Chachapoyas,2999,2997.3637,989.0,0.32977659219739913,0.3299566172955363
2012,PER.1.4_1,Condorcanqui,17948,17952.2232,22.0,0.0012257633162469357,0.001225474957159576
2012,PER.1.5_1,Luya,3367,3359.4489,203.0,0.060291060291060294,0.06042657702380372
2012,PER.1.6_1,Rodríguez de Mendoza,2682,2681.7449,207.0,0.07718120805369127,0.07718855045394295
2012,PER.1.7_1,Utcubamba,3871,3870.408,2001.0,0.516920692327564,0.5169997520233683
2012,PER.2.1_1,Aija,696,697.1118,183.0,0.2629310344827586,0.26251169231703947
2012,PER.2.2_1,Antonio Raymondi,559,561.5141,92.0,0.16457960644007155,0.1638427189338839
2012,PER.2.3_1,Asunción,524,524.8509,85.0,0.16221374045801526,0.16195075480784393
2012,PER.2.4_1,Bolognesi,3069,3067.2607,942.0,0.3069403714565005,0.3071144204145955
2012,PER.2.5_1,Carhuaz,817,816.2705,1481.0,1.8127294981640147,1.8143495126076477
2012,PER.2.6_1,Carlos Fermin Fitzcarrald,628,627.065,76.0,0.12101910828025478,0.12119955916537849
2012,PER.2.7_1,Casma,2274,2279.5761,2461.0,1.0822339489885664,1.0795866810349946
2012,PER.2.8_1,Corongo,1016,1015.6517,128.0,0.12598425196850394,0.1260274619565917
2012,PER.2.9_1,Huaraz,2499,2501.0478,4236.0,1.695078031212485,1.6936901386153018
2012,PER.2.10_1,Huari,2799,2790.2845,3423.0,1.2229367631296892,1.2267566186101593
2012,PER.2.11_1,Huarmey,3927,3933.9868,1321.0,0.33638910109498343,0.3357916712693297
2012,PER.2.12_1,Huaylas,2277,2284.0483,1795.0,0.7883179622310057,0.7858853176072964
2012,PER.2.13_1,Mariscal Luzuriaga,731,733.0131,154.0,0.2106703146374829,0.2100917528852273
2012,PER.2.14_1,Ocros,1943,1949.2401,98.0,0.050437467833247554,0.05027600275449985
2012,PER.2.15_1,Pallasca,2067,2063.679,857.0,0.4146105466860184,0.41527776947378936
2012,PER.2.16_1,Pomabamba,923,923.2323,236.0,0.25568797399783316,0.2556236487391443
2012,PER.2.17_1,Recuay,2322,2318.0851,639.0,0.2751937984496124,0.2756585646094993
2012,PER.2.18_1,Santa,3997,3987.845,13812.0,3.455591693770328,3.4635247792472246
2012,PER.2.19_1,Sihuas,1459,1456.9158,262.0,0.17957505140507196,0.17983194722284082
2012,PER.2.20_1,Yungay,1370,1362.6156,1291.0,0.9423357664233577,0.9474425604510289
2012,PER.3.1_1,Abancay,3469,3461.1924,2216.0,0.6388008071490343,0.640241789736691
2012,PER.3.2_1,Andahuaylas,4011,4018.7208,2824.0,0.7040638244826727,0.7027111745873869
2012,PER.3.3_1,Antabamba,3217,3220.4249,82.0,0.02548958657133976,0.025462478420191163
2012,PER.3.4_1,Aymaraes,4129,4128.1482,915.0,0.22160329377573262,0.22164901878742085
2012,PER.3.5_1,Chincheros,1523,1523.0751,681.0,0.44714379514116875,0.4471217518965959
2012,PER.3.6_1,Cotabambas,2622,2621.0521,2316.0,0.8832951945080092,0.8836146235377694
2012,PER.3.7_1,Grau,2128,2129.1362,185.0,0.08693609022556391,0.0868896969966354
2012,PER.4.1_1,Arequipa,10399,10401.7538,35710.0,3.4339840369266277,3.4330749096091804
2012,PER.4.2_1,Camaná,4592,4594.9288,3366.0,0.73301393728223,0.7325467158122512
2012,PER.4.3_1,Caravelí,13035,13027.441,2514.0,0.19286536248561564,0.1929772707158295
2012,PER.4.4_1,Castilla,7621,7620.9932,3393.0,0.44521716310195514,0.44521756256257694
2012,PER.4.5_1,Caylloma,12048,12035.9001,1384.0,0.1148738379814077,0.11498932221202306
2012,PER.4.6_1,Condesuyos,6838,6852.1717,1168.0,0.17081017841474117,0.17045690690353393
2012,PER.4.7_1,Islay,3849,3849.9051,4256.0,1.105741751104183,1.1054818082211013
2012,PER.4.8_1,La Unión,4893,4893.6009,442.0,0.0903331289597384,0.09032203598570375
2012,PER.5.1_1,Cangallo,1872,1872.5839,227.0,0.12126068376068376,0.12122287571844181
2012,PER.5.2_1,Huamanga,2955,2958.2366,5080.0,1.7191201353637902,1.7172392760235389
2012,PER.5.3_1,Huanca Sancos,2830,2831.2856,95.0,0.03356890459363958,0.03355366188984277
2012,PER.5.4_1,Huanta,3810,3814.0301,1926.0,0.5055118110236221,0.5049776624441796
2012,PER.5.5_1,La Mar,4318,4312.4371,1507.0,0.34900416859657246,0.34945437555398356
2012,PER.5.6_1,Lucanas,14484,14477.3422,2256.0,0.15575807787903895,0.15582970733799356
2012,PER.5.7_1,Parinacochas,5934,5950.4746,1695.0,0.2856420626895854,0.28485122961314274
2012,PER.5.8_1,Paucar del Sara Sara,2090,2081.7527,254.0,0.1215311004784689,0.12201256926526251
2012,PER.5.9_1,Sucre,1781,1786.8708,72.0,0.04042672655811342,0.040293904430055254
2012,PER.5.10_1,Victor Fajardo,2276,2265.2791,475.0,0.2086994727592267,0.20968718718476925
2012,PER.5.11_1,Vilcas Huamán,1214,1205.7813,131.0,0.10790774299835255,0.10864325013467485
2012,PER.6.1_1,Cajabamba,1792,1788.6443,820.0,0.4575892857142857,0.45844777551627636
2012,PER.6.2_1,Cajamarca,2977,2977.7902,11856.0,3.982532751091703,3.981475898405626
2012,PER.6.3_1,Celendín,2582,2580.2493,1199.0,0.4643687064291247,0.46468378386744913
2012,PER.6.4_1,Chota,3840,3836.4892,1624.0,0.42291666666666666,0.42330367951922593
2012,PER.6.5_1,Contumazá,2062,2060.9532,859.0,0.4165858389912706,0.4167974350621536
2012,PER.6.6_1,Cutervo,3025,3030.0606,600.0,0.19834710743801653,0.19801583876585502
2012,PER.6.7_1,Hualgayoc,785,783.6578,2719.0,3.4636942675159235,3.4696267716562197
2012,PER.6.8_1,Jaén,5027,5025.2434,2773.0,0.5516212452755123,0.5518140657459041
2012,PER.6.9_1,San Ignacio,4891,4894.3699,688.0,0.1406665303618892,0.14056967862081166
2012,PER.6.10_1,San Marcos,1343,1348.0813,424.0,0.31571109456440805,0.3145210865304338
2012,PER.6.11_1,San Miguel,2530,2527.3116,1040.0,0.41106719367588934,0.41150446299816623
2012,PER.6.12_1,San Pablo,666,665.0983,381.0,0.5720720720720721,0.5728476275963664
2012,PER.6.13_1,Santa Cruz,1382,1383.2844,852.0,0.6164978292329957,0.6159254138195275
2012,PER.7.1_1,Callao,164,160.8378,8889.0,54.201219512195124,55.26687549687706
2012,PER.8.1_1,Acomayo,935,932.9494,214.0,0.2288770053475936,0.2293800658927747
2012,PER.8.2_1,Anta,1928,1932.7747,1911.0,0.9911825726141079,0.988733953963993
2012,PER.8.3_1,Calca,3559,3559.4921,1498.0,0.42090474852486653,0.4208465599815642
2012,PER.8.4_1,Canas,2139,2134.9741,234.0,0.1093969144460028,0.10960320345391565
2012,PER.8.5_1,Canchis,3953,3950.2571,2122.0,0.5368074879838097,0.5371802322306476
2012,PER.8.6_1,Chumbivilcas,5329,5334.9773,1184.0,0.22218052167386002,0.221931590117624
2012,PER.8.7_1,Cusco,530,530.1969,7739.0,14.60188679245283,14.596463220191252
2012,PER.8.8_1,Espinar,5235,5235.9122,4953.0,0.9461318051575931,0.9459669688419179
2012,PER.8.9_1,La Convención,31674,31679.4986,8959.0,0.282850287301888,0.28280119342906046
2012,PER.8.10_1,Paruro,1966,1966.4681,177.0,0.09003051881993897,0.0900090866424372
2012,PER.8.11_1,Paucartambo,5708,5714.5208,448.0,0.07848633496846531,0.07839677543445263
2012,PER.8.12_1,Quispicanchi,7819,7811.3434,1734.0,0.2217674894487786,0.2219848647350879
2012,PER.8.13_1,Urubamba,1463,1459.7168,2973.0,2.0321257689678744,2.0366963802149307
2012,PER.9.1_1,Acobamba,921,927.3542,575.0,0.6243213897937026,0.6200435551940885
2012,PER.9.2_1,Angaraes,1942,1944.836,783.0,0.40319258496395466,0.40260464185944184
2012,PER.9.3_1,Castrovirreyna,3960,3958.9592,449.0,0.11338383838383838,0.11341364750860733
2012,PER.9.4_1,Churcampa,1068,1062.7849,1005.0,0.9410112359550562,0.9456287759112189
2012,PER.9.5_1,Huancavelica,3999,3992.4364,1926.0,0.4816204051012753,0.4824121897222794
2012,PER.9.6_1,Huaytara,6463,6465.2905,515.0,0.07968435710970137,0.07965612673375197
2012,PER.9.7_1,Tayacaja,3735,3730.9345,1671.0,0.44738955823293175,0.4478770703869485
2012,PER.10.1_1,Ambo,1571,1576.1231,524.0,0.33354551241247615,0.3324613489535059
2012,PER.10.2_1,Dos de Mayo,1342,1335.5805,121.0,0.09016393442622951,0.09059731059311053
2012,PER.10.3_1,Huacaybamba,1763,1765.4566,8.0,0.0045377197958026095,0.004531405564782993
2012,PER.10.4_1,Huamalíes,3158,3166.8282,156.0,0.04939835338822039,0.049260644830164804
2012,PER.10.5_1,Huenuco,4107,4110.2577,4897.0,1.192354516678841,1.191409476655388
2012,PER.10.6_1,Lauricocha,2076,2083.3213,217.0,0.10452793834296724,0.10416060279650022
2012,PER.10.7_1,Leoncio Prado,4962,4958.1773,2350.0,0.4735993550987505,0.4739644962211596
2012,PER.10.8_1,Marañón,4875,4878.4786,206.0,0.042256410256410255,0.042226279379751014
2012,PER.10.9_1,Pachitea,2655,2647.0304,255.0,0.096045197740113,0.09633436684333514
2012,PER.10.10_1,Puerto Inca,9819,9814.2188,97.0,0.009878806395763317,0.009883619101551916
2012,PER.10.11_1,Yarowilca,752,746.4216,0.0,0.0,0.0
2012,PER.11.1_1,Chincha,2899,2905.713,8037.0,2.772335288030355,2.765930419301249
2012,PER.11.2_1,Ica,7867,7864.1979,15392.0,1.9565272657938222,1.9572244083283064
2012,PER.11.3_1,Nazca,5224,5209.8162,5260.0,1.0068912710566615,1.009632554592708
2012,PER.11.4_1,Palpa,1209,1219.3592,1134.0,0.9379652605459057,0.929996678385857
2012,PER.11.5_1,Pisco,3979,3968.9444,9643.0,2.4234732344810253,2.4296132873248086
2012,PER.12.1_1,Chanchamayo,4671,4674.6736,3775.0,0.8081781203168487,0.8075430167762643
2012,PER.12.2_1,Chupaca,1170,1163.9265,1992.0,1.7025641025641025,1.7114482846795305
2012,PER.12.3_1,Concepción,2242,2248.8693,1963.0,0.8755575379125781,0.8728831047183525
2012,PER.12.4_1,Huancayo,3738,3734.3439,9110.0,2.4371321562332797,2.439518238683167
2012,PER.12.5_1,Jauja,4385,4383.5123,3733.0,0.8513112884834664,0.8516002186236507
2012,PER.12.6_1,Junín,2633,2625.8821,1033.0,0.3923281428028864,0.39339160832594694
2012,PER.12.7_1,Satipo,19490,19497.3878,2817.0,0.14453565931246792,0.14448089327656705
2012,PER.12.8_1,Tarma,2663,2663.9461,4373.0,1.642132932782576,1.641549702513061
2012,PER.12.9_1,Yauli,3632,3637.3003,8472.0,2.3325991189427313,2.3292000592522006
2012,PER.13.1_1,Ascope,2653,2656.16,8318.0,3.1353185073501697,3.131588448109107
2012,PER.13.2_1,Bolívar,1744,1745.5625,42.0,0.02408256880733945,0.024061012132342668
2012,PER.13.3_1,Chepén,1153,1150.5574,3369.0,2.9219427580225497,2.9281460365434437
2012,PER.13.4_1,Gran Chimú,1305,1306.9247,250.0,0.19157088122605365,0.19128875686465513
2012,PER.13.5_1,Julcan,1107,1110.773,215.0,0.1942186088527552,0.19355889725858508
2012,PER.13.6_1,Otuzco,2088,2088.1443,1346.0,0.6446360153256705,0.6445914643025561
2012,PER.13.7_1,Pacasmayo,1119,1119.8766,5364.0,4.793565683646112,4.789813633844282
2012,PER.13.8_1,Pataz,3991,3989.5251,2057.0,0.5154096717614632,0.5156002091569748
2012,PER.13.9_1,Sánchez Carrión,2501,2494.8258,2226.0,0.8900439824070372,0.8922466706993022
2012,PER.13.10_1,Santiago de Chuco,2668,2671.5263,2662.0,0.9977511244377811,0.996434119051206
2012,PER.13.11_1,Trujillo,1767,1766.3122,17800.0,10.073571024335031,10.077493872079819
2012,PER.13.12_1,Viru,3207,3207.8223,3920.0,1.2223261615216714,1.2220128319187817
2012,PER.14.1_1,Chiclayo,3211,3211.4229,15664.0,4.87823108066023,4.877588698104509
2012,PER.14.2_1,Ferreñafe,1705,1705.7385,2346.0,1.3759530791788857,1.3753573586277597
2012,PER.14.3_1,Lambayeque,9365,9366.3112,8272.0,0.8832888414308596,0.8831651853155792
2012,PER.16.1_1,Barranca,1389,1382.5918,4870.0,3.5061195104391647,3.5223699710638825
2012,PER.16.2_1,Cajatambo,1525,1527.1172,33.0,0.021639344262295083,0.021609343495683882
2012,PER.16.3_1,Cañete,4605,4605.4107,16056.0,3.486644951140065,3.486333986915099
2012,PER.16.4_1,Canta,1690,1693.223,1133.0,0.670414201183432,0.6691380748374672
2012,PER.16.5_1,Huaral,3664,3664.9371,8919.0,2.4342248908296944,2.433602497455449
2012,PER.16.6_1,Huarochiri,5742,5738.1299,8000.0,1.3932427725531173,1.3941824383332184
2012,PER.16.7_1,Huaura,4947,4942.2427,7466.0,1.5091974934303618,1.5106502122425696
2012,PER.16.8_1,Oyon,1871,1870.9257,1710.0,0.9139497594869054,0.9139860361354121
2012,PER.16.9_1,Yauyos,6916,6912.2907,674.0,0.09745517640254482,0.09750747344403546
2012,PER.15.1_1,Lima,2698,2705.3448,82807.0,30.691994069681247,30.608667598773525
2012,PER.17.1_1,Alto Amazonas,66273,66273.3598,3741.0,0.05644832737313838,0.056448020911613585
2012,PER.17.2_1,Loreto,68509,68480.0481,9312.0,0.13592374724488754,0.13598121280634232
2012,PER.17.3_1,Mariscal Ramón Castilla,38974,38967.2339,1045.0,0.02681274695951147,0.02681740259188052
2012,PER.17.4_1,Maynas,132141,132166.5145,7203.0,0.05450995527504711,0.05449943221032139
2012,PER.17.5_1,Requena,39626,39634.3226,563.0,0.01420784333518397,0.01420485991472874
2012,PER.17.6_1,Ucayali,29932,29924.9451,871.0,0.029099291727916612,0.02910615200954956
2012,PER.18.1_1,Manu,28191,28189.1616,2130.0,0.07555602851974035,0.07556095604711387
2012,PER.18.2_1,Tahuamanu,20252,20245.0595,639.0,0.031552439265257755,0.03156325625217243
2012,PER.18.3_1,Tambopata,35907,35901.8019,4632.0,0.1289999164508313,0.12901859408256333
2012,PER.19.1_1,General Sánchez Cerro,5722,5725.7242,954.0,0.16672492135616918,0.1666164778436527
2012,PER.19.2_1,Ilo,1366,1372.4439,5083.0,3.72108345534407,3.703612102071851
2012,PER.19.3_1,Mariscal Nieto,8656,8657.94,8492.0,0.9810536044362292,0.9808337745419111
2012,PER.20.1_1,Daniel Alcides Carrión,1529,1523.3131,308.0,0.2014388489208633,0.20219087373045871
2012,PER.20.2_1,Oxapampa,17693,17695.4834,1505.0,0.08506188888260895,0.08504995134014116
2012,PER.20.3_1,Pasco,4753,4751.908,8294.0,1.7450031559015358,1.7454041591916394
2012,PER.21.1_1,Ayabaca,5206,5197.2449,668.0,0.12831348444102958,0.12852963807419965
2012,PER.21.2_1,Huancabamba,4280,4276.7233,1049.0,0.24509345794392523,0.2452812423752894
2012,PER.21.3_1,Morropón,3810,3811.6782,3997.0,1.0490813648293964,1.048619470865924
2012,PER.21.4_1,Paita,1747,1750.2889,8607.0,4.926731539782485,4.917473947486303
2012,PER.21.5_1,Piura,6150,6149.5744,18917.0,3.0759349593495937,3.076147839900229
2012,PER.21.6_1,Sechura,6472,6478.1826,5163.0,0.7977441285537701,0.7969827859986984
2012,PER.21.7_1,Sullana,5263,5254.043,8739.0,1.6604598137944138,1.6632905285499415
2012,PER.21.8_1,Talara,2932,2939.2512,12154.0,4.145293315143247,4.135066799068578
2012,PER.22.1_1,Azángaro,5245,5231.2106,3131.0,0.5969494756911344,0.5985230241227818
2012,PER.22.2_1,Carabaya,11680,11690.4688,1468.0,0.1256849315068493,0.12557238113877395
2012,PER.22.3_1,Chucuíto,3940,3941.2265,1106.0,0.28071065989847716,0.280623301538471
2012,PER.22.4_1,El Collao,5653,5651.7589,1661.0,0.29382628692729523,0.2938908104782874
2012,PER.22.5_1,Huancane,2818,2828.4046,811.0,0.2877927608232789,0.2867340847956827
2012,PER.22.6_1,Lago Titicaca,5287,5283.4928,1704.0,0.32229998108568186,0.32251392642056875
2012,PER.22.7_1,Lampa,5711,5717.1909,1452.0,0.2542461915601471,0.25397087857778317
2012,PER.22.8_1,Melgar,6535,6541.587,2221.0,0.3398622800306044,0.33952005603254715
2012,PER.22.9_1,Moho,1039,1031.7237,341.0,0.32820019249278154,0.3305148427826057
2012,PER.22.10_1,Puno,6525,6518.8824,4647.0,0.712183908045977,0.7128522524372028
2012,PER.22.11_1,San Antonio de Putina,3149,3140.0951,1388.0,0.440774849158463,0.44202482294244994
2012,PER.22.12_1,San Román,2280,2280.1851,6580.0,2.8859649122807016,2.8857306437578734
2012,PER.22.13_1,Sandia,12540,12540.8815,583.0,0.04649122807017544,0.0464879603437169
2012,PER.22.14_1,Yunguyo,297,302.7066,864.0,2.909090909090909,2.854248698715188
2012,PER.23.1_1,Bellavista,7793,7790.7683,877.0,0.11253689208263827,0.11256912932470559
2012,PER.23.2_1,El Dorado,1319,1318.8251,164.0,0.1243366186504928,0.12435311087679557
2012,PER.23.3_1,Huallaga,2365,2359.6027,374.0,0.15813953488372093,0.1585012575552895
2012,PER.23.4_1,Lamas,5011,5010.8022,1500.0,0.29934144881261227,0.299353267764438
2012,PER.23.5_1,Mariscal Cáceres,14425,14434.6489,941.0,0.06523396880415945,0.0651903627848482
2012,PER.23.6_1,Moyobamba,3795,3794.5532,2887.0,0.7607378129117259,0.7608273826142762
2012,PER.23.7_1,Picota,2126,2134.7792,624.0,0.29350893697083724,0.2923018856210111
2012,PER.23.8_1,Rioja,2593,2598.5485,2244.0,0.8654068646355573,0.8635590341409443
2012,PER.23.9_1,San Martín,4817,4823.345,4185.0,0.8687980070583351,0.8676551297190824
2012,PER.23.10_1,Tocache,6111,6102.5482,2044.0,0.3344788087056128,0.33494205107039476
2012,PER.24.1_1,Candarave,2305,2304.2136,865.0,0.3752711496746204,0.37539923204684567
2012,PER.24.2_1,Jorge Basadre,2750,2746.7382,4047.0,1.4716363636363636,1.4733839447345358
2012,PER.24.3_1,Tacna,8159,8162.2685,11225.0,1.375781345753156,1.3752304343849489
2012,PER.24.4_1,Tarata,2788,2785.0639,555.0,0.1990674318507891,0.19927729269167055
2012,PER.25.1_1,Contralmirante Villar,2134,2127.3485,1030.0,0.48266166822867856,0.48417078456024526
2012,PER.25.2_1,Tumbes,1785,1786.2221,5392.0,3.0207282913165265,3.0186616135359987
2012,PER.25.3_1,Zarumilla,721,728.412,3499.0,4.852981969486824,4.803599916479883
2012,PER.26.1_1,Atalaya,38581,38583.1679,873.0,0.02262771830693865,0.022626446902268758
2012,PER.26.2_1,Coronel Portillo,39067,39060.4079,8704.0,0.22279673381626436,0.22283433429420757
2012,PER.26.3_1,Padre Abad,9291,9288.8146,1327.0,0.14282639113120224,0.14285999394371304
2012,PER.26.4_1,Purús,18173,18145.6829,25.0,0.0013756671985913167,0.0013777381738536046
2013,PER.1.1_1,Bagua,5897,5891.871,847.0,0.14363235543496694,0.14375739092323395
2013,PER.1.2_1,Bongará,2824,2829.7375,231.0,0.08179886685552408,0.08163301463631553
2013,PER.1.3_1,Chachapoyas,2999,2997.3637,1115.0,0.3717905968656219,0.3719935574161001
2013,PER.1.4_1,Condorcanqui,17948,17952.2232,22.0,0.0012257633162469357,0.001225474957159576
2013,PER.1.5_1,Luya,3367,3359.4489,256.0,0.07603207603207603,0.0762029739807574
2013,PER.1.6_1,Rodríguez de Mendoza,2682,2681.7449,173.0,0.06450410141685309,0.0645102378189958
2013,PER.1.7_1,Utcubamba,3871,3870.408,1871.0,0.48333763885300957,0.48341156223674275
2013,PER.2.1_1,Aija,696,697.1118,185.0,0.26580459770114945,0.26538067256094156
2013,PER.2.2_1,Antonio Raymondi,559,561.5141,92.0,0.16457960644007155,0.1638427189338839
2013,PER.2.3_1,Asunción,524,524.8509,63.0,0.12022900763358779,0.12003408885757845
2013,PER.2.4_1,Bolognesi,3069,3067.2607,1004.0,0.3271423916585207,0.32732789606821006
2013,PER.2.5_1,Carhuaz,817,816.2705,1524.0,1.865361077111383,1.8670281277610095
2013,PER.2.6_1,Carlos Fermin Fitzcarrald,628,627.065,69.0,0.10987261146496816,0.11003644187383048
2013,PER.2.7_1,Casma,2274,2279.5761,2448.0,1.0765171503957784,1.0738838663850738
2013,PER.2.8_1,Corongo,1016,1015.6517,133.0,0.1309055118110236,0.13095040968927107
2013,PER.2.9_1,Huaraz,2499,2501.0478,4207.0,1.6834733893557423,1.6820949983839886
2013,PER.2.10_1,Huari,2799,2790.2845,3398.0,1.2140050017863522,1.217796958818966
2013,PER.2.11_1,Huarmey,3927,3933.9868,1345.0,0.34250063661828367,0.341892352654995
2013,PER.2.12_1,Huaylas,2277,2284.0483,1839.0,0.8076416337285902,0.8051493588188402
2013,PER.2.13_1,Mariscal Luzuriaga,731,733.0131,142.0,0.19425444596443228,0.19372096694611868
2013,PER.2.14_1,Ocros,1943,1949.2401,79.0,0.040658775090066906,0.04052861446536213
2013,PER.2.15_1,Pallasca,2067,2063.679,852.0,0.41219158200290273,0.41285491200894814
2013,PER.2.16_1,Pomabamba,923,923.2323,236.0,0.25568797399783316,0.2556236487391443
2013,PER.2.17_1,Recuay,2322,2318.0851,604.0,0.26012058570198104,0.2605598951864438
2013,PER.2.18_1,Santa,3997,3987.845,13934.0,3.4861145859394544,3.4941177435585598
2013,PER.2.19_1,Sihuas,1459,1456.9158,227.0,0.15558601782042494,0.15580859549459875
2013,PER.2.20_1,Yungay,1370,1362.6156,1271.0,0.9277372262773723,0.9327649065323453
2013,PER.3.1_1,Abancay,3469,3461.1924,2469.0,0.7117324877486307,0.7133379868501308
2013,PER.3.2_1,Andahuaylas,4011,4018.7208,3134.0,0.781351283969085,0.7798501491348692
2013,PER.3.3_1,Antabamba,3217,3220.4249,100.0,0.031084861672365557,0.03105180295145264
2013,PER.3.4_1,Aymaraes,4129,4128.1482,1017.0,0.24630661177040444,0.2463574339965104
2013,PER.3.5_1,Chincheros,1523,1523.0751,739.0,0.4852265265922521,0.48520260594946313
2013,PER.3.6_1,Cotabambas,2622,2621.0521,3849.0,1.467963386727689,1.4684942512939874
2013,PER.3.7_1,Grau,2128,2129.1362,227.0,0.10667293233082707,0.10661600658506074
2013,PER.4.1_1,Arequipa,10399,10401.7538,36826.0,3.5413020482738724,3.5403645091365914
2013,PER.4.2_1,Camaná,4592,4594.9288,3546.0,0.7722125435540069,0.7717203369786817
2013,PER.4.3_1,Caravelí,13035,13027.441,3009.0,0.23084004602991945,0.23097398869686994
2013,PER.4.4_1,Castilla,7621,7620.9932,3431.0,0.4502033853824957,0.45020378931688815
2013,PER.4.5_1,Caylloma,12048,12035.9001,1734.0,0.14392430278884463,0.14406899184656646
2013,PER.4.6_1,Condesuyos,6838,6852.1717,1185.0,0.17329628546358583,0.17293787215812303
2013,PER.4.7_1,Islay,3849,3849.9051,4273.0,1.110158482722785,1.1098975015340145
2013,PER.4.8_1,La Unión,4893,4893.6009,429.0,0.08767627222562845,0.087665505515536
2013,PER.5.1_1,Cangallo,1872,1872.5839,353.0,0.18856837606837606,0.18850958206436105
2013,PER.5.2_1,Huamanga,2955,2958.2366,5552.0,1.878849407783418,1.8767937914336001
2013,PER.5.3_1,Huanca Sancos,2830,2831.2856,193.0,0.06819787985865725,0.06816691310252268
2013,PER.5.4_1,Huanta,3810,3814.0301,2089.0,0.5482939632545932,0.547714608954253
2013,PER.5.5_1,La Mar,4318,4312.4371,1481.0,0.3429828624363131,0.34342530205404753
2013,PER.5.6_1,Lucanas,14484,14477.3422,2568.0,0.17729908864954433,0.17738062431026924
2013,PER.5.7_1,Parinacochas,5934,5950.4746,1842.0,0.3104145601617796,0.3095551415618932
2013,PER.5.8_1,Paucar del Sara Sara,2090,2081.7527,321.0,0.1535885167464115,0.15419698714231994
2013,PER.5.9_1,Sucre,1781,1786.8708,93.0,0.05221785513756317,0.0520462932221547
2013,PER.5.10_1,Victor Fajardo,2276,2265.2791,521.0,0.22891036906854131,0.22999373583845217
2013,PER.5.11_1,Vilcas Huamán,1214,1205.7813,140.0,0.11532125205930807,0.1161072902202632
2013,PER.6.1_1,Cajabamba,1792,1788.6443,817.0,0.45591517857142855,0.4567705275570705
2013,PER.6.2_1,Cajamarca,2977,2977.7902,11782.0,3.957675512260665,3.956625255989801
2013,PER.6.3_1,Celendín,2582,2580.2493,1054.0,0.40821068938807126,0.40848766321625635
2013,PER.6.4_1,Chota,3840,3836.4892,1457.0,0.37942708333333336,0.37977429868196566
2013,PER.6.5_1,Contumazá,2062,2060.9532,843.0,0.4088263821532493,0.40903403697019264
2013,PER.6.6_1,Cutervo,3025,3030.0606,726.0,0.24,0.23959916490668456
2013,PER.6.7_1,Hualgayoc,785,783.6578,2690.0,3.426751592356688,3.4326208222711405
2013,PER.6.8_1,Jaén,5027,5025.2434,2688.0,0.5347125522180227,0.534899462216008
2013,PER.6.9_1,San Ignacio,4891,4894.3699,783.0,0.16008996115313842,0.15997973598851095
2013,PER.6.10_1,San Marcos,1343,1348.0813,395.0,0.29411764705882354,0.2930090310837768
2013,PER.6.11_1,San Miguel,2530,2527.3116,1034.0,0.40869565217391307,0.40913039878856144
2013,PER.6.12_1,San Pablo,666,665.0983,323.0,0.484984984984985,0.48564247693865187
2013,PER.6.13_1,Santa Cruz,1382,1383.2844,880.0,0.6367583212735166,0.6361670940858969
2013,PER.7.1_1,Callao,164,160.8378,8898.0,54.25609756097561,55.322832508855
2013,PER.8.1_1,Acomayo,935,932.9494,338.0,0.36149732620320857,0.3622918797745694
2013,PER.8.2_1,Anta,1928,1932.7747,2127.0,1.1032157676348548,1.1004903820415557
2013,PER.8.3_1,Calca,3559,3559.4921,1456.0,0.40910368080921605,0.40904712372039886
2013,PER.8.4_1,Canas,2139,2134.9741,274.0,0.12809724170172979,0.12833879378791832
2013,PER.8.5_1,Canchis,3953,3950.2571,2144.0,0.5423728813559322,0.5427494900577325
2013,PER.8.6_1,Chumbivilcas,5329,5334.9773,2190.0,0.410958904109589,0.4104984648290511
2013,PER.8.7_1,Cusco,530,530.1969,7683.0,14.49622641509434,14.49084208821933
2013,PER.8.8_1,Espinar,5235,5235.9122,5334.0,1.0189111747851003,1.0187336587528346
2013,PER.8.9_1,La Convención,31674,31679.4986,8462.0,0.26715918418892465,0.26711281379581536
2013,PER.8.10_1,Paruro,1966,1966.4681,190.0,0.09664292980671414,0.09661992351448062
2013,PER.8.11_1,Paucartambo,5708,5714.5208,447.0,0.07831114225648213,0.07822178263214359
2013,PER.8.12_1,Quispicanchi,7819,7811.3434,1859.0,0.2377541885151554,0.2379872338768907
2013,PER.8.13_1,Urubamba,1463,1459.7168,3029.0,2.0704032809295967,2.0750599850894806
2013,PER.9.1_1,Acobamba,921,927.3542,694.0,0.753528773072747,0.7483656127038216
2013,PER.9.2_1,Angaraes,1942,1944.836,912.0,0.46961894953656025,0.468934142242415
2013,PER.9.3_1,Castrovirreyna,3960,3958.9592,459.0,0.1159090909090909,0.11593956393418879
2013,PER.9.4_1,Churcampa,1068,1062.7849,1056.0,0.9887640449438202,0.9936159078231315
2013,PER.9.5_1,Huancavelica,3999,3992.4364,2011.0,0.5028757189297325,0.503702447316461
2013,PER.9.6_1,Huaytara,6463,6465.2905,550.0,0.08509979885502089,0.0850696499098322
2013,PER.9.7_1,Tayacaja,3735,3730.9345,2373.0,0.6353413654618474,0.6360336852353254
2013,PER.10.1_1,Ambo,1571,1576.1231,568.0,0.36155315085932527,0.3603779507740293
2013,PER.10.2_1,Dos de Mayo,1342,1335.5805,130.0,0.09687034277198212,0.09733595352978819
2013,PER.10.3_1,Huacaybamba,1763,1765.4566,20.0,0.011344299489506523,0.011328513911957482
2013,PER.10.4_1,Huamalíes,3158,3166.8282,137.0,0.043381887270424316,0.043260950908542165
2013,PER.10.5_1,Huenuco,4107,4110.2577,5236.0,1.2748965181397613,1.2738860567219954
2013,PER.10.6_1,Lauricocha,2076,2083.3213,224.0,0.10789980732177264,0.10752062224154862
2013,PER.10.7_1,Leoncio Prado,4962,4958.1773,2199.0,0.44316807738814995,0.44350975625120426
2013,PER.10.8_1,Marañón,4875,4878.4786,184.0,0.037743589743589746,0.03771667672754459
2013,PER.10.9_1,Pachitea,2655,2647.0304,261.0,0.09830508474576272,0.09860105782788421
2013,PER.10.10_1,Puerto Inca,9819,9814.2188,191.0,0.0194520826968123,0.019461559261818723
2013,PER.10.11_1,Yarowilca,752,746.4216,0.0,0.0,0.0
2013,PER.11.1_1,Chincha,2899,2905.713,8075.0,2.7854432562952742,2.779008104498891
2013,PER.11.2_1,Ica,7867,7864.1979,16276.0,2.0688953857887378,2.0696325669147293
2013,PER.11.3_1,Nazca,5224,5209.8162,5789.0,1.1081546707503829,1.1111716461097314
2013,PER.11.4_1,Palpa,1209,1219.3592,1155.0,0.9553349875930521,0.9472188390967062
2013,PER.11.5_1,Pisco,3979,3968.9444,9890.0,2.485549132947977,2.491846459778322
2013,PER.12.1_1,Chanchamayo,4671,4674.6736,3895.0,0.8338685506315564,0.8332132583691522
2013,PER.12.2_1,Chupaca,1170,1163.9265,2050.0,1.7521367521367521,1.7612796102374686
2013,PER.12.3_1,Concepción,2242,2248.8693,1954.0,0.8715432649420161,0.8688810935403264
2013,PER.12.4_1,Huancayo,3738,3734.3439,9487.0,2.537988228999465,2.5404730549272454
2013,PER.12.5_1,Jauja,4385,4383.5123,3845.0,0.8768529076396807,0.8771505064580597
2013,PER.12.6_1,Junín,2633,2625.8821,1026.0,0.38966957842764904,0.3907258375047643
2013,PER.12.7_1,Satipo,19490,19497.3878,2927.0,0.15017957927142125,0.1501226746966673
2013,PER.12.8_1,Tarma,2663,2663.9461,4558.0,1.7116034547502816,1.7109955508928725
2013,PER.12.9_1,Yauli,3632,3637.3003,8942.0,2.4620044052863435,2.458416776420347
2013,PER.13.1_1,Ascope,2653,2656.16,8208.0,3.0938560120618166,3.0901752803654183
2013,PER.13.2_1,Bolívar,1744,1745.5625,26.0,0.014908256880733946,0.014894912272402604
2013,PER.13.3_1,Chepén,1153,1150.5574,3441.0,2.98438855160451,2.9907244024179254
2013,PER.13.4_1,Gran Chimú,1305,1306.9247,243.0,0.18620689655172415,0.18593267167244476
2013,PER.13.5_1,Julcan,1107,1110.773,185.0,0.16711833785004518,0.16655067903645693
2013,PER.13.6_1,Otuzco,2088,2088.1443,1259.0,0.6029693486590039,0.6029276772339659
2013,PER.13.7_1,Pacasmayo,1119,1119.8766,5381.0,4.80875781948168,4.804993878395988
2013,PER.13.8_1,Pataz,3991,3989.5251,2058.0,0.5156602355299423,0.5158508655542314
2013,PER.13.9_1,Sánchez Carrión,2501,2494.8258,2387.0,0.9544182327069173,0.9567802349322706
2013,PER.13.10_1,Santiago de Chuco,2668,2671.5263,2528.0,0.9475262368815592,0.9462755270328508
2013,PER.13.11_1,Trujillo,1767,1766.3122,17805.0,10.076400679117148,10.080324628785458
2013,PER.13.12_1,Viru,3207,3207.8223,3612.0,1.1262862488306828,1.125997537982306
2013,PER.14.1_1,Chiclayo,3211,3211.4229,16041.0,4.9956399875428215,4.994982144170993
2013,PER.14.2_1,Ferreñafe,1705,1705.7385,2605.0,1.5278592375366569,1.527197749030398
2013,PER.14.3_1,Lambayeque,9365,9366.3112,9676.0,1.033208756006407,1.0330641118367438
2013,PER.16.1_1,Barranca,1389,1382.5918,4732.0,3.4067674586033116,3.4225574338961584
2013,PER.16.2_1,Cajatambo,1525,1527.1172,33.0,0.021639344262295083,0.021609343495683882
2013,PER.16.3_1,Cañete,4605,4605.4107,16613.0,3.607600434310532,3.6072786824003824
2013,PER.16.4_1,Canta,1690,1693.223,1269.0,0.750887573964497,0.7494582674040122
2013,PER.16.5_1,Huaral,3664,3664.9371,8974.0,2.449235807860262,2.4486095764284337
2013,PER.16.6_1,Huarochiri,5742,5738.1299,7783.0,1.3554510623476141,1.3563652396934298
2013,PER.16.7_1,Huaura,4947,4942.2427,7597.0,1.5356781888012938,1.5371563973221003
2013,PER.16.8_1,Oyon,1871,1870.9257,1793.0,0.9583110636023516,0.9583491010472479
2013,PER.16.9_1,Yauyos,6916,6912.2907,671.0,0.0970213996529786,0.09707346391832017
2013,PER.15.1_1,Lima,2698,2705.3448,83913.0,31.101927353595254,31.017487944447726
2013,PER.17.1_1,Alto Amazonas,66273,66273.3598,3618.0,0.05459236793264225,0.05459207154723816
2013,PER.17.2_1,Loreto,68509,68480.0481,8046.0,0.1174444233604344,0.11749407627145945
2013,PER.17.3_1,Mariscal Ramón Castilla,38974,38967.2339,1022.0,0.0262226099450916,0.026227163108997024
2013,PER.17.4_1,Maynas,132141,132166.5145,7258.0,0.054926177340870734,0.05491557392510241
2013,PER.17.5_1,Requena,39626,39634.3226,767.0,0.0193559783980215,0.01935191395132672
2013,PER.17.6_1,Ucayali,29932,29924.9451,965.0,0.032239743418415075,0.03224734407487408
2013,PER.18.1_1,Manu,28191,28189.1616,629.0,0.022312085417331772,0.022313540541612498
2013,PER.18.2_1,Tahuamanu,20252,20245.0595,484.0,0.023898874185265654,0.023907067333413856
2013,PER.18.3_1,Tambopata,35907,35901.8019,3888.0,0.10827972261675996,0.10829540021437958
2013,PER.19.1_1,General Sánchez Cerro,5722,5725.7242,1026.0,0.17930793428871025,0.1791913063601548
2013,PER.19.2_1,Ilo,1366,1372.4439,5025.0,3.678623718887262,3.661351723964401
2013,PER.19.3_1,Mariscal Nieto,8656,8657.94,9123.0,1.0539510166358594,1.053714852231024
2013,PER.20.1_1,Daniel Alcides Carrión,1529,1523.3131,297.0,0.19424460431654678,0.19496977109722805
2013,PER.20.2_1,Oxapampa,17693,17695.4834,1422.0,0.08037076810037869,0.08035948890742907
2013,PER.20.3_1,Pasco,4753,4751.908,8358.0,1.7584683357879234,1.7588724333884402
2013,PER.21.1_1,Ayabaca,5206,5197.2449,677.0,0.13004225893200153,0.1302613248147203
2013,PER.21.2_1,Huancabamba,4280,4276.7233,1100.0,0.2570093457943925,0.2572062598787591
2013,PER.21.3_1,Morropón,3810,3811.6782,4638.0,1.2173228346456693,1.2167868666190031
2013,PER.21.4_1,Paita,1747,1750.2889,9426.0,5.395535203205495,5.3853967037302075
2013,PER.21.5_1,Piura,6150,6149.5744,20140.0,3.2747967479674798,3.2750233914252056
2013,PER.21.6_1,Sechura,6472,6478.1826,5300.0,0.818912237330037,0.8181306925804962
2013,PER.21.7_1,Sullana,5263,5254.043,9496.0,1.8042941288238648,1.8073700491029001
2013,PER.21.8_1,Talara,2932,2939.2512,13692.0,4.669849931787176,4.658329324736463
2013,PER.22.1_1,Azángaro,5245,5231.2106,3213.0,0.6125834127740706,0.614198171991855
2013,PER.22.2_1,Carabaya,11680,11690.4688,1289.0,0.11035958904109588,0.11026076245768365
2013,PER.22.3_1,Chucuíto,3940,3941.2265,1209.0,0.3068527918781726,0.30675729797469387
2013,PER.22.4_1,El Collao,5653,5651.7589,1688.0,0.29860251194056253,0.29866808433916264
2013,PER.22.5_1,Huancane,2818,2828.4046,1153.0,0.4091554293825408,0.4076503079770927
2013,PER.22.6_1,Lago Titicaca,5287,5283.4928,1586.0,0.29998108568186116,0.3001802155534167
2013,PER.22.7_1,Lampa,5711,5717.1909,1436.0,0.2514445806338645,0.2511723014033724
2013,PER.22.8_1,Melgar,6535,6541.587,2325.0,0.35577658760520275,0.3554183387103431
2013,PER.22.9_1,Moho,1039,1031.7237,422.0,0.4061597690086622,0.4090242335902041
2013,PER.22.10_1,Puno,6525,6518.8824,4737.0,0.7259770114942529,0.7266582999343727
2013,PER.22.11_1,San Antonio de Putina,3149,3140.0951,1339.0,0.4252143537630994,0.42642020023050464
2013,PER.22.12_1,San Román,2280,2280.1851,7228.0,3.170175438596491,3.1699180992525697
2013,PER.22.13_1,Sandia,12540,12540.8815,576.0,0.045933014354066985,0.04592978586274603
2013,PER.22.14_1,Yunguyo,297,302.7066,920.0,3.0976430976430978,3.0392462995578393
2013,PER.23.1_1,Bellavista,7793,7790.7683,812.0,0.10419607339920442,0.10422592133598738
2013,PER.23.2_1,El Dorado,1319,1318.8251,125.0,0.09476876421531463,0.09478133450975272
2013,PER.23.3_1,Huallaga,2365,2359.6027,332.0,0.14038054968287528,0.14070165109186125
2013,PER.23.4_1,Lamas,5011,5010.8022,1330.0,0.2654160846138495,0.26542656408446835
2013,PER.23.5_1,Mariscal Cáceres,14425,14434.6489,956.0,0.06627383015597921,0.0662295290354037
2013,PER.23.6_1,Moyobamba,3795,3794.5532,2873.0,0.7570487483530962,0.7571378837030882
2013,PER.23.7_1,Picota,2126,2134.7792,518.0,0.2436500470366886,0.24264803966615986
2013,PER.23.8_1,Rioja,2593,2598.5485,2351.0,0.9066718087157732,0.9047358686565775
2013,PER.23.9_1,San Martín,4817,4823.345,4047.0,0.8401494706248702,0.8390442795634712
2013,PER.23.10_1,Tocache,6111,6102.5482,1751.0,0.28653248240877105,0.2869293206576621
2013,PER.24.1_1,Candarave,2305,2304.2136,845.0,0.3665943600867679,0.36671948101686075
2013,PER.24.2_1,Jorge Basadre,2750,2746.7382,4015.0,1.46,1.4617337628142233
2013,PER.24.3_1,Tacna,8159,8162.2685,11652.0,1.4281161907096458,1.427544322623913
2013,PER.24.4_1,Tarata,2788,2785.0639,532.0,0.1908177905308465,0.19101895443597972
2013,PER.25.1_1,Contralmirante Villar,2134,2127.3485,1191.0,0.5581068416119962,0.5598518489429632
2013,PER.25.2_1,Tumbes,1785,1786.2221,5535.0,3.100840336134454,3.098718848464717
2013,PER.25.3_1,Zarumilla,721,728.412,3628.0,5.031900138696256,4.980697484135186
2013,PER.26.1_1,Atalaya,38581,38583.1679,806.0,0.02089111220548975,0.020889938377123274
2013,PER.26.2_1,Coronel Portillo,39067,39060.4079,9174.0,0.2348273478895231,0.23486697872415674
2013,PER.26.3_1,Padre Abad,9291,9288.8146,1368.0,0.147239263803681,0.1472739048342121
2013,PER.26.4_1,Purús,18173,18145.6829,33.0,0.0018158807021405382,0.001818614389486758
2014,PER.1.1_1,Bagua,5897,5891.871,865.8166675567627,0.14682324360806556,0.14695105684274998
2014,PER.1.2_1,Bongará,2824,2829.7375,224.5,0.07949716713881019,0.07933598175693869
2014,PER.1.3_1,Chachapoyas,2999,2997.3637,1188.0753948688507,0.3961571840176228,0.39637344629219873
2014,PER.1.4_1,Condorcanqui,17948,17952.2232,22.0,0.0012257633162469357,0.001225474957159576
2014,PER.1.5_1,Luya,3367,3359.4489,278.0833349227905,0.08259083306290185,0.08277647318595177
2014,PER.1.6_1,Rodríguez de Mendoza,2682,2681.7449,174.0,0.06487695749440715,0.06488312936708247
2014,PER.1.7_1,Utcubamba,3871,3870.408,1941.4904780387878,0.5015475272639597,0.5016242357330256
2014,PER.2.1_1,Aija,696,697.1118,209.8333339691162,0.30148467524298306,0.30100384483474985
2014,PER.2.2_1,Antonio Raymondi,559,561.5141,141.0,0.2522361359570662,0.25110677575736556
2014,PER.2.3_1,Asunción,524,524.8509,67.0,0.12786259541984732,0.1276553008485358
2014,PER.2.4_1,Bolognesi,3069,3067.2607,1198.8690493106842,0.39063833473792253,0.39085984419537995
2014,PER.2.5_1,Carhuaz,817,816.2705,1511.5606055259705,1.8501353800807472,1.851788823708957
2014,PER.2.6_1,Carlos Fermin Fitzcarrald,628,627.065,76.0,0.12101910828025478,0.12119955916537849
2014,PER.2.7_1,Casma,2274,2279.5761,2731.4420623779297,1.2011618568064775,1.1982236775952742
2014,PER.2.8_1,Corongo,1016,1015.6517,145.83333349227905,0.1435367455632668,0.14358597569297774
2014,PER.2.9_1,Huaraz,2499,2501.0478,4452.3773312568665,1.7816635979419233,1.7802048109877409
2014,PER.2.10_1,Huari,2799,2790.2845,3596.6399985551834,1.2849732041997797,1.2889868311380674
2014,PER.2.11_1,Huarmey,3927,3933.9868,1374.1114406585693,0.34991378677325424,0.3492923369939798
2014,PER.2.12_1,Huaylas,2277,2284.0483,2151.2000024318695,0.9447518675590116,0.941836488661831
2014,PER.2.13_1,Mariscal Luzuriaga,731,733.0131,141.0,0.19288645690834474,0.1923567347845263
2014,PER.2.14_1,Ocros,1943,1949.2401,78.0,0.04014410705095214,0.040015594029091724
2014,PER.2.15_1,Pallasca,2067,2063.679,891.6666679382324,0.4313820357707946,0.4320762485128532
2014,PER.2.16_1,Pomabamba,923,923.2323,268.5833349227905,0.29098952862707533,0.2909163223029294
2014,PER.2.17_1,Recuay,2322,2318.0851,655.266664981842,0.282199252791491,0.2826758502431115
2014,PER.2.18_1,Santa,3997,3987.845,14813.702796936035,3.7062053532489454,3.714713778568772
2014,PER.2.19_1,Sihuas,1459,1456.9158,238.0,0.16312542837559973,0.16335879175204623
2014,PER.2.20_1,Yungay,1370,1362.6156,1272.1213202476501,0.9285557082099636,0.9335878240586964
2014,PER.3.1_1,Abancay,3469,3461.1924,2679.0846338272095,0.7722930625042402,0.7740351718490974
2014,PER.3.2_1,Andahuaylas,4011,4018.7208,3260.350001335144,0.8128521569023047,0.8112905024802435
2014,PER.3.3_1,Antabamba,3217,3220.4249,241.50000047683716,0.07506994108698699,0.07499010427582466
2014,PER.3.4_1,Aymaraes,4129,4128.1482,1090.0166697502136,0.2639904746307129,0.2640449456962481
2014,PER.3.5_1,Chincheros,1523,1523.0751,782.3666676282883,0.5137010293028813,0.513675704927257
2014,PER.3.6_1,Cotabambas,2622,2621.0521,5208.281362056732,1.9863773310666408,1.9870956714216497
2014,PER.3.7_1,Grau,2128,2129.1362,262.3333339691162,0.12327694265465987,0.12321115621996577
2014,PER.4.1_1,Arequipa,10399,10401.7538,39765.9156485796,3.824013429039292,3.8230010437069084
2014,PER.4.2_1,Camaná,4592,4594.9288,3926.03084731102,0.8549718744144207,0.8544269172237902
2014,PER.4.3_1,Caravelí,13035,13027.441,3123.7873091697693,0.23964613035441268,0.23978518266520574
2014,PER.4.4_1,Castilla,7621,7620.9932,3563.098484992981,0.4675368698324342,0.46753728931888755
2014,PER.4.5_1,Caylloma,12048,12035.9001,2092.458735227585,0.1736768538535512,0.17385145355523626
2014,PER.4.6_1,Condesuyos,6838,6852.1717,1239.3857152462006,0.18124973899476463,0.18087487626822896
2014,PER.4.7_1,Islay,3849,3849.9051,4445.825252532959,1.1550598213907401,1.154788284587681
2014,PER.4.8_1,La Unión,4893,4893.6009,427.33333349227905,0.08733564959989354,0.08732492471850763
2014,PER.5.1_1,Cangallo,1872,1872.5839,405.00000071525574,0.21634615422823492,0.21627869935098806
2014,PER.5.2_1,Huamanga,2955,2958.2366,5863.065097093582,1.9841167841264238,1.9819459965771384
2014,PER.5.3_1,Huanca Sancos,2830,2831.2856,215.66666746139526,0.07620730298989233,0.0761726993779875
2014,PER.5.4_1,Huanta,3810,3814.0301,2179.753573536873,0.5721137988285756,0.5715092753213901
2014,PER.5.5_1,La Mar,4318,4312.4371,1521.6999995708466,0.35240852236471665,0.35286312085635513
2014,PER.5.6_1,Lucanas,14484,14477.3422,2834.7666687965393,0.19571711328338437,0.19580711895836153
2014,PER.5.7_1,Parinacochas,5934,5950.4746,2027.9170668125153,0.3417453769485196,0.3407992153598954
2014,PER.5.8_1,Paucar del Sara Sara,2090,2081.7527,634.000002861023,0.30334928366556124,0.30455106009156374
2014,PER.5.9_1,Sucre,1781,1786.8708,88.0,0.049410443571027515,0.049248105414511974
2014,PER.5.10_1,Victor Fajardo,2276,2265.2791,631.1833338737488,0.2773213241976049,0.2786338060587189
2014,PER.5.11_1,Vilcas Huamán,1214,1205.7813,161.4166669845581,0.13296265814214012,0.1338689414283119
2014,PER.6.1_1,Cajabamba,1792,1788.6443,958.2658762931824,0.534746582752892,0.5357498284631277
2014,PER.6.2_1,Cajamarca,2977,2977.7902,11973.040122747421,4.021847538712604,4.020780252982658
2014,PER.6.3_1,Celendín,2582,2580.2493,1081.2666696310043,0.4187709797176624,0.4190551187772228
2014,PER.6.4_1,Chota,3840,3836.4892,1471.666666984558,0.383246527860562,0.3835972383992357
2014,PER.6.5_1,Contumazá,2062,2060.9532,927.0000009536743,0.44956353101536095,0.44979187741572224
2014,PER.6.6_1,Cutervo,3025,3030.0606,807.7515878677368,0.26702531830338405,0.2665793469768019
2014,PER.6.7_1,Hualgayoc,785,783.6578,2810.455284833908,3.580197815075042,3.586329862744551
2014,PER.6.8_1,Jaén,5027,5025.2434,2737.801043987274,0.5446192647677092,0.5448096376797686
2014,PER.6.9_1,San Ignacio,4891,4894.3699,859.4071435928345,0.17571194921137487,0.1755909679931315
2014,PER.6.10_1,San Marcos,1343,1348.0813,469.9166660308838,0.34990071930817856,0.3485818405160202
2014,PER.6.11_1,San Miguel,2530,2527.3116,1107.7179288864136,0.43783317347289075,0.4382989148844659
2014,PER.6.12_1,San Pablo,666,665.0983,346.1666669845581,0.5197697702470843,0.5204744197770225
2014,PER.6.13_1,Santa Cruz,1382,1383.2844,940.0666666030884,0.6802219005811059,0.67959031765898
2014,PER.7.1_1,Callao,164,160.8378,9030.97790145874,55.0669384235289,56.14961540049143
2014,PER.8.1_1,Acomayo,935,932.9494,332.3333339691162,0.3554367208225842,0.3562179534775765
2014,PER.8.2_1,Anta,1928,1932.7747,2468.240876197815,1.2802079233391157,1.2770452961060261
2014,PER.8.3_1,Calca,3559,3559.4921,1477.2119026184082,0.4150637545991594,0.4150063735519216
2014,PER.8.4_1,Canas,2139,2134.9741,297.0,0.1388499298737728,0.13911175822996988
2014,PER.8.5_1,Canchis,3953,3950.2571,2375.4310426712036,0.6009185536734641,0.601335814868052
2014,PER.8.6_1,Chumbivilcas,5329,5334.9773,2992.7366995811462,0.5615944266431124,0.5609652149843022
2014,PER.8.7_1,Cusco,530,530.1969,7794.412908554077,14.706439450102032,14.70097704389372
2014,PER.8.8_1,Espinar,5235,5235.9122,6003.567702293396,1.1468133146692256,1.1466135153595238
2014,PER.8.9_1,La Convención,31674,31679.4986,9530.830347061157,0.30090390689717617,0.3008516794864161
2014,PER.8.10_1,Paruro,1966,1966.4681,185.0,0.09409969481180061,0.09407729394831008
2014,PER.8.11_1,Paucartambo,5708,5714.5208,410.0,0.07182901191310441,0.07174704894670889
2014,PER.8.12_1,Quispicanchi,7819,7811.3434,2109.650001525879,0.26981071767820425,0.270075184675375
2014,PER.8.13_1,Urubamba,1463,1459.7168,3016.6000022888184,2.0619275477025414,2.0665651884352467
2014,PER.9.1_1,Acobamba,921,927.3542,868.9976177215576,0.9435370442145034,0.9370719519082923
2014,PER.9.2_1,Angaraes,1942,1944.836,1039.0928587913513,0.535063264053219,0.5342830246135319
2014,PER.9.3_1,Castrovirreyna,3960,3958.9592,528.1000008583069,0.13335858607533002,0.1333936466517578
2014,PER.9.4_1,Churcampa,1068,1062.7849,1078.2777798175812,1.0096233893423046,1.0145776089762846
2014,PER.9.5_1,Huancavelica,3999,3992.4364,2307.641340494156,0.5770545987732323,0.5780032773423893
2014,PER.9.6_1,Huaytara,6463,6465.2905,652.0000007152557,0.10088194348062134,0.10084620327646755
2014,PER.9.7_1,Tayacaja,3735,3730.9345,3136.432868361473,0.8397410624796448,0.8406561128348715
2014,PER.10.1_1,Ambo,1571,1576.1231,616.5,0.39242520687460214,0.3911496595989244
2014,PER.10.2_1,Dos de Mayo,1342,1335.5805,149.0,0.11102831594634874,0.11156197750721876
2014,PER.10.3_1,Huacaybamba,1763,1765.4566,11.0,0.006239364719228588,0.006230682651576615
2014,PER.10.4_1,Huamalíes,3158,3166.8282,154.5,0.04892336922102596,0.04878698478372091
2014,PER.10.5_1,Huenuco,4107,4110.2577,5655.131044387817,1.37694936556801,1.3758580187894072
2014,PER.10.6_1,Lauricocha,2076,2083.3213,264.6333341598511,0.12747270431592056,0.1270247355121556
2014,PER.10.7_1,Leoncio Prado,4962,4958.1773,2203.4000005722046,0.4440548167215245,0.4443971792531522
2014,PER.10.8_1,Marañón,4875,4878.4786,186.33333349227905,0.03822222225482647,0.038194967950511124
2014,PER.10.9_1,Pachitea,2655,2647.0304,287.5,0.10828625235404897,0.1086122763429759
2014,PER.10.10_1,Puerto Inca,9819,9814.2188,350.0,0.03564517771667176,0.035662543149929594
2014,PER.10.11_1,Yarowilca,752,746.4216,0.0,0.0,0.0
2014,PER.11.1_1,Chincha,2899,2905.713,8980.934045791626,3.09794206477807,3.090784953464389
2014,PER.11.2_1,Ica,7867,7864.1979,17524.489603042603,2.2275949667017416,2.2283886950734546
2014,PER.11.3_1,Nazca,5224,5209.8162,6610.877144098282,1.265481842285276,1.2689271443145427
2014,PER.11.4_1,Palpa,1209,1219.3592,1252.831349849701,1.036254218237966,1.0274506119381759
2014,PER.11.5_1,Pisco,3979,3968.9444,10496.400218248367,2.637949288325802,2.6446327324831747
2014,PER.12.1_1,Chanchamayo,4671,4674.6736,3975.7162342071533,0.8511488405495939,0.8504799686405333
2014,PER.12.2_1,Chupaca,1170,1163.9265,2221.7231817245483,1.8989087023286737,1.9088174339333468
2014,PER.12.3_1,Concepción,2242,2248.8693,2008.3819417953491,0.8957992603904322,0.8930629978678543
2014,PER.12.4_1,Huancayo,3738,3734.3439,10080.842281341553,2.6968545428950113,2.6994949074227383
2014,PER.12.5_1,Jauja,4385,4383.5123,4095.4000022411346,0.933956670978594,0.9342736504848245
2014,PER.12.6_1,Junín,2633,2625.8821,1082.0,0.41093809342954807,0.41205200407422515
2014,PER.12.7_1,Satipo,19490,19497.3878,2981.2865076065063,0.15296493112398699,0.15290697115099927
2014,PER.12.8_1,Tarma,2663,2663.9461,4770.672704458237,1.7914655292745914,1.7908292611000682
2014,PER.12.9_1,Yauli,3632,3637.3003,10103.855437994003,2.781898523676763,2.7778447456151207
2014,PER.13.1_1,Ascope,2653,2656.16,8771.3757314682,3.306210226712477,3.302276859183744
2014,PER.13.2_1,Bolívar,1744,1745.5625,28.0,0.016055045871559634,0.016040674754895113
2014,PER.13.3_1,Chepén,1153,1150.5574,3655.718626976013,3.170614594081538,3.177345802403637
2014,PER.13.4_1,Gran Chimú,1305,1306.9247,274.5,0.2103448275862069,0.2100350550373913
2014,PER.13.5_1,Julcan,1107,1110.773,191.0,0.17253839205058719,0.17195232268088256
2014,PER.13.6_1,Otuzco,2088,2088.1443,1346.4976210594177,0.6448743395878438,0.6448297720940552
2014,PER.13.7_1,Pacasmayo,1119,1119.8766,5577.42573595047,4.984294670197024,4.980393331806401
2014,PER.13.8_1,Pataz,3991,3989.5251,2226.1690472364426,0.5577973057470414,0.5580035130646053
2014,PER.13.9_1,Sánchez Carrión,2501,2494.8258,2429.934962272644,0.9715853507687501,0.973989838321474
2014,PER.13.10_1,Santiago de Chuco,2668,2671.5263,2593.8333349227905,0.9722013998960984,0.9709181194776269
2014,PER.13.11_1,Trujillo,1767,1766.3122,18576.938553333282,10.513264602905084,10.517358676023566
2014,PER.13.12_1,Viru,3207,3207.8223,3753.471832752228,1.1703996983948324,1.1700996795584004
2014,PER.14.1_1,Chiclayo,3211,3211.4229,17184.60039126873,5.351790841254665,5.351086098690927
2014,PER.14.2_1,Ferreñafe,1705,1705.7385,2817.891670227051,1.652722387229942,1.652006839071885
2014,PER.14.3_1,Lambayeque,9365,9366.3112,10712.034508347511,1.1438371071380151,1.1436769755405718
2014,PER.16.1_1,Barranca,1389,1382.5918,4829.795841217041,3.477174831689734,3.493291137057932
2014,PER.16.2_1,Cajatambo,1525,1527.1172,28.0,0.018360655737704918,0.018335200541792385
2014,PER.16.3_1,Cañete,4605,4605.4107,17972.04406642914,3.902724010082332,3.902375936916277
2014,PER.16.4_1,Canta,1690,1693.223,1301.0833333730698,0.7698717948953075,0.768406352070936
2014,PER.16.5_1,Huaral,3664,3664.9371,9255.421232938766,2.526042912919969,2.525397043108193
2014,PER.16.6_1,Huarochiri,5742,5738.1299,8132.602786898613,1.416336256861479,1.4172914979292295
2014,PER.16.7_1,Huaura,4947,4942.2427,8022.270177721977,1.6216434561799025,1.6232044128908307
2014,PER.16.8_1,Oyon,1871,1870.9257,2052.4730191230774,1.0969925275911692,1.0970360696042007
2014,PER.16.9_1,Yauyos,6916,6912.2907,807.5738115310669,0.116768914333584,0.11683157564089615
2014,PER.15.1_1,Lima,2698,2705.3448,85692.76510810852,31.76158825356135,31.675357914353516
2014,PER.17.1_1,Alto Amazonas,66273,66273.3598,3731.059524536133,0.056298334533462085,0.056298028886257866
2014,PER.17.2_1,Loreto,68509,68480.0481,7657.3666639328,0.11177168932450919,0.11181894392874117
2014,PER.17.3_1,Mariscal Ramón Castilla,38974,38967.2339,748.0,0.019192282034176632,0.01919561448681974
2014,PER.17.4_1,Maynas,132141,132166.5145,7846.328770160675,0.05937845763359347,0.059366994711823697
2014,PER.17.5_1,Requena,39626,39634.3226,793.0500001907349,0.020013375061594278,0.020009172572087015
2014,PER.17.6_1,Ucayali,29932,29924.9451,950.5000009536743,0.03175531207248678,0.03176279852219822
2014,PER.18.1_1,Manu,28191,28189.1616,629.0,0.022312085417331772,0.022313540541612498
2014,PER.18.2_1,Tahuamanu,20252,20245.0595,472.0,0.023306340114556588,0.02331433012680029
2014,PER.18.3_1,Tambopata,35907,35901.8019,4591.081815242767,0.12786035634396545,0.1278788689811409
2014,PER.19.1_1,General Sánchez Cerro,5722,5725.7242,1093.5,0.19110450891296749,0.1909802080943755
2014,PER.19.2_1,Ilo,1366,1372.4439,5165.038331985474,3.781140799403714,3.7633874629168615
2014,PER.19.3_1,Mariscal Nieto,8656,8657.94,10047.394967794418,1.1607434112516657,1.1604833173074898
2014,PER.20.1_1,Daniel Alcides Carrión,1529,1523.3131,338.0,0.2210595160235448,0.22188479000290598
2014,PER.20.2_1,Oxapampa,17693,17695.4834,1422.6190490722656,0.08040575646144044,0.08039447235824192
2014,PER.20.3_1,Pasco,4753,4751.908,8955.268406152725,1.8841296878082738,1.8845626625001748
2014,PER.21.1_1,Ayabaca,5206,5197.2449,744.2333335876465,0.14295684471526057,0.14319766618080135
2014,PER.21.2_1,Huancabamba,4280,4276.7233,1264.8547627925873,0.2955268137365858,0.2957532389342877
2014,PER.21.3_1,Morropón,3810,3811.6782,5349.148470282555,1.403975976452114,1.403357827993735
2014,PER.21.4_1,Paita,1747,1750.2889,10372.947463870049,5.937577254647996,5.926420229141987
2014,PER.21.5_1,Piura,6150,6149.5744,22694.86725473404,3.690222317842933,3.6904777122415053
2014,PER.21.6_1,Sechura,6472,6478.1826,6080.606792211533,0.9395251533083332,0.9386284992871115
2014,PER.21.7_1,Sullana,5263,5254.043,10406.291762828827,1.9772547525800546,1.9806255322623254
2014,PER.21.8_1,Talara,2932,2939.2512,14675.182277441025,5.005178130095848,4.992830262113377
2014,PER.22.1_1,Azángaro,5245,5231.2106,3773.070939064026,0.7193652886680697,0.7212615230528218
2014,PER.22.2_1,Carabaya,11680,11690.4688,1313.8333339691162,0.11248573064804077,0.11238500011307624
2014,PER.22.3_1,Chucuíto,3940,3941.2265,1380.4283579587936,0.35036252740070906,0.3502534930811274
2014,PER.22.4_1,El Collao,5653,5651.7589,1910.1102139949799,0.3378931919325986,0.3379673924707042
2014,PER.22.5_1,Huancane,2818,2828.4046,1483.378571510315,0.5263940991874787,0.5244577029686034
2014,PER.22.6_1,Lago Titicaca,5287,5283.4928,1643.785062789917,0.31091073629466937,0.31111712135672376
2014,PER.22.7_1,Lampa,5711,5717.1909,1574.2583346366882,0.27565370944435097,0.2753552151212655
2014,PER.22.8_1,Melgar,6535,6541.587,2783.6523393392563,0.4259605722018755,0.42553165161080375
2014,PER.22.9_1,Moho,1039,1031.7237,512.0166673660278,0.49279756243121065,0.4962730449165877
2014,PER.22.10_1,Puno,6525,6518.8824,5378.055810213089,0.8242231126763355,0.8249965995359128
2014,PER.22.11_1,San Antonio de Putina,3149,3140.0951,1752.564193725586,0.5565462666642064,0.5581245514602519
2014,PER.22.12_1,San Román,2280,2280.1851,8824.534882068634,3.870410035995015,3.870095855029746
2014,PER.22.13_1,Sandia,12540,12540.8815,658.1666669845581,0.05248538014230926,0.05248169110520491
2014,PER.22.14_1,Yunguyo,297,302.7066,942.9535727500916,3.1749278543774127,3.1150740832995214
2014,PER.23.1_1,Bellavista,7793,7790.7683,850.8772751092911,0.10918481651601322,0.10921609352477865
2014,PER.23.2_1,El Dorado,1319,1318.8251,135.66666722297668,0.10285569918345465,0.10286934214307407
2014,PER.23.3_1,Huallaga,2365,2359.6027,338.6666669845581,0.14319943635710702,0.14352698558585802
2014,PER.23.4_1,Lamas,5011,5010.8022,1406.150001525879,0.2806126524697424,0.28062373194916085
2014,PER.23.5_1,Mariscal Cáceres,14425,14434.6489,1062.977816581726,0.07368996995367252,0.0736407114720601
2014,PER.23.6_1,Moyobamba,3795,3794.5532,3109.0407354831696,0.8192465706148009,0.8193430291717437
2014,PER.23.7_1,Picota,2126,2134.7792,545.8333333730698,0.25674192538714474,0.2556860778521639
2014,PER.23.8_1,Rioja,2593,2598.5485,2525.16593337059,0.9738395423719978,0.9717601847001438
2014,PER.23.9_1,San Martín,4817,4823.345,4315.851046800613,0.8959624344614103,0.8947838231445696
2014,PER.23.10_1,Tocache,6111,6102.5482,1765.2500009536743,0.28886434314411297,0.2892644109449315
2014,PER.24.1_1,Candarave,2305,2304.2136,878.5833339691162,0.3811641362121979,0.3812942298972989
2014,PER.24.2_1,Jorge Basadre,2750,2746.7382,3922.6545515060425,1.4264198369112882,1.428113722987115
2014,PER.24.3_1,Tacna,8159,8162.2685,11562.609230041504,1.4171600968306783,1.4165926159513047
2014,PER.24.4_1,Tarata,2788,2785.0639,537.9166669845581,0.19293998098441825,0.19314338214488228
2014,PER.25.1_1,Contralmirante Villar,2134,2127.3485,1631.4142866134644,0.7644865448048099,0.7668768301868291
2014,PER.25.2_1,Tumbes,1785,1786.2221,6252.21758890152,3.50264290694763,3.5002465198612045
2014,PER.25.3_1,Zarumilla,721,728.412,4004.673532485962,5.55433222258802,5.497813502766152
2014,PER.26.1_1,Atalaya,38581,38583.1679,700.0,0.01814364583603328,0.018142626382116986
2014,PER.26.2_1,Coronel Portillo,39067,39060.4079,9405.211216449738,0.2407456732395561,0.2407863028853391
2014,PER.26.3_1,Padre Abad,9291,9288.8146,1422.4166688919067,0.1530961865129595,0.153132205503643
2014,PER.26.4_1,Purús,18173,18145.6829,36.0,0.0019809607659714962,0.0019839429703491906
2015,PER.1.1_1,Bagua,5897,5891.871,927.8166675567627,0.1573370641948046,0.1574740299681815
2015,PER.1.2_1,Bongará,2824,2829.7375,256.50000047683716,0.09082861206686868,0.09064445148545709
2015,PER.1.3_1,Chachapoyas,2999,2997.3637,1209.326753616333,0.4032433323162164,0.40346346292036167
2015,PER.1.4_1,Condorcanqui,17948,17952.2232,29.0,0.0016157789168709605,0.0016153988071648958
2015,PER.1.5_1,Luya,3367,3359.4489,283.8333353996277,0.08429858491227434,0.08448806356378678
2015,PER.1.6_1,Rodríguez de Mendoza,2682,2681.7449,198.0,0.0738255033557047,0.07383252652116282
2015,PER.1.7_1,Utcubamba,3871,3870.408,1958.109525680542,0.5058407454612611,0.5059181105504427
2015,PER.2.1_1,Aija,696,697.1118,178.3333339691162,0.25622605455332786,0.2558174059932922
2015,PER.2.2_1,Antonio Raymondi,559,561.5141,149.0,0.26654740608228983,0.26535396870813804
2015,PER.2.3_1,Asunción,524,524.8509,77.5,0.14790076335877864,0.14766098232479888
2015,PER.2.4_1,Bolognesi,3069,3067.2607,1122.5190541744232,0.3657605259610372,0.3659679285850509
2015,PER.2.5_1,Carhuaz,817,816.2705,1506.5606055259705,1.8440154290403554,1.845663403342287
2015,PER.2.6_1,Carlos Fermin Fitzcarrald,628,627.065,61.0,0.09713375796178345,0.09727859354063274
2015,PER.2.7_1,Casma,2274,2279.5761,2524.949213027954,1.1103558544538057,1.107639797104742
2015,PER.2.8_1,Corongo,1016,1015.6517,121.83333349227905,0.1199146983191723,0.11995582657611678
2015,PER.2.9_1,Huaraz,2499,2501.0478,4438.940511584282,1.7762867193214413,1.7748323348371722
2015,PER.2.10_1,Huari,2799,2790.2845,3608.5308371782303,1.2892214495099072,1.2932483458858466
2015,PER.2.11_1,Huarmey,3927,3933.9868,1370.628366470337,0.3490268312886012,0.34840695674960315
2015,PER.2.12_1,Huaylas,2277,2284.0483,1760.2000024318695,0.7730346958418399,0.770649213350158
2015,PER.2.13_1,Mariscal Luzuriaga,731,733.0131,169.0,0.23119015047879618,0.2305552353091131
2015,PER.2.14_1,Ocros,1943,1949.2401,79.0,0.040658775090066906,0.04052861446536213
2015,PER.2.15_1,Pallasca,2067,2063.679,748.6666679382324,0.3621996458336877,0.3627825250183936
2015,PER.2.16_1,Pomabamba,923,923.2323,244.58333492279053,0.26498736177983806,0.2649206970074232
2015,PER.2.17_1,Recuay,2322,2318.0851,640.266664981842,0.27573930447107753,0.2762049919189448
2015,PER.2.18_1,Santa,3997,3987.845,14885.591895103455,3.724191117113699,3.732740832786886
2015,PER.2.19_1,Sihuas,1459,1456.9158,238.0,0.16312542837559973,0.16335879175204623
2015,PER.2.20_1,Yungay,1370,1362.6156,1249.1213202476501,0.9117673870420804,0.9167085220522102
2015,PER.3.1_1,Abancay,3469,3461.1924,3024.4821496009827,0.871859945114149,0.8738266536494618
2015,PER.3.2_1,Andahuaylas,4011,4018.7208,3331.516669511795,0.8305950310425817,0.8289992889483331
2015,PER.3.3_1,Antabamba,3217,3220.4249,362.50000047683716,0.11268262371054932,0.11256278584708235
2015,PER.3.4_1,Aymaraes,4129,4128.1482,1104.3000062704086,0.2674497472197647,0.2675049320620533
2015,PER.3.5_1,Chincheros,1523,1523.0751,787.3666676282883,0.5169840233934919,0.5169585371731938
2015,PER.3.6_1,Cotabambas,2622,2621.0521,6021.613491177559,2.2965726510974673,2.297403168435584
2015,PER.3.7_1,Grau,2128,2129.1362,302.88888931274414,0.14233500437628954,0.1422590476542258
2015,PER.4.1_1,Arequipa,10399,10401.7538,40222.82970428467,3.867951697690611,3.8669276799569463
2015,PER.4.2_1,Camaná,4592,4594.9288,4000.3599631786346,0.8711585285667759,0.8706032540384215
2015,PER.4.3_1,Caravelí,13035,13027.441,3511.7706542015076,0.26941086721914137,0.26956719022583536
2015,PER.4.4_1,Castilla,7621,7620.9932,3369.93181848526,0.442190239927209,0.44219063667199526
2015,PER.4.5_1,Caylloma,12048,12035.9001,2166.5420694351196,0.17982586897701855,0.18000665036718078
2015,PER.4.6_1,Condesuyos,6838,6852.1717,1214.6000001430511,0.1776250365813178,0.1772576705046373
2015,PER.4.7_1,Islay,3849,3849.9051,4651.573781490326,1.2085148821746754,1.2082307789087856
2015,PER.4.8_1,La Unión,4893,4893.6009,356.83333349227905,0.07292731115722033,0.07291835563029017
2015,PER.5.1_1,Cangallo,1872,1872.5839,419.00000071525574,0.22382478670686737,0.2237550000560902
2015,PER.5.2_1,Huamanga,2955,2958.2366,5945.565097093582,2.012035565852312,2.009834232851143
2015,PER.5.3_1,Huanca Sancos,2830,2831.2856,209.66666746139526,0.07408716164713613,0.07405352073231321
2015,PER.5.4_1,Huanta,3810,3814.0301,2219.7869077920914,0.5826212356409689,0.5820056094605628
2015,PER.5.5_1,La Mar,4318,4312.4371,1452.8666678667068,0.3364675006638969,0.3369015356221346
2015,PER.5.6_1,Lucanas,14484,14477.3422,3059.7333374023438,0.21124919479441756,0.2113463433066088
2015,PER.5.7_1,Parinacochas,5934,5950.4746,1975.167067527771,0.3328559264455293,0.3319343763284194
2015,PER.5.8_1,Paucar del Sara Sara,2090,2081.7527,791.8833385705948,0.3788915495553085,0.38039260117067725
2015,PER.5.9_1,Sucre,1781,1786.8708,88.0,0.049410443571027515,0.049248105414511974
2015,PER.5.10_1,Victor Fajardo,2276,2265.2791,689.6833342313766,0.3030243120524502,0.3044584387435589
2015,PER.5.11_1,Vilcas Huamán,1214,1205.7813,161.4166669845581,0.13296265814214012,0.1338689414283119
2015,PER.6.1_1,Cajabamba,1792,1788.6443,1238.299211025238,0.6910151847239051,0.692311608192781
2015,PER.6.2_1,Cajamarca,2977,2977.7902,12263.387879133224,4.119377856611765,4.118284689066179
2015,PER.6.3_1,Celendín,2582,2580.2493,1158.3000048398972,0.44860573386518093,0.4489101160155864
2015,PER.6.4_1,Chota,3840,3836.4892,1530.666666984558,0.39861111119389536,0.3989758819285672
2015,PER.6.5_1,Contumazá,2062,2060.9532,934.8333349227905,0.4533624320673087,0.45359270804006785
2015,PER.6.6_1,Cutervo,3025,3030.0606,873.8349022865295,0.2888710420781916,0.28838858519857685
2015,PER.6.7_1,Hualgayoc,785,783.6578,2857.385843038559,3.6399819656542154,3.6462164096940275
2015,PER.6.8_1,Jaén,5027,5025.2434,2725.384380340576,0.5421492700100609,0.5423387795297926
2015,PER.6.9_1,San Ignacio,4891,4894.3699,843.9071445465088,0.17254286332989344,0.17242406409114766
2015,PER.6.10_1,San Marcos,1343,1348.0813,593.3333344459534,0.441796972781797,0.4401317099638361
2015,PER.6.11_1,San Miguel,2530,2527.3116,1097.384596824646,0.43374885249986006,0.43421024924883184
2015,PER.6.12_1,San Pablo,666,665.0983,333.25000047683716,0.5003753760913471,0.5010537327287248
2015,PER.6.13_1,Santa Cruz,1382,1383.2844,940.9666676521301,0.6808731314414834,0.6802409438544836
2015,PER.7.1_1,Callao,164,160.8378,9126.771466255188,55.651045525946266,56.745206695238565
2015,PER.8.1_1,Acomayo,935,932.9494,432.0000009536743,0.4620320865814699,0.46304761067491845
2015,PER.8.2_1,Anta,1928,1932.7747,3135.988497853279,1.6265500507537756,1.622531819501871
2015,PER.8.3_1,Calca,3559,3559.4921,1756.3095235824585,0.49348399089139044,0.4934157685330692
2015,PER.8.4_1,Canas,2139,2134.9741,392.666667342186,0.18357487954286394,0.1839210454285326
2015,PER.8.5_1,Canchis,3953,3950.2571,2646.6881844997406,0.6695391309131649,0.6700040403353825
2015,PER.8.6_1,Chumbivilcas,5329,5334.9773,3038.156192779541,0.5701175066202929,0.5694787456835052
2015,PER.8.7_1,Cusco,530,530.1969,8642.637541770935,16.306863286360255,16.30080643544432
2015,PER.8.8_1,Espinar,5235,5235.9122,6023.128168106079,1.1505497933344946,1.150349343050612
2015,PER.8.9_1,La Convención,31674,31679.4986,11238.837693214417,0.3548284931872961,0.3547669061721784
2015,PER.8.10_1,Paruro,1966,1966.4681,190.8333339691162,0.09706680262925545,0.09704369543215444
2015,PER.8.11_1,Paucartambo,5708,5714.5208,515.6666667461395,0.09034104182658366,0.09023795507127193
2015,PER.8.12_1,Quispicanchi,7819,7811.3434,2703.7000037431717,0.3457859066048308,0.34612484406873395
2015,PER.8.13_1,Urubamba,1463,1459.7168,3543.6500049829483,2.422180454533799,2.4276283679439596
2015,PER.9.1_1,Acobamba,921,927.3542,1041.4976177215576,1.130833461152614,1.1230850184665189
2015,PER.9.2_1,Angaraes,1942,1944.836,1127.1595273017883,0.5804117030390259,0.5795653356421382
2015,PER.9.3_1,Castrovirreyna,3960,3958.9592,374.33333444595337,0.09452861980958419,0.09455347181197099
2015,PER.9.4_1,Churcampa,1068,1062.7849,1080.9444468021393,1.0121202685413289,1.0170867403557577
2015,PER.9.5_1,Huancavelica,3999,3992.4364,2477.9627707004547,0.6196456040761327,0.6206643023177014
2015,PER.9.6_1,Huaytara,6463,6465.2905,576.333334684372,0.08917427428196997,0.08914268184175578
2015,PER.9.7_1,Tayacaja,3735,3730.9345,3100.599535346031,0.8301471312840779,0.8310517273093443
2015,PER.10.1_1,Ambo,1571,1576.1231,674.3333339691162,0.42923827751057686,0.4278430722436782
2015,PER.10.2_1,Dos de Mayo,1342,1335.5805,196.1666669845581,0.14617486362485702,0.14687745832078755
2015,PER.10.3_1,Huacaybamba,1763,1765.4566,11.0,0.006239364719228588,0.006230682651576615
2015,PER.10.4_1,Huamalíes,3158,3166.8282,138.5,0.043856871437618745,0.04373461095498606
2015,PER.10.5_1,Huenuco,4107,4110.2577,5503.22509598732,1.3399622829284927,1.338900251486022
2015,PER.10.6_1,Lauricocha,2076,2083.3213,309.95000314712524,0.14930154294177517,0.14877686250959313
2015,PER.10.7_1,Leoncio Prado,4962,4958.1773,2249.4000005722046,0.453325272183032,0.45367478215790685
2015,PER.10.8_1,Marañón,4875,4878.4786,188.33333349227905,0.03863247866508288,0.03860493182798443
2015,PER.10.9_1,Pachitea,2655,2647.0304,296.5,0.11167608286252353,0.1120123128197995
2015,PER.10.10_1,Puerto Inca,9819,9814.2188,386.25,0.0393369996944699,0.03935616369045802
2015,PER.10.11_1,Yarowilca,752,746.4216,0.0,0.0,0.0
2015,PER.11.1_1,Chincha,2899,2905.713,10255.339119911194,3.5375436770994115,3.5293709632963135
2015,PER.11.2_1,Ica,7867,7864.1979,18235.038743019104,2.3179151827912934,2.318741093727216
2015,PER.11.3_1,Nazca,5224,5209.8162,6787.737793684006,1.299337249939511,1.302874724057539
2015,PER.11.4_1,Palpa,1209,1219.3592,1247.265881061554,1.0316508528217982,1.0228863548952862
2015,PER.11.5_1,Pisco,3979,3968.9444,10909.186044931412,2.741690385758083,2.748636665836745
2015,PER.12.1_1,Chanchamayo,4671,4674.6736,4091.5495643615723,0.8759472413533659,0.8752588817203056
2015,PER.12.2_1,Chupaca,1170,1163.9265,2227.5981817245483,1.9039300698500412,1.9138650035480518
2015,PER.12.3_1,Concepción,2242,2248.8693,2035.9819440841675,0.9081096985210382,0.9053358331648982
2015,PER.12.4_1,Huancayo,3738,3734.3439,10445.123000144958,2.794307918711867,2.7970436952955726
2015,PER.12.5_1,Jauja,4385,4383.5123,4214.050003767014,0.9610148241201856,0.9613409870074966
2015,PER.12.6_1,Junín,2633,2625.8821,1121.0,0.4257500949487277,0.4269041557922425
2015,PER.12.7_1,Satipo,19490,19497.3878,2951.0365076065063,0.15141285313527483,0.1513554812604717
2015,PER.12.8_1,Tarma,2663,2663.9461,4950.256041288376,1.8589020057410348,1.8582417864030223
2015,PER.12.9_1,Yauli,3632,3637.3003,10252.165338277817,2.8227327473231876,2.8186194656964174
2015,PER.13.1_1,Ascope,2653,2656.16,9455.987482190132,3.56426214933665,3.5600217798378138
2015,PER.13.2_1,Bolívar,1744,1745.5625,30.0,0.017201834862385322,0.01718643723738762
2015,PER.13.3_1,Chepén,1153,1150.5574,3879.39324760437,3.3646081939326713,3.371751250271931
2015,PER.13.4_1,Gran Chimú,1305,1306.9247,273.6666669845581,0.20970625822571504,0.2093974260910787
2015,PER.13.5_1,Julcan,1107,1110.773,207.00000047683716,0.1869918703494464,0.1863567061619683
2015,PER.13.6_1,Otuzco,2088,2088.1443,1362.9142904281616,0.6527367291322613,0.6526916182659493
2015,PER.13.7_1,Pacasmayo,1119,1119.8766,5846.422496795654,5.224684983731595,5.220595485526799
2015,PER.13.8_1,Pataz,3991,3989.5251,2340.9190533161163,0.5865494997033617,0.5867663361737175
2015,PER.13.9_1,Sánchez Carrión,2501,2494.8258,2454.3571380376816,0.981350315089037,0.983778969057138
2015,PER.13.10_1,Santiago de Chuco,2668,2671.5263,2579.966670513153,0.9670039994427111,0.9657275794568921
2015,PER.13.11_1,Trujillo,1767,1766.3122,19987.54744052887,11.311571839574912,11.315976789316537
2015,PER.13.12_1,Viru,3207,3207.8223,3960.09974694252,1.234829980337549,1.2345134455209388
2015,PER.14.1_1,Chiclayo,3211,3211.4229,17920.522449731827,5.580978651426916,5.580243728609556
2015,PER.14.2_1,Ferreñafe,1705,1705.7385,2654.848816871643,1.5570960802766236,1.5564219336439111
2015,PER.14.3_1,Lambayeque,9365,9366.3112,10402.950897097588,1.1108329842068967,1.1106774730251525
2015,PER.16.1_1,Barranca,1389,1382.5918,5217.902808189392,3.7565894947367835,3.774000854927355
2015,PER.16.2_1,Cajatambo,1525,1527.1172,28.0,0.018360655737704918,0.018335200541792385
2015,PER.16.3_1,Cañete,4605,4605.4107,20358.246663093567,4.420900469727159,4.420506181835078
2015,PER.16.4_1,Canta,1690,1693.223,1505.0500057935715,0.8905621336056636,0.8888669579972015
2015,PER.16.5_1,Huaral,3664,3664.9371,9787.678544282913,2.671309646365424,2.670626634113467
2015,PER.16.6_1,Huarochiri,5742,5738.1299,8859.820058465004,1.5429850328221881,1.544025691538037
2015,PER.16.7_1,Huaura,4947,4942.2427,8988.41115808487,1.8169418148544307,1.8186907612757017
2015,PER.16.8_1,Oyon,1871,1870.9257,1834.6396868228912,0.9805663745712941,0.9806052953777592
2015,PER.16.9_1,Yauyos,6916,6912.2907,793.0738115310669,0.11467232671068057,0.11473386293327223
2015,PER.15.1_1,Lima,2698,2705.3448,91042.67916965485,33.74450673449031,33.652892919750116
2015,PER.17.1_1,Alto Amazonas,66273,66273.3598,3046.0535707473755,0.045962210413703554,0.04596196088196822
2015,PER.17.2_1,Loreto,68509,68480.0481,3760.8166637420654,0.05489522053660199,0.054918429024693745
2015,PER.17.3_1,Mariscal Ramón Castilla,38974,38967.2339,754.0,0.019346230820547032,0.019349590004093697
2015,PER.17.4_1,Maynas,132141,132166.5145,7774.328770160675,0.058833585111060724,0.05882222737611036
2015,PER.17.5_1,Requena,39626,39634.3226,707.2166686058044,0.01784728886604261,0.017843541220082755
2015,PER.17.6_1,Ucayali,29932,29924.9451,926.5000009536743,0.030953494619593555,0.030960792037434508
2015,PER.18.1_1,Manu,28191,28189.1616,730.0000004768372,0.025894789134008625,0.025896477910996897
2015,PER.18.2_1,Tahuamanu,20252,20245.0595,476.5,0.023528540391072487,0.02353660657928038
2015,PER.18.3_1,Tambopata,35907,35901.8019,4793.447514533997,0.13349618499273114,0.133515513629908
2015,PER.19.1_1,General Sánchez Cerro,5722,5725.7242,938.6666679382324,0.16404520586127794,0.1639385053261067
2015,PER.19.2_1,Ilo,1366,1372.4439,5061.997149467468,3.7057080157155697,3.6883088537125572
2015,PER.19.3_1,Mariscal Nieto,8656,8657.94,9986.786335229874,1.1537414897446712,1.1534829647582545
2015,PER.20.1_1,Daniel Alcides Carrión,1529,1523.3131,360.0,0.2354480052321779,0.23632699526936732
2015,PER.20.2_1,Oxapampa,17693,17695.4834,1467.6329383850098,0.08294992021618774,0.08293827906633454
2015,PER.20.3_1,Pasco,4753,4751.908,9225.56632065773,1.9409985947102315,1.9414446379279373
2015,PER.21.1_1,Ayabaca,5206,5197.2449,720.2333335876465,0.138346779406002,0.13857983487274625
2015,PER.21.2_1,Huancabamba,4280,4276.7233,1114.6047627925873,0.26042167354966994,0.26062120207357536
2015,PER.21.3_1,Morropón,3810,3811.6782,5392.14847266674,1.4152620663167297,1.4146389487711528
2015,PER.21.4_1,Paita,1747,1750.2889,10824.14727962017,6.195848471448294,6.1842061405003985
2015,PER.21.5_1,Piura,6150,6149.5744,23325.880903720856,3.792826163206643,3.7930886586536405
2015,PER.21.6_1,Sechura,6472,6478.1826,6209.082922458649,0.9593762241128938,0.9584606248378916
2015,PER.21.7_1,Sullana,5263,5254.043,10922.026463031769,2.075247285394598,2.0787851205552763
2015,PER.21.8_1,Talara,2932,2939.2512,15010.724327802658,5.119619484243744,5.106989287301939
2015,PER.22.1_1,Azángaro,5245,5231.2106,3805.4959468841553,0.7255473683287236,0.7274598985678996
2015,PER.22.2_1,Carabaya,11680,11690.4688,1451.3309535980225,0.12425778712311836,0.12414651475729639
2015,PER.22.3_1,Chucuíto,3940,3941.2265,1438.7545498609543,0.3651661294063336,0.3650524881423849
2015,PER.22.4_1,El Collao,5653,5651.7589,1996.7768833637238,0.3532242850457675,0.3533018522553122
2015,PER.22.5_1,Huancane,2818,2828.4046,1613.0452418327332,0.5724078218001182,0.5703021592490005
2015,PER.22.6_1,Lago Titicaca,5287,5283.4928,1682.3952388763428,0.31821358783361886,0.31842482058760563
2015,PER.22.7_1,Lampa,5711,5717.1909,1589.891669869423,0.2783911171194927,0.2780896585676558
2015,PER.22.8_1,Melgar,6535,6541.587,2908.9267171621323,0.4451303316238917,0.4446821080618913
2015,PER.22.9_1,Moho,1039,1031.7237,526.0333333015442,0.5062880974990801,0.5098587227406742
2015,PER.22.10_1,Puno,6525,6518.8824,5653.074463129044,0.8663715652305047,0.8671846060333054
2015,PER.22.11_1,San Antonio de Putina,3149,3140.0951,1962.2795810699463,0.623143722156223,0.6249108677132765
2015,PER.22.12_1,San Román,2280,2280.1851,9500.317001342773,4.166805702343321,4.166467461426862
2015,PER.22.13_1,Sandia,12540,12540.8815,742.6666669845581,0.05922381714390416,0.05921965448263901
2015,PER.22.14_1,Yunguyo,297,302.7066,962.5369100570679,3.2408650170271645,3.179768197911718
2015,PER.23.1_1,Bellavista,7793,7790.7683,890.3772751092911,0.11425346786979226,0.11428619684099971
2015,PER.23.2_1,El Dorado,1319,1318.8251,164.8333342075348,0.12496841107470416,0.12498498710305778
2015,PER.23.3_1,Huallaga,2365,2359.6027,353.2500009536743,0.14936575093178617,0.14970740476621547
2015,PER.23.4_1,Lamas,5011,5010.8022,1800.5297675132751,0.3593154594917731,0.35932964640816184
2015,PER.23.5_1,Mariscal Cáceres,14425,14434.6489,1066.865119934082,0.07395945372160014,0.07391001510202273
2015,PER.23.6_1,Moyobamba,3795,3794.5532,3342.899756669998,0.8808695010988138,0.8809732151746226
2015,PER.23.7_1,Picota,2126,2134.7792,652.7166693210602,0.30701630730059276,0.3057537070814293
2015,PER.23.8_1,Rioja,2593,2598.5485,2864.932208776474,1.1048716578389797,1.1025125183111826
2015,PER.23.9_1,San Martín,4817,4823.345,4587.619240999222,0.9523809925263073,0.951128164313247
2015,PER.23.10_1,Tocache,6111,6102.5482,1830.1666688919067,0.299487263768926,0.29990204397227366
2015,PER.24.1_1,Candarave,2305,2304.2136,718.9166679382324,0.31189443294500324,0.3120008844505082
2015,PER.24.2_1,Jorge Basadre,2750,2746.7382,3950.9872134923935,1.4367226230881431,1.4384287438129812
2015,PER.24.3_1,Tacna,8159,8162.2685,11390.109230518341,1.396017800039017,1.3954587852808689
2015,PER.24.4_1,Tarata,2788,2785.0639,428.4166669845581,0.15366451470034365,0.15382651088409321
2015,PER.25.1_1,Contralmirante Villar,2134,2127.3485,1678.230954170227,0.7864250019541833,0.7888838813144542
2015,PER.25.2_1,Tumbes,1785,1786.2221,6285.459655284882,3.521265913324864,3.5188567850218258
2015,PER.25.3_1,Zarumilla,721,728.412,4118.697319030762,5.712478944564163,5.654350985339264
2015,PER.26.1_1,Atalaya,38581,38583.1679,706.0000009536743,0.018299162825060892,0.018298134632966784
2015,PER.26.2_1,Coronel Portillo,39067,39060.4079,9779.076199531555,0.25031551436075344,0.2503577590688124
2015,PER.26.3_1,Padre Abad,9291,9288.8146,1399.6666722297668,0.15064758069419512,0.15068302360057384
2015,PER.26.4_1,Purús,18173,18145.6829,38.00000047683716,0.002091014168097571,0.0020941620505357493
2016,PER.1.1_1,Bagua,5897,5891.871,932.8166704177856,0.1581849534369655,0.15832265731872383
2016,PER.1.2_1,Bongará,2824,2829.7375,296.50000071525574,0.10499291810030302,0.1047800385197231
2016,PER.1.3_1,Chachapoyas,2999,2997.3637,1242.1154999732971,0.4141765588440471,0.4144026578984256
2016,PER.1.4_1,Condorcanqui,17948,17952.2232,43.0,0.0023958101181190106,0.0023952465071755353
2016,PER.1.5_1,Luya,3367,3359.4489,295.8333353996277,0.0878625884762779,0.08806007796913479
2016,PER.1.6_1,Rodríguez de Mendoza,2682,2681.7449,203.0,0.07568978374347501,0.07569698426159623
2016,PER.1.7_1,Utcubamba,3871,3870.408,2047.9481774568558,0.5290488704357674,0.5291297850584226
2016,PER.2.1_1,Aija,696,697.1118,179.3333339691162,0.2576628361625233,0.2572518961152433
2016,PER.2.2_1,Antonio Raymondi,559,561.5141,184.5,0.3300536672629696,0.32857588742719107
2016,PER.2.3_1,Asunción,524,524.8509,94.83333337306976,0.18097964384173618,0.18068623436132406
2016,PER.2.4_1,Bolognesi,3069,3067.2607,1134.719054222107,0.3697357622098752,0.36994541897114686
2016,PER.2.5_1,Carhuaz,817,816.2705,1565.4164187908173,1.916054368165015,1.9177667227961706
2016,PER.2.6_1,Carlos Fermin Fitzcarrald,628,627.065,78.1666669845581,0.12446921494356386,0.12465481026257089
2016,PER.2.7_1,Casma,2274,2279.5761,2585.5277733802795,1.1369955028057517,1.1342142818315382
2016,PER.2.8_1,Corongo,1016,1015.6517,134.83333349227905,0.13270997390972347,0.13275549068108314
2016,PER.2.9_1,Huaraz,2499,2501.0478,4667.103977203369,1.8675886263318804,1.8660594858549577
2016,PER.2.10_1,Huari,2799,2790.2845,3635.21417093277,1.2987546162675132,1.3028112895872679
2016,PER.2.11_1,Huarmey,3927,3933.9868,1370.6099157333374,0.3490221328579927,0.34840226666344626
2016,PER.2.12_1,Huaylas,2277,2284.0483,1777.9000024795532,0.780808081897037,0.7783986117674968
2016,PER.2.13_1,Mariscal Luzuriaga,731,733.0131,199.0,0.2722298221614227,0.2714822001568846
2016,PER.2.14_1,Ocros,1943,1949.2401,81.0,0.041688111168296446,0.041554655337902945
2016,PER.2.15_1,Pallasca,2067,2063.679,787.1666679382324,0.380825673893678,0.38143852749767115
2016,PER.2.16_1,Pomabamba,923,923.2323,253.50000143051147,0.2746478888737936,0.27457879373324423
2016,PER.2.17_1,Recuay,2322,2318.0851,670.4833335876465,0.28875251231164795,0.28924017735737517
2016,PER.2.18_1,Santa,3997,3987.845,15234.496261715889,3.81148267743705,3.820232790457732
2016,PER.2.19_1,Sihuas,1459,1456.9158,273.83333337306976,0.18768562945378325,0.18795412807252085
2016,PER.2.20_1,Yungay,1370,1362.6156,1301.9176416397095,0.9503048479121967,0.9554548287308222
2016,PER.3.1_1,Abancay,3469,3461.1924,3544.946657180786,1.021892953929313,1.0241981012249668
2016,PER.3.2_1,Andahuaylas,4011,4018.7208,3405.1292572021484,0.8489477081032532,0.8473167067813024
2016,PER.3.3_1,Antabamba,3217,3220.4249,409.50000047683716,0.12729250869656114,0.12715713323426509
2016,PER.3.4_1,Aymaraes,4129,4128.1482,1138.6500070095062,0.2757689530175602,0.2758258544217999
2016,PER.3.5_1,Chincheros,1523,1523.0751,893.5500022172928,0.5867038753888988,0.5866749521271706
2016,PER.3.6_1,Cotabambas,2622,2621.0521,6331.127654194832,2.4146177170842225,2.41549092345895
2016,PER.3.7_1,Grau,2128,2129.1362,341.72222328186035,0.16058375154222762,0.16049805642149964
2016,PER.4.1_1,Arequipa,10399,10401.7538,40869.199066877365,3.9301085745626856,3.929068101157088
2016,PER.4.2_1,Camaná,4592,4594.9288,4140.315186738968,0.9016365824779983,0.9010618813051748
2016,PER.4.3_1,Caravelí,13035,13027.441,3904.2849514484406,0.29952320302634755,0.29969699841981107
2016,PER.4.4_1,Castilla,7621,7620.9932,3376.43181848526,0.4430431463699331,0.4430435438799695
2016,PER.4.5_1,Caylloma,12048,12035.9001,2514.6254049539566,0.20871724808714778,0.2089270743734028
2016,PER.4.6_1,Condesuyos,6838,6852.1717,1257.6000001430511,0.18391342499898378,0.1835330532074215
2016,PER.4.7_1,Islay,3849,3849.9051,4850.935768127441,1.2603106698174698,1.2600143901583507
2016,PER.4.8_1,La Unión,4893,4893.6009,381.08333349227905,0.07788337083431005,0.07787380669964157
2016,PER.5.1_1,Cangallo,1872,1872.5839,459.50000071525574,0.24545940209148276,0.24538286995299283
2016,PER.5.2_1,Huamanga,2955,2958.2366,6248.98127412796,2.1147144751702065,2.1124008029661714
2016,PER.5.3_1,Huanca Sancos,2830,2831.2856,206.66666746139526,0.07302709097575805,0.07299393140947608
2016,PER.5.4_1,Huanta,3810,3814.0301,2215.891075730324,0.5815987075407674,0.5809841618137163
2016,PER.5.5_1,La Mar,4318,4312.4371,1471.5083397626877,0.3407847011956201,0.3412243052383869
2016,PER.5.6_1,Lucanas,14484,14477.3422,3062.1666716337204,0.2114171963293096,0.21151442210143637
2016,PER.5.7_1,Parinacochas,5934,5950.4746,2018.0777864456177,0.34008725757425307,0.339145686680828
2016,PER.5.8_1,Paucar del Sara Sara,2090,2081.7527,901.2000005245209,0.43119617249977077,0.43290443892068
2016,PER.5.9_1,Sucre,1781,1786.8708,106.00000047683716,0.0595171254782915,0.05932158178888177
2016,PER.5.10_1,Victor Fajardo,2276,2265.2791,711.6833361387253,0.3126903937340621,0.31417026720253044
2016,PER.5.11_1,Vilcas Huamán,1214,1205.7813,162.4166669845581,0.1337863813711352,0.1346982792155995
2016,PER.6.1_1,Cajabamba,1792,1788.6443,1589.182544708252,0.8868206164666584,0.8884843933058457
2016,PER.6.2_1,Cajamarca,2977,2977.7902,12498.111540675163,4.198223560858302,4.197109469870392
2016,PER.6.3_1,Celendín,2582,2580.2493,1203.8945519924164,0.4662643501132519,0.46658071375916893
2016,PER.6.4_1,Chota,3840,3836.4892,1591.1666675806046,0.4143663196824491,0.4147455080758713
2016,PER.6.5_1,Contumazá,2062,2060.9532,992.7833350896835,0.48146621488345465,0.48171076558536746
2016,PER.6.6_1,Cutervo,3025,3030.0606,901.9309352636337,0.29815898686401116,0.29766101775850085
2016,PER.6.7_1,Hualgayoc,785,783.6578,2856.2525112628937,3.6385382309081447,3.644770202165518
2016,PER.6.8_1,Jaén,5027,5025.2434,2876.091579556465,0.5721288202817715,0.5723288092220024
2016,PER.6.9_1,San Ignacio,4891,4894.3699,892.6738133430481,0.18251355823820242,0.18238789397506786
2016,PER.6.10_1,San Marcos,1343,1348.0813,850.3865110874176,0.6331991891939074,0.6308124750897155
2016,PER.6.11_1,San Miguel,2530,2527.3116,1247.7364820241928,0.4931764751083766,0.49370108749864094
2016,PER.6.12_1,San Pablo,666,665.0983,346.5833338499069,0.5203953961710314,0.521100893859209
2016,PER.6.13_1,Santa Cruz,1382,1383.2844,948.7214299440384,0.6864843921447455,0.6858469945278588
2016,PER.7.1_1,Callao,164,160.8378,9128.969582557678,55.66444867413218,56.75887336415716
2016,PER.8.1_1,Acomayo,935,932.9494,471.50000190734863,0.5042780769062553,0.5053864556352852
2016,PER.8.2_1,Anta,1928,1932.7747,3428.25953745842,1.7781429136195124,1.7737501871721784
2016,PER.8.3_1,Calca,3559,3559.4921,1806.9071469306946,0.5077007999243311,0.5076306121441159
2016,PER.8.4_1,Canas,2139,2134.9741,382.6666680574417,0.1788997980633201,0.1792371481800504
2016,PER.8.5_1,Canchis,3953,3950.2571,2744.3226021528244,0.694237946408506,0.6947200060038969
2016,PER.8.6_1,Chumbivilcas,5329,5334.9773,3064.8978679180145,0.575135647948586,0.5744912646749666
2016,PER.8.7_1,Cusco,530,530.1969,9192.062369346619,17.34351390442758,17.337072010837574
2016,PER.8.8_1,Espinar,5235,5235.9122,6173.31785929203,1.1792393236469971,1.179033875035768
2016,PER.8.9_1,La Convención,31674,31679.4986,12226.225469589233,0.3860019406954989,0.3859349429548622
2016,PER.8.10_1,Paruro,1966,1966.4681,178.8333339691162,0.09096303864146298,0.09094138447334514
2016,PER.8.11_1,Paucartambo,5708,5714.5208,463.81666803359985,0.08125729993580937,0.08116457849684418
2016,PER.8.12_1,Quispicanchi,7819,7811.3434,2901.9833431243896,0.371145075217341,0.3715088696003148
2016,PER.8.13_1,Urubamba,1463,1459.7168,3620.166678071022,2.4744816664873697,2.480047214598709
2016,PER.9.1_1,Acobamba,921,927.3542,1085.66428565979,1.1787885837782737,1.1707115537873856
2016,PER.9.2_1,Angaraes,1942,1944.836,1170.1761951446533,0.6025624073865362,0.6016837394108013
2016,PER.9.3_1,Castrovirreyna,3960,3958.9592,313.33333444595337,0.07912457940554378,0.07914538161592412
2016,PER.9.4_1,Churcampa,1068,1062.7849,1179.1500053405762,1.1040730387084046,1.1094907225531505
2016,PER.9.5_1,Huancavelica,3999,3992.4364,2638.4651530981064,0.6597812335829223,0.6608659148556525
2016,PER.9.6_1,Huaytara,6463,6465.2905,563.333334684372,0.0871628244908513,0.08713194466206883
2016,PER.9.7_1,Tayacaja,3735,3730.9345,3196.4828736782074,0.8558187078121037,0.8567512776810592
2016,PER.10.1_1,Ambo,1571,1576.1231,689.5666694641113,0.43893486280338084,0.43750813954850143
2016,PER.10.2_1,Dos de Mayo,1342,1335.5805,206.6666669845581,0.1539990066949017,0.15473920841357813
2016,PER.10.3_1,Huacaybamba,1763,1765.4566,12.0,0.006806579693703914,0.006797108347174489
2016,PER.10.4_1,Huamalíes,3158,3166.8282,142.5,0.04512349588347055,0.04499770441216977
2016,PER.10.5_1,Huenuco,4107,4110.2577,5361.734406232834,1.3055111775585182,1.304476451479487
2016,PER.10.6_1,Lauricocha,2076,2083.3213,317.95000314712524,0.15315510748898134,0.15261688473250556
2016,PER.10.7_1,Leoncio Prado,4962,4958.1773,2290.6184730529785,0.46163209855964904,0.4619880130278455
2016,PER.10.8_1,Marañón,4875,4878.4786,204.33333349227905,0.04191452994713416,0.04188464284777092
2016,PER.10.9_1,Pachitea,2655,2647.0304,308.5,0.11619585687382297,0.11654569478889762
2016,PER.10.10_1,Puerto Inca,9819,9814.2188,527.3499994277954,0.05370709842425862,0.05373326317059743
2016,PER.10.11_1,Yarowilca,752,746.4216,0.0,0.0,0.0
2016,PER.11.1_1,Chincha,2899,2905.713,10297.151249885559,3.5519666263834284,3.543760591539672
2016,PER.11.2_1,Ica,7867,7864.1979,18595.0137270689,2.3636727757809712,2.3645149908926175
2016,PER.11.3_1,Nazca,5224,5209.8162,7151.410903453827,1.368953082590702,1.372680087337687
2016,PER.11.4_1,Palpa,1209,1219.3592,1280.2655930519104,1.0589458999602237,1.049949514100508
2016,PER.11.5_1,Pisco,3979,3968.9444,11045.169999837875,2.7758657953852413,2.7828986614505298
2016,PER.12.1_1,Chanchamayo,4671,4674.6736,4298.797755479813,0.9203163681181359,0.9195931411844243
2016,PER.12.2_1,Chupaca,1170,1163.9265,2406.518310070038,2.056853256470118,2.0675861615558477
2016,PER.12.3_1,Concepción,2242,2248.8693,2117.9950819015503,0.9446900454511821,0.9418044436415824
2016,PER.12.4_1,Huancayo,3738,3734.3439,10686.411764264107,2.8588581498833885,2.8616571245884357
2016,PER.12.5_1,Jauja,4385,4383.5123,4299.833341598511,0.9805777289848371,0.9809105314092028
2016,PER.12.6_1,Junín,2633,2625.8821,1156.5338773727417,0.43924568073404546,0.440436323429919
2016,PER.12.7_1,Satipo,19490,19497.3878,3068.3288564682007,0.15743093157866603,0.15737127939254283
2016,PER.12.8_1,Tarma,2663,2663.9461,5319.145119905472,1.9974258805503087,1.9967164622009208
2016,PER.12.9_1,Yauli,3632,3637.3003,10421.990599274635,2.869490803765043,2.865309386373508
2016,PER.13.1_1,Ascope,2653,2656.16,9906.494899511337,3.734072709955272,3.729630318413259
2016,PER.13.2_1,Bolívar,1744,1745.5625,41.0,0.023509174311926607,0.023488130891096415
2016,PER.13.3_1,Chepén,1153,1150.5574,3899.7985175848007,3.38230573944909,3.389486367641416
2016,PER.13.4_1,Gran Chimú,1305,1306.9247,309.6666669845581,0.23729246512226676,0.23694300707958904
2016,PER.13.5_1,Julcan,1107,1110.773,249.3333339691162,0.22523336401907518,0.2244683031296216
2016,PER.13.6_1,Otuzco,2088,2088.1443,1445.2190551757812,0.6921547199117726,0.6921068848541705
2016,PER.13.7_1,Pacasmayo,1119,1119.8766,6107.849497556686,5.4583105429461005,5.454038179878069
2016,PER.13.8_1,Pataz,3991,3989.5251,2751.0571558475494,0.689315248270496,0.6895700753319343
2016,PER.13.9_1,Sánchez Carrión,2501,2494.8258,2592.993143439293,1.036782544357974,1.0393483824707221
2016,PER.13.10_1,Santiago de Chuco,2668,2671.5263,2675.2166706323624,1.002704899037617,1.0013813547981436
2016,PER.13.11_1,Trujillo,1767,1766.3122,20550.629607200623,11.63023746870437,11.634766513143054
2016,PER.13.12_1,Viru,3207,3207.8223,4420.91207921505,1.378519513319317,1.3781661453024316
2016,PER.14.1_1,Chiclayo,3211,3211.4229,18969.62323975563,5.907699545236882,5.906921598667818
2016,PER.14.2_1,Ferreñafe,1705,1705.7385,2677.675323843956,1.570484060905546,1.5698041179304152
2016,PER.14.3_1,Lambayeque,9365,9366.3112,10968.293199300766,1.1712005551842783,1.171036592838016
2016,PER.16.1_1,Barranca,1389,1382.5918,5429.685289382935,3.909060683501033,3.927178730112886
2016,PER.16.2_1,Cajatambo,1525,1527.1172,32.0,0.02098360655737705,0.020954514904905585
2016,PER.16.3_1,Cañete,4605,4605.4107,20843.62253022194,4.526302395270779,4.525898706872324
2016,PER.16.4_1,Canta,1690,1693.223,1602.5000075101852,0.9482248565149025,0.9464199205228526
2016,PER.16.5_1,Huaral,3664,3664.9371,9876.769010782242,2.6956247300169873,2.694935500777021
2016,PER.16.6_1,Huarochiri,5742,5738.1299,9196.332377195358,1.6015904523154578,1.6026706371701185
2016,PER.16.7_1,Huaura,4947,4942.2427,9324.19588136673,1.884818249720382,1.8866325324374422
2016,PER.16.8_1,Oyon,1871,1870.9257,1904.7718305587769,1.0180501499512435,1.018090558570064
2016,PER.16.9_1,Yauyos,6916,6912.2907,828.764289021492,0.11983289314943493,0.11989719866932946
2016,PER.15.1_1,Lima,2698,2705.3448,92005.69040822983,34.10144196005553,34.008859092844475
2016,PER.17.1_1,Alto Amazonas,66273,66273.3598,3234.428362727165,0.048804616702535955,0.04880435173919784
2016,PER.17.2_1,Loreto,68509,68480.0481,3724.983335852623,0.05437217498215743,0.0543951623381287
2016,PER.17.3_1,Mariscal Ramón Castilla,38974,38967.2339,994.7976160049438,0.02552464761135485,0.025529079584543105
2016,PER.17.4_1,Maynas,132141,132166.5145,8497.219271659851,0.064304184709211,0.06429177088325178
2016,PER.17.5_1,Requena,39626,39634.3226,722.764288187027,0.018239647912659036,0.018235817877558347
2016,PER.17.6_1,Ucayali,29932,29924.9451,958.6666679382324,0.03202815274416118,0.03203570351721993
2016,PER.18.1_1,Manu,28191,28189.1616,785.250002861023,0.027854634559292785,0.027856451151257178
2016,PER.18.2_1,Tahuamanu,20252,20245.0595,563.8666677474976,0.02784251766479842,0.027852062795262655
2016,PER.18.3_1,Tambopata,35907,35901.8019,5645.323968887329,0.15722070818746564,0.15724347184940407
2016,PER.19.1_1,General Sánchez Cerro,5722,5725.7242,965.1666682958603,0.1686764537392276,0.16856674088422358
2016,PER.19.2_1,Ilo,1366,1372.4439,5098.022429466248,3.7320808414833437,3.7145578529224736
2016,PER.19.3_1,Mariscal Nieto,8656,8657.94,10328.399156332016,1.1932069265633105,1.1929395583467524
2016,PER.20.1_1,Daniel Alcides Carrión,1529,1523.3131,360.0,0.2354480052321779,0.23632699526936732
2016,PER.20.2_1,Oxapampa,17693,17695.4834,1589.6651126146317,0.08984712104304707,0.08983451194351791
2016,PER.20.3_1,Pasco,4753,4751.908,9503.387228250504,1.9994502899748587,1.9999097654445546
2016,PER.21.1_1,Ayabaca,5206,5197.2449,880.1055575609207,0.1690560041415522,0.16934079158742038
2016,PER.21.2_1,Huancabamba,4280,4276.7233,1202.2452397346497,0.2808984204987499,0.28111363779017395
2016,PER.21.3_1,Morropón,3810,3811.6782,5602.150467276573,1.4703807000725915,1.4697333146627094
2016,PER.21.4_1,Paita,1747,1750.2889,11324.937073469162,6.482505479948004,6.470324505136096
2016,PER.21.5_1,Piura,6150,6149.5744,24785.419790387154,4.030149559412545,4.030428479633126
2016,PER.21.6_1,Sechura,6472,6478.1826,6564.803040146828,1.0143391594788054,1.0133711052622398
2016,PER.21.7_1,Sullana,5263,5254.043,11338.07726764679,2.1542993098321848,2.157971911116181
2016,PER.21.8_1,Talara,2932,2939.2512,15527.147053360939,5.295752746712462,5.282688025720612
2016,PER.22.1_1,Azángaro,5245,5231.2106,3929.533555984497,0.7491961021896086,0.7511709700797795
2016,PER.22.2_1,Carabaya,11680,11690.4688,1474.3309539556503,0.12622696523592897,0.12611392947875416
2016,PER.22.3_1,Chucuíto,3940,3941.2265,1597.4555172920227,0.40544556276447274,0.40531938636829423
2016,PER.22.4_1,El Collao,5653,5651.7589,2294.9937616586685,0.4059780225824639,0.4060671743868029
2016,PER.22.5_1,Huancane,2818,2828.4046,1888.497837305069,0.6701553716483566,0.6676901344245315
2016,PER.22.6_1,Lago Titicaca,5287,5283.4928,1744.7285730838776,0.3300035129721728,0.33022257197384836
2016,PER.22.7_1,Lampa,5711,5717.1909,1743.2988152503967,0.3052528130363153,0.3049222670335756
2016,PER.22.8_1,Melgar,6535,6541.587,2946.9842261075974,0.4509539749208259,0.45049988724677353
2016,PER.22.9_1,Moho,1039,1031.7237,586.8000004291534,0.5647738213947578,0.5687569204887818
2016,PER.22.10_1,Puno,6525,6518.8824,5913.198304414749,0.9062372880329117,0.9070877405659357
2016,PER.22.11_1,San Antonio de Putina,3149,3140.0951,2119.6486406326294,0.6731180186194441,0.6750268840604053
2016,PER.22.12_1,San Román,2280,2280.1851,9931.726592540741,4.356020435324886,4.355666834881426
2016,PER.22.13_1,Sandia,12540,12540.8815,798.6666669845581,0.06368952687277178,0.06368505033040599
2016,PER.22.14_1,Yunguyo,297,302.7066,1055.3154212236404,3.5532505765105737,3.486264661761165
2016,PER.23.1_1,Bellavista,7793,7790.7683,944.9043340682983,0.12125039574853053,0.12128512905497045
2016,PER.23.2_1,El Dorado,1319,1318.8251,208.83333444595337,0.158327016259252,0.15834801703127177
2016,PER.23.3_1,Huallaga,2365,2359.6027,391.4166682958603,0.16550387665786903,0.16588244425934617
2016,PER.23.4_1,Lamas,5011,5010.8022,1881.6131014823914,0.37549652793502125,0.37551135373142197
2016,PER.23.5_1,Mariscal Cáceres,14425,14434.6489,1165.0945415496826,0.08076911899824489,0.08071512841899066
2016,PER.23.6_1,Moyobamba,3795,3794.5532,3489.4125450849533,0.9194762964650733,0.9195845561269155
2016,PER.23.7_1,Picota,2126,2134.7792,704.3500020503998,0.3313029172391344,0.3299404386802803
2016,PER.23.8_1,Rioja,2593,2598.5485,3080.1851196289062,1.1878847356841136,1.1853483453128553
2016,PER.23.9_1,San Martín,4817,4823.345,4778.436308860779,0.9919942513723851,0.990689313122813
2016,PER.23.10_1,Tocache,6111,6102.5482,1964.3452444076538,0.32144415716047353,0.32188934695316807
2016,PER.24.1_1,Candarave,2305,2304.2136,749.5833357572556,0.3251988441463148,0.3253098365299267
2016,PER.24.2_1,Jorge Basadre,2750,2746.7382,4093.0511506795883,1.4883822366107593,1.490149703580065
2016,PER.24.3_1,Tacna,8159,8162.2685,11709.032389163971,1.4351063107199376,1.434531643543644
2016,PER.24.4_1,Tarata,2788,2785.0639,439.66666650772095,0.15769966517493578,0.15786591529446886
2016,PER.25.1_1,Contralmirante Villar,2134,2127.3485,1762.664291381836,0.8259907644713383,0.8285733523055071
2016,PER.25.2_1,Tumbes,1785,1786.2221,6483.429710030556,3.6321735070199193,3.629688499578648
2016,PER.25.3_1,Zarumilla,721,728.412,4430.281090736389,6.144633967734243,6.082108567431759
2016,PER.26.1_1,Atalaya,38581,38583.1679,707.0000009536743,0.018325082319112368,0.018324052670655525
2016,PER.26.2_1,Coronel Portillo,39067,39060.4079,11474.012182235718,0.2937008775241436,0.2937504441994628
2016,PER.26.3_1,Padre Abad,9291,9288.8146,1554.507152557373,0.16731322274861404,0.16735258658613786
2016,PER.26.4_1,Purús,18173,18145.6829,38.00000047683716,0.002091014168097571,0.0020941620505357493
2017,PER.1.1_1,Bagua,5897,5891.871,1233.9115203619003,0.20924394104831276,0.209426093031107
2017,PER.1.2_1,Bongará,2824,2829.7375,343.1666693687439,0.1215179424110283,0.12127155733019188
2017,PER.1.3_1,Chachapoyas,2999,2997.3637,1425.6647028923035,0.47538002763998116,0.47563953767845324
2017,PER.1.4_1,Condorcanqui,17948,17952.2232,67.0,0.0037330064631156674,0.0037321282786223456
2017,PER.1.5_1,Luya,3367,3359.4489,370.1666693687439,0.10993961074212769,0.11018672294707038
2017,PER.1.6_1,Rodríguez de Mendoza,2682,2681.7449,241.5833352804184,0.09007581479508515,0.09008438388465889
2017,PER.1.7_1,Utcubamba,3871,3870.408,2302.139352440834,0.5947143767607425,0.5948053345003244
2017,PER.2.1_1,Aija,696,697.1118,261.3333339691162,0.37547892811654626,0.3748800861152282
2017,PER.2.2_1,Antonio Raymondi,559,561.5141,398.0,0.7119856887298748,0.7087978493009325
2017,PER.2.3_1,Asunción,524,524.8509,161.83333337306976,0.3088422392615835,0.30834153520985985
2017,PER.2.4_1,Bolognesi,3069,3067.2607,1477.6357206106186,0.48147139804842576,0.48174441392699924
2017,PER.2.5_1,Carhuaz,817,816.2705,1820.066432595253,2.227743491548657,2.229734398982267
2017,PER.2.6_1,Carlos Fermin Fitzcarrald,628,627.065,200.3333339691162,0.31900212415464363,0.31947778635772933
2017,PER.2.7_1,Casma,2274,2279.5761,3090.385712146759,1.3590086684902194,1.3556843779335586
2017,PER.2.8_1,Corongo,1016,1015.6517,246.16666662693024,0.2422900262076085,0.24237312666645658
2017,PER.2.9_1,Huaraz,2499,2501.0478,5371.62638425827,2.1495103578464465,2.1477503860585463
2017,PER.2.10_1,Huari,2799,2790.2845,4328.07793712616,1.546294368390911,1.5511242346567693
2017,PER.2.11_1,Huarmey,3927,3933.9868,1522.7003960609436,0.3877515650779077,0.3870629150914266
2017,PER.2.12_1,Huaylas,2277,2284.0483,2044.6500037908554,0.8979578409270336,0.8951868621865939
2017,PER.2.13_1,Mariscal Luzuriaga,731,733.0131,281.00000047683716,0.38440492541290994,0.3833492380579768
2017,PER.2.14_1,Ocros,1943,1949.2401,85.0,0.04374678332475553,0.04360673708298457
2017,PER.2.15_1,Pallasca,2067,2063.679,1050.5000017881393,0.5082244807876823,0.5090423542296268
2017,PER.2.16_1,Pomabamba,923,923.2323,334.66666972637177,0.362585774351432,0.36249455604590364
2017,PER.2.17_1,Recuay,2322,2318.0851,874.7166700363159,0.37670829889591556,0.3773445097061219
2017,PER.2.18_1,Santa,3997,3987.845,16387.74621140957,4.100011561523535,4.109424057285829
2017,PER.2.19_1,Sihuas,1459,1456.9158,346.5666700601578,0.23753712821121165,0.23787694320402283
2017,PER.2.20_1,Yungay,1370,1362.6156,1603.294487118721,1.1702879468019862,1.1766300805830987
2017,PER.3.1_1,Abancay,3469,3461.1924,4154.729992866516,1.1976736791197797,1.2003753458960142
2017,PER.3.2_1,Andahuaylas,4011,4018.7208,3733.88436126709,0.9309110848334804,0.9291226151839489
2017,PER.3.3_1,Antabamba,3217,3220.4249,508.00000166893005,0.15791109781440163,0.15774315951161227
2017,PER.3.4_1,Aymaraes,4129,4128.1482,1358.671441912651,0.3290558105867404,0.32912370705402116
2017,PER.3.5_1,Chincheros,1523,1523.0751,1054.1000027656555,0.6921208159984606,0.6920866959042387
2017,PER.3.6_1,Cotabambas,2622,2621.0521,7118.388381123543,2.7148697105734336,2.715851498092449
2017,PER.3.7_1,Grau,2128,2129.1362,368.72222328186035,0.17327172146703965,0.17317925544263021
2017,PER.4.1_1,Arequipa,10399,10401.7538,44096.282428860664,4.240434890745328,4.2393122602509585
2017,PER.4.2_1,Camaná,4592,4594.9288,4605.167568445206,1.0028675018391127,1.0022282763011368
2017,PER.4.3_1,Caravelí,13035,13027.441,5163.830210447311,0.39615114771364107,0.3963810105219052
2017,PER.4.4_1,Castilla,7621,7620.9932,3713.4234886169434,0.48726197200064864,0.48726240918498576
2017,PER.4.5_1,Caylloma,12048,12035.9001,3594.992085814476,0.29838911734847906,0.2986890919836659
2017,PER.4.6_1,Condesuyos,6838,6852.1717,1546.9690494537354,0.2262312151877355,0.22576332127173265
2017,PER.4.7_1,Islay,3849,3849.9051,5511.467275977135,1.4319218695705729,1.431585246757197
2017,PER.4.8_1,La Unión,4893,4893.6009,599.3166680335999,0.12248450194841608,0.12246946076235944
2017,PER.5.1_1,Cangallo,1872,1872.5839,624.666668176651,0.33368945949607426,0.33358541798163566
2017,PER.5.2_1,Huamanga,2955,2958.2366,7518.843395233154,2.544447849486685,2.5416640134969586
2017,PER.5.3_1,Huanca Sancos,2830,2831.2856,243.66666746139526,0.0861012959227545,0.08606219972446746
2017,PER.5.4_1,Huanta,3810,3814.0301,2631.781708598137,0.6907563539627656,0.6900264669113376
2017,PER.5.5_1,La Mar,4318,4312.4371,1579.0916746854782,0.36569978570761424,0.36617152960829985
2017,PER.5.6_1,Lucanas,14484,14477.3422,3873.2666803598404,0.26741692076497103,0.267539899486913
2017,PER.5.7_1,Parinacochas,5934,5950.4746,2256.760724544525,0.3803101996199065,0.3792572668608583
2017,PER.5.8_1,Paucar del Sara Sara,2090,2081.7527,1152.6560728549957,0.5515100827057395,0.5536949957804946
2017,PER.5.9_1,Sucre,1781,1786.8708,138.00000047683716,0.07748455950411968,0.07722998375779522
2017,PER.5.10_1,Victor Fajardo,2276,2265.2791,864.3166736364365,0.3797524928103851,0.38154975185625384
2017,PER.5.11_1,Vilcas Huamán,1214,1205.7813,233.25000095367432,0.1921334439486609,0.19344303967574952
2017,PER.6.1_1,Cajabamba,1792,1788.6443,2074.901599049568,1.1578691958981966,1.1600414908529748
2017,PER.6.2_1,Cajamarca,2977,2977.7902,13786.874370455742,4.631130121080195,4.629901148812059
2017,PER.6.3_1,Celendín,2582,2580.2493,1452.189752817154,0.5624282543830961,0.5628098659154385
2017,PER.6.4_1,Chota,3840,3836.4892,1809.0595260858536,0.4711092515848577,0.4715403656782321
2017,PER.6.5_1,Contumazá,2062,2060.9532,1168.033335328102,0.566456515678032,0.5667442354270609
2017,PER.6.6_1,Cutervo,3025,3030.0606,1087.4059356451035,0.3594730365768937,0.35887266404289087
2017,PER.6.7_1,Hualgayoc,785,783.6578,3045.342669248581,3.879417413055517,3.886061954428793
2017,PER.6.8_1,Jaén,5027,5025.2434,3126.756799340248,0.6219925998289731,0.6222100187676135
2017,PER.6.9_1,San Ignacio,4891,4894.3699,970.889298915863,0.198505274773229,0.19836859989097094
2017,PER.6.10_1,San Marcos,1343,1348.0813,1339.4103257656097,0.9973271226847429,0.9935679032308534
2017,PER.6.11_1,San Miguel,2530,2527.3116,1404.069815993309,0.5549683067167229,0.55555864965602
2017,PER.6.12_1,San Pablo,666,665.0983,417.250000834465,0.626501502754452,0.6273508480120872
2017,PER.6.13_1,Santa Cruz,1382,1383.2844,1061.8214303255081,0.7683223084844487,0.7676089247367149
2017,PER.7.1_1,Callao,164,160.8378,9131.131680488586,55.677632198101136,56.77231609080353
2017,PER.8.1_1,Acomayo,935,932.9494,581.5000023841858,0.6219251362397709,0.6232920974931457
2017,PER.8.2_1,Anta,1928,1932.7747,2996.8718440532684,1.5543941099861351,1.550554132859315
2017,PER.8.3_1,Calca,3559,3559.4921,1979.750009059906,0.5562658075470374,0.5561889058319973
2017,PER.8.4_1,Canas,2139,2134.9741,502.6666680574417,0.23500077983050102,0.23544391918205843
2017,PER.8.5_1,Canchis,3953,3950.2571,3115.352905154228,0.7880983822803512,0.788645615961909
2017,PER.8.6_1,Chumbivilcas,5329,5334.9773,3924.476979970932,0.7364377894484766,0.7356126828927025
2017,PER.8.7_1,Cusco,530,530.1969,9675.082953453064,18.254873497081253,18.24809309760654
2017,PER.8.8_1,Espinar,5235,5235.9122,7090.303222298622,1.3544036718813033,1.354167705909128
2017,PER.8.9_1,La Convención,31674,31679.4986,12306.607616305351,0.3885397365759093,0.3884722983540929
2017,PER.8.10_1,Paruro,1966,1966.4681,191.8333339691162,0.09757544962823815,0.09755222134538855
2017,PER.8.11_1,Paucartambo,5708,5714.5208,517.8166680335999,0.09071770638290116,0.09061418982153267
2017,PER.8.12_1,Quispicanchi,7819,7811.3434,3533.250014781952,0.4518800377007228,0.4523229680545669
2017,PER.8.13_1,Urubamba,1463,1459.7168,3442.7916880846024,2.353241071828163,2.3585339283403837
2017,PER.9.1_1,Acobamba,921,927.3542,1491.1642866134644,1.6190708866595704,1.607977053304816
2017,PER.9.2_1,Angaraes,1942,1944.836,1362.3428630828857,0.7015153774886126,0.7004924144077289
2017,PER.9.3_1,Castrovirreyna,3960,3958.9592,439.5000014305115,0.11098484884608875,0.11101402726564019
2017,PER.9.4_1,Churcampa,1068,1062.7849,1335.138897895813,1.2501300542095628,1.2562644394912152
2017,PER.9.5_1,Huancavelica,3999,3992.4364,3550.8444525003433,0.8879330963991856,0.8893928596541532
2017,PER.9.6_1,Huaytara,6463,6465.2905,845.0000019073486,0.13074423671783206,0.1306979169746649
2017,PER.9.7_1,Tayacaja,3735,3730.9345,4014.2566899061203,1.0747675207245302,1.075938675078613
2017,PER.10.1_1,Ambo,1571,1576.1231,973.333338022232,0.6195629140816244,0.6175490735501717
2017,PER.10.2_1,Dos de Mayo,1342,1335.5805,490.95000088214874,0.3658345759181436,0.3675929728562638
2017,PER.10.3_1,Huacaybamba,1763,1765.4566,63.0,0.035734543391945546,0.03568481882266607
2017,PER.10.4_1,Huamalíes,3158,3166.8282,650.8333333730698,0.20609035255638689,0.20551583127514766
2017,PER.10.5_1,Huenuco,4107,4110.2577,6661.38704252243,1.621959348069742,1.620673810522898
2017,PER.10.6_1,Lauricocha,2076,2083.3213,455.28333806991577,0.21930796631498833,0.21853726698877984
2017,PER.10.7_1,Leoncio Prado,4962,4958.1773,2577.7121138572693,0.5194905509587403,0.5198910738074642
2017,PER.10.8_1,Marañón,4875,4878.4786,209.83333349227905,0.043042735075339296,0.04301204351082252
2017,PER.10.9_1,Pachitea,2655,2647.0304,396.16666746139526,0.14921531731125998,0.14966456891893182
2017,PER.10.10_1,Puerto Inca,9819,9814.2188,579.4833345413208,0.05901653269592838,0.05904528406498554
2017,PER.10.11_1,Yarowilca,752,746.4216,81.0,0.1077127659574468,0.10851775308848424
2017,PER.11.1_1,Chincha,2899,2905.713,10930.58659696579,3.7704679534204173,3.761757119491626
2017,PER.11.2_1,Ica,7867,7864.1979,20337.36643242836,2.5851489045923937,2.586070035256338
2017,PER.11.3_1,Nazca,5224,5209.8162,9449.349397182465,1.808834111252386,1.8137587017331556
2017,PER.11.4_1,Palpa,1209,1219.3592,1556.6810789108276,1.2875774019113546,1.2766386531685907
2017,PER.11.5_1,Pisco,3979,3968.9444,12043.588527441025,3.0267877676403683,3.0344563635117017
2017,PER.12.1_1,Chanchamayo,4671,4674.6736,4630.531849145889,0.9913362982543116,0.9905572605928066
2017,PER.12.2_1,Chupaca,1170,1163.9265,2500.8367969989777,2.137467347862374,2.1486209068711606
2017,PER.12.3_1,Concepción,2242,2248.8693,2368.211756706238,1.056294271501444,1.0530677691412351
2017,PER.12.4_1,Huancayo,3738,3734.3439,12113.976978898048,3.240764306821308,3.243937188036202
2017,PER.12.5_1,Jauja,4385,4383.5123,4828.533348083496,1.1011478558913332,1.1015215791212143
2017,PER.12.6_1,Junín,2633,2625.8821,1374.6362657546997,0.5220798578635396,0.5234950352840417
2017,PER.12.7_1,Satipo,19490,19497.3878,3443.5441007614136,0.176682611634757,0.17661566479065027
2017,PER.12.8_1,Tarma,2663,2663.9461,6229.816256761551,2.33939776821688,2.33856689297918
2017,PER.12.9_1,Yauli,3632,3637.3003,11032.808223605156,3.0376674624463536,3.03324097829784
2017,PER.13.1_1,Ascope,2653,2656.16,10499.181821584702,3.9574752437183194,3.952767072261575
2017,PER.13.2_1,Bolívar,1744,1745.5625,54.166666984558105,0.031058868683806255,0.031031067416286133
2017,PER.13.3_1,Chepén,1153,1150.5574,4561.399679064751,3.9561142056068954,3.964513028003558
2017,PER.13.4_1,Gran Chimú,1305,1306.9247,375.50000035762787,0.2877394638755769,0.2873157130843527
2017,PER.13.5_1,Julcan,1107,1110.773,292.5000009536743,0.2642276431379172,0.2633301285243176
2017,PER.13.6_1,Otuzco,2088,2088.1443,2222.9690568447113,1.0646403528949766,1.0645667752234802
2017,PER.13.7_1,Pacasmayo,1119,1119.8766,6585.861736893654,5.885488594185571,5.880881867633595
2017,PER.13.8_1,Pataz,3991,3989.5251,3127.44526386261,0.7836244710254597,0.7839141624572445
2017,PER.13.9_1,Sánchez Carrión,2501,2494.8258,3116.0488827228546,1.2459211846152958,1.2490046007842532
2017,PER.13.10_1,Santiago de Chuco,2668,2671.5263,2738.8500089645386,1.02655547562389,1.0252004492471705
2017,PER.13.11_1,Trujillo,1767,1766.3122,21151.304252028465,11.970177844951028,11.97483926889397
2017,PER.13.12_1,Viru,3207,3207.8223,4895.409310936928,1.5264762428864758,1.5260849478213283
2017,PER.14.1_1,Chiclayo,3211,3211.4229,20213.082847833633,6.294949501038191,6.2941205600385235
2017,PER.14.2_1,Ferreñafe,1705,1705.7385,3058.658658385277,1.7939346970001624,1.793158010801663
2017,PER.14.3_1,Lambayeque,9365,9366.3112,12143.710874080658,1.296712319709627,1.2965307863305437
2017,PER.16.1_1,Barranca,1389,1382.5918,6568.278418540955,4.728782158776785,4.750699520134625
2017,PER.16.2_1,Cajatambo,1525,1527.1172,39.0,0.025573770491803278,0.02553831504035368
2017,PER.16.3_1,Cañete,4605,4605.4107,24623.579184889793,5.347139888141106,5.346662991515725
2017,PER.16.4_1,Canta,1690,1693.223,1981.050010085106,1.1722189408787609,1.169987634514645
2017,PER.16.5_1,Huaral,3664,3664.9371,11954.976433992386,3.2628210791463936,3.261986826638066
2017,PER.16.6_1,Huarochiri,5742,5738.1299,11428.00950229168,1.9902489554670288,1.9915912691500253
2017,PER.16.7_1,Huaura,4947,4942.2427,10807.518880486488,2.1846611846546367,2.18676408928777
2017,PER.16.8_1,Oyon,1871,1870.9257,2144.359930038452,1.146103650474854,1.1461491418148857
2017,PER.16.9_1,Yauyos,6916,6912.2907,997.4166728258133,0.14421872076717948,0.1442961123712184
2017,PER.15.1_1,Lima,2698,2705.3448,98762.78970479965,36.6059265028909,36.50654414725548
2017,PER.17.1_1,Alto Amazonas,66273,66273.3598,3442.470028758049,0.051943778443077106,0.05194349643703218
2017,PER.17.2_1,Loreto,68509,68480.0481,4042.883337378502,0.05901244124682161,0.05903739040499158
2017,PER.17.3_1,Mariscal Ramón Castilla,38974,38967.2339,993.19762134552,0.025483594738685278,0.02548801958365638
2017,PER.17.4_1,Maynas,132141,132166.5145,8709.749554634094,0.06591254458974954,0.06589982027233898
2017,PER.17.5_1,Requena,39626,39634.3226,717.014288187027,0.01809454116456435,0.018090741599566005
2017,PER.17.6_1,Ucayali,29932,29924.9451,959.2000026702881,0.03204597095651103,0.03205352593028903
2017,PER.18.1_1,Manu,28191,28189.1616,932.200005531311,0.033067291175598985,0.03306944772069047
2017,PER.18.2_1,Tahuamanu,20252,20245.0595,798.4785747528076,0.039427146689354514,0.03944066332831343
2017,PER.18.3_1,Tambopata,35907,35901.8019,6518.986589431763,0.18155197007357235,0.18157825660871557
2017,PER.19.1_1,General Sánchez Cerro,5722,5725.7242,1270.250003695488,0.22199405866750926,0.22184966624384594
2017,PER.19.2_1,Ilo,1366,1372.4439,5706.882776260376,4.17780583913644,4.158190067925109
2017,PER.19.3_1,Mariscal Nieto,8656,8657.94,12338.972442388535,1.4254820289265866,1.4251626135935669
2017,PER.20.1_1,Daniel Alcides Carrión,1529,1523.3131,566.4166679382324,0.37044909610087146,0.37183208112313737
2017,PER.20.2_1,Oxapampa,17693,17695.4834,1941.6285511255264,0.1097399282838143,0.10972452743777729
2017,PER.20.3_1,Pasco,4753,4751.908,10609.076460838318,2.2320800464629325,2.232592980459286
2017,PER.21.1_1,Ayabaca,5206,5197.2449,1162.1444473266602,0.2232317417070035,0.223607792222809
2017,PER.21.2_1,Huancabamba,4280,4276.7233,1572.245239853859,0.3673470186574437,0.36762847068635784
2017,PER.21.3_1,Morropón,3810,3811.6782,6121.4671367406845,1.6066842878584473,1.605976890130638
2017,PER.21.4_1,Paita,1747,1750.2889,11867.936071634293,6.793323452566853,6.780558434145995
2017,PER.21.5_1,Piura,6150,6149.5744,26777.73889708519,4.354103885704909,4.354405226287517
2017,PER.21.6_1,Sechura,6472,6478.1826,6931.110189080238,1.0709379154944745,1.0699158451592357
2017,PER.21.7_1,Sullana,5263,5254.043,12108.763181447983,2.3007340264959115,2.3046562664099652
2017,PER.21.8_1,Talara,2932,2939.2512,16716.581334114075,5.701426103040271,5.687360578297238
2017,PER.22.1_1,Azángaro,5245,5231.2106,4537.007374167442,0.8650157052750128,0.8672958716237812
2017,PER.22.2_1,Carabaya,11680,11690.4688,1834.6285818815231,0.1570743648871167,0.15693370540334806
2017,PER.22.3_1,Chucuíto,3940,3941.2265,1923.5419887304306,0.4882086265813276,0.4880566939651083
2017,PER.22.4_1,El Collao,5653,5651.7589,2737.4009095430374,0.4842386183518552,0.4843449559961495
2017,PER.22.5_1,Huancane,2818,2828.4046,2270.2680765390396,0.8056309710926329,0.8026673725860376
2017,PER.22.6_1,Lago Titicaca,5287,5283.4928,2589.198783636093,0.48972929518367564,0.4900543814517823
2017,PER.22.7_1,Lampa,5711,5717.1909,2306.7956504821777,0.40392149369325475,0.4034841033418509
2017,PER.22.8_1,Melgar,6535,6541.587,3745.4958678483963,0.5731439736569849,0.5725668468804869
2017,PER.22.9_1,Moho,1039,1031.7237,830.9785747528076,0.7997868861913452,0.8054274281235717
2017,PER.22.10_1,Puno,6525,6518.8824,6987.003077864647,1.0708050694045437,1.07180995950968
2017,PER.22.11_1,San Antonio de Putina,3149,3140.0951,2544.310556769371,0.8079741367956085,0.8102654347021523
2017,PER.22.12_1,San Román,2280,2280.1851,11712.605463504791,5.137107659431926,5.13669065414615
2017,PER.22.13_1,Sandia,12540,12540.8815,935.5833349227905,0.07460792144519861,0.074602677482218
2017,PER.22.14_1,Yunguyo,297,302.7066,1131.730898976326,3.810541747395037,3.738705376966376
2017,PER.23.1_1,Bellavista,7793,7790.7683,1159.4162409305573,0.14877662529584976,0.14881924374740696
2017,PER.23.2_1,El Dorado,1319,1318.8251,285.5000033378601,0.21645185999837763,0.21648057055120992
2017,PER.23.3_1,Huallaga,2365,2359.6027,464.4666701555252,0.196391826704239,0.19684104628922083
2017,PER.23.4_1,Lamas,5011,5010.8022,2243.6464372873306,0.44774425010723023,0.4477619284733344
2017,PER.23.5_1,Mariscal Cáceres,14425,14434.6489,1267.9278755187988,0.08789794630979542,0.08783919042517783
2017,PER.23.6_1,Moyobamba,3795,3794.5532,3891.2983382940292,1.0253750562039603,1.0254957844459747
2017,PER.23.7_1,Picota,2126,2134.7792,888.6833387613297,0.4180072148454044,0.4162881660896033
2017,PER.23.8_1,Rioja,2593,2598.5485,3307.5137042999268,1.2755548416120042,1.27283125663689
2017,PER.23.9_1,San Martín,4817,4823.345,5135.388507962227,1.0660968461619735,1.0646944282040265
2017,PER.23.10_1,Tocache,6111,6102.5482,2178.7404856681824,0.35652765270302444,0.3570214320057774
2017,PER.24.1_1,Candarave,2305,2304.2136,1195.5833381414413,0.5186912529897794,0.5188682855332962
2017,PER.24.2_1,Jorge Basadre,2750,2746.7382,4577.349870800972,1.6644908621094443,1.6664674596172113
2017,PER.24.3_1,Tacna,8159,8162.2685,13025.413398385048,1.5964472850085853,1.5958080112164457
2017,PER.24.4_1,Tarata,2788,2785.0639,729.5000009536743,0.26165710220720023,0.2619329463218366
2017,PER.25.1_1,Contralmirante Villar,2134,2127.3485,2115.4142936468124,0.991290671812002,0.9943900953640138
2017,PER.25.2_1,Tumbes,1785,1786.2221,7008.903264164925,3.926556450512563,3.923870036446925
2017,PER.25.3_1,Zarumilla,721,728.412,4965.282076835632,6.886660300742902,6.816584329690399
2017,PER.26.1_1,Atalaya,38581,38583.1679,767.3881011009216,0.01989031132165889,0.019889193726223196
2017,PER.26.2_1,Coronel Portillo,39067,39060.4079,12083.2307574749,0.3092950765985333,0.30934727504195914
2017,PER.26.3_1,Padre Abad,9291,9288.8146,1815.1392998695374,0.19536533202771902,0.19541129569431623
2017,PER.26.4_1,Purús,18173,18145.6829,61.0,0.003356627964562813,0.003361681144202795
2018,PER.1.1_1,Bagua,5897,5891.871,1161.4293798208237,0.1969525826387695,0.19712403469259895
2018,PER.1.2_1,Bongará,2824,2829.7375,337.00000274181366,0.1193342785912938,0.11909232102277424
2018,PER.1.3_1,Chachapoyas,2999,2997.3637,1534.334119439125,0.5116152448946732,0.511894535744448
2018,PER.1.4_1,Condorcanqui,17948,17952.2232,75.0,0.004178738578114553,0.004177755535771282
2018,PER.1.5_1,Luya,3367,3359.4489,380.5000033378601,0.11300861399995846,0.11326262442981663
2018,PER.1.6_1,Rodríguez de Mendoza,2682,2681.7449,241.91666865348816,0.09020010016908582,0.09020868108217182
2018,PER.1.7_1,Utcubamba,3871,3870.408,2349.5393530130386,0.6069592748677444,0.6070521053857503
2018,PER.2.1_1,Aija,696,697.1118,304.4000015258789,0.4373563240314352,0.4366587953107534
2018,PER.2.2_1,Antonio Raymondi,559,561.5141,361.5,0.646690518783542,0.643795031463033
2018,PER.2.3_1,Asunción,524,524.8509,159.83333337306976,0.3050254453684538,0.3045309292143812
2018,PER.2.4_1,Bolognesi,3069,3067.2607,1592.9666751623154,0.5190507250447427,0.5193450500873033
2018,PER.2.5_1,Carhuaz,817,816.2705,1820.9830989837646,2.22886548223227,2.2308573923753934
2018,PER.2.6_1,Carlos Fermin Fitzcarrald,628,627.065,194.3333339691162,0.3094479840272551,0.309909400107831
2018,PER.2.7_1,Casma,2274,2279.5761,3119.2190454006195,1.3716882345649162,1.3683329283401864
2018,PER.2.8_1,Corongo,1016,1015.6517,293.16666662693024,0.28854986872729355,0.2886488353536426
2018,PER.2.9_1,Huaraz,2499,2501.0478,5487.866470575333,2.196024998229425,2.194226941277385
2018,PER.2.10_1,Huari,2799,2790.2845,4515.53354883194,1.6132667198399213,1.6183057749301206
2018,PER.2.11_1,Huarmey,3927,3933.9868,1570.7003960609436,0.3999746361245082,0.39926427786275726
2018,PER.2.12_1,Huaylas,2277,2284.0483,2137.316670656204,0.9386546643198086,0.9357581005827411
2018,PER.2.13_1,Mariscal Luzuriaga,731,733.0131,310.00000047683716,0.4240766080394489,0.422911970744156
2018,PER.2.14_1,Ocros,1943,1949.2401,71.0,0.03654143077714874,0.03642445097519888
2018,PER.2.15_1,Pallasca,2067,2063.679,1074.833335161209,0.5199967755980692,0.5208335939111094
2018,PER.2.16_1,Pomabamba,923,923.2323,342.000003695488,0.37053088157691005,0.370437664463735
2018,PER.2.17_1,Recuay,2322,2318.0851,957.0500030517578,0.41216623731772517,0.412862331926079
2018,PER.2.18_1,Santa,3997,3987.845,16587.83867394924,4.150072222654301,4.159599643887824
2018,PER.2.19_1,Sihuas,1459,1456.9158,321.5666700601578,0.22040210422217804,0.22071740625527847
2018,PER.2.20_1,Yungay,1370,1362.6156,1647.9611541032791,1.2028913533600578,1.2094101745681205
2018,PER.3.1_1,Abancay,3469,3461.1924,4193.396659851074,1.2088200230184705,1.2115468332937336
2018,PER.3.2_1,Andahuaylas,4011,4018.7208,3904.4954776763916,0.9734468904703045,0.9715767008814155
2018,PER.3.3_1,Antabamba,3217,3220.4249,504.00000166893005,0.15666770334750701,0.15650108739355417
2018,PER.3.4_1,Aymaraes,4129,4128.1482,1424.2000163793564,0.34492613620231444,0.34499730730875744
2018,PER.3.5_1,Chincheros,1523,1523.0751,1212.7333384752274,0.7962792767401361,0.7962400218538196
2018,PER.3.6_1,Cotabambas,2622,2621.0521,7163.388382077217,2.7320321823330347,2.7330201763747803
2018,PER.3.7_1,Grau,2128,2129.1362,364.72222328186035,0.17139202221891933,0.1713005592913516
2018,PER.4.1_1,Arequipa,10399,10401.7538,46205.59014546871,4.443272444030072,4.442096113472244
2018,PER.4.2_1,Camaná,4592,4594.9288,4710.992574810982,1.0259130171626702,1.025259102463959
2018,PER.4.3_1,Caravelí,13035,13027.441,5243.330211400986,0.4022501121136161,0.4024835137860046
2018,PER.4.4_1,Castilla,7621,7620.9932,3676.6850051879883,0.48244128135257686,0.4824417142116627
2018,PER.4.5_1,Caylloma,12048,12035.9001,3938.275430560112,0.3268820908499429,0.32721070985864925
2018,PER.4.6_1,Condesuyos,6838,6852.1717,1661.9690494537354,0.2430489981652143,0.24254632152336483
2018,PER.4.7_1,Islay,3849,3849.9051,5817.883221507072,1.5115311045744537,1.5111757668540517
2018,PER.4.8_1,La Unión,4893,4893.6009,674.0833368301392,0.1377648348314202,0.13774791720935542
2018,PER.5.1_1,Cangallo,1872,1872.5839,597.666668176651,0.31926638257299733,0.3191668380503673
2018,PER.5.2_1,Huamanga,2955,2958.2366,7522.343395233154,2.5456322826508138,2.5428471507934316
2018,PER.5.3_1,Huanca Sancos,2830,2831.2856,291.16666746139526,0.1028857482195743,0.10283903066938885
2018,PER.5.4_1,Huanta,3810,3814.0301,2544.948376059532,0.6679654530339979,0.6672596479665905
2018,PER.5.5_1,La Mar,4318,4312.4371,1591.5916746854782,0.36859464443850815,0.36907012263711525
2018,PER.5.6_1,Lucanas,14484,14477.3422,3789.3166939020157,0.26162087088525376,0.2617411841408353
2018,PER.5.7_1,Parinacochas,5934,5950.4746,2205.6603289842606,0.3716987409815067,0.37066965004135427
2018,PER.5.8_1,Paucar del Sara Sara,2090,2081.7527,1204.2394063472748,0.5761911035154424,0.5784737951925412
2018,PER.5.9_1,Sucre,1781,1786.8708,121.00000047683716,0.06793936017789846,0.06771614521180995
2018,PER.5.10_1,Victor Fajardo,2276,2265.2791,847.8166736364365,0.37250293217769614,0.3742658811435198
2018,PER.5.11_1,Vilcas Huamán,1214,1205.7813,268.3333349227905,0.22103240108961328,0.22253897424036806
2018,PER.6.1_1,Cajabamba,1792,1788.6443,2504.690091729164,1.3977065244024354,1.4003287815986505
2018,PER.6.2_1,Cajamarca,2977,2977.7902,14114.433287382126,4.741159989043375,4.739901817928983
2018,PER.6.3_1,Celendín,2582,2580.2493,1308.0230861902237,0.5065929845818062,0.506936711490285
2018,PER.6.4_1,Chota,3840,3836.4892,1823.08059155941,0.4747605707185964,0.4751950261497447
2018,PER.6.5_1,Contumazá,2062,2060.9532,1185.0333364009857,0.5747009390887419,0.5749928464203459
2018,PER.6.6_1,Cutervo,3025,3030.0606,1074.1559385061264,0.3550928722334302,0.354499815214358
2018,PER.6.7_1,Hualgayoc,785,783.6578,3243.165477991104,4.1314209910714705,4.138497156068104
2018,PER.6.8_1,Jaén,5027,5025.2434,3385.6823691129684,0.6734995761115911,0.6737349994318255
2018,PER.6.9_1,San Ignacio,4891,4894.3699,958.889298915863,0.19605178877854487,0.1959168031708405
2018,PER.6.10_1,San Marcos,1343,1348.0813,1351.1008058786392,1.006031873327356,1.0022398431063546
2018,PER.6.11_1,San Miguel,2530,2527.3116,1458.3614829778671,0.5764274636276154,0.5770406335673236
2018,PER.6.12_1,San Pablo,666,665.0983,446.5833342075348,0.6705455468581604,0.6714546024274581
2018,PER.6.13_1,Santa Cruz,1382,1383.2844,1144.0047651529312,0.8277892656678228,0.8270206671224536
2018,PER.7.1_1,Callao,164,160.8378,9131.131680488586,55.677632198101136,56.77231609080353
2018,PER.8.1_1,Acomayo,935,932.9494,714.166669845581,0.7638146201557017,0.7654934476056208
2018,PER.8.2_1,Anta,1928,1932.7747,3014.8718440532684,1.5637302095711973,1.5598671685324452
2018,PER.8.3_1,Calca,3559,3559.4921,2167.41668176651,0.6089959768942147,0.6089117854259629
2018,PER.8.4_1,Canas,2139,2134.9741,577.3333350419998,0.26990805752314156,0.2704170212877605
2018,PER.8.5_1,Canchis,3953,3950.2571,3448.316542029381,0.8723290012722946,0.8729347223619822
2018,PER.8.6_1,Chumbivilcas,5329,5334.9773,4091.810313820839,0.7678383024621578,0.7669780147009737
2018,PER.8.7_1,Cusco,530,530.1969,9794.724950790405,18.480613114698876,18.473748868859246
2018,PER.8.8_1,Espinar,5235,5235.9122,7220.884033799171,1.3793474754153146,1.3791071637011918
2018,PER.8.9_1,La Convención,31674,31679.4986,12368.740042567253,0.3905013589242676,0.39043358022679175
2018,PER.8.10_1,Paruro,1966,1966.4681,225.8333339691162,0.11486944759365016,0.11484210239534824
2018,PER.8.11_1,Paucartambo,5708,5714.5208,550.8166680335999,0.09649906587834615,0.09638895229773119
2018,PER.8.12_1,Quispicanchi,7819,7811.3434,4099.666696548462,0.524321102001338,0.5248350386921886
2018,PER.8.13_1,Urubamba,1463,1459.7168,3469.058354496956,2.3711950475030457,2.3765282856906538
2018,PER.9.1_1,Acobamba,921,927.3542,1610.4976218938828,1.7486401974960726,1.7366585584534053
2018,PER.9.2_1,Angaraes,1942,1944.836,1470.8428630828857,0.7573856143578196,0.756281180233718
2018,PER.9.3_1,Castrovirreyna,3960,3958.9592,490.5000014305115,0.12386363672487663,0.12389620103610562
2018,PER.9.4_1,Churcampa,1068,1062.7849,1377.138897895813,1.289455896906192,1.295783254006908
2018,PER.9.5_1,Huancavelica,3999,3992.4364,3511.5944553613663,0.8781181433761857,0.8795617708346272
2018,PER.9.6_1,Huaytara,6463,6465.2905,982.6666703224182,0.1520449745199471,0.15199110840434293
2018,PER.9.7_1,Tayacaja,3735,3730.9345,3800.17335832119,1.0174493596576144,1.0185580554682383
2018,PER.10.1_1,Ambo,1571,1576.1231,1004.8333383798599,0.6396138372882622,0.6375348228076773
2018,PER.10.2_1,Dos de Mayo,1342,1335.5805,459.95000100135803,0.3427347250382698,0.34438209171918627
2018,PER.10.3_1,Huacaybamba,1763,1765.4566,67.0,0.03800340328984685,0.03795052160505757
2018,PER.10.4_1,Huamalíes,3158,3166.8282,581.6666667461395,0.18418830485944887,0.183674840257227
2018,PER.10.5_1,Huenuco,4107,4110.2577,6706.9884914159775,1.6330626957428724,1.6317683578704554
2018,PER.10.6_1,Lauricocha,2076,2083.3213,468.28333806991577,0.22557000870419835,0.22477730310101257
2018,PER.10.7_1,Leoncio Prado,4962,4958.1773,2627.417668223381,0.529507792870492,0.5299160389285399
2018,PER.10.8_1,Marañón,4875,4878.4786,214.08333349227905,0.043914529947134164,0.04388321675045331
2018,PER.10.9_1,Pachitea,2655,2647.0304,519.2500014305115,0.19557438848606834,0.19616321616160468
2018,PER.10.10_1,Puerto Inca,9819,9814.2188,715.2000041007996,0.07283837499753534,0.07287386002021311
2018,PER.10.11_1,Yarowilca,752,746.4216,37.0,0.04920212765957447,0.04956983783054218
2018,PER.11.1_1,Chincha,2899,2905.713,10917.253263950348,3.765868666419575,3.7571684581281715
2018,PER.11.2_1,Ica,7867,7864.1979,20539.556098222733,2.6108498917278165,2.6117801800721185
2018,PER.11.3_1,Nazca,5224,5209.8162,9843.787099838257,1.8843390313626065,1.8894691856419097
2018,PER.11.4_1,Palpa,1209,1219.3592,1581.9746007919312,1.308498429108297,1.2973819435866738
2018,PER.11.5_1,Pisco,3979,3968.9444,12272.088527441025,3.084214256707973,3.092028346935296
2018,PER.12.1_1,Chanchamayo,4671,4674.6736,4501.837811231613,0.9637845881463526,0.963027201885942
2018,PER.12.2_1,Chupaca,1170,1163.9265,2492.900524377823,2.1306842088699343,2.141802372652172
2018,PER.12.3_1,Concepción,2242,2248.8693,2327.1784267425537,1.037992161794181,1.0348215641205356
2018,PER.12.4_1,Huancayo,3738,3734.3439,12067.469614624977,3.228322529327174,3.231483229377888
2018,PER.12.5_1,Jauja,4385,4383.5123,4921.0000277757645,1.1222348980104366,1.122615778060764
2018,PER.12.6_1,Junín,2633,2625.8821,1319.1362657546997,0.5010012403170147,0.5023592809160939
2018,PER.12.7_1,Satipo,19490,19497.3878,3271.0583901405334,0.1678326521365076,0.1677690586323442
2018,PER.12.8_1,Tarma,2663,2663.9461,6052.899592161179,2.2729626707326993,2.2721553910024266
2018,PER.12.9_1,Yauli,3632,3637.3003,10918.449495196342,3.00618102841309,3.0018004262456897
2018,PER.13.1_1,Ascope,2653,2656.16,10620.612780809402,4.003246430761177,3.998483805749298
2018,PER.13.2_1,Bolívar,1744,1745.5625,46.166666984558105,0.026471712720503502,0.026448017486316103
2018,PER.13.3_1,Chepén,1153,1150.5574,4696.395051598549,4.073196055159192,4.081843442083862
2018,PER.13.4_1,Gran Chimú,1305,1306.9247,359.4166671037674,0.27541507057759956,0.27500946978686897
2018,PER.13.5_1,Julcan,1107,1110.773,284.5000009536743,0.2570009042038612,0.25612793699841674
2018,PER.13.6_1,Otuzco,2088,2088.1443,2149.302389740944,1.029359382059839,1.0292882426687207
2018,PER.13.7_1,Pacasmayo,1119,1119.8766,6730.628643155098,6.014860270916084,6.010152281753752
2018,PER.13.8_1,Pataz,3991,3989.5251,3359.645268559456,0.8418053792431611,0.8421165790775383
2018,PER.13.9_1,Sánchez Carrión,2501,2494.8258,3390.944803595543,1.3558355872033359,1.3591910204551763
2018,PER.13.10_1,Santiago de Chuco,2668,2671.5263,2418.1333426237106,0.9063468300688571,0.9051504759600321
2018,PER.13.11_1,Trujillo,1767,1766.3122,21352.160260915756,12.083848478163983,12.088554167699144
2018,PER.13.12_1,Viru,3207,3207.8223,5014.276237130165,1.5635410779950625,1.5631402817751239
2018,PER.14.1_1,Chiclayo,3211,3211.4229,20863.94161069393,6.497646094890667,6.496790462093533
2018,PER.14.2_1,Ferreñafe,1705,1705.7385,3354.9396258592606,1.9677065254306514,1.966854604508694
2018,PER.14.3_1,Lambayeque,9365,9366.3112,13021.453161001205,1.3904381378538393,1.3902434833188786
2018,PER.16.1_1,Barranca,1389,1382.5918,6754.183186531067,4.862622884471611,4.885160582197453
2018,PER.16.2_1,Cajatambo,1525,1527.1172,116.0,0.0760655737704918,0.07596011653028274
2018,PER.16.3_1,Cañete,4605,4605.4107,25271.422234535217,5.487822417922957,5.487332974211637
2018,PER.16.4_1,Canta,1690,1693.223,2074.1333445310593,1.227297837000627,1.224961688539903
2018,PER.16.5_1,Huaral,3664,3664.9371,12184.54605269432,3.325476542765917,3.3246262702318456
2018,PER.16.6_1,Huarochiri,5742,5738.1299,11837.406522154808,2.061547635345665,2.0629380360749168
2018,PER.16.7_1,Huaura,4947,4942.2427,11016.581981420517,2.2269217670144568,2.22906535071264
2018,PER.16.8_1,Oyon,1871,1870.9257,2348.138503432274,1.2550179066981688,1.2550677210812882
2018,PER.16.9_1,Yauyos,6916,6912.2907,1001.7666712999344,0.14484769683342025,0.1449254259627569
2018,PER.15.1_1,Lima,2698,2705.3448,100428.00458097458,37.22312994105803,37.12207192419911
2018,PER.17.1_1,Alto Amazonas,66273,66273.3598,3472.178367495537,0.05239205057105513,0.052391766131312585
2018,PER.17.2_1,Loreto,68509,68480.0481,3959.1833423376083,0.05779070402921672,0.057815136663846224
2018,PER.17.3_1,Mariscal Ramón Castilla,38974,38967.2339,895.1500024795532,0.022967876083531413,0.022971864111595238
2018,PER.17.4_1,Maynas,132141,132166.5145,8529.881162643433,0.06455135924991814,0.0645388977072863
2018,PER.17.5_1,Requena,39626,39634.3226,749.014288187027,0.018902091762656514,0.018898122624914707
2018,PER.17.6_1,Ucayali,29932,29924.9451,998.6916694641113,0.0333653504431415,0.03337321646623794
2018,PER.18.1_1,Manu,28191,28189.1616,912.6000070571899,0.032372033878088395,0.03237414508067799
2018,PER.18.2_1,Tahuamanu,20252,20245.0595,984.1023836135864,0.048592849279754415,0.04860950815707249
2018,PER.18.3_1,Tambopata,35907,35901.8019,6575.438035488129,0.1831241272032787,0.18315064136780884
2018,PER.19.1_1,General Sánchez Cerro,5722,5725.7242,1370.083337187767,0.2394413382012875,0.23928559747851502
2018,PER.19.2_1,Ilo,1366,1372.4439,5822.857623100281,4.262706898316457,4.242692496863178
2018,PER.19.3_1,Mariscal Nieto,8656,8657.94,13837.435716986656,1.5985946992821922,1.598236493673231
2018,PER.20.1_1,Daniel Alcides Carrión,1529,1523.3131,623.6666679382324,0.4078918691551553,0.4094146380097243
2018,PER.20.2_1,Oxapampa,17693,17695.4834,1966.4285529851913,0.11114161267084109,0.11112601511312607
2018,PER.20.3_1,Pasco,4753,4751.908,10613.98059809208,2.2331118447490175,2.2336250158535425
2018,PER.21.1_1,Ayabaca,5206,5197.2449,1277.9127049446106,0.24546920955524598,0.24588272074394055
2018,PER.21.2_1,Huancabamba,4280,4276.7233,1670.5619084835052,0.3903182029167068,0.39061725488814936
2018,PER.21.3_1,Morropón,3810,3811.6782,7018.659810900688,1.8421679293702593,1.841356851912586
2018,PER.21.4_1,Paita,1747,1750.2889,12099.053785562515,6.925617507477113,6.912603901445243
2018,PER.21.5_1,Piura,6150,6149.5744,28450.697083234787,4.626129607030046,4.626449774078789
2018,PER.21.6_1,Sechura,6472,6478.1826,7148.320793747902,1.1044995045964001,1.1034454041087798
2018,PER.21.7_1,Sullana,5263,5254.043,13423.902941465378,2.5506180774207445,2.554966314076332
2018,PER.21.8_1,Talara,2932,2939.2512,19085.916445493698,6.50952129791736,6.493462187227082
2018,PER.22.1_1,Azángaro,5245,5231.2106,4615.257377266884,0.8799346763139912,0.8822541688108444
2018,PER.22.2_1,Carabaya,11680,11690.4688,1834.928582072258,0.1571000498349536,0.1569593673504139
2018,PER.22.3_1,Chucuíto,3940,3941.2265,2013.7504885196686,0.5111041849034692,0.5109451270914089
2018,PER.22.4_1,El Collao,5653,5651.7589,2711.704481244087,0.47969299155211165,0.4797983309876151
2018,PER.22.5_1,Huancane,2818,2828.4046,2341.034744620323,0.8307433444358847,0.827687367415047
2018,PER.22.6_1,Lago Titicaca,5287,5283.4928,2564.683702349663,0.4850924347171672,0.4854144429997834
2018,PER.22.7_1,Lampa,5711,5717.1909,2354.9956560134888,0.41236134757721743,0.4119148180472511
2018,PER.22.8_1,Melgar,6535,6541.587,3793.2125416994095,0.5804456835041177,0.5798612042778676
2018,PER.22.9_1,Moho,1039,1031.7237,775.9785747528076,0.7468513712731546,0.7521185825134741
2018,PER.22.10_1,Puno,6525,6518.8824,7093.846428275108,1.0871795292375646,1.088199785848831
2018,PER.22.11_1,San Antonio de Putina,3149,3140.0951,2649.8772370815277,0.8414980111405296,0.8438843779108002
2018,PER.22.12_1,San Román,2280,2280.1851,12021.704183578491,5.272677273499339,5.272249263335057
2018,PER.22.13_1,Sandia,12540,12540.8815,958.2500019073486,0.07641547064651903,0.07641009963642446
2018,PER.22.14_1,Yunguyo,297,302.7066,1156.8201905488968,3.895017476595612,3.8215885688907925
2018,PER.23.1_1,Bellavista,7793,7790.7683,1076.4162466526031,0.1381260421727965,0.13816560966550862
2018,PER.23.2_1,El Dorado,1319,1318.8251,312.08333706855774,0.23660601748942967,0.23663740132491906
2018,PER.23.3_1,Huallaga,2365,2359.6027,393.41667091846466,0.1663495437287377,0.1667300456785886
2018,PER.23.4_1,Lamas,5011,5010.8022,2223.692867398262,0.44376229642751186,0.44377981757342855
2018,PER.23.5_1,Mariscal Cáceres,14425,14434.6489,1325.9278831481934,0.09191874406573264,0.09185730045587305
2018,PER.23.6_1,Moyobamba,3795,3794.5532,4311.259362101555,1.1360367225564045,1.1361704801659231
2018,PER.23.7_1,Picota,2126,2134.7792,876.1833400726318,0.4121276293850573,0.4104327603412595
2018,PER.23.8_1,Rioja,2593,2598.5485,3360.0719879865646,1.2958241372875297,1.2930572729900713
2018,PER.23.9_1,San Martín,4817,4823.345,5207.01320040226,1.0809659955163504,1.0795440176449218
2018,PER.23.10_1,Tocache,6111,6102.5482,2159.9904866218567,0.353459415254763,0.3539489451475855
2018,PER.24.1_1,Candarave,2305,2304.2136,1223.0833381414413,0.5306218386730766,0.5308029431995255
2018,PER.24.2_1,Jorge Basadre,2750,2746.7382,4735.286794543266,1.7219224707430059,1.7239672687900949
2018,PER.24.3_1,Tacna,8159,8162.2685,13432.724327683449,1.6463689579217367,1.6457096937312587
2018,PER.24.4_1,Tarata,2788,2785.0639,682.0000009536743,0.24461979948123183,0.24487768253290984
2018,PER.25.1_1,Contralmirante Villar,2134,2127.3485,2354.835727930069,1.1034844085895357,1.1069346232062114
2018,PER.25.2_1,Tumbes,1785,1786.2221,7507.641131162643,4.205961418018288,4.2030838447412195
2018,PER.25.3_1,Zarumilla,721,728.412,5252.901900529861,7.285578225422832,7.211443021052376
2018,PER.26.1_1,Atalaya,38581,38583.1679,771.3881011009216,0.019993989297864796,0.019992865876978152
2018,PER.26.2_1,Coronel Portillo,39067,39060.4079,12364.994475603104,0.31650739692331387,0.3165608125600381
2018,PER.26.3_1,Padre Abad,9291,9288.8146,1896.9012093544006,0.2041654514427296,0.20421348551634638
2018,PER.26.4_1,Purús,18173,18145.6829,58.0,0.003191547900731855,0.0031963525633403626
2019,PER.1.1_1,Bagua,5897,5891.871,1153.4293798208237,0.19559596062757736,0.1957662317086723
2019,PER.1.2_1,Bongará,2824,2829.7375,337.00000274181366,0.1193342785912938,0.11909232102277424
2019,PER.1.3_1,Chachapoyas,2999,2997.3637,1539.834119439125,0.5134491895428893,0.5137294815433615
2019,PER.1.4_1,Condorcanqui,17948,17952.2232,75.0,0.004178738578114553,0.004177755535771282
2019,PER.1.5_1,Luya,3367,3359.4489,373.5000033378601,0.11092961192095638,0.1111789493600303
2019,PER.1.6_1,Rodríguez de Mendoza,2682,2681.7449,249.25000262260437,0.09293437830820446,0.09294321933855222
2019,PER.1.7_1,Utcubamba,3871,3870.408,2357.5393530130386,0.6090259243123324,0.6091190709110811
2019,PER.2.1_1,Aija,696,697.1118,306.6000018119812,0.4405172439827316,0.4398146739894566
2019,PER.2.2_1,Antonio Raymondi,559,561.5141,366.5,0.6556350626118068,0.6526995270572657
2019,PER.2.3_1,Asunción,524,524.8509,169.83333337306976,0.3241094148341026,0.3235839591917746
2019,PER.2.4_1,Bolognesi,3069,3067.2607,1587.86667573452,0.5173889461500554,0.5176823288894454
2019,PER.2.5_1,Carhuaz,817,816.2705,1811.3164322376251,2.217033576790239,2.21901491290247
2019,PER.2.6_1,Carlos Fermin Fitzcarrald,628,627.065,204.3333339691162,0.325371550906236,0.3258567105243282
2019,PER.2.7_1,Casma,2274,2279.5761,3118.5523812770844,1.3713950665246633,1.368040477422473
2019,PER.2.8_1,Corongo,1016,1015.6517,310.66666781902313,0.30577427934943224,0.30587915359174256
2019,PER.2.9_1,Huaraz,2499,2501.0478,5456.866471529007,2.1836200366262535,2.1818321365838425
2019,PER.2.10_1,Huari,2799,2790.2845,4556.812132835388,1.6280143382763088,1.633099457703444
2019,PER.2.11_1,Huarmey,3927,3933.9868,1572.2003960609436,0.40035660709471443,0.39964557044936133
2019,PER.2.12_1,Huaylas,2277,2284.0483,2155.816670656204,0.9467793898358385,0.9438577542739585
2019,PER.2.13_1,Mariscal Luzuriaga,731,733.0131,339.00000047683716,0.4637482906659879,0.46247470343033514
2019,PER.2.14_1,Ocros,1943,1949.2401,71.0,0.03654143077714874,0.03642445097519888
2019,PER.2.15_1,Pallasca,2067,2063.679,1120.5833373069763,0.5421303034866842,0.5430027407541844
2019,PER.2.16_1,Pomabamba,923,923.2323,383.000003695488,0.4149512499409404,0.4148468576768914
2019,PER.2.17_1,Recuay,2322,2318.0851,948.583336353302,0.40851995536317914,0.4092098918805025
2019,PER.2.18_1,Santa,3997,3987.845,16709.067242383957,4.180402112180125,4.189999162475016
2019,PER.2.19_1,Sihuas,1459,1456.9158,335.5666700601578,0.22999771765603685,0.23032674694657532
2019,PER.2.20_1,Yungay,1370,1362.6156,1665.9611541032791,1.2160300394914445,1.2226200630949358
2019,PER.3.1_1,Abancay,3469,3461.1924,4189.8966608047485,1.207811087000504,1.2105356213562353
2019,PER.3.2_1,Andahuaylas,4011,4018.7208,3983.995479822159,0.9932673846477583,0.9913591158557611
2019,PER.3.3_1,Antabamba,3217,3220.4249,490.00000166893005,0.15231582271337582,0.1521538349803508
2019,PER.3.4_1,Aymaraes,4129,4128.1482,1405.5214475393295,0.34040238496956393,0.3404726226576697
2019,PER.3.5_1,Chincheros,1523,1523.0751,1255.7166738510132,0.8245020839468241,0.8244614377357289
2019,PER.3.6_1,Cotabambas,2622,2621.0521,7206.388386845589,2.748431879041033,2.7494258037605865
2019,PER.3.7_1,Grau,2128,2129.1362,368.22222328186035,0.17303675906102461,0.17294441842372038
2019,PER.4.1_1,Arequipa,10399,10401.7538,46214.06624662876,4.444087532130855,4.44291098578319
2019,PER.4.2_1,Camaná,4592,4594.9288,4762.333745121956,1.037093585610182,1.036432544441755
2019,PER.4.3_1,Caravelí,13035,13027.441,5584.124264955521,0.4283946501691999,0.42864322195272636
2019,PER.4.4_1,Castilla,7621,7620.9932,3669.3933403491974,0.48148449551885547,0.48148492751948774
2019,PER.4.5_1,Caylloma,12048,12035.9001,3841.275431036949,0.31883096207145994,0.3191514871709794
2019,PER.4.6_1,Condesuyos,6838,6852.1717,1693.3023827075958,0.24763123467499207,0.24711908100061716
2019,PER.4.7_1,Islay,3849,3849.9051,5810.514179110527,1.5096165703067101,1.5092616826638754
2019,PER.4.8_1,La Unión,4893,4893.6009,706.3333370685577,0.1443558833166887,0.144338156309069
2019,PER.5.1_1,Cangallo,1872,1872.5839,597.666668176651,0.31926638257299733,0.3191668380503673
2019,PER.5.2_1,Huamanga,2955,2958.2366,7695.056255817413,2.6040799512072463,2.6012308727756492
2019,PER.5.3_1,Huanca Sancos,2830,2831.2856,288.16666746139526,0.1018256775481962,0.10177944134655172
2019,PER.5.4_1,Huanta,3810,3814.0301,2572.4483765363693,0.6751833009281809,0.674469869128588
2019,PER.5.5_1,La Mar,4318,4312.4371,1629.7916749715805,0.3774413327863781,0.3779282229995186
2019,PER.5.6_1,Lucanas,14484,14477.3422,3863.266698360443,0.26672650499588807,0.2668491662119346
2019,PER.5.7_1,Parinacochas,5934,5950.4746,2218.374220609665,0.37384129096893576,0.3728062681314219
2019,PER.5.8_1,Paucar del Sara Sara,2090,2081.7527,1222.1727380752563,0.5847716450120843,0.5870883301516644
2019,PER.5.9_1,Sucre,1781,1786.8708,127.50000047683716,0.07158899521439481,0.0713537893617455
2019,PER.5.10_1,Victor Fajardo,2276,2265.2791,845.7333433628082,0.3715875849572971,0.3733462018486693
2019,PER.5.11_1,Vilcas Huamán,1214,1205.7813,274.3333350419998,0.2259747405617791,0.22751500106295838
2019,PER.6.1_1,Cajabamba,1792,1788.6443,2811.0567630529404,1.5686700686679356,1.5716130730141522
2019,PER.6.2_1,Cajamarca,2977,2977.7902,14171.758833169937,4.760416134756445,4.7591528536001295
2019,PER.6.3_1,Celendín,2582,2580.2493,1298.0230861902237,0.5027200178893197,0.5030611169626166
2019,PER.6.4_1,Chota,3840,3836.4892,1721.08059155941,0.44819807071859635,0.44860821869225637
2019,PER.6.5_1,Contumazá,2062,2060.9532,1138.5666694641113,0.5521661830572799,0.5524466443305011
2019,PER.6.6_1,Cutervo,3025,3030.0606,1028.9308401346207,0.3401424264907837,0.33957433890218797
2019,PER.6.7_1,Hualgayoc,785,783.6578,3324.23589015007,4.234695401465058,4.2419484515502495
2019,PER.6.8_1,Jaén,5027,5025.2434,3562.692396759987,0.7087114375890167,0.7089591692961226
2019,PER.6.9_1,San Ignacio,4891,4894.3699,1034.3892998695374,0.21148830502341798,0.21134269106317913
2019,PER.6.10_1,San Marcos,1343,1348.0813,1336.1008058786392,0.994862848755502,0.9911129178753251
2019,PER.6.11_1,San Miguel,2530,2527.3116,1418.4864829778671,0.560666594062398,0.5612629985076584
2019,PER.6.12_1,San Pablo,666,665.0983,455.5833342075348,0.6840590603716739,0.6849864361502069
2019,PER.6.13_1,Santa Cruz,1382,1383.2844,1146.0047651529312,0.8292364436707172,0.8284665014271944
2019,PER.7.1_1,Callao,164,160.8378,9133.007008552551,55.689067125320435,56.783975841352174
2019,PER.8.1_1,Acomayo,935,932.9494,749.166669845581,0.8012477752359156,0.8030088789432241
2019,PER.8.2_1,Anta,1928,1932.7747,3232.4635150432587,1.6765889600846777,1.6724471126494338
2019,PER.8.3_1,Calca,3559,3559.4921,2207.500017642975,0.6202585045358177,0.6201727560642779
2019,PER.8.4_1,Canas,2139,2134.9741,590.3333350419998,0.27598566388125284,0.2765060881463114
2019,PER.8.5_1,Canchis,3953,3950.2571,3555.205434203148,0.8993689436385398,0.8999934405150364
2019,PER.8.6_1,Chumbivilcas,5329,5334.9773,4139.310313820839,0.7767517946745804,0.7758815202166722
2019,PER.8.7_1,Cusco,530,530.1969,9890.437510490417,18.66120284998192,18.65427152777792
2019,PER.8.8_1,Espinar,5235,5235.9122,7279.751107811928,1.3905923797157456,1.390350108899746
2019,PER.8.9_1,La Convención,31674,31679.4986,12498.856354117393,0.3946093437556795,0.3945408520418344
2019,PER.8.10_1,Paruro,1966,1966.4681,265.8333339691162,0.1352153275529584,0.13518313892471256
2019,PER.8.11_1,Paucartambo,5708,5714.5208,512.8166680335999,0.08984174282298525,0.08973922580998744
2019,PER.8.12_1,Quispicanchi,7819,7811.3434,4021.166696548462,0.5142814549876534,0.5147855508711364
2019,PER.8.13_1,Urubamba,1463,1459.7168,3717.384556412697,2.5409327111501687,2.5466477194458883
2019,PER.9.1_1,Acobamba,921,927.3542,1645.8309568166733,1.7870042962178863,1.774759787327128
2019,PER.9.2_1,Angaraes,1942,1944.836,1568.3095345497131,0.8075744256177719,0.8063968052134548
2019,PER.9.3_1,Castrovirreyna,3960,3958.9592,488.0000014305115,0.12323232359356351,0.12326472192971025
2019,PER.9.4_1,Churcampa,1068,1062.7849,1386.138897895813,1.2978828631983268,1.304251571403128
2019,PER.9.5_1,Huancavelica,3999,3992.4364,3542.127791404724,0.8857533861977305,0.8872095660060718
2019,PER.9.6_1,Huaytara,6463,6465.2905,963.000003695488,0.14900201202158253,0.1489492239591678
2019,PER.9.7_1,Tayacaja,3735,3730.9345,3813.5066916942596,1.0210191945633895,1.0221317803573005
2019,PER.10.1_1,Ambo,1571,1576.1231,1017.8333383798599,0.6478888213748313,0.6457829097091955
2019,PER.10.2_1,Dos de Mayo,1342,1335.5805,443.95000100135803,0.33081222131248733,0.33240228205398153
2019,PER.10.3_1,Huacaybamba,1763,1765.4566,76.0,0.04310833806012479,0.043048352865438434
2019,PER.10.4_1,Huamalíes,3158,3166.8282,580.4166667461395,0.1837924847201202,0.18328012355185708
2019,PER.10.5_1,Huenuco,4107,4110.2577,6882.825894713402,1.675876770078744,1.6745484984951289
2019,PER.10.6_1,Lauricocha,2076,2083.3213,513.100004196167,0.2471579981677105,0.2462894273362191
2019,PER.10.7_1,Leoncio Prado,4962,4958.1773,2801.965287566185,0.5646846609363533,0.5651200280640355
2019,PER.10.8_1,Marañón,4875,4878.4786,208.58333349227905,0.042786324818929036,0.042755816087401706
2019,PER.10.9_1,Pachitea,2655,2647.0304,500.5000014305115,0.18851224159341298,0.18907980683488884
2019,PER.10.10_1,Puerto Inca,9819,9814.2188,751.0500044822693,0.07648945966822174,0.07652672340743927
2019,PER.10.11_1,Yarowilca,752,746.4216,28.0,0.03723404255319149,0.03751230970959949
2019,PER.11.1_1,Chincha,2899,2905.713,11082.764035463333,3.822961033274692,3.8141289256720046
2019,PER.11.2_1,Ica,7867,7864.1979,20826.610500574112,2.647338312008912,2.6482816017717163
2019,PER.11.3_1,Nazca,5224,5209.8162,11146.96108019352,2.1337980628241806,2.13960737477971
2019,PER.11.4_1,Palpa,1209,1219.3592,1564.9746007919312,1.2944372214987023,1.283440194439796
2019,PER.11.5_1,Pisco,3979,3968.9444,13055.340720415115,3.281060749036219,3.2893735647488547
2019,PER.12.1_1,Chanchamayo,4671,4674.6736,4511.049065351486,0.9657565971636665,0.9649976612078639
2019,PER.12.2_1,Chupaca,1170,1163.9265,2483.90052819252,2.1229919044380514,2.134069928860275
2019,PER.12.3_1,Concepción,2242,2248.8693,2364.554205417633,1.0546628926929675,1.0514413734588794
2019,PER.12.4_1,Huancayo,3738,3734.3439,12244.55594778061,3.2756971502890875,3.278904232622091
2019,PER.12.5_1,Jauja,4385,4383.5123,4922.800027966499,1.1226453883618015,1.1230264077301861
2019,PER.12.6_1,Junín,2633,2625.8821,1295.1362657546997,0.491886162459058,0.49321949524346786
2019,PER.12.7_1,Satipo,19490,19497.3878,3384.3885548114777,0.17364743739412405,0.1735816406085027
2019,PER.12.8_1,Tarma,2663,2663.9461,6027.886896848679,2.263569995061464,2.2627660512930086
2019,PER.12.9_1,Yauli,3632,3637.3003,10853.582829713821,2.9883212636877263,2.9839666867408052
2019,PER.13.1_1,Ascope,2653,2656.16,11190.12551510334,4.217913876782261,4.212895863908222
2019,PER.13.2_1,Bolívar,1744,1745.5625,44.166666984558105,0.025324923729677814,0.025302255003823593
2019,PER.13.3_1,Chepén,1153,1150.5574,4725.964646935463,4.098841844696846,4.107543677580443
2019,PER.13.4_1,Gran Chimú,1305,1306.9247,372.9166671037674,0.2857598981638064,0.28533906265756037
2019,PER.13.5_1,Julcan,1107,1110.773,284.6666679382324,0.2571514615521521,0.25627798294139575
2019,PER.13.6_1,Otuzco,2088,2088.1443,2133.3857229948044,1.0217364573729906,1.0216658448048948
2019,PER.13.7_1,Pacasmayo,1119,1119.8766,6829.770153641701,6.103458582342896,6.098681244954469
2019,PER.13.8_1,Pataz,3991,3989.5251,3457.141487956047,0.8662343993876339,0.8665546301776339
2019,PER.13.9_1,Sánchez Carrión,2501,2494.8258,3535.344057559967,1.4135721941463282,1.417070514435958
2019,PER.13.10_1,Santiago de Chuco,2668,2671.5263,2424.754124403,0.9088283824598951,0.9076287527668225
2019,PER.13.11_1,Trujillo,1767,1766.3122,22039.695795297623,12.472946120711727,12.477803332562647
2019,PER.13.12_1,Viru,3207,3207.8223,5148.075880646706,1.6052622016360167,1.604850710673943
2019,PER.14.1_1,Chiclayo,3211,3211.4229,21290.549003839493,6.630504205493458,6.629631077474957
2019,PER.14.2_1,Ferreñafe,1705,1705.7385,3357.1062947511673,1.9689772989742917,1.9681248278693906
2019,PER.14.3_1,Lambayeque,9365,9366.3112,13228.610711336136,1.4125585383167256,1.41236078703395
2019,PER.16.1_1,Barranca,1389,1382.5918,7157.222616195679,5.1527880606160394,5.176670640555839
2019,PER.16.2_1,Cajatambo,1525,1527.1172,115.0,0.07540983606557378,0.07530528793950444
2019,PER.16.3_1,Cañete,4605,4605.4107,29162.759976148605,6.332846900358003,6.332282091249019
2019,PER.16.4_1,Canta,1690,1693.223,2201.3833454847336,1.3025936955530968,1.300114222221463
2019,PER.16.5_1,Huaral,3664,3664.9371,12562.579834461212,3.428651701545091,3.4277750487306053
2019,PER.16.6_1,Huarochiri,5742,5738.1299,12447.398878216743,2.1677810655201575,2.169243114867298
2019,PER.16.7_1,Huaura,4947,4942.2427,12342.449355840683,2.4949361948333704,2.497337763058384
2019,PER.16.8_1,Oyon,1871,1870.9257,2404.858351111412,1.2853331646773982,1.285384182338867
2019,PER.16.9_1,Yauyos,6916,6912.2907,998.2666712999344,0.1443416239589263,0.14441908151608907
2019,PER.15.1_1,Lima,2698,2705.3448,104811.69713020325,38.84792332476029,38.74245411525253
2019,PER.17.1_1,Alto Amazonas,66273,66273.3598,3311.626708984375,0.049969470357225036,0.04996919906982306
2019,PER.17.2_1,Loreto,68509,68480.0481,2280.266675591469,0.033284191501721946,0.03329826332354106
2019,PER.17.3_1,Mariscal Ramón Castilla,38974,38967.2339,895.1500024795532,0.022967876083531413,0.022971864111595238
2019,PER.17.4_1,Maynas,132141,132166.5145,8809.434963703156,0.06666693126057133,0.06665406130995075
2019,PER.17.5_1,Requena,39626,39634.3226,923.5896890163422,0.023307668929903148,0.023302774691234495
2019,PER.17.6_1,Ucayali,29932,29924.9451,1035.7750034332275,0.03460426979263756,0.03461242789623334
2019,PER.18.1_1,Manu,28191,28189.1616,934.2166776657104,0.03313882720250117,0.033140988412948116
2019,PER.18.2_1,Tahuamanu,20252,20245.0595,982.6357173919678,0.04852042847086548,0.04853706252046943
2019,PER.18.3_1,Tambopata,35907,35901.8019,6725.456447601318,0.18730209840981754,0.18732921749417808
2019,PER.19.1_1,General Sánchez Cerro,5722,5725.7242,1341.7833384275436,0.23449551527919324,0.23434299148647292
2019,PER.19.2_1,Ilo,1366,1372.4439,5983.841985702515,4.380557822622632,4.359990083638302
2019,PER.19.3_1,Mariscal Nieto,8656,8657.94,17258.967514514923,1.9938733265382305,1.9934265487468086
2019,PER.20.1_1,Daniel Alcides Carrión,1529,1523.3131,592.6666679382324,0.38761717981571775,0.3890642578615287
2019,PER.20.2_1,Oxapampa,17693,17695.4834,1943.0952197313309,0.10982282370040869,0.10980741122087083
2019,PER.20.3_1,Pasco,4753,4751.908,10552.997710704803,2.2202814455511897,2.2207916682184727
2019,PER.21.1_1,Ayabaca,5206,5197.2449,1210.2460383176804,0.23247138653816374,0.23286300192470868
2019,PER.21.2_1,Huancabamba,4280,4276.7233,1655.5619084835052,0.3868135300195106,0.38710989679889357
2019,PER.21.3_1,Morropón,3810,3811.6782,6992.659813761711,1.8353437831395567,1.8345357102457385
2019,PER.21.4_1,Paita,1747,1750.2889,12721.400306224823,7.281854783185359,7.268171788242692
2019,PER.21.5_1,Piura,6150,6149.5744,29263.792078495026,4.758340175365045,4.758669492496269
2019,PER.21.6_1,Sechura,6472,6478.1826,7218.542263388634,1.1153495462590597,1.114285090824099
2019,PER.21.7_1,Sullana,5263,5254.043,13860.748033285141,2.6336211349582257,2.638110873369997
2019,PER.21.8_1,Talara,2932,2939.2512,19704.962339639664,6.720655641077648,6.704075658017168
2019,PER.22.1_1,Azángaro,5245,5231.2106,4615.681099414825,0.8800154622335224,0.882335167680654
2019,PER.22.2_1,Carabaya,11680,11690.4688,1777.928583741188,0.15221991299154009,0.15208360065059198
2019,PER.22.3_1,Chucuíto,3940,3941.2265,1963.8880834579468,0.498448752146687,0.49829363275952016
2019,PER.22.4_1,El Collao,5653,5651.7589,2680.127557873726,0.47410712150605444,0.47421123429783407
2019,PER.22.5_1,Huancane,2818,2828.4046,2338.5347462892532,0.8298561910181877,0.8268034774847757
2019,PER.22.6_1,Lago Titicaca,5287,5283.4928,2572.267036795616,0.4865267707198063,0.4868497311262651
2019,PER.22.7_1,Lampa,5711,5717.1909,2315.6623203754425,0.4054740536465492,0.4050349820903713
2019,PER.22.8_1,Melgar,6535,6541.587,4023.119693636894,0.615626578980397,0.6150066743850707
2019,PER.22.9_1,Moho,1039,1031.7237,731.9785757064819,0.7045029602564793,0.7094715069497464
2019,PER.22.10_1,Puno,6525,6518.8824,7031.988097906113,1.077699325349596,1.0787106853247201
2019,PER.22.11_1,San Antonio de Putina,3149,3140.0951,2676.9439051151276,0.8500933328406248,0.8525040747012859
2019,PER.22.12_1,San Román,2280,2280.1851,12157.859719276428,5.332394613717732,5.331961755991715
2019,PER.22.13_1,Sandia,12540,12540.8815,941.2500019073486,0.07505980876454135,0.07505453303978092
2019,PER.22.14_1,Yunguyo,297,302.7066,1262.9419459104538,4.252329784210282,4.172164821374699
2019,PER.23.1_1,Bellavista,7793,7790.7683,1050.4162466526031,0.13478971469942297,0.13482832647002135
2019,PER.23.2_1,El Dorado,1319,1318.8251,289.08333706855774,0.21916856487381178,0.21919763577512458
2019,PER.23.3_1,Huallaga,2365,2359.6027,397.41667091846466,0.16804087565262776,0.16842524629415317
2019,PER.23.4_1,Lamas,5011,5010.8022,2138.4448186159134,0.4267501134735409,0.426766962924403
2019,PER.23.5_1,Mariscal Cáceres,14425,14434.6489,1283.9278831481934,0.08900713228063732,0.08894763495431765
2019,PER.23.6_1,Moyobamba,3795,3794.5532,4275.509362101555,1.126616432701332,1.126749081160568
2019,PER.23.7_1,Picota,2126,2134.7792,854.1833400726318,0.4017795578892906,0.4001272451430828
2019,PER.23.8_1,Rioja,2593,2598.5485,3349.0719879865646,1.2915819467746104,1.2888241404697727
2019,PER.23.9_1,San Martín,4817,4823.345,5171.84653365612,1.0736654626647542,1.0722530884221237
2019,PER.23.10_1,Tocache,6111,6102.5482,2124.4904866218567,0.347650218723917,0.3481317030668619
2019,PER.24.1_1,Candarave,2305,2304.2136,1216.7500051259995,0.527874188774837,0.5280543555113245
2019,PER.24.2_1,Jorge Basadre,2750,2746.7382,4995.4412969350815,1.8165241079763932,1.8186812462980027
2019,PER.24.3_1,Tacna,8159,8162.2685,13312.891051411629,1.631681707490088,1.6310283245926336
2019,PER.24.4_1,Tarata,2788,2785.0639,691.8833345174789,0.24816475413109002,0.24842637434437598
2019,PER.25.1_1,Contralmirante Villar,2134,2127.3485,2340.669062614441,1.0968458587696537,1.1002753169339103
2019,PER.25.2_1,Tumbes,1785,1786.2221,7560.52959895134,4.2355908117374454,4.232692967054364
2019,PER.25.3_1,Zarumilla,721,728.412,5338.86314702034,7.404803255229321,7.329454863425102
2019,PER.26.1_1,Atalaya,38581,38583.1679,774.304769039154,0.02006958785513994,0.020068460186526794
2019,PER.26.2_1,Coronel Portillo,39067,39060.4079,12413.097687959671,0.317738697313837,0.31779232075200603
2019,PER.26.3_1,Padre Abad,9291,9288.8146,2066.758363723755,0.22244735375349853,0.2224996890163481
2019,PER.26.4_1,Purús,18173,18145.6829,55.0,0.003026467836900897,0.00303102398247793
2020,PER.1.1_1,Bagua,5897,5891.871,1265.8586753606796,0.2146614677566016,0.21484833582927074
2020,PER.1.2_1,Bongará,2824,2829.7375,393.8333377838135,0.13945939723222855,0.13917663475140712
2020,PER.1.3_1,Chachapoyas,2999,2997.3637,1687.6456445455551,0.5627361268908153,0.5630433246388235
2020,PER.1.4_1,Condorcanqui,17948,17952.2232,85.0,0.00473590372186316,0.004734789607207453
2020,PER.1.5_1,Luya,3367,3359.4489,465.3333383798599,0.1382041397029581,0.1385147823317947
2020,PER.1.6_1,Rodríguez de Mendoza,2682,2681.7449,456.9666711091995,0.1703828005627142,0.17039900941392658
2020,PER.1.7_1,Utcubamba,3871,3870.408,2463.639355301857,0.6364348631624533,0.6365322017821445
2020,PER.2.1_1,Aija,696,697.1118,376.00000190734863,0.5402298877979147,0.5393682885896621
2020,PER.2.2_1,Antonio Raymondi,559,561.5141,393.5,0.7039355992844365,0.700783803266123
2020,PER.2.3_1,Asunción,524,524.8509,235.83333337306976,0.45006361330738504,0.44933395704257106
2020,PER.2.4_1,Bolognesi,3069,3067.2607,1836.9809674024582,0.5985601066805012,0.5988995171087568
2020,PER.2.5_1,Carhuaz,817,816.2705,1893.7497727870941,2.3179311784419756,2.320002685521342
2020,PER.2.6_1,Carlos Fermin Fitzcarrald,628,627.065,330.50000071525574,0.5262738864892608,0.527058610405872
2020,PER.2.7_1,Casma,2274,2279.5761,3392.075122833252,1.4916777145264961,1.4880289003173188
2020,PER.2.8_1,Corongo,1016,1015.6517,433.66666781902313,0.42683727147541645,0.4269836678156549
2020,PER.2.9_1,Huaraz,2499,2501.0478,5894.944842815399,2.358921505728451,2.356990072700088
2020,PER.2.10_1,Huari,2799,2790.2845,4949.762136697769,1.7684037644507928,1.773927391685642
2020,PER.2.11_1,Huarmey,3927,3933.9868,1691.2170715332031,0.43066388376195647,0.42989902114258577
2020,PER.2.12_1,Huaylas,2277,2284.0483,2408.516671180725,1.0577587488716405,1.054494645734447
2020,PER.2.13_1,Mariscal Luzuriaga,731,733.0131,603.6666680574417,0.8258093954274168,0.8235414834452766
2020,PER.2.14_1,Ocros,1943,1949.2401,111.0,0.057128152341739576,0.05694526842601514
2020,PER.2.15_1,Pallasca,2067,2063.679,1291.8333390951157,0.6249798447484837,0.6259856097914784
2020,PER.2.16_1,Pomabamba,923,923.2323,520.2166718244553,0.5636150290622484,0.5634732363843273
2020,PER.2.17_1,Recuay,2322,2318.0851,1191.5833373069763,0.5131711185645893,0.5140377971434084
2020,PER.2.18_1,Santa,3997,3987.845,17583.281920313835,4.399119819943416,4.409218985773001
2020,PER.2.19_1,Sihuas,1459,1456.9158,599.8166705369949,0.4111149215469465,0.41170305282209535
2020,PER.2.20_1,Yungay,1370,1362.6156,2008.9137555360794,1.466360405500788,1.4743070428120801
2020,PER.3.1_1,Abancay,3469,3461.1924,4744.8744950294495,1.3677931666271115,1.370878582479076
2020,PER.3.2_1,Andahuaylas,4011,4018.7208,5138.453718423843,1.2810904309209283,1.2786291954803628
2020,PER.3.3_1,Antabamba,3217,3220.4249,554.666668176651,0.17241736654543083,0.17223400083960133
2020,PER.3.4_1,Aymaraes,4129,4128.1482,1558.5071634054184,0.377453902495863,0.3775317852917787
2020,PER.3.5_1,Chincheros,1523,1523.0751,1804.8500146865845,1.1850623865309156,1.1850039654585354
2020,PER.3.6_1,Cotabambas,2622,2621.0521,7664.174109578133,2.923025976193033,2.9240830399666673
2020,PER.3.7_1,Grau,2128,2129.1362,571.0555573701859,0.2683531754559144,0.26820996944940645
2020,PER.4.1_1,Arequipa,10399,10401.7538,48476.63916707039,4.66166354140498,4.660429393073286
2020,PER.4.2_1,Camaná,4592,4594.9288,5471.901604294777,1.1916162030258661,1.190856669481262
2020,PER.4.3_1,Caravelí,13035,13027.441,6372.951669454575,0.4889107533145051,0.4891944389718509
2020,PER.4.4_1,Castilla,7621,7620.9932,4071.6457345485687,0.5342665968440583,0.5342670762021888
2020,PER.4.5_1,Caylloma,12048,12035.9001,4300.50877571106,0.35694793955105075,0.35730678416609235
2020,PER.4.6_1,Condesuyos,6838,6852.1717,2020.6690527200699,0.29550585737351126,0.294894688871881
2020,PER.4.7_1,Islay,3849,3849.9051,6351.859033942223,1.6502621548304033,1.649874203573305
2020,PER.4.8_1,La Unión,4893,4893.6009,997.7833391427994,0.20392056798340474,0.2038955263891212
2020,PER.5.1_1,Cangallo,1872,1872.5839,948.7166683673859,0.5067930920765951,0.5066350783326599
2020,PER.5.2_1,Huamanga,2955,2958.2366,8944.033947467804,3.0267458367065325,3.0234343269054267
2020,PER.5.3_1,Huanca Sancos,2830,2831.2856,399.6666684150696,0.14122497117140267,0.14116084484883312
2020,PER.5.4_1,Huanta,3810,3814.0301,3087.35415828228,0.8103291754021732,0.8094729418414867
2020,PER.5.5_1,La Mar,4318,4312.4371,1927.5583455562592,0.44640072847528,0.4469765746451441
2020,PER.5.6_1,Lucanas,14484,14477.3422,4815.574406981468,0.33247544925307015,0.33262834685472253
2020,PER.5.7_1,Parinacochas,5934,5950.4746,2568.0805708169937,0.4327739418296248,0.43157575713442015
2020,PER.5.8_1,Paucar del Sara Sara,2090,2081.7527,1429.9227378368378,0.6841735587736066,0.6868840436783109
2020,PER.5.9_1,Sucre,1781,1786.8708,240.50000071525574,0.1350364967519684,0.1345928339478991
2020,PER.5.10_1,Victor Fajardo,2276,2265.2791,1145.9666788578033,0.5035002982679276,0.5058832199940307
2020,PER.5.11_1,Vilcas Huamán,1214,1205.7813,510.0333362817764,0.42012630665714695,0.422989918554838
2020,PER.6.1_1,Cajabamba,1792,1788.6443,3463.4131187200546,1.932708213571459,1.936334195086705
2020,PER.6.2_1,Cajamarca,2977,2977.7902,15499.862262129784,5.20653754186422,5.205155872577314
2020,PER.6.3_1,Celendín,2582,2580.2493,1460.6666858196259,0.5657113423003973,0.5660951814310177
2020,PER.6.4_1,Chota,3840,3836.4892,2015.8855155706406,0.5249701863465209,0.5254505888119236
2020,PER.6.5_1,Contumazá,2062,2060.9532,1273.4000039100647,0.6175557729922719,0.617869447541154
2020,PER.6.6_1,Cutervo,3025,3030.0606,1078.347510933876,0.3564785160111987,0.3558831447644058
2020,PER.6.7_1,Hualgayoc,785,783.6578,3846.6699426174164,4.900216487410722,4.908609420607092
2020,PER.6.8_1,Jaén,5027,5025.2434,4312.6118993759155,0.8578897750896988,0.858189652426538
2020,PER.6.9_1,San Ignacio,4891,4894.3699,1147.5440700054169,0.23462360867009135,0.23446206558703436
2020,PER.6.10_1,San Marcos,1343,1348.0813,1634.6174768209457,1.2171388509463483,1.212551096394717
2020,PER.6.11_1,San Miguel,2530,2527.3116,1754.0722011327744,0.6933091704082112,0.6940466722953402
2020,PER.6.12_1,San Pablo,666,665.0983,717.1166689395905,1.0767517551645502,1.078211502655783
2020,PER.6.13_1,Santa Cruz,1382,1383.2844,1239.597621679306,0.8969592052672258,0.8961263827494468
2020,PER.7.1_1,Callao,164,160.8378,9153.007005691528,55.811018327387366,56.90832473907045
2020,PER.8.1_1,Acomayo,935,932.9494,1229.1666712760925,1.3146167607230936,1.3175062245351057
2020,PER.8.2_1,Anta,1928,1932.7747,3730.832973241806,1.9350793429677418,1.9302989205717482
2020,PER.8.3_1,Calca,3559,3559.4921,2716.4285945892334,0.7632561378446848,0.7631506204729199
2020,PER.8.4_1,Canas,2139,2134.9741,816.0000029802322,0.3814866774101133,0.38220604420956483
2020,PER.8.5_1,Canchis,3953,3950.2571,4190.1022737026215,1.0599803373899876,1.060716358368397
2020,PER.8.6_1,Chumbivilcas,5329,5334.9773,4574.828360795975,0.8584778308868408,0.8575159903941334
2020,PER.8.7_1,Cusco,530,530.1969,10541.875936031342,19.890331954776116,19.88294409770005
2020,PER.8.8_1,Espinar,5235,5235.9122,7924.637637615204,1.513779873469953,1.5135161407683082
2020,PER.8.9_1,La Convención,31674,31679.4986,13492.961924314499,0.4259948830054461,0.42592094375365697
2020,PER.8.10_1,Paruro,1966,1966.4681,344.1666679382324,0.1750593427966594,0.17501766911802982
2020,PER.8.11_1,Paucartambo,5708,5714.5208,624.016667842865,0.10932317236209968,0.10919842539337613
2020,PER.8.12_1,Quispicanchi,7819,7811.3434,4952.116716146469,0.6333439974608606,0.633964797800543
2020,PER.8.13_1,Urubamba,1463,1459.7168,4121.801223397255,2.817362422007693,2.8236991697472797
2020,PER.9.1_1,Acobamba,921,927.3542,2420.642863035202,2.628276724251034,2.6102678376548587
2020,PER.9.2_1,Angaraes,1942,1944.836,2123.9452563524246,1.0936896273699406,1.0920947883305596
2020,PER.9.3_1,Castrovirreyna,3960,3958.9592,744.5000014305115,0.18800505086629077,0.18805447824587457
2020,PER.9.4_1,Churcampa,1068,1062.7849,1722.6388993263245,1.6129577709047982,1.6208725509522404
2020,PER.9.5_1,Huancavelica,3999,3992.4364,4897.442700147629,1.224666841747344,1.226680195751615
2020,PER.9.6_1,Huaytara,6463,6465.2905,1350.500003695488,0.20895868848761998,0.2088846591229132
2020,PER.9.7_1,Tayacaja,3735,3730.9345,4864.873365402222,1.3025096025173284,1.3039289232195344
2020,PER.10.1_1,Ambo,1571,1576.1231,1160.645250916481,0.7387939216527568,0.7363925301072015
2020,PER.10.2_1,Dos de Mayo,1342,1335.5805,544.3500016927719,0.40562593270698355,0.40757558822082895
2020,PER.10.3_1,Huacaybamba,1763,1765.4566,121.0,0.06863301191151447,0.06853750916734276
2020,PER.10.4_1,Huamalíes,3158,3166.8282,788.8333337306976,0.2497888960515192,0.24909255566091512
2020,PER.10.5_1,Huenuco,4107,4110.2577,7621.213244199753,1.8556642912587662,1.8541935231266364
2020,PER.10.6_1,Lauricocha,2076,2083.3213,564.100004196167,0.2717244721561498,0.270769569007286
2020,PER.10.7_1,Leoncio Prado,4962,4958.1773,3210.014538168907,0.6469194958018757,0.6474182652960955
2020,PER.10.8_1,Marañón,4875,4878.4786,257.25000047683716,0.05276923086704352,0.0527316038377476
2020,PER.10.9_1,Pachitea,2655,2647.0304,580.8333352804184,0.2187696178080672,0.21942828076761453
2020,PER.10.10_1,Puerto Inca,9819,9814.2188,815.5500054359436,0.08305835680170523,0.08309882074224187
2020,PER.10.11_1,Yarowilca,752,746.4216,51.0,0.0678191489361702,0.06832599268534192
2020,PER.11.1_1,Chincha,2899,2905.713,11370.99831032753,3.9223864471636873,3.913324639088966
2020,PER.11.2_1,Ica,7867,7864.1979,21992.298512220383,2.795512712879164,2.7965087995945965
2020,PER.11.3_1,Nazca,5224,5209.8162,12061.220479607582,2.3088094333092615,2.3150952175536297
2020,PER.11.4_1,Palpa,1209,1219.3592,1723.1383428573608,1.425259175233549,1.4131507365578972
2020,PER.11.5_1,Pisco,3979,3968.9444,13969.679651021957,3.5108518851525403,3.5197468940987187
2020,PER.12.1_1,Chanchamayo,4671,4674.6736,5017.422813653946,1.0741645929466808,1.0733204650013668
2020,PER.12.2_1,Chupaca,1170,1163.9265,2642.7411830425262,2.2587531478995952,2.270539590647633
2020,PER.12.3_1,Concepción,2242,2248.8693,2708.499098300934,1.2080727467889982,1.2043826296748739
2020,PER.12.4_1,Huancayo,3738,3734.3439,13168.817442178726,3.5229581172227733,3.5264072812386407
2020,PER.12.5_1,Jauja,4385,4383.5123,5204.70882833004,1.1869347385017195,1.187337577304663
2020,PER.12.6_1,Junín,2633,2625.8821,1562.4327076673508,0.5934039907585836,0.5950125031658501
2020,PER.12.7_1,Satipo,19490,19497.3878,4065.599900007248,0.20859927655244986,0.20852023615838441
2020,PER.12.8_1,Tarma,2663,2663.9461,6334.717752456665,2.378789993412191,2.37794512738382
2020,PER.12.9_1,Yauli,3632,3637.3003,11154.588996171951,3.071197410840295,3.0667220669048225
2020,PER.13.1_1,Ascope,2653,2656.16,11864.293551564217,4.472029231648781,4.466708900102653
2020,PER.13.2_1,Bolívar,1744,1745.5625,82.6666669845581,0.047400611803072305,0.04735818279180437
2020,PER.13.3_1,Chepén,1153,1150.5574,5508.036667704582,4.777135011018719,4.787276858912178
2020,PER.13.4_1,Gran Chimú,1305,1306.9247,505.9166661500931,0.3876756062452821,0.3871046805798482
2020,PER.13.5_1,Julcan,1107,1110.773,385.1666679382324,0.3479373694112307,0.34675551398552507
2020,PER.13.6_1,Otuzco,2088,2088.1443,2621.885726213455,1.255692397611808,1.2556056162659002
2020,PER.13.7_1,Pacasmayo,1119,1119.8766,7281.134355187416,6.506822480060246,6.501729419151506
2020,PER.13.8_1,Pataz,3991,3989.5251,4298.640748977661,1.0770836254015688,1.0774818032394637
2020,PER.13.9_1,Sánchez Carrión,2501,2494.8258,4484.678989291191,1.7931543339828833,1.7975920473271234
2020,PER.13.10_1,Santiago de Chuco,2668,2671.5263,2771.4906055927277,1.0387895823061197,1.0374184072285813
2020,PER.13.11_1,Trujillo,1767,1766.3122,23082.17738699913,13.062918724957063,13.068005683805792
2020,PER.13.12_1,Viru,3207,3207.8223,5907.228709697723,1.8419796413151617,1.8415074704922565
2020,PER.14.1_1,Chiclayo,3211,3211.4229,22333.81022310257,6.9554064849276145,6.954490572638919
2020,PER.14.2_1,Ferreñafe,1705,1705.7385,3712.4886540174484,2.177412700303489,2.176469986839286
2020,PER.14.3_1,Lambayeque,9365,9366.3112,15219.379935979843,1.6251340027741423,1.6249064919666159
2020,PER.16.1_1,Barranca,1389,1382.5918,7366.397176742554,5.303381696718901,5.327962260839371
2020,PER.16.2_1,Cajatambo,1525,1527.1172,184.0,0.12065573770491804,0.12048846070320711
2020,PER.16.3_1,Cañete,4605,4605.4107,30431.11606478691,6.608277104188255,6.6076877302207695
2020,PER.16.4_1,Canta,1690,1693.223,2705.133352160454,1.6006706225801501,1.5976237629684644
2020,PER.16.5_1,Huaral,3664,3664.9371,13179.470752716064,3.597017126832987,3.5960974256027427
2020,PER.16.6_1,Huarochiri,5742,5738.1299,14874.008253574371,2.5903880622734885,2.5921351368445915
2020,PER.16.7_1,Huaura,4947,4942.2427,13346.786477446556,2.697955625115536,2.700552615176922
2020,PER.16.8_1,Oyon,1871,1870.9257,2749.3226413726807,1.469440214523079,1.4694985397927236
2020,PER.16.9_1,Yauyos,6916,6912.2907,1430.7666712999344,0.20687777202139015,0.20698878814004357
2020,PER.15.1_1,Lima,2698,2705.3448,107259.43655395508,39.75516551295592,39.64723320868706
2020,PER.17.1_1,Alto Amazonas,66273,66273.3598,3541.437728404999,0.05343711207286525,0.053436821959417985
2020,PER.17.2_1,Loreto,68509,68480.0481,2157.0825505256653,0.031486119349657206,0.031499430986241216
2020,PER.17.3_1,Mariscal Ramón Castilla,38974,38967.2339,1188.1569843292236,0.03048588762583321,0.030491181044125803
2020,PER.17.4_1,Maynas,132141,132166.5145,12690.019266605377,0.09603392789978416,0.096015388694715
2020,PER.17.5_1,Requena,39626,39634.3226,1128.1270093917847,0.028469363786195544,0.028463385673947024
2020,PER.17.6_1,Ucayali,29932,29924.9451,1104.352385520935,0.03689537570228969,0.03690407394383584
2020,PER.18.1_1,Manu,28191,28189.1616,1110.1000156402588,0.03937781616970873,0.039380384267461974
2020,PER.18.2_1,Tahuamanu,20252,20245.0595,1211.6023893356323,0.05982630798615605,0.05984681798176048
2020,PER.18.3_1,Tambopata,35907,35901.8019,7248.528403759003,0.20186950744308915,0.20189873571254607
2020,PER.19.1_1,General Sánchez Cerro,5722,5725.7242,1500.55000770092,0.26224222434479555,0.2620716531565967
2020,PER.19.2_1,Ilo,1366,1372.4439,6272.091342926025,4.591574921614953,4.570016408215801
2020,PER.19.3_1,Mariscal Nieto,8656,8657.94,18206.015111923218,2.103282707015159,2.1028114132824687
2020,PER.20.1_1,Daniel Alcides Carrión,1529,1523.3131,712.4166679382324,0.4659363426672547,0.46767580698238076
2020,PER.20.2_1,Oxapampa,17693,17695.4834,2436.4917672872543,0.1377093634367973,0.13769003737437577
2020,PER.20.3_1,Pasco,4753,4751.908,11183.629119157791,2.3529621542515864,2.353502867064714
2020,PER.21.1_1,Ayabaca,5206,5197.2449,1498.4293736219406,0.2878273864045218,0.28831225310086483
2020,PER.21.2_1,Huancabamba,4280,4276.7233,2059.6285778284073,0.48122163033374005,0.4815903302205931
2020,PER.21.3_1,Morropón,3810,3811.6782,8114.553395032883,2.1298040406910452,2.128866321594363
2020,PER.21.4_1,Paita,1747,1750.2889,13582.236627578735,7.774605968848732,7.759997068050733
2020,PER.21.5_1,Piura,6150,6149.5744,31837.14892077446,5.176772182239749,5.1771304583825275
2020,PER.21.6_1,Sechura,6472,6478.1826,7445.001406550407,1.1503401431629183,1.1492422937743119
2020,PER.21.7_1,Sullana,5263,5254.043,14710.12109208107,2.7950068577011344,2.7997717228837584
2020,PER.21.8_1,Talara,2932,2939.2512,20244.368849992752,6.904627847882931,6.887594001950235
2020,PER.22.1_1,Azángaro,5245,5231.2106,4947.017741680145,0.9431873673365386,0.945673592826399
2020,PER.22.2_1,Carabaya,11680,11690.4688,2028.0214446783066,0.17363197300327968,0.17347648624574336
2020,PER.22.3_1,Chucuíto,3940,3941.2265,2189.06631064415,0.555600586457906,0.5554276811750465
2020,PER.22.4_1,El Collao,5653,5651.7589,2848.5632708072662,0.5039029313297835,0.5040135872102521
2020,PER.22.5_1,Huancane,2818,2828.4046,2396.2713631391525,0.8503446994816013,0.8472166168086411
2020,PER.22.6_1,Lago Titicaca,5287,5283.4928,2814.3259271383286,0.5323105593225512,0.5326639113782804
2020,PER.22.7_1,Lampa,5711,5717.1909,2382.559938311577,0.4171878722310588,0.416736116251529
2020,PER.22.8_1,Melgar,6535,6541.587,4305.6128985881805,0.6588543073585587,0.6581908746434564
2020,PER.22.9_1,Moho,1039,1031.7237,741.8119103908539,0.7139671899815726,0.7190024836865028
2020,PER.22.10_1,Puno,6525,6518.8824,7399.621717453003,1.134041642521533,1.135105876580507
2020,PER.22.11_1,San Antonio de Putina,3149,3140.0951,2859.1201028823853,0.9079454121569975,0.9105202141554651
2020,PER.22.12_1,San Román,2280,2280.1851,12984.092081546783,5.694777228748589,5.694314954573481
2020,PER.22.13_1,Sandia,12540,12540.8815,956.5000019073486,0.07627591721749191,0.07627055601618175
2020,PER.22.14_1,Yunguyo,297,302.7066,1245.4086254835129,4.193295035298023,4.114242996128458
2020,PER.23.1_1,Bellavista,7793,7790.7683,1283.921017408371,0.16475311400081752,0.16480030906653417
2020,PER.23.2_1,El Dorado,1319,1318.8251,303.91667103767395,0.23041445870938132,0.23044502128569802
2020,PER.23.3_1,Huallaga,2365,2359.6027,490.56667244434357,0.20742776847540953,0.20790223127578136
2020,PER.23.4_1,Lamas,5011,5010.8022,2352.04201233387,0.46937577576010175,0.4693943082075923
2020,PER.23.5_1,Mariscal Cáceres,14425,14434.6489,1561.1553659439087,0.1082256752820734,0.10815333121083513
2020,PER.23.6_1,Moyobamba,3795,3794.5532,4600.433418631554,1.212235419929263,1.2123781492167274
2020,PER.23.7_1,Picota,2126,2134.7792,1047.7166740894318,0.4928112295811062,0.49078455037326163
2020,PER.23.8_1,Rioja,2593,2598.5485,3746.3954263925552,1.4448111941351929,1.4417262103055284
2020,PER.23.9_1,San Martín,4817,4823.345,5689.195911884308,1.1810662054980918,1.1795125488466554
2020,PER.23.10_1,Tocache,6111,6102.5482,2500.743726015091,0.4092200500761072,0.40978680665015454
2020,PER.24.1_1,Candarave,2305,2304.2136,1426.250006198883,0.6187635601730512,0.6189747480160341
2020,PER.24.2_1,Jorge Basadre,2750,2746.7382,5431.219307303429,1.9749888390194286,1.977334155599975
2020,PER.24.3_1,Tacna,8159,8162.2685,14000.661211133003,1.7159775966580468,1.715290458713848
2020,PER.24.4_1,Tarata,2788,2785.0639,859.1166679859161,0.3081480157768709,0.308472871536076
2020,PER.25.1_1,Contralmirante Villar,2134,2127.3485,2416.419062614441,1.1323425785447239,1.1358830226916177
2020,PER.25.2_1,Tumbes,1785,1786.2221,7749.280594587326,4.341333666435477,4.338363476149885
2020,PER.25.3_1,Zarumilla,721,728.412,5674.228248596191,7.869942092366424,7.789860629049574
2020,PER.26.1_1,Atalaya,38581,38583.1679,958.4095335006714,0.02484149020244865,0.024840094410516735
2020,PER.26.2_1,Coronel Portillo,39067,39060.4079,13234.349774599075,0.33876032903983094,0.3388175002113374
2020,PER.26.3_1,Padre Abad,9291,9288.8146,2194.734965324402,0.23622160858082034,0.2362771845171811
2020,PER.26.4_1,Purús,18173,18145.6829,55.0,0.003026467836900897,0.00303102398247793
2021,PER.1.1_1,Bagua,5897,5891.871,1446.6485806703568,0.24531941337465776,0.2455329699409327
2021,PER.1.2_1,Bongará,2824,2829.7375,398.8333377838135,0.14122993547585463,0.14094358312015853
2021,PER.1.3_1,Chachapoyas,2999,2997.3637,1860.811208486557,0.6204772285717096,0.6208159471970104
2021,PER.1.4_1,Condorcanqui,17948,17952.2232,96.0,0.005348785379986628,0.005347527085787241
2021,PER.1.5_1,Luya,3367,3359.4489,515.0833383798599,0.15297990447872287,0.1533237587206333
2021,PER.1.6_1,Rodríguez de Mendoza,2682,2681.7449,461.4666711091995,0.1720606529117075,0.17207702138031664
2021,PER.1.7_1,Utcubamba,3871,3870.408,2559.9226890802383,0.6613078504469745,0.6614089932301237
2021,PER.2.1_1,Aija,696,697.1118,489.0666694641113,0.7026819963564818,0.7015613063217598
2021,PER.2.2_1,Antonio Raymondi,559,561.5141,411.5,0.7361359570661896,0.7328399874053612
2021,PER.2.3_1,Asunción,524,524.8509,214.33333337306976,0.40903307895624,0.4083699425911752
2021,PER.2.4_1,Bolognesi,3069,3067.2607,1939.2595390081406,0.6318864578064974,0.632244765770659
2021,PER.2.5_1,Carhuaz,817,816.2705,1937.5831071138382,2.3715827504453344,2.3737022052861607
2021,PER.2.6_1,Carlos Fermin Fitzcarrald,628,627.065,337.50000071525574,0.5374203833045473,0.53822172769742
2021,PER.2.7_1,Casma,2274,2279.5761,3560.536235809326,1.5657591186496598,1.5619290928574656
2021,PER.2.8_1,Corongo,1016,1015.6517,451.66666781902313,0.44455380690848734,0.4447062796533006
2021,PER.2.9_1,Huaraz,2499,2501.0478,6012.374982357025,2.4059123578859642,2.4039424497817383
2021,PER.2.10_1,Huari,2799,2790.2845,5336.582383275032,1.9066032094587466,1.91255850407275
2021,PER.2.11_1,Huarmey,3927,3933.9868,1765.9599285125732,0.4496969514928885,0.4488982859878145
2021,PER.2.12_1,Huaylas,2277,2284.0483,2432.883339881897,1.068459964814184,1.0651628391446155
2021,PER.2.13_1,Mariscal Luzuriaga,731,733.0131,614.6666680574417,0.8408572750443799,0.8385480372227928
2021,PER.2.14_1,Ocros,1943,1949.2401,115.0,0.05918682449819866,0.058997350171096766
2021,PER.2.15_1,Pallasca,2067,2063.679,1380.3333410024643,0.667795520562392,0.6688701878434152
2021,PER.2.16_1,Pomabamba,923,923.2323,573.7666755914688,0.621632367921418,0.6214759794051702
2021,PER.2.17_1,Recuay,2322,2318.0851,1348.6666719913483,0.5808211335018726,0.5818020640654233
2021,PER.2.18_1,Santa,3997,3987.845,18344.3735922575,4.58953554972667,4.600071857555189
2021,PER.2.19_1,Sihuas,1459,1456.9158,652.1500045061111,0.44698423886642297,0.44762368393785645
2021,PER.2.20_1,Yungay,1370,1362.6156,2084.1845465898514,1.5213025887517164,1.5295469738757208
2021,PER.3.1_1,Abancay,3469,3461.1924,5265.647341251373,1.5179150594555704,1.5213391145690558
2021,PER.3.2_1,Andahuaylas,4011,4018.7208,6002.972757577896,1.4966274638688348,1.49375213792268
2021,PER.3.3_1,Antabamba,3217,3220.4249,568.50000166893,0.1767174391261828,0.17652950029724113
2021,PER.3.4_1,Aymaraes,4129,4128.1482,1694.9571747779846,0.4105006478028541,0.4105853493729391
2021,PER.3.5_1,Chincheros,1523,1523.0751,2158.1833539009094,1.417060639462186,1.4169907813659997
2021,PER.3.6_1,Cotabambas,2622,2621.0521,7961.475709557533,3.036413314095169,3.037511382515447
2021,PER.3.7_1,Grau,2128,2129.1362,595.0555573701859,0.2796313709446362,0.2794821463570781
2021,PER.4.1_1,Arequipa,10399,10401.7538,51326.099034905434,4.935676414549999,4.934369722902543
2021,PER.4.2_1,Camaná,4592,4594.9288,5842.007886528969,1.2722142610036953,1.2714033544343633
2021,PER.4.3_1,Caravelí,13035,13027.441,7097.053692340851,0.5444613496233871,0.5447772679680342
2021,PER.4.4_1,Castilla,7621,7620.9932,4310.868377685547,0.5656565250866745,0.5656570326086795
2021,PER.4.5_1,Caylloma,12048,12035.9001,4357.023067474365,0.36163870081958543,0.3620022611206841
2021,PER.4.6_1,Condesuyos,6838,6852.1717,2156.469056725502,0.3153654660318078,0.3147132236666186
2021,PER.4.7_1,Islay,3849,3849.9051,6411.353477835655,1.665719271976008,1.6653276869883473
2021,PER.4.8_1,La Unión,4893,4893.6009,1001.7833392620087,0.20473806238749412,0.2047129204043023
2021,PER.5.1_1,Cangallo,1872,1872.5839,1051.3666689395905,0.5616274940916616,0.5614523834509961
2021,PER.5.2_1,Huamanga,2955,2958.2366,9306.437883853912,3.1493867627255203,3.145941073627427
2021,PER.5.3_1,Huanca Sancos,2830,2831.2856,396.1666684150696,0.13998822205479491,0.13992465730552311
2021,PER.5.4_1,Huanta,3810,3814.0301,3182.5063198804855,0.8353034960316235,0.8344208733785442
2021,PER.5.5_1,La Mar,4318,4312.4371,2134.5202528238297,0.494330767212559,0.49496844197603346
2021,PER.5.6_1,Lucanas,14484,14477.3422,5189.676796793938,0.3583041146640388,0.3584688902584996
2021,PER.5.7_1,Parinacochas,5934,5950.4746,2744.5123311281204,0.4625062910563061,0.4612257889146182
2021,PER.5.8_1,Paucar del Sara Sara,2090,2081.7527,1447.0338504314423,0.692360693986336,0.6951036137989994
2021,PER.5.9_1,Sucre,1781,1786.8708,443.5000030994415,0.24901740769199412,0.2481992602724737
2021,PER.5.10_1,Victor Fajardo,2276,2265.2791,1332.0666854381561,0.5852665577496292,0.588036455604349
2021,PER.5.11_1,Vilcas Huamán,1214,1205.7813,568.0333362817764,0.4679022539388603,0.47109151021751844
2021,PER.6.1_1,Cajabamba,1792,1788.6443,3942.532911658287,2.200074169452169,2.2042017600603048
2021,PER.6.2_1,Cajamarca,2977,2977.7902,16719.399946689606,5.616190778196038,5.614700398410001
2021,PER.6.3_1,Celendín,2582,2580.2493,1704.9161040782928,0.6603083284578981,0.6607563523099673
2021,PER.6.4_1,Chota,3840,3836.4892,2434.63252723217,0.6340188873000443,0.6345990806986267
2021,PER.6.5_1,Contumazá,2062,2060.9532,1383.06667137146,0.6707403837882929,0.6710810723487486
2021,PER.6.6_1,Cutervo,3025,3030.0606,1193.5081263780594,0.3945481409514246,0.3938891878643592
2021,PER.6.7_1,Hualgayoc,785,783.6578,4426.613499403,5.638998088411465,5.648656382972957
2021,PER.6.8_1,Jaén,5027,5025.2434,4611.159476280212,0.9172785908653694,0.9175992276988596
2021,PER.6.9_1,San Ignacio,4891,4894.3699,1162.5440700054169,0.2376904661634465,0.23752681148719743
2021,PER.6.10_1,San Marcos,1343,1348.0813,1818.1174784898758,1.3537732527847177,1.348670482958982
2021,PER.6.11_1,San Miguel,2530,2527.3116,1840.2388681173325,0.7273671415483528,0.7281408723201694
2021,PER.6.12_1,San Pablo,666,665.0983,726.1166689395905,1.0902652686780638,1.0917433363785318
2021,PER.6.13_1,Santa Cruz,1382,1383.2844,1374.680955171585,0.9947040196610601,0.9937804415303777
2021,PER.7.1_1,Callao,164,160.8378,9178.851905822754,55.96860918184606,57.06901400420507
2021,PER.8.1_1,Acomayo,935,932.9494,1440.5000052452087,1.5406417168397954,1.5440279725312536
2021,PER.8.2_1,Anta,1928,1932.7747,4113.462743520737,2.1335387673862742,2.1282680705833763
2021,PER.8.3_1,Calca,3559,3559.4921,3523.1428933143616,0.9899249489503685,0.9897880954438212
2021,PER.8.4_1,Canas,2139,2134.9741,1054.7333372831345,0.4930964643679918,0.49402629297380696
2021,PER.8.5_1,Canchis,3953,3950.2571,4702.894579648972,1.189702651062224,1.1905287476211537
2021,PER.8.6_1,Chumbivilcas,5329,5334.9773,5045.434783697128,0.9467882874267458,0.9457275036998936
2021,PER.8.7_1,Cusco,530,530.1969,11066.99729013443,20.881126962517794,20.873371094896427
2021,PER.8.8_1,Espinar,5235,5235.9122,8284.085729002953,1.5824423551104017,1.582166659941755
2021,PER.8.9_1,La Convención,31674,31679.4986,14258.736553430557,0.4501716408862334,0.4500935053131745
2021,PER.8.10_1,Paruro,1966,1966.4681,636.3333349227905,0.32366904116113454,0.3235919902629179
2021,PER.8.11_1,Paucartambo,5708,5714.5208,742.1166682243347,0.13001343171414415,0.12986507541282893
2021,PER.8.12_1,Quispicanchi,7819,7811.3434,5520.466747045517,0.7060323247276528,0.7067243737701556
2021,PER.8.13_1,Urubamba,1463,1459.7168,5413.038785099983,3.6999581579630783,3.7082800200390724
2021,PER.9.1_1,Acobamba,921,927.3542,2483.4428622722626,2.696463476951425,2.677987376425525
2021,PER.9.2_1,Angaraes,1942,1944.836,2215.9452563524246,1.1410634687705585,1.1393995482936103
2021,PER.9.3_1,Castrovirreyna,3960,3958.9592,782.8333353996277,0.19768518570697668,0.1977371580378636
2021,PER.9.4_1,Churcampa,1068,1062.7849,1800.6388993263245,1.6859914787699668,1.6942646350528126
2021,PER.9.5_1,Huancavelica,3999,3992.4364,4984.823650121689,1.2465175419159011,1.2485668185018741
2021,PER.9.6_1,Huaytara,6463,6465.2905,1547.166670680046,0.23938831358193502,0.23930350368529488
2021,PER.9.7_1,Tayacaja,3735,3730.9345,5080.382467031479,1.360209495858495,1.3616916910707821
2021,PER.10.1_1,Ambo,1571,1576.1231,1397.5023995637894,0.8895623167178799,0.8866708643601885
2021,PER.10.2_1,Dos de Mayo,1342,1335.5805,664.1666682958603,0.49490809858111795,0.49728689200984694
2021,PER.10.3_1,Huacaybamba,1763,1765.4566,136.0,0.07714123652864435,0.07703389460131088
2021,PER.10.4_1,Huamalíes,3158,3166.8282,1061.5833337306976,0.33615685045303917,0.33521974077262956
2021,PER.10.5_1,Huenuco,4107,4110.2577,7778.867139339447,1.8940509226538706,1.892549729926936
2021,PER.10.6_1,Lauricocha,2076,2083.3213,626.4333381652832,0.30175016289271833,0.30068974246598973
2021,PER.10.7_1,Leoncio Prado,4962,4958.1773,3295.236769556999,0.6640944718978233,0.6646064831542657
2021,PER.10.8_1,Marañón,4875,4878.4786,293.3333338499069,0.060170940276903985,0.060128035468640505
2021,PER.10.9_1,Pachitea,2655,2647.0304,621.0833362340927,0.2339296934968334,0.234633999815912
2021,PER.10.10_1,Puerto Inca,9819,9814.2188,895.2166724205017,0.09117187823816088,0.09121629488209294
2021,PER.10.11_1,Yarowilca,752,746.4216,161.0,0.21409574468085107,0.21569578083019708
2021,PER.11.1_1,Chincha,2899,2905.713,11485.035557031631,3.9617232000799003,3.952570513120599
2021,PER.11.2_1,Ica,7867,7864.1979,22734.623687505722,2.889872084340374,2.890901792836869
2021,PER.11.3_1,Nazca,5224,5209.8162,13072.810530543327,2.5024522455098253,2.5092652265511246
2021,PER.11.4_1,Palpa,1209,1219.3592,1845.7994599342346,1.5267158477537093,1.5137454732850502
2021,PER.11.5_1,Pisco,3979,3968.9444,14419.825018644333,3.6239821610063667,3.6331637940679227
2021,PER.12.1_1,Chanchamayo,4671,4674.6736,5341.289108514786,1.1435001302750558,1.1426015152752935
2021,PER.12.2_1,Chupaca,1170,1163.9265,2669.074516415596,2.28126027044068,2.293164158032791
2021,PER.12.3_1,Concepción,2242,2248.8693,2796.8324316740036,1.2474720926289045,1.2436616282916881
2021,PER.12.4_1,Huancayo,3738,3734.3439,13281.921759843826,3.553216094126224,3.5566948823163385
2021,PER.12.5_1,Jauja,4385,4383.5123,5265.842166304588,1.2008762066829164,1.2012837771397336
2021,PER.12.6_1,Junín,2633,2625.8821,1730.5009709596634,0.6572354618152918,0.6590169992017761
2021,PER.12.7_1,Satipo,19490,19497.3878,4528.121828556061,0.2323305196796337,0.23224248727543553
2021,PER.12.8_1,Tarma,2663,2663.9461,6534.0438541173935,2.453640200569806,2.452768750270684
2021,PER.12.9_1,Yauli,3632,3637.3003,11288.594148635864,3.10809310259798,3.103563994319724
2021,PER.13.1_1,Ascope,2653,2656.16,12460.321068406105,4.696690941728649,4.6911033322374465
2021,PER.13.2_1,Bolívar,1744,1745.5625,90.6666669845581,0.05198776776637506,0.0519412327217744
2021,PER.13.3_1,Chepén,1153,1150.5574,5878.178647398949,5.098160145185558,5.108983528784663
2021,PER.13.4_1,Gran Chimú,1305,1306.9247,627.400001168251,0.48076628442011576,0.4800582651214316
2021,PER.13.5_1,Julcan,1107,1110.773,346.35000228881836,0.31287263079387384,0.311809881435033
2021,PER.13.6_1,Otuzco,2088,2088.1443,2842.469061613083,1.3613357574775302,1.3612416750816416
2021,PER.13.7_1,Pacasmayo,1119,1119.8766,7381.944832205772,6.596912271855024,6.5917486952993185
2021,PER.13.8_1,Pataz,3991,3989.5251,4829.529114484787,1.2101050149047323,1.2105523682829633
2021,PER.13.9_1,Sánchez Carrión,2501,2494.8258,5170.040115714073,2.0671891706173824,2.072305067667438
2021,PER.13.10_1,Santiago de Chuco,2668,2671.5263,2852.0977528095245,1.069002156225459,1.067591101340602
2021,PER.13.11_1,Trujillo,1767,1766.3122,23952.139332532883,13.55525712084487,13.56053580600012
2021,PER.13.12_1,Viru,3207,3207.8223,6161.812044382095,1.9213632816907065,1.9208707617618934
2021,PER.14.1_1,Chiclayo,3211,3211.4229,23408.285631537437,7.290029782478181,7.289069805821576
2021,PER.14.2_1,Ferreñafe,1705,1705.7385,4325.133910536766,2.5367354313998627,2.5356371487242964
2021,PER.14.3_1,Lambayeque,9365,9366.3112,17506.549370408058,1.8693592493761941,1.8690975482293
2021,PER.16.1_1,Barranca,1389,1382.5918,7513.5638427734375,5.409333220139263,5.434404857383266
2021,PER.16.2_1,Cajatambo,1525,1527.1172,253.0,0.1659016393442623,0.16567163346690977
2021,PER.16.3_1,Cañete,4605,4605.4107,31513.88385605812,6.8434058319344455,6.842795487485706
2021,PER.16.4_1,Canta,1690,1693.223,2805.7166880369186,1.6601873893709578,1.6570272402227522
2021,PER.16.5_1,Huaral,3664,3664.9371,13333.69044971466,3.639107655489809,3.638177192367246
2021,PER.16.6_1,Huarochiri,5742,5738.1299,15719.115442991257,2.737567997734458,2.739414337093862
2021,PER.16.7_1,Huaura,4947,4942.2427,13576.786479234695,2.7444484494106924,2.7470901923959206
2021,PER.16.8_1,Oyon,1871,1870.9257,2893.994875192642,1.546763695987516,1.5468250903938712
2021,PER.16.9_1,Yauyos,6916,6912.2907,1516.5666729211807,0.2192837872934038,0.21940146081004636
2021,PER.15.1_1,Lima,2698,2705.3448,108367.97966861725,40.16604138940595,40.05699358782896
2021,PER.17.1_1,Alto Amazonas,66273,66273.3598,3615.3608870506287,0.05455254609042338,0.05455224992121458
2021,PER.17.2_1,Loreto,68509,68480.0481,2181.3039824962616,0.03183967044470452,0.031853131554891126
2021,PER.17.3_1,Mariscal Ramón Castilla,38974,38967.2339,1341.1676483154297,0.034411855296234146,0.03441783040007704
2021,PER.17.4_1,Maynas,132141,132166.5145,12571.568568229675,0.09513753163839894,0.09511916548127729
2021,PER.17.5_1,Requena,39626,39634.3226,1200.8190832138062,0.030303817776555952,0.030297454458232877
2021,PER.17.6_1,Ucayali,29932,29924.9451,1218.1023845672607,0.04069565630653684,0.040705250480378284
2021,PER.18.1_1,Manu,28191,28189.1616,1544.100022315979,0.0547728006213323,0.054776372731720764
2021,PER.18.2_1,Tahuamanu,20252,20245.0595,1229.6190567016602,0.06071593209073969,0.060736747072345915
2021,PER.18.3_1,Tambopata,35907,35901.8019,8006.100298404694,0.22296767478220664,0.22299995781177986
2021,PER.19.1_1,General Sánchez Cerro,5722,5725.7242,1572.05000770092,0.27473785524308286,0.2745591564750675
2021,PER.19.2_1,Ilo,1366,1372.4439,6491.173010826111,4.751956816124532,4.729645272385945
2021,PER.19.3_1,Mariscal Nieto,8656,8657.94,19132.601974368095,2.210328324210732,2.209833044197772
2021,PER.20.1_1,Daniel Alcides Carrión,1529,1523.3131,874.750002861023,0.5721059534735271,0.5742417771889334
2021,PER.20.2_1,Oxapampa,17693,17695.4834,2554.8822457790375,0.14440073734126702,0.14438047221481576
2021,PER.20.3_1,Pasco,4753,4751.908,11653.352242231369,2.4517888159544223,2.4523522392230346
2021,PER.21.1_1,Ayabaca,5206,5197.2449,1675.4127115011215,0.32182341749925497,0.32236555304513864
2021,PER.21.2_1,Huancabamba,4280,4276.7233,2127.795248389244,0.4971484225208514,0.49752932511453885
2021,PER.21.3_1,Morropón,3810,3811.6782,8631.424845814705,2.2654658387965103,2.2644683899517655
2021,PER.21.4_1,Paita,1747,1750.2889,13920.68187379837,7.968335359930378,7.953362431236006
2021,PER.21.5_1,Piura,6150,6149.5744,33852.32100093365,5.504442439176203,5.504823392854639
2021,PER.21.6_1,Sechura,6472,6478.1826,7687.284755587578,1.1877757656964738,1.1866421888966707
2021,PER.21.7_1,Sullana,5263,5254.043,15020.659126520157,2.8540108543644607,2.858876308241013
2021,PER.21.8_1,Talara,2932,2939.2512,20326.933435201645,6.932787665484872,6.915684348755909
2021,PER.22.1_1,Azángaro,5245,5231.2106,5096.654967308044,0.9717168669796081,0.9742782957341451
2021,PER.22.2_1,Carabaya,11680,11690.4688,2340.934151530266,0.20042244448033097,0.20024296695962596
2021,PER.22.3_1,Chucuíto,3940,3941.2265,2201.2466703653336,0.5586920483160746,0.55851818095704
2021,PER.22.4_1,El Collao,5653,5651.7589,2877.5918518304825,0.5090380066921073,0.5091497902228636
2021,PER.22.5_1,Huancane,2818,2828.4046,2401.3991421461105,0.8521643513648369,0.849029574910484
2021,PER.22.6_1,Lago Titicaca,5287,5283.4928,2911.9259380102158,0.5507709358823938,0.5511365420854298
2021,PER.22.7_1,Lampa,5711,5717.1909,2428.004382610321,0.4251452254614465,0.4246848527839196
2021,PER.22.8_1,Melgar,6535,6541.587,4658.521066784859,0.7128570874957703,0.7121392767328214
2021,PER.22.9_1,Moho,1039,1031.7237,752.8119113445282,0.7245542938830878,0.7296642537328728
2021,PER.22.10_1,Puno,6525,6518.8824,7505.645529985428,1.150290502679759,1.1513699853766592
2021,PER.22.11_1,San Antonio de Putina,3149,3140.0951,3108.046244740486,0.9869946791808467,0.9897936534786453
2021,PER.22.12_1,San Román,2280,2280.1851,13330.759019851685,5.8468241315138965,5.846349514914541
2021,PER.22.13_1,Sandia,12540,12540.8815,1239.916669845581,0.0988769274199028,0.09886997766259843
2021,PER.22.14_1,Yunguyo,297,302.7066,1292.0883892774582,4.350465957163159,4.2684509302317
2021,PER.23.1_1,Bellavista,7793,7790.7683,1341.396031498909,0.1721283243293865,0.17217763209287062
2021,PER.23.2_1,El Dorado,1319,1318.8251,309.91667103767395,0.23496335939171642,0.23499452534216617
2021,PER.23.3_1,Huallaga,2365,2359.6027,509.56667244434357,0.21546159511388735,0.2159544341997132
2021,PER.23.4_1,Lamas,5011,5010.8022,2443.425346970558,0.48761232228508444,0.48763157476939484
2021,PER.23.5_1,Mariscal Cáceres,14425,14434.6489,1743.0405359268188,0.12083469919769975,0.12075392655235447
2021,PER.23.6_1,Moyobamba,3795,3794.5532,4744.103850483894,1.2500932412342278,1.2502404279230934
2021,PER.23.7_1,Picota,2126,2134.7792,1084.3000090122223,0.5100188189144977,0.5079213737390255
2021,PER.23.8_1,Rioja,2593,2598.5485,3982.856530547142,1.5360032898369234,1.5327235911948494
2021,PER.23.9_1,San Martín,4817,4823.345,5826.194065213203,1.2095067604760648,1.2079156911400504
2021,PER.23.10_1,Tocache,6111,6102.5482,2711.59180188179,0.44372308981865327,0.44433763199019294
2021,PER.24.1_1,Candarave,2305,2304.2136,1452.333339691162,0.6300795399961657,0.6302945900532866
2021,PER.24.2_1,Jorge Basadre,2750,2746.7382,5600.5398198366165,2.0365599344860423,2.0389783672828568
2021,PER.24.3_1,Tacna,8159,8162.2685,14718.876454949379,1.8040049583220221,1.8032825711179004
2021,PER.24.4_1,Tarata,2788,2785.0639,877.416668176651,0.3147118608954989,0.31504363639061056
2021,PER.25.1_1,Contralmirante Villar,2134,2127.3485,2458.495254278183,1.1520596318079583,1.1556617243703957
2021,PER.25.2_1,Tumbes,1785,1786.2221,7764.181466817856,4.349681494015606,4.3467055924352165
2021,PER.25.3_1,Zarumilla,721,728.412,5678.809669494629,7.876296351587557,7.796150229805531
2021,PER.26.1_1,Atalaya,38581,38583.1679,1037.6619262695312,0.026895672125386363,0.026894160913222755
2021,PER.26.2_1,Coronel Portillo,39067,39060.4079,13690.29004073143,0.35043105538514424,0.3504901961765864
2021,PER.26.3_1,Padre Abad,9291,9288.8146,2328.02902507782,0.2505681869634937,0.2506271382241187
2021,PER.26.4_1,Purús,18173,18145.6829,55.0,0.003026467836900897,0.00303102398247793
2022,PER.1.1_1,Bagua,5897,5891.871,1575.3819192647934,0.26714972346359056,0.26738228385022844
2022,PER.1.2_1,Bongará,2824,2829.7375,729.6666730642319,0.25838054995192344,0.2578566675406238
2022,PER.1.3_1,Chachapoyas,2999,2997.3637,2370.0175285339355,0.7902692659332896,0.790700674060854
2022,PER.1.4_1,Condorcanqui,17948,17952.2232,178.0,0.009917539558725206,0.009915206471563843
2022,PER.1.5_1,Luya,3367,3359.4489,853.1833425760269,0.25339570614078616,0.2539652658403774
2022,PER.1.6_1,Rodríguez de Mendoza,2682,2681.7449,608.1833406686783,0.2267648548354505,0.22678642742247268
2022,PER.1.7_1,Utcubamba,3871,3870.408,2723.073395729065,0.7034547651069659,0.7035623539896843
2022,PER.2.1_1,Aija,696,697.1118,567.7333354949951,0.8157088153663723,0.8144078616698837
2022,PER.2.2_1,Antonio Raymondi,559,561.5141,457.0,0.817531305903399,0.8138708973128799
2022,PER.2.3_1,Asunción,524,524.8509,215.33333337306976,0.4109414759028049,0.4102752455889146
2022,PER.2.4_1,Bolognesi,3069,3067.2607,2025.4095414876938,0.6599574915241753,0.6603317170235506
2022,PER.2.5_1,Carhuaz,817,816.2705,1974.6128779649734,2.4169068273745085,2.419066787795094
2022,PER.2.6_1,Carlos Fermin Fitzcarrald,628,627.065,338.50000071525574,0.5390127399924455,0.5398164587390697
2022,PER.2.7_1,Casma,2274,2279.5761,3819.377909898758,1.6795857123565339,1.6754772537041749
2022,PER.2.8_1,Corongo,1016,1015.6517,457.33333480358124,0.45013123504289493,0.4502856207299965
2022,PER.2.9_1,Huaraz,2499,2501.0478,6123.754292726517,2.4504819098545485,2.448475509181781
2022,PER.2.10_1,Huari,2799,2790.2845,5563.98327434063,1.9878468289891496,1.9940558888792266
2022,PER.2.11_1,Huarmey,3927,3933.9868,1979.3354439735413,0.5040324532654803,0.503137287459876
2022,PER.2.12_1,Huaylas,2277,2284.0483,2448.716673851013,1.0754135590035192,1.0720949754650062
2022,PER.2.13_1,Mariscal Luzuriaga,731,733.0131,659.6666680574417,0.9024167825683197,0.8999384844944501
2022,PER.2.14_1,Ocros,1943,1949.2401,143.0,0.07359752959341224,0.07336192238666815
2022,PER.2.15_1,Pallasca,2067,2063.679,1481.0833410024643,0.7165376589271719,0.7176907657599663
2022,PER.2.16_1,Pomabamba,923,923.2323,600.3666750192642,0.650451435557166,0.6502877968212388
2022,PER.2.17_1,Recuay,2322,2318.0851,1480.3166744709015,0.637517947661887,0.638594631693515
2022,PER.2.18_1,Santa,3997,3987.845,19074.843194246292,4.772290016073629,4.783245877753208
2022,PER.2.19_1,Sihuas,1459,1456.9158,706.7000056505203,0.48437286199487345,0.4850657943455179
2022,PER.2.20_1,Yungay,1370,1362.6156,2132.3845492601395,1.5564850724526564,1.5649201217794266
2022,PER.3.1_1,Abancay,3469,3461.1924,5571.021022319794,1.605944370804207,1.6095669990933008
2022,PER.3.2_1,Andahuaylas,4011,4018.7208,6416.592920064926,1.599748920484898,1.596675477233688
2022,PER.3.3_1,Antabamba,3217,3220.4249,685.8333368301392,0.21319034405661771,0.21296361632786726
2022,PER.3.4_1,Aymaraes,4129,4128.1482,1791.3738417625427,0.43385174176859836,0.43394126153892904
2022,PER.3.5_1,Chincheros,1523,1523.0751,2237.1833542585373,1.468931946328652,1.468859531086608
2022,PER.3.6_1,Cotabambas,2622,2621.0521,8285.642379164696,3.1600466739758564,3.1611894523463735
2022,PER.3.7_1,Grau,2128,2129.1362,789.222224354744,0.3708751054298609,0.37067718884969897
2022,PER.4.1_1,Arequipa,10399,10401.7538,54036.03086900711,5.196271840466113,5.194896157694076
2022,PER.4.2_1,Camaná,4592,4594.9288,6010.457903981209,1.3088976271736081,1.3080633387074336
2022,PER.4.3_1,Caravelí,13035,13027.441,7336.237061023712,0.562810668279533,0.5631372336359087
2022,PER.4.4_1,Castilla,7621,7620.9932,4384.866550922394,0.575366297194908,0.5753668134287774
2022,PER.4.5_1,Caylloma,12048,12035.9001,4552.689737439156,0.37787929427615835,0.3782591814665908
2022,PER.4.6_1,Condesuyos,6838,6852.1717,2244.76905977726,0.3282785989729833,0.3275996495225906
2022,PER.4.7_1,Islay,3849,3849.9051,6486.303480029106,1.685191862829074,1.684795700134727
2022,PER.4.8_1,La Unión,4893,4893.6009,1002.7833392620087,0.20494243598242565,0.2049172689020075
2022,PER.5.1_1,Cangallo,1872,1872.5839,1227.1166713237762,0.6555110423738121,0.6553066596471813
2022,PER.5.2_1,Huamanga,2955,2958.2366,9512.035436153412,3.218962922556146,3.2154411113957346
2022,PER.5.3_1,Huanca Sancos,2830,2831.2856,465.91666984558105,0.16463486566981664,0.1645601095667382
2022,PER.5.4_1,Huanta,3810,3814.0301,3226.5326055288315,0.8468589515823705,0.8459641188680569
2022,PER.5.5_1,La Mar,4318,4312.4371,2158.6535873413086,0.4999197747432396,0.5005646591915882
2022,PER.5.6_1,Lucanas,14484,14477.3422,5340.057950854301,0.3686866853669084,0.3688562356602621
2022,PER.5.7_1,Parinacochas,5934,5950.4746,2854.1341634988785,0.4809798051059789,0.4796481569047399
2022,PER.5.8_1,Paucar del Sara Sara,2090,2081.7527,1593.2005186080933,0.762296898855547,0.7653168843705596
2022,PER.5.9_1,Sucre,1781,1786.8708,582.1666707992554,0.3268762890506768,0.3258023360492866
2022,PER.5.10_1,Victor Fajardo,2276,2265.2791,1471.5833587646484,0.6465656233588086,0.6496256320153143
2022,PER.5.11_1,Vilcas Huamán,1214,1205.7813,576.0333362817764,0.4744920397708208,0.4777262125158192
2022,PER.6.1_1,Cajabamba,1792,1788.6443,4150.870645880699,2.31633406578164,2.3206797732436777
2022,PER.6.2_1,Cajamarca,2977,2977.7902,16908.8113822937,5.679815714576319,5.678308450513587
2022,PER.6.3_1,Celendín,2582,2580.2493,1848.698316693306,0.7159947005008931,0.7164805079486483
2022,PER.6.4_1,Chota,3840,3836.4892,2991.430383324623,0.7790183289907873,0.7797312119993359
2022,PER.6.5_1,Contumazá,2062,2060.9532,1517.2500051259995,0.735814745453928,0.736188487176433
2022,PER.6.6_1,Cutervo,3025,3030.0606,1566.168167591095,0.5177415430053206,0.5168768389232214
2022,PER.6.7_1,Hualgayoc,785,783.6578,4687.023491740227,5.970730562726404,5.980957038000554
2022,PER.6.8_1,Jaén,5027,5025.2434,5470.736914396286,1.0882707209859332,1.0886511285103557
2022,PER.6.9_1,San Ignacio,4891,4894.3699,1456.7762305736542,0.29784833992509796,0.2976432653403721
2022,PER.6.10_1,San Marcos,1343,1348.0813,1866.3674808740616,1.38970028359945,1.384462094220704
2022,PER.6.11_1,San Miguel,2530,2527.3116,1982.2388685941696,0.7834936239502647,0.7843270588028235
2022,PER.6.12_1,San Pablo,666,665.0983,756.1166689395905,1.1353103137231089,1.1368494487876946
2022,PER.6.13_1,Santa Cruz,1382,1383.2844,1519.3583376407623,1.0993909823739236,1.0983702028773896
2022,PER.7.1_1,Callao,164,160.8378,9242.58747959137,56.35724072921567,57.465286478070766
2022,PER.8.1_1,Acomayo,935,932.9494,1599.0000081062317,1.7101604364772531,1.7139192860839005
2022,PER.8.2_1,Anta,1928,1932.7747,4315.036564588547,2.2380895044546403,2.2325605253819143
2022,PER.8.3_1,Calca,3559,3559.4921,3866.459575176239,1.0863893158685696,1.0862391265158213
2022,PER.8.4_1,Canas,2139,2134.9741,1362.8333389759064,0.6371357358466135,0.6383371783143396
2022,PER.8.5_1,Canchis,3953,3950.2571,5183.771579027176,1.3113512722052052,1.312261838196253
2022,PER.8.6_1,Chumbivilcas,5329,5334.9773,5629.265747189522,1.0563456084048644,1.0551620764091598
2022,PER.8.7_1,Cusco,530,530.1969,11377.394712924957,21.4667824772169,21.45880907983041
2022,PER.8.8_1,Espinar,5235,5235.9122,8870.142484903336,1.6943920697045531,1.6940968705107864
2022,PER.8.9_1,La Convención,31674,31679.4986,15653.436524510384,0.49420460076120426,0.4941188224575936
2022,PER.8.10_1,Paruro,1966,1966.4681,767.6666688919067,0.390471347350919,0.3903783938576429
2022,PER.8.11_1,Paucartambo,5708,5714.5208,774.1166682243347,0.13561959849760594,0.1354648450867184
2022,PER.8.12_1,Quispicanchi,7819,7811.3434,5639.750089406967,0.7212878999113655,0.7219949023856433
2022,PER.8.13_1,Urubamba,1463,1459.7168,5906.379754185677,4.037170030202103,4.046250341582482
2022,PER.9.1_1,Acobamba,921,927.3542,2565.701202392578,2.785777635605405,2.7666895566908556
2022,PER.9.2_1,Angaraes,1942,1944.836,2365.4035946130753,1.2180245080396885,1.2162483615098767
2022,PER.9.3_1,Castrovirreyna,3960,3958.9592,827.8333356380463,0.20904882213081977,0.20910378201320268
2022,PER.9.4_1,Churcampa,1068,1062.7849,1857.305568575859,1.7390501578425648,1.747583672940776
2022,PER.9.5_1,Huancavelica,3999,3992.4364,5512.909678339958,1.3785720626006397,1.3808384370037001
2022,PER.9.6_1,Huaytara,6463,6465.2905,1618.666670680046,0.25045128743308775,0.25036255817357306
2022,PER.9.7_1,Tayacaja,3735,3730.9345,5394.092423915863,1.4442014521863087,1.4457751718850214
2022,PER.10.1_1,Ambo,1571,1576.1231,1416.3357335329056,0.9015504350941475,0.8986200163003875
2022,PER.10.2_1,Dos de Mayo,1342,1335.5805,791.4166687726974,0.5897292613805495,0.5925638161104542
2022,PER.10.3_1,Huacaybamba,1763,1765.4566,158.0,0.08961996596710153,0.08949525990446411
2022,PER.10.4_1,Huamalíes,3158,3166.8282,1118.9333345890045,0.3543170787172275,0.35332934348603146
2022,PER.10.5_1,Huenuco,4107,4110.2577,7889.027031421661,1.9208733945511716,1.9193509427866633
2022,PER.10.6_1,Lauricocha,2076,2083.3213,964.7500085830688,0.4647158037490698,0.46308268406424524
2022,PER.10.7_1,Leoncio Prado,4962,4958.1773,3316.370105624199,0.6683535077839982,0.6688688027213138
2022,PER.10.8_1,Marañón,4875,4878.4786,348.41666781902313,0.07147008570646628,0.07141912405770862
2022,PER.10.9_1,Pachitea,2655,2647.0304,670.8333362340927,0.2526679232520123,0.2534286458961313
2022,PER.10.10_1,Puerto Inca,9819,9814.2188,927.2166724205017,0.09443086591511372,0.09447687025580079
2022,PER.10.11_1,Yarowilca,752,746.4216,266.0,0.3537234042553192,0.35636694224119514
2022,PER.11.1_1,Chincha,2899,2905.713,11595.681677103043,3.9998901956202286,3.990649332242557
2022,PER.11.2_1,Ica,7867,7864.1979,23690.734013319016,3.0114063827785706,3.0124793959252596
2022,PER.11.3_1,Nazca,5224,5209.8162,13530.755592942238,2.590114010900122,2.597165653017461
2022,PER.11.4_1,Palpa,1209,1219.3592,1972.8491683006287,1.6318024551700816,1.6179393064161245
2022,PER.11.5_1,Pisco,3979,3968.9444,14788.06018948555,3.7165268131403746,3.72594291508173
2022,PER.12.1_1,Chanchamayo,4671,4674.6736,5434.404496431351,1.1634349168125349,1.1625206361405742
2022,PER.12.2_1,Chupaca,1170,1163.9265,2811.063498735428,2.4026183749875454,2.4151555236124436
2022,PER.12.3_1,Concepción,2242,2248.8693,2978.194431424141,1.328365045238243,1.3243074894327114
2022,PER.12.4_1,Huancayo,3738,3734.3439,13839.227410793304,3.7023080285696373,3.7059327857205586
2022,PER.12.5_1,Jauja,4385,4383.5123,5426.052269101143,1.2374121480276266,1.2378321185721644
2022,PER.12.6_1,Junín,2633,2625.8821,1797.7914553880692,0.6827920453429811,0.6846428577635599
2022,PER.12.7_1,Satipo,19490,19497.3878,4744.97983956337,0.2434571492849343,0.24336490088726215
2022,PER.12.8_1,Tarma,2663,2663.9461,6642.460521697998,2.494352430228313,2.4934665203174253
2022,PER.12.9_1,Yauli,3632,3637.3003,11749.335947990417,3.2349493248872294,3.230235361925554
2022,PER.13.1_1,Ascope,2653,2656.16,12893.318606495857,4.859901472482419,4.854119692942129
2022,PER.13.2_1,Bolívar,1744,1745.5625,143.3333339691162,0.08218654470706205,0.08211297827619116
2022,PER.13.3_1,Chepén,1153,1150.5574,6145.6146186590195,5.330108082098022,5.341423890694525
2022,PER.13.4_1,Gran Chimú,1305,1306.9247,738.3500030040741,0.5657854429149993,0.5649522168226548
2022,PER.13.5_1,Julcan,1107,1110.773,356.35000228881836,0.3219060544614439,0.3208126208424091
2022,PER.13.6_1,Otuzco,2088,2088.1443,3042.056184887886,1.4569234601953478,1.4568227716995021
2022,PER.13.7_1,Pacasmayo,1119,1119.8766,7565.592311739922,6.761029769204577,6.7557377335718405
2022,PER.13.8_1,Pataz,3991,3989.5251,5338.852120518684,1.3377229066696779,1.3382174380153584
2022,PER.13.9_1,Sánchez Carrión,2501,2494.8258,5715.00780236721,2.2850890853127592,2.2907442428942852
2022,PER.13.10_1,Santiago de Chuco,2668,2671.5263,2946.0977528095245,1.104234540033555,1.1027769793236275
2022,PER.13.11_1,Trujillo,1767,1766.3122,24363.777622699738,13.788215972099456,13.793585376037754
2022,PER.13.12_1,Viru,3207,3207.8223,6450.660334825516,2.011431348558003,2.0109157406903786
2022,PER.14.1_1,Chiclayo,3211,3211.4229,24849.301176190376,7.738804477169223,7.737785404288895
2022,PER.14.2_1,Ferreñafe,1705,1705.7385,4469.856532454491,2.621616734577414,2.6204817024388936
2022,PER.14.3_1,Lambayeque,9365,9366.3112,19273.695555210114,2.058056119082767,2.0577680012975335
2022,PER.16.1_1,Barranca,1389,1382.5918,8119.2745723724365,5.84541005930341,5.872502862535362
2022,PER.16.2_1,Cajatambo,1525,1527.1172,271.0,0.17770491803278687,0.17745854810091916
2022,PER.16.3_1,Cañete,4605,4605.4107,32129.426369309425,6.9770741301431976,6.976451864188443
2022,PER.16.4_1,Canta,1690,1693.223,2941.883358359337,1.740759383644578,1.7374458665568837
2022,PER.16.5_1,Huaral,3664,3664.9371,13562.49738240242,3.7015549624460755,3.700608532520184
2022,PER.16.6_1,Huarochiri,5742,5738.1299,16539.27897787094,2.8804038623948,2.8823465367051813
2022,PER.16.7_1,Huaura,4947,4942.2427,14114.324995279312,2.8531079432543587,2.8558542793703854
2022,PER.16.8_1,Oyon,1871,1870.9257,2947.6282091140747,1.575429294021419,1.575491826227542
2022,PER.16.9_1,Yauyos,6916,6912.2907,1662.7166744470596,0.2404159448304019,0.24054495842522494
2022,PER.15.1_1,Lima,2698,2705.3448,109881.62956809998,40.72706803858413,40.61649709156879
2022,PER.17.1_1,Alto Amazonas,66273,66273.3598,3918.5670503377914,0.05912765455521542,0.05912733354745459
2022,PER.17.2_1,Loreto,68509,68480.0481,2288.0825593471527,0.03339827700516943,0.03341239705982233
2022,PER.17.3_1,Mariscal Ramón Castilla,38974,38967.2339,1444.2677059173584,0.0370572100866567,0.0370636445167823
2022,PER.17.4_1,Maynas,132141,132166.5145,12605.251903533936,0.09539243613665657,0.09537402077060564
2022,PER.17.5_1,Requena,39626,39634.3226,1349.2222670316696,0.03404891402189647,0.034041764293104085
2022,PER.17.6_1,Ucayali,29932,29924.9451,1225.733341217041,0.040950599399206235,0.04096025367696472
2022,PER.18.1_1,Manu,28191,28189.1616,1636.100022315979,0.05803625349636334,0.05804003843892005
2022,PER.18.2_1,Tahuamanu,20252,20245.0595,1378.1619176864624,0.068050657598581,0.06807398711255583
2022,PER.18.3_1,Tambopata,35907,35901.8019,8959.340514659882,0.24951515065752866,0.24955127744135736
2022,PER.19.1_1,General Sánchez Cerro,5722,5725.7242,1629.6333411931992,0.2848013528824186,0.28461610847609475
2022,PER.19.2_1,Ilo,1366,1372.4439,6619.73432970047,4.846071983675308,4.8233185473104765
2022,PER.19.3_1,Mariscal Nieto,8656,8657.94,19909.384308576584,2.3000675033013613,2.299552114953682
2022,PER.20.1_1,Daniel Alcides Carrión,1529,1523.3131,958.250002861023,0.6267168102426572,0.6290565108139117
2022,PER.20.2_1,Oxapampa,17693,17695.4834,2709.1977186203003,0.15312257495169276,0.15310108580696213
2022,PER.20.3_1,Pasco,4753,4751.908,11865.549165844917,2.4964336557637106,2.4970073384565477
2022,PER.21.1_1,Ayabaca,5206,5197.2449,1862.1891831159592,0.3577005730149749,0.35830314630476606
2022,PER.21.2_1,Huancabamba,4280,4276.7233,2592.5071581602097,0.6057259715327593,0.606190063508453
2022,PER.21.3_1,Morropón,3810,3811.6782,9276.358540058136,2.434739774293474,2.433667796807195
2022,PER.21.4_1,Paita,1747,1750.2889,14192.948500156403,8.124183457444992,8.108917681832684
2022,PER.21.5_1,Piura,6150,6149.5744,36164.157365202904,5.880350791089903,5.880757760785583
2022,PER.21.6_1,Sechura,6472,6478.1826,7971.469290494919,1.23168561348809,1.2305101304748611
2022,PER.21.7_1,Sullana,5263,5254.043,15668.88725733757,2.9771778942309655,2.982253320522537
2022,PER.21.8_1,Talara,2932,2939.2512,20463.60783457756,6.979402399242006,6.962184083093739
2022,PER.22.1_1,Azángaro,5245,5231.2106,5287.638616204262,1.0081293834517182,1.0107867949661373
2022,PER.22.2_1,Carabaya,11680,11690.4688,2578.005582213402,0.22071965601142138,0.22052200241661316
2022,PER.22.3_1,Chucuíto,3940,3941.2265,2347.3966757059097,0.5957859583009923,0.5956005471582495
2022,PER.22.4_1,El Collao,5653,5651.7589,2894.5918518304825,0.5120452594782385,0.5121577033945258
2022,PER.22.5_1,Huancane,2818,2828.4046,2527.6935863494873,0.8969814004079089,0.8936817597112666
2022,PER.22.6_1,Lago Titicaca,5287,5283.4928,3085.0846079587936,0.5835227176014363,0.5839100647021429
2022,PER.22.7_1,Lampa,5711,5717.1909,2477.004382967949,0.4337251589858079,0.4332554954431059
2022,PER.22.8_1,Melgar,6535,6541.587,4823.000379562378,0.7380260718534626,0.7372829172057698
2022,PER.22.9_1,Moho,1039,1031.7237,772.452388048172,0.7434575438384716,0.748700819920205
2022,PER.22.10_1,Puno,6525,6518.8824,7900.637552499771,1.2108256785440261,1.2119619700859503
2022,PER.22.11_1,San Antonio de Putina,3149,3140.0951,3423.469824194908,1.0871609476643087,1.0902439790263505
2022,PER.22.12_1,San Román,2280,2280.1851,13827.45079278946,6.064671400346254,6.064179099970614
2022,PER.22.13_1,Sandia,12540,12540.8815,1409.9166765213013,0.1124335467720336,0.11242564416135056
2022,PER.22.14_1,Yunguyo,297,302.7066,1368.1217268705368,4.606470460843558,4.519629234495609
2022,PER.23.1_1,Bellavista,7793,7790.7683,1664.9746025800705,0.2136500195791185,0.21371122161936856
2022,PER.23.2_1,El Dorado,1319,1318.8251,478.50000405311584,0.36277483248909465,0.36282295157661126
2022,PER.23.3_1,Huallaga,2365,2359.6027,708.0166764259338,0.2993728018714308,0.30005757642681014
2022,PER.23.4_1,Lamas,5011,5010.8022,2732.342015147209,0.5452688116438255,0.545290340589591
2022,PER.23.5_1,Mariscal Cáceres,14425,14434.6489,2022.9607499837875,0.14023991334376343,0.14014616917210596
2022,PER.23.6_1,Moyobamba,3795,3794.5532,5281.824169158936,1.3917850248113137,1.3919488943713256
2022,PER.23.7_1,Picota,2126,2134.7792,1344.0333466529846,0.6321887801754397,0.6295889127631178
2022,PER.23.8_1,Rioja,2593,2598.5485,4751.764900684357,1.8325356346642332,1.8286227754455537
2022,PER.23.9_1,San Martín,4817,4823.345,6321.2458374500275,1.3122785628918472,1.3105523003772792
2022,PER.23.10_1,Tocache,6111,6102.5482,2967.67786192894,0.4856288433855244,0.4863014236745024
2022,PER.24.1_1,Candarave,2305,2304.2136,1507.333339691162,0.6539407113627601,0.654163905385745
2022,PER.24.2_1,Jorge Basadre,2750,2746.7382,5785.134542346001,2.1036852881258183,2.1061834328692304
2022,PER.24.3_1,Tacna,8159,8162.2685,14930.274075627327,1.8299147046975521,1.829181942317266
2022,PER.24.4_1,Tarata,2788,2785.0639,892.8333356380463,0.3202415120652964,0.3205791170285108
2022,PER.25.1_1,Contralmirante Villar,2134,2127.3485,2550.2952622175217,1.1950774424636934,1.198814036862266
2022,PER.25.2_1,Tumbes,1785,1786.2221,7820.0731456279755,4.380993358895225,4.377996034820267
2022,PER.25.3_1,Zarumilla,721,728.412,5704.809672355652,7.912357381907977,7.831844317136679
2022,PER.26.1_1,Atalaya,38581,38583.1679,1141.6357460021973,0.02959062092745645,0.029588958291696103
2022,PER.26.2_1,Coronel Portillo,39067,39060.4079,14181.998389959335,0.36301733918548484,0.36307860411168563
2022,PER.26.3_1,Padre Abad,9291,9288.8146,2658.455198287964,0.28613229989107347,0.286199618332367
2022,PER.26.4_1,Purús,18173,18145.6829,55.0,0.003026467836900897,0.00303102398247793
