year,gid,name,pixels,area_km2,sum_of_lights,mean_dn,density_sol_per_km2
1992,MOZ.1.1_1,Ancuabe,6256,6255.9618,0.0,0.0,0.0
1992,MOZ.1.2_1,Balama,5466,5468.3962,0.0,0.0,0.0
1992,MOZ.1.3_1,Chiúre,4742,4737.7771,0.0,0.0,0.0
1992,MOZ.1.4_1,Macomia,4799,4795.9992,0.0,0.0,0.0
1992,MOZ.1.5_1,Mecufi,512,514.5056,0.0,0.0,0.0
1992,MOZ.1.6_1,Meluco,5725,5726.2891,0.0,0.0,0.0
1992,MOZ.1.7_1,Mocimboa da Praia,3456,3464.342,0.0,0.0,0.0
1992,MOZ.1.8_1,Montepuez,17757,17758.3815,29.0,0.0016331587542940812,0.0016330317042538426
1992,MOZ.1.9_1,Mueda,11284,11294.0996,0.0,0.0,0.0
1992,MOZ.1.10_1,Muidumbe,2018,2014.9393,0.0,0.0,0.0
1992,MOZ.1.11_1,Namuno,5982,5973.1312,0.0,0.0,0.0
1992,MOZ.1.12_1,Nangade,2881,2877.2767,0.0,0.0,0.0
1992,MOZ.1.13_1,Palma,3526,3522.4867,0.0,0.0,0.0
1992,MOZ.1.14_1,Pemba,1692,1691.1708,197.0,0.11643026004728133,0.11648734862988476
1992,MOZ.1.15_1,Quissanga,1675,1679.0074,0.0,0.0,0.0
1992,MOZ.2.1_1,Bilene,2162,2163.0664,26.0,0.012025901942645698,0.012019973291750533
1992,MOZ.2.2_1,Chibuto,5614,5607.7882,8.0,0.0014250089063056644,0.0014265874025721614
1992,MOZ.2.3_1,Chicualacuala,18112,18092.3523,19.0,0.0010490282685512368,0.0010501674799931295
1992,MOZ.2.4_1,Chigubo,15000,14995.8184,0.0,0.0,0.0
1992,MOZ.2.5_1,Chókwè,2440,2444.1617,229.0,0.09385245901639344,0.09369265431083482
1992,MOZ.2.6_1,Guijá,4207,4202.4869,1.0,0.0002376990729736154,0.00023795434196348823
1992,MOZ.2.7_1,Mabalane,8937,8948.3005,0.0,0.0,0.0
1992,MOZ.2.8_1,Mandlakazi,3688,3693.0919,0.0,0.0,0.0
1992,MOZ.2.9_1,Massangena,7598,7603.3051,0.0,0.0,0.0
1992,MOZ.2.10_1,Massingir,5675,5683.9995,0.0,0.0,0.0
1992,MOZ.2.11_1,Xai-Xai,2027,2024.7886,582.0,0.2871238283177109,0.2874374108544359
1992,MOZ.3.1_1,Funhalouro,13548,13537.0113,0.0,0.0,0.0
1992,MOZ.3.2_1,Govuro,3994,3997.747,0.0,0.0,0.0
1992,MOZ.3.3_1,Homoine,2187,2202.4336,63.0,0.02880658436213992,0.02860472169857582
1992,MOZ.3.4_1,Inharrime,2769,2770.6697,0.0,0.0,0.0
1992,MOZ.3.5_1,Inhassoro,4734,4729.6457,0.0,0.0,0.0
1992,MOZ.3.6_1,Jangamo,1488,1484.8836,52.0,0.03494623655913978,0.03501958006902057
1992,MOZ.3.7_1,Mabote,15284,15279.1057,0.0,0.0,0.0
1992,MOZ.3.8_1,Massinga,7445,7448.4008,24.0,0.003223640026863667,0.0032221681733031393
1992,MOZ.3.9_1,Morrumbene,2602,2599.4672,0.0,0.0,0.0
1992,MOZ.3.10_1,Panda,6840,6831.0558,0.0,0.0,0.0
1992,MOZ.3.11_1,Vilanculos,5818,5813.4347,15.0,0.002578205568924029,0.0025802302491661523
1992,MOZ.3.12_1,Zavala,2016,2014.459,0.0,0.0,0.0
1992,MOZ.4.1_1,Barue,5836,5830.8923,0.0,0.0,0.0
1992,MOZ.4.2_1,Gondola,5940,5937.2415,404.0,0.06801346801346801,0.06804506818413729
1992,MOZ.4.3_1,Guro,6937,6935.2207,0.0,0.0,0.0
1992,MOZ.4.4_1,Machaze,13260,13263.2546,0.0,0.0,0.0
1992,MOZ.4.5_1,Macossa,9584,9573.5794,0.0,0.0,0.0
1992,MOZ.4.6_1,Manica,4441,4436.6048,157.0,0.03535239810853411,0.03538742071386444
1992,MOZ.4.7_1,Mossurize,5062,5058.9724,0.0,0.0,0.0
1992,MOZ.4.8_1,Sussundenga,7142,7148.8821,0.0,0.0,0.0
1992,MOZ.4.9_1,Tambara,4311,4319.7613,0.0,0.0,0.0
1992,MOZ.6.1_1,Boane,833,829.5281,750.0,0.9003601440576231,0.9041285523548835
1992,MOZ.6.2_1,Magude,6943,6945.6062,0.0,0.0,0.0
1992,MOZ.6.3_1,Manhiça,2369,2368.3669,143.0,0.06036302237230899,0.06037915710981107
1992,MOZ.6.4_1,Marracuene,693,689.3484,0.0,0.0,0.0
1992,MOZ.6.5_1,Matutuíne,5359,5371.4282,0.0,0.0,0.0
1992,MOZ.6.6_1,Moamba,4542,4550.2827,185.0,0.04073095552619991,0.04065681497024099
1992,MOZ.6.7_1,Namaacha,2162,2148.9072,244.0,0.11285846438482887,0.11354608671025493
1992,MOZ.5.1_1,Boane,165,167.9631,999.0,6.054545454545455,5.947733779767804
1992,MOZ.5.2_1,Maputo,538,533.6154,6978.0,12.970260223048328,13.076833538856638
1992,MOZ.7.1_1,Angoche,3001,2995.9876,92.0,0.030656447850716428,0.030707737133387834
1992,MOZ.7.2_1,Erati,2706,2710.6135,0.0,0.0,0.0
1992,MOZ.7.3_1,Lalaua,4552,4540.6629,0.0,0.0,0.0
1992,MOZ.7.4_1,Malema,6044,6037.5257,0.0,0.0,0.0
1992,MOZ.7.5_1,Meconta,3695,3689.5498,61.0,0.01650879566982409,0.016533182366218844
1992,MOZ.7.6_1,Mecuburi,7189,7191.5197,0.0,0.0,0.0
1992,MOZ.7.7_1,Memba,3662,3655.7691,0.0,0.0,0.0
1992,MOZ.7.8_1,Mogovolas,4714,4715.0466,0.0,0.0,0.0
1992,MOZ.7.9_1,Moma,5773,5780.199,0.0,0.0,0.0
1992,MOZ.7.10_1,Monapo,3531,3529.0805,64.0,0.018125177003681676,0.01813503537234008
1992,MOZ.7.11_1,Mongincual,4369,4376.4091,0.0,0.0,0.0
1992,MOZ.7.12_1,Mossuril,3532,3536.1004,0.0,0.0,0.0
1992,MOZ.7.13_1,Muecate,4090,4086.3671,0.0,0.0,0.0
1992,MOZ.7.14_1,Murrupula,3089,3088.6505,0.0,0.0,0.0
1992,MOZ.7.15_1,Nacala Velha,1437,1443.7967,527.0,0.36673625608907445,0.3650098330220596
1992,MOZ.7.16_1,Namapa,6508,6516.2117,0.0,0.0,0.0
1992,MOZ.7.17_1,Nampula,4003,4000.626,1445.0,0.36097926555083687,0.36119347400016505
1992,MOZ.7.18_1,Ribaue,6254,6269.8324,0.0,0.0,0.0
1992,MOZ.8.1_1,Cuamba,5350,5353.3997,116.0,0.021682242990654205,0.021668473443075233
1992,MOZ.8.2_1,Lago,12284,12293.6026,0.0,0.0,0.0
1992,MOZ.8.3_1,Lichinga,6759,6759.4321,29.0,0.004290575528924397,0.004290301230352529
1992,MOZ.8.4_1,Majune,11323,11335.6173,0.0,0.0,0.0
1992,MOZ.8.5_1,Mandimba,3165,3155.5137,0.0,0.0,0.0
1992,MOZ.8.6_1,Marrupa,17482,17480.3507,0.0,0.0,0.0
1992,MOZ.8.7_1,Maúa,8103,8100.1574,0.0,0.0,0.0
1992,MOZ.8.8_1,Mavago,9086,9077.586,0.0,0.0,0.0
1992,MOZ.8.9_1,Mecanhelas,6589,6599.9521,0.0,0.0,0.0
1992,MOZ.8.10_1,Mecula,18047,18046.476,0.0,0.0,0.0
1992,MOZ.8.11_1,Metarica,4865,4850.8923,0.0,0.0,0.0
1992,MOZ.8.12_1,Muembe,5833,5831.8015,0.0,0.0,0.0
1992,MOZ.8.13_1,N'gauma,2995,2995.7859,0.0,0.0,0.0
1992,MOZ.8.14_1,Nipepe,4989,4994.2774,0.0,0.0,0.0
1992,MOZ.8.15_1,Sanga,12365,12363.2882,0.0,0.0,0.0
1992,MOZ.9.1_1,Buzi,7482,7481.6756,627.0,0.08380112269446673,0.08380475605342155
1992,MOZ.9.2_1,Caia,3510,3507.0462,0.0,0.0,0.0
1992,MOZ.9.3_1,Chemba,3984,3983.8933,0.0,0.0,0.0
1992,MOZ.9.4_1,Cheringoma,7171,7174.2611,0.0,0.0,0.0
1992,MOZ.9.5_1,Chibabava,6767,6768.7895,0.0,0.0,0.0
1992,MOZ.9.6_1,Dondo,2984,2991.2235,3022.0,1.012734584450402,1.0102889234091124
1992,MOZ.9.7_1,Gorongosa,6752,6757.2519,0.0,0.0,0.0
1992,MOZ.9.8_1,Machanga,5714,5722.3008,0.0,0.0,0.0
1992,MOZ.9.9_1,Maringue,6176,6181.6455,0.0,0.0,0.0
1992,MOZ.9.10_1,Marromeu,5972,5967.5985,0.0,0.0,0.0
1992,MOZ.9.11_1,Muanza,7528,7520.2983,0.0,0.0,0.0
1992,MOZ.9.12_1,Nhamatanda,4020,4016.3144,0.0,0.0,0.0
1992,MOZ.10.1_1,Angónia,3290,3289.6984,0.0,0.0,0.0
1992,MOZ.10.2_1,Cahora Bassa,8880,8872.9951,843.0,0.09493243243243243,0.0950073779912077
1992,MOZ.10.3_1,Changara,9132,9136.5315,551.0,0.060337275514673674,0.060307349462387014
1992,MOZ.10.4_1,Chifunde,9416,9410.3701,0.0,0.0,0.0
1992,MOZ.10.5_1,Chiuta,6695,6699.1028,0.0,0.0,0.0
1992,MOZ.10.6_1,Macanga,7200,7187.6956,0.0,0.0,0.0
1992,MOZ.10.7_1,Magoe,8608,8620.3958,0.0,0.0,0.0
1992,MOZ.10.8_1,Maravia,16892,16893.7605,80.0,0.004735969689793985,0.004735476161436291
1992,MOZ.10.9_1,Moatize,8888,8885.0823,115.0,0.012938793879387938,0.012943042769222188
1992,MOZ.10.10_1,Mutarara,6379,6378.5717,0.0,0.0,0.0
1992,MOZ.10.11_1,Tsangano,3629,3624.3899,0.0,0.0,0.0
1992,MOZ.10.12_1,Zumbu,11964,11971.0275,0.0,0.0,0.0
1992,MOZ.11.1_1,Alto Molocue,6315,6309.8954,78.0,0.012351543942992874,0.012361536109650932
1992,MOZ.11.2_1,Chinde,4123,4118.286,0.0,0.0,0.0
1992,MOZ.11.3_1,Gile,8975,8970.9551,0.0,0.0,0.0
1992,MOZ.11.4_1,Gurue,5636,5647.1391,0.0,0.0,0.0
1992,MOZ.11.5_1,Ile,5645,5651.6473,0.0,0.0,0.0
1992,MOZ.11.6_1,Inhassunge,764,763.9807,50.0,0.06544502617801047,0.06544668202332934
1992,MOZ.11.7_1,Lugela,6138,6131.5277,27.0,0.004398826979472141,0.004403470250369739
1992,MOZ.11.8_1,Maganja da Costa,7671,7673.5545,0.0,0.0,0.0
1992,MOZ.11.9_1,Milange,9792,9782.3032,0.0,0.0,0.0
1992,MOZ.11.10_1,Mocuba,8769,8769.0015,144.0,0.016421484775915155,0.01642148197955712
1992,MOZ.11.11_1,Mopeia,7621,7619.7906,0.0,0.0,0.0
1992,MOZ.11.12_1,Morrumbala,12880,12880.5037,4.0,0.00031055900621118014,0.0003105468622813682
1992,MOZ.11.13_1,Namacurra,2036,2035.9376,0.0,0.0,0.0
1992,MOZ.11.14_1,Namarroi,3057,3062.8738,0.0,0.0,0.0
1992,MOZ.11.15_1,Nicoadala,3479,3486.7693,630.0,0.18108651911468812,0.18068301832540698
1992,MOZ.11.16_1,Pebane,10059,10061.99,0.0,0.0,0.0
1993,MOZ.1.1_1,Ancuabe,6256,6255.9618,0.0,0.0,0.0
1993,MOZ.1.2_1,Balama,5466,5468.3962,0.0,0.0,0.0
1993,MOZ.1.3_1,Chiúre,4742,4737.7771,0.0,0.0,0.0
1993,MOZ.1.4_1,Macomia,4799,4795.9992,0.0,0.0,0.0
1993,MOZ.1.5_1,Mecufi,512,514.5056,0.0,0.0,0.0
1993,MOZ.1.6_1,Meluco,5725,5726.2891,0.0,0.0,0.0
1993,MOZ.1.7_1,Mocimboa da Praia,3456,3464.342,0.0,0.0,0.0
1993,MOZ.1.8_1,Montepuez,17757,17758.3815,75.0,0.004223686433519175,0.004223357855828903
1993,MOZ.1.9_1,Mueda,11284,11294.0996,0.0,0.0,0.0
1993,MOZ.1.10_1,Muidumbe,2018,2014.9393,0.0,0.0,0.0
1993,MOZ.1.11_1,Namuno,5982,5973.1312,0.0,0.0,0.0
1993,MOZ.1.12_1,Nangade,2881,2877.2767,0.0,0.0,0.0
1993,MOZ.1.13_1,Palma,3526,3522.4867,0.0,0.0,0.0
1993,MOZ.1.14_1,Pemba,1692,1691.1708,322.0,0.19030732860520094,0.19040064090773043
1993,MOZ.1.15_1,Quissanga,1675,1679.0074,0.0,0.0,0.0
1993,MOZ.2.1_1,Bilene,2162,2163.0664,117.0,0.05411655874190564,0.0540898798128774
1993,MOZ.2.2_1,Chibuto,5614,5607.7882,62.0,0.0110438190238689,0.01105605236993425
1993,MOZ.2.3_1,Chicualacuala,18112,18092.3523,37.0,0.002042844522968198,0.0020450629873550417
1993,MOZ.2.4_1,Chigubo,15000,14995.8184,0.0,0.0,0.0
1993,MOZ.2.5_1,Chókwè,2440,2444.1617,462.0,0.18934426229508197,0.18902186153539602
1993,MOZ.2.6_1,Guijá,4207,4202.4869,4.0,0.0009507962918944616,0.0009518173678539529
1993,MOZ.2.7_1,Mabalane,8937,8948.3005,0.0,0.0,0.0
1993,MOZ.2.8_1,Mandlakazi,3688,3693.0919,12.0,0.0032537960954446853,0.003249309913258521
1993,MOZ.2.9_1,Massangena,7598,7603.3051,0.0,0.0,0.0
1993,MOZ.2.10_1,Massingir,5675,5683.9995,0.0,0.0,0.0
1993,MOZ.2.11_1,Xai-Xai,2027,2024.7886,1017.0,0.5017266896891959,0.5022746509260504
1993,MOZ.3.1_1,Funhalouro,13548,13537.0113,0.0,0.0,0.0
1993,MOZ.3.2_1,Govuro,3994,3997.747,0.0,0.0,0.0
1993,MOZ.3.3_1,Homoine,2187,2202.4336,107.0,0.0489254686785551,0.04858262256742242
1993,MOZ.3.4_1,Inharrime,2769,2770.6697,0.0,0.0,0.0
1993,MOZ.3.5_1,Inhassoro,4734,4729.6457,0.0,0.0,0.0
1993,MOZ.3.6_1,Jangamo,1488,1484.8836,176.0,0.11827956989247312,0.1185278094643773
1993,MOZ.3.7_1,Mabote,15284,15279.1057,0.0,0.0,0.0
1993,MOZ.3.8_1,Massinga,7445,7448.4008,62.0,0.008327736736064472,0.008323934447699776
1993,MOZ.3.9_1,Morrumbene,2602,2599.4672,12.0,0.004611837048424289,0.00461633055572637
1993,MOZ.3.10_1,Panda,6840,6831.0558,0.0,0.0,0.0
1993,MOZ.3.11_1,Vilanculos,5818,5813.4347,60.0,0.010312822275696116,0.01032092099666461
1993,MOZ.3.12_1,Zavala,2016,2014.459,0.0,0.0,0.0
1993,MOZ.4.1_1,Barue,5836,5830.8923,0.0,0.0,0.0
1993,MOZ.4.2_1,Gondola,5940,5937.2415,1139.0,0.19175084175084176,0.19183993233102073
1993,MOZ.4.3_1,Guro,6937,6935.2207,0.0,0.0,0.0
1993,MOZ.4.4_1,Machaze,13260,13263.2546,0.0,0.0,0.0
1993,MOZ.4.5_1,Macossa,9584,9573.5794,0.0,0.0,0.0
1993,MOZ.4.6_1,Manica,4441,4436.6048,395.0,0.08894393154694888,0.08903204574507295
1993,MOZ.4.7_1,Mossurize,5062,5058.9724,0.0,0.0,0.0
1993,MOZ.4.8_1,Sussundenga,7142,7148.8821,0.0,0.0,0.0
1993,MOZ.4.9_1,Tambara,4311,4319.7613,0.0,0.0,0.0
1993,MOZ.6.1_1,Boane,833,829.5281,1329.0,1.5954381752701081,1.6021157947728537
1993,MOZ.6.2_1,Magude,6943,6945.6062,35.0,0.005041048538095924,0.005039156985690619
1993,MOZ.6.3_1,Manhiça,2369,2368.3669,220.0,0.09286618826509076,0.09289101093817088
1993,MOZ.6.4_1,Marracuene,693,689.3484,35.0,0.050505050505050504,0.050772583676446
1993,MOZ.6.5_1,Matutuíne,5359,5371.4282,0.0,0.0,0.0
1993,MOZ.6.6_1,Moamba,4542,4550.2827,274.0,0.0603258476442096,0.06021603946943801
1993,MOZ.6.7_1,Namaacha,2162,2148.9072,378.0,0.17483811285846437,0.17590336383801788
1993,MOZ.5.1_1,Boane,165,167.9631,1042.0,6.315151515151515,6.20374234085891
1993,MOZ.5.2_1,Maputo,538,533.6154,8126.0,15.104089219330856,15.228195663048012
1993,MOZ.7.1_1,Angoche,3001,2995.9876,161.0,0.05364878373875375,0.05373853998342871
1993,MOZ.7.2_1,Erati,2706,2710.6135,0.0,0.0,0.0
1993,MOZ.7.3_1,Lalaua,4552,4540.6629,0.0,0.0,0.0
1993,MOZ.7.4_1,Malema,6044,6037.5257,0.0,0.0,0.0
1993,MOZ.7.5_1,Meconta,3695,3689.5498,111.0,0.030040595399188092,0.030084971190988387
1993,MOZ.7.6_1,Mecuburi,7189,7191.5197,0.0,0.0,0.0
1993,MOZ.7.7_1,Memba,3662,3655.7691,0.0,0.0,0.0
1993,MOZ.7.8_1,Mogovolas,4714,4715.0466,0.0,0.0,0.0
1993,MOZ.7.9_1,Moma,5773,5780.199,0.0,0.0,0.0
1993,MOZ.7.10_1,Monapo,3531,3529.0805,174.0,0.04927782497875956,0.049304627418549594
1993,MOZ.7.11_1,Mongincual,4369,4376.4091,0.0,0.0,0.0
1993,MOZ.7.12_1,Mossuril,3532,3536.1004,8.0,0.0022650056625141564,0.0022623791886556503
1993,MOZ.7.13_1,Muecate,4090,4086.3671,0.0,0.0,0.0
1993,MOZ.7.14_1,Murrupula,3089,3088.6505,0.0,0.0,0.0
1993,MOZ.7.15_1,Nacala Velha,1437,1443.7967,1190.0,0.8281141266527487,0.8242157519852958
1993,MOZ.7.16_1,Namapa,6508,6516.2117,0.0,0.0,0.0
1993,MOZ.7.17_1,Nampula,4003,4000.626,2044.0,0.5106170372220834,0.5109200421151123
1993,MOZ.7.18_1,Ribaue,6254,6269.8324,0.0,0.0,0.0
1993,MOZ.8.1_1,Cuamba,5350,5353.3997,220.0,0.041121495327102804,0.041095380667901305
1993,MOZ.8.2_1,Lago,12284,12293.6026,0.0,0.0,0.0
1993,MOZ.8.3_1,Lichinga,6759,6759.4321,106.0,0.01568279331262021,0.015681790704047176
1993,MOZ.8.4_1,Majune,11323,11335.6173,0.0,0.0,0.0
1993,MOZ.8.5_1,Mandimba,3165,3155.5137,0.0,0.0,0.0
1993,MOZ.8.6_1,Marrupa,17482,17480.3507,0.0,0.0,0.0
1993,MOZ.8.7_1,Maúa,8103,8100.1574,0.0,0.0,0.0
1993,MOZ.8.8_1,Mavago,9086,9077.586,0.0,0.0,0.0
1993,MOZ.8.9_1,Mecanhelas,6589,6599.9521,0.0,0.0,0.0
1993,MOZ.8.10_1,Mecula,18047,18046.476,0.0,0.0,0.0
1993,MOZ.8.11_1,Metarica,4865,4850.8923,0.0,0.0,0.0
1993,MOZ.8.12_1,Muembe,5833,5831.8015,0.0,0.0,0.0
1993,MOZ.8.13_1,N'gauma,2995,2995.7859,0.0,0.0,0.0
1993,MOZ.8.14_1,Nipepe,4989,4994.2774,0.0,0.0,0.0
1993,MOZ.8.15_1,Sanga,12365,12363.2882,0.0,0.0,0.0
1993,MOZ.9.1_1,Buzi,7482,7481.6756,687.0,0.09182036888532479,0.09182434993413174
1993,MOZ.9.2_1,Caia,3510,3507.0462,0.0,0.0,0.0
1993,MOZ.9.3_1,Chemba,3984,3983.8933,0.0,0.0,0.0
1993,MOZ.9.4_1,Cheringoma,7171,7174.2611,0.0,0.0,0.0
1993,MOZ.9.5_1,Chibabava,6767,6768.7895,0.0,0.0,0.0
1993,MOZ.9.6_1,Dondo,2984,2991.2235,3824.0,1.2815013404825737,1.2784066324012064
1993,MOZ.9.7_1,Gorongosa,6752,6757.2519,0.0,0.0,0.0
1993,MOZ.9.8_1,Machanga,5714,5722.3008,0.0,0.0,0.0
1993,MOZ.9.9_1,Maringue,6176,6181.6455,0.0,0.0,0.0
1993,MOZ.9.10_1,Marromeu,5972,5967.5985,0.0,0.0,0.0
1993,MOZ.9.11_1,Muanza,7528,7520.2983,0.0,0.0,0.0
1993,MOZ.9.12_1,Nhamatanda,4020,4016.3144,32.0,0.007960199004975124,0.007967503805205434
1993,MOZ.10.1_1,Angónia,3290,3289.6984,32.0,0.009726443768996961,0.009727335397739083
1993,MOZ.10.2_1,Cahora Bassa,8880,8872.9951,1248.0,0.14054054054054055,0.1406514919727488
1993,MOZ.10.3_1,Changara,9132,9136.5315,880.0,0.09636443276390715,0.09631663797985585
1993,MOZ.10.4_1,Chifunde,9416,9410.3701,0.0,0.0,0.0
1993,MOZ.10.5_1,Chiuta,6695,6699.1028,0.0,0.0,0.0
1993,MOZ.10.6_1,Macanga,7200,7187.6956,0.0,0.0,0.0
1993,MOZ.10.7_1,Magoe,8608,8620.3958,0.0,0.0,0.0
1993,MOZ.10.8_1,Maravia,16892,16893.7605,84.0,0.0049727681742836845,0.0049722499695081055
1993,MOZ.10.9_1,Moatize,8888,8885.0823,210.0,0.023627362736273628,0.023635121578579648
1993,MOZ.10.10_1,Mutarara,6379,6378.5717,0.0,0.0,0.0
1993,MOZ.10.11_1,Tsangano,3629,3624.3899,0.0,0.0,0.0
1993,MOZ.10.12_1,Zumbu,11964,11971.0275,0.0,0.0,0.0
1993,MOZ.11.1_1,Alto Molocue,6315,6309.8954,107.0,0.016943784639746634,0.01695749184272628
1993,MOZ.11.2_1,Chinde,4123,4118.286,0.0,0.0,0.0
1993,MOZ.11.3_1,Gile,8975,8970.9551,0.0,0.0,0.0
1993,MOZ.11.4_1,Gurue,5636,5647.1391,1.0,0.000177430801987225,0.00017708081644760747
1993,MOZ.11.5_1,Ile,5645,5651.6473,0.0,0.0,0.0
1993,MOZ.11.6_1,Inhassunge,764,763.9807,159.0,0.2081151832460733,0.20812044883418732
1993,MOZ.11.7_1,Lugela,6138,6131.5277,27.0,0.004398826979472141,0.004403470250369739
1993,MOZ.11.8_1,Maganja da Costa,7671,7673.5545,0.0,0.0,0.0
1993,MOZ.11.9_1,Milange,9792,9782.3032,0.0,0.0,0.0
1993,MOZ.11.10_1,Mocuba,8769,8769.0015,300.0,0.03421142661648991,0.034211420790744
1993,MOZ.11.11_1,Mopeia,7621,7619.7906,0.0,0.0,0.0
1993,MOZ.11.12_1,Morrumbala,12880,12880.5037,0.0,0.0,0.0
1993,MOZ.11.13_1,Namacurra,2036,2035.9376,0.0,0.0,0.0
1993,MOZ.11.14_1,Namarroi,3057,3062.8738,0.0,0.0,0.0
1993,MOZ.11.15_1,Nicoadala,3479,3486.7693,899.0,0.2584075883874677,0.2578317991659379
1993,MOZ.11.16_1,Pebane,10059,10061.99,0.0,0.0,0.0
1994,MOZ.1.1_1,Ancuabe,6256,6255.9618,31.0,0.004955242966751918,0.004955273217967241
1994,MOZ.1.2_1,Balama,5466,5468.3962,0.0,0.0,0.0
1994,MOZ.1.3_1,Chiúre,4742,4737.7771,0.0,0.0,0.0
1994,MOZ.1.4_1,Macomia,4799,4795.9992,0.0,0.0,0.0
1994,MOZ.1.5_1,Mecufi,512,514.5056,0.0,0.0,0.0
1994,MOZ.1.6_1,Meluco,5725,5726.2891,0.0,0.0,0.0
1994,MOZ.1.7_1,Mocimboa da Praia,3456,3464.342,0.0,0.0,0.0
1994,MOZ.1.8_1,Montepuez,17757,17758.3815,72.0,0.0040547389761784085,0.004054423541595747
1994,MOZ.1.9_1,Mueda,11284,11294.0996,0.0,0.0,0.0
1994,MOZ.1.10_1,Muidumbe,2018,2014.9393,0.0,0.0,0.0
1994,MOZ.1.11_1,Namuno,5982,5973.1312,0.0,0.0,0.0
1994,MOZ.1.12_1,Nangade,2881,2877.2767,0.0,0.0,0.0
1994,MOZ.1.13_1,Palma,3526,3522.4867,0.0,0.0,0.0
1994,MOZ.1.14_1,Pemba,1692,1691.1708,381.0,0.225177304964539,0.22528771486287358
1994,MOZ.1.15_1,Quissanga,1675,1679.0074,0.0,0.0,0.0
1994,MOZ.2.1_1,Bilene,2162,2163.0664,199.0,0.09204440333024977,0.09199902634839831
1994,MOZ.2.2_1,Chibuto,5614,5607.7882,72.0,0.01282508015675098,0.012839286623149452
1994,MOZ.2.3_1,Chicualacuala,18112,18092.3523,35.0,0.0019324204946996467,0.001934519042092607
1994,MOZ.2.4_1,Chigubo,15000,14995.8184,0.0,0.0,0.0
1994,MOZ.2.5_1,Chókwè,2440,2444.1617,517.0,0.21188524590163935,0.21152446409913364
1994,MOZ.2.6_1,Guijá,4207,4202.4869,13.0,0.0030900879486570002,0.003093406445525347
1994,MOZ.2.7_1,Mabalane,8937,8948.3005,0.0,0.0,0.0
1994,MOZ.2.8_1,Mandlakazi,3688,3693.0919,34.0,0.009219088937093275,0.00920637808756581
1994,MOZ.2.9_1,Massangena,7598,7603.3051,0.0,0.0,0.0
1994,MOZ.2.10_1,Massingir,5675,5683.9995,0.0,0.0,0.0
1994,MOZ.2.11_1,Xai-Xai,2027,2024.7886,1104.0,0.5446472619634929,0.5452420989403732
1994,MOZ.3.1_1,Funhalouro,13548,13537.0113,0.0,0.0,0.0
1994,MOZ.3.2_1,Govuro,3994,3997.747,0.0,0.0,0.0
1994,MOZ.3.3_1,Homoine,2187,2202.4336,130.0,0.05944215820759031,0.059025616203410416
1994,MOZ.3.4_1,Inharrime,2769,2770.6697,7.0,0.002527988443481401,0.002526465003877603
1994,MOZ.3.5_1,Inhassoro,4734,4729.6457,0.0,0.0,0.0
1994,MOZ.3.6_1,Jangamo,1488,1484.8836,149.0,0.10013440860215053,0.10034456596700124
1994,MOZ.3.7_1,Mabote,15284,15279.1057,0.0,0.0,0.0
1994,MOZ.3.8_1,Massinga,7445,7448.4008,64.0,0.008596373404969779,0.008592448462141704
1994,MOZ.3.9_1,Morrumbene,2602,2599.4672,6.0,0.0023059185242121443,0.002308165277863185
1994,MOZ.3.10_1,Panda,6840,6831.0558,0.0,0.0,0.0
1994,MOZ.3.11_1,Vilanculos,5818,5813.4347,55.0,0.009453420419388106,0.009460844246942558
1994,MOZ.3.12_1,Zavala,2016,2014.459,0.0,0.0,0.0
1994,MOZ.4.1_1,Barue,5836,5830.8923,0.0,0.0,0.0
1994,MOZ.4.2_1,Gondola,5940,5937.2415,1099.0,0.18501683501683502,0.18510279686724476
1994,MOZ.4.3_1,Guro,6937,6935.2207,0.0,0.0,0.0
1994,MOZ.4.4_1,Machaze,13260,13263.2546,0.0,0.0,0.0
1994,MOZ.4.5_1,Macossa,9584,9573.5794,0.0,0.0,0.0
1994,MOZ.4.6_1,Manica,4441,4436.6048,400.0,0.09006980409817608,0.09015903366589666
1994,MOZ.4.7_1,Mossurize,5062,5058.9724,0.0,0.0,0.0
1994,MOZ.4.8_1,Sussundenga,7142,7148.8821,0.0,0.0,0.0
1994,MOZ.4.9_1,Tambara,4311,4319.7613,0.0,0.0,0.0
1994,MOZ.6.1_1,Boane,833,829.5281,1441.0,1.7298919567827131,1.7371323252578497
1994,MOZ.6.2_1,Magude,6943,6945.6062,52.0,0.00748955782802823,0.007486747521597491
1994,MOZ.6.3_1,Manhiça,2369,2368.3669,246.0,0.10384128324187421,0.10386903950359108
1994,MOZ.6.4_1,Marracuene,693,689.3484,44.0,0.06349206349206349,0.06382839090753212
1994,MOZ.6.5_1,Matutuíne,5359,5371.4282,0.0,0.0,0.0
1994,MOZ.6.6_1,Moamba,4542,4550.2827,272.0,0.059885512989872304,0.05977650633462459
1994,MOZ.6.7_1,Namaacha,2162,2148.9072,472.0,0.2183163737280296,0.21964652839032922
1994,MOZ.5.1_1,Boane,165,167.9631,1087.0,6.587878787878788,6.471658276884487
1994,MOZ.5.2_1,Maputo,538,533.6154,8455.0,15.715613382899628,15.844744564493103
1994,MOZ.7.1_1,Angoche,3001,2995.9876,168.0,0.055981339553482175,0.056074998243577784
1994,MOZ.7.2_1,Erati,2706,2710.6135,0.0,0.0,0.0
1994,MOZ.7.3_1,Lalaua,4552,4540.6629,0.0,0.0,0.0
1994,MOZ.7.4_1,Malema,6044,6037.5257,0.0,0.0,0.0
1994,MOZ.7.5_1,Meconta,3695,3689.5498,122.0,0.03301759133964818,0.03306636473243769
1994,MOZ.7.6_1,Mecuburi,7189,7191.5197,0.0,0.0,0.0
1994,MOZ.7.7_1,Memba,3662,3655.7691,0.0,0.0,0.0
1994,MOZ.7.8_1,Mogovolas,4714,4715.0466,0.0,0.0,0.0
1994,MOZ.7.9_1,Moma,5773,5780.199,0.0,0.0,0.0
1994,MOZ.7.10_1,Monapo,3531,3529.0805,227.0,0.06428773718493344,0.06432270358626872
1994,MOZ.7.11_1,Mongincual,4369,4376.4091,0.0,0.0,0.0
1994,MOZ.7.12_1,Mossuril,3532,3536.1004,8.0,0.0022650056625141564,0.0022623791886556503
1994,MOZ.7.13_1,Muecate,4090,4086.3671,0.0,0.0,0.0
1994,MOZ.7.14_1,Murrupula,3089,3088.6505,0.0,0.0,0.0
1994,MOZ.7.15_1,Nacala Velha,1437,1443.7967,1216.0,0.8462073764787752,0.8422238272387561
1994,MOZ.7.16_1,Namapa,6508,6516.2117,0.0,0.0,0.0
1994,MOZ.7.17_1,Nampula,4003,4000.626,2020.0,0.5046215338496128,0.504920980955248
1994,MOZ.7.18_1,Ribaue,6254,6269.8324,0.0,0.0,0.0
1994,MOZ.8.1_1,Cuamba,5350,5353.3997,224.0,0.041869158878504675,0.04184256940731769
1994,MOZ.8.2_1,Lago,12284,12293.6026,0.0,0.0,0.0
1994,MOZ.8.3_1,Lichinga,6759,6759.4321,120.0,0.01775410563692854,0.017752970608355293
1994,MOZ.8.4_1,Majune,11323,11335.6173,0.0,0.0,0.0
1994,MOZ.8.5_1,Mandimba,3165,3155.5137,0.0,0.0,0.0
1994,MOZ.8.6_1,Marrupa,17482,17480.3507,0.0,0.0,0.0
1994,MOZ.8.7_1,Maúa,8103,8100.1574,0.0,0.0,0.0
1994,MOZ.8.8_1,Mavago,9086,9077.586,0.0,0.0,0.0
1994,MOZ.8.9_1,Mecanhelas,6589,6599.9521,0.0,0.0,0.0
1994,MOZ.8.10_1,Mecula,18047,18046.476,0.0,0.0,0.0
1994,MOZ.8.11_1,Metarica,4865,4850.8923,0.0,0.0,0.0
1994,MOZ.8.12_1,Muembe,5833,5831.8015,0.0,0.0,0.0
1994,MOZ.8.13_1,N'gauma,2995,2995.7859,0.0,0.0,0.0
1994,MOZ.8.14_1,Nipepe,4989,4994.2774,0.0,0.0,0.0
1994,MOZ.8.15_1,Sanga,12365,12363.2882,0.0,0.0,0.0
1994,MOZ.9.1_1,Buzi,7482,7481.6756,710.0,0.09489441325848703,0.09489852758840399
1994,MOZ.9.2_1,Caia,3510,3507.0462,0.0,0.0,0.0
1994,MOZ.9.3_1,Chemba,3984,3983.8933,0.0,0.0,0.0
1994,MOZ.9.4_1,Cheringoma,7171,7174.2611,0.0,0.0,0.0
1994,MOZ.9.5_1,Chibabava,6767,6768.7895,0.0,0.0,0.0
1994,MOZ.9.6_1,Dondo,2984,2991.2235,3952.0,1.324396782841823,1.321198486205431
1994,MOZ.9.7_1,Gorongosa,6752,6757.2519,0.0,0.0,0.0
1994,MOZ.9.8_1,Machanga,5714,5722.3008,0.0,0.0,0.0
1994,MOZ.9.9_1,Maringue,6176,6181.6455,0.0,0.0,0.0
1994,MOZ.9.10_1,Marromeu,5972,5967.5985,0.0,0.0,0.0
1994,MOZ.9.11_1,Muanza,7528,7520.2983,0.0,0.0,0.0
1994,MOZ.9.12_1,Nhamatanda,4020,4016.3144,39.0,0.009701492537313432,0.009710395262594124
1994,MOZ.10.1_1,Angónia,3290,3289.6984,45.0,0.013677811550151976,0.013679065403070586
1994,MOZ.10.2_1,Cahora Bassa,8880,8872.9951,1282.0,0.14436936936936937,0.14448334351687814
1994,MOZ.10.3_1,Changara,9132,9136.5315,937.0,0.10260621988611476,0.10255532930355106
1994,MOZ.10.4_1,Chifunde,9416,9410.3701,0.0,0.0,0.0
1994,MOZ.10.5_1,Chiuta,6695,6699.1028,0.0,0.0,0.0
1994,MOZ.10.6_1,Macanga,7200,7187.6956,0.0,0.0,0.0
1994,MOZ.10.7_1,Magoe,8608,8620.3958,0.0,0.0,0.0
1994,MOZ.10.8_1,Maravia,16892,16893.7605,94.0,0.005564764385507933,0.005564184489687642
1994,MOZ.10.9_1,Moatize,8888,8885.0823,216.0,0.024302430243024302,0.024310410766539066
1994,MOZ.10.10_1,Mutarara,6379,6378.5717,0.0,0.0,0.0
1994,MOZ.10.11_1,Tsangano,3629,3624.3899,0.0,0.0,0.0
1994,MOZ.10.12_1,Zumbu,11964,11971.0275,0.0,0.0,0.0
1994,MOZ.11.1_1,Alto Molocue,6315,6309.8954,115.0,0.018210609659540775,0.018225341700126376
1994,MOZ.11.2_1,Chinde,4123,4118.286,0.0,0.0,0.0
1994,MOZ.11.3_1,Gile,8975,8970.9551,0.0,0.0,0.0
1994,MOZ.11.4_1,Gurue,5636,5647.1391,0.0,0.0,0.0
1994,MOZ.11.5_1,Ile,5645,5651.6473,0.0,0.0,0.0
1994,MOZ.11.6_1,Inhassunge,764,763.9807,164.0,0.21465968586387435,0.21466511703652025
1994,MOZ.11.7_1,Lugela,6138,6131.5277,29.0,0.004724666014988596,0.004729653231878609
1994,MOZ.11.8_1,Maganja da Costa,7671,7673.5545,0.0,0.0,0.0
1994,MOZ.11.9_1,Milange,9792,9782.3032,7.0,0.0007148692810457516,0.0007155778994752042
1994,MOZ.11.10_1,Mocuba,8769,8769.0015,306.0,0.034895655148819704,0.03489564920655888
1994,MOZ.11.11_1,Mopeia,7621,7619.7906,0.0,0.0,0.0
1994,MOZ.11.12_1,Morrumbala,12880,12880.5037,0.0,0.0,0.0
1994,MOZ.11.13_1,Namacurra,2036,2035.9376,0.0,0.0,0.0
1994,MOZ.11.14_1,Namarroi,3057,3062.8738,0.0,0.0,0.0
1994,MOZ.11.15_1,Nicoadala,3479,3486.7693,920.0,0.2644438056912906,0.26385456644345145
1994,MOZ.11.16_1,Pebane,10059,10061.99,0.0,0.0,0.0
1995,MOZ.1.1_1,Ancuabe,6256,6255.9618,41.0,0.006553708439897698,0.006553748449569578
1995,MOZ.1.2_1,Balama,5466,5468.3962,0.0,0.0,0.0
1995,MOZ.1.3_1,Chiúre,4742,4737.7771,0.0,0.0,0.0
1995,MOZ.1.4_1,Macomia,4799,4795.9992,0.0,0.0,0.0
1995,MOZ.1.5_1,Mecufi,512,514.5056,0.0,0.0,0.0
1995,MOZ.1.6_1,Meluco,5725,5726.2891,0.0,0.0,0.0
1995,MOZ.1.7_1,Mocimboa da Praia,3456,3464.342,0.0,0.0,0.0
1995,MOZ.1.8_1,Montepuez,17757,17758.3815,109.0,0.006138424283381202,0.00613794675047134
1995,MOZ.1.9_1,Mueda,11284,11294.0996,0.0,0.0,0.0
1995,MOZ.1.10_1,Muidumbe,2018,2014.9393,0.0,0.0,0.0
1995,MOZ.1.11_1,Namuno,5982,5973.1312,0.0,0.0,0.0
1995,MOZ.1.12_1,Nangade,2881,2877.2767,0.0,0.0,0.0
1995,MOZ.1.13_1,Palma,3526,3522.4867,0.0,0.0,0.0
1995,MOZ.1.14_1,Pemba,1692,1691.1708,432.0,0.2553191489361702,0.2554443381122346
1995,MOZ.1.15_1,Quissanga,1675,1679.0074,0.0,0.0,0.0
1995,MOZ.2.1_1,Bilene,2162,2163.0664,324.0,0.1498612395929695,0.14978735948181435
1995,MOZ.2.2_1,Chibuto,5614,5607.7882,140.0,0.02493765586034913,0.024965279545012823
1995,MOZ.2.3_1,Chicualacuala,18112,18092.3523,44.0,0.002429328621908127,0.002431966795773563
1995,MOZ.2.4_1,Chigubo,15000,14995.8184,0.0,0.0,0.0
1995,MOZ.2.5_1,Chókwè,2440,2444.1617,708.0,0.2901639344262295,0.28966986572956793
1995,MOZ.2.6_1,Guijá,4207,4202.4869,13.0,0.0030900879486570002,0.003093406445525347
1995,MOZ.2.7_1,Mabalane,8937,8948.3005,23.0,0.002573570549401365,0.0025703204720141965
1995,MOZ.2.8_1,Mandlakazi,3688,3693.0919,107.0,0.02901301518438178,0.02897301339322181
1995,MOZ.2.9_1,Massangena,7598,7603.3051,0.0,0.0,0.0
1995,MOZ.2.10_1,Massingir,5675,5683.9995,0.0,0.0,0.0
1995,MOZ.2.11_1,Xai-Xai,2027,2024.7886,1377.0,0.6793290577207696,0.6800709875370416
1995,MOZ.3.1_1,Funhalouro,13548,13537.0113,0.0,0.0,0.0
1995,MOZ.3.2_1,Govuro,3994,3997.747,0.0,0.0,0.0
1995,MOZ.3.3_1,Homoine,2187,2202.4336,172.0,0.07864654778235025,0.07809543066912764
1995,MOZ.3.4_1,Inharrime,2769,2770.6697,44.0,0.015890213073311666,0.015880637167230646
1995,MOZ.3.5_1,Inhassoro,4734,4729.6457,0.0,0.0,0.0
1995,MOZ.3.6_1,Jangamo,1488,1484.8836,159.0,0.10685483870967742,0.10707910059565903
1995,MOZ.3.7_1,Mabote,15284,15279.1057,0.0,0.0,0.0
1995,MOZ.3.8_1,Massinga,7445,7448.4008,70.0,0.009402283411685695,0.00939799050546749
1995,MOZ.3.9_1,Morrumbene,2602,2599.4672,0.0,0.0,0.0
1995,MOZ.3.10_1,Panda,6840,6831.0558,0.0,0.0,0.0
1995,MOZ.3.11_1,Vilanculos,5818,5813.4347,91.0,0.015641113784805774,0.015653396844941325
1995,MOZ.3.12_1,Zavala,2016,2014.459,1.0,0.000496031746031746,0.0004964111832045771
1995,MOZ.4.1_1,Barue,5836,5830.8923,25.0,0.004283755997258396,0.004287508419043313
1995,MOZ.4.2_1,Gondola,5940,5937.2415,1307.0,0.22003367003367003,0.2201359012788798
1995,MOZ.4.3_1,Guro,6937,6935.2207,0.0,0.0,0.0
1995,MOZ.4.4_1,Machaze,13260,13263.2546,0.0,0.0,0.0
1995,MOZ.4.5_1,Macossa,9584,9573.5794,0.0,0.0,0.0
1995,MOZ.4.6_1,Manica,4441,4436.6048,640.0,0.14411168655708173,0.14425445386543467
1995,MOZ.4.7_1,Mossurize,5062,5058.9724,0.0,0.0,0.0
1995,MOZ.4.8_1,Sussundenga,7142,7148.8821,0.0,0.0,0.0
1995,MOZ.4.9_1,Tambara,4311,4319.7613,0.0,0.0,0.0
1995,MOZ.6.1_1,Boane,833,829.5281,1944.0,2.333733493397359,2.343501207703858
1995,MOZ.6.2_1,Magude,6943,6945.6062,106.0,0.015267175572519083,0.015261446870948731
1995,MOZ.6.3_1,Manhiça,2369,2368.3669,338.0,0.14267623469818488,0.14271437135046255
1995,MOZ.6.4_1,Marracuene,693,689.3484,167.0,0.240981240981241,0.24225775639904235
1995,MOZ.6.5_1,Matutuíne,5359,5371.4282,27.0,0.005038253405486098,0.0050265960531410666
1995,MOZ.6.6_1,Moamba,4542,4550.2827,339.0,0.07463672391017173,0.07450086635087404
1995,MOZ.6.7_1,Namaacha,2162,2148.9072,592.0,0.2738205365402405,0.2754888661166841
1995,MOZ.5.1_1,Boane,165,167.9631,1197.0,7.254545454545455,7.126563898280341
1995,MOZ.5.2_1,Maputo,538,533.6154,8829.0,16.41078066914498,16.545623862792382
1995,MOZ.7.1_1,Angoche,3001,2995.9876,191.0,0.06364545151616129,0.06375193252692474
1995,MOZ.7.2_1,Erati,2706,2710.6135,0.0,0.0,0.0
1995,MOZ.7.3_1,Lalaua,4552,4540.6629,0.0,0.0,0.0
1995,MOZ.7.4_1,Malema,6044,6037.5257,0.0,0.0,0.0
1995,MOZ.7.5_1,Meconta,3695,3689.5498,200.0,0.05412719891745602,0.05420715529907817
1995,MOZ.7.6_1,Mecuburi,7189,7191.5197,0.0,0.0,0.0
1995,MOZ.7.7_1,Memba,3662,3655.7691,0.0,0.0,0.0
1995,MOZ.7.8_1,Mogovolas,4714,4715.0466,0.0,0.0,0.0
1995,MOZ.7.9_1,Moma,5773,5780.199,0.0,0.0,0.0
1995,MOZ.7.10_1,Monapo,3531,3529.0805,343.0,0.09713962050410649,0.09719245519863512
1995,MOZ.7.11_1,Mongincual,4369,4376.4091,0.0,0.0,0.0
1995,MOZ.7.12_1,Mossuril,3532,3536.1004,9.0,0.002548131370328426,0.0025451765872376063
1995,MOZ.7.13_1,Muecate,4090,4086.3671,0.0,0.0,0.0
1995,MOZ.7.14_1,Murrupula,3089,3088.6505,0.0,0.0,0.0
1995,MOZ.7.15_1,Nacala Velha,1437,1443.7967,1361.0,0.9471120389700766,0.9426534776907459
1995,MOZ.7.16_1,Namapa,6508,6516.2117,0.0,0.0,0.0
1995,MOZ.7.17_1,Nampula,4003,4000.626,2178.0,0.5440919310517112,0.5444148002576882
1995,MOZ.7.18_1,Ribaue,6254,6269.8324,0.0,0.0,0.0
1995,MOZ.8.1_1,Cuamba,5350,5353.3997,287.0,0.05364485981308411,0.05361079205312579
1995,MOZ.8.2_1,Lago,12284,12293.6026,0.0,0.0,0.0
1995,MOZ.8.3_1,Lichinga,6759,6759.4321,161.0,0.02382009172954579,0.02381856889954335
1995,MOZ.8.4_1,Majune,11323,11335.6173,0.0,0.0,0.0
1995,MOZ.8.5_1,Mandimba,3165,3155.5137,0.0,0.0,0.0
1995,MOZ.8.6_1,Marrupa,17482,17480.3507,0.0,0.0,0.0
1995,MOZ.8.7_1,Maúa,8103,8100.1574,0.0,0.0,0.0
1995,MOZ.8.8_1,Mavago,9086,9077.586,0.0,0.0,0.0
1995,MOZ.8.9_1,Mecanhelas,6589,6599.9521,21.0,0.0031871300652602822,0.0031818412602377263
1995,MOZ.8.10_1,Mecula,18047,18046.476,0.0,0.0,0.0
1995,MOZ.8.11_1,Metarica,4865,4850.8923,0.0,0.0,0.0
1995,MOZ.8.12_1,Muembe,5833,5831.8015,0.0,0.0,0.0
1995,MOZ.8.13_1,N'gauma,2995,2995.7859,0.0,0.0,0.0
1995,MOZ.8.14_1,Nipepe,4989,4994.2774,0.0,0.0,0.0
1995,MOZ.8.15_1,Sanga,12365,12363.2882,0.0,0.0,0.0
1995,MOZ.9.1_1,Buzi,7482,7481.6756,809.0,0.10812616947340284,0.10813085749157582
1995,MOZ.9.2_1,Caia,3510,3507.0462,0.0,0.0,0.0
1995,MOZ.9.3_1,Chemba,3984,3983.8933,0.0,0.0,0.0
1995,MOZ.9.4_1,Cheringoma,7171,7174.2611,0.0,0.0,0.0
1995,MOZ.9.5_1,Chibabava,6767,6768.7895,0.0,0.0,0.0
1995,MOZ.9.6_1,Dondo,2984,2991.2235,4196.0,1.406166219839142,1.4027704575197337
1995,MOZ.9.7_1,Gorongosa,6752,6757.2519,0.0,0.0,0.0
1995,MOZ.9.8_1,Machanga,5714,5722.3008,0.0,0.0,0.0
1995,MOZ.9.9_1,Maringue,6176,6181.6455,0.0,0.0,0.0
1995,MOZ.9.10_1,Marromeu,5972,5967.5985,0.0,0.0,0.0
1995,MOZ.9.11_1,Muanza,7528,7520.2983,0.0,0.0,0.0
1995,MOZ.9.12_1,Nhamatanda,4020,4016.3144,71.0,0.017661691542288558,0.017677899067799558
1995,MOZ.10.1_1,Angónia,3290,3289.6984,124.0,0.03768996960486322,0.03769342466623895
1995,MOZ.10.2_1,Cahora Bassa,8880,8872.9951,1388.0,0.15630630630630632,0.15642970421328148
1995,MOZ.10.3_1,Changara,9132,9136.5315,1095.0,0.11990801576872537,0.11984854384993426
1995,MOZ.10.4_1,Chifunde,9416,9410.3701,0.0,0.0,0.0
1995,MOZ.10.5_1,Chiuta,6695,6699.1028,0.0,0.0,0.0
1995,MOZ.10.6_1,Macanga,7200,7187.6956,0.0,0.0,0.0
1995,MOZ.10.7_1,Magoe,8608,8620.3958,0.0,0.0,0.0
1995,MOZ.10.8_1,Maravia,16892,16893.7605,79.0,0.004676770068671561,0.004676282709418337
1995,MOZ.10.9_1,Moatize,8888,8885.0823,279.0,0.03139063906390639,0.03140094724011296
1995,MOZ.10.10_1,Mutarara,6379,6378.5717,0.0,0.0,0.0
1995,MOZ.10.11_1,Tsangano,3629,3624.3899,0.0,0.0,0.0
1995,MOZ.10.12_1,Zumbu,11964,11971.0275,1.0,8.358408559010364e-05,8.353501833005241e-05
1995,MOZ.11.1_1,Alto Molocue,6315,6309.8954,143.0,0.022644497228820268,0.022662816201026708
1995,MOZ.11.2_1,Chinde,4123,4118.286,0.0,0.0,0.0
1995,MOZ.11.3_1,Gile,8975,8970.9551,0.0,0.0,0.0
1995,MOZ.11.4_1,Gurue,5636,5647.1391,0.0,0.0,0.0
1995,MOZ.11.5_1,Ile,5645,5651.6473,0.0,0.0,0.0
1995,MOZ.11.6_1,Inhassunge,764,763.9807,257.0,0.33638743455497383,0.3363959455999128
1995,MOZ.11.7_1,Lugela,6138,6131.5277,33.0,0.005376344086021506,0.005382019194896348
1995,MOZ.11.8_1,Maganja da Costa,7671,7673.5545,0.0,0.0,0.0
1995,MOZ.11.9_1,Milange,9792,9782.3032,57.0,0.005821078431372549,0.005826848610012377
1995,MOZ.11.10_1,Mocuba,8769,8769.0015,419.0,0.04778195917436424,0.04778195103773912
1995,MOZ.11.11_1,Mopeia,7621,7619.7906,0.0,0.0,0.0
1995,MOZ.11.12_1,Morrumbala,12880,12880.5037,15.0,0.0011645962732919255,0.0011645507335551306
1995,MOZ.11.13_1,Namacurra,2036,2035.9376,0.0,0.0,0.0
1995,MOZ.11.14_1,Namarroi,3057,3062.8738,0.0,0.0,0.0
1995,MOZ.11.15_1,Nicoadala,3479,3486.7693,964.0,0.2770911181373958,0.2764736978820513
1995,MOZ.11.16_1,Pebane,10059,10061.99,0.0,0.0,0.0
1996,MOZ.1.1_1,Ancuabe,6256,6255.9618,50.0,0.0079923273657289,0.007992376158011679
1996,MOZ.1.2_1,Balama,5466,5468.3962,0.0,0.0,0.0
1996,MOZ.1.3_1,Chiúre,4742,4737.7771,0.0,0.0,0.0
1996,MOZ.1.4_1,Macomia,4799,4795.9992,0.0,0.0,0.0
1996,MOZ.1.5_1,Mecufi,512,514.5056,0.0,0.0,0.0
1996,MOZ.1.6_1,Meluco,5725,5726.2891,0.0,0.0,0.0
1996,MOZ.1.7_1,Mocimboa da Praia,3456,3464.342,0.0,0.0,0.0
1996,MOZ.1.8_1,Montepuez,17757,17758.3815,122.0,0.0068705299318578585,0.006869995445481683
1996,MOZ.1.9_1,Mueda,11284,11294.0996,0.0,0.0,0.0
1996,MOZ.1.10_1,Muidumbe,2018,2014.9393,0.0,0.0,0.0
1996,MOZ.1.11_1,Namuno,5982,5973.1312,0.0,0.0,0.0
1996,MOZ.1.12_1,Nangade,2881,2877.2767,0.0,0.0,0.0
1996,MOZ.1.13_1,Palma,3526,3522.4867,0.0,0.0,0.0
1996,MOZ.1.14_1,Pemba,1692,1691.1708,436.0,0.2576832151300236,0.2578095634651257
1996,MOZ.1.15_1,Quissanga,1675,1679.0074,0.0,0.0,0.0
1996,MOZ.2.1_1,Bilene,2162,2163.0664,348.0,0.16096207215541167,0.16088271944343022
1996,MOZ.2.2_1,Chibuto,5614,5607.7882,155.0,0.027609547559672248,0.027640130924835627
1996,MOZ.2.3_1,Chicualacuala,18112,18092.3523,40.0,0.002208480565371025,0.0022108789052486936
1996,MOZ.2.4_1,Chigubo,15000,14995.8184,0.0,0.0,0.0
1996,MOZ.2.5_1,Chókwè,2440,2444.1617,676.0,0.27704918032786885,0.27657744241975696
1996,MOZ.2.6_1,Guijá,4207,4202.4869,15.0,0.0035654860946042312,0.0035693151294523234
1996,MOZ.2.7_1,Mabalane,8937,8948.3005,29.0,0.003244936779679982,0.0032408388560179
1996,MOZ.2.8_1,Mandlakazi,3688,3693.0919,108.0,0.02928416485900217,0.029243789219326688
1996,MOZ.2.9_1,Massangena,7598,7603.3051,0.0,0.0,0.0
1996,MOZ.2.10_1,Massingir,5675,5683.9995,0.0,0.0,0.0
1996,MOZ.2.11_1,Xai-Xai,2027,2024.7886,1442.0,0.7113961519486927,0.7121731038695818
1996,MOZ.3.1_1,Funhalouro,13548,13537.0113,0.0,0.0,0.0
1996,MOZ.3.2_1,Govuro,3994,3997.747,0.0,0.0,0.0
1996,MOZ.3.3_1,Homoine,2187,2202.4336,224.0,0.10242341106538637,0.1017056771504918
1996,MOZ.3.4_1,Inharrime,2769,2770.6697,27.0,0.009750812567713976,0.009744936443527896
1996,MOZ.3.5_1,Inhassoro,4734,4729.6457,21.0,0.004435994930291508,0.004440078919908029
1996,MOZ.3.6_1,Jangamo,1488,1484.8836,171.0,0.11491935483870967,0.1151605421500484
1996,MOZ.3.7_1,Mabote,15284,15279.1057,0.0,0.0,0.0
1996,MOZ.3.8_1,Massinga,7445,7448.4008,70.0,0.009402283411685695,0.00939799050546749
1996,MOZ.3.9_1,Morrumbene,2602,2599.4672,0.0,0.0,0.0
1996,MOZ.3.10_1,Panda,6840,6831.0558,0.0,0.0,0.0
1996,MOZ.3.11_1,Vilanculos,5818,5813.4347,82.0,0.014094190443451358,0.014105258695441632
1996,MOZ.3.12_1,Zavala,2016,2014.459,2.0,0.000992063492063492,0.0009928223664091543
1996,MOZ.4.1_1,Barue,5836,5830.8923,0.0,0.0,0.0
1996,MOZ.4.2_1,Gondola,5940,5937.2415,1248.0,0.2101010101010101,0.21019862646981025
1996,MOZ.4.3_1,Guro,6937,6935.2207,0.0,0.0,0.0
1996,MOZ.4.4_1,Machaze,13260,13263.2546,0.0,0.0,0.0
1996,MOZ.4.5_1,Macossa,9584,9573.5794,0.0,0.0,0.0
1996,MOZ.4.6_1,Manica,4441,4436.6048,663.0,0.14929070029272687,0.14943859830122372
1996,MOZ.4.7_1,Mossurize,5062,5058.9724,45.0,0.008889766890557092,0.008895087046460654
1996,MOZ.4.8_1,Sussundenga,7142,7148.8821,0.0,0.0,0.0
1996,MOZ.4.9_1,Tambara,4311,4319.7613,0.0,0.0,0.0
1996,MOZ.6.1_1,Boane,833,829.5281,1888.0,2.2665066026410563,2.27599294246136
1996,MOZ.6.2_1,Magude,6943,6945.6062,107.0,0.015411205530750396,0.015405422784825606
1996,MOZ.6.3_1,Manhiça,2369,2368.3669,328.0,0.13845504432249894,0.13849205267145479
1996,MOZ.6.4_1,Marracuene,693,689.3484,198.0,0.2857142857142857,0.28722775908389453
1996,MOZ.6.5_1,Matutuíne,5359,5371.4282,16.0,0.0029856316476954657,0.002978723587046558
1996,MOZ.6.6_1,Moamba,4542,4550.2827,373.0,0.08212241303390577,0.08197292964270211
1996,MOZ.6.7_1,Namaacha,2162,2148.9072,638.0,0.29509713228492135,0.2968950955784535
1996,MOZ.5.1_1,Boane,165,167.9631,1250.0,7.575757575757576,7.442109334043798
1996,MOZ.5.2_1,Maputo,538,533.6154,9073.0,16.864312267657994,17.002882014624
1996,MOZ.7.1_1,Angoche,3001,2995.9876,209.0,0.0696434521826058,0.06975996805302236
1996,MOZ.7.2_1,Erati,2706,2710.6135,0.0,0.0,0.0
1996,MOZ.7.3_1,Lalaua,4552,4540.6629,0.0,0.0,0.0
1996,MOZ.7.4_1,Malema,6044,6037.5257,0.0,0.0,0.0
1996,MOZ.7.5_1,Meconta,3695,3689.5498,226.0,0.061163734776725306,0.06125408548795833
1996,MOZ.7.6_1,Mecuburi,7189,7191.5197,0.0,0.0,0.0
1996,MOZ.7.7_1,Memba,3662,3655.7691,0.0,0.0,0.0
1996,MOZ.7.8_1,Mogovolas,4714,4715.0466,35.0,0.007424692405600339,0.007423044399846332
1996,MOZ.7.9_1,Moma,5773,5780.199,0.0,0.0,0.0
1996,MOZ.7.10_1,Monapo,3531,3529.0805,397.0,0.1124327386009629,0.11249389129404706
1996,MOZ.7.11_1,Mongincual,4369,4376.4091,0.0,0.0,0.0
1996,MOZ.7.12_1,Mossuril,3532,3536.1004,38.0,0.010758776896942242,0.010746301146114337
1996,MOZ.7.13_1,Muecate,4090,4086.3671,0.0,0.0,0.0
1996,MOZ.7.14_1,Murrupula,3089,3088.6505,0.0,0.0,0.0
1996,MOZ.7.15_1,Nacala Velha,1437,1443.7967,1400.0,0.9742519137091162,0.9696655905709363
1996,MOZ.7.16_1,Namapa,6508,6516.2117,0.0,0.0,0.0
1996,MOZ.7.17_1,Nampula,4003,4000.626,2198.0,0.5490881838621035,0.5494140178909085
1996,MOZ.7.18_1,Ribaue,6254,6269.8324,0.0,0.0,0.0
1996,MOZ.8.1_1,Cuamba,5350,5353.3997,308.0,0.05757009345794393,0.057533532935061825
1996,MOZ.8.2_1,Lago,12284,12293.6026,0.0,0.0,0.0
1996,MOZ.8.3_1,Lichinga,6759,6759.4321,197.0,0.029146323420624353,0.02914446008204994
1996,MOZ.8.4_1,Majune,11323,11335.6173,0.0,0.0,0.0
1996,MOZ.8.5_1,Mandimba,3165,3155.5137,0.0,0.0,0.0
1996,MOZ.8.6_1,Marrupa,17482,17480.3507,0.0,0.0,0.0
1996,MOZ.8.7_1,Maúa,8103,8100.1574,0.0,0.0,0.0
1996,MOZ.8.8_1,Mavago,9086,9077.586,0.0,0.0,0.0
1996,MOZ.8.9_1,Mecanhelas,6589,6599.9521,47.0,0.007133100622249203,0.007121263772913006
1996,MOZ.8.10_1,Mecula,18047,18046.476,0.0,0.0,0.0
1996,MOZ.8.11_1,Metarica,4865,4850.8923,0.0,0.0,0.0
1996,MOZ.8.12_1,Muembe,5833,5831.8015,0.0,0.0,0.0
1996,MOZ.8.13_1,N'gauma,2995,2995.7859,0.0,0.0,0.0
1996,MOZ.8.14_1,Nipepe,4989,4994.2774,0.0,0.0,0.0
1996,MOZ.8.15_1,Sanga,12365,12363.2882,0.0,0.0,0.0
1996,MOZ.9.1_1,Buzi,7482,7481.6756,808.0,0.10799251537022186,0.10799719759356398
1996,MOZ.9.2_1,Caia,3510,3507.0462,0.0,0.0,0.0
1996,MOZ.9.3_1,Chemba,3984,3983.8933,0.0,0.0,0.0
1996,MOZ.9.4_1,Cheringoma,7171,7174.2611,0.0,0.0,0.0
1996,MOZ.9.5_1,Chibabava,6767,6768.7895,0.0,0.0,0.0
1996,MOZ.9.6_1,Dondo,2984,2991.2235,4274.0,1.4323056300268096,1.428846743431683
1996,MOZ.9.7_1,Gorongosa,6752,6757.2519,0.0,0.0,0.0
1996,MOZ.9.8_1,Machanga,5714,5722.3008,0.0,0.0,0.0
1996,MOZ.9.9_1,Maringue,6176,6181.6455,0.0,0.0,0.0
1996,MOZ.9.10_1,Marromeu,5972,5967.5985,0.0,0.0,0.0
1996,MOZ.9.11_1,Muanza,7528,7520.2983,0.0,0.0,0.0
1996,MOZ.9.12_1,Nhamatanda,4020,4016.3144,134.0,0.03333333333333333,0.03336392218429776
1996,MOZ.10.1_1,Angónia,3290,3289.6984,131.0,0.03981762917933131,0.039821279284494374
1996,MOZ.10.2_1,Cahora Bassa,8880,8872.9951,1504.0,0.16936936936936936,0.1695030800697229
1996,MOZ.10.3_1,Changara,9132,9136.5315,1086.0,0.11892247043363995,0.11886348732514028
1996,MOZ.10.4_1,Chifunde,9416,9410.3701,0.0,0.0,0.0
1996,MOZ.10.5_1,Chiuta,6695,6699.1028,0.0,0.0,0.0
1996,MOZ.10.6_1,Macanga,7200,7187.6956,0.0,0.0,0.0
1996,MOZ.10.7_1,Magoe,8608,8620.3958,0.0,0.0,0.0
1996,MOZ.10.8_1,Maravia,16892,16893.7605,79.0,0.004676770068671561,0.004676282709418337
1996,MOZ.10.9_1,Moatize,8888,8885.0823,265.0,0.029815481548154815,0.029825272468207653
1996,MOZ.10.10_1,Mutarara,6379,6378.5717,0.0,0.0,0.0
1996,MOZ.10.11_1,Tsangano,3629,3624.3899,0.0,0.0,0.0
1996,MOZ.10.12_1,Zumbu,11964,11971.0275,1.0,8.358408559010364e-05,8.353501833005241e-05
1996,MOZ.11.1_1,Alto Molocue,6315,6309.8954,174.0,0.027553444180522565,0.02757573439845208
1996,MOZ.11.2_1,Chinde,4123,4118.286,0.0,0.0,0.0
1996,MOZ.11.3_1,Gile,8975,8970.9551,0.0,0.0,0.0
1996,MOZ.11.4_1,Gurue,5636,5647.1391,35.0,0.006210078069552875,0.006197828575666261
1996,MOZ.11.5_1,Ile,5645,5651.6473,0.0,0.0,0.0
1996,MOZ.11.6_1,Inhassunge,764,763.9807,271.0,0.35471204188481675,0.35472101656644506
1996,MOZ.11.7_1,Lugela,6138,6131.5277,37.0,0.0060280221570544155,0.006034385157914087
1996,MOZ.11.8_1,Maganja da Costa,7671,7673.5545,0.0,0.0,0.0
1996,MOZ.11.9_1,Milange,9792,9782.3032,94.0,0.00959967320261438,0.009609188935809886
1996,MOZ.11.10_1,Mocuba,8769,8769.0015,514.0,0.058615577602919376,0.05861556762147472
1996,MOZ.11.11_1,Mopeia,7621,7619.7906,0.0,0.0,0.0
1996,MOZ.11.12_1,Morrumbala,12880,12880.5037,17.0,0.0013198757763975156,0.0013198241646958148
1996,MOZ.11.13_1,Namacurra,2036,2035.9376,0.0,0.0,0.0
1996,MOZ.11.14_1,Namarroi,3057,3062.8738,0.0,0.0,0.0
1996,MOZ.11.15_1,Nicoadala,3479,3486.7693,977.0,0.28082782408738144,0.280202077625274
1996,MOZ.11.16_1,Pebane,10059,10061.99,0.0,0.0,0.0
1997,MOZ.1.1_1,Ancuabe,6256,6255.9618,51.0,0.008152173913043478,0.008152223681171912
1997,MOZ.1.2_1,Balama,5466,5468.3962,0.0,0.0,0.0
1997,MOZ.1.3_1,Chiúre,4742,4737.7771,0.0,0.0,0.0
1997,MOZ.1.4_1,Macomia,4799,4795.9992,0.0,0.0,0.0
1997,MOZ.1.5_1,Mecufi,512,514.5056,0.0,0.0,0.0
1997,MOZ.1.6_1,Meluco,5725,5726.2891,0.0,0.0,0.0
1997,MOZ.1.7_1,Mocimboa da Praia,3456,3464.342,0.0,0.0,0.0
1997,MOZ.1.8_1,Montepuez,17757,17758.3815,131.0,0.00737737230388016,0.007376798388181151
1997,MOZ.1.9_1,Mueda,11284,11294.0996,0.0,0.0,0.0
1997,MOZ.1.10_1,Muidumbe,2018,2014.9393,0.0,0.0,0.0
1997,MOZ.1.11_1,Namuno,5982,5973.1312,0.0,0.0,0.0
1997,MOZ.1.12_1,Nangade,2881,2877.2767,0.0,0.0,0.0
1997,MOZ.1.13_1,Palma,3526,3522.4867,0.0,0.0,0.0
1997,MOZ.1.14_1,Pemba,1692,1691.1708,428.0,0.25295508274231676,0.2530791127593435
1997,MOZ.1.15_1,Quissanga,1675,1679.0074,0.0,0.0,0.0
1997,MOZ.2.1_1,Bilene,2162,2163.0664,360.0,0.16651248843663274,0.16643039942423815
1997,MOZ.2.2_1,Chibuto,5614,5607.7882,151.0,0.026897043106519417,0.026926837223549546
1997,MOZ.2.3_1,Chicualacuala,18112,18092.3523,43.0,0.0023741166077738515,0.002376694823142346
1997,MOZ.2.4_1,Chigubo,15000,14995.8184,0.0,0.0,0.0
1997,MOZ.2.5_1,Chókwè,2440,2444.1617,674.0,0.2762295081967213,0.27575916596289374
1997,MOZ.2.6_1,Guijá,4207,4202.4869,15.0,0.0035654860946042312,0.0035693151294523234
1997,MOZ.2.7_1,Mabalane,8937,8948.3005,68.0,0.007608817276490993,0.0075992083520419725
1997,MOZ.2.8_1,Mandlakazi,3688,3693.0919,108.0,0.02928416485900217,0.029243789219326688
1997,MOZ.2.9_1,Massangena,7598,7603.3051,0.0,0.0,0.0
1997,MOZ.2.10_1,Massingir,5675,5683.9995,0.0,0.0,0.0
1997,MOZ.2.11_1,Xai-Xai,2027,2024.7886,1445.0,0.7128761716822891,0.7136547400080067
1997,MOZ.3.1_1,Funhalouro,13548,13537.0113,0.0,0.0,0.0
1997,MOZ.3.2_1,Govuro,3994,3997.747,0.0,0.0,0.0
1997,MOZ.3.3_1,Homoine,2187,2202.4336,226.0,0.10333790580704161,0.10261376355362119
1997,MOZ.3.4_1,Inharrime,2769,2770.6697,27.0,0.009750812567713976,0.009744936443527896
1997,MOZ.3.5_1,Inhassoro,4734,4729.6457,21.0,0.004435994930291508,0.004440078919908029
1997,MOZ.3.6_1,Jangamo,1488,1484.8836,173.0,0.11626344086021505,0.11650744907577996
1997,MOZ.3.7_1,Mabote,15284,15279.1057,0.0,0.0,0.0
1997,MOZ.3.8_1,Massinga,7445,7448.4008,73.0,0.009805238415043653,0.00980076152713038
1997,MOZ.3.9_1,Morrumbene,2602,2599.4672,5.0,0.001921598770176787,0.0019234710648859876
1997,MOZ.3.10_1,Panda,6840,6831.0558,0.0,0.0,0.0
1997,MOZ.3.11_1,Vilanculos,5818,5813.4347,82.0,0.014094190443451358,0.014105258695441632
1997,MOZ.3.12_1,Zavala,2016,2014.459,3.0,0.001488095238095238,0.0014892335496137314
1997,MOZ.4.1_1,Barue,5836,5830.8923,0.0,0.0,0.0
1997,MOZ.4.2_1,Gondola,5940,5937.2415,1223.0,0.2058922558922559,0.20598791680495027
1997,MOZ.4.3_1,Guro,6937,6935.2207,0.0,0.0,0.0
1997,MOZ.4.4_1,Machaze,13260,13263.2546,0.0,0.0,0.0
1997,MOZ.4.5_1,Macossa,9584,9573.5794,0.0,0.0,0.0
1997,MOZ.4.6_1,Manica,4441,4436.6048,618.0,0.13915784733168204,0.13929570701381033
1997,MOZ.4.7_1,Mossurize,5062,5058.9724,22.0,0.00434610825760569,0.004348709222714098
1997,MOZ.4.8_1,Sussundenga,7142,7148.8821,0.0,0.0,0.0
1997,MOZ.4.9_1,Tambara,4311,4319.7613,0.0,0.0,0.0
1997,MOZ.6.1_1,Boane,833,829.5281,1889.0,2.2677070828331334,2.2771984471978333
1997,MOZ.6.2_1,Magude,6943,6945.6062,108.0,0.015555235488981708,0.015549398698702482
1997,MOZ.6.3_1,Manhiça,2369,2368.3669,328.0,0.13845504432249894,0.13849205267145479
1997,MOZ.6.4_1,Marracuene,693,689.3484,212.0,0.3059163059163059,0.3075367925544729
1997,MOZ.6.5_1,Matutuíne,5359,5371.4282,22.0,0.004105243515581265,0.004095744932189017
1997,MOZ.6.6_1,Moamba,4542,4550.2827,366.0,0.08058124174372523,0.08043456367085515
1997,MOZ.6.7_1,Namaacha,2162,2148.9072,554.0,0.25624421831637373,0.2578054591700051
1997,MOZ.5.1_1,Boane,165,167.9631,1278.0,7.745454545454545,7.6088125831263795
1997,MOZ.5.2_1,Maputo,538,533.6154,9243.0,17.180297397769518,17.321463513850947
1997,MOZ.7.1_1,Angoche,3001,2995.9876,207.0,0.06897700766411197,0.06909240855012262
1997,MOZ.7.2_1,Erati,2706,2710.6135,0.0,0.0,0.0
1997,MOZ.7.3_1,Lalaua,4552,4540.6629,0.0,0.0,0.0
1997,MOZ.7.4_1,Malema,6044,6037.5257,0.0,0.0,0.0
1997,MOZ.7.5_1,Meconta,3695,3689.5498,230.0,0.06224627875507442,0.0623382285939399
1997,MOZ.7.6_1,Mecuburi,7189,7191.5197,0.0,0.0,0.0
1997,MOZ.7.7_1,Memba,3662,3655.7691,0.0,0.0,0.0
1997,MOZ.7.8_1,Mogovolas,4714,4715.0466,35.0,0.007424692405600339,0.007423044399846332
1997,MOZ.7.9_1,Moma,5773,5780.199,0.0,0.0,0.0
1997,MOZ.7.10_1,Monapo,3531,3529.0805,413.0,0.11696403285188332,0.11702765013713208
1997,MOZ.7.11_1,Mongincual,4369,4376.4091,0.0,0.0,0.0
1997,MOZ.7.12_1,Mossuril,3532,3536.1004,31.0,0.008776896942242356,0.008766719356040644
1997,MOZ.7.13_1,Muecate,4090,4086.3671,4.0,0.0009779951100244498,0.000978864581159249
1997,MOZ.7.14_1,Murrupula,3089,3088.6505,0.0,0.0,0.0
1997,MOZ.7.15_1,Nacala Velha,1437,1443.7967,1345.0,0.9359777313848295,0.9315715852270781
1997,MOZ.7.16_1,Namapa,6508,6516.2117,0.0,0.0,0.0
1997,MOZ.7.17_1,Nampula,4003,4000.626,2199.0,0.549337996502623,0.5496639787725695
1997,MOZ.7.18_1,Ribaue,6254,6269.8324,0.0,0.0,0.0
1997,MOZ.8.1_1,Cuamba,5350,5353.3997,305.0,0.05700934579439252,0.05697314138049953
1997,MOZ.8.2_1,Lago,12284,12293.6026,0.0,0.0,0.0
1997,MOZ.8.3_1,Lichinga,6759,6759.4321,210.0,0.031069684864624945,0.031067698564621764
1997,MOZ.8.4_1,Majune,11323,11335.6173,0.0,0.0,0.0
1997,MOZ.8.5_1,Mandimba,3165,3155.5137,0.0,0.0,0.0
1997,MOZ.8.6_1,Marrupa,17482,17480.3507,0.0,0.0,0.0
1997,MOZ.8.7_1,Maúa,8103,8100.1574,0.0,0.0,0.0
1997,MOZ.8.8_1,Mavago,9086,9077.586,0.0,0.0,0.0
1997,MOZ.8.9_1,Mecanhelas,6589,6599.9521,46.0,0.006981332523903475,0.006969747522425495
1997,MOZ.8.10_1,Mecula,18047,18046.476,0.0,0.0,0.0
1997,MOZ.8.11_1,Metarica,4865,4850.8923,0.0,0.0,0.0
1997,MOZ.8.12_1,Muembe,5833,5831.8015,0.0,0.0,0.0
1997,MOZ.8.13_1,N'gauma,2995,2995.7859,0.0,0.0,0.0
1997,MOZ.8.14_1,Nipepe,4989,4994.2774,0.0,0.0,0.0
1997,MOZ.8.15_1,Sanga,12365,12363.2882,0.0,0.0,0.0
1997,MOZ.9.1_1,Buzi,7482,7481.6756,815.0,0.10892809409248864,0.10893281687964683
1997,MOZ.9.2_1,Caia,3510,3507.0462,7.0,0.0019943019943019944,0.001995981665543111
1997,MOZ.9.3_1,Chemba,3984,3983.8933,0.0,0.0,0.0
1997,MOZ.9.4_1,Cheringoma,7171,7174.2611,0.0,0.0,0.0
1997,MOZ.9.5_1,Chibabava,6767,6768.7895,0.0,0.0,0.0
1997,MOZ.9.6_1,Dondo,2984,2991.2235,4330.0,1.4510723860589811,1.4475681794710313
1997,MOZ.9.7_1,Gorongosa,6752,6757.2519,0.0,0.0,0.0
1997,MOZ.9.8_1,Machanga,5714,5722.3008,0.0,0.0,0.0
1997,MOZ.9.9_1,Maringue,6176,6181.6455,0.0,0.0,0.0
1997,MOZ.9.10_1,Marromeu,5972,5967.5985,0.0,0.0,0.0
1997,MOZ.9.11_1,Muanza,7528,7520.2983,0.0,0.0,0.0
1997,MOZ.9.12_1,Nhamatanda,4020,4016.3144,153.0,0.03805970149253731,0.03809462756863848
1997,MOZ.10.1_1,Angónia,3290,3289.6984,132.0,0.04012158054711246,0.040125258515673716
1997,MOZ.10.2_1,Cahora Bassa,8880,8872.9951,1429.0,0.16092342342342342,0.1610504663694375
1997,MOZ.10.3_1,Changara,9132,9136.5315,1058.0,0.115856329391152,0.11579886702578124
1997,MOZ.10.4_1,Chifunde,9416,9410.3701,0.0,0.0,0.0
1997,MOZ.10.5_1,Chiuta,6695,6699.1028,0.0,0.0,0.0
1997,MOZ.10.6_1,Macanga,7200,7187.6956,0.0,0.0,0.0
1997,MOZ.10.7_1,Magoe,8608,8620.3958,0.0,0.0,0.0
1997,MOZ.10.8_1,Maravia,16892,16893.7605,90.0,0.005327965901018234,0.0053274106816158275
1997,MOZ.10.9_1,Moatize,8888,8885.0823,259.0,0.02914041404140414,0.029149983280248235
1997,MOZ.10.10_1,Mutarara,6379,6378.5717,0.0,0.0,0.0
1997,MOZ.10.11_1,Tsangano,3629,3624.3899,0.0,0.0,0.0
1997,MOZ.10.12_1,Zumbu,11964,11971.0275,1.0,8.358408559010364e-05,8.353501833005241e-05
1997,MOZ.11.1_1,Alto Molocue,6315,6309.8954,165.0,0.026128266033254157,0.026149403308876974
1997,MOZ.11.2_1,Chinde,4123,4118.286,0.0,0.0,0.0
1997,MOZ.11.3_1,Gile,8975,8970.9551,0.0,0.0,0.0
1997,MOZ.11.4_1,Gurue,5636,5647.1391,36.0,0.0063875088715401,0.006374909392113869
1997,MOZ.11.5_1,Ile,5645,5651.6473,0.0,0.0,0.0
1997,MOZ.11.6_1,Inhassunge,764,763.9807,263.0,0.34424083769633507,0.34424954744271236
1997,MOZ.11.7_1,Lugela,6138,6131.5277,39.0,0.00635386119257087,0.006360568139422956
1997,MOZ.11.8_1,Maganja da Costa,7671,7673.5545,2.0,0.00026072220049537216,0.00026063540589692095
1997,MOZ.11.9_1,Milange,9792,9782.3032,91.0,0.009293300653594771,0.009302512693177655
1997,MOZ.11.10_1,Mocuba,8769,8769.0015,505.0,0.057589234804424676,0.057589224997752396
1997,MOZ.11.11_1,Mopeia,7621,7619.7906,0.0,0.0,0.0
1997,MOZ.11.12_1,Morrumbala,12880,12880.5037,17.0,0.0013198757763975156,0.0013198241646958148
1997,MOZ.11.13_1,Namacurra,2036,2035.9376,0.0,0.0,0.0
1997,MOZ.11.14_1,Namarroi,3057,3062.8738,0.0,0.0,0.0
1997,MOZ.11.15_1,Nicoadala,3479,3486.7693,991.0,0.2848519689565967,0.284217255810283
1997,MOZ.11.16_1,Pebane,10059,10061.99,0.0,0.0,0.0
1998,MOZ.1.1_1,Ancuabe,6256,6255.9618,62.0,0.009910485933503837,0.009910546435934482
1998,MOZ.1.2_1,Balama,5466,5468.3962,0.0,0.0,0.0
1998,MOZ.1.3_1,Chiúre,4742,4737.7771,0.0,0.0,0.0
1998,MOZ.1.4_1,Macomia,4799,4795.9992,0.0,0.0,0.0
1998,MOZ.1.5_1,Mecufi,512,514.5056,0.0,0.0,0.0
1998,MOZ.1.6_1,Meluco,5725,5726.2891,0.0,0.0,0.0
1998,MOZ.1.7_1,Mocimboa da Praia,3456,3464.342,27.0,0.0078125,0.007793687767595811
1998,MOZ.1.8_1,Montepuez,17757,17758.3815,159.0,0.008954215239060653,0.008953518654357276
1998,MOZ.1.9_1,Mueda,11284,11294.0996,0.0,0.0,0.0
1998,MOZ.1.10_1,Muidumbe,2018,2014.9393,0.0,0.0,0.0
1998,MOZ.1.11_1,Namuno,5982,5973.1312,0.0,0.0,0.0
1998,MOZ.1.12_1,Nangade,2881,2877.2767,0.0,0.0,0.0
1998,MOZ.1.13_1,Palma,3526,3522.4867,0.0,0.0,0.0
1998,MOZ.1.14_1,Pemba,1692,1691.1708,436.0,0.2576832151300236,0.2578095634651257
1998,MOZ.1.15_1,Quissanga,1675,1679.0074,0.0,0.0,0.0
1998,MOZ.2.1_1,Bilene,2162,2163.0664,410.0,0.18963922294172064,0.18954573267760455
1998,MOZ.2.2_1,Chibuto,5614,5607.7882,180.0,0.03206270039187745,0.03209821655787363
1998,MOZ.2.3_1,Chicualacuala,18112,18092.3523,80.0,0.00441696113074205,0.004421757810497387
1998,MOZ.2.4_1,Chigubo,15000,14995.8184,0.0,0.0,0.0
1998,MOZ.2.5_1,Chókwè,2440,2444.1617,670.0,0.27459016393442626,0.2741226130491674
1998,MOZ.2.6_1,Guijá,4207,4202.4869,17.0,0.004040884240551462,0.0040452238133793
1998,MOZ.2.7_1,Mabalane,8937,8948.3005,69.0,0.007720711648204095,0.00771096141604259
1998,MOZ.2.8_1,Mandlakazi,3688,3693.0919,127.0,0.03443600867678959,0.03438852991531935
1998,MOZ.2.9_1,Massangena,7598,7603.3051,0.0,0.0,0.0
1998,MOZ.2.10_1,Massingir,5675,5683.9995,3.0,0.0005286343612334801,0.000527797375635692
1998,MOZ.2.11_1,Xai-Xai,2027,2024.7886,1525.0,0.7523433645781944,0.7531650370326713
1998,MOZ.3.1_1,Funhalouro,13548,13537.0113,0.0,0.0,0.0
1998,MOZ.3.2_1,Govuro,3994,3997.747,0.0,0.0,0.0
1998,MOZ.3.3_1,Homoine,2187,2202.4336,261.0,0.11934156378600823,0.11850527560838553
1998,MOZ.3.4_1,Inharrime,2769,2770.6697,45.0,0.016251354279523293,0.01624156073921316
1998,MOZ.3.5_1,Inhassoro,4734,4729.6457,57.0,0.012040557667934094,0.012051642782607508
1998,MOZ.3.6_1,Jangamo,1488,1484.8836,196.0,0.13172043010752688,0.1319968787216929
1998,MOZ.3.7_1,Mabote,15284,15279.1057,0.0,0.0,0.0
1998,MOZ.3.8_1,Massinga,7445,7448.4008,114.0,0.015312290127602417,0.01530529882318991
1998,MOZ.3.9_1,Morrumbene,2602,2599.4672,23.0,0.008839354342813221,0.008847966898475543
1998,MOZ.3.10_1,Panda,6840,6831.0558,0.0,0.0,0.0
1998,MOZ.3.11_1,Vilanculos,5818,5813.4347,123.0,0.021141285665177038,0.02115788804316245
1998,MOZ.3.12_1,Zavala,2016,2014.459,16.0,0.007936507936507936,0.007942578931273234
1998,MOZ.4.1_1,Barue,5836,5830.8923,0.0,0.0,0.0
1998,MOZ.4.2_1,Gondola,5940,5937.2415,1250.0,0.21043771043771045,0.21053548324299903
1998,MOZ.4.3_1,Guro,6937,6935.2207,0.0,0.0,0.0
1998,MOZ.4.4_1,Machaze,13260,13263.2546,0.0,0.0,0.0
1998,MOZ.4.5_1,Macossa,9584,9573.5794,0.0,0.0,0.0
1998,MOZ.4.6_1,Manica,4441,4436.6048,551.0,0.12407115514523756,0.12419406887477265
1998,MOZ.4.7_1,Mossurize,5062,5058.9724,22.0,0.00434610825760569,0.004348709222714098
1998,MOZ.4.8_1,Sussundenga,7142,7148.8821,0.0,0.0,0.0
1998,MOZ.4.9_1,Tambara,4311,4319.7613,0.0,0.0,0.0
1998,MOZ.6.1_1,Boane,833,829.5281,1944.0,2.333733493397359,2.343501207703858
1998,MOZ.6.2_1,Magude,6943,6945.6062,106.0,0.015267175572519083,0.015261446870948731
1998,MOZ.6.3_1,Manhiça,2369,2368.3669,388.0,0.1637821865766146,0.16382596474550137
1998,MOZ.6.4_1,Marracuene,693,689.3484,232.0,0.3347763347763348,0.33654969751244207
1998,MOZ.6.5_1,Matutuíne,5359,5371.4282,84.0,0.015674566150401196,0.01563829883199443
1998,MOZ.6.6_1,Moamba,4542,4550.2827,374.0,0.08234258036107442,0.08219269621010881
1998,MOZ.6.7_1,Namaacha,2162,2148.9072,586.0,0.27104532839962997,0.27269674923036635
1998,MOZ.5.1_1,Boane,165,167.9631,1331.0,8.066666666666666,7.924358018889836
1998,MOZ.5.2_1,Maputo,538,533.6154,9518.0,17.691449814126393,17.836815939071005
1998,MOZ.7.1_1,Angoche,3001,2995.9876,238.0,0.0793068977007664,0.07943958084506852
1998,MOZ.7.2_1,Erati,2706,2710.6135,0.0,0.0,0.0
1998,MOZ.7.3_1,Lalaua,4552,4540.6629,0.0,0.0,0.0
1998,MOZ.7.4_1,Malema,6044,6037.5257,0.0,0.0,0.0
1998,MOZ.7.5_1,Meconta,3695,3689.5498,239.0,0.06468200270635995,0.06477755058239842
1998,MOZ.7.6_1,Mecuburi,7189,7191.5197,0.0,0.0,0.0
1998,MOZ.7.7_1,Memba,3662,3655.7691,0.0,0.0,0.0
1998,MOZ.7.8_1,Mogovolas,4714,4715.0466,52.0,0.01103097157403479,0.011028523108343123
1998,MOZ.7.9_1,Moma,5773,5780.199,0.0,0.0,0.0
1998,MOZ.7.10_1,Monapo,3531,3529.0805,540.0,0.15293118096856415,0.15301436095411944
1998,MOZ.7.11_1,Mongincual,4369,4376.4091,0.0,0.0,0.0
1998,MOZ.7.12_1,Mossuril,3532,3536.1004,31.0,0.008776896942242356,0.008766719356040644
1998,MOZ.7.13_1,Muecate,4090,4086.3671,4.0,0.0009779951100244498,0.000978864581159249
1998,MOZ.7.14_1,Murrupula,3089,3088.6505,0.0,0.0,0.0
1998,MOZ.7.15_1,Nacala Velha,1437,1443.7967,1357.0,0.9443284620737648,0.939883004574829
1998,MOZ.7.16_1,Namapa,6508,6516.2117,0.0,0.0,0.0
1998,MOZ.7.17_1,Nampula,4003,4000.626,2250.0,0.5620784411691232,0.5624119837372812
1998,MOZ.7.18_1,Ribaue,6254,6269.8324,0.0,0.0,0.0
1998,MOZ.8.1_1,Cuamba,5350,5353.3997,316.0,0.059065420560747664,0.0590279104138946
1998,MOZ.8.2_1,Lago,12284,12293.6026,0.0,0.0,0.0
1998,MOZ.8.3_1,Lichinga,6759,6759.4321,236.0,0.03491640775262613,0.03491417552976541
1998,MOZ.8.4_1,Majune,11323,11335.6173,0.0,0.0,0.0
1998,MOZ.8.5_1,Mandimba,3165,3155.5137,0.0,0.0,0.0
1998,MOZ.8.6_1,Marrupa,17482,17480.3507,0.0,0.0,0.0
1998,MOZ.8.7_1,Maúa,8103,8100.1574,0.0,0.0,0.0
1998,MOZ.8.8_1,Mavago,9086,9077.586,0.0,0.0,0.0
1998,MOZ.8.9_1,Mecanhelas,6589,6599.9521,48.0,0.007284868720594931,0.007272780023400517
1998,MOZ.8.10_1,Mecula,18047,18046.476,0.0,0.0,0.0
1998,MOZ.8.11_1,Metarica,4865,4850.8923,0.0,0.0,0.0
1998,MOZ.8.12_1,Muembe,5833,5831.8015,0.0,0.0,0.0
1998,MOZ.8.13_1,N'gauma,2995,2995.7859,0.0,0.0,0.0
1998,MOZ.8.14_1,Nipepe,4989,4994.2774,0.0,0.0,0.0
1998,MOZ.8.15_1,Sanga,12365,12363.2882,0.0,0.0,0.0
1998,MOZ.9.1_1,Buzi,7482,7481.6756,797.0,0.10652232023523123,0.10652693871543377
1998,MOZ.9.2_1,Caia,3510,3507.0462,7.0,0.0019943019943019944,0.001995981665543111
1998,MOZ.9.3_1,Chemba,3984,3983.8933,0.0,0.0,0.0
1998,MOZ.9.4_1,Cheringoma,7171,7174.2611,0.0,0.0,0.0
1998,MOZ.9.5_1,Chibabava,6767,6768.7895,0.0,0.0,0.0
1998,MOZ.9.6_1,Dondo,2984,2991.2235,4454.0,1.492627345844504,1.4890227878438738
1998,MOZ.9.7_1,Gorongosa,6752,6757.2519,0.0,0.0,0.0
1998,MOZ.9.8_1,Machanga,5714,5722.3008,0.0,0.0,0.0
1998,MOZ.9.9_1,Maringue,6176,6181.6455,0.0,0.0,0.0
1998,MOZ.9.10_1,Marromeu,5972,5967.5985,0.0,0.0,0.0
1998,MOZ.9.11_1,Muanza,7528,7520.2983,0.0,0.0,0.0
1998,MOZ.9.12_1,Nhamatanda,4020,4016.3144,167.0,0.04154228855721393,0.04158041048341586
1998,MOZ.10.1_1,Angónia,3290,3289.6984,124.0,0.03768996960486322,0.03769342466623895
1998,MOZ.10.2_1,Cahora Bassa,8880,8872.9951,1388.0,0.15630630630630632,0.15642970421328148
1998,MOZ.10.3_1,Changara,9132,9136.5315,1121.0,0.12275514673674989,0.1226942626993391
1998,MOZ.10.4_1,Chifunde,9416,9410.3701,0.0,0.0,0.0
1998,MOZ.10.5_1,Chiuta,6695,6699.1028,0.0,0.0,0.0
1998,MOZ.10.6_1,Macanga,7200,7187.6956,0.0,0.0,0.0
1998,MOZ.10.7_1,Magoe,8608,8620.3958,0.0,0.0,0.0
1998,MOZ.10.8_1,Maravia,16892,16893.7605,95.0,0.005623964006630357,0.005623377941705595
1998,MOZ.10.9_1,Moatize,8888,8885.0823,260.0,0.029252925292529253,0.02926253147824147
1998,MOZ.10.10_1,Mutarara,6379,6378.5717,0.0,0.0,0.0
1998,MOZ.10.11_1,Tsangano,3629,3624.3899,0.0,0.0,0.0
1998,MOZ.10.12_1,Zumbu,11964,11971.0275,2.0,0.00016716817118020728,0.00016707003666010481
1998,MOZ.11.1_1,Alto Molocue,6315,6309.8954,151.0,0.02391132224861441,0.023930666058426805
1998,MOZ.11.2_1,Chinde,4123,4118.286,0.0,0.0,0.0
1998,MOZ.11.3_1,Gile,8975,8970.9551,0.0,0.0,0.0
1998,MOZ.11.4_1,Gurue,5636,5647.1391,48.0,0.008516678495386799,0.008499879189485159
1998,MOZ.11.5_1,Ile,5645,5651.6473,0.0,0.0,0.0
1998,MOZ.11.6_1,Inhassunge,764,763.9807,252.0,0.3298429319371728,0.3298512773975799
1998,MOZ.11.7_1,Lugela,6138,6131.5277,44.0,0.007168458781362007,0.007176025593195131
1998,MOZ.11.8_1,Maganja da Costa,7671,7673.5545,7.0,0.0009125277017338027,0.0009122239206392234
1998,MOZ.11.9_1,Milange,9792,9782.3032,82.0,0.008374183006535947,0.008382483965280964
1998,MOZ.11.10_1,Mocuba,8769,8769.0015,524.0,0.05975595849013571,0.05975594831449952
1998,MOZ.11.11_1,Mopeia,7621,7619.7906,0.0,0.0,0.0
1998,MOZ.11.12_1,Morrumbala,12880,12880.5037,12.0,0.0009316770186335404,0.0009316405868441045
1998,MOZ.11.13_1,Namacurra,2036,2035.9376,0.0,0.0,0.0
1998,MOZ.11.14_1,Namarroi,3057,3062.8738,0.0,0.0,0.0
1998,MOZ.11.15_1,Nicoadala,3479,3486.7693,1043.0,0.29979879275653926,0.2991307747831738
1998,MOZ.11.16_1,Pebane,10059,10061.99,0.0,0.0,0.0
1999,MOZ.1.1_1,Ancuabe,6256,6255.9618,0.0,0.0,0.0
1999,MOZ.1.2_1,Balama,5466,5468.3962,0.0,0.0,0.0
1999,MOZ.1.3_1,Chiúre,4742,4737.7771,0.0,0.0,0.0
1999,MOZ.1.4_1,Macomia,4799,4795.9992,0.0,0.0,0.0
1999,MOZ.1.5_1,Mecufi,512,514.5056,0.0,0.0,0.0
1999,MOZ.1.6_1,Meluco,5725,5726.2891,0.0,0.0,0.0
1999,MOZ.1.7_1,Mocimboa da Praia,3456,3464.342,92.0,0.02662037037037037,0.026556269430326466
1999,MOZ.1.8_1,Montepuez,17757,17758.3815,197.0,0.011094216365377035,0.011093353301310586
1999,MOZ.1.9_1,Mueda,11284,11294.0996,0.0,0.0,0.0
1999,MOZ.1.10_1,Muidumbe,2018,2014.9393,0.0,0.0,0.0
1999,MOZ.1.11_1,Namuno,5982,5973.1312,0.0,0.0,0.0
1999,MOZ.1.12_1,Nangade,2881,2877.2767,0.0,0.0,0.0
1999,MOZ.1.13_1,Palma,3526,3522.4867,0.0,0.0,0.0
1999,MOZ.1.14_1,Pemba,1692,1691.1708,446.0,0.2635933806146572,0.2637226268473533
1999,MOZ.1.15_1,Quissanga,1675,1679.0074,0.0,0.0,0.0
1999,MOZ.2.1_1,Bilene,2162,2163.0664,500.0,0.23126734505087881,0.2311533325336641
1999,MOZ.2.2_1,Chibuto,5614,5607.7882,222.0,0.03954399714998219,0.039587800421377474
1999,MOZ.2.3_1,Chicualacuala,18112,18092.3523,82.0,0.004527385159010601,0.004532301755759822
1999,MOZ.2.4_1,Chigubo,15000,14995.8184,0.0,0.0,0.0
1999,MOZ.2.5_1,Chókwè,2440,2444.1617,669.0,0.27418032786885244,0.27371347482073577
1999,MOZ.2.6_1,Guijá,4207,4202.4869,16.0,0.0038031851675778463,0.0038072694714158116
1999,MOZ.2.7_1,Mabalane,8937,8948.3005,37.0,0.0041400917533848045,0.004134863368022838
1999,MOZ.2.8_1,Mandlakazi,3688,3693.0919,125.0,0.03389370932754881,0.033846978263109596
1999,MOZ.2.9_1,Massangena,7598,7603.3051,0.0,0.0,0.0
1999,MOZ.2.10_1,Massingir,5675,5683.9995,5.0,0.000881057268722467,0.0008796622927261533
1999,MOZ.2.11_1,Xai-Xai,2027,2024.7886,1514.0,0.7469166255550074,0.7477323711917799
1999,MOZ.3.1_1,Funhalouro,13548,13537.0113,0.0,0.0,0.0
1999,MOZ.3.2_1,Govuro,3994,3997.747,0.0,0.0,0.0
1999,MOZ.3.3_1,Homoine,2187,2202.4336,266.0,0.12162780064014632,0.12077549161620901
1999,MOZ.3.4_1,Inharrime,2769,2770.6697,50.0,0.01805706031058144,0.018046178599125735
1999,MOZ.3.5_1,Inhassoro,4734,4729.6457,59.0,0.012463033375580903,0.012474507441646368
1999,MOZ.3.6_1,Jangamo,1488,1484.8836,210.0,0.14112903225806453,0.14142522720181383
1999,MOZ.3.7_1,Mabote,15284,15279.1057,0.0,0.0,0.0
1999,MOZ.3.8_1,Massinga,7445,7448.4008,136.0,0.01826729348556078,0.018258952982051123
1999,MOZ.3.9_1,Morrumbene,2602,2599.4672,23.0,0.008839354342813221,0.008847966898475543
1999,MOZ.3.10_1,Panda,6840,6831.0558,0.0,0.0,0.0
1999,MOZ.3.11_1,Vilanculos,5818,5813.4347,147.0,0.025266414575455483,0.025286256441828293
1999,MOZ.3.12_1,Zavala,2016,2014.459,16.0,0.007936507936507936,0.007942578931273234
1999,MOZ.4.1_1,Barue,5836,5830.8923,25.0,0.004283755997258396,0.004287508419043313
1999,MOZ.4.2_1,Gondola,5940,5937.2415,1296.0,0.21818181818181817,0.2182831890263414
1999,MOZ.4.3_1,Guro,6937,6935.2207,0.0,0.0,0.0
1999,MOZ.4.4_1,Machaze,13260,13263.2546,0.0,0.0,0.0
1999,MOZ.4.5_1,Macossa,9584,9573.5794,0.0,0.0,0.0
1999,MOZ.4.6_1,Manica,4441,4436.6048,578.0,0.13015086692186445,0.13027980364722067
1999,MOZ.4.7_1,Mossurize,5062,5058.9724,55.0,0.010865270644014224,0.010871773056785244
1999,MOZ.4.8_1,Sussundenga,7142,7148.8821,0.0,0.0,0.0
1999,MOZ.4.9_1,Tambara,4311,4319.7613,0.0,0.0,0.0
1999,MOZ.6.1_1,Boane,833,829.5281,2808.0,3.3709483793517405,3.385057300016684
1999,MOZ.6.2_1,Magude,6943,6945.6062,108.0,0.015555235488981708,0.015549398698702482
1999,MOZ.6.3_1,Manhiça,2369,2368.3669,461.0,0.19459687631912198,0.19464889110225808
1999,MOZ.6.4_1,Marracuene,693,689.3484,226.0,0.32611832611832614,0.3278458260250513
1999,MOZ.6.5_1,Matutuíne,5359,5371.4282,80.0,0.014928158238477329,0.014893617935232788
1999,MOZ.6.6_1,Moamba,4542,4550.2827,377.0,0.08300308234258036,0.08285199591232895
1999,MOZ.6.7_1,Namaacha,2162,2148.9072,629.0,0.29093432007400555,0.2927069202489769
1999,MOZ.5.1_1,Boane,165,167.9631,1412.0,8.557575757575757,8.406606703735875
1999,MOZ.5.2_1,Maputo,538,533.6154,9939.0,18.473977695167285,18.625773651862442
1999,MOZ.7.1_1,Angoche,3001,2995.9876,251.0,0.08363878707097634,0.08377871761391681
1999,MOZ.7.2_1,Erati,2706,2710.6135,0.0,0.0,0.0
1999,MOZ.7.3_1,Lalaua,4552,4540.6629,0.0,0.0,0.0
1999,MOZ.7.4_1,Malema,6044,6037.5257,0.0,0.0,0.0
1999,MOZ.7.5_1,Meconta,3695,3689.5498,243.0,0.06576454668470906,0.06586169368837998
1999,MOZ.7.6_1,Mecuburi,7189,7191.5197,0.0,0.0,0.0
1999,MOZ.7.7_1,Memba,3662,3655.7691,0.0,0.0,0.0
1999,MOZ.7.8_1,Mogovolas,4714,4715.0466,52.0,0.01103097157403479,0.011028523108343123
1999,MOZ.7.9_1,Moma,5773,5780.199,0.0,0.0,0.0
1999,MOZ.7.10_1,Monapo,3531,3529.0805,574.0,0.16256018125177005,0.1626485984956751
1999,MOZ.7.11_1,Mongincual,4369,4376.4091,0.0,0.0,0.0
1999,MOZ.7.12_1,Mossuril,3532,3536.1004,28.0,0.007927519818799546,0.007918327160294775
1999,MOZ.7.13_1,Muecate,4090,4086.3671,4.0,0.0009779951100244498,0.000978864581159249
1999,MOZ.7.14_1,Murrupula,3089,3088.6505,0.0,0.0,0.0
1999,MOZ.7.15_1,Nacala Velha,1437,1443.7967,1342.0,0.9338900487125957,0.9294937303901404
1999,MOZ.7.16_1,Namapa,6508,6516.2117,23.0,0.0035341118623232943,0.0035296581770564183
1999,MOZ.7.17_1,Nampula,4003,4000.626,2249.0,0.5618286285286036,0.5621620228556202
1999,MOZ.7.18_1,Ribaue,6254,6269.8324,0.0,0.0,0.0
1999,MOZ.8.1_1,Cuamba,5350,5353.3997,318.0,0.059439252336448596,0.059401504783602795
1999,MOZ.8.2_1,Lago,12284,12293.6026,0.0,0.0,0.0
1999,MOZ.8.3_1,Lichinga,6759,6759.4321,304.0,0.0449770676135523,0.044974192207833406
1999,MOZ.8.4_1,Majune,11323,11335.6173,0.0,0.0,0.0
1999,MOZ.8.5_1,Mandimba,3165,3155.5137,0.0,0.0,0.0
1999,MOZ.8.6_1,Marrupa,17482,17480.3507,0.0,0.0,0.0
1999,MOZ.8.7_1,Maúa,8103,8100.1574,0.0,0.0,0.0
1999,MOZ.8.8_1,Mavago,9086,9077.586,0.0,0.0,0.0
1999,MOZ.8.9_1,Mecanhelas,6589,6599.9521,68.0,0.010320230687509485,0.010303105033150732
1999,MOZ.8.10_1,Mecula,18047,18046.476,0.0,0.0,0.0
1999,MOZ.8.11_1,Metarica,4865,4850.8923,0.0,0.0,0.0
1999,MOZ.8.12_1,Muembe,5833,5831.8015,0.0,0.0,0.0
1999,MOZ.8.13_1,N'gauma,2995,2995.7859,0.0,0.0,0.0
1999,MOZ.8.14_1,Nipepe,4989,4994.2774,0.0,0.0,0.0
1999,MOZ.8.15_1,Sanga,12365,12363.2882,0.0,0.0,0.0
1999,MOZ.9.1_1,Buzi,7482,7481.6756,797.0,0.10652232023523123,0.10652693871543377
1999,MOZ.9.2_1,Caia,3510,3507.0462,0.0,0.0,0.0
1999,MOZ.9.3_1,Chemba,3984,3983.8933,0.0,0.0,0.0
1999,MOZ.9.4_1,Cheringoma,7171,7174.2611,0.0,0.0,0.0
1999,MOZ.9.5_1,Chibabava,6767,6768.7895,0.0,0.0,0.0
1999,MOZ.9.6_1,Dondo,2984,2991.2235,4642.0,1.5556300268096515,1.5518733231188284
1999,MOZ.9.7_1,Gorongosa,6752,6757.2519,0.0,0.0,0.0
1999,MOZ.9.8_1,Machanga,5714,5722.3008,0.0,0.0,0.0
1999,MOZ.9.9_1,Maringue,6176,6181.6455,0.0,0.0,0.0
1999,MOZ.9.10_1,Marromeu,5972,5967.5985,0.0,0.0,0.0
1999,MOZ.9.11_1,Muanza,7528,7520.2983,0.0,0.0,0.0
1999,MOZ.9.12_1,Nhamatanda,4020,4016.3144,149.0,0.037064676616915426,0.03709868959298781
1999,MOZ.10.1_1,Angónia,3290,3289.6984,145.0,0.044072948328267476,0.04407698852100522
1999,MOZ.10.2_1,Cahora Bassa,8880,8872.9951,1409.0,0.15867117117117116,0.1587964360493614
1999,MOZ.10.3_1,Changara,9132,9136.5315,1229.0,0.13458169075777485,0.13451494099686687
1999,MOZ.10.4_1,Chifunde,9416,9410.3701,0.0,0.0,0.0
1999,MOZ.10.5_1,Chiuta,6695,6699.1028,0.0,0.0,0.0
1999,MOZ.10.6_1,Macanga,7200,7187.6956,0.0,0.0,0.0
1999,MOZ.10.7_1,Magoe,8608,8620.3958,4.0,0.00046468401486988845,0.0004640158194550323
1999,MOZ.10.8_1,Maravia,16892,16893.7605,97.0,0.005742363248875207,0.005741764845741503
1999,MOZ.10.9_1,Moatize,8888,8885.0823,278.0,0.031278127812781276,0.031288399042119726
1999,MOZ.10.10_1,Mutarara,6379,6378.5717,0.0,0.0,0.0
1999,MOZ.10.11_1,Tsangano,3629,3624.3899,0.0,0.0,0.0
1999,MOZ.10.12_1,Zumbu,11964,11971.0275,11.0,0.0009194249414911401,0.0009188852016305765
1999,MOZ.11.1_1,Alto Molocue,6315,6309.8954,154.0,0.024386381631037214,0.024406109754951843
1999,MOZ.11.2_1,Chinde,4123,4118.286,0.0,0.0,0.0
1999,MOZ.11.3_1,Gile,8975,8970.9551,0.0,0.0,0.0
1999,MOZ.11.4_1,Gurue,5636,5647.1391,55.0,0.009758694109297373,0.00973944490461841
1999,MOZ.11.5_1,Ile,5645,5651.6473,0.0,0.0,0.0
1999,MOZ.11.6_1,Inhassunge,764,763.9807,252.0,0.3298429319371728,0.3298512773975799
1999,MOZ.11.7_1,Lugela,6138,6131.5277,62.0,0.010101010101010102,0.010111672426774956
1999,MOZ.11.8_1,Maganja da Costa,7671,7673.5545,0.0,0.0,0.0
1999,MOZ.11.9_1,Milange,9792,9782.3032,90.0,0.009191176470588236,0.009200287278966912
1999,MOZ.11.10_1,Mocuba,8769,8769.0015,573.0,0.06534382483749572,0.06534381371032104
1999,MOZ.11.11_1,Mopeia,7621,7619.7906,0.0,0.0,0.0
1999,MOZ.11.12_1,Morrumbala,12880,12880.5037,12.0,0.0009316770186335404,0.0009316405868441045
1999,MOZ.11.13_1,Namacurra,2036,2035.9376,0.0,0.0,0.0
1999,MOZ.11.14_1,Namarroi,3057,3062.8738,0.0,0.0,0.0
1999,MOZ.11.15_1,Nicoadala,3479,3486.7693,1126.0,0.32365622305260133,0.3229350454514417
1999,MOZ.11.16_1,Pebane,10059,10061.99,0.0,0.0,0.0
2000,MOZ.1.1_1,Ancuabe,6256,6255.9618,0.0,0.0,0.0
2000,MOZ.1.2_1,Balama,5466,5468.3962,0.0,0.0,0.0
2000,MOZ.1.3_1,Chiúre,4742,4737.7771,0.0,0.0,0.0
2000,MOZ.1.4_1,Macomia,4799,4795.9992,0.0,0.0,0.0
2000,MOZ.1.5_1,Mecufi,512,514.5056,0.0,0.0,0.0
2000,MOZ.1.6_1,Meluco,5725,5726.2891,0.0,0.0,0.0
2000,MOZ.1.7_1,Mocimboa da Praia,3456,3464.342,93.0,0.026909722222222224,0.026844924532830015
2000,MOZ.1.8_1,Montepuez,17757,17758.3815,210.0,0.011826322013853691,0.01182540199632093
2000,MOZ.1.9_1,Mueda,11284,11294.0996,0.0,0.0,0.0
2000,MOZ.1.10_1,Muidumbe,2018,2014.9393,0.0,0.0,0.0
2000,MOZ.1.11_1,Namuno,5982,5973.1312,0.0,0.0,0.0
2000,MOZ.1.12_1,Nangade,2881,2877.2767,0.0,0.0,0.0
2000,MOZ.1.13_1,Palma,3526,3522.4867,0.0,0.0,0.0
2000,MOZ.1.14_1,Pemba,1692,1691.1708,458.0,0.2706855791962175,0.2708183029060265
2000,MOZ.1.15_1,Quissanga,1675,1679.0074,0.0,0.0,0.0
2000,MOZ.2.1_1,Bilene,2162,2163.0664,516.0,0.23866790009250693,0.23855023917474136
2000,MOZ.2.2_1,Chibuto,5614,5607.7882,223.0,0.0397221232632704,0.039766123846698996
2000,MOZ.2.3_1,Chicualacuala,18112,18092.3523,60.0,0.0033127208480565372,0.0033163183578730406
2000,MOZ.2.4_1,Chigubo,15000,14995.8184,0.0,0.0,0.0
2000,MOZ.2.5_1,Chókwè,2440,2444.1617,671.0,0.275,0.274531751277599
2000,MOZ.2.6_1,Guijá,4207,4202.4869,16.0,0.0038031851675778463,0.0038072694714158116
2000,MOZ.2.7_1,Mabalane,8937,8948.3005,18.0,0.002014098690835851,0.0020115551520111102
2000,MOZ.2.8_1,Mandlakazi,3688,3693.0919,125.0,0.03389370932754881,0.033846978263109596
2000,MOZ.2.9_1,Massangena,7598,7603.3051,0.0,0.0,0.0
2000,MOZ.2.10_1,Massingir,5675,5683.9995,0.0,0.0,0.0
2000,MOZ.2.11_1,Xai-Xai,2027,2024.7886,1511.0,0.7454366058214109,0.746250735053355
2000,MOZ.3.1_1,Funhalouro,13548,13537.0113,0.0,0.0,0.0
2000,MOZ.3.2_1,Govuro,3994,3997.747,0.0,0.0,0.0
2000,MOZ.3.3_1,Homoine,2187,2202.4336,314.0,0.14357567443987196,0.1425695652913144
2000,MOZ.3.4_1,Inharrime,2769,2770.6697,67.0,0.024196460816179127,0.024181879322828483
2000,MOZ.3.5_1,Inhassoro,4734,4729.6457,65.0,0.013730460498521335,0.013743101418762947
2000,MOZ.3.6_1,Jangamo,1488,1484.8836,235.0,0.15793010752688172,0.15826156377345832
2000,MOZ.3.7_1,Mabote,15284,15279.1057,0.0,0.0,0.0
2000,MOZ.3.8_1,Massinga,7445,7448.4008,143.0,0.01920752182672935,0.019198752032597872
2000,MOZ.3.9_1,Morrumbene,2602,2599.4672,45.0,0.017294388931591083,0.01731123958397389
2000,MOZ.3.10_1,Panda,6840,6831.0558,0.0,0.0,0.0
2000,MOZ.3.11_1,Vilanculos,5818,5813.4347,169.0,0.029047782743210727,0.029070594140605317
2000,MOZ.3.12_1,Zavala,2016,2014.459,25.0,0.01240079365079365,0.012410279580114428
2000,MOZ.4.1_1,Barue,5836,5830.8923,64.0,0.010966415352981495,0.010976021552750882
2000,MOZ.4.2_1,Gondola,5940,5937.2415,1443.0,0.24292929292929294,0.2430421618557181
2000,MOZ.4.3_1,Guro,6937,6935.2207,0.0,0.0,0.0
2000,MOZ.4.4_1,Machaze,13260,13263.2546,0.0,0.0,0.0
2000,MOZ.4.5_1,Macossa,9584,9573.5794,0.0,0.0,0.0
2000,MOZ.4.6_1,Manica,4441,4436.6048,634.0,0.1427606394956091,0.14290206836044622
2000,MOZ.4.7_1,Mossurize,5062,5058.9724,62.0,0.012248123271434215,0.012255453264012457
2000,MOZ.4.8_1,Sussundenga,7142,7148.8821,0.0,0.0,0.0
2000,MOZ.4.9_1,Tambara,4311,4319.7613,0.0,0.0,0.0
2000,MOZ.6.1_1,Boane,833,829.5281,3443.0,4.133253301320528,4.150552807677152
2000,MOZ.6.2_1,Magude,6943,6945.6062,110.0,0.01584329540544433,0.015837350526456233
2000,MOZ.6.3_1,Manhiça,2369,2368.3669,475.0,0.20050654284508232,0.20056013725286895
2000,MOZ.6.4_1,Marracuene,693,689.3484,249.0,0.3593073593073593,0.3612106667267158
2000,MOZ.6.5_1,Matutuíne,5359,5371.4282,94.0,0.01754058593021086,0.017500001073898527
2000,MOZ.6.6_1,Moamba,4542,4550.2827,540.0,0.11889035667107001,0.11867394639962235
2000,MOZ.6.7_1,Namaacha,2162,2148.9072,671.0,0.31036077705827936,0.3122517384532011
2000,MOZ.5.1_1,Boane,165,167.9631,1473.0,8.927272727272728,8.769781639237213
2000,MOZ.5.2_1,Maputo,538,533.6154,10134.0,18.8364312267658,18.99120537156394
2000,MOZ.7.1_1,Angoche,3001,2995.9876,251.0,0.08363878707097634,0.08377871761391681
2000,MOZ.7.2_1,Erati,2706,2710.6135,0.0,0.0,0.0
2000,MOZ.7.3_1,Lalaua,4552,4540.6629,0.0,0.0,0.0
2000,MOZ.7.4_1,Malema,6044,6037.5257,0.0,0.0,0.0
2000,MOZ.7.5_1,Meconta,3695,3689.5498,249.0,0.06738836265223275,0.06748790834735233
2000,MOZ.7.6_1,Mecuburi,7189,7191.5197,0.0,0.0,0.0
2000,MOZ.7.7_1,Memba,3662,3655.7691,13.0,0.00354997269251775,0.0035560232488443927
2000,MOZ.7.8_1,Mogovolas,4714,4715.0466,63.0,0.01336444633008061,0.013361479919723399
2000,MOZ.7.9_1,Moma,5773,5780.199,0.0,0.0,0.0
2000,MOZ.7.10_1,Monapo,3531,3529.0805,578.0,0.16369300481450014,0.16378203820644635
2000,MOZ.7.11_1,Mongincual,4369,4376.4091,0.0,0.0,0.0
2000,MOZ.7.12_1,Mossuril,3532,3536.1004,31.0,0.008776896942242356,0.008766719356040644
2000,MOZ.7.13_1,Muecate,4090,4086.3671,6.0,0.001466992665036675,0.0014682968717388734
2000,MOZ.7.14_1,Murrupula,3089,3088.6505,0.0,0.0,0.0
2000,MOZ.7.15_1,Nacala Velha,1437,1443.7967,1352.0,0.940848990953375,0.9364199131799328
2000,MOZ.7.16_1,Namapa,6508,6516.2117,26.0,0.003995082974800246,0.003990048374063778
2000,MOZ.7.17_1,Nampula,4003,4000.626,2249.0,0.5618286285286036,0.5621620228556202
2000,MOZ.7.18_1,Ribaue,6254,6269.8324,38.0,0.006076111288775184,0.006060768099391068
2000,MOZ.8.1_1,Cuamba,5350,5353.3997,317.0,0.059252336448598134,0.059214707598748695
2000,MOZ.8.2_1,Lago,12284,12293.6026,0.0,0.0,0.0
2000,MOZ.8.3_1,Lichinga,6759,6759.4321,309.0,0.04571682201509099,0.04571389931651488
2000,MOZ.8.4_1,Majune,11323,11335.6173,0.0,0.0,0.0
2000,MOZ.8.5_1,Mandimba,3165,3155.5137,0.0,0.0,0.0
2000,MOZ.8.6_1,Marrupa,17482,17480.3507,0.0,0.0,0.0
2000,MOZ.8.7_1,Maúa,8103,8100.1574,0.0,0.0,0.0
2000,MOZ.8.8_1,Mavago,9086,9077.586,0.0,0.0,0.0
2000,MOZ.8.9_1,Mecanhelas,6589,6599.9521,69.0,0.010471998785855214,0.010454621283638244
2000,MOZ.8.10_1,Mecula,18047,18046.476,0.0,0.0,0.0
2000,MOZ.8.11_1,Metarica,4865,4850.8923,0.0,0.0,0.0
2000,MOZ.8.12_1,Muembe,5833,5831.8015,0.0,0.0,0.0
2000,MOZ.8.13_1,N'gauma,2995,2995.7859,0.0,0.0,0.0
2000,MOZ.8.14_1,Nipepe,4989,4994.2774,0.0,0.0,0.0
2000,MOZ.8.15_1,Sanga,12365,12363.2882,0.0,0.0,0.0
2000,MOZ.9.1_1,Buzi,7482,7481.6756,817.0,0.10919540229885058,0.10920013667567051
2000,MOZ.9.2_1,Caia,3510,3507.0462,0.0,0.0,0.0
2000,MOZ.9.3_1,Chemba,3984,3983.8933,0.0,0.0,0.0
2000,MOZ.9.4_1,Cheringoma,7171,7174.2611,0.0,0.0,0.0
2000,MOZ.9.5_1,Chibabava,6767,6768.7895,12.0,0.0017733116595241613,0.001772842842311597
2000,MOZ.9.6_1,Dondo,2984,2991.2235,4691.0,1.5720509383378016,1.568254579653258
2000,MOZ.9.7_1,Gorongosa,6752,6757.2519,0.0,0.0,0.0
2000,MOZ.9.8_1,Machanga,5714,5722.3008,0.0,0.0,0.0
2000,MOZ.9.9_1,Maringue,6176,6181.6455,0.0,0.0,0.0
2000,MOZ.9.10_1,Marromeu,5972,5967.5985,26.0,0.004353650368385801,0.004356861491362714
2000,MOZ.9.11_1,Muanza,7528,7520.2983,0.0,0.0,0.0
2000,MOZ.9.12_1,Nhamatanda,4020,4016.3144,143.0,0.03557213930348259,0.035604782629511784
2000,MOZ.10.1_1,Angónia,3290,3289.6984,157.0,0.04772036474164134,0.04772473929515738
2000,MOZ.10.2_1,Cahora Bassa,8880,8872.9951,1423.0,0.16024774774774775,0.16037425727341467
2000,MOZ.10.3_1,Changara,9132,9136.5315,1330.0,0.14564169951817785,0.14556946421955486
2000,MOZ.10.4_1,Chifunde,9416,9410.3701,0.0,0.0,0.0
2000,MOZ.10.5_1,Chiuta,6695,6699.1028,0.0,0.0,0.0
2000,MOZ.10.6_1,Macanga,7200,7187.6956,0.0,0.0,0.0
2000,MOZ.10.7_1,Magoe,8608,8620.3958,3.0,0.00034851301115241634,0.00034801186459127424
2000,MOZ.10.8_1,Maravia,16892,16893.7605,110.0,0.00651195832346673,0.0065112797219749
2000,MOZ.10.9_1,Moatize,8888,8885.0823,310.0,0.034878487848784875,0.03488994137790329
2000,MOZ.10.10_1,Mutarara,6379,6378.5717,25.0,0.003919109578303809,0.003919372724035276
2000,MOZ.10.11_1,Tsangano,3629,3624.3899,0.0,0.0,0.0
2000,MOZ.10.12_1,Zumbu,11964,11971.0275,8.0,0.0006686726847208291,0.0006682801466404193
2000,MOZ.11.1_1,Alto Molocue,6315,6309.8954,173.0,0.0273950910530483,0.027417253166277068
2000,MOZ.11.2_1,Chinde,4123,4118.286,1.0,0.00024254183846713557,0.0002428194642018881
2000,MOZ.11.3_1,Gile,8975,8970.9551,0.0,0.0,0.0
2000,MOZ.11.4_1,Gurue,5636,5647.1391,72.0,0.0127750177430802,0.012749818784227738
2000,MOZ.11.5_1,Ile,5645,5651.6473,0.0,0.0,0.0
2000,MOZ.11.6_1,Inhassunge,764,763.9807,258.0,0.337696335078534,0.3377048792403794
2000,MOZ.11.7_1,Lugela,6138,6131.5277,63.0,0.010263929618768328,0.010274763917529392
2000,MOZ.11.8_1,Maganja da Costa,7671,7673.5545,0.0,0.0,0.0
2000,MOZ.11.9_1,Milange,9792,9782.3032,113.0,0.011540032679738563,0.011551471805814012
2000,MOZ.11.10_1,Mocuba,8769,8769.0015,571.0,0.06511574866005246,0.06511573757171608
2000,MOZ.11.11_1,Mopeia,7621,7619.7906,5.0,0.0006560818790185015,0.0006561860086117787
2000,MOZ.11.12_1,Morrumbala,12880,12880.5037,36.0,0.0027950310559006213,0.0027949217605323135
2000,MOZ.11.13_1,Namacurra,2036,2035.9376,0.0,0.0,0.0
2000,MOZ.11.14_1,Namarroi,3057,3062.8738,0.0,0.0,0.0
2000,MOZ.11.15_1,Nicoadala,3479,3486.7693,1131.0,0.32509341764874966,0.32436903766037345
2000,MOZ.11.16_1,Pebane,10059,10061.99,2.0,0.00019882692116512577,0.00019876783828004835
2001,MOZ.1.1_1,Ancuabe,6256,6255.9618,47.0,0.007512787723785166,0.007512833588530979
2001,MOZ.1.2_1,Balama,5466,5468.3962,0.0,0.0,0.0
2001,MOZ.1.3_1,Chiúre,4742,4737.7771,0.0,0.0,0.0
2001,MOZ.1.4_1,Macomia,4799,4795.9992,0.0,0.0,0.0
2001,MOZ.1.5_1,Mecufi,512,514.5056,0.0,0.0,0.0
2001,MOZ.1.6_1,Meluco,5725,5726.2891,0.0,0.0,0.0
2001,MOZ.1.7_1,Mocimboa da Praia,3456,3464.342,91.0,0.026331018518518517,0.02626761432782292
2001,MOZ.1.8_1,Montepuez,17757,17758.3815,170.0,0.009573689249310131,0.009572944473212181
2001,MOZ.1.9_1,Mueda,11284,11294.0996,0.0,0.0,0.0
2001,MOZ.1.10_1,Muidumbe,2018,2014.9393,0.0,0.0,0.0
2001,MOZ.1.11_1,Namuno,5982,5973.1312,0.0,0.0,0.0
2001,MOZ.1.12_1,Nangade,2881,2877.2767,0.0,0.0,0.0
2001,MOZ.1.13_1,Palma,3526,3522.4867,0.0,0.0,0.0
2001,MOZ.1.14_1,Pemba,1692,1691.1708,532.0,0.3144208037825059,0.3145749719345111
2001,MOZ.1.15_1,Quissanga,1675,1679.0074,0.0,0.0,0.0
2001,MOZ.2.1_1,Bilene,2162,2163.0664,521.0,0.24098057354301572,0.24086177250007798
2001,MOZ.2.2_1,Chibuto,5614,5607.7882,237.0,0.04221588884930531,0.04226265180120028
2001,MOZ.2.3_1,Chicualacuala,18112,18092.3523,45.0,0.0024845406360424027,0.0024872387684047805
2001,MOZ.2.4_1,Chigubo,15000,14995.8184,0.0,0.0,0.0
2001,MOZ.2.5_1,Chókwè,2440,2444.1617,712.0,0.29180327868852457,0.2913064186432943
2001,MOZ.2.6_1,Guijá,4207,4202.4869,20.0,0.004753981459472308,0.004759086839269765
2001,MOZ.2.7_1,Mabalane,8937,8948.3005,12.0,0.001342732460557234,0.001341036768007407
2001,MOZ.2.8_1,Mandlakazi,3688,3693.0919,143.0,0.03877440347071583,0.03872094313299738
2001,MOZ.2.9_1,Massangena,7598,7603.3051,0.0,0.0,0.0
2001,MOZ.2.10_1,Massingir,5675,5683.9995,0.0,0.0,0.0
2001,MOZ.2.11_1,Xai-Xai,2027,2024.7886,1566.0,0.7725703009373458,0.773414064257812
2001,MOZ.3.1_1,Funhalouro,13548,13537.0113,0.0,0.0,0.0
2001,MOZ.3.2_1,Govuro,3994,3997.747,11.0,0.002754131196795193,0.002751549784248149
2001,MOZ.3.3_1,Homoine,2187,2202.4336,326.0,0.1490626428898034,0.14801808371009073
2001,MOZ.3.4_1,Inharrime,2769,2770.6697,73.0,0.0263633080534489,0.02634742075472357
2001,MOZ.3.5_1,Inhassoro,4734,4729.6457,74.0,0.01563160118293198,0.015645992384437816
2001,MOZ.3.6_1,Jangamo,1488,1484.8836,240.0,0.16129032258064516,0.16162883108778722
2001,MOZ.3.7_1,Mabote,15284,15279.1057,0.0,0.0,0.0
2001,MOZ.3.8_1,Massinga,7445,7448.4008,157.0,0.021087978509066487,0.02107835013369137
2001,MOZ.3.9_1,Morrumbene,2602,2599.4672,61.0,0.023443504996156803,0.023466346991609047
2001,MOZ.3.10_1,Panda,6840,6831.0558,0.0,0.0,0.0
2001,MOZ.3.11_1,Vilanculos,5818,5813.4347,169.0,0.029047782743210727,0.029070594140605317
2001,MOZ.3.12_1,Zavala,2016,2014.459,28.0,0.013888888888888888,0.013899513129728161
2001,MOZ.4.1_1,Barue,5836,5830.8923,55.0,0.009424263193968472,0.00943251852189529
2001,MOZ.4.2_1,Gondola,5940,5937.2415,1402.0,0.23602693602693603,0.23613659800534773
2001,MOZ.4.3_1,Guro,6937,6935.2207,0.0,0.0,0.0
2001,MOZ.4.4_1,Machaze,13260,13263.2546,0.0,0.0,0.0
2001,MOZ.4.5_1,Macossa,9584,9573.5794,3.0,0.00031302170283806343,0.00031336242062556506
2001,MOZ.4.6_1,Manica,4441,4436.6048,627.0,0.14118441792389103,0.141324285271293
2001,MOZ.4.7_1,Mossurize,5062,5058.9724,66.0,0.013038324772817068,0.013046127668142293
2001,MOZ.4.8_1,Sussundenga,7142,7148.8821,33.0,0.004620554466535984,0.004616106368737366
2001,MOZ.4.9_1,Tambara,4311,4319.7613,0.0,0.0,0.0
2001,MOZ.6.1_1,Boane,833,829.5281,3570.0,4.285714285714286,4.303651909209246
2001,MOZ.6.2_1,Magude,6943,6945.6062,112.0,0.016131355321906956,0.016125302354209982
2001,MOZ.6.3_1,Manhiça,2369,2368.3669,484.0,0.20430561418319967,0.20436022406397594
2001,MOZ.6.4_1,Marracuene,693,689.3484,268.0,0.38672438672438675,0.3887729264367865
2001,MOZ.6.5_1,Matutuíne,5359,5371.4282,186.0,0.034707967904459784,0.03462766169941624
2001,MOZ.6.6_1,Moamba,4542,4550.2827,541.0,0.11911052399823867,0.11889371296702907
2001,MOZ.6.7_1,Namaacha,2162,2148.9072,673.0,0.3112858464384829,0.31318244408197365
2001,MOZ.5.1_1,Boane,165,167.9631,1654.0,10.024242424242424,9.847399070806754
2001,MOZ.5.2_1,Maputo,538,533.6154,10891.0,20.243494423791823,20.40983004753334
2001,MOZ.7.1_1,Angoche,3001,2995.9876,237.0,0.0789736754415195,0.07910580109361866
2001,MOZ.7.2_1,Erati,2706,2710.6135,0.0,0.0,0.0
2001,MOZ.7.3_1,Lalaua,4552,4540.6629,0.0,0.0,0.0
2001,MOZ.7.4_1,Malema,6044,6037.5257,0.0,0.0,0.0
2001,MOZ.7.5_1,Meconta,3695,3689.5498,265.0,0.07171853856562922,0.07182448077127858
2001,MOZ.7.6_1,Mecuburi,7189,7191.5197,0.0,0.0,0.0
2001,MOZ.7.7_1,Memba,3662,3655.7691,47.0,0.012834516657564172,0.012856391745822034
2001,MOZ.7.8_1,Mogovolas,4714,4715.0466,57.0,0.012091641917691982,0.012088958022606885
2001,MOZ.7.9_1,Moma,5773,5780.199,0.0,0.0,0.0
2001,MOZ.7.10_1,Monapo,3531,3529.0805,567.0,0.16057774001699235,0.1606650790018254
2001,MOZ.7.11_1,Mongincual,4369,4376.4091,0.0,0.0,0.0
2001,MOZ.7.12_1,Mossuril,3532,3536.1004,55.0,0.015571913929784825,0.015553856922007595
2001,MOZ.7.13_1,Muecate,4090,4086.3671,7.0,0.0017114914425427872,0.0017130130170286857
2001,MOZ.7.14_1,Murrupula,3089,3088.6505,0.0,0.0,0.0
2001,MOZ.7.15_1,Nacala Velha,1437,1443.7967,1347.0,0.9373695198329853,0.9329568217850366
2001,MOZ.7.16_1,Namapa,6508,6516.2117,0.0,0.0,0.0
2001,MOZ.7.17_1,Nampula,4003,4000.626,2318.0,0.5790657007244566,0.5794093236902301
2001,MOZ.7.18_1,Ribaue,6254,6269.8324,65.0,0.010393348257115445,0.010367103327905774
2001,MOZ.8.1_1,Cuamba,5350,5353.3997,319.0,0.059626168224299066,0.059588301968456894
2001,MOZ.8.2_1,Lago,12284,12293.6026,0.0,0.0,0.0
2001,MOZ.8.3_1,Lichinga,6759,6759.4321,307.0,0.045420920254475514,0.04541801647304229
2001,MOZ.8.4_1,Majune,11323,11335.6173,0.0,0.0,0.0
2001,MOZ.8.5_1,Mandimba,3165,3155.5137,0.0,0.0,0.0
2001,MOZ.8.6_1,Marrupa,17482,17480.3507,0.0,0.0,0.0
2001,MOZ.8.7_1,Maúa,8103,8100.1574,0.0,0.0,0.0
2001,MOZ.8.8_1,Mavago,9086,9077.586,0.0,0.0,0.0
2001,MOZ.8.9_1,Mecanhelas,6589,6599.9521,75.0,0.01138260737592958,0.011363718786563308
2001,MOZ.8.10_1,Mecula,18047,18046.476,0.0,0.0,0.0
2001,MOZ.8.11_1,Metarica,4865,4850.8923,0.0,0.0,0.0
2001,MOZ.8.12_1,Muembe,5833,5831.8015,0.0,0.0,0.0
2001,MOZ.8.13_1,N'gauma,2995,2995.7859,0.0,0.0,0.0
2001,MOZ.8.14_1,Nipepe,4989,4994.2774,0.0,0.0,0.0
2001,MOZ.8.15_1,Sanga,12365,12363.2882,0.0,0.0,0.0
2001,MOZ.9.1_1,Buzi,7482,7481.6756,855.0,0.11427425821972735,0.1142792128001203
2001,MOZ.9.2_1,Caia,3510,3507.0462,0.0,0.0,0.0
2001,MOZ.9.3_1,Chemba,3984,3983.8933,0.0,0.0,0.0
2001,MOZ.9.4_1,Cheringoma,7171,7174.2611,0.0,0.0,0.0
2001,MOZ.9.5_1,Chibabava,6767,6768.7895,0.0,0.0,0.0
2001,MOZ.9.6_1,Dondo,2984,2991.2235,4816.0,1.613941018766756,1.610043499383946
2001,MOZ.9.7_1,Gorongosa,6752,6757.2519,0.0,0.0,0.0
2001,MOZ.9.8_1,Machanga,5714,5722.3008,6.0,0.0010500525026251313,0.0010485292927023876
2001,MOZ.9.9_1,Maringue,6176,6181.6455,0.0,0.0,0.0
2001,MOZ.9.10_1,Marromeu,5972,5967.5985,65.0,0.0108841259209645,0.010892153728406783
2001,MOZ.9.11_1,Muanza,7528,7520.2983,0.0,0.0,0.0
2001,MOZ.9.12_1,Nhamatanda,4020,4016.3144,152.0,0.03781094527363184,0.037845643074725814
2001,MOZ.10.1_1,Angónia,3290,3289.6984,158.0,0.04802431610942249,0.04802871852633672
2001,MOZ.10.2_1,Cahora Bassa,8880,8872.9951,1408.0,0.15855855855855855,0.1586837345333576
2001,MOZ.10.3_1,Changara,9132,9136.5315,1325.0,0.14509417433201927,0.14502221059466933
2001,MOZ.10.4_1,Chifunde,9416,9410.3701,0.0,0.0,0.0
2001,MOZ.10.5_1,Chiuta,6695,6699.1028,0.0,0.0,0.0
2001,MOZ.10.6_1,Macanga,7200,7187.6956,0.0,0.0,0.0
2001,MOZ.10.7_1,Magoe,8608,8620.3958,3.0,0.00034851301115241634,0.00034801186459127424
2001,MOZ.10.8_1,Maravia,16892,16893.7605,99.0,0.005860762491120057,0.00586015174977741
2001,MOZ.10.9_1,Moatize,8888,8885.0823,312.0,0.0351035103510351,0.035115037773889766
2001,MOZ.10.10_1,Mutarara,6379,6378.5717,23.0,0.003605580812039505,0.003605822906112454
2001,MOZ.10.11_1,Tsangano,3629,3624.3899,0.0,0.0,0.0
2001,MOZ.10.12_1,Zumbu,11964,11971.0275,8.0,0.0006686726847208291,0.0006682801466404193
2001,MOZ.11.1_1,Alto Molocue,6315,6309.8954,170.0,0.026920031670625493,0.026941809469752033
2001,MOZ.11.2_1,Chinde,4123,4118.286,9.0,0.00218287654620422,0.0021853751778169927
2001,MOZ.11.3_1,Gile,8975,8970.9551,0.0,0.0,0.0
2001,MOZ.11.4_1,Gurue,5636,5647.1391,123.0,0.021823988644428673,0.021780940423055718
2001,MOZ.11.5_1,Ile,5645,5651.6473,0.0,0.0,0.0
2001,MOZ.11.6_1,Inhassunge,764,763.9807,259.0,0.3390052356020942,0.339013812880846
2001,MOZ.11.7_1,Lugela,6138,6131.5277,57.0,0.009286412512218964,0.009296214973002783
2001,MOZ.11.8_1,Maganja da Costa,7671,7673.5545,0.0,0.0,0.0
2001,MOZ.11.9_1,Milange,9792,9782.3032,121.0,0.01235702614379085,0.01236927511949996
2001,MOZ.11.10_1,Mocuba,8769,8769.0015,575.0,0.065571901014939,0.065571889848926
2001,MOZ.11.11_1,Mopeia,7621,7619.7906,0.0,0.0,0.0
2001,MOZ.11.12_1,Morrumbala,12880,12880.5037,41.0,0.0031832298136645963,0.003183105338384024
2001,MOZ.11.13_1,Namacurra,2036,2035.9376,0.0,0.0,0.0
2001,MOZ.11.14_1,Namarroi,3057,3062.8738,0.0,0.0,0.0
2001,MOZ.11.15_1,Nicoadala,3479,3486.7693,1028.0,0.2954872089680943,0.29482879815637836
2001,MOZ.11.16_1,Pebane,10059,10061.99,2.0,0.00019882692116512577,0.00019876783828004835
2002,MOZ.1.1_1,Ancuabe,6256,6255.9618,0.0,0.0,0.0
2002,MOZ.1.2_1,Balama,5466,5468.3962,0.0,0.0,0.0
2002,MOZ.1.3_1,Chiúre,4742,4737.7771,0.0,0.0,0.0
2002,MOZ.1.4_1,Macomia,4799,4795.9992,0.0,0.0,0.0
2002,MOZ.1.5_1,Mecufi,512,514.5056,0.0,0.0,0.0
2002,MOZ.1.6_1,Meluco,5725,5726.2891,0.0,0.0,0.0
2002,MOZ.1.7_1,Mocimboa da Praia,3456,3464.342,91.0,0.026331018518518517,0.02626761432782292
2002,MOZ.1.8_1,Montepuez,17757,17758.3815,147.0,0.008278425409697584,0.00827778139742465
2002,MOZ.1.9_1,Mueda,11284,11294.0996,0.0,0.0,0.0
2002,MOZ.1.10_1,Muidumbe,2018,2014.9393,0.0,0.0,0.0
2002,MOZ.1.11_1,Namuno,5982,5973.1312,0.0,0.0,0.0
2002,MOZ.1.12_1,Nangade,2881,2877.2767,0.0,0.0,0.0
2002,MOZ.1.13_1,Palma,3526,3522.4867,0.0,0.0,0.0
2002,MOZ.1.14_1,Pemba,1692,1691.1708,485.0,0.28664302600472813,0.28678357403804117
2002,MOZ.1.15_1,Quissanga,1675,1679.0074,0.0,0.0,0.0
2002,MOZ.2.1_1,Bilene,2162,2163.0664,557.0,0.257631822386679,0.2575048124425018
2002,MOZ.2.2_1,Chibuto,5614,5607.7882,264.0,0.04702529390808693,0.04707738428488133
2002,MOZ.2.3_1,Chicualacuala,18112,18092.3523,36.0,0.001987632508833922,0.0019897910147238245
2002,MOZ.2.4_1,Chigubo,15000,14995.8184,0.0,0.0,0.0
2002,MOZ.2.5_1,Chókwè,2440,2444.1617,746.0,0.30573770491803276,0.30521711840996846
2002,MOZ.2.6_1,Guijá,4207,4202.4869,23.0,0.005467078678393154,0.0054729498651602294
2002,MOZ.2.7_1,Mabalane,8937,8948.3005,12.0,0.001342732460557234,0.001341036768007407
2002,MOZ.2.8_1,Mandlakazi,3688,3693.0919,159.0,0.04311279826464208,0.0430533563506754
2002,MOZ.2.9_1,Massangena,7598,7603.3051,0.0,0.0,0.0
2002,MOZ.2.10_1,Massingir,5675,5683.9995,0.0,0.0,0.0
2002,MOZ.2.11_1,Xai-Xai,2027,2024.7886,1727.0,0.8519980266403552,0.8529285370199499
2002,MOZ.3.1_1,Funhalouro,13548,13537.0113,0.0,0.0,0.0
2002,MOZ.3.2_1,Govuro,3994,3997.747,46.0,0.011517275913870806,0.011506480915946804
2002,MOZ.3.3_1,Homoine,2187,2202.4336,380.0,0.17375400091449475,0.1725364165945843
2002,MOZ.3.4_1,Inharrime,2769,2770.6697,74.0,0.026724449259660527,0.026708344326706088
2002,MOZ.3.5_1,Inhassoro,4734,4729.6457,100.0,0.021123785382340516,0.021143232951942995
2002,MOZ.3.6_1,Jangamo,1488,1484.8836,394.0,0.2647849462365591,0.26534066436911735
2002,MOZ.3.7_1,Mabote,15284,15279.1057,0.0,0.0,0.0
2002,MOZ.3.8_1,Massinga,7445,7448.4008,189.0,0.025386165211551376,0.02537457436476222
2002,MOZ.3.9_1,Morrumbene,2602,2599.4672,117.0,0.04496541122213682,0.04500922291833211
2002,MOZ.3.10_1,Panda,6840,6831.0558,0.0,0.0,0.0
2002,MOZ.3.11_1,Vilanculos,5818,5813.4347,192.0,0.03300103128222757,0.03302694718932675
2002,MOZ.3.12_1,Zavala,2016,2014.459,36.0,0.017857142857142856,0.017870802595364776
2002,MOZ.4.1_1,Barue,5836,5830.8923,54.0,0.009252912954078136,0.009261018185133557
2002,MOZ.4.2_1,Gondola,5940,5937.2415,1429.0,0.24057239057239058,0.2406841644433965
2002,MOZ.4.3_1,Guro,6937,6935.2207,0.0,0.0,0.0
2002,MOZ.4.4_1,Machaze,13260,13263.2546,0.0,0.0,0.0
2002,MOZ.4.5_1,Macossa,9584,9573.5794,0.0,0.0,0.0
2002,MOZ.4.6_1,Manica,4441,4436.6048,674.0,0.1517676199054267,0.1519179717270359
2002,MOZ.4.7_1,Mossurize,5062,5058.9724,79.0,0.01560647965231134,0.01561581948156426
2002,MOZ.4.8_1,Sussundenga,7142,7148.8821,44.0,0.006160739288714646,0.006154808491649822
2002,MOZ.4.9_1,Tambara,4311,4319.7613,0.0,0.0,0.0
2002,MOZ.6.1_1,Boane,833,829.5281,3912.0,4.696278511404562,4.715934529083072
2002,MOZ.6.2_1,Magude,6943,6945.6062,121.0,0.017427624945988766,0.017421085579101853
2002,MOZ.6.3_1,Manhiça,2369,2368.3669,589.0,0.24862811312790206,0.2486945701935575
2002,MOZ.6.4_1,Marracuene,693,689.3484,279.0,0.4025974025974026,0.40473002416366954
2002,MOZ.6.5_1,Matutuíne,5359,5371.4282,223.0,0.04161224108975555,0.0415159599944614
2002,MOZ.6.6_1,Moamba,4542,4550.2827,567.0,0.12483487450462351,0.12460764371960348
2002,MOZ.6.7_1,Namaacha,2162,2148.9072,670.0,0.3098982423681776,0.3117863856388148
2002,MOZ.5.1_1,Boane,165,167.9631,1655.0,10.030303030303031,9.853352758273989
2002,MOZ.5.2_1,Maputo,538,533.6154,11133.0,20.693308550185872,20.86334018172699
2002,MOZ.7.1_1,Angoche,3001,2995.9876,235.0,0.07830723092302566,0.07843824159071892
2002,MOZ.7.2_1,Erati,2706,2710.6135,0.0,0.0,0.0
2002,MOZ.7.3_1,Lalaua,4552,4540.6629,0.0,0.0,0.0
2002,MOZ.7.4_1,Malema,6044,6037.5257,0.0,0.0,0.0
2002,MOZ.7.5_1,Meconta,3695,3689.5498,255.0,0.06901217861975643,0.06911412300632468
2002,MOZ.7.6_1,Mecuburi,7189,7191.5197,0.0,0.0,0.0
2002,MOZ.7.7_1,Memba,3662,3655.7691,0.0,0.0,0.0
2002,MOZ.7.8_1,Mogovolas,4714,4715.0466,61.0,0.012940178192617734,0.012937305954017894
2002,MOZ.7.9_1,Moma,5773,5780.199,15.0,0.0025983024424042957,0.002595066369496797
2002,MOZ.7.10_1,Monapo,3531,3529.0805,534.0,0.15123194562446898,0.15131420138796253
2002,MOZ.7.11_1,Mongincual,4369,4376.4091,0.0,0.0,0.0
2002,MOZ.7.12_1,Mossuril,3532,3536.1004,13.0,0.003680634201585504,0.0036763661815654314
2002,MOZ.7.13_1,Muecate,4090,4086.3671,8.0,0.0019559902200488996,0.001957729162318498
2002,MOZ.7.14_1,Murrupula,3089,3088.6505,0.0,0.0,0.0
2002,MOZ.7.15_1,Nacala Velha,1437,1443.7967,1255.0,0.8733472512178149,0.8692359401189464
2002,MOZ.7.16_1,Namapa,6508,6516.2117,0.0,0.0,0.0
2002,MOZ.7.17_1,Nampula,4003,4000.626,2402.0,0.6000499625281039,0.6004060377497553
2002,MOZ.7.18_1,Ribaue,6254,6269.8324,75.0,0.011992324912056283,0.01196204230142974
2002,MOZ.8.1_1,Cuamba,5350,5353.3997,297.0,0.055514018691588785,0.05547876390166676
2002,MOZ.8.2_1,Lago,12284,12293.6026,0.0,0.0,0.0
2002,MOZ.8.3_1,Lichinga,6759,6759.4321,324.0,0.047936085219707054,0.04793302064255929
2002,MOZ.8.4_1,Majune,11323,11335.6173,0.0,0.0,0.0
2002,MOZ.8.5_1,Mandimba,3165,3155.5137,0.0,0.0,0.0
2002,MOZ.8.6_1,Marrupa,17482,17480.3507,0.0,0.0,0.0
2002,MOZ.8.7_1,Maúa,8103,8100.1574,0.0,0.0,0.0
2002,MOZ.8.8_1,Mavago,9086,9077.586,0.0,0.0,0.0
2002,MOZ.8.9_1,Mecanhelas,6589,6599.9521,76.0,0.011534375474275308,0.01151523503705082
2002,MOZ.8.10_1,Mecula,18047,18046.476,0.0,0.0,0.0
2002,MOZ.8.11_1,Metarica,4865,4850.8923,0.0,0.0,0.0
2002,MOZ.8.12_1,Muembe,5833,5831.8015,0.0,0.0,0.0
2002,MOZ.8.13_1,N'gauma,2995,2995.7859,0.0,0.0,0.0
2002,MOZ.8.14_1,Nipepe,4989,4994.2774,0.0,0.0,0.0
2002,MOZ.8.15_1,Sanga,12365,12363.2882,0.0,0.0,0.0
2002,MOZ.9.1_1,Buzi,7482,7481.6756,876.0,0.11708099438652766,0.11708607065836887
2002,MOZ.9.2_1,Caia,3510,3507.0462,0.0,0.0,0.0
2002,MOZ.9.3_1,Chemba,3984,3983.8933,0.0,0.0,0.0
2002,MOZ.9.4_1,Cheringoma,7171,7174.2611,10.0,0.0013945056477478734,0.0013938717697302252
2002,MOZ.9.5_1,Chibabava,6767,6768.7895,0.0,0.0,0.0
2002,MOZ.9.6_1,Dondo,2984,2991.2235,4838.0,1.621313672922252,1.6173983492565471
2002,MOZ.9.7_1,Gorongosa,6752,6757.2519,0.0,0.0,0.0
2002,MOZ.9.8_1,Machanga,5714,5722.3008,35.0,0.006125306265313266,0.006116420874097261
2002,MOZ.9.9_1,Maringue,6176,6181.6455,0.0,0.0,0.0
2002,MOZ.9.10_1,Marromeu,5972,5967.5985,121.0,0.02026121902210315,0.02027616309441878
2002,MOZ.9.11_1,Muanza,7528,7520.2983,0.0,0.0,0.0
2002,MOZ.9.12_1,Nhamatanda,4020,4016.3144,156.0,0.03880597014925373,0.038841581050376495
2002,MOZ.10.1_1,Angónia,3290,3289.6984,199.0,0.06048632218844985,0.06049186700468993
2002,MOZ.10.2_1,Cahora Bassa,8880,8872.9951,1408.0,0.15855855855855855,0.1586837345333576
2002,MOZ.10.3_1,Changara,9132,9136.5315,1338.0,0.14651773981603153,0.14644507001937174
2002,MOZ.10.4_1,Chifunde,9416,9410.3701,0.0,0.0,0.0
2002,MOZ.10.5_1,Chiuta,6695,6699.1028,0.0,0.0,0.0
2002,MOZ.10.6_1,Macanga,7200,7187.6956,0.0,0.0,0.0
2002,MOZ.10.7_1,Magoe,8608,8620.3958,0.0,0.0,0.0
2002,MOZ.10.8_1,Maravia,16892,16893.7605,89.0,0.005268766279895809,0.005268217229597873
2002,MOZ.10.9_1,Moatize,8888,8885.0823,330.0,0.03712871287128713,0.03714090533776802
2002,MOZ.10.10_1,Mutarara,6379,6378.5717,23.0,0.003605580812039505,0.003605822906112454
2002,MOZ.10.11_1,Tsangano,3629,3624.3899,0.0,0.0,0.0
2002,MOZ.10.12_1,Zumbu,11964,11971.0275,6.0,0.0005015045135406219,0.0005012101099803144
2002,MOZ.11.1_1,Alto Molocue,6315,6309.8954,186.0,0.029453681710213776,0.029477509184552223
2002,MOZ.11.2_1,Chinde,4123,4118.286,11.0,0.0026679602231384912,0.002671014106220769
2002,MOZ.11.3_1,Gile,8975,8970.9551,0.0,0.0,0.0
2002,MOZ.11.4_1,Gurue,5636,5647.1391,151.0,0.026792051100070973,0.026739203283588725
2002,MOZ.11.5_1,Ile,5645,5651.6473,0.0,0.0,0.0
2002,MOZ.11.6_1,Inhassunge,764,763.9807,267.0,0.3494764397905759,0.3494852820045787
2002,MOZ.11.7_1,Lugela,6138,6131.5277,57.0,0.009286412512218964,0.009296214973002783
2002,MOZ.11.8_1,Maganja da Costa,7671,7673.5545,0.0,0.0,0.0
2002,MOZ.11.9_1,Milange,9792,9782.3032,162.0,0.016544117647058824,0.016560517102140442
2002,MOZ.11.10_1,Mocuba,8769,8769.0015,510.0,0.058159425248032845,0.058159415344264796
2002,MOZ.11.11_1,Mopeia,7621,7619.7906,0.0,0.0,0.0
2002,MOZ.11.12_1,Morrumbala,12880,12880.5037,68.0,0.005279503105590062,0.005279296658783259
2002,MOZ.11.13_1,Namacurra,2036,2035.9376,0.0,0.0,0.0
2002,MOZ.11.14_1,Namarroi,3057,3062.8738,0.0,0.0,0.0
2002,MOZ.11.15_1,Nicoadala,3479,3486.7693,1040.0,0.29893647599885026,0.2982703794578147
2002,MOZ.11.16_1,Pebane,10059,10061.99,4.0,0.00039765384233025154,0.0003975356765600967
2003,MOZ.1.1_1,Ancuabe,6256,6255.9618,0.0,0.0,0.0
2003,MOZ.1.2_1,Balama,5466,5468.3962,0.0,0.0,0.0
2003,MOZ.1.3_1,Chiúre,4742,4737.7771,0.0,0.0,0.0
2003,MOZ.1.4_1,Macomia,4799,4795.9992,0.0,0.0,0.0
2003,MOZ.1.5_1,Mecufi,512,514.5056,0.0,0.0,0.0
2003,MOZ.1.6_1,Meluco,5725,5726.2891,0.0,0.0,0.0
2003,MOZ.1.7_1,Mocimboa da Praia,3456,3464.342,91.0,0.026331018518518517,0.02626761432782292
2003,MOZ.1.8_1,Montepuez,17757,17758.3815,147.0,0.008278425409697584,0.00827778139742465
2003,MOZ.1.9_1,Mueda,11284,11294.0996,0.0,0.0,0.0
2003,MOZ.1.10_1,Muidumbe,2018,2014.9393,0.0,0.0,0.0
2003,MOZ.1.11_1,Namuno,5982,5973.1312,0.0,0.0,0.0
2003,MOZ.1.12_1,Nangade,2881,2877.2767,0.0,0.0,0.0
2003,MOZ.1.13_1,Palma,3526,3522.4867,0.0,0.0,0.0
2003,MOZ.1.14_1,Pemba,1692,1691.1708,493.0,0.291371158392435,0.29151402474382326
2003,MOZ.1.15_1,Quissanga,1675,1679.0074,0.0,0.0,0.0
2003,MOZ.2.1_1,Bilene,2162,2163.0664,632.0,0.2923219241443108,0.2921778123225514
2003,MOZ.2.2_1,Chibuto,5614,5607.7882,288.0,0.05130032062700392,0.05135714649259781
2003,MOZ.2.3_1,Chicualacuala,18112,18092.3523,33.0,0.0018219964664310953,0.0018239750968301724
2003,MOZ.2.4_1,Chigubo,15000,14995.8184,0.0,0.0,0.0
2003,MOZ.2.5_1,Chókwè,2440,2444.1617,826.0,0.33852459016393444,0.3379481766844959
2003,MOZ.2.6_1,Guijá,4207,4202.4869,28.0,0.0066555740432612314,0.00666272157497767
2003,MOZ.2.7_1,Mabalane,8937,8948.3005,12.0,0.001342732460557234,0.001341036768007407
2003,MOZ.2.8_1,Mandlakazi,3688,3693.0919,155.0,0.04202819956616052,0.041970253046255894
2003,MOZ.2.9_1,Massangena,7598,7603.3051,0.0,0.0,0.0
2003,MOZ.2.10_1,Massingir,5675,5683.9995,5.0,0.000881057268722467,0.0008796622927261533
2003,MOZ.2.11_1,Xai-Xai,2027,2024.7886,2143.0,1.0572274296990627,1.0583820815482063
2003,MOZ.3.1_1,Funhalouro,13548,13537.0113,7.0,0.0005166814289932093,0.0005171008457159159
2003,MOZ.3.2_1,Govuro,3994,3997.747,78.0,0.019529293940911366,0.019510989379214146
2003,MOZ.3.3_1,Homoine,2187,2202.4336,426.0,0.19478737997256515,0.1934224038665603
2003,MOZ.3.4_1,Inharrime,2769,2770.6697,95.0,0.03430841459010473,0.034287739338338896
2003,MOZ.3.5_1,Inhassoro,4734,4729.6457,370.0,0.0781580059146599,0.07822996192218909
2003,MOZ.3.6_1,Jangamo,1488,1484.8836,537.0,0.36088709677419356,0.3616445095589239
2003,MOZ.3.7_1,Mabote,15284,15279.1057,0.0,0.0,0.0
2003,MOZ.3.8_1,Massinga,7445,7448.4008,182.0,0.02444593687038281,0.024434775314215472
2003,MOZ.3.9_1,Morrumbene,2602,2599.4672,82.0,0.03151421983089931,0.031544925464130194
2003,MOZ.3.10_1,Panda,6840,6831.0558,0.0,0.0,0.0
2003,MOZ.3.11_1,Vilanculos,5818,5813.4347,244.0,0.04193881058783087,0.041971745386436075
2003,MOZ.3.12_1,Zavala,2016,2014.459,32.0,0.015873015873015872,0.01588515786254647
2003,MOZ.4.1_1,Barue,5836,5830.8923,36.0,0.00616860863605209,0.006174012123422371
2003,MOZ.4.2_1,Gondola,5940,5937.2415,1427.0,0.24023569023569025,0.2403473076702077
2003,MOZ.4.3_1,Guro,6937,6935.2207,0.0,0.0,0.0
2003,MOZ.4.4_1,Machaze,13260,13263.2546,0.0,0.0,0.0
2003,MOZ.4.5_1,Macossa,9584,9573.5794,0.0,0.0,0.0
2003,MOZ.4.6_1,Manica,4441,4436.6048,741.0,0.1668543120918712,0.16701960986607356
2003,MOZ.4.7_1,Mossurize,5062,5058.9724,60.0,0.011853022520742789,0.01186011606194754
2003,MOZ.4.8_1,Sussundenga,7142,7148.8821,52.0,0.007280873704844581,0.007273864581040698
2003,MOZ.4.9_1,Tambara,4311,4319.7613,0.0,0.0,0.0
2003,MOZ.6.1_1,Boane,833,829.5281,3968.0,4.763505402160864,4.783442794325571
2003,MOZ.6.2_1,Magude,6943,6945.6062,122.0,0.017571654904220076,0.01756506149297873
2003,MOZ.6.3_1,Manhiça,2369,2368.3669,624.0,0.26340227944280287,0.2634726855700847
2003,MOZ.6.4_1,Marracuene,693,689.3484,329.0,0.47474747474747475,0.47726228655859243
2003,MOZ.6.5_1,Matutuíne,5359,5371.4282,287.0,0.053554767680537414,0.05343085434264763
2003,MOZ.6.6_1,Moamba,4542,4550.2827,480.0,0.10568031704095113,0.10548795235521986
2003,MOZ.6.7_1,Namaacha,2162,2148.9072,641.0,0.29648473635522665,0.2982911540216123
2003,MOZ.5.1_1,Boane,165,167.9631,1698.0,10.290909090909091,10.109361319365096
2003,MOZ.5.2_1,Maputo,538,533.6154,11354.0,21.104089219330856,21.27749613072202
2003,MOZ.7.1_1,Angoche,3001,2995.9876,230.0,0.07664111962679107,0.07676934283346959
2003,MOZ.7.2_1,Erati,2706,2710.6135,0.0,0.0,0.0
2003,MOZ.7.3_1,Lalaua,4552,4540.6629,0.0,0.0,0.0
2003,MOZ.7.4_1,Malema,6044,6037.5257,0.0,0.0,0.0
2003,MOZ.7.5_1,Meconta,3695,3689.5498,257.0,0.06955345060893099,0.06965619455931546
2003,MOZ.7.6_1,Mecuburi,7189,7191.5197,0.0,0.0,0.0
2003,MOZ.7.7_1,Memba,3662,3655.7691,0.0,0.0,0.0
2003,MOZ.7.8_1,Mogovolas,4714,4715.0466,63.0,0.01336444633008061,0.013361479919723399
2003,MOZ.7.9_1,Moma,5773,5780.199,16.0,0.002771522605231249,0.002768070794129917
2003,MOZ.7.10_1,Monapo,3531,3529.0805,523.0,0.1481166808269612,0.1481972421833416
2003,MOZ.7.11_1,Mongincual,4369,4376.4091,0.0,0.0,0.0
2003,MOZ.7.12_1,Mossuril,3532,3536.1004,13.0,0.003680634201585504,0.0036763661815654314
2003,MOZ.7.13_1,Muecate,4090,4086.3671,8.0,0.0019559902200488996,0.001957729162318498
2003,MOZ.7.14_1,Murrupula,3089,3088.6505,0.0,0.0,0.0
2003,MOZ.7.15_1,Nacala Velha,1437,1443.7967,1255.0,0.8733472512178149,0.8692359401189464
2003,MOZ.7.16_1,Namapa,6508,6516.2117,0.0,0.0,0.0
2003,MOZ.7.17_1,Nampula,4003,4000.626,2361.0,0.5898076442667999,0.5901576416016537
2003,MOZ.7.18_1,Ribaue,6254,6269.8324,56.0,0.008954269267668692,0.008931658251734205
2003,MOZ.8.1_1,Cuamba,5350,5353.3997,297.0,0.055514018691588785,0.05547876390166676
2003,MOZ.8.2_1,Lago,12284,12293.6026,0.0,0.0,0.0
2003,MOZ.8.3_1,Lichinga,6759,6759.4321,326.0,0.048231986980322536,0.04822890348603188
2003,MOZ.8.4_1,Majune,11323,11335.6173,0.0,0.0,0.0
2003,MOZ.8.5_1,Mandimba,3165,3155.5137,0.0,0.0,0.0
2003,MOZ.8.6_1,Marrupa,17482,17480.3507,0.0,0.0,0.0
2003,MOZ.8.7_1,Maúa,8103,8100.1574,0.0,0.0,0.0
2003,MOZ.8.8_1,Mavago,9086,9077.586,0.0,0.0,0.0
2003,MOZ.8.9_1,Mecanhelas,6589,6599.9521,75.0,0.01138260737592958,0.011363718786563308
2003,MOZ.8.10_1,Mecula,18047,18046.476,0.0,0.0,0.0
2003,MOZ.8.11_1,Metarica,4865,4850.8923,0.0,0.0,0.0
2003,MOZ.8.12_1,Muembe,5833,5831.8015,0.0,0.0,0.0
2003,MOZ.8.13_1,N'gauma,2995,2995.7859,0.0,0.0,0.0
2003,MOZ.8.14_1,Nipepe,4989,4994.2774,0.0,0.0,0.0
2003,MOZ.8.15_1,Sanga,12365,12363.2882,0.0,0.0,0.0
2003,MOZ.9.1_1,Buzi,7482,7481.6756,873.0,0.11668003207698477,0.11668509096433335
2003,MOZ.9.2_1,Caia,3510,3507.0462,1.0,0.0002849002849002849,0.00028514023793473016
2003,MOZ.9.3_1,Chemba,3984,3983.8933,0.0,0.0,0.0
2003,MOZ.9.4_1,Cheringoma,7171,7174.2611,0.0,0.0,0.0
2003,MOZ.9.5_1,Chibabava,6767,6768.7895,8.0,0.0011822077730161075,0.0011818952282077312
2003,MOZ.9.6_1,Dondo,2984,2991.2235,4988.0,1.6715817694369972,1.6675450529333726
2003,MOZ.9.7_1,Gorongosa,6752,6757.2519,0.0,0.0,0.0
2003,MOZ.9.8_1,Machanga,5714,5722.3008,17.0,0.002975148757437872,0.002970832995990098
2003,MOZ.9.9_1,Maringue,6176,6181.6455,0.0,0.0,0.0
2003,MOZ.9.10_1,Marromeu,5972,5967.5985,158.0,0.026456798392498326,0.026476312139819564
2003,MOZ.9.11_1,Muanza,7528,7520.2983,0.0,0.0,0.0
2003,MOZ.9.12_1,Nhamatanda,4020,4016.3144,152.0,0.03781094527363184,0.037845643074725814
2003,MOZ.10.1_1,Angónia,3290,3289.6984,181.0,0.05501519756838906,0.05502024084346169
2003,MOZ.10.2_1,Cahora Bassa,8880,8872.9951,1407.0,0.15844594594594594,0.15857103301735379
2003,MOZ.10.3_1,Changara,9132,9136.5315,1348.0,0.14761279018834866,0.14753957726914282
2003,MOZ.10.4_1,Chifunde,9416,9410.3701,0.0,0.0,0.0
2003,MOZ.10.5_1,Chiuta,6695,6699.1028,0.0,0.0,0.0
2003,MOZ.10.6_1,Macanga,7200,7187.6956,0.0,0.0,0.0
2003,MOZ.10.7_1,Magoe,8608,8620.3958,0.0,0.0,0.0
2003,MOZ.10.8_1,Maravia,16892,16893.7605,73.0,0.004321572341937012,0.004321121997310616
2003,MOZ.10.9_1,Moatize,8888,8885.0823,337.0,0.037916291629162914,0.037928742723720675
2003,MOZ.10.10_1,Mutarara,6379,6378.5717,28.0,0.004389402727700266,0.004389697450919509
2003,MOZ.10.11_1,Tsangano,3629,3624.3899,0.0,0.0,0.0
2003,MOZ.10.12_1,Zumbu,11964,11971.0275,5.0,0.00041792042795051824,0.0004176750916502621
2003,MOZ.11.1_1,Alto Molocue,6315,6309.8954,187.0,0.029612034837688043,0.029635990416727237
2003,MOZ.11.2_1,Chinde,4123,4118.286,25.0,0.00606354596167839,0.006070486605047202
2003,MOZ.11.3_1,Gile,8975,8970.9551,0.0,0.0,0.0
2003,MOZ.11.4_1,Gurue,5636,5647.1391,143.0,0.025372604684173173,0.025322556752007865
2003,MOZ.11.5_1,Ile,5645,5651.6473,51.0,0.009034543844109831,0.009023917713509397
2003,MOZ.11.6_1,Inhassunge,764,763.9807,267.0,0.3494764397905759,0.3494852820045787
2003,MOZ.11.7_1,Lugela,6138,6131.5277,57.0,0.009286412512218964,0.009296214973002783
2003,MOZ.11.8_1,Maganja da Costa,7671,7673.5545,0.0,0.0,0.0
2003,MOZ.11.9_1,Milange,9792,9782.3032,163.0,0.01664624183006536,0.016662742516351185
2003,MOZ.11.10_1,Mocuba,8769,8769.0015,509.0,0.05804538715931121,0.05804537727496232
2003,MOZ.11.11_1,Mopeia,7621,7619.7906,59.0,0.007741766172418318,0.007742994901618989
2003,MOZ.11.12_1,Morrumbala,12880,12880.5037,84.0,0.006521739130434782,0.0065214841079087316
2003,MOZ.11.13_1,Namacurra,2036,2035.9376,0.0,0.0,0.0
2003,MOZ.11.14_1,Namarroi,3057,3062.8738,0.0,0.0,0.0
2003,MOZ.11.15_1,Nicoadala,3479,3486.7693,1054.0,0.3029606208680655,0.3022855576428237
2003,MOZ.11.16_1,Pebane,10059,10061.99,20.0,0.0019882692116512577,0.0019876783828004837
2004,MOZ.1.1_1,Ancuabe,6256,6255.9618,0.0,0.0,0.0
2004,MOZ.1.2_1,Balama,5466,5468.3962,0.0,0.0,0.0
2004,MOZ.1.3_1,Chiúre,4742,4737.7771,0.0,0.0,0.0
2004,MOZ.1.4_1,Macomia,4799,4795.9992,8.0,0.0016670139612419254,0.001668057005594228
2004,MOZ.1.5_1,Mecufi,512,514.5056,0.0,0.0,0.0
2004,MOZ.1.6_1,Meluco,5725,5726.2891,0.0,0.0,0.0
2004,MOZ.1.7_1,Mocimboa da Praia,3456,3464.342,84.0,0.024305555555555556,0.02424702861029808
2004,MOZ.1.8_1,Montepuez,17757,17758.3815,171.0,0.00963000506842372,0.0096292559112899
2004,MOZ.1.9_1,Mueda,11284,11294.0996,0.0,0.0,0.0
2004,MOZ.1.10_1,Muidumbe,2018,2014.9393,0.0,0.0,0.0
2004,MOZ.1.11_1,Namuno,5982,5973.1312,0.0,0.0,0.0
2004,MOZ.1.12_1,Nangade,2881,2877.2767,0.0,0.0,0.0
2004,MOZ.1.13_1,Palma,3526,3522.4867,0.0,0.0,0.0
2004,MOZ.1.14_1,Pemba,1692,1691.1708,506.0,0.2990543735224586,0.29920100714071923
2004,MOZ.1.15_1,Quissanga,1675,1679.0074,0.0,0.0,0.0
2004,MOZ.2.1_1,Bilene,2162,2163.0664,646.0,0.29879740980573544,0.29865010563349403
2004,MOZ.2.2_1,Chibuto,5614,5607.7882,356.0,0.06341289633060207,0.06348313941446118
2004,MOZ.2.3_1,Chicualacuala,18112,18092.3523,56.0,0.0030918727915194345,0.0030952304673481715
2004,MOZ.2.4_1,Chigubo,15000,14995.8184,0.0,0.0,0.0
2004,MOZ.2.5_1,Chókwè,2440,2444.1617,857.0,0.35122950819672133,0.3506314617658753
2004,MOZ.2.6_1,Guijá,4207,4202.4869,30.0,0.0071309721892084624,0.007138630258904647
2004,MOZ.2.7_1,Mabalane,8937,8948.3005,5.0,0.0005594718585655141,0.0005587653200030862
2004,MOZ.2.8_1,Mandlakazi,3688,3693.0919,191.0,0.05178958785249458,0.05171818278603146
2004,MOZ.2.9_1,Massangena,7598,7603.3051,0.0,0.0,0.0
2004,MOZ.2.10_1,Massingir,5675,5683.9995,71.0,0.012511013215859032,0.012491204556711377
2004,MOZ.2.11_1,Xai-Xai,2027,2024.7886,2163.0,1.0670942279230389,1.0682596558043727
2004,MOZ.3.1_1,Funhalouro,13548,13537.0113,23.0,0.0016976675524062593,0.0016990456359237233
2004,MOZ.3.2_1,Govuro,3994,3997.747,67.0,0.016775162744116175,0.016759439594965998
2004,MOZ.3.3_1,Homoine,2187,2202.4336,463.0,0.211705532693187,0.21022200232445404
2004,MOZ.3.4_1,Inharrime,2769,2770.6697,108.0,0.0390032502708559,0.038979745774111584
2004,MOZ.3.5_1,Inhassoro,4734,4729.6457,1598.0,0.33755809040980145,0.33786886257204907
2004,MOZ.3.6_1,Jangamo,1488,1484.8836,594.0,0.39919354838709675,0.4000313569422734
2004,MOZ.3.7_1,Mabote,15284,15279.1057,0.0,0.0,0.0
2004,MOZ.3.8_1,Massinga,7445,7448.4008,181.0,0.024311618535930155,0.024300518306994506
2004,MOZ.3.9_1,Morrumbene,2602,2599.4672,77.0,0.02959262106072252,0.02962145439924421
2004,MOZ.3.10_1,Panda,6840,6831.0558,0.0,0.0,0.0
2004,MOZ.3.11_1,Vilanculos,5818,5813.4347,230.0,0.039532485390168445,0.03956353048721434
2004,MOZ.3.12_1,Zavala,2016,2014.459,33.0,0.01636904761904762,0.016381569045751047
2004,MOZ.4.1_1,Barue,5836,5830.8923,39.0,0.006682659355723098,0.0066885131337075686
2004,MOZ.4.2_1,Gondola,5940,5937.2415,1486.0,0.25016835016835015,0.25028458247927726
2004,MOZ.4.3_1,Guro,6937,6935.2207,0.0,0.0,0.0
2004,MOZ.4.4_1,Machaze,13260,13263.2546,0.0,0.0,0.0
2004,MOZ.4.5_1,Macossa,9584,9573.5794,0.0,0.0,0.0
2004,MOZ.4.6_1,Manica,4441,4436.6048,679.0,0.1528934924566539,0.15304495964785958
2004,MOZ.4.7_1,Mossurize,5062,5058.9724,27.0,0.005333860134334255,0.005337052227876392
2004,MOZ.4.8_1,Sussundenga,7142,7148.8821,57.0,0.00798095771492579,0.007973274636909996
2004,MOZ.4.9_1,Tambara,4311,4319.7613,0.0,0.0,0.0
2004,MOZ.6.1_1,Boane,833,829.5281,4127.0,4.954381752701081,4.975118047424806
2004,MOZ.6.2_1,Magude,6943,6945.6062,122.0,0.017571654904220076,0.01756506149297873
2004,MOZ.6.3_1,Manhiça,2369,2368.3669,658.0,0.27775432672013506,0.2778285690787111
2004,MOZ.6.4_1,Marracuene,693,689.3484,513.0,0.7402597402597403,0.7441810121719086
2004,MOZ.6.5_1,Matutuíne,5359,5371.4282,300.0,0.05598059339428998,0.05585106725712296
2004,MOZ.6.6_1,Moamba,4542,4550.2827,523.0,0.11514751210920299,0.11493791475370832
2004,MOZ.6.7_1,Namaacha,2162,2148.9072,648.0,0.299722479185939,0.3015486237223164
2004,MOZ.5.1_1,Boane,165,167.9631,1700.0,10.303030303030303,10.121268694299566
2004,MOZ.5.2_1,Maputo,538,533.6154,11551.0,21.470260223048328,21.646675868061482
2004,MOZ.7.1_1,Angoche,3001,2995.9876,215.0,0.0716427857380873,0.07176264656172157
2004,MOZ.7.2_1,Erati,2706,2710.6135,0.0,0.0,0.0
2004,MOZ.7.3_1,Lalaua,4552,4540.6629,0.0,0.0,0.0
2004,MOZ.7.4_1,Malema,6044,6037.5257,0.0,0.0,0.0
2004,MOZ.7.5_1,Meconta,3695,3689.5498,256.0,0.06928281461434371,0.06938515878282006
2004,MOZ.7.6_1,Mecuburi,7189,7191.5197,0.0,0.0,0.0
2004,MOZ.7.7_1,Memba,3662,3655.7691,0.0,0.0,0.0
2004,MOZ.7.8_1,Mogovolas,4714,4715.0466,59.0,0.012515910055154858,0.012513131988312389
2004,MOZ.7.9_1,Moma,5773,5780.199,0.0,0.0,0.0
2004,MOZ.7.10_1,Monapo,3531,3529.0805,507.0,0.14358538657604078,0.14366348334025658
2004,MOZ.7.11_1,Mongincual,4369,4376.4091,0.0,0.0,0.0
2004,MOZ.7.12_1,Mossuril,3532,3536.1004,33.0,0.009343148357870895,0.009332314153204556
2004,MOZ.7.13_1,Muecate,4090,4086.3671,10.0,0.0024449877750611247,0.0024471614528981224
2004,MOZ.7.14_1,Murrupula,3089,3088.6505,0.0,0.0,0.0
2004,MOZ.7.15_1,Nacala Velha,1437,1443.7967,1273.0,0.8858733472512178,0.8817030691405728
2004,MOZ.7.16_1,Namapa,6508,6516.2117,0.0,0.0,0.0
2004,MOZ.7.17_1,Nampula,4003,4000.626,2433.0,0.6077941543842118,0.6081548250812467
2004,MOZ.7.18_1,Ribaue,6254,6269.8324,56.0,0.008954269267668692,0.008931658251734205
2004,MOZ.8.1_1,Cuamba,5350,5353.3997,295.0,0.05514018691588785,0.05510516953195857
2004,MOZ.8.2_1,Lago,12284,12293.6026,0.0,0.0,0.0
2004,MOZ.8.3_1,Lichinga,6759,6759.4321,373.0,0.05518567835478621,0.055182150307637706
2004,MOZ.8.4_1,Majune,11323,11335.6173,0.0,0.0,0.0
2004,MOZ.8.5_1,Mandimba,3165,3155.5137,0.0,0.0,0.0
2004,MOZ.8.6_1,Marrupa,17482,17480.3507,0.0,0.0,0.0
2004,MOZ.8.7_1,Maúa,8103,8100.1574,0.0,0.0,0.0
2004,MOZ.8.8_1,Mavago,9086,9077.586,0.0,0.0,0.0
2004,MOZ.8.9_1,Mecanhelas,6589,6599.9521,67.0,0.010168462589163757,0.010151588782663222
2004,MOZ.8.10_1,Mecula,18047,18046.476,0.0,0.0,0.0
2004,MOZ.8.11_1,Metarica,4865,4850.8923,0.0,0.0,0.0
2004,MOZ.8.12_1,Muembe,5833,5831.8015,0.0,0.0,0.0
2004,MOZ.8.13_1,N'gauma,2995,2995.7859,0.0,0.0,0.0
2004,MOZ.8.14_1,Nipepe,4989,4994.2774,0.0,0.0,0.0
2004,MOZ.8.15_1,Sanga,12365,12363.2882,0.0,0.0,0.0
2004,MOZ.9.1_1,Buzi,7482,7481.6756,779.0,0.10411654637797381,0.10412106055122072
2004,MOZ.9.2_1,Caia,3510,3507.0462,10.0,0.002849002849002849,0.0028514023793473017
2004,MOZ.9.3_1,Chemba,3984,3983.8933,5.0,0.0012550200803212851,0.001255053688062899
2004,MOZ.9.4_1,Cheringoma,7171,7174.2611,0.0,0.0,0.0
2004,MOZ.9.5_1,Chibabava,6767,6768.7895,0.0,0.0,0.0
2004,MOZ.9.6_1,Dondo,2984,2991.2235,4975.0,1.667225201072386,1.6631990052813812
2004,MOZ.9.7_1,Gorongosa,6752,6757.2519,0.0,0.0,0.0
2004,MOZ.9.8_1,Machanga,5714,5722.3008,17.0,0.002975148757437872,0.002970832995990098
2004,MOZ.9.9_1,Maringue,6176,6181.6455,0.0,0.0,0.0
2004,MOZ.9.10_1,Marromeu,5972,5967.5985,165.0,0.027628935030140658,0.027649313310571064
2004,MOZ.9.11_1,Muanza,7528,7520.2983,0.0,0.0,0.0
2004,MOZ.9.12_1,Nhamatanda,4020,4016.3144,146.0,0.03631840796019901,0.0363517361112498
2004,MOZ.10.1_1,Angónia,3290,3289.6984,185.0,0.05623100303951368,0.05623615776817908
2004,MOZ.10.2_1,Cahora Bassa,8880,8872.9951,1407.0,0.15844594594594594,0.15857103301735379
2004,MOZ.10.3_1,Changara,9132,9136.5315,1365.0,0.14947437582128778,0.14940023959375368
2004,MOZ.10.4_1,Chifunde,9416,9410.3701,0.0,0.0,0.0
2004,MOZ.10.5_1,Chiuta,6695,6699.1028,0.0,0.0,0.0
2004,MOZ.10.6_1,Macanga,7200,7187.6956,0.0,0.0,0.0
2004,MOZ.10.7_1,Magoe,8608,8620.3958,8.0,0.0009293680297397769,0.0009280316389100646
2004,MOZ.10.8_1,Maravia,16892,16893.7605,73.0,0.004321572341937012,0.004321121997310616
2004,MOZ.10.9_1,Moatize,8888,8885.0823,353.0,0.039716471647164714,0.03972951389161246
2004,MOZ.10.10_1,Mutarara,6379,6378.5717,33.0,0.005173224643361028,0.005173571995726565
2004,MOZ.10.11_1,Tsangano,3629,3624.3899,0.0,0.0,0.0
2004,MOZ.10.12_1,Zumbu,11964,11971.0275,11.0,0.0009194249414911401,0.0009188852016305765
2004,MOZ.11.1_1,Alto Molocue,6315,6309.8954,194.0,0.030720506730007917,0.03074535904195232
2004,MOZ.11.2_1,Chinde,4123,4118.286,26.0,0.0063060878001455255,0.00631330606924909
2004,MOZ.11.3_1,Gile,8975,8970.9551,0.0,0.0,0.0
2004,MOZ.11.4_1,Gurue,5636,5647.1391,135.0,0.023953158268275373,0.023905910220427005
2004,MOZ.11.5_1,Ile,5645,5651.6473,44.0,0.007794508414526129,0.0077853407724394795
2004,MOZ.11.6_1,Inhassunge,764,763.9807,267.0,0.3494764397905759,0.3494852820045787
2004,MOZ.11.7_1,Lugela,6138,6131.5277,57.0,0.009286412512218964,0.009296214973002783
2004,MOZ.11.8_1,Maganja da Costa,7671,7673.5545,0.0,0.0,0.0
2004,MOZ.11.9_1,Milange,9792,9782.3032,155.0,0.01582924836601307,0.015844939202665238
2004,MOZ.11.10_1,Mocuba,8769,8769.0015,514.0,0.058615577602919376,0.05861556762147472
2004,MOZ.11.11_1,Mopeia,7621,7619.7906,33.0,0.00433014040152211,0.00433082765683774
2004,MOZ.11.12_1,Morrumbala,12880,12880.5037,126.0,0.009782608695652175,0.009782226161863097
2004,MOZ.11.13_1,Namacurra,2036,2035.9376,6.0,0.0029469548133595285,0.0029470451729596086
2004,MOZ.11.14_1,Namarroi,3057,3062.8738,0.0,0.0,0.0
2004,MOZ.11.15_1,Nicoadala,3479,3486.7693,1087.0,0.31244610520264443,0.3117499062217736
2004,MOZ.11.16_1,Pebane,10059,10061.99,12.0,0.0011929615269907546,0.0011926070296802902
2005,MOZ.1.1_1,Ancuabe,6256,6255.9618,0.0,0.0,0.0
2005,MOZ.1.2_1,Balama,5466,5468.3962,0.0,0.0,0.0
2005,MOZ.1.3_1,Chiúre,4742,4737.7771,0.0,0.0,0.0
2005,MOZ.1.4_1,Macomia,4799,4795.9992,0.0,0.0,0.0
2005,MOZ.1.5_1,Mecufi,512,514.5056,0.0,0.0,0.0
2005,MOZ.1.6_1,Meluco,5725,5726.2891,0.0,0.0,0.0
2005,MOZ.1.7_1,Mocimboa da Praia,3456,3464.342,84.0,0.024305555555555556,0.02424702861029808
2005,MOZ.1.8_1,Montepuez,17757,17758.3815,194.0,0.010925268908036268,0.01092441898707743
2005,MOZ.1.9_1,Mueda,11284,11294.0996,0.0,0.0,0.0
2005,MOZ.1.10_1,Muidumbe,2018,2014.9393,0.0,0.0,0.0
2005,MOZ.1.11_1,Namuno,5982,5973.1312,0.0,0.0,0.0
2005,MOZ.1.12_1,Nangade,2881,2877.2767,0.0,0.0,0.0
2005,MOZ.1.13_1,Palma,3526,3522.4867,0.0,0.0,0.0
2005,MOZ.1.14_1,Pemba,1692,1691.1708,513.0,0.30319148936170215,0.3033401515082786
2005,MOZ.1.15_1,Quissanga,1675,1679.0074,0.0,0.0,0.0
2005,MOZ.2.1_1,Bilene,2162,2163.0664,753.0,0.3482886216466235,0.3481169187956981
2005,MOZ.2.2_1,Chibuto,5614,5607.7882,371.0,0.06608478802992519,0.06615799079428399
2005,MOZ.2.3_1,Chicualacuala,18112,18092.3523,32.0,0.0017667844522968198,0.001768703124198955
2005,MOZ.2.4_1,Chigubo,15000,14995.8184,0.0,0.0,0.0
2005,MOZ.2.5_1,Chókwè,2440,2444.1617,918.0,0.3762295081967213,0.3755888937002025
2005,MOZ.2.6_1,Guijá,4207,4202.4869,65.0,0.015450439743285001,0.015467032227626736
2005,MOZ.2.7_1,Mabalane,8937,8948.3005,0.0,0.0,0.0
2005,MOZ.2.8_1,Mandlakazi,3688,3693.0919,192.0,0.052060737527114966,0.051988958612136336
2005,MOZ.2.9_1,Massangena,7598,7603.3051,0.0,0.0,0.0
2005,MOZ.2.10_1,Massingir,5675,5683.9995,209.0,0.03682819383259912,0.03676988383595321
2005,MOZ.2.11_1,Xai-Xai,2027,2024.7886,2184.0,1.077454366058214,1.0786311087733471
2005,MOZ.3.1_1,Funhalouro,13548,13537.0113,16.0,0.00118098612341305,0.0011819447902078077
2005,MOZ.3.2_1,Govuro,3994,3997.747,62.0,0.015523284927391086,0.015508735147580475
2005,MOZ.3.3_1,Homoine,2187,2202.4336,517.0,0.23639689071787837,0.2347403352089476
2005,MOZ.3.4_1,Inharrime,2769,2770.6697,144.0,0.05200433369447454,0.05197299436548211
2005,MOZ.3.5_1,Inhassoro,4734,4729.6457,1525.0,0.3221377270806929,0.3224343025171307
2005,MOZ.3.6_1,Jangamo,1488,1484.8836,620.0,0.4166666666666667,0.4175411469767837
2005,MOZ.3.7_1,Mabote,15284,15279.1057,7.0,0.0004579952891913112,0.00045814199595860917
2005,MOZ.3.8_1,Massinga,7445,7448.4008,226.0,0.03035594358629953,0.030342083631937893
2005,MOZ.3.9_1,Morrumbene,2602,2599.4672,113.0,0.04342813220599539,0.04347044606642332
2005,MOZ.3.10_1,Panda,6840,6831.0558,0.0,0.0,0.0
2005,MOZ.3.11_1,Vilanculos,5818,5813.4347,264.0,0.04537641801306291,0.04541205238532428
2005,MOZ.3.12_1,Zavala,2016,2014.459,51.0,0.025297619047619048,0.025316970343433436
2005,MOZ.4.1_1,Barue,5836,5830.8923,47.0,0.008053461274845785,0.008060515827801429
2005,MOZ.4.2_1,Gondola,5940,5937.2415,1795.0,0.3021885521885522,0.30232895393694664
2005,MOZ.4.3_1,Guro,6937,6935.2207,0.0,0.0,0.0
2005,MOZ.4.4_1,Machaze,13260,13263.2546,0.0,0.0,0.0
2005,MOZ.4.5_1,Macossa,9584,9573.5794,0.0,0.0,0.0
2005,MOZ.4.6_1,Manica,4441,4436.6048,665.0,0.14974104931321774,0.1498893934695532
2005,MOZ.4.7_1,Mossurize,5062,5058.9724,27.0,0.005333860134334255,0.005337052227876392
2005,MOZ.4.8_1,Sussundenga,7142,7148.8821,65.0,0.009101092131055727,0.009092330726300873
2005,MOZ.4.9_1,Tambara,4311,4319.7613,0.0,0.0,0.0
2005,MOZ.6.1_1,Boane,833,829.5281,4311.0,5.175270108043217,5.196930918935871
2005,MOZ.6.2_1,Magude,6943,6945.6062,136.0,0.019588074319458446,0.019580724287254977
2005,MOZ.6.3_1,Manhiça,2369,2368.3669,833.0,0.3516251582946391,0.351719145961347
2005,MOZ.6.4_1,Marracuene,693,689.3484,691.0,0.9971139971139971,1.0023958662978338
2005,MOZ.6.5_1,Matutuíne,5359,5371.4282,305.0,0.056913603284194814,0.05678191837807501
2005,MOZ.6.6_1,Moamba,4542,4550.2827,519.0,0.1142668428005284,0.11405884848408149
2005,MOZ.6.7_1,Namaacha,2162,2148.9072,680.0,0.3145235892691952,0.31643991378267766
2005,MOZ.5.1_1,Boane,165,167.9631,2160.0,13.090909090909092,12.859964929227683
2005,MOZ.5.2_1,Maputo,538,533.6154,12542.0,23.312267657992564,23.503818607672677
2005,MOZ.7.1_1,Angoche,3001,2995.9876,214.0,0.07130956347884039,0.0714288668102717
2005,MOZ.7.2_1,Erati,2706,2710.6135,0.0,0.0,0.0
2005,MOZ.7.3_1,Lalaua,4552,4540.6629,0.0,0.0,0.0
2005,MOZ.7.4_1,Malema,6044,6037.5257,49.0,0.008107213765718067,0.00811590743395133
2005,MOZ.7.5_1,Meconta,3695,3689.5498,263.0,0.07117726657645466,0.0712824092182878
2005,MOZ.7.6_1,Mecuburi,7189,7191.5197,0.0,0.0,0.0
2005,MOZ.7.7_1,Memba,3662,3655.7691,0.0,0.0,0.0
2005,MOZ.7.8_1,Mogovolas,4714,4715.0466,68.0,0.014425116673737802,0.014421914833987162
2005,MOZ.7.9_1,Moma,5773,5780.199,95.0,0.01645591546856054,0.016435420340146382
2005,MOZ.7.10_1,Monapo,3531,3529.0805,505.0,0.14301897479467574,0.14309676348487094
2005,MOZ.7.11_1,Mongincual,4369,4376.4091,20.0,0.004577706569008927,0.004569956648426599
2005,MOZ.7.12_1,Mossuril,3532,3536.1004,37.0,0.010475651189127973,0.010463503747532382
2005,MOZ.7.13_1,Muecate,4090,4086.3671,11.0,0.0026894865525672372,0.0026918775981879346
2005,MOZ.7.14_1,Murrupula,3089,3088.6505,0.0,0.0,0.0
2005,MOZ.7.15_1,Nacala Velha,1437,1443.7967,1301.0,0.9053583855254002,0.9010963809519915
2005,MOZ.7.16_1,Namapa,6508,6516.2117,0.0,0.0,0.0
2005,MOZ.7.17_1,Nampula,4003,4000.626,2482.0,0.6200349737696728,0.6204029082826364
2005,MOZ.7.18_1,Ribaue,6254,6269.8324,79.0,0.012631915574032619,0.012600017890839326
2005,MOZ.8.1_1,Cuamba,5350,5353.3997,302.0,0.05644859813084112,0.05641274982593725
2005,MOZ.8.2_1,Lago,12284,12293.6026,0.0,0.0,0.0
2005,MOZ.8.3_1,Lichinga,6759,6759.4321,488.0,0.07220002959017606,0.07219541380731152
2005,MOZ.8.4_1,Majune,11323,11335.6173,0.0,0.0,0.0
2005,MOZ.8.5_1,Mandimba,3165,3155.5137,0.0,0.0,0.0
2005,MOZ.8.6_1,Marrupa,17482,17480.3507,0.0,0.0,0.0
2005,MOZ.8.7_1,Maúa,8103,8100.1574,0.0,0.0,0.0
2005,MOZ.8.8_1,Mavago,9086,9077.586,0.0,0.0,0.0
2005,MOZ.8.9_1,Mecanhelas,6589,6599.9521,61.0,0.009257853999089391,0.009242491279738156
2005,MOZ.8.10_1,Mecula,18047,18046.476,0.0,0.0,0.0
2005,MOZ.8.11_1,Metarica,4865,4850.8923,0.0,0.0,0.0
2005,MOZ.8.12_1,Muembe,5833,5831.8015,0.0,0.0,0.0
2005,MOZ.8.13_1,N'gauma,2995,2995.7859,0.0,0.0,0.0
2005,MOZ.8.14_1,Nipepe,4989,4994.2774,0.0,0.0,0.0
2005,MOZ.8.15_1,Sanga,12365,12363.2882,0.0,0.0,0.0
2005,MOZ.9.1_1,Buzi,7482,7481.6756,781.0,0.10438385458433574,0.10438838034724439
2005,MOZ.9.2_1,Caia,3510,3507.0462,25.0,0.007122507122507123,0.007128505948368254
2005,MOZ.9.3_1,Chemba,3984,3983.8933,0.0,0.0,0.0
2005,MOZ.9.4_1,Cheringoma,7171,7174.2611,0.0,0.0,0.0
2005,MOZ.9.5_1,Chibabava,6767,6768.7895,0.0,0.0,0.0
2005,MOZ.9.6_1,Dondo,2984,2991.2235,5148.0,1.725201072386059,1.7210348701886533
2005,MOZ.9.7_1,Gorongosa,6752,6757.2519,132.0,0.019549763033175356,0.019534568479261938
2005,MOZ.9.8_1,Machanga,5714,5722.3008,33.0,0.005775288764438222,0.005766911109863131
2005,MOZ.9.9_1,Maringue,6176,6181.6455,0.0,0.0,0.0
2005,MOZ.9.10_1,Marromeu,5972,5967.5985,158.0,0.026456798392498326,0.026476312139819564
2005,MOZ.9.11_1,Muanza,7528,7520.2983,0.0,0.0,0.0
2005,MOZ.9.12_1,Nhamatanda,4020,4016.3144,134.0,0.03333333333333333,0.03336392218429776
2005,MOZ.10.1_1,Angónia,3290,3289.6984,174.0,0.05288753799392097,0.05289238622520626
2005,MOZ.10.2_1,Cahora Bassa,8880,8872.9951,1396.0,0.1572072072072072,0.15733131634131192
2005,MOZ.10.3_1,Changara,9132,9136.5315,1423.0,0.1558256679807271,0.155748381642426
2005,MOZ.10.4_1,Chifunde,9416,9410.3701,0.0,0.0,0.0
2005,MOZ.10.5_1,Chiuta,6695,6699.1028,0.0,0.0,0.0
2005,MOZ.10.6_1,Macanga,7200,7187.6956,0.0,0.0,0.0
2005,MOZ.10.7_1,Magoe,8608,8620.3958,0.0,0.0,0.0
2005,MOZ.10.8_1,Maravia,16892,16893.7605,79.0,0.004676770068671561,0.004676282709418337
2005,MOZ.10.9_1,Moatize,8888,8885.0823,300.0,0.03375337533753375,0.033764459397970924
2005,MOZ.10.10_1,Mutarara,6379,6378.5717,27.0,0.004232638344568114,0.004232922541958098
2005,MOZ.10.11_1,Tsangano,3629,3624.3899,0.0,0.0,0.0
2005,MOZ.10.12_1,Zumbu,11964,11971.0275,17.0,0.0014209294550317619,0.001420095311610891
2005,MOZ.11.1_1,Alto Molocue,6315,6309.8954,197.0,0.031195566112430722,0.031220802738477355
2005,MOZ.11.2_1,Chinde,4123,4118.286,31.0,0.007518796992481203,0.0075274033902585314
2005,MOZ.11.3_1,Gile,8975,8970.9551,62.0,0.006908077994428969,0.0069111927893284585
2005,MOZ.11.4_1,Gurue,5636,5647.1391,120.0,0.021291696238467,0.021249697973712896
2005,MOZ.11.5_1,Ile,5645,5651.6473,31.0,0.005491585473870682,0.005485126453309634
2005,MOZ.11.6_1,Inhassunge,764,763.9807,259.0,0.3390052356020942,0.339013812880846
2005,MOZ.11.7_1,Lugela,6138,6131.5277,68.0,0.011078527207559466,0.011090221371301565
2005,MOZ.11.8_1,Maganja da Costa,7671,7673.5545,0.0,0.0,0.0
2005,MOZ.11.9_1,Milange,9792,9782.3032,133.0,0.013582516339869281,0.01359598009002888
2005,MOZ.11.10_1,Mocuba,8769,8769.0015,506.0,0.057703272893146314,0.05770326306705488
2005,MOZ.11.11_1,Mopeia,7621,7619.7906,0.0,0.0,0.0
2005,MOZ.11.12_1,Morrumbala,12880,12880.5037,105.0,0.008152173913043478,0.008151855134885914
2005,MOZ.11.13_1,Namacurra,2036,2035.9376,0.0,0.0,0.0
2005,MOZ.11.14_1,Namarroi,3057,3062.8738,0.0,0.0,0.0
2005,MOZ.11.15_1,Nicoadala,3479,3486.7693,1148.0,0.3299798792756539,0.3292446111707416
2005,MOZ.11.16_1,Pebane,10059,10061.99,5.0,0.0004970673029128144,0.0004969195957001209
2006,MOZ.1.1_1,Ancuabe,6256,6255.9618,0.0,0.0,0.0
2006,MOZ.1.2_1,Balama,5466,5468.3962,0.0,0.0,0.0
2006,MOZ.1.3_1,Chiúre,4742,4737.7771,0.0,0.0,0.0
2006,MOZ.1.4_1,Macomia,4799,4795.9992,0.0,0.0,0.0
2006,MOZ.1.5_1,Mecufi,512,514.5056,0.0,0.0,0.0
2006,MOZ.1.6_1,Meluco,5725,5726.2891,0.0,0.0,0.0
2006,MOZ.1.7_1,Mocimboa da Praia,3456,3464.342,73.0,0.021122685185185185,0.021071822482759045
2006,MOZ.1.8_1,Montepuez,17757,17758.3815,181.0,0.01019316325955961,0.010192370292067087
2006,MOZ.1.9_1,Mueda,11284,11294.0996,0.0,0.0,0.0
2006,MOZ.1.10_1,Muidumbe,2018,2014.9393,0.0,0.0,0.0
2006,MOZ.1.11_1,Namuno,5982,5973.1312,0.0,0.0,0.0
2006,MOZ.1.12_1,Nangade,2881,2877.2767,0.0,0.0,0.0
2006,MOZ.1.13_1,Palma,3526,3522.4867,0.0,0.0,0.0
2006,MOZ.1.14_1,Pemba,1692,1691.1708,622.0,0.367612293144208,0.36779254237456
2006,MOZ.1.15_1,Quissanga,1675,1679.0074,0.0,0.0,0.0
2006,MOZ.2.1_1,Bilene,2162,2163.0664,821.0,0.379740980573543,0.37955377202027646
2006,MOZ.2.2_1,Chibuto,5614,5607.7882,354.0,0.06305664410402564,0.06312649256381814
2006,MOZ.2.3_1,Chicualacuala,18112,18092.3523,24.0,0.001325088339222615,0.0013265273431492162
2006,MOZ.2.4_1,Chigubo,15000,14995.8184,0.0,0.0,0.0
2006,MOZ.2.5_1,Chókwè,2440,2444.1617,1008.0,0.4131147540983607,0.41241133425904586
2006,MOZ.2.6_1,Guijá,4207,4202.4869,74.0,0.01758973140004754,0.01760862130529813
2006,MOZ.2.7_1,Mabalane,8937,8948.3005,0.0,0.0,0.0
2006,MOZ.2.8_1,Mandlakazi,3688,3693.0919,161.0,0.043655097613882865,0.04359490800288516
2006,MOZ.2.9_1,Massangena,7598,7603.3051,0.0,0.0,0.0
2006,MOZ.2.10_1,Massingir,5675,5683.9995,115.0,0.02026431718061674,0.020232232732701527
2006,MOZ.2.11_1,Xai-Xai,2027,2024.7886,2261.0,1.115441539220523,1.1166597696595868
2006,MOZ.3.1_1,Funhalouro,13548,13537.0113,17.0,0.0012547977561263655,0.0012558163395957956
2006,MOZ.3.2_1,Govuro,3994,3997.747,71.0,0.017776664997496243,0.017760003152874414
2006,MOZ.3.3_1,Homoine,2187,2202.4336,622.0,0.28440786465477824,0.2824148713732406
2006,MOZ.3.4_1,Inharrime,2769,2770.6697,144.0,0.05200433369447454,0.05197299436548211
2006,MOZ.3.5_1,Inhassoro,4734,4729.6457,1526.0,0.32234896493451626,0.3226457348466501
2006,MOZ.3.6_1,Jangamo,1488,1484.8836,689.0,0.46303763440860213,0.4640094359145225
2006,MOZ.3.7_1,Mabote,15284,15279.1057,8.0,0.0005234231876472127,0.0005235908525241247
2006,MOZ.3.8_1,Massinga,7445,7448.4008,283.0,0.03801208865010074,0.03799473304353285
2006,MOZ.3.9_1,Morrumbene,2602,2599.4672,232.0,0.08916218293620293,0.08924905741070982
2006,MOZ.3.10_1,Panda,6840,6831.0558,0.0,0.0,0.0
2006,MOZ.3.11_1,Vilanculos,5818,5813.4347,259.0,0.0445170161567549,0.04455197563560223
2006,MOZ.3.12_1,Zavala,2016,2014.459,61.0,0.030257936507936508,0.03028108217547921
2006,MOZ.4.1_1,Barue,5836,5830.8923,67.0,0.011480466072652502,0.011490522563036079
2006,MOZ.4.2_1,Gondola,5940,5937.2415,2000.0,0.3367003367003367,0.3368567731887985
2006,MOZ.4.3_1,Guro,6937,6935.2207,0.0,0.0,0.0
2006,MOZ.4.4_1,Machaze,13260,13263.2546,0.0,0.0,0.0
2006,MOZ.4.5_1,Macossa,9584,9573.5794,0.0,0.0,0.0
2006,MOZ.4.6_1,Manica,4441,4436.6048,628.0,0.14140959243413645,0.14154968285545777
2006,MOZ.4.7_1,Mossurize,5062,5058.9724,25.0,0.004938759383642829,0.004941715025811475
2006,MOZ.4.8_1,Sussundenga,7142,7148.8821,81.0,0.011341360963315597,0.011330442905082626
2006,MOZ.4.9_1,Tambara,4311,4319.7613,0.0,0.0,0.0
2006,MOZ.6.1_1,Boane,833,829.5281,4433.0,5.321728691476591,5.344002496785598
2006,MOZ.6.2_1,Magude,6943,6945.6062,155.0,0.022324643525853376,0.022316266650915597
2006,MOZ.6.3_1,Manhiça,2369,2368.3669,878.0,0.37062051498522586,0.370719580016882
2006,MOZ.6.4_1,Marracuene,693,689.3484,718.0,1.0360750360750361,1.0415632879910923
2006,MOZ.6.5_1,Matutuíne,5359,5371.4282,320.0,0.059712632953909314,0.059574471740931154
2006,MOZ.6.6_1,Moamba,4542,4550.2827,526.0,0.11580801409070894,0.11559721445592844
2006,MOZ.6.7_1,Namaacha,2162,2148.9072,685.0,0.316836262719704,0.31876667785460916
2006,MOZ.5.1_1,Boane,165,167.9631,2214.0,13.418181818181818,13.181464052458375
2006,MOZ.5.2_1,Maputo,538,533.6154,13137.0,24.4182156133829,24.61885385496699
2006,MOZ.7.1_1,Angoche,3001,2995.9876,221.0,0.07364211929356881,0.07376532507042077
2006,MOZ.7.2_1,Erati,2706,2710.6135,0.0,0.0,0.0
2006,MOZ.7.3_1,Lalaua,4552,4540.6629,0.0,0.0,0.0
2006,MOZ.7.4_1,Malema,6044,6037.5257,63.0,0.01042356055592323,0.010434738129365996
2006,MOZ.7.5_1,Meconta,3695,3689.5498,242.0,0.06549391069012178,0.06559065791188459
2006,MOZ.7.6_1,Mecuburi,7189,7191.5197,0.0,0.0,0.0
2006,MOZ.7.7_1,Memba,3662,3655.7691,0.0,0.0,0.0
2006,MOZ.7.8_1,Mogovolas,4714,4715.0466,68.0,0.014425116673737802,0.014421914833987162
2006,MOZ.7.9_1,Moma,5773,5780.199,279.0,0.0483284254287199,0.04826823447264043
2006,MOZ.7.10_1,Monapo,3531,3529.0805,468.0,0.13254035683942225,0.13261244616023685
2006,MOZ.7.11_1,Mongincual,4369,4376.4091,0.0,0.0,0.0
2006,MOZ.7.12_1,Mossuril,3532,3536.1004,71.0,0.020101925254813136,0.020078615299318894
2006,MOZ.7.13_1,Muecate,4090,4086.3671,14.0,0.0034229828850855745,0.0034260260340573715
2006,MOZ.7.14_1,Murrupula,3089,3088.6505,0.0,0.0,0.0
2006,MOZ.7.15_1,Nacala Velha,1437,1443.7967,1332.0,0.9269311064718163,0.922567547600348
2006,MOZ.7.16_1,Namapa,6508,6516.2117,0.0,0.0,0.0
2006,MOZ.7.17_1,Nampula,4003,4000.626,2474.0,0.6180364726455159,0.6184032212293483
2006,MOZ.7.18_1,Ribaue,6254,6269.8324,83.0,0.013271506236008954,0.013237993480248912
2006,MOZ.8.1_1,Cuamba,5350,5353.3997,292.0,0.05457943925233645,0.05454477797739628
2006,MOZ.8.2_1,Lago,12284,12293.6026,15.0,0.00122110061869098,0.0012201468103713387
2006,MOZ.8.3_1,Lichinga,6759,6759.4321,621.0,0.09187749667110519,0.09187162289823864
2006,MOZ.8.4_1,Majune,11323,11335.6173,0.0,0.0,0.0
2006,MOZ.8.5_1,Mandimba,3165,3155.5137,0.0,0.0,0.0
2006,MOZ.8.6_1,Marrupa,17482,17480.3507,0.0,0.0,0.0
2006,MOZ.8.7_1,Maúa,8103,8100.1574,0.0,0.0,0.0
2006,MOZ.8.8_1,Mavago,9086,9077.586,0.0,0.0,0.0
2006,MOZ.8.9_1,Mecanhelas,6589,6599.9521,60.0,0.009106085900743664,0.009090975029250646
2006,MOZ.8.10_1,Mecula,18047,18046.476,0.0,0.0,0.0
2006,MOZ.8.11_1,Metarica,4865,4850.8923,0.0,0.0,0.0
2006,MOZ.8.12_1,Muembe,5833,5831.8015,0.0,0.0,0.0
2006,MOZ.8.13_1,N'gauma,2995,2995.7859,0.0,0.0,0.0
2006,MOZ.8.14_1,Nipepe,4989,4994.2774,0.0,0.0,0.0
2006,MOZ.8.15_1,Sanga,12365,12363.2882,0.0,0.0,0.0
2006,MOZ.9.1_1,Buzi,7482,7481.6756,813.0,0.10866078588612671,0.10866549708362316
2006,MOZ.9.2_1,Caia,3510,3507.0462,57.0,0.01623931623931624,0.01625299356227962
2006,MOZ.9.3_1,Chemba,3984,3983.8933,0.0,0.0,0.0
2006,MOZ.9.4_1,Cheringoma,7171,7174.2611,0.0,0.0,0.0
2006,MOZ.9.5_1,Chibabava,6767,6768.7895,0.0,0.0,0.0
2006,MOZ.9.6_1,Dondo,2984,2991.2235,5147.0,1.7248659517426272,1.7207005588308077
2006,MOZ.9.7_1,Gorongosa,6752,6757.2519,135.0,0.019994075829383885,0.01997853594469971
2006,MOZ.9.8_1,Machanga,5714,5722.3008,57.0,0.009975498774938746,0.009961028280672682
2006,MOZ.9.9_1,Maringue,6176,6181.6455,0.0,0.0,0.0
2006,MOZ.9.10_1,Marromeu,5972,5967.5985,161.0,0.026959142665773612,0.026979026927284492
2006,MOZ.9.11_1,Muanza,7528,7520.2983,0.0,0.0,0.0
2006,MOZ.9.12_1,Nhamatanda,4020,4016.3144,136.0,0.03383084577114428,0.0338618911721231
2006,MOZ.10.1_1,Angónia,3290,3289.6984,157.0,0.04772036474164134,0.04772473929515738
2006,MOZ.10.2_1,Cahora Bassa,8880,8872.9951,1376.0,0.15495495495495495,0.15507728602123583
2006,MOZ.10.3_1,Changara,9132,9136.5315,1555.0,0.1702803328953132,0.17019587733940436
2006,MOZ.10.4_1,Chifunde,9416,9410.3701,0.0,0.0,0.0
2006,MOZ.10.5_1,Chiuta,6695,6699.1028,0.0,0.0,0.0
2006,MOZ.10.6_1,Macanga,7200,7187.6956,0.0,0.0,0.0
2006,MOZ.10.7_1,Magoe,8608,8620.3958,0.0,0.0,0.0
2006,MOZ.10.8_1,Maravia,16892,16893.7605,64.0,0.003788775751835188,0.003788380929149033
2006,MOZ.10.9_1,Moatize,8888,8885.0823,298.0,0.03352835283528353,0.03353936300198446
2006,MOZ.10.10_1,Mutarara,6379,6378.5717,30.0,0.004702931493964571,0.004703247268842331
2006,MOZ.10.11_1,Tsangano,3629,3624.3899,0.0,0.0,0.0
2006,MOZ.10.12_1,Zumbu,11964,11971.0275,4.0,0.00033433634236041456,0.00033414007332020963
2006,MOZ.11.1_1,Alto Molocue,6315,6309.8954,189.0,0.02992874109263658,0.02995295288107726
2006,MOZ.11.2_1,Chinde,4123,4118.286,28.0,0.006791171477079796,0.006798944997652867
2006,MOZ.11.3_1,Gile,8975,8970.9551,96.0,0.010696378830083566,0.010701201738315033
2006,MOZ.11.4_1,Gurue,5636,5647.1391,103.0,0.018275372604684172,0.01823932409410357
2006,MOZ.11.5_1,Ile,5645,5651.6473,0.0,0.0,0.0
2006,MOZ.11.6_1,Inhassunge,764,763.9807,254.0,0.3324607329842932,0.3324691446785131
2006,MOZ.11.7_1,Lugela,6138,6131.5277,62.0,0.010101010101010102,0.010111672426774956
2006,MOZ.11.8_1,Maganja da Costa,7671,7673.5545,0.0,0.0,0.0
2006,MOZ.11.9_1,Milange,9792,9782.3032,121.0,0.01235702614379085,0.01236927511949996
2006,MOZ.11.10_1,Mocuba,8769,8769.0015,490.0,0.05587866347360018,0.055878653958215195
2006,MOZ.11.11_1,Mopeia,7621,7619.7906,0.0,0.0,0.0
2006,MOZ.11.12_1,Morrumbala,12880,12880.5037,106.0,0.008229813664596273,0.008229491850456256
2006,MOZ.11.13_1,Namacurra,2036,2035.9376,0.0,0.0,0.0
2006,MOZ.11.14_1,Namarroi,3057,3062.8738,0.0,0.0,0.0
2006,MOZ.11.15_1,Nicoadala,3479,3486.7693,1158.0,0.3328542684679506,0.3321125955886052
2006,MOZ.11.16_1,Pebane,10059,10061.99,0.0,0.0,0.0
2007,MOZ.1.1_1,Ancuabe,6256,6255.9618,0.0,0.0,0.0
2007,MOZ.1.2_1,Balama,5466,5468.3962,0.0,0.0,0.0
2007,MOZ.1.3_1,Chiúre,4742,4737.7771,0.0,0.0,0.0
2007,MOZ.1.4_1,Macomia,4799,4795.9992,0.0,0.0,0.0
2007,MOZ.1.5_1,Mecufi,512,514.5056,0.0,0.0,0.0
2007,MOZ.1.6_1,Meluco,5725,5726.2891,0.0,0.0,0.0
2007,MOZ.1.7_1,Mocimboa da Praia,3456,3464.342,73.0,0.021122685185185185,0.021071822482759045
2007,MOZ.1.8_1,Montepuez,17757,17758.3815,175.0,0.009855268344878076,0.009854501663600775
2007,MOZ.1.9_1,Mueda,11284,11294.0996,0.0,0.0,0.0
2007,MOZ.1.10_1,Muidumbe,2018,2014.9393,0.0,0.0,0.0
2007,MOZ.1.11_1,Namuno,5982,5973.1312,0.0,0.0,0.0
2007,MOZ.1.12_1,Nangade,2881,2877.2767,0.0,0.0,0.0
2007,MOZ.1.13_1,Palma,3526,3522.4867,0.0,0.0,0.0
2007,MOZ.1.14_1,Pemba,1692,1691.1708,661.0,0.39066193853427894,0.39085348956524785
2007,MOZ.1.15_1,Quissanga,1675,1679.0074,0.0,0.0,0.0
2007,MOZ.2.1_1,Bilene,2162,2163.0664,908.0,0.4199814986123959,0.419774451881134
2007,MOZ.2.2_1,Chibuto,5614,5607.7882,337.0,0.06002850017812612,0.060094994333352296
2007,MOZ.2.3_1,Chicualacuala,18112,18092.3523,26.0,0.001435512367491166,0.001437071288411651
2007,MOZ.2.4_1,Chigubo,15000,14995.8184,0.0,0.0,0.0
2007,MOZ.2.5_1,Chókwè,2440,2444.1617,1078.0,0.4418032786885246,0.44105101024925736
2007,MOZ.2.6_1,Guijá,4207,4202.4869,77.0,0.018302828618968387,0.018322484331188594
2007,MOZ.2.7_1,Mabalane,8937,8948.3005,0.0,0.0,0.0
2007,MOZ.2.8_1,Mandlakazi,3688,3693.0919,166.0,0.045010845986984814,0.04494878713340954
2007,MOZ.2.9_1,Massangena,7598,7603.3051,0.0,0.0,0.0
2007,MOZ.2.10_1,Massingir,5675,5683.9995,94.0,0.01656387665198238,0.016537651103251682
2007,MOZ.2.11_1,Xai-Xai,2027,2024.7886,2393.0,1.1805624074987666,1.1818517597502838
2007,MOZ.3.1_1,Funhalouro,13548,13537.0113,33.0,0.002435783879539415,0.0024377611298036033
2007,MOZ.3.2_1,Govuro,3994,3997.747,351.0,0.08788182273410115,0.08779945220646365
2007,MOZ.3.3_1,Homoine,2187,2202.4336,652.0,0.2981252857796068,0.29603616742018146
2007,MOZ.3.4_1,Inharrime,2769,2770.6697,166.0,0.05994944023113037,0.059913312949097436
2007,MOZ.3.5_1,Inhassoro,4734,4729.6457,1593.0,0.3365019011406844,0.33681170092445195
2007,MOZ.3.6_1,Jangamo,1488,1484.8836,703.0,0.4724462365591398,0.4734377843946434
2007,MOZ.3.7_1,Mabote,15284,15279.1057,0.0,0.0,0.0
2007,MOZ.3.8_1,Massinga,7445,7448.4008,383.0,0.05144392209536602,0.05142043376562926
2007,MOZ.3.9_1,Morrumbene,2602,2599.4672,314.0,0.12067640276710223,0.12079398287484003
2007,MOZ.3.10_1,Panda,6840,6831.0558,0.0,0.0,0.0
2007,MOZ.3.11_1,Vilanculos,5818,5813.4347,264.0,0.04537641801306291,0.04541205238532428
2007,MOZ.3.12_1,Zavala,2016,2014.459,80.0,0.03968253968253968,0.039712894656366175
2007,MOZ.4.1_1,Barue,5836,5830.8923,137.0,0.02347498286497601,0.023495546136357355
2007,MOZ.4.2_1,Gondola,5940,5937.2415,2018.0,0.3397306397306397,0.33988848414749767
2007,MOZ.4.3_1,Guro,6937,6935.2207,0.0,0.0,0.0
2007,MOZ.4.4_1,Machaze,13260,13263.2546,0.0,0.0,0.0
2007,MOZ.4.5_1,Macossa,9584,9573.5794,0.0,0.0,0.0
2007,MOZ.4.6_1,Manica,4441,4436.6048,649.0,0.1461382571492907,0.14628303212291732
2007,MOZ.4.7_1,Mossurize,5062,5058.9724,0.0,0.0,0.0
2007,MOZ.4.8_1,Sussundenga,7142,7148.8821,163.0,0.022822738728647436,0.02280076782133911
2007,MOZ.4.9_1,Tambara,4311,4319.7613,0.0,0.0,0.0
2007,MOZ.6.1_1,Boane,833,829.5281,4539.0,5.448979591836735,5.471785998851756
2007,MOZ.6.2_1,Magude,6943,6945.6062,180.0,0.02592539248163618,0.02591566449783747
2007,MOZ.6.3_1,Manhiça,2369,2368.3669,973.0,0.4107218235542423,0.4108316074674558
2007,MOZ.6.4_1,Marracuene,693,689.3484,865.0,1.2481962481962483,1.2548081394321655
2007,MOZ.6.5_1,Matutuíne,5359,5371.4282,218.0,0.040679231199850716,0.04058510887350935
2007,MOZ.6.6_1,Moamba,4542,4550.2827,530.0,0.11668868339938353,0.11647628072555527
2007,MOZ.6.7_1,Namaacha,2162,2148.9072,638.0,0.29509713228492135,0.2968950955784535
2007,MOZ.5.1_1,Boane,165,167.9631,2258.0,13.684848484848485,13.443426301016718
2007,MOZ.5.2_1,Maputo,538,533.6154,13657.0,25.38475836431227,25.59333844083765
2007,MOZ.7.1_1,Angoche,3001,2995.9876,219.0,0.07297567477507498,0.07309776556752104
2007,MOZ.7.2_1,Erati,2706,2710.6135,0.0,0.0,0.0
2007,MOZ.7.3_1,Lalaua,4552,4540.6629,0.0,0.0,0.0
2007,MOZ.7.4_1,Malema,6044,6037.5257,78.0,0.012905360688285903,0.012919199588738852
2007,MOZ.7.5_1,Meconta,3695,3689.5498,242.0,0.06549391069012178,0.06559065791188459
2007,MOZ.7.6_1,Mecuburi,7189,7191.5197,0.0,0.0,0.0
2007,MOZ.7.7_1,Memba,3662,3655.7691,0.0,0.0,0.0
2007,MOZ.7.8_1,Mogovolas,4714,4715.0466,82.0,0.017394993635977938,0.017391132593925693
2007,MOZ.7.9_1,Moma,5773,5780.199,435.0,0.07535077082972458,0.07525692471540711
2007,MOZ.7.10_1,Monapo,3531,3529.0805,458.0,0.129708297932597,0.1297788468833087
2007,MOZ.7.11_1,Mongincual,4369,4376.4091,0.0,0.0,0.0
2007,MOZ.7.12_1,Mossuril,3532,3536.1004,71.0,0.020101925254813136,0.020078615299318894
2007,MOZ.7.13_1,Muecate,4090,4086.3671,14.0,0.0034229828850855745,0.0034260260340573715
2007,MOZ.7.14_1,Murrupula,3089,3088.6505,0.0,0.0,0.0
2007,MOZ.7.15_1,Nacala Velha,1437,1443.7967,1332.0,0.9269311064718163,0.922567547600348
2007,MOZ.7.16_1,Namapa,6508,6516.2117,0.0,0.0,0.0
2007,MOZ.7.17_1,Nampula,4003,4000.626,2568.0,0.6415188608543593,0.6418995441054836
2007,MOZ.7.18_1,Ribaue,6254,6269.8324,110.0,0.017588743204349215,0.01754432870876362
2007,MOZ.8.1_1,Cuamba,5350,5353.3997,304.0,0.05682242990654206,0.05678634419564544
2007,MOZ.8.2_1,Lago,12284,12293.6026,29.0,0.0023607945294692283,0.0023589505000512546
2007,MOZ.8.3_1,Lichinga,6759,6759.4321,625.0,0.09246930019233615,0.09246338858518383
2007,MOZ.8.4_1,Majune,11323,11335.6173,0.0,0.0,0.0
2007,MOZ.8.5_1,Mandimba,3165,3155.5137,0.0,0.0,0.0
2007,MOZ.8.6_1,Marrupa,17482,17480.3507,10.0,0.0005720169317011784,0.0005720709030375372
2007,MOZ.8.7_1,Maúa,8103,8100.1574,0.0,0.0,0.0
2007,MOZ.8.8_1,Mavago,9086,9077.586,0.0,0.0,0.0
2007,MOZ.8.9_1,Mecanhelas,6589,6599.9521,68.0,0.010320230687509485,0.010303105033150732
2007,MOZ.8.10_1,Mecula,18047,18046.476,0.0,0.0,0.0
2007,MOZ.8.11_1,Metarica,4865,4850.8923,0.0,0.0,0.0
2007,MOZ.8.12_1,Muembe,5833,5831.8015,0.0,0.0,0.0
2007,MOZ.8.13_1,N'gauma,2995,2995.7859,0.0,0.0,0.0
2007,MOZ.8.14_1,Nipepe,4989,4994.2774,0.0,0.0,0.0
2007,MOZ.8.15_1,Sanga,12365,12363.2882,0.0,0.0,0.0
2007,MOZ.9.1_1,Buzi,7482,7481.6756,815.0,0.10892809409248864,0.10893281687964683
2007,MOZ.9.2_1,Caia,3510,3507.0462,259.0,0.0737891737891738,0.07385132162509511
2007,MOZ.9.3_1,Chemba,3984,3983.8933,0.0,0.0,0.0
2007,MOZ.9.4_1,Cheringoma,7171,7174.2611,0.0,0.0,0.0
2007,MOZ.9.5_1,Chibabava,6767,6768.7895,0.0,0.0,0.0
2007,MOZ.9.6_1,Dondo,2984,2991.2235,5173.0,1.7335790884718498,1.7293926541347908
2007,MOZ.9.7_1,Gorongosa,6752,6757.2519,152.0,0.022511848341232227,0.022494351582180414
2007,MOZ.9.8_1,Machanga,5714,5722.3008,32.0,0.0056002800140007,0.005592156227746067
2007,MOZ.9.9_1,Maringue,6176,6181.6455,0.0,0.0,0.0
2007,MOZ.9.10_1,Marromeu,5972,5967.5985,167.0,0.02796383121232418,0.02798445650221435
2007,MOZ.9.11_1,Muanza,7528,7520.2983,0.0,0.0,0.0
2007,MOZ.9.12_1,Nhamatanda,4020,4016.3144,154.0,0.038308457711442784,0.03834361206255116
2007,MOZ.10.1_1,Angónia,3290,3289.6984,159.0,0.048328267477203646,0.04833269775751607
2007,MOZ.10.2_1,Cahora Bassa,8880,8872.9951,1372.0,0.1545045045045045,0.15462647995722062
2007,MOZ.10.3_1,Changara,9132,9136.5315,1631.0,0.17860271572492334,0.17851413243766465
2007,MOZ.10.4_1,Chifunde,9416,9410.3701,0.0,0.0,0.0
2007,MOZ.10.5_1,Chiuta,6695,6699.1028,0.0,0.0,0.0
2007,MOZ.10.6_1,Macanga,7200,7187.6956,0.0,0.0,0.0
2007,MOZ.10.7_1,Magoe,8608,8620.3958,0.0,0.0,0.0
2007,MOZ.10.8_1,Maravia,16892,16893.7605,41.0,0.0024271844660194173,0.002426931532736099
2007,MOZ.10.9_1,Moatize,8888,8885.0823,332.0,0.03735373537353735,0.03736600173375449
2007,MOZ.10.10_1,Mutarara,6379,6378.5717,47.0,0.007367926007211162,0.0073684207211863195
2007,MOZ.10.11_1,Tsangano,3629,3624.3899,0.0,0.0,0.0
2007,MOZ.10.12_1,Zumbu,11964,11971.0275,0.0,0.0,0.0
2007,MOZ.11.1_1,Alto Molocue,6315,6309.8954,201.0,0.031828978622327794,0.0318547276671774
2007,MOZ.11.2_1,Chinde,4123,4118.286,28.0,0.006791171477079796,0.006798944997652867
2007,MOZ.11.3_1,Gile,8975,8970.9551,0.0,0.0,0.0
2007,MOZ.11.4_1,Gurue,5636,5647.1391,93.0,0.016501064584811924,0.016468515929627493
2007,MOZ.11.5_1,Ile,5645,5651.6473,0.0,0.0,0.0
2007,MOZ.11.6_1,Inhassunge,764,763.9807,254.0,0.3324607329842932,0.3324691446785131
2007,MOZ.11.7_1,Lugela,6138,6131.5277,54.0,0.008797653958944282,0.008806940500739479
2007,MOZ.11.8_1,Maganja da Costa,7671,7673.5545,0.0,0.0,0.0
2007,MOZ.11.9_1,Milange,9792,9782.3032,127.0,0.012969771241830066,0.01298262760476442
2007,MOZ.11.10_1,Mocuba,8769,8769.0015,491.0,0.05599270156232181,0.05599269202751768
2007,MOZ.11.11_1,Mopeia,7621,7619.7906,78.0,0.010234877312688623,0.01023650173434375
2007,MOZ.11.12_1,Morrumbala,12880,12880.5037,128.0,0.009937888198757764,0.009937499593003782
2007,MOZ.11.13_1,Namacurra,2036,2035.9376,0.0,0.0,0.0
2007,MOZ.11.14_1,Namarroi,3057,3062.8738,0.0,0.0,0.0
2007,MOZ.11.15_1,Nicoadala,3479,3486.7693,1200.0,0.3449267030755964,0.34415813014363233
2007,MOZ.11.16_1,Pebane,10059,10061.99,0.0,0.0,0.0
2008,MOZ.1.1_1,Ancuabe,6256,6255.9618,0.0,0.0,0.0
2008,MOZ.1.2_1,Balama,5466,5468.3962,0.0,0.0,0.0
2008,MOZ.1.3_1,Chiúre,4742,4737.7771,0.0,0.0,0.0
2008,MOZ.1.4_1,Macomia,4799,4795.9992,0.0,0.0,0.0
2008,MOZ.1.5_1,Mecufi,512,514.5056,0.0,0.0,0.0
2008,MOZ.1.6_1,Meluco,5725,5726.2891,0.0,0.0,0.0
2008,MOZ.1.7_1,Mocimboa da Praia,3456,3464.342,82.0,0.023726851851851853,0.02366971840529098
2008,MOZ.1.8_1,Montepuez,17757,17758.3815,182.0,0.010249479078673199,0.010248681730144805
2008,MOZ.1.9_1,Mueda,11284,11294.0996,0.0,0.0,0.0
2008,MOZ.1.10_1,Muidumbe,2018,2014.9393,0.0,0.0,0.0
2008,MOZ.1.11_1,Namuno,5982,5973.1312,0.0,0.0,0.0
2008,MOZ.1.12_1,Nangade,2881,2877.2767,0.0,0.0,0.0
2008,MOZ.1.13_1,Palma,3526,3522.4867,0.0,0.0,0.0
2008,MOZ.1.14_1,Pemba,1692,1691.1708,702.0,0.4148936170212766,0.41509704943238124
2008,MOZ.1.15_1,Quissanga,1675,1679.0074,0.0,0.0,0.0
2008,MOZ.2.1_1,Bilene,2162,2163.0664,1017.0,0.4703977798334875,0.4701658783734728
2008,MOZ.2.2_1,Chibuto,5614,5607.7882,366.0,0.06519415746348414,0.06526637366767638
2008,MOZ.2.3_1,Chicualacuala,18112,18092.3523,33.0,0.0018219964664310953,0.0018239750968301724
2008,MOZ.2.4_1,Chigubo,15000,14995.8184,0.0,0.0,0.0
2008,MOZ.2.5_1,Chókwè,2440,2444.1617,1159.0,0.475,0.47419120675221643
2008,MOZ.2.6_1,Guijá,4207,4202.4869,92.0,0.021868314713572617,0.021891799460640918
2008,MOZ.2.7_1,Mabalane,8937,8948.3005,0.0,0.0,0.0
2008,MOZ.2.8_1,Mandlakazi,3688,3693.0919,215.0,0.058297180043383946,0.0582168026125485
2008,MOZ.2.9_1,Massangena,7598,7603.3051,0.0,0.0,0.0
2008,MOZ.2.10_1,Massingir,5675,5683.9995,91.0,0.0160352422907489,0.01600985372761599
2008,MOZ.2.11_1,Xai-Xai,2027,2024.7886,2571.0,1.268376911692156,1.2697621706301627
2008,MOZ.3.1_1,Funhalouro,13548,13537.0113,0.0,0.0,0.0
2008,MOZ.3.2_1,Govuro,3994,3997.747,289.0,0.07235853780671006,0.07229071705888318
2008,MOZ.3.3_1,Homoine,2187,2202.4336,705.0,0.3223593964334705,0.32010045710311036
2008,MOZ.3.4_1,Inharrime,2769,2770.6697,183.0,0.06608884073672806,0.06604901367280018
2008,MOZ.3.5_1,Inhassoro,4734,4729.6457,1500.0,0.31685678073510776,0.31714849427914493
2008,MOZ.3.6_1,Jangamo,1488,1484.8836,761.0,0.5114247311827957,0.5124980852408587
2008,MOZ.3.7_1,Mabote,15284,15279.1057,0.0,0.0,0.0
2008,MOZ.3.8_1,Massinga,7445,7448.4008,632.0,0.08488918737407657,0.08485042856364933
2008,MOZ.3.9_1,Morrumbene,2602,2599.4672,477.0,0.18332052267486548,0.18349913959012323
2008,MOZ.3.10_1,Panda,6840,6831.0558,0.0,0.0,0.0
2008,MOZ.3.11_1,Vilanculos,5818,5813.4347,287.0,0.04932966655207975,0.04936840543404571
2008,MOZ.3.12_1,Zavala,2016,2014.459,116.0,0.057539682539682536,0.05758369725173095
2008,MOZ.4.1_1,Barue,5836,5830.8923,258.0,0.04420836189170665,0.04424708688452699
2008,MOZ.4.2_1,Gondola,5940,5937.2415,2209.0,0.3718855218855219,0.3720583059870279
2008,MOZ.4.3_1,Guro,6937,6935.2207,0.0,0.0,0.0
2008,MOZ.4.4_1,Machaze,13260,13263.2546,0.0,0.0,0.0
2008,MOZ.4.5_1,Macossa,9584,9573.5794,0.0,0.0,0.0
2008,MOZ.4.6_1,Manica,4441,4436.6048,764.0,0.17203332582751632,0.17220375430186263
2008,MOZ.4.7_1,Mossurize,5062,5058.9724,0.0,0.0,0.0
2008,MOZ.4.8_1,Sussundenga,7142,7148.8821,354.0,0.04956594791374965,0.04951823195554629
2008,MOZ.4.9_1,Tambara,4311,4319.7613,0.0,0.0,0.0
2008,MOZ.6.1_1,Boane,833,829.5281,4814.0,5.779111644657863,5.803299801381879
2008,MOZ.6.2_1,Magude,6943,6945.6062,210.0,0.030246291228575545,0.030234941914143713
2008,MOZ.6.3_1,Manhiça,2369,2368.3669,1153.0,0.4867032503165893,0.4868333436895956
2008,MOZ.6.4_1,Marracuene,693,689.3484,1032.0,1.4891774891774892,1.4970658958312077
2008,MOZ.6.5_1,Matutuíne,5359,5371.4282,244.0,0.04553088262735585,0.04542553470246001
2008,MOZ.6.6_1,Moamba,4542,4550.2827,536.0,0.11800968736239542,0.11779488012999552
2008,MOZ.6.7_1,Namaacha,2162,2148.9072,618.0,0.2858464384828862,0.2875880392907277
2008,MOZ.5.1_1,Boane,165,167.9631,2388.0,14.472727272727273,14.217405671757271
2008,MOZ.5.2_1,Maputo,538,533.6154,14172.0,26.34200743494424,26.558452982613396
2008,MOZ.7.1_1,Angoche,3001,2995.9876,230.0,0.07664111962679107,0.07676934283346959
2008,MOZ.7.2_1,Erati,2706,2710.6135,0.0,0.0,0.0
2008,MOZ.7.3_1,Lalaua,4552,4540.6629,0.0,0.0,0.0
2008,MOZ.7.4_1,Malema,6044,6037.5257,94.0,0.015552614162806089,0.015569291812069898
2008,MOZ.7.5_1,Meconta,3695,3689.5498,261.0,0.07063599458728011,0.07074033766529701
2008,MOZ.7.6_1,Mecuburi,7189,7191.5197,0.0,0.0,0.0
2008,MOZ.7.7_1,Memba,3662,3655.7691,0.0,0.0,0.0
2008,MOZ.7.8_1,Mogovolas,4714,4715.0466,79.0,0.01675859142978362,0.016754871645367438
2008,MOZ.7.9_1,Moma,5773,5780.199,419.0,0.07257924822449333,0.0724888539212772
2008,MOZ.7.10_1,Monapo,3531,3529.0805,469.0,0.1328235627301048,0.13289580608792964
2008,MOZ.7.11_1,Mongincual,4369,4376.4091,0.0,0.0,0.0
2008,MOZ.7.12_1,Mossuril,3532,3536.1004,50.0,0.014156285390713477,0.014139869929097812
2008,MOZ.7.13_1,Muecate,4090,4086.3671,0.0,0.0,0.0
2008,MOZ.7.14_1,Murrupula,3089,3088.6505,0.0,0.0,0.0
2008,MOZ.7.15_1,Nacala Velha,1437,1443.7967,1402.0,0.9756437021572721,0.9710508271288948
2008,MOZ.7.16_1,Namapa,6508,6516.2117,0.0,0.0,0.0
2008,MOZ.7.17_1,Nampula,4003,4000.626,2721.0,0.6797401948538596,0.6801435589996188
2008,MOZ.7.18_1,Ribaue,6254,6269.8324,141.0,0.022545570834665813,0.02248863952668791
2008,MOZ.8.1_1,Cuamba,5350,5353.3997,320.0,0.059813084112149535,0.05977509915331099
2008,MOZ.8.2_1,Lago,12284,12293.6026,92.0,0.007489417127971344,0.007483567103610877
2008,MOZ.8.3_1,Lichinga,6759,6759.4321,684.0,0.10119840213049268,0.10119193246762517
2008,MOZ.8.4_1,Majune,11323,11335.6173,0.0,0.0,0.0
2008,MOZ.8.5_1,Mandimba,3165,3155.5137,0.0,0.0,0.0
2008,MOZ.8.6_1,Marrupa,17482,17480.3507,0.0,0.0,0.0
2008,MOZ.8.7_1,Maúa,8103,8100.1574,0.0,0.0,0.0
2008,MOZ.8.8_1,Mavago,9086,9077.586,0.0,0.0,0.0
2008,MOZ.8.9_1,Mecanhelas,6589,6599.9521,67.0,0.010168462589163757,0.010151588782663222
2008,MOZ.8.10_1,Mecula,18047,18046.476,0.0,0.0,0.0
2008,MOZ.8.11_1,Metarica,4865,4850.8923,0.0,0.0,0.0
2008,MOZ.8.12_1,Muembe,5833,5831.8015,0.0,0.0,0.0
2008,MOZ.8.13_1,N'gauma,2995,2995.7859,0.0,0.0,0.0
2008,MOZ.8.14_1,Nipepe,4989,4994.2774,0.0,0.0,0.0
2008,MOZ.8.15_1,Sanga,12365,12363.2882,0.0,0.0,0.0
2008,MOZ.9.1_1,Buzi,7482,7481.6756,836.0,0.11173483025928896,0.11173967473789541
2008,MOZ.9.2_1,Caia,3510,3507.0462,346.0,0.09857549857549858,0.09865852232541664
2008,MOZ.9.3_1,Chemba,3984,3983.8933,0.0,0.0,0.0
2008,MOZ.9.4_1,Cheringoma,7171,7174.2611,34.0,0.004741319202342769,0.0047391640170827655
2008,MOZ.9.5_1,Chibabava,6767,6768.7895,0.0,0.0,0.0
2008,MOZ.9.6_1,Dondo,2984,2991.2235,5438.0,1.8223860589812333,1.8179851639638493
2008,MOZ.9.7_1,Gorongosa,6752,6757.2519,152.0,0.022511848341232227,0.022494351582180414
2008,MOZ.9.8_1,Machanga,5714,5722.3008,0.0,0.0,0.0
2008,MOZ.9.9_1,Maringue,6176,6181.6455,0.0,0.0,0.0
2008,MOZ.9.10_1,Marromeu,5972,5967.5985,170.0,0.028466175485599463,0.02848717128967928
2008,MOZ.9.11_1,Muanza,7528,7520.2983,0.0,0.0,0.0
2008,MOZ.9.12_1,Nhamatanda,4020,4016.3144,173.0,0.04303482587064677,0.043074317446891885
2008,MOZ.10.1_1,Angónia,3290,3289.6984,170.0,0.05167173252279635,0.05167646930048888
2008,MOZ.10.2_1,Cahora Bassa,8880,8872.9951,1304.0,0.14684684684684685,0.14696277686896186
2008,MOZ.10.3_1,Changara,9132,9136.5315,1799.0,0.19699956197985108,0.19690185423381895
2008,MOZ.10.4_1,Chifunde,9416,9410.3701,0.0,0.0,0.0
2008,MOZ.10.5_1,Chiuta,6695,6699.1028,0.0,0.0,0.0
2008,MOZ.10.6_1,Macanga,7200,7187.6956,0.0,0.0,0.0
2008,MOZ.10.7_1,Magoe,8608,8620.3958,0.0,0.0,0.0
2008,MOZ.10.8_1,Maravia,16892,16893.7605,41.0,0.0024271844660194173,0.002426931532736099
2008,MOZ.10.9_1,Moatize,8888,8885.0823,373.0,0.041966696669666965,0.04198047785147718
2008,MOZ.10.10_1,Mutarara,6379,6378.5717,67.0,0.01050321366985421,0.01050391890041454
2008,MOZ.10.11_1,Tsangano,3629,3624.3899,0.0,0.0,0.0
2008,MOZ.10.12_1,Zumbu,11964,11971.0275,1.0,8.358408559010364e-05,8.353501833005241e-05
2008,MOZ.11.1_1,Alto Molocue,6315,6309.8954,271.0,0.04291369754552653,0.04294841391942824
2008,MOZ.11.2_1,Chinde,4123,4118.286,28.0,0.006791171477079796,0.006798944997652867
2008,MOZ.11.3_1,Gile,8975,8970.9551,0.0,0.0,0.0
2008,MOZ.11.4_1,Gurue,5636,5647.1391,107.0,0.018985095812633072,0.018947647359893998
2008,MOZ.11.5_1,Ile,5645,5651.6473,23.0,0.004074402125775022,0.004069609949229728
2008,MOZ.11.6_1,Inhassunge,764,763.9807,257.0,0.33638743455497383,0.3363959455999128
2008,MOZ.11.7_1,Lugela,6138,6131.5277,54.0,0.008797653958944282,0.008806940500739479
2008,MOZ.11.8_1,Maganja da Costa,7671,7673.5545,0.0,0.0,0.0
2008,MOZ.11.9_1,Milange,9792,9782.3032,197.0,0.020118464052287583,0.020138406599516462
2008,MOZ.11.10_1,Mocuba,8769,8769.0015,554.0,0.0631771011517847,0.06317709039357391
2008,MOZ.11.11_1,Mopeia,7621,7619.7906,71.0,0.009316362682062722,0.009317841322287258
2008,MOZ.11.12_1,Morrumbala,12880,12880.5037,212.0,0.016459627329192546,0.016458983700912512
2008,MOZ.11.13_1,Namacurra,2036,2035.9376,0.0,0.0,0.0
2008,MOZ.11.14_1,Namarroi,3057,3062.8738,0.0,0.0,0.0
2008,MOZ.11.15_1,Nicoadala,3479,3486.7693,1316.0,0.3782696177062374,0.37742674939085014
2008,MOZ.11.16_1,Pebane,10059,10061.99,34.0,0.003380057659807138,0.003379053250760822
2009,MOZ.1.1_1,Ancuabe,6256,6255.9618,54.0,0.008631713554987212,0.008631766250652614
2009,MOZ.1.2_1,Balama,5466,5468.3962,0.0,0.0,0.0
2009,MOZ.1.3_1,Chiúre,4742,4737.7771,0.0,0.0,0.0
2009,MOZ.1.4_1,Macomia,4799,4795.9992,0.0,0.0,0.0
2009,MOZ.1.5_1,Mecufi,512,514.5056,0.0,0.0,0.0
2009,MOZ.1.6_1,Meluco,5725,5726.2891,0.0,0.0,0.0
2009,MOZ.1.7_1,Mocimboa da Praia,3456,3464.342,88.0,0.02546296296296296,0.025401649020312275
2009,MOZ.1.8_1,Montepuez,17757,17758.3815,210.0,0.011826322013853691,0.01182540199632093
2009,MOZ.1.9_1,Mueda,11284,11294.0996,0.0,0.0,0.0
2009,MOZ.1.10_1,Muidumbe,2018,2014.9393,0.0,0.0,0.0
2009,MOZ.1.11_1,Namuno,5982,5973.1312,0.0,0.0,0.0
2009,MOZ.1.12_1,Nangade,2881,2877.2767,0.0,0.0,0.0
2009,MOZ.1.13_1,Palma,3526,3522.4867,0.0,0.0,0.0
2009,MOZ.1.14_1,Pemba,1692,1691.1708,758.0,0.44799054373522457,0.4482102043728561
2009,MOZ.1.15_1,Quissanga,1675,1679.0074,0.0,0.0,0.0
2009,MOZ.2.1_1,Bilene,2162,2163.0664,1297.0,0.5999074930619797,0.5996117445923247
2009,MOZ.2.2_1,Chibuto,5614,5607.7882,446.0,0.0794442465265408,0.07953224769339799
2009,MOZ.2.3_1,Chicualacuala,18112,18092.3523,37.0,0.002042844522968198,0.0020450629873550417
2009,MOZ.2.4_1,Chigubo,15000,14995.8184,0.0,0.0,0.0
2009,MOZ.2.5_1,Chókwè,2440,2444.1617,1460.0,0.5983606557377049,0.5973418135101259
2009,MOZ.2.6_1,Guijá,4207,4202.4869,144.0,0.03422866650820062,0.03426542524274231
2009,MOZ.2.7_1,Mabalane,8937,8948.3005,0.0,0.0,0.0
2009,MOZ.2.8_1,Mandlakazi,3688,3693.0919,372.0,0.10086767895878525,0.10072860731101416
2009,MOZ.2.9_1,Massangena,7598,7603.3051,0.0,0.0,0.0
2009,MOZ.2.10_1,Massingir,5675,5683.9995,107.0,0.018854625550660795,0.018824773064339682
2009,MOZ.2.11_1,Xai-Xai,2027,2024.7886,2901.0,1.4311790823877653,1.4327421458569047
2009,MOZ.3.1_1,Funhalouro,13548,13537.0113,0.0,0.0,0.0
2009,MOZ.3.2_1,Govuro,3994,3997.747,206.0,0.05157736604907361,0.05152902323228351
2009,MOZ.3.3_1,Homoine,2187,2202.4336,1054.0,0.4819387288523091,0.4785615344491891
2009,MOZ.3.4_1,Inharrime,2769,2770.6697,261.0,0.09425785482123511,0.09420105228743633
2009,MOZ.3.5_1,Inhassoro,4734,4729.6457,1469.0,0.31030840726658215,0.3105940920640426
2009,MOZ.3.6_1,Jangamo,1488,1484.8836,1049.0,0.7049731182795699,0.7064526825462033
2009,MOZ.3.7_1,Mabote,15284,15279.1057,8.0,0.0005234231876472127,0.0005235908525241247
2009,MOZ.3.8_1,Massinga,7445,7448.4008,974.0,0.1308260577568838,0.13076632503321906
2009,MOZ.3.9_1,Morrumbene,2602,2599.4672,719.0,0.27632590315142197,0.276595139130605
2009,MOZ.3.10_1,Panda,6840,6831.0558,0.0,0.0,0.0
2009,MOZ.3.11_1,Vilanculos,5818,5813.4347,332.0,0.057064283258851836,0.057109096181544174
2009,MOZ.3.12_1,Zavala,2016,2014.459,173.0,0.08581349206349206,0.08587913469439185
2009,MOZ.4.1_1,Barue,5836,5830.8923,401.0,0.06871144619602468,0.06877163504145474
2009,MOZ.4.2_1,Gondola,5940,5937.2415,2434.0,0.4097643097643098,0.40995469297076775
2009,MOZ.4.3_1,Guro,6937,6935.2207,68.0,0.009802508288885686,0.009805023178525812
2009,MOZ.4.4_1,Machaze,13260,13263.2546,0.0,0.0,0.0
2009,MOZ.4.5_1,Macossa,9584,9573.5794,0.0,0.0,0.0
2009,MOZ.4.6_1,Manica,4441,4436.6048,1097.0,0.24701643773924792,0.2472611498287216
2009,MOZ.4.7_1,Mossurize,5062,5058.9724,44.0,0.00869221651521138,0.008697418445428196
2009,MOZ.4.8_1,Sussundenga,7142,7148.8821,490.0,0.06860823298795855,0.0685421854751912
2009,MOZ.4.9_1,Tambara,4311,4319.7613,0.0,0.0,0.0
2009,MOZ.6.1_1,Boane,833,829.5281,5468.0,6.5642256902761105,6.591699899035338
2009,MOZ.6.2_1,Magude,6943,6945.6062,240.0,0.03456718997551491,0.034554219330449956
2009,MOZ.6.3_1,Manhiça,2369,2368.3669,1469.0,0.6200928661882651,0.620258613946241
2009,MOZ.6.4_1,Marracuene,693,689.3484,1495.0,2.1572871572871573,2.1687146456081936
2009,MOZ.6.5_1,Matutuíne,5359,5371.4282,538.0,0.10039186415376003,0.10015958061444051
2009,MOZ.6.6_1,Moamba,4542,4550.2827,876.0,0.1928665785997358,0.19251551304827627
2009,MOZ.6.7_1,Namaacha,2162,2148.9072,713.0,0.32978723404255317,0.3317965566574253
2009,MOZ.5.1_1,Boane,165,167.9631,2785.0,16.87878787878788,16.581019596249583
2009,MOZ.5.2_1,Maputo,538,533.6154,15135.0,28.13197026022305,28.363123475293094
2009,MOZ.7.1_1,Angoche,3001,2995.9876,259.0,0.08630456514495169,0.08644895562551574
2009,MOZ.7.2_1,Erati,2706,2710.6135,0.0,0.0,0.0
2009,MOZ.7.3_1,Lalaua,4552,4540.6629,0.0,0.0,0.0
2009,MOZ.7.4_1,Malema,6044,6037.5257,95.0,0.0157180675049636,0.015734922576028088
2009,MOZ.7.5_1,Meconta,3695,3689.5498,265.0,0.07171853856562922,0.07182448077127858
2009,MOZ.7.6_1,Mecuburi,7189,7191.5197,0.0,0.0,0.0
2009,MOZ.7.7_1,Memba,3662,3655.7691,0.0,0.0,0.0
2009,MOZ.7.8_1,Mogovolas,4714,4715.0466,99.0,0.02100127280441239,0.020996611302422485
2009,MOZ.7.9_1,Moma,5773,5780.199,567.0,0.09821583232288239,0.09809350876697893
2009,MOZ.7.10_1,Monapo,3531,3529.0805,469.0,0.1328235627301048,0.13289580608792964
2009,MOZ.7.11_1,Mongincual,4369,4376.4091,0.0,0.0,0.0
2009,MOZ.7.12_1,Mossuril,3532,3536.1004,79.0,0.022366930917327294,0.022340994487974546
2009,MOZ.7.13_1,Muecate,4090,4086.3671,0.0,0.0,0.0
2009,MOZ.7.14_1,Murrupula,3089,3088.6505,0.0,0.0,0.0
2009,MOZ.7.15_1,Nacala Velha,1437,1443.7967,1502.0,1.0452331245650661,1.040312655026819
2009,MOZ.7.16_1,Namapa,6508,6516.2117,0.0,0.0,0.0
2009,MOZ.7.17_1,Nampula,4003,4000.626,2925.0,0.7307019735198601,0.7311355788584656
2009,MOZ.7.18_1,Ribaue,6254,6269.8324,162.0,0.025903421810041575,0.025838011371088238
2009,MOZ.8.1_1,Cuamba,5350,5353.3997,422.0,0.0788785046728972,0.07882841200842887
2009,MOZ.8.2_1,Lago,12284,12293.6026,122.0,0.009931618365353305,0.009923860724353554
2009,MOZ.8.3_1,Lichinga,6759,6759.4321,783.0,0.11584553928095873,0.11583813321951829
2009,MOZ.8.4_1,Majune,11323,11335.6173,0.0,0.0,0.0
2009,MOZ.8.5_1,Mandimba,3165,3155.5137,0.0,0.0,0.0
2009,MOZ.8.6_1,Marrupa,17482,17480.3507,0.0,0.0,0.0
2009,MOZ.8.7_1,Maúa,8103,8100.1574,0.0,0.0,0.0
2009,MOZ.8.8_1,Mavago,9086,9077.586,0.0,0.0,0.0
2009,MOZ.8.9_1,Mecanhelas,6589,6599.9521,70.0,0.010623766884200941,0.010606137534125754
2009,MOZ.8.10_1,Mecula,18047,18046.476,0.0,0.0,0.0
2009,MOZ.8.11_1,Metarica,4865,4850.8923,0.0,0.0,0.0
2009,MOZ.8.12_1,Muembe,5833,5831.8015,0.0,0.0,0.0
2009,MOZ.8.13_1,N'gauma,2995,2995.7859,0.0,0.0,0.0
2009,MOZ.8.14_1,Nipepe,4989,4994.2774,0.0,0.0,0.0
2009,MOZ.8.15_1,Sanga,12365,12363.2882,0.0,0.0,0.0
2009,MOZ.9.1_1,Buzi,7482,7481.6756,983.0,0.1313819834268912,0.1313876797456354
2009,MOZ.9.2_1,Caia,3510,3507.0462,395.0,0.11253561253561253,0.11263039398421841
2009,MOZ.9.3_1,Chemba,3984,3983.8933,0.0,0.0,0.0
2009,MOZ.9.4_1,Cheringoma,7171,7174.2611,103.0,0.014363408171803095,0.01435687922822132
2009,MOZ.9.5_1,Chibabava,6767,6768.7895,45.0,0.006649918723215605,0.006648160658668489
2009,MOZ.9.6_1,Dondo,2984,2991.2235,5964.0,1.9986595174262736,1.9938329381905844
2009,MOZ.9.7_1,Gorongosa,6752,6757.2519,155.0,0.02295616113744076,0.022938319047618186
2009,MOZ.9.8_1,Machanga,5714,5722.3008,19.0,0.003325166258312916,0.0033203427602242273
2009,MOZ.9.9_1,Maringue,6176,6181.6455,0.0,0.0,0.0
2009,MOZ.9.10_1,Marromeu,5972,5967.5985,217.0,0.03633623576691226,0.03636303629329649
2009,MOZ.9.11_1,Muanza,7528,7520.2983,0.0,0.0,0.0
2009,MOZ.9.12_1,Nhamatanda,4020,4016.3144,204.0,0.050746268656716415,0.05079283675818465
2009,MOZ.10.1_1,Angónia,3290,3289.6984,191.0,0.05805471124620061,0.05806003315525515
2009,MOZ.10.2_1,Cahora Bassa,8880,8872.9951,1371.0,0.1543918918918919,0.1545137784412168
2009,MOZ.10.3_1,Changara,9132,9136.5315,2077.0,0.2274419623302672,0.22732915577745522
2009,MOZ.10.4_1,Chifunde,9416,9410.3701,0.0,0.0,0.0
2009,MOZ.10.5_1,Chiuta,6695,6699.1028,0.0,0.0,0.0
2009,MOZ.10.6_1,Macanga,7200,7187.6956,0.0,0.0,0.0
2009,MOZ.10.7_1,Magoe,8608,8620.3958,5.0,0.0005808550185873606,0.0005800197743187904
2009,MOZ.10.8_1,Maravia,16892,16893.7605,45.0,0.002663982950509117,0.0026637053408079137
2009,MOZ.10.9_1,Moatize,8888,8885.0823,670.0,0.07538253825382538,0.0754072926554684
2009,MOZ.10.10_1,Mutarara,6379,6378.5717,73.0,0.011443799968647124,0.011444568354183006
2009,MOZ.10.11_1,Tsangano,3629,3624.3899,0.0,0.0,0.0
2009,MOZ.10.12_1,Zumbu,11964,11971.0275,3.0,0.00025075225677031093,0.0002506050549901572
2009,MOZ.11.1_1,Alto Molocue,6315,6309.8954,289.0,0.045764053840063344,0.045801076098578454
2009,MOZ.11.2_1,Chinde,4123,4118.286,40.0,0.009701673538685424,0.009712778568075524
2009,MOZ.11.3_1,Gile,8975,8970.9551,0.0,0.0,0.0
2009,MOZ.11.4_1,Gurue,5636,5647.1391,109.0,0.019339957416607524,0.019301808992789212
2009,MOZ.11.5_1,Ile,5645,5651.6473,47.0,0.008325952170062002,0.008316159461469444
2009,MOZ.11.6_1,Inhassunge,764,763.9807,265.0,0.3468586387434555,0.3468674147236455
2009,MOZ.11.7_1,Lugela,6138,6131.5277,54.0,0.008797653958944282,0.008806940500739479
2009,MOZ.11.8_1,Maganja da Costa,7671,7673.5545,0.0,0.0,0.0
2009,MOZ.11.9_1,Milange,9792,9782.3032,260.0,0.026552287581699346,0.0265786076947933
2009,MOZ.11.10_1,Mocuba,8769,8769.0015,700.0,0.07982666210514312,0.079826648511736
2009,MOZ.11.11_1,Mopeia,7621,7619.7906,70.0,0.009185146306259022,0.009186604120564903
2009,MOZ.11.12_1,Morrumbala,12880,12880.5037,211.0,0.016381987577639753,0.01638134698534217
2009,MOZ.11.13_1,Namacurra,2036,2035.9376,0.0,0.0,0.0
2009,MOZ.11.14_1,Namarroi,3057,3062.8738,0.0,0.0,0.0
2009,MOZ.11.15_1,Nicoadala,3479,3486.7693,1525.0,0.4383443518252371,0.4373676237241994
2009,MOZ.11.16_1,Pebane,10059,10061.99,43.0,0.0042747788050502035,0.004273508523021039
2010,MOZ.1.1_1,Ancuabe,6256,6255.9618,190.0,0.03037084398976982,0.030371029400444383
2010,MOZ.1.2_1,Balama,5466,5468.3962,0.0,0.0,0.0
2010,MOZ.1.3_1,Chiúre,4742,4737.7771,0.0,0.0,0.0
2010,MOZ.1.4_1,Macomia,4799,4795.9992,0.0,0.0,0.0
2010,MOZ.1.5_1,Mecufi,512,514.5056,10.0,0.01953125,0.019436134447447233
2010,MOZ.1.6_1,Meluco,5725,5726.2891,0.0,0.0,0.0
2010,MOZ.1.7_1,Mocimboa da Praia,3456,3464.342,148.0,0.04282407407407408,0.04272095517052519
2010,MOZ.1.8_1,Montepuez,17757,17758.3815,370.0,0.02083685307202793,0.02083523208875592
2010,MOZ.1.9_1,Mueda,11284,11294.0996,16.0,0.0014179369018078695,0.0014166689316746606
2010,MOZ.1.10_1,Muidumbe,2018,2014.9393,0.0,0.0,0.0
2010,MOZ.1.11_1,Namuno,5982,5973.1312,0.0,0.0,0.0
2010,MOZ.1.12_1,Nangade,2881,2877.2767,0.0,0.0,0.0
2010,MOZ.1.13_1,Palma,3526,3522.4867,0.0,0.0,0.0
2010,MOZ.1.14_1,Pemba,1692,1691.1708,976.0,0.5768321513002365,0.5771149861054189
2010,MOZ.1.15_1,Quissanga,1675,1679.0074,0.0,0.0,0.0
2010,MOZ.2.1_1,Bilene,2162,2163.0664,1511.0,0.6988899167437558,0.6985453709167329
2010,MOZ.2.2_1,Chibuto,5614,5607.7882,638.0,0.11364446027787674,0.11377034535512986
2010,MOZ.2.3_1,Chicualacuala,18112,18092.3523,151.0,0.008337014134275619,0.008346067867313818
2010,MOZ.2.4_1,Chigubo,15000,14995.8184,0.0,0.0,0.0
2010,MOZ.2.5_1,Chókwè,2440,2444.1617,1809.0,0.7413934426229508,0.7401310552327519
2010,MOZ.2.6_1,Guijá,4207,4202.4869,265.0,0.06299025433800808,0.06305790062032439
2010,MOZ.2.7_1,Mabalane,8937,8948.3005,89.0,0.009958599082466152,0.009946022696054935
2010,MOZ.2.8_1,Mandlakazi,3688,3693.0919,526.0,0.14262472885032537,0.14242808453116518
2010,MOZ.2.9_1,Massangena,7598,7603.3051,0.0,0.0,0.0
2010,MOZ.2.10_1,Massingir,5675,5683.9995,125.0,0.022026431718061675,0.021991557318153835
2010,MOZ.2.11_1,Xai-Xai,2027,2024.7886,3375.0,1.665022200296004,1.6668406557280433
2010,MOZ.3.1_1,Funhalouro,13548,13537.0113,65.0,0.0047977561263655155,0.004801650710219219
2010,MOZ.3.2_1,Govuro,3994,3997.747,40.0,0.010015022533800702,0.010005635579084177
2010,MOZ.3.3_1,Homoine,2187,2202.4336,1206.0,0.551440329218107,0.5475761010870228
2010,MOZ.3.4_1,Inharrime,2769,2770.6697,338.0,0.12206572769953052,0.12199216733008997
2010,MOZ.3.5_1,Inhassoro,4734,4729.6457,1491.0,0.3149556400506971,0.31524560331347007
2010,MOZ.3.6_1,Jangamo,1488,1484.8836,1367.0,0.9186827956989247,0.9206108837375214
2010,MOZ.3.7_1,Mabote,15284,15279.1057,13.0,0.0008505626799267207,0.0008508351353517027
2010,MOZ.3.8_1,Massinga,7445,7448.4008,938.0,0.12599059771658833,0.12593307277326435
2010,MOZ.3.9_1,Morrumbene,2602,2599.4672,792.0,0.30438124519600307,0.3046778166779404
2010,MOZ.3.10_1,Panda,6840,6831.0558,0.0,0.0,0.0
2010,MOZ.3.11_1,Vilanculos,5818,5813.4347,498.0,0.08559642488827776,0.08566364427231626
2010,MOZ.3.12_1,Zavala,2016,2014.459,196.0,0.09722222222222222,0.09729659190809713
2010,MOZ.4.1_1,Barue,5836,5830.8923,303.0,0.05191912268677176,0.05196460203880496
2010,MOZ.4.2_1,Gondola,5940,5937.2415,3069.0,0.5166666666666667,0.5169067184582112
2010,MOZ.4.3_1,Guro,6937,6935.2207,102.0,0.014703762433328528,0.014707534767788718
2010,MOZ.4.4_1,Machaze,13260,13263.2546,27.0,0.0020361990950226246,0.0020356994441126488
2010,MOZ.4.5_1,Macossa,9584,9573.5794,0.0,0.0,0.0
2010,MOZ.4.6_1,Manica,4441,4436.6048,1393.0,0.3136680927718982,0.31397883474148514
2010,MOZ.4.7_1,Mossurize,5062,5058.9724,48.0,0.009482418016594232,0.009488092849558032
2010,MOZ.4.8_1,Sussundenga,7142,7148.8821,541.0,0.0757490898907869,0.07567616804505803
2010,MOZ.4.9_1,Tambara,4311,4319.7613,0.0,0.0,0.0
2010,MOZ.6.1_1,Boane,833,829.5281,6471.0,7.7683073229291715,7.800821149717935
2010,MOZ.6.2_1,Magude,6943,6945.6062,374.0,0.05386720437851073,0.053846991789951185
2010,MOZ.6.3_1,Manhiça,2369,2368.3669,1841.0,0.7771211481637822,0.77732886880533
2010,MOZ.6.4_1,Marracuene,693,689.3484,2336.0,3.370851370851371,3.388707299090796
2010,MOZ.6.5_1,Matutuíne,5359,5371.4282,950.0,0.17727187908191827,0.17686171298088937
2010,MOZ.6.6_1,Moamba,4542,4550.2827,1036.0,0.2280933509467195,0.22767816383334954
2010,MOZ.6.7_1,Namaacha,2162,2148.9072,765.0,0.3538390379278446,0.3559949030055124
2010,MOZ.5.1_1,Boane,165,167.9631,3585.0,21.727272727272727,21.343969570037615
2010,MOZ.5.2_1,Maputo,538,533.6154,16399.0,30.481412639405203,30.731870622486387
2010,MOZ.7.1_1,Angoche,3001,2995.9876,273.0,0.09096967677440854,0.0911218721458139
2010,MOZ.7.2_1,Erati,2706,2710.6135,0.0,0.0,0.0
2010,MOZ.7.3_1,Lalaua,4552,4540.6629,0.0,0.0,0.0
2010,MOZ.7.4_1,Malema,6044,6037.5257,147.0,0.024321641297154202,0.02434772230185399
2010,MOZ.7.5_1,Meconta,3695,3689.5498,415.0,0.11231393775372124,0.11247984724558721
2010,MOZ.7.6_1,Mecuburi,7189,7191.5197,0.0,0.0,0.0
2010,MOZ.7.7_1,Memba,3662,3655.7691,28.0,0.007646095030038231,0.007659126997511
2010,MOZ.7.8_1,Mogovolas,4714,4715.0466,258.0,0.054730589732711075,0.05471844157601011
2010,MOZ.7.9_1,Moma,5773,5780.199,859.0,0.14879611986835267,0.14861080075984992
2010,MOZ.7.10_1,Monapo,3531,3529.0805,527.0,0.1492495043896913,0.14933068189411286
2010,MOZ.7.11_1,Mongincual,4369,4376.4091,9.0,0.002059967956054017,0.0020564804917919694
2010,MOZ.7.12_1,Mossuril,3532,3536.1004,285.0,0.08069082672706682,0.08059725859585753
2010,MOZ.7.13_1,Muecate,4090,4086.3671,49.0,0.011980440097799512,0.0119910911192008
2010,MOZ.7.14_1,Murrupula,3089,3088.6505,69.0,0.02233732599546779,0.02233985325226599
2010,MOZ.7.15_1,Nacala Velha,1437,1443.7967,1903.0,1.32428670842032,1.3180525848974942
2010,MOZ.7.16_1,Namapa,6508,6516.2117,92.0,0.014136447449293177,0.014118632708225673
2010,MOZ.7.17_1,Nampula,4003,4000.626,3725.0,0.9305520859355484,0.9311042841872766
2010,MOZ.7.18_1,Ribaue,6254,6269.8324,244.0,0.03901503038055645,0.038916510953984754
2010,MOZ.8.1_1,Cuamba,5350,5353.3997,540.0,0.10093457943925234,0.10087047982121229
2010,MOZ.8.2_1,Lago,12284,12293.6026,183.0,0.014897427548029958,0.01488579108653033
2010,MOZ.8.3_1,Lichinga,6759,6759.4321,956.0,0.14144104157419737,0.14143199917989716
2010,MOZ.8.4_1,Majune,11323,11335.6173,0.0,0.0,0.0
2010,MOZ.8.5_1,Mandimba,3165,3155.5137,0.0,0.0,0.0
2010,MOZ.8.6_1,Marrupa,17482,17480.3507,0.0,0.0,0.0
2010,MOZ.8.7_1,Maúa,8103,8100.1574,0.0,0.0,0.0
2010,MOZ.8.8_1,Mavago,9086,9077.586,0.0,0.0,0.0
2010,MOZ.8.9_1,Mecanhelas,6589,6599.9521,102.0,0.015480346031264228,0.015454657549726098
2010,MOZ.8.10_1,Mecula,18047,18046.476,0.0,0.0,0.0
2010,MOZ.8.11_1,Metarica,4865,4850.8923,0.0,0.0,0.0
2010,MOZ.8.12_1,Muembe,5833,5831.8015,0.0,0.0,0.0
2010,MOZ.8.13_1,N'gauma,2995,2995.7859,0.0,0.0,0.0
2010,MOZ.8.14_1,Nipepe,4989,4994.2774,0.0,0.0,0.0
2010,MOZ.8.15_1,Sanga,12365,12363.2882,0.0,0.0,0.0
2010,MOZ.9.1_1,Buzi,7482,7481.6756,1084.0,0.14488104784816894,0.14488732944483088
2010,MOZ.9.2_1,Caia,3510,3507.0462,500.0,0.14245014245014245,0.14257011896736507
2010,MOZ.9.3_1,Chemba,3984,3983.8933,99.0,0.024849397590361446,0.0248500630236454
2010,MOZ.9.4_1,Cheringoma,7171,7174.2611,147.0,0.02049923302189374,0.02048991501503431
2010,MOZ.9.5_1,Chibabava,6767,6768.7895,112.0,0.016550908822225506,0.016546533194908238
2010,MOZ.9.6_1,Dondo,2984,2991.2235,6684.0,2.239946380697051,2.234537115839347
2010,MOZ.9.7_1,Gorongosa,6752,6757.2519,195.0,0.028880331753554502,0.02885788525345514
2010,MOZ.9.8_1,Machanga,5714,5722.3008,44.0,0.0077003850192509625,0.007689214813150842
2010,MOZ.9.9_1,Maringue,6176,6181.6455,0.0,0.0,0.0
2010,MOZ.9.10_1,Marromeu,5972,5967.5985,273.0,0.045713328868050906,0.04574704565930849
2010,MOZ.9.11_1,Muanza,7528,7520.2983,0.0,0.0,0.0
2010,MOZ.9.12_1,Nhamatanda,4020,4016.3144,543.0,0.13507462686567165,0.13519858019457973
2010,MOZ.10.1_1,Angónia,3290,3289.6984,258.0,0.07841945288753799,0.07842664164427136
2010,MOZ.10.2_1,Cahora Bassa,8880,8872.9951,1512.0,0.17027027027027028,0.1704046921977533
2010,MOZ.10.3_1,Changara,9132,9136.5315,2790.0,0.3055190538764783,0.3053675226861339
2010,MOZ.10.4_1,Chifunde,9416,9410.3701,0.0,0.0,0.0
2010,MOZ.10.5_1,Chiuta,6695,6699.1028,40.0,0.00597460791635549,0.005970948847941703
2010,MOZ.10.6_1,Macanga,7200,7187.6956,68.0,0.009444444444444445,0.00946061210933864
2010,MOZ.10.7_1,Magoe,8608,8620.3958,76.0,0.008828996282527882,0.008816300569645613
2010,MOZ.10.8_1,Maravia,16892,16893.7605,100.0,0.005919962112242482,0.005919345201795364
2010,MOZ.10.9_1,Moatize,8888,8885.0823,1777.0,0.19993249324932494,0.19999814783398112
2010,MOZ.10.10_1,Mutarara,6379,6378.5717,87.0,0.013638501332497256,0.01363941707964276
2010,MOZ.10.11_1,Tsangano,3629,3624.3899,15.0,0.004133370074400662,0.004138627580649801
2010,MOZ.10.12_1,Zumbu,11964,11971.0275,28.0,0.002340354396522902,0.0023389805132414676
2010,MOZ.11.1_1,Alto Molocue,6315,6309.8954,382.0,0.06049089469517023,0.060539830690854564
2010,MOZ.11.2_1,Chinde,4123,4118.286,51.0,0.012369633761823914,0.012383792674296294
2010,MOZ.11.3_1,Gile,8975,8970.9551,68.0,0.007576601671309192,0.007580017897973148
2010,MOZ.11.4_1,Gurue,5636,5647.1391,183.0,0.03246983676366217,0.032405789409912164
2010,MOZ.11.5_1,Ile,5645,5651.6473,124.0,0.021966341895482727,0.021940505813238535
2010,MOZ.11.6_1,Inhassunge,764,763.9807,333.0,0.43586387434554974,0.4358749022753734
2010,MOZ.11.7_1,Lugela,6138,6131.5277,80.0,0.013033561420658195,0.013047319260354783
2010,MOZ.11.8_1,Maganja da Costa,7671,7673.5545,137.0,0.017859470733932993,0.017853525303939084
2010,MOZ.11.9_1,Milange,9792,9782.3032,281.0,0.0286968954248366,0.028725341393218914
2010,MOZ.11.10_1,Mocuba,8769,8769.0015,899.0,0.10252024176074809,0.10252022430292952
2010,MOZ.11.11_1,Mopeia,7621,7619.7906,219.0,0.028736386301010365,0.02874094717719591
2010,MOZ.11.12_1,Morrumbala,12880,12880.5037,227.0,0.017624223602484473,0.017623534434467642
2010,MOZ.11.13_1,Namacurra,2036,2035.9376,144.0,0.07072691552062868,0.0707290841510306
2010,MOZ.11.14_1,Namarroi,3057,3062.8738,0.0,0.0,0.0
2010,MOZ.11.15_1,Nicoadala,3479,3486.7693,1976.0,0.5679793043978154,0.566713720969848
2010,MOZ.11.16_1,Pebane,10059,10061.99,164.0,0.016303807535540314,0.016298962738963967
2011,MOZ.1.1_1,Ancuabe,6256,6255.9618,331.0,0.05290920716112532,0.05290953016603732
2011,MOZ.1.2_1,Balama,5466,5468.3962,4.0,0.0007317965605561653,0.0007314758932901933
2011,MOZ.1.3_1,Chiúre,4742,4737.7771,0.0,0.0,0.0
2011,MOZ.1.4_1,Macomia,4799,4795.9992,176.0,0.03667430714732236,0.03669725412307301
2011,MOZ.1.5_1,Mecufi,512,514.5056,6.0,0.01171875,0.01166168066846834
2011,MOZ.1.6_1,Meluco,5725,5726.2891,0.0,0.0,0.0
2011,MOZ.1.7_1,Mocimboa da Praia,3456,3464.342,275.0,0.07957175925925926,0.07938015318847585
2011,MOZ.1.8_1,Montepuez,17757,17758.3815,427.0,0.024046854761502506,0.02404498405918589
2011,MOZ.1.9_1,Mueda,11284,11294.0996,121.0,0.010723147819922013,0.010713558795789621
2011,MOZ.1.10_1,Muidumbe,2018,2014.9393,0.0,0.0,0.0
2011,MOZ.1.11_1,Namuno,5982,5973.1312,0.0,0.0,0.0
2011,MOZ.1.12_1,Nangade,2881,2877.2767,70.0,0.024297119055883373,0.024328560811876756
2011,MOZ.1.13_1,Palma,3526,3522.4867,66.0,0.01871809415768576,0.018736763293364083
2011,MOZ.1.14_1,Pemba,1692,1691.1708,1297.0,0.766548463356974,0.7669243206749266
2011,MOZ.1.15_1,Quissanga,1675,1679.0074,0.0,0.0,0.0
2011,MOZ.2.1_1,Bilene,2162,2163.0664,1638.0,0.757631822386679,0.7572583173802836
2011,MOZ.2.2_1,Chibuto,5614,5607.7882,711.0,0.12664766654791593,0.12678795540360083
2011,MOZ.2.3_1,Chicualacuala,18112,18092.3523,213.0,0.011760159010600707,0.011772930170449294
2011,MOZ.2.4_1,Chigubo,15000,14995.8184,0.0,0.0,0.0
2011,MOZ.2.5_1,Chókwè,2440,2444.1617,1966.0,0.8057377049180328,0.804365757096512
2011,MOZ.2.6_1,Guijá,4207,4202.4869,312.0,0.074162110767768,0.07424175469260832
2011,MOZ.2.7_1,Mabalane,8937,8948.3005,97.0,0.010853754056170974,0.010840047208059873
2011,MOZ.2.8_1,Mandlakazi,3688,3693.0919,573.0,0.15536876355748372,0.15515454835809436
2011,MOZ.2.9_1,Massangena,7598,7603.3051,0.0,0.0,0.0
2011,MOZ.2.10_1,Massingir,5675,5683.9995,144.0,0.025374449339207048,0.025334274030513217
2011,MOZ.2.11_1,Xai-Xai,2027,2024.7886,3496.0,1.7247163295510606,1.7265999799778486
2011,MOZ.3.1_1,Funhalouro,13548,13537.0113,52.0,0.003838204901092412,0.003841320568175375
2011,MOZ.3.2_1,Govuro,3994,3997.747,34.0,0.008512769153730596,0.00850479024222155
2011,MOZ.3.3_1,Homoine,2187,2202.4336,1067.0,0.48788294467306814,0.4844640960695301
2011,MOZ.3.4_1,Inharrime,2769,2770.6697,330.0,0.11917659804983749,0.11910477875422984
2011,MOZ.3.5_1,Inhassoro,4734,4729.6457,1500.0,0.31685678073510776,0.31714849427914493
2011,MOZ.3.6_1,Jangamo,1488,1484.8836,1262.0,0.8481182795698925,0.8498982701366145
2011,MOZ.3.7_1,Mabote,15284,15279.1057,0.0,0.0,0.0
2011,MOZ.3.8_1,Massinga,7445,7448.4008,571.0,0.07669576897246475,0.07666075112317051
2011,MOZ.3.9_1,Morrumbene,2602,2599.4672,681.0,0.2617217524980784,0.26197675903747153
2011,MOZ.3.10_1,Panda,6840,6831.0558,0.0,0.0,0.0
2011,MOZ.3.11_1,Vilanculos,5818,5813.4347,494.0,0.08490890340323134,0.08497558287253862
2011,MOZ.3.12_1,Zavala,2016,2014.459,181.0,0.08978174603174603,0.08985042416002846
2011,MOZ.4.1_1,Barue,5836,5830.8923,300.0,0.05140507196710076,0.05145010102851976
2011,MOZ.4.2_1,Gondola,5940,5937.2415,3270.0,0.5505050505050505,0.5507608241636854
2011,MOZ.4.3_1,Guro,6937,6935.2207,131.0,0.018884243909470952,0.018889088770395312
2011,MOZ.4.4_1,Machaze,13260,13263.2546,0.0,0.0,0.0
2011,MOZ.4.5_1,Macossa,9584,9573.5794,0.0,0.0,0.0
2011,MOZ.4.6_1,Manica,4441,4436.6048,1419.0,0.3195226300382797,0.3198391719297684
2011,MOZ.4.7_1,Mossurize,5062,5058.9724,113.0,0.022323192414065586,0.022336551916667866
2011,MOZ.4.8_1,Sussundenga,7142,7148.8821,491.0,0.06874824978997479,0.06868206748636506
2011,MOZ.4.9_1,Tambara,4311,4319.7613,0.0,0.0,0.0
2011,MOZ.6.1_1,Boane,833,829.5281,6857.0,8.231692677070829,8.266145977996581
2011,MOZ.6.2_1,Magude,6943,6945.6062,411.0,0.05919631283306928,0.059174100603395556
2011,MOZ.6.3_1,Manhiça,2369,2368.3669,2160.0,0.9117771211481638,0.9120208346656777
2011,MOZ.6.4_1,Marracuene,693,689.3484,2950.0,4.256854256854257,4.279403481300449
2011,MOZ.6.5_1,Matutuíne,5359,5371.4282,918.0,0.17130061578652733,0.17090426580679627
2011,MOZ.6.6_1,Moamba,4542,4550.2827,1337.0,0.2943637164244826,0.2938279006227687
2011,MOZ.6.7_1,Namaacha,2162,2148.9072,845.0,0.3908418131359852,0.39322312815641564
2011,MOZ.5.1_1,Boane,165,167.9631,3647.0,22.1030303030303,21.713098193006186
2011,MOZ.5.2_1,Maputo,538,533.6154,17020.0,31.635687732342006,31.89563009907423
2011,MOZ.7.1_1,Angoche,3001,2995.9876,305.0,0.1016327890703099,0.10180282419220966
2011,MOZ.7.2_1,Erati,2706,2710.6135,0.0,0.0,0.0
2011,MOZ.7.3_1,Lalaua,4552,4540.6629,0.0,0.0,0.0
2011,MOZ.7.4_1,Malema,6044,6037.5257,153.0,0.025314361350099273,0.025341506885603132
2011,MOZ.7.5_1,Meconta,3695,3689.5498,452.0,0.12232746955345061,0.12250817097591667
2011,MOZ.7.6_1,Mecuburi,7189,7191.5197,0.0,0.0,0.0
2011,MOZ.7.7_1,Memba,3662,3655.7691,93.0,0.02539595849262698,0.025439243241732964
2011,MOZ.7.8_1,Mogovolas,4714,4715.0466,246.0,0.05218498090793382,0.052173397781777084
2011,MOZ.7.9_1,Moma,5773,5780.199,952.0,0.16490559501125931,0.16470021225073006
2011,MOZ.7.10_1,Monapo,3531,3529.0805,556.0,0.15746247521948456,0.15754811979720446
2011,MOZ.7.11_1,Mongincual,4369,4376.4091,7.0,0.0016021972991531242,0.0015994848269493098
2011,MOZ.7.12_1,Mossuril,3532,3536.1004,383.0,0.10843714609286523,0.10831140365688925
2011,MOZ.7.13_1,Muecate,4090,4086.3671,119.0,0.029095354523227385,0.029121221289487655
2011,MOZ.7.14_1,Murrupula,3089,3088.6505,69.0,0.02233732599546779,0.02233985325226599
2011,MOZ.7.15_1,Nacala Velha,1437,1443.7967,2421.0,1.6847599164926932,1.6768288534087405
2011,MOZ.7.16_1,Namapa,6508,6516.2117,137.0,0.02105101413644745,0.02102448566333606
2011,MOZ.7.17_1,Nampula,4003,4000.626,4071.0,1.0169872595553335,1.0175907492419873
2011,MOZ.7.18_1,Ribaue,6254,6269.8324,267.0,0.042692676686920374,0.04258487059308987
2011,MOZ.8.1_1,Cuamba,5350,5353.3997,601.0,0.11233644859813084,0.1122651080973122
2011,MOZ.8.2_1,Lago,12284,12293.6026,157.0,0.012780853142298926,0.012770869948553344
2011,MOZ.8.3_1,Lichinga,6759,6759.4321,1114.0,0.16481728066281995,0.16480674381423163
2011,MOZ.8.4_1,Majune,11323,11335.6173,0.0,0.0,0.0
2011,MOZ.8.5_1,Mandimba,3165,3155.5137,0.0,0.0,0.0
2011,MOZ.8.6_1,Marrupa,17482,17480.3507,39.0,0.0022308660336345957,0.002231076521846395
2011,MOZ.8.7_1,Maúa,8103,8100.1574,15.0,0.0018511662347278786,0.001851815863944811
2011,MOZ.8.8_1,Mavago,9086,9077.586,0.0,0.0,0.0
2011,MOZ.8.9_1,Mecanhelas,6589,6599.9521,145.0,0.02200637426013052,0.02196985632068906
2011,MOZ.8.10_1,Mecula,18047,18046.476,0.0,0.0,0.0
2011,MOZ.8.11_1,Metarica,4865,4850.8923,0.0,0.0,0.0
2011,MOZ.8.12_1,Muembe,5833,5831.8015,0.0,0.0,0.0
2011,MOZ.8.13_1,N'gauma,2995,2995.7859,0.0,0.0,0.0
2011,MOZ.8.14_1,Nipepe,4989,4994.2774,0.0,0.0,0.0
2011,MOZ.8.15_1,Sanga,12365,12363.2882,0.0,0.0,0.0
2011,MOZ.9.1_1,Buzi,7482,7481.6756,1032.0,0.13793103448275862,0.13793701474821538
2011,MOZ.9.2_1,Caia,3510,3507.0462,461.0,0.13133903133903133,0.1314496496879106
2011,MOZ.9.3_1,Chemba,3984,3983.8933,126.0,0.03162650602409638,0.031627352939185054
2011,MOZ.9.4_1,Cheringoma,7171,7174.2611,150.0,0.0209175847162181,0.020908076545953377
2011,MOZ.9.5_1,Chibabava,6767,6768.7895,129.0,0.019063100339884734,0.019058060554849668
2011,MOZ.9.6_1,Dondo,2984,2991.2235,7477.0,2.5056970509383376,2.4996460226108317
2011,MOZ.9.7_1,Gorongosa,6752,6757.2519,231.0,0.034212085308056875,0.03418549483870839
2011,MOZ.9.8_1,Machanga,5714,5722.3008,44.0,0.0077003850192509625,0.007689214813150842
2011,MOZ.9.9_1,Maringue,6176,6181.6455,0.0,0.0,0.0
2011,MOZ.9.10_1,Marromeu,5972,5967.5985,288.0,0.04822505023442733,0.04826061959663313
2011,MOZ.9.11_1,Muanza,7528,7520.2983,0.0,0.0,0.0
2011,MOZ.9.12_1,Nhamatanda,4020,4016.3144,553.0,0.13756218905472636,0.1376884251337064
2011,MOZ.10.1_1,Angónia,3290,3289.6984,278.0,0.08449848024316109,0.08450622626785828
2011,MOZ.10.2_1,Cahora Bassa,8880,8872.9951,1624.0,0.18288288288288287,0.1830272619901795
2011,MOZ.10.3_1,Changara,9132,9136.5315,3224.0,0.3530442400350416,0.3528691373261991
2011,MOZ.10.4_1,Chifunde,9416,9410.3701,0.0,0.0,0.0
2011,MOZ.10.5_1,Chiuta,6695,6699.1028,42.0,0.006273338312173264,0.006269496290338789
2011,MOZ.10.6_1,Macanga,7200,7187.6956,68.0,0.009444444444444445,0.00946061210933864
2011,MOZ.10.7_1,Magoe,8608,8620.3958,77.0,0.008945167286245352,0.008932304524509372
2011,MOZ.10.8_1,Maravia,16892,16893.7605,136.0,0.008051148472649775,0.008050309474441695
2011,MOZ.10.9_1,Moatize,8888,8885.0823,2673.0,0.30074257425742573,0.30084133323592094
2011,MOZ.10.10_1,Mutarara,6379,6378.5717,119.0,0.018654961592726133,0.018656214166407916
2011,MOZ.10.11_1,Tsangano,3629,3624.3899,0.0,0.0,0.0
2011,MOZ.10.12_1,Zumbu,11964,11971.0275,76.0,0.006352390504847877,0.006348661393083983
2011,MOZ.11.1_1,Alto Molocue,6315,6309.8954,393.0,0.06223277909738718,0.0622831242447797
2011,MOZ.11.2_1,Chinde,4123,4118.286,65.0,0.015765219500363813,0.015783265173122726
2011,MOZ.11.3_1,Gile,8975,8970.9551,88.0,0.009805013927576602,0.00980943492678878
2011,MOZ.11.4_1,Gurue,5636,5647.1391,208.0,0.036905606813342796,0.036832809821102354
2011,MOZ.11.5_1,Ile,5645,5651.6473,106.0,0.018777679362267492,0.018755593679058748
2011,MOZ.11.6_1,Inhassunge,764,763.9807,304.0,0.39790575916230364,0.3979158267018424
2011,MOZ.11.7_1,Lugela,6138,6131.5277,80.0,0.013033561420658195,0.013047319260354783
2011,MOZ.11.8_1,Maganja da Costa,7671,7673.5545,149.0,0.019423803936905227,0.01941733773932061
2011,MOZ.11.9_1,Milange,9792,9782.3032,291.0,0.02971813725490196,0.029747595535326347
2011,MOZ.11.10_1,Mocuba,8769,8769.0015,1093.0,0.12464363097274489,0.12464360974761064
2011,MOZ.11.11_1,Mopeia,7621,7619.7906,248.0,0.03254166119931767,0.032546826027144225
2011,MOZ.11.12_1,Morrumbala,12880,12880.5037,231.0,0.017934782608695653,0.017934081296749012
2011,MOZ.11.13_1,Namacurra,2036,2035.9376,151.0,0.07416502946954813,0.07416730351948347
2011,MOZ.11.14_1,Namarroi,3057,3062.8738,0.0,0.0,0.0
2011,MOZ.11.15_1,Nicoadala,3479,3486.7693,2074.0,0.5961483184823225,0.5948199682649112
2011,MOZ.11.16_1,Pebane,10059,10061.99,192.0,0.019087384431852074,0.019081712474884643
2012,MOZ.1.1_1,Ancuabe,6256,6255.9618,421.0,0.06729539641943734,0.06729580725045835
2012,MOZ.1.2_1,Balama,5466,5468.3962,17.0,0.0031101353823637027,0.0031087725464833214
2012,MOZ.1.3_1,Chiúre,4742,4737.7771,0.0,0.0,0.0
2012,MOZ.1.4_1,Macomia,4799,4795.9992,268.0,0.0558449677016045,0.05587990968740663
2012,MOZ.1.5_1,Mecufi,512,514.5056,23.0,0.044921875,0.04470310922912864
2012,MOZ.1.6_1,Meluco,5725,5726.2891,32.0,0.0055895196506550214,0.0055882613660196085
2012,MOZ.1.7_1,Mocimboa da Praia,3456,3464.342,460.0,0.13310185185185186,0.13278134715163234
2012,MOZ.1.8_1,Montepuez,17757,17758.3815,502.0,0.028270541195021683,0.028268341915014792
2012,MOZ.1.9_1,Mueda,11284,11294.0996,156.0,0.013824884792626729,0.01381252208382794
2012,MOZ.1.10_1,Muidumbe,2018,2014.9393,0.0,0.0,0.0
2012,MOZ.1.11_1,Namuno,5982,5973.1312,0.0,0.0,0.0
2012,MOZ.1.12_1,Nangade,2881,2877.2767,112.0,0.0388753904894134,0.03892569729900281
2012,MOZ.1.13_1,Palma,3526,3522.4867,118.0,0.033465683494044246,0.03349906164571154
2012,MOZ.1.14_1,Pemba,1692,1691.1708,1560.0,0.9219858156028369,0.9224378876275139
2012,MOZ.1.15_1,Quissanga,1675,1679.0074,0.0,0.0,0.0
2012,MOZ.2.1_1,Bilene,2162,2163.0664,2019.0,0.9338575393154487,0.9333971567709356
2012,MOZ.2.2_1,Chibuto,5614,5607.7882,822.0,0.14641966512290702,0.14658185561428957
2012,MOZ.2.3_1,Chicualacuala,18112,18092.3523,194.0,0.01071113074204947,0.010722762690456165
2012,MOZ.2.4_1,Chigubo,15000,14995.8184,0.0,0.0,0.0
2012,MOZ.2.5_1,Chókwè,2440,2444.1617,2270.0,0.930327868852459,0.9287437785397163
2012,MOZ.2.6_1,Guijá,4207,4202.4869,341.0,0.08105538388400285,0.0811424306095495
2012,MOZ.2.7_1,Mabalane,8937,8948.3005,146.0,0.016336578270113013,0.01631594734409012
2012,MOZ.2.8_1,Mandlakazi,3688,3693.0919,612.0,0.16594360086767895,0.16571480557618457
2012,MOZ.2.9_1,Massangena,7598,7603.3051,0.0,0.0,0.0
2012,MOZ.2.10_1,Massingir,5675,5683.9995,174.0,0.03066079295154185,0.030612247786870137
2012,MOZ.2.11_1,Xai-Xai,2027,2024.7886,4110.0,2.0276270350271335,2.0298415096421505
2012,MOZ.3.1_1,Funhalouro,13548,13537.0113,59.0,0.004354886330085622,0.0043584214138912905
2012,MOZ.3.2_1,Govuro,3994,3997.747,35.0,0.008763144717075613,0.008754931131698654
2012,MOZ.3.3_1,Homoine,2187,2202.4336,1236.0,0.5651577503429356,0.5611973971339637
2012,MOZ.3.4_1,Inharrime,2769,2770.6697,344.0,0.12423257493680029,0.12415770876198505
2012,MOZ.3.5_1,Inhassoro,4734,4729.6457,1518.0,0.320659062103929,0.32095427621049466
2012,MOZ.3.6_1,Jangamo,1488,1484.8836,1350.0,0.907258064516129,0.9091621748688031
2012,MOZ.3.7_1,Mabote,15284,15279.1057,0.0,0.0,0.0
2012,MOZ.3.8_1,Massinga,7445,7448.4008,630.0,0.08462055070517126,0.0845819145492074
2012,MOZ.3.9_1,Morrumbene,2602,2599.4672,649.0,0.24942352036894697,0.2496665442222012
2012,MOZ.3.10_1,Panda,6840,6831.0558,0.0,0.0,0.0
2012,MOZ.3.11_1,Vilanculos,5818,5813.4347,667.0,0.11464420763148848,0.11473423841292157
2012,MOZ.3.12_1,Zavala,2016,2014.459,217.0,0.1076388888888889,0.10772122675539325
2012,MOZ.4.1_1,Barue,5836,5830.8923,317.0,0.054318026045236466,0.054365606753469214
2012,MOZ.4.2_1,Gondola,5940,5937.2415,3765.0,0.6338383838383839,0.6341328755279131
2012,MOZ.4.3_1,Guro,6937,6935.2207,176.0,0.025371197924174714,0.0253777070503021
2012,MOZ.4.4_1,Machaze,13260,13263.2546,0.0,0.0,0.0
2012,MOZ.4.5_1,Macossa,9584,9573.5794,0.0,0.0,0.0
2012,MOZ.4.6_1,Manica,4441,4436.6048,1667.0,0.37536590857914887,0.3757377728026243
2012,MOZ.4.7_1,Mossurize,5062,5058.9724,136.0,0.026866851047016988,0.026882929740414424
2012,MOZ.4.8_1,Sussundenga,7142,7148.8821,690.0,0.09661159339120695,0.0965185877099631
2012,MOZ.4.9_1,Tambara,4311,4319.7613,0.0,0.0,0.0
2012,MOZ.6.1_1,Boane,833,829.5281,7791.0,9.352941176470589,9.39208740186253
2012,MOZ.6.2_1,Magude,6943,6945.6062,470.0,0.0676940803687167,0.06766867952213117
2012,MOZ.6.3_1,Manhiça,2369,2368.3669,2565.0,1.0827353313634445,1.0830247411654923
2012,MOZ.6.4_1,Marracuene,693,689.3484,3752.0,5.414141414141414,5.442820970115012
2012,MOZ.6.5_1,Matutuíne,5359,5371.4282,935.0,0.17447284941220376,0.17406915961803324
2012,MOZ.6.6_1,Moamba,4542,4550.2827,1501.0,0.3304711580801409,0.3298696176774688
2012,MOZ.6.7_1,Namaacha,2162,2148.9072,926.0,0.4283071230342276,0.4309167061217052
2012,MOZ.5.1_1,Boane,165,167.9631,4844.0,29.35757575757576,28.839662091286527
2012,MOZ.5.2_1,Maputo,538,533.6154,17914.0,33.29739776951673,33.570993983244165
2012,MOZ.7.1_1,Angoche,3001,2995.9876,361.0,0.12029323558813729,0.12049449027340225
2012,MOZ.7.2_1,Erati,2706,2710.6135,0.0,0.0,0.0
2012,MOZ.7.3_1,Lalaua,4552,4540.6629,0.0,0.0,0.0
2012,MOZ.7.4_1,Malema,6044,6037.5257,206.0,0.034083388484447384,0.034119937375387224
2012,MOZ.7.5_1,Meconta,3695,3689.5498,472.0,0.12774018944519622,0.12792888650582449
2012,MOZ.7.6_1,Mecuburi,7189,7191.5197,23.0,0.003199332313256364,0.00319821135881346
2012,MOZ.7.7_1,Memba,3662,3655.7691,131.0,0.03577280174767886,0.03583377273835504
2012,MOZ.7.8_1,Mogovolas,4714,4715.0466,296.0,0.06279168434450573,0.06277774692441469
2012,MOZ.7.9_1,Moma,5773,5780.199,1221.0,0.21150181881170968,0.2112384024770393
2012,MOZ.7.10_1,Monapo,3531,3529.0805,693.0,0.19626168224299065,0.19636842989111994
2012,MOZ.7.11_1,Mongincual,4369,4376.4091,48.0,0.010986495765621425,0.010967895956223838
2012,MOZ.7.12_1,Mossuril,3532,3536.1004,423.0,0.11976217440543602,0.1196232996001675
2012,MOZ.7.13_1,Muecate,4090,4086.3671,129.0,0.03154034229828851,0.03156838274238578
2012,MOZ.7.14_1,Murrupula,3089,3088.6505,93.0,0.03010683068954354,0.030110236992184597
2012,MOZ.7.15_1,Nacala Velha,1437,1443.7967,2981.0,2.0744606819763396,2.064695089637115
2012,MOZ.7.16_1,Namapa,6508,6516.2117,161.0,0.024738783036263062,0.02470760723939493
2012,MOZ.7.17_1,Nampula,4003,4000.626,4662.0,1.1646265301024232,1.1653176303036465
2012,MOZ.7.18_1,Ribaue,6254,6269.8324,378.0,0.06044131755676367,0.060288693199205885
2012,MOZ.8.1_1,Cuamba,5350,5353.3997,735.0,0.13738317757009347,0.13729593086776118
2012,MOZ.8.2_1,Lago,12284,12293.6026,190.0,0.015467274503419082,0.01545519293137029
2012,MOZ.8.3_1,Lichinga,6759,6759.4321,1315.0,0.19455540760467524,0.19454296958322675
2012,MOZ.8.4_1,Majune,11323,11335.6173,0.0,0.0,0.0
2012,MOZ.8.5_1,Mandimba,3165,3155.5137,0.0,0.0,0.0
2012,MOZ.8.6_1,Marrupa,17482,17480.3507,110.0,0.006292186248712962,0.006292779933412909
2012,MOZ.8.7_1,Maúa,8103,8100.1574,79.0,0.009749475502900161,0.009752896883442672
2012,MOZ.8.8_1,Mavago,9086,9077.586,0.0,0.0,0.0
2012,MOZ.8.9_1,Mecanhelas,6589,6599.9521,270.0,0.040977386553346484,0.04090938763162791
2012,MOZ.8.10_1,Mecula,18047,18046.476,0.0,0.0,0.0
2012,MOZ.8.11_1,Metarica,4865,4850.8923,37.0,0.007605344295991778,0.007627462683967968
2012,MOZ.8.12_1,Muembe,5833,5831.8015,0.0,0.0,0.0
2012,MOZ.8.13_1,N'gauma,2995,2995.7859,0.0,0.0,0.0
2012,MOZ.8.14_1,Nipepe,4989,4994.2774,0.0,0.0,0.0
2012,MOZ.8.15_1,Sanga,12365,12363.2882,0.0,0.0,0.0
2012,MOZ.9.1_1,Buzi,7482,7481.6756,1062.0,0.14194065757818766,0.14194681168857048
2012,MOZ.9.2_1,Caia,3510,3507.0462,604.0,0.17207977207977207,0.17222470371257703
2012,MOZ.9.3_1,Chemba,3984,3983.8933,138.0,0.03463855421686747,0.03463948179053601
2012,MOZ.9.4_1,Cheringoma,7171,7174.2611,172.0,0.023985497141263423,0.023974594439359873
2012,MOZ.9.5_1,Chibabava,6767,6768.7895,200.0,0.02955519432540269,0.02954738070519328
2012,MOZ.9.6_1,Dondo,2984,2991.2235,8423.0,2.822721179624665,2.8159045671326783
2012,MOZ.9.7_1,Gorongosa,6752,6757.2519,281.0,0.041617298578199055,0.04158495259600458
2012,MOZ.9.8_1,Machanga,5714,5722.3008,54.0,0.009450472523626182,0.009436763634321488
2012,MOZ.9.9_1,Maringue,6176,6181.6455,0.0,0.0,0.0
2012,MOZ.9.10_1,Marromeu,5972,5967.5985,319.0,0.05341594105827194,0.053455339067104056
2012,MOZ.9.11_1,Muanza,7528,7520.2983,0.0,0.0,0.0
2012,MOZ.9.12_1,Nhamatanda,4020,4016.3144,724.0,0.18009950248756218,0.18026477359277296
2012,MOZ.10.1_1,Angónia,3290,3289.6984,350.0,0.10638297872340426,0.10639273091277122
2012,MOZ.10.2_1,Cahora Bassa,8880,8872.9951,1710.0,0.19256756756756757,0.19271959236650674
2012,MOZ.10.3_1,Changara,9132,9136.5315,3944.0,0.43188786684187475,0.4316736593097176
2012,MOZ.10.4_1,Chifunde,9416,9410.3701,0.0,0.0,0.0
2012,MOZ.10.5_1,Chiuta,6695,6699.1028,49.0,0.007318894697535474,0.007314412338728587
2012,MOZ.10.6_1,Macanga,7200,7187.6956,97.0,0.013472222222222222,0.013495284920674236
2012,MOZ.10.7_1,Magoe,8608,8620.3958,104.0,0.012081784386617101,0.01206441130583084
2012,MOZ.10.8_1,Maravia,16892,16893.7605,189.0,0.01118872839213829,0.011187562431393237
2012,MOZ.10.9_1,Moatize,8888,8885.0823,3426.0,0.3854635463546355,0.385590126324828
2012,MOZ.10.10_1,Mutarara,6379,6378.5717,127.0,0.019909076657783353,0.019910413438099205
2012,MOZ.10.11_1,Tsangano,3629,3624.3899,0.0,0.0,0.0
2012,MOZ.10.12_1,Zumbu,11964,11971.0275,98.0,0.008191240387830158,0.008186431796345137
2012,MOZ.11.1_1,Alto Molocue,6315,6309.8954,513.0,0.08123515439429929,0.08130087210578113
2012,MOZ.11.2_1,Chinde,4123,4118.286,96.0,0.023284016492845016,0.023310668563381258
2012,MOZ.11.3_1,Gile,8975,8970.9551,110.0,0.012256267409470752,0.012261793658485974
2012,MOZ.11.4_1,Gurue,5636,5647.1391,279.0,0.04950319375443577,0.04940554778888248
2012,MOZ.11.5_1,Ile,5645,5651.6473,240.0,0.042515500442869794,0.04246549512239716
2012,MOZ.11.6_1,Inhassunge,764,763.9807,304.0,0.39790575916230364,0.3979158267018424
2012,MOZ.11.7_1,Lugela,6138,6131.5277,128.0,0.020853698273053112,0.020875710816567652
2012,MOZ.11.8_1,Maganja da Costa,7671,7673.5545,179.0,0.02333463694433581,0.023326868827774426
2012,MOZ.11.9_1,Milange,9792,9782.3032,322.0,0.032883986928104576,0.03291658337585939
2012,MOZ.11.10_1,Mocuba,8769,8769.0015,1431.0,0.16318850496065687,0.16318847717184887
2012,MOZ.11.11_1,Mopeia,7621,7619.7906,318.0,0.041726807505576696,0.04173343014770913
2012,MOZ.11.12_1,Morrumbala,12880,12880.5037,315.0,0.024456521739130436,0.024455565404657743
2012,MOZ.11.13_1,Namacurra,2036,2035.9376,240.0,0.11787819253438114,0.11788180691838435
2012,MOZ.11.14_1,Namarroi,3057,3062.8738,0.0,0.0,0.0
2012,MOZ.11.15_1,Nicoadala,3479,3486.7693,2532.0,0.7277953434895085,0.7261736546030643
2012,MOZ.11.16_1,Pebane,10059,10061.99,207.0,0.020578586340590517,0.020572471261985005
2013,MOZ.1.1_1,Ancuabe,6256,6255.9618,420.0,0.06713554987212277,0.0671359597272981
2013,MOZ.1.2_1,Balama,5466,5468.3962,29.0,0.005305525064032199,0.005303200226353901
2013,MOZ.1.3_1,Chiúre,4742,4737.7771,0.0,0.0,0.0
2013,MOZ.1.4_1,Macomia,4799,4795.9992,222.0,0.04625963742446343,0.04628858190523982
2013,MOZ.1.5_1,Mecufi,512,514.5056,34.0,0.06640625,0.0660828571213206
2013,MOZ.1.6_1,Meluco,5725,5726.2891,43.0,0.007510917030567685,0.007509226210588848
2013,MOZ.1.7_1,Mocimboa da Praia,3456,3464.342,439.0,0.12702546296296297,0.12671958999905783
2013,MOZ.1.8_1,Montepuez,17757,17758.3815,501.0,0.028214225375908092,0.028212030476937076
2013,MOZ.1.9_1,Mueda,11284,11294.0996,160.0,0.014179369018078695,0.014166689316746606
2013,MOZ.1.10_1,Muidumbe,2018,2014.9393,0.0,0.0,0.0
2013,MOZ.1.11_1,Namuno,5982,5973.1312,0.0,0.0,0.0
2013,MOZ.1.12_1,Nangade,2881,2877.2767,122.0,0.04234640749739674,0.042401205986413774
2013,MOZ.1.13_1,Palma,3526,3522.4867,127.0,0.03601815087918321,0.036054074822079375
2013,MOZ.1.14_1,Pemba,1692,1691.1708,1754.0,1.0366430260047281,1.0371513172427302
2013,MOZ.1.15_1,Quissanga,1675,1679.0074,0.0,0.0,0.0
2013,MOZ.2.1_1,Bilene,2162,2163.0664,2167.0,1.0023126734505088,1.0018185432009001
2013,MOZ.2.2_1,Chibuto,5614,5607.7882,918.0,0.16351977199857498,0.1637009044451555
2013,MOZ.2.3_1,Chicualacuala,18112,18092.3523,196.0,0.010821554770318022,0.0108333066357186
2013,MOZ.2.4_1,Chigubo,15000,14995.8184,0.0,0.0,0.0
2013,MOZ.2.5_1,Chókwè,2440,2444.1617,2521.0,1.0331967213114754,1.0314374738760461
2013,MOZ.2.6_1,Guijá,4207,4202.4869,380.0,0.09032564772997385,0.09042264994612553
2013,MOZ.2.7_1,Mabalane,8937,8948.3005,186.0,0.02081235313863713,0.020786069904114808
2013,MOZ.2.8_1,Mandlakazi,3688,3693.0919,615.0,0.16675704989154014,0.1665271330544992
2013,MOZ.2.9_1,Massangena,7598,7603.3051,0.0,0.0,0.0
2013,MOZ.2.10_1,Massingir,5675,5683.9995,232.0,0.040881057268722466,0.040816330382493514
2013,MOZ.2.11_1,Xai-Xai,2027,2024.7886,4387.0,2.1642821904292058,2.166645913090052
2013,MOZ.3.1_1,Funhalouro,13548,13537.0113,68.0,0.005019191024505462,0.005023265358383182
2013,MOZ.3.2_1,Govuro,3994,3997.747,86.0,0.021532298447671506,0.02151211649503098
2013,MOZ.3.3_1,Homoine,2187,2202.4336,1576.0,0.7206218564243255,0.7155720856659602
2013,MOZ.3.4_1,Inharrime,2769,2770.6697,418.0,0.15095702419646082,0.15086605308869114
2013,MOZ.3.5_1,Inhassoro,4734,4729.6457,1517.0,0.3204478242501056,0.32074284388097524
2013,MOZ.3.6_1,Jangamo,1488,1484.8836,1605.0,1.0786290322580645,1.080892807899577
2013,MOZ.3.7_1,Mabote,15284,15279.1057,77.0,0.005037948181104423,0.0050395619555447
2013,MOZ.3.8_1,Massinga,7445,7448.4008,821.0,0.11027535258562794,0.11022500292841156
2013,MOZ.3.9_1,Morrumbene,2602,2599.4672,830.0,0.31898539584934665,0.31929619677107396
2013,MOZ.3.10_1,Panda,6840,6831.0558,86.0,0.012573099415204679,0.01258956183646614
2013,MOZ.3.11_1,Vilanculos,5818,5813.4347,751.0,0.12908215881746304,0.129183527808252
2013,MOZ.3.12_1,Zavala,2016,2014.459,217.0,0.1076388888888889,0.10772122675539325
2013,MOZ.4.1_1,Barue,5836,5830.8923,310.0,0.05311857436600411,0.053165104396137086
2013,MOZ.4.2_1,Gondola,5940,5937.2415,4054.0,0.6824915824915825,0.6828086792536945
2013,MOZ.4.3_1,Guro,6937,6935.2207,179.0,0.025803661525154967,0.025810281602295884
2013,MOZ.4.4_1,Machaze,13260,13263.2546,0.0,0.0,0.0
2013,MOZ.4.5_1,Macossa,9584,9573.5794,0.0,0.0,0.0
2013,MOZ.4.6_1,Manica,4441,4436.6048,1597.0,0.359603692861968,0.35995994191109243
2013,MOZ.4.7_1,Mossurize,5062,5058.9724,144.0,0.028447254049782694,0.028464278548674095
2013,MOZ.4.8_1,Sussundenga,7142,7148.8821,713.0,0.0998319798375805,0.09973587396696189
2013,MOZ.4.9_1,Tambara,4311,4319.7613,0.0,0.0,0.0
2013,MOZ.6.1_1,Boane,833,829.5281,8062.0,9.67827130852341,9.718779185446762
2013,MOZ.6.2_1,Magude,6943,6945.6062,566.0,0.08152095635892266,0.08149036725431115
2013,MOZ.6.3_1,Manhiça,2369,2368.3669,2836.0,1.1971295905445336,1.197449577366603
2013,MOZ.6.4_1,Marracuene,693,689.3484,3973.0,5.733044733044733,5.76341356990057
2013,MOZ.6.5_1,Matutuíne,5359,5371.4282,1156.0,0.21571188654599738,0.2152127791641138
2013,MOZ.6.6_1,Moamba,4542,4550.2827,2067.0,0.45508586525759576,0.45425749482966554
2013,MOZ.6.7_1,Namaacha,2162,2148.9072,992.0,0.4588344125809436,0.4616299918712004
2013,MOZ.5.1_1,Boane,165,167.9631,4878.0,29.563636363636363,29.042087465172518
2013,MOZ.5.2_1,Maputo,538,533.6154,17962.0,33.386617100371744,33.660946406555304
2013,MOZ.7.1_1,Angoche,3001,2995.9876,440.0,0.14661779406864378,0.1468630906379418
2013,MOZ.7.2_1,Erati,2706,2710.6135,0.0,0.0,0.0
2013,MOZ.7.3_1,Lalaua,4552,4540.6629,0.0,0.0,0.0
2013,MOZ.7.4_1,Malema,6044,6037.5257,281.0,0.046492389146260756,0.0465422446722515
2013,MOZ.7.5_1,Meconta,3695,3689.5498,475.0,0.12855209742895804,0.12874199383531065
2013,MOZ.7.6_1,Mecuburi,7189,7191.5197,36.0,0.005007650577270831,0.005005896039881938
2013,MOZ.7.7_1,Memba,3662,3655.7691,113.0,0.030857454942654287,0.030910048239955107
2013,MOZ.7.8_1,Mogovolas,4714,4715.0466,295.0,0.06257955027577429,0.06256565994156195
2013,MOZ.7.9_1,Moma,5773,5780.199,1399.0,0.24233500779490733,0.2420331900617346
2013,MOZ.7.10_1,Monapo,3531,3529.0805,705.0,0.19966015293118097,0.1997687490234337
2013,MOZ.7.11_1,Mongincual,4369,4376.4091,65.0,0.01487754634927901,0.014852359107386448
2013,MOZ.7.12_1,Mossuril,3532,3536.1004,460.0,0.13023782559456398,0.13008680334769987
2013,MOZ.7.13_1,Muecate,4090,4086.3671,124.0,0.030317848410757946,0.030344802015936718
2013,MOZ.7.14_1,Murrupula,3089,3088.6505,92.0,0.029783101327290385,0.02978647100302132
2013,MOZ.7.15_1,Nacala Velha,1437,1443.7967,3400.0,2.3660403618649966,2.354902148529417
2013,MOZ.7.16_1,Namapa,6508,6516.2117,180.0,0.027658266748617086,0.027623411820441535
2013,MOZ.7.17_1,Nampula,4003,4000.626,4537.0,1.1333999500374718,1.1340725200960198
2013,MOZ.7.18_1,Ribaue,6254,6269.8324,360.0,0.057563159577870164,0.057417803046862746
2013,MOZ.8.1_1,Cuamba,5350,5353.3997,748.0,0.13981308411214954,0.13972429427086444
2013,MOZ.8.2_1,Lago,12284,12293.6026,218.0,0.017746662324975578,0.017732800310730122
2013,MOZ.8.3_1,Lichinga,6759,6759.4321,1591.0,0.2353898505696109,0.23537480198244393
2013,MOZ.8.4_1,Majune,11323,11335.6173,0.0,0.0,0.0
2013,MOZ.8.5_1,Mandimba,3165,3155.5137,0.0,0.0,0.0
2013,MOZ.8.6_1,Marrupa,17482,17480.3507,137.0,0.007836631964306144,0.00783737137161426
2013,MOZ.8.7_1,Maúa,8103,8100.1574,124.0,0.015302974207083797,0.015308344475277106
2013,MOZ.8.8_1,Mavago,9086,9077.586,0.0,0.0,0.0
2013,MOZ.8.9_1,Mecanhelas,6589,6599.9521,267.0,0.040522082258309305,0.04045483888016538
2013,MOZ.8.10_1,Mecula,18047,18046.476,0.0,0.0,0.0
2013,MOZ.8.11_1,Metarica,4865,4850.8923,60.0,0.012332990750256937,0.012368858406434542
2013,MOZ.8.12_1,Muembe,5833,5831.8015,0.0,0.0,0.0
2013,MOZ.8.13_1,N'gauma,2995,2995.7859,0.0,0.0,0.0
2013,MOZ.8.14_1,Nipepe,4989,4994.2774,0.0,0.0,0.0
2013,MOZ.8.15_1,Sanga,12365,12363.2882,0.0,0.0,0.0
2013,MOZ.9.1_1,Buzi,7482,7481.6756,1176.0,0.15717722534081796,0.15718404006191986
2013,MOZ.9.2_1,Caia,3510,3507.0462,642.0,0.1829059829059829,0.18306003275409677
2013,MOZ.9.3_1,Chemba,3984,3983.8933,128.0,0.0321285140562249,0.03212937441441022
2013,MOZ.9.4_1,Cheringoma,7171,7174.2611,183.0,0.02551945335378608,0.025507853386063123
2013,MOZ.9.5_1,Chibabava,6767,6768.7895,218.0,0.032215161814688933,0.03220664496866068
2013,MOZ.9.6_1,Dondo,2984,2991.2235,8861.0,2.969504021447721,2.962332941869009
2013,MOZ.9.7_1,Gorongosa,6752,6757.2519,300.0,0.04443127962085308,0.044396746543777135
2013,MOZ.9.8_1,Machanga,5714,5722.3008,69.0,0.01207560378018901,0.012058086866077457
2013,MOZ.9.9_1,Maringue,6176,6181.6455,0.0,0.0,0.0
2013,MOZ.9.10_1,Marromeu,5972,5967.5985,359.0,0.060113864701942396,0.06015820289996977
2013,MOZ.9.11_1,Muanza,7528,7520.2983,0.0,0.0,0.0
2013,MOZ.9.12_1,Nhamatanda,4020,4016.3144,839.0,0.20870646766169154,0.20889799039273
2013,MOZ.10.1_1,Angónia,3290,3289.6984,379.0,0.11519756838905774,0.11520812861697227
2013,MOZ.10.2_1,Cahora Bassa,8880,8872.9951,1743.0,0.19628378378378378,0.1964387423946323
2013,MOZ.10.3_1,Changara,9132,9136.5315,4518.0,0.4947437582128778,0.4944983754465781
2013,MOZ.10.4_1,Chifunde,9416,9410.3701,0.0,0.0,0.0
2013,MOZ.10.5_1,Chiuta,6695,6699.1028,82.0,0.012247946228528752,0.012240445138280492
2013,MOZ.10.6_1,Macanga,7200,7187.6956,95.0,0.013194444444444444,0.013217031623340748
2013,MOZ.10.7_1,Magoe,8608,8620.3958,133.0,0.015450743494423791,0.015428525996879824
2013,MOZ.10.8_1,Maravia,16892,16893.7605,128.0,0.007577551503670376,0.007576761858298066
2013,MOZ.10.9_1,Moatize,8888,8885.0823,4027.0,0.4530828082808281,0.45323159331876306
2013,MOZ.10.10_1,Mutarara,6379,6378.5717,148.0,0.023201128703558553,0.023202686526288836
2013,MOZ.10.11_1,Tsangano,3629,3624.3899,0.0,0.0,0.0
2013,MOZ.10.12_1,Zumbu,11964,11971.0275,29.0,0.002423938482113006,0.00242251553157152
2013,MOZ.11.1_1,Alto Molocue,6315,6309.8954,508.0,0.08044338875692796,0.08050846594490607
2013,MOZ.11.2_1,Chinde,4123,4118.286,98.0,0.023769100169779286,0.023796307491785035
2013,MOZ.11.3_1,Gile,8975,8970.9551,110.0,0.012256267409470752,0.012261793658485974
2013,MOZ.11.4_1,Gurue,5636,5647.1391,303.0,0.05376153300212917,0.05365548738362506
2013,MOZ.11.5_1,Ile,5645,5651.6473,73.0,0.012931798051372897,0.012916588099729136
2013,MOZ.11.6_1,Inhassunge,764,763.9807,309.0,0.40445026178010474,0.40446049490417535
2013,MOZ.11.7_1,Lugela,6138,6131.5277,201.0,0.03274682306940371,0.032781389641641394
2013,MOZ.11.8_1,Maganja da Costa,7671,7673.5545,240.0,0.03128666405944466,0.031276248707630516
2013,MOZ.11.9_1,Milange,9792,9782.3032,332.0,0.03390522875816993,0.03393883751796683
2013,MOZ.11.10_1,Mocuba,8769,8769.0015,1543.0,0.17596077089747975,0.17596074093372663
2013,MOZ.11.11_1,Mopeia,7621,7619.7906,310.0,0.04067707649914709,0.04068353253393028
2013,MOZ.11.12_1,Morrumbala,12880,12880.5037,328.0,0.02546583850931677,0.02546484270707219
2013,MOZ.11.13_1,Namacurra,2036,2035.9376,315.0,0.15471512770137524,0.15471987158037945
2013,MOZ.11.14_1,Namarroi,3057,3062.8738,0.0,0.0,0.0
2013,MOZ.11.15_1,Nicoadala,3479,3486.7693,2743.0,0.7884449554469675,0.7866881258199863
2013,MOZ.11.16_1,Pebane,10059,10061.99,160.0,0.01590615369321006,0.01590142706240387
2014,MOZ.1.1_1,Ancuabe,6256,6255.9618,496.21904850006104,0.07931890161445988,0.07931938584766259
2014,MOZ.1.2_1,Balama,5466,5468.3962,41.0,0.007500914745700695,0.007497627906224481
2014,MOZ.1.3_1,Chiúre,4742,4737.7771,0.0,0.0,0.0
2014,MOZ.1.4_1,Macomia,4799,4795.9992,222.5,0.04636382579704105,0.04639283546808946
2014,MOZ.1.5_1,Mecufi,512,514.5056,43.0,0.083984375,0.0835753781240231
2014,MOZ.1.6_1,Meluco,5725,5726.2891,43.0,0.007510917030567685,0.007509226210588848
2014,MOZ.1.7_1,Mocimboa da Praia,3456,3464.342,467.6090898513794,0.1353035560912556,0.13497774976264096
2014,MOZ.1.8_1,Montepuez,17757,17758.3815,564.6119048595428,0.03179658190344894,0.031794108318440956
2014,MOZ.1.9_1,Mueda,11284,11294.0996,182.4166660308838,0.016165957641872012,0.016151501461601592
2014,MOZ.1.10_1,Muidumbe,2018,2014.9393,0.0,0.0,0.0
2014,MOZ.1.11_1,Namuno,5982,5973.1312,0.0,0.0,0.0
2014,MOZ.1.12_1,Nangade,2881,2877.2767,118.0,0.040958000694203404,0.04101100251144939
2014,MOZ.1.13_1,Palma,3526,3522.4867,205.0,0.05813953488372093,0.058197522350600564
2014,MOZ.1.14_1,Pemba,1692,1691.1708,1948.0116121768951,1.151307099395328,1.1518716132117455
2014,MOZ.1.15_1,Quissanga,1675,1679.0074,0.0,0.0,0.0
2014,MOZ.2.1_1,Bilene,2162,2163.0664,2375.9493379592896,1.0989589907304762,1.0984172148008855
2014,MOZ.2.2_1,Chibuto,5614,5607.7882,964.8293676376343,0.17186130524361137,0.1720516776879392
2014,MOZ.2.3_1,Chicualacuala,18112,18092.3523,183.0,0.010103798586572439,0.010114770991512773
2014,MOZ.2.4_1,Chigubo,15000,14995.8184,21.0,0.0014,0.001400390396051987
2014,MOZ.2.5_1,Chókwè,2440,2444.1617,2704.050407409668,1.1082173800859294,1.1063303932773192
2014,MOZ.2.6_1,Guijá,4207,4202.4869,428.6666669845581,0.10189366935691897,0.10200309466399227
2014,MOZ.2.7_1,Mabalane,8937,8948.3005,219.00000047683716,0.024504867458524916,0.024473921069423192
2014,MOZ.2.8_1,Mandlakazi,3688,3693.0919,666.1523842811584,0.18062700224543343,0.18037796216546398
2014,MOZ.2.9_1,Massangena,7598,7603.3051,0.0,0.0,0.0
2014,MOZ.2.10_1,Massingir,5675,5683.9995,285.65000200271606,0.05033480211501604,0.0502551071357879
2014,MOZ.2.11_1,Xai-Xai,2027,2024.7886,4495.762358665466,2.2179390027950006,2.220361326789748
2014,MOZ.3.1_1,Funhalouro,13548,13537.0113,68.0,0.005019191024505462,0.005023265358383182
2014,MOZ.3.2_1,Govuro,3994,3997.747,106.0,0.026539809714571858,0.02651493428457307
2014,MOZ.3.3_1,Homoine,2187,2202.4336,1631.2185549736023,0.7458703955069055,0.7406436951519507
2014,MOZ.3.4_1,Inharrime,2769,2770.6697,454.5833339691162,0.1641687735533103,0.16406984065985383
2014,MOZ.3.5_1,Inhassoro,4734,4729.6457,1556.288890838623,0.3287471252299584,0.3290497855952199
2014,MOZ.3.6_1,Jangamo,1488,1484.8836,1712.4066443443298,1.1508109168980711,1.1532261844680594
2014,MOZ.3.7_1,Mabote,15284,15279.1057,68.0,0.004449097095001309,0.0044505222464550605
2014,MOZ.3.8_1,Massinga,7445,7448.4008,832.0023822784424,0.1117531742482797,0.1117021498454162
2014,MOZ.3.9_1,Morrumbene,2602,2599.4672,854.9833345413208,0.3285869848352501,0.3289071409899934
2014,MOZ.3.10_1,Panda,6840,6831.0558,166.5,0.024342105263157894,0.024373977276414098
2014,MOZ.3.11_1,Vilanculos,5818,5813.4347,771.7805547714233,0.13265392828659733,0.1327581022092974
2014,MOZ.3.12_1,Zavala,2016,2014.459,253.0833339691162,0.1255373680402362,0.12563339726496814
2014,MOZ.4.1_1,Barue,5836,5830.8923,325.8333349227905,0.0558316201032883,0.05588052666745696
2014,MOZ.4.2_1,Gondola,5940,5937.2415,4285.948239803314,0.7215401077109956,0.7218753470571775
2014,MOZ.4.3_1,Guro,6937,6935.2207,203.0,0.029263370332996974,0.029270878018246172
2014,MOZ.4.4_1,Machaze,13260,13263.2546,36.0,0.0027149321266968325,0.0027142659254835314
2014,MOZ.4.5_1,Macossa,9584,9573.5794,0.0,0.0,0.0
2014,MOZ.4.6_1,Manica,4441,4436.6048,1612.0,0.36298131051564964,0.36334090567356353
2014,MOZ.4.7_1,Mossurize,5062,5058.9724,133.0,0.02627419992097985,0.026289923937317047
2014,MOZ.4.8_1,Sussundenga,7142,7148.8821,716.4166684150696,0.10031037082260845,0.10021380441637602
2014,MOZ.4.9_1,Tambara,4311,4319.7613,0.0,0.0,0.0
2014,MOZ.6.1_1,Boane,833,829.5281,8918.273895740509,10.706211159352351,10.751021422480285
2014,MOZ.6.2_1,Magude,6943,6945.6062,598.3202381134033,0.0861760389044222,0.0861437030734066
2014,MOZ.6.3_1,Manhiça,2369,2368.3669,3225.3033986091614,1.3614619664876155,1.3618258785414696
2014,MOZ.6.4_1,Marracuene,693,689.3484,4344.789225101471,6.269537121358544,6.3027478425138685
2014,MOZ.6.5_1,Matutuíne,5359,5371.4282,1254.2500038146973,0.2340455315944574,0.2335040044010046
2014,MOZ.6.6_1,Moamba,4542,4550.2827,2403.232759952545,0.5291133333228853,0.5281502143341201
2014,MOZ.6.7_1,Namaacha,2162,2148.9072,1192.2595252990723,0.5514613900550751,0.5548213255767862
2014,MOZ.5.1_1,Boane,165,167.9631,5194.164566993713,31.479785254507355,30.92443248526678
2014,MOZ.5.2_1,Maputo,538,533.6154,18437.37861442566,34.27022047291015,34.55181012234445
2014,MOZ.7.1_1,Angoche,3001,2995.9876,471.83333349227905,0.1572253693743016,0.15748841277881548
2014,MOZ.7.2_1,Erati,2706,2710.6135,43.0,0.015890613451589063,0.015863567434497367
2014,MOZ.7.3_1,Lalaua,4552,4540.6629,0.0,0.0,0.0
2014,MOZ.7.4_1,Malema,6044,6037.5257,341.3333339691162,0.056474740894956355,0.056535300869700864
2014,MOZ.7.5_1,Meconta,3695,3689.5498,503.23611068725586,0.13619380532808006,0.13639499002064087
2014,MOZ.7.6_1,Mecuburi,7189,7191.5197,42.0,0.005842259006815969,0.005840212046528927
2014,MOZ.7.7_1,Memba,3662,3655.7691,115.0,0.031403604587657015,0.03145712873977732
2014,MOZ.7.8_1,Mogovolas,4714,4715.0466,317.2500009536743,0.06729953350735561,0.0672845955122976
2014,MOZ.7.9_1,Moma,5773,5780.199,1758.8803544044495,0.3046735413830676,0.30429408371223965
2014,MOZ.7.10_1,Monapo,3531,3529.0805,730.2869052886963,0.2068215534660709,0.2069340446776137
2014,MOZ.7.11_1,Mongincual,4369,4376.4091,97.0,0.022201876859693295,0.022164289744869007
2014,MOZ.7.12_1,Mossuril,3532,3536.1004,551.5000009536743,0.15614382812957936,0.1559627655876455
2014,MOZ.7.13_1,Muecate,4090,4086.3671,158.75,0.03881418092909535,0.03884868806475769
2014,MOZ.7.14_1,Murrupula,3089,3088.6505,107.66666793823242,0.034854861747566336,0.03485880524493571
2014,MOZ.7.15_1,Nacala Velha,1437,1443.7967,4106.425596952438,2.8576378545250094,2.844185429717497
2014,MOZ.7.16_1,Namapa,6508,6516.2117,178.0,0.027350952673632453,0.02731648502243663
2014,MOZ.7.17_1,Nampula,4003,4000.626,4653.600078582764,1.162528123553026,1.163217978540311
2014,MOZ.7.18_1,Ribaue,6254,6269.8324,379.0,0.060601215222257754,0.06044818709655828
2014,MOZ.8.1_1,Cuamba,5350,5353.3997,834.3649363517761,0.15595606286949087,0.15585702125147946
2014,MOZ.8.2_1,Lago,12284,12293.6026,176.5,0.014368283946597199,0.014357060802036085
2014,MOZ.8.3_1,Lichinga,6759,6759.4321,1799.5740154981613,0.2662485597718836,0.26623153837248975
2014,MOZ.8.4_1,Majune,11323,11335.6173,0.0,0.0,0.0
2014,MOZ.8.5_1,Mandimba,3165,3155.5137,0.0,0.0,0.0
2014,MOZ.8.6_1,Marrupa,17482,17480.3507,148.16666793823242,0.008475384277441506,0.008476183952748753
2014,MOZ.8.7_1,Maúa,8103,8100.1574,136.0,0.0167839071948661,0.016789797166432953
2014,MOZ.8.8_1,Mavago,9086,9077.586,27.0,0.002971604666519921,0.002974359039394496
2014,MOZ.8.9_1,Mecanhelas,6589,6599.9521,282.05000019073486,0.04280619216735997,0.042735158478901844
2014,MOZ.8.10_1,Mecula,18047,18046.476,101.0,0.005596498032914058,0.005596660539097993
2014,MOZ.8.11_1,Metarica,4865,4850.8923,70.0,0.014388489208633094,0.014430334807506967
2014,MOZ.8.12_1,Muembe,5833,5831.8015,15.0,0.002571575518601063,0.0025721040017083027
2014,MOZ.8.13_1,N'gauma,2995,2995.7859,0.0,0.0,0.0
2014,MOZ.8.14_1,Nipepe,4989,4994.2774,0.0,0.0,0.0
2014,MOZ.8.15_1,Sanga,12365,12363.2882,0.0,0.0,0.0
2014,MOZ.9.1_1,Buzi,7482,7481.6756,1199.3991222381592,0.16030461403878096,0.1603115643538387
2014,MOZ.9.2_1,Caia,3510,3507.0462,725.6178598403931,0.206728734997263,0.20690284920457935
2014,MOZ.9.3_1,Chemba,3984,3983.8933,136.0,0.03413654618473896,0.034137460315310855
2014,MOZ.9.4_1,Cheringoma,7171,7174.2611,198.5,0.027680937107795286,0.02766835462914497
2014,MOZ.9.5_1,Chibabava,6767,6768.7895,235.0,0.03472735333234816,0.03471817232860211
2014,MOZ.9.6_1,Dondo,2984,2991.2235,9118.598330378532,3.05583053967109,3.0484509894765908
2014,MOZ.9.7_1,Gorongosa,6752,6757.2519,314.0,0.04650473933649289,0.046468594715820065
2014,MOZ.9.8_1,Machanga,5714,5722.3008,69.0,0.01207560378018901,0.012058086866077457
2014,MOZ.9.9_1,Maringue,6176,6181.6455,0.0,0.0,0.0
2014,MOZ.9.10_1,Marromeu,5972,5967.5985,429.18867433071136,0.07186682423488135,0.07191983106617265
2014,MOZ.9.11_1,Muanza,7528,7520.2983,0.0,0.0,0.0
2014,MOZ.9.12_1,Nhamatanda,4020,4016.3144,829.9880962371826,0.2064647005565131,0.20665416609515522
2014,MOZ.10.1_1,Angónia,3290,3289.6984,395.3333339691162,0.12016210758939702,0.12017312291949972
2014,MOZ.10.2_1,Cahora Bassa,8880,8872.9951,1780.25,0.20047860360360362,0.20063687386577403
2014,MOZ.10.3_1,Changara,9132,9136.5315,4977.919156074524,0.5451072225223964,0.5448368605097949
2014,MOZ.10.4_1,Chifunde,9416,9410.3701,0.0,0.0,0.0
2014,MOZ.10.5_1,Chiuta,6695,6699.1028,82.0,0.012247946228528752,0.012240445138280492
2014,MOZ.10.6_1,Macanga,7200,7187.6956,100.0,0.013888888888888888,0.013912664866674472
2014,MOZ.10.7_1,Magoe,8608,8620.3958,154.5,0.017948420074349443,0.01792261102645062
2014,MOZ.10.8_1,Maravia,16892,16893.7605,147.0,0.008702344304996447,0.008701437446639185
2014,MOZ.10.9_1,Moatize,8888,8885.0823,4231.834790229797,0.47612902680353253,0.47628537984544933
2014,MOZ.10.10_1,Mutarara,6379,6378.5717,187.0666675567627,0.029325390744123325,0.02932735977592602
2014,MOZ.10.11_1,Tsangano,3629,3624.3899,0.0,0.0,0.0
2014,MOZ.10.12_1,Zumbu,11964,11971.0275,29.0,0.002423938482113006,0.00242251553157152
2014,MOZ.11.1_1,Alto Molocue,6315,6309.8954,618.8500003814697,0.09799683299785744,0.09807611059196195
2014,MOZ.11.2_1,Chinde,4123,4118.286,100.0,0.02425418384671356,0.02428194642018881
2014,MOZ.11.3_1,Gile,8975,8970.9551,110.0,0.012256267409470752,0.012261793658485974
2014,MOZ.11.4_1,Gurue,5636,5647.1391,339.53333377838135,0.060243671713694345,0.06012483995665378
2014,MOZ.11.5_1,Ile,5645,5651.6473,44.0,0.007794508414526129,0.0077853407724394795
2014,MOZ.11.6_1,Inhassunge,764,763.9807,312.0,0.4083769633507853,0.4083872958255751
2014,MOZ.11.7_1,Lugela,6138,6131.5277,199.45000076293945,0.03249429794117619,0.03252859795540095
2014,MOZ.11.8_1,Maganja da Costa,7671,7673.5545,289.0833339691162,0.03768522147948328,0.03767267604353788
2014,MOZ.11.9_1,Milange,9792,9782.3032,335.3690481185913,0.03424929004479078,0.03428323985738575
2014,MOZ.11.10_1,Mocuba,8769,8769.0015,1691.0543985366821,0.19284461153343394,0.1928445786945898
2014,MOZ.11.11_1,Mopeia,7621,7619.7906,331.5833339691162,0.04350916336033542,0.04351606888787616
2014,MOZ.11.12_1,Morrumbala,12880,12880.5037,368.32222175598145,0.028596445788507875,0.02859532756870558
2014,MOZ.11.13_1,Namacurra,2036,2035.9376,369.8833360671997,0.1816715796007857,0.18167715001917292
2014,MOZ.11.14_1,Namarroi,3057,3062.8738,0.0,0.0,0.0
2014,MOZ.11.15_1,Nicoadala,3479,3486.7693,2914.408417701721,0.837714405778017,0.8358477929259055
2014,MOZ.11.16_1,Pebane,10059,10061.99,162.0,0.016104980614375188,0.016100194900683918
2015,MOZ.1.1_1,Ancuabe,6256,6255.9618,476.21904850006104,0.07612197066816832,0.07612243538445791
2015,MOZ.1.2_1,Balama,5466,5468.3962,74.5,0.01362971094035858,0.01362373851252985
2015,MOZ.1.3_1,Chiúre,4742,4737.7771,0.0,0.0,0.0
2015,MOZ.1.4_1,Macomia,4799,4795.9992,187.5,0.039070639716607625,0.03909508606861471
2015,MOZ.1.5_1,Mecufi,512,514.5056,43.0,0.083984375,0.0835753781240231
2015,MOZ.1.6_1,Meluco,5725,5726.2891,43.0,0.007510917030567685,0.007509226210588848
2015,MOZ.1.7_1,Mocimboa da Praia,3456,3464.342,459.1090898513794,0.13284406535051488,0.1325241813913608
2015,MOZ.1.8_1,Montepuez,17757,17758.3815,851.2222239971161,0.047937276792088535,0.047933547556991606
2015,MOZ.1.9_1,Mueda,11284,11294.0996,205.58333325386047,0.018219012163582106,0.01820272006817889
2015,MOZ.1.10_1,Muidumbe,2018,2014.9393,0.0,0.0,0.0
2015,MOZ.1.11_1,Namuno,5982,5973.1312,0.0,0.0,0.0
2015,MOZ.1.12_1,Nangade,2881,2877.2767,118.0,0.040958000694203404,0.04101100251144939
2015,MOZ.1.13_1,Palma,3526,3522.4867,285.33333349227905,0.0809226697368914,0.08100338074774768
2015,MOZ.1.14_1,Pemba,1692,1691.1708,1957.8526318073273,1.1571233048506662,1.1576906704937946
2015,MOZ.1.15_1,Quissanga,1675,1679.0074,0.0,0.0,0.0
2015,MOZ.2.1_1,Bilene,2162,2163.0664,2326.5444173812866,1.0761075011014276,1.0755769907305528
2015,MOZ.2.2_1,Chibuto,5614,5607.7882,843.8293676376343,0.1503080455357382,0.15047454322403525
2015,MOZ.2.3_1,Chicualacuala,18112,18092.3523,183.0,0.010103798586572439,0.010114770991512773
2015,MOZ.2.4_1,Chigubo,15000,14995.8184,25.0,0.0016666666666666668,0.001667131423871413
2015,MOZ.2.5_1,Chókwè,2440,2444.1617,2730.146244764328,1.1189123953952165,1.1170071979420437
2015,MOZ.2.6_1,Guijá,4207,4202.4869,483.8333339691162,0.11500673495819258,0.1151302426046217
2015,MOZ.2.7_1,Mabalane,8937,8948.3005,222.00000047683716,0.024840550573664223,0.02480918026142504
2015,MOZ.2.8_1,Mandlakazi,3688,3693.0919,610.3190522193909,0.16548781242391292,0.16525964555225098
2015,MOZ.2.9_1,Massangena,7598,7603.3051,0.0,0.0,0.0
2015,MOZ.2.10_1,Massingir,5675,5683.9995,347.7333359718323,0.061274596647018904,0.06117758071565915
2015,MOZ.2.11_1,Xai-Xai,2027,2024.7886,4298.993129730225,2.120864888865429,2.1231811932829276
2015,MOZ.3.1_1,Funhalouro,13548,13537.0113,80.0,0.00590493061706525,0.005909723951039038
2015,MOZ.3.2_1,Govuro,3994,3997.747,110.6666669845581,0.02770822908977419,0.02768225851498387
2015,MOZ.3.3_1,Homoine,2187,2202.4336,1766.7442388534546,0.8078391581405828,0.8021782105550037
2015,MOZ.3.4_1,Inharrime,2769,2770.6697,454.5833339691162,0.1641687735533103,0.16406984065985383
2015,MOZ.3.5_1,Inhassoro,4734,4729.6457,1533.9931945800781,0.32403743020280484,0.32433575459701813
2015,MOZ.3.6_1,Jangamo,1488,1484.8836,1791.0673594474792,1.2036743007039512,1.2062005154457738
2015,MOZ.3.7_1,Mabote,15284,15279.1057,43.0,0.0028133996336037687,0.0028143008323171705
2015,MOZ.3.8_1,Massinga,7445,7448.4008,824.0023822784424,0.11067862757265848,0.11062809378764848
2015,MOZ.3.9_1,Morrumbene,2602,2599.4672,863.566668510437,0.3318857296350642,0.332209099895963
2015,MOZ.3.10_1,Panda,6840,6831.0558,130.0,0.019005847953216373,0.01903073300861161
2015,MOZ.3.11_1,Vilanculos,5818,5813.4347,794.9519863128662,0.13663664254260333,0.13674394411461163
2015,MOZ.3.12_1,Zavala,2016,2014.459,261.5833339691162,0.12975363788150607,0.12985289232220704
2015,MOZ.4.1_1,Barue,5836,5830.8923,377.52143263816833,0.06468838804629341,0.0647450528322176
2015,MOZ.4.2_1,Gondola,5940,5937.2415,4672.303961992264,0.7865831585845562,0.7869486179969762
2015,MOZ.4.3_1,Guro,6937,6935.2207,240.33333480358124,0.03464513980158299,0.03465402821061056
2015,MOZ.4.4_1,Machaze,13260,13263.2546,62.0,0.004675716440422323,0.004674569093888304
2015,MOZ.4.5_1,Macossa,9584,9573.5794,31.0,0.0032345575959933223,0.003238078346464172
2015,MOZ.4.6_1,Manica,4441,4436.6048,1761.6388919353485,0.3966761747208621,0.39706915041287993
2015,MOZ.4.7_1,Mossurize,5062,5058.9724,134.6666669845581,0.026603450609355612,0.026619371668541635
2015,MOZ.4.8_1,Sussundenga,7142,7148.8821,765.583336353302,0.10719453043311425,0.10709133681029329
2015,MOZ.4.9_1,Tambara,4311,4319.7613,46.0,0.010670378102528416,0.010648736642622735
2015,MOZ.6.1_1,Boane,833,829.5281,9305.372797966003,11.170915723848744,11.217670982596687
2015,MOZ.6.2_1,Magude,6943,6945.6062,692.926194190979,0.09980213080670877,0.09976468205787103
2015,MOZ.6.3_1,Manhiça,2369,2368.3669,3279.65454685688,1.3844046208766907,1.3847746653886561
2015,MOZ.6.4_1,Marracuene,693,689.3484,4785.233834266663,6.905099327946122,6.941676721761848
2015,MOZ.6.5_1,Matutuíne,5359,5371.4282,1346.3333394527435,0.25122846416360206,0.25064717964094047
2015,MOZ.6.6_1,Moamba,4542,4550.2827,3023.937974691391,0.6657723414115788,0.6645604687487199
2015,MOZ.6.7_1,Namaacha,2162,2148.9072,1110.9178590774536,0.5138380476768981,0.5169687522736858
2015,MOZ.5.1_1,Boane,165,167.9631,5506.385475158691,33.37203318277995,32.783298193217355
2015,MOZ.5.2_1,Maputo,538,533.6154,18746.037312030792,34.843935524220804,35.130239243711976
2015,MOZ.7.1_1,Angoche,3001,2995.9876,422.83333349227905,0.14089747867120261,0.14113320495777196
2015,MOZ.7.2_1,Erati,2706,2710.6135,46.0,0.016999260901699925,0.01697032795318323
2015,MOZ.7.3_1,Lalaua,4552,4540.6629,0.0,0.0,0.0
2015,MOZ.7.4_1,Malema,6044,6037.5257,386.6666679382324,0.06397529251128928,0.06404389560777736
2015,MOZ.7.5_1,Meconta,3695,3689.5498,517.5694444179535,0.14007292135803884,0.14027983625810808
2015,MOZ.7.6_1,Mecuburi,7189,7191.5197,66.0,0.009180692724996522,0.009177476073116886
2015,MOZ.7.7_1,Memba,3662,3655.7691,127.0,0.0346805024576734,0.0347396117387106
2015,MOZ.7.8_1,Mogovolas,4714,4715.0466,309.7500009536743,0.06570852799186981,0.06569394314090195
2015,MOZ.7.9_1,Moma,5773,5780.199,1750.5007801055908,0.3032220301585988,0.3028443802819951
2015,MOZ.7.10_1,Monapo,3531,3529.0805,731.8869047164917,0.2072746827291112,0.20738742039978236
2015,MOZ.7.11_1,Mongincual,4369,4376.4091,113.0,0.025864042114900433,0.025820255063610284
2015,MOZ.7.12_1,Mossuril,3532,3536.1004,578.5000009536743,0.16378822224056463,0.1635982953493583
2015,MOZ.7.13_1,Muecate,4090,4086.3671,161.75,0.03954767726161369,0.039582836500627126
2015,MOZ.7.14_1,Murrupula,3089,3088.6505,173.50000166893005,0.05616704489120429,0.05617339966017104
2015,MOZ.7.15_1,Nacala Velha,1437,1443.7967,4428.854702472687,3.082014406731167,3.0675057218757473
2015,MOZ.7.16_1,Namapa,6508,6516.2117,167.0,0.025660725261216964,0.025628387633409647
2015,MOZ.7.17_1,Nampula,4003,4000.626,4844.459127902985,1.210207126630773,1.2109252747813763
2015,MOZ.7.18_1,Ribaue,6254,6269.8324,442.5,0.07075471698113207,0.07057604957843547
2015,MOZ.8.1_1,Cuamba,5350,5353.3997,841.8762998580933,0.15736005604824174,0.1572601228088753
2015,MOZ.8.2_1,Lago,12284,12293.6026,157.0,0.012780853142298926,0.012770869948553344
2015,MOZ.8.3_1,Lichinga,6759,6759.4321,1821.8954437971115,0.26955103473843933,0.2695338022102212
2015,MOZ.8.4_1,Majune,11323,11335.6173,0.0,0.0,0.0
2015,MOZ.8.5_1,Mandimba,3165,3155.5137,0.0,0.0,0.0
2015,MOZ.8.6_1,Marrupa,17482,17480.3507,158.50000190734863,0.009066468476567249,0.009067323922258829
2015,MOZ.8.7_1,Maúa,8103,8100.1574,141.5,0.017462668147599655,0.01746879631654605
2015,MOZ.8.8_1,Mavago,9086,9077.586,21.0,0.0023112480739599386,0.002313390363973497
2015,MOZ.8.9_1,Mecanhelas,6589,6599.9521,354.7500010728836,0.05383973305097642,0.05375039002300375
2015,MOZ.8.10_1,Mecula,18047,18046.476,65.0,0.003601706654845681,0.0036018112380333616
2015,MOZ.8.11_1,Metarica,4865,4850.8923,98.0,0.02014388489208633,0.020202468730509755
2015,MOZ.8.12_1,Muembe,5833,5831.8015,25.5,0.004371678381621807,0.004372576802904115
2015,MOZ.8.13_1,N'gauma,2995,2995.7859,4.0,0.001335559265442404,0.0013352089112528527
2015,MOZ.8.14_1,Nipepe,4989,4994.2774,0.0,0.0,0.0
2015,MOZ.8.15_1,Sanga,12365,12363.2882,0.0,0.0,0.0
2015,MOZ.9.1_1,Buzi,7482,7481.6756,1195.3324559926987,0.15976108740880762,0.15976801415822228
2015,MOZ.9.2_1,Caia,3510,3507.0462,748.7724441289902,0.21332548265783197,0.2135051528779097
2015,MOZ.9.3_1,Chemba,3984,3983.8933,143.50000047683716,0.036019076424908925,0.03602004096709645
2015,MOZ.9.4_1,Cheringoma,7171,7174.2611,224.43333435058594,0.03129735522947789,0.031283128893770655
2015,MOZ.9.5_1,Chibabava,6767,6768.7895,230.9166669845581,0.03412393482851457,0.034114913352835376
2015,MOZ.9.6_1,Dondo,2984,2991.2235,9722.327297568321,3.2581525796140487,3.2502844402684725
2015,MOZ.9.7_1,Gorongosa,6752,6757.2519,324.60000014305115,0.04807464457094952,0.04803727978153688
2015,MOZ.9.8_1,Machanga,5714,5722.3008,74.0,0.01295064753237662,0.012931861276662779
2015,MOZ.9.9_1,Maringue,6176,6181.6455,26.0,0.0042098445595854924,0.004205999869384487
2015,MOZ.9.10_1,Marromeu,5972,5967.5985,447.18867444992065,0.07488088989449442,0.07493611981093831
2015,MOZ.9.11_1,Muanza,7528,7520.2983,36.0,0.004782146652497344,0.004787044182397592
2015,MOZ.9.12_1,Nhamatanda,4020,4016.3144,1019.630955696106,0.2536395412179368,0.2538722974816868
2015,MOZ.10.1_1,Angónia,3290,3289.6984,483.31190848350525,0.14690331564848183,0.14691678236063854
2015,MOZ.10.2_1,Cahora Bassa,8880,8872.9951,1999.1717199087143,0.22513195044017054,0.22530968358564654
2015,MOZ.10.3_1,Changara,9132,9136.5315,5900.45214176178,0.6461292314675624,0.6458087646085618
2015,MOZ.10.4_1,Chifunde,9416,9410.3701,2.0,0.00021240441801189465,0.00021253149135896205
2015,MOZ.10.5_1,Chiuta,6695,6699.1028,111.0,0.01657953696788648,0.016569383053038227
2015,MOZ.10.6_1,Macanga,7200,7187.6956,127.0,0.017638888888888888,0.01766908438067658
2015,MOZ.10.7_1,Magoe,8608,8620.3958,182.5,0.021201208178438662,0.021170721762635847
2015,MOZ.10.8_1,Maravia,16892,16893.7605,193.66666793823242,0.011464993365985818,0.01146379861607872
2015,MOZ.10.9_1,Moatize,8888,8885.0823,5063.784798502922,0.5697327631078896,0.5699198540970477
2015,MOZ.10.10_1,Mutarara,6379,6378.5717,183.16666793823242,0.028714009709708797,0.028715937690781394
2015,MOZ.10.11_1,Tsangano,3629,3624.3899,14.0,0.0038578120694406173,0.0038627190752731477
2015,MOZ.10.12_1,Zumbu,11964,11971.0275,32.00000047683716,0.0026746907787393143,0.0026731206263942778
2015,MOZ.11.1_1,Alto Molocue,6315,6309.8954,618.8500003814697,0.09799683299785744,0.09807611059196195
2015,MOZ.11.2_1,Chinde,4123,4118.286,83.0,0.020130972592772252,0.020154015528756713
2015,MOZ.11.3_1,Gile,8975,8970.9551,131.5000023841858,0.014651810850605658,0.014658417230229998
2015,MOZ.11.4_1,Gurue,5636,5647.1391,343.3333339691162,0.060917908795088044,0.06079774709293018
2015,MOZ.11.5_1,Ile,5645,5651.6473,63.0,0.011160318866253321,0.011147192469629254
2015,MOZ.11.6_1,Inhassunge,764,763.9807,315.5,0.4129581151832461,0.4129685635672082
2015,MOZ.11.7_1,Lugela,6138,6131.5277,180.45000076293945,0.02939882710376987,0.02942985963106669
2015,MOZ.11.8_1,Maganja da Costa,7671,7673.5545,265.0833339691162,0.03455655507353881,0.03454505117277483
2015,MOZ.11.9_1,Milange,9792,9782.3032,363.321036696434,0.03710386404171099,0.03714064346776969
2015,MOZ.11.10_1,Mocuba,8769,8769.0015,1706.0282106399536,0.19455219644656788,0.19455216331694497
2015,MOZ.11.11_1,Mopeia,7621,7619.7906,309.93333625793457,0.040668329124515755,0.04067478377096528
2015,MOZ.11.12_1,Morrumbala,12880,12880.5037,391.1575801372528,0.030369377339848822,0.03036818979229917
2015,MOZ.11.13_1,Namacurra,2036,2035.9376,414.8333396911621,0.20374918452414642,0.20375543188659215
2015,MOZ.11.14_1,Namarroi,3057,3062.8738,0.0,0.0,0.0
2015,MOZ.11.15_1,Nicoadala,3479,3486.7693,2832.0245490074158,0.8140340755985673,0.8122202277560465
2015,MOZ.11.16_1,Pebane,10059,10061.99,173.0,0.01719852868078338,0.017193418011224183
2016,MOZ.1.1_1,Ancuabe,6256,6255.9618,488.21904850006104,0.07804012923594326,0.07804060566238072
2016,MOZ.1.2_1,Balama,5466,5468.3962,90.0,0.01646542261251372,0.01645820759902935
2016,MOZ.1.3_1,Chiúre,4742,4737.7771,0.0,0.0,0.0
2016,MOZ.1.4_1,Macomia,4799,4795.9992,189.5,0.03948739320691811,0.039512100320013274
2016,MOZ.1.5_1,Mecufi,512,514.5056,48.0,0.09375,0.09329344534774672
2016,MOZ.1.6_1,Meluco,5725,5726.2891,43.0,0.007510917030567685,0.007509226210588848
2016,MOZ.1.7_1,Mocimboa da Praia,3456,3464.342,468.2757565975189,0.13549645734881913,0.13517018652058357
2016,MOZ.1.8_1,Montepuez,17757,17758.3815,1160.5281472206116,0.06535609321510455,0.0653510088996631
2016,MOZ.1.9_1,Mueda,11284,11294.0996,208.08333325386047,0.018440564804489586,0.018424074588753055
2016,MOZ.1.10_1,Muidumbe,2018,2014.9393,0.0,0.0,0.0
2016,MOZ.1.11_1,Namuno,5982,5973.1312,0.0,0.0,0.0
2016,MOZ.1.12_1,Nangade,2881,2877.2767,123.00000047683716,0.04269350936370606,0.04274875702088004
2016,MOZ.1.13_1,Palma,3526,3522.4867,294.3333343267441,0.08347513735869089,0.08355839416101207
2016,MOZ.1.14_1,Pemba,1692,1691.1708,2067.2102086544037,1.2217554424671417,1.222354498816154
2016,MOZ.1.15_1,Quissanga,1675,1679.0074,0.0,0.0,0.0
2016,MOZ.2.1_1,Bilene,2162,2163.0664,2333.5444173812866,1.07934524393214,1.078813137386024
2016,MOZ.2.2_1,Chibuto,5614,5607.7882,847.8293676376343,0.15102054998889103,0.15118783692532134
2016,MOZ.2.3_1,Chicualacuala,18112,18092.3523,360.0,0.01987632508833922,0.019897910147238244
2016,MOZ.2.4_1,Chigubo,15000,14995.8184,25.0,0.0016666666666666668,0.001667131423871413
2016,MOZ.2.5_1,Chókwè,2440,2444.1617,2768.3712508678436,1.1345783815032147,1.132646509221023
2016,MOZ.2.6_1,Guijá,4207,4202.4869,476.8333339691162,0.11334284144737727,0.11346456221087727
2016,MOZ.2.7_1,Mabalane,8937,8948.3005,222.00000047683716,0.024840550573664223,0.02480918026142504
2016,MOZ.2.8_1,Mandlakazi,3688,3693.0919,610.3190522193909,0.16548781242391292,0.16525964555225098
2016,MOZ.2.9_1,Massangena,7598,7603.3051,6.0,0.0007896814951302974,0.0007891305052561872
2016,MOZ.2.10_1,Massingir,5675,5683.9995,423.1500029563904,0.07456387717293222,0.07444582035353939
2016,MOZ.2.11_1,Xai-Xai,2027,2024.7886,4296.993129730225,2.1198782090430313,2.122193435857311
2016,MOZ.3.1_1,Funhalouro,13548,13537.0113,80.0,0.00590493061706525,0.005909723951039038
2016,MOZ.3.2_1,Govuro,3994,3997.747,113.6666669845581,0.02845935577980924,0.028432681183415184
2016,MOZ.3.3_1,Homoine,2187,2202.4336,1788.7442388534546,0.8178986002987904,0.812167160989427
2016,MOZ.3.4_1,Inharrime,2769,2770.6697,458.5833339691162,0.1656133383781568,0.1655135349477839
2016,MOZ.3.5_1,Inhassoro,4734,4729.6457,1508.4931945800781,0.31865086493030803,0.31894423019427265
2016,MOZ.3.6_1,Jangamo,1488,1484.8836,1810.5673594474792,1.2167791394136285,1.2193328579716565
2016,MOZ.3.7_1,Mabote,15284,15279.1057,43.0,0.0028133996336037687,0.0028143008323171705
2016,MOZ.3.8_1,Massinga,7445,7448.4008,824.0023822784424,0.11067862757265848,0.11062809378764848
2016,MOZ.3.9_1,Morrumbene,2602,2599.4672,871.566668510437,0.33496028766734703,0.33528665359978055
2016,MOZ.3.10_1,Panda,6840,6831.0558,107.0,0.01564327485380117,0.015663757168626478
2016,MOZ.3.11_1,Vilanculos,5818,5813.4347,794.9519863128662,0.13663664254260333,0.13674394411461163
2016,MOZ.3.12_1,Zavala,2016,2014.459,266.5833339691162,0.1322337966116648,0.13233494823822992
2016,MOZ.4.1_1,Barue,5836,5830.8923,375.52143263816833,0.06434568756651274,0.06440205215869413
2016,MOZ.4.2_1,Gondola,5940,5937.2415,4862.642000555992,0.8186265994202007,0.8190069467398076
2016,MOZ.4.3_1,Guro,6937,6935.2207,245.33333480358124,0.035365912469883416,0.03537498579726687
2016,MOZ.4.4_1,Machaze,13260,13263.2546,67.0,0.005052790346907994,0.005051550472427683
2016,MOZ.4.5_1,Macossa,9584,9573.5794,32.0,0.00333889816360601,0.003342532486672694
2016,MOZ.4.6_1,Manica,4441,4436.6048,1808.2805593013763,0.40717868932703816,0.4075820695585981
2016,MOZ.4.7_1,Mossurize,5062,5058.9724,134.6666669845581,0.026603450609355612,0.026619371668541635
2016,MOZ.4.8_1,Sussundenga,7142,7148.8821,770.4166697263718,0.10787127831508986,0.10776743320319203
2016,MOZ.4.9_1,Tambara,4311,4319.7613,41.0,0.00951055439573185,0.009491265268424613
2016,MOZ.6.1_1,Boane,833,829.5281,9755.324530482292,11.7110738661252,11.760089927329386
2016,MOZ.6.2_1,Magude,6943,6945.6062,694.426194190979,0.10001817574405573,0.09998064592868634
2016,MOZ.6.3_1,Manhiça,2369,2368.3669,3448.9653021097183,1.4558739139340304,1.4562630618347532
2016,MOZ.6.4_1,Marracuene,693,689.3484,5033.592111110687,7.2634806798134015,7.301956475841881
2016,MOZ.6.5_1,Matutuíne,5359,5371.4282,1569.000010251999,0.29277850536517985,0.29210108366337
2016,MOZ.6.6_1,Moamba,4542,4550.2827,3245.7666318416595,0.7146117639457639,0.7133109912830738
2016,MOZ.6.7_1,Namaacha,2162,2148.9072,1126.8178596496582,0.5211923495141805,0.5243678622887048
2016,MOZ.5.1_1,Boane,165,167.9631,5589.902181625366,33.878195040153734,33.280530561812746
2016,MOZ.5.2_1,Maputo,538,533.6154,18991.530796527863,35.300243116222795,35.59029619866212
2016,MOZ.7.1_1,Angoche,3001,2995.9876,440.33333444595337,0.1467288685258092,0.1469743509264618
2016,MOZ.7.2_1,Erati,2706,2710.6135,48.0,0.017738359201773836,0.017708168298973807
2016,MOZ.7.3_1,Lalaua,4552,4540.6629,4.0,0.0008787346221441124,0.0008809286468333122
2016,MOZ.7.4_1,Malema,6044,6037.5257,485.66666889190674,0.08035517354267153,0.08044134139759603
2016,MOZ.7.5_1,Meconta,3695,3689.5498,637.0730233192444,0.1724148912907292,0.17266958155959766
2016,MOZ.7.6_1,Mecuburi,7189,7191.5197,74.0,0.01029350396439004,0.010289897415312872
2016,MOZ.7.7_1,Memba,3662,3655.7691,145.0,0.03959584926269798,0.03966333623711053
2016,MOZ.7.8_1,Mogovolas,4714,4715.0466,343.68333530426025,0.07290694427328388,0.07289076164145139
2016,MOZ.7.9_1,Moma,5773,5780.199,1845.4965416193008,0.319677211435874,0.31927906734525957
2016,MOZ.7.10_1,Monapo,3531,3529.0805,755.6535725593567,0.21400554306410555,0.2141219416812357
2016,MOZ.7.11_1,Mongincual,4369,4376.4091,127.0,0.029068436713206684,0.029019224717508903
2016,MOZ.7.12_1,Mossuril,3532,3536.1004,686.4166694879532,0.19434220540429026,0.19411684847448363
2016,MOZ.7.13_1,Muecate,4090,4086.3671,172.75,0.04223716381418093,0.042274714098815065
2016,MOZ.7.14_1,Murrupula,3089,3088.6505,188.50000166893005,0.06102298532500164,0.06102988949762017
2016,MOZ.7.15_1,Nacala Velha,1437,1443.7967,5293.003694534302,3.6833706990496187,3.6660311095391083
2016,MOZ.7.16_1,Namapa,6508,6516.2117,171.0,0.026275353411186232,0.02624224122941946
2016,MOZ.7.17_1,Nampula,4003,4000.626,5291.71327996254,1.3219368673401297,1.3227213169567318
2016,MOZ.7.18_1,Ribaue,6254,6269.8324,510.2333343029022,0.08158511901229648,0.0813791030470781
2016,MOZ.8.1_1,Cuamba,5350,5353.3997,885.8977131843567,0.16558835760455265,0.16548319889151994
2016,MOZ.8.2_1,Lago,12284,12293.6026,125.0,0.010175838489091501,0.010167890086427822
2016,MOZ.8.3_1,Lichinga,6759,6759.4321,1825.3954437971115,0.2700688628195164,0.27005159718629823
2016,MOZ.8.4_1,Majune,11323,11335.6173,0.0,0.0,0.0
2016,MOZ.8.5_1,Mandimba,3165,3155.5137,0.0,0.0,0.0
2016,MOZ.8.6_1,Marrupa,17482,17480.3507,168.83333587646484,0.00965755267569299,0.009658463891768906
2016,MOZ.8.7_1,Maúa,8103,8100.1574,148.16666793823242,0.018285408853292908,0.018291825746390787
2016,MOZ.8.8_1,Mavago,9086,9077.586,21.0,0.0023112480739599386,0.002313390363973497
2016,MOZ.8.9_1,Mecanhelas,6589,6599.9521,353.785716176033,0.053693385365917896,0.05360428519103121
2016,MOZ.8.10_1,Mecula,18047,18046.476,62.0,0.0034354740400066495,0.0034355737962779758
2016,MOZ.8.11_1,Metarica,4865,4850.8923,130.0,0.02672147995889003,0.02679919321394151
2016,MOZ.8.12_1,Muembe,5833,5831.8015,18.5,0.0031716098062746444,0.003172261602106907
2016,MOZ.8.13_1,N'gauma,2995,2995.7859,4.0,0.001335559265442404,0.0013352089112528527
2016,MOZ.8.14_1,Nipepe,4989,4994.2774,0.0,0.0,0.0
2016,MOZ.8.15_1,Sanga,12365,12363.2882,0.0,0.0,0.0
2016,MOZ.9.1_1,Buzi,7482,7481.6756,1189.3324559926987,0.15895916278972183,0.15896605477015124
2016,MOZ.9.2_1,Caia,3510,3507.0462,752.7724441289902,0.2144650837974331,0.21464571382964862
2016,MOZ.9.3_1,Chemba,3984,3983.8933,143.50000047683716,0.036019076424908925,0.03602004096709645
2016,MOZ.9.4_1,Cheringoma,7171,7174.2611,223.43333435058594,0.031157904664703102,0.031143741716797634
2016,MOZ.9.5_1,Chibabava,6767,6768.7895,225.9166669845581,0.0333850549703795,0.033376228835205544
2016,MOZ.9.6_1,Dondo,2984,2991.2235,9750.801525473595,3.267694881190883,3.2598036980630867
2016,MOZ.9.7_1,Gorongosa,6752,6757.2519,324.60000014305115,0.04807464457094952,0.04803727978153688
2016,MOZ.9.8_1,Machanga,5714,5722.3008,74.0,0.01295064753237662,0.012931861276662779
2016,MOZ.9.9_1,Maringue,6176,6181.6455,93.0,0.015058290155440414,0.015044537994336821
2016,MOZ.9.10_1,Marromeu,5972,5967.5985,479.00811994075775,0.08020899530153344,0.08026815506999767
2016,MOZ.9.11_1,Muanza,7528,7520.2983,65.0,0.00863443145589798,0.008643274218217874
2016,MOZ.9.12_1,Nhamatanda,4020,4016.3144,1133.2309565544128,0.28189824789910767,0.2821569362038712
2016,MOZ.10.1_1,Angónia,3290,3289.6984,491.645241856575,0.14943624372540273,0.14944994263254546
2016,MOZ.10.2_1,Cahora Bassa,8880,8872.9951,2026.8580754995346,0.22824978327697462,0.22842997783335242
2016,MOZ.10.3_1,Changara,9132,9136.5315,5919.330778717995,0.6481965373103367,0.6478750451099992
2016,MOZ.10.4_1,Chifunde,9416,9410.3701,28.0,0.002973661852166525,0.002975440879025469
2016,MOZ.10.5_1,Chiuta,6695,6699.1028,139.0,0.020761762509335323,0.02074904724659742
2016,MOZ.10.6_1,Macanga,7200,7187.6956,124.5,0.017291666666666667,0.017321267759009717
2016,MOZ.10.7_1,Magoe,8608,8620.3958,194.66666674613953,0.022614622066233683,0.022582103222697405
2016,MOZ.10.8_1,Maravia,16892,16893.7605,221.33333659172058,0.013102849667991983,0.013101484239515595
2016,MOZ.10.9_1,Moatize,8888,8885.0823,5199.423225045204,0.5849936121788033,0.5851857145830195
2016,MOZ.10.10_1,Mutarara,6379,6378.5717,183.16666793823242,0.028714009709708797,0.028715937690781394
2016,MOZ.10.11_1,Tsangano,3629,3624.3899,14.0,0.0038578120694406173,0.0038627190752731477
2016,MOZ.10.12_1,Zumbu,11964,11971.0275,32.00000047683716,0.0026746907787393143,0.0026731206263942778
2016,MOZ.11.1_1,Alto Molocue,6315,6309.8954,687.3833389282227,0.10884930149298855,0.1089373585299186
2016,MOZ.11.2_1,Chinde,4123,4118.286,105.0,0.025466893039049237,0.02549604374119825
2016,MOZ.11.3_1,Gile,8975,8970.9551,148.16666984558105,0.016508821152710983,0.0165162648428321
2016,MOZ.11.4_1,Gurue,5636,5647.1391,348.8333339691162,0.06189377820601778,0.06177169158339202
2016,MOZ.11.5_1,Ile,5645,5651.6473,107.0,0.018954827280779452,0.018932533242068735
2016,MOZ.11.6_1,Inhassunge,764,763.9807,440.6839008331299,0.5768113885250391,0.576825982612525
2016,MOZ.11.7_1,Lugela,6138,6131.5277,180.45000076293945,0.02939882710376987,0.02942985963106669
2016,MOZ.11.8_1,Maganja da Costa,7671,7673.5545,280.0833339691162,0.0365119715772541,0.03649981671700173
2016,MOZ.11.9_1,Milange,9792,9782.3032,355.321036696434,0.036286870577658704,0.03632284015408375
2016,MOZ.11.10_1,Mocuba,8769,8769.0015,1840.7545266151428,0.20991612802088525,0.20991609227499142
2016,MOZ.11.11_1,Mopeia,7621,7619.7906,318.6000032424927,0.04180553775652705,0.04181217289427821
2016,MOZ.11.12_1,Morrumbala,12880,12880.5037,391.1575801372528,0.030369377339848822,0.03036818979229917
2016,MOZ.11.13_1,Namacurra,2036,2035.9376,448.5833396911621,0.22032580534929377,0.22033256098448994
2016,MOZ.11.14_1,Namarroi,3057,3062.8738,0.0,0.0,0.0
2016,MOZ.11.15_1,Nicoadala,3479,3486.7693,2971.5842382907867,0.8541489618542072,0.8522457291787059
2016,MOZ.11.16_1,Pebane,10059,10061.99,192.9166669845581,0.019178513468988776,0.019172814432356293
2017,MOZ.1.1_1,Ancuabe,6256,6255.9618,639.8357186317444,0.10227553047182615,0.10227615485273246
2017,MOZ.1.2_1,Balama,5466,5468.3962,424.5,0.07766190998902305,0.07762787917542176
2017,MOZ.1.3_1,Chiúre,4742,4737.7771,0.0,0.0,0.0
2017,MOZ.1.4_1,Macomia,4799,4795.9992,205.5833339691162,0.04283878599064726,0.04286559005757526
2017,MOZ.1.5_1,Mecufi,512,514.5056,107.5,0.2099609375,0.20893844531005776
2017,MOZ.1.6_1,Meluco,5725,5726.2891,51.0,0.00890829694323144,0.008906291552093751
2017,MOZ.1.7_1,Mocimboa da Praia,3456,3464.342,529.3167761564255,0.15315878939711386,0.15278998827828086
2017,MOZ.1.8_1,Montepuez,17757,17758.3815,1488.1627773046494,0.08380710577826488,0.08380058608375666
2017,MOZ.1.9_1,Mueda,11284,11294.0996,281.766667842865,0.02497045975211494,0.02494813026965503
2017,MOZ.1.10_1,Muidumbe,2018,2014.9393,6.0,0.002973240832507433,0.002977757213554185
2017,MOZ.1.11_1,Namuno,5982,5973.1312,19.0,0.0031761952524239387,0.0031809112182632888
2017,MOZ.1.12_1,Nangade,2881,2877.2767,162.83333492279053,0.056519727498365334,0.056592867012425774
2017,MOZ.1.13_1,Palma,3526,3522.4867,367.35000348091125,0.10418321142396803,0.10428712213694404
2017,MOZ.1.14_1,Pemba,1692,1691.1708,2431.276984810829,1.4369249319212938,1.437629491093777
2017,MOZ.1.15_1,Quissanga,1675,1679.0074,0.0,0.0,0.0
2017,MOZ.2.1_1,Bilene,2162,2163.0664,2710.2504682540894,1.2535848604320488,1.2529668554757127
2017,MOZ.2.2_1,Chibuto,5614,5607.7882,1135.548413515091,0.20227082535003402,0.20249488271642901
2017,MOZ.2.3_1,Chicualacuala,18112,18092.3523,357.6666669845581,0.019747497072910673,0.019768942228669224
2017,MOZ.2.4_1,Chigubo,15000,14995.8184,26.0,0.0017333333333333333,0.0017338166808262695
2017,MOZ.2.5_1,Chókwè,2440,2444.1617,3243.204132437706,1.3291820214908632,1.326918793187585
2017,MOZ.2.6_1,Guijá,4207,4202.4869,647.2333335876465,0.15384676339140635,0.15401198199068328
2017,MOZ.2.7_1,Mabalane,8937,8948.3005,205.00000047683716,0.022938346254541473,0.022909378173414548
2017,MOZ.2.8_1,Mandlakazi,3688,3693.0919,647.6523847579956,0.17561073339425043,0.17536860951163974
2017,MOZ.2.9_1,Massangena,7598,7603.3051,0.0,0.0,0.0
2017,MOZ.2.10_1,Massingir,5675,5683.9995,434.43333673477173,0.07655212982110515,0.07643092500575646
2017,MOZ.2.11_1,Xai-Xai,2027,2024.7886,4628.118142604828,2.283235393490295,2.285729030994455
2017,MOZ.3.1_1,Funhalouro,13548,13537.0113,97.0,0.007159728373191615,0.007165540290634834
2017,MOZ.3.2_1,Govuro,3994,3997.747,142.3333339691162,0.03563678867529199,0.035603386761276494
2017,MOZ.3.3_1,Homoine,2187,2202.4336,1990.3705143928528,0.9100916846789451,0.9037142006549008
2017,MOZ.3.4_1,Inharrime,2769,2770.6697,490.26666927337646,0.17705549630674483,0.1769487974981172
2017,MOZ.3.5_1,Inhassoro,4734,4729.6457,1602.0598621368408,0.3384156869744066,0.33872724868116905
2017,MOZ.3.6_1,Jangamo,1488,1484.8836,2072.3542745113373,1.3927112059888018,1.3956341624543616
2017,MOZ.3.7_1,Mabote,15284,15279.1057,56.0,0.0036639623135304895,0.0036651359676688733
2017,MOZ.3.8_1,Massinga,7445,7448.4008,842.1857209205627,0.11312098333385665,0.11306933441502487
2017,MOZ.3.9_1,Morrumbene,2602,2599.4672,913.5833358764648,0.3511081229348443,0.35145022238407936
2017,MOZ.3.10_1,Panda,6840,6831.0558,15.0,0.0021929824561403508,0.002195853808685955
2017,MOZ.3.11_1,Vilanculos,5818,5813.4347,837.6186532974243,0.1439702051044043,0.14408326576692201
2017,MOZ.3.12_1,Zavala,2016,2014.459,325.8000020980835,0.16160714389785888,0.16173076452956336
2017,MOZ.4.1_1,Barue,5836,5830.8923,392.02143263816833,0.06717296652470328,0.06723180771526271
2017,MOZ.4.2_1,Gondola,5940,5937.2415,5772.674173951149,0.971830669015345,0.9722821974537483
2017,MOZ.4.3_1,Guro,6937,6935.2207,281.2500013113022,0.04054346278092867,0.04055386443849607
2017,MOZ.4.4_1,Machaze,13260,13263.2546,91.0,0.006862745098039216,0.006861061089416704
2017,MOZ.4.5_1,Macossa,9584,9573.5794,50.0,0.005217028380634391,0.0052227070104260845
2017,MOZ.4.6_1,Manica,4441,4436.6048,2053.0138943195343,0.4622863981804851,0.4627443720362713
2017,MOZ.4.7_1,Mossurize,5062,5058.9724,133.6666669845581,0.026405900234009898,0.026421703067509173
2017,MOZ.4.8_1,Sussundenga,7142,7148.8821,759.0833376646042,0.10628442140361302,0.10618210392109079
2017,MOZ.4.9_1,Tambara,4311,4319.7613,47.0,0.01090234284388773,0.01088023091746236
2017,MOZ.6.1_1,Boane,833,829.5281,11039.419242501259,13.252604132654572,13.308072184748411
2017,MOZ.6.2_1,Magude,6943,6945.6062,952.3436614274979,0.13716601777725737,0.13711454897887307
2017,MOZ.6.3_1,Manhiça,2369,2368.3669,4503.378378033638,1.9009617467427766,1.9014698644211132
2017,MOZ.6.4_1,Marracuene,693,689.3484,6219.085835933685,8.974149835402143,9.021687314169805
2017,MOZ.6.5_1,Matutuíne,5359,5371.4282,2090.000016450882,0.3899981370499873,0.389095771620621
2017,MOZ.6.6_1,Moamba,4542,4550.2827,4375.511947393417,0.9633447704520954,0.961591241325692
2017,MOZ.6.7_1,Namaacha,2162,2148.9072,1510.08929169178,0.6984686825586401,0.7027243018633702
2017,MOZ.5.1_1,Boane,165,167.9631,6459.231643676758,39.146858446525805,38.45624648492629
2017,MOZ.5.2_1,Maputo,538,533.6154,19977.307072162628,37.13254102632459,37.437649632744936
2017,MOZ.7.1_1,Angoche,3001,2995.9876,615.5619120597839,0.20511893104291368,0.20546210200932002
2017,MOZ.7.2_1,Erati,2706,2710.6135,53.0,0.01958610495195861,0.019552769163450244
2017,MOZ.7.3_1,Lalaua,4552,4540.6629,15.0,0.003295254833040422,0.0033034824256249207
2017,MOZ.7.4_1,Malema,6044,6037.5257,615.0166687965393,0.1017565633349668,0.10186568069979217
2017,MOZ.7.5_1,Meconta,3695,3689.5498,880.5019917488098,0.23829553227302025,0.2386475410393769
2017,MOZ.7.6_1,Mecuburi,7189,7191.5197,109.0,0.015162053136736681,0.015156740787420311
2017,MOZ.7.7_1,Memba,3662,3655.7691,145.0,0.03959584926269798,0.03966333623711053
2017,MOZ.7.8_1,Mogovolas,4714,4715.0466,416.2880983352661,0.08830888806433307,0.08828928677343648
2017,MOZ.7.9_1,Moma,5773,5780.199,2058.335636615753,0.3565452341271008,0.35610117251455475
2017,MOZ.7.10_1,Monapo,3531,3529.0805,839.6226238012314,0.23778607301082735,0.23791540596956748
2017,MOZ.7.11_1,Mongincual,4369,4376.4091,156.0,0.035706111238269625,0.035645661857727474
2017,MOZ.7.12_1,Mossuril,3532,3536.1004,1089.283340215683,0.30840411670885703,0.30804649493165914
2017,MOZ.7.13_1,Muecate,4090,4086.3671,211.8333339691162,0.05179299119049296,0.05183903693281156
2017,MOZ.7.14_1,Murrupula,3089,3088.6505,244.16666960716248,0.07904392023540384,0.07905286330606556
2017,MOZ.7.15_1,Nacala Velha,1437,1443.7967,5802.711834073067,4.038073649320157,4.019064283928158
2017,MOZ.7.16_1,Namapa,6508,6516.2117,195.08333349227905,0.02997592708854933,0.029938151446454217
2017,MOZ.7.17_1,Nampula,4003,4000.626,5869.016784667969,1.4661545802318183,1.4670246099788942
2017,MOZ.7.18_1,Ribaue,6254,6269.8324,612.3500006198883,0.0979133355644209,0.09766608814260841
2017,MOZ.8.1_1,Cuamba,5350,5353.3997,1051.2331457138062,0.19649217676893574,0.19636739224465558
2017,MOZ.8.2_1,Lago,12284,12293.6026,129.83333587646484,0.010569304451031004,0.010561048709969285
2017,MOZ.8.3_1,Lichinga,6759,6759.4321,2154.7035657167435,0.31879028935001386,0.3187699089323975
2017,MOZ.8.4_1,Majune,11323,11335.6173,0.0,0.0,0.0
2017,MOZ.8.5_1,Mandimba,3165,3155.5137,0.0,0.0,0.0
2017,MOZ.8.6_1,Marrupa,17482,17480.3507,225.00000619888306,0.01287038131786312,0.012871595672964649
2017,MOZ.8.7_1,Maúa,8103,8100.1574,151.833336353302,0.018737916370887574,0.018744492062314204
2017,MOZ.8.8_1,Mavago,9086,9077.586,28.0,0.0030816640986132513,0.003084520485297996
2017,MOZ.8.9_1,Mecanhelas,6589,6599.9521,430.42143082618713,0.06532424204373762,0.06521584132825337
2017,MOZ.8.10_1,Mecula,18047,18046.476,0.0,0.0,0.0
2017,MOZ.8.11_1,Metarica,4865,4850.8923,230.5,0.0473792394655704,0.04751703104471937
2017,MOZ.8.12_1,Muembe,5833,5831.8015,18.5,0.0031716098062746444,0.003172261602106907
2017,MOZ.8.13_1,N'gauma,2995,2995.7859,12.0,0.004006677796327212,0.004005626733758558
2017,MOZ.8.14_1,Nipepe,4989,4994.2774,0.0,0.0,0.0
2017,MOZ.8.15_1,Sanga,12365,12363.2882,0.0,0.0,0.0
2017,MOZ.9.1_1,Buzi,7482,7481.6756,1298.573688030243,0.1735597016880838,0.1735672267029768
2017,MOZ.9.2_1,Caia,3510,3507.0462,865.1045926809311,0.2464685449233422,0.2466761293954685
2017,MOZ.9.3_1,Chemba,3984,3983.8933,178.50000381469727,0.044804217824974214,0.04480541762137547
2017,MOZ.9.4_1,Cheringoma,7171,7174.2611,242.93333435058594,0.033877190677811454,0.033861791667771576
2017,MOZ.9.5_1,Chibabava,6767,6768.7895,228.9166669845581,0.03382838288526054,0.03381943954578344
2017,MOZ.9.6_1,Dondo,2984,2991.2235,10687.79802942276,3.58170175248752,3.5730522715948223
2017,MOZ.9.7_1,Gorongosa,6752,6757.2519,403.883336186409,0.05981684481433783,0.059770353699743775
2017,MOZ.9.8_1,Machanga,5714,5722.3008,78.0,0.013650682534126707,0.013630880805131038
2017,MOZ.9.9_1,Maringue,6176,6181.6455,134.0,0.021696891191709845,0.021677076249904666
2017,MOZ.9.10_1,Marromeu,5972,5967.5985,582.3949863910675,0.0975209287325967,0.09759285726807514
2017,MOZ.9.11_1,Muanza,7528,7520.2983,75.0,0.009962805526036131,0.009973008713328317
2017,MOZ.9.12_1,Nhamatanda,4020,4016.3144,1513.612709760666,0.37652057456732985,0.3768660945195442
2017,MOZ.10.1_1,Angónia,3290,3289.6984,612.2738182544708,0.18610146451503673,0.18611852454423689
2017,MOZ.10.2_1,Cahora Bassa,8880,8872.9951,2408.003733754158,0.27117159163898175,0.2713856713369167
2017,MOZ.10.3_1,Changara,9132,9136.5315,6810.004007816315,0.745729742424038,0.745359875752513
2017,MOZ.10.4_1,Chifunde,9416,9410.3701,30.0,0.0031860662701784196,0.003187972370384431
2017,MOZ.10.5_1,Chiuta,6695,6699.1028,157.0,0.023450336071695294,0.023435974228171185
2017,MOZ.10.6_1,Macanga,7200,7187.6956,163.21666848659515,0.022668981734249326,0.022707788093091066
2017,MOZ.10.7_1,Magoe,8608,8620.3958,243.33333349227905,0.028268277589716433,0.02822762903528613
2017,MOZ.10.8_1,Maravia,16892,16893.7605,263.0000054836273,0.015569500679826386,0.015567878205316637
2017,MOZ.10.9_1,Moatize,8888,8885.0823,5775.826506972313,0.6498454665810434,0.650058865281303
2017,MOZ.10.10_1,Mutarara,6379,6378.5717,215.8833351135254,0.033842817857583536,0.03384509020870874
2017,MOZ.10.11_1,Tsangano,3629,3624.3899,20.0,0.005511160099200882,0.005518170107533068
2017,MOZ.10.12_1,Zumbu,11964,11971.0275,36.00000047683716,0.003009027121099729,0.0030072606997144876
2017,MOZ.11.1_1,Alto Molocue,6315,6309.8954,789.9666776657104,0.12509369400882192,0.12519489245366228
2017,MOZ.11.2_1,Chinde,4123,4118.286,158.0,0.038321610477807425,0.03836547534389832
2017,MOZ.11.3_1,Gile,8975,8970.9551,163.16666984558105,0.01818013034491154,0.018188327614443823
2017,MOZ.11.4_1,Gurue,5636,5647.1391,396.64048051834106,0.07037623855896755,0.07023742012635918
2017,MOZ.11.5_1,Ile,5645,5651.6473,197.0,0.03489813994685562,0.03485709391296767
2017,MOZ.11.6_1,Inhassunge,764,763.9807,457.37621116638184,0.5986599622596621,0.5986751091448266
2017,MOZ.11.7_1,Lugela,6138,6131.5277,186.4500012397766,0.030376344288005314,0.03040840865336138
2017,MOZ.11.8_1,Maganja da Costa,7671,7673.5545,299.4166679382324,0.039032286264924054,0.0390192923901924
2017,MOZ.11.9_1,Milange,9792,9782.3032,359.6543700695038,0.036729408708078407,0.03676581695305904
2017,MOZ.11.10_1,Mocuba,8769,8769.0015,2270.306354522705,0.2589013974823475,0.258901353394921
2017,MOZ.11.11_1,Mopeia,7621,7619.7906,348.60000371932983,0.045742029093206904,0.045749289008527656
2017,MOZ.11.12_1,Morrumbala,12880,12880.5037,418.1575810909271,0.03246565070581732,0.03246438118673855
2017,MOZ.11.13_1,Namacurra,2036,2035.9376,506.8166742324829,0.2489276396033806,0.24893527222871353
2017,MOZ.11.14_1,Namarroi,3057,3062.8738,0.0,0.0,0.0
2017,MOZ.11.15_1,Nicoadala,3479,3486.7693,3581.016664981842,1.0293235599257953,1.0270299995277807
2017,MOZ.11.16_1,Pebane,10059,10061.99,234.36666774749756,0.023299201485982458,0.02329227795653421
2018,MOZ.1.1_1,Ancuabe,6256,6255.9618,636.5523858070374,0.10175070105611211,0.10175132223299235
2018,MOZ.1.2_1,Balama,5466,5468.3962,675.5,0.12358214416392244,0.12352799147938139
2018,MOZ.1.3_1,Chiúre,4742,4737.7771,0.0,0.0,0.0
2018,MOZ.1.4_1,Macomia,4799,4795.9992,166.5833339691162,0.034712092929592875,0.0347338121553034
2018,MOZ.1.5_1,Mecufi,512,514.5056,144.5,0.2822265625,0.28085214276561254
2018,MOZ.1.6_1,Meluco,5725,5726.2891,11.0,0.0019213973799126639,0.0019209648445692403
2018,MOZ.1.7_1,Mocimboa da Praia,3456,3464.342,512.3167761564255,0.14823980791563238,0.14788285153572053
2018,MOZ.1.8_1,Montepuez,17757,17758.3815,1755.8158869743347,0.09888020988761248,0.09887251759523
2018,MOZ.1.9_1,Mueda,11284,11294.0996,289.65000104904175,0.025669089068507775,0.025646134846606893
2018,MOZ.1.10_1,Muidumbe,2018,2014.9393,6.0,0.002973240832507433,0.002977757213554185
2018,MOZ.1.11_1,Namuno,5982,5973.1312,16.0,0.0026746907388833165,0.002678662078537506
2018,MOZ.1.12_1,Nangade,2881,2877.2767,147.33333492279053,0.05113965113599116,0.05120582854693878
2018,MOZ.1.13_1,Palma,3526,3522.4867,497.06666922569275,0.14097182904869335,0.1411124321561016
2018,MOZ.1.14_1,Pemba,1692,1691.1708,2378.276984810829,1.405601054852736,1.4062902551679706
2018,MOZ.1.15_1,Quissanga,1675,1679.0074,0.0,0.0,0.0
2018,MOZ.2.1_1,Bilene,2162,2163.0664,2878.226537466049,1.331279619549514,1.3306233118442126
2018,MOZ.2.2_1,Chibuto,5614,5607.7882,1281.7761929035187,0.22831781134726017,0.22857072121413305
2018,MOZ.2.3_1,Chicualacuala,18112,18092.3523,334.6666669845581,0.018477620747822332,0.018497686858151223
2018,MOZ.2.4_1,Chigubo,15000,14995.8184,12.0,0.0008,0.0008002230834582782
2018,MOZ.2.5_1,Chókwè,2440,2444.1617,3395.5285338163376,1.3916100548427612,1.389240528914541
2018,MOZ.2.6_1,Guijá,4207,4202.4869,860.3000030517578,0.20449251320460132,0.20471212111736795
2018,MOZ.2.7_1,Mabalane,8937,8948.3005,205.00000047683716,0.022938346254541473,0.022909378173414548
2018,MOZ.2.8_1,Mandlakazi,3688,3693.0919,627.6523847579956,0.17018773990184263,0.1699530929895422
2018,MOZ.2.9_1,Massangena,7598,7603.3051,0.0,0.0,0.0
2018,MOZ.2.10_1,Massingir,5675,5683.9995,400.43333673477173,0.07056094039379238,0.07044922141521862
2018,MOZ.2.11_1,Xai-Xai,2027,2024.7886,4708.726885199547,2.3230029034038218,2.325539973028231
2018,MOZ.3.1_1,Funhalouro,13548,13537.0113,81.0,0.0059787422497785654,0.005983595500427026
2018,MOZ.3.2_1,Govuro,3994,3997.747,153.00000095367432,0.038307461430564425,0.03827155632854992
2018,MOZ.3.3_1,Homoine,2187,2202.4336,2052.1711506843567,0.938349863138709,0.9317743594154305
2018,MOZ.3.4_1,Inharrime,2769,2770.6697,503.66666984558105,0.1818947886766273,0.18178517356920504
2018,MOZ.3.5_1,Inhassoro,4734,4729.6457,1604.2931957244873,0.3388874515683328,0.3391994476041991
2018,MOZ.3.6_1,Jangamo,1488,1484.8836,2341.787608861923,1.5737819952029053,1.5770849744842372
2018,MOZ.3.7_1,Mabote,15284,15279.1057,49.0,0.0032059670243391783,0.0032069939717102643
2018,MOZ.3.8_1,Massinga,7445,7448.4008,895.5190544128418,0.12028462785934746,0.12022970815481587
2018,MOZ.3.9_1,Morrumbene,2602,2599.4672,902.5833358764648,0.34688060564045536,0.34721858604133016
2018,MOZ.3.10_1,Panda,6840,6831.0558,15.0,0.0021929824561403508,0.002195853808685955
2018,MOZ.3.11_1,Vilanculos,5818,5813.4347,895.8543696403503,0.15397978165011178,0.15410070289291383
2018,MOZ.3.12_1,Zavala,2016,2014.459,338.1333358287811,0.16772486896268904,0.1678531693196759
2018,MOZ.4.1_1,Barue,5836,5830.8923,384.02143263816833,0.0658021646055806,0.06585980502116885
2018,MOZ.4.2_1,Gondola,5940,5937.2415,5878.282360196114,0.9896098249488406,0.9900696138741486
2018,MOZ.4.3_1,Guro,6937,6935.2207,244.9166680574417,0.035305848069402006,0.03531490598691953
2018,MOZ.4.4_1,Machaze,13260,13263.2546,98.0,0.007390648567119155,0.007388835019371836
2018,MOZ.4.5_1,Macossa,9584,9573.5794,50.0,0.005217028380634391,0.0052227070104260845
2018,MOZ.4.6_1,Manica,4441,4436.6048,1991.8472301959991,0.4485132245431207,0.4489575537114103
2018,MOZ.4.7_1,Mossurize,5062,5058.9724,129.6666669845581,0.025615698732627045,0.025631028663379338
2018,MOZ.4.8_1,Sussundenga,7142,7148.8821,725.0833376646042,0.1015238501350608,0.10142611554117956
2018,MOZ.4.9_1,Tambara,4311,4319.7613,53.0,0.01229413129204361,0.012269196566500109
2018,MOZ.6.1_1,Boane,833,829.5281,11304.826495289803,13.571220282460747,13.628021885079335
2018,MOZ.6.2_1,Magude,6943,6945.6062,1033.6956493854523,0.14888314120487575,0.14882727579082008
2018,MOZ.6.3_1,Manhiça,2369,2368.3669,5010.785213589668,2.115147831823414,2.115713200383558
2018,MOZ.6.4_1,Marracuene,693,689.3484,7138.984066486359,10.301564309504124,10.35613331087124
2018,MOZ.6.5_1,Matutuíne,5359,5371.4282,2171.4476363658905,0.40519642402796985,0.40425889327997344
2018,MOZ.6.6_1,Moamba,4542,4550.2827,4798.761951684952,1.0565305926210815,1.0546074419237168
2018,MOZ.6.7_1,Namaacha,2162,2148.9072,1734.4226256608963,0.8022306316655394,0.807118450186558
2018,MOZ.5.1_1,Boane,165,167.9631,6923.626688957214,41.961373872467966,41.221109445858595
2018,MOZ.5.2_1,Maputo,538,533.6154,20903.424052238464,38.85394805248785,39.17320102081606
2018,MOZ.7.1_1,Angoche,3001,2995.9876,596.0619120597839,0.19862109698759878,0.19895339685604763
2018,MOZ.7.2_1,Erati,2706,2710.6135,30.0,0.011086474501108648,0.011067605186858629
2018,MOZ.7.3_1,Lalaua,4552,4540.6629,10.0,0.0021968365553602814,0.0022023216170832804
2018,MOZ.7.4_1,Malema,6044,6037.5257,626.1000022888184,0.10359033790351065,0.10370142169332175
2018,MOZ.7.5_1,Meconta,3695,3689.5498,861.1686577796936,0.23306323620560043,0.23340751585481279
2018,MOZ.7.6_1,Mecuburi,7189,7191.5197,25.0,0.0034775351231047433,0.003476316694362457
2018,MOZ.7.7_1,Memba,3662,3655.7691,131.0,0.03577280174767886,0.03583377273835504
2018,MOZ.7.8_1,Mogovolas,4714,4715.0466,451.1142921447754,0.0956967102555739,0.0956754691427405
2018,MOZ.7.9_1,Moma,5773,5780.199,2286.4614322185516,0.3960612215864458,0.39556794452678956
2018,MOZ.7.10_1,Monapo,3531,3529.0805,834.8369106054306,0.23643073084265948,0.23655932662444684
2018,MOZ.7.11_1,Mongincual,4369,4376.4091,149.0,0.0341039139391165,0.03404617703077816
2018,MOZ.7.12_1,Mossuril,3532,3536.1004,1081.950007200241,0.3063278616082223,0.305972647431957
2018,MOZ.7.13_1,Muecate,4090,4086.3671,199.8333339691162,0.048859005860419615,0.048902443189333816
2018,MOZ.7.14_1,Murrupula,3089,3088.6505,245.16666960716248,0.079367649597657,0.07937662929522885
2018,MOZ.7.15_1,Nacala Velha,1437,1443.7967,5741.011836647987,3.995136977486421,3.9763297378985762
2018,MOZ.7.16_1,Namapa,6508,6516.2117,209.2833342552185,0.03215785713817125,0.032117331829372334
2018,MOZ.7.17_1,Nampula,4003,4000.626,6397.784843921661,1.598247525336413,1.5991959402641305
2018,MOZ.7.18_1,Ribaue,6254,6269.8324,596.3500006198883,0.09535497291651555,0.09511418578497007
2018,MOZ.8.1_1,Cuamba,5350,5353.3997,1071.9395198822021,0.20036252708078545,0.20023528464784754
2018,MOZ.8.2_1,Lago,12284,12293.6026,117.83333587646484,0.00959242395607822,0.009584931261672213
2018,MOZ.8.3_1,Lichinga,6759,6759.4321,2151.7868992090225,0.3183587659726324,0.3183384131425146
2018,MOZ.8.4_1,Majune,11323,11335.6173,0.0,0.0,0.0
2018,MOZ.8.5_1,Mandimba,3165,3155.5137,0.0,0.0,0.0
2018,MOZ.8.6_1,Marrupa,17482,17480.3507,226.00000619888306,0.012927583011033238,0.012928802763268403
2018,MOZ.8.7_1,Maúa,8103,8100.1574,126.333336353302,0.015590933771850179,0.015596405093608023
2018,MOZ.8.8_1,Mavago,9086,9077.586,18.0,0.001981069777679947,0.0019829060262629974
2018,MOZ.8.9_1,Mecanhelas,6589,6599.9521,453.37143063545227,0.06880731987182459,0.0686931392480423
2018,MOZ.8.10_1,Mecula,18047,18046.476,0.0,0.0,0.0
2018,MOZ.8.11_1,Metarica,4865,4850.8923,221.5,0.04552929085303186,0.045661702283754185
2018,MOZ.8.12_1,Muembe,5833,5831.8015,0.0,0.0,0.0
2018,MOZ.8.13_1,N'gauma,2995,2995.7859,0.0,0.0,0.0
2018,MOZ.8.14_1,Nipepe,4989,4994.2774,0.0,0.0,0.0
2018,MOZ.8.15_1,Sanga,12365,12363.2882,0.0,0.0,0.0
2018,MOZ.9.1_1,Buzi,7482,7481.6756,1289.4099344015121,0.17233492841506445,0.17234240032755505
2018,MOZ.9.2_1,Caia,3510,3507.0462,975.0387982130051,0.27778883139971655,0.2780227949180496
2018,MOZ.9.3_1,Chemba,3984,3983.8933,181.50000381469727,0.04555722987316699,0.045558449834213206
2018,MOZ.9.4_1,Cheringoma,7171,7174.2611,242.43333435058594,0.03380746539542406,0.033792098079285064
2018,MOZ.9.5_1,Chibabava,6767,6768.7895,239.83333373069763,0.03544160392059962,0.03543223408768298
2018,MOZ.9.6_1,Dondo,2984,2991.2235,11228.428133368492,3.762878060780326,3.753791055737076
2018,MOZ.9.7_1,Gorongosa,6752,6757.2519,418.4285740852356,0.06197105658845314,0.06192289116778759
2018,MOZ.9.8_1,Machanga,5714,5722.3008,77.0,0.013475673783689185,0.013456125923013974
2018,MOZ.9.9_1,Maringue,6176,6181.6455,140.0,0.02266839378238342,0.02264769160437801
2018,MOZ.9.10_1,Marromeu,5972,5967.5985,634.259890794754,0.10620560796965071,0.10628394206613784
2018,MOZ.9.11_1,Muanza,7528,7520.2983,72.0,0.009564293304994687,0.009574088364795183
2018,MOZ.9.12_1,Nhamatanda,4020,4016.3144,1439.2579513788223,0.35802436601463244,0.35835291263384206
2018,MOZ.10.1_1,Angónia,3290,3289.6984,575.7738180160522,0.1750072395185569,0.17502328253371643
2018,MOZ.10.2_1,Cahora Bassa,8880,8872.9951,2673.9046623706818,0.3011153899066083,0.30135310909881846
2018,MOZ.10.3_1,Changara,9132,9136.5315,7217.0405440330505,0.790302293477119,0.7899103197336059
2018,MOZ.10.4_1,Chifunde,9416,9410.3701,30.0,0.0031860662701784196,0.003187972370384431
2018,MOZ.10.5_1,Chiuta,6695,6699.1028,162.33333337306976,0.024246950466477932,0.024232100747161683
2018,MOZ.10.6_1,Macanga,7200,7187.6956,147.61666882038116,0.02050231511394183,0.020537412420328378
2018,MOZ.10.7_1,Magoe,8608,8620.3958,244.33333349227905,0.028384448593433906,0.028343632990149886
2018,MOZ.10.8_1,Maravia,16892,16893.7605,287.66667342185974,0.01702975807612241,0.017027983430361195
2018,MOZ.10.9_1,Moatize,8888,8885.0823,6179.305375933647,0.6952413789304284,0.6954696849112504
2018,MOZ.10.10_1,Mutarara,6379,6378.5717,219.8833351135254,0.03446987539011215,0.03447218984455438
2018,MOZ.10.11_1,Tsangano,3629,3624.3899,34.666666984558105,0.009552677592879059,0.009564828274099603
2018,MOZ.10.12_1,Zumbu,11964,11971.0275,48.00000047683716,0.004012036148180973,0.004009680919675116
2018,MOZ.11.1_1,Alto Molocue,6315,6309.8954,880.6333494186401,0.1394510450385812,0.13956385831027393
2018,MOZ.11.2_1,Chinde,4123,4118.286,128.49999904632568,0.031166626011721,0.031202300918371936
2018,MOZ.11.3_1,Gile,8975,8970.9551,149.16666984558105,0.016620241765524353,0.01662773569427288
2018,MOZ.11.4_1,Gurue,5636,5647.1391,406.14048051834106,0.07206183117784618,0.07191968788261145
2018,MOZ.11.5_1,Ile,5645,5651.6473,147.0,0.02604074402125775,0.026010115762468262
2018,MOZ.11.6_1,Inhassunge,764,763.9807,469.4428789615631,0.614454030054402,0.6144695765502741
2018,MOZ.11.7_1,Lugela,6138,6131.5277,197.23333644866943,0.03213316006006345,0.032167078867884495
2018,MOZ.11.8_1,Maganja da Costa,7671,7673.5545,267.4166679382324,0.0348607310569981,0.034849125895841666
2018,MOZ.11.9_1,Milange,9792,9782.3032,379.2877048254013,0.03873444697971827,0.03877284273081885
2018,MOZ.11.10_1,Mocuba,8769,8769.0015,2532.232095718384,0.2887709083952998,0.2887708592214972
2018,MOZ.11.11_1,Mopeia,7621,7619.7906,408.5166711807251,0.05360407704772669,0.0536125847826901
2018,MOZ.11.12_1,Morrumbala,12880,12880.5037,395.1575810909271,0.030679936420103037,0.03067873672862068
2018,MOZ.11.13_1,Namacurra,2036,2035.9376,474.3166742324829,0.23296496769768316,0.23297211087518233
2018,MOZ.11.14_1,Namarroi,3057,3062.8738,0.0,0.0,0.0
2018,MOZ.11.15_1,Nicoadala,3479,3486.7693,3892.243344783783,1.1187822204035018,1.11628932633732
2018,MOZ.11.16_1,Pebane,10059,10061.99,231.16666793823242,0.02298107843107987,0.02297424943424211
2019,MOZ.1.1_1,Ancuabe,6256,6255.9618,613.8857192993164,0.09812751267572194,0.09812811173343414
2019,MOZ.1.2_1,Balama,5466,5468.3962,752.4999990463257,0.13766922778015472,0.13760890225082018
2019,MOZ.1.3_1,Chiúre,4742,4737.7771,0.0,0.0,0.0
2019,MOZ.1.4_1,Macomia,4799,4795.9992,11.0,0.0022921441967076474,0.002293578382692063
2019,MOZ.1.5_1,Mecufi,512,514.5056,144.5,0.2822265625,0.28085214276561254
2019,MOZ.1.6_1,Meluco,5725,5726.2891,11.0,0.0019213973799126639,0.0019209648445692403
2019,MOZ.1.7_1,Mocimboa da Praia,3456,3464.342,228.93939399719238,0.06624403761492835,0.06608452424135985
2019,MOZ.1.8_1,Montepuez,17757,17758.3815,1831.5075855255127,0.10314284989162092,0.10313482599119202
2019,MOZ.1.9_1,Mueda,11284,11294.0996,230.3166675567627,0.020410906376884322,0.020392654210906684
2019,MOZ.1.10_1,Muidumbe,2018,2014.9393,0.0,0.0,0.0
2019,MOZ.1.11_1,Namuno,5982,5973.1312,14.0,0.002340354396522902,0.002343829318720318
2019,MOZ.1.12_1,Nangade,2881,2877.2767,58.0,0.020131898646303367,0.0201579503869836
2019,MOZ.1.13_1,Palma,3526,3522.4867,589.0666692256927,0.16706371787455834,0.16723034462563943
2019,MOZ.1.14_1,Pemba,1692,1691.1708,2333.276993393898,1.3790053152446207,1.3796814750231692
2019,MOZ.1.15_1,Quissanga,1675,1679.0074,0.0,0.0,0.0
2019,MOZ.2.1_1,Bilene,2162,2163.0664,2886.226537466049,1.334979897070328,1.3343217651647512
2019,MOZ.2.2_1,Chibuto,5614,5607.7882,1268.2047646045685,0.2259003855725986,0.22615061763335884
2019,MOZ.2.3_1,Chicualacuala,18112,18092.3523,323.6666669845581,0.017870288592345303,0.017889695159207835
2019,MOZ.2.4_1,Chigubo,15000,14995.8184,3.0,0.0002,0.00020005577086456956
2019,MOZ.2.5_1,Chókwè,2440,2444.1617,3403.2785338163376,1.394786284350958,1.392411350184886
2019,MOZ.2.6_1,Guijá,4207,4202.4869,807.3000030517578,0.19189446233699972,0.19210054099330306
2019,MOZ.2.7_1,Mabalane,8937,8948.3005,185.50000047683716,0.02075640600613597,0.020730193425402513
2019,MOZ.2.8_1,Mandlakazi,3688,3693.0919,603.6523847579956,0.16368014771095327,0.16345447316302517
2019,MOZ.2.9_1,Massangena,7598,7603.3051,0.0,0.0,0.0
2019,MOZ.2.10_1,Massingir,5675,5683.9995,365.43333673477173,0.0643935395127351,0.06429158536613555
2019,MOZ.2.11_1,Xai-Xai,2027,2024.7886,4723.560218453407,2.330320778714064,2.332865840562304
2019,MOZ.3.1_1,Funhalouro,13548,13537.0113,28.0,0.002066725715972837,0.0020684033828636634
2019,MOZ.3.2_1,Govuro,3994,3997.747,161.00000095367432,0.04031046593732457,0.040272683444366755
2019,MOZ.3.3_1,Homoine,2187,2202.4336,2035.0044836997986,0.9305004497941466,0.9239799509775668
2019,MOZ.3.4_1,Inharrime,2769,2770.6697,539.166669845581,0.19471530149714014,0.1945979603745843
2019,MOZ.3.5_1,Inhassoro,4734,4729.6457,1581.7931957244873,0.33413459985730615,0.33444222019001196
2019,MOZ.3.6_1,Jangamo,1488,1484.8836,2415.020943880081,1.6229979461559685,1.6264042175494255
2019,MOZ.3.7_1,Mabote,15284,15279.1057,47.0,0.003075111227427375,0.003076096258579233
2019,MOZ.3.8_1,Massinga,7445,7448.4008,888.5190544128418,0.11934439951817888,0.11928990910426912
2019,MOZ.3.9_1,Morrumbene,2602,2599.4672,860.5833358764648,0.33073917597097036,0.3310614290962879
2019,MOZ.3.10_1,Panda,6840,6831.0558,15.0,0.0021929824561403508,0.002195853808685955
2019,MOZ.3.11_1,Vilanculos,5818,5813.4347,892.8543696403503,0.15346414053632698,0.1535846568430806
2019,MOZ.3.12_1,Zavala,2016,2014.459,331.4666692018509,0.16441799067552126,0.16454376145137098
2019,MOZ.4.1_1,Barue,5836,5830.8923,360.02143263816833,0.06168975884821253,0.06174379693888727
2019,MOZ.4.2_1,Gondola,5940,5937.2415,5876.615699887276,0.9893292424052653,0.9897889009673301
2019,MOZ.4.3_1,Guro,6937,6935.2207,235.9166680574417,0.034008457266461255,0.03401718233093817
2019,MOZ.4.4_1,Machaze,13260,13263.2546,86.0,0.006485671191553545,0.006484079710877325
2019,MOZ.4.5_1,Macossa,9584,9573.5794,56.0,0.005843071786310518,0.005849431851677214
2019,MOZ.4.6_1,Manica,4441,4436.6048,1991.51389670372,0.44843816633724837,0.44888242114752935
2019,MOZ.4.7_1,Mossurize,5062,5058.9724,121.6666669845581,0.02403529572986134,0.024049679855119667
2019,MOZ.4.8_1,Sussundenga,7142,7148.8821,662.4166707992554,0.09274946384755746,0.0926601761464923
2019,MOZ.4.9_1,Tambara,4311,4319.7613,49.0,0.011366272326606355,0.01134321946714161
2019,MOZ.6.1_1,Boane,833,829.5281,11560.813462138176,13.878527565592048,13.936615386090452
2019,MOZ.6.2_1,Magude,6943,6945.6062,1014.6956493854523,0.1461465719984808,0.14609173342715945
2019,MOZ.6.3_1,Manhiça,2369,2368.3669,5198.404263615608,2.194345404649898,2.19493194232978
2019,MOZ.6.4_1,Marracuene,693,689.3484,7989.566014289856,11.528955287575549,11.590025971400596
2019,MOZ.6.5_1,Matutuíne,5359,5371.4282,2197.834149837494,0.4101201996337925,0.4091712764085851
2019,MOZ.6.6_1,Moamba,4542,4550.2827,5326.711958646774,1.172767934532535,1.1706332027160642
2019,MOZ.6.7_1,Namaacha,2162,2148.9072,1804.9085208177567,0.8348328033384629,0.8399192598723401
2019,MOZ.5.1_1,Boane,165,167.9631,7547.002668380737,45.739410111398406,44.932495201927786
2019,MOZ.5.2_1,Maputo,538,533.6154,21836.128184318542,40.58759885561067,40.92109678983511
2019,MOZ.7.1_1,Angoche,3001,2995.9876,579.0619120597839,0.1929563185804012,0.19327914108139987
2019,MOZ.7.2_1,Erati,2706,2710.6135,28.0,0.010347376201034738,0.010329764841068054
2019,MOZ.7.3_1,Lalaua,4552,4540.6629,5.0,0.0010984182776801407,0.0011011608085416402
2019,MOZ.7.4_1,Malema,6044,6037.5257,458.10000133514404,0.0757941762632601,0.07587545319038795
2019,MOZ.7.5_1,Meconta,3695,3689.5498,863.1686577796936,0.233604508194775,0.23394958740780356
2019,MOZ.7.6_1,Mecuburi,7189,7191.5197,22.0,0.003060230908332174,0.003059158691038962
2019,MOZ.7.7_1,Memba,3662,3655.7691,114.0,0.03113052976515565,0.031183588489866212
2019,MOZ.7.8_1,Mogovolas,4714,4715.0466,436.1142921447754,0.09251469922460233,0.09249416439994922
2019,MOZ.7.9_1,Moma,5773,5780.199,2248.4614322185516,0.3894788553990216,0.388993776390731
2019,MOZ.7.10_1,Monapo,3531,3529.0805,819.3369106054306,0.23204103953708033,0.23216724774520822
2019,MOZ.7.11_1,Mongincual,4369,4376.4091,92.0,0.021057450217441064,0.021021800582762356
2019,MOZ.7.12_1,Mossuril,3532,3536.1004,1066.3666741847992,0.3019158194181198,0.30156572139395377
2019,MOZ.7.13_1,Muecate,4090,4086.3671,126.83333396911621,0.0310105951024734,0.03103816458317752
2019,MOZ.7.14_1,Murrupula,3089,3088.6505,230.16666960716248,0.07451170916385966,0.07452013945777972
2019,MOZ.7.15_1,Nacala Velha,1437,1443.7967,5742.821363091469,3.9963962164867564,3.9775830489896276
2019,MOZ.7.16_1,Namapa,6508,6516.2117,206.2833342552185,0.0316968860256943,0.031656941632364974
2019,MOZ.7.17_1,Nampula,4003,4000.626,6544.898728609085,1.6349984333272758,1.6359686565851757
2019,MOZ.7.18_1,Ribaue,6254,6269.8324,565.3500006198883,0.09039814528619897,0.09016987496704577
2019,MOZ.8.1_1,Cuamba,5350,5353.3997,1052.9395198822021,0.19681112521162658,0.1966861381356197
2019,MOZ.8.2_1,Lago,12284,12293.6026,72.83333587646484,0.005929122100005279,0.005924490830558198
2019,MOZ.8.3_1,Lichinga,6759,6759.4321,2147.8702327013016,0.3177792917149433,0.3177589759308954
2019,MOZ.8.4_1,Majune,11323,11335.6173,0.0,0.0,0.0
2019,MOZ.8.5_1,Mandimba,3165,3155.5137,0.0,0.0,0.0
2019,MOZ.8.6_1,Marrupa,17482,17480.3507,303.166672706604,0.0173416469915687,0.017343283222615243
2019,MOZ.8.7_1,Maúa,8103,8100.1574,100.6666693687439,0.01242338261986226,0.012427742353835142
2019,MOZ.8.8_1,Mavago,9086,9077.586,18.0,0.001981069777679947,0.0019829060262629974
2019,MOZ.8.9_1,Mecanhelas,6589,6599.9521,432.37143063545227,0.06562018980656431,0.06551129798780457
2019,MOZ.8.10_1,Mecula,18047,18046.476,0.0,0.0,0.0
2019,MOZ.8.11_1,Metarica,4865,4850.8923,217.5,0.044707091469681395,0.04483711172332522
2019,MOZ.8.12_1,Muembe,5833,5831.8015,0.0,0.0,0.0
2019,MOZ.8.13_1,N'gauma,2995,2995.7859,0.0,0.0,0.0
2019,MOZ.8.14_1,Nipepe,4989,4994.2774,0.0,0.0,0.0
2019,MOZ.8.15_1,Sanga,12365,12363.2882,0.0,0.0,0.0
2019,MOZ.9.1_1,Buzi,7482,7481.6756,1294.7432676553726,0.1730477502880744,0.17305525310632916
2019,MOZ.9.2_1,Caia,3510,3507.0462,953.0387982130051,0.2715210251319103,0.27174970968348555
2019,MOZ.9.3_1,Chemba,3984,3983.8933,174.50000381469727,0.04380020176071719,0.04380137467092515
2019,MOZ.9.4_1,Cheringoma,7171,7174.2611,242.43333435058594,0.03380746539542406,0.033792098079285064
2019,MOZ.9.5_1,Chibabava,6767,6768.7895,238.83333373069763,0.03529382794897261,0.035284497184157014
2019,MOZ.9.6_1,Dondo,2984,2991.2235,11221.428133368492,3.7605322162763044,3.7514508762321572
2019,MOZ.9.7_1,Gorongosa,6752,6757.2519,411.76190733909607,0.06098369480733058,0.06093629678838698
2019,MOZ.9.8_1,Machanga,5714,5722.3008,77.0,0.013475673783689185,0.013456125923013974
2019,MOZ.9.9_1,Maringue,6176,6181.6455,116.0,0.01878238341968912,0.018765230186484638
2019,MOZ.9.10_1,Marromeu,5972,5967.5985,646.259890794754,0.10821498506275185,0.10829480121599755
2019,MOZ.9.11_1,Muanza,7528,7520.2983,63.0,0.00836875664187035,0.008377327319195787
2019,MOZ.9.12_1,Nhamatanda,4020,4016.3144,1290.7579505443573,0.3210840672995914,0.32137871508004173
2019,MOZ.10.1_1,Angónia,3290,3289.6984,568.6071512699127,0.1728289213586361,0.17284476468610635
2019,MOZ.10.2_1,Cahora Bassa,8880,8872.9951,2518.235132575035,0.2835850374521436,0.2838089170952496
2019,MOZ.10.3_1,Changara,9132,9136.5315,7354.464457988739,0.8053509042913644,0.8049514667452479
2019,MOZ.10.4_1,Chifunde,9416,9410.3701,23.0,0.0024426508071367886,0.002444112150628064
2019,MOZ.10.5_1,Chiuta,6695,6699.1028,144.33333337306976,0.02155837690411796,0.021545173765587917
2019,MOZ.10.6_1,Macanga,7200,7187.6956,123.45000207424164,0.01714583362142245,0.017175185066491922
2019,MOZ.10.7_1,Magoe,8608,8620.3958,239.83333349227905,0.02786167907670528,0.027821615193262976
2019,MOZ.10.8_1,Maravia,16892,16893.7605,168.666672706604,0.009985003120210988,0.009983962597886255
2019,MOZ.10.9_1,Moatize,8888,8885.0823,6428.282239317894,0.7232540773309962,0.7234915822271555
2019,MOZ.10.10_1,Mutarara,6379,6378.5717,209.8833351135254,0.03290223155879062,0.03290444075494027
2019,MOZ.10.11_1,Tsangano,3629,3624.3899,34.666666984558105,0.009552677592879059,0.009564828274099603
2019,MOZ.10.12_1,Zumbu,11964,11971.0275,57.33333396911621,0.0047921542936406065,0.00478934110403314
2019,MOZ.11.1_1,Alto Molocue,6315,6309.8954,878.6333494186401,0.13913433878363266,0.13924689584592392
2019,MOZ.11.2_1,Chinde,4123,4118.286,147.49999904632568,0.03577492094259658,0.03581587073820781
2019,MOZ.11.3_1,Gile,8975,8970.9551,149.16666984558105,0.016620241765524353,0.01662773569427288
2019,MOZ.11.4_1,Gurue,5636,5647.1391,383.64048051834106,0.06806963813313362,0.06793536951254028
2019,MOZ.11.5_1,Ile,5645,5651.6473,173.0,0.030646589902568643,0.030610544400727954
2019,MOZ.11.6_1,Inhassunge,764,763.9807,461.4428789615631,0.6039828258659203,0.6039981074265414
2019,MOZ.11.7_1,Lugela,6138,6131.5277,197.23333644866943,0.03213316006006345,0.032167078867884495
2019,MOZ.11.8_1,Maganja da Costa,7671,7673.5545,229.41666793823242,0.02990700924758603,0.02989705318380017
2019,MOZ.11.9_1,Milange,9792,9782.3032,370.7877048254013,0.03786639142416272,0.03790392671002753
2019,MOZ.11.10_1,Mocuba,8769,8769.0015,2553.9820976257324,0.2912512370425057,0.2912511874463365
2019,MOZ.11.11_1,Mopeia,7621,7619.7906,369.5166711807251,0.048486638391382376,0.04849433391551822
2019,MOZ.11.12_1,Morrumbala,12880,12880.5037,407.1575810909271,0.03161161343873658,0.03161037731546479
2019,MOZ.11.13_1,Namacurra,2036,2035.9376,377.3166742324829,0.18532253154837078,0.1853282139123353
2019,MOZ.11.14_1,Namarroi,3057,3062.8738,0.0,0.0,0.0
2019,MOZ.11.15_1,Nicoadala,3479,3486.7693,3863.743344783783,1.1105902112054564,1.1081155707464088
2019,MOZ.11.16_1,Pebane,10059,10061.99,240.16666793823242,0.023875799576322937,0.023868704706502326
2020,MOZ.1.1_1,Ancuabe,6256,6255.9618,768.7690515518188,0.12288507857286107,0.12288582877280017
2020,MOZ.1.2_1,Balama,5466,5468.3962,896.8333325386047,0.16407488703596868,0.16400299076277422
2020,MOZ.1.3_1,Chiúre,4742,4737.7771,0.0,0.0,0.0
2020,MOZ.1.4_1,Macomia,4799,4795.9992,11.0,0.0022921441967076474,0.002293578382692063
2020,MOZ.1.5_1,Mecufi,512,514.5056,217.0,0.423828125,0.42176411750960496
2020,MOZ.1.6_1,Meluco,5725,5726.2891,11.0,0.0019213973799126639,0.0019209648445692403
2020,MOZ.1.7_1,Mocimboa da Praia,3456,3464.342,6.0,0.001736111111111111,0.0017319306150212913
2020,MOZ.1.8_1,Montepuez,17757,17758.3815,2422.6193540096283,0.13643179332148608,0.1364211797391961
2020,MOZ.1.9_1,Mueda,11284,11294.0996,1.0,8.862105636299185e-05,8.854180822966629e-05
2020,MOZ.1.10_1,Muidumbe,2018,2014.9393,0.0,0.0,0.0
2020,MOZ.1.11_1,Namuno,5982,5973.1312,22.0,0.0036776997659645604,0.003683160357989071
2020,MOZ.1.12_1,Nangade,2881,2877.2767,58.0,0.020131898646303367,0.0201579503869836
2020,MOZ.1.13_1,Palma,3526,3522.4867,719.0,0.20391378332387974,0.2041171637564966
2020,MOZ.1.14_1,Pemba,1692,1691.1708,2469.0287100076675,1.4592368262456663,1.4599523254815117
2020,MOZ.1.15_1,Quissanga,1675,1679.0074,0.0,0.0,0.0
2020,MOZ.2.1_1,Bilene,2162,2163.0664,3204.4232943058014,1.482156935386587,1.4814262466545767
2020,MOZ.2.2_1,Chibuto,5614,5607.7882,1386.0255110263824,0.24688733719743186,0.24716081670923493
2020,MOZ.2.3_1,Chicualacuala,18112,18092.3523,339.6666669845581,0.018753680818493712,0.01877404672130731
2020,MOZ.2.4_1,Chigubo,15000,14995.8184,0.0,0.0,0.0
2020,MOZ.2.5_1,Chókwè,2440,2444.1617,3663.3202027082443,1.5013607388148542,1.4988043379137157
2020,MOZ.2.6_1,Guijá,4207,4202.4869,764.2000036239624,0.1816496324278494,0.1818447089908353
2020,MOZ.2.7_1,Mabalane,8937,8948.3005,188.50000047683716,0.02109208912127528,0.021065452617404366
2020,MOZ.2.8_1,Mandlakazi,3688,3693.0919,632.8190507888794,0.17158867971498898,0.17135210125226277
2020,MOZ.2.9_1,Massangena,7598,7603.3051,0.0,0.0,0.0
2020,MOZ.2.10_1,Massingir,5675,5683.9995,332.93333673477173,0.05866666726603907,0.05857378046341555
2020,MOZ.2.11_1,Xai-Xai,2027,2024.7886,5050.629274964333,2.4916769980090443,2.494398285191348
2020,MOZ.3.1_1,Funhalouro,13548,13537.0113,28.0,0.002066725715972837,0.0020684033828636634
2020,MOZ.3.2_1,Govuro,3994,3997.747,184.00000095367432,0.04606910389425997,0.04602592390234016
2020,MOZ.3.3_1,Homoine,2187,2202.4336,2235.3217735290527,1.0220950038998868,1.0149326545804045
2020,MOZ.3.4_1,Inharrime,2769,2770.6697,617.3166704177856,0.22293848696922558,0.22280413773153995
2020,MOZ.3.5_1,Inhassoro,4734,4729.6457,1719.4598636627197,0.36321501133559775,0.3635494044893703
2020,MOZ.3.6_1,Jangamo,1488,1484.8836,2571.1376173496246,1.7279150654231348,1.7315415319085758
2020,MOZ.3.7_1,Mabote,15284,15279.1057,133.0,0.008701910494634913,0.008704697923213574
2020,MOZ.3.8_1,Massinga,7445,7448.4008,991.54762840271,0.13318302597752987,0.1331222171063925
2020,MOZ.3.9_1,Morrumbene,2602,2599.4672,879.5833358764648,0.3380412512976421,0.33837061914285466
2020,MOZ.3.10_1,Panda,6840,6831.0558,15.0,0.0021929824561403508,0.002195853808685955
2020,MOZ.3.11_1,Vilanculos,5818,5813.4347,937.1210370063782,0.16107271175771368,0.16119920312092068
2020,MOZ.3.12_1,Zavala,2016,2014.459,361.3166695833206,0.17922453848379,0.17936163545939346
2020,MOZ.4.1_1,Barue,5836,5830.8923,369.02143263816833,0.06323191100722556,0.06328729996974286
2020,MOZ.4.2_1,Gondola,5940,5937.2415,6643.767133235931,1.1184793153595844,1.118998979159825
2020,MOZ.4.3_1,Guro,6937,6935.2207,233.9166680574417,0.033720148199141084,0.033728799296275654
2020,MOZ.4.4_1,Machaze,13260,13263.2546,98.0,0.007390648567119155,0.007388835019371836
2020,MOZ.4.5_1,Macossa,9584,9573.5794,76.0,0.007929883138564273,0.007938514655847648
2020,MOZ.4.6_1,Manica,4441,4436.6048,2480.1194618940353,0.5584596851821741,0.5590129351508746
2020,MOZ.4.7_1,Mossurize,5062,5058.9724,122.6666669845581,0.024232846105207054,0.024247348456152125
2020,MOZ.4.8_1,Sussundenga,7142,7148.8821,531.3333368301392,0.0743955946275748,0.07432397575951762
2020,MOZ.4.9_1,Tambara,4311,4319.7613,63.0,0.014613778705636743,0.014584139314896355
2020,MOZ.6.1_1,Boane,833,829.5281,13329.432943940163,16.001720220816523,16.068694548421483
2020,MOZ.6.2_1,Magude,6943,6945.6062,1088.6170790195465,0.15679347242107827,0.15673463881381328
2020,MOZ.6.3_1,Manhiça,2369,2368.3669,5814.853489995003,2.4545603587990725,2.4552164506499405
2020,MOZ.6.4_1,Marracuene,693,689.3484,9828.559706687927,14.182625839376518,14.257753432193095
2020,MOZ.6.5_1,Matutuíne,5359,5371.4282,2707.9345531463623,0.5053059438601161,0.5041367828522156
2020,MOZ.6.6_1,Moamba,4542,4550.2827,6563.147702932358,1.4449906875676701,1.4423604420566651
2020,MOZ.6.7_1,Namaacha,2162,2148.9072,2415.839881300926,1.1174097508329908,1.1242178878700284
2020,MOZ.5.1_1,Boane,165,167.9631,8778.561805725098,53.20340488318241,52.264813403093704
2020,MOZ.5.2_1,Maputo,538,533.6154,22904.779539346695,42.573939664213185,42.923758853574974
2020,MOZ.7.1_1,Angoche,3001,2995.9876,579.2841353416443,0.19303036832443995,0.1933533147131856
2020,MOZ.7.2_1,Erati,2706,2710.6135,39.0,0.014412416851441241,0.014387886742916217
2020,MOZ.7.3_1,Lalaua,4552,4540.6629,7.0,0.0015377855887521968,0.0015416251319582963
2020,MOZ.7.4_1,Malema,6044,6037.5257,478.35000133514404,0.0791446064419497,0.07922947616054131
2020,MOZ.7.5_1,Meconta,3695,3689.5498,909.6031823158264,0.24617136192579875,0.2465350048216486
2020,MOZ.7.6_1,Mecuburi,7189,7191.5197,31.0,0.004312143552649882,0.004310632701009447
2020,MOZ.7.7_1,Memba,3662,3655.7691,122.0,0.033315128345166575,0.03337191048915507
2020,MOZ.7.8_1,Mogovolas,4714,4715.0466,440.1142921447754,0.09336323549952809,0.09334251233136022
2020,MOZ.7.9_1,Moma,5773,5780.199,2344.611432790756,0.40613397415395047,0.4056281519181994
2020,MOZ.7.10_1,Monapo,3531,3529.0805,843.4107230901718,0.23885888504394556,0.23898880151017485
2020,MOZ.7.11_1,Mongincual,4369,4376.4091,92.0,0.021057450217441064,0.021021800582762356
2020,MOZ.7.12_1,Mossuril,3532,3536.1004,1173.1166763305664,0.33213948933481496,0.33175434429939493
2020,MOZ.7.13_1,Muecate,4090,4086.3671,158.6547622680664,0.038790895420065134,0.03882538185411276
2020,MOZ.7.14_1,Murrupula,3089,3088.6505,239.16666960716248,0.07742527342413806,0.07743403336024919
2020,MOZ.7.15_1,Nacala Velha,1437,1443.7967,5949.491176247597,4.140216545753373,4.120726339294786
2020,MOZ.7.16_1,Namapa,6508,6516.2117,259.71666860580444,0.0399072938853418,0.03985700274184042
2020,MOZ.7.17_1,Nampula,4003,4000.626,7204.215006828308,1.799703973726782,1.8007719347823108
2020,MOZ.7.18_1,Ribaue,6254,6269.8324,579.3500006198883,0.09263671260311614,0.09240278952997932
2020,MOZ.8.1_1,Cuamba,5350,5353.3997,1163.3990490436554,0.21745776617638418,0.21731966722328816
2020,MOZ.8.2_1,Lago,12284,12293.6026,75.83333587646484,0.006173342223743474,0.006168520192632465
2020,MOZ.8.3_1,Lichinga,6759,6759.4321,2445.5647884607315,0.36182346330237186,0.36180033175309995
2020,MOZ.8.4_1,Majune,11323,11335.6173,0.0,0.0,0.0
2020,MOZ.8.5_1,Mandimba,3165,3155.5137,0.0,0.0,0.0
2020,MOZ.8.6_1,Marrupa,17482,17480.3507,360.50000762939453,0.020621210824241766,0.020623156490958677
2020,MOZ.8.7_1,Maúa,8103,8100.1574,100.6666693687439,0.01242338261986226,0.012427742353835142
2020,MOZ.8.8_1,Mavago,9086,9077.586,18.0,0.001981069777679947,0.0019829060262629974
2020,MOZ.8.9_1,Mecanhelas,6589,6599.9521,472.37143075466156,0.07169091375848559,0.07157194802536715
2020,MOZ.8.10_1,Mecula,18047,18046.476,0.0,0.0,0.0
2020,MOZ.8.11_1,Metarica,4865,4850.8923,221.5,0.04552929085303186,0.045661702283754185
2020,MOZ.8.12_1,Muembe,5833,5831.8015,0.0,0.0,0.0
2020,MOZ.8.13_1,N'gauma,2995,2995.7859,1.0,0.000333889816360601,0.0003338022278132132
2020,MOZ.8.14_1,Nipepe,4989,4994.2774,0.0,0.0,0.0
2020,MOZ.8.15_1,Sanga,12365,12363.2882,1.0,8.087343307723413e-05,8.088463064772796e-05
2020,MOZ.9.1_1,Buzi,7482,7481.6756,1814.068281173706,0.24245766922931117,0.24246818144818527
2020,MOZ.9.2_1,Caia,3510,3507.0462,964.1387966871262,0.2746834178595801,0.27491476588947156
2020,MOZ.9.3_1,Chemba,3984,3983.8933,176.50000381469727,0.0443022097928457,0.04430339614615031
2020,MOZ.9.4_1,Cheringoma,7171,7174.2611,300.00000262260437,0.04183516979815986,0.04181615345746418
2020,MOZ.9.5_1,Chibabava,6767,6768.7895,314.58333349227905,0.046487857764486336,0.04647556759102575
2020,MOZ.9.6_1,Dondo,2984,2991.2235,12412.823882699013,4.159793526373663,4.149748006922205
2020,MOZ.9.7_1,Gorongosa,6752,6757.2519,421.76190733909607,0.06246473746135901,0.06241618833984622
2020,MOZ.9.8_1,Machanga,5714,5722.3008,81.0,0.014175708785439271,0.014155145451482231
2020,MOZ.9.9_1,Maringue,6176,6181.6455,118.0,0.01910621761658031,0.01908876863797575
2020,MOZ.9.10_1,Marromeu,5972,5967.5985,643.7098910808563,0.10778799247837514,0.10786749369459497
2020,MOZ.9.11_1,Muanza,7528,7520.2983,71.0,0.009431455897980872,0.00944111491528414
2020,MOZ.9.12_1,Nhamatanda,4020,4016.3144,1462.0912849903107,0.3637042997488335,0.36403805864743766
2020,MOZ.10.1_1,Angónia,3290,3289.6984,658.9904882907867,0.20030106027075584,0.2003194219851354
2020,MOZ.10.2_1,Cahora Bassa,8880,8872.9951,3265.496549129486,0.3677360978749421,0.3680264115920871
2020,MOZ.10.3_1,Changara,9132,9136.5315,8912.46970462799,0.9759603268317992,0.9754762705080533
2020,MOZ.10.4_1,Chifunde,9416,9410.3701,23.0,0.0024426508071367886,0.002444112150628064
2020,MOZ.10.5_1,Chiuta,6695,6699.1028,141.33333337306976,0.0211102813103913,0.02109735260199229
2020,MOZ.10.6_1,Macanga,7200,7187.6956,176.45000207424164,0.02450694473253356,0.02454889744582939
2020,MOZ.10.7_1,Magoe,8608,8620.3958,261.83333349227905,0.030417441158489666,0.030373702200265654
2020,MOZ.10.8_1,Maravia,16892,16893.7605,272.166672706604,0.016112163906381958,0.016110484881744457
2020,MOZ.10.9_1,Moatize,8888,8885.0823,8120.118749499321,0.9136047197906527,0.9139047327472409
2020,MOZ.10.10_1,Mutarara,6379,6378.5717,208.3833351135254,0.0326670849840924,0.032669278391498156
2020,MOZ.10.11_1,Tsangano,3629,3624.3899,97.6666669845581,0.026912831905361836,0.026947064112828767
2020,MOZ.10.12_1,Zumbu,11964,11971.0275,93.83333396911621,0.007842973417679389,0.007838369273080053
2020,MOZ.11.1_1,Alto Molocue,6315,6309.8954,927.6666822433472,0.14689892038691166,0.14701775884963095
2020,MOZ.11.2_1,Chinde,4123,4118.286,169.49999904632568,0.04111084138887356,0.04115789895064935
2020,MOZ.11.3_1,Gile,8975,8970.9551,154.16666984558105,0.017177344829591205,0.017185089951476787
2020,MOZ.11.4_1,Gurue,5636,5647.1391,386.64048051834106,0.06860193053909529,0.0684666119618831
2020,MOZ.11.5_1,Ile,5645,5651.6473,249.0,0.044109831709477416,0.044057951189487056
2020,MOZ.11.6_1,Inhassunge,764,763.9807,483.0762140750885,0.6322987095223671,0.6323147075121218
2020,MOZ.11.7_1,Lugela,6138,6131.5277,222.91667079925537,0.03631747650688422,0.03635581215466614
2020,MOZ.11.8_1,Maganja da Costa,7671,7673.5545,253.08333492279053,0.03299222199488861,0.03298123886167395
2020,MOZ.11.9_1,Milange,9792,9782.3032,479.7877048254013,0.04899792737187513,0.04904649685899857
2020,MOZ.11.10_1,Mocuba,8769,8769.0015,2622.5376567840576,0.29906918198016397,0.2990691310527039
2020,MOZ.11.11_1,Mopeia,7621,7619.7906,384.1833381652832,0.05041114527821588,0.05041914624916529
2020,MOZ.11.12_1,Morrumbala,12880,12880.5037,451.1575810909271,0.03502776250705956,0.03502639280055984
2020,MOZ.11.13_1,Namacurra,2036,2035.9376,383.3166742324829,0.1882694863617303,0.1882752590852949
2020,MOZ.11.14_1,Namarroi,3057,3062.8738,0.0,0.0,0.0
2020,MOZ.11.15_1,Nicoadala,3479,3486.7693,3964.1252722740173,1.13944388395344,1.1369049511341194
2020,MOZ.11.16_1,Pebane,10059,10061.99,275.78333282470703,0.02741657548709683,0.027408428449617057
2021,MOZ.1.1_1,Ancuabe,6256,6255.9618,969.4857187271118,0.15496894480932094,0.1549698908777477
2021,MOZ.1.2_1,Balama,5466,5468.3962,907.8333325386047,0.1660873275774981,0.16601454946932226
2021,MOZ.1.3_1,Chiúre,4742,4737.7771,0.0,0.0,0.0
2021,MOZ.1.4_1,Macomia,4799,4795.9992,28.0,0.005834548864346739,0.005838199519579797
2021,MOZ.1.5_1,Mecufi,512,514.5056,229.0,0.447265625,0.44508747884654165
2021,MOZ.1.6_1,Meluco,5725,5726.2891,11.0,0.0019213973799126639,0.0019209648445692403
2021,MOZ.1.7_1,Mocimboa da Praia,3456,3464.342,6.0,0.001736111111111111,0.0017319306150212913
2021,MOZ.1.8_1,Montepuez,17757,17758.3815,2824.1693551540375,0.15904541055099608,0.15903303776374736
2021,MOZ.1.9_1,Mueda,11284,11294.0996,1.0,8.862105636299185e-05,8.854180822966629e-05
2021,MOZ.1.10_1,Muidumbe,2018,2014.9393,0.0,0.0,0.0
2021,MOZ.1.11_1,Namuno,5982,5973.1312,46.0,0.007689735874289535,0.00770115347579533
2021,MOZ.1.12_1,Nangade,2881,2877.2767,58.0,0.020131898646303367,0.0201579503869836
2021,MOZ.1.13_1,Palma,3526,3522.4867,703.0,0.19937606352807713,0.19957491810962047
2021,MOZ.1.14_1,Pemba,1692,1691.1708,2610.715859055519,1.542976276037541,1.54373283475822
2021,MOZ.1.15_1,Quissanga,1675,1679.0074,0.0,0.0,0.0
2021,MOZ.2.1_1,Bilene,2162,2163.0664,3553.426557779312,1.6435830517018095,1.6427727814886295
2021,MOZ.2.2_1,Chibuto,5614,5607.7882,1522.210037469864,0.2711453575828044,0.27144570794042566
2021,MOZ.2.3_1,Chicualacuala,18112,18092.3523,359.0000009536743,0.019821113126859226,0.019842638227318486
2021,MOZ.2.4_1,Chigubo,15000,14995.8184,0.0,0.0,0.0
2021,MOZ.2.5_1,Chókwè,2440,2444.1617,3869.820204138756,1.585991886942113,1.5832913826701165
2021,MOZ.2.6_1,Guijá,4207,4202.4869,767.2000036239624,0.18236272964677025,0.18255857201672576
2021,MOZ.2.7_1,Mabalane,8937,8948.3005,144.50000047683716,0.016168736765898754,0.016148317801377206
2021,MOZ.2.8_1,Mandlakazi,3688,3693.0919,682.3690519332886,0.1850241464027355,0.18476904374563777
2021,MOZ.2.9_1,Massangena,7598,7603.3051,0.0,0.0,0.0
2021,MOZ.2.10_1,Massingir,5675,5683.9995,324.93333673477173,0.057256975636083125,0.0571663207950537
2021,MOZ.2.11_1,Xai-Xai,2027,2024.7886,5286.284082531929,2.607934919848016,2.6107831782199225
2021,MOZ.3.1_1,Funhalouro,13548,13537.0113,36.0,0.002657218777679362,0.002659375777967567
2021,MOZ.3.2_1,Govuro,3994,3997.747,200.00000095367432,0.05007511290778025,0.050028178133973825
2021,MOZ.3.3_1,Homoine,2187,2202.4336,2548.7614126205444,1.1654144547876288,1.157247791810788
2021,MOZ.3.4_1,Inharrime,2769,2770.6697,623.2333374023438,0.22507523922078143,0.22493960231383767
2021,MOZ.3.5_1,Inhassoro,4734,4729.6457,1773.9598641395569,0.3747274744696994,0.375072466548998
2021,MOZ.3.6_1,Jangamo,1488,1484.8836,2700.7351393699646,1.815010174307772,1.818819431891998
2021,MOZ.3.7_1,Mabote,15284,15279.1057,135.0,0.008832766291546716,0.008835595636344605
2021,MOZ.3.8_1,Massinga,7445,7448.4008,1061.626205444336,0.14259586372657299,0.14253075713030497
2021,MOZ.3.9_1,Morrumbene,2602,2599.4672,900.6833362579346,0.34615039825439453,0.3464876671834227
2021,MOZ.3.10_1,Panda,6840,6831.0558,27.0,0.003947368421052632,0.003952536855634719
2021,MOZ.3.11_1,Vilanculos,5818,5813.4347,1039.1210374832153,0.17860450970835604,0.17874476889727384
2021,MOZ.3.12_1,Zavala,2016,2014.459,381.9833365678787,0.18947586139279698,0.1896208000700929
2021,MOZ.4.1_1,Barue,5836,5830.8923,401.02143263816833,0.0687151186837163,0.06877531074611831
2021,MOZ.4.2_1,Gondola,5940,5937.2415,7413.310192465782,1.2480320189336334,1.2486118750408268
2021,MOZ.4.3_1,Guro,6937,6935.2207,237.9166680574417,0.03429676633378142,0.0343055653656007
2021,MOZ.4.4_1,Machaze,13260,13263.2546,113.0,0.008521870286576168,0.008519779154989974
2021,MOZ.4.5_1,Macossa,9584,9573.5794,74.0,0.0077212020033388985,0.007729606375430604
2021,MOZ.4.6_1,Manica,4441,4436.6048,2764.8599408864975,0.6225759830863539,0.623192751229687
2021,MOZ.4.7_1,Mossurize,5062,5058.9724,124.6666669845581,0.02462794685589848,0.024642685658217044
2021,MOZ.4.8_1,Sussundenga,7142,7148.8821,657.0000057220459,0.09199103972585353,0.09190248214163703
2021,MOZ.4.9_1,Tambara,4311,4319.7613,66.0,0.015309672929714684,0.01527862213941523
2021,MOZ.6.1_1,Boane,833,829.5281,14529.993394970894,17.44296926166974,17.515975858561404
2021,MOZ.6.2_1,Magude,6943,6945.6062,998.1170790195465,0.14375876120114453,0.1437048186079561
2021,MOZ.6.3_1,Manhiça,2369,2368.3669,6039.492389798164,2.549384714984451,2.550066152917005
2021,MOZ.6.4_1,Marracuene,693,689.3484,11076.18201637268,15.98294663257241,16.06761080690938
2021,MOZ.6.5_1,Matutuíne,5359,5371.4282,3188.39289021492,0.594960419894555,0.5935838191784205
2021,MOZ.6.6_1,Moamba,4542,4550.2827,7091.231031179428,1.5612573824701514,1.5584155024102337
2021,MOZ.6.7_1,Namaacha,2162,2148.9072,2727.0936377048492,1.2613754105942874,1.269060699400899
2021,MOZ.5.1_1,Boane,165,167.9631,9412.710136413574,57.046728099476205,56.040334371881706
2021,MOZ.5.2_1,Maputo,538,533.6154,24066.437170267105,44.73315459157455,45.1007154985576
2021,MOZ.7.1_1,Angoche,3001,2995.9876,543.2841353416443,0.1810343669915509,0.18133724366099035
2021,MOZ.7.2_1,Erati,2706,2710.6135,40.0,0.014781966001478197,0.014756806915811506
2021,MOZ.7.3_1,Lalaua,4552,4540.6629,26.0,0.0057117750439367315,0.005726036204416529
2021,MOZ.7.4_1,Malema,6044,6037.5257,554.2000064849854,0.09169424329665542,0.0917925704597422
2021,MOZ.7.5_1,Meconta,3695,3689.5498,913.3888974189758,0.24719591269796368,0.24756106905422104
2021,MOZ.7.6_1,Mecuburi,7189,7191.5197,38.0,0.00528585338711921,0.005284001375430935
2021,MOZ.7.7_1,Memba,3662,3655.7691,130.0,0.0354997269251775,0.03556023248844393
2021,MOZ.7.8_1,Mogovolas,4714,4715.0466,440.1142921447754,0.09336323549952809,0.09334251233136022
2021,MOZ.7.9_1,Moma,5773,5780.199,2551.5447680950165,0.44197900018967895,0.4414285345299254
2021,MOZ.7.10_1,Monapo,3531,3529.0805,1016.3845371007919,0.2878460881055769,0.2880026489409744
2021,MOZ.7.11_1,Mongincual,4369,4376.4091,80.0,0.018310826276035707,0.018279826593706396
2021,MOZ.7.12_1,Mossuril,3532,3536.1004,1195.1166763305664,0.3383682549067289,0.337975887068198
2021,MOZ.7.13_1,Muecate,4090,4086.3671,169.6547622680664,0.041480381972632374,0.04151725945230069
2021,MOZ.7.14_1,Murrupula,3089,3088.6505,249.16666960716248,0.08066256704666963,0.08067169325188195
2021,MOZ.7.15_1,Nacala Velha,1437,1443.7967,5949.491176247597,4.140216545753373,4.120726339294786
2021,MOZ.7.16_1,Namapa,6508,6516.2117,263.21666860580444,0.04044509351656491,0.040394124638349
2021,MOZ.7.17_1,Nampula,4003,4000.626,7941.175193309784,1.983805943869544,1.9849831527442858
2021,MOZ.7.18_1,Ribaue,6254,6269.8324,593.3500006198883,0.0948752799200333,0.09463570409291287
2021,MOZ.8.1_1,Cuamba,5350,5353.3997,1135.3823864459991,0.2122210068123363,0.21208623352103892
2021,MOZ.8.2_1,Lago,12284,12293.6026,113.83333587646484,0.009266797124427292,0.009259558778906524
2021,MOZ.8.3_1,Lichinga,6759,6759.4321,2548.29942715168,0.3770231435347951,0.3769990402626034
2021,MOZ.8.4_1,Majune,11323,11335.6173,0.0,0.0,0.0
2021,MOZ.8.5_1,Mandimba,3165,3155.5137,0.0,0.0,0.0
2021,MOZ.8.6_1,Marrupa,17482,17480.3507,341.50000762939453,0.019534378654009525,0.019536221775187355
2021,MOZ.8.7_1,Maúa,8103,8100.1574,136.6666693687439,0.01686618158320917,0.016872100427302687
2021,MOZ.8.8_1,Mavago,9086,9077.586,3.0,0.0003301782962799912,0.00033048433771049957
2021,MOZ.8.9_1,Mecanhelas,6589,6599.9521,478.62143075466156,0.07263946437314639,0.0725189245909141
2021,MOZ.8.10_1,Mecula,18047,18046.476,4.0,0.0002216434864520419,0.00022164992234051457
2021,MOZ.8.11_1,Metarica,4865,4850.8923,221.5,0.04552929085303186,0.045661702283754185
2021,MOZ.8.12_1,Muembe,5833,5831.8015,17.0,0.002914452254414538,0.0029150512019360765
2021,MOZ.8.13_1,N'gauma,2995,2995.7859,18.0,0.006010016694490818,0.006008440100637838
2021,MOZ.8.14_1,Nipepe,4989,4994.2774,0.0,0.0,0.0
2021,MOZ.8.15_1,Sanga,12365,12363.2882,3.0,0.00024262029923170238,0.0002426538919431839
2021,MOZ.9.1_1,Buzi,7482,7481.6756,1905.9016151428223,0.25473157112307165,0.2547426155005843
2021,MOZ.9.2_1,Caia,3510,3507.0462,981.3887995481491,0.27959794858921627,0.27983343580963843
2021,MOZ.9.3_1,Chemba,3984,3983.8933,176.50000381469727,0.0443022097928457,0.04430339614615031
2021,MOZ.9.4_1,Cheringoma,7171,7174.2611,301.00000262260437,0.04197462036293465,0.0419555406344372
2021,MOZ.9.5_1,Chibabava,6767,6768.7895,404.2500010728836,0.059738436688766605,0.059722643408876425
2021,MOZ.9.6_1,Dondo,2984,2991.2235,13050.082966566086,4.373352200591852,4.362790956549188
2021,MOZ.9.7_1,Gorongosa,6752,6757.2519,447.76190733909607,0.06631544836183295,0.06626390637364024
2021,MOZ.9.8_1,Machanga,5714,5722.3008,98.0,0.017150857542877145,0.01712597844747233
2021,MOZ.9.9_1,Maringue,6176,6181.6455,131.0,0.021211139896373056,0.021191768572667996
2021,MOZ.9.10_1,Marromeu,5972,5967.5985,660.7098910808563,0.11063461002693509,0.11071621082356291
2021,MOZ.9.11_1,Muanza,7528,7520.2983,81.0,0.010759829968119023,0.010770849410394582
2021,MOZ.9.12_1,Nhamatanda,4020,4016.3144,1466.5079507827759,0.3648029728315363,0.365137739944556
2021,MOZ.10.1_1,Angónia,3290,3289.6984,654.9904882907867,0.19908525479963124,0.19910350506041802
2021,MOZ.10.2_1,Cahora Bassa,8880,8872.9951,3319.5000071525574,0.37381756837303576,0.3741126831807351
2021,MOZ.10.3_1,Changara,9132,9136.5315,9117.226347208023,0.9983822106009662,0.9978870334823167
2021,MOZ.10.4_1,Chifunde,9416,9410.3701,29.0,0.0030798640611724723,0.00308170662470495
2021,MOZ.10.5_1,Chiuta,6695,6699.1028,121.33333337306976,0.018122977352213555,0.01811187817802144
2021,MOZ.10.6_1,Macanga,7200,7187.6956,181.45000207424164,0.025201389176978006,0.025244530689163117
2021,MOZ.10.7_1,Magoe,8608,8620.3958,256.83333349227905,0.029836586139902307,0.029793682425946863
2021,MOZ.10.8_1,Maravia,16892,16893.7605,294.166672706604,0.017414555571075303,0.017412740826139434
2021,MOZ.10.9_1,Moatize,8888,8885.0823,8262.419124484062,0.9296151130157586,0.9299203835255354
2021,MOZ.10.10_1,Mutarara,6379,6378.5717,208.3833351135254,0.0326670849840924,0.032669278391498156
2021,MOZ.10.11_1,Tsangano,3629,3624.3899,115.6666669845581,0.03187287599464263,0.031913417209608524
2021,MOZ.10.12_1,Zumbu,11964,11971.0275,104.83333396911621,0.00876239835917053,0.00875725447471063
2021,MOZ.11.1_1,Alto Molocue,6315,6309.8954,946.6666822433472,0.14990762980892275,0.15002890226095617
2021,MOZ.11.2_1,Chinde,4123,4118.286,203.49999904632568,0.04935726389675617,0.04941376073351354
2021,MOZ.11.3_1,Gile,8975,8970.9551,159.16666984558105,0.017734447893658058,0.017742444208680694
2021,MOZ.11.4_1,Gurue,5636,5647.1391,445.6881046295166,0.07907879784058137,0.07892281344878149
2021,MOZ.11.5_1,Ile,5645,5651.6473,272.0,0.04818423383525244,0.04812756113871678
2021,MOZ.11.6_1,Inhassunge,764,763.9807,508.6428818702698,0.6657629343851699,0.6657797790638683
2021,MOZ.11.7_1,Lugela,6138,6131.5277,240.7833375930786,0.03922830524488084,0.03926971347688353
2021,MOZ.11.8_1,Maganja da Costa,7671,7673.5545,258.25000286102295,0.03366575451193103,0.03365454715928186
2021,MOZ.11.9_1,Milange,9792,9782.3032,418.45437157154083,0.04273431082225703,0.042776671462197116
2021,MOZ.11.10_1,Mocuba,8769,8769.0015,2717.168365955353,0.3098606871884311,0.30986063442332284
2021,MOZ.11.11_1,Mopeia,7621,7619.7906,434.11667251586914,0.056963216443494176,0.05697225732200297
2021,MOZ.11.12_1,Morrumbala,12880,12880.5037,469.1575810909271,0.03642527803500987,0.03642385368082599
2021,MOZ.11.13_1,Namacurra,2036,2035.9376,389.3166742324829,0.19121644117508985,0.19122230425825454
2021,MOZ.11.14_1,Namarroi,3057,3062.8738,0.0,0.0,0.0
2021,MOZ.11.15_1,Nicoadala,3479,3486.7693,4242.491638660431,1.2194572114574391,1.2167399912594739
2021,MOZ.11.16_1,Pebane,10059,10061.99,287.4833335876465,0.02857971305175927,0.028571220379379255
2022,MOZ.1.1_1,Ancuabe,6256,6255.9618,1025.8190512657166,0.16397363351434088,0.16397463455540548
2022,MOZ.1.2_1,Balama,5466,5468.3962,969.6666660308838,0.17739968277184115,0.17732194768216605
2022,MOZ.1.3_1,Chiúre,4742,4737.7771,0.0,0.0,0.0
2022,MOZ.1.4_1,Macomia,4799,4795.9992,54.0,0.011252344238382997,0.011259384787761038
2022,MOZ.1.5_1,Mecufi,512,514.5056,263.0,0.513671875,0.5111703359678622
2022,MOZ.1.6_1,Meluco,5725,5726.2891,11.0,0.0019213973799126639,0.0019209648445692403
2022,MOZ.1.7_1,Mocimboa da Praia,3456,3464.342,17.0,0.004918981481481482,0.004907136742560325
2022,MOZ.1.8_1,Montepuez,17757,17758.3815,3371.3892090320587,0.18986254485735535,0.18984777468029784
2022,MOZ.1.9_1,Mueda,11284,11294.0996,117.0,0.010368663594470046,0.010359391562870955
2022,MOZ.1.10_1,Muidumbe,2018,2014.9393,0.0,0.0,0.0
2022,MOZ.1.11_1,Namuno,5982,5973.1312,53.0,0.008859913072550987,0.008873068135155489
2022,MOZ.1.12_1,Nangade,2881,2877.2767,72.0,0.024991322457480043,0.02502366254935895
2022,MOZ.1.13_1,Palma,3526,3522.4867,849.0,0.24078275666477594,0.24102290963736525
2022,MOZ.1.14_1,Pemba,1692,1691.1708,2861.548097729683,1.6912222799820822,1.6920515273168586
2022,MOZ.1.15_1,Quissanga,1675,1679.0074,0.0,0.0,0.0
2022,MOZ.2.1_1,Bilene,2162,2163.0664,3933.6756999492645,1.8194614708368475,1.8185644942999324
2022,MOZ.2.2_1,Chibuto,5614,5607.7882,1794.376704454422,0.31962534813936977,0.31997940025545357
2022,MOZ.2.3_1,Chicualacuala,18112,18092.3523,421.18333530426025,0.023254380261940166,0.02327963378166191
2022,MOZ.2.4_1,Chigubo,15000,14995.8184,2.0,0.00013333333333333334,0.00013337051390971305
2022,MOZ.2.5_1,Chókwè,2440,2444.1617,4011.059499025345,1.6438768438628462,1.641077777564943
2022,MOZ.2.6_1,Guijá,4207,4202.4869,817.7000045776367,0.1943665330586253,0.19457526651281287
2022,MOZ.2.7_1,Mabalane,8937,8948.3005,144.50000047683716,0.016168736765898754,0.016148317801377206
2022,MOZ.2.8_1,Mandlakazi,3688,3693.0919,735.6404824256897,0.19946867744731284,0.19919365934500619
2022,MOZ.2.9_1,Massangena,7598,7603.3051,10.0,0.0013161358252171624,0.0013152175087603121
2022,MOZ.2.10_1,Massingir,5675,5683.9995,336.93333673477173,0.05937151308101705,0.059277510297596474
2022,MOZ.2.11_1,Xai-Xai,2027,2024.7886,5721.217071771622,2.8225047221369617,2.825587323103492
2022,MOZ.3.1_1,Funhalouro,13548,13537.0113,47.0,0.003469146737525834,0.003471962821235435
2022,MOZ.3.2_1,Govuro,3994,3997.747,327.0000009536743,0.08187280945259748,0.08179607109756609
2022,MOZ.3.3_1,Homoine,2187,2202.4336,2765.20330286026,1.2643819400366987,1.255521760607943
2022,MOZ.3.4_1,Inharrime,2769,2770.6697,624.2333374023438,0.22543638042699304,0.2253005258858202
2022,MOZ.3.5_1,Inhassoro,4734,4729.6457,1862.3598670959473,0.39340090137218997,0.3937630851035921
2022,MOZ.3.6_1,Jangamo,1488,1484.8836,2786.499435901642,1.8726474703640066,1.8765776943815036
2022,MOZ.3.7_1,Mabote,15284,15279.1057,142.0,0.009290761580738027,0.009293737632303215
2022,MOZ.3.8_1,Massinga,7445,7448.4008,1117.509539604187,0.15010202009458523,0.15003348632813565
2022,MOZ.3.9_1,Morrumbene,2602,2599.4672,931.6833367347717,0.35806431081274853,0.35841318796915234
2022,MOZ.3.10_1,Panda,6840,6831.0558,27.0,0.003947368421052632,0.003952536855634719
2022,MOZ.3.11_1,Vilanculos,5818,5813.4347,1237.8329458236694,0.21275918628801468,0.21292626734857859
2022,MOZ.3.12_1,Zavala,2016,2014.459,418.53333485126495,0.2076058208587624,0.20776462796407394
2022,MOZ.4.1_1,Barue,5836,5830.8923,445.52143263816833,0.07634020435883625,0.0764070757320154
2022,MOZ.4.2_1,Gondola,5940,5937.2415,8220.829126119614,1.3839779673602044,1.3846209861805714
2022,MOZ.4.3_1,Guro,6937,6935.2207,244.9166680574417,0.035305848069402006,0.03531490598691953
2022,MOZ.4.4_1,Machaze,13260,13263.2546,123.0,0.009276018099547511,0.009273741912068732
2022,MOZ.4.5_1,Macossa,9584,9573.5794,74.0,0.0077212020033388985,0.007729606375430604
2022,MOZ.4.6_1,Manica,4441,4436.6048,3181.5778102874756,0.7164102252392425,0.7171199522709457
2022,MOZ.4.7_1,Mossurize,5062,5058.9724,141.16666746139526,0.027887528143302108,0.02790421766950835
2022,MOZ.4.8_1,Sussundenga,7142,7148.8821,726.9333410263062,0.1017828816894856,0.10168489773209284
2022,MOZ.4.9_1,Tambara,4311,4319.7613,69.0,0.016005567153792623,0.015973104963934105
2022,MOZ.6.1_1,Boane,833,829.5281,15703.660044312477,18.851932826305493,18.930836563383288
2022,MOZ.6.2_1,Magude,6943,6945.6062,1004.1170790195465,0.1446229409505324,0.14456867409121735
2022,MOZ.6.3_1,Manhiça,2369,2368.3669,6586.784476876259,2.7804071240507637,2.7811503131313033
2022,MOZ.6.4_1,Marracuene,693,689.3484,12116.812992095947,17.484578632173083,17.57719718665827
2022,MOZ.6.5_1,Matutuíne,5359,5371.4282,3500.5000388622284,0.6532002311741423,0.6516888770135195
2022,MOZ.6.6_1,Moamba,4542,4550.2827,7767.234018802643,1.7100911534131755,1.706978358556867
2022,MOZ.6.7_1,Namaacha,2162,2148.9072,2871.060305595398,1.327964988712025,1.3360559934815823
2022,MOZ.5.1_1,Boane,165,167.9631,9834.171863555908,59.60104159730854,58.54958577468825
2022,MOZ.5.2_1,Maputo,538,533.6154,24638.5935151577,45.79664222148271,46.1729415347191
2022,MOZ.7.1_1,Angoche,3001,2995.9876,547.2841353416443,0.1823672560285386,0.18267236266678982
2022,MOZ.7.2_1,Erati,2706,2710.6135,41.0,0.015151515151515152,0.015125727088706792
2022,MOZ.7.3_1,Lalaua,4552,4540.6629,31.0,0.006810193321616872,0.006827197012958169
2022,MOZ.7.4_1,Malema,6044,6037.5257,604.7500095367432,0.10005791024764116,0.1001652060832937
2022,MOZ.7.5_1,Meconta,3695,3689.5498,950.5353298187256,0.2572490743758391,0.25762908120372074
2022,MOZ.7.6_1,Mecuburi,7189,7191.5197,62.0,0.008624287105299763,0.008621265402018893
2022,MOZ.7.7_1,Memba,3662,3655.7691,131.0,0.03577280174767886,0.03583377273835504
2022,MOZ.7.8_1,Mogovolas,4714,4715.0466,445.1142921447754,0.09442390584318527,0.09440294724562398
2022,MOZ.7.9_1,Moma,5773,5780.199,2672.6977088451385,0.46296513231337927,0.46238852933701075
2022,MOZ.7.10_1,Monapo,3531,3529.0805,1019.3845371007919,0.28869570577762443,0.2888527287240528
2022,MOZ.7.11_1,Mongincual,4369,4376.4091,80.0,0.018310826276035707,0.018279826593706396
2022,MOZ.7.12_1,Mossuril,3532,3536.1004,1340.4666765928268,0.3795205766117856,0.3790804890262519
2022,MOZ.7.13_1,Muecate,4090,4086.3671,189.6547622680664,0.046370357522754625,0.04641158235809694
2022,MOZ.7.14_1,Murrupula,3089,3088.6505,249.16666960716248,0.08066256704666963,0.08067169325188195
2022,MOZ.7.15_1,Nacala Velha,1437,1443.7967,6088.242445588112,4.23677275267092,4.216828004671599
2022,MOZ.7.16_1,Namapa,6508,6516.2117,266.21666860580444,0.040906064629041866,0.04085451483535636
2022,MOZ.7.17_1,Nampula,4003,4000.626,8652.339166164398,2.1614636937707714,2.1627463264045743
2022,MOZ.7.18_1,Ribaue,6254,6269.8324,617.0166676044464,0.09865952472089005,0.09841039304762134
2022,MOZ.8.1_1,Cuamba,5350,5353.3997,1268.9609649181366,0.2371889654052592,0.23703833593644624
2022,MOZ.8.2_1,Lago,12284,12293.6026,148.33333587646484,0.012075328547416546,0.012065896442760602
2022,MOZ.8.3_1,Lichinga,6759,6759.4321,2867.4053859710693,0.42423515105356846,0.42420802949486713
2022,MOZ.8.4_1,Majune,11323,11335.6173,0.0,0.0,0.0
2022,MOZ.8.5_1,Mandimba,3165,3155.5137,79.0,0.024960505529225907,0.025035543040260424
2022,MOZ.8.6_1,Marrupa,17482,17480.3507,341.50000762939453,0.019534378654009525,0.019536221775187355
2022,MOZ.8.7_1,Maúa,8103,8100.1574,162.33333706855774,0.020033732823467574,0.02004076325537703
2022,MOZ.8.8_1,Mavago,9086,9077.586,3.0,0.0003301782962799912,0.00033048433771049957
2022,MOZ.8.9_1,Mecanhelas,6589,6599.9521,524.8714307546616,0.0796587389216363,0.07952655117596147
2022,MOZ.8.10_1,Mecula,18047,18046.476,4.0,0.0002216434864520419,0.00022164992234051457
2022,MOZ.8.11_1,Metarica,4865,4850.8923,234.1666669845581,0.04813292229898419,0.04827290579064516
2022,MOZ.8.12_1,Muembe,5833,5831.8015,20.0,0.0034287673581347507,0.0034294720022777373
2022,MOZ.8.13_1,N'gauma,2995,2995.7859,18.0,0.006010016694490818,0.006008440100637838
2022,MOZ.8.14_1,Nipepe,4989,4994.2774,0.0,0.0,0.0
2022,MOZ.8.15_1,Sanga,12365,12363.2882,3.0,0.00024262029923170238,0.0002426538919431839
2022,MOZ.9.1_1,Buzi,7482,7481.6756,2002.9682812690735,0.2677049293329422,0.267716536195368
2022,MOZ.9.2_1,Caia,3510,3507.0462,1017.9554699659348,0.2900158034090982,0.2902600649130467
2022,MOZ.9.3_1,Chemba,3984,3983.8933,180.50000381469727,0.04530622585710273,0.04530743909660063
2022,MOZ.9.4_1,Cheringoma,7171,7174.2611,302.00000262260437,0.042114070927709434,0.04209492781141022
2022,MOZ.9.5_1,Chibabava,6767,6768.7895,412.2500010728836,0.06092064446178271,0.06090453863708416
2022,MOZ.9.6_1,Dondo,2984,2991.2235,13815.709023237228,4.629929297331511,4.618748443156816
2022,MOZ.9.7_1,Gorongosa,6752,6757.2519,464.76190733909607,0.0688332208736813,0.06877972201112094
2022,MOZ.9.8_1,Machanga,5714,5722.3008,100.0,0.01750087504375219,0.01747548821170646
2022,MOZ.9.9_1,Maringue,6176,6181.6455,146.0,0.023639896373056996,0.02361830695885135
2022,MOZ.9.10_1,Marromeu,5972,5967.5985,667.7098910808563,0.11180674666457742,0.1118892119943144
2022,MOZ.9.11_1,Muanza,7528,7520.2983,91.0,0.012088204038257173,0.012100583905505025
2022,MOZ.9.12_1,Nhamatanda,4020,4016.3144,1510.9746177196503,0.37586433276608217,0.3762092505078169
2022,MOZ.10.1_1,Angónia,3290,3289.6984,682.4904907941818,0.20744391817452335,0.20746293467883015
2022,MOZ.10.2_1,Cahora Bassa,8880,8872.9951,3583.9154300689697,0.40359407996272184,0.4039127021982021
2022,MOZ.10.3_1,Changara,9132,9136.5315,9693.383860707283,1.0614743605680337,1.060947891035819
2022,MOZ.10.4_1,Chifunde,9416,9410.3701,80.0,0.008496176720475786,0.008501259654358483
2022,MOZ.10.5_1,Chiuta,6695,6699.1028,124.33333337306976,0.01857107294594022,0.018559699341617067
2022,MOZ.10.6_1,Macanga,7200,7187.6956,200.70000207424164,0.027875000288089116,0.02792271867599795
2022,MOZ.10.7_1,Magoe,8608,8620.3958,320.1666667461395,0.03719408303277643,0.03714059955809904
2022,MOZ.10.8_1,Maravia,16892,16893.7605,345.0666742324829,0.020427816376538177,0.020425687624175317
2022,MOZ.10.9_1,Moatize,8888,8885.0823,8716.72068977356,0.9807291505145769,0.9810512060443749
2022,MOZ.10.10_1,Mutarara,6379,6378.5717,214.3833351135254,0.03360767128288531,0.03360992784526662
2022,MOZ.10.11_1,Tsangano,3629,3624.3899,118.6666669845581,0.032699550009522765,0.03274114272573849
2022,MOZ.10.12_1,Zumbu,11964,11971.0275,104.83333396911621,0.00876239835917053,0.00875725447471063
2022,MOZ.11.1_1,Alto Molocue,6315,6309.8954,1143.5833597183228,0.1810900015389268,0.18123649994299973
2022,MOZ.11.2_1,Chinde,4123,4118.286,208.69999933242798,0.05061848152617705,0.05067642201683457
2022,MOZ.11.3_1,Gile,8975,8970.9551,186.50000381469727,0.0207799447147295,0.02078931421893332
2022,MOZ.11.4_1,Gurue,5636,5647.1391,482.70476949214935,0.08564669437405063,0.08547775468482396
2022,MOZ.11.5_1,Ile,5645,5651.6473,275.0,0.048715677590788306,0.04865837982774675
2022,MOZ.11.6_1,Inhassunge,764,763.9807,516.6428818702698,0.6762341385736516,0.676251248187601
2022,MOZ.11.7_1,Lugela,6138,6131.5277,261.0666732788086,0.042532856513328214,0.04257775293134186
2022,MOZ.11.8_1,Maganja da Costa,7671,7673.5545,315.9500036239624,0.04118759009568015,0.041173878718832546
2022,MOZ.11.9_1,Milange,9792,9782.3032,473.22104012966156,0.04832731210474485,0.04837521684049351
2022,MOZ.11.10_1,Mocuba,8769,8769.0015,2779.835036754608,0.317007074552926,0.31700702057088403
2022,MOZ.11.11_1,Mopeia,7621,7619.7906,449.0000066757202,0.05891615361182525,0.05892550444944057
2022,MOZ.11.12_1,Morrumbala,12880,12880.5037,476.1575810909271,0.03696875629587944,0.036967310689818386
2022,MOZ.11.13_1,Namacurra,2036,2035.9376,404.3166742324829,0.19858382820848866,0.19858991719065355
2022,MOZ.11.14_1,Namarroi,3057,3062.8738,0.0,0.0,0.0
2022,MOZ.11.15_1,Nicoadala,3479,3486.7693,4446.183911323547,1.2780062981671594,1.275158617663178
2022,MOZ.11.16_1,Pebane,10059,10061.99,302.2333335876465,0.030046061595352072,0.030037133186694612
